====================================================
The discriminant is -3 with class number 1 and embedding i
Kappa_eta of 3/4
	m - Q(x) = 0
	m - Q(x) = 0
Kappa_0 of 29

	 Sgcd = 17

	 mu_minus = 0, m - Q(x) = 2
	 adding 0 log 2

	 mu_minus = 0, m - Q(x) = 17
	 adding 18 log 3

	 mu_minus = 0, m - Q(x) = 26
	 adding 0 log 2

	 mu_minus = 0, m - Q(x) = 29
	 adding 0 log 3

	 mu_minus = 0, m - Q(x) = 26
	 adding 0 log 2

	 mu_minus = 0, m - Q(x) = 17
	 adding 18 log 3

	 mu_minus = 0, m - Q(x) = 2
	 adding 0 log 2
Kappa_0 of 2

	 Sgcd = 17

	 mu_minus = 0, m - Q(x) = 2
	 adding 0 log 2
Kappa_0 of 3

	 Sgcd = 17

	 mu_minus = 0, m - Q(x) = 0

	 mu_minus = 0, m - Q(x) = 3
	 adding 2 log 17

	 mu_minus = 0, m - Q(x) = 0
Kappa_0 of 4

	 Sgcd = 17

	 mu_minus = 0, m - Q(x) = 1
	 adding 2 log 17

	 mu_minus = 0, m - Q(x) = 4
	 adding 2 log 17

	 mu_minus = 0, m - Q(x) = 1
	 adding 2 log 17
Kappa_0 of 5

	 Sgcd = 17

	 mu_minus = 0, m - Q(x) = 2
	 adding 0 log 2

	 mu_minus = 0, m - Q(x) = 5
	 adding 0 log 3

	 mu_minus = 0, m - Q(x) = 2
	 adding 0 log 2
Kappa_0 of 6

	 Sgcd = 17

	 mu_minus = 0, m - Q(x) = 3
	 adding 2 log 17

	 mu_minus = 0, m - Q(x) = 6
	 adding 0 log 2

	 mu_minus = 0, m - Q(x) = 3
	 adding 2 log 17
Kappa_0 of 8

	 Sgcd = 17

	 mu_minus = 0, m - Q(x) = 5
	 adding 0 log 3

	 mu_minus = 0, m - Q(x) = 8
	 adding 0 log 2

	 mu_minus = 0, m - Q(x) = 5
	 adding 0 log 3
Kappa_0 of 9

	 Sgcd = 17

	 mu_minus = 0, m - Q(x) = 6
	 adding 0 log 2

	 mu_minus = 0, m - Q(x) = 9
	 adding 2 log 17

	 mu_minus = 0, m - Q(x) = 6
	 adding 0 log 2
Kappa_0 of 11

	 Sgcd = 17

	 mu_minus = 0, m - Q(x) = 8
	 adding 0 log 2

	 mu_minus = 0, m - Q(x) = 11
	 adding 0 log 3

	 mu_minus = 0, m - Q(x) = 8
	 adding 0 log 2
Kappa_0 of 14

	 Sgcd = 17

	 mu_minus = 0, m - Q(x) = 2
	 adding 0 log 2

	 mu_minus = 0, m - Q(x) = 11
	 adding 0 log 3

	 mu_minus = 0, m - Q(x) = 14
	 adding 0 log 2

	 mu_minus = 0, m - Q(x) = 11
	 adding 0 log 3

	 mu_minus = 0, m - Q(x) = 2
	 adding 0 log 2
Kappa_0 of 45

	 Sgcd = 17

	 mu_minus = 0, m - Q(x) = 18
	 adding 0 log 2

	 mu_minus = 0, m - Q(x) = 33
	 adding 0 log 3

	 mu_minus = 0, m - Q(x) = 42
	 adding 0 log 2

	 mu_minus = 0, m - Q(x) = 45
	 adding 0 log 3

	 mu_minus = 0, m - Q(x) = 42
	 adding 0 log 2

	 mu_minus = 0, m - Q(x) = 33
	 adding 0 log 3

	 mu_minus = 0, m - Q(x) = 18
	 adding 0 log 2
Kappa_0 of 17

	 Sgcd = 17

	 mu_minus = 0, m - Q(x) = 5
	 adding 0 log 3

	 mu_minus = 0, m - Q(x) = 14
	 adding 0 log 2

	 mu_minus = 0, m - Q(x) = 17
	 adding 18 log 3

	 mu_minus = 0, m - Q(x) = 14
	 adding 0 log 2

	 mu_minus = 0, m - Q(x) = 5
	 adding 0 log 3
Kappa_0 of 20

	 Sgcd = 17

	 mu_minus = 0, m - Q(x) = 8
	 adding 0 log 2

	 mu_minus = 0, m - Q(x) = 17
	 adding 18 log 3

	 mu_minus = 0, m - Q(x) = 20
	 adding 0 log 3

	 mu_minus = 0, m - Q(x) = 17
	 adding 18 log 3

	 mu_minus = 0, m - Q(x) = 8
	 adding 0 log 2
Kappa_0 of 51

	 Sgcd = 17

	 mu_minus = 0, m - Q(x) = 3
	 adding 2 log 17

	 mu_minus = 0, m - Q(x) = 24
	 adding 0 log 2

	 mu_minus = 0, m - Q(x) = 39
	 adding 4 log 17

	 mu_minus = 0, m - Q(x) = 48
	 adding 2 log 17

	 mu_minus = 0, m - Q(x) = 51
	 adding 36 log 3

	 mu_minus = 0, m - Q(x) = 48
	 adding 2 log 17

	 mu_minus = 0, m - Q(x) = 39
	 adding 4 log 17

	 mu_minus = 0, m - Q(x) = 24
	 adding 0 log 2

	 mu_minus = 0, m - Q(x) = 3
	 adding 2 log 17
Kappa_0 of 23

	 Sgcd = 17

	 mu_minus = 0, m - Q(x) = 11
	 adding 0 log 3

	 mu_minus = 0, m - Q(x) = 20
	 adding 0 log 3

	 mu_minus = 0, m - Q(x) = 23
	 adding 0 log 3

	 mu_minus = 0, m - Q(x) = 20
	 adding 0 log 3

	 mu_minus = 0, m - Q(x) = 11
	 adding 0 log 3
Kappa_0 of 27

	 Sgcd = 17

	 mu_minus = 0, m - Q(x) = 0
	adding 2 Log 3

	 mu_minus = 0, m - Q(x) = 15
	 adding 0 log 3

	 mu_minus = 0, m - Q(x) = 24
	 adding 0 log 2

	 mu_minus = 0, m - Q(x) = 27
	 adding 2 log 17

	 mu_minus = 0, m - Q(x) = 24
	 adding 0 log 2

	 mu_minus = 0, m - Q(x) = 15
	 adding 0 log 3

	 mu_minus = 0, m - Q(x) = 0
	adding 2 Log 3
For the divisor [ 3, 5, 8, 11, 14, 17, 20, 23, 27, 29, 45 ]
with weight [ -3, 10, -2, 3, 2, -2, 7, 2, 5, -2, -3 ]
Infinity
--------------------------------------------------
For the divisor [ 3, 5, 6, 8, 11, 14, 17, 20, 27, 29, 45 ]
with weight [ -3/2, 17/2, 1, -3/2, 1/2, 7/2, -3/2, 2, 3/2, 1/2, -5/2 ]
Infinity
--------------------------------------------------
For the divisor [ 2, 3, 4, 5, 8, 9, 11, 14, 17, 20, 23, 27, 29, 45, 51 ]
with weight [ -2, -7, -2, 28, -8, -2, 4, 10, -6, 9, 1, 7, -1, -9, 2 ]
Infinity
====================================================
The discriminant is -7 with class number 1 and embedding 5*i - 2*j
Kappa_eta of 3/4
	m - Q(x) = 3/7
	adding 1/9 Log 17
	m - Q(x) = 3/7
	adding 1/9 Log 17
	m - Q(x) = 5/7
	adding 0 Log 3
	m - Q(x) = 5/7
	adding 0 Log 3
Kappa_0 of 29

	 Sgcd = 51

	 mu_minus = 0, m - Q(x) = 1
	 adding 0 log 3

	 mu_minus = 0, m - Q(x) = 22
	 adding 0 log 3

	 mu_minus = 0, m - Q(x) = 29
	 adding 0 log 3

	 mu_minus = 0, m - Q(x) = 22
	 adding 0 log 3

	 mu_minus = 0, m - Q(x) = 1
	 adding 0 log 3

	 mu_minus = -85/7*i + 75/14*j + 1/2*k, m - Q(x) = 82/7
	 adding 0 log 3

	 mu_minus = -85/7*i + 75/14*j + 1/2*k, m - Q(x) = 187/7
	 adding 1 log 3

	 mu_minus = -85/7*i + 75/14*j + 1/2*k, m - Q(x) = 194/7
	 adding 0 log 3

	 mu_minus = -85/7*i + 75/14*j + 1/2*k, m - Q(x) = 103/7
	 adding 0 log 3

	 mu_minus = -170/7*i + 75/7*j + k, m - Q(x) = 139/7
	 adding 0 log 3

	 mu_minus = -170/7*i + 75/7*j + k, m - Q(x) = 202/7
	 adding 0 log 3

	 mu_minus = -170/7*i + 75/7*j + k, m - Q(x) = 167/7
	 adding 0 log 3

	 mu_minus = -170/7*i + 75/7*j + k, m - Q(x) = 34/7
	 adding 1 log 3

	 mu_minus = -255/7*i + 225/14*j + 3/2*k, m - Q(x) = 59/7
	 adding 0 log 3

	 mu_minus = -255/7*i + 225/14*j + 3/2*k, m - Q(x) = 178/7
	 adding 0 log 3

	 mu_minus = -255/7*i + 225/14*j + 3/2*k, m - Q(x) = 199/7
	 adding 0 log 3

	 mu_minus = -255/7*i + 225/14*j + 3/2*k, m - Q(x) = 122/7
	 adding 0 log 3

	 mu_minus = -340/7*i + 150/7*j + 2*k, m - Q(x) = 122/7
	 adding 0 log 3

	 mu_minus = -340/7*i + 150/7*j + 2*k, m - Q(x) = 199/7
	 adding 0 log 3

	 mu_minus = -340/7*i + 150/7*j + 2*k, m - Q(x) = 178/7
	 adding 0 log 3

	 mu_minus = -340/7*i + 150/7*j + 2*k, m - Q(x) = 59/7
	 adding 0 log 3

	 mu_minus = -425/7*i + 375/14*j + 5/2*k, m - Q(x) = 34/7
	 adding 1 log 3

	 mu_minus = -425/7*i + 375/14*j + 5/2*k, m - Q(x) = 167/7
	 adding 0 log 3

	 mu_minus = -425/7*i + 375/14*j + 5/2*k, m - Q(x) = 202/7
	 adding 0 log 3

	 mu_minus = -425/7*i + 375/14*j + 5/2*k, m - Q(x) = 139/7
	 adding 0 log 3

	 mu_minus = -510/7*i + 225/7*j + 3*k, m - Q(x) = 103/7
	 adding 0 log 3

	 mu_minus = -510/7*i + 225/7*j + 3*k, m - Q(x) = 194/7
	 adding 0 log 3

	 mu_minus = -510/7*i + 225/7*j + 3*k, m - Q(x) = 187/7
	 adding 1 log 3

	 mu_minus = -510/7*i + 225/7*j + 3*k, m - Q(x) = 82/7
	 adding 0 log 3
Kappa_0 of 2

	 Sgcd = 51

	 mu_minus = 0, m - Q(x) = 2
	 adding 0 log 3

	 mu_minus = -85/7*i + 75/14*j + 1/2*k, m - Q(x) = 5/7
	 adding 0 log 3

	 mu_minus = -170/7*i + 75/7*j + k, m - Q(x) = 13/7
	 adding 0 log 3

	 mu_minus = -255/7*i + 225/14*j + 3/2*k, m - Q(x) = 10/7
	 adding 0 log 3

	 mu_minus = -340/7*i + 150/7*j + 2*k, m - Q(x) = 10/7
	 adding 0 log 3

	 mu_minus = -425/7*i + 375/14*j + 5/2*k, m - Q(x) = 13/7
	 adding 0 log 3

	 mu_minus = -510/7*i + 225/7*j + 3*k, m - Q(x) = 5/7
	 adding 0 log 3
Kappa_0 of 3

	 Sgcd = 51

	 mu_minus = 0, m - Q(x) = 3
	 adding 2/9 log 17

	 mu_minus = -85/7*i + 75/14*j + 1/2*k, m - Q(x) = 5/7
	 adding 0 log 3

	 mu_minus = -85/7*i + 75/14*j + 1/2*k, m - Q(x) = 12/7
	 adding 1/3 log 17

	 mu_minus = -170/7*i + 75/7*j + k, m - Q(x) = 20/7
	 adding 0 log 3

	 mu_minus = -255/7*i + 225/14*j + 3/2*k, m - Q(x) = 17/7
	 adding 1/2 log 3

	 mu_minus = -340/7*i + 150/7*j + 2*k, m - Q(x) = 17/7
	 adding 1/2 log 3

	 mu_minus = -425/7*i + 375/14*j + 5/2*k, m - Q(x) = 20/7
	 adding 0 log 3

	 mu_minus = -510/7*i + 225/7*j + 3*k, m - Q(x) = 12/7
	 adding 1/3 log 17

	 mu_minus = -510/7*i + 225/7*j + 3*k, m - Q(x) = 5/7
	 adding 0 log 3
Kappa_0 of 4

	 Sgcd = 51

	 mu_minus = 0, m - Q(x) = 4
	 adding 0 log 3

	 mu_minus = -85/7*i + 75/14*j + 1/2*k, m - Q(x) = 12/7
	 adding 1/3 log 17

	 mu_minus = -85/7*i + 75/14*j + 1/2*k, m - Q(x) = 19/7
	 adding 0 log 3

	 mu_minus = -170/7*i + 75/7*j + k, m - Q(x) = 27/7
	 adding 1/9 log 17

	 mu_minus = -255/7*i + 225/14*j + 3/2*k, m - Q(x) = 3/7
	 adding 1/9 log 17

	 mu_minus = -255/7*i + 225/14*j + 3/2*k, m - Q(x) = 24/7
	 adding 4/9 log 17

	 mu_minus = -340/7*i + 150/7*j + 2*k, m - Q(x) = 24/7
	 adding 4/9 log 17

	 mu_minus = -340/7*i + 150/7*j + 2*k, m - Q(x) = 3/7
	 adding 1/9 log 17

	 mu_minus = -425/7*i + 375/14*j + 5/2*k, m - Q(x) = 27/7
	 adding 1/9 log 17

	 mu_minus = -510/7*i + 225/7*j + 3*k, m - Q(x) = 19/7
	 adding 0 log 3

	 mu_minus = -510/7*i + 225/7*j + 3*k, m - Q(x) = 12/7
	 adding 1/3 log 17
Kappa_0 of 5

	 Sgcd = 51

	 mu_minus = 0, m - Q(x) = 5
	 adding 0 log 3

	 mu_minus = -85/7*i + 75/14*j + 1/2*k, m - Q(x) = 19/7
	 adding 0 log 3

	 mu_minus = -85/7*i + 75/14*j + 1/2*k, m - Q(x) = 26/7
	 adding 0 log 3

	 mu_minus = -170/7*i + 75/7*j + k, m - Q(x) = 34/7
	 adding 1 log 3

	 mu_minus = -255/7*i + 225/14*j + 3/2*k, m - Q(x) = 10/7
	 adding 0 log 3

	 mu_minus = -255/7*i + 225/14*j + 3/2*k, m - Q(x) = 31/7
	 adding 0 log 3

	 mu_minus = -340/7*i + 150/7*j + 2*k, m - Q(x) = 31/7
	 adding 0 log 3

	 mu_minus = -340/7*i + 150/7*j + 2*k, m - Q(x) = 10/7
	 adding 0 log 3

	 mu_minus = -425/7*i + 375/14*j + 5/2*k, m - Q(x) = 34/7
	 adding 1 log 3

	 mu_minus = -510/7*i + 225/7*j + 3*k, m - Q(x) = 26/7
	 adding 0 log 3

	 mu_minus = -510/7*i + 225/7*j + 3*k, m - Q(x) = 19/7
	 adding 0 log 3
Kappa_0 of 6

	 Sgcd = 51

	 mu_minus = 0, m - Q(x) = 6
	 adding 4/9 log 17

	 mu_minus = -85/7*i + 75/14*j + 1/2*k, m - Q(x) = 26/7
	 adding 0 log 3

	 mu_minus = -85/7*i + 75/14*j + 1/2*k, m - Q(x) = 33/7
	 adding 2/9 log 17

	 mu_minus = -170/7*i + 75/7*j + k, m - Q(x) = 41/7
	 adding 0 log 3

	 mu_minus = -170/7*i + 75/7*j + k, m - Q(x) = 6/7
	 adding 2/9 log 17

	 mu_minus = -255/7*i + 225/14*j + 3/2*k, m - Q(x) = 17/7
	 adding 1/2 log 3

	 mu_minus = -255/7*i + 225/14*j + 3/2*k, m - Q(x) = 38/7
	 adding 0 log 3

	 mu_minus = -340/7*i + 150/7*j + 2*k, m - Q(x) = 38/7
	 adding 0 log 3

	 mu_minus = -340/7*i + 150/7*j + 2*k, m - Q(x) = 17/7
	 adding 1/2 log 3

	 mu_minus = -425/7*i + 375/14*j + 5/2*k, m - Q(x) = 6/7
	 adding 2/9 log 17

	 mu_minus = -425/7*i + 375/14*j + 5/2*k, m - Q(x) = 41/7
	 adding 0 log 3

	 mu_minus = -510/7*i + 225/7*j + 3*k, m - Q(x) = 33/7
	 adding 2/9 log 17

	 mu_minus = -510/7*i + 225/7*j + 3*k, m - Q(x) = 26/7
	 adding 0 log 3
Kappa_0 of 8

	 Sgcd = 51

	 mu_minus = 0, m - Q(x) = 1
	 adding 0 log 3

	 mu_minus = 0, m - Q(x) = 8
	 adding 0 log 3

	 mu_minus = 0, m - Q(x) = 1
	 adding 0 log 3

	 mu_minus = -85/7*i + 75/14*j + 1/2*k, m - Q(x) = 40/7
	 adding 0 log 3

	 mu_minus = -85/7*i + 75/14*j + 1/2*k, m - Q(x) = 47/7
	 adding 0 log 3

	 mu_minus = -170/7*i + 75/7*j + k, m - Q(x) = 55/7
	 adding 0 log 3

	 mu_minus = -170/7*i + 75/7*j + k, m - Q(x) = 20/7
	 adding 0 log 3

	 mu_minus = -255/7*i + 225/14*j + 3/2*k, m - Q(x) = 31/7
	 adding 0 log 3

	 mu_minus = -255/7*i + 225/14*j + 3/2*k, m - Q(x) = 52/7
	 adding 0 log 3

	 mu_minus = -340/7*i + 150/7*j + 2*k, m - Q(x) = 52/7
	 adding 0 log 3

	 mu_minus = -340/7*i + 150/7*j + 2*k, m - Q(x) = 31/7
	 adding 0 log 3

	 mu_minus = -425/7*i + 375/14*j + 5/2*k, m - Q(x) = 20/7
	 adding 0 log 3

	 mu_minus = -425/7*i + 375/14*j + 5/2*k, m - Q(x) = 55/7
	 adding 0 log 3

	 mu_minus = -510/7*i + 225/7*j + 3*k, m - Q(x) = 47/7
	 adding 0 log 3

	 mu_minus = -510/7*i + 225/7*j + 3*k, m - Q(x) = 40/7
	 adding 0 log 3
Kappa_0 of 9

	 Sgcd = 51

	 mu_minus = 0, m - Q(x) = 2
	 adding 0 log 3

	 mu_minus = 0, m - Q(x) = 9
	 adding 0 log 3

	 mu_minus = 0, m - Q(x) = 2
	 adding 0 log 3

	 mu_minus = -85/7*i + 75/14*j + 1/2*k, m - Q(x) = 47/7
	 adding 0 log 3

	 mu_minus = -85/7*i + 75/14*j + 1/2*k, m - Q(x) = 54/7
	 adding 2/9 log 17

	 mu_minus = -170/7*i + 75/7*j + k, m - Q(x) = 62/7
	 adding 0 log 3

	 mu_minus = -170/7*i + 75/7*j + k, m - Q(x) = 27/7
	 adding 1/9 log 17

	 mu_minus = -255/7*i + 225/14*j + 3/2*k, m - Q(x) = 38/7
	 adding 0 log 3

	 mu_minus = -255/7*i + 225/14*j + 3/2*k, m - Q(x) = 59/7
	 adding 0 log 3

	 mu_minus = -340/7*i + 150/7*j + 2*k, m - Q(x) = 59/7
	 adding 0 log 3

	 mu_minus = -340/7*i + 150/7*j + 2*k, m - Q(x) = 38/7
	 adding 0 log 3

	 mu_minus = -425/7*i + 375/14*j + 5/2*k, m - Q(x) = 27/7
	 adding 1/9 log 17

	 mu_minus = -425/7*i + 375/14*j + 5/2*k, m - Q(x) = 62/7
	 adding 0 log 3

	 mu_minus = -510/7*i + 225/7*j + 3*k, m - Q(x) = 54/7
	 adding 2/9 log 17

	 mu_minus = -510/7*i + 225/7*j + 3*k, m - Q(x) = 47/7
	 adding 0 log 3
Kappa_0 of 11

	 Sgcd = 51

	 mu_minus = 0, m - Q(x) = 4
	 adding 0 log 3

	 mu_minus = 0, m - Q(x) = 11
	 adding 0 log 3

	 mu_minus = 0, m - Q(x) = 4
	 adding 0 log 3

	 mu_minus = -85/7*i + 75/14*j + 1/2*k, m - Q(x) = 61/7
	 adding 0 log 3

	 mu_minus = -85/7*i + 75/14*j + 1/2*k, m - Q(x) = 68/7
	 adding 3/2 log 3

	 mu_minus = -170/7*i + 75/7*j + k, m - Q(x) = 13/7
	 adding 0 log 3

	 mu_minus = -170/7*i + 75/7*j + k, m - Q(x) = 76/7
	 adding 0 log 3

	 mu_minus = -170/7*i + 75/7*j + k, m - Q(x) = 41/7
	 adding 0 log 3

	 mu_minus = -255/7*i + 225/14*j + 3/2*k, m - Q(x) = 52/7
	 adding 0 log 3

	 mu_minus = -255/7*i + 225/14*j + 3/2*k, m - Q(x) = 73/7
	 adding 0 log 3

	 mu_minus = -340/7*i + 150/7*j + 2*k, m - Q(x) = 73/7
	 adding 0 log 3

	 mu_minus = -340/7*i + 150/7*j + 2*k, m - Q(x) = 52/7
	 adding 0 log 3

	 mu_minus = -425/7*i + 375/14*j + 5/2*k, m - Q(x) = 41/7
	 adding 0 log 3

	 mu_minus = -425/7*i + 375/14*j + 5/2*k, m - Q(x) = 76/7
	 adding 0 log 3

	 mu_minus = -425/7*i + 375/14*j + 5/2*k, m - Q(x) = 13/7
	 adding 0 log 3

	 mu_minus = -510/7*i + 225/7*j + 3*k, m - Q(x) = 68/7
	 adding 3/2 log 3

	 mu_minus = -510/7*i + 225/7*j + 3*k, m - Q(x) = 61/7
	 adding 0 log 3
Kappa_0 of 14

	 Sgcd = 51

	 mu_minus = 0, m - Q(x) = 7
	 adding 0 log 3

	 mu_minus = 0, m - Q(x) = 14
	 adding 0 log 3

	 mu_minus = 0, m - Q(x) = 7
	 adding 0 log 3

	 mu_minus = -85/7*i + 75/14*j + 1/2*k, m - Q(x) = 82/7
	 adding 0 log 3

	 mu_minus = -85/7*i + 75/14*j + 1/2*k, m - Q(x) = 89/7
	 adding 0 log 3

	 mu_minus = -170/7*i + 75/7*j + k, m - Q(x) = 34/7
	 adding 1 log 3

	 mu_minus = -170/7*i + 75/7*j + k, m - Q(x) = 97/7
	 adding 0 log 3

	 mu_minus = -170/7*i + 75/7*j + k, m - Q(x) = 62/7
	 adding 0 log 3

	 mu_minus = -255/7*i + 225/14*j + 3/2*k, m - Q(x) = 73/7
	 adding 0 log 3

	 mu_minus = -255/7*i + 225/14*j + 3/2*k, m - Q(x) = 94/7
	 adding 0 log 3

	 mu_minus = -255/7*i + 225/14*j + 3/2*k, m - Q(x) = 17/7
	 adding 1/2 log 3

	 mu_minus = -340/7*i + 150/7*j + 2*k, m - Q(x) = 17/7
	 adding 1/2 log 3

	 mu_minus = -340/7*i + 150/7*j + 2*k, m - Q(x) = 94/7
	 adding 0 log 3

	 mu_minus = -340/7*i + 150/7*j + 2*k, m - Q(x) = 73/7
	 adding 0 log 3

	 mu_minus = -425/7*i + 375/14*j + 5/2*k, m - Q(x) = 62/7
	 adding 0 log 3

	 mu_minus = -425/7*i + 375/14*j + 5/2*k, m - Q(x) = 97/7
	 adding 0 log 3

	 mu_minus = -425/7*i + 375/14*j + 5/2*k, m - Q(x) = 34/7
	 adding 1 log 3

	 mu_minus = -510/7*i + 225/7*j + 3*k, m - Q(x) = 89/7
	 adding 0 log 3

	 mu_minus = -510/7*i + 225/7*j + 3*k, m - Q(x) = 82/7
	 adding 0 log 3
Kappa_0 of 45

	 Sgcd = 51

	 mu_minus = 0, m - Q(x) = 17
	 adding 1 log 3

	 mu_minus = 0, m - Q(x) = 38
	 adding 0 log 3

	 mu_minus = 0, m - Q(x) = 45
	 adding 0 log 3

	 mu_minus = 0, m - Q(x) = 38
	 adding 0 log 3

	 mu_minus = 0, m - Q(x) = 17
	 adding 1 log 3

	 mu_minus = -85/7*i + 75/14*j + 1/2*k, m - Q(x) = 194/7
	 adding 0 log 3

	 mu_minus = -85/7*i + 75/14*j + 1/2*k, m - Q(x) = 299/7
	 adding 0 log 3

	 mu_minus = -85/7*i + 75/14*j + 1/2*k, m - Q(x) = 306/7
	 adding 5 log 3

	 mu_minus = -85/7*i + 75/14*j + 1/2*k, m - Q(x) = 215/7
	 adding 0 log 3

	 mu_minus = -85/7*i + 75/14*j + 1/2*k, m - Q(x) = 26/7
	 adding 0 log 3

	 mu_minus = -170/7*i + 75/7*j + k, m - Q(x) = 90/7
	 adding 0 log 3

	 mu_minus = -170/7*i + 75/7*j + k, m - Q(x) = 251/7
	 adding 0 log 3

	 mu_minus = -170/7*i + 75/7*j + k, m - Q(x) = 314/7
	 adding 0 log 3

	 mu_minus = -170/7*i + 75/7*j + k, m - Q(x) = 279/7
	 adding 0 log 3

	 mu_minus = -170/7*i + 75/7*j + k, m - Q(x) = 146/7
	 adding 0 log 3

	 mu_minus = -255/7*i + 225/14*j + 3/2*k, m - Q(x) = 171/7
	 adding 0 log 3

	 mu_minus = -255/7*i + 225/14*j + 3/2*k, m - Q(x) = 290/7
	 adding 0 log 3

	 mu_minus = -255/7*i + 225/14*j + 3/2*k, m - Q(x) = 311/7
	 adding 0 log 3

	 mu_minus = -255/7*i + 225/14*j + 3/2*k, m - Q(x) = 234/7
	 adding 0 log 3

	 mu_minus = -255/7*i + 225/14*j + 3/2*k, m - Q(x) = 59/7
	 adding 0 log 3

	 mu_minus = -340/7*i + 150/7*j + 2*k, m - Q(x) = 59/7
	 adding 0 log 3

	 mu_minus = -340/7*i + 150/7*j + 2*k, m - Q(x) = 234/7
	 adding 0 log 3

	 mu_minus = -340/7*i + 150/7*j + 2*k, m - Q(x) = 311/7
	 adding 0 log 3

	 mu_minus = -340/7*i + 150/7*j + 2*k, m - Q(x) = 290/7
	 adding 0 log 3

	 mu_minus = -340/7*i + 150/7*j + 2*k, m - Q(x) = 171/7
	 adding 0 log 3

	 mu_minus = -425/7*i + 375/14*j + 5/2*k, m - Q(x) = 146/7
	 adding 0 log 3

	 mu_minus = -425/7*i + 375/14*j + 5/2*k, m - Q(x) = 279/7
	 adding 0 log 3

	 mu_minus = -425/7*i + 375/14*j + 5/2*k, m - Q(x) = 314/7
	 adding 0 log 3

	 mu_minus = -425/7*i + 375/14*j + 5/2*k, m - Q(x) = 251/7
	 adding 0 log 3

	 mu_minus = -425/7*i + 375/14*j + 5/2*k, m - Q(x) = 90/7
	 adding 0 log 3

	 mu_minus = -510/7*i + 225/7*j + 3*k, m - Q(x) = 26/7
	 adding 0 log 3

	 mu_minus = -510/7*i + 225/7*j + 3*k, m - Q(x) = 215/7
	 adding 0 log 3

	 mu_minus = -510/7*i + 225/7*j + 3*k, m - Q(x) = 306/7
	 adding 5 log 3

	 mu_minus = -510/7*i + 225/7*j + 3*k, m - Q(x) = 299/7
	 adding 0 log 3

	 mu_minus = -510/7*i + 225/7*j + 3*k, m - Q(x) = 194/7
	 adding 0 log 3
Kappa_0 of 17

	 Sgcd = 51

	 mu_minus = 0, m - Q(x) = 10
	 adding 0 log 3

	 mu_minus = 0, m - Q(x) = 17
	 adding 1 log 3

	 mu_minus = 0, m - Q(x) = 10
	 adding 0 log 3

	 mu_minus = -85/7*i + 75/14*j + 1/2*k, m - Q(x) = 103/7
	 adding 0 log 3

	 mu_minus = -85/7*i + 75/14*j + 1/2*k, m - Q(x) = 110/7
	 adding 0 log 3

	 mu_minus = -85/7*i + 75/14*j + 1/2*k, m - Q(x) = 19/7
	 adding 0 log 3

	 mu_minus = -170/7*i + 75/7*j + k, m - Q(x) = 55/7
	 adding 0 log 3

	 mu_minus = -170/7*i + 75/7*j + k, m - Q(x) = 118/7
	 adding 0 log 3

	 mu_minus = -170/7*i + 75/7*j + k, m - Q(x) = 83/7
	 adding 0 log 3

	 mu_minus = -255/7*i + 225/14*j + 3/2*k, m - Q(x) = 94/7
	 adding 0 log 3

	 mu_minus = -255/7*i + 225/14*j + 3/2*k, m - Q(x) = 115/7
	 adding 0 log 3

	 mu_minus = -255/7*i + 225/14*j + 3/2*k, m - Q(x) = 38/7
	 adding 0 log 3

	 mu_minus = -340/7*i + 150/7*j + 2*k, m - Q(x) = 38/7
	 adding 0 log 3

	 mu_minus = -340/7*i + 150/7*j + 2*k, m - Q(x) = 115/7
	 adding 0 log 3

	 mu_minus = -340/7*i + 150/7*j + 2*k, m - Q(x) = 94/7
	 adding 0 log 3

	 mu_minus = -425/7*i + 375/14*j + 5/2*k, m - Q(x) = 83/7
	 adding 0 log 3

	 mu_minus = -425/7*i + 375/14*j + 5/2*k, m - Q(x) = 118/7
	 adding 0 log 3

	 mu_minus = -425/7*i + 375/14*j + 5/2*k, m - Q(x) = 55/7
	 adding 0 log 3

	 mu_minus = -510/7*i + 225/7*j + 3*k, m - Q(x) = 19/7
	 adding 0 log 3

	 mu_minus = -510/7*i + 225/7*j + 3*k, m - Q(x) = 110/7
	 adding 0 log 3

	 mu_minus = -510/7*i + 225/7*j + 3*k, m - Q(x) = 103/7
	 adding 0 log 3
Kappa_0 of 20

	 Sgcd = 51

	 mu_minus = 0, m - Q(x) = 13
	 adding 0 log 3

	 mu_minus = 0, m - Q(x) = 20
	 adding 0 log 3

	 mu_minus = 0, m - Q(x) = 13
	 adding 0 log 3

	 mu_minus = -85/7*i + 75/14*j + 1/2*k, m - Q(x) = 19/7
	 adding 0 log 3

	 mu_minus = -85/7*i + 75/14*j + 1/2*k, m - Q(x) = 124/7
	 adding 0 log 3

	 mu_minus = -85/7*i + 75/14*j + 1/2*k, m - Q(x) = 131/7
	 adding 0 log 3

	 mu_minus = -85/7*i + 75/14*j + 1/2*k, m - Q(x) = 40/7
	 adding 0 log 3

	 mu_minus = -170/7*i + 75/7*j + k, m - Q(x) = 76/7
	 adding 0 log 3

	 mu_minus = -170/7*i + 75/7*j + k, m - Q(x) = 139/7
	 adding 0 log 3

	 mu_minus = -170/7*i + 75/7*j + k, m - Q(x) = 104/7
	 adding 0 log 3

	 mu_minus = -255/7*i + 225/14*j + 3/2*k, m - Q(x) = 115/7
	 adding 0 log 3

	 mu_minus = -255/7*i + 225/14*j + 3/2*k, m - Q(x) = 136/7
	 adding 2 log 3

	 mu_minus = -255/7*i + 225/14*j + 3/2*k, m - Q(x) = 59/7
	 adding 0 log 3

	 mu_minus = -340/7*i + 150/7*j + 2*k, m - Q(x) = 59/7
	 adding 0 log 3

	 mu_minus = -340/7*i + 150/7*j + 2*k, m - Q(x) = 136/7
	 adding 2 log 3

	 mu_minus = -340/7*i + 150/7*j + 2*k, m - Q(x) = 115/7
	 adding 0 log 3

	 mu_minus = -425/7*i + 375/14*j + 5/2*k, m - Q(x) = 104/7
	 adding 0 log 3

	 mu_minus = -425/7*i + 375/14*j + 5/2*k, m - Q(x) = 139/7
	 adding 0 log 3

	 mu_minus = -425/7*i + 375/14*j + 5/2*k, m - Q(x) = 76/7
	 adding 0 log 3

	 mu_minus = -510/7*i + 225/7*j + 3*k, m - Q(x) = 40/7
	 adding 0 log 3

	 mu_minus = -510/7*i + 225/7*j + 3*k, m - Q(x) = 131/7
	 adding 0 log 3

	 mu_minus = -510/7*i + 225/7*j + 3*k, m - Q(x) = 124/7
	 adding 0 log 3

	 mu_minus = -510/7*i + 225/7*j + 3*k, m - Q(x) = 19/7
	 adding 0 log 3
Kappa_0 of 51

	 Sgcd = 51

	 mu_minus = 0, m - Q(x) = 23
	 adding 0 log 3

	 mu_minus = 0, m - Q(x) = 44
	 adding 0 log 3

	 mu_minus = 0, m - Q(x) = 51
	 adding 2 log 7

	 mu_minus = 0, m - Q(x) = 44
	 adding 0 log 3

	 mu_minus = 0, m - Q(x) = 23
	 adding 0 log 3

	 mu_minus = -85/7*i + 75/14*j + 1/2*k, m - Q(x) = 33/7
	 adding 2/9 log 17

	 mu_minus = -85/7*i + 75/14*j + 1/2*k, m - Q(x) = 236/7
	 adding 0 log 3

	 mu_minus = -85/7*i + 75/14*j + 1/2*k, m - Q(x) = 341/7
	 adding 0 log 3

	 mu_minus = -85/7*i + 75/14*j + 1/2*k, m - Q(x) = 348/7
	 adding 2/3 log 17

	 mu_minus = -85/7*i + 75/14*j + 1/2*k, m - Q(x) = 257/7
	 adding 0 log 3

	 mu_minus = -85/7*i + 75/14*j + 1/2*k, m - Q(x) = 68/7
	 adding 3/2 log 3

	 mu_minus = -170/7*i + 75/7*j + k, m - Q(x) = 132/7
	 adding 2/3 log 17

	 mu_minus = -170/7*i + 75/7*j + k, m - Q(x) = 293/7
	 adding 0 log 3

	 mu_minus = -170/7*i + 75/7*j + k, m - Q(x) = 356/7
	 adding 0 log 3

	 mu_minus = -170/7*i + 75/7*j + k, m - Q(x) = 321/7
	 adding 2/9 log 17

	 mu_minus = -170/7*i + 75/7*j + k, m - Q(x) = 188/7
	 adding 0 log 3

	 mu_minus = -255/7*i + 225/14*j + 3/2*k, m - Q(x) = 213/7
	 adding 2/9 log 17

	 mu_minus = -255/7*i + 225/14*j + 3/2*k, m - Q(x) = 332/7
	 adding 0 log 3

	 mu_minus = -255/7*i + 225/14*j + 3/2*k, m - Q(x) = 353/7
	 adding 0 log 3

	 mu_minus = -255/7*i + 225/14*j + 3/2*k, m - Q(x) = 276/7
	 adding 2/3 log 17

	 mu_minus = -255/7*i + 225/14*j + 3/2*k, m - Q(x) = 101/7
	 adding 0 log 3

	 mu_minus = -340/7*i + 150/7*j + 2*k, m - Q(x) = 101/7
	 adding 0 log 3

	 mu_minus = -340/7*i + 150/7*j + 2*k, m - Q(x) = 276/7
	 adding 2/3 log 17

	 mu_minus = -340/7*i + 150/7*j + 2*k, m - Q(x) = 353/7
	 adding 0 log 3

	 mu_minus = -340/7*i + 150/7*j + 2*k, m - Q(x) = 332/7
	 adding 0 log 3

	 mu_minus = -340/7*i + 150/7*j + 2*k, m - Q(x) = 213/7
	 adding 2/9 log 17

	 mu_minus = -425/7*i + 375/14*j + 5/2*k, m - Q(x) = 188/7
	 adding 0 log 3

	 mu_minus = -425/7*i + 375/14*j + 5/2*k, m - Q(x) = 321/7
	 adding 2/9 log 17

	 mu_minus = -425/7*i + 375/14*j + 5/2*k, m - Q(x) = 356/7
	 adding 0 log 3

	 mu_minus = -425/7*i + 375/14*j + 5/2*k, m - Q(x) = 293/7
	 adding 0 log 3

	 mu_minus = -425/7*i + 375/14*j + 5/2*k, m - Q(x) = 132/7
	 adding 2/3 log 17

	 mu_minus = -510/7*i + 225/7*j + 3*k, m - Q(x) = 68/7
	 adding 3/2 log 3

	 mu_minus = -510/7*i + 225/7*j + 3*k, m - Q(x) = 257/7
	 adding 0 log 3

	 mu_minus = -510/7*i + 225/7*j + 3*k, m - Q(x) = 348/7
	 adding 2/3 log 17

	 mu_minus = -510/7*i + 225/7*j + 3*k, m - Q(x) = 341/7
	 adding 0 log 3

	 mu_minus = -510/7*i + 225/7*j + 3*k, m - Q(x) = 236/7
	 adding 0 log 3

	 mu_minus = -510/7*i + 225/7*j + 3*k, m - Q(x) = 33/7
	 adding 2/9 log 17
Kappa_0 of 23

	 Sgcd = 51

	 mu_minus = 0, m - Q(x) = 16
	 adding 0 log 3

	 mu_minus = 0, m - Q(x) = 23
	 adding 0 log 3

	 mu_minus = 0, m - Q(x) = 16
	 adding 0 log 3

	 mu_minus = -85/7*i + 75/14*j + 1/2*k, m - Q(x) = 40/7
	 adding 0 log 3

	 mu_minus = -85/7*i + 75/14*j + 1/2*k, m - Q(x) = 145/7
	 adding 0 log 3

	 mu_minus = -85/7*i + 75/14*j + 1/2*k, m - Q(x) = 152/7
	 adding 0 log 3

	 mu_minus = -85/7*i + 75/14*j + 1/2*k, m - Q(x) = 61/7
	 adding 0 log 3

	 mu_minus = -170/7*i + 75/7*j + k, m - Q(x) = 97/7
	 adding 0 log 3

	 mu_minus = -170/7*i + 75/7*j + k, m - Q(x) = 160/7
	 adding 0 log 3

	 mu_minus = -170/7*i + 75/7*j + k, m - Q(x) = 125/7
	 adding 0 log 3

	 mu_minus = -255/7*i + 225/14*j + 3/2*k, m - Q(x) = 17/7
	 adding 1/2 log 3

	 mu_minus = -255/7*i + 225/14*j + 3/2*k, m - Q(x) = 136/7
	 adding 2 log 3

	 mu_minus = -255/7*i + 225/14*j + 3/2*k, m - Q(x) = 157/7
	 adding 0 log 3

	 mu_minus = -255/7*i + 225/14*j + 3/2*k, m - Q(x) = 80/7
	 adding 0 log 3

	 mu_minus = -340/7*i + 150/7*j + 2*k, m - Q(x) = 80/7
	 adding 0 log 3

	 mu_minus = -340/7*i + 150/7*j + 2*k, m - Q(x) = 157/7
	 adding 0 log 3

	 mu_minus = -340/7*i + 150/7*j + 2*k, m - Q(x) = 136/7
	 adding 2 log 3

	 mu_minus = -340/7*i + 150/7*j + 2*k, m - Q(x) = 17/7
	 adding 1/2 log 3

	 mu_minus = -425/7*i + 375/14*j + 5/2*k, m - Q(x) = 125/7
	 adding 0 log 3

	 mu_minus = -425/7*i + 375/14*j + 5/2*k, m - Q(x) = 160/7
	 adding 0 log 3

	 mu_minus = -425/7*i + 375/14*j + 5/2*k, m - Q(x) = 97/7
	 adding 0 log 3

	 mu_minus = -510/7*i + 225/7*j + 3*k, m - Q(x) = 61/7
	 adding 0 log 3

	 mu_minus = -510/7*i + 225/7*j + 3*k, m - Q(x) = 152/7
	 adding 0 log 3

	 mu_minus = -510/7*i + 225/7*j + 3*k, m - Q(x) = 145/7
	 adding 0 log 3

	 mu_minus = -510/7*i + 225/7*j + 3*k, m - Q(x) = 40/7
	 adding 0 log 3
Kappa_0 of 27

	 Sgcd = 51

	 mu_minus = 0, m - Q(x) = 20
	 adding 0 log 3

	 mu_minus = 0, m - Q(x) = 27
	 adding 2/9 log 17

	 mu_minus = 0, m - Q(x) = 20
	 adding 0 log 3

	 mu_minus = -85/7*i + 75/14*j + 1/2*k, m - Q(x) = 68/7
	 adding 3/2 log 3

	 mu_minus = -85/7*i + 75/14*j + 1/2*k, m - Q(x) = 173/7
	 adding 0 log 3

	 mu_minus = -85/7*i + 75/14*j + 1/2*k, m - Q(x) = 180/7
	 adding 0 log 3

	 mu_minus = -85/7*i + 75/14*j + 1/2*k, m - Q(x) = 89/7
	 adding 0 log 3

	 mu_minus = -170/7*i + 75/7*j + k, m - Q(x) = 125/7
	 adding 0 log 3

	 mu_minus = -170/7*i + 75/7*j + k, m - Q(x) = 188/7
	 adding 0 log 3

	 mu_minus = -170/7*i + 75/7*j + k, m - Q(x) = 153/7
	 adding 5/2 log 3

	 mu_minus = -170/7*i + 75/7*j + k, m - Q(x) = 20/7
	 adding 0 log 3

	 mu_minus = -255/7*i + 225/14*j + 3/2*k, m - Q(x) = 45/7
	 adding 0 log 3

	 mu_minus = -255/7*i + 225/14*j + 3/2*k, m - Q(x) = 164/7
	 adding 0 log 3

	 mu_minus = -255/7*i + 225/14*j + 3/2*k, m - Q(x) = 185/7
	 adding 0 log 3

	 mu_minus = -255/7*i + 225/14*j + 3/2*k, m - Q(x) = 108/7
	 adding 1/3 log 17

	 mu_minus = -340/7*i + 150/7*j + 2*k, m - Q(x) = 108/7
	 adding 1/3 log 17

	 mu_minus = -340/7*i + 150/7*j + 2*k, m - Q(x) = 185/7
	 adding 0 log 3

	 mu_minus = -340/7*i + 150/7*j + 2*k, m - Q(x) = 164/7
	 adding 0 log 3

	 mu_minus = -340/7*i + 150/7*j + 2*k, m - Q(x) = 45/7
	 adding 0 log 3

	 mu_minus = -425/7*i + 375/14*j + 5/2*k, m - Q(x) = 20/7
	 adding 0 log 3

	 mu_minus = -425/7*i + 375/14*j + 5/2*k, m - Q(x) = 153/7
	 adding 5/2 log 3

	 mu_minus = -425/7*i + 375/14*j + 5/2*k, m - Q(x) = 188/7
	 adding 0 log 3

	 mu_minus = -425/7*i + 375/14*j + 5/2*k, m - Q(x) = 125/7
	 adding 0 log 3

	 mu_minus = -510/7*i + 225/7*j + 3*k, m - Q(x) = 89/7
	 adding 0 log 3

	 mu_minus = -510/7*i + 225/7*j + 3*k, m - Q(x) = 180/7
	 adding 0 log 3

	 mu_minus = -510/7*i + 225/7*j + 3*k, m - Q(x) = 173/7
	 adding 0 log 3

	 mu_minus = -510/7*i + 225/7*j + 3*k, m - Q(x) = 68/7
	 adding 3/2 log 3
For the divisor [ 3, 5, 8, 11, 14, 17, 20, 23, 27, 29, 45 ]
with weight [ -3, 10, -2, 3, 2, -2, 7, 2, 5, -2, -3 ]
the numerator is
[]
the denominator is
[]
--------------------------------------------------
For the divisor [ 3, 5, 6, 8, 11, 14, 17, 20, 27, 29, 45 ]
with weight [ -3/2, 17/2, 1, -3/2, 1/2, 7/2, -3/2, 2, 3/2, 1/2, -5/2 ]
the numerator is
[ <2, 2> ]
the denominator is
[
<3, 1>
]
--------------------------------------------------
For the divisor [ 2, 3, 4, 5, 8, 9, 11, 14, 17, 20, 23, 27, 29, 45, 51 ]
with weight [ -2, -7, -2, 28, -8, -2, 4, 10, -6, 9, 1, 7, -1, -9, 2 ]
the numerator is
[ <2, 8>, <7, 1> ]
the denominator is
[]
====================================================
The discriminant is -12 with class number 1 and embedding 18*i - 15/2*j - 1/2*k
Kappa_eta of 3/4
	m - Q(x) = 0
	m - Q(x) = 0
	m - Q(x) = 3/4
	adding 2/9 Log 17
	adding 4/3 Log 2
Kappa_0 of 29

	 Sgcd = 34

	 mu_minus = 0, m - Q(x) = 2
	 adding 0 log 2

	 mu_minus = 0, m - Q(x) = 17
	 adding 2 log 3

	 mu_minus = 0, m - Q(x) = 26
	 adding 0 log 2

	 mu_minus = 0, m - Q(x) = 29
	 adding 0 log 3

	 mu_minus = 0, m - Q(x) = 26
	 adding 0 log 2

	 mu_minus = 0, m - Q(x) = 17
	 adding 2 log 3

	 mu_minus = 0, m - Q(x) = 2
	 adding 0 log 2

	 mu_minus = -153*i + 255/4*j + 21/4*k, m - Q(x) = 41/4
	 adding 0 log 3

	 mu_minus = -153*i + 255/4*j + 21/4*k, m - Q(x) = 89/4
	 adding 0 log 3

	 mu_minus = -153*i + 255/4*j + 21/4*k, m - Q(x) = 113/4
	 adding 0 log 3

	 mu_minus = -153*i + 255/4*j + 21/4*k, m - Q(x) = 113/4
	 adding 0 log 3

	 mu_minus = -153*i + 255/4*j + 21/4*k, m - Q(x) = 89/4
	 adding 0 log 3

	 mu_minus = -153*i + 255/4*j + 21/4*k, m - Q(x) = 41/4
	 adding 0 log 3
Kappa_0 of 2

	 Sgcd = 34

	 mu_minus = 0, m - Q(x) = 2
	 adding 0 log 2

	 mu_minus = -153*i + 255/4*j + 21/4*k, m - Q(x) = 5/4
	 adding 0 log 3

	 mu_minus = -153*i + 255/4*j + 21/4*k, m - Q(x) = 5/4
	 adding 0 log 3
Kappa_0 of 3

	 Sgcd = 34

	 mu_minus = 0, m - Q(x) = 0
	adding 2/3 Log 2

	 mu_minus = 0, m - Q(x) = 3
	 adding 2/9 log 17

	 mu_minus = 0, m - Q(x) = 0
	adding 2/3 Log 2

	 mu_minus = -153*i + 255/4*j + 21/4*k, m - Q(x) = 9/4
	 adding 2/9 log 17

	 mu_minus = -153*i + 255/4*j + 21/4*k, m - Q(x) = 9/4
	 adding 2/9 log 17
Kappa_0 of 4

	 Sgcd = 34

	 mu_minus = 0, m - Q(x) = 1
	 adding 2/9 log 17

	 mu_minus = 0, m - Q(x) = 4
	 adding 2/3 log 17

	 mu_minus = 0, m - Q(x) = 1
	 adding 2/9 log 17

	 mu_minus = -153*i + 255/4*j + 21/4*k, m - Q(x) = 13/4
	 adding 4/9 log 17

	 mu_minus = -153*i + 255/4*j + 21/4*k, m - Q(x) = 13/4
	 adding 4/9 log 17
Kappa_0 of 5

	 Sgcd = 34

	 mu_minus = 0, m - Q(x) = 2
	 adding 0 log 2

	 mu_minus = 0, m - Q(x) = 5
	 adding 0 log 3

	 mu_minus = 0, m - Q(x) = 2
	 adding 0 log 2

	 mu_minus = -153*i + 255/4*j + 21/4*k, m - Q(x) = 17/4
	 adding 2 log 3

	 mu_minus = -153*i + 255/4*j + 21/4*k, m - Q(x) = 17/4
	 adding 2 log 3
Kappa_0 of 6

	 Sgcd = 34

	 mu_minus = 0, m - Q(x) = 3
	 adding 2/9 log 17

	 mu_minus = 0, m - Q(x) = 6
	 adding 0 log 2

	 mu_minus = 0, m - Q(x) = 3
	 adding 2/9 log 17

	 mu_minus = -153*i + 255/4*j + 21/4*k, m - Q(x) = 21/4
	 adding 4/9 log 17

	 mu_minus = -153*i + 255/4*j + 21/4*k, m - Q(x) = 21/4
	 adding 4/9 log 17
Kappa_0 of 8

	 Sgcd = 34

	 mu_minus = 0, m - Q(x) = 5
	 adding 0 log 3

	 mu_minus = 0, m - Q(x) = 8
	 adding 0 log 2

	 mu_minus = 0, m - Q(x) = 5
	 adding 0 log 3

	 mu_minus = -153*i + 255/4*j + 21/4*k, m - Q(x) = 5/4
	 adding 0 log 3

	 mu_minus = -153*i + 255/4*j + 21/4*k, m - Q(x) = 29/4
	 adding 0 log 3

	 mu_minus = -153*i + 255/4*j + 21/4*k, m - Q(x) = 29/4
	 adding 0 log 3

	 mu_minus = -153*i + 255/4*j + 21/4*k, m - Q(x) = 5/4
	 adding 0 log 3
Kappa_0 of 9

	 Sgcd = 34

	 mu_minus = 0, m - Q(x) = 6
	 adding 0 log 2

	 mu_minus = 0, m - Q(x) = 9
	 adding 2/9 log 17

	 mu_minus = 0, m - Q(x) = 6
	 adding 0 log 2

	 mu_minus = -153*i + 255/4*j + 21/4*k, m - Q(x) = 9/4
	 adding 2/9 log 17

	 mu_minus = -153*i + 255/4*j + 21/4*k, m - Q(x) = 33/4
	 adding 0 log 3

	 mu_minus = -153*i + 255/4*j + 21/4*k, m - Q(x) = 33/4
	 adding 0 log 3

	 mu_minus = -153*i + 255/4*j + 21/4*k, m - Q(x) = 9/4
	 adding 2/9 log 17
Kappa_0 of 11

	 Sgcd = 34

	 mu_minus = 0, m - Q(x) = 8
	 adding 0 log 2

	 mu_minus = 0, m - Q(x) = 11
	 adding 0 log 3

	 mu_minus = 0, m - Q(x) = 8
	 adding 0 log 2

	 mu_minus = -153*i + 255/4*j + 21/4*k, m - Q(x) = 17/4
	 adding 2 log 3

	 mu_minus = -153*i + 255/4*j + 21/4*k, m - Q(x) = 41/4
	 adding 0 log 3

	 mu_minus = -153*i + 255/4*j + 21/4*k, m - Q(x) = 41/4
	 adding 0 log 3

	 mu_minus = -153*i + 255/4*j + 21/4*k, m - Q(x) = 17/4
	 adding 2 log 3
Kappa_0 of 14

	 Sgcd = 34

	 mu_minus = 0, m - Q(x) = 2
	 adding 0 log 2

	 mu_minus = 0, m - Q(x) = 11
	 adding 0 log 3

	 mu_minus = 0, m - Q(x) = 14
	 adding 0 log 2

	 mu_minus = 0, m - Q(x) = 11
	 adding 0 log 3

	 mu_minus = 0, m - Q(x) = 2
	 adding 0 log 2

	 mu_minus = -153*i + 255/4*j + 21/4*k, m - Q(x) = 29/4
	 adding 0 log 3

	 mu_minus = -153*i + 255/4*j + 21/4*k, m - Q(x) = 53/4
	 adding 0 log 3

	 mu_minus = -153*i + 255/4*j + 21/4*k, m - Q(x) = 53/4
	 adding 0 log 3

	 mu_minus = -153*i + 255/4*j + 21/4*k, m - Q(x) = 29/4
	 adding 0 log 3
Kappa_0 of 45

	 Sgcd = 34

	 mu_minus = 0, m - Q(x) = 18
	 adding 0 log 2

	 mu_minus = 0, m - Q(x) = 33
	 adding 0 log 3

	 mu_minus = 0, m - Q(x) = 42
	 adding 0 log 2

	 mu_minus = 0, m - Q(x) = 45
	 adding 0 log 3

	 mu_minus = 0, m - Q(x) = 42
	 adding 0 log 2

	 mu_minus = 0, m - Q(x) = 33
	 adding 0 log 3

	 mu_minus = 0, m - Q(x) = 18
	 adding 0 log 2

	 mu_minus = -153*i + 255/4*j + 21/4*k, m - Q(x) = 33/4
	 adding 0 log 3

	 mu_minus = -153*i + 255/4*j + 21/4*k, m - Q(x) = 105/4
	 adding 0 log 3

	 mu_minus = -153*i + 255/4*j + 21/4*k, m - Q(x) = 153/4
	 adding 6 log 3

	 mu_minus = -153*i + 255/4*j + 21/4*k, m - Q(x) = 177/4
	 adding 0 log 3

	 mu_minus = -153*i + 255/4*j + 21/4*k, m - Q(x) = 177/4
	 adding 0 log 3

	 mu_minus = -153*i + 255/4*j + 21/4*k, m - Q(x) = 153/4
	 adding 6 log 3

	 mu_minus = -153*i + 255/4*j + 21/4*k, m - Q(x) = 105/4
	 adding 0 log 3

	 mu_minus = -153*i + 255/4*j + 21/4*k, m - Q(x) = 33/4
	 adding 0 log 3
Kappa_0 of 17

	 Sgcd = 34

	 mu_minus = 0, m - Q(x) = 5
	 adding 0 log 3

	 mu_minus = 0, m - Q(x) = 14
	 adding 0 log 2

	 mu_minus = 0, m - Q(x) = 17
	 adding 2 log 3

	 mu_minus = 0, m - Q(x) = 14
	 adding 0 log 2

	 mu_minus = 0, m - Q(x) = 5
	 adding 0 log 3

	 mu_minus = -153*i + 255/4*j + 21/4*k, m - Q(x) = 41/4
	 adding 0 log 3

	 mu_minus = -153*i + 255/4*j + 21/4*k, m - Q(x) = 65/4
	 adding 0 log 3

	 mu_minus = -153*i + 255/4*j + 21/4*k, m - Q(x) = 65/4
	 adding 0 log 3

	 mu_minus = -153*i + 255/4*j + 21/4*k, m - Q(x) = 41/4
	 adding 0 log 3
Kappa_0 of 20

	 Sgcd = 34

	 mu_minus = 0, m - Q(x) = 8
	 adding 0 log 2

	 mu_minus = 0, m - Q(x) = 17
	 adding 2 log 3

	 mu_minus = 0, m - Q(x) = 20
	 adding 0 log 3

	 mu_minus = 0, m - Q(x) = 17
	 adding 2 log 3

	 mu_minus = 0, m - Q(x) = 8
	 adding 0 log 2

	 mu_minus = -153*i + 255/4*j + 21/4*k, m - Q(x) = 5/4
	 adding 0 log 3

	 mu_minus = -153*i + 255/4*j + 21/4*k, m - Q(x) = 53/4
	 adding 0 log 3

	 mu_minus = -153*i + 255/4*j + 21/4*k, m - Q(x) = 77/4
	 adding 0 log 3

	 mu_minus = -153*i + 255/4*j + 21/4*k, m - Q(x) = 77/4
	 adding 0 log 3

	 mu_minus = -153*i + 255/4*j + 21/4*k, m - Q(x) = 53/4
	 adding 0 log 3

	 mu_minus = -153*i + 255/4*j + 21/4*k, m - Q(x) = 5/4
	 adding 0 log 3
Kappa_0 of 51

	 Sgcd = 34

	 mu_minus = 0, m - Q(x) = 3
	 adding 2/9 log 17

	 mu_minus = 0, m - Q(x) = 24
	 adding 0 log 2

	 mu_minus = 0, m - Q(x) = 39
	 adding 4/9 log 17

	 mu_minus = 0, m - Q(x) = 48
	 adding 2/3 log 17

	 mu_minus = 0, m - Q(x) = 51
	 adding 4 log 3

	 mu_minus = 0, m - Q(x) = 48
	 adding 2/3 log 17

	 mu_minus = 0, m - Q(x) = 39
	 adding 4/9 log 17

	 mu_minus = 0, m - Q(x) = 24
	 adding 0 log 2

	 mu_minus = 0, m - Q(x) = 3
	 adding 2/9 log 17

	 mu_minus = -153*i + 255/4*j + 21/4*k, m - Q(x) = 57/4
	 adding 4/9 log 17

	 mu_minus = -153*i + 255/4*j + 21/4*k, m - Q(x) = 129/4
	 adding 4/9 log 17

	 mu_minus = -153*i + 255/4*j + 21/4*k, m - Q(x) = 177/4
	 adding 0 log 3

	 mu_minus = -153*i + 255/4*j + 21/4*k, m - Q(x) = 201/4
	 adding 4/9 log 17

	 mu_minus = -153*i + 255/4*j + 21/4*k, m - Q(x) = 201/4
	 adding 4/9 log 17

	 mu_minus = -153*i + 255/4*j + 21/4*k, m - Q(x) = 177/4
	 adding 0 log 3

	 mu_minus = -153*i + 255/4*j + 21/4*k, m - Q(x) = 129/4
	 adding 4/9 log 17

	 mu_minus = -153*i + 255/4*j + 21/4*k, m - Q(x) = 57/4
	 adding 4/9 log 17
Kappa_0 of 23

	 Sgcd = 34

	 mu_minus = 0, m - Q(x) = 11
	 adding 0 log 3

	 mu_minus = 0, m - Q(x) = 20
	 adding 0 log 3

	 mu_minus = 0, m - Q(x) = 23
	 adding 0 log 3

	 mu_minus = 0, m - Q(x) = 20
	 adding 0 log 3

	 mu_minus = 0, m - Q(x) = 11
	 adding 0 log 3

	 mu_minus = -153*i + 255/4*j + 21/4*k, m - Q(x) = 17/4
	 adding 2 log 3

	 mu_minus = -153*i + 255/4*j + 21/4*k, m - Q(x) = 65/4
	 adding 0 log 3

	 mu_minus = -153*i + 255/4*j + 21/4*k, m - Q(x) = 89/4
	 adding 0 log 3

	 mu_minus = -153*i + 255/4*j + 21/4*k, m - Q(x) = 89/4
	 adding 0 log 3

	 mu_minus = -153*i + 255/4*j + 21/4*k, m - Q(x) = 65/4
	 adding 0 log 3

	 mu_minus = -153*i + 255/4*j + 21/4*k, m - Q(x) = 17/4
	 adding 2 log 3
Kappa_0 of 27

	 Sgcd = 34

	 mu_minus = 0, m - Q(x) = 0
	adding 2/3 Log 2
	adding 2 Log 3

	 mu_minus = 0, m - Q(x) = 15
	 adding 0 log 3

	 mu_minus = 0, m - Q(x) = 24
	 adding 0 log 2

	 mu_minus = 0, m - Q(x) = 27
	 adding 2/9 log 17

	 mu_minus = 0, m - Q(x) = 24
	 adding 0 log 2

	 mu_minus = 0, m - Q(x) = 15
	 adding 0 log 3

	 mu_minus = 0, m - Q(x) = 0
	adding 2/3 Log 2
	adding 2 Log 3

	 mu_minus = -153*i + 255/4*j + 21/4*k, m - Q(x) = 33/4
	 adding 0 log 3

	 mu_minus = -153*i + 255/4*j + 21/4*k, m - Q(x) = 81/4
	 adding 2/9 log 17

	 mu_minus = -153*i + 255/4*j + 21/4*k, m - Q(x) = 105/4
	 adding 0 log 3

	 mu_minus = -153*i + 255/4*j + 21/4*k, m - Q(x) = 105/4
	 adding 0 log 3

	 mu_minus = -153*i + 255/4*j + 21/4*k, m - Q(x) = 81/4
	 adding 2/9 log 17

	 mu_minus = -153*i + 255/4*j + 21/4*k, m - Q(x) = 33/4
	 adding 0 log 3
For the divisor [ 3, 5, 8, 11, 14, 17, 20, 23, 27, 29, 45 ]
with weight [ -3, 10, -2, 3, 2, -2, 7, 2, 5, -2, -3 ]
0
--------------------------------------------------
For the divisor [ 3, 5, 6, 8, 11, 14, 17, 20, 27, 29, 45 ]
with weight [ -3/2, 17/2, 1, -3/2, 1/2, 7/2, -3/2, 2, 3/2, 1/2, -5/2 ]
the numerator is
[]
the denominator is
[
<3, 1>
]
--------------------------------------------------
For the divisor [ 2, 3, 4, 5, 8, 9, 11, 14, 17, 20, 23, 27, 29, 45, 51 ]
with weight [ -2, -7, -2, 28, -8, -2, 4, 10, -6, 9, 1, 7, -1, -9, 2 ]
the numerator is
[
<3, 1>
]
the denominator is
[]
====================================================
The discriminant is -24 with class number 1 and embedding 11*i - 9/2*j - 1/2*k
Kappa_eta of 3/4
	m - Q(x) = 3/8
	adding 1/9 Log 17
	m - Q(x) = 3/4
	adding 0 Log 2
	m - Q(x) = 3/8
	adding 1/9 Log 17
Kappa_0 of 29

	 Sgcd = 34

	 mu_minus = 0, m - Q(x) = 5
	 adding 0 log 2

	 mu_minus = 0, m - Q(x) = 23
	 adding 0 log 3

	 mu_minus = 0, m - Q(x) = 29
	 adding 0 log 2

	 mu_minus = 0, m - Q(x) = 23
	 adding 0 log 3

	 mu_minus = 0, m - Q(x) = 5
	 adding 0 log 2

	 mu_minus = -187/4*i + 153/8*j + 25/8*k, m - Q(x) = 85/8
	 adding 2 log 3

	 mu_minus = -187/4*i + 153/8*j + 25/8*k, m - Q(x) = 205/8
	 adding 0 log 3

	 mu_minus = -187/4*i + 153/8*j + 25/8*k, m - Q(x) = 229/8
	 adding 0 log 3

	 mu_minus = -187/4*i + 153/8*j + 25/8*k, m - Q(x) = 157/8
	 adding 0 log 3

	 mu_minus = -187/2*i + 153/4*j + 25/4*k, m - Q(x) = 31/2
	 adding 0 log 2

	 mu_minus = -187/2*i + 153/4*j + 25/4*k, m - Q(x) = 55/2
	 adding 0 log 2

	 mu_minus = -187/2*i + 153/4*j + 25/4*k, m - Q(x) = 55/2
	 adding 0 log 2

	 mu_minus = -187/2*i + 153/4*j + 25/4*k, m - Q(x) = 31/2
	 adding 0 log 2

	 mu_minus = -561/4*i + 459/8*j + 75/8*k, m - Q(x) = 157/8
	 adding 0 log 3

	 mu_minus = -561/4*i + 459/8*j + 75/8*k, m - Q(x) = 229/8
	 adding 0 log 3

	 mu_minus = -561/4*i + 459/8*j + 75/8*k, m - Q(x) = 205/8
	 adding 0 log 3

	 mu_minus = -561/4*i + 459/8*j + 75/8*k, m - Q(x) = 85/8
	 adding 2 log 3
Kappa_0 of 2

	 Sgcd = 34

	 mu_minus = 0, m - Q(x) = 2
	 adding 0 log 2

	 mu_minus = -187/4*i + 153/8*j + 25/8*k, m - Q(x) = 13/8
	 adding 0 log 3

	 mu_minus = -187/2*i + 153/4*j + 25/4*k, m - Q(x) = 1/2
	 adding 0 log 2

	 mu_minus = -187/2*i + 153/4*j + 25/4*k, m - Q(x) = 1/2
	 adding 0 log 2

	 mu_minus = -561/4*i + 459/8*j + 75/8*k, m - Q(x) = 13/8
	 adding 0 log 3
Kappa_0 of 3

	 Sgcd = 34

	 mu_minus = 0, m - Q(x) = 3
	 adding 0 log 2

	 mu_minus = -187/4*i + 153/8*j + 25/8*k, m - Q(x) = 21/8
	 adding 2/9 log 17

	 mu_minus = -187/2*i + 153/4*j + 25/4*k, m - Q(x) = 3/2
	 adding 2/9 log 17

	 mu_minus = -187/2*i + 153/4*j + 25/4*k, m - Q(x) = 3/2
	 adding 2/9 log 17

	 mu_minus = -561/4*i + 459/8*j + 75/8*k, m - Q(x) = 21/8
	 adding 2/9 log 17
Kappa_0 of 4

	 Sgcd = 34

	 mu_minus = 0, m - Q(x) = 4
	 adding 2/9 log 17

	 mu_minus = -187/4*i + 153/8*j + 25/8*k, m - Q(x) = 5/8
	 adding 2/9 log 17

	 mu_minus = -187/4*i + 153/8*j + 25/8*k, m - Q(x) = 29/8
	 adding 2/9 log 17

	 mu_minus = -187/2*i + 153/4*j + 25/4*k, m - Q(x) = 5/2
	 adding 4/9 log 17

	 mu_minus = -187/2*i + 153/4*j + 25/4*k, m - Q(x) = 5/2
	 adding 4/9 log 17

	 mu_minus = -561/4*i + 459/8*j + 75/8*k, m - Q(x) = 29/8
	 adding 2/9 log 17

	 mu_minus = -561/4*i + 459/8*j + 75/8*k, m - Q(x) = 5/8
	 adding 2/9 log 17
Kappa_0 of 5

	 Sgcd = 34

	 mu_minus = 0, m - Q(x) = 5
	 adding 0 log 2

	 mu_minus = -187/4*i + 153/8*j + 25/8*k, m - Q(x) = 13/8
	 adding 0 log 3

	 mu_minus = -187/4*i + 153/8*j + 25/8*k, m - Q(x) = 37/8
	 adding 0 log 3

	 mu_minus = -187/2*i + 153/4*j + 25/4*k, m - Q(x) = 7/2
	 adding 0 log 2

	 mu_minus = -187/2*i + 153/4*j + 25/4*k, m - Q(x) = 7/2
	 adding 0 log 2

	 mu_minus = -561/4*i + 459/8*j + 75/8*k, m - Q(x) = 37/8
	 adding 0 log 3

	 mu_minus = -561/4*i + 459/8*j + 75/8*k, m - Q(x) = 13/8
	 adding 0 log 3
Kappa_0 of 6

	 Sgcd = 34

	 mu_minus = 0, m - Q(x) = 0

	 mu_minus = 0, m - Q(x) = 6
	 adding 2/9 log 17

	 mu_minus = 0, m - Q(x) = 0

	 mu_minus = -187/4*i + 153/8*j + 25/8*k, m - Q(x) = 21/8
	 adding 2/9 log 17

	 mu_minus = -187/4*i + 153/8*j + 25/8*k, m - Q(x) = 45/8
	 adding 2/9 log 17

	 mu_minus = -187/2*i + 153/4*j + 25/4*k, m - Q(x) = 9/2
	 adding 0 log 2

	 mu_minus = -187/2*i + 153/4*j + 25/4*k, m - Q(x) = 9/2
	 adding 0 log 2

	 mu_minus = -561/4*i + 459/8*j + 75/8*k, m - Q(x) = 45/8
	 adding 2/9 log 17

	 mu_minus = -561/4*i + 459/8*j + 75/8*k, m - Q(x) = 21/8
	 adding 2/9 log 17
Kappa_0 of 8

	 Sgcd = 34

	 mu_minus = 0, m - Q(x) = 2
	 adding 0 log 2

	 mu_minus = 0, m - Q(x) = 8
	 adding 0 log 2

	 mu_minus = 0, m - Q(x) = 2
	 adding 0 log 2

	 mu_minus = -187/4*i + 153/8*j + 25/8*k, m - Q(x) = 37/8
	 adding 0 log 3

	 mu_minus = -187/4*i + 153/8*j + 25/8*k, m - Q(x) = 61/8
	 adding 0 log 3

	 mu_minus = -187/2*i + 153/4*j + 25/4*k, m - Q(x) = 13/2
	 adding 0 log 3

	 mu_minus = -187/2*i + 153/4*j + 25/4*k, m - Q(x) = 13/2
	 adding 0 log 3

	 mu_minus = -561/4*i + 459/8*j + 75/8*k, m - Q(x) = 61/8
	 adding 0 log 3

	 mu_minus = -561/4*i + 459/8*j + 75/8*k, m - Q(x) = 37/8
	 adding 0 log 3
Kappa_0 of 9

	 Sgcd = 34

	 mu_minus = 0, m - Q(x) = 3
	 adding 0 log 2

	 mu_minus = 0, m - Q(x) = 9
	 adding 2/9 log 17

	 mu_minus = 0, m - Q(x) = 3
	 adding 0 log 2

	 mu_minus = -187/4*i + 153/8*j + 25/8*k, m - Q(x) = 45/8
	 adding 2/9 log 17

	 mu_minus = -187/4*i + 153/8*j + 25/8*k, m - Q(x) = 69/8
	 adding 0 log 3

	 mu_minus = -187/2*i + 153/4*j + 25/4*k, m - Q(x) = 15/2
	 adding 0 log 2

	 mu_minus = -187/2*i + 153/4*j + 25/4*k, m - Q(x) = 15/2
	 adding 0 log 2

	 mu_minus = -561/4*i + 459/8*j + 75/8*k, m - Q(x) = 69/8
	 adding 0 log 3

	 mu_minus = -561/4*i + 459/8*j + 75/8*k, m - Q(x) = 45/8
	 adding 2/9 log 17
Kappa_0 of 11

	 Sgcd = 34

	 mu_minus = 0, m - Q(x) = 5
	 adding 0 log 2

	 mu_minus = 0, m - Q(x) = 11
	 adding 0 log 2

	 mu_minus = 0, m - Q(x) = 5
	 adding 0 log 2

	 mu_minus = -187/4*i + 153/8*j + 25/8*k, m - Q(x) = 61/8
	 adding 0 log 3

	 mu_minus = -187/4*i + 153/8*j + 25/8*k, m - Q(x) = 85/8
	 adding 2 log 3

	 mu_minus = -187/4*i + 153/8*j + 25/8*k, m - Q(x) = 13/8
	 adding 0 log 3

	 mu_minus = -187/2*i + 153/4*j + 25/4*k, m - Q(x) = 19/2
	 adding 0 log 3

	 mu_minus = -187/2*i + 153/4*j + 25/4*k, m - Q(x) = 19/2
	 adding 0 log 3

	 mu_minus = -561/4*i + 459/8*j + 75/8*k, m - Q(x) = 13/8
	 adding 0 log 3

	 mu_minus = -561/4*i + 459/8*j + 75/8*k, m - Q(x) = 85/8
	 adding 2 log 3

	 mu_minus = -561/4*i + 459/8*j + 75/8*k, m - Q(x) = 61/8
	 adding 0 log 3
Kappa_0 of 14

	 Sgcd = 34

	 mu_minus = 0, m - Q(x) = 8
	 adding 0 log 2

	 mu_minus = 0, m - Q(x) = 14
	 adding 0 log 2

	 mu_minus = 0, m - Q(x) = 8
	 adding 0 log 2

	 mu_minus = -187/4*i + 153/8*j + 25/8*k, m - Q(x) = 85/8
	 adding 2 log 3

	 mu_minus = -187/4*i + 153/8*j + 25/8*k, m - Q(x) = 109/8
	 adding 0 log 3

	 mu_minus = -187/4*i + 153/8*j + 25/8*k, m - Q(x) = 37/8
	 adding 0 log 3

	 mu_minus = -187/2*i + 153/4*j + 25/4*k, m - Q(x) = 1/2
	 adding 0 log 2

	 mu_minus = -187/2*i + 153/4*j + 25/4*k, m - Q(x) = 25/2
	 adding 0 log 2

	 mu_minus = -187/2*i + 153/4*j + 25/4*k, m - Q(x) = 25/2
	 adding 0 log 2

	 mu_minus = -187/2*i + 153/4*j + 25/4*k, m - Q(x) = 1/2
	 adding 0 log 2

	 mu_minus = -561/4*i + 459/8*j + 75/8*k, m - Q(x) = 37/8
	 adding 0 log 3

	 mu_minus = -561/4*i + 459/8*j + 75/8*k, m - Q(x) = 109/8
	 adding 0 log 3

	 mu_minus = -561/4*i + 459/8*j + 75/8*k, m - Q(x) = 85/8
	 adding 2 log 3
Kappa_0 of 45

	 Sgcd = 34

	 mu_minus = 0, m - Q(x) = 21
	 adding 0 log 2

	 mu_minus = 0, m - Q(x) = 39
	 adding 0 log 3

	 mu_minus = 0, m - Q(x) = 45
	 adding 0 log 2

	 mu_minus = 0, m - Q(x) = 39
	 adding 0 log 3

	 mu_minus = 0, m - Q(x) = 21
	 adding 0 log 2

	 mu_minus = -187/4*i + 153/8*j + 25/8*k, m - Q(x) = 213/8
	 adding 0 log 3

	 mu_minus = -187/4*i + 153/8*j + 25/8*k, m - Q(x) = 333/8
	 adding 0 log 3

	 mu_minus = -187/4*i + 153/8*j + 25/8*k, m - Q(x) = 357/8
	 adding 4 log 3

	 mu_minus = -187/4*i + 153/8*j + 25/8*k, m - Q(x) = 285/8
	 adding 0 log 3

	 mu_minus = -187/4*i + 153/8*j + 25/8*k, m - Q(x) = 117/8
	 adding 0 log 3

	 mu_minus = -187/2*i + 153/4*j + 25/4*k, m - Q(x) = 15/2
	 adding 0 log 2

	 mu_minus = -187/2*i + 153/4*j + 25/4*k, m - Q(x) = 63/2
	 adding 0 log 2

	 mu_minus = -187/2*i + 153/4*j + 25/4*k, m - Q(x) = 87/2
	 adding 0 log 2

	 mu_minus = -187/2*i + 153/4*j + 25/4*k, m - Q(x) = 87/2
	 adding 0 log 2

	 mu_minus = -187/2*i + 153/4*j + 25/4*k, m - Q(x) = 63/2
	 adding 0 log 2

	 mu_minus = -187/2*i + 153/4*j + 25/4*k, m - Q(x) = 15/2
	 adding 0 log 2

	 mu_minus = -561/4*i + 459/8*j + 75/8*k, m - Q(x) = 117/8
	 adding 0 log 3

	 mu_minus = -561/4*i + 459/8*j + 75/8*k, m - Q(x) = 285/8
	 adding 0 log 3

	 mu_minus = -561/4*i + 459/8*j + 75/8*k, m - Q(x) = 357/8
	 adding 4 log 3

	 mu_minus = -561/4*i + 459/8*j + 75/8*k, m - Q(x) = 333/8
	 adding 0 log 3

	 mu_minus = -561/4*i + 459/8*j + 75/8*k, m - Q(x) = 213/8
	 adding 0 log 3
Kappa_0 of 17

	 Sgcd = 34

	 mu_minus = 0, m - Q(x) = 11
	 adding 0 log 2

	 mu_minus = 0, m - Q(x) = 17
	 adding 2 log 3

	 mu_minus = 0, m - Q(x) = 11
	 adding 0 log 2

	 mu_minus = -187/4*i + 153/8*j + 25/8*k, m - Q(x) = 109/8
	 adding 0 log 3

	 mu_minus = -187/4*i + 153/8*j + 25/8*k, m - Q(x) = 133/8
	 adding 0 log 3

	 mu_minus = -187/4*i + 153/8*j + 25/8*k, m - Q(x) = 61/8
	 adding 0 log 3

	 mu_minus = -187/2*i + 153/4*j + 25/4*k, m - Q(x) = 7/2
	 adding 0 log 2

	 mu_minus = -187/2*i + 153/4*j + 25/4*k, m - Q(x) = 31/2
	 adding 0 log 2

	 mu_minus = -187/2*i + 153/4*j + 25/4*k, m - Q(x) = 31/2
	 adding 0 log 2

	 mu_minus = -187/2*i + 153/4*j + 25/4*k, m - Q(x) = 7/2
	 adding 0 log 2

	 mu_minus = -561/4*i + 459/8*j + 75/8*k, m - Q(x) = 61/8
	 adding 0 log 3

	 mu_minus = -561/4*i + 459/8*j + 75/8*k, m - Q(x) = 133/8
	 adding 0 log 3

	 mu_minus = -561/4*i + 459/8*j + 75/8*k, m - Q(x) = 109/8
	 adding 0 log 3
Kappa_0 of 20

	 Sgcd = 34

	 mu_minus = 0, m - Q(x) = 14
	 adding 0 log 2

	 mu_minus = 0, m - Q(x) = 20
	 adding 0 log 2

	 mu_minus = 0, m - Q(x) = 14
	 adding 0 log 2

	 mu_minus = -187/4*i + 153/8*j + 25/8*k, m - Q(x) = 13/8
	 adding 0 log 3

	 mu_minus = -187/4*i + 153/8*j + 25/8*k, m - Q(x) = 133/8
	 adding 0 log 3

	 mu_minus = -187/4*i + 153/8*j + 25/8*k, m - Q(x) = 157/8
	 adding 0 log 3

	 mu_minus = -187/4*i + 153/8*j + 25/8*k, m - Q(x) = 85/8
	 adding 2 log 3

	 mu_minus = -187/2*i + 153/4*j + 25/4*k, m - Q(x) = 13/2
	 adding 0 log 3

	 mu_minus = -187/2*i + 153/4*j + 25/4*k, m - Q(x) = 37/2
	 adding 0 log 3

	 mu_minus = -187/2*i + 153/4*j + 25/4*k, m - Q(x) = 37/2
	 adding 0 log 3

	 mu_minus = -187/2*i + 153/4*j + 25/4*k, m - Q(x) = 13/2
	 adding 0 log 3

	 mu_minus = -561/4*i + 459/8*j + 75/8*k, m - Q(x) = 85/8
	 adding 2 log 3

	 mu_minus = -561/4*i + 459/8*j + 75/8*k, m - Q(x) = 157/8
	 adding 0 log 3

	 mu_minus = -561/4*i + 459/8*j + 75/8*k, m - Q(x) = 133/8
	 adding 0 log 3

	 mu_minus = -561/4*i + 459/8*j + 75/8*k, m - Q(x) = 13/8
	 adding 0 log 3
Kappa_0 of 51

	 Sgcd = 34

	 mu_minus = 0, m - Q(x) = 27
	 adding 0 log 2

	 mu_minus = 0, m - Q(x) = 45
	 adding 0 log 2

	 mu_minus = 0, m - Q(x) = 51
	 adding 6 log 2

	 mu_minus = 0, m - Q(x) = 45
	 adding 0 log 2

	 mu_minus = 0, m - Q(x) = 27
	 adding 0 log 2

	 mu_minus = -187/4*i + 153/8*j + 25/8*k, m - Q(x) = 45/8
	 adding 2/9 log 17

	 mu_minus = -187/4*i + 153/8*j + 25/8*k, m - Q(x) = 261/8
	 adding 2/9 log 17

	 mu_minus = -187/4*i + 153/8*j + 25/8*k, m - Q(x) = 381/8
	 adding 2/9 log 17

	 mu_minus = -187/4*i + 153/8*j + 25/8*k, m - Q(x) = 405/8
	 adding 2/9 log 17

	 mu_minus = -187/4*i + 153/8*j + 25/8*k, m - Q(x) = 333/8
	 adding 0 log 3

	 mu_minus = -187/4*i + 153/8*j + 25/8*k, m - Q(x) = 165/8
	 adding 4/9 log 17

	 mu_minus = -187/2*i + 153/4*j + 25/4*k, m - Q(x) = 27/2
	 adding 2/9 log 17

	 mu_minus = -187/2*i + 153/4*j + 25/4*k, m - Q(x) = 75/2
	 adding 2/3 log 17

	 mu_minus = -187/2*i + 153/4*j + 25/4*k, m - Q(x) = 99/2
	 adding 4/9 log 17

	 mu_minus = -187/2*i + 153/4*j + 25/4*k, m - Q(x) = 99/2
	 adding 4/9 log 17

	 mu_minus = -187/2*i + 153/4*j + 25/4*k, m - Q(x) = 75/2
	 adding 2/3 log 17

	 mu_minus = -187/2*i + 153/4*j + 25/4*k, m - Q(x) = 27/2
	 adding 2/9 log 17

	 mu_minus = -561/4*i + 459/8*j + 75/8*k, m - Q(x) = 165/8
	 adding 4/9 log 17

	 mu_minus = -561/4*i + 459/8*j + 75/8*k, m - Q(x) = 333/8
	 adding 0 log 3

	 mu_minus = -561/4*i + 459/8*j + 75/8*k, m - Q(x) = 405/8
	 adding 2/9 log 17

	 mu_minus = -561/4*i + 459/8*j + 75/8*k, m - Q(x) = 381/8
	 adding 2/9 log 17

	 mu_minus = -561/4*i + 459/8*j + 75/8*k, m - Q(x) = 261/8
	 adding 2/9 log 17

	 mu_minus = -561/4*i + 459/8*j + 75/8*k, m - Q(x) = 45/8
	 adding 2/9 log 17
Kappa_0 of 23

	 Sgcd = 34

	 mu_minus = 0, m - Q(x) = 17
	 adding 2 log 3

	 mu_minus = 0, m - Q(x) = 23
	 adding 0 log 3

	 mu_minus = 0, m - Q(x) = 17
	 adding 2 log 3

	 mu_minus = -187/4*i + 153/8*j + 25/8*k, m - Q(x) = 37/8
	 adding 0 log 3

	 mu_minus = -187/4*i + 153/8*j + 25/8*k, m - Q(x) = 157/8
	 adding 0 log 3

	 mu_minus = -187/4*i + 153/8*j + 25/8*k, m - Q(x) = 181/8
	 adding 0 log 3

	 mu_minus = -187/4*i + 153/8*j + 25/8*k, m - Q(x) = 109/8
	 adding 0 log 3

	 mu_minus = -187/2*i + 153/4*j + 25/4*k, m - Q(x) = 19/2
	 adding 0 log 3

	 mu_minus = -187/2*i + 153/4*j + 25/4*k, m - Q(x) = 43/2
	 adding 0 log 3

	 mu_minus = -187/2*i + 153/4*j + 25/4*k, m - Q(x) = 43/2
	 adding 0 log 3

	 mu_minus = -187/2*i + 153/4*j + 25/4*k, m - Q(x) = 19/2
	 adding 0 log 3

	 mu_minus = -561/4*i + 459/8*j + 75/8*k, m - Q(x) = 109/8
	 adding 0 log 3

	 mu_minus = -561/4*i + 459/8*j + 75/8*k, m - Q(x) = 181/8
	 adding 0 log 3

	 mu_minus = -561/4*i + 459/8*j + 75/8*k, m - Q(x) = 157/8
	 adding 0 log 3

	 mu_minus = -561/4*i + 459/8*j + 75/8*k, m - Q(x) = 37/8
	 adding 0 log 3
Kappa_0 of 27

	 Sgcd = 34

	 mu_minus = 0, m - Q(x) = 3
	 adding 0 log 2

	 mu_minus = 0, m - Q(x) = 21
	 adding 0 log 2

	 mu_minus = 0, m - Q(x) = 27
	 adding 0 log 2

	 mu_minus = 0, m - Q(x) = 21
	 adding 0 log 2

	 mu_minus = 0, m - Q(x) = 3
	 adding 0 log 2

	 mu_minus = -187/4*i + 153/8*j + 25/8*k, m - Q(x) = 69/8
	 adding 0 log 3

	 mu_minus = -187/4*i + 153/8*j + 25/8*k, m - Q(x) = 189/8
	 adding 2/9 log 17

	 mu_minus = -187/4*i + 153/8*j + 25/8*k, m - Q(x) = 213/8
	 adding 0 log 3

	 mu_minus = -187/4*i + 153/8*j + 25/8*k, m - Q(x) = 141/8
	 adding 0 log 3

	 mu_minus = -187/2*i + 153/4*j + 25/4*k, m - Q(x) = 27/2
	 adding 2/9 log 17

	 mu_minus = -187/2*i + 153/4*j + 25/4*k, m - Q(x) = 51/2
	 adding 4 log 3

	 mu_minus = -187/2*i + 153/4*j + 25/4*k, m - Q(x) = 51/2
	 adding 4 log 3

	 mu_minus = -187/2*i + 153/4*j + 25/4*k, m - Q(x) = 27/2
	 adding 2/9 log 17

	 mu_minus = -561/4*i + 459/8*j + 75/8*k, m - Q(x) = 141/8
	 adding 0 log 3

	 mu_minus = -561/4*i + 459/8*j + 75/8*k, m - Q(x) = 213/8
	 adding 0 log 3

	 mu_minus = -561/4*i + 459/8*j + 75/8*k, m - Q(x) = 189/8
	 adding 2/9 log 17

	 mu_minus = -561/4*i + 459/8*j + 75/8*k, m - Q(x) = 69/8
	 adding 0 log 3
For the divisor [ 3, 5, 8, 11, 14, 17, 20, 23, 27, 29, 45 ]
with weight [ -3, 10, -2, 3, 2, -2, 7, 2, 5, -2, -3 ]
the numerator is
[]
the denominator is
[
<3, 1>
]
--------------------------------------------------
For the divisor [ 3, 5, 6, 8, 11, 14, 17, 20, 27, 29, 45 ]
with weight [ -3/2, 17/2, 1, -3/2, 1/2, 7/2, -3/2, 2, 3/2, 1/2, -5/2 ]
0
--------------------------------------------------
For the divisor [ 2, 3, 4, 5, 8, 9, 11, 14, 17, 20, 23, 27, 29, 45, 51 ]
with weight [ -2, -7, -2, 28, -8, -2, 4, 10, -6, 9, 1, 7, -1, -9, 2 ]
the numerator is
[
<2, 11>
]
the denominator is
[
<3, 3>
]
====================================================
The discriminant is -28 with class number 1 and embedding 12*i - 5*j
Kappa_eta of 3/4
	m - Q(x) = 5/28
	adding 0 Log 3
	m - Q(x) = 5/28
	adding 0 Log 3
	m - Q(x) = 3/7
	adding 0 Log 2
	m - Q(x) = 17/28
	adding 1/2 Log 3
	m - Q(x) = 5/7
	adding 0 Log 2
	m - Q(x) = 3/4
	adding 2/9 Log 17
	m - Q(x) = 5/7
	adding 0 Log 2
	m - Q(x) = 17/28
	adding 1/2 Log 3
	m - Q(x) = 3/7
	adding 0 Log 2
Kappa_0 of 29

	 Sgcd = 102

	 mu_minus = 0, m - Q(x) = 1
	 adding 0 log 3

	 mu_minus = 0, m - Q(x) = 22
	 adding 0 log 2

	 mu_minus = 0, m - Q(x) = 29
	 adding 0 log 3

	 mu_minus = 0, m - Q(x) = 22
	 adding 0 log 2

	 mu_minus = 0, m - Q(x) = 1
	 adding 0 log 3

	 mu_minus = -510/7*i + 216/7*j + 1/2*k, m - Q(x) = 83/28
	 adding 0 log 3

	 mu_minus = -510/7*i + 216/7*j + 1/2*k, m - Q(x) = 643/28
	 adding 0 log 3

	 mu_minus = -510/7*i + 216/7*j + 1/2*k, m - Q(x) = 811/28
	 adding 0 log 3

	 mu_minus = -510/7*i + 216/7*j + 1/2*k, m - Q(x) = 587/28
	 adding 0 log 3

	 mu_minus = -1020/7*i + 432/7*j + k, m - Q(x) = 34/7
	 adding 0 log 2

	 mu_minus = -1020/7*i + 432/7*j + k, m - Q(x) = 167/7
	 adding 0 log 3

	 mu_minus = -1020/7*i + 432/7*j + k, m - Q(x) = 202/7
	 adding 0 log 2

	 mu_minus = -1020/7*i + 432/7*j + k, m - Q(x) = 139/7
	 adding 0 log 3

	 mu_minus = -1530/7*i + 648/7*j + 3/2*k, m - Q(x) = 187/28
	 adding 1 log 3

	 mu_minus = -1530/7*i + 648/7*j + 3/2*k, m - Q(x) = 691/28
	 adding 0 log 3

	 mu_minus = -1530/7*i + 648/7*j + 3/2*k, m - Q(x) = 803/28
	 adding 0 log 3

	 mu_minus = -1530/7*i + 648/7*j + 3/2*k, m - Q(x) = 523/28
	 adding 0 log 3

	 mu_minus = -2040/7*i + 864/7*j + 2*k, m - Q(x) = 59/7
	 adding 0 log 3

	 mu_minus = -2040/7*i + 864/7*j + 2*k, m - Q(x) = 178/7
	 adding 0 log 2

	 mu_minus = -2040/7*i + 864/7*j + 2*k, m - Q(x) = 199/7
	 adding 0 log 3

	 mu_minus = -2040/7*i + 864/7*j + 2*k, m - Q(x) = 122/7
	 adding 0 log 2

	 mu_minus = -2550/7*i + 1080/7*j + 5/2*k, m - Q(x) = 283/28
	 adding 0 log 3

	 mu_minus = -2550/7*i + 1080/7*j + 5/2*k, m - Q(x) = 731/28
	 adding 1 log 3

	 mu_minus = -2550/7*i + 1080/7*j + 5/2*k, m - Q(x) = 787/28
	 adding 0 log 3

	 mu_minus = -2550/7*i + 1080/7*j + 5/2*k, m - Q(x) = 451/28
	 adding 0 log 3

	 mu_minus = -3060/7*i + 1296/7*j + 3*k, m - Q(x) = 82/7
	 adding 0 log 2

	 mu_minus = -3060/7*i + 1296/7*j + 3*k, m - Q(x) = 187/7
	 adding 1 log 3

	 mu_minus = -3060/7*i + 1296/7*j + 3*k, m - Q(x) = 194/7
	 adding 0 log 2

	 mu_minus = -3060/7*i + 1296/7*j + 3*k, m - Q(x) = 103/7
	 adding 0 log 3

	 mu_minus = -510*i + 216*j + 7/2*k, m - Q(x) = 53/4
	 adding 0 log 3

	 mu_minus = -510*i + 216*j + 7/2*k, m - Q(x) = 109/4
	 adding 0 log 3

	 mu_minus = -510*i + 216*j + 7/2*k, m - Q(x) = 109/4
	 adding 0 log 3

	 mu_minus = -510*i + 216*j + 7/2*k, m - Q(x) = 53/4
	 adding 0 log 3

	 mu_minus = -4080/7*i + 1728/7*j + 4*k, m - Q(x) = 103/7
	 adding 0 log 3

	 mu_minus = -4080/7*i + 1728/7*j + 4*k, m - Q(x) = 194/7
	 adding 0 log 2

	 mu_minus = -4080/7*i + 1728/7*j + 4*k, m - Q(x) = 187/7
	 adding 1 log 3

	 mu_minus = -4080/7*i + 1728/7*j + 4*k, m - Q(x) = 82/7
	 adding 0 log 2

	 mu_minus = -4590/7*i + 1944/7*j + 9/2*k, m - Q(x) = 451/28
	 adding 0 log 3

	 mu_minus = -4590/7*i + 1944/7*j + 9/2*k, m - Q(x) = 787/28
	 adding 0 log 3

	 mu_minus = -4590/7*i + 1944/7*j + 9/2*k, m - Q(x) = 731/28
	 adding 1 log 3

	 mu_minus = -4590/7*i + 1944/7*j + 9/2*k, m - Q(x) = 283/28
	 adding 0 log 3

	 mu_minus = -5100/7*i + 2160/7*j + 5*k, m - Q(x) = 122/7
	 adding 0 log 2

	 mu_minus = -5100/7*i + 2160/7*j + 5*k, m - Q(x) = 199/7
	 adding 0 log 3

	 mu_minus = -5100/7*i + 2160/7*j + 5*k, m - Q(x) = 178/7
	 adding 0 log 2

	 mu_minus = -5100/7*i + 2160/7*j + 5*k, m - Q(x) = 59/7
	 adding 0 log 3

	 mu_minus = -5610/7*i + 2376/7*j + 11/2*k, m - Q(x) = 523/28
	 adding 0 log 3

	 mu_minus = -5610/7*i + 2376/7*j + 11/2*k, m - Q(x) = 803/28
	 adding 0 log 3

	 mu_minus = -5610/7*i + 2376/7*j + 11/2*k, m - Q(x) = 691/28
	 adding 0 log 3

	 mu_minus = -5610/7*i + 2376/7*j + 11/2*k, m - Q(x) = 187/28
	 adding 1 log 3

	 mu_minus = -6120/7*i + 2592/7*j + 6*k, m - Q(x) = 139/7
	 adding 0 log 3

	 mu_minus = -6120/7*i + 2592/7*j + 6*k, m - Q(x) = 202/7
	 adding 0 log 2

	 mu_minus = -6120/7*i + 2592/7*j + 6*k, m - Q(x) = 167/7
	 adding 0 log 3

	 mu_minus = -6120/7*i + 2592/7*j + 6*k, m - Q(x) = 34/7
	 adding 0 log 2

	 mu_minus = -6630/7*i + 2808/7*j + 13/2*k, m - Q(x) = 587/28
	 adding 0 log 3

	 mu_minus = -6630/7*i + 2808/7*j + 13/2*k, m - Q(x) = 811/28
	 adding 0 log 3

	 mu_minus = -6630/7*i + 2808/7*j + 13/2*k, m - Q(x) = 643/28
	 adding 0 log 3

	 mu_minus = -6630/7*i + 2808/7*j + 13/2*k, m - Q(x) = 83/28
	 adding 0 log 3
Kappa_0 of 2

	 Sgcd = 102

	 mu_minus = 0, m - Q(x) = 2
	 adding 0 log 2

	 mu_minus = -510/7*i + 216/7*j + 1/2*k, m - Q(x) = 55/28
	 adding 0 log 3

	 mu_minus = -1020/7*i + 432/7*j + k, m - Q(x) = 13/7
	 adding 0 log 3

	 mu_minus = -1530/7*i + 648/7*j + 3/2*k, m - Q(x) = 47/28
	 adding 0 log 3

	 mu_minus = -2040/7*i + 864/7*j + 2*k, m - Q(x) = 10/7
	 adding 0 log 2

	 mu_minus = -2550/7*i + 1080/7*j + 5/2*k, m - Q(x) = 31/28
	 adding 0 log 3

	 mu_minus = -3060/7*i + 1296/7*j + 3*k, m - Q(x) = 5/7
	 adding 0 log 3

	 mu_minus = -510*i + 216*j + 7/2*k, m - Q(x) = 1/4
	 adding 0 log 3

	 mu_minus = -510*i + 216*j + 7/2*k, m - Q(x) = 1/4
	 adding 0 log 3

	 mu_minus = -4080/7*i + 1728/7*j + 4*k, m - Q(x) = 5/7
	 adding 0 log 3

	 mu_minus = -4590/7*i + 1944/7*j + 9/2*k, m - Q(x) = 31/28
	 adding 0 log 3

	 mu_minus = -5100/7*i + 2160/7*j + 5*k, m - Q(x) = 10/7
	 adding 0 log 2

	 mu_minus = -5610/7*i + 2376/7*j + 11/2*k, m - Q(x) = 47/28
	 adding 0 log 3

	 mu_minus = -6120/7*i + 2592/7*j + 6*k, m - Q(x) = 13/7
	 adding 0 log 3

	 mu_minus = -6630/7*i + 2808/7*j + 13/2*k, m - Q(x) = 55/28
	 adding 0 log 3
Kappa_0 of 3

	 Sgcd = 102

	 mu_minus = 0, m - Q(x) = 3
	 adding 2/9 log 17

	 mu_minus = -510/7*i + 216/7*j + 1/2*k, m - Q(x) = 83/28
	 adding 0 log 3

	 mu_minus = -1020/7*i + 432/7*j + k, m - Q(x) = 20/7
	 adding 0 log 3

	 mu_minus = -1530/7*i + 648/7*j + 3/2*k, m - Q(x) = 75/28
	 adding 1/9 log 17

	 mu_minus = -2040/7*i + 864/7*j + 2*k, m - Q(x) = 17/7
	 adding 1/2 log 3

	 mu_minus = -2550/7*i + 1080/7*j + 5/2*k, m - Q(x) = 3/28
	 adding 1/9 log 17

	 mu_minus = -2550/7*i + 1080/7*j + 5/2*k, m - Q(x) = 59/28
	 adding 0 log 3

	 mu_minus = -3060/7*i + 1296/7*j + 3*k, m - Q(x) = 5/7
	 adding 0 log 3

	 mu_minus = -3060/7*i + 1296/7*j + 3*k, m - Q(x) = 12/7
	 adding 1/9 log 17

	 mu_minus = -510*i + 216*j + 7/2*k, m - Q(x) = 5/4
	 adding 0 log 3

	 mu_minus = -510*i + 216*j + 7/2*k, m - Q(x) = 5/4
	 adding 0 log 3

	 mu_minus = -4080/7*i + 1728/7*j + 4*k, m - Q(x) = 12/7
	 adding 1/9 log 17

	 mu_minus = -4080/7*i + 1728/7*j + 4*k, m - Q(x) = 5/7
	 adding 0 log 3

	 mu_minus = -4590/7*i + 1944/7*j + 9/2*k, m - Q(x) = 59/28
	 adding 0 log 3

	 mu_minus = -4590/7*i + 1944/7*j + 9/2*k, m - Q(x) = 3/28
	 adding 1/9 log 17

	 mu_minus = -5100/7*i + 2160/7*j + 5*k, m - Q(x) = 17/7
	 adding 1/2 log 3

	 mu_minus = -5610/7*i + 2376/7*j + 11/2*k, m - Q(x) = 75/28
	 adding 1/9 log 17

	 mu_minus = -6120/7*i + 2592/7*j + 6*k, m - Q(x) = 20/7
	 adding 0 log 3

	 mu_minus = -6630/7*i + 2808/7*j + 13/2*k, m - Q(x) = 83/28
	 adding 0 log 3
Kappa_0 of 4

	 Sgcd = 102

	 mu_minus = 0, m - Q(x) = 4
	 adding 0 log 3

	 mu_minus = -510/7*i + 216/7*j + 1/2*k, m - Q(x) = 111/28
	 adding 2/9 log 17

	 mu_minus = -1020/7*i + 432/7*j + k, m - Q(x) = 27/7
	 adding 1/9 log 17

	 mu_minus = -1530/7*i + 648/7*j + 3/2*k, m - Q(x) = 103/28
	 adding 0 log 3

	 mu_minus = -2040/7*i + 864/7*j + 2*k, m - Q(x) = 3/7
	 adding 1/9 log 17

	 mu_minus = -2040/7*i + 864/7*j + 2*k, m - Q(x) = 24/7
	 adding 2/9 log 17

	 mu_minus = -2550/7*i + 1080/7*j + 5/2*k, m - Q(x) = 31/28
	 adding 0 log 3

	 mu_minus = -2550/7*i + 1080/7*j + 5/2*k, m - Q(x) = 87/28
	 adding 2/9 log 17

	 mu_minus = -3060/7*i + 1296/7*j + 3*k, m - Q(x) = 12/7
	 adding 1/9 log 17

	 mu_minus = -3060/7*i + 1296/7*j + 3*k, m - Q(x) = 19/7
	 adding 0 log 3

	 mu_minus = -510*i + 216*j + 7/2*k, m - Q(x) = 9/4
	 adding 0 log 3

	 mu_minus = -510*i + 216*j + 7/2*k, m - Q(x) = 9/4
	 adding 0 log 3

	 mu_minus = -4080/7*i + 1728/7*j + 4*k, m - Q(x) = 19/7
	 adding 0 log 3

	 mu_minus = -4080/7*i + 1728/7*j + 4*k, m - Q(x) = 12/7
	 adding 1/9 log 17

	 mu_minus = -4590/7*i + 1944/7*j + 9/2*k, m - Q(x) = 87/28
	 adding 2/9 log 17

	 mu_minus = -4590/7*i + 1944/7*j + 9/2*k, m - Q(x) = 31/28
	 adding 0 log 3

	 mu_minus = -5100/7*i + 2160/7*j + 5*k, m - Q(x) = 24/7
	 adding 2/9 log 17

	 mu_minus = -5100/7*i + 2160/7*j + 5*k, m - Q(x) = 3/7
	 adding 1/9 log 17

	 mu_minus = -5610/7*i + 2376/7*j + 11/2*k, m - Q(x) = 103/28
	 adding 0 log 3

	 mu_minus = -6120/7*i + 2592/7*j + 6*k, m - Q(x) = 27/7
	 adding 1/9 log 17

	 mu_minus = -6630/7*i + 2808/7*j + 13/2*k, m - Q(x) = 111/28
	 adding 2/9 log 17
Kappa_0 of 5

	 Sgcd = 102

	 mu_minus = 0, m - Q(x) = 5
	 adding 0 log 3

	 mu_minus = -510/7*i + 216/7*j + 1/2*k, m - Q(x) = 139/28
	 adding 0 log 3

	 mu_minus = -1020/7*i + 432/7*j + k, m - Q(x) = 34/7
	 adding 0 log 2

	 mu_minus = -1530/7*i + 648/7*j + 3/2*k, m - Q(x) = 19/28
	 adding 0 log 3

	 mu_minus = -1530/7*i + 648/7*j + 3/2*k, m - Q(x) = 131/28
	 adding 0 log 3

	 mu_minus = -2040/7*i + 864/7*j + 2*k, m - Q(x) = 10/7
	 adding 0 log 2

	 mu_minus = -2040/7*i + 864/7*j + 2*k, m - Q(x) = 31/7
	 adding 0 log 3

	 mu_minus = -2550/7*i + 1080/7*j + 5/2*k, m - Q(x) = 59/28
	 adding 0 log 3

	 mu_minus = -2550/7*i + 1080/7*j + 5/2*k, m - Q(x) = 115/28
	 adding 0 log 3

	 mu_minus = -3060/7*i + 1296/7*j + 3*k, m - Q(x) = 19/7
	 adding 0 log 3

	 mu_minus = -3060/7*i + 1296/7*j + 3*k, m - Q(x) = 26/7
	 adding 0 log 2

	 mu_minus = -510*i + 216*j + 7/2*k, m - Q(x) = 13/4
	 adding 0 log 3

	 mu_minus = -510*i + 216*j + 7/2*k, m - Q(x) = 13/4
	 adding 0 log 3

	 mu_minus = -4080/7*i + 1728/7*j + 4*k, m - Q(x) = 26/7
	 adding 0 log 2

	 mu_minus = -4080/7*i + 1728/7*j + 4*k, m - Q(x) = 19/7
	 adding 0 log 3

	 mu_minus = -4590/7*i + 1944/7*j + 9/2*k, m - Q(x) = 115/28
	 adding 0 log 3

	 mu_minus = -4590/7*i + 1944/7*j + 9/2*k, m - Q(x) = 59/28
	 adding 0 log 3

	 mu_minus = -5100/7*i + 2160/7*j + 5*k, m - Q(x) = 31/7
	 adding 0 log 3

	 mu_minus = -5100/7*i + 2160/7*j + 5*k, m - Q(x) = 10/7
	 adding 0 log 2

	 mu_minus = -5610/7*i + 2376/7*j + 11/2*k, m - Q(x) = 131/28
	 adding 0 log 3

	 mu_minus = -5610/7*i + 2376/7*j + 11/2*k, m - Q(x) = 19/28
	 adding 0 log 3

	 mu_minus = -6120/7*i + 2592/7*j + 6*k, m - Q(x) = 34/7
	 adding 0 log 2

	 mu_minus = -6630/7*i + 2808/7*j + 13/2*k, m - Q(x) = 139/28
	 adding 0 log 3
Kappa_0 of 6

	 Sgcd = 102

	 mu_minus = 0, m - Q(x) = 6
	 adding 0 log 2

	 mu_minus = -510/7*i + 216/7*j + 1/2*k, m - Q(x) = 167/28
	 adding 0 log 3

	 mu_minus = -1020/7*i + 432/7*j + k, m - Q(x) = 6/7
	 adding 0 log 2

	 mu_minus = -1020/7*i + 432/7*j + k, m - Q(x) = 41/7
	 adding 0 log 3

	 mu_minus = -1530/7*i + 648/7*j + 3/2*k, m - Q(x) = 47/28
	 adding 0 log 3

	 mu_minus = -1530/7*i + 648/7*j + 3/2*k, m - Q(x) = 159/28
	 adding 2/9 log 17

	 mu_minus = -2040/7*i + 864/7*j + 2*k, m - Q(x) = 17/7
	 adding 1/2 log 3

	 mu_minus = -2040/7*i + 864/7*j + 2*k, m - Q(x) = 38/7
	 adding 0 log 2

	 mu_minus = -2550/7*i + 1080/7*j + 5/2*k, m - Q(x) = 87/28
	 adding 2/9 log 17

	 mu_minus = -2550/7*i + 1080/7*j + 5/2*k, m - Q(x) = 143/28
	 adding 0 log 3

	 mu_minus = -3060/7*i + 1296/7*j + 3*k, m - Q(x) = 26/7
	 adding 0 log 2

	 mu_minus = -3060/7*i + 1296/7*j + 3*k, m - Q(x) = 33/7
	 adding 2/9 log 17

	 mu_minus = -510*i + 216*j + 7/2*k, m - Q(x) = 17/4
	 adding 1 log 3

	 mu_minus = -510*i + 216*j + 7/2*k, m - Q(x) = 17/4
	 adding 1 log 3

	 mu_minus = -4080/7*i + 1728/7*j + 4*k, m - Q(x) = 33/7
	 adding 2/9 log 17

	 mu_minus = -4080/7*i + 1728/7*j + 4*k, m - Q(x) = 26/7
	 adding 0 log 2

	 mu_minus = -4590/7*i + 1944/7*j + 9/2*k, m - Q(x) = 143/28
	 adding 0 log 3

	 mu_minus = -4590/7*i + 1944/7*j + 9/2*k, m - Q(x) = 87/28
	 adding 2/9 log 17

	 mu_minus = -5100/7*i + 2160/7*j + 5*k, m - Q(x) = 38/7
	 adding 0 log 2

	 mu_minus = -5100/7*i + 2160/7*j + 5*k, m - Q(x) = 17/7
	 adding 1/2 log 3

	 mu_minus = -5610/7*i + 2376/7*j + 11/2*k, m - Q(x) = 159/28
	 adding 2/9 log 17

	 mu_minus = -5610/7*i + 2376/7*j + 11/2*k, m - Q(x) = 47/28
	 adding 0 log 3

	 mu_minus = -6120/7*i + 2592/7*j + 6*k, m - Q(x) = 41/7
	 adding 0 log 3

	 mu_minus = -6120/7*i + 2592/7*j + 6*k, m - Q(x) = 6/7
	 adding 0 log 2

	 mu_minus = -6630/7*i + 2808/7*j + 13/2*k, m - Q(x) = 167/28
	 adding 0 log 3
Kappa_0 of 8

	 Sgcd = 102

	 mu_minus = 0, m - Q(x) = 1
	 adding 0 log 3

	 mu_minus = 0, m - Q(x) = 8
	 adding 0 log 3

	 mu_minus = 0, m - Q(x) = 1
	 adding 0 log 3

	 mu_minus = -510/7*i + 216/7*j + 1/2*k, m - Q(x) = 55/28
	 adding 0 log 3

	 mu_minus = -510/7*i + 216/7*j + 1/2*k, m - Q(x) = 223/28
	 adding 0 log 3

	 mu_minus = -1020/7*i + 432/7*j + k, m - Q(x) = 20/7
	 adding 0 log 3

	 mu_minus = -1020/7*i + 432/7*j + k, m - Q(x) = 55/7
	 adding 0 log 3

	 mu_minus = -1530/7*i + 648/7*j + 3/2*k, m - Q(x) = 103/28
	 adding 0 log 3

	 mu_minus = -1530/7*i + 648/7*j + 3/2*k, m - Q(x) = 215/28
	 adding 0 log 3

	 mu_minus = -2040/7*i + 864/7*j + 2*k, m - Q(x) = 31/7
	 adding 0 log 3

	 mu_minus = -2040/7*i + 864/7*j + 2*k, m - Q(x) = 52/7
	 adding 0 log 3

	 mu_minus = -2550/7*i + 1080/7*j + 5/2*k, m - Q(x) = 143/28
	 adding 0 log 3

	 mu_minus = -2550/7*i + 1080/7*j + 5/2*k, m - Q(x) = 199/28
	 adding 0 log 3

	 mu_minus = -3060/7*i + 1296/7*j + 3*k, m - Q(x) = 40/7
	 adding 0 log 3

	 mu_minus = -3060/7*i + 1296/7*j + 3*k, m - Q(x) = 47/7
	 adding 0 log 3

	 mu_minus = -510*i + 216*j + 7/2*k, m - Q(x) = 25/4
	 adding 0 log 3

	 mu_minus = -510*i + 216*j + 7/2*k, m - Q(x) = 25/4
	 adding 0 log 3

	 mu_minus = -4080/7*i + 1728/7*j + 4*k, m - Q(x) = 47/7
	 adding 0 log 3

	 mu_minus = -4080/7*i + 1728/7*j + 4*k, m - Q(x) = 40/7
	 adding 0 log 3

	 mu_minus = -4590/7*i + 1944/7*j + 9/2*k, m - Q(x) = 199/28
	 adding 0 log 3

	 mu_minus = -4590/7*i + 1944/7*j + 9/2*k, m - Q(x) = 143/28
	 adding 0 log 3

	 mu_minus = -5100/7*i + 2160/7*j + 5*k, m - Q(x) = 52/7
	 adding 0 log 3

	 mu_minus = -5100/7*i + 2160/7*j + 5*k, m - Q(x) = 31/7
	 adding 0 log 3

	 mu_minus = -5610/7*i + 2376/7*j + 11/2*k, m - Q(x) = 215/28
	 adding 0 log 3

	 mu_minus = -5610/7*i + 2376/7*j + 11/2*k, m - Q(x) = 103/28
	 adding 0 log 3

	 mu_minus = -6120/7*i + 2592/7*j + 6*k, m - Q(x) = 55/7
	 adding 0 log 3

	 mu_minus = -6120/7*i + 2592/7*j + 6*k, m - Q(x) = 20/7
	 adding 0 log 3

	 mu_minus = -6630/7*i + 2808/7*j + 13/2*k, m - Q(x) = 223/28
	 adding 0 log 3

	 mu_minus = -6630/7*i + 2808/7*j + 13/2*k, m - Q(x) = 55/28
	 adding 0 log 3
Kappa_0 of 9

	 Sgcd = 102

	 mu_minus = 0, m - Q(x) = 2
	 adding 0 log 2

	 mu_minus = 0, m - Q(x) = 9
	 adding 0 log 3

	 mu_minus = 0, m - Q(x) = 2
	 adding 0 log 2

	 mu_minus = -510/7*i + 216/7*j + 1/2*k, m - Q(x) = 83/28
	 adding 0 log 3

	 mu_minus = -510/7*i + 216/7*j + 1/2*k, m - Q(x) = 251/28
	 adding 0 log 3

	 mu_minus = -510/7*i + 216/7*j + 1/2*k, m - Q(x) = 27/28
	 adding 1/9 log 17

	 mu_minus = -1020/7*i + 432/7*j + k, m - Q(x) = 27/7
	 adding 1/9 log 17

	 mu_minus = -1020/7*i + 432/7*j + k, m - Q(x) = 62/7
	 adding 0 log 2

	 mu_minus = -1530/7*i + 648/7*j + 3/2*k, m - Q(x) = 131/28
	 adding 0 log 3

	 mu_minus = -1530/7*i + 648/7*j + 3/2*k, m - Q(x) = 243/28
	 adding 1/9 log 17

	 mu_minus = -2040/7*i + 864/7*j + 2*k, m - Q(x) = 38/7
	 adding 0 log 2

	 mu_minus = -2040/7*i + 864/7*j + 2*k, m - Q(x) = 59/7
	 adding 0 log 3

	 mu_minus = -2550/7*i + 1080/7*j + 5/2*k, m - Q(x) = 171/28
	 adding 0 log 3

	 mu_minus = -2550/7*i + 1080/7*j + 5/2*k, m - Q(x) = 227/28
	 adding 0 log 3

	 mu_minus = -3060/7*i + 1296/7*j + 3*k, m - Q(x) = 47/7
	 adding 0 log 3

	 mu_minus = -3060/7*i + 1296/7*j + 3*k, m - Q(x) = 54/7
	 adding 0 log 2

	 mu_minus = -510*i + 216*j + 7/2*k, m - Q(x) = 29/4
	 adding 0 log 3

	 mu_minus = -510*i + 216*j + 7/2*k, m - Q(x) = 29/4
	 adding 0 log 3

	 mu_minus = -4080/7*i + 1728/7*j + 4*k, m - Q(x) = 54/7
	 adding 0 log 2

	 mu_minus = -4080/7*i + 1728/7*j + 4*k, m - Q(x) = 47/7
	 adding 0 log 3

	 mu_minus = -4590/7*i + 1944/7*j + 9/2*k, m - Q(x) = 227/28
	 adding 0 log 3

	 mu_minus = -4590/7*i + 1944/7*j + 9/2*k, m - Q(x) = 171/28
	 adding 0 log 3

	 mu_minus = -5100/7*i + 2160/7*j + 5*k, m - Q(x) = 59/7
	 adding 0 log 3

	 mu_minus = -5100/7*i + 2160/7*j + 5*k, m - Q(x) = 38/7
	 adding 0 log 2

	 mu_minus = -5610/7*i + 2376/7*j + 11/2*k, m - Q(x) = 243/28
	 adding 1/9 log 17

	 mu_minus = -5610/7*i + 2376/7*j + 11/2*k, m - Q(x) = 131/28
	 adding 0 log 3

	 mu_minus = -6120/7*i + 2592/7*j + 6*k, m - Q(x) = 62/7
	 adding 0 log 2

	 mu_minus = -6120/7*i + 2592/7*j + 6*k, m - Q(x) = 27/7
	 adding 1/9 log 17

	 mu_minus = -6630/7*i + 2808/7*j + 13/2*k, m - Q(x) = 27/28
	 adding 1/9 log 17

	 mu_minus = -6630/7*i + 2808/7*j + 13/2*k, m - Q(x) = 251/28
	 adding 0 log 3

	 mu_minus = -6630/7*i + 2808/7*j + 13/2*k, m - Q(x) = 83/28
	 adding 0 log 3
Kappa_0 of 11

	 Sgcd = 102

	 mu_minus = 0, m - Q(x) = 4
	 adding 0 log 3

	 mu_minus = 0, m - Q(x) = 11
	 adding 0 log 3

	 mu_minus = 0, m - Q(x) = 4
	 adding 0 log 3

	 mu_minus = -510/7*i + 216/7*j + 1/2*k, m - Q(x) = 139/28
	 adding 0 log 3

	 mu_minus = -510/7*i + 216/7*j + 1/2*k, m - Q(x) = 307/28
	 adding 0 log 3

	 mu_minus = -510/7*i + 216/7*j + 1/2*k, m - Q(x) = 83/28
	 adding 0 log 3

	 mu_minus = -1020/7*i + 432/7*j + k, m - Q(x) = 41/7
	 adding 0 log 3

	 mu_minus = -1020/7*i + 432/7*j + k, m - Q(x) = 76/7
	 adding 0 log 3

	 mu_minus = -1020/7*i + 432/7*j + k, m - Q(x) = 13/7
	 adding 0 log 3

	 mu_minus = -1530/7*i + 648/7*j + 3/2*k, m - Q(x) = 187/28
	 adding 1 log 3

	 mu_minus = -1530/7*i + 648/7*j + 3/2*k, m - Q(x) = 299/28
	 adding 0 log 3

	 mu_minus = -1530/7*i + 648/7*j + 3/2*k, m - Q(x) = 19/28
	 adding 0 log 3

	 mu_minus = -2040/7*i + 864/7*j + 2*k, m - Q(x) = 52/7
	 adding 0 log 3

	 mu_minus = -2040/7*i + 864/7*j + 2*k, m - Q(x) = 73/7
	 adding 0 log 3

	 mu_minus = -2550/7*i + 1080/7*j + 5/2*k, m - Q(x) = 227/28
	 adding 0 log 3

	 mu_minus = -2550/7*i + 1080/7*j + 5/2*k, m - Q(x) = 283/28
	 adding 0 log 3

	 mu_minus = -3060/7*i + 1296/7*j + 3*k, m - Q(x) = 61/7
	 adding 0 log 3

	 mu_minus = -3060/7*i + 1296/7*j + 3*k, m - Q(x) = 68/7
	 adding 1/2 log 3

	 mu_minus = -510*i + 216*j + 7/2*k, m - Q(x) = 37/4
	 adding 0 log 3

	 mu_minus = -510*i + 216*j + 7/2*k, m - Q(x) = 37/4
	 adding 0 log 3

	 mu_minus = -4080/7*i + 1728/7*j + 4*k, m - Q(x) = 68/7
	 adding 1/2 log 3

	 mu_minus = -4080/7*i + 1728/7*j + 4*k, m - Q(x) = 61/7
	 adding 0 log 3

	 mu_minus = -4590/7*i + 1944/7*j + 9/2*k, m - Q(x) = 283/28
	 adding 0 log 3

	 mu_minus = -4590/7*i + 1944/7*j + 9/2*k, m - Q(x) = 227/28
	 adding 0 log 3

	 mu_minus = -5100/7*i + 2160/7*j + 5*k, m - Q(x) = 73/7
	 adding 0 log 3

	 mu_minus = -5100/7*i + 2160/7*j + 5*k, m - Q(x) = 52/7
	 adding 0 log 3

	 mu_minus = -5610/7*i + 2376/7*j + 11/2*k, m - Q(x) = 19/28
	 adding 0 log 3

	 mu_minus = -5610/7*i + 2376/7*j + 11/2*k, m - Q(x) = 299/28
	 adding 0 log 3

	 mu_minus = -5610/7*i + 2376/7*j + 11/2*k, m - Q(x) = 187/28
	 adding 1 log 3

	 mu_minus = -6120/7*i + 2592/7*j + 6*k, m - Q(x) = 13/7
	 adding 0 log 3

	 mu_minus = -6120/7*i + 2592/7*j + 6*k, m - Q(x) = 76/7
	 adding 0 log 3

	 mu_minus = -6120/7*i + 2592/7*j + 6*k, m - Q(x) = 41/7
	 adding 0 log 3

	 mu_minus = -6630/7*i + 2808/7*j + 13/2*k, m - Q(x) = 83/28
	 adding 0 log 3

	 mu_minus = -6630/7*i + 2808/7*j + 13/2*k, m - Q(x) = 307/28
	 adding 0 log 3

	 mu_minus = -6630/7*i + 2808/7*j + 13/2*k, m - Q(x) = 139/28
	 adding 0 log 3
Kappa_0 of 14

	 Sgcd = 102

	 mu_minus = 0, m - Q(x) = 7
	 adding 0 log 3

	 mu_minus = 0, m - Q(x) = 14
	 adding 0 log 2

	 mu_minus = 0, m - Q(x) = 7
	 adding 0 log 3

	 mu_minus = -510/7*i + 216/7*j + 1/2*k, m - Q(x) = 223/28
	 adding 0 log 3

	 mu_minus = -510/7*i + 216/7*j + 1/2*k, m - Q(x) = 391/28
	 adding 1 log 3

	 mu_minus = -510/7*i + 216/7*j + 1/2*k, m - Q(x) = 167/28
	 adding 0 log 3

	 mu_minus = -1020/7*i + 432/7*j + k, m - Q(x) = 62/7
	 adding 0 log 2

	 mu_minus = -1020/7*i + 432/7*j + k, m - Q(x) = 97/7
	 adding 0 log 3

	 mu_minus = -1020/7*i + 432/7*j + k, m - Q(x) = 34/7
	 adding 0 log 2

	 mu_minus = -1530/7*i + 648/7*j + 3/2*k, m - Q(x) = 271/28
	 adding 0 log 3

	 mu_minus = -1530/7*i + 648/7*j + 3/2*k, m - Q(x) = 383/28
	 adding 0 log 3

	 mu_minus = -1530/7*i + 648/7*j + 3/2*k, m - Q(x) = 103/28
	 adding 0 log 3

	 mu_minus = -2040/7*i + 864/7*j + 2*k, m - Q(x) = 73/7
	 adding 0 log 3

	 mu_minus = -2040/7*i + 864/7*j + 2*k, m - Q(x) = 94/7
	 adding 0 log 2

	 mu_minus = -2040/7*i + 864/7*j + 2*k, m - Q(x) = 17/7
	 adding 1/2 log 3

	 mu_minus = -2550/7*i + 1080/7*j + 5/2*k, m - Q(x) = 311/28
	 adding 0 log 3

	 mu_minus = -2550/7*i + 1080/7*j + 5/2*k, m - Q(x) = 367/28
	 adding 0 log 3

	 mu_minus = -2550/7*i + 1080/7*j + 5/2*k, m - Q(x) = 31/28
	 adding 0 log 3

	 mu_minus = -3060/7*i + 1296/7*j + 3*k, m - Q(x) = 82/7
	 adding 0 log 2

	 mu_minus = -3060/7*i + 1296/7*j + 3*k, m - Q(x) = 89/7
	 adding 0 log 3

	 mu_minus = -510*i + 216*j + 7/2*k, m - Q(x) = 49/4
	 adding 0 log 3

	 mu_minus = -510*i + 216*j + 7/2*k, m - Q(x) = 49/4
	 adding 0 log 3

	 mu_minus = -4080/7*i + 1728/7*j + 4*k, m - Q(x) = 89/7
	 adding 0 log 3

	 mu_minus = -4080/7*i + 1728/7*j + 4*k, m - Q(x) = 82/7
	 adding 0 log 2

	 mu_minus = -4590/7*i + 1944/7*j + 9/2*k, m - Q(x) = 31/28
	 adding 0 log 3

	 mu_minus = -4590/7*i + 1944/7*j + 9/2*k, m - Q(x) = 367/28
	 adding 0 log 3

	 mu_minus = -4590/7*i + 1944/7*j + 9/2*k, m - Q(x) = 311/28
	 adding 0 log 3

	 mu_minus = -5100/7*i + 2160/7*j + 5*k, m - Q(x) = 17/7
	 adding 1/2 log 3

	 mu_minus = -5100/7*i + 2160/7*j + 5*k, m - Q(x) = 94/7
	 adding 0 log 2

	 mu_minus = -5100/7*i + 2160/7*j + 5*k, m - Q(x) = 73/7
	 adding 0 log 3

	 mu_minus = -5610/7*i + 2376/7*j + 11/2*k, m - Q(x) = 103/28
	 adding 0 log 3

	 mu_minus = -5610/7*i + 2376/7*j + 11/2*k, m - Q(x) = 383/28
	 adding 0 log 3

	 mu_minus = -5610/7*i + 2376/7*j + 11/2*k, m - Q(x) = 271/28
	 adding 0 log 3

	 mu_minus = -6120/7*i + 2592/7*j + 6*k, m - Q(x) = 34/7
	 adding 0 log 2

	 mu_minus = -6120/7*i + 2592/7*j + 6*k, m - Q(x) = 97/7
	 adding 0 log 3

	 mu_minus = -6120/7*i + 2592/7*j + 6*k, m - Q(x) = 62/7
	 adding 0 log 2

	 mu_minus = -6630/7*i + 2808/7*j + 13/2*k, m - Q(x) = 167/28
	 adding 0 log 3

	 mu_minus = -6630/7*i + 2808/7*j + 13/2*k, m - Q(x) = 391/28
	 adding 1 log 3

	 mu_minus = -6630/7*i + 2808/7*j + 13/2*k, m - Q(x) = 223/28
	 adding 0 log 3
Kappa_0 of 45

	 Sgcd = 102

	 mu_minus = 0, m - Q(x) = 17
	 adding 1 log 3

	 mu_minus = 0, m - Q(x) = 38
	 adding 0 log 2

	 mu_minus = 0, m - Q(x) = 45
	 adding 0 log 3

	 mu_minus = 0, m - Q(x) = 38
	 adding 0 log 2

	 mu_minus = 0, m - Q(x) = 17
	 adding 1 log 3

	 mu_minus = -510/7*i + 216/7*j + 1/2*k, m - Q(x) = 531/28
	 adding 0 log 3

	 mu_minus = -510/7*i + 216/7*j + 1/2*k, m - Q(x) = 1091/28
	 adding 0 log 3

	 mu_minus = -510/7*i + 216/7*j + 1/2*k, m - Q(x) = 1259/28
	 adding 0 log 3

	 mu_minus = -510/7*i + 216/7*j + 1/2*k, m - Q(x) = 1035/28
	 adding 0 log 3

	 mu_minus = -510/7*i + 216/7*j + 1/2*k, m - Q(x) = 419/28
	 adding 0 log 3

	 mu_minus = -1020/7*i + 432/7*j + k, m - Q(x) = 146/7
	 adding 0 log 2

	 mu_minus = -1020/7*i + 432/7*j + k, m - Q(x) = 279/7
	 adding 0 log 3

	 mu_minus = -1020/7*i + 432/7*j + k, m - Q(x) = 314/7
	 adding 0 log 2

	 mu_minus = -1020/7*i + 432/7*j + k, m - Q(x) = 251/7
	 adding 0 log 3

	 mu_minus = -1020/7*i + 432/7*j + k, m - Q(x) = 90/7
	 adding 0 log 2

	 mu_minus = -1530/7*i + 648/7*j + 3/2*k, m - Q(x) = 635/28
	 adding 0 log 3

	 mu_minus = -1530/7*i + 648/7*j + 3/2*k, m - Q(x) = 1139/28
	 adding 1 log 3

	 mu_minus = -1530/7*i + 648/7*j + 3/2*k, m - Q(x) = 1251/28
	 adding 0 log 3

	 mu_minus = -1530/7*i + 648/7*j + 3/2*k, m - Q(x) = 971/28
	 adding 0 log 3

	 mu_minus = -1530/7*i + 648/7*j + 3/2*k, m - Q(x) = 299/28
	 adding 0 log 3

	 mu_minus = -2040/7*i + 864/7*j + 2*k, m - Q(x) = 171/7
	 adding 0 log 3

	 mu_minus = -2040/7*i + 864/7*j + 2*k, m - Q(x) = 290/7
	 adding 0 log 2

	 mu_minus = -2040/7*i + 864/7*j + 2*k, m - Q(x) = 311/7
	 adding 0 log 3

	 mu_minus = -2040/7*i + 864/7*j + 2*k, m - Q(x) = 234/7
	 adding 0 log 2

	 mu_minus = -2040/7*i + 864/7*j + 2*k, m - Q(x) = 59/7
	 adding 0 log 3

	 mu_minus = -2550/7*i + 1080/7*j + 5/2*k, m - Q(x) = 731/28
	 adding 1 log 3

	 mu_minus = -2550/7*i + 1080/7*j + 5/2*k, m - Q(x) = 1179/28
	 adding 0 log 3

	 mu_minus = -2550/7*i + 1080/7*j + 5/2*k, m - Q(x) = 1235/28
	 adding 0 log 3

	 mu_minus = -2550/7*i + 1080/7*j + 5/2*k, m - Q(x) = 899/28
	 adding 0 log 3

	 mu_minus = -2550/7*i + 1080/7*j + 5/2*k, m - Q(x) = 171/28
	 adding 0 log 3

	 mu_minus = -3060/7*i + 1296/7*j + 3*k, m - Q(x) = 194/7
	 adding 0 log 2

	 mu_minus = -3060/7*i + 1296/7*j + 3*k, m - Q(x) = 299/7
	 adding 0 log 3

	 mu_minus = -3060/7*i + 1296/7*j + 3*k, m - Q(x) = 306/7
	 adding 0 log 2

	 mu_minus = -3060/7*i + 1296/7*j + 3*k, m - Q(x) = 215/7
	 adding 0 log 3

	 mu_minus = -3060/7*i + 1296/7*j + 3*k, m - Q(x) = 26/7
	 adding 0 log 2

	 mu_minus = -510*i + 216*j + 7/2*k, m - Q(x) = 5/4
	 adding 0 log 3

	 mu_minus = -510*i + 216*j + 7/2*k, m - Q(x) = 117/4
	 adding 0 log 3

	 mu_minus = -510*i + 216*j + 7/2*k, m - Q(x) = 173/4
	 adding 0 log 3

	 mu_minus = -510*i + 216*j + 7/2*k, m - Q(x) = 173/4
	 adding 0 log 3

	 mu_minus = -510*i + 216*j + 7/2*k, m - Q(x) = 117/4
	 adding 0 log 3

	 mu_minus = -510*i + 216*j + 7/2*k, m - Q(x) = 5/4
	 adding 0 log 3

	 mu_minus = -4080/7*i + 1728/7*j + 4*k, m - Q(x) = 26/7
	 adding 0 log 2

	 mu_minus = -4080/7*i + 1728/7*j + 4*k, m - Q(x) = 215/7
	 adding 0 log 3

	 mu_minus = -4080/7*i + 1728/7*j + 4*k, m - Q(x) = 306/7
	 adding 0 log 2

	 mu_minus = -4080/7*i + 1728/7*j + 4*k, m - Q(x) = 299/7
	 adding 0 log 3

	 mu_minus = -4080/7*i + 1728/7*j + 4*k, m - Q(x) = 194/7
	 adding 0 log 2

	 mu_minus = -4590/7*i + 1944/7*j + 9/2*k, m - Q(x) = 171/28
	 adding 0 log 3

	 mu_minus = -4590/7*i + 1944/7*j + 9/2*k, m - Q(x) = 899/28
	 adding 0 log 3

	 mu_minus = -4590/7*i + 1944/7*j + 9/2*k, m - Q(x) = 1235/28
	 adding 0 log 3

	 mu_minus = -4590/7*i + 1944/7*j + 9/2*k, m - Q(x) = 1179/28
	 adding 0 log 3

	 mu_minus = -4590/7*i + 1944/7*j + 9/2*k, m - Q(x) = 731/28
	 adding 1 log 3

	 mu_minus = -5100/7*i + 2160/7*j + 5*k, m - Q(x) = 59/7
	 adding 0 log 3

	 mu_minus = -5100/7*i + 2160/7*j + 5*k, m - Q(x) = 234/7
	 adding 0 log 2

	 mu_minus = -5100/7*i + 2160/7*j + 5*k, m - Q(x) = 311/7
	 adding 0 log 3

	 mu_minus = -5100/7*i + 2160/7*j + 5*k, m - Q(x) = 290/7
	 adding 0 log 2

	 mu_minus = -5100/7*i + 2160/7*j + 5*k, m - Q(x) = 171/7
	 adding 0 log 3

	 mu_minus = -5610/7*i + 2376/7*j + 11/2*k, m - Q(x) = 299/28
	 adding 0 log 3

	 mu_minus = -5610/7*i + 2376/7*j + 11/2*k, m - Q(x) = 971/28
	 adding 0 log 3

	 mu_minus = -5610/7*i + 2376/7*j + 11/2*k, m - Q(x) = 1251/28
	 adding 0 log 3

	 mu_minus = -5610/7*i + 2376/7*j + 11/2*k, m - Q(x) = 1139/28
	 adding 1 log 3

	 mu_minus = -5610/7*i + 2376/7*j + 11/2*k, m - Q(x) = 635/28
	 adding 0 log 3

	 mu_minus = -6120/7*i + 2592/7*j + 6*k, m - Q(x) = 90/7
	 adding 0 log 2

	 mu_minus = -6120/7*i + 2592/7*j + 6*k, m - Q(x) = 251/7
	 adding 0 log 3

	 mu_minus = -6120/7*i + 2592/7*j + 6*k, m - Q(x) = 314/7
	 adding 0 log 2

	 mu_minus = -6120/7*i + 2592/7*j + 6*k, m - Q(x) = 279/7
	 adding 0 log 3

	 mu_minus = -6120/7*i + 2592/7*j + 6*k, m - Q(x) = 146/7
	 adding 0 log 2

	 mu_minus = -6630/7*i + 2808/7*j + 13/2*k, m - Q(x) = 419/28
	 adding 0 log 3

	 mu_minus = -6630/7*i + 2808/7*j + 13/2*k, m - Q(x) = 1035/28
	 adding 0 log 3

	 mu_minus = -6630/7*i + 2808/7*j + 13/2*k, m - Q(x) = 1259/28
	 adding 0 log 3

	 mu_minus = -6630/7*i + 2808/7*j + 13/2*k, m - Q(x) = 1091/28
	 adding 0 log 3

	 mu_minus = -6630/7*i + 2808/7*j + 13/2*k, m - Q(x) = 531/28
	 adding 0 log 3
Kappa_0 of 17

	 Sgcd = 102

	 mu_minus = 0, m - Q(x) = 10
	 adding 0 log 2

	 mu_minus = 0, m - Q(x) = 17
	 adding 1 log 3

	 mu_minus = 0, m - Q(x) = 10
	 adding 0 log 2

	 mu_minus = -510/7*i + 216/7*j + 1/2*k, m - Q(x) = 307/28
	 adding 0 log 3

	 mu_minus = -510/7*i + 216/7*j + 1/2*k, m - Q(x) = 475/28
	 adding 0 log 3

	 mu_minus = -510/7*i + 216/7*j + 1/2*k, m - Q(x) = 251/28
	 adding 0 log 3

	 mu_minus = -1020/7*i + 432/7*j + k, m - Q(x) = 83/7
	 adding 0 log 3

	 mu_minus = -1020/7*i + 432/7*j + k, m - Q(x) = 118/7
	 adding 0 log 2

	 mu_minus = -1020/7*i + 432/7*j + k, m - Q(x) = 55/7
	 adding 0 log 3

	 mu_minus = -1530/7*i + 648/7*j + 3/2*k, m - Q(x) = 355/28
	 adding 0 log 3

	 mu_minus = -1530/7*i + 648/7*j + 3/2*k, m - Q(x) = 467/28
	 adding 0 log 3

	 mu_minus = -1530/7*i + 648/7*j + 3/2*k, m - Q(x) = 187/28
	 adding 1 log 3

	 mu_minus = -2040/7*i + 864/7*j + 2*k, m - Q(x) = 94/7
	 adding 0 log 2

	 mu_minus = -2040/7*i + 864/7*j + 2*k, m - Q(x) = 115/7
	 adding 0 log 3

	 mu_minus = -2040/7*i + 864/7*j + 2*k, m - Q(x) = 38/7
	 adding 0 log 2

	 mu_minus = -2550/7*i + 1080/7*j + 5/2*k, m - Q(x) = 395/28
	 adding 0 log 3

	 mu_minus = -2550/7*i + 1080/7*j + 5/2*k, m - Q(x) = 451/28
	 adding 0 log 3

	 mu_minus = -2550/7*i + 1080/7*j + 5/2*k, m - Q(x) = 115/28
	 adding 0 log 3

	 mu_minus = -3060/7*i + 1296/7*j + 3*k, m - Q(x) = 103/7
	 adding 0 log 3

	 mu_minus = -3060/7*i + 1296/7*j + 3*k, m - Q(x) = 110/7
	 adding 0 log 2

	 mu_minus = -3060/7*i + 1296/7*j + 3*k, m - Q(x) = 19/7
	 adding 0 log 3

	 mu_minus = -510*i + 216*j + 7/2*k, m - Q(x) = 5/4
	 adding 0 log 3

	 mu_minus = -510*i + 216*j + 7/2*k, m - Q(x) = 61/4
	 adding 0 log 3

	 mu_minus = -510*i + 216*j + 7/2*k, m - Q(x) = 61/4
	 adding 0 log 3

	 mu_minus = -510*i + 216*j + 7/2*k, m - Q(x) = 5/4
	 adding 0 log 3

	 mu_minus = -4080/7*i + 1728/7*j + 4*k, m - Q(x) = 19/7
	 adding 0 log 3

	 mu_minus = -4080/7*i + 1728/7*j + 4*k, m - Q(x) = 110/7
	 adding 0 log 2

	 mu_minus = -4080/7*i + 1728/7*j + 4*k, m - Q(x) = 103/7
	 adding 0 log 3

	 mu_minus = -4590/7*i + 1944/7*j + 9/2*k, m - Q(x) = 115/28
	 adding 0 log 3

	 mu_minus = -4590/7*i + 1944/7*j + 9/2*k, m - Q(x) = 451/28
	 adding 0 log 3

	 mu_minus = -4590/7*i + 1944/7*j + 9/2*k, m - Q(x) = 395/28
	 adding 0 log 3

	 mu_minus = -5100/7*i + 2160/7*j + 5*k, m - Q(x) = 38/7
	 adding 0 log 2

	 mu_minus = -5100/7*i + 2160/7*j + 5*k, m - Q(x) = 115/7
	 adding 0 log 3

	 mu_minus = -5100/7*i + 2160/7*j + 5*k, m - Q(x) = 94/7
	 adding 0 log 2

	 mu_minus = -5610/7*i + 2376/7*j + 11/2*k, m - Q(x) = 187/28
	 adding 1 log 3

	 mu_minus = -5610/7*i + 2376/7*j + 11/2*k, m - Q(x) = 467/28
	 adding 0 log 3

	 mu_minus = -5610/7*i + 2376/7*j + 11/2*k, m - Q(x) = 355/28
	 adding 0 log 3

	 mu_minus = -6120/7*i + 2592/7*j + 6*k, m - Q(x) = 55/7
	 adding 0 log 3

	 mu_minus = -6120/7*i + 2592/7*j + 6*k, m - Q(x) = 118/7
	 adding 0 log 2

	 mu_minus = -6120/7*i + 2592/7*j + 6*k, m - Q(x) = 83/7
	 adding 0 log 3

	 mu_minus = -6630/7*i + 2808/7*j + 13/2*k, m - Q(x) = 251/28
	 adding 0 log 3

	 mu_minus = -6630/7*i + 2808/7*j + 13/2*k, m - Q(x) = 475/28
	 adding 0 log 3

	 mu_minus = -6630/7*i + 2808/7*j + 13/2*k, m - Q(x) = 307/28
	 adding 0 log 3
Kappa_0 of 20

	 Sgcd = 102

	 mu_minus = 0, m - Q(x) = 13
	 adding 0 log 3

	 mu_minus = 0, m - Q(x) = 20
	 adding 0 log 3

	 mu_minus = 0, m - Q(x) = 13
	 adding 0 log 3

	 mu_minus = -510/7*i + 216/7*j + 1/2*k, m - Q(x) = 391/28
	 adding 1 log 3

	 mu_minus = -510/7*i + 216/7*j + 1/2*k, m - Q(x) = 559/28
	 adding 0 log 3

	 mu_minus = -510/7*i + 216/7*j + 1/2*k, m - Q(x) = 335/28
	 adding 0 log 3

	 mu_minus = -1020/7*i + 432/7*j + k, m - Q(x) = 104/7
	 adding 0 log 3

	 mu_minus = -1020/7*i + 432/7*j + k, m - Q(x) = 139/7
	 adding 0 log 3

	 mu_minus = -1020/7*i + 432/7*j + k, m - Q(x) = 76/7
	 adding 0 log 3

	 mu_minus = -1530/7*i + 648/7*j + 3/2*k, m - Q(x) = 439/28
	 adding 0 log 3

	 mu_minus = -1530/7*i + 648/7*j + 3/2*k, m - Q(x) = 551/28
	 adding 0 log 3

	 mu_minus = -1530/7*i + 648/7*j + 3/2*k, m - Q(x) = 271/28
	 adding 0 log 3

	 mu_minus = -2040/7*i + 864/7*j + 2*k, m - Q(x) = 115/7
	 adding 0 log 3

	 mu_minus = -2040/7*i + 864/7*j + 2*k, m - Q(x) = 136/7
	 adding 1 log 3

	 mu_minus = -2040/7*i + 864/7*j + 2*k, m - Q(x) = 59/7
	 adding 0 log 3

	 mu_minus = -2550/7*i + 1080/7*j + 5/2*k, m - Q(x) = 31/28
	 adding 0 log 3

	 mu_minus = -2550/7*i + 1080/7*j + 5/2*k, m - Q(x) = 479/28
	 adding 0 log 3

	 mu_minus = -2550/7*i + 1080/7*j + 5/2*k, m - Q(x) = 535/28
	 adding 0 log 3

	 mu_minus = -2550/7*i + 1080/7*j + 5/2*k, m - Q(x) = 199/28
	 adding 0 log 3

	 mu_minus = -3060/7*i + 1296/7*j + 3*k, m - Q(x) = 19/7
	 adding 0 log 3

	 mu_minus = -3060/7*i + 1296/7*j + 3*k, m - Q(x) = 124/7
	 adding 0 log 3

	 mu_minus = -3060/7*i + 1296/7*j + 3*k, m - Q(x) = 131/7
	 adding 0 log 3

	 mu_minus = -3060/7*i + 1296/7*j + 3*k, m - Q(x) = 40/7
	 adding 0 log 3

	 mu_minus = -510*i + 216*j + 7/2*k, m - Q(x) = 17/4
	 adding 1 log 3

	 mu_minus = -510*i + 216*j + 7/2*k, m - Q(x) = 73/4
	 adding 0 log 3

	 mu_minus = -510*i + 216*j + 7/2*k, m - Q(x) = 73/4
	 adding 0 log 3

	 mu_minus = -510*i + 216*j + 7/2*k, m - Q(x) = 17/4
	 adding 1 log 3

	 mu_minus = -4080/7*i + 1728/7*j + 4*k, m - Q(x) = 40/7
	 adding 0 log 3

	 mu_minus = -4080/7*i + 1728/7*j + 4*k, m - Q(x) = 131/7
	 adding 0 log 3

	 mu_minus = -4080/7*i + 1728/7*j + 4*k, m - Q(x) = 124/7
	 adding 0 log 3

	 mu_minus = -4080/7*i + 1728/7*j + 4*k, m - Q(x) = 19/7
	 adding 0 log 3

	 mu_minus = -4590/7*i + 1944/7*j + 9/2*k, m - Q(x) = 199/28
	 adding 0 log 3

	 mu_minus = -4590/7*i + 1944/7*j + 9/2*k, m - Q(x) = 535/28
	 adding 0 log 3

	 mu_minus = -4590/7*i + 1944/7*j + 9/2*k, m - Q(x) = 479/28
	 adding 0 log 3

	 mu_minus = -4590/7*i + 1944/7*j + 9/2*k, m - Q(x) = 31/28
	 adding 0 log 3

	 mu_minus = -5100/7*i + 2160/7*j + 5*k, m - Q(x) = 59/7
	 adding 0 log 3

	 mu_minus = -5100/7*i + 2160/7*j + 5*k, m - Q(x) = 136/7
	 adding 1 log 3

	 mu_minus = -5100/7*i + 2160/7*j + 5*k, m - Q(x) = 115/7
	 adding 0 log 3

	 mu_minus = -5610/7*i + 2376/7*j + 11/2*k, m - Q(x) = 271/28
	 adding 0 log 3

	 mu_minus = -5610/7*i + 2376/7*j + 11/2*k, m - Q(x) = 551/28
	 adding 0 log 3

	 mu_minus = -5610/7*i + 2376/7*j + 11/2*k, m - Q(x) = 439/28
	 adding 0 log 3

	 mu_minus = -6120/7*i + 2592/7*j + 6*k, m - Q(x) = 76/7
	 adding 0 log 3

	 mu_minus = -6120/7*i + 2592/7*j + 6*k, m - Q(x) = 139/7
	 adding 0 log 3

	 mu_minus = -6120/7*i + 2592/7*j + 6*k, m - Q(x) = 104/7
	 adding 0 log 3

	 mu_minus = -6630/7*i + 2808/7*j + 13/2*k, m - Q(x) = 335/28
	 adding 0 log 3

	 mu_minus = -6630/7*i + 2808/7*j + 13/2*k, m - Q(x) = 559/28
	 adding 0 log 3

	 mu_minus = -6630/7*i + 2808/7*j + 13/2*k, m - Q(x) = 391/28
	 adding 1 log 3
Kappa_0 of 51

	 Sgcd = 102

	 mu_minus = 0, m - Q(x) = 23
	 adding 0 log 3

	 mu_minus = 0, m - Q(x) = 44
	 adding 0 log 3

	 mu_minus = 0, m - Q(x) = 51
	 adding 2 log 7

	 mu_minus = 0, m - Q(x) = 44
	 adding 0 log 3

	 mu_minus = 0, m - Q(x) = 23
	 adding 0 log 3

	 mu_minus = -510/7*i + 216/7*j + 1/2*k, m - Q(x) = 699/28
	 adding 2/9 log 17

	 mu_minus = -510/7*i + 216/7*j + 1/2*k, m - Q(x) = 1259/28
	 adding 0 log 3

	 mu_minus = -510/7*i + 216/7*j + 1/2*k, m - Q(x) = 1427/28
	 adding 0 log 3

	 mu_minus = -510/7*i + 216/7*j + 1/2*k, m - Q(x) = 1203/28
	 adding 2/9 log 17

	 mu_minus = -510/7*i + 216/7*j + 1/2*k, m - Q(x) = 587/28
	 adding 0 log 3

	 mu_minus = -1020/7*i + 432/7*j + k, m - Q(x) = 188/7
	 adding 0 log 3

	 mu_minus = -1020/7*i + 432/7*j + k, m - Q(x) = 321/7
	 adding 2/9 log 17

	 mu_minus = -1020/7*i + 432/7*j + k, m - Q(x) = 356/7
	 adding 0 log 3

	 mu_minus = -1020/7*i + 432/7*j + k, m - Q(x) = 293/7
	 adding 0 log 3

	 mu_minus = -1020/7*i + 432/7*j + k, m - Q(x) = 132/7
	 adding 2/9 log 17

	 mu_minus = -1530/7*i + 648/7*j + 3/2*k, m - Q(x) = 803/28
	 adding 0 log 3

	 mu_minus = -1530/7*i + 648/7*j + 3/2*k, m - Q(x) = 1307/28
	 adding 0 log 3

	 mu_minus = -1530/7*i + 648/7*j + 3/2*k, m - Q(x) = 1419/28
	 adding 4/9 log 17

	 mu_minus = -1530/7*i + 648/7*j + 3/2*k, m - Q(x) = 1139/28
	 adding 1 log 3

	 mu_minus = -1530/7*i + 648/7*j + 3/2*k, m - Q(x) = 467/28
	 adding 0 log 3

	 mu_minus = -2040/7*i + 864/7*j + 2*k, m - Q(x) = 213/7
	 adding 2/9 log 17

	 mu_minus = -2040/7*i + 864/7*j + 2*k, m - Q(x) = 332/7
	 adding 0 log 3

	 mu_minus = -2040/7*i + 864/7*j + 2*k, m - Q(x) = 353/7
	 adding 0 log 3

	 mu_minus = -2040/7*i + 864/7*j + 2*k, m - Q(x) = 276/7
	 adding 2/9 log 17

	 mu_minus = -2040/7*i + 864/7*j + 2*k, m - Q(x) = 101/7
	 adding 0 log 3

	 mu_minus = -2550/7*i + 1080/7*j + 5/2*k, m - Q(x) = 59/28
	 adding 0 log 3

	 mu_minus = -2550/7*i + 1080/7*j + 5/2*k, m - Q(x) = 899/28
	 adding 0 log 3

	 mu_minus = -2550/7*i + 1080/7*j + 5/2*k, m - Q(x) = 1347/28
	 adding 2/9 log 17

	 mu_minus = -2550/7*i + 1080/7*j + 5/2*k, m - Q(x) = 1403/28
	 adding 0 log 3

	 mu_minus = -2550/7*i + 1080/7*j + 5/2*k, m - Q(x) = 1067/28
	 adding 0 log 3

	 mu_minus = -2550/7*i + 1080/7*j + 5/2*k, m - Q(x) = 339/28
	 adding 2/9 log 17

	 mu_minus = -3060/7*i + 1296/7*j + 3*k, m - Q(x) = 33/7
	 adding 2/9 log 17

	 mu_minus = -3060/7*i + 1296/7*j + 3*k, m - Q(x) = 236/7
	 adding 0 log 3

	 mu_minus = -3060/7*i + 1296/7*j + 3*k, m - Q(x) = 341/7
	 adding 0 log 3

	 mu_minus = -3060/7*i + 1296/7*j + 3*k, m - Q(x) = 348/7
	 adding 2/9 log 17

	 mu_minus = -3060/7*i + 1296/7*j + 3*k, m - Q(x) = 257/7
	 adding 0 log 3

	 mu_minus = -3060/7*i + 1296/7*j + 3*k, m - Q(x) = 68/7
	 adding 1/2 log 3

	 mu_minus = -510*i + 216*j + 7/2*k, m - Q(x) = 29/4
	 adding 0 log 3

	 mu_minus = -510*i + 216*j + 7/2*k, m - Q(x) = 141/4
	 adding 0 log 7

	 mu_minus = -510*i + 216*j + 7/2*k, m - Q(x) = 197/4
	 adding 0 log 3

	 mu_minus = -510*i + 216*j + 7/2*k, m - Q(x) = 197/4
	 adding 0 log 3

	 mu_minus = -510*i + 216*j + 7/2*k, m - Q(x) = 141/4
	 adding 0 log 7

	 mu_minus = -510*i + 216*j + 7/2*k, m - Q(x) = 29/4
	 adding 0 log 3

	 mu_minus = -4080/7*i + 1728/7*j + 4*k, m - Q(x) = 68/7
	 adding 1/2 log 3

	 mu_minus = -4080/7*i + 1728/7*j + 4*k, m - Q(x) = 257/7
	 adding 0 log 3

	 mu_minus = -4080/7*i + 1728/7*j + 4*k, m - Q(x) = 348/7
	 adding 2/9 log 17

	 mu_minus = -4080/7*i + 1728/7*j + 4*k, m - Q(x) = 341/7
	 adding 0 log 3

	 mu_minus = -4080/7*i + 1728/7*j + 4*k, m - Q(x) = 236/7
	 adding 0 log 3

	 mu_minus = -4080/7*i + 1728/7*j + 4*k, m - Q(x) = 33/7
	 adding 2/9 log 17

	 mu_minus = -4590/7*i + 1944/7*j + 9/2*k, m - Q(x) = 339/28
	 adding 2/9 log 17

	 mu_minus = -4590/7*i + 1944/7*j + 9/2*k, m - Q(x) = 1067/28
	 adding 0 log 3

	 mu_minus = -4590/7*i + 1944/7*j + 9/2*k, m - Q(x) = 1403/28
	 adding 0 log 3

	 mu_minus = -4590/7*i + 1944/7*j + 9/2*k, m - Q(x) = 1347/28
	 adding 2/9 log 17

	 mu_minus = -4590/7*i + 1944/7*j + 9/2*k, m - Q(x) = 899/28
	 adding 0 log 3

	 mu_minus = -4590/7*i + 1944/7*j + 9/2*k, m - Q(x) = 59/28
	 adding 0 log 3

	 mu_minus = -5100/7*i + 2160/7*j + 5*k, m - Q(x) = 101/7
	 adding 0 log 3

	 mu_minus = -5100/7*i + 2160/7*j + 5*k, m - Q(x) = 276/7
	 adding 2/9 log 17

	 mu_minus = -5100/7*i + 2160/7*j + 5*k, m - Q(x) = 353/7
	 adding 0 log 3

	 mu_minus = -5100/7*i + 2160/7*j + 5*k, m - Q(x) = 332/7
	 adding 0 log 3

	 mu_minus = -5100/7*i + 2160/7*j + 5*k, m - Q(x) = 213/7
	 adding 2/9 log 17

	 mu_minus = -5610/7*i + 2376/7*j + 11/2*k, m - Q(x) = 467/28
	 adding 0 log 3

	 mu_minus = -5610/7*i + 2376/7*j + 11/2*k, m - Q(x) = 1139/28
	 adding 1 log 3

	 mu_minus = -5610/7*i + 2376/7*j + 11/2*k, m - Q(x) = 1419/28
	 adding 4/9 log 17

	 mu_minus = -5610/7*i + 2376/7*j + 11/2*k, m - Q(x) = 1307/28
	 adding 0 log 3

	 mu_minus = -5610/7*i + 2376/7*j + 11/2*k, m - Q(x) = 803/28
	 adding 0 log 3

	 mu_minus = -6120/7*i + 2592/7*j + 6*k, m - Q(x) = 132/7
	 adding 2/9 log 17

	 mu_minus = -6120/7*i + 2592/7*j + 6*k, m - Q(x) = 293/7
	 adding 0 log 3

	 mu_minus = -6120/7*i + 2592/7*j + 6*k, m - Q(x) = 356/7
	 adding 0 log 3

	 mu_minus = -6120/7*i + 2592/7*j + 6*k, m - Q(x) = 321/7
	 adding 2/9 log 17

	 mu_minus = -6120/7*i + 2592/7*j + 6*k, m - Q(x) = 188/7
	 adding 0 log 3

	 mu_minus = -6630/7*i + 2808/7*j + 13/2*k, m - Q(x) = 587/28
	 adding 0 log 3

	 mu_minus = -6630/7*i + 2808/7*j + 13/2*k, m - Q(x) = 1203/28
	 adding 2/9 log 17

	 mu_minus = -6630/7*i + 2808/7*j + 13/2*k, m - Q(x) = 1427/28
	 adding 0 log 3

	 mu_minus = -6630/7*i + 2808/7*j + 13/2*k, m - Q(x) = 1259/28
	 adding 0 log 3

	 mu_minus = -6630/7*i + 2808/7*j + 13/2*k, m - Q(x) = 699/28
	 adding 2/9 log 17
Kappa_0 of 23

	 Sgcd = 102

	 mu_minus = 0, m - Q(x) = 16
	 adding 0 log 3

	 mu_minus = 0, m - Q(x) = 23
	 adding 0 log 3

	 mu_minus = 0, m - Q(x) = 16
	 adding 0 log 3

	 mu_minus = -510/7*i + 216/7*j + 1/2*k, m - Q(x) = 475/28
	 adding 0 log 3

	 mu_minus = -510/7*i + 216/7*j + 1/2*k, m - Q(x) = 643/28
	 adding 0 log 3

	 mu_minus = -510/7*i + 216/7*j + 1/2*k, m - Q(x) = 419/28
	 adding 0 log 3

	 mu_minus = -1020/7*i + 432/7*j + k, m - Q(x) = 125/7
	 adding 0 log 3

	 mu_minus = -1020/7*i + 432/7*j + k, m - Q(x) = 160/7
	 adding 0 log 3

	 mu_minus = -1020/7*i + 432/7*j + k, m - Q(x) = 97/7
	 adding 0 log 3

	 mu_minus = -1530/7*i + 648/7*j + 3/2*k, m - Q(x) = 19/28
	 adding 0 log 3

	 mu_minus = -1530/7*i + 648/7*j + 3/2*k, m - Q(x) = 523/28
	 adding 0 log 3

	 mu_minus = -1530/7*i + 648/7*j + 3/2*k, m - Q(x) = 635/28
	 adding 0 log 3

	 mu_minus = -1530/7*i + 648/7*j + 3/2*k, m - Q(x) = 355/28
	 adding 0 log 3

	 mu_minus = -2040/7*i + 864/7*j + 2*k, m - Q(x) = 17/7
	 adding 1/2 log 3

	 mu_minus = -2040/7*i + 864/7*j + 2*k, m - Q(x) = 136/7
	 adding 1 log 3

	 mu_minus = -2040/7*i + 864/7*j + 2*k, m - Q(x) = 157/7
	 adding 0 log 3

	 mu_minus = -2040/7*i + 864/7*j + 2*k, m - Q(x) = 80/7
	 adding 0 log 3

	 mu_minus = -2550/7*i + 1080/7*j + 5/2*k, m - Q(x) = 115/28
	 adding 0 log 3

	 mu_minus = -2550/7*i + 1080/7*j + 5/2*k, m - Q(x) = 563/28
	 adding 0 log 3

	 mu_minus = -2550/7*i + 1080/7*j + 5/2*k, m - Q(x) = 619/28
	 adding 0 log 3

	 mu_minus = -2550/7*i + 1080/7*j + 5/2*k, m - Q(x) = 283/28
	 adding 0 log 3

	 mu_minus = -3060/7*i + 1296/7*j + 3*k, m - Q(x) = 40/7
	 adding 0 log 3

	 mu_minus = -3060/7*i + 1296/7*j + 3*k, m - Q(x) = 145/7
	 adding 0 log 3

	 mu_minus = -3060/7*i + 1296/7*j + 3*k, m - Q(x) = 152/7
	 adding 0 log 3

	 mu_minus = -3060/7*i + 1296/7*j + 3*k, m - Q(x) = 61/7
	 adding 0 log 3

	 mu_minus = -510*i + 216*j + 7/2*k, m - Q(x) = 29/4
	 adding 0 log 3

	 mu_minus = -510*i + 216*j + 7/2*k, m - Q(x) = 85/4
	 adding 0 log 3

	 mu_minus = -510*i + 216*j + 7/2*k, m - Q(x) = 85/4
	 adding 0 log 3

	 mu_minus = -510*i + 216*j + 7/2*k, m - Q(x) = 29/4
	 adding 0 log 3

	 mu_minus = -4080/7*i + 1728/7*j + 4*k, m - Q(x) = 61/7
	 adding 0 log 3

	 mu_minus = -4080/7*i + 1728/7*j + 4*k, m - Q(x) = 152/7
	 adding 0 log 3

	 mu_minus = -4080/7*i + 1728/7*j + 4*k, m - Q(x) = 145/7
	 adding 0 log 3

	 mu_minus = -4080/7*i + 1728/7*j + 4*k, m - Q(x) = 40/7
	 adding 0 log 3

	 mu_minus = -4590/7*i + 1944/7*j + 9/2*k, m - Q(x) = 283/28
	 adding 0 log 3

	 mu_minus = -4590/7*i + 1944/7*j + 9/2*k, m - Q(x) = 619/28
	 adding 0 log 3

	 mu_minus = -4590/7*i + 1944/7*j + 9/2*k, m - Q(x) = 563/28
	 adding 0 log 3

	 mu_minus = -4590/7*i + 1944/7*j + 9/2*k, m - Q(x) = 115/28
	 adding 0 log 3

	 mu_minus = -5100/7*i + 2160/7*j + 5*k, m - Q(x) = 80/7
	 adding 0 log 3

	 mu_minus = -5100/7*i + 2160/7*j + 5*k, m - Q(x) = 157/7
	 adding 0 log 3

	 mu_minus = -5100/7*i + 2160/7*j + 5*k, m - Q(x) = 136/7
	 adding 1 log 3

	 mu_minus = -5100/7*i + 2160/7*j + 5*k, m - Q(x) = 17/7
	 adding 1/2 log 3

	 mu_minus = -5610/7*i + 2376/7*j + 11/2*k, m - Q(x) = 355/28
	 adding 0 log 3

	 mu_minus = -5610/7*i + 2376/7*j + 11/2*k, m - Q(x) = 635/28
	 adding 0 log 3

	 mu_minus = -5610/7*i + 2376/7*j + 11/2*k, m - Q(x) = 523/28
	 adding 0 log 3

	 mu_minus = -5610/7*i + 2376/7*j + 11/2*k, m - Q(x) = 19/28
	 adding 0 log 3

	 mu_minus = -6120/7*i + 2592/7*j + 6*k, m - Q(x) = 97/7
	 adding 0 log 3

	 mu_minus = -6120/7*i + 2592/7*j + 6*k, m - Q(x) = 160/7
	 adding 0 log 3

	 mu_minus = -6120/7*i + 2592/7*j + 6*k, m - Q(x) = 125/7
	 adding 0 log 3

	 mu_minus = -6630/7*i + 2808/7*j + 13/2*k, m - Q(x) = 419/28
	 adding 0 log 3

	 mu_minus = -6630/7*i + 2808/7*j + 13/2*k, m - Q(x) = 643/28
	 adding 0 log 3

	 mu_minus = -6630/7*i + 2808/7*j + 13/2*k, m - Q(x) = 475/28
	 adding 0 log 3
Kappa_0 of 27

	 Sgcd = 102

	 mu_minus = 0, m - Q(x) = 20
	 adding 0 log 3

	 mu_minus = 0, m - Q(x) = 27
	 adding 2/9 log 17

	 mu_minus = 0, m - Q(x) = 20
	 adding 0 log 3

	 mu_minus = -510/7*i + 216/7*j + 1/2*k, m - Q(x) = 27/28
	 adding 1/9 log 17

	 mu_minus = -510/7*i + 216/7*j + 1/2*k, m - Q(x) = 587/28
	 adding 0 log 3

	 mu_minus = -510/7*i + 216/7*j + 1/2*k, m - Q(x) = 755/28
	 adding 0 log 3

	 mu_minus = -510/7*i + 216/7*j + 1/2*k, m - Q(x) = 531/28
	 adding 0 log 3

	 mu_minus = -1020/7*i + 432/7*j + k, m - Q(x) = 20/7
	 adding 0 log 3

	 mu_minus = -1020/7*i + 432/7*j + k, m - Q(x) = 153/7
	 adding 5/2 log 3

	 mu_minus = -1020/7*i + 432/7*j + k, m - Q(x) = 188/7
	 adding 0 log 3

	 mu_minus = -1020/7*i + 432/7*j + k, m - Q(x) = 125/7
	 adding 0 log 3

	 mu_minus = -1530/7*i + 648/7*j + 3/2*k, m - Q(x) = 131/28
	 adding 0 log 3

	 mu_minus = -1530/7*i + 648/7*j + 3/2*k, m - Q(x) = 635/28
	 adding 0 log 3

	 mu_minus = -1530/7*i + 648/7*j + 3/2*k, m - Q(x) = 747/28
	 adding 0 log 3

	 mu_minus = -1530/7*i + 648/7*j + 3/2*k, m - Q(x) = 467/28
	 adding 0 log 3

	 mu_minus = -2040/7*i + 864/7*j + 2*k, m - Q(x) = 45/7
	 adding 0 log 3

	 mu_minus = -2040/7*i + 864/7*j + 2*k, m - Q(x) = 164/7
	 adding 0 log 3

	 mu_minus = -2040/7*i + 864/7*j + 2*k, m - Q(x) = 185/7
	 adding 0 log 3

	 mu_minus = -2040/7*i + 864/7*j + 2*k, m - Q(x) = 108/7
	 adding 1/9 log 17

	 mu_minus = -2550/7*i + 1080/7*j + 5/2*k, m - Q(x) = 227/28
	 adding 0 log 3

	 mu_minus = -2550/7*i + 1080/7*j + 5/2*k, m - Q(x) = 675/28
	 adding 1/9 log 17

	 mu_minus = -2550/7*i + 1080/7*j + 5/2*k, m - Q(x) = 731/28
	 adding 1 log 3

	 mu_minus = -2550/7*i + 1080/7*j + 5/2*k, m - Q(x) = 395/28
	 adding 0 log 3

	 mu_minus = -3060/7*i + 1296/7*j + 3*k, m - Q(x) = 68/7
	 adding 1/2 log 3

	 mu_minus = -3060/7*i + 1296/7*j + 3*k, m - Q(x) = 173/7
	 adding 0 log 3

	 mu_minus = -3060/7*i + 1296/7*j + 3*k, m - Q(x) = 180/7
	 adding 0 log 3

	 mu_minus = -3060/7*i + 1296/7*j + 3*k, m - Q(x) = 89/7
	 adding 0 log 3

	 mu_minus = -510*i + 216*j + 7/2*k, m - Q(x) = 45/4
	 adding 0 log 3

	 mu_minus = -510*i + 216*j + 7/2*k, m - Q(x) = 101/4
	 adding 0 log 3

	 mu_minus = -510*i + 216*j + 7/2*k, m - Q(x) = 101/4
	 adding 0 log 3

	 mu_minus = -510*i + 216*j + 7/2*k, m - Q(x) = 45/4
	 adding 0 log 3

	 mu_minus = -4080/7*i + 1728/7*j + 4*k, m - Q(x) = 89/7
	 adding 0 log 3

	 mu_minus = -4080/7*i + 1728/7*j + 4*k, m - Q(x) = 180/7
	 adding 0 log 3

	 mu_minus = -4080/7*i + 1728/7*j + 4*k, m - Q(x) = 173/7
	 adding 0 log 3

	 mu_minus = -4080/7*i + 1728/7*j + 4*k, m - Q(x) = 68/7
	 adding 1/2 log 3

	 mu_minus = -4590/7*i + 1944/7*j + 9/2*k, m - Q(x) = 395/28
	 adding 0 log 3

	 mu_minus = -4590/7*i + 1944/7*j + 9/2*k, m - Q(x) = 731/28
	 adding 1 log 3

	 mu_minus = -4590/7*i + 1944/7*j + 9/2*k, m - Q(x) = 675/28
	 adding 1/9 log 17

	 mu_minus = -4590/7*i + 1944/7*j + 9/2*k, m - Q(x) = 227/28
	 adding 0 log 3

	 mu_minus = -5100/7*i + 2160/7*j + 5*k, m - Q(x) = 108/7
	 adding 1/9 log 17

	 mu_minus = -5100/7*i + 2160/7*j + 5*k, m - Q(x) = 185/7
	 adding 0 log 3

	 mu_minus = -5100/7*i + 2160/7*j + 5*k, m - Q(x) = 164/7
	 adding 0 log 3

	 mu_minus = -5100/7*i + 2160/7*j + 5*k, m - Q(x) = 45/7
	 adding 0 log 3

	 mu_minus = -5610/7*i + 2376/7*j + 11/2*k, m - Q(x) = 467/28
	 adding 0 log 3

	 mu_minus = -5610/7*i + 2376/7*j + 11/2*k, m - Q(x) = 747/28
	 adding 0 log 3

	 mu_minus = -5610/7*i + 2376/7*j + 11/2*k, m - Q(x) = 635/28
	 adding 0 log 3

	 mu_minus = -5610/7*i + 2376/7*j + 11/2*k, m - Q(x) = 131/28
	 adding 0 log 3

	 mu_minus = -6120/7*i + 2592/7*j + 6*k, m - Q(x) = 125/7
	 adding 0 log 3

	 mu_minus = -6120/7*i + 2592/7*j + 6*k, m - Q(x) = 188/7
	 adding 0 log 3

	 mu_minus = -6120/7*i + 2592/7*j + 6*k, m - Q(x) = 153/7
	 adding 5/2 log 3

	 mu_minus = -6120/7*i + 2592/7*j + 6*k, m - Q(x) = 20/7
	 adding 0 log 3

	 mu_minus = -6630/7*i + 2808/7*j + 13/2*k, m - Q(x) = 531/28
	 adding 0 log 3

	 mu_minus = -6630/7*i + 2808/7*j + 13/2*k, m - Q(x) = 755/28
	 adding 0 log 3

	 mu_minus = -6630/7*i + 2808/7*j + 13/2*k, m - Q(x) = 587/28
	 adding 0 log 3

	 mu_minus = -6630/7*i + 2808/7*j + 13/2*k, m - Q(x) = 27/28
	 adding 1/9 log 17
For the divisor [ 3, 5, 8, 11, 14, 17, 20, 23, 27, 29, 45 ]
with weight [ -3, 10, -2, 3, 2, -2, 7, 2, 5, -2, -3 ]
the numerator is
[]
the denominator is
[
<3, 2>
]
--------------------------------------------------
For the divisor [ 3, 5, 6, 8, 11, 14, 17, 20, 27, 29, 45 ]
with weight [ -3/2, 17/2, 1, -3/2, 1/2, 7/2, -3/2, 2, 3/2, 1/2, -5/2 ]
the numerator is
[
<2, 2>
]
the denominator is
[
<3, 2>
]
--------------------------------------------------
For the divisor [ 2, 3, 4, 5, 8, 9, 11, 14, 17, 20, 23, 27, 29, 45, 51 ]
with weight [ -2, -7, -2, 28, -8, -2, 4, 10, -6, 9, 1, 7, -1, -9, 2 ]
the numerator is
[
<2, 8>,
<7, 1>
]
the denominator is
[
<3, 6>
]
====================================================
The discriminant is -48 with class number 1 and embedding 15*i - 6*j - k
Kappa_eta of 3/4
	m - Q(x) = 9/16
	adding 1/9 Log 17
	m - Q(x) = 9/16
	adding 1/9 Log 17
	m - Q(x) = 0
	m - Q(x) = 3/4
	adding 0 Log 2
	m - Q(x) = 0
	adding 2/3 Log 2
Kappa_0 of 29

	 Sgcd = 34

	 mu_minus = 0, m - Q(x) = 17
	 adding 0 log 2

	 mu_minus = 0, m - Q(x) = 29
	 adding 0 log 2

	 mu_minus = 0, m - Q(x) = 17
	 adding 0 log 2

	 mu_minus = -255/4*i + 51/2*j + 21/4*k, m - Q(x) = 89/4
	 adding 0 log 3

	 mu_minus = -255/4*i + 51/2*j + 21/4*k, m - Q(x) = 113/4
	 adding 0 log 3

	 mu_minus = -255/4*i + 51/2*j + 21/4*k, m - Q(x) = 41/4
	 adding 0 log 3

	 mu_minus = -255/2*i + 51*j + 21/2*k, m - Q(x) = 2
	 adding 0 log 2

	 mu_minus = -255/2*i + 51*j + 21/2*k, m - Q(x) = 26
	 adding 0 log 2

	 mu_minus = -255/2*i + 51*j + 21/2*k, m - Q(x) = 26
	 adding 0 log 2

	 mu_minus = -255/2*i + 51*j + 21/2*k, m - Q(x) = 2
	 adding 0 log 2

	 mu_minus = -765/4*i + 153/2*j + 63/4*k, m - Q(x) = 41/4
	 adding 0 log 3

	 mu_minus = -765/4*i + 153/2*j + 63/4*k, m - Q(x) = 113/4
	 adding 0 log 3

	 mu_minus = -765/4*i + 153/2*j + 63/4*k, m - Q(x) = 89/4
	 adding 0 log 3

	 mu_minus = -765/8*i + 155/4*j + 55/8*k, m - Q(x) = 389/16
	 adding 0 log 3

	 mu_minus = -765/8*i + 155/4*j + 55/8*k, m - Q(x) = 437/16
	 adding 0 log 3

	 mu_minus = -765/8*i + 155/4*j + 55/8*k, m - Q(x) = 101/16
	 adding 0 log 3

	 mu_minus = -1275/8*i + 257/4*j + 97/8*k, m - Q(x) = 101/16
	 adding 0 log 3

	 mu_minus = -1275/8*i + 257/4*j + 97/8*k, m - Q(x) = 437/16
	 adding 0 log 3

	 mu_minus = -1275/8*i + 257/4*j + 97/8*k, m - Q(x) = 389/16
	 adding 0 log 3

	 mu_minus = -1785/8*i + 359/4*j + 139/8*k, m - Q(x) = 221/16
	 adding 2 log 3

	 mu_minus = -1785/8*i + 359/4*j + 139/8*k, m - Q(x) = 461/16
	 adding 0 log 3

	 mu_minus = -1785/8*i + 359/4*j + 139/8*k, m - Q(x) = 317/16
	 adding 0 log 3

	 mu_minus = -2295/8*i + 461/4*j + 181/8*k, m - Q(x) = 317/16
	 adding 0 log 3

	 mu_minus = -2295/8*i + 461/4*j + 181/8*k, m - Q(x) = 461/16
	 adding 0 log 3

	 mu_minus = -2295/8*i + 461/4*j + 181/8*k, m - Q(x) = 221/16
	 adding 2 log 3
Kappa_0 of 2

	 Sgcd = 34

	 mu_minus = 0, m - Q(x) = 2
	 adding 0 log 2

	 mu_minus = -255/4*i + 51/2*j + 21/4*k, m - Q(x) = 5/4
	 adding 0 log 3

	 mu_minus = -765/4*i + 153/2*j + 63/4*k, m - Q(x) = 5/4
	 adding 0 log 3

	 mu_minus = -765/8*i + 155/4*j + 55/8*k, m - Q(x) = 5/16
	 adding 0 log 3

	 mu_minus = -1275/8*i + 257/4*j + 97/8*k, m - Q(x) = 5/16
	 adding 0 log 3

	 mu_minus = -1785/8*i + 359/4*j + 139/8*k, m - Q(x) = 29/16
	 adding 0 log 3

	 mu_minus = -2295/8*i + 461/4*j + 181/8*k, m - Q(x) = 29/16
	 adding 0 log 3
Kappa_0 of 3

	 Sgcd = 34

	 mu_minus = 0, m - Q(x) = 3
	 adding 2/9 log 17

	 mu_minus = -255/4*i + 51/2*j + 21/4*k, m - Q(x) = 9/4
	 adding 1/9 log 17

	 mu_minus = -255/2*i + 51*j + 21/2*k, m - Q(x) = 0
	adding 1/3 Log 2

	 mu_minus = -255/2*i + 51*j + 21/2*k, m - Q(x) = 0
	adding 1/3 Log 2

	 mu_minus = -765/4*i + 153/2*j + 63/4*k, m - Q(x) = 9/4
	 adding 1/9 log 17

	 mu_minus = -765/8*i + 155/4*j + 55/8*k, m - Q(x) = 21/16
	 adding 2/9 log 17

	 mu_minus = -1275/8*i + 257/4*j + 97/8*k, m - Q(x) = 21/16
	 adding 2/9 log 17

	 mu_minus = -1785/8*i + 359/4*j + 139/8*k, m - Q(x) = 45/16
	 adding 0 log 3

	 mu_minus = -2295/8*i + 461/4*j + 181/8*k, m - Q(x) = 45/16
	 adding 0 log 3
Kappa_0 of 4

	 Sgcd = 34

	 mu_minus = 0, m - Q(x) = 4
	 adding 2/9 log 17

	 mu_minus = -255/4*i + 51/2*j + 21/4*k, m - Q(x) = 13/4
	 adding 2/9 log 17

	 mu_minus = -255/2*i + 51*j + 21/2*k, m - Q(x) = 1
	 adding 2/9 log 17

	 mu_minus = -255/2*i + 51*j + 21/2*k, m - Q(x) = 1
	 adding 2/9 log 17

	 mu_minus = -765/4*i + 153/2*j + 63/4*k, m - Q(x) = 13/4
	 adding 2/9 log 17

	 mu_minus = -765/8*i + 155/4*j + 55/8*k, m - Q(x) = 37/16
	 adding 2/9 log 17

	 mu_minus = -1275/8*i + 257/4*j + 97/8*k, m - Q(x) = 37/16
	 adding 2/9 log 17

	 mu_minus = -1785/8*i + 359/4*j + 139/8*k, m - Q(x) = 61/16
	 adding 2/9 log 17

	 mu_minus = -2295/8*i + 461/4*j + 181/8*k, m - Q(x) = 61/16
	 adding 2/9 log 17
Kappa_0 of 5

	 Sgcd = 34

	 mu_minus = 0, m - Q(x) = 5
	 adding 0 log 2

	 mu_minus = -255/4*i + 51/2*j + 21/4*k, m - Q(x) = 17/4
	 adding 1 log 3

	 mu_minus = -255/2*i + 51*j + 21/2*k, m - Q(x) = 2
	 adding 0 log 2

	 mu_minus = -255/2*i + 51*j + 21/2*k, m - Q(x) = 2
	 adding 0 log 2

	 mu_minus = -765/4*i + 153/2*j + 63/4*k, m - Q(x) = 17/4
	 adding 1 log 3

	 mu_minus = -765/8*i + 155/4*j + 55/8*k, m - Q(x) = 5/16
	 adding 0 log 3

	 mu_minus = -765/8*i + 155/4*j + 55/8*k, m - Q(x) = 53/16
	 adding 0 log 3

	 mu_minus = -1275/8*i + 257/4*j + 97/8*k, m - Q(x) = 53/16
	 adding 0 log 3

	 mu_minus = -1275/8*i + 257/4*j + 97/8*k, m - Q(x) = 5/16
	 adding 0 log 3

	 mu_minus = -1785/8*i + 359/4*j + 139/8*k, m - Q(x) = 77/16
	 adding 0 log 3

	 mu_minus = -2295/8*i + 461/4*j + 181/8*k, m - Q(x) = 77/16
	 adding 0 log 3
Kappa_0 of 6

	 Sgcd = 34

	 mu_minus = 0, m - Q(x) = 6
	 adding 0 log 2

	 mu_minus = -255/4*i + 51/2*j + 21/4*k, m - Q(x) = 21/4
	 adding 2/9 log 17

	 mu_minus = -255/2*i + 51*j + 21/2*k, m - Q(x) = 3
	 adding 0 log 2

	 mu_minus = -255/2*i + 51*j + 21/2*k, m - Q(x) = 3
	 adding 0 log 2

	 mu_minus = -765/4*i + 153/2*j + 63/4*k, m - Q(x) = 21/4
	 adding 2/9 log 17

	 mu_minus = -765/8*i + 155/4*j + 55/8*k, m - Q(x) = 21/16
	 adding 2/9 log 17

	 mu_minus = -765/8*i + 155/4*j + 55/8*k, m - Q(x) = 69/16
	 adding 0 log 3

	 mu_minus = -1275/8*i + 257/4*j + 97/8*k, m - Q(x) = 69/16
	 adding 0 log 3

	 mu_minus = -1275/8*i + 257/4*j + 97/8*k, m - Q(x) = 21/16
	 adding 2/9 log 17

	 mu_minus = -1785/8*i + 359/4*j + 139/8*k, m - Q(x) = 93/16
	 adding 2/9 log 17

	 mu_minus = -2295/8*i + 461/4*j + 181/8*k, m - Q(x) = 93/16
	 adding 2/9 log 17
Kappa_0 of 8

	 Sgcd = 34

	 mu_minus = 0, m - Q(x) = 8
	 adding 0 log 2

	 mu_minus = -255/4*i + 51/2*j + 21/4*k, m - Q(x) = 5/4
	 adding 0 log 3

	 mu_minus = -255/4*i + 51/2*j + 21/4*k, m - Q(x) = 29/4
	 adding 0 log 3

	 mu_minus = -255/2*i + 51*j + 21/2*k, m - Q(x) = 5
	 adding 0 log 3

	 mu_minus = -255/2*i + 51*j + 21/2*k, m - Q(x) = 5
	 adding 0 log 3

	 mu_minus = -765/4*i + 153/2*j + 63/4*k, m - Q(x) = 29/4
	 adding 0 log 3

	 mu_minus = -765/4*i + 153/2*j + 63/4*k, m - Q(x) = 5/4
	 adding 0 log 3

	 mu_minus = -765/8*i + 155/4*j + 55/8*k, m - Q(x) = 53/16
	 adding 0 log 3

	 mu_minus = -765/8*i + 155/4*j + 55/8*k, m - Q(x) = 101/16
	 adding 0 log 3

	 mu_minus = -1275/8*i + 257/4*j + 97/8*k, m - Q(x) = 101/16
	 adding 0 log 3

	 mu_minus = -1275/8*i + 257/4*j + 97/8*k, m - Q(x) = 53/16
	 adding 0 log 3

	 mu_minus = -1785/8*i + 359/4*j + 139/8*k, m - Q(x) = 125/16
	 adding 0 log 3

	 mu_minus = -2295/8*i + 461/4*j + 181/8*k, m - Q(x) = 125/16
	 adding 0 log 3
Kappa_0 of 9

	 Sgcd = 34

	 mu_minus = 0, m - Q(x) = 9
	 adding 0 log 2

	 mu_minus = -255/4*i + 51/2*j + 21/4*k, m - Q(x) = 9/4
	 adding 1/9 log 17

	 mu_minus = -255/4*i + 51/2*j + 21/4*k, m - Q(x) = 33/4
	 adding 0 log 3

	 mu_minus = -255/2*i + 51*j + 21/2*k, m - Q(x) = 6
	 adding 0 log 2

	 mu_minus = -255/2*i + 51*j + 21/2*k, m - Q(x) = 6
	 adding 0 log 2

	 mu_minus = -765/4*i + 153/2*j + 63/4*k, m - Q(x) = 33/4
	 adding 0 log 3

	 mu_minus = -765/4*i + 153/2*j + 63/4*k, m - Q(x) = 9/4
	 adding 1/9 log 17

	 mu_minus = -765/8*i + 155/4*j + 55/8*k, m - Q(x) = 69/16
	 adding 0 log 3

	 mu_minus = -765/8*i + 155/4*j + 55/8*k, m - Q(x) = 117/16
	 adding 2/9 log 17

	 mu_minus = -1275/8*i + 257/4*j + 97/8*k, m - Q(x) = 117/16
	 adding 2/9 log 17

	 mu_minus = -1275/8*i + 257/4*j + 97/8*k, m - Q(x) = 69/16
	 adding 0 log 3

	 mu_minus = -1785/8*i + 359/4*j + 139/8*k, m - Q(x) = 141/16
	 adding 0 log 3

	 mu_minus = -2295/8*i + 461/4*j + 181/8*k, m - Q(x) = 141/16
	 adding 0 log 3
Kappa_0 of 11

	 Sgcd = 34

	 mu_minus = 0, m - Q(x) = 11
	 adding 0 log 3

	 mu_minus = -255/4*i + 51/2*j + 21/4*k, m - Q(x) = 17/4
	 adding 1 log 3

	 mu_minus = -255/4*i + 51/2*j + 21/4*k, m - Q(x) = 41/4
	 adding 0 log 3

	 mu_minus = -255/2*i + 51*j + 21/2*k, m - Q(x) = 8
	 adding 0 log 2

	 mu_minus = -255/2*i + 51*j + 21/2*k, m - Q(x) = 8
	 adding 0 log 2

	 mu_minus = -765/4*i + 153/2*j + 63/4*k, m - Q(x) = 41/4
	 adding 0 log 3

	 mu_minus = -765/4*i + 153/2*j + 63/4*k, m - Q(x) = 17/4
	 adding 1 log 3

	 mu_minus = -765/8*i + 155/4*j + 55/8*k, m - Q(x) = 101/16
	 adding 0 log 3

	 mu_minus = -765/8*i + 155/4*j + 55/8*k, m - Q(x) = 149/16
	 adding 0 log 3

	 mu_minus = -1275/8*i + 257/4*j + 97/8*k, m - Q(x) = 149/16
	 adding 0 log 3

	 mu_minus = -1275/8*i + 257/4*j + 97/8*k, m - Q(x) = 101/16
	 adding 0 log 3

	 mu_minus = -1785/8*i + 359/4*j + 139/8*k, m - Q(x) = 173/16
	 adding 0 log 3

	 mu_minus = -1785/8*i + 359/4*j + 139/8*k, m - Q(x) = 29/16
	 adding 0 log 3

	 mu_minus = -2295/8*i + 461/4*j + 181/8*k, m - Q(x) = 29/16
	 adding 0 log 3

	 mu_minus = -2295/8*i + 461/4*j + 181/8*k, m - Q(x) = 173/16
	 adding 0 log 3
Kappa_0 of 14

	 Sgcd = 34

	 mu_minus = 0, m - Q(x) = 2
	 adding 0 log 2

	 mu_minus = 0, m - Q(x) = 14
	 adding 0 log 2

	 mu_minus = 0, m - Q(x) = 2
	 adding 0 log 2

	 mu_minus = -255/4*i + 51/2*j + 21/4*k, m - Q(x) = 29/4
	 adding 0 log 3

	 mu_minus = -255/4*i + 51/2*j + 21/4*k, m - Q(x) = 53/4
	 adding 0 log 3

	 mu_minus = -255/2*i + 51*j + 21/2*k, m - Q(x) = 11
	 adding 0 log 2

	 mu_minus = -255/2*i + 51*j + 21/2*k, m - Q(x) = 11
	 adding 0 log 2

	 mu_minus = -765/4*i + 153/2*j + 63/4*k, m - Q(x) = 53/4
	 adding 0 log 3

	 mu_minus = -765/4*i + 153/2*j + 63/4*k, m - Q(x) = 29/4
	 adding 0 log 3

	 mu_minus = -765/8*i + 155/4*j + 55/8*k, m - Q(x) = 149/16
	 adding 0 log 3

	 mu_minus = -765/8*i + 155/4*j + 55/8*k, m - Q(x) = 197/16
	 adding 0 log 3

	 mu_minus = -1275/8*i + 257/4*j + 97/8*k, m - Q(x) = 197/16
	 adding 0 log 3

	 mu_minus = -1275/8*i + 257/4*j + 97/8*k, m - Q(x) = 149/16
	 adding 0 log 3

	 mu_minus = -1785/8*i + 359/4*j + 139/8*k, m - Q(x) = 221/16
	 adding 2 log 3

	 mu_minus = -1785/8*i + 359/4*j + 139/8*k, m - Q(x) = 77/16
	 adding 0 log 3

	 mu_minus = -2295/8*i + 461/4*j + 181/8*k, m - Q(x) = 77/16
	 adding 0 log 3

	 mu_minus = -2295/8*i + 461/4*j + 181/8*k, m - Q(x) = 221/16
	 adding 2 log 3
Kappa_0 of 45

	 Sgcd = 34

	 mu_minus = 0, m - Q(x) = 33
	 adding 0 log 2

	 mu_minus = 0, m - Q(x) = 45
	 adding 0 log 2

	 mu_minus = 0, m - Q(x) = 33
	 adding 0 log 2

	 mu_minus = -255/4*i + 51/2*j + 21/4*k, m - Q(x) = 33/4
	 adding 0 log 3

	 mu_minus = -255/4*i + 51/2*j + 21/4*k, m - Q(x) = 153/4
	 adding 3 log 3

	 mu_minus = -255/4*i + 51/2*j + 21/4*k, m - Q(x) = 177/4
	 adding 0 log 3

	 mu_minus = -255/4*i + 51/2*j + 21/4*k, m - Q(x) = 105/4
	 adding 0 log 3

	 mu_minus = -255/2*i + 51*j + 21/2*k, m - Q(x) = 18
	 adding 0 log 2

	 mu_minus = -255/2*i + 51*j + 21/2*k, m - Q(x) = 42
	 adding 0 log 2

	 mu_minus = -255/2*i + 51*j + 21/2*k, m - Q(x) = 42
	 adding 0 log 2

	 mu_minus = -255/2*i + 51*j + 21/2*k, m - Q(x) = 18
	 adding 0 log 2

	 mu_minus = -765/4*i + 153/2*j + 63/4*k, m - Q(x) = 105/4
	 adding 0 log 3

	 mu_minus = -765/4*i + 153/2*j + 63/4*k, m - Q(x) = 177/4
	 adding 0 log 3

	 mu_minus = -765/4*i + 153/2*j + 63/4*k, m - Q(x) = 153/4
	 adding 3 log 3

	 mu_minus = -765/4*i + 153/2*j + 63/4*k, m - Q(x) = 33/4
	 adding 0 log 3

	 mu_minus = -765/8*i + 155/4*j + 55/8*k, m - Q(x) = 213/16
	 adding 0 log 3

	 mu_minus = -765/8*i + 155/4*j + 55/8*k, m - Q(x) = 645/16
	 adding 0 log 3

	 mu_minus = -765/8*i + 155/4*j + 55/8*k, m - Q(x) = 693/16
	 adding 0 log 3

	 mu_minus = -765/8*i + 155/4*j + 55/8*k, m - Q(x) = 357/16
	 adding 4 log 3

	 mu_minus = -1275/8*i + 257/4*j + 97/8*k, m - Q(x) = 357/16
	 adding 4 log 3

	 mu_minus = -1275/8*i + 257/4*j + 97/8*k, m - Q(x) = 693/16
	 adding 0 log 3

	 mu_minus = -1275/8*i + 257/4*j + 97/8*k, m - Q(x) = 645/16
	 adding 0 log 3

	 mu_minus = -1275/8*i + 257/4*j + 97/8*k, m - Q(x) = 213/16
	 adding 0 log 3

	 mu_minus = -1785/8*i + 359/4*j + 139/8*k, m - Q(x) = 477/16
	 adding 0 log 3

	 mu_minus = -1785/8*i + 359/4*j + 139/8*k, m - Q(x) = 717/16
	 adding 0 log 3

	 mu_minus = -1785/8*i + 359/4*j + 139/8*k, m - Q(x) = 573/16
	 adding 0 log 3

	 mu_minus = -1785/8*i + 359/4*j + 139/8*k, m - Q(x) = 45/16
	 adding 0 log 3

	 mu_minus = -2295/8*i + 461/4*j + 181/8*k, m - Q(x) = 45/16
	 adding 0 log 3

	 mu_minus = -2295/8*i + 461/4*j + 181/8*k, m - Q(x) = 573/16
	 adding 0 log 3

	 mu_minus = -2295/8*i + 461/4*j + 181/8*k, m - Q(x) = 717/16
	 adding 0 log 3

	 mu_minus = -2295/8*i + 461/4*j + 181/8*k, m - Q(x) = 477/16
	 adding 0 log 3
Kappa_0 of 17

	 Sgcd = 34

	 mu_minus = 0, m - Q(x) = 5
	 adding 0 log 2

	 mu_minus = 0, m - Q(x) = 17
	 adding 0 log 2

	 mu_minus = 0, m - Q(x) = 5
	 adding 0 log 2

	 mu_minus = -255/4*i + 51/2*j + 21/4*k, m - Q(x) = 41/4
	 adding 0 log 3

	 mu_minus = -255/4*i + 51/2*j + 21/4*k, m - Q(x) = 65/4
	 adding 0 log 3

	 mu_minus = -255/2*i + 51*j + 21/2*k, m - Q(x) = 14
	 adding 0 log 2

	 mu_minus = -255/2*i + 51*j + 21/2*k, m - Q(x) = 14
	 adding 0 log 2

	 mu_minus = -765/4*i + 153/2*j + 63/4*k, m - Q(x) = 65/4
	 adding 0 log 3

	 mu_minus = -765/4*i + 153/2*j + 63/4*k, m - Q(x) = 41/4
	 adding 0 log 3

	 mu_minus = -765/8*i + 155/4*j + 55/8*k, m - Q(x) = 197/16
	 adding 0 log 3

	 mu_minus = -765/8*i + 155/4*j + 55/8*k, m - Q(x) = 245/16
	 adding 0 log 3

	 mu_minus = -1275/8*i + 257/4*j + 97/8*k, m - Q(x) = 245/16
	 adding 0 log 3

	 mu_minus = -1275/8*i + 257/4*j + 97/8*k, m - Q(x) = 197/16
	 adding 0 log 3

	 mu_minus = -1785/8*i + 359/4*j + 139/8*k, m - Q(x) = 29/16
	 adding 0 log 3

	 mu_minus = -1785/8*i + 359/4*j + 139/8*k, m - Q(x) = 269/16
	 adding 0 log 3

	 mu_minus = -1785/8*i + 359/4*j + 139/8*k, m - Q(x) = 125/16
	 adding 0 log 3

	 mu_minus = -2295/8*i + 461/4*j + 181/8*k, m - Q(x) = 125/16
	 adding 0 log 3

	 mu_minus = -2295/8*i + 461/4*j + 181/8*k, m - Q(x) = 269/16
	 adding 0 log 3

	 mu_minus = -2295/8*i + 461/4*j + 181/8*k, m - Q(x) = 29/16
	 adding 0 log 3
Kappa_0 of 20

	 Sgcd = 34

	 mu_minus = 0, m - Q(x) = 8
	 adding 0 log 2

	 mu_minus = 0, m - Q(x) = 20
	 adding 0 log 3

	 mu_minus = 0, m - Q(x) = 8
	 adding 0 log 2

	 mu_minus = -255/4*i + 51/2*j + 21/4*k, m - Q(x) = 53/4
	 adding 0 log 3

	 mu_minus = -255/4*i + 51/2*j + 21/4*k, m - Q(x) = 77/4
	 adding 0 log 3

	 mu_minus = -255/4*i + 51/2*j + 21/4*k, m - Q(x) = 5/4
	 adding 0 log 3

	 mu_minus = -255/2*i + 51*j + 21/2*k, m - Q(x) = 17
	 adding 2 log 3

	 mu_minus = -255/2*i + 51*j + 21/2*k, m - Q(x) = 17
	 adding 2 log 3

	 mu_minus = -765/4*i + 153/2*j + 63/4*k, m - Q(x) = 5/4
	 adding 0 log 3

	 mu_minus = -765/4*i + 153/2*j + 63/4*k, m - Q(x) = 77/4
	 adding 0 log 3

	 mu_minus = -765/4*i + 153/2*j + 63/4*k, m - Q(x) = 53/4
	 adding 0 log 3

	 mu_minus = -765/8*i + 155/4*j + 55/8*k, m - Q(x) = 245/16
	 adding 0 log 3

	 mu_minus = -765/8*i + 155/4*j + 55/8*k, m - Q(x) = 293/16
	 adding 0 log 3

	 mu_minus = -1275/8*i + 257/4*j + 97/8*k, m - Q(x) = 293/16
	 adding 0 log 3

	 mu_minus = -1275/8*i + 257/4*j + 97/8*k, m - Q(x) = 245/16
	 adding 0 log 3

	 mu_minus = -1785/8*i + 359/4*j + 139/8*k, m - Q(x) = 77/16
	 adding 0 log 3

	 mu_minus = -1785/8*i + 359/4*j + 139/8*k, m - Q(x) = 317/16
	 adding 0 log 3

	 mu_minus = -1785/8*i + 359/4*j + 139/8*k, m - Q(x) = 173/16
	 adding 0 log 3

	 mu_minus = -2295/8*i + 461/4*j + 181/8*k, m - Q(x) = 173/16
	 adding 0 log 3

	 mu_minus = -2295/8*i + 461/4*j + 181/8*k, m - Q(x) = 317/16
	 adding 0 log 3

	 mu_minus = -2295/8*i + 461/4*j + 181/8*k, m - Q(x) = 77/16
	 adding 0 log 3
Kappa_0 of 51

	 Sgcd = 34

	 mu_minus = 0, m - Q(x) = 3
	 adding 2/9 log 17

	 mu_minus = 0, m - Q(x) = 39
	 adding 4/9 log 17

	 mu_minus = 0, m - Q(x) = 51
	 adding 4 log 3

	 mu_minus = 0, m - Q(x) = 39
	 adding 4/9 log 17

	 mu_minus = 0, m - Q(x) = 3
	 adding 2/9 log 17

	 mu_minus = -255/4*i + 51/2*j + 21/4*k, m - Q(x) = 57/4
	 adding 2/9 log 17

	 mu_minus = -255/4*i + 51/2*j + 21/4*k, m - Q(x) = 177/4
	 adding 0 log 3

	 mu_minus = -255/4*i + 51/2*j + 21/4*k, m - Q(x) = 201/4
	 adding 2/9 log 17

	 mu_minus = -255/4*i + 51/2*j + 21/4*k, m - Q(x) = 129/4
	 adding 2/9 log 17

	 mu_minus = -255/2*i + 51*j + 21/2*k, m - Q(x) = 24
	 adding 0 log 2

	 mu_minus = -255/2*i + 51*j + 21/2*k, m - Q(x) = 48
	 adding 0 log 2

	 mu_minus = -255/2*i + 51*j + 21/2*k, m - Q(x) = 48
	 adding 0 log 2

	 mu_minus = -255/2*i + 51*j + 21/2*k, m - Q(x) = 24
	 adding 0 log 2

	 mu_minus = -765/4*i + 153/2*j + 63/4*k, m - Q(x) = 129/4
	 adding 2/9 log 17

	 mu_minus = -765/4*i + 153/2*j + 63/4*k, m - Q(x) = 201/4
	 adding 2/9 log 17

	 mu_minus = -765/4*i + 153/2*j + 63/4*k, m - Q(x) = 177/4
	 adding 0 log 3

	 mu_minus = -765/4*i + 153/2*j + 63/4*k, m - Q(x) = 57/4
	 adding 2/9 log 17

	 mu_minus = -765/8*i + 155/4*j + 55/8*k, m - Q(x) = 309/16
	 adding 2/9 log 17

	 mu_minus = -765/8*i + 155/4*j + 55/8*k, m - Q(x) = 741/16
	 adding 4/9 log 17

	 mu_minus = -765/8*i + 155/4*j + 55/8*k, m - Q(x) = 789/16
	 adding 0 log 3

	 mu_minus = -765/8*i + 155/4*j + 55/8*k, m - Q(x) = 453/16
	 adding 2/9 log 17

	 mu_minus = -1275/8*i + 257/4*j + 97/8*k, m - Q(x) = 453/16
	 adding 2/9 log 17

	 mu_minus = -1275/8*i + 257/4*j + 97/8*k, m - Q(x) = 789/16
	 adding 0 log 3

	 mu_minus = -1275/8*i + 257/4*j + 97/8*k, m - Q(x) = 741/16
	 adding 4/9 log 17

	 mu_minus = -1275/8*i + 257/4*j + 97/8*k, m - Q(x) = 309/16
	 adding 2/9 log 17

	 mu_minus = -1785/8*i + 359/4*j + 139/8*k, m - Q(x) = 573/16
	 adding 0 log 3

	 mu_minus = -1785/8*i + 359/4*j + 139/8*k, m - Q(x) = 813/16
	 adding 2/9 log 17

	 mu_minus = -1785/8*i + 359/4*j + 139/8*k, m - Q(x) = 669/16
	 adding 2/9 log 17

	 mu_minus = -1785/8*i + 359/4*j + 139/8*k, m - Q(x) = 141/16
	 adding 0 log 3

	 mu_minus = -2295/8*i + 461/4*j + 181/8*k, m - Q(x) = 141/16
	 adding 0 log 3

	 mu_minus = -2295/8*i + 461/4*j + 181/8*k, m - Q(x) = 669/16
	 adding 2/9 log 17

	 mu_minus = -2295/8*i + 461/4*j + 181/8*k, m - Q(x) = 813/16
	 adding 2/9 log 17

	 mu_minus = -2295/8*i + 461/4*j + 181/8*k, m - Q(x) = 573/16
	 adding 0 log 3
Kappa_0 of 23

	 Sgcd = 34

	 mu_minus = 0, m - Q(x) = 11
	 adding 0 log 3

	 mu_minus = 0, m - Q(x) = 23
	 adding 0 log 3

	 mu_minus = 0, m - Q(x) = 11
	 adding 0 log 3

	 mu_minus = -255/4*i + 51/2*j + 21/4*k, m - Q(x) = 65/4
	 adding 0 log 3

	 mu_minus = -255/4*i + 51/2*j + 21/4*k, m - Q(x) = 89/4
	 adding 0 log 3

	 mu_minus = -255/4*i + 51/2*j + 21/4*k, m - Q(x) = 17/4
	 adding 1 log 3

	 mu_minus = -255/2*i + 51*j + 21/2*k, m - Q(x) = 20
	 adding 0 log 3

	 mu_minus = -255/2*i + 51*j + 21/2*k, m - Q(x) = 20
	 adding 0 log 3

	 mu_minus = -765/4*i + 153/2*j + 63/4*k, m - Q(x) = 17/4
	 adding 1 log 3

	 mu_minus = -765/4*i + 153/2*j + 63/4*k, m - Q(x) = 89/4
	 adding 0 log 3

	 mu_minus = -765/4*i + 153/2*j + 63/4*k, m - Q(x) = 65/4
	 adding 0 log 3

	 mu_minus = -765/8*i + 155/4*j + 55/8*k, m - Q(x) = 293/16
	 adding 0 log 3

	 mu_minus = -765/8*i + 155/4*j + 55/8*k, m - Q(x) = 341/16
	 adding 0 log 3

	 mu_minus = -765/8*i + 155/4*j + 55/8*k, m - Q(x) = 5/16
	 adding 0 log 3

	 mu_minus = -1275/8*i + 257/4*j + 97/8*k, m - Q(x) = 5/16
	 adding 0 log 3

	 mu_minus = -1275/8*i + 257/4*j + 97/8*k, m - Q(x) = 341/16
	 adding 0 log 3

	 mu_minus = -1275/8*i + 257/4*j + 97/8*k, m - Q(x) = 293/16
	 adding 0 log 3

	 mu_minus = -1785/8*i + 359/4*j + 139/8*k, m - Q(x) = 125/16
	 adding 0 log 3

	 mu_minus = -1785/8*i + 359/4*j + 139/8*k, m - Q(x) = 365/16
	 adding 0 log 3

	 mu_minus = -1785/8*i + 359/4*j + 139/8*k, m - Q(x) = 221/16
	 adding 2 log 3

	 mu_minus = -2295/8*i + 461/4*j + 181/8*k, m - Q(x) = 221/16
	 adding 2 log 3

	 mu_minus = -2295/8*i + 461/4*j + 181/8*k, m - Q(x) = 365/16
	 adding 0 log 3

	 mu_minus = -2295/8*i + 461/4*j + 181/8*k, m - Q(x) = 125/16
	 adding 0 log 3
Kappa_0 of 27

	 Sgcd = 34

	 mu_minus = 0, m - Q(x) = 15
	 adding 0 log 3

	 mu_minus = 0, m - Q(x) = 27
	 adding 2/9 log 17

	 mu_minus = 0, m - Q(x) = 15
	 adding 0 log 3

	 mu_minus = -255/4*i + 51/2*j + 21/4*k, m - Q(x) = 81/4
	 adding 1/9 log 17

	 mu_minus = -255/4*i + 51/2*j + 21/4*k, m - Q(x) = 105/4
	 adding 0 log 3

	 mu_minus = -255/4*i + 51/2*j + 21/4*k, m - Q(x) = 33/4
	 adding 0 log 3

	 mu_minus = -255/2*i + 51*j + 21/2*k, m - Q(x) = 0
	adding 1/3 Log 2

	 mu_minus = -255/2*i + 51*j + 21/2*k, m - Q(x) = 24
	 adding 0 log 2

	 mu_minus = -255/2*i + 51*j + 21/2*k, m - Q(x) = 24
	 adding 0 log 2

	 mu_minus = -255/2*i + 51*j + 21/2*k, m - Q(x) = 0
	adding 1/3 Log 2

	 mu_minus = -765/4*i + 153/2*j + 63/4*k, m - Q(x) = 33/4
	 adding 0 log 3

	 mu_minus = -765/4*i + 153/2*j + 63/4*k, m - Q(x) = 105/4
	 adding 0 log 3

	 mu_minus = -765/4*i + 153/2*j + 63/4*k, m - Q(x) = 81/4
	 adding 1/9 log 17

	 mu_minus = -765/8*i + 155/4*j + 55/8*k, m - Q(x) = 357/16
	 adding 4 log 3

	 mu_minus = -765/8*i + 155/4*j + 55/8*k, m - Q(x) = 405/16
	 adding 0 log 3

	 mu_minus = -765/8*i + 155/4*j + 55/8*k, m - Q(x) = 69/16
	 adding 0 log 3

	 mu_minus = -1275/8*i + 257/4*j + 97/8*k, m - Q(x) = 69/16
	 adding 0 log 3

	 mu_minus = -1275/8*i + 257/4*j + 97/8*k, m - Q(x) = 405/16
	 adding 0 log 3

	 mu_minus = -1275/8*i + 257/4*j + 97/8*k, m - Q(x) = 357/16
	 adding 4 log 3

	 mu_minus = -1785/8*i + 359/4*j + 139/8*k, m - Q(x) = 189/16
	 adding 2/9 log 17

	 mu_minus = -1785/8*i + 359/4*j + 139/8*k, m - Q(x) = 429/16
	 adding 0 log 3

	 mu_minus = -1785/8*i + 359/4*j + 139/8*k, m - Q(x) = 285/16
	 adding 0 log 3

	 mu_minus = -2295/8*i + 461/4*j + 181/8*k, m - Q(x) = 285/16
	 adding 0 log 3

	 mu_minus = -2295/8*i + 461/4*j + 181/8*k, m - Q(x) = 429/16
	 adding 0 log 3

	 mu_minus = -2295/8*i + 461/4*j + 181/8*k, m - Q(x) = 189/16
	 adding 2/9 log 17
For the divisor [ 3, 5, 8, 11, 14, 17, 20, 23, 27, 29, 45 ]
with weight [ -3, 10, -2, 3, 2, -2, 7, 2, 5, -2, -3 ]
the numerator is
[]
the denominator is
[
<2, 1>
]
--------------------------------------------------
For the divisor [ 3, 5, 6, 8, 11, 14, 17, 20, 27, 29, 45 ]
with weight [ -3/2, 17/2, 1, -3/2, 1/2, 7/2, -3/2, 2, 3/2, 1/2, -5/2 ]
the numerator is
[
<2, 1>
]
the denominator is
[
<3, 1>
]
--------------------------------------------------
For the divisor [ 2, 3, 4, 5, 8, 9, 11, 14, 17, 20, 23, 27, 29, 45, 51 ]
with weight [ -2, -7, -2, 28, -8, -2, 4, 10, -6, 9, 1, 7, -1, -9, 2 ]
the numerator is
[
<2, 4>,
<3, 1>
]
the denominator is
[]
====================================================
The discriminant is -51 with class number 1 and embedding 17*i - 6*j - 2*k
Kappa_eta of 3/4
Kappa_0 of 29

	 Sgcd = 1

	 mu_minus = 0, m - Q(x) = 29
	 adding 4 log 3
Kappa_0 of 2

	 Sgcd = 1

	 mu_minus = 0, m - Q(x) = 2
	 adding 0 log 2
Kappa_0 of 3

	 Sgcd = 1

	 mu_minus = 0, m - Q(x) = 3
	 adding 4 log 3
Kappa_0 of 4

	 Sgcd = 1

	 mu_minus = 0, m - Q(x) = 4
	 adding 2 log 17
Kappa_0 of 5

	 Sgcd = 1

	 mu_minus = 0, m - Q(x) = 5
	 adding 4 log 3
Kappa_0 of 6

	 Sgcd = 1

	 mu_minus = 0, m - Q(x) = 6
	 adding 4 log 2
Kappa_0 of 8

	 Sgcd = 1

	 mu_minus = 0, m - Q(x) = 8
	 adding 0 log 2
Kappa_0 of 9

	 Sgcd = 1

	 mu_minus = 0, m - Q(x) = 9
	 adding 2 log 17
Kappa_0 of 11

	 Sgcd = 1

	 mu_minus = 0, m - Q(x) = 11
	 adding 4 log 3
Kappa_0 of 14

	 Sgcd = 1

	 mu_minus = 0, m - Q(x) = 14
	 adding 0 log 2
Kappa_0 of 45

	 Sgcd = 1

	 mu_minus = 0, m - Q(x) = 45
	 adding 12 log 3
Kappa_0 of 17

	 Sgcd = 1

	 mu_minus = 0, m - Q(x) = 17
	 adding 2 log 3
Kappa_0 of 20

	 Sgcd = 1

	 mu_minus = 0, m - Q(x) = 20
	 adding 4 log 3
Kappa_0 of 51

	 Sgcd = 1

	 mu_minus = 0, m - Q(x) = 0

	 mu_minus = 0, m - Q(x) = 51
	 adding 4 log 17

	 mu_minus = 0, m - Q(x) = 0
Kappa_0 of 23

	 Sgcd = 1

	 mu_minus = 0, m - Q(x) = 23
	 adding 4 log 3
Kappa_0 of 27

	 Sgcd = 1

	 mu_minus = 0, m - Q(x) = 27
	 adding 8 log 3
For the divisor [ 3, 5, 8, 11, 14, 17, 20, 23, 27, 29, 45 ]
with weight [ -3, 10, -2, 3, 2, -2, 7, 2, 5, -2, -3 ]
the numerator is
[
<3, 1>
]
the denominator is
[]
--------------------------------------------------
For the divisor [ 3, 5, 6, 8, 11, 14, 17, 20, 27, 29, 45 ]
with weight [ -3/2, 17/2, 1, -3/2, 1/2, 7/2, -3/2, 2, 3/2, 1/2, -5/2 ]
the numerator is
[
<2, 3>
]
the denominator is
[
<3, 1>
]
--------------------------------------------------
For the divisor [ 2, 3, 4, 5, 8, 9, 11, 14, 17, 20, 23, 27, 29, 45, 51 ]
with weight [ -2, -7, -2, 28, -8, -2, 4, 10, -6, 9, 1, 7, -1, -9, 2 ]
0
====================================================
The discriminant is -75 with class number 1 and embedding 29*i - 12*j
Kappa_eta of 3/4
	m - Q(x) = 12/25
	adding 1/9 Log 17
	m - Q(x) = 18/25
	adding 0 Log 2
	m - Q(x) = 0
	m - Q(x) = 0
	m - Q(x) = 18/25
	adding 0 Log 2
	m - Q(x) = 12/25
	adding 1/9 Log 17
	adding 2/3 Log 5
Kappa_0 of 29

	 Sgcd = 17

	 mu_minus = 0, m - Q(x) = 29
	 adding 0 log 3

	 mu_minus = -986/25*i + 841/50*j + 1/2*k, m - Q(x) = 482/25
	 adding 0 log 2

	 mu_minus = -1972/25*i + 841/25*j + k, m - Q(x) = 578/25
	 adding 0 log 2

	 mu_minus = -2958/25*i + 2523/50*j + 3/2*k, m - Q(x) = 713/25
	 adding 0 log 3

	 mu_minus = -3944/25*i + 1682/25*j + 2*k, m - Q(x) = 137/25
	 adding 0 log 3

	 mu_minus = -3944/25*i + 1682/25*j + 2*k, m - Q(x) = 362/25
	 adding 0 log 2

	 mu_minus = -986/5*i + 841/10*j + 5/2*k, m - Q(x) = 26
	 adding 0 log 2

	 mu_minus = -5916/25*i + 2523/25*j + 3*k, m - Q(x) = 677/25
	 adding 0 log 3

	 mu_minus = -6902/25*i + 5887/50*j + 7/2*k, m - Q(x) = 293/25
	 adding 0 log 3

	 mu_minus = -6902/25*i + 5887/50*j + 7/2*k, m - Q(x) = 218/25
	 adding 0 log 2

	 mu_minus = -7888/25*i + 3364/25*j + 4*k, m - Q(x) = 698/25
	 adding 0 log 2

	 mu_minus = -8874/25*i + 7569/50*j + 9/2*k, m - Q(x) = 617/25
	 adding 0 log 3

	 mu_minus = -1972/5*i + 841/5*j + 5*k, m - Q(x) = 17
	 adding 2 log 3

	 mu_minus = -1972/5*i + 841/5*j + 5*k, m - Q(x) = 2
	 adding 0 log 2

	 mu_minus = -10846/25*i + 9251/50*j + 11/2*k, m - Q(x) = 722/25
	 adding 0 log 2

	 mu_minus = -11832/25*i + 5046/25*j + 6*k, m - Q(x) = 533/25
	 adding 0 log 3

	 mu_minus = -12818/25*i + 10933/50*j + 13/2*k, m - Q(x) = 533/25
	 adding 0 log 3

	 mu_minus = -13804/25*i + 5887/25*j + 7*k, m - Q(x) = 722/25
	 adding 0 log 2

	 mu_minus = -2958/5*i + 2523/10*j + 15/2*k, m - Q(x) = 2
	 adding 0 log 2

	 mu_minus = -2958/5*i + 2523/10*j + 15/2*k, m - Q(x) = 17
	 adding 2 log 3

	 mu_minus = -15776/25*i + 6728/25*j + 8*k, m - Q(x) = 617/25
	 adding 0 log 3

	 mu_minus = -16762/25*i + 14297/50*j + 17/2*k, m - Q(x) = 698/25
	 adding 0 log 2

	 mu_minus = -17748/25*i + 7569/25*j + 9*k, m - Q(x) = 218/25
	 adding 0 log 2

	 mu_minus = -17748/25*i + 7569/25*j + 9*k, m - Q(x) = 293/25
	 adding 0 log 3

	 mu_minus = -18734/25*i + 15979/50*j + 19/2*k, m - Q(x) = 677/25
	 adding 0 log 3

	 mu_minus = -3944/5*i + 1682/5*j + 10*k, m - Q(x) = 26
	 adding 0 log 2

	 mu_minus = -20706/25*i + 17661/50*j + 21/2*k, m - Q(x) = 362/25
	 adding 0 log 2

	 mu_minus = -20706/25*i + 17661/50*j + 21/2*k, m - Q(x) = 137/25
	 adding 0 log 3

	 mu_minus = -21692/25*i + 9251/25*j + 11*k, m - Q(x) = 713/25
	 adding 0 log 3

	 mu_minus = -22678/25*i + 19343/50*j + 23/2*k, m - Q(x) = 578/25
	 adding 0 log 2

	 mu_minus = -23664/25*i + 10092/25*j + 12*k, m - Q(x) = 482/25
	 adding 0 log 2
Kappa_0 of 2

	 Sgcd = 17

	 mu_minus = 0, m - Q(x) = 2
	 adding 0 log 2

	 mu_minus = -2958/25*i + 2523/50*j + 3/2*k, m - Q(x) = 38/25
	 adding 0 log 2

	 mu_minus = -5916/25*i + 2523/25*j + 3*k, m - Q(x) = 2/25
	 adding 0 log 2

	 mu_minus = -7888/25*i + 3364/25*j + 4*k, m - Q(x) = 23/25
	 adding 0 log 3

	 mu_minus = -10846/25*i + 9251/50*j + 11/2*k, m - Q(x) = 47/25
	 adding 0 log 3

	 mu_minus = -13804/25*i + 5887/25*j + 7*k, m - Q(x) = 47/25
	 adding 0 log 3

	 mu_minus = -16762/25*i + 14297/50*j + 17/2*k, m - Q(x) = 23/25
	 adding 0 log 3

	 mu_minus = -18734/25*i + 15979/50*j + 19/2*k, m - Q(x) = 2/25
	 adding 0 log 2

	 mu_minus = -21692/25*i + 9251/25*j + 11*k, m - Q(x) = 38/25
	 adding 0 log 2
Kappa_0 of 3

	 Sgcd = 17

	 mu_minus = 0, m - Q(x) = 3
	 adding 0 log 5

	 mu_minus = -2958/25*i + 2523/50*j + 3/2*k, m - Q(x) = 63/25
	 adding 2/9 log 17

	 mu_minus = -986/5*i + 841/10*j + 5/2*k, m - Q(x) = 0
	adding 1/3 Log 5

	 mu_minus = -5916/25*i + 2523/25*j + 3*k, m - Q(x) = 27/25
	 adding 1/9 log 17

	 mu_minus = -7888/25*i + 3364/25*j + 4*k, m - Q(x) = 48/25
	 adding 1/9 log 17

	 mu_minus = -10846/25*i + 9251/50*j + 11/2*k, m - Q(x) = 72/25
	 adding 0 log 2

	 mu_minus = -13804/25*i + 5887/25*j + 7*k, m - Q(x) = 72/25
	 adding 0 log 2

	 mu_minus = -16762/25*i + 14297/50*j + 17/2*k, m - Q(x) = 48/25
	 adding 1/9 log 17

	 mu_minus = -18734/25*i + 15979/50*j + 19/2*k, m - Q(x) = 27/25
	 adding 1/9 log 17

	 mu_minus = -3944/5*i + 1682/5*j + 10*k, m - Q(x) = 0
	adding 1/3 Log 5

	 mu_minus = -21692/25*i + 9251/25*j + 11*k, m - Q(x) = 63/25
	 adding 2/9 log 17
Kappa_0 of 4

	 Sgcd = 17

	 mu_minus = 0, m - Q(x) = 4
	 adding 2/9 log 17

	 mu_minus = -2958/25*i + 2523/50*j + 3/2*k, m - Q(x) = 88/25
	 adding 0 log 2

	 mu_minus = -986/5*i + 841/10*j + 5/2*k, m - Q(x) = 1
	 adding 2/9 log 17

	 mu_minus = -5916/25*i + 2523/25*j + 3*k, m - Q(x) = 52/25
	 adding 2/9 log 17

	 mu_minus = -7888/25*i + 3364/25*j + 4*k, m - Q(x) = 73/25
	 adding 2/9 log 17

	 mu_minus = -10846/25*i + 9251/50*j + 11/2*k, m - Q(x) = 97/25
	 adding 2/9 log 17

	 mu_minus = -13804/25*i + 5887/25*j + 7*k, m - Q(x) = 97/25
	 adding 2/9 log 17

	 mu_minus = -16762/25*i + 14297/50*j + 17/2*k, m - Q(x) = 73/25
	 adding 2/9 log 17

	 mu_minus = -18734/25*i + 15979/50*j + 19/2*k, m - Q(x) = 52/25
	 adding 2/9 log 17

	 mu_minus = -3944/5*i + 1682/5*j + 10*k, m - Q(x) = 1
	 adding 2/9 log 17

	 mu_minus = -21692/25*i + 9251/25*j + 11*k, m - Q(x) = 88/25
	 adding 0 log 2
Kappa_0 of 5

	 Sgcd = 17

	 mu_minus = 0, m - Q(x) = 5
	 adding 0 log 3

	 mu_minus = -2958/25*i + 2523/50*j + 3/2*k, m - Q(x) = 113/25
	 adding 0 log 3

	 mu_minus = -986/5*i + 841/10*j + 5/2*k, m - Q(x) = 2
	 adding 0 log 2

	 mu_minus = -5916/25*i + 2523/25*j + 3*k, m - Q(x) = 77/25
	 adding 0 log 3

	 mu_minus = -7888/25*i + 3364/25*j + 4*k, m - Q(x) = 98/25
	 adding 0 log 2

	 mu_minus = -8874/25*i + 7569/50*j + 9/2*k, m - Q(x) = 17/25
	 adding 1 log 3

	 mu_minus = -10846/25*i + 9251/50*j + 11/2*k, m - Q(x) = 122/25
	 adding 0 log 2

	 mu_minus = -13804/25*i + 5887/25*j + 7*k, m - Q(x) = 122/25
	 adding 0 log 2

	 mu_minus = -15776/25*i + 6728/25*j + 8*k, m - Q(x) = 17/25
	 adding 1 log 3

	 mu_minus = -16762/25*i + 14297/50*j + 17/2*k, m - Q(x) = 98/25
	 adding 0 log 2

	 mu_minus = -18734/25*i + 15979/50*j + 19/2*k, m - Q(x) = 77/25
	 adding 0 log 3

	 mu_minus = -3944/5*i + 1682/5*j + 10*k, m - Q(x) = 2
	 adding 0 log 2

	 mu_minus = -21692/25*i + 9251/25*j + 11*k, m - Q(x) = 113/25
	 adding 0 log 3
Kappa_0 of 6

	 Sgcd = 17

	 mu_minus = 0, m - Q(x) = 6
	 adding 0 log 2

	 mu_minus = -1972/25*i + 841/25*j + k, m - Q(x) = 3/25
	 adding 1/9 log 17

	 mu_minus = -2958/25*i + 2523/50*j + 3/2*k, m - Q(x) = 138/25
	 adding 0 log 2

	 mu_minus = -986/5*i + 841/10*j + 5/2*k, m - Q(x) = 3
	 adding 2/9 log 17

	 mu_minus = -5916/25*i + 2523/25*j + 3*k, m - Q(x) = 102/25
	 adding 2 log 2

	 mu_minus = -7888/25*i + 3364/25*j + 4*k, m - Q(x) = 123/25
	 adding 0 log 3

	 mu_minus = -8874/25*i + 7569/50*j + 9/2*k, m - Q(x) = 42/25
	 adding 0 log 2

	 mu_minus = -10846/25*i + 9251/50*j + 11/2*k, m - Q(x) = 147/25
	 adding 1/3 log 17

	 mu_minus = -13804/25*i + 5887/25*j + 7*k, m - Q(x) = 147/25
	 adding 1/3 log 17

	 mu_minus = -15776/25*i + 6728/25*j + 8*k, m - Q(x) = 42/25
	 adding 0 log 2

	 mu_minus = -16762/25*i + 14297/50*j + 17/2*k, m - Q(x) = 123/25
	 adding 0 log 3

	 mu_minus = -18734/25*i + 15979/50*j + 19/2*k, m - Q(x) = 102/25
	 adding 2 log 2

	 mu_minus = -3944/5*i + 1682/5*j + 10*k, m - Q(x) = 3
	 adding 2/9 log 17

	 mu_minus = -21692/25*i + 9251/25*j + 11*k, m - Q(x) = 138/25
	 adding 0 log 2

	 mu_minus = -22678/25*i + 19343/50*j + 23/2*k, m - Q(x) = 3/25
	 adding 1/9 log 17
Kappa_0 of 8

	 Sgcd = 17

	 mu_minus = 0, m - Q(x) = 8
	 adding 0 log 2

	 mu_minus = -1972/25*i + 841/25*j + k, m - Q(x) = 53/25
	 adding 0 log 3

	 mu_minus = -2958/25*i + 2523/50*j + 3/2*k, m - Q(x) = 188/25
	 adding 0 log 3

	 mu_minus = -986/5*i + 841/10*j + 5/2*k, m - Q(x) = 5
	 adding 0 log 3

	 mu_minus = -5916/25*i + 2523/25*j + 3*k, m - Q(x) = 152/25
	 adding 0 log 2

	 mu_minus = -7888/25*i + 3364/25*j + 4*k, m - Q(x) = 173/25
	 adding 0 log 3

	 mu_minus = -8874/25*i + 7569/50*j + 9/2*k, m - Q(x) = 92/25
	 adding 0 log 3

	 mu_minus = -10846/25*i + 9251/50*j + 11/2*k, m - Q(x) = 197/25
	 adding 0 log 3

	 mu_minus = -11832/25*i + 5046/25*j + 6*k, m - Q(x) = 8/25
	 adding 0 log 2

	 mu_minus = -12818/25*i + 10933/50*j + 13/2*k, m - Q(x) = 8/25
	 adding 0 log 2

	 mu_minus = -13804/25*i + 5887/25*j + 7*k, m - Q(x) = 197/25
	 adding 0 log 3

	 mu_minus = -15776/25*i + 6728/25*j + 8*k, m - Q(x) = 92/25
	 adding 0 log 3

	 mu_minus = -16762/25*i + 14297/50*j + 17/2*k, m - Q(x) = 173/25
	 adding 0 log 3

	 mu_minus = -18734/25*i + 15979/50*j + 19/2*k, m - Q(x) = 152/25
	 adding 0 log 2

	 mu_minus = -3944/5*i + 1682/5*j + 10*k, m - Q(x) = 5
	 adding 0 log 3

	 mu_minus = -21692/25*i + 9251/25*j + 11*k, m - Q(x) = 188/25
	 adding 0 log 3

	 mu_minus = -22678/25*i + 19343/50*j + 23/2*k, m - Q(x) = 53/25
	 adding 0 log 3
Kappa_0 of 9

	 Sgcd = 17

	 mu_minus = 0, m - Q(x) = 9
	 adding 2/9 log 17

	 mu_minus = -1972/25*i + 841/25*j + k, m - Q(x) = 78/25
	 adding 0 log 2

	 mu_minus = -2958/25*i + 2523/50*j + 3/2*k, m - Q(x) = 213/25
	 adding 0 log 3

	 mu_minus = -986/5*i + 841/10*j + 5/2*k, m - Q(x) = 6
	 adding 0 log 2

	 mu_minus = -5916/25*i + 2523/25*j + 3*k, m - Q(x) = 177/25
	 adding 0 log 3

	 mu_minus = -7888/25*i + 3364/25*j + 4*k, m - Q(x) = 198/25
	 adding 0 log 2

	 mu_minus = -8874/25*i + 7569/50*j + 9/2*k, m - Q(x) = 117/25
	 adding 2/9 log 17

	 mu_minus = -10846/25*i + 9251/50*j + 11/2*k, m - Q(x) = 222/25
	 adding 0 log 2

	 mu_minus = -11832/25*i + 5046/25*j + 6*k, m - Q(x) = 33/25
	 adding 0 log 3

	 mu_minus = -12818/25*i + 10933/50*j + 13/2*k, m - Q(x) = 33/25
	 adding 0 log 3

	 mu_minus = -13804/25*i + 5887/25*j + 7*k, m - Q(x) = 222/25
	 adding 0 log 2

	 mu_minus = -15776/25*i + 6728/25*j + 8*k, m - Q(x) = 117/25
	 adding 2/9 log 17

	 mu_minus = -16762/25*i + 14297/50*j + 17/2*k, m - Q(x) = 198/25
	 adding 0 log 2

	 mu_minus = -18734/25*i + 15979/50*j + 19/2*k, m - Q(x) = 177/25
	 adding 0 log 3

	 mu_minus = -3944/5*i + 1682/5*j + 10*k, m - Q(x) = 6
	 adding 0 log 2

	 mu_minus = -21692/25*i + 9251/25*j + 11*k, m - Q(x) = 213/25
	 adding 0 log 3

	 mu_minus = -22678/25*i + 19343/50*j + 23/2*k, m - Q(x) = 78/25
	 adding 0 log 2
Kappa_0 of 11

	 Sgcd = 17

	 mu_minus = 0, m - Q(x) = 11
	 adding 0 log 3

	 mu_minus = -986/25*i + 841/50*j + 1/2*k, m - Q(x) = 32/25
	 adding 0 log 2

	 mu_minus = -1972/25*i + 841/25*j + k, m - Q(x) = 128/25
	 adding 0 log 2

	 mu_minus = -2958/25*i + 2523/50*j + 3/2*k, m - Q(x) = 263/25
	 adding 0 log 3

	 mu_minus = -986/5*i + 841/10*j + 5/2*k, m - Q(x) = 8
	 adding 0 log 2

	 mu_minus = -5916/25*i + 2523/25*j + 3*k, m - Q(x) = 227/25
	 adding 0 log 3

	 mu_minus = -7888/25*i + 3364/25*j + 4*k, m - Q(x) = 248/25
	 adding 0 log 2

	 mu_minus = -8874/25*i + 7569/50*j + 9/2*k, m - Q(x) = 167/25
	 adding 0 log 3

	 mu_minus = -10846/25*i + 9251/50*j + 11/2*k, m - Q(x) = 272/25
	 adding 1 log 3

	 mu_minus = -11832/25*i + 5046/25*j + 6*k, m - Q(x) = 83/25
	 adding 0 log 3

	 mu_minus = -12818/25*i + 10933/50*j + 13/2*k, m - Q(x) = 83/25
	 adding 0 log 3

	 mu_minus = -13804/25*i + 5887/25*j + 7*k, m - Q(x) = 272/25
	 adding 1 log 3

	 mu_minus = -15776/25*i + 6728/25*j + 8*k, m - Q(x) = 167/25
	 adding 0 log 3

	 mu_minus = -16762/25*i + 14297/50*j + 17/2*k, m - Q(x) = 248/25
	 adding 0 log 2

	 mu_minus = -18734/25*i + 15979/50*j + 19/2*k, m - Q(x) = 227/25
	 adding 0 log 3

	 mu_minus = -3944/5*i + 1682/5*j + 10*k, m - Q(x) = 8
	 adding 0 log 2

	 mu_minus = -21692/25*i + 9251/25*j + 11*k, m - Q(x) = 263/25
	 adding 0 log 3

	 mu_minus = -22678/25*i + 19343/50*j + 23/2*k, m - Q(x) = 128/25
	 adding 0 log 2

	 mu_minus = -23664/25*i + 10092/25*j + 12*k, m - Q(x) = 32/25
	 adding 0 log 2
Kappa_0 of 14

	 Sgcd = 17

	 mu_minus = 0, m - Q(x) = 14
	 adding 0 log 2

	 mu_minus = -986/25*i + 841/50*j + 1/2*k, m - Q(x) = 107/25
	 adding 0 log 3

	 mu_minus = -1972/25*i + 841/25*j + k, m - Q(x) = 203/25
	 adding 0 log 3

	 mu_minus = -2958/25*i + 2523/50*j + 3/2*k, m - Q(x) = 338/25
	 adding 0 log 2

	 mu_minus = -986/5*i + 841/10*j + 5/2*k, m - Q(x) = 11
	 adding 0 log 3

	 mu_minus = -5916/25*i + 2523/25*j + 3*k, m - Q(x) = 302/25
	 adding 0 log 2

	 mu_minus = -7888/25*i + 3364/25*j + 4*k, m - Q(x) = 323/25
	 adding 2 log 3

	 mu_minus = -8874/25*i + 7569/50*j + 9/2*k, m - Q(x) = 242/25
	 adding 0 log 2

	 mu_minus = -1972/5*i + 841/5*j + 5*k, m - Q(x) = 2
	 adding 0 log 2

	 mu_minus = -10846/25*i + 9251/50*j + 11/2*k, m - Q(x) = 347/25
	 adding 0 log 3

	 mu_minus = -11832/25*i + 5046/25*j + 6*k, m - Q(x) = 158/25
	 adding 0 log 2

	 mu_minus = -12818/25*i + 10933/50*j + 13/2*k, m - Q(x) = 158/25
	 adding 0 log 2

	 mu_minus = -13804/25*i + 5887/25*j + 7*k, m - Q(x) = 347/25
	 adding 0 log 3

	 mu_minus = -2958/5*i + 2523/10*j + 15/2*k, m - Q(x) = 2
	 adding 0 log 2

	 mu_minus = -15776/25*i + 6728/25*j + 8*k, m - Q(x) = 242/25
	 adding 0 log 2

	 mu_minus = -16762/25*i + 14297/50*j + 17/2*k, m - Q(x) = 323/25
	 adding 2 log 3

	 mu_minus = -18734/25*i + 15979/50*j + 19/2*k, m - Q(x) = 302/25
	 adding 0 log 2

	 mu_minus = -3944/5*i + 1682/5*j + 10*k, m - Q(x) = 11
	 adding 0 log 3

	 mu_minus = -21692/25*i + 9251/25*j + 11*k, m - Q(x) = 338/25
	 adding 0 log 2

	 mu_minus = -22678/25*i + 19343/50*j + 23/2*k, m - Q(x) = 203/25
	 adding 0 log 3

	 mu_minus = -23664/25*i + 10092/25*j + 12*k, m - Q(x) = 107/25
	 adding 0 log 3
Kappa_0 of 45

	 Sgcd = 17

	 mu_minus = 0, m - Q(x) = 45
	 adding 0 log 3

	 mu_minus = -986/25*i + 841/50*j + 1/2*k, m - Q(x) = 357/25
	 adding 4 log 3

	 mu_minus = -986/25*i + 841/50*j + 1/2*k, m - Q(x) = 882/25
	 adding 0 log 2

	 mu_minus = -1972/25*i + 841/25*j + k, m - Q(x) = 978/25
	 adding 0 log 2

	 mu_minus = -1972/25*i + 841/25*j + k, m - Q(x) = 153/25
	 adding 3 log 3

	 mu_minus = -2958/25*i + 2523/50*j + 3/2*k, m - Q(x) = 1113/25
	 adding 0 log 3

	 mu_minus = -3944/25*i + 1682/25*j + 2*k, m - Q(x) = 537/25
	 adding 0 log 3

	 mu_minus = -3944/25*i + 1682/25*j + 2*k, m - Q(x) = 762/25
	 adding 0 log 2

	 mu_minus = -986/5*i + 841/10*j + 5/2*k, m - Q(x) = 42
	 adding 0 log 2

	 mu_minus = -5916/25*i + 2523/25*j + 3*k, m - Q(x) = 1077/25
	 adding 0 log 3

	 mu_minus = -6902/25*i + 5887/50*j + 7/2*k, m - Q(x) = 693/25
	 adding 0 log 3

	 mu_minus = -6902/25*i + 5887/50*j + 7/2*k, m - Q(x) = 618/25
	 adding 0 log 2

	 mu_minus = -7888/25*i + 3364/25*j + 4*k, m - Q(x) = 1098/25
	 adding 0 log 2

	 mu_minus = -8874/25*i + 7569/50*j + 9/2*k, m - Q(x) = 42/25
	 adding 0 log 2

	 mu_minus = -8874/25*i + 7569/50*j + 9/2*k, m - Q(x) = 1017/25
	 adding 0 log 3

	 mu_minus = -1972/5*i + 841/5*j + 5*k, m - Q(x) = 33
	 adding 0 log 3

	 mu_minus = -1972/5*i + 841/5*j + 5*k, m - Q(x) = 18
	 adding 0 log 2

	 mu_minus = -10846/25*i + 9251/50*j + 11/2*k, m - Q(x) = 1122/25
	 adding 0 log 2

	 mu_minus = -11832/25*i + 5046/25*j + 6*k, m - Q(x) = 258/25
	 adding 0 log 2

	 mu_minus = -11832/25*i + 5046/25*j + 6*k, m - Q(x) = 933/25
	 adding 0 log 3

	 mu_minus = -12818/25*i + 10933/50*j + 13/2*k, m - Q(x) = 933/25
	 adding 0 log 3

	 mu_minus = -12818/25*i + 10933/50*j + 13/2*k, m - Q(x) = 258/25
	 adding 0 log 2

	 mu_minus = -13804/25*i + 5887/25*j + 7*k, m - Q(x) = 1122/25
	 adding 0 log 2

	 mu_minus = -2958/5*i + 2523/10*j + 15/2*k, m - Q(x) = 18
	 adding 0 log 2

	 mu_minus = -2958/5*i + 2523/10*j + 15/2*k, m - Q(x) = 33
	 adding 0 log 3

	 mu_minus = -15776/25*i + 6728/25*j + 8*k, m - Q(x) = 1017/25
	 adding 0 log 3

	 mu_minus = -15776/25*i + 6728/25*j + 8*k, m - Q(x) = 42/25
	 adding 0 log 2

	 mu_minus = -16762/25*i + 14297/50*j + 17/2*k, m - Q(x) = 1098/25
	 adding 0 log 2

	 mu_minus = -17748/25*i + 7569/25*j + 9*k, m - Q(x) = 618/25
	 adding 0 log 2

	 mu_minus = -17748/25*i + 7569/25*j + 9*k, m - Q(x) = 693/25
	 adding 0 log 3

	 mu_minus = -18734/25*i + 15979/50*j + 19/2*k, m - Q(x) = 1077/25
	 adding 0 log 3

	 mu_minus = -3944/5*i + 1682/5*j + 10*k, m - Q(x) = 42
	 adding 0 log 2

	 mu_minus = -20706/25*i + 17661/50*j + 21/2*k, m - Q(x) = 762/25
	 adding 0 log 2

	 mu_minus = -20706/25*i + 17661/50*j + 21/2*k, m - Q(x) = 537/25
	 adding 0 log 3

	 mu_minus = -21692/25*i + 9251/25*j + 11*k, m - Q(x) = 1113/25
	 adding 0 log 3

	 mu_minus = -22678/25*i + 19343/50*j + 23/2*k, m - Q(x) = 153/25
	 adding 3 log 3

	 mu_minus = -22678/25*i + 19343/50*j + 23/2*k, m - Q(x) = 978/25
	 adding 0 log 2

	 mu_minus = -23664/25*i + 10092/25*j + 12*k, m - Q(x) = 882/25
	 adding 0 log 2

	 mu_minus = -23664/25*i + 10092/25*j + 12*k, m - Q(x) = 357/25
	 adding 4 log 3
Kappa_0 of 17

	 Sgcd = 17

	 mu_minus = 0, m - Q(x) = 17
	 adding 0 log 3

	 mu_minus = -986/25*i + 841/50*j + 1/2*k, m - Q(x) = 182/25
	 adding 0 log 2

	 mu_minus = -1972/25*i + 841/25*j + k, m - Q(x) = 278/25
	 adding 0 log 2

	 mu_minus = -2958/25*i + 2523/50*j + 3/2*k, m - Q(x) = 413/25
	 adding 0 log 3

	 mu_minus = -3944/25*i + 1682/25*j + 2*k, m - Q(x) = 62/25
	 adding 0 log 2

	 mu_minus = -986/5*i + 841/10*j + 5/2*k, m - Q(x) = 14
	 adding 0 log 2

	 mu_minus = -5916/25*i + 2523/25*j + 3*k, m - Q(x) = 377/25
	 adding 0 log 3

	 mu_minus = -7888/25*i + 3364/25*j + 4*k, m - Q(x) = 398/25
	 adding 0 log 2

	 mu_minus = -8874/25*i + 7569/50*j + 9/2*k, m - Q(x) = 317/25
	 adding 0 log 3

	 mu_minus = -1972/5*i + 841/5*j + 5*k, m - Q(x) = 5
	 adding 0 log 3

	 mu_minus = -10846/25*i + 9251/50*j + 11/2*k, m - Q(x) = 422/25
	 adding 0 log 2

	 mu_minus = -11832/25*i + 5046/25*j + 6*k, m - Q(x) = 233/25
	 adding 0 log 3

	 mu_minus = -12818/25*i + 10933/50*j + 13/2*k, m - Q(x) = 233/25
	 adding 0 log 3

	 mu_minus = -13804/25*i + 5887/25*j + 7*k, m - Q(x) = 422/25
	 adding 0 log 2

	 mu_minus = -2958/5*i + 2523/10*j + 15/2*k, m - Q(x) = 5
	 adding 0 log 3

	 mu_minus = -15776/25*i + 6728/25*j + 8*k, m - Q(x) = 317/25
	 adding 0 log 3

	 mu_minus = -16762/25*i + 14297/50*j + 17/2*k, m - Q(x) = 398/25
	 adding 0 log 2

	 mu_minus = -18734/25*i + 15979/50*j + 19/2*k, m - Q(x) = 377/25
	 adding 0 log 3

	 mu_minus = -3944/5*i + 1682/5*j + 10*k, m - Q(x) = 14
	 adding 0 log 2

	 mu_minus = -20706/25*i + 17661/50*j + 21/2*k, m - Q(x) = 62/25
	 adding 0 log 2

	 mu_minus = -21692/25*i + 9251/25*j + 11*k, m - Q(x) = 413/25
	 adding 0 log 3

	 mu_minus = -22678/25*i + 19343/50*j + 23/2*k, m - Q(x) = 278/25
	 adding 0 log 2

	 mu_minus = -23664/25*i + 10092/25*j + 12*k, m - Q(x) = 182/25
	 adding 0 log 2
Kappa_0 of 20

	 Sgcd = 17

	 mu_minus = 0, m - Q(x) = 20
	 adding 0 log 3

	 mu_minus = -986/25*i + 841/50*j + 1/2*k, m - Q(x) = 257/25
	 adding 0 log 3

	 mu_minus = -1972/25*i + 841/25*j + k, m - Q(x) = 353/25
	 adding 0 log 3

	 mu_minus = -2958/25*i + 2523/50*j + 3/2*k, m - Q(x) = 488/25
	 adding 0 log 2

	 mu_minus = -3944/25*i + 1682/25*j + 2*k, m - Q(x) = 137/25
	 adding 0 log 3

	 mu_minus = -986/5*i + 841/10*j + 5/2*k, m - Q(x) = 17
	 adding 1 log 3

	 mu_minus = -5916/25*i + 2523/25*j + 3*k, m - Q(x) = 452/25
	 adding 0 log 3

	 mu_minus = -6902/25*i + 5887/50*j + 7/2*k, m - Q(x) = 68/25
	 adding 1 log 3

	 mu_minus = -7888/25*i + 3364/25*j + 4*k, m - Q(x) = 473/25
	 adding 0 log 3

	 mu_minus = -8874/25*i + 7569/50*j + 9/2*k, m - Q(x) = 392/25
	 adding 0 log 2

	 mu_minus = -1972/5*i + 841/5*j + 5*k, m - Q(x) = 8
	 adding 0 log 2

	 mu_minus = -10846/25*i + 9251/50*j + 11/2*k, m - Q(x) = 497/25
	 adding 0 log 3

	 mu_minus = -11832/25*i + 5046/25*j + 6*k, m - Q(x) = 308/25
	 adding 0 log 3

	 mu_minus = -12818/25*i + 10933/50*j + 13/2*k, m - Q(x) = 308/25
	 adding 0 log 3

	 mu_minus = -13804/25*i + 5887/25*j + 7*k, m - Q(x) = 497/25
	 adding 0 log 3

	 mu_minus = -2958/5*i + 2523/10*j + 15/2*k, m - Q(x) = 8
	 adding 0 log 2

	 mu_minus = -15776/25*i + 6728/25*j + 8*k, m - Q(x) = 392/25
	 adding 0 log 2

	 mu_minus = -16762/25*i + 14297/50*j + 17/2*k, m - Q(x) = 473/25
	 adding 0 log 3

	 mu_minus = -17748/25*i + 7569/25*j + 9*k, m - Q(x) = 68/25
	 adding 1 log 3

	 mu_minus = -18734/25*i + 15979/50*j + 19/2*k, m - Q(x) = 452/25
	 adding 0 log 3

	 mu_minus = -3944/5*i + 1682/5*j + 10*k, m - Q(x) = 17
	 adding 1 log 3

	 mu_minus = -20706/25*i + 17661/50*j + 21/2*k, m - Q(x) = 137/25
	 adding 0 log 3

	 mu_minus = -21692/25*i + 9251/25*j + 11*k, m - Q(x) = 488/25
	 adding 0 log 2

	 mu_minus = -22678/25*i + 19343/50*j + 23/2*k, m - Q(x) = 353/25
	 adding 0 log 3

	 mu_minus = -23664/25*i + 10092/25*j + 12*k, m - Q(x) = 257/25
	 adding 0 log 3
Kappa_0 of 51

	 Sgcd = 17

	 mu_minus = 0, m - Q(x) = 51
	 adding 4 log 3

	 mu_minus = -986/25*i + 841/50*j + 1/2*k, m - Q(x) = 507/25
	 adding 1/3 log 17

	 mu_minus = -986/25*i + 841/50*j + 1/2*k, m - Q(x) = 1032/25
	 adding 0 log 2

	 mu_minus = -1972/25*i + 841/25*j + k, m - Q(x) = 1128/25
	 adding 0 log 2

	 mu_minus = -1972/25*i + 841/25*j + k, m - Q(x) = 303/25
	 adding 0 log 3

	 mu_minus = -2958/25*i + 2523/50*j + 3/2*k, m - Q(x) = 1263/25
	 adding 2/9 log 17

	 mu_minus = -3944/25*i + 1682/25*j + 2*k, m - Q(x) = 687/25
	 adding 2/9 log 17

	 mu_minus = -3944/25*i + 1682/25*j + 2*k, m - Q(x) = 912/25
	 adding 2/9 log 17

	 mu_minus = -986/5*i + 841/10*j + 5/2*k, m - Q(x) = 48
	 adding 2/9 log 17

	 mu_minus = -986/5*i + 841/10*j + 5/2*k, m - Q(x) = 3
	 adding 2/9 log 17

	 mu_minus = -5916/25*i + 2523/25*j + 3*k, m - Q(x) = 1227/25
	 adding 2/9 log 17

	 mu_minus = -6902/25*i + 5887/50*j + 7/2*k, m - Q(x) = 843/25
	 adding 0 log 3

	 mu_minus = -6902/25*i + 5887/50*j + 7/2*k, m - Q(x) = 768/25
	 adding 1/9 log 17

	 mu_minus = -7888/25*i + 3364/25*j + 4*k, m - Q(x) = 1248/25
	 adding 0 log 2

	 mu_minus = -8874/25*i + 7569/50*j + 9/2*k, m - Q(x) = 192/25
	 adding 1/9 log 17

	 mu_minus = -8874/25*i + 7569/50*j + 9/2*k, m - Q(x) = 1167/25
	 adding 0 log 3

	 mu_minus = -1972/5*i + 841/5*j + 5*k, m - Q(x) = 39
	 adding 4/9 log 17

	 mu_minus = -1972/5*i + 841/5*j + 5*k, m - Q(x) = 24
	 adding 0 log 2

	 mu_minus = -10846/25*i + 9251/50*j + 11/2*k, m - Q(x) = 1272/25
	 adding 0 log 2

	 mu_minus = -11832/25*i + 5046/25*j + 6*k, m - Q(x) = 408/25
	 adding 4 log 2

	 mu_minus = -11832/25*i + 5046/25*j + 6*k, m - Q(x) = 1083/25
	 adding 1/3 log 17

	 mu_minus = -12818/25*i + 10933/50*j + 13/2*k, m - Q(x) = 1083/25
	 adding 1/3 log 17

	 mu_minus = -12818/25*i + 10933/50*j + 13/2*k, m - Q(x) = 408/25
	 adding 4 log 2

	 mu_minus = -13804/25*i + 5887/25*j + 7*k, m - Q(x) = 1272/25
	 adding 0 log 2

	 mu_minus = -2958/5*i + 2523/10*j + 15/2*k, m - Q(x) = 24
	 adding 0 log 2

	 mu_minus = -2958/5*i + 2523/10*j + 15/2*k, m - Q(x) = 39
	 adding 4/9 log 17

	 mu_minus = -15776/25*i + 6728/25*j + 8*k, m - Q(x) = 1167/25
	 adding 0 log 3

	 mu_minus = -15776/25*i + 6728/25*j + 8*k, m - Q(x) = 192/25
	 adding 1/9 log 17

	 mu_minus = -16762/25*i + 14297/50*j + 17/2*k, m - Q(x) = 1248/25
	 adding 0 log 2

	 mu_minus = -17748/25*i + 7569/25*j + 9*k, m - Q(x) = 768/25
	 adding 1/9 log 17

	 mu_minus = -17748/25*i + 7569/25*j + 9*k, m - Q(x) = 843/25
	 adding 0 log 3

	 mu_minus = -18734/25*i + 15979/50*j + 19/2*k, m - Q(x) = 1227/25
	 adding 2/9 log 17

	 mu_minus = -3944/5*i + 1682/5*j + 10*k, m - Q(x) = 3
	 adding 2/9 log 17

	 mu_minus = -3944/5*i + 1682/5*j + 10*k, m - Q(x) = 48
	 adding 2/9 log 17

	 mu_minus = -20706/25*i + 17661/50*j + 21/2*k, m - Q(x) = 912/25
	 adding 2/9 log 17

	 mu_minus = -20706/25*i + 17661/50*j + 21/2*k, m - Q(x) = 687/25
	 adding 2/9 log 17

	 mu_minus = -21692/25*i + 9251/25*j + 11*k, m - Q(x) = 1263/25
	 adding 2/9 log 17

	 mu_minus = -22678/25*i + 19343/50*j + 23/2*k, m - Q(x) = 303/25
	 adding 0 log 3

	 mu_minus = -22678/25*i + 19343/50*j + 23/2*k, m - Q(x) = 1128/25
	 adding 0 log 2

	 mu_minus = -23664/25*i + 10092/25*j + 12*k, m - Q(x) = 1032/25
	 adding 0 log 2

	 mu_minus = -23664/25*i + 10092/25*j + 12*k, m - Q(x) = 507/25
	 adding 1/3 log 17
Kappa_0 of 23

	 Sgcd = 17

	 mu_minus = 0, m - Q(x) = 23
	 adding 0 log 3

	 mu_minus = -986/25*i + 841/50*j + 1/2*k, m - Q(x) = 332/25
	 adding 0 log 3

	 mu_minus = -1972/25*i + 841/25*j + k, m - Q(x) = 428/25
	 adding 0 log 3

	 mu_minus = -2958/25*i + 2523/50*j + 3/2*k, m - Q(x) = 563/25
	 adding 0 log 3

	 mu_minus = -3944/25*i + 1682/25*j + 2*k, m - Q(x) = 212/25
	 adding 0 log 3

	 mu_minus = -986/5*i + 841/10*j + 5/2*k, m - Q(x) = 20
	 adding 0 log 3

	 mu_minus = -5916/25*i + 2523/25*j + 3*k, m - Q(x) = 527/25
	 adding 2 log 3

	 mu_minus = -6902/25*i + 5887/50*j + 7/2*k, m - Q(x) = 143/25
	 adding 0 log 3

	 mu_minus = -6902/25*i + 5887/50*j + 7/2*k, m - Q(x) = 68/25
	 adding 1 log 3

	 mu_minus = -7888/25*i + 3364/25*j + 4*k, m - Q(x) = 548/25
	 adding 0 log 3

	 mu_minus = -8874/25*i + 7569/50*j + 9/2*k, m - Q(x) = 467/25
	 adding 0 log 3

	 mu_minus = -1972/5*i + 841/5*j + 5*k, m - Q(x) = 11
	 adding 0 log 3

	 mu_minus = -10846/25*i + 9251/50*j + 11/2*k, m - Q(x) = 572/25
	 adding 0 log 3

	 mu_minus = -11832/25*i + 5046/25*j + 6*k, m - Q(x) = 383/25
	 adding 0 log 3

	 mu_minus = -12818/25*i + 10933/50*j + 13/2*k, m - Q(x) = 383/25
	 adding 0 log 3

	 mu_minus = -13804/25*i + 5887/25*j + 7*k, m - Q(x) = 572/25
	 adding 0 log 3

	 mu_minus = -2958/5*i + 2523/10*j + 15/2*k, m - Q(x) = 11
	 adding 0 log 3

	 mu_minus = -15776/25*i + 6728/25*j + 8*k, m - Q(x) = 467/25
	 adding 0 log 3

	 mu_minus = -16762/25*i + 14297/50*j + 17/2*k, m - Q(x) = 548/25
	 adding 0 log 3

	 mu_minus = -17748/25*i + 7569/25*j + 9*k, m - Q(x) = 68/25
	 adding 1 log 3

	 mu_minus = -17748/25*i + 7569/25*j + 9*k, m - Q(x) = 143/25
	 adding 0 log 3

	 mu_minus = -18734/25*i + 15979/50*j + 19/2*k, m - Q(x) = 527/25
	 adding 2 log 3

	 mu_minus = -3944/5*i + 1682/5*j + 10*k, m - Q(x) = 20
	 adding 0 log 3

	 mu_minus = -20706/25*i + 17661/50*j + 21/2*k, m - Q(x) = 212/25
	 adding 0 log 3

	 mu_minus = -21692/25*i + 9251/25*j + 11*k, m - Q(x) = 563/25
	 adding 0 log 3

	 mu_minus = -22678/25*i + 19343/50*j + 23/2*k, m - Q(x) = 428/25
	 adding 0 log 3

	 mu_minus = -23664/25*i + 10092/25*j + 12*k, m - Q(x) = 332/25
	 adding 0 log 3
Kappa_0 of 27

	 Sgcd = 17

	 mu_minus = 0, m - Q(x) = 27
	 adding 0 log 5

	 mu_minus = -986/25*i + 841/50*j + 1/2*k, m - Q(x) = 432/25
	 adding 1/9 log 17

	 mu_minus = -1972/25*i + 841/25*j + k, m - Q(x) = 528/25
	 adding 0 log 3

	 mu_minus = -2958/25*i + 2523/50*j + 3/2*k, m - Q(x) = 663/25
	 adding 4 log 3

	 mu_minus = -3944/25*i + 1682/25*j + 2*k, m - Q(x) = 87/25
	 adding 0 log 3

	 mu_minus = -3944/25*i + 1682/25*j + 2*k, m - Q(x) = 312/25
	 adding 0 log 2

	 mu_minus = -986/5*i + 841/10*j + 5/2*k, m - Q(x) = 24
	 adding 0 log 2

	 mu_minus = -5916/25*i + 2523/25*j + 3*k, m - Q(x) = 627/25
	 adding 0 log 3

	 mu_minus = -6902/25*i + 5887/50*j + 7/2*k, m - Q(x) = 243/25
	 adding 1/9 log 17

	 mu_minus = -6902/25*i + 5887/50*j + 7/2*k, m - Q(x) = 168/25
	 adding 0 log 2

	 mu_minus = -7888/25*i + 3364/25*j + 4*k, m - Q(x) = 648/25
	 adding 0 log 2

	 mu_minus = -8874/25*i + 7569/50*j + 9/2*k, m - Q(x) = 567/25
	 adding 2/9 log 17

	 mu_minus = -1972/5*i + 841/5*j + 5*k, m - Q(x) = 15
	 adding 0 log 3

	 mu_minus = -1972/5*i + 841/5*j + 5*k, m - Q(x) = 0
	adding 1/3 Log 5

	 mu_minus = -10846/25*i + 9251/50*j + 11/2*k, m - Q(x) = 672/25
	 adding 0 log 2

	 mu_minus = -11832/25*i + 5046/25*j + 6*k, m - Q(x) = 483/25
	 adding 0 log 3

	 mu_minus = -12818/25*i + 10933/50*j + 13/2*k, m - Q(x) = 483/25
	 adding 0 log 3

	 mu_minus = -13804/25*i + 5887/25*j + 7*k, m - Q(x) = 672/25
	 adding 0 log 2

	 mu_minus = -2958/5*i + 2523/10*j + 15/2*k, m - Q(x) = 0
	adding 1/3 Log 5

	 mu_minus = -2958/5*i + 2523/10*j + 15/2*k, m - Q(x) = 15
	 adding 0 log 3

	 mu_minus = -15776/25*i + 6728/25*j + 8*k, m - Q(x) = 567/25
	 adding 2/9 log 17

	 mu_minus = -16762/25*i + 14297/50*j + 17/2*k, m - Q(x) = 648/25
	 adding 0 log 2

	 mu_minus = -17748/25*i + 7569/25*j + 9*k, m - Q(x) = 168/25
	 adding 0 log 2

	 mu_minus = -17748/25*i + 7569/25*j + 9*k, m - Q(x) = 243/25
	 adding 1/9 log 17

	 mu_minus = -18734/25*i + 15979/50*j + 19/2*k, m - Q(x) = 627/25
	 adding 0 log 3

	 mu_minus = -3944/5*i + 1682/5*j + 10*k, m - Q(x) = 24
	 adding 0 log 2

	 mu_minus = -20706/25*i + 17661/50*j + 21/2*k, m - Q(x) = 312/25
	 adding 0 log 2

	 mu_minus = -20706/25*i + 17661/50*j + 21/2*k, m - Q(x) = 87/25
	 adding 0 log 3

	 mu_minus = -21692/25*i + 9251/25*j + 11*k, m - Q(x) = 663/25
	 adding 4 log 3

	 mu_minus = -22678/25*i + 19343/50*j + 23/2*k, m - Q(x) = 528/25
	 adding 0 log 3

	 mu_minus = -23664/25*i + 10092/25*j + 12*k, m - Q(x) = 432/25
	 adding 1/9 log 17
For the divisor [ 3, 5, 8, 11, 14, 17, 20, 23, 27, 29, 45 ]
with weight [ -3, 10, -2, 3, 2, -2, 7, 2, 5, -2, -3 ]
the numerator is
[]
the denominator is
[
<5, 1>
]
--------------------------------------------------
For the divisor [ 3, 5, 6, 8, 11, 14, 17, 20, 27, 29, 45 ]
with weight [ -3/2, 17/2, 1, -3/2, 1/2, 7/2, -3/2, 2, 3/2, 1/2, -5/2 ]
the numerator is
[
<2, 3>
]
the denominator is
[
<3, 1>,
<5, 1>
]
--------------------------------------------------
For the divisor [ 2, 3, 4, 5, 8, 9, 11, 14, 17, 20, 23, 27, 29, 45, 51 ]
with weight [ -2, -7, -2, 28, -8, -2, 4, 10, -6, 9, 1, 7, -1, -9, 2 ]
the numerator is
[
<2, 12>,
<3, 1>
]
the denominator is
[
<5, 4>
]
====================================================
The discriminant is -187 with class number 1 and embedding 51*i - 20*j - 4*k
Kappa_eta of 3/4
	m - Q(x) = 4/11
	adding 1/2 Log 3
	m - Q(x) = 4/11
	adding 1/2 Log 3
Kappa_0 of 29

	 Sgcd = 3

	 mu_minus = 0, m - Q(x) = 29
	 adding 2 log 3

	 mu_minus = -612/11*i + 240/11*j + 59/11*k, m - Q(x) = 302/11
	 adding 0 log 2

	 mu_minus = -1224/11*i + 480/11*j + 118/11*k, m - Q(x) = 251/11
	 adding 1 log 3

	 mu_minus = -1836/11*i + 720/11*j + 177/11*k, m - Q(x) = 166/11
	 adding 0 log 2

	 mu_minus = -2448/11*i + 960/11*j + 236/11*k, m - Q(x) = 47/11
	 adding 1 log 3

	 mu_minus = -4284/11*i + 1680/11*j + 413/11*k, m - Q(x) = 47/11
	 adding 1 log 3

	 mu_minus = -4896/11*i + 1920/11*j + 472/11*k, m - Q(x) = 166/11
	 adding 0 log 2

	 mu_minus = -5508/11*i + 2160/11*j + 531/11*k, m - Q(x) = 251/11
	 adding 1 log 3

	 mu_minus = -6120/11*i + 2400/11*j + 590/11*k, m - Q(x) = 302/11
	 adding 0 log 2
Kappa_0 of 2

	 Sgcd = 3

	 mu_minus = 0, m - Q(x) = 2
	 adding 0 log 2

	 mu_minus = -612/11*i + 240/11*j + 59/11*k, m - Q(x) = 5/11
	 adding 0 log 3

	 mu_minus = -6120/11*i + 2400/11*j + 590/11*k, m - Q(x) = 5/11
	 adding 0 log 3
Kappa_0 of 3

	 Sgcd = 3

	 mu_minus = 0, m - Q(x) = 3
	 adding 2 log 11

	 mu_minus = -612/11*i + 240/11*j + 59/11*k, m - Q(x) = 16/11
	 adding 1/2 log 3

	 mu_minus = -6120/11*i + 2400/11*j + 590/11*k, m - Q(x) = 16/11
	 adding 1/2 log 3
Kappa_0 of 4

	 Sgcd = 3

	 mu_minus = 0, m - Q(x) = 4
	 adding 0 log 3

	 mu_minus = -612/11*i + 240/11*j + 59/11*k, m - Q(x) = 27/11
	 adding 1 log 17

	 mu_minus = -6120/11*i + 2400/11*j + 590/11*k, m - Q(x) = 27/11
	 adding 1 log 17
Kappa_0 of 5

	 Sgcd = 3

	 mu_minus = 0, m - Q(x) = 5
	 adding 0 log 3

	 mu_minus = -612/11*i + 240/11*j + 59/11*k, m - Q(x) = 38/11
	 adding 0 log 2

	 mu_minus = -6120/11*i + 2400/11*j + 590/11*k, m - Q(x) = 38/11
	 adding 0 log 2
Kappa_0 of 6

	 Sgcd = 3

	 mu_minus = 0, m - Q(x) = 6
	 adding 4 log 2

	 mu_minus = -612/11*i + 240/11*j + 59/11*k, m - Q(x) = 49/11
	 adding 3/2 log 3

	 mu_minus = -6120/11*i + 2400/11*j + 590/11*k, m - Q(x) = 49/11
	 adding 3/2 log 3
Kappa_0 of 8

	 Sgcd = 3

	 mu_minus = 0, m - Q(x) = 8
	 adding 0 log 2

	 mu_minus = -612/11*i + 240/11*j + 59/11*k, m - Q(x) = 71/11
	 adding 0 log 3

	 mu_minus = -1224/11*i + 480/11*j + 118/11*k, m - Q(x) = 20/11
	 adding 0 log 3

	 mu_minus = -5508/11*i + 2160/11*j + 531/11*k, m - Q(x) = 20/11
	 adding 0 log 3

	 mu_minus = -6120/11*i + 2400/11*j + 590/11*k, m - Q(x) = 71/11
	 adding 0 log 3
Kappa_0 of 9

	 Sgcd = 3

	 mu_minus = 0, m - Q(x) = 9
	 adding 0 log 3

	 mu_minus = -612/11*i + 240/11*j + 59/11*k, m - Q(x) = 82/11
	 adding 0 log 2

	 mu_minus = -1224/11*i + 480/11*j + 118/11*k, m - Q(x) = 31/11
	 adding 0 log 3

	 mu_minus = -5508/11*i + 2160/11*j + 531/11*k, m - Q(x) = 31/11
	 adding 0 log 3

	 mu_minus = -6120/11*i + 2400/11*j + 590/11*k, m - Q(x) = 82/11
	 adding 0 log 2
Kappa_0 of 11

	 Sgcd = 3

	 mu_minus = 0, m - Q(x) = 11
	 adding 1 log 3

	 mu_minus = -612/11*i + 240/11*j + 59/11*k, m - Q(x) = 104/11
	 adding 0 log 2

	 mu_minus = -1224/11*i + 480/11*j + 118/11*k, m - Q(x) = 53/11
	 adding 1 log 3

	 mu_minus = -5508/11*i + 2160/11*j + 531/11*k, m - Q(x) = 53/11
	 adding 1 log 3

	 mu_minus = -6120/11*i + 2400/11*j + 590/11*k, m - Q(x) = 104/11
	 adding 0 log 2
Kappa_0 of 14

	 Sgcd = 3

	 mu_minus = 0, m - Q(x) = 14
	 adding 0 log 2

	 mu_minus = -612/11*i + 240/11*j + 59/11*k, m - Q(x) = 137/11
	 adding 1 log 3

	 mu_minus = -1224/11*i + 480/11*j + 118/11*k, m - Q(x) = 86/11
	 adding 0 log 2

	 mu_minus = -1836/11*i + 720/11*j + 177/11*k, m - Q(x) = 1/11
	 adding 1/2 log 3

	 mu_minus = -4896/11*i + 1920/11*j + 472/11*k, m - Q(x) = 1/11
	 adding 1/2 log 3

	 mu_minus = -5508/11*i + 2160/11*j + 531/11*k, m - Q(x) = 86/11
	 adding 0 log 2

	 mu_minus = -6120/11*i + 2400/11*j + 590/11*k, m - Q(x) = 137/11
	 adding 1 log 3
Kappa_0 of 45

	 Sgcd = 3

	 mu_minus = 0, m - Q(x) = 45
	 adding 0 log 3

	 mu_minus = -612/11*i + 240/11*j + 59/11*k, m - Q(x) = 478/11
	 adding 0 log 2

	 mu_minus = -1224/11*i + 480/11*j + 118/11*k, m - Q(x) = 427/11
	 adding 2 log 3

	 mu_minus = -1836/11*i + 720/11*j + 177/11*k, m - Q(x) = 342/11
	 adding 0 log 2

	 mu_minus = -2448/11*i + 960/11*j + 236/11*k, m - Q(x) = 223/11
	 adding 1 log 3

	 mu_minus = -3060/11*i + 1200/11*j + 295/11*k, m - Q(x) = 70/11
	 adding 0 log 2

	 mu_minus = -3672/11*i + 1440/11*j + 354/11*k, m - Q(x) = 70/11
	 adding 0 log 2

	 mu_minus = -4284/11*i + 1680/11*j + 413/11*k, m - Q(x) = 223/11
	 adding 1 log 3

	 mu_minus = -4896/11*i + 1920/11*j + 472/11*k, m - Q(x) = 342/11
	 adding 0 log 2

	 mu_minus = -5508/11*i + 2160/11*j + 531/11*k, m - Q(x) = 427/11
	 adding 2 log 3

	 mu_minus = -6120/11*i + 2400/11*j + 590/11*k, m - Q(x) = 478/11
	 adding 0 log 2
Kappa_0 of 17

	 Sgcd = 3

	 mu_minus = 0, m - Q(x) = 17
	 adding 1 log 3

	 mu_minus = -612/11*i + 240/11*j + 59/11*k, m - Q(x) = 170/11
	 adding 0 log 2

	 mu_minus = -1224/11*i + 480/11*j + 118/11*k, m - Q(x) = 119/11
	 adding 1 log 3

	 mu_minus = -1836/11*i + 720/11*j + 177/11*k, m - Q(x) = 34/11
	 adding 0 log 2

	 mu_minus = -4896/11*i + 1920/11*j + 472/11*k, m - Q(x) = 34/11
	 adding 0 log 2

	 mu_minus = -5508/11*i + 2160/11*j + 531/11*k, m - Q(x) = 119/11
	 adding 1 log 3

	 mu_minus = -6120/11*i + 2400/11*j + 590/11*k, m - Q(x) = 170/11
	 adding 0 log 2
Kappa_0 of 20

	 Sgcd = 3

	 mu_minus = 0, m - Q(x) = 20
	 adding 0 log 3

	 mu_minus = -612/11*i + 240/11*j + 59/11*k, m - Q(x) = 203/11
	 adding 2 log 3

	 mu_minus = -1224/11*i + 480/11*j + 118/11*k, m - Q(x) = 152/11
	 adding 0 log 2

	 mu_minus = -1836/11*i + 720/11*j + 177/11*k, m - Q(x) = 67/11
	 adding 1 log 3

	 mu_minus = -4896/11*i + 1920/11*j + 472/11*k, m - Q(x) = 67/11
	 adding 1 log 3

	 mu_minus = -5508/11*i + 2160/11*j + 531/11*k, m - Q(x) = 152/11
	 adding 0 log 2

	 mu_minus = -6120/11*i + 2400/11*j + 590/11*k, m - Q(x) = 203/11
	 adding 2 log 3
Kappa_0 of 51

	 Sgcd = 3

	 mu_minus = 0, m - Q(x) = 51
	 adding 4 log 17

	 mu_minus = -612/11*i + 240/11*j + 59/11*k, m - Q(x) = 544/11
	 adding 0 log 2

	 mu_minus = -1224/11*i + 480/11*j + 118/11*k, m - Q(x) = 493/11
	 adding 1 log 3

	 mu_minus = -1836/11*i + 720/11*j + 177/11*k, m - Q(x) = 408/11
	 adding 4 log 2

	 mu_minus = -2448/11*i + 960/11*j + 236/11*k, m - Q(x) = 289/11
	 adding 1/2 log 3

	 mu_minus = -3060/11*i + 1200/11*j + 295/11*k, m - Q(x) = 136/11
	 adding 0 log 2

	 mu_minus = -3672/11*i + 1440/11*j + 354/11*k, m - Q(x) = 136/11
	 adding 0 log 2

	 mu_minus = -4284/11*i + 1680/11*j + 413/11*k, m - Q(x) = 289/11
	 adding 1/2 log 3

	 mu_minus = -4896/11*i + 1920/11*j + 472/11*k, m - Q(x) = 408/11
	 adding 4 log 2

	 mu_minus = -5508/11*i + 2160/11*j + 531/11*k, m - Q(x) = 493/11
	 adding 1 log 3

	 mu_minus = -6120/11*i + 2400/11*j + 590/11*k, m - Q(x) = 544/11
	 adding 0 log 2
Kappa_0 of 23

	 Sgcd = 3

	 mu_minus = 0, m - Q(x) = 23
	 adding 0 log 3

	 mu_minus = -612/11*i + 240/11*j + 59/11*k, m - Q(x) = 236/11
	 adding 1 log 3

	 mu_minus = -1224/11*i + 480/11*j + 118/11*k, m - Q(x) = 185/11
	 adding 0 log 3

	 mu_minus = -1836/11*i + 720/11*j + 177/11*k, m - Q(x) = 100/11
	 adding 1/2 log 3

	 mu_minus = -4896/11*i + 1920/11*j + 472/11*k, m - Q(x) = 100/11
	 adding 1/2 log 3

	 mu_minus = -5508/11*i + 2160/11*j + 531/11*k, m - Q(x) = 185/11
	 adding 0 log 3

	 mu_minus = -6120/11*i + 2400/11*j + 590/11*k, m - Q(x) = 236/11
	 adding 1 log 3
Kappa_0 of 27

	 Sgcd = 3

	 mu_minus = 0, m - Q(x) = 27
	 adding 2 log 11

	 mu_minus = -612/11*i + 240/11*j + 59/11*k, m - Q(x) = 280/11
	 adding 0 log 2

	 mu_minus = -1224/11*i + 480/11*j + 118/11*k, m - Q(x) = 229/11
	 adding 1 log 3

	 mu_minus = -1836/11*i + 720/11*j + 177/11*k, m - Q(x) = 144/11
	 adding 5/2 log 3

	 mu_minus = -2448/11*i + 960/11*j + 236/11*k, m - Q(x) = 25/11
	 adding 1/2 log 3

	 mu_minus = -4284/11*i + 1680/11*j + 413/11*k, m - Q(x) = 25/11
	 adding 1/2 log 3

	 mu_minus = -4896/11*i + 1920/11*j + 472/11*k, m - Q(x) = 144/11
	 adding 5/2 log 3

	 mu_minus = -5508/11*i + 2160/11*j + 531/11*k, m - Q(x) = 229/11
	 adding 1 log 3

	 mu_minus = -6120/11*i + 2400/11*j + 590/11*k, m - Q(x) = 280/11
	 adding 0 log 2
For the divisor [ 3, 5, 8, 11, 14, 17, 20, 23, 27, 29, 45 ]
with weight [ -3, 10, -2, 3, 2, -2, 7, 2, 5, -2, -3 ]
the numerator is
[
<11, 1>
]
the denominator is
[
<3, 2>
]
--------------------------------------------------
For the divisor [ 3, 5, 6, 8, 11, 14, 17, 20, 27, 29, 45 ]
with weight [ -3/2, 17/2, 1, -3/2, 1/2, 7/2, -3/2, 2, 3/2, 1/2, -5/2 ]
the numerator is
[
<2, 3>
]
the denominator is
[
<3, 2>
]
--------------------------------------------------
For the divisor [ 2, 3, 4, 5, 8, 9, 11, 14, 17, 20, 23, 27, 29, 45, 51 ]
with weight [ -2, -7, -2, 28, -8, -2, 4, 10, -6, 9, 1, 7, -1, -9, 2 ]
the numerator is
[
<2, 12>,
<17, 1>
]
the denominator is
[
<3, 6>
]
====================================================
The discriminant is -267 with class number 1 and embedding 19*i - 6*j - 2*k
Kappa_eta of 3/4
	m - Q(x) = 6/89
	adding 0 Log 2
	m - Q(x) = 66/89
	adding 0 Log 2
	m - Q(x) = 48/89
	adding 1/9 Log 17
	m - Q(x) = 48/89
	adding 1/9 Log 17
	m - Q(x) = 66/89
	adding 0 Log 2
	m - Q(x) = 6/89
	adding 0 Log 2
	m - Q(x) = 30/89
	adding 0 Log 2
	m - Q(x) = 60/89
	adding 0 Log 3
	m - Q(x) = 60/89
	adding 0 Log 3
	m - Q(x) = 30/89
	adding 0 Log 2
Kappa_0 of 29

	 Sgcd = 17

	 mu_minus = 0, m - Q(x) = 29
	 adding 0 log 3

	 mu_minus = -1292/89*i + 408/89*j + 314/89*k, m - Q(x) = 1258/89
	 adding 0 log 2

	 mu_minus = -1938/89*i + 612/89*j + 471/89*k, m - Q(x) = 2074/89
	 adding 0 log 2

	 mu_minus = -3230/89*i + 1020/89*j + 785/89*k, m - Q(x) = 2389/89
	 adding 0 log 3

	 mu_minus = -3876/89*i + 1224/89*j + 942/89*k, m - Q(x) = 553/89
	 adding 0 log 3

	 mu_minus = -4522/89*i + 1428/89*j + 1099/89*k, m - Q(x) = 58/89
	 adding 0 log 2

	 mu_minus = -5168/89*i + 1632/89*j + 1256/89*k, m - Q(x) = 2506/89
	 adding 0 log 2

	 mu_minus = -6460/89*i + 2040/89*j + 1570/89*k, m - Q(x) = 1813/89
	 adding 0 log 3

	 mu_minus = -7106/89*i + 2244/89*j + 1727/89*k, m - Q(x) = 1609/89
	 adding 0 log 3

	 mu_minus = -8398/89*i + 2652/89*j + 2041/89*k, m - Q(x) = 2554/89
	 adding 0 log 2

	 mu_minus = -9690/89*i + 3060/89*j + 2355/89*k, m - Q(x) = 853/89
	 adding 0 log 3

	 mu_minus = -10336/89*i + 3264/89*j + 2512/89*k, m - Q(x) = 2281/89
	 adding 0 log 3

	 mu_minus = -11628/89*i + 3672/89*j + 2826/89*k, m - Q(x) = 2218/89
	 adding 0 log 2

	 mu_minus = -12274/89*i + 3876/89*j + 2983/89*k, m - Q(x) = 994/89
	 adding 0 log 2

	 mu_minus = -13566/89*i + 4284/89*j + 3297/89*k, m - Q(x) = 2569/89
	 adding 0 log 3

	 mu_minus = -14858/89*i + 4692/89*j + 3611/89*k, m - Q(x) = 1498/89
	 adding 0 log 2

	 mu_minus = -15504/89*i + 4896/89*j + 3768/89*k, m - Q(x) = 1906/89
	 adding 0 log 2

	 mu_minus = -16796/89*i + 5304/89*j + 4082/89*k, m - Q(x) = 2473/89
	 adding 0 log 3

	 mu_minus = -17442/89*i + 5508/89*j + 4239/89*k, m - Q(x) = 229/89
	 adding 0 log 3

	 mu_minus = -18088/89*i + 5712/89*j + 4396/89*k, m - Q(x) = 394/89
	 adding 0 log 2

	 mu_minus = -18734/89*i + 5916/89*j + 4553/89*k, m - Q(x) = 2434/89
	 adding 0 log 2

	 mu_minus = -20026/89*i + 6324/89*j + 4867/89*k, m - Q(x) = 1993/89
	 adding 0 log 3

	 mu_minus = -20672/89*i + 6528/89*j + 5024/89*k, m - Q(x) = 1381/89
	 adding 0 log 3

	 mu_minus = -21964/89*i + 6936/89*j + 5338/89*k, m - Q(x) = 2578/89
	 adding 0 log 2

	 mu_minus = -23256/89*i + 7344/89*j + 5652/89*k, m - Q(x) = 1129/89
	 adding 0 log 3

	 mu_minus = -23902/89*i + 7548/89*j + 5809/89*k, m - Q(x) = 2149/89
	 adding 0 log 3

	 mu_minus = -25194/89*i + 7956/89*j + 6123/89*k, m - Q(x) = 2338/89
	 adding 0 log 2

	 mu_minus = -25840/89*i + 8160/89*j + 6280/89*k, m - Q(x) = 706/89
	 adding 0 log 2

	 mu_minus = -27132/89*i + 8568/89*j + 6594/89*k, m - Q(x) = 2533/89
	 adding 2 log 3

	 mu_minus = -28424/89*i + 8976/89*j + 6908/89*k, m - Q(x) = 1714/89
	 adding 0 log 2

	 mu_minus = -29070/89*i + 9180/89*j + 7065/89*k, m - Q(x) = 1714/89
	 adding 0 log 2

	 mu_minus = -30362/89*i + 9588/89*j + 7379/89*k, m - Q(x) = 2533/89
	 adding 2 log 3

	 mu_minus = -31654/89*i + 9996/89*j + 7693/89*k, m - Q(x) = 706/89
	 adding 0 log 2

	 mu_minus = -32300/89*i + 10200/89*j + 7850/89*k, m - Q(x) = 2338/89
	 adding 0 log 2

	 mu_minus = -33592/89*i + 10608/89*j + 8164/89*k, m - Q(x) = 2149/89
	 adding 0 log 3

	 mu_minus = -34238/89*i + 10812/89*j + 8321/89*k, m - Q(x) = 1129/89
	 adding 0 log 3

	 mu_minus = -35530/89*i + 11220/89*j + 8635/89*k, m - Q(x) = 2578/89
	 adding 0 log 2

	 mu_minus = -36822/89*i + 11628/89*j + 8949/89*k, m - Q(x) = 1381/89
	 adding 0 log 3

	 mu_minus = -37468/89*i + 11832/89*j + 9106/89*k, m - Q(x) = 1993/89
	 adding 0 log 3

	 mu_minus = -38760/89*i + 12240/89*j + 9420/89*k, m - Q(x) = 2434/89
	 adding 0 log 2

	 mu_minus = -39406/89*i + 12444/89*j + 9577/89*k, m - Q(x) = 394/89
	 adding 0 log 2

	 mu_minus = -40052/89*i + 12648/89*j + 9734/89*k, m - Q(x) = 229/89
	 adding 0 log 3

	 mu_minus = -40698/89*i + 12852/89*j + 9891/89*k, m - Q(x) = 2473/89
	 adding 0 log 3

	 mu_minus = -41990/89*i + 13260/89*j + 10205/89*k, m - Q(x) = 1906/89
	 adding 0 log 2

	 mu_minus = -42636/89*i + 13464/89*j + 10362/89*k, m - Q(x) = 1498/89
	 adding 0 log 2

	 mu_minus = -43928/89*i + 13872/89*j + 10676/89*k, m - Q(x) = 2569/89
	 adding 0 log 3

	 mu_minus = -45220/89*i + 14280/89*j + 10990/89*k, m - Q(x) = 994/89
	 adding 0 log 2

	 mu_minus = -45866/89*i + 14484/89*j + 11147/89*k, m - Q(x) = 2218/89
	 adding 0 log 2

	 mu_minus = -47158/89*i + 14892/89*j + 11461/89*k, m - Q(x) = 2281/89
	 adding 0 log 3

	 mu_minus = -47804/89*i + 15096/89*j + 11618/89*k, m - Q(x) = 853/89
	 adding 0 log 3

	 mu_minus = -49096/89*i + 15504/89*j + 11932/89*k, m - Q(x) = 2554/89
	 adding 0 log 2

	 mu_minus = -50388/89*i + 15912/89*j + 12246/89*k, m - Q(x) = 1609/89
	 adding 0 log 3

	 mu_minus = -51034/89*i + 16116/89*j + 12403/89*k, m - Q(x) = 1813/89
	 adding 0 log 3

	 mu_minus = -52326/89*i + 16524/89*j + 12717/89*k, m - Q(x) = 2506/89
	 adding 0 log 2

	 mu_minus = -52972/89*i + 16728/89*j + 12874/89*k, m - Q(x) = 58/89
	 adding 0 log 2

	 mu_minus = -53618/89*i + 16932/89*j + 13031/89*k, m - Q(x) = 553/89
	 adding 0 log 3

	 mu_minus = -54264/89*i + 17136/89*j + 13188/89*k, m - Q(x) = 2389/89
	 adding 0 log 3

	 mu_minus = -55556/89*i + 17544/89*j + 13502/89*k, m - Q(x) = 2074/89
	 adding 0 log 2

	 mu_minus = -56202/89*i + 17748/89*j + 13659/89*k, m - Q(x) = 1258/89
	 adding 0 log 2
Kappa_0 of 2

	 Sgcd = 17

	 mu_minus = 0, m - Q(x) = 2
	 adding 0 log 2

	 mu_minus = -5168/89*i + 1632/89*j + 1256/89*k, m - Q(x) = 103/89
	 adding 0 log 3

	 mu_minus = -8398/89*i + 2652/89*j + 2041/89*k, m - Q(x) = 151/89
	 adding 0 log 3

	 mu_minus = -13566/89*i + 4284/89*j + 3297/89*k, m - Q(x) = 166/89
	 adding 0 log 2

	 mu_minus = -16796/89*i + 5304/89*j + 4082/89*k, m - Q(x) = 70/89
	 adding 0 log 2

	 mu_minus = -18734/89*i + 5916/89*j + 4553/89*k, m - Q(x) = 31/89
	 adding 0 log 3

	 mu_minus = -21964/89*i + 6936/89*j + 5338/89*k, m - Q(x) = 175/89
	 adding 0 log 3

	 mu_minus = -27132/89*i + 8568/89*j + 6594/89*k, m - Q(x) = 130/89
	 adding 0 log 2

	 mu_minus = -30362/89*i + 9588/89*j + 7379/89*k, m - Q(x) = 130/89
	 adding 0 log 2

	 mu_minus = -35530/89*i + 11220/89*j + 8635/89*k, m - Q(x) = 175/89
	 adding 0 log 3

	 mu_minus = -38760/89*i + 12240/89*j + 9420/89*k, m - Q(x) = 31/89
	 adding 0 log 3

	 mu_minus = -40698/89*i + 12852/89*j + 9891/89*k, m - Q(x) = 70/89
	 adding 0 log 2

	 mu_minus = -43928/89*i + 13872/89*j + 10676/89*k, m - Q(x) = 166/89
	 adding 0 log 2

	 mu_minus = -49096/89*i + 15504/89*j + 11932/89*k, m - Q(x) = 151/89
	 adding 0 log 3

	 mu_minus = -52326/89*i + 16524/89*j + 12717/89*k, m - Q(x) = 103/89
	 adding 0 log 3
Kappa_0 of 3

	 Sgcd = 17

	 mu_minus = 0, m - Q(x) = 3
	 adding 0 log 3

	 mu_minus = -3230/89*i + 1020/89*j + 785/89*k, m - Q(x) = 75/89
	 adding 1/9 log 17

	 mu_minus = -5168/89*i + 1632/89*j + 1256/89*k, m - Q(x) = 192/89
	 adding 1/9 log 17

	 mu_minus = -8398/89*i + 2652/89*j + 2041/89*k, m - Q(x) = 240/89
	 adding 0 log 3

	 mu_minus = -13566/89*i + 4284/89*j + 3297/89*k, m - Q(x) = 255/89
	 adding 2 log 5

	 mu_minus = -16796/89*i + 5304/89*j + 4082/89*k, m - Q(x) = 159/89
	 adding 0 log 3

	 mu_minus = -18734/89*i + 5916/89*j + 4553/89*k, m - Q(x) = 120/89
	 adding 0 log 2

	 mu_minus = -21964/89*i + 6936/89*j + 5338/89*k, m - Q(x) = 264/89
	 adding 0 log 2

	 mu_minus = -25194/89*i + 7956/89*j + 6123/89*k, m - Q(x) = 24/89
	 adding 0 log 2

	 mu_minus = -27132/89*i + 8568/89*j + 6594/89*k, m - Q(x) = 219/89
	 adding 2/9 log 17

	 mu_minus = -30362/89*i + 9588/89*j + 7379/89*k, m - Q(x) = 219/89
	 adding 2/9 log 17

	 mu_minus = -32300/89*i + 10200/89*j + 7850/89*k, m - Q(x) = 24/89
	 adding 0 log 2

	 mu_minus = -35530/89*i + 11220/89*j + 8635/89*k, m - Q(x) = 264/89
	 adding 0 log 2

	 mu_minus = -38760/89*i + 12240/89*j + 9420/89*k, m - Q(x) = 120/89
	 adding 0 log 2

	 mu_minus = -40698/89*i + 12852/89*j + 9891/89*k, m - Q(x) = 159/89
	 adding 0 log 3

	 mu_minus = -43928/89*i + 13872/89*j + 10676/89*k, m - Q(x) = 255/89
	 adding 2 log 5

	 mu_minus = -49096/89*i + 15504/89*j + 11932/89*k, m - Q(x) = 240/89
	 adding 0 log 3

	 mu_minus = -52326/89*i + 16524/89*j + 12717/89*k, m - Q(x) = 192/89
	 adding 1/9 log 17

	 mu_minus = -54264/89*i + 17136/89*j + 13188/89*k, m - Q(x) = 75/89
	 adding 1/9 log 17
Kappa_0 of 4

	 Sgcd = 17

	 mu_minus = 0, m - Q(x) = 4
	 adding 2/9 log 17

	 mu_minus = -3230/89*i + 1020/89*j + 785/89*k, m - Q(x) = 164/89
	 adding 2/9 log 17

	 mu_minus = -5168/89*i + 1632/89*j + 1256/89*k, m - Q(x) = 281/89
	 adding 2/9 log 17

	 mu_minus = -8398/89*i + 2652/89*j + 2041/89*k, m - Q(x) = 329/89
	 adding 0 log 7

	 mu_minus = -10336/89*i + 3264/89*j + 2512/89*k, m - Q(x) = 56/89
	 adding 0 log 2

	 mu_minus = -13566/89*i + 4284/89*j + 3297/89*k, m - Q(x) = 344/89
	 adding 0 log 2

	 mu_minus = -16796/89*i + 5304/89*j + 4082/89*k, m - Q(x) = 248/89
	 adding 0 log 2

	 mu_minus = -18734/89*i + 5916/89*j + 4553/89*k, m - Q(x) = 209/89
	 adding 0 log 11

	 mu_minus = -21964/89*i + 6936/89*j + 5338/89*k, m - Q(x) = 353/89
	 adding 2/9 log 17

	 mu_minus = -25194/89*i + 7956/89*j + 6123/89*k, m - Q(x) = 113/89
	 adding 2/9 log 17

	 mu_minus = -27132/89*i + 8568/89*j + 6594/89*k, m - Q(x) = 308/89
	 adding 0 log 7

	 mu_minus = -30362/89*i + 9588/89*j + 7379/89*k, m - Q(x) = 308/89
	 adding 0 log 7

	 mu_minus = -32300/89*i + 10200/89*j + 7850/89*k, m - Q(x) = 113/89
	 adding 2/9 log 17

	 mu_minus = -35530/89*i + 11220/89*j + 8635/89*k, m - Q(x) = 353/89
	 adding 2/9 log 17

	 mu_minus = -38760/89*i + 12240/89*j + 9420/89*k, m - Q(x) = 209/89
	 adding 0 log 11

	 mu_minus = -40698/89*i + 12852/89*j + 9891/89*k, m - Q(x) = 248/89
	 adding 0 log 2

	 mu_minus = -43928/89*i + 13872/89*j + 10676/89*k, m - Q(x) = 344/89
	 adding 0 log 2

	 mu_minus = -47158/89*i + 14892/89*j + 11461/89*k, m - Q(x) = 56/89
	 adding 0 log 2

	 mu_minus = -49096/89*i + 15504/89*j + 11932/89*k, m - Q(x) = 329/89
	 adding 0 log 7

	 mu_minus = -52326/89*i + 16524/89*j + 12717/89*k, m - Q(x) = 281/89
	 adding 2/9 log 17

	 mu_minus = -54264/89*i + 17136/89*j + 13188/89*k, m - Q(x) = 164/89
	 adding 2/9 log 17
Kappa_0 of 5

	 Sgcd = 17

	 mu_minus = 0, m - Q(x) = 5
	 adding 0 log 3

	 mu_minus = -3230/89*i + 1020/89*j + 785/89*k, m - Q(x) = 253/89
	 adding 0 log 3

	 mu_minus = -5168/89*i + 1632/89*j + 1256/89*k, m - Q(x) = 370/89
	 adding 0 log 2

	 mu_minus = -8398/89*i + 2652/89*j + 2041/89*k, m - Q(x) = 418/89
	 adding 0 log 2

	 mu_minus = -10336/89*i + 3264/89*j + 2512/89*k, m - Q(x) = 145/89
	 adding 0 log 3

	 mu_minus = -11628/89*i + 3672/89*j + 2826/89*k, m - Q(x) = 82/89
	 adding 0 log 2

	 mu_minus = -13566/89*i + 4284/89*j + 3297/89*k, m - Q(x) = 433/89
	 adding 0 log 3

	 mu_minus = -16796/89*i + 5304/89*j + 4082/89*k, m - Q(x) = 337/89
	 adding 0 log 3

	 mu_minus = -18734/89*i + 5916/89*j + 4553/89*k, m - Q(x) = 298/89
	 adding 0 log 2

	 mu_minus = -21964/89*i + 6936/89*j + 5338/89*k, m - Q(x) = 442/89
	 adding 0 log 2

	 mu_minus = -23902/89*i + 7548/89*j + 5809/89*k, m - Q(x) = 13/89
	 adding 0 log 3

	 mu_minus = -25194/89*i + 7956/89*j + 6123/89*k, m - Q(x) = 202/89
	 adding 0 log 2

	 mu_minus = -27132/89*i + 8568/89*j + 6594/89*k, m - Q(x) = 397/89
	 adding 0 log 3

	 mu_minus = -30362/89*i + 9588/89*j + 7379/89*k, m - Q(x) = 397/89
	 adding 0 log 3

	 mu_minus = -32300/89*i + 10200/89*j + 7850/89*k, m - Q(x) = 202/89
	 adding 0 log 2

	 mu_minus = -33592/89*i + 10608/89*j + 8164/89*k, m - Q(x) = 13/89
	 adding 0 log 3

	 mu_minus = -35530/89*i + 11220/89*j + 8635/89*k, m - Q(x) = 442/89
	 adding 0 log 2

	 mu_minus = -38760/89*i + 12240/89*j + 9420/89*k, m - Q(x) = 298/89
	 adding 0 log 2

	 mu_minus = -40698/89*i + 12852/89*j + 9891/89*k, m - Q(x) = 337/89
	 adding 0 log 3

	 mu_minus = -43928/89*i + 13872/89*j + 10676/89*k, m - Q(x) = 433/89
	 adding 0 log 3

	 mu_minus = -45866/89*i + 14484/89*j + 11147/89*k, m - Q(x) = 82/89
	 adding 0 log 2

	 mu_minus = -47158/89*i + 14892/89*j + 11461/89*k, m - Q(x) = 145/89
	 adding 0 log 3

	 mu_minus = -49096/89*i + 15504/89*j + 11932/89*k, m - Q(x) = 418/89
	 adding 0 log 2

	 mu_minus = -52326/89*i + 16524/89*j + 12717/89*k, m - Q(x) = 370/89
	 adding 0 log 2

	 mu_minus = -54264/89*i + 17136/89*j + 13188/89*k, m - Q(x) = 253/89
	 adding 0 log 3
Kappa_0 of 6

	 Sgcd = 17

	 mu_minus = 0, m - Q(x) = 6
	 adding 0 log 2

	 mu_minus = -1938/89*i + 612/89*j + 471/89*k, m - Q(x) = 27/89
	 adding 1/9 log 17

	 mu_minus = -3230/89*i + 1020/89*j + 785/89*k, m - Q(x) = 342/89
	 adding 0 log 2

	 mu_minus = -5168/89*i + 1632/89*j + 1256/89*k, m - Q(x) = 459/89
	 adding 4 log 3

	 mu_minus = -8398/89*i + 2652/89*j + 2041/89*k, m - Q(x) = 507/89
	 adding 1/9 log 17

	 mu_minus = -10336/89*i + 3264/89*j + 2512/89*k, m - Q(x) = 234/89
	 adding 0 log 2

	 mu_minus = -11628/89*i + 3672/89*j + 2826/89*k, m - Q(x) = 171/89
	 adding 0 log 3

	 mu_minus = -13566/89*i + 4284/89*j + 3297/89*k, m - Q(x) = 522/89
	 adding 0 log 2

	 mu_minus = -16796/89*i + 5304/89*j + 4082/89*k, m - Q(x) = 426/89
	 adding 0 log 2

	 mu_minus = -18734/89*i + 5916/89*j + 4553/89*k, m - Q(x) = 387/89
	 adding 0 log 3

	 mu_minus = -21964/89*i + 6936/89*j + 5338/89*k, m - Q(x) = 531/89
	 adding 2/9 log 17

	 mu_minus = -23902/89*i + 7548/89*j + 5809/89*k, m - Q(x) = 102/89
	 adding 2 log 2

	 mu_minus = -25194/89*i + 7956/89*j + 6123/89*k, m - Q(x) = 291/89
	 adding 2/9 log 17

	 mu_minus = -27132/89*i + 8568/89*j + 6594/89*k, m - Q(x) = 486/89
	 adding 0 log 2

	 mu_minus = -30362/89*i + 9588/89*j + 7379/89*k, m - Q(x) = 486/89
	 adding 0 log 2

	 mu_minus = -32300/89*i + 10200/89*j + 7850/89*k, m - Q(x) = 291/89
	 adding 2/9 log 17

	 mu_minus = -33592/89*i + 10608/89*j + 8164/89*k, m - Q(x) = 102/89
	 adding 2 log 2

	 mu_minus = -35530/89*i + 11220/89*j + 8635/89*k, m - Q(x) = 531/89
	 adding 2/9 log 17

	 mu_minus = -38760/89*i + 12240/89*j + 9420/89*k, m - Q(x) = 387/89
	 adding 0 log 3

	 mu_minus = -40698/89*i + 12852/89*j + 9891/89*k, m - Q(x) = 426/89
	 adding 0 log 2

	 mu_minus = -43928/89*i + 13872/89*j + 10676/89*k, m - Q(x) = 522/89
	 adding 0 log 2

	 mu_minus = -45866/89*i + 14484/89*j + 11147/89*k, m - Q(x) = 171/89
	 adding 0 log 3

	 mu_minus = -47158/89*i + 14892/89*j + 11461/89*k, m - Q(x) = 234/89
	 adding 0 log 2

	 mu_minus = -49096/89*i + 15504/89*j + 11932/89*k, m - Q(x) = 507/89
	 adding 1/9 log 17

	 mu_minus = -52326/89*i + 16524/89*j + 12717/89*k, m - Q(x) = 459/89
	 adding 4 log 3

	 mu_minus = -54264/89*i + 17136/89*j + 13188/89*k, m - Q(x) = 342/89
	 adding 0 log 2

	 mu_minus = -55556/89*i + 17544/89*j + 13502/89*k, m - Q(x) = 27/89
	 adding 1/9 log 17
Kappa_0 of 8

	 Sgcd = 17

	 mu_minus = 0, m - Q(x) = 8
	 adding 0 log 2

	 mu_minus = -1938/89*i + 612/89*j + 471/89*k, m - Q(x) = 205/89
	 adding 0 log 3

	 mu_minus = -3230/89*i + 1020/89*j + 785/89*k, m - Q(x) = 520/89
	 adding 0 log 2

	 mu_minus = -5168/89*i + 1632/89*j + 1256/89*k, m - Q(x) = 637/89
	 adding 0 log 3

	 mu_minus = -8398/89*i + 2652/89*j + 2041/89*k, m - Q(x) = 685/89
	 adding 0 log 3

	 mu_minus = -10336/89*i + 3264/89*j + 2512/89*k, m - Q(x) = 412/89
	 adding 0 log 3

	 mu_minus = -11628/89*i + 3672/89*j + 2826/89*k, m - Q(x) = 349/89
	 adding 0 log 3

	 mu_minus = -13566/89*i + 4284/89*j + 3297/89*k, m - Q(x) = 700/89
	 adding 0 log 3

	 mu_minus = -15504/89*i + 4896/89*j + 3768/89*k, m - Q(x) = 37/89
	 adding 0 log 3

	 mu_minus = -16796/89*i + 5304/89*j + 4082/89*k, m - Q(x) = 604/89
	 adding 0 log 3

	 mu_minus = -18734/89*i + 5916/89*j + 4553/89*k, m - Q(x) = 565/89
	 adding 0 log 3

	 mu_minus = -20026/89*i + 6324/89*j + 4867/89*k, m - Q(x) = 124/89
	 adding 0 log 3

	 mu_minus = -21964/89*i + 6936/89*j + 5338/89*k, m - Q(x) = 709/89
	 adding 0 log 3

	 mu_minus = -23902/89*i + 7548/89*j + 5809/89*k, m - Q(x) = 280/89
	 adding 0 log 2

	 mu_minus = -25194/89*i + 7956/89*j + 6123/89*k, m - Q(x) = 469/89
	 adding 0 log 3

	 mu_minus = -27132/89*i + 8568/89*j + 6594/89*k, m - Q(x) = 664/89
	 adding 0 log 2

	 mu_minus = -30362/89*i + 9588/89*j + 7379/89*k, m - Q(x) = 664/89
	 adding 0 log 2

	 mu_minus = -32300/89*i + 10200/89*j + 7850/89*k, m - Q(x) = 469/89
	 adding 0 log 3

	 mu_minus = -33592/89*i + 10608/89*j + 8164/89*k, m - Q(x) = 280/89
	 adding 0 log 2

	 mu_minus = -35530/89*i + 11220/89*j + 8635/89*k, m - Q(x) = 709/89
	 adding 0 log 3

	 mu_minus = -37468/89*i + 11832/89*j + 9106/89*k, m - Q(x) = 124/89
	 adding 0 log 3

	 mu_minus = -38760/89*i + 12240/89*j + 9420/89*k, m - Q(x) = 565/89
	 adding 0 log 3

	 mu_minus = -40698/89*i + 12852/89*j + 9891/89*k, m - Q(x) = 604/89
	 adding 0 log 3

	 mu_minus = -41990/89*i + 13260/89*j + 10205/89*k, m - Q(x) = 37/89
	 adding 0 log 3

	 mu_minus = -43928/89*i + 13872/89*j + 10676/89*k, m - Q(x) = 700/89
	 adding 0 log 3

	 mu_minus = -45866/89*i + 14484/89*j + 11147/89*k, m - Q(x) = 349/89
	 adding 0 log 3

	 mu_minus = -47158/89*i + 14892/89*j + 11461/89*k, m - Q(x) = 412/89
	 adding 0 log 3

	 mu_minus = -49096/89*i + 15504/89*j + 11932/89*k, m - Q(x) = 685/89
	 adding 0 log 3

	 mu_minus = -52326/89*i + 16524/89*j + 12717/89*k, m - Q(x) = 637/89
	 adding 0 log 3

	 mu_minus = -54264/89*i + 17136/89*j + 13188/89*k, m - Q(x) = 520/89
	 adding 0 log 2

	 mu_minus = -55556/89*i + 17544/89*j + 13502/89*k, m - Q(x) = 205/89
	 adding 0 log 3
Kappa_0 of 9

	 Sgcd = 17

	 mu_minus = 0, m - Q(x) = 9
	 adding 2/9 log 17

	 mu_minus = -1938/89*i + 612/89*j + 471/89*k, m - Q(x) = 294/89
	 adding 0 log 2

	 mu_minus = -3230/89*i + 1020/89*j + 785/89*k, m - Q(x) = 609/89
	 adding 0 log 3

	 mu_minus = -5168/89*i + 1632/89*j + 1256/89*k, m - Q(x) = 726/89
	 adding 0 log 2

	 mu_minus = -6460/89*i + 2040/89*j + 1570/89*k, m - Q(x) = 33/89
	 adding 0 log 3

	 mu_minus = -8398/89*i + 2652/89*j + 2041/89*k, m - Q(x) = 774/89
	 adding 0 log 2

	 mu_minus = -10336/89*i + 3264/89*j + 2512/89*k, m - Q(x) = 501/89
	 adding 0 log 3

	 mu_minus = -11628/89*i + 3672/89*j + 2826/89*k, m - Q(x) = 438/89
	 adding 0 log 2

	 mu_minus = -13566/89*i + 4284/89*j + 3297/89*k, m - Q(x) = 789/89
	 adding 0 log 3

	 mu_minus = -15504/89*i + 4896/89*j + 3768/89*k, m - Q(x) = 126/89
	 adding 0 log 2

	 mu_minus = -16796/89*i + 5304/89*j + 4082/89*k, m - Q(x) = 693/89
	 adding 0 log 7

	 mu_minus = -18734/89*i + 5916/89*j + 4553/89*k, m - Q(x) = 654/89
	 adding 0 log 2

	 mu_minus = -20026/89*i + 6324/89*j + 4867/89*k, m - Q(x) = 213/89
	 adding 0 log 3

	 mu_minus = -21964/89*i + 6936/89*j + 5338/89*k, m - Q(x) = 798/89
	 adding 0 log 2

	 mu_minus = -23902/89*i + 7548/89*j + 5809/89*k, m - Q(x) = 369/89
	 adding 2/9 log 17

	 mu_minus = -25194/89*i + 7956/89*j + 6123/89*k, m - Q(x) = 558/89
	 adding 0 log 2

	 mu_minus = -27132/89*i + 8568/89*j + 6594/89*k, m - Q(x) = 753/89
	 adding 0 log 3

	 mu_minus = -30362/89*i + 9588/89*j + 7379/89*k, m - Q(x) = 753/89
	 adding 0 log 3

	 mu_minus = -32300/89*i + 10200/89*j + 7850/89*k, m - Q(x) = 558/89
	 adding 0 log 2

	 mu_minus = -33592/89*i + 10608/89*j + 8164/89*k, m - Q(x) = 369/89
	 adding 2/9 log 17

	 mu_minus = -35530/89*i + 11220/89*j + 8635/89*k, m - Q(x) = 798/89
	 adding 0 log 2

	 mu_minus = -37468/89*i + 11832/89*j + 9106/89*k, m - Q(x) = 213/89
	 adding 0 log 3

	 mu_minus = -38760/89*i + 12240/89*j + 9420/89*k, m - Q(x) = 654/89
	 adding 0 log 2

	 mu_minus = -40698/89*i + 12852/89*j + 9891/89*k, m - Q(x) = 693/89
	 adding 0 log 7

	 mu_minus = -41990/89*i + 13260/89*j + 10205/89*k, m - Q(x) = 126/89
	 adding 0 log 2

	 mu_minus = -43928/89*i + 13872/89*j + 10676/89*k, m - Q(x) = 789/89
	 adding 0 log 3

	 mu_minus = -45866/89*i + 14484/89*j + 11147/89*k, m - Q(x) = 438/89
	 adding 0 log 2

	 mu_minus = -47158/89*i + 14892/89*j + 11461/89*k, m - Q(x) = 501/89
	 adding 0 log 3

	 mu_minus = -49096/89*i + 15504/89*j + 11932/89*k, m - Q(x) = 774/89
	 adding 0 log 2

	 mu_minus = -51034/89*i + 16116/89*j + 12403/89*k, m - Q(x) = 33/89
	 adding 0 log 3

	 mu_minus = -52326/89*i + 16524/89*j + 12717/89*k, m - Q(x) = 726/89
	 adding 0 log 2

	 mu_minus = -54264/89*i + 17136/89*j + 13188/89*k, m - Q(x) = 609/89
	 adding 0 log 3

	 mu_minus = -55556/89*i + 17544/89*j + 13502/89*k, m - Q(x) = 294/89
	 adding 0 log 2
Kappa_0 of 11

	 Sgcd = 17

	 mu_minus = 0, m - Q(x) = 11
	 adding 0 log 3

	 mu_minus = -1938/89*i + 612/89*j + 471/89*k, m - Q(x) = 472/89
	 adding 0 log 2

	 mu_minus = -3230/89*i + 1020/89*j + 785/89*k, m - Q(x) = 787/89
	 adding 0 log 3

	 mu_minus = -5168/89*i + 1632/89*j + 1256/89*k, m - Q(x) = 904/89
	 adding 0 log 2

	 mu_minus = -6460/89*i + 2040/89*j + 1570/89*k, m - Q(x) = 211/89
	 adding 0 log 3

	 mu_minus = -7106/89*i + 2244/89*j + 1727/89*k, m - Q(x) = 7/89
	 adding 0 log 3

	 mu_minus = -8398/89*i + 2652/89*j + 2041/89*k, m - Q(x) = 952/89
	 adding 0 log 2

	 mu_minus = -10336/89*i + 3264/89*j + 2512/89*k, m - Q(x) = 679/89
	 adding 0 log 3

	 mu_minus = -11628/89*i + 3672/89*j + 2826/89*k, m - Q(x) = 616/89
	 adding 0 log 2

	 mu_minus = -13566/89*i + 4284/89*j + 3297/89*k, m - Q(x) = 967/89
	 adding 0 log 3

	 mu_minus = -15504/89*i + 4896/89*j + 3768/89*k, m - Q(x) = 304/89
	 adding 0 log 3

	 mu_minus = -16796/89*i + 5304/89*j + 4082/89*k, m - Q(x) = 871/89
	 adding 0 log 3

	 mu_minus = -18734/89*i + 5916/89*j + 4553/89*k, m - Q(x) = 832/89
	 adding 0 log 3

	 mu_minus = -20026/89*i + 6324/89*j + 4867/89*k, m - Q(x) = 391/89
	 adding 2 log 3

	 mu_minus = -21964/89*i + 6936/89*j + 5338/89*k, m - Q(x) = 976/89
	 adding 0 log 3

	 mu_minus = -23902/89*i + 7548/89*j + 5809/89*k, m - Q(x) = 547/89
	 adding 0 log 3

	 mu_minus = -25194/89*i + 7956/89*j + 6123/89*k, m - Q(x) = 736/89
	 adding 0 log 2

	 mu_minus = -27132/89*i + 8568/89*j + 6594/89*k, m - Q(x) = 931/89
	 adding 0 log 3

	 mu_minus = -28424/89*i + 8976/89*j + 6908/89*k, m - Q(x) = 112/89
	 adding 0 log 3

	 mu_minus = -29070/89*i + 9180/89*j + 7065/89*k, m - Q(x) = 112/89
	 adding 0 log 3

	 mu_minus = -30362/89*i + 9588/89*j + 7379/89*k, m - Q(x) = 931/89
	 adding 0 log 3

	 mu_minus = -32300/89*i + 10200/89*j + 7850/89*k, m - Q(x) = 736/89
	 adding 0 log 2

	 mu_minus = -33592/89*i + 10608/89*j + 8164/89*k, m - Q(x) = 547/89
	 adding 0 log 3

	 mu_minus = -35530/89*i + 11220/89*j + 8635/89*k, m - Q(x) = 976/89
	 adding 0 log 3

	 mu_minus = -37468/89*i + 11832/89*j + 9106/89*k, m - Q(x) = 391/89
	 adding 2 log 3

	 mu_minus = -38760/89*i + 12240/89*j + 9420/89*k, m - Q(x) = 832/89
	 adding 0 log 3

	 mu_minus = -40698/89*i + 12852/89*j + 9891/89*k, m - Q(x) = 871/89
	 adding 0 log 3

	 mu_minus = -41990/89*i + 13260/89*j + 10205/89*k, m - Q(x) = 304/89
	 adding 0 log 3

	 mu_minus = -43928/89*i + 13872/89*j + 10676/89*k, m - Q(x) = 967/89
	 adding 0 log 3

	 mu_minus = -45866/89*i + 14484/89*j + 11147/89*k, m - Q(x) = 616/89
	 adding 0 log 2

	 mu_minus = -47158/89*i + 14892/89*j + 11461/89*k, m - Q(x) = 679/89
	 adding 0 log 3

	 mu_minus = -49096/89*i + 15504/89*j + 11932/89*k, m - Q(x) = 952/89
	 adding 0 log 2

	 mu_minus = -50388/89*i + 15912/89*j + 12246/89*k, m - Q(x) = 7/89
	 adding 0 log 3

	 mu_minus = -51034/89*i + 16116/89*j + 12403/89*k, m - Q(x) = 211/89
	 adding 0 log 3

	 mu_minus = -52326/89*i + 16524/89*j + 12717/89*k, m - Q(x) = 904/89
	 adding 0 log 2

	 mu_minus = -54264/89*i + 17136/89*j + 13188/89*k, m - Q(x) = 787/89
	 adding 0 log 3

	 mu_minus = -55556/89*i + 17544/89*j + 13502/89*k, m - Q(x) = 472/89
	 adding 0 log 2
Kappa_0 of 14

	 Sgcd = 17

	 mu_minus = 0, m - Q(x) = 14
	 adding 0 log 2

	 mu_minus = -1938/89*i + 612/89*j + 471/89*k, m - Q(x) = 739/89
	 adding 0 log 3

	 mu_minus = -3230/89*i + 1020/89*j + 785/89*k, m - Q(x) = 1054/89
	 adding 0 log 2

	 mu_minus = -5168/89*i + 1632/89*j + 1256/89*k, m - Q(x) = 1171/89
	 adding 0 log 3

	 mu_minus = -6460/89*i + 2040/89*j + 1570/89*k, m - Q(x) = 478/89
	 adding 0 log 2

	 mu_minus = -7106/89*i + 2244/89*j + 1727/89*k, m - Q(x) = 274/89
	 adding 0 log 2

	 mu_minus = -8398/89*i + 2652/89*j + 2041/89*k, m - Q(x) = 1219/89
	 adding 0 log 3

	 mu_minus = -10336/89*i + 3264/89*j + 2512/89*k, m - Q(x) = 946/89
	 adding 0 log 2

	 mu_minus = -11628/89*i + 3672/89*j + 2826/89*k, m - Q(x) = 883/89
	 adding 0 log 3

	 mu_minus = -13566/89*i + 4284/89*j + 3297/89*k, m - Q(x) = 1234/89
	 adding 0 log 2

	 mu_minus = -14858/89*i + 4692/89*j + 3611/89*k, m - Q(x) = 163/89
	 adding 0 log 3

	 mu_minus = -15504/89*i + 4896/89*j + 3768/89*k, m - Q(x) = 571/89
	 adding 0 log 3

	 mu_minus = -16796/89*i + 5304/89*j + 4082/89*k, m - Q(x) = 1138/89
	 adding 0 log 2

	 mu_minus = -18734/89*i + 5916/89*j + 4553/89*k, m - Q(x) = 1099/89
	 adding 0 log 3

	 mu_minus = -20026/89*i + 6324/89*j + 4867/89*k, m - Q(x) = 658/89
	 adding 0 log 2

	 mu_minus = -20672/89*i + 6528/89*j + 5024/89*k, m - Q(x) = 46/89
	 adding 0 log 2

	 mu_minus = -21964/89*i + 6936/89*j + 5338/89*k, m - Q(x) = 1243/89
	 adding 0 log 3

	 mu_minus = -23902/89*i + 7548/89*j + 5809/89*k, m - Q(x) = 814/89
	 adding 0 log 2

	 mu_minus = -25194/89*i + 7956/89*j + 6123/89*k, m - Q(x) = 1003/89
	 adding 2 log 3

	 mu_minus = -27132/89*i + 8568/89*j + 6594/89*k, m - Q(x) = 1198/89
	 adding 0 log 2

	 mu_minus = -28424/89*i + 8976/89*j + 6908/89*k, m - Q(x) = 379/89
	 adding 0 log 3

	 mu_minus = -29070/89*i + 9180/89*j + 7065/89*k, m - Q(x) = 379/89
	 adding 0 log 3

	 mu_minus = -30362/89*i + 9588/89*j + 7379/89*k, m - Q(x) = 1198/89
	 adding 0 log 2

	 mu_minus = -32300/89*i + 10200/89*j + 7850/89*k, m - Q(x) = 1003/89
	 adding 2 log 3

	 mu_minus = -33592/89*i + 10608/89*j + 8164/89*k, m - Q(x) = 814/89
	 adding 0 log 2

	 mu_minus = -35530/89*i + 11220/89*j + 8635/89*k, m - Q(x) = 1243/89
	 adding 0 log 3

	 mu_minus = -36822/89*i + 11628/89*j + 8949/89*k, m - Q(x) = 46/89
	 adding 0 log 2

	 mu_minus = -37468/89*i + 11832/89*j + 9106/89*k, m - Q(x) = 658/89
	 adding 0 log 2

	 mu_minus = -38760/89*i + 12240/89*j + 9420/89*k, m - Q(x) = 1099/89
	 adding 0 log 3

	 mu_minus = -40698/89*i + 12852/89*j + 9891/89*k, m - Q(x) = 1138/89
	 adding 0 log 2

	 mu_minus = -41990/89*i + 13260/89*j + 10205/89*k, m - Q(x) = 571/89
	 adding 0 log 3

	 mu_minus = -42636/89*i + 13464/89*j + 10362/89*k, m - Q(x) = 163/89
	 adding 0 log 3

	 mu_minus = -43928/89*i + 13872/89*j + 10676/89*k, m - Q(x) = 1234/89
	 adding 0 log 2

	 mu_minus = -45866/89*i + 14484/89*j + 11147/89*k, m - Q(x) = 883/89
	 adding 0 log 3

	 mu_minus = -47158/89*i + 14892/89*j + 11461/89*k, m - Q(x) = 946/89
	 adding 0 log 2

	 mu_minus = -49096/89*i + 15504/89*j + 11932/89*k, m - Q(x) = 1219/89
	 adding 0 log 3

	 mu_minus = -50388/89*i + 15912/89*j + 12246/89*k, m - Q(x) = 274/89
	 adding 0 log 2

	 mu_minus = -51034/89*i + 16116/89*j + 12403/89*k, m - Q(x) = 478/89
	 adding 0 log 2

	 mu_minus = -52326/89*i + 16524/89*j + 12717/89*k, m - Q(x) = 1171/89
	 adding 0 log 3

	 mu_minus = -54264/89*i + 17136/89*j + 13188/89*k, m - Q(x) = 1054/89
	 adding 0 log 2

	 mu_minus = -55556/89*i + 17544/89*j + 13502/89*k, m - Q(x) = 739/89
	 adding 0 log 3
Kappa_0 of 45

	 Sgcd = 17

	 mu_minus = 0, m - Q(x) = 45
	 adding 0 log 3

	 mu_minus = -646/89*i + 204/89*j + 157/89*k, m - Q(x) = 537/89
	 adding 0 log 3

	 mu_minus = -1292/89*i + 408/89*j + 314/89*k, m - Q(x) = 2682/89
	 adding 0 log 2

	 mu_minus = -1938/89*i + 612/89*j + 471/89*k, m - Q(x) = 3498/89
	 adding 0 log 2

	 mu_minus = -3230/89*i + 1020/89*j + 785/89*k, m - Q(x) = 3813/89
	 adding 0 log 3

	 mu_minus = -3876/89*i + 1224/89*j + 942/89*k, m - Q(x) = 1977/89
	 adding 0 log 3

	 mu_minus = -4522/89*i + 1428/89*j + 1099/89*k, m - Q(x) = 1482/89
	 adding 0 log 2

	 mu_minus = -5168/89*i + 1632/89*j + 1256/89*k, m - Q(x) = 3930/89
	 adding 0 log 2

	 mu_minus = -6460/89*i + 2040/89*j + 1570/89*k, m - Q(x) = 3237/89
	 adding 0 log 3

	 mu_minus = -7106/89*i + 2244/89*j + 1727/89*k, m - Q(x) = 3033/89
	 adding 0 log 3

	 mu_minus = -8398/89*i + 2652/89*j + 2041/89*k, m - Q(x) = 3978/89
	 adding 0 log 2

	 mu_minus = -9044/89*i + 2856/89*j + 2198/89*k, m - Q(x) = 1122/89
	 adding 0 log 2

	 mu_minus = -9690/89*i + 3060/89*j + 2355/89*k, m - Q(x) = 2277/89
	 adding 0 log 3

	 mu_minus = -10336/89*i + 3264/89*j + 2512/89*k, m - Q(x) = 3705/89
	 adding 0 log 3

	 mu_minus = -11628/89*i + 3672/89*j + 2826/89*k, m - Q(x) = 3642/89
	 adding 0 log 2

	 mu_minus = -12274/89*i + 3876/89*j + 2983/89*k, m - Q(x) = 2418/89
	 adding 0 log 2

	 mu_minus = -12920/89*i + 4080/89*j + 3140/89*k, m - Q(x) = 933/89
	 adding 0 log 3

	 mu_minus = -13566/89*i + 4284/89*j + 3297/89*k, m - Q(x) = 3993/89
	 adding 0 log 3

	 mu_minus = -14212/89*i + 4488/89*j + 3454/89*k, m - Q(x) = 117/89
	 adding 0 log 3

	 mu_minus = -14858/89*i + 4692/89*j + 3611/89*k, m - Q(x) = 2922/89
	 adding 0 log 2

	 mu_minus = -15504/89*i + 4896/89*j + 3768/89*k, m - Q(x) = 3330/89
	 adding 0 log 2

	 mu_minus = -16796/89*i + 5304/89*j + 4082/89*k, m - Q(x) = 3897/89
	 adding 0 log 3

	 mu_minus = -17442/89*i + 5508/89*j + 4239/89*k, m - Q(x) = 1653/89
	 adding 0 log 3

	 mu_minus = -18088/89*i + 5712/89*j + 4396/89*k, m - Q(x) = 1818/89
	 adding 0 log 2

	 mu_minus = -18734/89*i + 5916/89*j + 4553/89*k, m - Q(x) = 3858/89
	 adding 0 log 2

	 mu_minus = -20026/89*i + 6324/89*j + 4867/89*k, m - Q(x) = 3417/89
	 adding 4 log 3

	 mu_minus = -20672/89*i + 6528/89*j + 5024/89*k, m - Q(x) = 2805/89
	 adding 0 log 3

	 mu_minus = -21318/89*i + 6732/89*j + 5181/89*k, m - Q(x) = 330/89
	 adding 0 log 2

	 mu_minus = -21964/89*i + 6936/89*j + 5338/89*k, m - Q(x) = 4002/89
	 adding 0 log 2

	 mu_minus = -22610/89*i + 7140/89*j + 5495/89*k, m - Q(x) = 738/89
	 adding 0 log 2

	 mu_minus = -23256/89*i + 7344/89*j + 5652/89*k, m - Q(x) = 2553/89
	 adding 0 log 3

	 mu_minus = -23902/89*i + 7548/89*j + 5809/89*k, m - Q(x) = 3573/89
	 adding 0 log 3

	 mu_minus = -25194/89*i + 7956/89*j + 6123/89*k, m - Q(x) = 3762/89
	 adding 0 log 2

	 mu_minus = -25840/89*i + 8160/89*j + 6280/89*k, m - Q(x) = 2130/89
	 adding 0 log 2

	 mu_minus = -26486/89*i + 8364/89*j + 6437/89*k, m - Q(x) = 1305/89
	 adding 0 log 3

	 mu_minus = -27132/89*i + 8568/89*j + 6594/89*k, m - Q(x) = 3957/89
	 adding 0 log 3

	 mu_minus = -28424/89*i + 8976/89*j + 6908/89*k, m - Q(x) = 3138/89
	 adding 0 log 2

	 mu_minus = -29070/89*i + 9180/89*j + 7065/89*k, m - Q(x) = 3138/89
	 adding 0 log 2

	 mu_minus = -30362/89*i + 9588/89*j + 7379/89*k, m - Q(x) = 3957/89
	 adding 0 log 3

	 mu_minus = -31008/89*i + 9792/89*j + 7536/89*k, m - Q(x) = 1305/89
	 adding 0 log 3

	 mu_minus = -31654/89*i + 9996/89*j + 7693/89*k, m - Q(x) = 2130/89
	 adding 0 log 2

	 mu_minus = -32300/89*i + 10200/89*j + 7850/89*k, m - Q(x) = 3762/89
	 adding 0 log 2

	 mu_minus = -33592/89*i + 10608/89*j + 8164/89*k, m - Q(x) = 3573/89
	 adding 0 log 3

	 mu_minus = -34238/89*i + 10812/89*j + 8321/89*k, m - Q(x) = 2553/89
	 adding 0 log 3

	 mu_minus = -34884/89*i + 11016/89*j + 8478/89*k, m - Q(x) = 738/89
	 adding 0 log 2

	 mu_minus = -35530/89*i + 11220/89*j + 8635/89*k, m - Q(x) = 4002/89
	 adding 0 log 2

	 mu_minus = -36176/89*i + 11424/89*j + 8792/89*k, m - Q(x) = 330/89
	 adding 0 log 2

	 mu_minus = -36822/89*i + 11628/89*j + 8949/89*k, m - Q(x) = 2805/89
	 adding 0 log 3

	 mu_minus = -37468/89*i + 11832/89*j + 9106/89*k, m - Q(x) = 3417/89
	 adding 4 log 3

	 mu_minus = -38760/89*i + 12240/89*j + 9420/89*k, m - Q(x) = 3858/89
	 adding 0 log 2

	 mu_minus = -39406/89*i + 12444/89*j + 9577/89*k, m - Q(x) = 1818/89
	 adding 0 log 2

	 mu_minus = -40052/89*i + 12648/89*j + 9734/89*k, m - Q(x) = 1653/89
	 adding 0 log 3

	 mu_minus = -40698/89*i + 12852/89*j + 9891/89*k, m - Q(x) = 3897/89
	 adding 0 log 3

	 mu_minus = -41990/89*i + 13260/89*j + 10205/89*k, m - Q(x) = 3330/89
	 adding 0 log 2

	 mu_minus = -42636/89*i + 13464/89*j + 10362/89*k, m - Q(x) = 2922/89
	 adding 0 log 2

	 mu_minus = -43282/89*i + 13668/89*j + 10519/89*k, m - Q(x) = 117/89
	 adding 0 log 3

	 mu_minus = -43928/89*i + 13872/89*j + 10676/89*k, m - Q(x) = 3993/89
	 adding 0 log 3

	 mu_minus = -44574/89*i + 14076/89*j + 10833/89*k, m - Q(x) = 933/89
	 adding 0 log 3

	 mu_minus = -45220/89*i + 14280/89*j + 10990/89*k, m - Q(x) = 2418/89
	 adding 0 log 2

	 mu_minus = -45866/89*i + 14484/89*j + 11147/89*k, m - Q(x) = 3642/89
	 adding 0 log 2

	 mu_minus = -47158/89*i + 14892/89*j + 11461/89*k, m - Q(x) = 3705/89
	 adding 0 log 3

	 mu_minus = -47804/89*i + 15096/89*j + 11618/89*k, m - Q(x) = 2277/89
	 adding 0 log 3

	 mu_minus = -48450/89*i + 15300/89*j + 11775/89*k, m - Q(x) = 1122/89
	 adding 0 log 2

	 mu_minus = -49096/89*i + 15504/89*j + 11932/89*k, m - Q(x) = 3978/89
	 adding 0 log 2

	 mu_minus = -50388/89*i + 15912/89*j + 12246/89*k, m - Q(x) = 3033/89
	 adding 0 log 3

	 mu_minus = -51034/89*i + 16116/89*j + 12403/89*k, m - Q(x) = 3237/89
	 adding 0 log 3

	 mu_minus = -52326/89*i + 16524/89*j + 12717/89*k, m - Q(x) = 3930/89
	 adding 0 log 2

	 mu_minus = -52972/89*i + 16728/89*j + 12874/89*k, m - Q(x) = 1482/89
	 adding 0 log 2

	 mu_minus = -53618/89*i + 16932/89*j + 13031/89*k, m - Q(x) = 1977/89
	 adding 0 log 3

	 mu_minus = -54264/89*i + 17136/89*j + 13188/89*k, m - Q(x) = 3813/89
	 adding 0 log 3

	 mu_minus = -55556/89*i + 17544/89*j + 13502/89*k, m - Q(x) = 3498/89
	 adding 0 log 2

	 mu_minus = -56202/89*i + 17748/89*j + 13659/89*k, m - Q(x) = 2682/89
	 adding 0 log 2

	 mu_minus = -56848/89*i + 17952/89*j + 13816/89*k, m - Q(x) = 537/89
	 adding 0 log 3
Kappa_0 of 17

	 Sgcd = 17

	 mu_minus = 0, m - Q(x) = 17
	 adding 2 log 3

	 mu_minus = -1292/89*i + 408/89*j + 314/89*k, m - Q(x) = 190/89
	 adding 0 log 2

	 mu_minus = -1938/89*i + 612/89*j + 471/89*k, m - Q(x) = 1006/89
	 adding 0 log 2

	 mu_minus = -3230/89*i + 1020/89*j + 785/89*k, m - Q(x) = 1321/89
	 adding 0 log 3

	 mu_minus = -5168/89*i + 1632/89*j + 1256/89*k, m - Q(x) = 1438/89
	 adding 0 log 2

	 mu_minus = -6460/89*i + 2040/89*j + 1570/89*k, m - Q(x) = 745/89
	 adding 0 log 3

	 mu_minus = -7106/89*i + 2244/89*j + 1727/89*k, m - Q(x) = 541/89
	 adding 0 log 3

	 mu_minus = -8398/89*i + 2652/89*j + 2041/89*k, m - Q(x) = 1486/89
	 adding 0 log 2

	 mu_minus = -10336/89*i + 3264/89*j + 2512/89*k, m - Q(x) = 1213/89
	 adding 0 log 3

	 mu_minus = -11628/89*i + 3672/89*j + 2826/89*k, m - Q(x) = 1150/89
	 adding 0 log 2

	 mu_minus = -13566/89*i + 4284/89*j + 3297/89*k, m - Q(x) = 1501/89
	 adding 0 log 3

	 mu_minus = -14858/89*i + 4692/89*j + 3611/89*k, m - Q(x) = 430/89
	 adding 0 log 2

	 mu_minus = -15504/89*i + 4896/89*j + 3768/89*k, m - Q(x) = 838/89
	 adding 0 log 2

	 mu_minus = -16796/89*i + 5304/89*j + 4082/89*k, m - Q(x) = 1405/89
	 adding 0 log 3

	 mu_minus = -18734/89*i + 5916/89*j + 4553/89*k, m - Q(x) = 1366/89
	 adding 0 log 2

	 mu_minus = -20026/89*i + 6324/89*j + 4867/89*k, m - Q(x) = 925/89
	 adding 0 log 3

	 mu_minus = -20672/89*i + 6528/89*j + 5024/89*k, m - Q(x) = 313/89
	 adding 0 log 3

	 mu_minus = -21964/89*i + 6936/89*j + 5338/89*k, m - Q(x) = 1510/89
	 adding 0 log 2

	 mu_minus = -23256/89*i + 7344/89*j + 5652/89*k, m - Q(x) = 61/89
	 adding 0 log 3

	 mu_minus = -23902/89*i + 7548/89*j + 5809/89*k, m - Q(x) = 1081/89
	 adding 0 log 3

	 mu_minus = -25194/89*i + 7956/89*j + 6123/89*k, m - Q(x) = 1270/89
	 adding 0 log 2

	 mu_minus = -27132/89*i + 8568/89*j + 6594/89*k, m - Q(x) = 1465/89
	 adding 0 log 3

	 mu_minus = -28424/89*i + 8976/89*j + 6908/89*k, m - Q(x) = 646/89
	 adding 0 log 2

	 mu_minus = -29070/89*i + 9180/89*j + 7065/89*k, m - Q(x) = 646/89
	 adding 0 log 2

	 mu_minus = -30362/89*i + 9588/89*j + 7379/89*k, m - Q(x) = 1465/89
	 adding 0 log 3

	 mu_minus = -32300/89*i + 10200/89*j + 7850/89*k, m - Q(x) = 1270/89
	 adding 0 log 2

	 mu_minus = -33592/89*i + 10608/89*j + 8164/89*k, m - Q(x) = 1081/89
	 adding 0 log 3

	 mu_minus = -34238/89*i + 10812/89*j + 8321/89*k, m - Q(x) = 61/89
	 adding 0 log 3

	 mu_minus = -35530/89*i + 11220/89*j + 8635/89*k, m - Q(x) = 1510/89
	 adding 0 log 2

	 mu_minus = -36822/89*i + 11628/89*j + 8949/89*k, m - Q(x) = 313/89
	 adding 0 log 3

	 mu_minus = -37468/89*i + 11832/89*j + 9106/89*k, m - Q(x) = 925/89
	 adding 0 log 3

	 mu_minus = -38760/89*i + 12240/89*j + 9420/89*k, m - Q(x) = 1366/89
	 adding 0 log 2

	 mu_minus = -40698/89*i + 12852/89*j + 9891/89*k, m - Q(x) = 1405/89
	 adding 0 log 3

	 mu_minus = -41990/89*i + 13260/89*j + 10205/89*k, m - Q(x) = 838/89
	 adding 0 log 2

	 mu_minus = -42636/89*i + 13464/89*j + 10362/89*k, m - Q(x) = 430/89
	 adding 0 log 2

	 mu_minus = -43928/89*i + 13872/89*j + 10676/89*k, m - Q(x) = 1501/89
	 adding 0 log 3

	 mu_minus = -45866/89*i + 14484/89*j + 11147/89*k, m - Q(x) = 1150/89
	 adding 0 log 2

	 mu_minus = -47158/89*i + 14892/89*j + 11461/89*k, m - Q(x) = 1213/89
	 adding 0 log 3

	 mu_minus = -49096/89*i + 15504/89*j + 11932/89*k, m - Q(x) = 1486/89
	 adding 0 log 2

	 mu_minus = -50388/89*i + 15912/89*j + 12246/89*k, m - Q(x) = 541/89
	 adding 0 log 3

	 mu_minus = -51034/89*i + 16116/89*j + 12403/89*k, m - Q(x) = 745/89
	 adding 0 log 3

	 mu_minus = -52326/89*i + 16524/89*j + 12717/89*k, m - Q(x) = 1438/89
	 adding 0 log 2

	 mu_minus = -54264/89*i + 17136/89*j + 13188/89*k, m - Q(x) = 1321/89
	 adding 0 log 3

	 mu_minus = -55556/89*i + 17544/89*j + 13502/89*k, m - Q(x) = 1006/89
	 adding 0 log 2

	 mu_minus = -56202/89*i + 17748/89*j + 13659/89*k, m - Q(x) = 190/89
	 adding 0 log 2
Kappa_0 of 20

	 Sgcd = 17

	 mu_minus = 0, m - Q(x) = 20
	 adding 0 log 3

	 mu_minus = -1292/89*i + 408/89*j + 314/89*k, m - Q(x) = 457/89
	 adding 0 log 3

	 mu_minus = -1938/89*i + 612/89*j + 471/89*k, m - Q(x) = 1273/89
	 adding 0 log 3

	 mu_minus = -3230/89*i + 1020/89*j + 785/89*k, m - Q(x) = 1588/89
	 adding 0 log 3

	 mu_minus = -5168/89*i + 1632/89*j + 1256/89*k, m - Q(x) = 1705/89
	 adding 0 log 3

	 mu_minus = -6460/89*i + 2040/89*j + 1570/89*k, m - Q(x) = 1012/89
	 adding 0 log 3

	 mu_minus = -7106/89*i + 2244/89*j + 1727/89*k, m - Q(x) = 808/89
	 adding 0 log 2

	 mu_minus = -8398/89*i + 2652/89*j + 2041/89*k, m - Q(x) = 1753/89
	 adding 0 log 3

	 mu_minus = -9690/89*i + 3060/89*j + 2355/89*k, m - Q(x) = 52/89
	 adding 0 log 3

	 mu_minus = -10336/89*i + 3264/89*j + 2512/89*k, m - Q(x) = 1480/89
	 adding 0 log 2

	 mu_minus = -11628/89*i + 3672/89*j + 2826/89*k, m - Q(x) = 1417/89
	 adding 0 log 3

	 mu_minus = -12274/89*i + 3876/89*j + 2983/89*k, m - Q(x) = 193/89
	 adding 0 log 3

	 mu_minus = -13566/89*i + 4284/89*j + 3297/89*k, m - Q(x) = 1768/89
	 adding 0 log 2

	 mu_minus = -14858/89*i + 4692/89*j + 3611/89*k, m - Q(x) = 697/89
	 adding 2 log 3

	 mu_minus = -15504/89*i + 4896/89*j + 3768/89*k, m - Q(x) = 1105/89
	 adding 0 log 3

	 mu_minus = -16796/89*i + 5304/89*j + 4082/89*k, m - Q(x) = 1672/89
	 adding 0 log 2

	 mu_minus = -18734/89*i + 5916/89*j + 4553/89*k, m - Q(x) = 1633/89
	 adding 0 log 3

	 mu_minus = -20026/89*i + 6324/89*j + 4867/89*k, m - Q(x) = 1192/89
	 adding 0 log 2

	 mu_minus = -20672/89*i + 6528/89*j + 5024/89*k, m - Q(x) = 580/89
	 adding 0 log 3

	 mu_minus = -21964/89*i + 6936/89*j + 5338/89*k, m - Q(x) = 1777/89
	 adding 0 log 3

	 mu_minus = -23256/89*i + 7344/89*j + 5652/89*k, m - Q(x) = 328/89
	 adding 0 log 2

	 mu_minus = -23902/89*i + 7548/89*j + 5809/89*k, m - Q(x) = 1348/89
	 adding 0 log 3

	 mu_minus = -25194/89*i + 7956/89*j + 6123/89*k, m - Q(x) = 1537/89
	 adding 0 log 3

	 mu_minus = -27132/89*i + 8568/89*j + 6594/89*k, m - Q(x) = 1732/89
	 adding 0 log 3

	 mu_minus = -28424/89*i + 8976/89*j + 6908/89*k, m - Q(x) = 913/89
	 adding 0 log 3

	 mu_minus = -29070/89*i + 9180/89*j + 7065/89*k, m - Q(x) = 913/89
	 adding 0 log 3

	 mu_minus = -30362/89*i + 9588/89*j + 7379/89*k, m - Q(x) = 1732/89
	 adding 0 log 3

	 mu_minus = -32300/89*i + 10200/89*j + 7850/89*k, m - Q(x) = 1537/89
	 adding 0 log 3

	 mu_minus = -33592/89*i + 10608/89*j + 8164/89*k, m - Q(x) = 1348/89
	 adding 0 log 3

	 mu_minus = -34238/89*i + 10812/89*j + 8321/89*k, m - Q(x) = 328/89
	 adding 0 log 2

	 mu_minus = -35530/89*i + 11220/89*j + 8635/89*k, m - Q(x) = 1777/89
	 adding 0 log 3

	 mu_minus = -36822/89*i + 11628/89*j + 8949/89*k, m - Q(x) = 580/89
	 adding 0 log 3

	 mu_minus = -37468/89*i + 11832/89*j + 9106/89*k, m - Q(x) = 1192/89
	 adding 0 log 2

	 mu_minus = -38760/89*i + 12240/89*j + 9420/89*k, m - Q(x) = 1633/89
	 adding 0 log 3

	 mu_minus = -40698/89*i + 12852/89*j + 9891/89*k, m - Q(x) = 1672/89
	 adding 0 log 2

	 mu_minus = -41990/89*i + 13260/89*j + 10205/89*k, m - Q(x) = 1105/89
	 adding 0 log 3

	 mu_minus = -42636/89*i + 13464/89*j + 10362/89*k, m - Q(x) = 697/89
	 adding 2 log 3

	 mu_minus = -43928/89*i + 13872/89*j + 10676/89*k, m - Q(x) = 1768/89
	 adding 0 log 2

	 mu_minus = -45220/89*i + 14280/89*j + 10990/89*k, m - Q(x) = 193/89
	 adding 0 log 3

	 mu_minus = -45866/89*i + 14484/89*j + 11147/89*k, m - Q(x) = 1417/89
	 adding 0 log 3

	 mu_minus = -47158/89*i + 14892/89*j + 11461/89*k, m - Q(x) = 1480/89
	 adding 0 log 2

	 mu_minus = -47804/89*i + 15096/89*j + 11618/89*k, m - Q(x) = 52/89
	 adding 0 log 3

	 mu_minus = -49096/89*i + 15504/89*j + 11932/89*k, m - Q(x) = 1753/89
	 adding 0 log 3

	 mu_minus = -50388/89*i + 15912/89*j + 12246/89*k, m - Q(x) = 808/89
	 adding 0 log 2

	 mu_minus = -51034/89*i + 16116/89*j + 12403/89*k, m - Q(x) = 1012/89
	 adding 0 log 3

	 mu_minus = -52326/89*i + 16524/89*j + 12717/89*k, m - Q(x) = 1705/89
	 adding 0 log 3

	 mu_minus = -54264/89*i + 17136/89*j + 13188/89*k, m - Q(x) = 1588/89
	 adding 0 log 3

	 mu_minus = -55556/89*i + 17544/89*j + 13502/89*k, m - Q(x) = 1273/89
	 adding 0 log 3

	 mu_minus = -56202/89*i + 17748/89*j + 13659/89*k, m - Q(x) = 457/89
	 adding 0 log 3
Kappa_0 of 51

	 Sgcd = 17

	 mu_minus = 0, m - Q(x) = 51
	 adding 2 log 89

	 mu_minus = -646/89*i + 204/89*j + 157/89*k, m - Q(x) = 1071/89
	 adding 2 log 7

	 mu_minus = -1292/89*i + 408/89*j + 314/89*k, m - Q(x) = 3216/89
	 adding 2/9 log 17

	 mu_minus = -1938/89*i + 612/89*j + 471/89*k, m - Q(x) = 4032/89
	 adding 0 log 3

	 mu_minus = -3230/89*i + 1020/89*j + 785/89*k, m - Q(x) = 4347/89
	 adding 0 log 3

	 mu_minus = -3876/89*i + 1224/89*j + 942/89*k, m - Q(x) = 2511/89
	 adding 0 log 3

	 mu_minus = -4522/89*i + 1428/89*j + 1099/89*k, m - Q(x) = 2016/89
	 adding 0 log 2

	 mu_minus = -5168/89*i + 1632/89*j + 1256/89*k, m - Q(x) = 4464/89
	 adding 0 log 3

	 mu_minus = -6460/89*i + 2040/89*j + 1570/89*k, m - Q(x) = 3771/89
	 adding 2/9 log 17

	 mu_minus = -7106/89*i + 2244/89*j + 1727/89*k, m - Q(x) = 3567/89
	 adding 4/9 log 17

	 mu_minus = -7752/89*i + 2448/89*j + 1884/89*k, m - Q(x) = 432/89
	 adding 1/9 log 17

	 mu_minus = -8398/89*i + 2652/89*j + 2041/89*k, m - Q(x) = 4512/89
	 adding 0 log 2

	 mu_minus = -9044/89*i + 2856/89*j + 2198/89*k, m - Q(x) = 1656/89
	 adding 0 log 2

	 mu_minus = -9690/89*i + 3060/89*j + 2355/89*k, m - Q(x) = 2811/89
	 adding 2/9 log 17

	 mu_minus = -10336/89*i + 3264/89*j + 2512/89*k, m - Q(x) = 4239/89
	 adding 2/9 log 17

	 mu_minus = -11628/89*i + 3672/89*j + 2826/89*k, m - Q(x) = 4176/89
	 adding 2/9 log 17

	 mu_minus = -12274/89*i + 3876/89*j + 2983/89*k, m - Q(x) = 2952/89
	 adding 0 log 2

	 mu_minus = -12920/89*i + 4080/89*j + 3140/89*k, m - Q(x) = 1467/89
	 adding 0 log 3

	 mu_minus = -13566/89*i + 4284/89*j + 3297/89*k, m - Q(x) = 4527/89
	 adding 2/9 log 17

	 mu_minus = -14212/89*i + 4488/89*j + 3454/89*k, m - Q(x) = 651/89
	 adding 0 log 7

	 mu_minus = -14858/89*i + 4692/89*j + 3611/89*k, m - Q(x) = 3456/89
	 adding 0 log 2

	 mu_minus = -15504/89*i + 4896/89*j + 3768/89*k, m - Q(x) = 3864/89
	 adding 0 log 2

	 mu_minus = -16796/89*i + 5304/89*j + 4082/89*k, m - Q(x) = 4431/89
	 adding 0 log 7

	 mu_minus = -17442/89*i + 5508/89*j + 4239/89*k, m - Q(x) = 2187/89
	 adding 1/9 log 17

	 mu_minus = -18088/89*i + 5712/89*j + 4396/89*k, m - Q(x) = 2352/89
	 adding 1/9 log 17

	 mu_minus = -18734/89*i + 5916/89*j + 4553/89*k, m - Q(x) = 4392/89
	 adding 0 log 2

	 mu_minus = -20026/89*i + 6324/89*j + 4867/89*k, m - Q(x) = 3951/89
	 adding 0 log 3

	 mu_minus = -20672/89*i + 6528/89*j + 5024/89*k, m - Q(x) = 3339/89
	 adding 0 log 7

	 mu_minus = -21318/89*i + 6732/89*j + 5181/89*k, m - Q(x) = 864/89
	 adding 0 log 2

	 mu_minus = -21964/89*i + 6936/89*j + 5338/89*k, m - Q(x) = 4536/89
	 adding 0 log 2

	 mu_minus = -22610/89*i + 7140/89*j + 5495/89*k, m - Q(x) = 1272/89
	 adding 0 log 2

	 mu_minus = -23256/89*i + 7344/89*j + 5652/89*k, m - Q(x) = 3087/89
	 adding 0 log 3

	 mu_minus = -23902/89*i + 7548/89*j + 5809/89*k, m - Q(x) = 4107/89
	 adding 1/9 log 17

	 mu_minus = -25194/89*i + 7956/89*j + 6123/89*k, m - Q(x) = 4296/89
	 adding 0 log 2

	 mu_minus = -25840/89*i + 8160/89*j + 6280/89*k, m - Q(x) = 2664/89
	 adding 0 log 2

	 mu_minus = -26486/89*i + 8364/89*j + 6437/89*k, m - Q(x) = 1839/89
	 adding 2/9 log 17

	 mu_minus = -27132/89*i + 8568/89*j + 6594/89*k, m - Q(x) = 4491/89
	 adding 0 log 3

	 mu_minus = -27778/89*i + 8772/89*j + 6751/89*k, m - Q(x) = 207/89
	 adding 2/9 log 17

	 mu_minus = -28424/89*i + 8976/89*j + 6908/89*k, m - Q(x) = 3672/89
	 adding 4 log 2

	 mu_minus = -29070/89*i + 9180/89*j + 7065/89*k, m - Q(x) = 3672/89
	 adding 4 log 2

	 mu_minus = -29716/89*i + 9384/89*j + 7222/89*k, m - Q(x) = 207/89
	 adding 2/9 log 17

	 mu_minus = -30362/89*i + 9588/89*j + 7379/89*k, m - Q(x) = 4491/89
	 adding 0 log 3

	 mu_minus = -31008/89*i + 9792/89*j + 7536/89*k, m - Q(x) = 1839/89
	 adding 2/9 log 17

	 mu_minus = -31654/89*i + 9996/89*j + 7693/89*k, m - Q(x) = 2664/89
	 adding 0 log 2

	 mu_minus = -32300/89*i + 10200/89*j + 7850/89*k, m - Q(x) = 4296/89
	 adding 0 log 2

	 mu_minus = -33592/89*i + 10608/89*j + 8164/89*k, m - Q(x) = 4107/89
	 adding 1/9 log 17

	 mu_minus = -34238/89*i + 10812/89*j + 8321/89*k, m - Q(x) = 3087/89
	 adding 0 log 3

	 mu_minus = -34884/89*i + 11016/89*j + 8478/89*k, m - Q(x) = 1272/89
	 adding 0 log 2

	 mu_minus = -35530/89*i + 11220/89*j + 8635/89*k, m - Q(x) = 4536/89
	 adding 0 log 2

	 mu_minus = -36176/89*i + 11424/89*j + 8792/89*k, m - Q(x) = 864/89
	 adding 0 log 2

	 mu_minus = -36822/89*i + 11628/89*j + 8949/89*k, m - Q(x) = 3339/89
	 adding 0 log 7

	 mu_minus = -37468/89*i + 11832/89*j + 9106/89*k, m - Q(x) = 3951/89
	 adding 0 log 3

	 mu_minus = -38760/89*i + 12240/89*j + 9420/89*k, m - Q(x) = 4392/89
	 adding 0 log 2

	 mu_minus = -39406/89*i + 12444/89*j + 9577/89*k, m - Q(x) = 2352/89
	 adding 1/9 log 17

	 mu_minus = -40052/89*i + 12648/89*j + 9734/89*k, m - Q(x) = 2187/89
	 adding 1/9 log 17

	 mu_minus = -40698/89*i + 12852/89*j + 9891/89*k, m - Q(x) = 4431/89
	 adding 0 log 7

	 mu_minus = -41990/89*i + 13260/89*j + 10205/89*k, m - Q(x) = 3864/89
	 adding 0 log 2

	 mu_minus = -42636/89*i + 13464/89*j + 10362/89*k, m - Q(x) = 3456/89
	 adding 0 log 2

	 mu_minus = -43282/89*i + 13668/89*j + 10519/89*k, m - Q(x) = 651/89
	 adding 0 log 7

	 mu_minus = -43928/89*i + 13872/89*j + 10676/89*k, m - Q(x) = 4527/89
	 adding 2/9 log 17

	 mu_minus = -44574/89*i + 14076/89*j + 10833/89*k, m - Q(x) = 1467/89
	 adding 0 log 3

	 mu_minus = -45220/89*i + 14280/89*j + 10990/89*k, m - Q(x) = 2952/89
	 adding 0 log 2

	 mu_minus = -45866/89*i + 14484/89*j + 11147/89*k, m - Q(x) = 4176/89
	 adding 2/9 log 17

	 mu_minus = -47158/89*i + 14892/89*j + 11461/89*k, m - Q(x) = 4239/89
	 adding 2/9 log 17

	 mu_minus = -47804/89*i + 15096/89*j + 11618/89*k, m - Q(x) = 2811/89
	 adding 2/9 log 17

	 mu_minus = -48450/89*i + 15300/89*j + 11775/89*k, m - Q(x) = 1656/89
	 adding 0 log 2

	 mu_minus = -49096/89*i + 15504/89*j + 11932/89*k, m - Q(x) = 4512/89
	 adding 0 log 2

	 mu_minus = -49742/89*i + 15708/89*j + 12089/89*k, m - Q(x) = 432/89
	 adding 1/9 log 17

	 mu_minus = -50388/89*i + 15912/89*j + 12246/89*k, m - Q(x) = 3567/89
	 adding 4/9 log 17

	 mu_minus = -51034/89*i + 16116/89*j + 12403/89*k, m - Q(x) = 3771/89
	 adding 2/9 log 17

	 mu_minus = -52326/89*i + 16524/89*j + 12717/89*k, m - Q(x) = 4464/89
	 adding 0 log 3

	 mu_minus = -52972/89*i + 16728/89*j + 12874/89*k, m - Q(x) = 2016/89
	 adding 0 log 2

	 mu_minus = -53618/89*i + 16932/89*j + 13031/89*k, m - Q(x) = 2511/89
	 adding 0 log 3

	 mu_minus = -54264/89*i + 17136/89*j + 13188/89*k, m - Q(x) = 4347/89
	 adding 0 log 3

	 mu_minus = -55556/89*i + 17544/89*j + 13502/89*k, m - Q(x) = 4032/89
	 adding 0 log 3

	 mu_minus = -56202/89*i + 17748/89*j + 13659/89*k, m - Q(x) = 3216/89
	 adding 2/9 log 17

	 mu_minus = -56848/89*i + 17952/89*j + 13816/89*k, m - Q(x) = 1071/89
	 adding 2 log 7
Kappa_0 of 23

	 Sgcd = 17

	 mu_minus = 0, m - Q(x) = 23
	 adding 0 log 3

	 mu_minus = -1292/89*i + 408/89*j + 314/89*k, m - Q(x) = 724/89
	 adding 0 log 3

	 mu_minus = -1938/89*i + 612/89*j + 471/89*k, m - Q(x) = 1540/89
	 adding 0 log 3

	 mu_minus = -3230/89*i + 1020/89*j + 785/89*k, m - Q(x) = 1855/89
	 adding 0 log 3

	 mu_minus = -3876/89*i + 1224/89*j + 942/89*k, m - Q(x) = 19/89
	 adding 0 log 3

	 mu_minus = -5168/89*i + 1632/89*j + 1256/89*k, m - Q(x) = 1972/89
	 adding 2 log 3

	 mu_minus = -6460/89*i + 2040/89*j + 1570/89*k, m - Q(x) = 1279/89
	 adding 0 log 3

	 mu_minus = -7106/89*i + 2244/89*j + 1727/89*k, m - Q(x) = 1075/89
	 adding 0 log 3

	 mu_minus = -8398/89*i + 2652/89*j + 2041/89*k, m - Q(x) = 2020/89
	 adding 0 log 3

	 mu_minus = -9690/89*i + 3060/89*j + 2355/89*k, m - Q(x) = 319/89
	 adding 0 log 3

	 mu_minus = -10336/89*i + 3264/89*j + 2512/89*k, m - Q(x) = 1747/89
	 adding 0 log 3

	 mu_minus = -11628/89*i + 3672/89*j + 2826/89*k, m - Q(x) = 1684/89
	 adding 0 log 3

	 mu_minus = -12274/89*i + 3876/89*j + 2983/89*k, m - Q(x) = 460/89
	 adding 0 log 3

	 mu_minus = -13566/89*i + 4284/89*j + 3297/89*k, m - Q(x) = 2035/89
	 adding 0 log 3

	 mu_minus = -14858/89*i + 4692/89*j + 3611/89*k, m - Q(x) = 964/89
	 adding 0 log 3

	 mu_minus = -15504/89*i + 4896/89*j + 3768/89*k, m - Q(x) = 1372/89
	 adding 0 log 3

	 mu_minus = -16796/89*i + 5304/89*j + 4082/89*k, m - Q(x) = 1939/89
	 adding 0 log 3

	 mu_minus = -18734/89*i + 5916/89*j + 4553/89*k, m - Q(x) = 1900/89
	 adding 0 log 3

	 mu_minus = -20026/89*i + 6324/89*j + 4867/89*k, m - Q(x) = 1459/89
	 adding 0 log 3

	 mu_minus = -20672/89*i + 6528/89*j + 5024/89*k, m - Q(x) = 847/89
	 adding 0 log 3

	 mu_minus = -21964/89*i + 6936/89*j + 5338/89*k, m - Q(x) = 2044/89
	 adding 0 log 3

	 mu_minus = -23256/89*i + 7344/89*j + 5652/89*k, m - Q(x) = 595/89
	 adding 0 log 3

	 mu_minus = -23902/89*i + 7548/89*j + 5809/89*k, m - Q(x) = 1615/89
	 adding 0 log 3

	 mu_minus = -25194/89*i + 7956/89*j + 6123/89*k, m - Q(x) = 1804/89
	 adding 0 log 3

	 mu_minus = -25840/89*i + 8160/89*j + 6280/89*k, m - Q(x) = 172/89
	 adding 0 log 3

	 mu_minus = -27132/89*i + 8568/89*j + 6594/89*k, m - Q(x) = 1999/89
	 adding 0 log 3

	 mu_minus = -28424/89*i + 8976/89*j + 6908/89*k, m - Q(x) = 1180/89
	 adding 0 log 3

	 mu_minus = -29070/89*i + 9180/89*j + 7065/89*k, m - Q(x) = 1180/89
	 adding 0 log 3

	 mu_minus = -30362/89*i + 9588/89*j + 7379/89*k, m - Q(x) = 1999/89
	 adding 0 log 3

	 mu_minus = -31654/89*i + 9996/89*j + 7693/89*k, m - Q(x) = 172/89
	 adding 0 log 3

	 mu_minus = -32300/89*i + 10200/89*j + 7850/89*k, m - Q(x) = 1804/89
	 adding 0 log 3

	 mu_minus = -33592/89*i + 10608/89*j + 8164/89*k, m - Q(x) = 1615/89
	 adding 0 log 3

	 mu_minus = -34238/89*i + 10812/89*j + 8321/89*k, m - Q(x) = 595/89
	 adding 0 log 3

	 mu_minus = -35530/89*i + 11220/89*j + 8635/89*k, m - Q(x) = 2044/89
	 adding 0 log 3

	 mu_minus = -36822/89*i + 11628/89*j + 8949/89*k, m - Q(x) = 847/89
	 adding 0 log 3

	 mu_minus = -37468/89*i + 11832/89*j + 9106/89*k, m - Q(x) = 1459/89
	 adding 0 log 3

	 mu_minus = -38760/89*i + 12240/89*j + 9420/89*k, m - Q(x) = 1900/89
	 adding 0 log 3

	 mu_minus = -40698/89*i + 12852/89*j + 9891/89*k, m - Q(x) = 1939/89
	 adding 0 log 3

	 mu_minus = -41990/89*i + 13260/89*j + 10205/89*k, m - Q(x) = 1372/89
	 adding 0 log 3

	 mu_minus = -42636/89*i + 13464/89*j + 10362/89*k, m - Q(x) = 964/89
	 adding 0 log 3

	 mu_minus = -43928/89*i + 13872/89*j + 10676/89*k, m - Q(x) = 2035/89
	 adding 0 log 3

	 mu_minus = -45220/89*i + 14280/89*j + 10990/89*k, m - Q(x) = 460/89
	 adding 0 log 3

	 mu_minus = -45866/89*i + 14484/89*j + 11147/89*k, m - Q(x) = 1684/89
	 adding 0 log 3

	 mu_minus = -47158/89*i + 14892/89*j + 11461/89*k, m - Q(x) = 1747/89
	 adding 0 log 3

	 mu_minus = -47804/89*i + 15096/89*j + 11618/89*k, m - Q(x) = 319/89
	 adding 0 log 3

	 mu_minus = -49096/89*i + 15504/89*j + 11932/89*k, m - Q(x) = 2020/89
	 adding 0 log 3

	 mu_minus = -50388/89*i + 15912/89*j + 12246/89*k, m - Q(x) = 1075/89
	 adding 0 log 3

	 mu_minus = -51034/89*i + 16116/89*j + 12403/89*k, m - Q(x) = 1279/89
	 adding 0 log 3

	 mu_minus = -52326/89*i + 16524/89*j + 12717/89*k, m - Q(x) = 1972/89
	 adding 2 log 3

	 mu_minus = -53618/89*i + 16932/89*j + 13031/89*k, m - Q(x) = 19/89
	 adding 0 log 3

	 mu_minus = -54264/89*i + 17136/89*j + 13188/89*k, m - Q(x) = 1855/89
	 adding 0 log 3

	 mu_minus = -55556/89*i + 17544/89*j + 13502/89*k, m - Q(x) = 1540/89
	 adding 0 log 3

	 mu_minus = -56202/89*i + 17748/89*j + 13659/89*k, m - Q(x) = 724/89
	 adding 0 log 3
Kappa_0 of 27

	 Sgcd = 17

	 mu_minus = 0, m - Q(x) = 27
	 adding 0 log 3

	 mu_minus = -1292/89*i + 408/89*j + 314/89*k, m - Q(x) = 1080/89
	 adding 0 log 2

	 mu_minus = -1938/89*i + 612/89*j + 471/89*k, m - Q(x) = 1896/89
	 adding 0 log 2

	 mu_minus = -3230/89*i + 1020/89*j + 785/89*k, m - Q(x) = 2211/89
	 adding 0 log 3

	 mu_minus = -3876/89*i + 1224/89*j + 942/89*k, m - Q(x) = 375/89
	 adding 0 log 3

	 mu_minus = -5168/89*i + 1632/89*j + 1256/89*k, m - Q(x) = 2328/89
	 adding 0 log 2

	 mu_minus = -6460/89*i + 2040/89*j + 1570/89*k, m - Q(x) = 1635/89
	 adding 0 log 3

	 mu_minus = -7106/89*i + 2244/89*j + 1727/89*k, m - Q(x) = 1431/89
	 adding 0 log 3

	 mu_minus = -8398/89*i + 2652/89*j + 2041/89*k, m - Q(x) = 2376/89
	 adding 0 log 2

	 mu_minus = -9690/89*i + 3060/89*j + 2355/89*k, m - Q(x) = 675/89
	 adding 1/9 log 17

	 mu_minus = -10336/89*i + 3264/89*j + 2512/89*k, m - Q(x) = 2103/89
	 adding 0 log 3

	 mu_minus = -11628/89*i + 3672/89*j + 2826/89*k, m - Q(x) = 2040/89
	 adding 0 log 2

	 mu_minus = -12274/89*i + 3876/89*j + 2983/89*k, m - Q(x) = 816/89
	 adding 2 log 3

	 mu_minus = -13566/89*i + 4284/89*j + 3297/89*k, m - Q(x) = 2391/89
	 adding 0 log 3

	 mu_minus = -14858/89*i + 4692/89*j + 3611/89*k, m - Q(x) = 1320/89
	 adding 0 log 2

	 mu_minus = -15504/89*i + 4896/89*j + 3768/89*k, m - Q(x) = 1728/89
	 adding 1/9 log 17

	 mu_minus = -16796/89*i + 5304/89*j + 4082/89*k, m - Q(x) = 2295/89
	 adding 2 log 5

	 mu_minus = -17442/89*i + 5508/89*j + 4239/89*k, m - Q(x) = 51/89
	 adding 2 log 3

	 mu_minus = -18088/89*i + 5712/89*j + 4396/89*k, m - Q(x) = 216/89
	 adding 0 log 2

	 mu_minus = -18734/89*i + 5916/89*j + 4553/89*k, m - Q(x) = 2256/89
	 adding 0 log 3

	 mu_minus = -20026/89*i + 6324/89*j + 4867/89*k, m - Q(x) = 1815/89
	 adding 0 log 3

	 mu_minus = -20672/89*i + 6528/89*j + 5024/89*k, m - Q(x) = 1203/89
	 adding 0 log 3

	 mu_minus = -21964/89*i + 6936/89*j + 5338/89*k, m - Q(x) = 2400/89
	 adding 0 log 2

	 mu_minus = -23256/89*i + 7344/89*j + 5652/89*k, m - Q(x) = 951/89
	 adding 0 log 3

	 mu_minus = -23902/89*i + 7548/89*j + 5809/89*k, m - Q(x) = 1971/89
	 adding 2/9 log 17

	 mu_minus = -25194/89*i + 7956/89*j + 6123/89*k, m - Q(x) = 2160/89
	 adding 0 log 3

	 mu_minus = -25840/89*i + 8160/89*j + 6280/89*k, m - Q(x) = 528/89
	 adding 0 log 3

	 mu_minus = -27132/89*i + 8568/89*j + 6594/89*k, m - Q(x) = 2355/89
	 adding 0 log 3

	 mu_minus = -28424/89*i + 8976/89*j + 6908/89*k, m - Q(x) = 1536/89
	 adding 0 log 2

	 mu_minus = -29070/89*i + 9180/89*j + 7065/89*k, m - Q(x) = 1536/89
	 adding 0 log 2

	 mu_minus = -30362/89*i + 9588/89*j + 7379/89*k, m - Q(x) = 2355/89
	 adding 0 log 3

	 mu_minus = -31654/89*i + 9996/89*j + 7693/89*k, m - Q(x) = 528/89
	 adding 0 log 3

	 mu_minus = -32300/89*i + 10200/89*j + 7850/89*k, m - Q(x) = 2160/89
	 adding 0 log 3

	 mu_minus = -33592/89*i + 10608/89*j + 8164/89*k, m - Q(x) = 1971/89
	 adding 2/9 log 17

	 mu_minus = -34238/89*i + 10812/89*j + 8321/89*k, m - Q(x) = 951/89
	 adding 0 log 3

	 mu_minus = -35530/89*i + 11220/89*j + 8635/89*k, m - Q(x) = 2400/89
	 adding 0 log 2

	 mu_minus = -36822/89*i + 11628/89*j + 8949/89*k, m - Q(x) = 1203/89
	 adding 0 log 3

	 mu_minus = -37468/89*i + 11832/89*j + 9106/89*k, m - Q(x) = 1815/89
	 adding 0 log 3

	 mu_minus = -38760/89*i + 12240/89*j + 9420/89*k, m - Q(x) = 2256/89
	 adding 0 log 3

	 mu_minus = -39406/89*i + 12444/89*j + 9577/89*k, m - Q(x) = 216/89
	 adding 0 log 2

	 mu_minus = -40052/89*i + 12648/89*j + 9734/89*k, m - Q(x) = 51/89
	 adding 2 log 3

	 mu_minus = -40698/89*i + 12852/89*j + 9891/89*k, m - Q(x) = 2295/89
	 adding 2 log 5

	 mu_minus = -41990/89*i + 13260/89*j + 10205/89*k, m - Q(x) = 1728/89
	 adding 1/9 log 17

	 mu_minus = -42636/89*i + 13464/89*j + 10362/89*k, m - Q(x) = 1320/89
	 adding 0 log 2

	 mu_minus = -43928/89*i + 13872/89*j + 10676/89*k, m - Q(x) = 2391/89
	 adding 0 log 3

	 mu_minus = -45220/89*i + 14280/89*j + 10990/89*k, m - Q(x) = 816/89
	 adding 2 log 3

	 mu_minus = -45866/89*i + 14484/89*j + 11147/89*k, m - Q(x) = 2040/89
	 adding 0 log 2

	 mu_minus = -47158/89*i + 14892/89*j + 11461/89*k, m - Q(x) = 2103/89
	 adding 0 log 3

	 mu_minus = -47804/89*i + 15096/89*j + 11618/89*k, m - Q(x) = 675/89
	 adding 1/9 log 17

	 mu_minus = -49096/89*i + 15504/89*j + 11932/89*k, m - Q(x) = 2376/89
	 adding 0 log 2

	 mu_minus = -50388/89*i + 15912/89*j + 12246/89*k, m - Q(x) = 1431/89
	 adding 0 log 3

	 mu_minus = -51034/89*i + 16116/89*j + 12403/89*k, m - Q(x) = 1635/89
	 adding 0 log 3

	 mu_minus = -52326/89*i + 16524/89*j + 12717/89*k, m - Q(x) = 2328/89
	 adding 0 log 2

	 mu_minus = -53618/89*i + 16932/89*j + 13031/89*k, m - Q(x) = 375/89
	 adding 0 log 3

	 mu_minus = -54264/89*i + 17136/89*j + 13188/89*k, m - Q(x) = 2211/89
	 adding 0 log 3

	 mu_minus = -55556/89*i + 17544/89*j + 13502/89*k, m - Q(x) = 1896/89
	 adding 0 log 2

	 mu_minus = -56202/89*i + 17748/89*j + 13659/89*k, m - Q(x) = 1080/89
	 adding 0 log 2
For the divisor [ 3, 5, 8, 11, 14, 17, 20, 23, 27, 29, 45 ]
with weight [ -3, 10, -2, 3, 2, -2, 7, 2, 5, -2, -3 ]
the numerator is
[
<5, 2>
]
the denominator is
[
<3, 1>
]
--------------------------------------------------
For the divisor [ 3, 5, 6, 8, 11, 14, 17, 20, 27, 29, 45 ]
with weight [ -3/2, 17/2, 1, -3/2, 1/2, 7/2, -3/2, 2, 3/2, 1/2, -5/2 ]
the numerator is
[
<2, 3>
]
the denominator is
[]
--------------------------------------------------
For the divisor [ 2, 3, 4, 5, 8, 9, 11, 14, 17, 20, 23, 27, 29, 45, 51 ]
with weight [ -2, -7, -2, 28, -8, -2, 4, 10, -6, 9, 1, 7, -1, -9, 2 ]
the numerator is
[
<2, 12>,
<7, 2>,
<89, 1>
]
the denominator is
[
<3, 3>
]
====================================================
The discriminant is -408 with class number 1 and embedding 51*i - 21*j - 2*k
Kappa_eta of 3/4
	m - Q(x) = 3/4
	adding 2 Log 2
Kappa_0 of 29

	 Sgcd = 2

	 mu_minus = 0, m - Q(x) = 29
	 adding 0 log 2

	 mu_minus = -459/4*i + 191/4*j + 5*k, m - Q(x) = 181/8
	 adding 2 log 3

	 mu_minus = -459/2*i + 191/2*j + 10*k, m - Q(x) = 7/2
	 adding 0 log 2

	 mu_minus = -459/2*i + 191/2*j + 10*k, m - Q(x) = 7/2
	 adding 0 log 2

	 mu_minus = -1377/4*i + 573/4*j + 15*k, m - Q(x) = 181/8
	 adding 2 log 3
Kappa_0 of 2

	 Sgcd = 2

	 mu_minus = 0, m - Q(x) = 2
	 adding 0 log 2
Kappa_0 of 3

	 Sgcd = 2

	 mu_minus = 0, m - Q(x) = 3
	 adding 6 log 2
Kappa_0 of 4

	 Sgcd = 2

	 mu_minus = 0, m - Q(x) = 4
	 adding 2 log 17
Kappa_0 of 5

	 Sgcd = 2

	 mu_minus = 0, m - Q(x) = 5
	 adding 0 log 2
Kappa_0 of 6

	 Sgcd = 2

	 mu_minus = 0, m - Q(x) = 6
	 adding 4 log 3
Kappa_0 of 8

	 Sgcd = 2

	 mu_minus = 0, m - Q(x) = 8
	 adding 0 log 2

	 mu_minus = -459/4*i + 191/4*j + 5*k, m - Q(x) = 13/8
	 adding 0 log 3

	 mu_minus = -1377/4*i + 573/4*j + 15*k, m - Q(x) = 13/8
	 adding 0 log 3
Kappa_0 of 9

	 Sgcd = 2

	 mu_minus = 0, m - Q(x) = 9
	 adding 2 log 17

	 mu_minus = -459/4*i + 191/4*j + 5*k, m - Q(x) = 21/8
	 adding 0 log 3

	 mu_minus = -1377/4*i + 573/4*j + 15*k, m - Q(x) = 21/8
	 adding 0 log 3
Kappa_0 of 11

	 Sgcd = 2

	 mu_minus = 0, m - Q(x) = 11
	 adding 0 log 2

	 mu_minus = -459/4*i + 191/4*j + 5*k, m - Q(x) = 37/8
	 adding 2 log 3

	 mu_minus = -1377/4*i + 573/4*j + 15*k, m - Q(x) = 37/8
	 adding 2 log 3
Kappa_0 of 14

	 Sgcd = 2

	 mu_minus = 0, m - Q(x) = 14
	 adding 0 log 2

	 mu_minus = -459/4*i + 191/4*j + 5*k, m - Q(x) = 61/8
	 adding 2 log 3

	 mu_minus = -1377/4*i + 573/4*j + 15*k, m - Q(x) = 61/8
	 adding 2 log 3
Kappa_0 of 45

	 Sgcd = 2

	 mu_minus = 0, m - Q(x) = 45
	 adding 0 log 2

	 mu_minus = -459/4*i + 191/4*j + 5*k, m - Q(x) = 309/8
	 adding 4 log 3

	 mu_minus = -459/2*i + 191/2*j + 10*k, m - Q(x) = 39/2
	 adding 0 log 2

	 mu_minus = -459/2*i + 191/2*j + 10*k, m - Q(x) = 39/2
	 adding 0 log 2

	 mu_minus = -1377/4*i + 573/4*j + 15*k, m - Q(x) = 309/8
	 adding 4 log 3
Kappa_0 of 17

	 Sgcd = 2

	 mu_minus = 0, m - Q(x) = 17
	 adding 2 log 3

	 mu_minus = -459/4*i + 191/4*j + 5*k, m - Q(x) = 85/8
	 adding 0 log 3

	 mu_minus = -1377/4*i + 573/4*j + 15*k, m - Q(x) = 85/8
	 adding 0 log 3
Kappa_0 of 20

	 Sgcd = 2

	 mu_minus = 0, m - Q(x) = 20
	 adding 0 log 2

	 mu_minus = -459/4*i + 191/4*j + 5*k, m - Q(x) = 109/8
	 adding 2 log 3

	 mu_minus = -1377/4*i + 573/4*j + 15*k, m - Q(x) = 109/8
	 adding 2 log 3
Kappa_0 of 51

	 Sgcd = 2

	 mu_minus = 0, m - Q(x) = 51
	 adding 0 log 2

	 mu_minus = -459/4*i + 191/4*j + 5*k, m - Q(x) = 357/8
	 adding 2 log 7

	 mu_minus = -459/2*i + 191/2*j + 10*k, m - Q(x) = 51/2
	 adding 4 log 17

	 mu_minus = -459/2*i + 191/2*j + 10*k, m - Q(x) = 51/2
	 adding 4 log 17

	 mu_minus = -1377/4*i + 573/4*j + 15*k, m - Q(x) = 357/8
	 adding 2 log 7
Kappa_0 of 23

	 Sgcd = 2

	 mu_minus = 0, m - Q(x) = 23
	 adding 4 log 3

	 mu_minus = -459/4*i + 191/4*j + 5*k, m - Q(x) = 133/8
	 adding 0 log 3

	 mu_minus = -1377/4*i + 573/4*j + 15*k, m - Q(x) = 133/8
	 adding 0 log 3
Kappa_0 of 27

	 Sgcd = 2

	 mu_minus = 0, m - Q(x) = 27
	 adding 6 log 2

	 mu_minus = -459/4*i + 191/4*j + 5*k, m - Q(x) = 165/8
	 adding 0 log 3

	 mu_minus = -459/2*i + 191/2*j + 10*k, m - Q(x) = 3/2
	 adding 4 log 3

	 mu_minus = -459/2*i + 191/2*j + 10*k, m - Q(x) = 3/2
	 adding 4 log 3

	 mu_minus = -1377/4*i + 573/4*j + 15*k, m - Q(x) = 165/8
	 adding 0 log 3
For the divisor [ 3, 5, 8, 11, 14, 17, 20, 23, 27, 29, 45 ]
with weight [ -3, 10, -2, 3, 2, -2, 7, 2, 5, -2, -3 ]
the numerator is
[]
the denominator is
[
<2, 1>,
<3, 1>
]
--------------------------------------------------
For the divisor [ 3, 5, 6, 8, 11, 14, 17, 20, 27, 29, 45 ]
with weight [ -3/2, 17/2, 1, -3/2, 1/2, 7/2, -3/2, 2, 3/2, 1/2, -5/2 ]
the numerator is
[]
the denominator is
[
<2, 1>,
<3, 1>
]
--------------------------------------------------
For the divisor [ 2, 3, 4, 5, 8, 9, 11, 14, 17, 20, 23, 27, 29, 45, 51 ]
with weight [ -2, -7, -2, 28, -8, -2, 4, 10, -6, 9, 1, 7, -1, -9, 2 ]
the numerator is
[
<17, 2>,
<7, 2>
]
the denominator is
[
<2, 4>,
<3, 3>
]
