LEVEL 1 30 dimDnew 6 tall 0.350 ncurves 1
RES H 94 1 30 3 1 nops 8 ops 1,w2,w3,w5,w6,w10,w15,w30 notinv - noncomm - minus1 w15 ps 7,11,13,17,19,23 nfail 0 fails -
DONE 1 30 0.390
LEVEL 1 33 dimDnew 6 tall 0.320 ncurves 1
RES H 114 1 33 3 1 nops 4 ops 1,w3,w11,w33 notinv - noncomm - minus1 w11 ps 2,5,7,13,17,19,23 nfail 0 fails -
DONE 1 33 0.350
LEVEL 1 35 dimDnew 6 tall 0.340 ncurves 1
RES H 124 1 35 3 1 nops 4 ops 1,w5,w7,w35 notinv - noncomm - minus1 w35 ps 2,3,11,13,17,19,23 nfail 0 fails -
DONE 1 35 0.380
LEVEL 1 39 dimDnew 6 tall 0.310 ncurves 1
RES H 141 1 39 3 1 nops 4 ops 1,w3,w13,w39 notinv - noncomm - minus1 w39 ps 2,5,7,11,17,19,23 nfail 0 fails -
DONE 1 39 0.340
LEVEL 1 40 dimDnew 6 tall 0.330 ncurves 1
RES H 146 1 40 3 1 nops 10 ops 1,w5,w8,w40,S2*w1,S2*w5,V2*w1,V2*w5,V2*w8,V2*w40 notinv S2*V2*w1,S2*V2*w5,V2*S2*w1,V2*S2*w5 noncomm - minus1 V2*w40 ps 3,7,11,13,17,19,23 nfail 0 fails -
DONE 1 40 0.370
LEVEL 1 41 dimDnew 6 tall 0.330 ncurves 1
RES H 151 1 41 3 1 nops 2 ops 1,w41 notinv - noncomm - minus1 w41 ps 2,3,5,7,11,13,17,19,23 nfail 0 fails -
DONE 1 41 0.370
LEVEL 1 42 dimDnew 10 tall 0.340 ncurves 2
RES U 154 1 42 3 1,2 nops 4 ops 1,w3,w7,w21 notinv - noncomm - minus1 - ps 5,11,13,17,19,23 nfail 0 fails -
RES U 160 1 42 3 1,7 nops 4 ops 1,w2,w3,w6 notinv - noncomm - minus1 - ps 5,11,13,17,19,23 nfail 0 fails -
DONE 1 42 0.380
LEVEL 1 46 dimDnew 10 tall 0.200 ncurves 2
RES H 181 1 46 5 1 nops 4 ops 1,w2,w23,w46 notinv - noncomm - minus1 w23 ps - nfail 0 fails -
RES H 182 1 46 3 1,2 nops 2 ops 1,w23 notinv - noncomm - minus1 w23 ps 3,5,7,11,13,17,19 nfail 0 fails -
DONE 1 46 0.220
LEVEL 1 47 dimDnew 8 tall 0.060 ncurves 1
RES H 186 1 47 4 1 nops 2 ops 1,w47 notinv - noncomm - minus1 w47 ps 2,3,5 nfail 0 fails -
DONE 1 47 0.060
LEVEL 1 48 dimDnew 6 tall 0.340 ncurves 1
RES H 188 1 48 3 1 nops 10 ops 1,w3,w16,w48,S2*w1,S2*w3,V2*w1,V2*w3,V2*w16,V2*w48 notinv S2*V2*w1,S2*V2*w3,V2*S2*w1,V2*S2*w3 noncomm - minus1 V2*w48 ps 5,7,11,13,17,19,23 nfail 0 fails -
DONE 1 48 0.380
LEVEL 1 51 dimDnew 10 tall 0.280 ncurves 1
RES H 201 1 51 3 1,3 nops 2 ops 1,w17 notinv - noncomm - minus1 w17 ps 2,5,7,11,13,19,23 nfail 0 fails -
DONE 1 51 0.310
LEVEL 1 55 dimDnew 10 tall 0.310 ncurves 1
RES H 218 1 55 3 1,5 nops 2 ops 1,w11 notinv - noncomm - minus1 w11 ps 2,3,7,13,17,19,23 nfail 0 fails -
DONE 1 55 0.350
LEVEL 1 56 dimDnew 10 tall 0.340 ncurves 1
RES H 223 1 56 3 1,8 nops 4 ops 1,w7,V2*w1,V2*w7 notinv - noncomm - minus1 w7 ps 3,5,11,13,17,19,23 nfail 0 fails -
DONE 1 56 0.370
LEVEL 1 57 dimDnew 10 tall 0.260 ncurves 1
RES U 230 1 57 3 1,19 nops 2 ops 1,w3 notinv - noncomm - minus1 - ps 2,5,7,11,13,17,23 nfail 0 fails -
DONE 1 57 0.290
LEVEL 1 59 dimDnew 10 tall 0.030 ncurves 1
RES H 237 1 59 5 1 nops 2 ops 1,w59 notinv - noncomm - minus1 w59 ps 2 nfail 0 fails -
DONE 1 59 0.040
LEVEL 1 60 dimDnew 14 tall 0.360 ncurves 3
RES H 240 1 60 3 1,4 nops 4 ops 1,w3,w5,w15 notinv - noncomm - minus1 w15 ps 7,11,13,17,19,23 nfail 0 fails -
RES H 242 1 60 4 1,12 nops 4 ops 1,w3,w5,w15 notinv - noncomm - minus1 w15 ps - nfail 0 fails -
RES H 243 1 60 3 1,60 nops 4 ops 1,w3,w4,w5 notinv - noncomm - minus1 w4 ps 7,11,13,17,19,23 nfail 0 fails -
DONE 1 60 0.400
LEVEL 1 62 dimDnew 14 tall 0.060 ncurves 1
RES H 258 1 62 4 1,2 nops 2 ops 1,w31 notinv - noncomm - minus1 w31 ps 3,5 nfail 0 fails -
DONE 1 62 0.070
LEVEL 1 63 dimDnew 10 tall 0.340 ncurves 1
RES H 263 1 63 3 1,9 nops 4 ops 1,w7,V3*w1,V3*w7 notinv - noncomm - minus1 V3*w7 ps 2,5,11,13,17,19,23 nfail 0 fails -
DONE 1 63 0.370
LEVEL 1 65 dimDnew 10 tall 0.300 ncurves 2
RES U 270 1 65 3 1,5 nops 2 ops 1,w13 notinv - noncomm - minus1 - ps 2,3,7,11,17,19,23 nfail 0 fails -
RES U 272 1 65 3 1,13 nops 2 ops 1,w5 notinv - noncomm - minus1 - ps 2,3,7,11,17,19,23 nfail 0 fails -
DONE 1 65 0.330
LEVEL 1 66 dimDnew 18 tall 0.370 ncurves 2
RES H 277 1 66 4 1,6 nops 4 ops 1,w2,w11,w22 notinv - noncomm - minus1 w11 ps 5 nfail 0 fails -
RES H 278 1 66 3 1,66 nops 4 ops 1,w2,w3,w6 notinv - noncomm - minus1 w6 ps 5,7,13,17,19,23 nfail 0 fails -
DONE 1 66 0.400
LEVEL 1 69 dimDnew 14 tall 0.060 ncurves 1
RES H 298 1 69 4 1,3 nops 2 ops 1,w23 notinv - noncomm - minus1 w23 ps 2,5 nfail 0 fails -
DONE 1 69 0.070
LEVEL 1 70 dimDnew 18 tall 0.340 ncurves 2
RES H 303 1 70 3 1,14 nops 4 ops 1,w2,w5,w10 notinv - noncomm - minus1 w10 ps 3,11,13,17,19,23 nfail 0 fails -
RES H 304 1 70 4 1,10 nops 4 ops 1,w2,w7,w14 notinv - noncomm - minus1 w14 ps 3 nfail 0 fails -
DONE 1 70 0.370
LEVEL 1 71 dimDnew 12 tall 0.040 ncurves 1
RES H 317 1 71 6 1 nops 2 ops 1,w71 notinv - noncomm - minus1 w71 ps 2 nfail 0 fails -
DONE 1 71 0.040
LEVEL 1 72 dimDnew 10 tall 0.350 ncurves 1
RES H 322 1 72 3 1,9 nops 10 ops 1,w8,S2*w1,V2*w1,V2*w8,V3*w1,V3*w8,S2*V3*w1,V2*V3*w1,V2*V3*w8 notinv S2*V2*w1,V2*S2*w1 noncomm - minus1 V2*V3*w8 ps 5,7,11,13,17,19,23 nfail 0 fails -
DONE 1 72 0.390
LEVEL 1 78 dimDnew 22 tall 0.340 ncurves 4
RES H 347 1 78 3 1,26 nops 4 ops 1,w2,w3,w6 notinv - noncomm - minus1 w6 ps 5,7,11,17,19,23 nfail 0 fails -
RES H 348 1 78 6 1,6 nops 4 ops 1,w2,w13,w26 notinv - noncomm - minus1 w26 ps - nfail 0 fails -
RES H 354 1 78 3 1,6,13,78 nops 2 ops 1,w2 notinv - noncomm - minus1 w2 ps 5,7,11,17,19,23 nfail 0 fails -
RES H 356 1 78 3 1,2,3,6 nops 2 ops 1,w13 notinv - noncomm - minus1 w13 ps 5,7,11,17,19,23 nfail 0 fails -
DONE 1 78 0.380
LEVEL 1 84 dimDnew 22 tall 0.370 ncurves 4
RES U 379 1 84 5 1,3 nops 6 ops 1,w4,w7,w28,S2*w1,S2*w7 notinv - noncomm - minus1 - ps - nfail 0 fails -
RES U 382 1 84 3 1,4,7,28 nops 2 ops 1,w3 notinv - noncomm - minus1 - ps 5,11,13,17,19,23 nfail 0 fails -
RES U 384 1 84 3 1,3,7,21 nops 3 ops 1,w4,S2*w1 notinv - noncomm - minus1 - ps 5,11,13,17,19,23 nfail 0 fails -
RES U 388 1 84 3 1,12,21,28 nops 2 ops 1,w3 notinv - noncomm - minus1 - ps 5,11,13,17,19,23 nfail 0 fails -
DONE 1 84 0.410
LEVEL 1 85 dimDnew 14 tall 0.280 ncurves 1
RES H 392 1 85 3 1,85 nops 2 ops 1,w5 notinv - noncomm - minus1 - ps 2,3,7,11,13,19,23 nfail 0 fails -
DONE 1 85 0.310
LEVEL 1 87 dimDnew 18 tall 0.040 ncurves 1
RES H 400 1 87 5 1,3 nops 2 ops 1,w29 notinv - noncomm - minus1 w29 ps 2 nfail 0 fails -
DONE 1 87 0.040
LEVEL 1 90 dimDnew 22 tall 0.400 ncurves 3
RES U 417 1 90 3 1,2,5,10 nops 2 ops 1,w9 notinv - noncomm - minus1 - ps 7,11,13,17,19,23 nfail 0 fails -
RES U 420 1 90 3 1,2,9,18 nops 4 ops 1,w5,V3*w1,V3*w5 notinv - noncomm - minus1 - ps 7,11,13,17,19,23 nfail 1 fails w5:13:[1,-8,59,-224,767,-1352,2197]
RES U 423 1 90 3 1,10,18,45 nops 2 ops 1,w2 notinv - noncomm - minus1 - ps 7,11,13,17,19,23 nfail 0 fails -
DONE 1 90 0.440
LEVEL 1 92 dimDnew 20 tall 0.070 ncurves 2
RES H 430 1 92 5 1,4 nops 2 ops 1,w23 notinv - noncomm - minus1 w23 ps - nfail 0 fails -
RES H 431 1 92 4 1,92 nops 2 ops 1,w4 notinv - noncomm - minus1 w4 ps 3,5 nfail 0 fails -
DONE 1 92 0.080
LEVEL 1 93 dimDnew 18 tall 0.040 ncurves 1
RES U 436 1 93 5 1,31 nops 2 ops 1,w3 notinv - noncomm - minus1 - ps 2 nfail 0 fails -
DONE 1 93 0.040
LEVEL 1 94 dimDnew 22 tall 0.070 ncurves 2
RES H 438 1 94 6 1,2 nops 2 ops 1,w47 notinv - noncomm - minus1 w47 ps - nfail 0 fails -
RES H 439 1 94 4 1,94 nops 2 ops 1,w2 notinv - noncomm - minus1 w2 ps 3,5 nfail 0 fails -
DONE 1 94 0.080
LEVEL 1 95 dimDnew 18 tall 0.280 ncurves 2
RES H 443 1 95 5 1,5 nops 2 ops 1,w19 notinv - noncomm - minus1 w19 ps 2 nfail 0 fails -
RES H 445 1 95 3 1,19 nops 2 ops 1,w5 notinv - noncomm - minus1 w5 ps 2,3,7,11,13,17,23 nfail 0 fails -
DONE 1 95 0.310
LEVEL 1 96 dimDnew 18 tall 0.360 ncurves 2
RES U 447 1 96 3 1,32 nops 4 ops 1,w3,V2*w1,V2*w3 notinv - noncomm - minus1 - ps 5,7,11,13,17,19,23 nfail 0 fails -
RES U 448 1 96 3 1,96 nops 4 ops 1,w3,V2*w1,V2*w3 notinv - noncomm - minus1 - ps 5,7,11,13,17,19,23 nfail 0 fails -
DONE 1 96 0.400
LEVEL 1 104 dimDnew 22 tall 0.340 ncurves 1
RES H 485 1 104 3 1,104 nops 4 ops 1,w8,V2*w1,V2*w8 notinv - noncomm - minus1 V2*w8 ps 3,5,7,11,17,19,23 nfail 0 fails -
DONE 1 104 0.370
LEVEL 1 105 dimDnew 26 tall 0.370 ncurves 3
RES H 495 1 105 3 1,3,7,21 nops 2 ops 1,w5 notinv - noncomm - minus1 w5 ps 2,11,13,17,19,23 nfail 0 fails -
RES H 496 1 105 3 1,7,15,105 nops 2 ops 1,w3 notinv - noncomm - minus1 w3 ps 2,11,13,17,19,23 nfail 0 fails -
RES H 498 1 105 3 1,3,5,15 nops 2 ops 1,w7 notinv - noncomm - minus1 w7 ps 2,11,13,17,19,23 nfail 0 fails -
DONE 1 105 0.400
LEVEL 1 110 dimDnew 30 tall 0.370 ncurves 3
RES H 522 1 110 3 1,2,11,22 nops 2 ops 1,w5 notinv - noncomm - minus1 w5 ps 3,7,13,17,19,23 nfail 0 fails -
RES H 525 1 110 4 1,2,5,10 nops 2 ops 1,w11 notinv - noncomm - minus1 w11 ps 3 nfail 0 fails -
RES H 527 1 110 3 1,5,22,110 nops 2 ops 1,w2 notinv - noncomm - minus1 w2 ps 3,7,13,17,19,23 nfail 0 fails -
DONE 1 110 0.410
LEVEL 1 114 dimDnew 34 tall 0.310 ncurves 1
RES O 547 1 114 3 1,2,19,38 nops 2 ops 1,w3 notinv - noncomm - minus1 - ps 5,7,11,13,17,23 nfail 0 fails -
DONE 1 114 0.340
LEVEL 1 119 dimDnew 22 tall 0.070 ncurves 2
RES H 571 1 119 6 1,7 nops 2 ops 1,w17 notinv - noncomm - minus1 w17 ps 2 nfail 0 fails -
RES H 573 1 119 4 1,17 nops 2 ops 1,w7 notinv - noncomm - minus1 w7 ps 2,3,5 nfail 0 fails -
DONE 1 119 0.080
LEVEL 1 120 dimDnew 34 tall 0.410 ncurves 2
RES H 583 1 120 3 1,5,24,120 nops 4 ops 1,w3,V2*w1,V2*w3 notinv - noncomm - minus1 V2*w3 ps 7,11,13,17,19,23 nfail 0 fails -
RES U 584 1 120 3 1,3,5,15 nops 5 ops 1,w8,S2*w1,V2*w1,V2*w8 notinv S2*V2*w1,V2*S2*w1 noncomm - minus1 - ps 7,11,13,17,19,23 nfail 0 fails -
DONE 1 120 0.450
LEVEL 1 126 dimDnew 34 tall 0.400 ncurves 2
RES H 613 1 126 3 1,7,9,63 nops 4 ops 1,w2,V3*w1,V3*w2 notinv - noncomm - minus1 V3*w1 ps 5,11,13,17,19,23 nfail 0 fails -
RES H 616 1 126 3 1,9,14,126 nops 4 ops 1,w2,V3*w1,V3*w2 notinv - noncomm - minus1 V3*w2 ps 5,11,13,17,19,23 nfail 0 fails -
DONE 1 126 0.440
LEVEL 1 130 dimDnew 34 tall 0.360 ncurves 2
RES O 624 1 130 3 1,2,13,26 nops 2 ops 1,w5 notinv - noncomm - minus1 - ps 3,7,11,17,19,23 nfail 0 fails -
RES U 629 1 130 3 1,5,26,130 nops 2 ops 1,w2 notinv - noncomm - minus1 - ps 3,7,11,17,19,23 nfail 0 fails -
DONE 1 130 0.400
LEVEL 1 136 dimDnew 30 tall 0.320 ncurves 1
RES H 663 1 136 3 1,8,17,136 nops 2 ops 1,V2*w1 notinv - noncomm - minus1 V2*w1 ps 3,5,7,11,13,19,23 nfail 0 fails -
DONE 1 136 0.350
LEVEL 1 138 dimDnew 42 tall 0.260 ncurves 1
RES U 672 1 138 3 1,2,23,46 nops 2 ops 1,w3 notinv - noncomm - minus1 - ps 5,7,11,13,17,19 nfail 0 fails -
DONE 1 138 0.290
LEVEL 1 156 dimDnew 46 tall 0.390 ncurves 1
RES U 764 1 156 3 1,12,39,52 nops 2 ops 1,w3 notinv - noncomm - minus1 - ps 5,7,11,17,19,23 nfail 0 fails -
DONE 1 156 0.430
LEVEL 1 165 dimDnew 42 tall 0.380 ncurves 2
RES H 784 1 165 3 1,11,15,165 nops 2 ops 1,w3 notinv - noncomm - minus1 - ps 2,7,13,17,19,23 nfail 0 fails -
RES U 785 1 165 4 1,5,11,55 nops 2 ops 1,w3 notinv - noncomm - minus1 - ps 2 nfail 0 fails -
DONE 1 165 0.420
LEVEL 1 168 dimDnew 50 tall 0.140 ncurves 1
RES H 799 1 168 4 1,21,24,56 nops 4 ops 1,w3,V2*w1,V2*w3 notinv - noncomm - minus1 V2*w3 ps 5 nfail 0 fails -
DONE 1 168 0.160
LEVEL 1 171 dimDnew 34 tall 0.290 ncurves 1
RES H 813 1 171 3 1,9,19,171 nops 2 ops 1,V3*w1 notinv - noncomm - minus1 V3*w1 ps 2,5,7,11,13,17,23 nfail 0 fails -
DONE 1 171 0.310
LEVEL 1 175 dimDnew 30 tall 0.350 ncurves 1
RES U 827 1 175 3 1,7,25,175 nops 1 ops 1 notinv - noncomm - minus1 - ps 2,3,11,13,17,19,23 nfail 0 fails -
DONE 1 175 0.390
LEVEL 1 176 dimDnew 38 tall 0.100 ncurves 1
RES H 828 1 176 4 1,11,16,176 nops 2 ops 1,V2*w1 notinv - noncomm - minus1 V2*w1 ps 3,5 nfail 0 fails -
DONE 1 176 0.110
LEVEL 1 180 dimDnew 50 tall 0.110 ncurves 3
RES U 836 1 180 5 1,5,36,180 nops 2 ops 1,w4 notinv - noncomm - minus1 - ps - nfail 0 fails -
RES U 840 1 180 5 1,9,20,180 nops 4 ops 1,w4,V3*w1,V3*w4 notinv - noncomm - minus1 - ps - nfail 0 fails -
RES U 841 1 180 5 1,20,36,45 nops 2 ops 1,w4 notinv - noncomm - minus1 - ps - nfail 0 fails -
DONE 1 180 0.120
LEVEL 1 185 dimDnew 34 tall 0.350 ncurves 1
RES U 857 1 185 3 1,5,37,185 nops 1 ops 1 notinv - noncomm - minus1 - ps 2,3,7,11,13,17,19,23 nfail 0 fails -
DONE 1 185 0.390
LEVEL 1 195 dimDnew 50 tall 0.390 ncurves 1
RES O 889 1 195 3 1,5,39,195 nops 2 ops 1,w3 notinv - noncomm - minus1 - ps 2,7,11,17,19,23 nfail 0 fails -
DONE 1 195 0.420
LEVEL 1 198 dimDnew 58 tall 0.110 ncurves 1
RES U 896 1 198 5 1,9,11,99 nops 4 ops 1,w2,V3*w1,V3*w2 notinv - noncomm - minus1 - ps - nfail 0 fails -
DONE 1 198 0.120
LEVEL 1 207 dimDnew 42 tall 0.250 ncurves 1
RES H 920 1 207 3 1,9,23,207 nops 2 ops 1,V3*w1 notinv - noncomm - minus1 - ps 2,5,7,11,13,17,19 nfail 0 fails -
DONE 1 207 0.270
LEVEL 1 210 dimDnew 82 tall 0.660 ncurves 3
RES U 982 1 210 3 1,3,10,14,30,35,42,105 nops 2 ops 1,w2 notinv - noncomm - minus1 - ps 11,13,17,19,23 nfail 0 fails -
RES U 989 1 210 3 1,2,5,7,10,14,35,70 nops 2 ops 1,w3 notinv - noncomm - minus1 - ps 11,13,17,19,23 nfail 0 fails -
RES U 990 1 210 3 1,5,6,7,30,35,42,210 nops 2 ops 1,w2 notinv - noncomm - minus1 - ps 11,13,17,19,23 nfail 0 fails -
DONE 1 210 0.720
LEVEL 1 234 dimDnew 70 tall 0.470 ncurves 1
RES U 1053 1 234 3 1,2,9,13,18,26,117,234 nops 2 ops 1,V3*w1 notinv - noncomm - minus1 - ps 5,7,11,17,19,23 nfail 0 fails -
DONE 1 234 0.500
LEVEL 1 240 dimDnew 74 tall 0.540 ncurves 1
RES U 1072 1 240 3 1,3,5,15,16,48,80,240 nops 2 ops 1,V2*w1 notinv - noncomm - minus1 - ps 7,11,13,17,19,23 nfail 0 fails -
DONE 1 240 0.580
LEVEL 1 252 dimDnew 74 tall 0.540 ncurves 1
RES H 1095 1 252 3 1,4,7,9,28,36,63,252 nops 2 ops 1,V3*w1 notinv - noncomm - minus1 V3*w1 ps 5,11,13,17,19,23 nfail 0 fails -
DONE 1 252 0.580
LEVEL 1 270 dimDnew 86 tall 0.540 ncurves 1
RES K7 1144 1 270 3 1,2,5,10,27,54,135,270 nops 1 ops 1 notinv - noncomm - minus1 - ps 7,11,13,17,19,23 nfail 1 fails 1:7:[1,7,33,98,231,343,343]
DONE 1 270 0.580
LEVEL 1 279 dimDnew 58 tall 0.080 ncurves 1
RES H 1164 1 279 5 1,9,31,279 nops 2 ops 1,V3*w1 notinv - noncomm - minus1 V3*w1 ps 2 nfail 0 fails -
DONE 1 279 0.090
LEVEL 1 280 dimDnew 82 tall 0.160 ncurves 1
RES K3 1165 1 280 4 1,5,7,8,35,40,56,280 nops 2 ops 1,V2*w1 notinv - noncomm - minus1 - ps 3 nfail 1 fails 1:3:[1,0,5,-6,12,-18,45,0,81]
DONE 1 280 0.170
LEVEL 1 282 dimDnew 90 tall 0.540 ncurves 1
RES K5 1173 1 282 3 1,2,3,6,47,94,141,282 nops 1 ops 1 notinv - noncomm - minus1 - ps 5,7,11,13,17,19,23 nfail 3 fails 1:5:[1,3,15,28,75,75,125];1:7:[1,3,9,6,63,147,343];1:11:[1,9,57,216,627,1089,1331]
DONE 1 282 0.590
LEVEL 1 290 dimDnew 82 tall 0.520 ncurves 1
RES K3 1185 1 290 3 1,2,5,10,29,58,145,290 nops 1 ops 1 notinv - noncomm - minus1 - ps 3,7,11,13,17,19,23 nfail 1 fails 1:3:[1,3,9,18,27,27,27]
DONE 1 290 0.560
LEVEL 1 294 dimDnew 82 tall 0.540 ncurves 1
RES U 1188 1 294 3 1,2,3,6,49,98,147,294 nops 1 ops 1 notinv - noncomm - minus1 - ps 5,11,13,17,19,23 nfail 0 fails -
DONE 1 294 0.580
LEVEL 1 315 dimDnew 82 tall 0.520 ncurves 1
RES H 1209 1 315 3 1,5,7,9,35,45,63,315 nops 2 ops 1,V3*w1 notinv - noncomm - minus1 - ps 2,11,13,17,19,23 nfail 0 fails -
DONE 1 315 0.560
LEVEL 1 318 dimDnew 102 tall 0.540 ncurves 1
RES K5 1210 1 318 3 1,2,3,6,53,106,159,318 nops 1 ops 1 notinv - noncomm - minus1 - ps 5,7,11,13,17,19,23 nfail 4 fails 1:5:[1,5,19,50,95,125,125];1:11:[1,5,37,110,407,605,1331];1:17:[1,5,22,65,374,1445,4913];1:23:[1,-3,36,-103,828,-1587,12167]
DONE 1 318 0.590
LEVEL 1 322 dimDnew 90 tall 0.180 ncurves 1
RES K3 1213 1 322 4 1,2,7,14,23,46,161,322 nops 1 ops 1 notinv - noncomm - minus1 - ps 3,5 nfail 1 fails 1:3:[1,4,13,30,56,90,117,108,81]
DONE 1 322 0.190
LEVEL 1 330 dimDnew 130 tall 0.320 ncurves 1
RES U 1229 1 330 4 1,6,10,11,15,66,110,165 nops 2 ops 1,w2 notinv - noncomm - minus1 - ps - nfail 0 fails -
DONE 1 330 0.340
LEVEL 1 342 dimDnew 106 tall 0.220 ncurves 1
RES K5 1237 1 342 4 1,2,9,18,19,38,171,342 nops 2 ops 1,V3*w1 notinv - noncomm - minus1 - ps 5 nfail 1 fails 1:5:[1,6,29,86,228,430,725,750,625]
DONE 1 342 0.230
LEVEL 1 345 dimDnew 90 tall 0.120 ncurves 1
RES K2 1238 1 345 4 1,3,5,15,23,69,115,345 nops 1 ops 1 notinv - noncomm - minus1 - ps 2 nfail 1 fails 1:2:[1,3,7,12,18,24,28,24,16]
DONE 1 345 0.140
LEVEL 1 370 dimDnew 106 tall 0.150 ncurves 1
RES U 1247 1 370 4 1,2,5,10,37,74,185,370 nops 1 ops 1 notinv - noncomm - minus1 - ps 3 nfail 0 fails -
DONE 1 370 0.160
LEVEL 1 396 dimDnew 122 tall 0.240 ncurves 1
RES U 1272 1 396 5 1,4,9,11,36,44,99,396 nops 2 ops 1,V3*w1 notinv - noncomm - minus1 - ps - nfail 0 fails -
DONE 1 396 0.260
LEVEL 1 510 dimDnew 202 tall 1.060 ncurves 1
RES U 1387 1 510 3 1,2,3,5,6,10,15,17,30,34,51,85,102,170,255,510 nops 1 ops 1 notinv - noncomm - minus1 - ps 7,11,13,19,23 nfail 0 fails -
DONE 1 510 1.160
LEVEL 1 570 dimDnew 226 tall 0.630 ncurves 1
RES U 1414 1 570 4 1,2,3,5,6,10,15,19,30,38,57,95,114,190,285,570 nops 1 ops 1 notinv - noncomm - minus1 - ps - nfail 0 fails -
DONE 1 570 0.720
LEVEL 1 630 dimDnew 258 tall 1.020 ncurves 1
RES U 1434 1 630 5 1,2,5,7,9,10,14,18,35,45,63,70,90,126,315,630 nops 2 ops 1,V3*w1 notinv - noncomm - minus1 - ps - nfail 0 fails -
DONE 1 630 1.140
LEVEL 1 714 dimDnew 274 tall 0.840 ncurves 1
RES U 1437 1 714 5 1,2,3,6,7,14,17,21,34,42,51,102,119,238,357,714 nops 1 ops 1 notinv - noncomm - minus1 - ps - nfail 0 fails -
DONE 1 714 0.950
LEVEL 6 11 dimDnew 6 tall 0.400 ncurves 1
RES H 1512 6 11 3 1 nops 8 ops 1,w2,w3,w6,w11,w22,w33,w66 notinv - noncomm - minus1 w66 ps 5,7,13,17,19,23 nfail 0 fails -
DONE 6 11 0.430
LEVEL 6 17 dimDnew 6 tall 0.390 ncurves 1
RES H 1544 6 17 3 1 nops 8 ops 1,w2,w3,w6,w17,w34,w51,w102 notinv - noncomm - minus1 w34 ps 5,7,11,13,19,23 nfail 0 fails -
DONE 6 17 0.420
LEVEL 6 19 dimDnew 6 tall 0.400 ncurves 1
RES H 1560 6 19 3 1 nops 8 ops 1,w2,w3,w6,w19,w38,w57,w114 notinv - noncomm - minus1 w114 ps 5,7,11,13,17,23 nfail 0 fails -
DONE 6 19 0.430
LEVEL 6 23 dimDnew 10 tall 0.380 ncurves 4
RES H 1577 6 23 3 1,2 nops 4 ops 1,w3,w23,w69 notinv - noncomm - minus1 w69 ps 5,7,11,13,17,19 nfail 0 fails -
RES H 1579 6 23 3 1,6 nops 4 ops 1,w2,w23,w46 notinv - noncomm - minus1 w46 ps 5,7,11,13,17,19 nfail 0 fails -
RES H 1581 6 23 3 1,3 nops 4 ops 1,w2,w23,w46 notinv - noncomm - minus1 w46 ps 5,7,11,13,17,19 nfail 0 fails -
RES U 1583 6 23 3 1,23 nops 4 ops 1,w2,w3,w6 notinv - noncomm - minus1 - ps 5,7,11,13,17,19 nfail 2 fails w2:5:[1,-4,19,-40,95,-100,125];w6:5:[1,4,19,40,95,100,125]
DONE 6 23 0.410
LEVEL 6 29 dimDnew 10 tall 0.470 ncurves 4
RES H 1608 6 29 5 1 nops 8 ops 1,w2,w3,w6,w29,w58,w87,w174 notinv - noncomm - minus1 w174 ps - nfail 0 fails -
RES H 1613 6 29 3 1,3 nops 4 ops 1,w2,w29,w58 notinv - noncomm - minus1 w58 ps 5,7,11,13,17,19,23 nfail 0 fails -
RES H 1614 6 29 3 1,87 nops 4 ops 1,w2,w3,w6 notinv - noncomm - minus1 w2 ps 5,7,11,13,17,19,23 nfail 0 fails -
RES H 1615 6 29 3 1,29 nops 4 ops 1,w2,w3,w6 notinv - noncomm - minus1 w6 ps 5,7,11,13,17,19,23 nfail 0 fails -
DONE 6 29 0.510
LEVEL 6 31 dimDnew 10 tall 0.490 ncurves 4
RES H 1624 6 31 5 1 nops 8 ops 1,w2,w3,w6,w31,w62,w93,w186 notinv - noncomm - minus1 w186 ps - nfail 0 fails -
RES H 1625 6 31 3 1,2 nops 4 ops 1,w3,w31,w93 notinv - noncomm - minus1 w93 ps 5,7,11,13,17,19,23 nfail 0 fails -
RES H 1626 6 31 3 1,62 nops 4 ops 1,w2,w3,w6 notinv - noncomm - minus1 w3 ps 5,7,11,13,17,19,23 nfail 0 fails -
RES H 1631 6 31 3 1,31 nops 4 ops 1,w2,w3,w6 notinv - noncomm - minus1 w6 ps 5,7,11,13,17,19,23 nfail 0 fails -
DONE 6 31 0.530
LEVEL 6 35 dimDnew 18 tall 0.650 ncurves 12
RES H 1643 6 35 3 1,10 nops 8 ops 1,w2,w3,w6,w7,w14,w21,w42 notinv - noncomm - minus1 w21 ps 11,13,17,19,23 nfail 0 fails -
RES H 1644 6 35 3 1,70 nops 8 ops 1,w2,w3,w5,w6,w7,w15,w21 notinv - noncomm - minus1 w6 ps 11,13,17,19,23 nfail 0 fails -
RES H 1645 6 35 3 1,6 nops 8 ops 1,w2,w5,w7,w10,w14,w35,w70 notinv - noncomm - minus1 w70 ps 11,13,17,19,23 nfail 0 fails -
RES H 1648 6 35 3 1,210 nops 8 ops 1,w2,w3,w5,w6,w7,w10,w14 notinv - noncomm - minus1 w10 ps 11,13,17,19,23 nfail 0 fails -
RES H 1650 6 35 3 1,21 nops 8 ops 1,w2,w3,w5,w6,w10,w15,w30 notinv - noncomm - minus1 w10 ps 11,13,17,19,23 nfail 0 fails -
RES H 1652 6 35 3 1,105 nops 8 ops 1,w2,w3,w5,w6,w7,w10,w14 notinv - noncomm - minus1 w6 ps 11,13,17,19,23 nfail 0 fails -
RES U 1663 6 35 3 1,30,35,42 nops 4 ops 1,w2,w3,w5 notinv - noncomm - minus1 - ps 11,13,17,19,23 nfail 0 fails -
RES U 1664 6 35 3 1,2,7,14 nops 4 ops 1,w3,w5,w15 notinv - noncomm - minus1 - ps 11,13,17,19,23 nfail 0 fails -
RES U 1670 6 35 3 1,3,5,15 nops 4 ops 1,w2,w7,w14 notinv - noncomm - minus1 - ps 11,13,17,19,23 nfail 0 fails -
RES U 1676 6 35 3 1,2,15,30 nops 4 ops 1,w3,w7,w21 notinv - noncomm - minus1 - ps 11,13,17,19,23 nfail 0 fails -
RES U 1678 6 35 3 1,3,14,42 nops 4 ops 1,w2,w5,w10 notinv - noncomm - minus1 - ps 11,13,17,19,23 nfail 0 fails -
RES U 1690 6 35 3 1,5,7,35 nops 4 ops 1,w2,w3,w6 notinv - noncomm - minus1 - ps 11,13,17,19,23 nfail 0 fails -
DONE 6 35 0.730
LEVEL 6 37 dimDnew 10 tall 0.500 ncurves 4
RES H 1707 6 37 5 1 nops 8 ops 1,w2,w3,w6,w37,w74,w111,w222 notinv - noncomm - minus1 w222 ps - nfail 0 fails -
RES H 1709 6 37 3 1,74 nops 4 ops 1,w2,w3,w6 notinv - noncomm - minus1 w3 ps 5,7,11,13,17,19,23 nfail 0 fails -
RES H 1710 6 37 3 1,6 nops 4 ops 1,w2,w37,w74 notinv - noncomm - minus1 w37 ps 5,7,11,13,17,19,23 nfail 0 fails -
RES H 1713 6 37 3 1,111 nops 4 ops 1,w2,w3,w6 notinv - noncomm - minus1 w2 ps 5,7,11,13,17,19,23 nfail 0 fails -
DONE 6 37 0.550
LEVEL 6 41 dimDnew 14 tall 0.540 ncurves 3
RES H 1724 6 41 3 1,2 nops 4 ops 1,w3,w41,w123 notinv - noncomm - minus1 w123 ps 5,7,11,13,17,19,23 nfail 0 fails -
RES H 1728 6 41 4 1,3 nops 4 ops 1,w2,w41,w82 notinv - noncomm - minus1 w82 ps 5 nfail 0 fails -
RES H 1729 6 41 3 1,123 nops 4 ops 1,w2,w3,w6 notinv - noncomm - minus1 w2 ps 5,7,11,13,17,19,23 nfail 0 fails -
DONE 6 41 0.590
LEVEL 6 43 dimDnew 14 tall 0.580 ncurves 3
RES H 1740 6 43 4 1,2 nops 4 ops 1,w3,w43,w129 notinv - noncomm - minus1 w129 ps 5 nfail 0 fails -
RES H 1744 6 43 3 1,3 nops 4 ops 1,w2,w43,w86 notinv - noncomm - minus1 w43 ps 5,7,11,13,17,19,23 nfail 0 fails -
RES H 1746 6 43 3 1,43 nops 4 ops 1,w2,w3,w6 notinv - noncomm - minus1 w3 ps 5,7,11,13,17,19,23 nfail 0 fails -
DONE 6 43 0.620
LEVEL 6 47 dimDnew 18 tall 0.550 ncurves 5
RES H 1758 6 47 5 1,6 nops 4 ops 1,w2,w47,w94 notinv - noncomm - minus1 w94 ps - nfail 0 fails -
RES H 1759 6 47 3 1,282 nops 4 ops 1,w2,w3,w6 notinv - noncomm - minus1 w3 ps 5,7,11,13,17,19,23 nfail 0 fails -
RES H 1760 6 47 5 1,3 nops 4 ops 1,w2,w47,w94 notinv - noncomm - minus1 w94 ps - nfail 0 fails -
RES H 1761 6 47 3 1,141 nops 4 ops 1,w2,w3,w6 notinv - noncomm - minus1 w6 ps 5,7,11,13,17,19,23 nfail 0 fails -
RES H 1766 6 47 3 1,2,3,6 nops 2 ops 1,w47 notinv - noncomm - minus1 w47 ps 5,7,11,13,17,19,23 nfail 0 fails -
DONE 6 47 0.600
LEVEL 6 49 dimDnew 18 tall 1.340 ncurves 2
RES H 1774 6 49 4 1,6 nops 4 ops 1,w2,w49,w98 notinv - noncomm - minus1 w49 ps 5 nfail 0 fails -
RES H 1778 6 49 3 1,49 nops 4 ops 1,w2,w3,w6 notinv - noncomm - minus1 w6 ps 5,11,13,17,19,23 nfail 0 fails -
DONE 6 49 1.380
LEVEL 6 53 dimDnew 18 tall 0.580 ncurves 2
RES H 1792 6 53 5 1,3 nops 4 ops 1,w2,w53,w106 notinv - noncomm - minus1 w106 ps - nfail 0 fails -
RES H 1797 6 53 3 1,3,53,159 nops 2 ops 1,w2 notinv - noncomm - minus1 w2 ps 5,7,11,13,17,19,23 nfail 0 fails -
DONE 6 53 0.620
LEVEL 6 55 dimDnew 26 tall 0.860 ncurves 13
RES H 1805 6 55 5 1,10 nops 8 ops 1,w2,w3,w6,w11,w22,w33,w66 notinv - noncomm - minus1 w66 ps - nfail 0 fails -
RES H 1808 6 55 3 1,66 nops 8 ops 1,w2,w3,w5,w6,w10,w15,w30 notinv - noncomm - minus1 w10 ps 7,13,17,19,23 nfail 0 fails -
RES H 1814 6 55 5 1,165 nops 8 ops 1,w2,w3,w5,w6,w10,w11,w22 notinv - noncomm - minus1 w10 ps - nfail 0 fails -
RES H 1818 6 55 3 1,2,5,10 nops 4 ops 1,w3,w11,w33 notinv - noncomm - minus1 w33 ps 7,13,17,19,23 nfail 0 fails -
RES H 1821 6 55 3 1,10,22,55 nops 4 ops 1,w2,w3,w6 notinv - noncomm - minus1 w3 ps 7,13,17,19,23 nfail 0 fails -
RES H 1827 6 55 3 1,10,11,110 nops 4 ops 1,w2,w3,w6 notinv - noncomm - minus1 w6 ps 7,13,17,19,23 nfail 0 fails -
RES H 1831 6 55 3 1,11,15,165 nops 4 ops 1,w2,w3,w6 notinv - noncomm - minus1 w6 ps 7,13,17,19,23 nfail 0 fails -
RES H 1833 6 55 3 1,3,55,165 nops 4 ops 1,w2,w5,w10 notinv - noncomm - minus1 w10 ps 7,13,17,19,23 nfail 0 fails -
RES H 1834 6 55 3 1,5,33,165 nops 4 ops 1,w2,w3,w6 notinv - noncomm - minus1 w2 ps 7,13,17,19,23 nfail 0 fails -
RES H 1852 6 55 4 1,5,11,55 nops 4 ops 1,w2,w3,w6 notinv - noncomm - minus1 w6 ps - nfail 0 fails -
RES U 1836 6 55 3 1,2,3,6 nops 4 ops 1,w5,w11,w55 notinv - noncomm - minus1 - ps 7,13,17,19,23 nfail 0 fails -
RES U 1841 6 55 3 1,6,22,33 nops 4 ops 1,w2,w5,w10 notinv - noncomm - minus1 - ps 7,13,17,19,23 nfail 0 fails -
RES U 1848 6 55 3 1,3,110,330 nops 4 ops 1,w2,w5,w10 notinv - noncomm - minus1 - ps 7,13,17,19,23 nfail 0 fails -
DONE 6 55 0.930
LEVEL 6 59 dimDnew 22 tall 0.630 ncurves 4
RES H 1871 6 59 3 1,118 nops 4 ops 1,w2,w3,w6 notinv - noncomm - minus1 w3 ps 5,7,11,13,17,19,23 nfail 0 fails -
RES H 1874 6 59 6 1,3 nops 4 ops 1,w2,w59,w118 notinv - noncomm - minus1 w118 ps - nfail 0 fails -
RES H 1879 6 59 3 1,3,59,177 nops 2 ops 1,w2 notinv - noncomm - minus1 w2 ps 5,7,11,13,17,19,23 nfail 0 fails -
RES H 1880 6 59 3 1,2,3,6 nops 2 ops 1,w59 notinv - noncomm - minus1 w59 ps 5,7,11,13,17,19,23 nfail 0 fails -
DONE 6 59 0.670
LEVEL 6 61 dimDnew 18 tall 0.640 ncurves 2
RES H 1887 6 61 5 1,6 nops 4 ops 1,w2,w61,w122 notinv - noncomm - minus1 w61 ps - nfail 0 fails -
RES H 1898 6 61 3 1,6,122,183 nops 2 ops 1,w2 notinv - noncomm - minus1 w2 ps 5,7,11,13,17,19,23 nfail 0 fails -
DONE 6 61 0.670
LEVEL 6 65 dimDnew 26 tall 0.920 ncurves 14
RES H 1900 6 65 5 1,2 nops 8 ops 1,w3,w5,w13,w15,w39,w65,w195 notinv - noncomm - minus1 w195 ps - nfail 0 fails -
RES H 1907 6 65 3 1,390 nops 8 ops 1,w2,w3,w5,w6,w10,w13,w15 notinv - noncomm - minus1 w2 ps 7,11,17,19,23 nfail 0 fails -
RES H 1911 6 65 5 1,195 nops 8 ops 1,w2,w3,w5,w6,w10,w13,w26 notinv - noncomm - minus1 w2 ps - nfail 0 fails -
RES H 1923 6 65 3 1,2,13,26 nops 4 ops 1,w3,w5,w15 notinv - noncomm - minus1 w15 ps 7,11,17,19,23 nfail 0 fails -
RES H 1927 6 65 4 1,3,13,39 nops 4 ops 1,w2,w5,w10 notinv - noncomm - minus1 w10 ps - nfail 0 fails -
RES H 1928 6 65 3 1,13,15,195 nops 4 ops 1,w2,w3,w6 notinv - noncomm - minus1 w2 ps 7,11,17,19,23 nfail 0 fails -
RES H 1930 6 65 3 1,3,65,195 nops 4 ops 1,w2,w5,w10 notinv - noncomm - minus1 w2 ps 7,11,17,19,23 nfail 0 fails -
RES H 1931 6 65 3 1,5,39,195 nops 4 ops 1,w2,w3,w6 notinv - noncomm - minus1 w2 ps 7,11,17,19,23 nfail 0 fails -
RES H 1933 6 65 3 1,2,3,6 nops 4 ops 1,w5,w13,w65 notinv - noncomm - minus1 w65 ps 7,11,17,19,23 nfail 0 fails -
RES H 1934 6 65 3 1,2,39,78 nops 4 ops 1,w3,w5,w15 notinv - noncomm - minus1 w5 ps 7,11,17,19,23 nfail 0 fails -
RES U 1918 6 65 3 1,10,26,65 nops 4 ops 1,w2,w3,w6 notinv - noncomm - minus1 - ps 7,11,17,19,23 nfail 0 fails -
RES U 1919 6 65 3 1,5,6,30 nops 4 ops 1,w2,w13,w26 notinv - noncomm - minus1 - ps 7,11,17,19,23 nfail 0 fails -
RES U 1943 6 65 3 1,6,10,15 nops 4 ops 1,w2,w13,w26 notinv - noncomm - minus1 - ps 7,11,17,19,23 nfail 0 fails -
RES U 1947 6 65 3 1,15,78,130 nops 4 ops 1,w2,w3,w6 notinv - noncomm - minus1 - ps 7,11,17,19,23 nfail 2 fails w2:17:[1,16,135,688,2295,4624,4913];w2:19:[1,-10,89,-412,1691,-3610,6859]
DONE 6 65 0.990
LEVEL 6 67 dimDnew 22 tall 0.690 ncurves 4
RES H 1966 6 67 6 1,2 nops 4 ops 1,w3,w67,w201 notinv - noncomm - minus1 w201 ps - nfail 0 fails -
RES H 1971 6 67 3 1,201 nops 4 ops 1,w2,w3,w6 notinv - noncomm - minus1 w2 ps 5,7,11,13,17,19,23 nfail 0 fails -
RES H 1973 6 67 3 1,2,67,134 nops 2 ops 1,w3 notinv - noncomm - minus1 w3 ps 5,7,11,13,17,19,23 nfail 0 fails -
RES H 1976 6 67 3 1,2,3,6 nops 2 ops 1,w67 notinv - noncomm - minus1 w67 ps 5,7,11,13,17,19,23 nfail 0 fails -
DONE 6 67 0.730
LEVEL 6 71 dimDnew 26 tall 0.750 ncurves 5
RES H 1982 6 71 5 1,142 nops 4 ops 1,w2,w3,w6 notinv - noncomm - minus1 w3 ps - nfail 0 fails -
RES H 1986 6 71 5 1,213 nops 4 ops 1,w2,w3,w6 notinv - noncomm - minus1 w2 ps - nfail 0 fails -
RES H 1988 6 71 3 1,2,71,142 nops 2 ops 1,w3 notinv - noncomm - minus1 w3 ps 5,7,11,13,17,19,23 nfail 0 fails -
RES H 1990 6 71 3 1,3,71,213 nops 2 ops 1,w2 notinv - noncomm - minus1 w2 ps 5,7,11,13,17,19,23 nfail 0 fails -
RES H 1991 6 71 4 1,2,3,6 nops 2 ops 1,w71 notinv - noncomm - minus1 w71 ps 5 nfail 0 fails -
DONE 6 71 0.790
LEVEL 6 77 dimDnew 34 tall 1.130 ncurves 16
RES H 2014 6 77 5 1,154 nops 8 ops 1,w2,w3,w6,w7,w11,w21,w33 notinv - noncomm - minus1 w21 ps - nfail 0 fails -
RES H 2016 6 77 5 1,66 nops 8 ops 1,w2,w3,w6,w7,w14,w21,w42 notinv - noncomm - minus1 w21 ps - nfail 0 fails -
RES H 2027 6 77 3 1,2,77,154 nops 4 ops 1,w3,w7,w21 notinv - noncomm - minus1 w21 ps 5,13,17,19,23 nfail 0 fails -
RES H 2028 6 77 3 1,7,22,154 nops 4 ops 1,w2,w3,w6 notinv - noncomm - minus1 w3 ps 5,13,17,19,23 nfail 0 fails -
RES H 2033 6 77 3 1,42,66,77 nops 4 ops 1,w2,w3,w6 notinv - noncomm - minus1 w2 ps 5,13,17,19,23 nfail 0 fails -
RES H 2035 6 77 3 1,11,14,154 nops 4 ops 1,w2,w3,w6 notinv - noncomm - minus1 w6 ps 5,13,17,19,23 nfail 0 fails -
RES H 2039 6 77 4 1,11,21,231 nops 4 ops 1,w2,w3,w6 notinv - noncomm - minus1 w6 ps 5 nfail 0 fails -
RES H 2040 6 77 4 1,3,7,21 nops 4 ops 1,w2,w11,w22 notinv - noncomm - minus1 w22 ps 5 nfail 0 fails -
RES H 2043 6 77 3 1,21,33,77 nops 4 ops 1,w2,w3,w6 notinv - noncomm - minus1 w2 ps 5,13,17,19,23 nfail 0 fails -
RES H 2046 6 77 4 1,2,21,42 nops 4 ops 1,w3,w11,w33 notinv - noncomm - minus1 w33 ps 5 nfail 0 fails -
RES H 2048 6 77 3 1,3,22,66 nops 4 ops 1,w2,w7,w14 notinv - noncomm - minus1 w7 ps 5,13,17,19,23 nfail 0 fails -
RES H 2050 6 77 3 1,21,22,462 nops 4 ops 1,w2,w3,w6 notinv - noncomm - minus1 w3 ps 5,13,17,19,23 nfail 0 fails -
RES H 2054 6 77 3 1,6,14,21 nops 4 ops 1,w2,w11,w22 notinv - noncomm - minus1 w11 ps 5,13,17,19,23 nfail 0 fails -
RES H 2055 6 77 3 1,14,66,231 nops 4 ops 1,w2,w3,w6 notinv - noncomm - minus1 w6 ps 5,13,17,19,23 nfail 0 fails -
RES K5 2053 6 77 3 1,14,33,462 nops 4 ops 1,w2,w3,w6 notinv - noncomm - minus1 - ps 5,13,17,19,23 nfail 2 fails 1:5:[1,4,19,40,95,100,125];w3:5:[1,-4,19,-40,95,-100,125]
RES U 2049 6 77 3 1,6,22,33 nops 4 ops 1,w2,w7,w14 notinv - noncomm - minus1 - ps 5,13,17,19,23 nfail 2 fails w7:5:[1,-4,19,-40,95,-100,125];w14:5:[1,4,19,40,95,100,125]
DONE 6 77 1.220
LEVEL 6 79 dimDnew 26 tall 0.800 ncurves 3
RES H 2082 6 79 4 1,237 nops 4 ops 1,w2,w3,w6 notinv - noncomm - minus1 w2 ps 5 nfail 0 fails -
RES H 2084 6 79 4 1,2,79,158 nops 2 ops 1,w3 notinv - noncomm - minus1 w3 ps 5 nfail 0 fails -
RES H 2087 6 79 3 1,2,3,6 nops 2 ops 1,w79 notinv - noncomm - minus1 w79 ps 5,7,11,13,17,19,23 nfail 0 fails -
DONE 6 79 0.840
LEVEL 6 83 dimDnew 30 tall 0.840 ncurves 5
RES H 2093 6 83 3 1,166 nops 4 ops 1,w2,w3,w6 notinv - noncomm - minus1 w6 ps 5,7,11,13,17,19,23 nfail 0 fails -
RES H 2097 6 83 5 1,249 nops 4 ops 1,w2,w3,w6 notinv - noncomm - minus1 w6 ps - nfail 0 fails -
RES H 2100 6 83 3 1,6,83,498 nops 2 ops 1,w2 notinv - noncomm - minus1 w2 ps 5,7,11,13,17,19,23 nfail 0 fails -
RES H 2101 6 83 3 1,3,83,249 nops 2 ops 1,w2 notinv - noncomm - minus1 w2 ps 5,7,11,13,17,19,23 nfail 0 fails -
RES H 2102 6 83 4 1,2,3,6 nops 2 ops 1,w83 notinv - noncomm - minus1 w83 ps 5 nfail 0 fails -
DONE 6 83 0.880
LEVEL 6 85 dimDnew 34 tall 1.260 ncurves 10
RES H 2135 6 85 5 1,15,17,255 nops 4 ops 1,w2,w3,w6 notinv - noncomm - minus1 w2 ps - nfail 0 fails -
RES H 2139 6 85 3 1,15,51,85 nops 4 ops 1,w2,w3,w6 notinv - noncomm - minus1 w6 ps 7,11,13,19,23 nfail 0 fails -
RES H 2142 6 85 3 1,2,15,30 nops 4 ops 1,w3,w17,w51 notinv - noncomm - minus1 w17 ps 7,11,13,19,23 nfail 0 fails -
RES H 2150 6 85 5 1,6,10,15 nops 4 ops 1,w2,w17,w34 notinv - noncomm - minus1 w34 ps - nfail 0 fails -
RES H 2169 6 85 3 1,6,10,15,17,102,170,255 nops 2 ops 1,w2 notinv - noncomm - minus1 w2 ps 7,11,13,19,23 nfail 0 fails -
RES U 2124 6 85 3 1,5,34,170 nops 4 ops 1,w2,w3,w6 notinv - noncomm - minus1 - ps 7,11,13,19,23 nfail 0 fails -
RES U 2129 6 85 3 1,30,85,102 nops 4 ops 1,w2,w3,w5 notinv - noncomm - minus1 - ps 7,11,13,19,23 nfail 0 fails -
RES U 2144 6 85 3 1,3,34,102 nops 4 ops 1,w2,w5,w10 notinv - noncomm - minus1 - ps 7,11,13,19,23 nfail 0 fails -
RES U 2152 6 85 3 1,3,170,510 nops 4 ops 1,w2,w5,w10 notinv - noncomm - minus1 - ps 7,11,13,19,23 nfail 0 fails -
RES U 2153 6 85 3 1,30,51,170 nops 4 ops 1,w2,w3,w5 notinv - noncomm - minus1 - ps 7,11,13,19,23 nfail 1 fails w2:13:[1,8,59,224,767,1352,2197]
DONE 6 85 1.320
LEVEL 6 89 dimDnew 30 tall 0.920 ncurves 4
RES H 2174 6 89 4 1,178 nops 4 ops 1,w2,w3,w6 notinv - noncomm - minus1 w3 ps 5 nfail 0 fails -
RES H 2176 6 89 3 1,534 nops 4 ops 1,w2,w3,w6 notinv - noncomm - minus1 w3 ps 5,7,11,13,17,19,23 nfail 0 fails -
RES H 2182 6 89 4 1,3,89,267 nops 2 ops 1,w2 notinv - noncomm - minus1 w2 ps 5 nfail 0 fails -
RES H 2183 6 89 4 1,2,3,6 nops 2 ops 1,w89 notinv - noncomm - minus1 w89 ps 5 nfail 0 fails -
DONE 6 89 0.960
LEVEL 6 91 dimDnew 34 tall 1.400 ncurves 16
RES H 2195 6 91 3 1,546 nops 8 ops 1,w2,w3,w6,w7,w13,w14,w21 notinv - noncomm - minus1 w13 ps 5,11,17,19,23 nfail 0 fails -
RES H 2204 6 91 4 1,2,91,182 nops 4 ops 1,w3,w7,w21 notinv - noncomm - minus1 w3 ps 5 nfail 0 fails -
RES H 2207 6 91 4 1,6,7,42 nops 4 ops 1,w2,w13,w26 notinv - noncomm - minus1 w13 ps 5 nfail 0 fails -
RES H 2210 6 91 3 1,42,78,91 nops 4 ops 1,w2,w3,w6 notinv - noncomm - minus1 w6 ps 5,11,17,19,23 nfail 0 fails -
RES H 2211 6 91 4 1,2,13,26 nops 4 ops 1,w3,w7,w21 notinv - noncomm - minus1 w21 ps 5 nfail 0 fails -
RES H 2212 6 91 4 1,13,14,182 nops 4 ops 1,w2,w3,w6 notinv - noncomm - minus1 w3 ps 5 nfail 0 fails -
RES H 2213 6 91 4 1,6,13,78 nops 4 ops 1,w2,w7,w14 notinv - noncomm - minus1 w7 ps 5 nfail 0 fails -
RES H 2215 6 91 3 1,3,13,39 nops 4 ops 1,w2,w7,w14 notinv - noncomm - minus1 w14 ps 5,11,17,19,23 nfail 0 fails -
RES H 2216 6 91 3 1,13,21,273 nops 4 ops 1,w2,w3,w6 notinv - noncomm - minus1 w2 ps 5,11,17,19,23 nfail 0 fails -
RES H 2221 6 91 4 1,2,3,6 nops 4 ops 1,w7,w13,w91 notinv - noncomm - minus1 w91 ps 5 nfail 0 fails -
RES H 2223 6 91 4 1,2,21,42 nops 4 ops 1,w3,w13,w39 notinv - noncomm - minus1 w13 ps 5 nfail 0 fails -
RES H 2228 6 91 3 1,26,42,273 nops 4 ops 1,w2,w3,w6 notinv - noncomm - minus1 w2 ps 5,11,17,19,23 nfail 0 fails -
RES H 2229 6 91 3 1,3,14,42 nops 4 ops 1,w2,w13,w26 notinv - noncomm - minus1 w13 ps 5,11,17,19,23 nfail 0 fails -
RES H 2234 6 91 4 1,39,42,182 nops 4 ops 1,w2,w3,w6 notinv - noncomm - minus1 w3 ps 5 nfail 0 fails -
RES H 2236 6 91 4 1,6,182,273 nops 4 ops 1,w2,w7,w13 notinv - noncomm - minus1 w2 ps 5 nfail 0 fails -
RES H 2237 6 91 3 1,7,13,91 nops 4 ops 1,w2,w3,w6 notinv - noncomm - minus1 w6 ps 5,11,17,19,23 nfail 0 fails -
DONE 6 91 1.490
LEVEL 6 95 dimDnew 42 tall 1.490 ncurves 11
RES H 2269 6 95 5 1,2,5,10 nops 4 ops 1,w3,w19,w57 notinv - noncomm - minus1 w57 ps - nfail 0 fails -
RES H 2278 6 95 3 1,10,19,190 nops 4 ops 1,w2,w3,w6 notinv - noncomm - minus1 w6 ps 7,11,13,17,23 nfail 0 fails -
RES H 2279 6 95 3 1,6,19,114 nops 4 ops 1,w2,w5,w10 notinv - noncomm - minus1 w10 ps 7,11,13,17,23 nfail 0 fails -
RES H 2282 6 95 3 1,15,19,285 nops 4 ops 1,w2,w3,w6 notinv - noncomm - minus1 w6 ps 7,11,13,17,23 nfail 0 fails -
RES H 2285 6 95 4 1,5,57,285 nops 4 ops 1,w2,w3,w6 notinv - noncomm - minus1 w2 ps - nfail 0 fails -
RES H 2288 6 95 4 1,2,57,114 nops 4 ops 1,w3,w5,w15 notinv - noncomm - minus1 w5 ps - nfail 0 fails -
RES H 2296 6 95 3 1,10,57,570 nops 4 ops 1,w2,w3,w6 notinv - noncomm - minus1 w2 ps 7,11,13,17,23 nfail 0 fails -
RES H 2297 6 95 5 1,6,10,15 nops 4 ops 1,w2,w19,w38 notinv - noncomm - minus1 w19 ps - nfail 0 fails -
RES H 2301 6 95 3 1,15,114,190 nops 4 ops 1,w2,w3,w6 notinv - noncomm - minus1 w6 ps 7,11,13,17,23 nfail 0 fails -
RES H 2302 6 95 3 1,6,190,285 nops 4 ops 1,w2,w5,w10 notinv - noncomm - minus1 w10 ps 7,11,13,17,23 nfail 0 fails -
RES H 2305 6 95 3 1,2,3,5,6,10,15,30 nops 2 ops 1,w19 notinv - noncomm - minus1 w19 ps 7,11,13,17,23 nfail 0 fails -
DONE 6 95 1.560
LEVEL 6 97 dimDnew 30 tall 0.980 ncurves 3
RES H 2327 6 97 3 1,2,97,194 nops 2 ops 1,w3 notinv - noncomm - minus1 w3 ps 5,7,11,13,17,19,23 nfail 0 fails -
RES H 2330 6 97 3 1,2,3,6 nops 2 ops 1,w97 notinv - noncomm - minus1 w97 ps 5,7,11,13,17,19,23 nfail 0 fails -
RES H 2333 6 97 3 1,6,194,291 nops 2 ops 1,w2 notinv - noncomm - minus1 w2 ps 5,7,11,13,17,19,23 nfail 0 fails -
DONE 6 97 1.020
LEVEL 6 107 dimDnew 38 tall 1.070 ncurves 4
RES H 2372 6 107 4 1,2,107,214 nops 2 ops 1,w3 notinv - noncomm - minus1 w3 ps 5 nfail 0 fails -
RES H 2373 6 107 3 1,6,107,642 nops 2 ops 1,w2 notinv - noncomm - minus1 w2 ps 5,7,11,13,17,19,23 nfail 0 fails -
RES H 2374 6 107 3 1,3,107,321 nops 2 ops 1,w2 notinv - noncomm - minus1 w2 ps 5,7,11,13,17,19,23 nfail 0 fails -
RES H 2375 6 107 5 1,2,3,6 nops 2 ops 1,w107 notinv - noncomm - minus1 w107 ps - nfail 0 fails -
DONE 6 107 1.120
LEVEL 6 109 dimDnew 34 tall 1.110 ncurves 5
RES H 2386 6 109 6 1,109 nops 4 ops 1,w2,w3,w6 notinv - noncomm - minus1 w6 ps - nfail 0 fails -
RES H 2387 6 109 3 1,2,109,218 nops 2 ops 1,w3 notinv - noncomm - minus1 w3 ps 5,7,11,13,17,19,23 nfail 0 fails -
RES H 2389 6 109 3 1,3,109,327 nops 2 ops 1,w2 notinv - noncomm - minus1 w2 ps 5,7,11,13,17,19,23 nfail 0 fails -
RES H 2390 6 109 4 1,2,3,6 nops 2 ops 1,w109 notinv - noncomm - minus1 w109 ps 5 nfail 0 fails -
RES H 2393 6 109 5 1,6,218,327 nops 2 ops 1,w2 notinv - noncomm - minus1 w2 ps - nfail 0 fails -
DONE 6 109 1.150
LEVEL 6 113 dimDnew 38 tall 1.190 ncurves 4
RES H 2402 6 113 3 1,2,113,226 nops 2 ops 1,w3 notinv - noncomm - minus1 w3 ps 5,7,11,13,17,19,23 nfail 0 fails -
RES H 2403 6 113 3 1,6,113,678 nops 2 ops 1,w2 notinv - noncomm - minus1 w2 ps 5,7,11,13,17,19,23 nfail 0 fails -
RES H 2404 6 113 4 1,3,113,339 nops 2 ops 1,w2 notinv - noncomm - minus1 w2 ps 5 nfail 0 fails -
RES H 2405 6 113 5 1,2,3,6 nops 2 ops 1,w113 notinv - noncomm - minus1 w113 ps - nfail 0 fails -
DONE 6 113 1.230
LEVEL 6 115 dimDnew 50 tall 2.020 ncurves 9
RES H 2413 6 115 3 1,10,46,115 nops 4 ops 1,w2,w3,w6 notinv - noncomm - minus1 w6 ps 7,11,13,17,19 nfail 0 fails -
RES H 2415 6 115 4 1,6,115,690 nops 4 ops 1,w2,w5,w10 notinv - noncomm - minus1 w10 ps - nfail 0 fails -
RES H 2427 6 115 4 1,15,69,115 nops 4 ops 1,w2,w3,w6 notinv - noncomm - minus1 w6 ps - nfail 0 fails -
RES H 2433 6 115 3 1,6,46,69 nops 4 ops 1,w2,w5,w10 notinv - noncomm - minus1 w10 ps 7,11,13,17,19 nfail 0 fails -
RES H 2434 6 115 3 1,15,46,690 nops 4 ops 1,w2,w3,w6 notinv - noncomm - minus1 w6 ps 7,11,13,17,19 nfail 0 fails -
RES H 2438 6 115 6 1,6,10,15 nops 4 ops 1,w2,w23,w46 notinv - noncomm - minus1 w46 ps - nfail 0 fails -
RES H 2446 6 115 3 1,2,3,5,6,10,15,30 nops 2 ops 1,w23 notinv - noncomm - minus1 w23 ps 7,11,13,17,19 nfail 0 fails -
RES H 2457 6 115 3 1,6,10,15,23,138,230,345 nops 2 ops 1,w2 notinv - noncomm - minus1 w2 ps 7,11,13,17,19 nfail 0 fails -
RES K13 2435 6 115 3 1,30,46,345 nops 4 ops 1,w2,w3,w5 notinv - noncomm - minus1 - ps 7,11,13,17,19 nfail 2 fails 1:13:[1,4,43,104,559,676,2197];w5:13:[1,-4,43,-104,559,-676,2197]
DONE 6 115 2.100
LEVEL 6 119 dimDnew 50 tall 2.030 ncurves 14
RES H 2463 6 119 3 1,7,34,238 nops 4 ops 1,w2,w3,w6 notinv - noncomm - minus1 w3 ps 5,11,13,19,23 nfail 0 fails -
RES H 2467 6 119 4 1,7,102,714 nops 4 ops 1,w2,w3,w6 notinv - noncomm - minus1 w3 ps 5 nfail 0 fails -
RES H 2469 6 119 5 1,2,17,34 nops 4 ops 1,w3,w7,w21 notinv - noncomm - minus1 w21 ps - nfail 0 fails -
RES H 2472 6 119 3 1,17,42,714 nops 4 ops 1,w2,w3,w6 notinv - noncomm - minus1 w2 ps 5,11,13,19,23 nfail 0 fails -
RES H 2474 6 119 5 1,17,21,357 nops 4 ops 1,w2,w3,w6 notinv - noncomm - minus1 w2 ps - nfail 0 fails -
RES H 2475 6 119 6 1,3,7,21 nops 4 ops 1,w2,w17,w34 notinv - noncomm - minus1 w34 ps - nfail 0 fails -
RES H 2481 6 119 5 1,2,21,42 nops 4 ops 1,w3,w17,w51 notinv - noncomm - minus1 w17 ps - nfail 0 fails -
RES H 2482 6 119 3 1,2,357,714 nops 4 ops 1,w3,w7,w17 notinv - noncomm - minus1 w17 ps 5,11,13,19,23 nfail 0 fails -
RES H 2483 6 119 5 1,3,34,102 nops 4 ops 1,w2,w7,w14 notinv - noncomm - minus1 w7 ps - nfail 0 fails -
RES H 2486 6 119 3 1,34,42,357 nops 4 ops 1,w2,w3,w6 notinv - noncomm - minus1 w2 ps 5,11,13,19,23 nfail 0 fails -
RES H 2493 6 119 4 1,21,102,238 nops 4 ops 1,w2,w3,w6 notinv - noncomm - minus1 w3 ps 5 nfail 0 fails -
RES H 2496 6 119 3 1,3,7,17,21,51,119,357 nops 2 ops 1,w2 notinv - noncomm - minus1 w2 ps 5,11,13,19,23 nfail 0 fails -
RES H 2497 6 119 3 1,2,3,6,7,14,21,42 nops 2 ops 1,w17 notinv - noncomm - minus1 w17 ps 5,11,13,19,23 nfail 0 fails -
RES H 2505 6 119 3 1,2,3,6,17,34,51,102 nops 2 ops 1,w7 notinv - noncomm - minus1 w7 ps 5,11,13,19,23 nfail 0 fails -
DONE 6 119 2.160
LEVEL 6 131 dimDnew 46 tall 1.500 ncurves 1
RES U 2542 6 131 3 1,6,262,393 nops 2 ops 1,w2 notinv - noncomm - minus1 - ps 5,7,11,13,17,19,23 nfail 0 fails -
DONE 6 131 1.530
LEVEL 6 133 dimDnew 50 tall 2.130 ncurves 4
RES U 2580 6 133 3 1,2,3,6,7,14,21,42 nops 2 ops 1,w19 notinv - noncomm - minus1 - ps 5,11,13,17,23 nfail 0 fails -
RES U 2583 6 133 3 1,2,21,42,57,114,133,266 nops 2 ops 1,w3 notinv - noncomm - minus1 - ps 5,11,13,17,23 nfail 0 fails -
RES U 2588 6 133 3 1,2,3,6,19,38,57,114 nops 2 ops 1,w7 notinv - noncomm - minus1 - ps 5,11,13,17,23 nfail 0 fails -
RES U 2591 6 133 3 1,6,14,19,21,114,266,399 nops 2 ops 1,w2 notinv - noncomm - minus1 - ps 5,11,13,17,23 nfail 0 fails -
DONE 6 133 2.210
LEVEL 6 137 dimDnew 46 tall 1.650 ncurves 4
RES H 2595 6 137 3 1,2,137,274 nops 2 ops 1,w3 notinv - noncomm - minus1 w3 ps 5,7,11,13,17,19,23 nfail 0 fails -
RES H 2596 6 137 4 1,6,137,822 nops 2 ops 1,w2 notinv - noncomm - minus1 w2 ps 5 nfail 0 fails -
RES H 2597 6 137 5 1,3,137,411 nops 2 ops 1,w2 notinv - noncomm - minus1 w2 ps - nfail 0 fails -
RES H 2598 6 137 6 1,2,3,6 nops 2 ops 1,w137 notinv - noncomm - minus1 w137 ps - nfail 0 fails -
DONE 6 137 1.700
LEVEL 6 139 dimDnew 46 tall 1.620 ncurves 1
RES K7 2605 6 139 3 1,3,139,417 nops 2 ops 1,w2 notinv - noncomm - minus1 - ps 5,7,11,13,17,19,23 nfail 3 fails 1:7:[1,2,21,28,147,98,343];w2:5:[1,8,35,96,175,200,125];w2:7:[1,2,21,28,147,98,343]
DONE 6 139 1.650
LEVEL 6 143 dimDnew 58 tall 2.640 ncurves 10
RES H 2620 6 143 3 1,13,22,286 nops 4 ops 1,w2,w3,w6 notinv - noncomm - minus1 w3 ps 5,7,17,19,23 nfail 0 fails -
RES H 2622 6 143 3 1,13,66,858 nops 4 ops 1,w2,w3,w6 notinv - noncomm - minus1 w3 ps 5,7,17,19,23 nfail 0 fails -
RES H 2637 6 143 5 1,3,22,66 nops 4 ops 1,w2,w13,w26 notinv - noncomm - minus1 w13 ps - nfail 0 fails -
RES H 2638 6 143 5 1,22,39,858 nops 4 ops 1,w2,w3,w6 notinv - noncomm - minus1 w3 ps - nfail 0 fails -
RES H 2641 6 143 3 1,3,286,858 nops 4 ops 1,w2,w11,w13 notinv - noncomm - minus1 w13 ps 5,7,17,19,23 nfail 0 fails -
RES H 2642 6 143 3 1,39,66,286 nops 4 ops 1,w2,w3,w6 notinv - noncomm - minus1 w3 ps 5,7,17,19,23 nfail 0 fails -
RES H 2646 6 143 3 1,3,11,13,33,39,143,429 nops 2 ops 1,w2 notinv - noncomm - minus1 w2 ps 5,7,17,19,23 nfail 0 fails -
RES H 2647 6 143 3 1,2,3,6,11,22,33,66 nops 2 ops 1,w13 notinv - noncomm - minus1 w13 ps 5,7,17,19,23 nfail 0 fails -
RES H 2654 6 143 3 1,6,22,26,33,39,143,858 nops 2 ops 1,w2 notinv - noncomm - minus1 w2 ps 5,7,17,19,23 nfail 0 fails -
RES H 2655 6 143 4 1,2,3,6,13,26,39,78 nops 2 ops 1,w11 notinv - noncomm - minus1 w11 ps 5 nfail 0 fails -
DONE 6 143 2.780
LEVEL 6 145 dimDnew 58 tall 2.940 ncurves 11
RES H 2666 6 145 6 1,5,6,30 nops 4 ops 1,w2,w29,w58 notinv - noncomm - minus1 w29 ps - nfail 0 fails -
RES H 2667 6 145 3 1,6,145,870 nops 4 ops 1,w2,w5,w10 notinv - noncomm - minus1 w5 ps 7,11,13,17,19,23 nfail 0 fails -
RES H 2668 6 145 3 1,5,174,870 nops 4 ops 1,w2,w3,w6 notinv - noncomm - minus1 w6 ps 7,11,13,17,19,23 nfail 0 fails -
RES H 2672 6 145 4 1,6,29,174 nops 4 ops 1,w2,w5,w10 notinv - noncomm - minus1 w5 ps - nfail 0 fails -
RES H 2673 6 145 5 1,29,30,870 nops 4 ops 1,w2,w3,w5 notinv - noncomm - minus1 w5 ps - nfail 0 fails -
RES H 2696 6 145 6 1,5,29,145 nops 4 ops 1,w2,w3,w6 notinv - noncomm - minus1 w6 ps - nfail 0 fails -
RES H 2697 6 145 3 1,3,5,15,29,87,145,435 nops 2 ops 1,w2 notinv - noncomm - minus1 w2 ps 7,11,13,17,19,23 nfail 0 fails -
RES H 2698 6 145 3 1,2,3,5,6,10,15,30 nops 2 ops 1,w29 notinv - noncomm - minus1 w29 ps 7,11,13,17,19,23 nfail 0 fails -
RES H 2704 6 145 3 1,5,6,30,58,87,290,435 nops 2 ops 1,w2 notinv - noncomm - minus1 w2 ps 7,11,13,17,19,23 nfail 0 fails -
RES H 2708 6 145 3 1,3,10,29,30,87,290,870 nops 2 ops 1,w2 notinv - noncomm - minus1 w2 ps 7,11,13,17,19,23 nfail 0 fails -
RES H 2710 6 145 3 1,2,5,10,29,58,145,290 nops 2 ops 1,w3 notinv - noncomm - minus1 w3 ps 7,11,13,17,19,23 nfail 0 fails -
DONE 6 145 3.110
LEVEL 6 155 dimDnew 66 tall 4.470 ncurves 6
RES H 2764 6 155 4 1,3,5,15,31,93,155,465 nops 2 ops 1,w2 notinv - noncomm - minus1 w2 ps - nfail 0 fails -
RES H 2765 6 155 4 1,2,3,5,6,10,15,30 nops 2 ops 1,w31 notinv - noncomm - minus1 w31 ps - nfail 0 fails -
RES H 2772 6 155 3 1,6,10,15,62,93,155,930 nops 2 ops 1,w2 notinv - noncomm - minus1 w2 ps 7,11,13,17,19,23 nfail 0 fails -
RES H 2773 6 155 3 1,2,3,6,31,62,93,186 nops 2 ops 1,w5 notinv - noncomm - minus1 w5 ps 7,11,13,17,19,23 nfail 0 fails -
RES H 2777 6 155 4 1,2,5,10,31,62,155,310 nops 2 ops 1,w3 notinv - noncomm - minus1 w3 ps - nfail 0 fails -
RES U 2735 6 155 3 1,5,186,930 nops 4 ops 1,w2,w3,w6 notinv - noncomm - minus1 - ps 7,11,13,17,19,23 nfail 0 fails -
DONE 6 155 4.680
LEVEL 6 161 dimDnew 66 tall 3.100 ncurves 5
RES H 2823 6 161 3 1,3,7,21,23,69,161,483 nops 2 ops 1,w2 notinv - noncomm - minus1 w2 ps 5,11,13,17,19 nfail 0 fails -
RES H 2824 6 161 4 1,2,3,6,7,14,21,42 nops 2 ops 1,w23 notinv - noncomm - minus1 w23 ps 5 nfail 0 fails -
RES H 2829 6 161 3 1,3,14,42,46,138,161,483 nops 2 ops 1,w2 notinv - noncomm - minus1 w2 ps 5,11,13,17,19 nfail 0 fails -
RES H 2832 6 161 3 1,2,3,6,23,46,69,138 nops 2 ops 1,w7 notinv - noncomm - minus1 w7 ps 5,11,13,17,19 nfail 0 fails -
RES H 2836 6 161 4 1,2,7,14,23,46,161,322 nops 2 ops 1,w3 notinv - noncomm - minus1 w3 ps 5 nfail 0 fails -
DONE 6 161 3.230
LEVEL 6 167 dimDnew 58 tall 2.220 ncurves 2
RES K19 2853 6 167 3 1,6,334,501 nops 2 ops 1,w2 notinv - noncomm - minus1 - ps 5,7,11,13,17,19,23 nfail 3 fails 1:19:[1,2,57,76,1083,722,6859];w2:19:[1,2,57,76,1083,722,6859];w2:23:[1,14,133,740,3059,7406,12167]
RES K19 2852 6 167 3 1,3,334,1002 nops 2 ops 1,w2 notinv - noncomm - minus1 - ps 5,7,11,13,17,19,23 nfail 1 fails 1:19:[1,10,89,412,1691,3610,6859]
DONE 6 167 2.270
LEVEL 6 169 dimDnew 58 tall 2.720 ncurves 1
RES U 2856 6 169 3 1,6,169,1014 nops 2 ops 1,w2 notinv - noncomm - minus1 - ps 5,7,11,17,19,23 nfail 0 fails -
DONE 6 169 2.760
LEVEL 6 175 dimDnew 82 tall 6.940 ncurves 5
RES U 2908 6 175 3 1,2,3,6,175,350,525,1050 nops 2 ops 1,w7 notinv - noncomm - minus1 - ps 11,13,17,19,23 nfail 0 fails -
RES U 2909 6 175 3 1,2,21,25,42,50,525,1050 nops 2 ops 1,w3 notinv - noncomm - minus1 - ps 11,13,17,19,23 nfail 0 fails -
RES U 2914 6 175 3 1,6,14,21,50,75,175,1050 nops 2 ops 1,w2 notinv - noncomm - minus1 - ps 11,13,17,19,23 nfail 0 fails -
RES U 2917 6 175 3 1,3,7,21,50,150,350,1050 nops 2 ops 1,w2 notinv - noncomm - minus1 - ps 11,13,17,19,23 nfail 1 fails w2:19:[1,-10,89,-412,1691,-3610,6859]
RES U 2920 6 175 3 1,6,7,25,42,150,175,1050 nops 2 ops 1,w2 notinv - noncomm - minus1 - ps 11,13,17,19,23 nfail 0 fails -
DONE 6 175 7.170
LEVEL 6 185 dimDnew 74 tall 7.510 ncurves 4
RES U 2977 6 185 3 1,2,15,30,111,185,222,370 nops 2 ops 1,w3 notinv - noncomm - minus1 - ps 7,11,13,17,19,23 nfail 0 fails -
RES U 2980 6 185 3 1,5,6,30,74,111,370,555 nops 2 ops 1,w2 notinv - noncomm - minus1 - ps 7,11,13,17,19,23 nfail 0 fails -
RES U 2985 6 185 3 1,6,10,15,37,222,370,555 nops 2 ops 1,w2 notinv - noncomm - minus1 - ps 7,11,13,17,19,23 nfail 0 fails -
RES U 2986 6 185 3 1,2,5,10,37,74,185,370 nops 2 ops 1,w3 notinv - noncomm - minus1 - ps 7,11,13,17,19,23 nfail 0 fails -
DONE 6 185 7.810
LEVEL 6 187 dimDnew 74 tall 5.340 ncurves 7
RES K5 3035 6 187 3 1,3,17,22,51,66,374,1122 nops 2 ops 1,w2 notinv - noncomm - minus1 - ps 5,7,13,19,23 nfail 1 fails 1:5:[1,4,19,40,95,100,125]
RES U 3024 6 187 3 1,3,11,17,33,51,187,561 nops 2 ops 1,w2 notinv - noncomm - minus1 - ps 5,7,13,19,23 nfail 0 fails -
RES U 3027 6 187 3 1,2,11,22,51,102,561,1122 nops 2 ops 1,w3 notinv - noncomm - minus1 - ps 5,7,13,19,23 nfail 0 fails -
RES U 3028 6 187 3 1,2,33,51,66,102,187,374 nops 2 ops 1,w3 notinv - noncomm - minus1 - ps 5,7,13,19,23 nfail 0 fails -
RES U 3030 6 187 3 1,3,22,34,66,102,187,561 nops 2 ops 1,w2 notinv - noncomm - minus1 - ps 5,7,13,19,23 nfail 0 fails -
RES U 3032 6 187 3 1,6,22,33,34,51,187,1122 nops 2 ops 1,w2 notinv - noncomm - minus1 - ps 5,7,13,19,23 nfail 0 fails -
RES U 3038 6 187 3 1,6,11,17,66,102,187,1122 nops 2 ops 1,w2 notinv - noncomm - minus1 - ps 5,7,13,19,23 nfail 0 fails -
DONE 6 187 5.770
LEVEL 6 191 dimDnew 66 tall 3.070 ncurves 2
RES U 3044 6 191 3 1,2,573,1146 nops 2 ops 1,w3 notinv - noncomm - minus1 - ps 5,7,11,13,17,19,23 nfail 0 fails -
RES U 3045 6 191 3 1,3,382,1146 nops 2 ops 1,w2 notinv - noncomm - minus1 - ps 5,7,11,13,17,19,23 nfail 0 fails -
DONE 6 191 3.120
LEVEL 6 193 dimDnew 62 tall 3.370 ncurves 1
RES U 3052 6 193 3 1,2,579,1158 nops 2 ops 1,w3 notinv - noncomm - minus1 - ps 5,7,11,13,17,19,23 nfail 1 fails w3:19:[1,-10,88,-410,1672,-3610,6859]
DONE 6 193 3.420
LEVEL 6 203 dimDnew 82 tall 7.270 ncurves 7
RES H 3107 6 203 5 1,3,7,21,29,87,203,609 nops 2 ops 1,w2 notinv - noncomm - minus1 w2 ps - nfail 0 fails -
RES H 3108 6 203 5 1,2,3,6,7,14,21,42 nops 2 ops 1,w29 notinv - noncomm - minus1 w29 ps - nfail 0 fails -
RES H 3113 6 203 3 1,3,14,42,58,174,203,609 nops 2 ops 1,w2 notinv - noncomm - minus1 w2 ps 5,11,13,17,19,23 nfail 0 fails -
RES H 3115 6 203 4 1,6,14,21,58,87,203,1218 nops 2 ops 1,w2 notinv - noncomm - minus1 w2 ps 5 nfail 0 fails -
RES H 3116 6 203 4 1,2,3,6,29,58,87,174 nops 2 ops 1,w7 notinv - noncomm - minus1 w7 ps 5 nfail 0 fails -
RES H 3117 6 203 3 1,2,21,29,42,58,609,1218 nops 2 ops 1,w3 notinv - noncomm - minus1 w3 ps 5,11,13,17,19,23 nfail 0 fails -
RES H 3120 6 203 4 1,2,7,14,29,58,203,406 nops 2 ops 1,w3 notinv - noncomm - minus1 w3 ps 5 nfail 0 fails -
DONE 6 203 7.770
LEVEL 6 205 dimDnew 82 tall 10.020 ncurves 1
RES U 3128 6 205 3 1,3,5,15,82,246,410,1230 nops 2 ops 1,w2 notinv - noncomm - minus1 - ps 7,11,13,17,19,23 nfail 1 fails w2:13:[1,8,59,224,767,1352,2197]
DONE 6 205 10.140
LEVEL 6 209 dimDnew 82 tall 7.910 ncurves 4
RES U 3177 6 209 3 1,2,11,22,57,114,627,1254 nops 2 ops 1,w3 notinv - noncomm - minus1 - ps 5,7,13,17,23 nfail 0 fails -
RES U 3179 6 209 3 1,3,11,33,38,114,418,1254 nops 2 ops 1,w2 notinv - noncomm - minus1 - ps 5,7,13,17,23 nfail 0 fails -
RES U 3182 6 209 3 1,6,22,33,38,57,209,1254 nops 2 ops 1,w2 notinv - noncomm - minus1 - ps 5,7,13,17,23 nfail 0 fails -
RES U 3184 6 209 3 1,2,19,33,38,66,627,1254 nops 2 ops 1,w3 notinv - noncomm - minus1 - ps 5,7,13,17,23 nfail 0 fails -
DONE 6 209 8.220
LEVEL 6 211 dimDnew 70 tall 4.090 ncurves 1
RES K5 3194 6 211 3 1,2,633,1266 nops 2 ops 1,w3 notinv - noncomm - minus1 - ps 5,7,11,13,17,19,23 nfail 8 fails 1:5:[1,5,22,53,110,125,125];1:11:[1,9,52,201,572,1089,1331];1:13:[1,5,40,123,520,845,2197];1:19:[1,11,94,453,1786,3971,6859];w3:5:[1,1,10,13,50,25,125];w3:11:[1,-3,16,-63,176,-363,1331];w3:13:[1,-7,52,-189,676,-1183,2197];w3:19:[1,-1,34,-3,646,-361,6859]
DONE 6 211 4.150
LEVEL 6 215 dimDnew 90 tall 13.020 ncurves 1
RES U 3202 6 215 3 1,2,15,30,129,215,258,430 nops 2 ops 1,w3 notinv - noncomm - minus1 - ps 7,11,13,17,19,23 nfail 0 fails -
DONE 6 215 13.170
LEVEL 6 217 dimDnew 82 tall 9.230 ncurves 5
RES U 3214 6 217 3 1,3,7,21,31,93,217,651 nops 2 ops 1,w2 notinv - noncomm - minus1 - ps 5,11,13,17,19,23 nfail 1 fails w2:23:[1,10,101,492,2323,5290,12167]
RES U 3220 6 217 3 1,3,14,42,62,186,217,651 nops 2 ops 1,w2 notinv - noncomm - minus1 - ps 5,11,13,17,19,23 nfail 0 fails -
RES U 3222 6 217 3 1,6,14,21,62,93,217,1302 nops 2 ops 1,w2 notinv - noncomm - minus1 - ps 5,11,13,17,19,23 nfail 0 fails -
RES U 3224 6 217 3 1,2,21,31,42,62,651,1302 nops 2 ops 1,w3 notinv - noncomm - minus1 - ps 5,11,13,17,19,23 nfail 0 fails -
RES U 3228 6 217 3 1,6,7,31,42,186,217,1302 nops 2 ops 1,w2 notinv - noncomm - minus1 - ps 5,11,13,17,19,23 nfail 0 fails -
DONE 6 217 9.770
LEVEL 6 221 dimDnew 82 tall 6.840 ncurves 3
RES K23 3238 6 221 3 1,6,26,34,39,51,221,1326 nops 2 ops 1,w2 notinv - noncomm - minus1 - ps 5,7,11,19,23 nfail 2 fails 1:23:[1,2,69,92,1587,1058,12167];w2:23:[1,2,69,92,1587,1058,12167]
RES U 3240 6 221 3 1,2,17,34,39,78,663,1326 nops 2 ops 1,w3 notinv - noncomm - minus1 - ps 5,7,11,19,23 nfail 0 fails -
RES U 3244 6 221 3 1,6,13,17,78,102,221,1326 nops 2 ops 1,w2 notinv - noncomm - minus1 - ps 5,7,11,19,23 nfail 0 fails -
DONE 6 221 7.050
LEVEL 6 229 dimDnew 74 tall 4.090 ncurves 1
RES U 3263 6 229 4 1,6,229,1374 nops 2 ops 1,w2 notinv - noncomm - minus1 - ps 5 nfail 1 fails w2:5:[1,6,29,90,235,450,725,750,625]
DONE 6 229 4.120
LEVEL 6 235 dimDnew 98 tall 17.190 ncurves 10
RES H 3278 6 235 4 1,3,5,15,47,141,235,705 nops 2 ops 1,w2 notinv - noncomm - minus1 w2 ps - nfail 0 fails -
RES H 3279 6 235 6 1,2,3,5,6,10,15,30 nops 2 ops 1,w47 notinv - noncomm - minus1 w47 ps - nfail 0 fails -
RES H 3280 6 235 3 1,2,3,6,235,470,705,1410 nops 2 ops 1,w5 notinv - noncomm - minus1 w5 ps 7,11,13,17,19,23 nfail 0 fails -
RES H 3282 6 235 5 1,2,15,30,141,235,282,470 nops 2 ops 1,w3 notinv - noncomm - minus1 w3 ps - nfail 0 fails -
RES H 3283 6 235 3 1,3,5,15,94,282,470,1410 nops 2 ops 1,w2 notinv - noncomm - minus1 w2 ps 7,11,13,17,19,23 nfail 0 fails -
RES H 3287 6 235 4 1,2,3,6,47,94,141,282 nops 2 ops 1,w5 notinv - noncomm - minus1 w5 ps - nfail 0 fails -
RES H 3289 6 235 3 1,3,10,30,47,141,470,1410 nops 2 ops 1,w2 notinv - noncomm - minus1 w2 ps 7,11,13,17,19,23 nfail 0 fails -
RES H 3290 6 235 5 1,6,10,15,47,282,470,705 nops 2 ops 1,w2 notinv - noncomm - minus1 w2 ps - nfail 0 fails -
RES H 3291 6 235 4 1,2,5,10,47,94,235,470 nops 2 ops 1,w3 notinv - noncomm - minus1 w3 ps - nfail 0 fails -
RES H 3292 6 235 4 1,5,6,30,47,235,282,1410 nops 2 ops 1,w2 notinv - noncomm - minus1 w2 ps - nfail 0 fails -
DONE 6 235 19.020
LEVEL 6 245 dimDnew 114 tall 33.540 ncurves 2
RES U 3308 6 245 3 1,3,5,15,98,294,490,1470 nops 2 ops 1,w2 notinv - noncomm - minus1 - ps 11,13,17,19,23 nfail 0 fails -
RES U 3315 6 245 3 1,6,10,15,49,294,490,735 nops 2 ops 1,w2 notinv - noncomm - minus1 - ps 11,13,17,19,23 nfail 0 fails -
DONE 6 245 34.120
LEVEL 6 247 dimDnew 90 tall 11.000 ncurves 2
RES K23 3321 6 247 3 1,2,3,6,247,494,741,1482 nops 2 ops 1,w13 notinv - noncomm - minus1 - ps 5,7,11,17,23 nfail 1 fails 1:23:[1,14,132,734,3036,7406,12167]
RES U 3329 6 247 3 1,2,19,38,39,78,741,1482 nops 2 ops 1,w3 notinv - noncomm - minus1 - ps 5,7,11,17,23 nfail 0 fails -
DONE 6 247 11.290
LEVEL 6 253 dimDnew 98 tall 12.030 ncurves 3
RES U 3341 6 253 3 1,3,11,33,46,138,506,1518 nops 2 ops 1,w2 notinv - noncomm - minus1 - ps 5,7,13,17,19 nfail 0 fails -
RES U 3344 6 253 3 1,6,22,33,46,69,253,1518 nops 2 ops 1,w2 notinv - noncomm - minus1 - ps 5,7,13,17,19 nfail 0 fails -
RES U 3346 6 253 3 1,2,23,33,46,66,759,1518 nops 2 ops 1,w3 notinv - noncomm - minus1 - ps 5,7,13,17,19 nfail 0 fails -
DONE 6 253 12.520
LEVEL 6 259 dimDnew 98 tall 14.930 ncurves 3
RES U 3356 6 259 3 1,2,7,14,111,222,777,1554 nops 2 ops 1,w3 notinv - noncomm - minus1 - ps 5,11,13,17,19,23 nfail 0 fails -
RES U 3358 6 259 3 1,3,7,21,74,222,518,1554 nops 2 ops 1,w2 notinv - noncomm - minus1 - ps 5,11,13,17,19,23 nfail 0 fails -
RES U 3367 6 259 3 1,6,7,37,42,222,259,1554 nops 2 ops 1,w2 notinv - noncomm - minus1 - ps 5,11,13,17,19,23 nfail 0 fails -
DONE 6 259 15.410
LEVEL 6 265 dimDnew 106 tall 30.590 ncurves 1
RES U 3380 6 265 3 1,2,15,30,53,106,795,1590 nops 2 ops 1,w3 notinv - noncomm - minus1 - ps 7,11,13,17,19,23 nfail 0 fails -
DONE 6 265 30.820
LEVEL 6 275 dimDnew 122 tall 26.320 ncurves 1
RES U 3390 6 275 3 1,2,3,6,275,550,825,1650 nops 2 ops 1,w11 notinv - noncomm - minus1 - ps 7,13,17,19,23 nfail 0 fails -
DONE 6 275 26.600
LEVEL 6 287 dimDnew 114 tall 19.320 ncurves 2
RES U 3409 6 287 3 1,2,3,6,287,574,861,1722 nops 2 ops 1,w7 notinv - noncomm - minus1 - ps 5,11,13,17,19,23 nfail 0 fails -
RES U 3417 6 287 3 1,2,21,41,42,82,861,1722 nops 2 ops 1,w3 notinv - noncomm - minus1 - ps 5,11,13,17,19,23 nfail 0 fails -
DONE 6 287 19.810
LEVEL 6 289 dimDnew 102 tall 13.230 ncurves 1
RES U 3423 6 289 3 1,2,3,6,289,578,867,1734 nops 1 ops 1 notinv - noncomm - minus1 - ps 5,7,11,13,19,23 nfail 0 fails -
DONE 6 289 13.430
LEVEL 6 299 dimDnew 114 tall 40.050 ncurves 1
RES U 3448 6 299 5 1,6,13,46,69,78,598,897 nops 2 ops 1,w2 notinv - noncomm - minus1 - ps - nfail 0 fails -
DONE 6 299 40.410
LEVEL 6 301 dimDnew 114 tall 39.050 ncurves 1
RES U 3468 6 301 3 1,3,14,42,43,129,602,1806 nops 2 ops 1,w2 notinv - noncomm - minus1 - ps 5,11,13,17,19,23 nfail 0 fails -
DONE 6 301 39.320
LEVEL 6 319 dimDnew 122 tall 35.330 ncurves 2
RES U 3501 6 319 4 1,6,22,33,58,87,319,1914 nops 2 ops 1,w2 notinv - noncomm - minus1 - ps 5 nfail 1 fails w2:5:[1,6,29,90,240,450,725,750,625]
RES U 3503 6 319 4 1,2,29,33,58,66,957,1914 nops 2 ops 1,w3 notinv - noncomm - minus1 - ps 5 nfail 0 fails -
DONE 6 319 35.940
LEVEL 6 323 dimDnew 122 tall 82.240 ncurves 2
RES K5 3511 6 323 3 1,2,3,6,323,646,969,1938 nops 2 ops 1,w17 notinv - noncomm - minus1 - ps 5,7,11,13,23 nfail 1 fails 1:5:[1,4,19,40,95,100,125]
RES U 3521 6 323 3 1,6,19,34,51,114,646,969 nops 2 ops 1,w2 notinv - noncomm - minus1 - ps 5,7,11,13,23 nfail 0 fails -
DONE 6 323 83.150
LEVEL 6 325 dimDnew 138 tall 137.750 ncurves 4
RES U 3527 6 325 6 1,2,3,6,325,650,975,1950 nops 2 ops 1,w13 notinv - noncomm - minus1 - ps - nfail 0 fails -
RES U 3533 6 325 6 1,6,26,39,50,75,325,1950 nops 2 ops 1,w2 notinv - noncomm - minus1 - ps - nfail 0 fails -
RES U 3539 6 325 6 1,6,13,25,78,150,325,1950 nops 2 ops 1,w2 notinv - noncomm - minus1 - ps - nfail 0 fails -
RES U 3540 6 325 3 1,2,3,6,13,25,26,39,50,75,78,150,325,650,975,1950 nops 1 ops 1 notinv - noncomm - minus1 - ps 7,11,17,19,23 nfail 0 fails -
DONE 6 325 141.910
LEVEL 6 329 dimDnew 130 tall 82.130 ncurves 3
RES U 3543 6 329 5 1,2,3,6,329,658,987,1974 nops 2 ops 1,w7 notinv - noncomm - minus1 - ps - nfail 0 fails -
RES U 3548 6 329 5 1,6,7,42,94,141,658,987 nops 2 ops 1,w2 notinv - noncomm - minus1 - ps - nfail 0 fails -
RES U 3549 6 329 5 1,6,14,21,94,141,329,1974 nops 2 ops 1,w2 notinv - noncomm - minus1 - ps - nfail 0 fails -
DONE 6 329 84.240
LEVEL 6 335 dimDnew 138 tall 88.380 ncurves 1
RES U 3569 6 335 4 1,3,10,30,67,201,670,2010 nops 2 ops 1,w2 notinv - noncomm - minus1 - ps - nfail 0 fails -
DONE 6 335 89.120
LEVEL 6 341 dimDnew 130 tall 85.810 ncurves 2
RES U 3580 6 341 4 1,3,11,33,62,186,682,2046 nops 2 ops 1,w2 notinv - noncomm - minus1 - ps 5 nfail 0 fails -
RES U 3587 6 341 5 1,6,22,31,33,186,682,1023 nops 2 ops 1,w2 notinv - noncomm - minus1 - ps - nfail 0 fails -
DONE 6 341 87.040
LEVEL 6 355 dimDnew 146 tall 127.740 ncurves 4
RES U 3598 6 355 4 1,2,5,10,213,426,1065,2130 nops 2 ops 1,w3 notinv - noncomm - minus1 - ps - nfail 0 fails -
RES U 3600 6 355 5 1,3,5,15,142,426,710,2130 nops 2 ops 1,w2 notinv - noncomm - minus1 - ps - nfail 0 fails -
RES U 3601 6 355 5 1,3,10,30,142,355,426,1065 nops 2 ops 1,w2 notinv - noncomm - minus1 - ps - nfail 0 fails -
RES U 3609 6 355 4 1,5,6,30,71,355,426,2130 nops 2 ops 1,w2 notinv - noncomm - minus1 - ps - nfail 0 fails -
DONE 6 355 131.270
LEVEL 6 377 dimDnew 138 tall 97.610 ncurves 1
RES U 3658 6 377 5 1,3,26,29,78,87,754,2262 nops 2 ops 1,w2 notinv - noncomm - minus1 - ps - nfail 0 fails -
DONE 6 377 98.360
LEVEL 6 379 dimDnew 126 tall 64.430 ncurves 1
RES U 3663 6 379 3 1,2,3,6,379,758,1137,2274 nops 1 ops 1 notinv - noncomm - minus1 - ps 5,7,11,13,17,19,23 nfail 0 fails -
DONE 6 379 64.970
LEVEL 10 9 dimDnew 10 tall 0.470 ncurves 1
RES H 4030 10 9 3 1,9 nops 8 ops 1,w2,w5,w10,V3*w1,V3*w2,V3*w5,V3*w10 notinv - noncomm - minus1 V3*w10 ps 7,11,13,17,19,23 nfail 0 fails -
DONE 10 9 0.500
LEVEL 10 11 dimDnew 10 tall 0.440 ncurves 4
RES H 4041 10 11 5 1 nops 8 ops 1,w2,w5,w10,w11,w22,w55,w110 notinv - noncomm - minus1 w110 ps - nfail 0 fails -
RES H 4046 10 11 3 1,5 nops 4 ops 1,w2,w11,w22 notinv - noncomm - minus1 w22 ps 3,7,13,17,19,23 nfail 0 fails -
RES H 4047 10 11 3 1,55 nops 4 ops 1,w2,w5,w10 notinv - noncomm - minus1 w2 ps 3,7,13,17,19,23 nfail 0 fails -
RES H 4048 10 11 3 1,11 nops 4 ops 1,w2,w5,w10 notinv - noncomm - minus1 w10 ps 3,7,13,17,19,23 nfail 0 fails -
DONE 10 11 0.490
LEVEL 10 13 dimDnew 6 tall 0.440 ncurves 1
RES H 4057 10 13 3 1 nops 8 ops 1,w2,w5,w10,w13,w26,w65,w130 notinv - noncomm - minus1 w65 ps 3,7,11,17,19,23 nfail 0 fails -
DONE 10 13 0.470
LEVEL 10 17 dimDnew 14 tall 0.400 ncurves 3
RES H 4074 10 17 3 1,2 nops 4 ops 1,w5,w17,w85 notinv - noncomm - minus1 w85 ps 3,7,11,13,19,23 nfail 0 fails -
RES H 4076 10 17 4 1,10 nops 4 ops 1,w2,w17,w34 notinv - noncomm - minus1 w17 ps 3 nfail 0 fails -
RES H 4079 10 17 3 1,85 nops 4 ops 1,w2,w5,w10 notinv - noncomm - minus1 w2 ps 3,7,11,13,19,23 nfail 0 fails -
DONE 10 17 0.440
LEVEL 10 19 dimDnew 10 tall 0.400 ncurves 4
RES H 4089 10 19 5 1 nops 8 ops 1,w2,w5,w10,w19,w38,w95,w190 notinv - noncomm - minus1 w38 ps - nfail 0 fails -
RES H 4094 10 19 3 1,5 nops 4 ops 1,w2,w19,w38 notinv - noncomm - minus1 w38 ps 3,7,11,13,17,23 nfail 0 fails -
RES H 4095 10 19 3 1,95 nops 4 ops 1,w2,w5,w10 notinv - noncomm - minus1 w10 ps 3,7,11,13,17,23 nfail 0 fails -
RES H 4096 10 19 3 1,19 nops 4 ops 1,w2,w5,w10 notinv - noncomm - minus1 w2 ps 3,7,11,13,17,23 nfail 0 fails -
DONE 10 19 0.430
LEVEL 10 21 dimDnew 18 tall 0.650 ncurves 12
RES H 4110 10 21 3 1,42 nops 8 ops 1,w2,w3,w5,w6,w10,w15,w30 notinv - noncomm - minus1 w5 ps 11,13,17,19,23 nfail 0 fails -
RES H 4112 10 21 3 1,210 nops 8 ops 1,w2,w3,w5,w6,w7,w10,w14 notinv - noncomm - minus1 w5 ps 11,13,17,19,23 nfail 0 fails -
RES H 4113 10 21 3 1,3 nops 8 ops 1,w2,w5,w7,w10,w14,w35,w70 notinv - noncomm - minus1 w35 ps 11,13,17,19,23 nfail 0 fails -
RES H 4116 10 21 3 1,105 nops 8 ops 1,w2,w3,w5,w6,w7,w10,w14 notinv - noncomm - minus1 w3 ps 11,13,17,19,23 nfail 0 fails -
RES H 4117 10 21 3 1,5 nops 8 ops 1,w2,w3,w6,w7,w14,w21,w42 notinv - noncomm - minus1 w42 ps 11,13,17,19,23 nfail 0 fails -
RES H 4118 10 21 3 1,35 nops 8 ops 1,w2,w3,w5,w6,w10,w15,w30 notinv - noncomm - minus1 w3 ps 11,13,17,19,23 nfail 0 fails -
RES U 4128 10 21 3 1,2,7,14 nops 4 ops 1,w3,w5,w15 notinv - noncomm - minus1 - ps 11,13,17,19,23 nfail 0 fails -
RES U 4129 10 21 3 1,7,10,70 nops 4 ops 1,w2,w3,w6 notinv - noncomm - minus1 - ps 11,13,17,19,23 nfail 0 fails -
RES U 4140 10 21 3 1,2,15,30 nops 4 ops 1,w3,w7,w21 notinv - noncomm - minus1 - ps 11,13,17,19,23 nfail 0 fails -
RES U 4143 10 21 3 1,6,14,21 nops 4 ops 1,w2,w5,w10 notinv - noncomm - minus1 - ps 11,13,17,19,23 nfail 0 fails -
RES U 4148 10 21 3 1,6,10,15 nops 4 ops 1,w2,w7,w14 notinv - noncomm - minus1 - ps 11,13,17,19,23 nfail 0 fails -
RES U 4151 10 21 3 1,21,30,70 nops 4 ops 1,w2,w3,w5 notinv - noncomm - minus1 - ps 11,13,17,19,23 nfail 0 fails -
DONE 10 21 0.720
LEVEL 10 23 dimDnew 18 tall 0.360 ncurves 7
RES H 4172 10 23 5 1,2 nops 4 ops 1,w5,w23,w115 notinv - noncomm - minus1 w115 ps - nfail 0 fails -
RES H 4173 10 23 5 1,46 nops 4 ops 1,w2,w5,w10 notinv - noncomm - minus1 w5 ps - nfail 0 fails -
RES H 4174 10 23 4 1,10 nops 4 ops 1,w2,w23,w46 notinv - noncomm - minus1 w23 ps 3 nfail 0 fails -
RES H 4176 10 23 4 1,5 nops 4 ops 1,w2,w23,w46 notinv - noncomm - minus1 w46 ps 3 nfail 0 fails -
RES H 4177 10 23 4 1,115 nops 4 ops 1,w2,w5,w10 notinv - noncomm - minus1 w2 ps 3 nfail 0 fails -
RES H 4178 10 23 5 1,23 nops 4 ops 1,w2,w5,w10 notinv - noncomm - minus1 w10 ps - nfail 0 fails -
RES H 4179 10 23 3 1,2,23,46 nops 2 ops 1,w5 notinv - noncomm - minus1 w5 ps 3,7,11,13,17,19 nfail 0 fails -
DONE 10 23 0.380
LEVEL 10 29 dimDnew 22 tall 0.540 ncurves 6
RES H 4203 10 29 6 1,2 nops 4 ops 1,w5,w29,w145 notinv - noncomm - minus1 w145 ps - nfail 0 fails -
RES H 4204 10 29 5 1,58 nops 4 ops 1,w2,w5,w10 notinv - noncomm - minus1 w5 ps - nfail 0 fails -
RES H 4207 10 29 5 1,5 nops 4 ops 1,w2,w29,w58 notinv - noncomm - minus1 w58 ps - nfail 0 fails -
RES H 4208 10 29 4 1,145 nops 4 ops 1,w2,w5,w10 notinv - noncomm - minus1 w2 ps 3 nfail 0 fails -
RES H 4210 10 29 3 1,2,29,58 nops 2 ops 1,w5 notinv - noncomm - minus1 w5 ps 3,7,11,13,17,19,23 nfail 0 fails -
RES H 4213 10 29 3 1,2,5,10 nops 2 ops 1,w29 notinv - noncomm - minus1 w29 ps 3,7,11,13,17,19,23 nfail 0 fails -
DONE 10 29 0.580
LEVEL 10 31 dimDnew 18 tall 0.560 ncurves 5
RES H 4220 10 31 5 1,10 nops 4 ops 1,w2,w31,w62 notinv - noncomm - minus1 w62 ps - nfail 0 fails -
RES H 4221 10 31 3 1,310 nops 4 ops 1,w2,w5,w10 notinv - noncomm - minus1 w5 ps 3,7,11,13,17,19,23 nfail 0 fails -
RES H 4222 10 31 5 1,5 nops 4 ops 1,w2,w31,w62 notinv - noncomm - minus1 w62 ps - nfail 0 fails -
RES H 4223 10 31 3 1,155 nops 4 ops 1,w2,w5,w10 notinv - noncomm - minus1 w10 ps 3,7,11,13,17,19,23 nfail 0 fails -
RES H 4228 10 31 3 1,2,5,10 nops 2 ops 1,w31 notinv - noncomm - minus1 w31 ps 3,7,11,13,17,19,23 nfail 0 fails -
DONE 10 31 0.600
LEVEL 10 33 dimDnew 34 tall 0.840 ncurves 16
RES H 4236 10 33 3 1,110 nops 8 ops 1,w2,w3,w5,w6,w10,w15,w30 notinv - noncomm - minus1 w30 ps 7,13,17,19,23 nfail 0 fails -
RES H 4252 10 33 4 1,5,6,30 nops 4 ops 1,w2,w11,w22 notinv - noncomm - minus1 w22 ps - nfail 0 fails -
RES H 4253 10 33 4 1,6,55,330 nops 4 ops 1,w2,w5,w10 notinv - noncomm - minus1 w2 ps - nfail 0 fails -
RES H 4255 10 33 4 1,30,55,66 nops 4 ops 1,w2,w3,w5 notinv - noncomm - minus1 w2 ps - nfail 0 fails -
RES H 4259 10 33 3 1,11,30,330 nops 4 ops 1,w2,w3,w5 notinv - noncomm - minus1 w3 ps 7,13,17,19,23 nfail 0 fails -
RES H 4260 10 33 4 1,3,11,33 nops 4 ops 1,w2,w5,w10 notinv - noncomm - minus1 w10 ps - nfail 0 fails -
RES H 4263 10 33 4 1,3,55,165 nops 4 ops 1,w2,w5,w10 notinv - noncomm - minus1 w2 ps - nfail 0 fails -
RES H 4264 10 33 3 1,5,33,165 nops 4 ops 1,w2,w3,w6 notinv - noncomm - minus1 w6 ps 7,13,17,19,23 nfail 0 fails -
RES H 4265 10 33 4 1,15,33,55 nops 4 ops 1,w2,w3,w6 notinv - noncomm - minus1 w2 ps - nfail 0 fails -
RES H 4266 10 33 4 1,2,3,6 nops 4 ops 1,w5,w11,w55 notinv - noncomm - minus1 w55 ps - nfail 0 fails -
RES H 4267 10 33 3 1,2,33,66 nops 4 ops 1,w3,w5,w15 notinv - noncomm - minus1 w15 ps 7,13,17,19,23 nfail 0 fails -
RES H 4268 10 33 3 1,2,15,30 nops 4 ops 1,w3,w11,w33 notinv - noncomm - minus1 w33 ps 7,13,17,19,23 nfail 0 fails -
RES H 4271 10 33 4 1,6,22,33 nops 4 ops 1,w2,w5,w10 notinv - noncomm - minus1 w5 ps - nfail 0 fails -
RES H 4273 10 33 3 1,22,30,165 nops 4 ops 1,w2,w3,w5 notinv - noncomm - minus1 w5 ps 7,13,17,19,23 nfail 0 fails -
RES H 4274 10 33 4 1,3,10,30 nops 4 ops 1,w2,w11,w22 notinv - noncomm - minus1 w11 ps - nfail 0 fails -
RES H 4275 10 33 3 1,10,33,330 nops 4 ops 1,w2,w3,w6 notinv - noncomm - minus1 w3 ps 7,13,17,19,23 nfail 0 fails -
DONE 10 33 0.920
LEVEL 10 37 dimDnew 22 tall 0.610 ncurves 4
RES H 4299 10 37 6 1,2 nops 4 ops 1,w5,w37,w185 notinv - noncomm - minus1 w185 ps - nfail 0 fails -
RES H 4302 10 37 3 1,370 nops 4 ops 1,w2,w5,w10 notinv - noncomm - minus1 w2 ps 3,7,11,13,17,19,23 nfail 0 fails -
RES H 4306 10 37 3 1,2,37,74 nops 2 ops 1,w5 notinv - noncomm - minus1 w5 ps 3,7,11,13,17,19,23 nfail 0 fails -
RES H 4309 10 37 3 1,2,5,10 nops 2 ops 1,w37 notinv - noncomm - minus1 w37 ps 3,7,11,13,17,19,23 nfail 0 fails -
DONE 10 37 0.650
LEVEL 10 39 dimDnew 34 tall 0.950 ncurves 13
RES H 4330 10 39 3 1,2,65,130 nops 4 ops 1,w3,w5,w15 notinv - noncomm - minus1 w3 ps 7,11,17,19,23 nfail 0 fails -
RES H 4332 10 39 3 1,10,26,65 nops 4 ops 1,w2,w3,w6 notinv - noncomm - minus1 w3 ps 7,11,17,19,23 nfail 0 fails -
RES H 4333 10 39 4 1,5,6,30 nops 4 ops 1,w2,w13,w26 notinv - noncomm - minus1 w13 ps - nfail 0 fails -
RES H 4339 10 39 4 1,6,13,78 nops 4 ops 1,w2,w5,w10 notinv - noncomm - minus1 w5 ps - nfail 0 fails -
RES H 4347 10 39 4 1,2,3,6 nops 4 ops 1,w5,w13,w65 notinv - noncomm - minus1 w65 ps - nfail 0 fails -
RES H 4351 10 39 3 1,3,26,78 nops 4 ops 1,w2,w5,w10 notinv - noncomm - minus1 w10 ps 7,11,17,19,23 nfail 0 fails -
RES H 4354 10 39 3 1,26,30,195 nops 4 ops 1,w2,w3,w5 notinv - noncomm - minus1 w3 ps 7,11,17,19,23 nfail 0 fails -
RES H 4355 10 39 3 1,3,10,30 nops 4 ops 1,w2,w13,w26 notinv - noncomm - minus1 w26 ps 7,11,17,19,23 nfail 0 fails -
RES H 4358 10 39 3 1,10,78,195 nops 4 ops 1,w2,w3,w6 notinv - noncomm - minus1 w3 ps 7,11,17,19,23 nfail 0 fails -
RES H 4362 10 39 4 1,6,130,195 nops 4 ops 1,w2,w5,w10 notinv - noncomm - minus1 w2 ps - nfail 0 fails -
RES H 4363 10 39 3 1,5,13,65 nops 4 ops 1,w2,w3,w6 notinv - noncomm - minus1 w6 ps 7,11,17,19,23 nfail 0 fails -
RES U 4346 10 39 3 1,15,39,65 nops 4 ops 1,w2,w3,w6 notinv - noncomm - minus1 - ps 7,11,17,19,23 nfail 0 fails -
RES U 4356 10 39 3 1,10,39,390 nops 4 ops 1,w2,w3,w6 notinv - noncomm - minus1 - ps 7,11,17,19,23 nfail 0 fails -
DONE 10 39 1.020
LEVEL 10 41 dimDnew 30 tall 0.640 ncurves 3
RES H 4387 10 41 3 1,2,41,82 nops 2 ops 1,w5 notinv - noncomm - minus1 w5 ps 3,7,11,13,17,19,23 nfail 0 fails -
RES H 4389 10 41 3 1,5,41,205 nops 2 ops 1,w2 notinv - noncomm - minus1 w2 ps 3,7,11,13,17,19,23 nfail 0 fails -
RES H 4390 10 41 3 1,2,5,10 nops 2 ops 1,w41 notinv - noncomm - minus1 w41 ps 3,7,11,13,17,19,23 nfail 0 fails -
DONE 10 41 0.690
LEVEL 10 49 dimDnew 34 tall 0.860 ncurves 4
RES H 4432 10 49 3 1,2,49,98 nops 2 ops 1,w5 notinv - noncomm - minus1 w5 ps 3,11,13,17,19,23 nfail 0 fails -
RES H 4433 10 49 3 1,10,49,490 nops 2 ops 1,w2 notinv - noncomm - minus1 w2 ps 3,11,13,17,19,23 nfail 0 fails -
RES H 4434 10 49 3 1,5,49,245 nops 2 ops 1,w2 notinv - noncomm - minus1 w2 ps 3,11,13,17,19,23 nfail 0 fails -
RES H 4435 10 49 4 1,2,5,10 nops 2 ops 1,w49 notinv - noncomm - minus1 w49 ps 3 nfail 0 fails -
DONE 10 49 0.910
LEVEL 10 51 dimDnew 50 tall 1.360 ncurves 10
RES H 4452 10 51 5 1,3,17,51 nops 4 ops 1,w2,w5,w10 notinv - noncomm - minus1 w10 ps - nfail 0 fails -
RES H 4466 10 51 6 1,3,10,30 nops 4 ops 1,w2,w17,w34 notinv - noncomm - minus1 w17 ps - nfail 0 fails -
RES H 4467 10 51 5 1,10,51,510 nops 4 ops 1,w2,w3,w6 notinv - noncomm - minus1 w3 ps - nfail 0 fails -
RES H 4471 10 51 3 1,30,51,170 nops 4 ops 1,w2,w3,w5 notinv - noncomm - minus1 w3 ps 7,11,13,19,23 nfail 0 fails -
RES H 4475 10 51 3 1,3,5,15,17,51,85,255 nops 2 ops 1,w2 notinv - noncomm - minus1 w2 ps 7,11,13,19,23 nfail 0 fails -
RES H 4476 10 51 3 1,2,3,5,6,10,15,30 nops 2 ops 1,w17 notinv - noncomm - minus1 w17 ps 7,11,13,19,23 nfail 0 fails -
RES H 4481 10 51 3 1,3,10,30,34,85,102,255 nops 2 ops 1,w2 notinv - noncomm - minus1 w2 ps 7,11,13,19,23 nfail 0 fails -
RES H 4483 10 51 3 1,6,10,15,34,51,85,510 nops 2 ops 1,w2 notinv - noncomm - minus1 w2 ps 7,11,13,19,23 nfail 0 fails -
RES U 4441 10 51 3 1,2,85,170 nops 4 ops 1,w3,w5,w15 notinv - noncomm - minus1 - ps 7,11,13,19,23 nfail 1 fails w15:13:[1,-8,59,-224,767,-1352,2197]
RES U 4472 10 51 3 1,15,102,170 nops 4 ops 1,w2,w3,w6 notinv - noncomm - minus1 - ps 7,11,13,19,23 nfail 0 fails -
DONE 10 51 1.440
LEVEL 10 53 dimDnew 38 tall 0.770 ncurves 5
RES H 4494 10 53 3 1,530 nops 4 ops 1,w2,w5,w10 notinv - noncomm - minus1 w10 ps 3,7,11,13,17,19,23 nfail 0 fails -
RES H 4498 10 53 4 1,2,53,106 nops 2 ops 1,w5 notinv - noncomm - minus1 w5 ps 3 nfail 0 fails -
RES H 4500 10 53 3 1,5,53,265 nops 2 ops 1,w2 notinv - noncomm - minus1 w2 ps 3,7,11,13,17,19,23 nfail 0 fails -
RES H 4501 10 53 5 1,2,5,10 nops 2 ops 1,w53 notinv - noncomm - minus1 w53 ps - nfail 0 fails -
RES H 4504 10 53 4 1,10,106,265 nops 2 ops 1,w2 notinv - noncomm - minus1 w2 ps 3 nfail 0 fails -
DONE 10 53 0.810
LEVEL 10 57 dimDnew 50 tall 1.620 ncurves 10
RES H 4514 10 57 3 1,2,19,38 nops 4 ops 1,w3,w5,w15 notinv - noncomm - minus1 w15 ps 7,11,13,17,23 nfail 0 fails -
RES H 4517 10 57 5 1,19,30,570 nops 4 ops 1,w2,w3,w5 notinv - noncomm - minus1 w2 ps - nfail 0 fails -
RES H 4519 10 57 5 1,15,19,285 nops 4 ops 1,w2,w3,w6 notinv - noncomm - minus1 w2 ps - nfail 0 fails -
RES H 4526 10 57 6 1,2,15,30 nops 4 ops 1,w3,w19,w57 notinv - noncomm - minus1 w19 ps - nfail 0 fails -
RES H 4542 10 57 3 1,2,3,5,6,10,15,30 nops 2 ops 1,w19 notinv - noncomm - minus1 w19 ps 7,11,13,17,23 nfail 0 fails -
RES H 4545 10 57 3 1,2,15,30,57,95,114,190 nops 2 ops 1,w3 notinv - noncomm - minus1 w3 ps 7,11,13,17,23 nfail 0 fails -
RES H 4553 10 57 3 1,6,10,15,19,114,190,285 nops 2 ops 1,w2 notinv - noncomm - minus1 w2 ps 7,11,13,17,23 nfail 0 fails -
RES H 4555 10 57 3 1,5,6,19,30,95,114,570 nops 2 ops 1,w2 notinv - noncomm - minus1 w2 ps 7,11,13,17,23 nfail 0 fails -
RES U 4528 10 57 3 1,3,38,114 nops 4 ops 1,w2,w5,w10 notinv - noncomm - minus1 - ps 7,11,13,17,23 nfail 2 fails w5:11:[1,10,65,252,715,1210,1331];w5:17:[1,8,71,288,1207,2312,4913]
RES U 4529 10 57 3 1,6,38,57 nops 4 ops 1,w2,w5,w10 notinv - noncomm - minus1 - ps 7,11,13,17,23 nfail 0 fails -
DONE 10 57 1.710
LEVEL 10 61 dimDnew 38 tall 0.890 ncurves 4
RES H 4572 10 61 3 1,2,61,122 nops 2 ops 1,w5 notinv - noncomm - minus1 w5 ps 3,7,11,13,17,19,23 nfail 0 fails -
RES H 4573 10 61 4 1,10,61,610 nops 2 ops 1,w2 notinv - noncomm - minus1 w2 ps 3 nfail 0 fails -
RES H 4574 10 61 3 1,5,61,305 nops 2 ops 1,w2 notinv - noncomm - minus1 w2 ps 3,7,11,13,17,19,23 nfail 0 fails -
RES H 4575 10 61 5 1,2,5,10 nops 2 ops 1,w61 notinv - noncomm - minus1 w61 ps - nfail 0 fails -
DONE 10 61 0.930
LEVEL 10 63 dimDnew 66 tall 2.200 ncurves 10
RES H 4615 10 63 3 1,5,7,9,35,45,63,315 nops 4 ops 1,w2,V3*w1,V3*w2 notinv - noncomm - minus1 V3*w2 ps 11,13,17,19,23 nfail 0 fails -
RES H 4626 10 63 3 1,7,9,10,63,70,90,630 nops 4 ops 1,w2,V3*w1,V3*w2 notinv - noncomm - minus1 V3*w1 ps 11,13,17,19,23 nfail 0 fails -
RES K17 4616 10 63 3 1,2,5,9,10,18,45,90 nops 4 ops 1,w7,V3*w1,V3*w7 notinv - noncomm - minus1 - ps 11,13,17,19,23 nfail 3 fails 1:17:[1,-4,55,-136,935,-1156,4913];V3*w1:17:[1,4,55,136,935,1156,4913];V3*w7:19:[1,10,89,412,1691,3610,6859]
RES U 4617 10 63 3 1,2,9,18,35,70,315,630 nops 4 ops 1,w5,V3*w1,V3*w5 notinv - noncomm - minus1 - ps 11,13,17,19,23 nfail 1 fails V3*w5:13:[1,-8,59,-224,767,-1352,2197]
RES U 4618 10 63 3 1,2,5,10,63,126,315,630 nops 2 ops 1,w7 notinv - noncomm - minus1 - ps 11,13,17,19,23 nfail 0 fails -
RES U 4619 10 63 3 1,2,35,45,63,70,90,126 nops 2 ops 1,w5 notinv - noncomm - minus1 - ps 11,13,17,19,23 nfail 0 fails -
RES U 4620 10 63 3 1,5,9,14,45,70,126,630 nops 4 ops 1,w2,V3*w1,V3*w2 notinv - noncomm - minus1 - ps 11,13,17,19,23 nfail 1 fails V3*w2:13:[1,-8,59,-224,767,-1352,2197]
RES U 4621 10 63 3 1,9,10,14,35,90,126,315 nops 4 ops 1,w2,V3*w1,V3*w2 notinv - noncomm - minus1 - ps 11,13,17,19,23 nfail 1 fails V3*w2:19:[1,10,89,412,1691,3610,6859]
RES U 4622 10 63 3 1,5,14,18,63,70,90,315 nops 2 ops 1,w2 notinv - noncomm - minus1 - ps 11,13,17,19,23 nfail 0 fails -
RES U 4623 10 63 3 1,10,14,18,35,45,63,630 nops 2 ops 1,w2 notinv - noncomm - minus1 - ps 11,13,17,19,23 nfail 0 fails -
DONE 10 63 2.420
LEVEL 10 69 dimDnew 66 tall 2.240 ncurves 9
RES H 4641 10 69 3 1,5,46,230 nops 4 ops 1,w2,w3,w6 notinv - noncomm - minus1 w3 ps 7,11,13,17,19 nfail 0 fails -
RES H 4645 10 69 4 1,5,138,690 nops 4 ops 1,w2,w3,w6 notinv - noncomm - minus1 w3 ps - nfail 0 fails -
RES H 4674 10 69 4 1,3,5,15,23,69,115,345 nops 2 ops 1,w2 notinv - noncomm - minus1 w2 ps - nfail 0 fails -
RES H 4675 10 69 4 1,2,3,5,6,10,15,30 nops 2 ops 1,w23 notinv - noncomm - minus1 w23 ps - nfail 0 fails -
RES H 4680 10 69 3 1,3,10,30,46,115,138,345 nops 2 ops 1,w2 notinv - noncomm - minus1 w2 ps 7,11,13,17,19 nfail 0 fails -
RES H 4682 10 69 4 1,6,10,15,46,69,115,690 nops 2 ops 1,w2 notinv - noncomm - minus1 w2 ps - nfail 0 fails -
RES H 4683 10 69 4 1,2,3,6,23,46,69,138 nops 2 ops 1,w5 notinv - noncomm - minus1 w5 ps - nfail 0 fails -
RES H 4684 10 69 3 1,2,15,23,30,46,345,690 nops 2 ops 1,w3 notinv - noncomm - minus1 w3 ps 7,11,13,17,19 nfail 0 fails -
RES U 4672 10 69 3 1,6,230,345 nops 4 ops 1,w2,w5,w10 notinv - noncomm - minus1 - ps 7,11,13,17,19 nfail 0 fails -
DONE 10 69 2.370
LEVEL 10 71 dimDnew 50 tall 1.080 ncurves 1
RES U 4691 10 71 3 1,10,71,710 nops 2 ops 1,w2 notinv - noncomm - minus1 - ps 3,7,11,13,17,19,23 nfail 0 fails -
DONE 10 71 1.110
LEVEL 10 77 dimDnew 66 tall 1.980 ncurves 9
RES H 4713 10 77 4 1,70,77,110 nops 4 ops 1,w2,w5,w7 notinv - noncomm - minus1 w7 ps 3 nfail 0 fails -
RES H 4716 10 77 5 1,10,11,110 nops 4 ops 1,w2,w7,w14 notinv - noncomm - minus1 w7 ps - nfail 0 fails -
RES H 4717 10 77 5 1,11,70,770 nops 4 ops 1,w2,w5,w7 notinv - noncomm - minus1 w7 ps - nfail 0 fails -
RES H 4741 10 77 3 1,5,7,11,35,55,77,385 nops 2 ops 1,w2 notinv - noncomm - minus1 w2 ps 3,13,17,19,23 nfail 0 fails -
RES H 4742 10 77 4 1,2,5,7,10,14,35,70 nops 2 ops 1,w11 notinv - noncomm - minus1 w11 ps 3 nfail 0 fails -
RES H 4748 10 77 4 1,7,10,22,55,70,154,385 nops 2 ops 1,w2 notinv - noncomm - minus1 w2 ps 3 nfail 0 fails -
RES H 4750 10 77 3 1,2,5,10,11,22,55,110 nops 2 ops 1,w7 notinv - noncomm - minus1 w7 ps 3,13,17,19,23 nfail 0 fails -
RES H 4752 10 77 3 1,5,11,14,55,70,154,770 nops 2 ops 1,w2 notinv - noncomm - minus1 w2 ps 3,13,17,19,23 nfail 0 fails -
RES H 4754 10 77 4 1,2,7,11,14,22,77,154 nops 2 ops 1,w5 notinv - noncomm - minus1 w5 ps 3 nfail 0 fails -
DONE 10 77 2.100
LEVEL 10 79 dimDnew 50 tall 1.190 ncurves 2
RES U 4762 10 79 3 1,5,158,790 nops 2 ops 1,w2 notinv - noncomm - minus1 - ps 3,7,11,13,17,19,23 nfail 0 fails -
RES U 4763 10 79 3 1,10,158,395 nops 2 ops 1,w2 notinv - noncomm - minus1 - ps 3,7,11,13,17,19,23 nfail 0 fails -
DONE 10 79 1.230
LEVEL 10 87 dimDnew 82 tall 4.220 ncurves 4
RES U 4783 10 87 5 1,5,58,290 nops 4 ops 1,w2,w3,w6 notinv - noncomm - minus1 - ps - nfail 0 fails -
RES U 4812 10 87 5 1,30,87,290 nops 4 ops 1,w2,w3,w5 notinv - noncomm - minus1 - ps - nfail 0 fails -
RES U 4820 10 87 3 1,2,15,30,87,145,174,290 nops 2 ops 1,w3 notinv - noncomm - minus1 - ps 7,11,13,17,19,23 nfail 0 fails -
RES U 4829 10 87 3 1,2,5,10,29,58,145,290 nops 2 ops 1,w3 notinv - noncomm - minus1 - ps 7,11,13,17,19,23 nfail 0 fails -
DONE 10 87 4.400
LEVEL 10 91 dimDnew 66 tall 2.460 ncurves 3
RES K17 4888 10 91 3 1,2,7,13,14,26,91,182 nops 2 ops 1,w5 notinv - noncomm - minus1 - ps 3,11,17,19,23 nfail 2 fails 1:17:[1,-4,55,-136,935,-1156,4913];w5:17:[1,4,55,136,935,1156,4913]
RES U 4879 10 91 3 1,2,35,65,70,91,130,182 nops 2 ops 1,w5 notinv - noncomm - minus1 - ps 3,11,17,19,23 nfail 0 fails -
RES U 4882 10 91 3 1,7,10,26,65,70,182,455 nops 2 ops 1,w2 notinv - noncomm - minus1 - ps 3,11,17,19,23 nfail 0 fails -
DONE 10 91 2.540
LEVEL 10 93 dimDnew 82 tall 5.590 ncurves 9
RES H 4891 10 93 3 1,3,5,15,31,93,155,465 nops 2 ops 1,w2 notinv - noncomm - minus1 w2 ps 7,11,13,17,19,23 nfail 0 fails -
RES H 4892 10 93 5 1,2,3,5,6,10,15,30 nops 2 ops 1,w31 notinv - noncomm - minus1 w31 ps - nfail 0 fails -
RES H 4894 10 93 3 1,2,5,10,93,186,465,930 nops 2 ops 1,w3 notinv - noncomm - minus1 w3 ps 7,11,13,17,19,23 nfail 0 fails -
RES H 4895 10 93 4 1,2,15,30,93,155,186,310 nops 2 ops 1,w3 notinv - noncomm - minus1 w3 ps - nfail 0 fails -
RES H 4900 10 93 3 1,2,3,6,31,62,93,186 nops 2 ops 1,w5 notinv - noncomm - minus1 w5 ps 7,11,13,17,19,23 nfail 0 fails -
RES H 4902 10 93 3 1,3,10,30,31,93,310,930 nops 2 ops 1,w2 notinv - noncomm - minus1 w2 ps 7,11,13,17,19,23 nfail 0 fails -
RES H 4903 10 93 5 1,6,10,15,31,186,310,465 nops 2 ops 1,w2 notinv - noncomm - minus1 w2 ps - nfail 0 fails -
RES H 4904 10 93 3 1,2,5,10,31,62,155,310 nops 2 ops 1,w3 notinv - noncomm - minus1 w3 ps 7,11,13,17,19,23 nfail 0 fails -
RES H 4905 10 93 3 1,5,6,30,31,155,186,930 nops 2 ops 1,w2 notinv - noncomm - minus1 w2 ps 7,11,13,17,19,23 nfail 0 fails -
DONE 10 93 6.180
LEVEL 10 99 dimDnew 98 tall 5.890 ncurves 2
RES H 4917 10 99 3 1,2,9,18,55,110,495,990 nops 4 ops 1,w5,V3*w1,V3*w5 notinv - noncomm - minus1 V3*w5 ps 7,13,17,19,23 nfail 0 fails -
RES U 4926 10 99 3 1,9,10,11,90,99,110,990 nops 4 ops 1,w2,V3*w1,V3*w2 notinv - noncomm - minus1 - ps 7,13,17,19,23 nfail 3 fails w2:13:[1,4,43,104,559,676,2197];V3*w1:19:[1,-10,89,-412,1691,-3610,6859];V3*w2:13:[1,-4,43,-104,559,-676,2197]
DONE 10 99 6.170
LEVEL 10 111 dimDnew 98 tall 9.380 ncurves 1
RES U 4967 10 111 3 1,2,15,30,111,185,222,370 nops 2 ops 1,w3 notinv - noncomm - minus1 - ps 7,11,13,17,19,23 nfail 0 fails -
DONE 10 111 9.520
LEVEL 10 117 dimDnew 114 tall 10.420 ncurves 7
RES H 4998 10 117 5 1,9,10,13,90,117,130,1170 nops 4 ops 1,w2,V3*w1,V3*w2 notinv - noncomm - minus1 V3*w1 ps - nfail 0 fails -
RES U 4990 10 117 5 1,2,5,10,117,234,585,1170 nops 2 ops 1,w9 notinv - noncomm - minus1 - ps - nfail 0 fails -
RES U 4991 10 117 5 1,2,45,65,90,117,130,234 nops 2 ops 1,w5 notinv - noncomm - minus1 - ps - nfail 0 fails -
RES U 4994 10 117 5 1,5,18,26,90,117,130,585 nops 2 ops 1,w2 notinv - noncomm - minus1 - ps - nfail 0 fails -
RES U 4995 10 117 5 1,10,18,26,45,65,117,1170 nops 2 ops 1,w2 notinv - noncomm - minus1 - ps - nfail 0 fails -
RES U 4997 10 117 5 1,2,13,26,45,90,585,1170 nops 2 ops 1,w5 notinv - noncomm - minus1 - ps - nfail 0 fails -
RES U 5001 10 117 5 1,5,13,18,65,90,234,1170 nops 2 ops 1,w2 notinv - noncomm - minus1 - ps - nfail 0 fails -
DONE 10 117 11.990
LEVEL 10 119 dimDnew 98 tall 6.750 ncurves 1
RES U 5017 10 119 3 1,7,10,17,70,119,170,1190 nops 2 ops 1,w2 notinv - noncomm - minus1 - ps 3,11,13,19,23 nfail 0 fails -
DONE 10 119 6.890
LEVEL 10 123 dimDnew 114 tall 10.450 ncurves 2
RES U 5023 10 123 5 1,2,5,10,123,246,615,1230 nops 2 ops 1,w3 notinv - noncomm - minus1 - ps - nfail 0 fails -
RES U 5031 10 123 4 1,3,10,30,41,123,410,1230 nops 2 ops 1,w2 notinv - noncomm - minus1 - ps - nfail 0 fails -
DONE 10 123 10.890
LEVEL 10 139 dimDnew 90 tall 4.730 ncurves 1
RES K3 5071 10 139 3 1,2,5,10,139,278,695,1390 nops 1 ops 1 notinv - noncomm - minus1 - ps 3,7,11,13,17,19,23 nfail 5 fails 1:3:[1,4,12,23,36,36,27];1:7:[1,4,24,55,168,196,343];1:11:[1,8,52,189,572,968,1331];1:17:[1,5,50,157,850,1445,4913];1:19:[1,14,106,539,2014,5054,6859]
DONE 10 139 4.830
LEVEL 10 143 dimDnew 114 tall 7.120 ncurves 1
RES U 5102 10 143 5 1,10,11,13,110,130,143,1430 nops 2 ops 1,w2 notinv - noncomm - minus1 - ps - nfail 0 fails -
DONE 10 143 7.260
LEVEL 10 147 dimDnew 146 tall 32.260 ncurves 1
RES U 5112 10 147 4 1,6,10,15,98,147,245,1470 nops 2 ops 1,w2 notinv - noncomm - minus1 - ps - nfail 0 fails -
DONE 10 147 32.720
LEVEL 10 159 dimDnew 146 tall 73.020 ncurves 1
RES U 5151 10 159 3 1,6,10,15,53,318,530,795 nops 2 ops 1,w2 notinv - noncomm - minus1 - ps 7,11,13,17,19,23 nfail 0 fails -
DONE 10 159 73.700
LEVEL 10 171 dimDnew 162 tall 110.350 ncurves 1
RES U 5189 10 171 3 1,2,5,9,10,18,19,38,45,90,95,171,190,342,855,1710 nops 2 ops 1,V3*w1 notinv - noncomm - minus1 - ps 7,11,13,17,23 nfail 1 fails V3*w1:17:[1,-8,71,-288,1207,-2312,4913]
DONE 10 171 112.810
LEVEL 10 189 dimDnew 194 tall 214.290 ncurves 1
RES U 5226 10 189 4 1,2,5,7,10,14,27,35,54,70,135,189,270,378,945,1890 nops 1 ops 1 notinv - noncomm - minus1 - ps - nfail 0 fails -
DONE 10 189 219.210
LEVEL 10 207 dimDnew 194 tall 270.290 ncurves 1
RES U 5248 10 207 3 1,2,5,9,10,18,23,45,46,90,115,207,230,414,1035,2070 nops 2 ops 1,V3*w1 notinv - noncomm - minus1 - ps 7,11,13,17,19 nfail 0 fails -
DONE 10 207 274.470
LEVEL 14 3 dimDnew 6 tall 0.380 ncurves 1
RES H 5381 14 3 3 1 nops 8 ops 1,w2,w3,w6,w7,w14,w21,w42 notinv - noncomm - minus1 w14 ps 5,11,13,17,19,23 nfail 0 fails -
DONE 14 3 0.420
LEVEL 14 5 dimDnew 6 tall 0.410 ncurves 1
RES H 5397 14 5 3 1 nops 8 ops 1,w2,w5,w7,w10,w14,w35,w70 notinv - noncomm - minus1 w14 ps 3,11,13,17,19,23 nfail 0 fails -
DONE 14 5 0.450
LEVEL 14 9 dimDnew 14 tall 0.500 ncurves 1
RES H 5418 14 9 3 1,9 nops 8 ops 1,w2,w7,w14,V3*w1,V3*w2,V3*w7,V3*w14 notinv - noncomm - minus1 w14 ps 5,11,13,17,19,23 nfail 0 fails -
DONE 14 9 0.540
LEVEL 14 11 dimDnew 14 tall 0.490 ncurves 1
RES H 5430 14 11 3 1,2 nops 4 ops 1,w7,w11,w77 notinv - noncomm - minus1 w77 ps 3,5,13,17,19,23 nfail 0 fails -
DONE 14 11 0.520
LEVEL 14 13 dimDnew 14 tall 0.470 ncurves 3
RES H 5446 14 13 3 1,2 nops 4 ops 1,w7,w13,w91 notinv - noncomm - minus1 w91 ps 3,5,11,17,19,23 nfail 0 fails -
RES H 5451 14 13 3 1,91 nops 4 ops 1,w2,w7,w14 notinv - noncomm - minus1 w2 ps 3,5,11,17,19,23 nfail 0 fails -
RES H 5452 14 13 4 1,13 nops 4 ops 1,w2,w7,w14 notinv - noncomm - minus1 w14 ps 3,5 nfail 0 fails -
DONE 14 13 0.510
LEVEL 14 15 dimDnew 26 tall 0.670 ncurves 15
RES H 5462 14 15 3 1,14 nops 8 ops 1,w2,w3,w5,w6,w10,w15,w30 notinv - noncomm - minus1 w30 ps 11,13,17,19,23 nfail 0 fails -
RES H 5467 14 15 5 1,30 nops 8 ops 1,w2,w3,w5,w7,w14,w21,w35 notinv - noncomm - minus1 w14 ps - nfail 0 fails -
RES H 5472 14 15 5 1,105 nops 8 ops 1,w2,w3,w5,w6,w7,w10,w14 notinv - noncomm - minus1 w14 ps - nfail 0 fails -
RES H 5480 14 15 3 1,5,6,30 nops 4 ops 1,w2,w7,w14 notinv - noncomm - minus1 w14 ps 11,13,17,19,23 nfail 0 fails -
RES H 5489 14 15 3 1,7,15,105 nops 4 ops 1,w2,w3,w6 notinv - noncomm - minus1 w2 ps 11,13,17,19,23 nfail 0 fails -
RES H 5496 14 15 3 1,2,15,30 nops 4 ops 1,w3,w7,w21 notinv - noncomm - minus1 w7 ps 11,13,17,19,23 nfail 0 fails -
RES H 5502 14 15 3 1,3,10,30 nops 4 ops 1,w2,w7,w14 notinv - noncomm - minus1 w14 ps 11,13,17,19,23 nfail 0 fails -
RES H 5504 14 15 4 1,6,10,15 nops 4 ops 1,w2,w7,w14 notinv - noncomm - minus1 w14 ps - nfail 0 fails -
RES H 5505 14 15 3 1,10,42,105 nops 4 ops 1,w2,w3,w6 notinv - noncomm - minus1 w3 ps 11,13,17,19,23 nfail 0 fails -
RES H 5509 14 15 3 1,6,70,105 nops 4 ops 1,w2,w5,w7 notinv - noncomm - minus1 w5 ps 11,13,17,19,23 nfail 0 fails -
RES U 5477 14 15 3 1,2,35,70 nops 4 ops 1,w3,w5,w15 notinv - noncomm - minus1 - ps 11,13,17,19,23 nfail 0 fails -
RES U 5488 14 15 3 1,3,7,21 nops 4 ops 1,w2,w5,w10 notinv - noncomm - minus1 - ps 11,13,17,19,23 nfail 0 fails -
RES U 5495 14 15 3 1,2,21,42 nops 4 ops 1,w3,w5,w15 notinv - noncomm - minus1 - ps 11,13,17,19,23 nfail 0 fails -
RES U 5506 14 15 3 1,3,70,210 nops 4 ops 1,w2,w5,w7 notinv - noncomm - minus1 - ps 11,13,17,19,23 nfail 0 fails -
RES U 5510 14 15 3 1,5,7,35 nops 4 ops 1,w2,w3,w6 notinv - noncomm - minus1 - ps 11,13,17,19,23 nfail 0 fails -
DONE 14 15 0.750
LEVEL 14 17 dimDnew 18 tall 0.430 ncurves 3
RES H 5528 14 17 3 1,2 nops 4 ops 1,w7,w17,w119 notinv - noncomm - minus1 - ps 3,5,11,13,19,23 nfail 0 fails -
RES H 5531 14 17 3 1,238 nops 4 ops 1,w2,w7,w14 notinv - noncomm - minus1 - ps 3,5,11,13,19,23 nfail 0 fails -
RES U 5541 14 17 3 1,14,34,119 nops 2 ops 1,w2 notinv - noncomm - minus1 - ps 3,5,11,13,19,23 nfail 0 fails -
DONE 14 17 0.460
LEVEL 14 19 dimDnew 22 tall 0.460 ncurves 6
RES H 5544 14 19 5 1,2 nops 4 ops 1,w7,w19,w133 notinv - noncomm - minus1 w133 ps - nfail 0 fails -
RES H 5546 14 19 4 1,14 nops 4 ops 1,w2,w19,w38 notinv - noncomm - minus1 w19 ps 3,5 nfail 0 fails -
RES H 5549 14 19 5 1,133 nops 4 ops 1,w2,w7,w14 notinv - noncomm - minus1 w2 ps - nfail 0 fails -
RES H 5550 14 19 6 1,19 nops 4 ops 1,w2,w7,w14 notinv - noncomm - minus1 w14 ps - nfail 0 fails -
RES H 5551 14 19 3 1,2,19,38 nops 2 ops 1,w7 notinv - noncomm - minus1 w7 ps 3,5,11,13,17,23 nfail 0 fails -
RES H 5553 14 19 3 1,7,19,133 nops 2 ops 1,w2 notinv - noncomm - minus1 w2 ps 3,5,11,13,17,23 nfail 0 fails -
DONE 14 19 0.500
LEVEL 14 23 dimDnew 26 tall 0.420 ncurves 5
RES H 5560 14 23 5 1,46 nops 4 ops 1,w2,w7,w14 notinv - noncomm - minus1 w14 ps - nfail 0 fails -
RES H 5561 14 23 5 1,14 nops 4 ops 1,w2,w23,w46 notinv - noncomm - minus1 w46 ps - nfail 0 fails -
RES H 5564 14 23 3 1,161 nops 4 ops 1,w2,w7,w14 notinv - noncomm - minus1 w14 ps 3,5,11,13,17,19 nfail 0 fails -
RES H 5566 14 23 3 1,2,23,46 nops 2 ops 1,w7 notinv - noncomm - minus1 w7 ps 3,5,11,13,17,19 nfail 0 fails -
RES H 5569 14 23 3 1,2,7,14 nops 2 ops 1,w23 notinv - noncomm - minus1 w23 ps 3,5,11,13,17,19 nfail 0 fails -
DONE 14 23 0.450
LEVEL 14 25 dimDnew 30 tall 0.670 ncurves 2
RES H 5581 14 25 3 1,2,7,14 nops 2 ops 1,w25 notinv - noncomm - minus1 w25 ps 3,11,13,17,19,23 nfail 0 fails -
RES H 5583 14 25 4 1,7,25,175 nops 2 ops 1,w2 notinv - noncomm - minus1 w2 ps 3 nfail 0 fails -
DONE 14 25 0.710
LEVEL 14 29 dimDnew 30 tall 0.640 ncurves 2
RES H 5614 14 29 4 1,2,7,14 nops 2 ops 1,w29 notinv - noncomm - minus1 w29 ps 3,5 nfail 0 fails -
RES H 5617 14 29 3 1,14,58,203 nops 2 ops 1,w2 notinv - noncomm - minus1 w2 ps 3,5,11,13,17,19,23 nfail 0 fails -
DONE 14 29 0.680
LEVEL 14 31 dimDnew 34 tall 0.650 ncurves 1
RES H 5622 14 31 3 1,434 nops 4 ops 1,w2,w7,w14 notinv - noncomm - minus1 - ps 3,5,11,13,17,19,23 nfail 0 fails -
DONE 14 31 0.680
LEVEL 14 33 dimDnew 50 tall 1.150 ncurves 6
RES U 5642 14 33 5 1,2,11,22 nops 4 ops 1,w3,w7,w21 notinv - noncomm - minus1 - ps - nfail 0 fails -
RES U 5654 14 33 5 1,2,21,42 nops 4 ops 1,w3,w11,w33 notinv - noncomm - minus1 - ps - nfail 0 fails -
RES U 5670 14 33 3 1,2,3,6,7,14,21,42 nops 2 ops 1,w11 notinv - noncomm - minus1 - ps 5,13,17,19,23 nfail 0 fails -
RES U 5672 14 33 3 1,2,7,14,33,66,231,462 nops 2 ops 1,w3 notinv - noncomm - minus1 - ps 5,13,17,19,23 nfail 0 fails -
RES U 5674 14 33 3 1,3,7,21,22,66,154,462 nops 2 ops 1,w2 notinv - noncomm - minus1 - ps 5,13,17,19,23 nfail 0 fails -
RES U 5678 14 33 3 1,2,3,6,11,22,33,66 nops 2 ops 1,w7 notinv - noncomm - minus1 - ps 5,13,17,19,23 nfail 1 fails w7:17:[1,8,71,288,1207,2312,4913]
DONE 14 33 1.220
LEVEL 14 37 dimDnew 38 tall 0.790 ncurves 3
RES H 5693 14 37 3 1,14,37,518 nops 2 ops 1,w2 notinv - noncomm - minus1 w2 ps 3,5,11,13,17,19,23 nfail 0 fails -
RES H 5694 14 37 4 1,7,37,259 nops 2 ops 1,w2 notinv - noncomm - minus1 w2 ps 3,5 nfail 0 fails -
RES H 5695 14 37 5 1,2,7,14 nops 2 ops 1,w37 notinv - noncomm - minus1 w37 ps - nfail 0 fails -
DONE 14 37 0.840
LEVEL 14 39 dimDnew 58 tall 1.460 ncurves 8
RES H 5709 14 39 3 1,13,14,182 nops 4 ops 1,w2,w3,w6 notinv - noncomm - minus1 w3 ps 5,11,17,19,23 nfail 0 fails -
RES H 5711 14 39 4 1,13,42,546 nops 4 ops 1,w2,w3,w6 notinv - noncomm - minus1 w3 ps 5 nfail 0 fails -
RES H 5726 14 39 5 1,3,14,42 nops 4 ops 1,w2,w13,w26 notinv - noncomm - minus1 w13 ps - nfail 0 fails -
RES H 5727 14 39 3 1,14,39,546 nops 4 ops 1,w2,w3,w6 notinv - noncomm - minus1 w3 ps 5,11,17,19,23 nfail 0 fails -
RES H 5731 14 39 4 1,39,42,182 nops 4 ops 1,w2,w3,w6 notinv - noncomm - minus1 w3 ps 5 nfail 0 fails -
RES H 5735 14 39 4 1,3,7,13,21,39,91,273 nops 2 ops 1,w2 notinv - noncomm - minus1 w2 ps 5 nfail 0 fails -
RES H 5736 14 39 3 1,2,3,6,7,14,21,42 nops 2 ops 1,w13 notinv - noncomm - minus1 w13 ps 5,11,17,19,23 nfail 0 fails -
RES H 5744 14 39 4 1,2,3,6,13,26,39,78 nops 2 ops 1,w7 notinv - noncomm - minus1 w7 ps 5 nfail 0 fails -
DONE 14 39 1.550
LEVEL 14 41 dimDnew 42 tall 0.850 ncurves 3
RES H 5755 14 41 3 1,2,287,574 nops 2 ops 1,w7 notinv - noncomm - minus1 - ps 3,5,11,13,17,19,23 nfail 0 fails -
RES U 5751 14 41 5 1,2,41,82 nops 2 ops 1,w7 notinv - noncomm - minus1 - ps - nfail 0 fails -
RES U 5752 14 41 4 1,14,41,574 nops 2 ops 1,w2 notinv - noncomm - minus1 - ps 3,5 nfail 0 fails -
DONE 14 41 0.900
LEVEL 14 43 dimDnew 46 tall 0.830 ncurves 5
RES H 5759 14 43 3 1,2,43,86 nops 2 ops 1,w7 notinv - noncomm - minus1 w7 ps 3,5,11,13,17,19,23 nfail 0 fails -
RES H 5760 14 43 3 1,14,43,602 nops 2 ops 1,w2 notinv - noncomm - minus1 w2 ps 3,5,11,13,17,19,23 nfail 0 fails -
RES H 5761 14 43 5 1,7,43,301 nops 2 ops 1,w2 notinv - noncomm - minus1 w2 ps - nfail 0 fails -
RES H 5762 14 43 6 1,2,7,14 nops 2 ops 1,w43 notinv - noncomm - minus1 w43 ps - nfail 0 fails -
RES H 5765 14 43 3 1,14,86,301 nops 2 ops 1,w2 notinv - noncomm - minus1 w2 ps 3,5,11,13,17,19,23 nfail 0 fails -
DONE 14 43 0.880
LEVEL 14 45 dimDnew 74 tall 2.210 ncurves 6
RES H 5804 14 45 3 1,2,9,18,35,70,315,630 nops 4 ops 1,w5,V3*w1,V3*w5 notinv - noncomm - minus1 V3*w1 ps 11,13,17,19,23 nfail 0 fails -
RES U 5805 14 45 3 1,2,5,10,63,126,315,630 nops 2 ops 1,w7 notinv - noncomm - minus1 - ps 11,13,17,19,23 nfail 0 fails -
RES U 5810 14 45 3 1,10,14,18,35,45,63,630 nops 2 ops 1,w2 notinv - noncomm - minus1 - ps 11,13,17,19,23 nfail 0 fails -
RES U 5811 14 45 3 1,2,7,9,14,18,63,126 nops 4 ops 1,w5,V3*w1,V3*w5 notinv - noncomm - minus1 - ps 11,13,17,19,23 nfail 1 fails V3*w1:19:[1,-10,89,-412,1691,-3610,6859]
RES U 5812 14 45 3 1,2,7,14,45,90,315,630 nops 2 ops 1,w5 notinv - noncomm - minus1 - ps 11,13,17,19,23 nfail 1 fails w5:13:[1,-8,59,-224,767,-1352,2197]
RES U 5816 14 45 3 1,5,7,18,35,90,126,630 nops 2 ops 1,w2 notinv - noncomm - minus1 - ps 11,13,17,19,23 nfail 1 fails w2:13:[1,-8,59,-224,767,-1352,2197]
DONE 14 45 2.370
LEVEL 14 47 dimDnew 50 tall 0.960 ncurves 2
RES H 5822 14 47 3 1,2,329,658 nops 2 ops 1,w7 notinv - noncomm - minus1 - ps 3,5,11,13,17,19,23 nfail 0 fails -
RES U 5824 14 47 4 1,14,94,329 nops 2 ops 1,w2 notinv - noncomm - minus1 - ps 3,5 nfail 0 fails -
DONE 14 47 1.010
LEVEL 14 51 dimDnew 74 tall 2.280 ncurves 2
RES U 5866 14 51 3 1,3,7,21,34,102,238,714 nops 2 ops 1,w2 notinv - noncomm - minus1 - ps 5,11,13,19,23 nfail 0 fails -
RES U 5869 14 51 3 1,6,14,21,34,51,119,714 nops 2 ops 1,w2 notinv - noncomm - minus1 - ps 5,11,13,19,23 nfail 0 fails -
DONE 14 51 2.350
LEVEL 14 55 dimDnew 74 tall 2.210 ncurves 3
RES U 5923 14 55 3 1,2,7,14,55,110,385,770 nops 2 ops 1,w5 notinv - noncomm - minus1 - ps 3,13,17,19,23 nfail 0 fails -
RES U 5928 14 55 3 1,10,14,22,35,55,77,770 nops 2 ops 1,w2 notinv - noncomm - minus1 - ps 3,13,17,19,23 nfail 0 fails -
RES U 5934 14 55 3 1,7,10,11,70,77,110,770 nops 2 ops 1,w2 notinv - noncomm - minus1 - ps 3,13,17,19,23 nfail 0 fails -
DONE 14 55 2.300
LEVEL 14 57 dimDnew 82 tall 2.660 ncurves 8
RES H 5971 14 57 5 1,3,7,19,21,57,133,399 nops 2 ops 1,w2 notinv - noncomm - minus1 w2 ps - nfail 0 fails -
RES H 5972 14 57 4 1,2,3,6,7,14,21,42 nops 2 ops 1,w19 notinv - noncomm - minus1 w19 ps 5 nfail 0 fails -
RES H 5977 14 57 4 1,3,14,38,42,114,133,399 nops 2 ops 1,w2 notinv - noncomm - minus1 w2 ps 5 nfail 0 fails -
RES H 5978 14 57 3 1,6,7,38,42,57,266,399 nops 2 ops 1,w2 notinv - noncomm - minus1 w2 ps 5,11,13,17,23 nfail 0 fails -
RES H 5979 14 57 3 1,6,14,21,38,57,133,798 nops 2 ops 1,w2 notinv - noncomm - minus1 w2 ps 5,11,13,17,23 nfail 0 fails -
RES H 5980 14 57 4 1,2,3,6,19,38,57,114 nops 2 ops 1,w7 notinv - noncomm - minus1 w7 ps 5 nfail 0 fails -
RES H 5981 14 57 4 1,2,19,21,38,42,399,798 nops 2 ops 1,w3 notinv - noncomm - minus1 w3 ps 5 nfail 0 fails -
RES H 5985 14 57 4 1,6,7,19,42,114,133,798 nops 2 ops 1,w2 notinv - noncomm - minus1 w2 ps 5 nfail 0 fails -
DONE 14 57 2.940
LEVEL 14 65 dimDnew 82 tall 2.840 ncurves 2
RES U 6007 14 65 3 1,2,35,65,70,91,130,182 nops 2 ops 1,w5 notinv - noncomm - minus1 - ps 3,11,17,19,23 nfail 0 fails -
RES U 6014 14 65 3 1,5,13,14,65,70,182,910 nops 2 ops 1,w2 notinv - noncomm - minus1 - ps 3,11,17,19,23 nfail 0 fails -
DONE 14 65 2.940
LEVEL 14 69 dimDnew 98 tall 3.690 ncurves 2
RES K11 6029 14 69 3 1,2,3,6,161,322,483,966 nops 2 ops 1,w7 notinv - noncomm - minus1 - ps 5,11,13,17,19 nfail 1 fails 1:11:[1,10,65,252,715,1210,1331]
RES U 6041 14 69 3 1,6,7,23,42,138,161,966 nops 2 ops 1,w2 notinv - noncomm - minus1 - ps 5,11,13,17,19 nfail 0 fails -
DONE 14 69 3.820
LEVEL 14 73 dimDnew 74 tall 1.900 ncurves 1
RES U 6058 14 73 3 1,2,7,14,73,146,511,1022 nops 1 ops 1 notinv - noncomm - minus1 - ps 3,5,11,13,17,19,23 nfail 0 fails -
DONE 14 73 1.970
LEVEL 14 75 dimDnew 122 tall 8.240 ncurves 1
RES U 6070 14 75 3 1,3,7,21,50,150,350,1050 nops 2 ops 1,w2 notinv - noncomm - minus1 - ps 11,13,17,19,23 nfail 0 fails -
DONE 14 75 8.380
LEVEL 14 81 dimDnew 110 tall 3.950 ncurves 1
RES U 6083 14 81 4 1,2,7,14,81,162,567,1134 nops 1 ops 1 notinv - noncomm - minus1 - ps 5 nfail 0 fails -
DONE 14 81 4.050
LEVEL 14 85 dimDnew 106 tall 7.750 ncurves 2
RES U 6090 14 85 3 1,5,7,34,35,170,238,1190 nops 2 ops 1,w2 notinv - noncomm - minus1 - ps 3,11,13,19,23 nfail 0 fails -
RES U 6099 14 85 3 1,7,10,17,70,119,170,1190 nops 2 ops 1,w2 notinv - noncomm - minus1 - ps 3,11,13,19,23 nfail 0 fails -
DONE 14 85 8.050
LEVEL 14 87 dimDnew 122 tall 8.780 ncurves 3
RES K5 6111 14 87 4 1,2,21,29,42,58,609,1218 nops 2 ops 1,w3 notinv - noncomm - minus1 - ps 5 nfail 2 fails 1:5:[1,2,12,18,66,90,300,250,625];w3:5:[1,6,28,86,226,430,700,750,625]
RES U 6112 14 87 5 1,3,14,29,42,87,406,1218 nops 2 ops 1,w2 notinv - noncomm - minus1 - ps - nfail 0 fails -
RES U 6115 14 87 4 1,6,7,29,42,174,203,1218 nops 2 ops 1,w2 notinv - noncomm - minus1 - ps 5 nfail 0 fails -
DONE 14 87 9.380
LEVEL 14 93 dimDnew 130 tall 14.390 ncurves 3
RES K11 6123 14 93 3 1,3,7,21,62,186,434,1302 nops 2 ops 1,w2 notinv - noncomm - minus1 - ps 5,11,13,17,19,23 nfail 3 fails 1:11:[1,2,33,44,363,242,1331];w2:5:[1,4,19,40,95,100,125];w2:11:[1,2,33,44,363,242,1331]
RES U 6122 14 93 3 1,2,21,42,93,186,217,434 nops 2 ops 1,w3 notinv - noncomm - minus1 - ps 5,11,13,17,19,23 nfail 1 fails w3:13:[1,8,59,224,767,1352,2197]
RES U 6130 14 93 3 1,6,14,21,31,186,434,651 nops 2 ops 1,w2 notinv - noncomm - minus1 - ps 5,11,13,17,19,23 nfail 0 fails -
DONE 14 93 15.300
LEVEL 14 99 dimDnew 146 tall 15.240 ncurves 2
RES U 6154 14 99 5 1,2,7,14,99,198,693,1386 nops 2 ops 1,w9 notinv - noncomm - minus1 - ps - nfail 0 fails -
RES U 6165 14 99 5 1,7,11,18,77,126,198,1386 nops 2 ops 1,w2 notinv - noncomm - minus1 - ps - nfail 0 fails -
DONE 14 99 15.980
LEVEL 14 117 dimDnew 170 tall 35.310 ncurves 1
RES U 6204 14 117 3 1,2,7,9,13,14,18,26,63,91,117,126,182,234,819,1638 nops 2 ops 1,V3*w1 notinv - noncomm - minus1 - ps 5,11,17,19,23 nfail 0 fails -
DONE 14 117 36.600
LEVEL 14 135 dimDnew 218 tall 37.020 ncurves 1
RES U 6211 14 135 4 1,2,5,7,10,14,27,35,54,70,135,189,270,378,945,1890 nops 1 ops 1 notinv - noncomm - minus1 - ps - nfail 0 fails -
DONE 14 135 38.450
LEVEL 14 143 dimDnew 170 tall 37.920 ncurves 1
RES U 6215 14 143 3 1,2,7,11,13,14,22,26,77,91,143,154,182,286,1001,2002 nops 1 ops 1 notinv - noncomm - minus1 - ps 3,5,17,19,23 nfail 0 fails -
DONE 14 143 39.190
LEVEL 14 145 dimDnew 178 tall 171.540 ncurves 1
RES U 6216 14 145 3 1,2,5,7,10,14,29,35,58,70,145,203,290,406,1015,2030 nops 1 ops 1 notinv - noncomm - minus1 - ps 3,11,13,17,19,23 nfail 0 fails -
DONE 14 145 174.930
LEVEL 14 155 dimDnew 194 tall 210.770 ncurves 1
RES K3 6220 14 155 3 1,2,5,7,10,14,31,35,62,70,155,217,310,434,1085,2170 nops 1 ops 1 notinv - noncomm - minus1 - ps 3,11,13,17,19,23 nfail 2 fails 1:3:[1,3,9,14,27,27,27];1:11:[1,9,57,218,627,1089,1331]
DONE 14 155 215.110
LEVEL 15 2 dimDnew 6 tall 0.380 ncurves 1
RES H 6281 15 2 3 1 nops 8 ops 1,w2,w3,w5,w6,w10,w15,w30 notinv - noncomm - minus1 w15 ps 7,11,13,17,19,23 nfail 0 fails -
DONE 15 2 0.410
LEVEL 15 4 dimDnew 10 tall 0.410 ncurves 4
RES H 6297 15 4 5 1 nops 12 ops 1,w3,w4,w5,w12,w15,w20,w60,S2*w1,S2*w3,S2*w5,S2*w15 notinv - noncomm - minus1 w15 ps - nfail 0 fails -
RES H 6298 15 4 3 1,4 nops 4 ops 1,w3,w5,w15 notinv - noncomm - minus1 w15 ps 7,11,13,17,19,23 nfail 0 fails -
RES H 6299 15 4 3 1,20 nops 4 ops 1,w3,w4,w12 notinv - noncomm - minus1 w12 ps 7,11,13,17,19,23 nfail 0 fails -
RES H 6304 15 4 3 1,5 nops 6 ops 1,w3,w4,w12,S2*w1,S2*w3 notinv - noncomm - minus1 w3 ps 7,11,13,17,19,23 nfail 0 fails -
DONE 15 4 0.450
LEVEL 15 7 dimDnew 10 tall 0.450 ncurves 3
RES H 6315 15 7 3 1,21 nops 4 ops 1,w3,w5,w15 notinv - noncomm - minus1 w3 ps 2,11,13,17,19,23 nfail 0 fails -
RES H 6316 15 7 3 1,15 nops 4 ops 1,w3,w7,w21 notinv - noncomm - minus1 w7 ps 2,11,13,17,19,23 nfail 0 fails -
RES H 6319 15 7 3 1,35 nops 4 ops 1,w3,w5,w15 notinv - noncomm - minus1 w3 ps 2,11,13,17,19,23 nfail 0 fails -
DONE 15 7 0.490
LEVEL 15 8 dimDnew 18 tall 0.530 ncurves 5
RES H 6330 15 8 5 1,8 nops 8 ops 1,w3,w5,w15,V2*w1,V2*w3,V2*w5,V2*w15 notinv - noncomm - minus1 w15 ps - nfail 0 fails -
RES H 6331 15 8 3 1,40 nops 8 ops 1,w3,w5,w15,V2*w1,V2*w3,V2*w5,V2*w15 notinv - noncomm - minus1 w15 ps 7,11,13,17,19,23 nfail 0 fails -
RES H 6332 15 8 5 1,24 nops 8 ops 1,w3,w5,w15,V2*w1,V2*w3,V2*w5,V2*w15 notinv - noncomm - minus1 w15 ps - nfail 0 fails -
RES H 6333 15 8 3 1,120 nops 8 ops 1,w3,w5,w8,V2*w1,V2*w3,V2*w5,V2*w8 notinv - noncomm - minus1 w8 ps 7,11,13,17,19,23 nfail 0 fails -
RES H 6340 15 8 3 1,3,8,24 nops 4 ops 1,w5,V2*w1,V2*w5 notinv - noncomm - minus1 w5 ps 7,11,13,17,19,23 nfail 0 fails -
DONE 15 8 0.580
LEVEL 15 11 dimDnew 18 tall 0.480 ncurves 5
RES H 6346 15 11 5 1,3 nops 4 ops 1,w5,w11,w55 notinv - noncomm - minus1 w55 ps 2 nfail 0 fails -
RES H 6347 15 11 3 1,33 nops 4 ops 1,w3,w5,w15 notinv - noncomm - minus1 w15 ps 2,7,13,17,19,23 nfail 0 fails -
RES H 6348 15 11 5 1,15 nops 4 ops 1,w3,w11,w33 notinv - noncomm - minus1 w33 ps 2 nfail 0 fails -
RES H 6349 15 11 3 1,165 nops 4 ops 1,w3,w5,w11 notinv - noncomm - minus1 w3 ps 2,7,13,17,19,23 nfail 0 fails -
RES H 6356 15 11 3 1,3,5,15 nops 2 ops 1,w11 notinv - noncomm - minus1 w11 ps 2,7,13,17,19,23 nfail 0 fails -
DONE 15 11 0.520
LEVEL 15 13 dimDnew 18 tall 0.450 ncurves 5
RES H 6362 15 13 3 1,3 nops 4 ops 1,w5,w13,w65 notinv - noncomm - minus1 w65 ps 2,7,11,17,19,23 nfail 0 fails -
RES H 6364 15 13 5 1,15 nops 4 ops 1,w3,w13,w39 notinv - noncomm - minus1 w13 ps 2 nfail 0 fails -
RES H 6367 15 13 5 1,65 nops 4 ops 1,w3,w5,w15 notinv - noncomm - minus1 w3 ps 2 nfail 0 fails -
RES H 6368 15 13 3 1,13 nops 4 ops 1,w3,w5,w15 notinv - noncomm - minus1 w15 ps 2,7,11,17,19,23 nfail 0 fails -
RES H 6375 15 13 3 1,15,39,65 nops 2 ops 1,w3 notinv - noncomm - minus1 w3 ps 2,7,11,17,19,23 nfail 0 fails -
DONE 15 13 0.490
LEVEL 15 14 dimDnew 34 tall 0.660 ncurves 10
RES H 6418 15 14 3 1,3,10,30 nops 4 ops 1,w2,w7,w14 notinv - noncomm - minus1 w7 ps 11,13,17,19,23 nfail 0 fails -
RES H 6419 15 14 3 1,10,21,210 nops 4 ops 1,w2,w3,w6 notinv - noncomm - minus1 w3 ps 11,13,17,19,23 nfail 0 fails -
RES H 6420 15 14 4 1,6,10,15 nops 4 ops 1,w2,w7,w14 notinv - noncomm - minus1 w7 ps - nfail 0 fails -
RES H 6423 15 14 4 1,21,30,70 nops 4 ops 1,w2,w3,w5 notinv - noncomm - minus1 w3 ps - nfail 0 fails -
RES H 6424 15 14 3 1,15,42,70 nops 4 ops 1,w2,w3,w6 notinv - noncomm - minus1 w6 ps 11,13,17,19,23 nfail 0 fails -
RES H 6425 15 14 3 1,6,70,105 nops 4 ops 1,w2,w5,w7 notinv - noncomm - minus1 w7 ps 11,13,17,19,23 nfail 0 fails -
RES U 6400 15 14 3 1,2,7,14 nops 4 ops 1,w3,w5,w15 notinv - noncomm - minus1 - ps 11,13,17,19,23 nfail 0 fails -
RES U 6413 15 14 3 1,2,105,210 nops 4 ops 1,w3,w5,w7 notinv - noncomm - minus1 - ps 11,13,17,19,23 nfail 0 fails -
RES U 6414 15 14 3 1,3,14,42 nops 4 ops 1,w2,w5,w10 notinv - noncomm - minus1 - ps 11,13,17,19,23 nfail 0 fails -
RES U 6426 15 14 3 1,5,7,35 nops 4 ops 1,w2,w3,w6 notinv - noncomm - minus1 - ps 11,13,17,19,23 nfail 0 fails -
DONE 15 14 0.720
LEVEL 15 16 dimDnew 34 tall 1.410 ncurves 2
RES U 6451 15 16 3 1,5,48,240 nops 4 ops 1,w3,V2*w1,V2*w3 notinv - noncomm - minus1 - ps 7,11,13,17,19,23 nfail 0 fails -
RES U 6452 15 16 3 1,3,5,15 nops 5 ops 1,w16,S2*w1,V2*w1,V2*w16 notinv S2*V2*w1,V2*S2*w1 noncomm - minus1 - ps 7,11,13,17,19,23 nfail 0 fails -
DONE 15 16 1.450
LEVEL 15 17 dimDnew 26 tall 0.450 ncurves 5
RES H 6460 15 17 5 1,15 nops 4 ops 1,w3,w17,w51 notinv - noncomm - minus1 w17 ps 2 nfail 0 fails -
RES H 6463 15 17 5 1,85 nops 4 ops 1,w3,w5,w15 notinv - noncomm - minus1 w3 ps 2 nfail 0 fails -
RES H 6465 15 17 4 1,3,17,51 nops 2 ops 1,w5 notinv - noncomm - minus1 w5 ps 2 nfail 0 fails -
RES H 6467 15 17 3 1,5,17,85 nops 2 ops 1,w3 notinv - noncomm - minus1 w3 ps 2,7,11,13,19,23 nfail 0 fails -
RES H 6468 15 17 3 1,3,5,15 nops 2 ops 1,w17 notinv - noncomm - minus1 w17 ps 2,7,11,13,19,23 nfail 0 fails -
DONE 15 17 0.490
LEVEL 15 19 dimDnew 26 tall 0.180 ncurves 1
RES H 6482 15 19 4 1,5,19,95 nops 2 ops 1,w3 notinv - noncomm - minus1 w3 ps 2 nfail 0 fails -
DONE 15 19 0.180
LEVEL 15 22 dimDnew 50 tall 0.900 ncurves 14
RES H 6510 15 22 6 1,3,22,66 nops 4 ops 1,w2,w5,w10 notinv - noncomm - minus1 w10 ps - nfail 0 fails -
RES H 6511 15 22 5 1,6,22,33 nops 4 ops 1,w2,w5,w10 notinv - noncomm - minus1 w10 ps - nfail 0 fails -
RES H 6512 15 22 5 1,15,22,330 nops 4 ops 1,w2,w3,w6 notinv - noncomm - minus1 w6 ps - nfail 0 fails -
RES H 6513 15 22 4 1,22,30,165 nops 4 ops 1,w2,w3,w5 notinv - noncomm - minus1 w3 ps - nfail 0 fails -
RES H 6514 15 22 5 1,3,10,30 nops 4 ops 1,w2,w11,w22 notinv - noncomm - minus1 w22 ps - nfail 0 fails -
RES H 6515 15 22 4 1,10,33,330 nops 4 ops 1,w2,w3,w6 notinv - noncomm - minus1 w6 ps - nfail 0 fails -
RES H 6516 15 22 6 1,6,10,15 nops 4 ops 1,w2,w11,w22 notinv - noncomm - minus1 w22 ps - nfail 0 fails -
RES H 6517 15 22 5 1,10,66,165 nops 4 ops 1,w2,w3,w6 notinv - noncomm - minus1 w3 ps - nfail 0 fails -
RES H 6524 15 22 3 1,2,3,5,6,10,15,30 nops 2 ops 1,w11 notinv - noncomm - minus1 w11 ps 7,13,17,19,23 nfail 0 fails -
RES H 6528 15 22 3 1,3,5,15,22,66,110,330 nops 2 ops 1,w2 notinv - noncomm - minus1 w2 ps 7,13,17,19,23 nfail 0 fails -
RES H 6532 15 22 3 1,2,3,6,11,22,33,66 nops 2 ops 1,w5 notinv - noncomm - minus1 w5 ps 7,13,17,19,23 nfail 0 fails -
RES H 6535 15 22 3 1,6,10,11,15,66,110,165 nops 2 ops 1,w2 notinv - noncomm - minus1 w2 ps 7,13,17,19,23 nfail 0 fails -
RES U 6489 15 22 3 1,2,55,110 nops 4 ops 1,w3,w5,w15 notinv - noncomm - minus1 - ps 7,13,17,19,23 nfail 0 fails -
RES U 6522 15 22 3 1,5,11,55 nops 4 ops 1,w2,w3,w6 notinv - noncomm - minus1 - ps 7,13,17,19,23 nfail 0 fails -
DONE 15 22 1.000
LEVEL 15 23 dimDnew 34 tall 0.410 ncurves 1
RES U 6548 15 23 3 1,5,23,115 nops 2 ops 1,w3 notinv - noncomm - minus1 - ps 2,7,11,13,17,19 nfail 0 fails -
DONE 15 23 0.430
LEVEL 15 26 dimDnew 58 tall 1.070 ncurves 7
RES H 6590 15 26 3 1,2,3,5,6,10,15,30 nops 2 ops 1,w13 notinv - noncomm - minus1 w13 ps 7,11,17,19,23 nfail 0 fails -
RES H 6593 15 26 3 1,2,15,30,39,65,78,130 nops 2 ops 1,w3 notinv - noncomm - minus1 w3 ps 7,11,17,19,23 nfail 0 fails -
RES H 6597 15 26 3 1,6,10,15,26,39,65,390 nops 2 ops 1,w2 notinv - noncomm - minus1 w2 ps 7,11,17,19,23 nfail 0 fails -
RES H 6598 15 26 3 1,2,3,6,13,26,39,78 nops 2 ops 1,w5 notinv - noncomm - minus1 w5 ps 7,11,17,19,23 nfail 0 fails -
RES H 6602 15 26 3 1,2,5,10,13,26,65,130 nops 2 ops 1,w3 notinv - noncomm - minus1 w3 ps 7,11,17,19,23 nfail 0 fails -
RES U 6575 15 26 3 1,2,195,390 nops 4 ops 1,w3,w5,w13 notinv - noncomm - minus1 - ps 7,11,17,19,23 nfail 0 fails -
RES U 6583 15 26 3 1,10,78,195 nops 4 ops 1,w2,w3,w6 notinv - noncomm - minus1 - ps 7,11,17,19,23 nfail 0 fails -
DONE 15 26 1.170
LEVEL 15 28 dimDnew 66 tall 1.310 ncurves 8
RES U 6615 15 28 5 1,7,12,84 nops 4 ops 1,w3,w5,w15 notinv - noncomm - minus1 - ps - nfail 0 fails -
RES U 6616 15 28 4 1,7,60,420 nops 4 ops 1,w3,w4,w5 notinv - noncomm - minus1 - ps - nfail 0 fails -
RES U 6617 15 28 5 1,3,7,21 nops 6 ops 1,w4,w5,w20,S2*w1,S2*w5 notinv - noncomm - minus1 - ps - nfail 0 fails -
RES U 6640 15 28 3 1,3,5,7,15,21,35,105 nops 3 ops 1,w4,S2*w1 notinv - noncomm - minus1 - ps 11,13,17,19,23 nfail 0 fails -
RES U 6645 15 28 3 1,3,5,15,28,84,140,420 nops 2 ops 1,w4 notinv - noncomm - minus1 - ps 11,13,17,19,23 nfail 0 fails -
RES U 6648 15 28 3 1,12,15,20,21,28,35,420 nops 2 ops 1,w3 notinv - noncomm - minus1 - ps 11,13,17,19,23 nfail 0 fails -
RES U 6652 15 28 3 1,7,12,15,20,84,105,140 nops 2 ops 1,w3 notinv - noncomm - minus1 - ps 11,13,17,19,23 nfail 0 fails -
RES U 6653 15 28 3 1,4,5,7,20,28,35,140 nops 2 ops 1,w3 notinv - noncomm - minus1 - ps 11,13,17,19,23 nfail 0 fails -
DONE 15 28 1.430
LEVEL 15 29 dimDnew 42 tall 0.640 ncurves 4
RES H 6663 15 29 3 1,3,29,87 nops 2 ops 1,w5 notinv - noncomm - minus1 w5 ps 2,7,11,13,17,19,23 nfail 0 fails -
RES H 6664 15 29 4 1,15,29,435 nops 2 ops 1,w3 notinv - noncomm - minus1 w3 ps 2 nfail 0 fails -
RES H 6665 15 29 4 1,5,29,145 nops 2 ops 1,w3 notinv - noncomm - minus1 w3 ps 2 nfail 0 fails -
RES H 6666 15 29 6 1,3,5,15 nops 2 ops 1,w29 notinv - noncomm - minus1 w29 ps 2 nfail 0 fails -
DONE 15 29 0.690
LEVEL 15 31 dimDnew 42 tall 0.670 ncurves 1
RES U 6675 15 31 3 1,3,155,465 nops 2 ops 1,w5 notinv - noncomm - minus1 - ps 2,7,11,13,17,19,23 nfail 0 fails -
DONE 15 31 0.710
LEVEL 15 34 dimDnew 74 tall 1.460 ncurves 11
RES H 6711 15 34 6 1,15,34,510 nops 4 ops 1,w2,w3,w6 notinv - noncomm - minus1 w2 ps - nfail 0 fails -
RES H 6712 15 34 3 1,30,34,255 nops 4 ops 1,w2,w3,w5 notinv - noncomm - minus1 w2 ps 7,11,13,19,23 nfail 0 fails -
RES H 6723 15 34 4 1,2,3,5,6,10,15,30 nops 2 ops 1,w17 notinv - noncomm - minus1 w17 ps - nfail 0 fails -
RES H 6726 15 34 3 1,2,15,30,51,85,102,170 nops 2 ops 1,w3 notinv - noncomm - minus1 w3 ps 7,11,13,19,23 nfail 0 fails -
RES H 6727 15 34 3 1,3,5,15,34,102,170,510 nops 2 ops 1,w2 notinv - noncomm - minus1 w2 ps 7,11,13,19,23 nfail 0 fails -
RES H 6730 15 34 3 1,6,10,15,34,51,85,510 nops 2 ops 1,w2 notinv - noncomm - minus1 w2 ps 7,11,13,19,23 nfail 0 fails -
RES H 6731 15 34 5 1,2,3,6,17,34,51,102 nops 2 ops 1,w5 notinv - noncomm - minus1 w5 ps - nfail 0 fails -
RES H 6733 15 34 4 1,3,10,17,30,51,170,510 nops 2 ops 1,w2 notinv - noncomm - minus1 w2 ps - nfail 0 fails -
RES H 6735 15 34 5 1,2,5,10,17,34,85,170 nops 2 ops 1,w3 notinv - noncomm - minus1 w3 ps - nfail 0 fails -
RES H 6736 15 34 3 1,5,6,17,30,85,102,510 nops 2 ops 1,w2 notinv - noncomm - minus1 w2 ps 7,11,13,19,23 nfail 0 fails -
RES K7 6716 15 34 3 1,10,102,255 nops 4 ops 1,w2,w3,w6 notinv - noncomm - minus1 - ps 7,11,13,19,23 nfail 5 fails 1:7:[1,-2,21,-28,147,-98,343];w2:7:[1,2,21,28,147,98,343];w2:13:[1,8,59,224,767,1352,2197];w3:7:[1,2,21,28,147,98,343];w6:7:[1,-2,21,-28,147,-98,343]
DONE 15 34 1.640
LEVEL 15 38 dimDnew 82 tall 1.840 ncurves 6
RES K11 6784 15 38 3 1,2,5,10,57,114,285,570 nops 2 ops 1,w3 notinv - noncomm - minus1 - ps 7,11,13,17,23 nfail 1 fails 1:11:[1,10,65,252,715,1210,1331]
RES U 6786 15 38 3 1,3,5,15,38,114,190,570 nops 2 ops 1,w2 notinv - noncomm - minus1 - ps 7,11,13,17,23 nfail 0 fails -
RES U 6789 15 38 3 1,6,10,15,38,57,95,570 nops 2 ops 1,w2 notinv - noncomm - minus1 - ps 7,11,13,17,23 nfail 1 fails w2:13:[1,14,101,448,1313,2366,2197]
RES U 6791 15 38 3 1,2,15,19,30,38,285,570 nops 2 ops 1,w3 notinv - noncomm - minus1 - ps 7,11,13,17,23 nfail 0 fails -
RES U 6792 15 38 3 1,3,10,19,30,57,190,570 nops 2 ops 1,w2 notinv - noncomm - minus1 - ps 7,11,13,17,23 nfail 0 fails -
RES U 6793 15 38 3 1,6,10,15,19,114,190,285 nops 2 ops 1,w2 notinv - noncomm - minus1 - ps 7,11,13,17,23 nfail 0 fails -
DONE 15 38 2.010
LEVEL 15 41 dimDnew 58 tall 0.900 ncurves 4
RES H 6797 15 41 6 1,3,41,123 nops 2 ops 1,w5 notinv - noncomm - minus1 w5 ps 2 nfail 0 fails -
RES H 6798 15 41 3 1,15,41,615 nops 2 ops 1,w3 notinv - noncomm - minus1 w3 ps 2,7,11,13,17,19,23 nfail 0 fails -
RES H 6799 15 41 6 1,5,41,205 nops 2 ops 1,w3 notinv - noncomm - minus1 w3 ps 2 nfail 0 fails -
RES H 6803 15 41 4 1,15,123,205 nops 2 ops 1,w3 notinv - noncomm - minus1 w3 ps 2 nfail 0 fails -
DONE 15 41 0.950
LEVEL 15 44 dimDnew 98 tall 2.470 ncurves 3
RES U 6819 15 44 3 1,3,20,44,55,60,132,165 nops 2 ops 1,w4 notinv - noncomm - minus1 - ps 7,13,17,19,23 nfail 0 fails -
RES U 6821 15 44 3 1,12,15,20,33,44,55,660 nops 2 ops 1,w3 notinv - noncomm - minus1 - ps 7,13,17,19,23 nfail 0 fails -
RES U 6826 15 44 3 1,4,5,11,20,44,55,220 nops 2 ops 1,w3 notinv - noncomm - minus1 - ps 7,13,17,19,23 nfail 0 fails -
DONE 15 44 2.580
LEVEL 15 46 dimDnew 98 tall 2.920 ncurves 3
RES K19 6837 15 46 3 1,6,10,15,46,69,115,690 nops 2 ops 1,w2 notinv - noncomm - minus1 - ps 7,11,13,17,19 nfail 2 fails 1:19:[1,-2,57,-76,1083,-722,6859];w2:19:[1,-2,57,-76,1083,-722,6859]
RES U 6835 15 46 3 1,3,10,30,46,115,138,345 nops 2 ops 1,w2 notinv - noncomm - minus1 - ps 7,11,13,17,19 nfail 0 fails -
RES U 6843 15 46 3 1,5,6,23,30,115,138,690 nops 2 ops 1,w2 notinv - noncomm - minus1 - ps 7,11,13,17,19 nfail 0 fails -
DONE 15 46 3.090
LEVEL 15 56 dimDnew 130 tall 4.940 ncurves 1
RES H 6897 15 56 4 1,7,15,24,40,105,168,280 nops 4 ops 1,w3,V2*w1,V2*w3 notinv - noncomm - minus1 V2*w3 ps - nfail 0 fails -
DONE 15 56 5.140
LEVEL 15 58 dimDnew 122 tall 6.110 ncurves 1
RES U 6904 15 58 3 1,2,5,10,87,174,435,870 nops 2 ops 1,w3 notinv - noncomm - minus1 - ps 7,11,13,17,19,23 nfail 0 fails -
DONE 15 58 6.270
LEVEL 15 86 dimDnew 178 tall 25.580 ncurves 1
RES U 7013 15 86 3 1,2,3,5,6,10,15,30,43,86,129,215,258,430,645,1290 nops 1 ops 1 notinv - noncomm - minus1 - ps 7,11,13,17,19,23 nfail 0 fails -
DONE 15 86 26.920
LEVEL 15 88 dimDnew 194 tall 28.510 ncurves 1
RES H 7014 15 88 3 1,3,5,8,11,15,24,33,40,55,88,120,165,264,440,1320 nops 2 ops 1,V2*w1 notinv - noncomm - minus1 V2*w1 ps 7,13,17,19,23 nfail 0 fails -
DONE 15 88 29.920
LEVEL 15 98 dimDnew 226 tall 81.170 ncurves 1
RES U 7035 15 98 3 1,2,3,5,6,10,15,30,49,98,147,245,294,490,735,1470 nops 1 ops 1 notinv - noncomm - minus1 - ps 11,13,17,19,23 nfail 0 fails -
DONE 15 98 84.110
LEVEL 15 119 dimDnew 194 tall 94.780 ncurves 1
RES U 7046 15 119 3 1,3,5,7,15,17,21,35,51,85,105,119,255,357,595,1785 nops 1 ops 1 notinv - noncomm - minus1 - ps 2,11,13,19,23 nfail 0 fails -
DONE 15 119 98.520
LEVEL 15 122 dimDnew 250 tall 314.760 ncurves 1
RES K13 7047 15 122 3 1,2,3,5,6,10,15,30,61,122,183,305,366,610,915,1830 nops 1 ops 1 notinv - noncomm - minus1 - ps 7,11,13,17,19,23 nfail 1 fails 1:13:[1,9,63,254,819,1521,2197]
DONE 15 122 325.110
LEVEL 15 146 dimDnew 298 tall 505.850 ncurves 1
RES U 7054 15 146 4 1,2,3,5,6,10,15,30,73,146,219,365,438,730,1095,2190 nops 1 ops 1 notinv - noncomm - minus1 - ps - nfail 0 fails -
DONE 15 146 523.920
LEVEL 21 2 dimDnew 6 tall 0.370 ncurves 1
RES H 7071 21 2 3 1 nops 8 ops 1,w2,w3,w6,w7,w14,w21,w42 notinv - noncomm - minus1 w7 ps 5,11,13,17,19,23 nfail 0 fails -
DONE 21 2 0.410
LEVEL 21 4 dimDnew 14 tall 0.470 ncurves 3
RES H 7088 21 4 3 1,4 nops 4 ops 1,w3,w7,w21 notinv - noncomm - minus1 w7 ps 5,11,13,17,19,23 nfail 0 fails -
RES H 7089 21 4 3 1,28 nops 4 ops 1,w3,w4,w12 notinv - noncomm - minus1 w4 ps 5,11,13,17,19,23 nfail 0 fails -
RES H 7090 21 4 4 1,12 nops 4 ops 1,w3,w7,w21 notinv - noncomm - minus1 w7 ps 5 nfail 0 fails -
DONE 21 4 0.510
LEVEL 21 5 dimDnew 10 tall 0.430 ncurves 3
RES H 7108 21 5 3 1,5 nops 4 ops 1,w3,w7,w21 notinv - noncomm - minus1 w21 ps 2,11,13,17,19,23 nfail 0 fails -
RES H 7109 21 5 3 1,35 nops 4 ops 1,w3,w5,w15 notinv - noncomm - minus1 w15 ps 2,11,13,17,19,23 nfail 0 fails -
RES H 7110 21 5 3 1,7 nops 4 ops 1,w3,w5,w15 notinv - noncomm - minus1 w15 ps 2,11,13,17,19,23 nfail 0 fails -
DONE 21 5 0.460
LEVEL 21 8 dimDnew 26 tall 0.660 ncurves 2
RES H 7125 21 8 3 1,7 nops 10 ops 1,w3,w8,w24,S2*w1,S2*w3,V2*w1,V2*w3,V2*w8,V2*w24 notinv S2*V2*w1,S2*V2*w3,S2*V2*w21,V2*S2*w1,V2*S2*w3,V2*S2*w21 noncomm - minus1 V2*w24 ps 5,11,13,17,19,23 nfail 0 fails -
RES H 7130 21 8 3 1,8,21,168 nops 4 ops 1,w3,V2*w1,V2*w3 notinv - noncomm - minus1 V2*w1 ps 5,11,13,17,19,23 nfail 0 fails -
DONE 21 8 0.700
LEVEL 21 10 dimDnew 34 tall 0.660 ncurves 10
RES H 7150 21 10 3 1,2,35,70 nops 4 ops 1,w3,w5,w15 notinv - noncomm - minus1 w15 ps 11,13,17,19,23 nfail 0 fails -
RES H 7156 21 10 4 1,30,35,42 nops 4 ops 1,w2,w3,w5 notinv - noncomm - minus1 w2 ps - nfail 0 fails -
RES H 7157 21 10 4 1,2,7,14 nops 4 ops 1,w3,w5,w15 notinv - noncomm - minus1 w15 ps - nfail 0 fails -
RES H 7160 21 10 3 1,7,30,210 nops 4 ops 1,w2,w3,w5 notinv - noncomm - minus1 w2 ps 11,13,17,19,23 nfail 0 fails -
RES H 7168 21 10 3 1,2,21,42 nops 4 ops 1,w3,w5,w15 notinv - noncomm - minus1 w15 ps 11,13,17,19,23 nfail 0 fails -
RES H 7174 21 10 3 1,14,30,105 nops 4 ops 1,w2,w3,w5 notinv - noncomm - minus1 w2 ps 11,13,17,19,23 nfail 0 fails -
RES U 7163 21 10 3 1,3,5,15 nops 4 ops 1,w2,w7,w14 notinv - noncomm - minus1 - ps 11,13,17,19,23 nfail 0 fails -
RES U 7176 21 10 3 1,10,21,210 nops 4 ops 1,w2,w3,w6 notinv - noncomm - minus1 - ps 11,13,17,19,23 nfail 0 fails -
RES U 7177 21 10 3 1,6,10,15 nops 4 ops 1,w2,w7,w14 notinv - noncomm - minus1 - ps 11,13,17,19,23 nfail 0 fails -
RES U 7182 21 10 3 1,6,70,105 nops 4 ops 1,w2,w5,w7 notinv - noncomm - minus1 - ps 11,13,17,19,23 nfail 0 fails -
DONE 21 10 0.720
LEVEL 21 11 dimDnew 26 tall 0.500 ncurves 5
RES H 7202 21 11 5 1,21 nops 4 ops 1,w3,w11,w33 notinv - noncomm - minus1 w11 ps 2 nfail 0 fails -
RES H 7204 21 11 5 1,7 nops 4 ops 1,w3,w11,w33 notinv - noncomm - minus1 w33 ps 2 nfail 0 fails -
RES H 7207 21 11 4 1,3,11,33 nops 2 ops 1,w7 notinv - noncomm - minus1 w7 ps 2,5 nfail 0 fails -
RES H 7209 21 11 3 1,7,11,77 nops 2 ops 1,w3 notinv - noncomm - minus1 w3 ps 2,5,13,17,19,23 nfail 0 fails -
RES H 7213 21 11 3 1,21,33,77 nops 2 ops 1,w3 notinv - noncomm - minus1 w3 ps 2,5,13,17,19,23 nfail 0 fails -
DONE 21 11 0.540
LEVEL 21 13 dimDnew 26 tall 0.520 ncurves 4
RES H 7216 21 13 3 1,39 nops 4 ops 1,w3,w7,w21 notinv - noncomm - minus1 w21 ps 2,5,11,17,19,23 nfail 0 fails -
RES H 7220 21 13 3 1,91 nops 4 ops 1,w3,w7,w21 notinv - noncomm - minus1 w21 ps 2,5,11,17,19,23 nfail 0 fails -
RES H 7223 21 13 3 1,13,21,273 nops 2 ops 1,w3 notinv - noncomm - minus1 w3 ps 2,5,11,17,19,23 nfail 0 fails -
RES H 7225 21 13 4 1,3,7,21 nops 2 ops 1,w13 notinv - noncomm - minus1 w13 ps 2,5 nfail 0 fails -
DONE 21 13 0.560
LEVEL 21 16 dimDnew 50 tall 0.750 ncurves 1
RES U 7231 21 16 3 1,7,48,336 nops 4 ops 1,w3,V2*w1,V2*w3 notinv - noncomm - minus1 - ps 5,11,13,17,19,23 nfail 2 fails V2*w1:5:[1,-4,19,-40,95,-100,125];V2*w3:5:[1,4,19,40,95,100,125]
DONE 21 16 0.800
LEVEL 21 17 dimDnew 34 tall 0.500 ncurves 1
RES U 7245 21 17 3 1,3,17,51 nops 2 ops 1,w7 notinv - noncomm - minus1 - ps 2,5,11,13,19,23 nfail 0 fails -
DONE 21 17 0.520
LEVEL 21 19 dimDnew 42 tall 0.500 ncurves 4
RES H 7260 21 19 5 1,3,19,57 nops 2 ops 1,w7 notinv - noncomm - minus1 w7 ps 2 nfail 0 fails -
RES H 7262 21 19 5 1,7,19,133 nops 2 ops 1,w3 notinv - noncomm - minus1 w3 ps 2 nfail 0 fails -
RES H 7263 21 19 5 1,3,7,21 nops 2 ops 1,w19 notinv - noncomm - minus1 w19 ps 2 nfail 0 fails -
RES H 7266 21 19 3 1,21,57,133 nops 2 ops 1,w3 notinv - noncomm - minus1 w3 ps 2,5,11,13,17,23 nfail 0 fails -
DONE 21 19 0.540
LEVEL 21 20 dimDnew 74 tall 1.330 ncurves 6
RES U 7292 21 20 5 1,15,28,420 nops 4 ops 1,w3,w4,w12 notinv - noncomm - minus1 - ps - nfail 0 fails -
RES U 7300 21 20 5 1,15,84,140 nops 4 ops 1,w3,w4,w7 notinv - noncomm - minus1 - ps - nfail 0 fails -
RES U 7304 21 20 3 1,3,4,5,12,15,20,60 nops 2 ops 1,w7 notinv - noncomm - minus1 - ps 11,13,17,19,23 nfail 0 fails -
RES U 7311 21 20 3 1,12,15,20,21,28,35,420 nops 2 ops 1,w3 notinv - noncomm - minus1 - ps 11,13,17,19,23 nfail 0 fails -
RES U 7315 21 20 3 1,7,12,15,20,84,105,140 nops 2 ops 1,w3 notinv - noncomm - minus1 - ps 11,13,17,19,23 nfail 0 fails -
RES U 7317 21 20 3 1,5,7,12,35,60,84,420 nops 2 ops 1,w3 notinv - noncomm - minus1 - ps 11,13,17,19,23 nfail 0 fails -
DONE 21 20 1.430
LEVEL 21 22 dimDnew 74 tall 1.250 ncurves 10
RES H 7321 21 22 5 1,7,22,154 nops 4 ops 1,w2,w3,w6 notinv - noncomm - minus1 w6 ps - nfail 0 fails -
RES H 7344 21 22 3 1,22,42,231 nops 4 ops 1,w2,w3,w6 notinv - noncomm - minus1 w6 ps 5,13,17,19,23 nfail 0 fails -
RES H 7355 21 22 4 1,2,3,6,7,14,21,42 nops 2 ops 1,w11 notinv - noncomm - minus1 w11 ps 5 nfail 0 fails -
RES H 7358 21 22 4 1,2,21,33,42,66,77,154 nops 2 ops 1,w3 notinv - noncomm - minus1 w3 ps 5 nfail 0 fails -
RES H 7362 21 22 4 1,6,14,21,22,33,77,462 nops 2 ops 1,w2 notinv - noncomm - minus1 w2 ps 5 nfail 0 fails -
RES H 7363 21 22 5 1,2,3,6,11,22,33,66 nops 2 ops 1,w7 notinv - noncomm - minus1 w7 ps - nfail 0 fails -
RES H 7365 21 22 4 1,3,11,14,33,42,154,462 nops 2 ops 1,w2 notinv - noncomm - minus1 w2 ps 5 nfail 0 fails -
RES H 7367 21 22 3 1,2,7,11,14,22,77,154 nops 2 ops 1,w3 notinv - noncomm - minus1 w3 ps 5,13,17,19,23 nfail 0 fails -
RES H 7368 21 22 4 1,6,7,11,42,66,77,462 nops 2 ops 1,w2 notinv - noncomm - minus1 w2 ps 5 nfail 0 fails -
RES K5 7340 21 22 3 1,2,231,462 nops 4 ops 1,w3,w7,w11 notinv - noncomm - minus1 - ps 5,13,17,19,23 nfail 4 fails 1:5:[1,4,19,40,95,100,125];1:17:[1,16,135,688,2295,4624,4913];w7:19:[1,14,121,628,2299,5054,6859];w11:5:[1,-4,19,-40,95,-100,125]
DONE 21 22 1.390
LEVEL 21 26 dimDnew 82 tall 1.890 ncurves 8
RES H 7387 21 26 5 1,2,3,6,7,14,21,42 nops 2 ops 1,w13 notinv - noncomm - minus1 w13 ps - nfail 0 fails -
RES H 7391 21 26 4 1,3,7,21,26,78,182,546 nops 2 ops 1,w2 notinv - noncomm - minus1 w2 ps 5 nfail 0 fails -
RES H 7392 21 26 3 1,3,14,26,42,78,91,273 nops 2 ops 1,w2 notinv - noncomm - minus1 w2 ps 5,11,17,19,23 nfail 0 fails -
RES H 7393 21 26 3 1,6,7,26,39,42,182,273 nops 2 ops 1,w2 notinv - noncomm - minus1 w2 ps 5,11,17,19,23 nfail 0 fails -
RES H 7395 21 26 3 1,2,3,6,13,26,39,78 nops 2 ops 1,w7 notinv - noncomm - minus1 w7 ps 5,11,17,19,23 nfail 0 fails -
RES H 7396 21 26 3 1,2,13,21,26,42,273,546 nops 2 ops 1,w3 notinv - noncomm - minus1 w3 ps 5,11,17,19,23 nfail 0 fails -
RES H 7398 21 26 5 1,6,13,14,21,78,182,273 nops 2 ops 1,w2 notinv - noncomm - minus1 w2 ps - nfail 0 fails -
RES H 7399 21 26 4 1,2,7,13,14,26,91,182 nops 2 ops 1,w3 notinv - noncomm - minus1 w3 ps 5 nfail 0 fails -
DONE 21 26 2.120
LEVEL 21 29 dimDnew 58 tall 0.910 ncurves 1
RES U 7409 21 29 3 1,3,7,21,29,87,203,609 nops 1 ops 1 notinv - noncomm - minus1 - ps 2,5,11,13,17,19,23 nfail 0 fails -
DONE 21 29 0.950
LEVEL 21 34 dimDnew 106 tall 3.030 ncurves 2
RES U 7422 21 34 3 1,2,7,14,51,102,357,714 nops 2 ops 1,w3 notinv - noncomm - minus1 - ps 5,11,13,19,23 nfail 0 fails -
RES U 7430 21 34 3 1,3,14,17,42,51,238,714 nops 2 ops 1,w2 notinv - noncomm - minus1 - ps 5,11,13,19,23 nfail 0 fails -
DONE 21 34 3.180
LEVEL 21 38 dimDnew 122 tall 3.440 ncurves 4
RES K5 7455 21 38 3 1,6,14,19,21,114,266,399 nops 2 ops 1,w2 notinv - noncomm - minus1 - ps 5,11,13,17,23 nfail 2 fails 1:5:[1,4,19,40,95,100,125];1:11:[1,10,65,252,715,1210,1331]
RES U 7445 21 38 3 1,2,3,6,133,266,399,798 nops 2 ops 1,w7 notinv - noncomm - minus1 - ps 5,11,13,17,23 nfail 0 fails -
RES U 7449 21 38 3 1,3,14,38,42,114,133,399 nops 2 ops 1,w2 notinv - noncomm - minus1 - ps 5,11,13,17,23 nfail 0 fails -
RES U 7453 21 38 3 1,2,19,21,38,42,399,798 nops 2 ops 1,w3 notinv - noncomm - minus1 - ps 5,11,13,17,23 nfail 0 fails -
DONE 21 38 3.760
LEVEL 21 40 dimDnew 146 tall 6.620 ncurves 1
RES H 7474 21 40 3 1,3,5,7,8,15,21,24,35,40,56,105,120,168,280,840 nops 2 ops 1,V2*w1 notinv - noncomm - minus1 V2*w1 ps 11,13,17,19,23 nfail 0 fails -
DONE 21 40 6.870
LEVEL 21 50 dimDnew 178 tall 13.660 ncurves 1
RES U 7510 21 50 3 1,2,3,6,7,14,21,25,42,50,75,150,175,350,525,1050 nops 1 ops 1 notinv - noncomm - minus1 - ps 11,13,17,19,23 nfail 0 fails -
DONE 21 50 14.340
LEVEL 21 58 dimDnew 178 tall 16.230 ncurves 1
RES U 7529 21 58 3 1,2,3,6,7,14,21,29,42,58,87,174,203,406,609,1218 nops 1 ops 1 notinv - noncomm - minus1 - ps 5,11,13,17,19,23 nfail 0 fails -
DONE 21 58 17.160
LEVEL 21 59 dimDnew 122 tall 2.030 ncurves 1
RES K2 7530 21 59 4 1,3,7,21,59,177,413,1239 nops 1 ops 1 notinv - noncomm - minus1 - ps 2,5 nfail 2 fails 1:2:[1,3,7,12,19,24,28,24,16];1:5:[1,6,29,89,236,445,725,750,625]
DONE 21 59 2.120
LEVEL 21 62 dimDnew 194 tall 42.230 ncurves 1
RES U 7532 21 62 3 1,2,3,6,7,14,21,31,42,62,93,186,217,434,651,1302 nops 1 ops 1 notinv - noncomm - minus1 - ps 5,11,13,17,19,23 nfail 0 fails -
DONE 21 62 43.840
LEVEL 21 74 dimDnew 226 tall 97.420 ncurves 1
RES U 7538 21 74 4 1,2,3,6,7,14,21,37,42,74,111,222,259,518,777,1554 nops 1 ops 1 notinv - noncomm - minus1 - ps 5 nfail 0 fails -
DONE 21 74 103.290
LEVEL 22 3 dimDnew 6 tall 0.400 ncurves 1
RES H 7557 22 3 3 1 nops 8 ops 1,w2,w3,w6,w11,w22,w33,w66 notinv - noncomm - minus1 w66 ps 5,7,13,17,19,23 nfail 0 fails -
DONE 22 3 0.430
LEVEL 22 5 dimDnew 10 tall 0.430 ncurves 4
RES H 7573 22 5 5 1 nops 8 ops 1,w2,w5,w10,w11,w22,w55,w110 notinv - noncomm - minus1 w110 ps - nfail 0 fails -
RES H 7575 22 5 3 1,22 nops 4 ops 1,w2,w5,w10 notinv - noncomm - minus1 w5 ps 3,7,13,17,19,23 nfail 0 fails -
RES H 7576 22 5 3 1,10 nops 4 ops 1,w2,w11,w22 notinv - noncomm - minus1 w11 ps 3,7,13,17,19,23 nfail 0 fails -
RES H 7579 22 5 3 1,55 nops 4 ops 1,w2,w5,w10 notinv - noncomm - minus1 w2 ps 3,7,13,17,19,23 nfail 0 fails -
DONE 22 5 0.470
LEVEL 22 7 dimDnew 10 tall 0.480 ncurves 3
RES H 7590 22 7 3 1,2 nops 4 ops 1,w7,w11,w77 notinv - noncomm - minus1 w77 ps 3,5,13,17,19,23 nfail 0 fails -
RES H 7591 22 7 3 1,22 nops 4 ops 1,w2,w7,w14 notinv - noncomm - minus1 w14 ps 3,5,13,17,19,23 nfail 0 fails -
RES H 7596 22 7 3 1,11 nops 4 ops 1,w2,w7,w14 notinv - noncomm - minus1 w14 ps 3,5,13,17,19,23 nfail 0 fails -
DONE 22 7 0.520
LEVEL 22 9 dimDnew 22 tall 0.700 ncurves 1
RES U 7616 22 9 3 1,2,9,18 nops 4 ops 1,w11,V3*w1,V3*w11 notinv - noncomm - minus1 - ps 5,7,13,17,19,23 nfail 0 fails -
DONE 22 9 0.730
LEVEL 22 13 dimDnew 18 tall 0.470 ncurves 2
RES H 7625 22 13 5 1,11 nops 4 ops 1,w2,w13,w26 notinv - noncomm - minus1 w26 ps - nfail 0 fails -
RES H 7630 22 13 3 1,11,13,143 nops 2 ops 1,w2 notinv - noncomm - minus1 w2 ps 3,5,7,17,19,23 nfail 0 fails -
DONE 22 13 0.500
LEVEL 22 15 dimDnew 42 tall 0.880 ncurves 11
RES H 7661 22 15 3 1,6,11,66 nops 4 ops 1,w2,w5,w10 notinv - noncomm - minus1 w10 ps 7,13,17,19,23 nfail 0 fails -
RES H 7664 22 15 4 1,11,15,165 nops 4 ops 1,w2,w3,w6 notinv - noncomm - minus1 w6 ps - nfail 0 fails -
RES H 7665 22 15 5 1,3,5,15 nops 4 ops 1,w2,w11,w22 notinv - noncomm - minus1 w22 ps - nfail 0 fails -
RES H 7673 22 15 4 1,3,22,66 nops 4 ops 1,w2,w5,w10 notinv - noncomm - minus1 w5 ps - nfail 0 fails -
RES H 7675 22 15 5 1,15,22,330 nops 4 ops 1,w2,w3,w6 notinv - noncomm - minus1 w3 ps - nfail 0 fails -
RES H 7679 22 15 6 1,6,10,15 nops 4 ops 1,w2,w11,w22 notinv - noncomm - minus1 w11 ps - nfail 0 fails -
RES H 7680 22 15 3 1,10,66,165 nops 4 ops 1,w2,w3,w6 notinv - noncomm - minus1 w6 ps 7,13,17,19,23 nfail 0 fails -
RES H 7687 22 15 3 1,2,3,5,6,10,15,30 nops 2 ops 1,w11 notinv - noncomm - minus1 w11 ps 7,13,17,19,23 nfail 0 fails -
RES H 7694 22 15 3 1,6,10,15,22,33,55,330 nops 2 ops 1,w2 notinv - noncomm - minus1 w2 ps 7,13,17,19,23 nfail 0 fails -
RES K13 7682 22 15 3 1,30,33,110 nops 4 ops 1,w2,w3,w5 notinv - noncomm - minus1 - ps 7,13,17,19,23 nfail 1 fails 1:13:[1,8,59,224,767,1352,2197]
RES U 7652 22 15 3 1,2,55,110 nops 4 ops 1,w3,w5,w15 notinv - noncomm - minus1 - ps 7,13,17,19,23 nfail 0 fails -
DONE 22 15 0.960
LEVEL 22 17 dimDnew 30 tall 0.540 ncurves 5
RES H 7703 22 17 6 1,34 nops 4 ops 1,w2,w11,w22 notinv - noncomm - minus1 w11 ps - nfail 0 fails -
RES H 7709 22 17 3 1,2,17,34 nops 2 ops 1,w11 notinv - noncomm - minus1 w11 ps 3,5,7,13,19,23 nfail 0 fails -
RES H 7711 22 17 4 1,11,17,187 nops 2 ops 1,w2 notinv - noncomm - minus1 w2 ps 3,5 nfail 0 fails -
RES H 7712 22 17 4 1,2,11,22 nops 2 ops 1,w17 notinv - noncomm - minus1 w17 ps 3,5 nfail 0 fails -
RES H 7715 22 17 3 1,22,34,187 nops 2 ops 1,w2 notinv - noncomm - minus1 w2 ps 3,5,7,13,19,23 nfail 0 fails -
DONE 22 17 0.580
LEVEL 22 19 dimDnew 30 tall 0.570 ncurves 5
RES H 7718 22 19 5 1,38 nops 4 ops 1,w2,w11,w22 notinv - noncomm - minus1 w22 ps - nfail 0 fails -
RES H 7722 22 19 3 1,209 nops 4 ops 1,w2,w11,w22 notinv - noncomm - minus1 w22 ps 3,5,7,13,17,23 nfail 0 fails -
RES H 7724 22 19 3 1,2,19,38 nops 2 ops 1,w11 notinv - noncomm - minus1 w11 ps 3,5,7,13,17,23 nfail 0 fails -
RES H 7725 22 19 3 1,19,22,418 nops 2 ops 1,w2 notinv - noncomm - minus1 w2 ps 3,5,7,13,17,23 nfail 0 fails -
RES H 7727 22 19 4 1,2,11,22 nops 2 ops 1,w19 notinv - noncomm - minus1 w19 ps 3,5 nfail 0 fails -
DONE 22 19 0.610
LEVEL 22 21 dimDnew 50 tall 1.180 ncurves 9
RES H 7735 22 21 3 1,14,22,77 nops 4 ops 1,w2,w3,w6 notinv - noncomm - minus1 w3 ps 5,13,17,19,23 nfail 0 fails -
RES H 7747 22 21 4 1,3,77,231 nops 4 ops 1,w2,w7,w14 notinv - noncomm - minus1 w14 ps 5 nfail 0 fails -
RES H 7754 22 21 4 1,3,22,66 nops 4 ops 1,w2,w7,w14 notinv - noncomm - minus1 w14 ps 5 nfail 0 fails -
RES H 7757 22 21 6 1,22,42,231 nops 4 ops 1,w2,w3,w6 notinv - noncomm - minus1 w3 ps - nfail 0 fails -
RES H 7758 22 21 3 1,3,14,42 nops 4 ops 1,w2,w11,w22 notinv - noncomm - minus1 w22 ps 5,13,17,19,23 nfail 0 fails -
RES H 7761 22 21 3 1,14,66,231 nops 4 ops 1,w2,w3,w6 notinv - noncomm - minus1 w3 ps 5,13,17,19,23 nfail 0 fails -
RES H 7774 22 21 3 1,6,7,22,33,42,154,231 nops 2 ops 1,w2 notinv - noncomm - minus1 w2 ps 5,13,17,19,23 nfail 0 fails -
RES H 7777 22 21 3 1,2,11,21,22,42,231,462 nops 2 ops 1,w3 notinv - noncomm - minus1 w3 ps 5,13,17,19,23 nfail 0 fails -
RES U 7759 22 21 3 1,14,33,462 nops 4 ops 1,w2,w3,w6 notinv - noncomm - minus1 - ps 5,13,17,19,23 nfail 3 fails w2:5:[1,-4,19,-40,95,-100,125];w3:5:[1,4,19,40,95,100,125];w6:13:[1,8,59,224,767,1352,2197]
DONE 22 21 1.270
LEVEL 22 25 dimDnew 50 tall 0.450 ncurves 1
RES U 7803 22 25 5 1,22,25,550 nops 2 ops 1,w2 notinv - noncomm - minus1 - ps - nfail 0 fails -
DONE 22 25 0.450
LEVEL 22 27 dimDnew 62 tall 0.820 ncurves 1
RES U 7810 22 27 4 1,2,297,594 nops 2 ops 1,w11 notinv - noncomm - minus1 - ps 5 nfail 1 fails w11:5:[1,6,28,90,230,450,700,750,625]
DONE 22 27 0.830
LEVEL 22 35 dimDnew 82 tall 1.870 ncurves 8
RES H 7865 22 35 5 1,5,7,11,35,55,77,385 nops 2 ops 1,w2 notinv - noncomm - minus1 w2 ps - nfail 0 fails -
RES H 7866 22 35 4 1,2,5,7,10,14,35,70 nops 2 ops 1,w11 notinv - noncomm - minus1 w11 ps 3 nfail 0 fails -
RES H 7869 22 35 3 1,2,35,55,70,77,110,154 nops 2 ops 1,w5 notinv - noncomm - minus1 w5 ps 3,13,17,19,23 nfail 0 fails -
RES H 7872 22 35 4 1,7,10,22,55,70,154,385 nops 2 ops 1,w2 notinv - noncomm - minus1 w2 ps 3 nfail 0 fails -
RES H 7873 22 35 3 1,10,14,22,35,55,77,770 nops 2 ops 1,w2 notinv - noncomm - minus1 w2 ps 3,13,17,19,23 nfail 0 fails -
RES H 7874 22 35 4 1,2,5,10,11,22,55,110 nops 2 ops 1,w7 notinv - noncomm - minus1 w7 ps 3 nfail 0 fails -
RES H 7875 22 35 3 1,2,11,22,35,70,385,770 nops 2 ops 1,w5 notinv - noncomm - minus1 w5 ps 3,13,17,19,23 nfail 0 fails -
RES H 7878 22 35 4 1,2,7,11,14,22,77,154 nops 2 ops 1,w5 notinv - noncomm - minus1 w5 ps 3 nfail 0 fails -
DONE 22 35 2.040
LEVEL 22 39 dimDnew 90 tall 3.120 ncurves 2
RES U 7894 22 39 3 1,3,11,26,33,78,286,858 nops 2 ops 1,w2 notinv - noncomm - minus1 - ps 5,7,17,19,23 nfail 0 fails -
RES U 7896 22 39 3 1,6,11,26,39,66,286,429 nops 2 ops 1,w2 notinv - noncomm - minus1 - ps 5,7,17,19,23 nfail 0 fails -
DONE 22 39 3.220
LEVEL 22 45 dimDnew 122 tall 4.080 ncurves 2
RES U 7926 22 45 4 1,5,9,22,45,110,198,990 nops 4 ops 1,w2,V3*w1,V3*w2 notinv - noncomm - minus1 - ps - nfail 0 fails -
RES U 7932 22 45 4 1,9,10,11,90,99,110,990 nops 4 ops 1,w2,V3*w1,V3*w2 notinv - noncomm - minus1 - ps - nfail 0 fails -
DONE 22 45 4.260
LEVEL 22 51 dimDnew 122 tall 5.410 ncurves 6
RES K19 7957 22 51 3 1,3,17,22,51,66,374,1122 nops 2 ops 1,w2 notinv - noncomm - minus1 - ps 5,7,13,19,23 nfail 2 fails 1:19:[1,10,89,412,1691,3610,6859];w2:5:[1,4,19,40,95,100,125]
RES U 7948 22 51 3 1,2,3,6,187,374,561,1122 nops 2 ops 1,w11 notinv - noncomm - minus1 - ps 5,7,13,19,23 nfail 0 fails -
RES U 7950 22 51 3 1,2,33,51,66,102,187,374 nops 2 ops 1,w3 notinv - noncomm - minus1 - ps 5,7,13,19,23 nfail 0 fails -
RES U 7951 22 51 3 1,3,11,33,34,102,374,1122 nops 2 ops 1,w2 notinv - noncomm - minus1 - ps 5,7,13,19,23 nfail 0 fails -
RES U 7953 22 51 3 1,6,11,34,51,66,374,561 nops 2 ops 1,w2 notinv - noncomm - minus1 - ps 5,7,13,19,23 nfail 0 fails -
RES U 7958 22 51 3 1,6,17,22,33,102,374,561 nops 2 ops 1,w2 notinv - noncomm - minus1 - ps 5,7,13,19,23 nfail 0 fails -
DONE 22 51 5.990
LEVEL 22 57 dimDnew 130 tall 12.850 ncurves 1
RES U 7971 22 57 3 1,6,22,33,38,57,209,1254 nops 2 ops 1,w2 notinv - noncomm - minus1 - ps 5,7,13,17,23 nfail 0 fails -
DONE 22 57 13.140
LEVEL 22 63 dimDnew 162 tall 12.440 ncurves 1
RES U 7996 22 63 3 1,2,7,9,11,14,18,22,63,77,99,126,154,198,693,1386 nops 2 ops 1,V3*w1 notinv - noncomm - minus1 - ps 5,13,17,19,23 nfail 0 fails -
DONE 22 63 12.960
LEVEL 22 75 dimDnew 202 tall 24.300 ncurves 1
RES U 8032 22 75 4 1,2,3,6,11,22,25,33,50,66,75,150,275,550,825,1650 nops 1 ops 1 notinv - noncomm - minus1 - ps - nfail 0 fails -
DONE 22 75 25.730
LEVEL 22 93 dimDnew 210 tall 186.320 ncurves 1
RES U 8039 22 93 4 1,2,3,6,11,22,31,33,62,66,93,186,341,682,1023,2046 nops 1 ops 1 notinv - noncomm - minus1 - ps 5 nfail 0 fails -
DONE 22 93 192.580
LEVEL 26 3 dimDnew 10 tall 0.420 ncurves 4
RES H 8090 26 3 5 1 nops 8 ops 1,w2,w3,w6,w13,w26,w39,w78 notinv - noncomm - minus1 w26 ps - nfail 0 fails -
RES H 8095 26 3 3 1,3 nops 4 ops 1,w2,w13,w26 notinv - noncomm - minus1 w26 ps 5,7,11,17,19,23 nfail 0 fails -
RES H 8096 26 3 3 1,39 nops 4 ops 1,w2,w3,w6 notinv - noncomm - minus1 w6 ps 5,7,11,17,19,23 nfail 0 fails -
RES H 8097 26 3 3 1,13 nops 4 ops 1,w2,w3,w6 notinv - noncomm - minus1 w2 ps 5,7,11,17,19,23 nfail 0 fails -
DONE 26 3 0.450
LEVEL 26 5 dimDnew 14 tall 0.440 ncurves 3
RES H 8109 26 5 4 1,10 nops 4 ops 1,w2,w13,w26 notinv - noncomm - minus1 w26 ps 3 nfail 0 fails -
RES H 8110 26 5 3 1,130 nops 4 ops 1,w2,w5,w10 notinv - noncomm - minus1 w5 ps 3,7,11,17,19,23 nfail 0 fails -
RES H 8111 26 5 3 1,5 nops 4 ops 1,w2,w13,w26 notinv - noncomm - minus1 w26 ps 3,7,11,17,19,23 nfail 0 fails -
DONE 26 5 0.480
LEVEL 26 7 dimDnew 18 tall 0.460 ncurves 2
RES H 8127 26 7 5 1,7 nops 4 ops 1,w2,w13,w26 notinv - noncomm - minus1 w26 ps - nfail 0 fails -
RES H 8133 26 7 3 1,2,7,14 nops 2 ops 1,w13 notinv - noncomm - minus1 w13 ps 3,5,11,17,19,23 nfail 0 fails -
DONE 26 7 0.490
LEVEL 26 9 dimDnew 26 tall 0.530 ncurves 2
RES H 8147 26 9 3 1,9,13,117 nops 4 ops 1,w2,V3*w1,V3*w2 notinv - noncomm - minus1 w2 ps 5,7,11,17,19,23 nfail 0 fails -
RES H 8148 26 9 3 1,2,9,18 nops 4 ops 1,w13,V3*w1,V3*w13 notinv - noncomm - minus1 w13 ps 5,7,11,17,19,23 nfail 0 fails -
DONE 26 9 0.570
LEVEL 26 15 dimDnew 50 tall 0.960 ncurves 10
RES H 8185 26 15 5 1,15,39,65 nops 4 ops 1,w2,w3,w6 notinv - noncomm - minus1 w6 ps - nfail 0 fails -
RES H 8191 26 15 3 1,6,26,39 nops 4 ops 1,w2,w5,w10 notinv - noncomm - minus1 w10 ps 7,11,17,19,23 nfail 0 fails -
RES H 8195 26 15 5 1,10,39,390 nops 4 ops 1,w2,w3,w6 notinv - noncomm - minus1 w6 ps - nfail 0 fails -
RES H 8196 26 15 6 1,6,10,15 nops 4 ops 1,w2,w13,w26 notinv - noncomm - minus1 w26 ps - nfail 0 fails -
RES H 8204 26 15 3 1,2,3,5,6,10,15,30 nops 2 ops 1,w13 notinv - noncomm - minus1 w13 ps 7,11,17,19,23 nfail 0 fails -
RES H 8207 26 15 3 1,2,15,30,39,65,78,130 nops 2 ops 1,w3 notinv - noncomm - minus1 w3 ps 7,11,17,19,23 nfail 0 fails -
RES H 8214 26 15 3 1,3,10,13,30,39,130,390 nops 2 ops 1,w2 notinv - noncomm - minus1 w2 ps 7,11,17,19,23 nfail 0 fails -
RES H 8215 26 15 3 1,6,10,13,15,78,130,195 nops 2 ops 1,w2 notinv - noncomm - minus1 w2 ps 7,11,17,19,23 nfail 0 fails -
RES U 8170 26 15 3 1,5,26,130 nops 4 ops 1,w2,w3,w6 notinv - noncomm - minus1 - ps 7,11,17,19,23 nfail 0 fails -
RES U 8193 26 15 3 1,26,30,195 nops 4 ops 1,w2,w3,w5 notinv - noncomm - minus1 - ps 7,11,17,19,23 nfail 1 fails w5:17:[1,8,71,288,1207,2312,4913]
DONE 26 15 1.060
LEVEL 26 17 dimDnew 38 tall 0.590 ncurves 5
RES H 8226 26 17 4 1,2,17,34 nops 2 ops 1,w13 notinv - noncomm - minus1 w13 ps 3,5 nfail 0 fails -
RES H 8227 26 17 3 1,17,26,442 nops 2 ops 1,w2 notinv - noncomm - minus1 w2 ps 3,5,7,11,19,23 nfail 0 fails -
RES H 8228 26 17 3 1,13,17,221 nops 2 ops 1,w2 notinv - noncomm - minus1 w2 ps 3,5,7,11,19,23 nfail 0 fails -
RES H 8229 26 17 3 1,2,13,26 nops 2 ops 1,w17 notinv - noncomm - minus1 w17 ps 3,5,7,11,19,23 nfail 0 fails -
RES H 8231 26 17 3 1,13,34,442 nops 2 ops 1,w2 notinv - noncomm - minus1 w2 ps 3,5,7,11,19,23 nfail 0 fails -
DONE 26 17 0.630
LEVEL 26 21 dimDnew 66 tall 1.430 ncurves 12
RES H 8251 26 21 3 1,7,26,182 nops 4 ops 1,w2,w3,w6 notinv - noncomm - minus1 w3 ps 5,11,17,19,23 nfail 0 fails -
RES H 8255 26 21 6 1,7,78,546 nops 4 ops 1,w2,w3,w6 notinv - noncomm - minus1 w3 ps - nfail 0 fails -
RES H 8271 26 21 6 1,3,26,78 nops 4 ops 1,w2,w7,w14 notinv - noncomm - minus1 w7 ps - nfail 0 fails -
RES H 8279 26 21 3 1,3,182,546 nops 4 ops 1,w2,w7,w13 notinv - noncomm - minus1 w7 ps 5,11,17,19,23 nfail 0 fails -
RES H 8281 26 21 5 1,21,78,182 nops 4 ops 1,w2,w3,w6 notinv - noncomm - minus1 w3 ps - nfail 0 fails -
RES H 8284 26 21 4 1,3,7,13,21,39,91,273 nops 2 ops 1,w2 notinv - noncomm - minus1 w2 ps 5 nfail 0 fails -
RES H 8285 26 21 4 1,2,3,6,7,14,21,42 nops 2 ops 1,w13 notinv - noncomm - minus1 w13 ps 5 nfail 0 fails -
RES H 8287 26 21 3 1,2,7,14,39,78,273,546 nops 2 ops 1,w3 notinv - noncomm - minus1 w3 ps 5,11,17,19,23 nfail 0 fails -
RES H 8288 26 21 3 1,2,21,39,42,78,91,182 nops 2 ops 1,w3 notinv - noncomm - minus1 w3 ps 5,11,17,19,23 nfail 0 fails -
RES H 8290 26 21 3 1,3,14,26,42,78,91,273 nops 2 ops 1,w2 notinv - noncomm - minus1 w2 ps 5,11,17,19,23 nfail 0 fails -
RES H 8293 26 21 3 1,2,3,6,13,26,39,78 nops 2 ops 1,w7 notinv - noncomm - minus1 w7 ps 5,11,17,19,23 nfail 0 fails -
RES H 8298 26 21 3 1,6,7,13,42,78,91,546 nops 2 ops 1,w2 notinv - noncomm - minus1 w2 ps 5,11,17,19,23 nfail 0 fails -
DONE 26 21 1.610
LEVEL 26 27 dimDnew 74 tall 1.620 ncurves 1
RES U 8323 26 27 3 1,2,13,26,27,54,351,702 nops 1 ops 1 notinv - noncomm - minus1 - ps 5,7,11,17,19,23 nfail 0 fails -
DONE 26 27 1.670
LEVEL 26 33 dimDnew 98 tall 2.200 ncurves 1
RES U 8345 26 33 5 1,3,11,26,33,78,286,858 nops 2 ops 1,w2 notinv - noncomm - minus1 - ps - nfail 0 fails -
DONE 26 33 2.240
LEVEL 26 35 dimDnew 98 tall 1.820 ncurves 2
RES U 8361 26 35 4 1,5,7,26,35,130,182,910 nops 2 ops 1,w2 notinv - noncomm - minus1 - ps 3 nfail 0 fails -
RES U 8363 26 35 5 1,7,10,26,65,70,182,455 nops 2 ops 1,w2 notinv - noncomm - minus1 - ps - nfail 0 fails -
DONE 26 35 1.890
LEVEL 26 41 dimDnew 86 tall 1.990 ncurves 1
RES U 8380 26 41 3 1,2,13,26,41,82,533,1066 nops 1 ops 1 notinv - noncomm - minus1 - ps 3,5,7,11,17,19,23 nfail 0 fails -
DONE 26 41 2.060
LEVEL 26 45 dimDnew 146 tall 5.720 ncurves 1
RES U 8388 26 45 5 1,9,10,26,65,90,234,585 nops 4 ops 1,w2,V3*w1,V3*w2 notinv - noncomm - minus1 - ps - nfail 0 fails -
DONE 26 45 5.920
LEVEL 26 47 dimDnew 98 tall 1.590 ncurves 1
RES K5 8398 26 47 4 1,2,13,26,47,94,611,1222 nops 1 ops 1 notinv - noncomm - minus1 - ps 3,5 nfail 1 fails 1:5:[1,5,24,67,181,335,600,625,625]
DONE 26 47 1.630
LEVEL 26 51 dimDnew 146 tall 7.460 ncurves 1
RES U 8408 26 51 4 1,6,26,34,39,51,221,1326 nops 2 ops 1,w2 notinv - noncomm - minus1 - ps 5 nfail 0 fails -
DONE 26 51 7.630
LEVEL 26 63 dimDnew 194 tall 20.290 ncurves 1
RES U 8451 26 63 3 1,2,7,9,13,14,18,26,63,91,117,126,182,234,819,1638 nops 2 ops 1,V3*w1 notinv - noncomm - minus1 - ps 5,11,17,19,23 nfail 0 fails -
DONE 26 63 21.190
LEVEL 26 75 dimDnew 242 tall 64.200 ncurves 1
RES U 8456 26 75 4 1,2,3,6,13,25,26,39,50,75,78,150,325,650,975,1950 nops 1 ops 1 notinv - noncomm - minus1 - ps - nfail 0 fails -
DONE 26 75 67.700
LEVEL 26 85 dimDnew 218 tall 49.950 ncurves 1
RES U 8459 26 85 3 1,2,5,10,13,17,26,34,65,85,130,170,221,442,1105,2210 nops 1 ops 1 notinv - noncomm - minus1 - ps 3,7,11,19,23 nfail 0 fails -
DONE 26 85 52.010
LEVEL 26 87 dimDnew 242 tall 201.090 ncurves 1
RES U 8460 26 87 5 1,2,3,6,13,26,29,39,58,78,87,174,377,754,1131,2262 nops 1 ops 1 notinv - noncomm - minus1 - ps - nfail 0 fails -
DONE 26 87 207.750
LEVEL 33 4 dimDnew 22 tall 0.510 ncurves 1
RES U 8501 33 4 3 1,3,11,33 nops 3 ops 1,w4,S2*w1 notinv - noncomm - minus1 - ps 5,7,13,17,19,23 nfail 0 fails -
DONE 33 4 0.540
LEVEL 33 5 dimDnew 18 tall 0.470 ncurves 5
RES H 8508 33 5 5 1,3 nops 4 ops 1,w5,w11,w55 notinv - noncomm - minus1 w55 ps 2 nfail 0 fails -
RES H 8509 33 5 5 1,33 nops 4 ops 1,w3,w5,w15 notinv - noncomm - minus1 w15 ps 2 nfail 0 fails -
RES H 8510 33 5 3 1,15 nops 4 ops 1,w3,w11,w33 notinv - noncomm - minus1 w33 ps 2,7,13,17,19,23 nfail 0 fails -
RES H 8511 33 5 3 1,165 nops 4 ops 1,w3,w5,w11 notinv - noncomm - minus1 w3 ps 2,7,13,17,19,23 nfail 0 fails -
RES H 8515 33 5 3 1,3,11,33 nops 2 ops 1,w5 notinv - noncomm - minus1 w5 ps 2,7,13,17,19,23 nfail 0 fails -
DONE 33 5 0.510
LEVEL 33 7 dimDnew 26 tall 0.500 ncurves 5
RES H 8523 33 7 5 1,3 nops 4 ops 1,w7,w11,w77 notinv - noncomm - minus1 w77 ps 2 nfail 0 fails -
RES H 8524 33 7 5 1,33 nops 4 ops 1,w3,w7,w21 notinv - noncomm - minus1 w7 ps 2 nfail 0 fails -
RES H 8532 33 7 4 1,7,11,77 nops 2 ops 1,w3 notinv - noncomm - minus1 w3 ps 2,5 nfail 0 fails -
RES H 8533 33 7 3 1,3,7,21 nops 2 ops 1,w11 notinv - noncomm - minus1 w11 ps 2,5,13,17,19,23 nfail 0 fails -
RES H 8536 33 7 3 1,21,33,77 nops 2 ops 1,w3 notinv - noncomm - minus1 w3 ps 2,5,13,17,19,23 nfail 0 fails -
DONE 33 7 0.550
LEVEL 33 8 dimDnew 42 tall 0.620 ncurves 2
RES H 8549 33 8 4 1,8,33,264 nops 4 ops 1,w3,V2*w1,V2*w3 notinv - noncomm - minus1 V2*w1 ps 5 nfail 0 fails -
RES H 8550 33 8 3 1,3,88,264 nops 4 ops 1,w8,V2*w1,V2*w8 notinv - noncomm - minus1 V2*w8 ps 5,7,13,17,19,23 nfail 0 fails -
DONE 33 8 0.670
LEVEL 33 10 dimDnew 58 tall 0.930 ncurves 8
RES H 8554 33 10 3 1,2,55,110 nops 4 ops 1,w3,w5,w15 notinv - noncomm - minus1 w15 ps 7,13,17,19,23 nfail 0 fails -
RES H 8572 33 10 5 1,2,33,66 nops 4 ops 1,w3,w5,w15 notinv - noncomm - minus1 w15 ps - nfail 0 fails -
RES H 8573 33 10 5 1,2,15,30 nops 4 ops 1,w3,w11,w33 notinv - noncomm - minus1 w33 ps - nfail 0 fails -
RES H 8585 33 10 4 1,15,66,110 nops 4 ops 1,w2,w3,w6 notinv - noncomm - minus1 w2 ps - nfail 0 fails -
RES H 8589 33 10 3 1,2,3,5,6,10,15,30 nops 2 ops 1,w11 notinv - noncomm - minus1 w11 ps 7,13,17,19,23 nfail 0 fails -
RES H 8595 33 10 4 1,5,6,22,30,33,110,165 nops 2 ops 1,w2 notinv - noncomm - minus1 w2 ps - nfail 0 fails -
RES H 8597 33 10 3 1,2,3,6,11,22,33,66 nops 2 ops 1,w5 notinv - noncomm - minus1 w5 ps 7,13,17,19,23 nfail 0 fails -
RES H 8599 33 10 4 1,3,10,11,30,33,110,330 nops 2 ops 1,w2 notinv - noncomm - minus1 w2 ps - nfail 0 fails -
DONE 33 10 1.020
LEVEL 33 13 dimDnew 42 tall 0.580 ncurves 1
RES H 8608 33 13 3 1,3,143,429 nops 2 ops 1,w11 notinv - noncomm - minus1 - ps 2,5,7,17,19,23 nfail 0 fails -
DONE 33 13 0.610
LEVEL 33 14 dimDnew 82 tall 1.250 ncurves 10
RES H 8648 33 14 5 1,2,3,6,7,14,21,42 nops 2 ops 1,w11 notinv - noncomm - minus1 w11 ps - nfail 0 fails -
RES H 8651 33 14 3 1,2,21,33,42,66,77,154 nops 2 ops 1,w3 notinv - noncomm - minus1 w3 ps 5,13,17,19,23 nfail 0 fails -
RES H 8652 33 14 3 1,3,7,21,22,66,154,462 nops 2 ops 1,w2 notinv - noncomm - minus1 w2 ps 5,13,17,19,23 nfail 0 fails -
RES H 8655 33 14 5 1,6,14,21,22,33,77,462 nops 2 ops 1,w2 notinv - noncomm - minus1 w2 ps - nfail 0 fails -
RES H 8656 33 14 4 1,2,3,6,11,22,33,66 nops 2 ops 1,w7 notinv - noncomm - minus1 w7 ps 5 nfail 0 fails -
RES H 8658 33 14 3 1,3,11,14,33,42,154,462 nops 2 ops 1,w2 notinv - noncomm - minus1 w2 ps 5,13,17,19,23 nfail 0 fails -
RES H 8660 33 14 5 1,2,7,11,14,22,77,154 nops 2 ops 1,w3 notinv - noncomm - minus1 w3 ps - nfail 0 fails -
RES H 8661 33 14 4 1,6,7,11,42,66,77,462 nops 2 ops 1,w2 notinv - noncomm - minus1 w2 ps 5 nfail 0 fails -
RES U 8641 33 14 3 1,14,66,231 nops 4 ops 1,w2,w3,w6 notinv - noncomm - minus1 - ps 5,13,17,19,23 nfail 0 fails -
RES U 8645 33 14 3 1,6,154,231 nops 4 ops 1,w2,w7,w11 notinv - noncomm - minus1 - ps 5,13,17,19,23 nfail 2 fails w7:5:[1,-4,19,-40,95,-100,125];w11:5:[1,4,19,40,95,100,125]
DONE 33 14 1.420
LEVEL 33 20 dimDnew 122 tall 2.630 ncurves 1
RES U 8695 33 20 3 1,12,15,20,33,44,55,660 nops 2 ops 1,w3 notinv - noncomm - minus1 - ps 7,13,17,19,23 nfail 0 fails -
DONE 33 20 2.710
LEVEL 33 25 dimDnew 98 tall 1.080 ncurves 1
RES U 8711 33 25 4 1,3,11,25,33,75,275,825 nops 1 ops 1 notinv - noncomm - minus1 - ps 2 nfail 0 fails -
DONE 33 25 1.120
LEVEL 33 34 dimDnew 178 tall 14.660 ncurves 1
RES K5 8747 33 34 3 1,2,3,6,11,17,22,33,34,51,66,102,187,374,561,1122 nops 1 ops 1 notinv - noncomm - minus1 - ps 5,7,13,19,23 nfail 1 fails 1:5:[1,4,19,40,95,100,125]
DONE 33 34 15.660
LEVEL 33 50 dimDnew 298 tall 47.670 ncurves 1
RES U 8771 33 50 6 1,2,3,6,11,22,25,33,50,66,75,150,275,550,825,1650 nops 1 ops 1 notinv - noncomm - minus1 - ps - nfail 0 fails -
DONE 33 50 52.750
LEVEL 34 3 dimDnew 10 tall 0.420 ncurves 1
RES U 8785 34 3 3 1,34 nops 4 ops 1,w2,w3,w6 notinv - noncomm - minus1 - ps 5,7,11,13,19,23 nfail 0 fails -
DONE 34 3 0.450
LEVEL 34 5 dimDnew 18 tall 0.400 ncurves 2
RES H 8801 34 5 3 1,34 nops 4 ops 1,w2,w5,w10 notinv - noncomm - minus1 w5 ps 3,7,11,13,19,23 nfail 0 fails -
RES H 8804 34 5 4 1,5 nops 4 ops 1,w2,w17,w34 notinv - noncomm - minus1 w34 ps 3 nfail 0 fails -
DONE 34 5 0.430
LEVEL 34 7 dimDnew 18 tall 0.440 ncurves 3
RES H 8817 34 7 3 1,14 nops 4 ops 1,w2,w17,w34 notinv - noncomm - minus1 w17 ps 3,5,11,13,19,23 nfail 0 fails -
RES H 8818 34 7 3 1,238 nops 4 ops 1,w2,w7,w14 notinv - noncomm - minus1 w14 ps 3,5,11,13,19,23 nfail 0 fails -
RES H 8821 34 7 3 1,17 nops 4 ops 1,w2,w7,w14 notinv - noncomm - minus1 w14 ps 3,5,11,13,19,23 nfail 0 fails -
DONE 34 7 0.470
LEVEL 34 9 dimDnew 34 tall 0.570 ncurves 2
RES H 8839 34 9 3 1,9,17,153 nops 4 ops 1,w2,V3*w1,V3*w2 notinv - noncomm - minus1 V3*w2 ps 5,7,11,13,19,23 nfail 0 fails -
RES H 8842 34 9 3 1,9,34,306 nops 4 ops 1,w2,V3*w1,V3*w2 notinv - noncomm - minus1 V3*w1 ps 5,7,11,13,19,23 nfail 0 fails -
DONE 34 9 0.610
LEVEL 34 11 dimDnew 34 tall 0.540 ncurves 4
RES H 8852 34 11 4 1,2,17,34 nops 2 ops 1,w11 notinv - noncomm - minus1 w11 ps 3,5 nfail 0 fails -
RES H 8854 34 11 3 1,11,17,187 nops 2 ops 1,w2 notinv - noncomm - minus1 w2 ps 3,5,7,13,19,23 nfail 0 fails -
RES H 8855 34 11 4 1,2,11,22 nops 2 ops 1,w17 notinv - noncomm - minus1 w17 ps 3,5 nfail 0 fails -
RES H 8858 34 11 4 1,22,34,187 nops 2 ops 1,w2 notinv - noncomm - minus1 w2 ps 3,5 nfail 0 fails -
DONE 34 11 0.570
LEVEL 34 13 dimDnew 34 tall 0.560 ncurves 1
RES U 8868 34 13 3 1,17,26,442 nops 2 ops 1,w2 notinv - noncomm - minus1 - ps 3,5,7,11,19,23 nfail 0 fails -
DONE 34 13 0.590
LEVEL 34 15 dimDnew 66 tall 1.280 ncurves 4
RES U 8877 34 15 5 1,5,34,170 nops 4 ops 1,w2,w3,w6 notinv - noncomm - minus1 - ps - nfail 0 fails -
RES U 8914 34 15 3 1,2,15,30,51,85,102,170 nops 2 ops 1,w3 notinv - noncomm - minus1 - ps 7,11,13,19,23 nfail 0 fails -
RES U 8922 34 15 3 1,6,10,15,17,102,170,255 nops 2 ops 1,w2 notinv - noncomm - minus1 - ps 7,11,13,19,23 nfail 0 fails -
RES U 8923 34 15 3 1,2,5,10,17,34,85,170 nops 2 ops 1,w3 notinv - noncomm - minus1 - ps 7,11,13,19,23 nfail 0 fails -
DONE 34 15 1.340
LEVEL 34 19 dimDnew 50 tall 0.450 ncurves 1
RES U 8931 34 19 5 1,17,38,646 nops 2 ops 1,w2 notinv - noncomm - minus1 - ps - nfail 0 fails -
DONE 34 19 0.450
LEVEL 34 21 dimDnew 82 tall 2.420 ncurves 5
RES U 8936 34 21 3 1,2,3,6,119,238,357,714 nops 2 ops 1,w7 notinv - noncomm - minus1 - ps 5,11,13,19,23 nfail 0 fails -
RES U 8937 34 21 3 1,2,7,14,51,102,357,714 nops 2 ops 1,w3 notinv - noncomm - minus1 - ps 5,11,13,19,23 nfail 0 fails -
RES U 8942 34 21 3 1,6,14,21,34,51,119,714 nops 2 ops 1,w2 notinv - noncomm - minus1 - ps 5,11,13,19,23 nfail 0 fails -
RES U 8944 34 21 3 1,2,17,21,34,42,357,714 nops 2 ops 1,w3 notinv - noncomm - minus1 - ps 5,11,13,19,23 nfail 0 fails -
RES U 8948 34 21 3 1,6,7,17,42,102,119,714 nops 2 ops 1,w2 notinv - noncomm - minus1 - ps 5,11,13,19,23 nfail 0 fails -
DONE 34 21 2.550
LEVEL 34 25 dimDnew 82 tall 1.680 ncurves 1
RES U 8965 34 25 3 1,2,17,25,34,50,425,850 nops 1 ops 1 notinv - noncomm - minus1 - ps 3,7,11,13,19,23 nfail 0 fails -
DONE 34 25 1.720
LEVEL 34 27 dimDnew 98 tall 1.640 ncurves 1
RES U 8966 34 27 4 1,2,17,27,34,54,459,918 nops 1 ops 1 notinv - noncomm - minus1 - ps 5 nfail 0 fails -
DONE 34 27 1.690
LEVEL 34 33 dimDnew 130 tall 5.620 ncurves 3
RES U 8983 34 33 3 1,6,11,34,51,66,374,561 nops 2 ops 1,w2 notinv - noncomm - minus1 - ps 5,7,13,19,23 nfail 0 fails -
RES U 8987 34 33 3 1,3,17,22,51,66,374,1122 nops 2 ops 1,w2 notinv - noncomm - minus1 - ps 5,7,13,19,23 nfail 0 fails -
RES U 8988 34 33 3 1,6,17,22,33,102,374,561 nops 2 ops 1,w2 notinv - noncomm - minus1 - ps 5,7,13,19,23 nfail 0 fails -
DONE 34 33 5.990
LEVEL 34 35 dimDnew 130 tall 3.950 ncurves 1
RES U 9003 34 35 5 1,5,14,17,70,85,238,1190 nops 2 ops 1,w2 notinv - noncomm - minus1 - ps - nfail 0 fails -
DONE 34 35 4.030
LEVEL 34 39 dimDnew 146 tall 9.650 ncurves 2
RES U 9020 34 39 5 1,3,17,26,51,78,442,1326 nops 2 ops 1,w2 notinv - noncomm - minus1 - ps - nfail 0 fails -
RES U 9023 34 39 4 1,6,13,17,78,102,221,1326 nops 2 ops 1,w2 notinv - noncomm - minus1 - ps 5 nfail 1 fails w2:5:[1,6,28,90,230,450,700,750,625]
DONE 34 39 10.110
LEVEL 34 45 dimDnew 194 tall 10.180 ncurves 1
RES H 9027 34 45 3 1,2,5,9,10,17,18,34,45,85,90,153,170,306,765,1530 nops 2 ops 1,V3*w1 notinv - noncomm - minus1 V3*w1 ps 7,11,13,19,23 nfail 0 fails -
DONE 34 45 10.770
LEVEL 35 1 dimDnew 6 tall 0.370 ncurves 1
RES H 9043 35 1 3 1 nops 4 ops 1,w5,w7,w35 notinv - noncomm - minus1 w35 ps 2,3,11,13,17,19,23 nfail 0 fails -
DONE 35 1 0.400
LEVEL 35 2 dimDnew 14 tall 0.420 ncurves 3
RES H 9049 35 2 3 1,2 nops 4 ops 1,w5,w7,w35 notinv - noncomm - minus1 w35 ps 3,11,13,17,19,23 nfail 0 fails -
RES H 9052 35 2 3 1,70 nops 4 ops 1,w2,w5,w7 notinv - noncomm - minus1 w2 ps 3,11,13,17,19,23 nfail 0 fails -
RES H 9053 35 2 4 1,5 nops 4 ops 1,w2,w7,w14 notinv - noncomm - minus1 w7 ps 3 nfail 0 fails -
DONE 35 2 0.460
LEVEL 35 3 dimDnew 18 tall 0.440 ncurves 5
RES H 9065 35 3 5 1,3 nops 4 ops 1,w5,w7,w35 notinv - noncomm - minus1 w35 ps 2 nfail 0 fails -
RES H 9066 35 3 5 1,21 nops 4 ops 1,w3,w5,w15 notinv - noncomm - minus1 w15 ps 2 nfail 0 fails -
RES H 9067 35 3 3 1,15 nops 4 ops 1,w3,w7,w21 notinv - noncomm - minus1 w21 ps 2,11,13,17,19,23 nfail 0 fails -
RES H 9068 35 3 3 1,105 nops 4 ops 1,w3,w5,w7 notinv - noncomm - minus1 w3 ps 2,11,13,17,19,23 nfail 0 fails -
RES H 9072 35 3 3 1,3,7,21 nops 2 ops 1,w5 notinv - noncomm - minus1 w5 ps 2,11,13,17,19,23 nfail 0 fails -
DONE 35 3 0.480
LEVEL 35 4 dimDnew 26 tall 0.170 ncurves 1
RES H 9090 35 4 4 1,4,5,20 nops 2 ops 1,w7 notinv - noncomm - minus1 w7 ps 3 nfail 0 fails -
DONE 35 4 0.170
LEVEL 35 6 dimDnew 50 tall 0.730 ncurves 9
RES H 9111 35 6 3 1,2,35,70 nops 4 ops 1,w3,w5,w15 notinv - noncomm - minus1 w15 ps 11,13,17,19,23 nfail 0 fails -
RES H 9129 35 6 5 1,2,21,42 nops 4 ops 1,w3,w5,w15 notinv - noncomm - minus1 w15 ps - nfail 0 fails -
RES H 9130 35 6 3 1,2,15,30 nops 4 ops 1,w3,w7,w21 notinv - noncomm - minus1 w21 ps 11,13,17,19,23 nfail 0 fails -
RES H 9141 35 6 6 1,21,30,70 nops 4 ops 1,w2,w3,w5 notinv - noncomm - minus1 w2 ps - nfail 0 fails -
RES H 9142 35 6 4 1,15,42,70 nops 4 ops 1,w2,w3,w6 notinv - noncomm - minus1 w2 ps - nfail 0 fails -
RES H 9152 35 6 3 1,5,6,14,21,30,70,105 nops 2 ops 1,w2 notinv - noncomm - minus1 w2 ps 11,13,17,19,23 nfail 0 fails -
RES H 9154 35 6 3 1,2,3,6,7,14,21,42 nops 2 ops 1,w5 notinv - noncomm - minus1 w5 ps 11,13,17,19,23 nfail 0 fails -
RES H 9156 35 6 3 1,3,7,10,21,30,70,210 nops 2 ops 1,w2 notinv - noncomm - minus1 w2 ps 11,13,17,19,23 nfail 0 fails -
RES U 9115 35 6 3 1,6,35,210 nops 4 ops 1,w2,w5,w10 notinv - noncomm - minus1 - ps 11,13,17,19,23 nfail 0 fails -
DONE 35 6 0.810
LEVEL 35 9 dimDnew 50 tall 0.600 ncurves 1
RES H 9173 35 9 3 1,9,35,315 nops 4 ops 1,w5,V3*w1,V3*w5 notinv - noncomm - minus1 V3*w5 ps 2,11,13,17,19,23 nfail 0 fails -
DONE 35 9 0.630
LEVEL 35 11 dimDnew 50 tall 0.540 ncurves 1
RES U 9183 35 11 3 1,35,55,77 nops 2 ops 1,w5 notinv - noncomm - minus1 - ps 2,3,13,17,19,23 nfail 0 fails -
DONE 35 11 0.580
LEVEL 35 13 dimDnew 58 tall 0.600 ncurves 4
RES H 9236 35 13 6 1,5,13,65 nops 2 ops 1,w7 notinv - noncomm - minus1 w7 ps 2 nfail 0 fails -
RES H 9239 35 13 6 1,5,7,35 nops 2 ops 1,w13 notinv - noncomm - minus1 w13 ps 2 nfail 0 fails -
RES H 9240 35 13 3 1,5,91,455 nops 2 ops 1,w7 notinv - noncomm - minus1 w7 ps 2,3,11,17,19,23 nfail 0 fails -
RES H 9242 35 13 4 1,35,65,91 nops 2 ops 1,w5 notinv - noncomm - minus1 w5 ps 2,3 nfail 0 fails -
DONE 35 13 0.650
LEVEL 35 16 dimDnew 98 tall 0.700 ncurves 1
RES H 9244 35 16 4 1,5,7,16,35,80,112,560 nops 2 ops 1,V2*w1 notinv - noncomm - minus1 V2*w1 ps 3 nfail 0 fails -
DONE 35 16 0.720
LEVEL 38 3 dimDnew 14 tall 0.440 ncurves 3
RES H 9335 38 3 3 1,6 nops 4 ops 1,w2,w19,w38 notinv - noncomm - minus1 w38 ps 5,7,11,13,17,23 nfail 0 fails -
RES H 9337 38 3 4 1,3 nops 4 ops 1,w2,w19,w38 notinv - noncomm - minus1 w38 ps 5 nfail 0 fails -
RES H 9338 38 3 3 1,57 nops 4 ops 1,w2,w3,w6 notinv - noncomm - minus1 w6 ps 5,7,11,13,17,23 nfail 0 fails -
DONE 38 3 0.480
LEVEL 38 5 dimDnew 18 tall 0.390 ncurves 2
RES U 9350 38 5 5 1,38 nops 4 ops 1,w2,w5,w10 notinv - noncomm - minus1 - ps - nfail 0 fails -
RES U 9362 38 5 3 1,10,38,95 nops 2 ops 1,w2 notinv - noncomm - minus1 - ps 3,7,11,13,17,23 nfail 0 fails -
DONE 38 5 0.420
LEVEL 38 7 dimDnew 26 tall 0.470 ncurves 3
RES H 9365 38 7 4 1,38 nops 4 ops 1,w2,w7,w14 notinv - noncomm - minus1 w7 ps 3,5 nfail 0 fails -
RES H 9373 38 7 3 1,7,19,133 nops 2 ops 1,w2 notinv - noncomm - minus1 w2 ps 3,5,11,13,17,23 nfail 0 fails -
RES H 9374 38 7 4 1,2,7,14 nops 2 ops 1,w19 notinv - noncomm - minus1 w19 ps 3,5 nfail 0 fails -
DONE 38 7 0.500
LEVEL 38 11 dimDnew 38 tall 0.540 ncurves 1
RES U 9407 38 11 3 1,22,38,209 nops 2 ops 1,w2 notinv - noncomm - minus1 - ps 3,5,7,13,17,23 nfail 0 fails -
DONE 38 11 0.560
LEVEL 38 13 dimDnew 42 tall 0.620 ncurves 4
RES H 9409 38 13 4 1,2,19,38 nops 2 ops 1,w13 notinv - noncomm - minus1 w13 ps 3,5 nfail 0 fails -
RES H 9411 38 13 6 1,13,19,247 nops 2 ops 1,w2 notinv - noncomm - minus1 w2 ps - nfail 0 fails -
RES H 9412 38 13 4 1,2,13,26 nops 2 ops 1,w19 notinv - noncomm - minus1 w19 ps 3,5 nfail 0 fails -
RES H 9415 38 13 3 1,26,38,247 nops 2 ops 1,w2 notinv - noncomm - minus1 w2 ps 3,5,7,11,17,23 nfail 0 fails -
DONE 38 13 0.660
LEVEL 38 15 dimDnew 74 tall 1.480 ncurves 5
RES U 9454 38 15 3 1,2,3,6,95,190,285,570 nops 2 ops 1,w5 notinv - noncomm - minus1 - ps 7,11,13,17,23 nfail 0 fails -
RES U 9457 38 15 3 1,3,5,15,38,114,190,570 nops 2 ops 1,w2 notinv - noncomm - minus1 - ps 7,11,13,17,23 nfail 0 fails -
RES U 9458 38 15 3 1,3,10,30,38,95,114,285 nops 2 ops 1,w2 notinv - noncomm - minus1 - ps 7,11,13,17,23 nfail 0 fails -
RES U 9459 38 15 3 1,5,6,30,38,57,190,285 nops 2 ops 1,w2 notinv - noncomm - minus1 - ps 7,11,13,17,23 nfail 0 fails -
RES U 9464 38 15 3 1,6,10,15,19,114,190,285 nops 2 ops 1,w2 notinv - noncomm - minus1 - ps 7,11,13,17,23 nfail 0 fails -
DONE 38 15 1.580
LEVEL 38 31 dimDnew 98 tall 1.540 ncurves 1
RES U 9503 38 31 4 1,2,19,31,38,62,589,1178 nops 1 ops 1 notinv - noncomm - minus1 - ps 3,5 nfail 0 fails -
DONE 38 31 1.580
LEVEL 39 1 dimDnew 6 tall 0.340 ncurves 1
RES H 9549 39 1 3 1 nops 4 ops 1,w3,w13,w39 notinv - noncomm - minus1 w39 ps 2,5,7,11,17,19,23 nfail 0 fails -
DONE 39 1 0.370
LEVEL 39 2 dimDnew 14 tall 0.440 ncurves 6
RES H 9555 39 2 4 1,2 nops 4 ops 1,w3,w13,w39 notinv - noncomm - minus1 w39 ps 5 nfail 0 fails -
RES H 9556 39 2 4 1,26 nops 4 ops 1,w2,w3,w6 notinv - noncomm - minus1 w6 ps 5 nfail 0 fails -
RES H 9557 39 2 3 1,6 nops 4 ops 1,w2,w13,w26 notinv - noncomm - minus1 w26 ps 5,7,11,17,19,23 nfail 0 fails -
RES H 9558 39 2 3 1,78 nops 4 ops 1,w2,w3,w6 notinv - noncomm - minus1 w2 ps 5,7,11,17,19,23 nfail 0 fails -
RES H 9559 39 2 4 1,3 nops 4 ops 1,w2,w13,w26 notinv - noncomm - minus1 w13 ps 5 nfail 0 fails -
RES H 9561 39 2 3 1,13 nops 4 ops 1,w2,w3,w6 notinv - noncomm - minus1 w3 ps 5,7,11,17,19,23 nfail 0 fails -
DONE 39 2 0.490
LEVEL 39 4 dimDnew 26 tall 0.600 ncurves 5
RES H 9571 39 4 5 1,52 nops 4 ops 1,w3,w4,w12 notinv - noncomm - minus1 w12 ps - nfail 0 fails -
RES H 9573 39 4 5 1,156 nops 4 ops 1,w3,w4,w12 notinv - noncomm - minus1 w4 ps - nfail 0 fails -
RES H 9577 39 4 3 1,4,13,52 nops 2 ops 1,w3 notinv - noncomm - minus1 w3 ps 5,7,11,17,19,23 nfail 0 fails -
RES H 9578 39 4 3 1,12,13,156 nops 2 ops 1,w3 notinv - noncomm - minus1 w3 ps 5,7,11,17,19,23 nfail 0 fails -
RES H 9580 39 4 4 1,3,4,12 nops 2 ops 1,w13 notinv - noncomm - minus1 w13 ps 5 nfail 0 fails -
DONE 39 4 0.640
LEVEL 39 5 dimDnew 26 tall 0.450 ncurves 4
RES H 9586 39 5 3 1,39 nops 4 ops 1,w3,w5,w15 notinv - noncomm - minus1 w5 ps 2,7,11,17,19,23 nfail 0 fails -
RES H 9588 39 5 3 1,195 nops 4 ops 1,w3,w5,w13 notinv - noncomm - minus1 w5 ps 2,7,11,17,19,23 nfail 0 fails -
RES H 9594 39 5 4 1,5,13,65 nops 2 ops 1,w3 notinv - noncomm - minus1 w3 ps 2 nfail 0 fails -
RES H 9595 39 5 3 1,3,5,15 nops 2 ops 1,w13 notinv - noncomm - minus1 w13 ps 2,7,11,17,19,23 nfail 0 fails -
DONE 39 5 0.490
LEVEL 39 7 dimDnew 34 tall 0.510 ncurves 3
RES H 9607 39 7 4 1,3,13,39 nops 2 ops 1,w7 notinv - noncomm - minus1 w7 ps 2,5 nfail 0 fails -
RES H 9610 39 7 3 1,3,7,21 nops 2 ops 1,w13 notinv - noncomm - minus1 w13 ps 2,5,11,17,19,23 nfail 0 fails -
RES H 9612 39 7 3 1,7,39,273 nops 2 ops 1,w3 notinv - noncomm - minus1 w3 ps 2,5,11,17,19,23 nfail 0 fails -
DONE 39 7 0.550
LEVEL 39 8 dimDnew 50 tall 0.630 ncurves 1
RES U 9617 39 8 3 1,3,13,39 nops 5 ops 1,w8,S2*w1,V2*w1,V2*w8 notinv S2*V2*w1,V2*S2*w1 noncomm - minus1 - ps 5,7,11,17,19,23 nfail 0 fails -
DONE 39 8 0.660
LEVEL 39 10 dimDnew 74 tall 1.100 ncurves 6
RES H 9659 39 10 4 1,2,3,5,6,10,15,30 nops 2 ops 1,w13 notinv - noncomm - minus1 w13 ps - nfail 0 fails -
RES H 9663 39 10 3 1,3,5,15,26,78,130,390 nops 2 ops 1,w2 notinv - noncomm - minus1 w2 ps 7,11,17,19,23 nfail 0 fails -
RES H 9664 39 10 4 1,3,10,26,30,65,78,195 nops 2 ops 1,w2 notinv - noncomm - minus1 w2 ps - nfail 0 fails -
RES H 9667 39 10 3 1,2,3,6,13,26,39,78 nops 2 ops 1,w5 notinv - noncomm - minus1 w5 ps 7,11,17,19,23 nfail 0 fails -
RES H 9671 39 10 5 1,2,5,10,13,26,65,130 nops 2 ops 1,w3 notinv - noncomm - minus1 w3 ps - nfail 0 fails -
RES H 9672 39 10 4 1,5,6,13,30,65,78,390 nops 2 ops 1,w2 notinv - noncomm - minus1 w2 ps - nfail 0 fails -
DONE 39 10 1.200
LEVEL 39 11 dimDnew 50 tall 0.570 ncurves 1
RES U 9679 39 11 3 1,11,39,429 nops 2 ops 1,w3 notinv - noncomm - minus1 - ps 2,5,7,17,19,23 nfail 0 fails -
DONE 39 11 0.600
LEVEL 39 14 dimDnew 98 tall 1.550 ncurves 2
RES U 9684 39 14 3 1,2,3,6,91,182,273,546 nops 2 ops 1,w7 notinv - noncomm - minus1 - ps 5,11,17,19,23 nfail 0 fails -
RES U 9690 39 14 3 1,6,14,21,26,39,91,546 nops 2 ops 1,w2 notinv - noncomm - minus1 - ps 5,11,17,19,23 nfail 0 fails -
DONE 39 14 1.630
LEVEL 39 16 dimDnew 98 tall 1.470 ncurves 1
RES U 9698 39 16 3 1,3,13,16,39,48,208,624 nops 2 ops 1,V2*w1 notinv - noncomm - minus1 - ps 5,7,11,17,19,23 nfail 1 fails V2*w1:5:[1,4,19,40,95,100,125]
DONE 39 16 1.530
LEVEL 39 17 dimDnew 74 tall 0.820 ncurves 1
RES U 9706 39 17 3 1,3,13,17,39,51,221,663 nops 1 ops 1 notinv - noncomm - minus1 - ps 2,5,7,11,19,23 nfail 0 fails -
DONE 39 17 0.860
LEVEL 39 34 dimDnew 218 tall 24.070 ncurves 1
RES U 9752 39 34 3 1,2,3,6,13,17,26,34,39,51,78,102,221,442,663,1326 nops 1 ops 1 notinv - noncomm - minus1 - ps 5,7,11,19,23 nfail 0 fails -
DONE 39 34 26.080
LEVEL 39 35 dimDnew 194 tall 14.060 ncurves 1
RES U 9753 39 35 4 1,3,5,7,13,15,21,35,39,65,91,105,195,273,455,1365 nops 1 ops 1 notinv - noncomm - minus1 - ps 2 nfail 0 fails -
DONE 39 35 15.120
LEVEL 39 38 dimDnew 242 tall 27.530 ncurves 1
RES U 9755 39 38 4 1,2,3,6,13,19,26,38,39,57,78,114,247,494,741,1482 nops 1 ops 1 notinv - noncomm - minus1 - ps 5 nfail 0 fails -
DONE 39 38 30.270
LEVEL 39 40 dimDnew 290 tall 18.260 ncurves 1
RES U 9756 39 40 5 1,3,5,8,13,15,24,39,40,65,104,120,195,312,520,1560 nops 2 ops 1,V2*w1 notinv - noncomm - minus1 - ps - nfail 0 fails -
DONE 39 40 20.130
LEVEL 46 3 dimDnew 14 tall 0.380 ncurves 1
RES H 9767 46 3 3 1,2 nops 4 ops 1,w3,w23,w69 notinv - noncomm - minus1 w69 ps 5,7,11,13,17,19 nfail 0 fails -
DONE 46 3 0.400
LEVEL 46 5 dimDnew 22 tall 0.360 ncurves 6
RES H 9782 46 5 5 1,2 nops 4 ops 1,w5,w23,w115 notinv - noncomm - minus1 w115 ps - nfail 0 fails -
RES H 9783 46 5 4 1,46 nops 4 ops 1,w2,w5,w10 notinv - noncomm - minus1 w5 ps 3 nfail 0 fails -
RES H 9786 46 5 6 1,5 nops 4 ops 1,w2,w23,w46 notinv - noncomm - minus1 w46 ps - nfail 0 fails -
RES H 9787 46 5 5 1,115 nops 4 ops 1,w2,w5,w10 notinv - noncomm - minus1 w2 ps - nfail 0 fails -
RES H 9791 46 5 3 1,5,23,115 nops 2 ops 1,w2 notinv - noncomm - minus1 w2 ps 3,7,11,13,17,19 nfail 0 fails -
RES H 9792 46 5 3 1,2,5,10 nops 2 ops 1,w23 notinv - noncomm - minus1 w23 ps 3,7,11,13,17,19 nfail 0 fails -
DONE 46 5 0.390
LEVEL 46 7 dimDnew 26 tall 0.410 ncurves 1
RES H 9802 46 7 3 1,161 nops 4 ops 1,w2,w7,w14 notinv - noncomm - minus1 - ps 3,5,11,13,17,19 nfail 0 fails -
DONE 46 7 0.430
LEVEL 46 9 dimDnew 46 tall 0.400 ncurves 3
RES H 9817 46 9 4 1,9,46,414 nops 4 ops 1,w2,V3*w1,V3*w2 notinv - noncomm - minus1 V3*w1 ps 5 nfail 0 fails -
RES U 9813 46 9 4 1,18,23,414 nops 2 ops 1,w2 notinv - noncomm - minus1 - ps 5 nfail 0 fails -
RES U 9816 46 9 4 1,2,207,414 nops 2 ops 1,w9 notinv - noncomm - minus1 - ps 5 nfail 0 fails -
DONE 46 9 0.420
LEVEL 46 15 dimDnew 90 tall 1.940 ncurves 1
RES U 9841 46 15 3 1,3,5,15,46,138,230,690 nops 2 ops 1,w2 notinv - noncomm - minus1 - ps 7,11,13,17,19 nfail 0 fails -
DONE 46 15 1.990
LEVEL 46 17 dimDnew 66 tall 0.770 ncurves 1
RES K11 9859 46 17 3 1,2,17,23,34,46,391,782 nops 1 ops 1 notinv - noncomm - minus1 - ps 3,5,7,11,13,19 nfail 1 fails 1:11:[1,11,68,268,748,1331,1331]
DONE 46 17 0.790
LEVEL 46 21 dimDnew 114 tall 3.980 ncurves 2
RES U 9876 46 21 3 1,6,14,21,46,69,161,966 nops 2 ops 1,w2 notinv - noncomm - minus1 - ps 5,11,13,17,19 nfail 0 fails -
RES U 9882 46 21 3 1,6,7,23,42,138,161,966 nops 2 ops 1,w2 notinv - noncomm - minus1 - ps 5,11,13,17,19 nfail 0 fails -
DONE 46 21 4.130
LEVEL 46 31 dimDnew 114 tall 3.140 ncurves 1
RES U 9887 46 31 3 1,2,23,31,46,62,713,1426 nops 1 ops 1 notinv - noncomm - minus1 - ps 3,5,7,11,13,17,19 nfail 0 fails -
DONE 46 31 3.230
LEVEL 46 33 dimDnew 178 tall 17.910 ncurves 1
RES U 9888 46 33 3 1,2,3,6,11,22,23,33,46,66,69,138,253,506,759,1518 nops 1 ops 1 notinv - noncomm - minus1 - ps 5,7,13,17,19 nfail 0 fails -
DONE 46 33 18.740
LEVEL 51 1 dimDnew 6 tall 0.300 ncurves 1
RES H 9898 51 1 3 1 nops 4 ops 1,w3,w17,w51 notinv - noncomm - minus1 w51 ps 2,5,7,11,13,19,23 nfail 0 fails -
DONE 51 1 0.330
LEVEL 51 2 dimDnew 18 tall 0.450 ncurves 2
RES H 9905 51 2 3 1,34 nops 4 ops 1,w2,w3,w6 notinv - noncomm - minus1 w6 ps 5,7,11,13,19,23 nfail 0 fails -
RES H 9906 51 2 4 1,6 nops 4 ops 1,w2,w17,w34 notinv - noncomm - minus1 w34 ps 5 nfail 0 fails -
DONE 51 2 0.490
LEVEL 51 5 dimDnew 34 tall 0.430 ncurves 5
RES H 9935 51 5 5 1,51 nops 4 ops 1,w3,w5,w15 notinv - noncomm - minus1 w5 ps 2 nfail 0 fails -
RES H 9937 51 5 3 1,255 nops 4 ops 1,w3,w5,w15 notinv - noncomm - minus1 w5 ps 2,7,11,13,19,23 nfail 0 fails -
RES H 9941 51 5 3 1,3,17,51 nops 2 ops 1,w5 notinv - noncomm - minus1 w5 ps 2,7,11,13,19,23 nfail 0 fails -
RES H 9943 51 5 4 1,5,17,85 nops 2 ops 1,w3 notinv - noncomm - minus1 w3 ps 2 nfail 0 fails -
RES H 9944 51 5 5 1,3,5,15 nops 2 ops 1,w17 notinv - noncomm - minus1 w17 ps 2 nfail 0 fails -
DONE 51 5 0.470
LEVEL 51 8 dimDnew 66 tall 0.790 ncurves 1
RES U 9964 51 8 3 1,3,8,17,24,51,136,408 nops 2 ops 1,V2*w1 notinv - noncomm - minus1 - ps 5,7,11,13,19,23 nfail 0 fails -
DONE 51 8 0.820
LEVEL 51 10 dimDnew 98 tall 1.440 ncurves 8
RES H 9966 51 10 6 1,2,3,5,6,10,15,30 nops 2 ops 1,w17 notinv - noncomm - minus1 w17 ps - nfail 0 fails -
RES H 9969 51 10 5 1,2,15,30,51,85,102,170 nops 2 ops 1,w3 notinv - noncomm - minus1 w3 ps - nfail 0 fails -
RES H 9970 51 10 5 1,3,5,15,34,102,170,510 nops 2 ops 1,w2 notinv - noncomm - minus1 w2 ps - nfail 0 fails -
RES H 9974 51 10 4 1,2,3,6,17,34,51,102 nops 2 ops 1,w5 notinv - noncomm - minus1 w5 ps - nfail 0 fails -
RES H 9976 51 10 4 1,3,10,17,30,51,170,510 nops 2 ops 1,w2 notinv - noncomm - minus1 w2 ps - nfail 0 fails -
RES H 9977 51 10 3 1,6,10,15,17,102,170,255 nops 2 ops 1,w2 notinv - noncomm - minus1 w2 ps 7,11,13,19,23 nfail 0 fails -
RES H 9978 51 10 5 1,2,5,10,17,34,85,170 nops 2 ops 1,w3 notinv - noncomm - minus1 w3 ps - nfail 0 fails -
RES H 9979 51 10 5 1,5,6,17,30,85,102,510 nops 2 ops 1,w2 notinv - noncomm - minus1 w2 ps - nfail 0 fails -
DONE 51 10 1.650
LEVEL 51 35 dimDnew 258 tall 32.540 ncurves 1
RES K2 10022 51 35 5 1,3,5,7,15,17,21,35,51,85,105,119,255,357,595,1785 nops 1 ops 1 notinv - noncomm - minus1 - ps 2 nfail 1 fails 1:2:[1,3,7,15,26,38,52,60,56,48,32]
DONE 51 35 35.630
LEVEL 55 1 dimDnew 6 tall 0.350 ncurves 1
RES H 10024 55 1 3 1 nops 4 ops 1,w5,w11,w55 notinv - noncomm - minus1 w55 ps 2,3,7,13,17,19,23 nfail 0 fails -
DONE 55 1 0.380
LEVEL 55 2 dimDnew 22 tall 0.450 ncurves 4
RES H 10030 55 2 6 1,2 nops 4 ops 1,w5,w11,w55 notinv - noncomm - minus1 w55 ps - nfail 0 fails -
RES H 10033 55 2 3 1,110 nops 4 ops 1,w2,w5,w10 notinv - noncomm - minus1 w2 ps 3,7,13,17,19,23 nfail 0 fails -
RES H 10037 55 2 3 1,2,11,22 nops 2 ops 1,w5 notinv - noncomm - minus1 w5 ps 3,7,13,17,19,23 nfail 0 fails -
RES H 10040 55 2 3 1,2,5,10 nops 2 ops 1,w11 notinv - noncomm - minus1 w11 ps 3,7,13,17,19,23 nfail 0 fails -
DONE 55 2 0.500
LEVEL 55 3 dimDnew 26 tall 0.480 ncurves 1
RES H 10054 55 3 3 1,5,11,55 nops 2 ops 1,w3 notinv - noncomm - minus1 w3 ps 2,7,13,17,19,23 nfail 0 fails -
DONE 55 3 0.510
LEVEL 55 6 dimDnew 82 tall 0.990 ncurves 5
RES U 10112 55 6 3 1,2,3,6,55,110,165,330 nops 2 ops 1,w5 notinv - noncomm - minus1 - ps 7,13,17,19,23 nfail 0 fails -
RES U 10114 55 6 3 1,2,15,30,33,55,66,110 nops 2 ops 1,w3 notinv - noncomm - minus1 - ps 7,13,17,19,23 nfail 0 fails -
RES U 10117 55 6 3 1,5,6,22,30,33,110,165 nops 2 ops 1,w2 notinv - noncomm - minus1 - ps 7,13,17,19,23 nfail 0 fails -
RES U 10121 55 6 3 1,3,10,11,30,33,110,330 nops 2 ops 1,w2 notinv - noncomm - minus1 - ps 7,13,17,19,23 nfail 0 fails -
RES U 10122 55 6 3 1,6,10,11,15,66,110,165 nops 2 ops 1,w2 notinv - noncomm - minus1 - ps 7,13,17,19,23 nfail 0 fails -
DONE 55 6 1.090
LEVEL 55 7 dimDnew 50 tall 0.540 ncurves 1
RES U 10132 55 7 3 1,35,55,77 nops 2 ops 1,w5 notinv - noncomm - minus1 - ps 2,3,13,17,19,23 nfail 0 fails -
DONE 55 7 0.570
LEVEL 55 9 dimDnew 82 tall 0.840 ncurves 1
RES H 10149 55 9 3 1,5,9,11,45,55,99,495 nops 2 ops 1,V3*w1 notinv - noncomm - minus1 V3*w1 ps 2,7,13,17,19,23 nfail 0 fails -
DONE 55 9 0.880
LEVEL 55 18 dimDnew 242 tall 6.740 ncurves 1
RES H 10185 55 18 4 1,2,5,9,10,11,18,22,45,55,90,99,110,198,495,990 nops 2 ops 1,V3*w1 notinv - noncomm - minus1 V3*w1 ps - nfail 0 fails -
DONE 55 18 7.260
LEVEL 57 1 dimDnew 6 tall 0.280 ncurves 1
RES H 10193 57 1 3 1 nops 4 ops 1,w3,w19,w57 notinv - noncomm - minus1 w19 ps 2,5,7,11,13,17,23 nfail 0 fails -
DONE 57 1 0.320
LEVEL 57 2 dimDnew 18 tall 0.440 ncurves 2
RES H 10201 57 2 4 1,6 nops 4 ops 1,w2,w19,w38 notinv - noncomm - minus1 w19 ps 5 nfail 0 fails -
RES H 10202 57 2 3 1,114 nops 4 ops 1,w2,w3,w6 notinv - noncomm - minus1 w6 ps 5,7,11,13,17,23 nfail 0 fails -
DONE 57 2 0.470
LEVEL 57 5 dimDnew 34 tall 0.430 ncurves 2
RES U 10236 57 5 3 1,3,19,57 nops 2 ops 1,w5 notinv - noncomm - minus1 - ps 2,7,11,13,17,23 nfail 0 fails -
RES U 10238 57 5 3 1,5,19,95 nops 2 ops 1,w3 notinv - noncomm - minus1 - ps 2,7,11,13,17,23 nfail 0 fails -
DONE 57 5 0.460
LEVEL 57 7 dimDnew 50 tall 0.510 ncurves 4
RES H 10244 57 7 5 1,3,19,57 nops 2 ops 1,w7 notinv - noncomm - minus1 w7 ps 2 nfail 0 fails -
RES H 10246 57 7 3 1,7,19,133 nops 2 ops 1,w3 notinv - noncomm - minus1 w3 ps 2,5,11,13,17,23 nfail 0 fails -
RES H 10247 57 7 6 1,3,7,21 nops 2 ops 1,w19 notinv - noncomm - minus1 w19 ps 2 nfail 0 fails -
RES H 10250 57 7 6 1,21,57,133 nops 2 ops 1,w3 notinv - noncomm - minus1 w3 ps 2 nfail 0 fails -
DONE 57 7 0.550
LEVEL 57 10 dimDnew 106 tall 1.630 ncurves 3
RES U 10270 57 10 3 1,2,15,19,30,38,285,570 nops 2 ops 1,w3 notinv - noncomm - minus1 - ps 7,11,13,17,23 nfail 0 fails -
RES U 10272 57 10 3 1,6,10,15,19,114,190,285 nops 2 ops 1,w2 notinv - noncomm - minus1 - ps 7,11,13,17,23 nfail 0 fails -
RES U 10274 57 10 3 1,5,6,19,30,95,114,570 nops 2 ops 1,w2 notinv - noncomm - minus1 - ps 7,11,13,17,23 nfail 0 fails -
DONE 57 10 1.750
LEVEL 57 14 dimDnew 146 tall 2.610 ncurves 1
RES U 10295 57 14 3 1,2,19,21,38,42,399,798 nops 2 ops 1,w3 notinv - noncomm - minus1 - ps 5,11,13,17,23 nfail 0 fails -
DONE 57 14 2.690
LEVEL 58 3 dimDnew 18 tall 0.470 ncurves 2
RES H 10317 58 3 5 1,6 nops 4 ops 1,w2,w29,w58 notinv - noncomm - minus1 w29 ps - nfail 0 fails -
RES H 10328 58 3 3 1,6,58,87 nops 2 ops 1,w2 notinv - noncomm - minus1 w2 ps 5,7,11,13,17,19,23 nfail 0 fails -
DONE 58 3 0.500
LEVEL 58 5 dimDnew 30 tall 0.540 ncurves 5
RES H 10333 58 5 3 1,290 nops 4 ops 1,w2,w5,w10 notinv - noncomm - minus1 w10 ps 3,7,11,13,17,19,23 nfail 0 fails -
RES H 10336 58 5 5 1,29 nops 4 ops 1,w2,w5,w10 notinv - noncomm - minus1 w10 ps - nfail 0 fails -
RES H 10337 58 5 3 1,2,29,58 nops 2 ops 1,w5 notinv - noncomm - minus1 w5 ps 3,7,11,13,17,19,23 nfail 0 fails -
RES H 10340 58 5 4 1,2,5,10 nops 2 ops 1,w29 notinv - noncomm - minus1 w29 ps 3 nfail 0 fails -
RES H 10343 58 5 3 1,10,58,145 nops 2 ops 1,w2 notinv - noncomm - minus1 w2 ps 3,7,11,13,17,19,23 nfail 0 fails -
DONE 58 5 0.580
LEVEL 58 7 dimDnew 34 tall 0.620 ncurves 1
RES K23 10358 58 7 3 1,14,58,203 nops 2 ops 1,w2 notinv - noncomm - minus1 - ps 3,5,11,13,17,19,23 nfail 2 fails 1:23:[1,2,69,92,1587,1058,12167];w2:23:[1,2,69,92,1587,1058,12167]
DONE 58 7 0.650
LEVEL 58 19 dimDnew 90 tall 0.990 ncurves 1
RES K3 10401 58 19 4 1,2,19,29,38,58,551,1102 nops 1 ops 1 notinv - noncomm - minus1 - ps 3,5 nfail 2 fails 1:3:[1,4,13,30,56,90,117,108,81];1:5:[1,2,13,10,68,50,325,250,625]
DONE 58 19 1.020
LEVEL 58 33 dimDnew 226 tall 52.180 ncurves 1
RES U 10421 58 33 3 1,2,3,6,11,22,29,33,58,66,87,174,319,638,957,1914 nops 1 ops 1 notinv - noncomm - minus1 - ps 5,7,13,17,19,23 nfail 0 fails -
DONE 58 33 54.250
LEVEL 58 39 dimDnew 258 tall 67.490 ncurves 1
RES U 10423 58 39 5 1,2,3,6,13,26,29,39,58,78,87,174,377,754,1131,2262 nops 1 ops 1 notinv - noncomm - minus1 - ps - nfail 0 fails -
DONE 58 39 70.860
LEVEL 62 1 dimDnew 6 tall 0.380 ncurves 1
RES H 10424 62 1 3 1 nops 4 ops 1,w2,w31,w62 notinv - noncomm - minus1 w62 ps 3,5,7,11,13,17,19,23 nfail 0 fails -
DONE 62 1 0.420
LEVEL 62 3 dimDnew 22 tall 0.490 ncurves 4
RES H 10433 62 3 3 1,186 nops 4 ops 1,w2,w3,w6 notinv - noncomm - minus1 w3 ps 5,7,11,13,17,19,23 nfail 0 fails -
RES H 10434 62 3 6 1,3 nops 4 ops 1,w2,w31,w62 notinv - noncomm - minus1 w62 ps - nfail 0 fails -
RES H 10439 62 3 3 1,3,31,93 nops 2 ops 1,w2 notinv - noncomm - minus1 w2 ps 5,7,11,13,17,19,23 nfail 0 fails -
RES H 10440 62 3 3 1,2,3,6 nops 2 ops 1,w31 notinv - noncomm - minus1 w31 ps 5,7,11,13,17,19,23 nfail 0 fails -
DONE 62 3 0.530
LEVEL 62 5 dimDnew 30 tall 0.570 ncurves 4
RES U 10453 62 5 3 1,10,31,310 nops 2 ops 1,w2 notinv - noncomm - minus1 - ps 3,7,11,13,17,19,23 nfail 0 fails -
RES U 10454 62 5 3 1,5,31,155 nops 2 ops 1,w2 notinv - noncomm - minus1 - ps 3,7,11,13,17,19,23 nfail 0 fails -
RES U 10457 62 5 3 1,5,62,310 nops 2 ops 1,w2 notinv - noncomm - minus1 - ps 3,7,11,13,17,19,23 nfail 0 fails -
RES U 10458 62 5 3 1,10,62,155 nops 2 ops 1,w2 notinv - noncomm - minus1 - ps 3,7,11,13,17,19,23 nfail 0 fails -
DONE 62 5 0.610
LEVEL 62 7 dimDnew 42 tall 0.320 ncurves 3
RES H 10467 62 7 4 1,2,31,62 nops 2 ops 1,w7 notinv - noncomm - minus1 w7 ps 3,5 nfail 0 fails -
RES H 10469 62 7 5 1,7,31,217 nops 2 ops 1,w2 notinv - noncomm - minus1 w2 ps - nfail 0 fails -
RES H 10470 62 7 5 1,2,7,14 nops 2 ops 1,w31 notinv - noncomm - minus1 w31 ps - nfail 0 fails -
DONE 62 7 0.340
LEVEL 62 9 dimDnew 62 tall 0.580 ncurves 1
RES K5 10480 62 9 4 1,9,62,558 nops 4 ops 1,w2,V3*w1,V3*w2 notinv - noncomm - minus1 - ps 5 nfail 4 fails 1:5:[1,0,10,0,59,0,250,0,625];w2:5:[1,4,18,48,139,240,450,500,625];V3*w1:5:[1,8,42,144,379,720,1050,1000,625];V3*w2:5:[1,0,10,0,59,0,250,0,625]
DONE 62 9 0.590
LEVEL 62 15 dimDnew 122 tall 2.750 ncurves 2
RES U 10504 62 15 5 1,3,5,15,62,186,310,930 nops 2 ops 1,w2 notinv - noncomm - minus1 - ps - nfail 0 fails -
RES U 10513 62 15 4 1,5,6,30,31,155,186,930 nops 2 ops 1,w2 notinv - noncomm - minus1 - ps - nfail 0 fails -
DONE 62 15 2.840
LEVEL 65 2 dimDnew 26 tall 0.440 ncurves 4
RES U 10551 65 2 3 1,2,13,26 nops 2 ops 1,w5 notinv - noncomm - minus1 - ps 3,7,11,17,19,23 nfail 0 fails -
RES U 10552 65 2 3 1,10,13,130 nops 2 ops 1,w2 notinv - noncomm - minus1 - ps 3,7,11,17,19,23 nfail 0 fails -
RES U 10554 65 2 3 1,2,5,10 nops 2 ops 1,w13 notinv - noncomm - minus1 - ps 3,7,11,17,19,23 nfail 0 fails -
RES U 10556 65 2 3 1,5,26,130 nops 2 ops 1,w2 notinv - noncomm - minus1 - ps 3,7,11,17,19,23 nfail 0 fails -
DONE 65 2 0.470
LEVEL 65 3 dimDnew 34 tall 0.440 ncurves 2
RES H 10566 65 3 5 1,3,13,39 nops 2 ops 1,w5 notinv - noncomm - minus1 w5 ps 2 nfail 0 fails -
RES H 10569 65 3 3 1,3,5,15 nops 2 ops 1,w13 notinv - noncomm - minus1 w13 ps 2,7,11,17,19,23 nfail 0 fails -
DONE 65 3 0.480
LEVEL 65 6 dimDnew 98 tall 1.140 ncurves 3
RES U 10619 65 6 3 1,2,3,6,65,130,195,390 nops 2 ops 1,w5 notinv - noncomm - minus1 - ps 7,11,17,19,23 nfail 0 fails -
RES U 10620 65 6 3 1,2,5,10,39,78,195,390 nops 2 ops 1,w3 notinv - noncomm - minus1 - ps 7,11,17,19,23 nfail 0 fails -
RES U 10627 65 6 3 1,2,13,15,26,30,195,390 nops 2 ops 1,w3 notinv - noncomm - minus1 - ps 7,11,17,19,23 nfail 0 fails -
DONE 65 6 1.230
LEVEL 65 7 dimDnew 66 tall 0.590 ncurves 1
RES U 10634 65 7 3 1,13,35,455 nops 2 ops 1,w5 notinv - noncomm - minus1 - ps 2,3,11,17,19,23 nfail 0 fails -
DONE 65 7 0.630
LEVEL 69 1 dimDnew 6 tall 0.230 ncurves 1
RES H 10668 69 1 3 1 nops 4 ops 1,w3,w23,w69 notinv - noncomm - minus1 w69 ps 2,5,7,11,13,17,19 nfail 0 fails -
DONE 69 1 0.250
LEVEL 69 8 dimDnew 90 tall 0.740 ncurves 1
RES H 10712 69 8 4 1,3,8,23,24,69,184,552 nops 2 ops 1,V2*w1 notinv - noncomm - minus1 V2*w1 ps 5 nfail 0 fails -
DONE 69 8 0.770
LEVEL 69 10 dimDnew 130 tall 1.950 ncurves 1
RES U 10721 69 10 4 1,6,10,15,46,69,115,690 nops 2 ops 1,w2 notinv - noncomm - minus1 - ps - nfail 0 fails -
DONE 69 10 2.000
LEVEL 69 11 dimDnew 90 tall 0.830 ncurves 1
RES U 10729 69 11 3 1,3,11,23,33,69,253,759 nops 1 ops 1 notinv - noncomm - minus1 - ps 2,5,7,13,17,19 nfail 0 fails -
DONE 69 11 0.860
LEVEL 74 1 dimDnew 8 tall 0.100 ncurves 1
RES H 10737 74 1 4 1 nops 4 ops 1,w2,w37,w74 notinv - noncomm - minus1 w74 ps 3,5 nfail 0 fails -
DONE 74 1 0.110
LEVEL 74 3 dimDnew 26 tall 0.540 ncurves 3
RES H 10745 74 3 4 1,222 nops 4 ops 1,w2,w3,w6 notinv - noncomm - minus1 w3 ps 5 nfail 0 fails -
RES H 10751 74 3 4 1,3,37,111 nops 2 ops 1,w2 notinv - noncomm - minus1 w2 ps 5 nfail 0 fails -
RES H 10752 74 3 3 1,2,3,6 nops 2 ops 1,w37 notinv - noncomm - minus1 w37 ps 5,7,11,13,17,19,23 nfail 0 fails -
DONE 74 3 0.580
LEVEL 74 5 dimDnew 38 tall 0.600 ncurves 4
RES H 10764 74 5 3 1,2,37,74 nops 2 ops 1,w5 notinv - noncomm - minus1 w5 ps 3,7,11,13,17,19,23 nfail 0 fails -
RES H 10765 74 5 4 1,10,37,370 nops 2 ops 1,w2 notinv - noncomm - minus1 w2 ps 3 nfail 0 fails -
RES H 10766 74 5 3 1,5,37,185 nops 2 ops 1,w2 notinv - noncomm - minus1 w2 ps 3,7,11,13,17,19,23 nfail 0 fails -
RES H 10767 74 5 5 1,2,5,10 nops 2 ops 1,w37 notinv - noncomm - minus1 w37 ps - nfail 0 fails -
DONE 74 5 0.640
LEVEL 74 9 dimDnew 74 tall 0.760 ncurves 1
RES U 10785 74 9 5 1,9,74,666 nops 4 ops 1,w2,V3*w1,V3*w2 notinv - noncomm - minus1 - ps - nfail 0 fails -
DONE 74 9 0.770
LEVEL 74 15 dimDnew 146 tall 4.020 ncurves 2
RES U 10803 74 15 5 1,3,10,30,74,185,222,555 nops 2 ops 1,w2 notinv - noncomm - minus1 - ps - nfail 0 fails -
RES U 10810 74 15 5 1,2,5,10,37,74,185,370 nops 2 ops 1,w3 notinv - noncomm - minus1 - ps - nfail 0 fails -
DONE 74 15 4.160
LEVEL 77 1 dimDnew 10 tall 0.340 ncurves 1
RES H 10820 77 1 3 1,7 nops 2 ops 1,w11 notinv - noncomm - minus1 w11 ps 2,3,5,13,17,19,23 nfail 0 fails -
DONE 77 1 0.380
LEVEL 77 2 dimDnew 30 tall 0.490 ncurves 2
RES H 10834 77 2 3 1,2,7,14 nops 2 ops 1,w11 notinv - noncomm - minus1 w11 ps 3,5,13,17,19,23 nfail 0 fails -
RES H 10836 77 2 3 1,7,22,154 nops 2 ops 1,w2 notinv - noncomm - minus1 w2 ps 3,5,13,17,19,23 nfail 0 fails -
DONE 77 2 0.520
LEVEL 77 3 dimDnew 42 tall 0.510 ncurves 4
RES H 10846 77 3 4 1,3,11,33 nops 2 ops 1,w7 notinv - noncomm - minus1 w7 ps 2,5 nfail 0 fails -
RES H 10849 77 3 6 1,3,7,21 nops 2 ops 1,w11 notinv - noncomm - minus1 w11 ps 2 nfail 0 fails -
RES H 10851 77 3 3 1,7,33,231 nops 2 ops 1,w3 notinv - noncomm - minus1 w3 ps 2,5,13,17,19,23 nfail 0 fails -
RES H 10852 77 3 4 1,21,33,77 nops 2 ops 1,w3 notinv - noncomm - minus1 w3 ps 2,5 nfail 0 fails -
DONE 77 3 0.570
LEVEL 77 5 dimDnew 58 tall 0.560 ncurves 1
RES U 10869 77 5 3 1,5,7,11,35,55,77,385 nops 1 ops 1 notinv - noncomm - minus1 - ps 2,3,13,17,19,23 nfail 0 fails -
DONE 77 5 0.600
LEVEL 77 6 dimDnew 122 tall 1.450 ncurves 2
RES U 10880 77 6 3 1,2,11,21,22,42,231,462 nops 2 ops 1,w3 notinv - noncomm - minus1 - ps 5,13,17,19,23 nfail 0 fails -
RES U 10882 77 6 3 1,6,11,14,21,66,154,231 nops 2 ops 1,w2 notinv - noncomm - minus1 - ps 5,13,17,19,23 nfail 0 fails -
DONE 77 6 1.540
LEVEL 77 10 dimDnew 178 tall 3.990 ncurves 1
RES U 10888 77 10 3 1,2,5,7,10,11,14,22,35,55,70,77,110,154,385,770 nops 1 ops 1 notinv - noncomm - minus1 - ps 3,13,17,19,23 nfail 0 fails -
DONE 77 10 4.310
LEVEL 82 1 dimDnew 6 tall 0.400 ncurves 1
RES H 10894 82 1 3 1 nops 4 ops 1,w2,w41,w82 notinv - noncomm - minus1 w41 ps 3,5,7,11,13,17,19,23 nfail 0 fails -
DONE 82 1 0.430
LEVEL 82 3 dimDnew 26 tall 0.570 ncurves 5
RES H 10901 82 3 6 1,6 nops 4 ops 1,w2,w41,w82 notinv - noncomm - minus1 w41 ps - nfail 0 fails -
RES H 10902 82 3 4 1,246 nops 4 ops 1,w2,w3,w6 notinv - noncomm - minus1 w6 ps 5 nfail 0 fails -
RES H 10905 82 3 3 1,41 nops 4 ops 1,w2,w3,w6 notinv - noncomm - minus1 w6 ps 5,7,11,13,17,19,23 nfail 0 fails -
RES H 10909 82 3 3 1,2,3,6 nops 2 ops 1,w41 notinv - noncomm - minus1 w41 ps 5,7,11,13,17,19,23 nfail 0 fails -
RES H 10912 82 3 3 1,6,82,123 nops 2 ops 1,w2 notinv - noncomm - minus1 w2 ps 5,7,11,13,17,19,23 nfail 0 fails -
DONE 82 3 0.610
LEVEL 82 5 dimDnew 42 tall 0.630 ncurves 1
RES U 10925 82 5 3 1,2,205,410 nops 2 ops 1,w5 notinv - noncomm - minus1 - ps 3,7,11,13,17,19,23 nfail 0 fails -
DONE 82 5 0.670
LEVEL 82 9 dimDnew 82 tall 1.400 ncurves 1
RES U 10944 82 9 3 1,2,9,18,41,82,369,738 nops 2 ops 1,V3*w1 notinv - noncomm - minus1 - ps 5,7,11,13,17,19,23 nfail 0 fails -
DONE 82 9 1.450
LEVEL 85 2 dimDnew 34 tall 0.400 ncurves 1
RES U 10993 85 2 3 1,5,34,170 nops 2 ops 1,w2 notinv - noncomm - minus1 - ps 3,7,11,13,19,23 nfail 0 fails -
DONE 85 2 0.430
LEVEL 85 3 dimDnew 42 tall 0.460 ncurves 4
RES H 10996 85 3 3 1,3,17,51 nops 2 ops 1,w5 notinv - noncomm - minus1 w5 ps 2,7,11,13,19,23 nfail 0 fails -
RES H 10998 85 3 3 1,5,17,85 nops 2 ops 1,w3 notinv - noncomm - minus1 w3 ps 2,7,11,13,19,23 nfail 0 fails -
RES H 10999 85 3 4 1,3,5,15 nops 2 ops 1,w17 notinv - noncomm - minus1 w17 ps 2 nfail 0 fails -
RES H 11002 85 3 6 1,15,51,85 nops 2 ops 1,w3 notinv - noncomm - minus1 w3 ps 2 nfail 0 fails -
DONE 85 3 0.500
LEVEL 85 4 dimDnew 66 tall 0.600 ncurves 1
RES K3 11011 85 4 3 1,4,5,17,20,68,85,340 nops 1 ops 1 notinv - noncomm - minus1 - ps 3,7,11,13,19,23 nfail 2 fails 1:3:[1,3,7,10,21,27,27];1:11:[1,10,65,252,715,1210,1331]
DONE 85 4 0.640
LEVEL 85 6 dimDnew 130 tall 1.690 ncurves 1
RES U 11024 85 6 3 1,6,10,15,17,102,170,255 nops 2 ops 1,w2 notinv - noncomm - minus1 - ps 7,11,13,19,23 nfail 0 fails -
DONE 85 6 1.760
LEVEL 86 1 dimDnew 8 tall 0.120 ncurves 1
RES H 11036 86 1 4 1 nops 4 ops 1,w2,w43,w86 notinv - noncomm - minus1 w86 ps 3,5 nfail 0 fails -
DONE 86 1 0.130
LEVEL 86 3 dimDnew 30 tall 0.590 ncurves 5
RES H 11042 86 3 3 1,86 nops 4 ops 1,w2,w3,w6 notinv - noncomm - minus1 w6 ps 5,7,11,13,17,19,23 nfail 0 fails -
RES H 11046 86 3 5 1,129 nops 4 ops 1,w2,w3,w6 notinv - noncomm - minus1 w6 ps - nfail 0 fails -
RES H 11049 86 3 3 1,6,43,258 nops 2 ops 1,w2 notinv - noncomm - minus1 w2 ps 5,7,11,13,17,19,23 nfail 0 fails -
RES H 11050 86 3 3 1,3,43,129 nops 2 ops 1,w2 notinv - noncomm - minus1 w2 ps 5,7,11,13,17,19,23 nfail 0 fails -
RES H 11051 86 3 4 1,2,3,6 nops 2 ops 1,w43 notinv - noncomm - minus1 w43 ps 5 nfail 0 fails -
DONE 86 3 0.630
LEVEL 86 9 dimDnew 86 tall 1.480 ncurves 1
RES U 11072 86 9 3 1,2,9,18,43,86,387,774 nops 2 ops 1,V3*w1 notinv - noncomm - minus1 - ps 5,7,11,13,17,19,23 nfail 0 fails -
DONE 86 9 1.530
LEVEL 86 11 dimDnew 86 tall 0.770 ncurves 1
RES U 11073 86 11 4 1,2,11,22,43,86,473,946 nops 1 ops 1 notinv - noncomm - minus1 - ps 3,5 nfail 0 fails -
DONE 86 11 0.800
LEVEL 86 15 dimDnew 170 tall 11.430 ncurves 1
RES U 11075 86 15 3 1,2,3,5,6,10,15,30,43,86,129,215,258,430,645,1290 nops 1 ops 1 notinv - noncomm - minus1 - ps 7,11,13,17,19,23 nfail 0 fails -
DONE 86 15 11.810
LEVEL 86 21 dimDnew 226 tall 49.930 ncurves 1
RES K5 11078 86 21 3 1,2,3,6,7,14,21,42,43,86,129,258,301,602,903,1806 nops 1 ops 1 notinv - noncomm - minus1 - ps 5,11,13,17,19,23 nfail 1 fails 1:5:[1,2,13,19,65,50,125]
DONE 86 21 51.960
LEVEL 87 1 dimDnew 10 tall 0.390 ncurves 2
RES H 11079 87 1 5 1 nops 4 ops 1,w3,w29,w87 notinv - noncomm - minus1 w87 ps 2 nfail 0 fails -
RES H 11082 87 1 3 1,29 nops 2 ops 1,w3 notinv - noncomm - minus1 w3 ps 2,5,7,11,13,17,19,23 nfail 0 fails -
DONE 87 1 0.430
LEVEL 87 2 dimDnew 30 tall 0.500 ncurves 4
RES H 11087 87 2 5 1,174 nops 4 ops 1,w2,w3,w6 notinv - noncomm - minus1 w2 ps - nfail 0 fails -
RES H 11091 87 2 4 1,2,29,58 nops 2 ops 1,w3 notinv - noncomm - minus1 w3 ps 5 nfail 0 fails -
RES H 11092 87 2 3 1,6,29,174 nops 2 ops 1,w2 notinv - noncomm - minus1 w2 ps 5,7,11,13,17,19,23 nfail 0 fails -
RES H 11094 87 2 4 1,2,3,6 nops 2 ops 1,w29 notinv - noncomm - minus1 w29 ps 5 nfail 0 fails -
DONE 87 2 0.540
LEVEL 87 10 dimDnew 170 tall 3.790 ncurves 1
RES U 11124 87 10 3 1,2,3,5,6,10,15,29,30,58,87,145,174,290,435,870 nops 1 ops 1 notinv - noncomm - minus1 - ps 7,11,13,17,19,23 nfail 0 fails -
DONE 87 10 4.050
LEVEL 87 14 dimDnew 226 tall 6.310 ncurves 1
RES U 11127 87 14 3 1,2,3,6,7,14,21,29,42,58,87,174,203,406,609,1218 nops 1 ops 1 notinv - noncomm - minus1 - ps 5,11,13,17,19,23 nfail 0 fails -
DONE 87 14 6.820
LEVEL 91 4 dimDnew 74 tall 0.650 ncurves 1
RES K3 11163 91 4 3 1,4,7,13,28,52,91,364 nops 1 ops 1 notinv - noncomm - minus1 - ps 3,5,11,17,19,23 nfail 3 fails 1:3:[1,3,9,14,27,27,27];1:11:[1,3,33,66,363,363,1331];1:23:[1,-3,60,-111,1380,-1587,12167]
DONE 91 4 0.680
LEVEL 93 1 dimDnew 10 tall 0.390 ncurves 2
RES H 11195 93 1 5 1 nops 4 ops 1,w3,w31,w93 notinv - noncomm - minus1 w31 ps 2 nfail 0 fails -
RES H 11196 93 1 3 1,3 nops 2 ops 1,w31 notinv - noncomm - minus1 w31 ps 2,5,7,11,13,17,19,23 nfail 0 fails -
DONE 93 1 0.420
LEVEL 93 2 dimDnew 30 tall 0.540 ncurves 4
RES H 11203 93 2 5 1,186 nops 4 ops 1,w2,w3,w6 notinv - noncomm - minus1 w6 ps - nfail 0 fails -
RES H 11210 93 2 4 1,2,3,6 nops 2 ops 1,w31 notinv - noncomm - minus1 w31 ps 5 nfail 0 fails -
RES H 11212 93 2 3 1,3,62,186 nops 2 ops 1,w2 notinv - noncomm - minus1 w2 ps 5,7,11,13,17,19,23 nfail 0 fails -
RES H 11213 93 2 4 1,6,62,93 nops 2 ops 1,w2 notinv - noncomm - minus1 w2 ps 5 nfail 0 fails -
DONE 93 2 0.570
LEVEL 93 5 dimDnew 58 tall 0.680 ncurves 2
RES H 11224 93 5 3 1,15,31,465 nops 2 ops 1,w3 notinv - noncomm - minus1 - ps 2,7,11,13,17,19,23 nfail 0 fails -
RES K2 11225 93 5 5 1,5,31,155 nops 2 ops 1,w3 notinv - noncomm - minus1 - ps 2 nfail 2 fails 1:2:[1,1,2,2,3,-3,6,8,16,16,32];w3:2:[1,3,6,10,15,19,30,40,48,48,32]
DONE 93 5 0.720
LEVEL 93 14 dimDnew 242 tall 5.910 ncurves 1
RES U 11243 93 14 4 1,2,3,6,7,14,21,31,42,62,93,186,217,434,651,1302 nops 1 ops 1 notinv - noncomm - minus1 - ps 5 nfail 0 fails -
DONE 93 14 6.550
LEVEL 94 1 dimDnew 6 tall 0.430 ncurves 1
RES H 11244 94 1 3 1 nops 4 ops 1,w2,w47,w94 notinv - noncomm - minus1 w94 ps 3,5,7,11,13,17,19,23 nfail 0 fails -
DONE 94 1 0.470
LEVEL 94 3 dimDnew 30 tall 0.570 ncurves 2
RES U 11261 94 3 3 1,3,94,282 nops 2 ops 1,w2 notinv - noncomm - minus1 - ps 5,7,11,13,17,19,23 nfail 0 fails -
RES U 11262 94 3 3 1,6,94,141 nops 2 ops 1,w2 notinv - noncomm - minus1 - ps 5,7,11,13,17,19,23 nfail 0 fails -
DONE 94 3 0.610
LEVEL 94 5 dimDnew 46 tall 0.710 ncurves 1
RES U 11268 94 5 3 1,2,235,470 nops 2 ops 1,w5 notinv - noncomm - minus1 - ps 3,7,11,13,17,19,23 nfail 0 fails -
DONE 94 5 0.740
LEVEL 94 9 dimDnew 94 tall 1.190 ncurves 1
RES H 11280 94 9 4 1,2,9,18,47,94,423,846 nops 2 ops 1,V3*w1 notinv - noncomm - minus1 V3*w1 ps 5 nfail 0 fails -
DONE 94 9 1.220
LEVEL 94 21 dimDnew 242 tall 39.970 ncurves 1
RES U 11286 94 21 4 1,2,3,6,7,14,21,42,47,94,141,282,329,658,987,1974 nops 1 ops 1 notinv - noncomm - minus1 - ps 5 nfail 0 fails -
DONE 94 21 42.090
LEVEL 95 1 dimDnew 14 tall 0.340 ncurves 2
RES H 11288 95 1 3 1,5 nops 2 ops 1,w19 notinv - noncomm - minus1 w19 ps 2,3,7,11,13,17,23 nfail 0 fails -
RES H 11290 95 1 4 1,19 nops 2 ops 1,w5 notinv - noncomm - minus1 w5 ps 2,3 nfail 0 fails -
DONE 95 1 0.360
LEVEL 95 2 dimDnew 38 tall 0.430 ncurves 4
RES H 11299 95 2 4 1,2,19,38 nops 2 ops 1,w5 notinv - noncomm - minus1 w5 ps 3 nfail 0 fails -
RES H 11300 95 2 5 1,10,19,190 nops 2 ops 1,w2 notinv - noncomm - minus1 w2 ps - nfail 0 fails -
RES H 11302 95 2 5 1,2,5,10 nops 2 ops 1,w19 notinv - noncomm - minus1 w19 ps - nfail 0 fails -
RES H 11304 95 2 3 1,5,38,190 nops 2 ops 1,w2 notinv - noncomm - minus1 w2 ps 3,7,11,13,17,23 nfail 0 fails -
DONE 95 2 0.460
LEVEL 95 3 dimDnew 50 tall 0.460 ncurves 4
RES H 11307 95 3 6 1,3,19,57 nops 2 ops 1,w5 notinv - noncomm - minus1 w5 ps 2 nfail 0 fails -
RES H 11308 95 3 5 1,15,19,285 nops 2 ops 1,w3 notinv - noncomm - minus1 w3 ps 2 nfail 0 fails -
RES H 11310 95 3 6 1,3,5,15 nops 2 ops 1,w19 notinv - noncomm - minus1 w19 ps 2 nfail 0 fails -
RES H 11312 95 3 3 1,5,57,285 nops 2 ops 1,w3 notinv - noncomm - minus1 w3 ps 2,7,11,13,17,23 nfail 0 fails -
DONE 95 3 0.500
LEVEL 95 6 dimDnew 146 tall 1.900 ncurves 2
RES U 11329 95 6 3 1,3,10,30,38,95,114,285 nops 2 ops 1,w2 notinv - noncomm - minus1 - ps 7,11,13,17,23 nfail 0 fails -
RES U 11331 95 6 3 1,6,10,15,38,57,95,570 nops 2 ops 1,w2 notinv - noncomm - minus1 - ps 7,11,13,17,23 nfail 0 fails -
DONE 95 6 2.020
LEVEL 106 9 dimDnew 106 tall 1.650 ncurves 1
RES K5 11381 106 9 4 1,2,9,18,53,106,477,954 nops 2 ops 1,V3*w1 notinv - noncomm - minus1 - ps 5 nfail 1 fails 1:5:[1,4,17,34,96,170,425,500,625]
DONE 106 9 1.690
LEVEL 111 1 dimDnew 14 tall 0.450 ncurves 2
RES H 11388 111 1 4 1,3 nops 2 ops 1,w37 notinv - noncomm - minus1 w37 ps 2,5 nfail 0 fails -
RES H 11390 111 1 3 1,37 nops 2 ops 1,w3 notinv - noncomm - minus1 w3 ps 2,5,7,11,13,17,19,23 nfail 0 fails -
DONE 111 1 0.490
LEVEL 111 2 dimDnew 38 tall 0.560 ncurves 4
RES H 11399 111 2 5 1,2,37,74 nops 2 ops 1,w3 notinv - noncomm - minus1 w3 ps - nfail 0 fails -
RES H 11400 111 2 3 1,6,37,222 nops 2 ops 1,w2 notinv - noncomm - minus1 w2 ps 5,7,11,13,17,19,23 nfail 0 fails -
RES H 11402 111 2 5 1,2,3,6 nops 2 ops 1,w37 notinv - noncomm - minus1 w37 ps - nfail 0 fails -
RES H 11404 111 2 4 1,3,74,222 nops 2 ops 1,w2 notinv - noncomm - minus1 w2 ps 5 nfail 0 fails -
DONE 111 2 0.600
LEVEL 111 10 dimDnew 218 tall 7.120 ncurves 1
RES K7 11425 111 10 3 1,2,3,5,6,10,15,30,37,74,111,185,222,370,555,1110 nops 1 ops 1 notinv - noncomm - minus1 - ps 7,11,13,17,19,23 nfail 3 fails 1:7:[1,3,24,43,168,147,343];1:13:[1,11,66,279,858,1859,2197];1:23:[1,9,76,381,1748,4761,12167]
DONE 111 10 7.680
LEVEL 115 1 dimDnew 14 tall 0.090 ncurves 1
RES H 11429 115 1 4 1,5 nops 2 ops 1,w23 notinv - noncomm - minus1 w23 ps 2,3 nfail 0 fails -
DONE 115 1 0.090
LEVEL 115 2 dimDnew 46 tall 0.370 ncurves 4
RES H 11433 115 2 3 1,2,23,46 nops 2 ops 1,w5 notinv - noncomm - minus1 w5 ps 3,7,11,13,17,19 nfail 0 fails -
RES H 11436 115 2 6 1,2,5,10 nops 2 ops 1,w23 notinv - noncomm - minus1 w23 ps - nfail 0 fails -
RES H 11438 115 2 4 1,5,46,230 nops 2 ops 1,w2 notinv - noncomm - minus1 w2 ps 3 nfail 0 fails -
RES H 11439 115 2 5 1,10,46,115 nops 2 ops 1,w2 notinv - noncomm - minus1 w2 ps - nfail 0 fails -
DONE 115 2 0.400
LEVEL 118 3 dimDnew 38 tall 0.640 ncurves 1
RES K7 11484 118 3 3 1,2,177,354 nops 2 ops 1,w3 notinv - noncomm - minus1 - ps 5,7,11,13,17,19,23 nfail 3 fails 1:7:[1,1,12,5,84,49,343];1:23:[1,-10,101,-492,2323,-5290,12167];w3:7:[1,1,12,5,84,49,343]
DONE 118 3 0.680
LEVEL 119 1 dimDnew 18 tall 0.120 ncurves 2
RES H 11510 119 1 4 1,7 nops 2 ops 1,w17 notinv - noncomm - minus1 w17 ps 2,3,5 nfail 0 fails -
RES H 11512 119 1 5 1,17 nops 2 ops 1,w7 notinv - noncomm - minus1 w7 ps 2 nfail 0 fails -
DONE 119 1 0.130
LEVEL 119 2 dimDnew 50 tall 0.170 ncurves 3
RES H 11515 119 2 5 1,14,17,238 nops 2 ops 1,w2 notinv - noncomm - minus1 w2 ps - nfail 0 fails -
RES H 11517 119 2 5 1,2,7,14 nops 2 ops 1,w17 notinv - noncomm - minus1 w17 ps - nfail 0 fails -
RES H 11519 119 2 5 1,7,34,238 nops 2 ops 1,w2 notinv - noncomm - minus1 w2 ps - nfail 0 fails -
DONE 119 2 0.180
LEVEL 119 5 dimDnew 98 tall 0.780 ncurves 1
RES K2 11531 119 5 3 1,5,7,17,35,85,119,595 nops 1 ops 1 notinv - noncomm - minus1 - ps 2,3,11,13,19,23 nfail 5 fails 1:2:[1,2,3,3,6,8,8];1:3:[1,2,6,7,18,18,27];1:11:[1,9,60,225,660,1089,1331];1:19:[1,-1,40,-13,760,-361,6859];1:23:[1,5,8,-35,184,2645,12167]
DONE 119 5 0.820
LEVEL 122 1 dimDnew 12 tall 0.420 ncurves 1
RES H 11551 122 1 3 1,2 nops 2 ops 1,w61 notinv - noncomm - minus1 w61 ps 3,5,7,11,13,17,19,23 nfail 0 fails -
DONE 122 1 0.450
LEVEL 122 15 dimDnew 242 tall 18.370 ncurves 1
RES U 11589 122 15 5 1,2,3,5,6,10,15,30,61,122,183,305,366,610,915,1830 nops 1 ops 1 notinv - noncomm - minus1 - ps - nfail 0 fails -
DONE 122 15 19.460
LEVEL 129 1 dimDnew 14 tall 0.130 ncurves 1
RES H 11633 129 1 4 1,3 nops 2 ops 1,w43 notinv - noncomm - minus1 w43 ps 2,5 nfail 0 fails -
DONE 129 1 0.140
LEVEL 134 1 dimDnew 12 tall 0.440 ncurves 3
RES H 11673 134 1 6 1 nops 4 ops 1,w2,w67,w134 notinv - noncomm - minus1 w134 ps - nfail 0 fails -
RES H 11674 134 1 3 1,2 nops 2 ops 1,w67 notinv - noncomm - minus1 w67 ps 3,5,7,11,13,17,19,23 nfail 0 fails -
RES H 11676 134 1 3 1,67 nops 2 ops 1,w2 notinv - noncomm - minus1 w2 ps 3,5,7,11,13,17,19,23 nfail 0 fails -
DONE 134 1 0.470
LEVEL 134 3 dimDnew 46 tall 0.710 ncurves 5
RES H 11678 134 3 3 1,2,67,134 nops 2 ops 1,w3 notinv - noncomm - minus1 w3 ps 5,7,11,13,17,19,23 nfail 0 fails -
RES H 11679 134 3 4 1,6,67,402 nops 2 ops 1,w2 notinv - noncomm - minus1 w2 ps 5 nfail 0 fails -
RES H 11680 134 3 5 1,3,67,201 nops 2 ops 1,w2 notinv - noncomm - minus1 w2 ps - nfail 0 fails -
RES H 11681 134 3 6 1,2,3,6 nops 2 ops 1,w67 notinv - noncomm - minus1 w67 ps - nfail 0 fails -
RES H 11682 134 3 3 1,2,201,402 nops 2 ops 1,w3 notinv - noncomm - minus1 w3 ps 5,7,11,13,17,19,23 nfail 0 fails -
DONE 134 3 0.750
LEVEL 134 9 dimDnew 134 tall 2.790 ncurves 1
RES U 11695 134 9 5 1,2,9,18,67,134,603,1206 nops 2 ops 1,V3*w1 notinv - noncomm - minus1 - ps - nfail 0 fails -
DONE 134 9 2.860
LEVEL 134 15 dimDnew 266 tall 22.180 ncurves 1
RES U 11698 134 15 5 1,2,3,5,6,10,15,30,67,134,201,335,402,670,1005,2010 nops 1 ops 1 notinv - noncomm - minus1 - ps - nfail 0 fails -
DONE 134 15 23.550
LEVEL 141 1 dimDnew 14 tall 0.420 ncurves 1
RES U 11700 141 1 3 1,3 nops 2 ops 1,w47 notinv - noncomm - minus1 - ps 2,5,7,11,13,17,19,23 nfail 0 fails -
DONE 141 1 0.460
LEVEL 141 2 dimDnew 46 tall 0.580 ncurves 2
RES U 11709 141 2 3 1,3,94,282 nops 2 ops 1,w2 notinv - noncomm - minus1 - ps 5,7,11,13,17,19,23 nfail 0 fails -
RES U 11710 141 2 3 1,6,94,141 nops 2 ops 1,w2 notinv - noncomm - minus1 - ps 5,7,11,13,17,19,23 nfail 0 fails -
DONE 141 2 0.620
LEVEL 142 15 dimDnew 282 tall 27.110 ncurves 1
RES U 11740 142 15 4 1,2,3,5,6,10,15,30,71,142,213,355,426,710,1065,2130 nops 1 ops 1 notinv - noncomm - minus1 - ps - nfail 0 fails -
DONE 142 15 28.770
LEVEL 143 1 dimDnew 22 tall 0.130 ncurves 2
RES H 11742 143 1 4 1,11 nops 2 ops 1,w13 notinv - noncomm - minus1 w13 ps 2,3,5 nfail 0 fails -
RES H 11744 143 1 6 1,13 nops 2 ops 1,w11 notinv - noncomm - minus1 w11 ps 2 nfail 0 fails -
DONE 143 1 0.140
LEVEL 143 2 dimDnew 62 tall 0.240 ncurves 1
RES H 11751 143 2 4 1,11,26,286 nops 2 ops 1,w2 notinv - noncomm - minus1 w2 ps 3,5 nfail 0 fails -
DONE 143 2 0.250
LEVEL 143 6 dimDnew 242 tall 4.360 ncurves 1
RES K5 11764 143 6 3 1,2,3,6,11,13,22,26,33,39,66,78,143,286,429,858 nops 1 ops 1 notinv - noncomm - minus1 - ps 5,7,17,19,23 nfail 1 fails 1:5:[1,3,13,30,65,75,125]
DONE 143 6 4.720
LEVEL 145 1 dimDnew 18 tall 0.410 ncurves 1
RES H 11768 145 1 3 1,145 nops 2 ops 1,w5 notinv - noncomm - minus1 - ps 2,3,7,11,13,17,19,23 nfail 0 fails -
DONE 145 1 0.450
LEVEL 145 6 dimDnew 226 tall 4.990 ncurves 1
RES U 11788 145 6 3 1,2,3,5,6,10,15,29,30,58,87,145,174,290,435,870 nops 1 ops 1 notinv - noncomm - minus1 - ps 7,11,13,17,19,23 nfail 0 fails -
DONE 145 6 5.320
LEVEL 146 1 dimDnew 14 tall 0.470 ncurves 2
RES H 11791 146 1 4 1,2 nops 2 ops 1,w73 notinv - noncomm - minus1 w73 ps 3,5 nfail 0 fails -
RES H 11793 146 1 3 1,73 nops 2 ops 1,w2 notinv - noncomm - minus1 w2 ps 3,5,7,11,13,17,19,23 nfail 0 fails -
DONE 146 1 0.510
LEVEL 146 3 dimDnew 50 tall 0.770 ncurves 1
RES U 11795 146 3 3 1,2,73,146 nops 2 ops 1,w3 notinv - noncomm - minus1 - ps 5,7,11,13,17,19,23 nfail 0 fails -
DONE 146 3 0.810
LEVEL 146 15 dimDnew 290 tall 30.670 ncurves 1
RES U 11814 146 15 5 1,2,3,5,6,10,15,30,73,146,219,365,438,730,1095,2190 nops 1 ops 1 notinv - noncomm - minus1 - ps - nfail 0 fails -
DONE 146 15 32.820
LEVEL 155 6 dimDnew 242 tall 5.580 ncurves 1
RES U 11837 155 6 4 1,2,3,5,6,10,15,30,31,62,93,155,186,310,465,930 nops 1 ops 1 notinv - noncomm - minus1 - ps - nfail 0 fails -
DONE 155 6 6.000
LEVEL 158 1 dimDnew 14 tall 0.400 ncurves 1
RES U 11840 158 1 3 1,2 nops 2 ops 1,w79 notinv - noncomm - minus1 - ps 3,5,7,11,13,17,19,23 nfail 0 fails -
DONE 158 1 0.440
LEVEL 158 3 dimDnew 54 tall 0.810 ncurves 1
RES U 11848 158 3 3 1,2,237,474 nops 2 ops 1,w3 notinv - noncomm - minus1 - ps 5,7,11,13,17,19,23 nfail 0 fails -
DONE 158 3 0.850
LEVEL 159 1 dimDnew 18 tall 0.150 ncurves 2
RES H 11865 159 1 4 1,3 nops 2 ops 1,w53 notinv - noncomm - minus1 w53 ps 2,5 nfail 0 fails -
RES H 11867 159 1 5 1,53 nops 2 ops 1,w3 notinv - noncomm - minus1 w3 ps 2 nfail 0 fails -
DONE 159 1 0.150
LEVEL 159 2 dimDnew 54 tall 0.290 ncurves 3
RES H 11869 159 2 6 1,2,53,106 nops 2 ops 1,w3 notinv - noncomm - minus1 w3 ps - nfail 0 fails -
RES H 11870 159 2 6 1,6,53,318 nops 2 ops 1,w2 notinv - noncomm - minus1 w2 ps - nfail 0 fails -
RES H 11874 159 2 4 1,3,106,318 nops 2 ops 1,w2 notinv - noncomm - minus1 w2 ps 5 nfail 0 fails -
DONE 159 2 0.300
LEVEL 161 1 dimDnew 22 tall 0.280 ncurves 2
RES H 11881 161 1 6 1,7 nops 2 ops 1,w23 notinv - noncomm - minus1 w23 ps 2 nfail 0 fails -
RES H 11883 161 1 3 1,23 nops 2 ops 1,w7 notinv - noncomm - minus1 w7 ps 2,3,5,11,13,17,19 nfail 0 fails -
DONE 161 1 0.310
LEVEL 166 1 dimDnew 12 tall 0.410 ncurves 1
RES H 11898 166 1 3 1,2 nops 2 ops 1,w83 notinv - noncomm - minus1 w83 ps 3,5,7,11,13,17,19,23 nfail 0 fails -
DONE 166 1 0.440
LEVEL 178 1 dimDnew 14 tall 0.120 ncurves 1
RES H 11929 178 1 4 1,2 nops 2 ops 1,w89 notinv - noncomm - minus1 w89 ps 3,5 nfail 0 fails -
DONE 178 1 0.130
LEVEL 178 5 dimDnew 90 tall 1.390 ncurves 1
RES K3 11941 178 5 3 1,2,5,10,89,178,445,890 nops 1 ops 1 notinv - noncomm - minus1 - ps 3,7,11,13,17,19,23 nfail 2 fails 1:3:[1,3,9,18,27,27,27];1:11:[1,-3,21,-30,231,-363,1331]
DONE 178 5 1.450
LEVEL 183 1 dimDnew 22 tall 0.420 ncurves 2
RES H 11944 183 1 6 1,3 nops 2 ops 1,w61 notinv - noncomm - minus1 w61 ps 2 nfail 0 fails -
RES H 11946 183 1 3 1,61 nops 2 ops 1,w3 notinv - noncomm - minus1 w3 ps 2,5,7,11,13,17,19,23 nfail 0 fails -
DONE 183 1 0.460
LEVEL 194 1 dimDnew 18 tall 0.130 ncurves 2
RES H 11991 194 1 5 1,2 nops 2 ops 1,w97 notinv - noncomm - minus1 w97 ps - nfail 0 fails -
RES H 11993 194 1 4 1,97 nops 2 ops 1,w2 notinv - noncomm - minus1 w2 ps 3,5 nfail 0 fails -
DONE 194 1 0.140
LEVEL 194 3 dimDnew 66 tall 1.020 ncurves 1
RES U 12001 194 3 3 1,6,194,291 nops 2 ops 1,w2 notinv - noncomm - minus1 - ps 5,7,11,13,17,19,23 nfail 0 fails -
DONE 194 3 1.060
LEVEL 202 1 dimDnew 16 tall 0.480 ncurves 2
RES H 12020 202 1 4 1,2 nops 2 ops 1,w101 notinv - noncomm - minus1 w101 ps 3,5 nfail 0 fails -
RES H 12021 202 1 3 1,202 nops 2 ops 1,w2 notinv - noncomm - minus1 w2 ps 3,5,7,11,13,17,19,23 nfail 0 fails -
DONE 202 1 0.510
LEVEL 202 5 dimDnew 102 tall 1.530 ncurves 1
RES K7 12032 202 5 3 1,2,5,10,101,202,505,1010 nops 1 ops 1 notinv - noncomm - minus1 - ps 3,7,11,13,17,19,23 nfail 3 fails 1:7:[1,3,20,37,140,147,343];1:17:[1,13,92,437,1564,3757,4913];1:19:[1,3,24,133,456,1083,6859]
DONE 202 5 1.590
LEVEL 206 1 dimDnew 18 tall 0.130 ncurves 2
RES H 12057 206 1 4 1,2 nops 2 ops 1,w103 notinv - noncomm - minus1 w103 ps 3,5 nfail 0 fails -
RES H 12059 206 1 5 1,103 nops 2 ops 1,w2 notinv - noncomm - minus1 w2 ps - nfail 0 fails -
DONE 206 1 0.140
LEVEL 210 1 dimDnew 10 tall 0.750 ncurves 10
RES H 12079 210 1 3 1,2 nops 8 ops 1,w3,w5,w7,w15,w21,w35,w105 notinv - noncomm - minus1 w105 ps 11,13,17,19,23 nfail 0 fails -
RES H 12080 210 1 3 1,14 nops 8 ops 1,w2,w3,w5,w6,w10,w15,w30 notinv - noncomm - minus1 w30 ps 11,13,17,19,23 nfail 0 fails -
RES H 12081 210 1 3 1,10 nops 8 ops 1,w2,w3,w6,w7,w14,w21,w42 notinv - noncomm - minus1 w42 ps 11,13,17,19,23 nfail 0 fails -
RES H 12083 210 1 3 1,6 nops 8 ops 1,w2,w5,w7,w10,w14,w35,w70 notinv - noncomm - minus1 w70 ps 11,13,17,19,23 nfail 0 fails -
RES H 12087 210 1 3 1,3 nops 8 ops 1,w2,w5,w7,w10,w14,w35,w70 notinv - noncomm - minus1 w70 ps 11,13,17,19,23 nfail 0 fails -
RES H 12088 210 1 3 1,21 nops 8 ops 1,w2,w3,w5,w6,w10,w15,w30 notinv - noncomm - minus1 w30 ps 11,13,17,19,23 nfail 0 fails -
RES H 12089 210 1 3 1,15 nops 8 ops 1,w2,w3,w6,w7,w14,w21,w42 notinv - noncomm - minus1 w42 ps 11,13,17,19,23 nfail 0 fails -
RES H 12091 210 1 3 1,5 nops 8 ops 1,w2,w3,w6,w7,w14,w21,w42 notinv - noncomm - minus1 w42 ps 11,13,17,19,23 nfail 0 fails -
RES H 12092 210 1 3 1,35 nops 8 ops 1,w2,w3,w5,w6,w10,w15,w30 notinv - noncomm - minus1 w30 ps 11,13,17,19,23 nfail 0 fails -
RES H 12093 210 1 3 1,7 nops 8 ops 1,w2,w3,w5,w6,w10,w15,w30 notinv - noncomm - minus1 w30 ps 11,13,17,19,23 nfail 0 fails -
DONE 210 1 0.820
LEVEL 215 1 dimDnew 30 tall 0.100 ncurves 1
RES H 13062 215 1 6 1,43 nops 2 ops 1,w5 notinv - noncomm - minus1 w5 ps 2 nfail 0 fails -
DONE 215 1 0.100
LEVEL 217 2 dimDnew 90 tall 0.720 ncurves 1
RES K5 13071 217 2 3 1,2,7,14,31,62,217,434 nops 1 ops 1 notinv - noncomm - minus1 - ps 3,5,11,13,17,19,23 nfail 4 fails 1:5:[1,6,24,63,120,150,125];1:11:[1,0,6,27,66,0,1331];1:17:[1,12,96,459,1632,3468,4913];1:23:[1,12,96,495,2208,6348,12167]
DONE 217 2 0.770
LEVEL 237 1 dimDnew 26 tall 0.130 ncurves 1
RES H 13133 237 1 4 1,237 nops 2 ops 1,w3 notinv - noncomm - minus1 w3 ps 2,5 nfail 0 fails -
DONE 237 1 0.140
LEVEL 303 2 dimDnew 102 tall 1.250 ncurves 1
RES K7 13242 303 2 3 1,2,3,6,101,202,303,606 nops 1 ops 1 notinv - noncomm - minus1 - ps 5,7,11,13,17,19,23 nfail 3 fails 1:7:[1,5,27,70,189,245,343];1:17:[1,13,98,477,1666,3757,4913];1:19:[1,3,12,-61,228,1083,6859]
DONE 303 2 1.300
LEVEL 314 1 dimDnew 28 tall 0.140 ncurves 1
RES H 13256 314 1 6 1,157 nops 2 ops 1,w2 notinv - noncomm - minus1 w2 ps - nfail 0 fails -
DONE 314 1 0.140
LEVEL 330 1 dimDnew 10 tall 0.940 ncurves 10
RES H 13282 330 1 3 1,2 nops 8 ops 1,w3,w5,w11,w15,w33,w55,w165 notinv - noncomm - minus1 w165 ps 7,13,17,19,23 nfail 0 fails -
RES H 13284 330 1 3 1,10 nops 8 ops 1,w2,w3,w6,w11,w22,w33,w66 notinv - noncomm - minus1 w33 ps 7,13,17,19,23 nfail 0 fails -
RES H 13285 330 1 3 1,110 nops 8 ops 1,w2,w3,w5,w6,w10,w15,w30 notinv - noncomm - minus1 w3 ps 7,13,17,19,23 nfail 0 fails -
RES H 13286 330 1 3 1,6 nops 8 ops 1,w2,w5,w10,w11,w22,w55,w110 notinv - noncomm - minus1 w22 ps 7,13,17,19,23 nfail 0 fails -
RES H 13287 330 1 3 1,66 nops 8 ops 1,w2,w3,w5,w6,w10,w15,w30 notinv - noncomm - minus1 w3 ps 7,13,17,19,23 nfail 0 fails -
RES H 13288 330 1 3 1,30 nops 8 ops 1,w2,w3,w5,w11,w22,w33,w55 notinv - noncomm - minus1 w22 ps 7,13,17,19,23 nfail 0 fails -
RES H 13292 330 1 3 1,15 nops 8 ops 1,w2,w3,w6,w11,w22,w33,w66 notinv - noncomm - minus1 w22 ps 7,13,17,19,23 nfail 0 fails -
RES H 13294 330 1 3 1,5 nops 8 ops 1,w2,w3,w6,w11,w22,w33,w66 notinv - noncomm - minus1 w33 ps 7,13,17,19,23 nfail 0 fails -
RES H 13295 330 1 3 1,55 nops 8 ops 1,w2,w3,w5,w6,w10,w15,w30 notinv - noncomm - minus1 w3 ps 7,13,17,19,23 nfail 0 fails -
RES H 13296 330 1 3 1,11 nops 8 ops 1,w2,w3,w5,w6,w10,w15,w30 notinv - noncomm - minus1 w3 ps 7,13,17,19,23 nfail 0 fails -
DONE 330 1 1.020
LEVEL 339 2 dimDnew 114 tall 1.410 ncurves 1
RES K5 13680 339 2 3 1,2,3,6,113,226,339,678 nops 1 ops 1 notinv - noncomm - minus1 - ps 5,7,11,13,17,19,23 nfail 5 fails 1:5:[1,5,22,53,110,125,125];1:7:[1,5,24,61,168,245,343];1:13:[1,9,63,254,819,1521,2197];1:17:[1,3,51,98,867,867,4913];1:23:[1,9,84,389,1932,4761,12167]
DONE 339 2 1.480
LEVEL 346 3 dimDnew 114 tall 1.770 ncurves 1
RES U 13687 346 3 5 1,2,3,6,173,346,519,1038 nops 1 ops 1 notinv - noncomm - minus1 - ps - nfail 0 fails -
DONE 346 3 1.810
LEVEL 386 3 dimDnew 130 tall 2.280 ncurves 1
RES K5 13716 386 3 4 1,2,3,6,193,386,579,1158 nops 1 ops 1 notinv - noncomm - minus1 - ps 5 nfail 1 fails 1:5:[1,5,25,75,200,375,625,625,625]
DONE 386 3 2.370
LEVEL 390 1 dimDnew 18 tall 0.990 ncurves 18
RES H 13718 390 1 5 1,2 nops 8 ops 1,w3,w5,w13,w15,w39,w65,w195 notinv - noncomm - minus1 w195 ps - nfail 0 fails -
RES H 13721 390 1 3 1,130 nops 8 ops 1,w2,w3,w5,w6,w10,w15,w30 notinv - noncomm - minus1 w3 ps 7,11,17,19,23 nfail 0 fails -
RES H 13723 390 1 3 1,78 nops 8 ops 1,w2,w3,w5,w6,w10,w15,w30 notinv - noncomm - minus1 w5 ps 7,11,17,19,23 nfail 0 fails -
RES H 13724 390 1 5 1,30 nops 8 ops 1,w2,w3,w5,w13,w26,w39,w65 notinv - noncomm - minus1 w13 ps - nfail 0 fails -
RES H 13726 390 1 5 1,3 nops 8 ops 1,w2,w5,w10,w13,w26,w65,w130 notinv - noncomm - minus1 w130 ps - nfail 0 fails -
RES H 13729 390 1 3 1,195 nops 8 ops 1,w2,w3,w5,w6,w10,w13,w26 notinv - noncomm - minus1 w2 ps 7,11,17,19,23 nfail 0 fails -
RES H 13730 390 1 5 1,5 nops 8 ops 1,w2,w3,w6,w13,w26,w39,w78 notinv - noncomm - minus1 w78 ps - nfail 0 fails -
RES H 13732 390 1 3 1,13 nops 8 ops 1,w2,w3,w5,w6,w10,w15,w30 notinv - noncomm - minus1 w30 ps 7,11,17,19,23 nfail 0 fails -
RES H 13733 390 1 3 1,2,5,10 nops 4 ops 1,w3,w13,w39 notinv - noncomm - minus1 w39 ps 7,11,17,19,23 nfail 0 fails -
RES H 13737 390 1 3 1,5,6,30 nops 4 ops 1,w2,w13,w26 notinv - noncomm - minus1 w13 ps 7,11,17,19,23 nfail 0 fails -
RES H 13747 390 1 3 1,3,5,15 nops 4 ops 1,w2,w13,w26 notinv - noncomm - minus1 w26 ps 7,11,17,19,23 nfail 0 fails -
RES H 13751 390 1 3 1,2,3,6 nops 4 ops 1,w5,w13,w65 notinv - noncomm - minus1 w65 ps 7,11,17,19,23 nfail 0 fails -
RES H 13753 390 1 3 1,2,15,30 nops 4 ops 1,w3,w13,w39 notinv - noncomm - minus1 w13 ps 7,11,17,19,23 nfail 0 fails -
RES H 13759 390 1 3 1,3,10,30 nops 4 ops 1,w2,w13,w26 notinv - noncomm - minus1 w13 ps 7,11,17,19,23 nfail 0 fails -
RES H 13761 390 1 3 1,6,10,15 nops 4 ops 1,w2,w13,w26 notinv - noncomm - minus1 w13 ps 7,11,17,19,23 nfail 0 fails -
RES U 13736 390 1 3 1,10,26,65 nops 4 ops 1,w2,w3,w6 notinv - noncomm - minus1 - ps 7,11,17,19,23 nfail 0 fails -
RES U 13750 390 1 3 1,15,39,65 nops 4 ops 1,w2,w3,w6 notinv - noncomm - minus1 - ps 7,11,17,19,23 nfail 0 fails -
RES U 13756 390 1 3 1,6,26,39 nops 4 ops 1,w2,w5,w10 notinv - noncomm - minus1 - ps 7,11,17,19,23 nfail 0 fails -
DONE 390 1 1.070
LEVEL 411 1 dimDnew 46 tall 0.510 ncurves 1
RES K2 14088 411 1 3 1,3,137,411 nops 1 ops 1 notinv - noncomm - minus1 - ps 2,5,7,11,13,17,19,23 nfail 4 fails 1:2:[1,3,6,9,12,12,8];1:5:[1,6,24,61,120,150,125];1:11:[1,9,57,217,627,1089,1331];1:17:[1,6,42,187,714,1734,4913]
DONE 411 1 0.550
LEVEL 462 1 dimDnew 18 tall 1.180 ncurves 18
RES H 14123 462 1 3 1,2 nops 8 ops 1,w3,w7,w11,w21,w33,w77,w231 notinv - noncomm - minus1 w77 ps 5,13,17,19,23 nfail 0 fails -
RES H 14124 462 1 3 1,22 nops 8 ops 1,w2,w3,w6,w7,w14,w21,w42 notinv - noncomm - minus1 w7 ps 5,13,17,19,23 nfail 0 fails -
RES H 14129 462 1 3 1,42 nops 8 ops 1,w2,w3,w6,w11,w22,w33,w66 notinv - noncomm - minus1 w33 ps 5,13,17,19,23 nfail 0 fails -
RES H 14130 462 1 3 1,462 nops 8 ops 1,w2,w3,w6,w7,w11,w14,w21 notinv - noncomm - minus1 w3 ps 5,13,17,19,23 nfail 0 fails -
RES H 14131 462 1 5 1,3 nops 8 ops 1,w2,w7,w11,w14,w22,w77,w154 notinv - noncomm - minus1 w154 ps - nfail 0 fails -
RES H 14132 462 1 5 1,33 nops 8 ops 1,w2,w3,w6,w7,w14,w21,w42 notinv - noncomm - minus1 w42 ps - nfail 0 fails -
RES H 14135 462 1 5 1,7 nops 8 ops 1,w2,w3,w6,w11,w22,w33,w66 notinv - noncomm - minus1 w22 ps - nfail 0 fails -
RES H 14136 462 1 5 1,77 nops 8 ops 1,w2,w3,w6,w7,w14,w21,w42 notinv - noncomm - minus1 w2 ps - nfail 0 fails -
RES H 14150 462 1 3 1,3,11,33 nops 4 ops 1,w2,w7,w14 notinv - noncomm - minus1 w14 ps 5,13,17,19,23 nfail 0 fails -
RES H 14151 462 1 3 1,11,21,231 nops 4 ops 1,w2,w3,w6 notinv - noncomm - minus1 w2 ps 5,13,17,19,23 nfail 0 fails -
RES H 14152 462 1 3 1,3,7,21 nops 4 ops 1,w2,w11,w22 notinv - noncomm - minus1 w22 ps 5,13,17,19,23 nfail 0 fails -
RES H 14153 462 1 3 1,3,77,231 nops 4 ops 1,w2,w7,w14 notinv - noncomm - minus1 w2 ps 5,13,17,19,23 nfail 0 fails -
RES H 14154 462 1 3 1,7,33,231 nops 4 ops 1,w2,w3,w6 notinv - noncomm - minus1 w6 ps 5,13,17,19,23 nfail 0 fails -
RES H 14155 462 1 3 1,21,33,77 nops 4 ops 1,w2,w3,w6 notinv - noncomm - minus1 w2 ps 5,13,17,19,23 nfail 0 fails -
RES H 14172 462 1 3 1,7,11,77 nops 4 ops 1,w2,w3,w6 notinv - noncomm - minus1 w2 ps 5,13,17,19,23 nfail 0 fails -
RES U 14148 462 1 3 1,6,11,66 nops 4 ops 1,w2,w7,w14 notinv - noncomm - minus1 - ps 5,13,17,19,23 nfail 0 fails -
RES U 14166 462 1 3 1,6,14,21 nops 4 ops 1,w2,w11,w22 notinv - noncomm - minus1 - ps 5,13,17,19,23 nfail 0 fails -
RES U 14167 462 1 3 1,14,66,231 nops 4 ops 1,w2,w3,w6 notinv - noncomm - minus1 - ps 5,13,17,19,23 nfail 0 fails -
DONE 462 1 1.270
LEVEL 510 1 dimDnew 18 tall 1.320 ncurves 18
RES H 14443 510 1 3 1,10 nops 8 ops 1,w2,w3,w6,w17,w34,w51,w102 notinv - noncomm - minus1 w51 ps 7,11,13,19,23 nfail 0 fails -
RES H 14444 510 1 5 1,170 nops 8 ops 1,w2,w3,w5,w6,w10,w15,w30 notinv - noncomm - minus1 w3 ps - nfail 0 fails -
RES H 14445 510 1 5 1,6 nops 8 ops 1,w2,w5,w10,w17,w34,w85,w170 notinv - noncomm - minus1 w85 ps - nfail 0 fails -
RES H 14446 510 1 3 1,102 nops 8 ops 1,w2,w3,w5,w6,w10,w15,w30 notinv - noncomm - minus1 w5 ps 7,11,13,19,23 nfail 0 fails -
RES H 14449 510 1 3 1,3 nops 8 ops 1,w2,w5,w10,w17,w34,w85,w170 notinv - noncomm - minus1 w170 ps 7,11,13,19,23 nfail 0 fails -
RES H 14450 510 1 5 1,51 nops 8 ops 1,w2,w3,w5,w6,w10,w15,w30 notinv - noncomm - minus1 w10 ps - nfail 0 fails -
RES H 14453 510 1 5 1,5 nops 8 ops 1,w2,w3,w6,w17,w34,w51,w102 notinv - noncomm - minus1 w102 ps - nfail 0 fails -
RES H 14454 510 1 3 1,85 nops 8 ops 1,w2,w3,w5,w6,w10,w15,w30 notinv - noncomm - minus1 w6 ps 7,11,13,19,23 nfail 0 fails -
RES H 14458 510 1 3 1,5,34,170 nops 4 ops 1,w2,w3,w6 notinv - noncomm - minus1 w3 ps 7,11,13,19,23 nfail 0 fails -
RES H 14460 510 1 3 1,5,6,30 nops 4 ops 1,w2,w17,w34 notinv - noncomm - minus1 w17 ps 7,11,13,19,23 nfail 0 fails -
RES H 14472 510 1 3 1,5,51,255 nops 4 ops 1,w2,w3,w6 notinv - noncomm - minus1 w2 ps 7,11,13,19,23 nfail 0 fails -
RES H 14479 510 1 3 1,6,34,51 nops 4 ops 1,w2,w5,w10 notinv - noncomm - minus1 w10 ps 7,11,13,19,23 nfail 0 fails -
RES H 14481 510 1 3 1,30,34,255 nops 4 ops 1,w2,w3,w5 notinv - noncomm - minus1 w3 ps 7,11,13,19,23 nfail 0 fails -
RES H 14487 510 1 3 1,30,51,170 nops 4 ops 1,w2,w3,w5 notinv - noncomm - minus1 w3 ps 7,11,13,19,23 nfail 0 fails -
RES H 14489 510 1 3 1,6,170,255 nops 4 ops 1,w2,w5,w10 notinv - noncomm - minus1 w2 ps 7,11,13,19,23 nfail 0 fails -
RES U 14464 510 1 3 1,2,17,34 nops 4 ops 1,w3,w5,w15 notinv - noncomm - minus1 - ps 7,11,13,19,23 nfail 0 fails -
RES U 14469 510 1 3 1,15,17,255 nops 4 ops 1,w2,w3,w6 notinv - noncomm - minus1 - ps 7,11,13,19,23 nfail 0 fails -
RES U 14476 510 1 3 1,2,15,30 nops 4 ops 1,w3,w17,w51 notinv - noncomm - minus1 - ps 7,11,13,19,23 nfail 0 fails -
DONE 510 1 1.400
LEVEL 546 1 dimDnew 26 tall 1.470 ncurves 22
RES H 14625 546 1 5 1,78 nops 8 ops 1,w2,w3,w6,w7,w14,w21,w42 notinv - noncomm - minus1 w7 ps - nfail 0 fails -
RES H 14630 546 1 5 1,21 nops 8 ops 1,w2,w3,w6,w13,w26,w39,w78 notinv - noncomm - minus1 w26 ps - nfail 0 fails -
RES H 14631 546 1 5 1,273 nops 8 ops 1,w2,w3,w6,w7,w13,w14,w26 notinv - noncomm - minus1 w2 ps - nfail 0 fails -
RES H 14633 546 1 5 1,91 nops 8 ops 1,w2,w3,w6,w7,w14,w21,w42 notinv - noncomm - minus1 w6 ps - nfail 0 fails -
RES H 14635 546 1 4 1,2,7,14 nops 4 ops 1,w3,w13,w39 notinv - noncomm - minus1 w39 ps 5 nfail 0 fails -
RES H 14636 546 1 3 1,2,91,182 nops 4 ops 1,w3,w7,w21 notinv - noncomm - minus1 w3 ps 5,11,17,19,23 nfail 0 fails -
RES H 14637 546 1 4 1,7,26,182 nops 4 ops 1,w2,w3,w6 notinv - noncomm - minus1 w3 ps 5 nfail 0 fails -
RES H 14638 546 1 3 1,14,26,91 nops 4 ops 1,w2,w3,w6 notinv - noncomm - minus1 w6 ps 5,11,17,19,23 nfail 0 fails -
RES H 14639 546 1 4 1,6,7,42 nops 4 ops 1,w2,w13,w26 notinv - noncomm - minus1 w13 ps 5 nfail 0 fails -
RES H 14643 546 1 4 1,2,13,26 nops 4 ops 1,w3,w7,w21 notinv - noncomm - minus1 w21 ps 5 nfail 0 fails -
RES H 14645 546 1 3 1,6,13,78 nops 4 ops 1,w2,w7,w14 notinv - noncomm - minus1 w7 ps 5,11,17,19,23 nfail 0 fails -
RES H 14649 546 1 3 1,3,7,21 nops 4 ops 1,w2,w13,w26 notinv - noncomm - minus1 w26 ps 5,11,17,19,23 nfail 0 fails -
RES H 14651 546 1 3 1,7,39,273 nops 4 ops 1,w2,w3,w6 notinv - noncomm - minus1 w2 ps 5,11,17,19,23 nfail 0 fails -
RES H 14653 546 1 4 1,2,3,6 nops 4 ops 1,w7,w13,w91 notinv - noncomm - minus1 w91 ps 5 nfail 0 fails -
RES H 14654 546 1 3 1,2,39,78 nops 4 ops 1,w3,w7,w21 notinv - noncomm - minus1 w7 ps 5,11,17,19,23 nfail 0 fails -
RES H 14655 546 1 3 1,2,21,42 nops 4 ops 1,w3,w13,w39 notinv - noncomm - minus1 w13 ps 5,11,17,19,23 nfail 0 fails -
RES H 14657 546 1 3 1,3,26,78 nops 4 ops 1,w2,w7,w14 notinv - noncomm - minus1 w7 ps 5,11,17,19,23 nfail 0 fails -
RES H 14658 546 1 4 1,6,26,39 nops 4 ops 1,w2,w7,w14 notinv - noncomm - minus1 w14 ps 5 nfail 0 fails -
RES H 14660 546 1 3 1,26,42,273 nops 4 ops 1,w2,w3,w6 notinv - noncomm - minus1 w2 ps 5,11,17,19,23 nfail 0 fails -
RES H 14663 546 1 3 1,6,14,21 nops 4 ops 1,w2,w13,w26 notinv - noncomm - minus1 w26 ps 5,11,17,19,23 nfail 0 fails -
RES H 14668 546 1 3 1,6,182,273 nops 4 ops 1,w2,w7,w13 notinv - noncomm - minus1 w2 ps 5,11,17,19,23 nfail 0 fails -
RES H 14669 546 1 3 1,7,13,91 nops 4 ops 1,w2,w3,w6 notinv - noncomm - minus1 w6 ps 5,11,17,19,23 nfail 0 fails -
DONE 546 1 1.570
LEVEL 570 1 dimDnew 26 tall 1.520 ncurves 15
RES H 14920 570 1 3 1,570 nops 8 ops 1,w2,w3,w5,w6,w10,w15,w19 notinv - noncomm - minus1 w2 ps 7,11,13,17,23 nfail 0 fails -
RES H 14924 570 1 3 1,285 nops 8 ops 1,w2,w3,w5,w6,w10,w15,w30 notinv - noncomm - minus1 w2 ps 7,11,13,17,23 nfail 0 fails -
RES H 14928 570 1 4 1,2,5,10 nops 4 ops 1,w3,w19,w57 notinv - noncomm - minus1 w57 ps - nfail 0 fails -
RES H 14929 570 1 3 1,2,95,190 nops 4 ops 1,w3,w5,w15 notinv - noncomm - minus1 w3 ps 7,11,13,17,23 nfail 0 fails -
RES H 14930 570 1 3 1,5,38,190 nops 4 ops 1,w2,w3,w6 notinv - noncomm - minus1 w6 ps 7,11,13,17,23 nfail 0 fails -
RES H 14932 570 1 3 1,5,6,30 nops 4 ops 1,w2,w19,w38 notinv - noncomm - minus1 w38 ps 7,11,13,17,23 nfail 0 fails -
RES H 14936 570 1 4 1,2,19,38 nops 4 ops 1,w3,w5,w15 notinv - noncomm - minus1 w15 ps - nfail 0 fails -
RES H 14937 570 1 3 1,10,19,190 nops 4 ops 1,w2,w3,w6 notinv - noncomm - minus1 w3 ps 7,11,13,17,23 nfail 0 fails -
RES H 14940 570 1 3 1,3,19,57 nops 4 ops 1,w2,w5,w10 notinv - noncomm - minus1 w10 ps 7,11,13,17,23 nfail 0 fails -
RES H 14946 570 1 4 1,2,3,6 nops 4 ops 1,w5,w19,w95 notinv - noncomm - minus1 w95 ps - nfail 0 fails -
RES H 14947 570 1 3 1,2,57,114 nops 4 ops 1,w3,w5,w15 notinv - noncomm - minus1 w5 ps 7,11,13,17,23 nfail 0 fails -
RES H 14948 570 1 3 1,2,15,30 nops 4 ops 1,w3,w19,w57 notinv - noncomm - minus1 w19 ps 7,11,13,17,23 nfail 0 fails -
RES H 14951 570 1 3 1,6,38,57 nops 4 ops 1,w2,w5,w10 notinv - noncomm - minus1 w5 ps 7,11,13,17,23 nfail 0 fails -
RES H 14954 570 1 3 1,3,10,30 nops 4 ops 1,w2,w19,w38 notinv - noncomm - minus1 w19 ps 7,11,13,17,23 nfail 0 fails -
RES U 14960 570 1 3 1,15,114,190 nops 4 ops 1,w2,w3,w6 notinv - noncomm - minus1 - ps 7,11,13,17,23 nfail 0 fails -
DONE 570 1 1.600
LEVEL 690 1 dimDnew 26 tall 2.010 ncurves 16
RES H 15066 690 1 3 1,138 nops 8 ops 1,w2,w3,w5,w6,w10,w15,w30 notinv - noncomm - minus1 w5 ps 7,11,13,17,19 nfail 0 fails -
RES H 15068 690 1 3 1,690 nops 8 ops 1,w2,w3,w5,w6,w10,w15,w23 notinv - noncomm - minus1 w5 ps 7,11,13,17,19 nfail 0 fails -
RES H 15076 690 1 4 1,2,5,10 nops 4 ops 1,w3,w23,w69 notinv - noncomm - minus1 w69 ps - nfail 0 fails -
RES H 15077 690 1 3 1,2,115,230 nops 4 ops 1,w3,w5,w15 notinv - noncomm - minus1 w3 ps 7,11,13,17,19 nfail 0 fails -
RES H 15078 690 1 4 1,5,46,230 nops 4 ops 1,w2,w3,w6 notinv - noncomm - minus1 w3 ps - nfail 0 fails -
RES H 15079 690 1 3 1,10,46,115 nops 4 ops 1,w2,w3,w6 notinv - noncomm - minus1 w3 ps 7,11,13,17,19 nfail 0 fails -
RES H 15080 690 1 4 1,5,6,30 nops 4 ops 1,w2,w23,w46 notinv - noncomm - minus1 w23 ps - nfail 0 fails -
RES H 15090 690 1 3 1,3,5,15 nops 4 ops 1,w2,w23,w46 notinv - noncomm - minus1 w46 ps 7,11,13,17,19 nfail 0 fails -
RES H 15092 690 1 3 1,5,69,345 nops 4 ops 1,w2,w3,w6 notinv - noncomm - minus1 w2 ps 7,11,13,17,19 nfail 0 fails -
RES H 15094 690 1 3 1,2,3,6 nops 4 ops 1,w5,w23,w115 notinv - noncomm - minus1 w115 ps 7,11,13,17,19 nfail 0 fails -
RES H 15101 690 1 3 1,30,46,345 nops 4 ops 1,w2,w3,w5 notinv - noncomm - minus1 w3 ps 7,11,13,17,19 nfail 0 fails -
RES H 15102 690 1 3 1,3,10,30 nops 4 ops 1,w2,w23,w46 notinv - noncomm - minus1 w46 ps 7,11,13,17,19 nfail 0 fails -
RES H 15109 690 1 3 1,6,230,345 nops 4 ops 1,w2,w5,w10 notinv - noncomm - minus1 w2 ps 7,11,13,17,19 nfail 0 fails -
RES H 15110 690 1 3 1,5,23,115 nops 4 ops 1,w2,w3,w6 notinv - noncomm - minus1 w6 ps 7,11,13,17,19 nfail 0 fails -
RES U 15088 690 1 3 1,3,23,69 nops 4 ops 1,w2,w5,w10 notinv - noncomm - minus1 - ps 7,11,13,17,19 nfail 1 fails w10:11:[1,10,65,252,715,1210,1331]
RES U 15089 690 1 3 1,15,23,345 nops 4 ops 1,w2,w3,w6 notinv - noncomm - minus1 - ps 7,11,13,17,19 nfail 1 fails w2:17:[1,8,71,288,1207,2312,4913]
DONE 690 1 2.100
LEVEL 714 1 dimDnew 34 tall 2.120 ncurves 16
RES H 15170 714 1 5 1,238 nops 8 ops 1,w2,w3,w6,w7,w14,w21,w42 notinv - noncomm - minus1 w3 ps - nfail 0 fails -
RES H 15174 714 1 3 1,714 nops 8 ops 1,w2,w3,w6,w7,w14,w17,w21 notinv - noncomm - minus1 w3 ps 5,11,13,19,23 nfail 0 fails -
RES H 15182 714 1 5 1,2,7,14 nops 4 ops 1,w3,w17,w51 notinv - noncomm - minus1 w51 ps - nfail 0 fails -
RES H 15183 714 1 3 1,2,119,238 nops 4 ops 1,w3,w7,w21 notinv - noncomm - minus1 w3 ps 5,11,13,19,23 nfail 0 fails -
RES H 15184 714 1 3 1,7,34,238 nops 4 ops 1,w2,w3,w6 notinv - noncomm - minus1 w3 ps 5,11,13,19,23 nfail 0 fails -
RES H 15191 714 1 3 1,14,17,238 nops 4 ops 1,w2,w3,w6 notinv - noncomm - minus1 w3 ps 5,11,13,19,23 nfail 0 fails -
RES H 15194 714 1 4 1,3,17,51 nops 4 ops 1,w2,w7,w14 notinv - noncomm - minus1 w14 ps 5 nfail 0 fails -
RES H 15196 714 1 5 1,3,7,21 nops 4 ops 1,w2,w17,w34 notinv - noncomm - minus1 w34 ps - nfail 0 fails -
RES H 15197 714 1 4 1,3,119,357 nops 4 ops 1,w2,w7,w14 notinv - noncomm - minus1 w2 ps 5 nfail 0 fails -
RES H 15198 714 1 3 1,7,51,357 nops 4 ops 1,w2,w3,w6 notinv - noncomm - minus1 w2 ps 5,11,13,19,23 nfail 0 fails -
RES H 15200 714 1 5 1,2,3,6 nops 4 ops 1,w7,w17,w119 notinv - noncomm - minus1 w119 ps - nfail 0 fails -
RES H 15201 714 1 3 1,2,51,102 nops 4 ops 1,w3,w7,w21 notinv - noncomm - minus1 w7 ps 5,11,13,19,23 nfail 0 fails -
RES H 15204 714 1 4 1,3,34,102 nops 4 ops 1,w2,w7,w14 notinv - noncomm - minus1 w7 ps 5 nfail 0 fails -
RES H 15208 714 1 5 1,3,14,42 nops 4 ops 1,w2,w17,w34 notinv - noncomm - minus1 w17 ps - nfail 0 fails -
RES H 15211 714 1 3 1,14,102,357 nops 4 ops 1,w2,w3,w6 notinv - noncomm - minus1 w2 ps 5,11,13,19,23 nfail 0 fails -
RES H 15218 714 1 3 1,2,3,6,7,14,21,42 nops 2 ops 1,w17 notinv - noncomm - minus1 w17 ps 5,11,13,19,23 nfail 0 fails -
DONE 714 1 2.200
LEVEL 770 1 dimDnew 42 tall 2.120 ncurves 20
RES H 15282 770 1 3 1,770 nops 8 ops 1,w2,w5,w7,w10,w11,w14,w22 notinv - noncomm - minus1 w10 ps 3,13,17,19,23 nfail 0 fails -
RES H 15291 770 1 4 1,2,77,154 nops 4 ops 1,w5,w7,w35 notinv - noncomm - minus1 w5 ps 3 nfail 0 fails -
RES H 15293 770 1 3 1,14,22,77 nops 4 ops 1,w2,w5,w10 notinv - noncomm - minus1 w10 ps 3,13,17,19,23 nfail 0 fails -
RES H 15294 770 1 5 1,7,10,70 nops 4 ops 1,w2,w11,w22 notinv - noncomm - minus1 w11 ps - nfail 0 fails -
RES H 15297 770 1 3 1,70,77,110 nops 4 ops 1,w2,w5,w7 notinv - noncomm - minus1 w7 ps 3,13,17,19,23 nfail 0 fails -
RES H 15298 770 1 5 1,2,11,22 nops 4 ops 1,w5,w7,w35 notinv - noncomm - minus1 w35 ps - nfail 0 fails -
RES H 15300 770 1 6 1,10,11,110 nops 4 ops 1,w2,w7,w14 notinv - noncomm - minus1 w7 ps - nfail 0 fails -
RES H 15303 770 1 5 1,11,35,385 nops 4 ops 1,w2,w5,w10 notinv - noncomm - minus1 w2 ps - nfail 0 fails -
RES H 15305 770 1 3 1,5,77,385 nops 4 ops 1,w2,w7,w14 notinv - noncomm - minus1 w2 ps 3,13,17,19,23 nfail 0 fails -
RES H 15307 770 1 4 1,35,55,77 nops 4 ops 1,w2,w5,w10 notinv - noncomm - minus1 w10 ps 3 nfail 0 fails -
RES H 15308 770 1 6 1,2,5,10 nops 4 ops 1,w7,w11,w77 notinv - noncomm - minus1 w77 ps - nfail 0 fails -
RES H 15310 770 1 5 1,2,35,70 nops 4 ops 1,w5,w11,w55 notinv - noncomm - minus1 w11 ps - nfail 0 fails -
RES H 15313 770 1 5 1,10,22,55 nops 4 ops 1,w2,w7,w14 notinv - noncomm - minus1 w14 ps - nfail 0 fails -
RES H 15315 770 1 3 1,22,70,385 nops 4 ops 1,w2,w5,w7 notinv - noncomm - minus1 w2 ps 3,13,17,19,23 nfail 0 fails -
RES H 15318 770 1 6 1,10,14,35 nops 4 ops 1,w2,w11,w22 notinv - noncomm - minus1 w22 ps - nfail 0 fails -
RES H 15323 770 1 5 1,10,154,385 nops 4 ops 1,w2,w7,w11 notinv - noncomm - minus1 w2 ps - nfail 0 fails -
RES H 15324 770 1 4 1,7,11,77 nops 4 ops 1,w2,w5,w10 notinv - noncomm - minus1 w10 ps 3 nfail 0 fails -
RES H 15326 770 1 3 1,2,5,7,10,14,35,70 nops 2 ops 1,w11 notinv - noncomm - minus1 w11 ps 3,13,17,19,23 nfail 0 fails -
RES H 15334 770 1 3 1,2,5,10,11,22,55,110 nops 2 ops 1,w7 notinv - noncomm - minus1 w7 ps 3,13,17,19,23 nfail 0 fails -
RES H 15337 770 1 3 1,10,11,14,35,110,154,385 nops 2 ops 1,w2 notinv - noncomm - minus1 w2 ps 3,13,17,19,23 nfail 0 fails -
DONE 770 1 2.250
LEVEL 798 1 dimDnew 34 tall 2.250 ncurves 13
RES H 15547 798 1 4 1,2,7,14 nops 4 ops 1,w3,w19,w57 notinv - noncomm - minus1 w57 ps 5 nfail 0 fails -
RES H 15548 798 1 3 1,2,133,266 nops 4 ops 1,w3,w7,w21 notinv - noncomm - minus1 w21 ps 5,11,13,17,23 nfail 0 fails -
RES H 15551 798 1 4 1,6,7,42 nops 4 ops 1,w2,w19,w38 notinv - noncomm - minus1 w19 ps 5 nfail 0 fails -
RES H 15557 798 1 3 1,6,19,114 nops 4 ops 1,w2,w7,w14 notinv - noncomm - minus1 w7 ps 5,11,13,17,23 nfail 0 fails -
RES H 15563 798 1 4 1,7,57,399 nops 4 ops 1,w2,w3,w6 notinv - noncomm - minus1 w2 ps 5 nfail 0 fails -
RES H 15564 798 1 3 1,21,57,133 nops 4 ops 1,w2,w3,w6 notinv - noncomm - minus1 w2 ps 5,11,13,17,23 nfail 0 fails -
RES H 15567 798 1 3 1,2,21,42 nops 4 ops 1,w3,w19,w57 notinv - noncomm - minus1 w57 ps 5,11,13,17,23 nfail 0 fails -
RES H 15576 798 1 3 1,14,114,399 nops 4 ops 1,w2,w3,w6 notinv - noncomm - minus1 w2 ps 5,11,13,17,23 nfail 0 fails -
RES H 15578 798 1 3 1,42,57,266 nops 4 ops 1,w2,w3,w6 notinv - noncomm - minus1 w2 ps 5,11,13,17,23 nfail 0 fails -
RES H 15579 798 1 3 1,21,114,266 nops 4 ops 1,w2,w3,w6 notinv - noncomm - minus1 w2 ps 5,11,13,17,23 nfail 0 fails -
RES H 15581 798 1 4 1,7,19,133 nops 4 ops 1,w2,w3,w6 notinv - noncomm - minus1 w6 ps 5 nfail 0 fails -
RES K5 15571 798 1 3 1,21,38,798 nops 4 ops 1,w2,w3,w6 notinv - noncomm - minus1 - ps 5,11,13,17,23 nfail 3 fails 1:5:[1,4,19,40,95,100,125];w6:5:[1,-4,19,-40,95,-100,125];w6:23:[1,-10,101,-492,2323,-5290,12167]
RES U 15569 798 1 3 1,3,38,114 nops 4 ops 1,w2,w7,w14 notinv - noncomm - minus1 - ps 5,11,13,17,23 nfail 0 fails -
DONE 798 1 2.340
LEVEL 858 1 dimDnew 42 tall 2.880 ncurves 16
RES H 15652 858 1 3 1,2,143,286 nops 4 ops 1,w3,w11,w33 notinv - noncomm - minus1 w3 ps 5,7,17,19,23 nfail 0 fails -
RES H 15653 858 1 3 1,11,26,286 nops 4 ops 1,w2,w3,w6 notinv - noncomm - minus1 w3 ps 5,7,17,19,23 nfail 0 fails -
RES H 15656 858 1 4 1,6,143,858 nops 4 ops 1,w2,w11,w22 notinv - noncomm - minus1 w2 ps 5 nfail 0 fails -
RES H 15657 858 1 3 1,11,78,858 nops 4 ops 1,w2,w3,w6 notinv - noncomm - minus1 w3 ps 5,7,17,19,23 nfail 0 fails -
RES H 15660 858 1 3 1,13,22,286 nops 4 ops 1,w2,w3,w6 notinv - noncomm - minus1 w6 ps 5,7,17,19,23 nfail 0 fails -
RES H 15661 858 1 5 1,6,13,78 nops 4 ops 1,w2,w11,w22 notinv - noncomm - minus1 w22 ps - nfail 0 fails -
RES H 15664 858 1 3 1,13,33,429 nops 4 ops 1,w2,w3,w6 notinv - noncomm - minus1 w6 ps 5,7,17,19,23 nfail 0 fails -
RES H 15665 858 1 5 1,3,11,33 nops 4 ops 1,w2,w13,w26 notinv - noncomm - minus1 w26 ps - nfail 0 fails -
RES H 15666 858 1 4 1,3,143,429 nops 4 ops 1,w2,w11,w22 notinv - noncomm - minus1 w2 ps 5 nfail 0 fails -
RES H 15669 858 1 6 1,2,3,6 nops 4 ops 1,w11,w13,w143 notinv - noncomm - minus1 w143 ps - nfail 0 fails -
RES H 15673 858 1 5 1,3,26,78 nops 4 ops 1,w2,w11,w22 notinv - noncomm - minus1 w11 ps - nfail 0 fails -
RES H 15675 858 1 3 1,26,33,858 nops 4 ops 1,w2,w3,w6 notinv - noncomm - minus1 w3 ps 5,7,17,19,23 nfail 0 fails -
RES H 15679 858 1 5 1,6,22,33 nops 4 ops 1,w2,w13,w26 notinv - noncomm - minus1 w13 ps - nfail 0 fails -
RES H 15680 858 1 3 1,22,78,429 nops 4 ops 1,w2,w3,w6 notinv - noncomm - minus1 w6 ps 5,7,17,19,23 nfail 0 fails -
RES H 15687 858 1 3 1,2,3,6,11,22,33,66 nops 2 ops 1,w13 notinv - noncomm - minus1 w13 ps 5,7,17,19,23 nfail 0 fails -
RES H 15695 858 1 3 1,2,3,6,13,26,39,78 nops 2 ops 1,w11 notinv - noncomm - minus1 w11 ps 5,7,17,19,23 nfail 0 fails -
DONE 858 1 3.020
LEVEL 870 1 dimDnew 34 tall 3.010 ncurves 14
RES H 15784 870 1 3 1,2,145,290 nops 4 ops 1,w3,w5,w15 notinv - noncomm - minus1 w3 ps 7,11,13,17,19,23 nfail 0 fails -
RES H 15790 870 1 3 1,30,145,174 nops 4 ops 1,w2,w3,w5 notinv - noncomm - minus1 w3 ps 7,11,13,17,19,23 nfail 0 fails -
RES H 15800 870 1 3 1,15,87,145 nops 4 ops 1,w2,w3,w6 notinv - noncomm - minus1 w6 ps 7,11,13,17,19,23 nfail 0 fails -
RES H 15801 870 1 4 1,2,3,6 nops 4 ops 1,w5,w29,w145 notinv - noncomm - minus1 w145 ps - nfail 0 fails -
RES H 15805 870 1 3 1,3,58,174 nops 4 ops 1,w2,w5,w10 notinv - noncomm - minus1 w10 ps 7,11,13,17,19,23 nfail 0 fails -
RES H 15806 870 1 4 1,6,58,87 nops 4 ops 1,w2,w5,w10 notinv - noncomm - minus1 w10 ps - nfail 0 fails -
RES H 15808 870 1 3 1,30,58,435 nops 4 ops 1,w2,w3,w5 notinv - noncomm - minus1 w3 ps 7,11,13,17,19,23 nfail 0 fails -
RES H 15809 870 1 3 1,3,10,30 nops 4 ops 1,w2,w29,w58 notinv - noncomm - minus1 w58 ps 7,11,13,17,19,23 nfail 0 fails -
RES H 15811 870 1 4 1,6,10,15 nops 4 ops 1,w2,w29,w58 notinv - noncomm - minus1 w58 ps - nfail 0 fails -
RES H 15812 870 1 3 1,10,174,435 nops 4 ops 1,w2,w3,w6 notinv - noncomm - minus1 w3 ps 7,11,13,17,19,23 nfail 0 fails -
RES H 15816 870 1 4 1,6,290,435 nops 4 ops 1,w2,w5,w10 notinv - noncomm - minus1 w2 ps - nfail 0 fails -
RES U 15789 870 1 3 1,5,174,870 nops 4 ops 1,w2,w3,w6 notinv - noncomm - minus1 - ps 7,11,13,17,19,23 nfail 0 fails -
RES U 15794 870 1 3 1,29,30,870 nops 4 ops 1,w2,w3,w5 notinv - noncomm - minus1 - ps 7,11,13,17,19,23 nfail 0 fails -
RES U 15817 870 1 3 1,5,29,145 nops 4 ops 1,w2,w3,w6 notinv - noncomm - minus1 - ps 7,11,13,17,19,23 nfail 0 fails -
DONE 870 1 3.110
LEVEL 910 1 dimDnew 50 tall 2.650 ncurves 14
RES H 15872 910 1 3 1,2,91,182 nops 4 ops 1,w5,w7,w35 notinv - noncomm - minus1 w35 ps 3,11,17,19,23 nfail 0 fails -
RES H 15878 910 1 5 1,70,91,130 nops 4 ops 1,w2,w5,w7 notinv - noncomm - minus1 w2 ps - nfail 0 fails -
RES H 15880 910 1 4 1,13,14,182 nops 4 ops 1,w2,w5,w10 notinv - noncomm - minus1 w5 ps 3 nfail 0 fails -
RES H 15882 910 1 4 1,13,70,910 nops 4 ops 1,w2,w5,w7 notinv - noncomm - minus1 w5 ps 3 nfail 0 fails -
RES H 15883 910 1 5 1,5,13,65 nops 4 ops 1,w2,w7,w14 notinv - noncomm - minus1 w14 ps - nfail 0 fails -
RES H 15888 910 1 5 1,35,65,91 nops 4 ops 1,w2,w5,w10 notinv - noncomm - minus1 w2 ps - nfail 0 fails -
RES H 15890 910 1 3 1,2,65,130 nops 4 ops 1,w5,w7,w35 notinv - noncomm - minus1 w35 ps 3,11,17,19,23 nfail 0 fails -
RES H 15891 910 1 5 1,2,35,70 nops 4 ops 1,w5,w13,w65 notinv - noncomm - minus1 w65 ps - nfail 0 fails -
RES H 15897 910 1 6 1,5,14,70 nops 4 ops 1,w2,w13,w26 notinv - noncomm - minus1 w13 ps - nfail 0 fails -
RES H 15898 910 1 3 1,14,65,910 nops 4 ops 1,w2,w5,w10 notinv - noncomm - minus1 w5 ps 3,11,17,19,23 nfail 0 fails -
RES H 15903 910 1 3 1,35,130,182 nops 4 ops 1,w2,w5,w10 notinv - noncomm - minus1 w2 ps 3,11,17,19,23 nfail 0 fails -
RES H 15906 910 1 3 1,5,7,13,35,65,91,455 nops 2 ops 1,w2 notinv - noncomm - minus1 w2 ps 3,11,17,19,23 nfail 0 fails -
RES H 15907 910 1 3 1,2,5,7,10,14,35,70 nops 2 ops 1,w13 notinv - noncomm - minus1 w13 ps 3,11,17,19,23 nfail 0 fails -
RES H 15912 910 1 3 1,5,14,26,70,91,130,455 nops 2 ops 1,w2 notinv - noncomm - minus1 w2 ps 3,11,17,19,23 nfail 0 fails -
DONE 910 1 2.800
LEVEL 930 1 dimDnew 42 tall 4.450 ncurves 16
RES H 15974 930 1 5 1,2,5,10 nops 4 ops 1,w3,w31,w93 notinv - noncomm - minus1 w93 ps - nfail 0 fails -
RES H 15975 930 1 4 1,2,155,310 nops 4 ops 1,w3,w5,w15 notinv - noncomm - minus1 w3 ps - nfail 0 fails -
RES H 15979 930 1 3 1,6,155,930 nops 4 ops 1,w2,w5,w10 notinv - noncomm - minus1 w2 ps 7,11,13,17,19,23 nfail 0 fails -
RES H 15980 930 1 3 1,5,186,930 nops 4 ops 1,w2,w3,w6 notinv - noncomm - minus1 w2 ps 7,11,13,17,19,23 nfail 0 fails -
RES H 15983 930 1 3 1,10,31,310 nops 4 ops 1,w2,w3,w6 notinv - noncomm - minus1 w3 ps 7,11,13,17,19,23 nfail 0 fails -
RES H 15985 930 1 3 1,30,31,930 nops 4 ops 1,w2,w3,w5 notinv - noncomm - minus1 w3 ps 7,11,13,17,19,23 nfail 0 fails -
RES H 15986 930 1 5 1,3,31,93 nops 4 ops 1,w2,w5,w10 notinv - noncomm - minus1 w10 ps - nfail 0 fails -
RES H 15989 930 1 4 1,3,155,465 nops 4 ops 1,w2,w5,w10 notinv - noncomm - minus1 w2 ps - nfail 0 fails -
RES H 15990 930 1 3 1,5,93,465 nops 4 ops 1,w2,w3,w6 notinv - noncomm - minus1 w2 ps 7,11,13,17,19,23 nfail 0 fails -
RES H 15992 930 1 6 1,2,3,6 nops 4 ops 1,w5,w31,w155 notinv - noncomm - minus1 w155 ps - nfail 0 fails -
RES H 15993 930 1 5 1,2,93,186 nops 4 ops 1,w3,w5,w15 notinv - noncomm - minus1 w5 ps - nfail 0 fails -
RES H 16000 930 1 5 1,3,10,30 nops 4 ops 1,w2,w31,w62 notinv - noncomm - minus1 w31 ps - nfail 0 fails -
RES H 16003 930 1 3 1,10,186,465 nops 4 ops 1,w2,w3,w6 notinv - noncomm - minus1 w2 ps 7,11,13,17,19,23 nfail 0 fails -
RES H 16005 930 1 3 1,30,93,310 nops 4 ops 1,w2,w3,w5 notinv - noncomm - minus1 w3 ps 7,11,13,17,19,23 nfail 0 fails -
RES H 16010 930 1 3 1,2,3,5,6,10,15,30 nops 2 ops 1,w31 notinv - noncomm - minus1 w31 ps 7,11,13,17,19,23 nfail 0 fails -
RES H 16018 930 1 3 1,2,3,6,31,62,93,186 nops 2 ops 1,w5 notinv - noncomm - minus1 w5 ps 7,11,13,17,19,23 nfail 0 fails -
DONE 930 1 4.670
LEVEL 966 1 dimDnew 42 tall 3.870 ncurves 16
RES H 16062 966 1 3 1,2,161,322 nops 4 ops 1,w3,w7,w21 notinv - noncomm - minus1 w3 ps 5,11,13,17,19 nfail 0 fails -
RES H 16066 966 1 3 1,6,161,966 nops 4 ops 1,w2,w7,w14 notinv - noncomm - minus1 w2 ps 5,11,13,17,19 nfail 0 fails -
RES H 16067 966 1 3 1,7,138,966 nops 4 ops 1,w2,w3,w6 notinv - noncomm - minus1 w3 ps 5,11,13,17,19 nfail 0 fails -
RES H 16069 966 1 3 1,2,23,46 nops 4 ops 1,w3,w7,w21 notinv - noncomm - minus1 w21 ps 5,11,13,17,19 nfail 0 fails -
RES H 16072 966 1 3 1,23,42,966 nops 4 ops 1,w2,w3,w6 notinv - noncomm - minus1 w2 ps 5,11,13,17,19 nfail 0 fails -
RES H 16074 966 1 5 1,21,23,483 nops 4 ops 1,w2,w3,w6 notinv - noncomm - minus1 w2 ps - nfail 0 fails -
RES H 16075 966 1 6 1,3,7,21 nops 4 ops 1,w2,w23,w46 notinv - noncomm - minus1 w46 ps - nfail 0 fails -
RES H 16076 966 1 5 1,3,161,483 nops 4 ops 1,w2,w7,w14 notinv - noncomm - minus1 w2 ps - nfail 0 fails -
RES H 16079 966 1 5 1,2,3,6 nops 4 ops 1,w7,w23,w161 notinv - noncomm - minus1 w161 ps - nfail 0 fails -
RES H 16081 966 1 5 1,2,21,42 nops 4 ops 1,w3,w23,w69 notinv - noncomm - minus1 w23 ps - nfail 0 fails -
RES H 16083 966 1 4 1,3,46,138 nops 4 ops 1,w2,w7,w14 notinv - noncomm - minus1 w7 ps 5 nfail 0 fails -
RES H 16086 966 1 3 1,42,46,483 nops 4 ops 1,w2,w3,w6 notinv - noncomm - minus1 w2 ps 5,11,13,17,19 nfail 0 fails -
RES H 16093 966 1 4 1,21,138,322 nops 4 ops 1,w2,w3,w6 notinv - noncomm - minus1 w3 ps 5 nfail 0 fails -
RES H 16094 966 1 3 1,6,322,483 nops 4 ops 1,w2,w7,w14 notinv - noncomm - minus1 w2 ps 5,11,13,17,19 nfail 0 fails -
RES H 16096 966 1 3 1,3,7,21,23,69,161,483 nops 2 ops 1,w2 notinv - noncomm - minus1 w2 ps 5,11,13,17,19 nfail 0 fails -
RES H 16097 966 1 3 1,2,3,6,7,14,21,42 nops 2 ops 1,w23 notinv - noncomm - minus1 w23 ps 5,11,13,17,19 nfail 0 fails -
DONE 966 1 4.150
LEVEL 1110 1 dimDnew 50 tall 7.180 ncurves 11
RES H 16148 1110 1 4 1,5,74,370 nops 4 ops 1,w2,w3,w6 notinv - noncomm - minus1 w3 ps - nfail 0 fails -
RES H 16155 1110 1 3 1,10,37,370 nops 4 ops 1,w2,w3,w6 notinv - noncomm - minus1 w6 ps 7,11,13,17,19,23 nfail 0 fails -
RES H 16156 1110 1 3 1,6,37,222 nops 4 ops 1,w2,w5,w10 notinv - noncomm - minus1 w10 ps 7,11,13,17,19,23 nfail 0 fails -
RES H 16159 1110 1 5 1,15,37,555 nops 4 ops 1,w2,w3,w6 notinv - noncomm - minus1 w6 ps - nfail 0 fails -
RES H 16168 1110 1 4 1,3,74,222 nops 4 ops 1,w2,w5,w10 notinv - noncomm - minus1 w5 ps - nfail 0 fails -
RES H 16170 1110 1 5 1,15,74,1110 nops 4 ops 1,w2,w3,w6 notinv - noncomm - minus1 w3 ps - nfail 0 fails -
RES H 16175 1110 1 3 1,10,222,555 nops 4 ops 1,w2,w3,w6 notinv - noncomm - minus1 w6 ps 7,11,13,17,19,23 nfail 0 fails -
RES H 16179 1110 1 3 1,6,370,555 nops 4 ops 1,w2,w5,w10 notinv - noncomm - minus1 w10 ps 7,11,13,17,19,23 nfail 0 fails -
RES H 16181 1110 1 3 1,3,5,15,37,111,185,555 nops 2 ops 1,w2 notinv - noncomm - minus1 w2 ps 7,11,13,17,19,23 nfail 0 fails -
RES H 16182 1110 1 4 1,2,3,5,6,10,15,30 nops 2 ops 1,w37 notinv - noncomm - minus1 w37 ps - nfail 0 fails -
RES H 16189 1110 1 3 1,6,10,15,74,111,185,1110 nops 2 ops 1,w2 notinv - noncomm - minus1 w2 ps 7,11,13,17,19,23 nfail 0 fails -
DONE 1110 1 7.470
LEVEL 1122 1 dimDnew 50 tall 5.240 ncurves 11
RES H 16202 1122 1 3 1,22,34,187 nops 4 ops 1,w2,w3,w6 notinv - noncomm - minus1 w3 ps 5,7,13,19,23 nfail 0 fails -
RES H 16206 1122 1 5 1,66,102,187 nops 4 ops 1,w2,w3,w6 notinv - noncomm - minus1 w3 ps - nfail 0 fails -
RES H 16214 1122 1 3 1,3,187,561 nops 4 ops 1,w2,w11,w22 notinv - noncomm - minus1 w22 ps 5,7,13,19,23 nfail 0 fails -
RES H 16221 1122 1 3 1,3,34,102 nops 4 ops 1,w2,w11,w22 notinv - noncomm - minus1 w22 ps 5,7,13,19,23 nfail 0 fails -
RES H 16224 1122 1 3 1,34,66,561 nops 4 ops 1,w2,w3,w6 notinv - noncomm - minus1 w3 ps 5,7,13,19,23 nfail 0 fails -
RES H 16225 1122 1 5 1,3,22,66 nops 4 ops 1,w2,w17,w34 notinv - noncomm - minus1 w34 ps - nfail 0 fails -
RES H 16228 1122 1 3 1,22,102,561 nops 4 ops 1,w2,w3,w6 notinv - noncomm - minus1 w3 ps 5,7,13,19,23 nfail 0 fails -
RES H 16235 1122 1 3 1,2,3,6,11,22,33,66 nops 2 ops 1,w17 notinv - noncomm - minus1 w17 ps 5,7,13,19,23 nfail 0 fails -
RES H 16238 1122 1 3 1,2,33,51,66,102,187,374 nops 2 ops 1,w3 notinv - noncomm - minus1 w3 ps 5,7,13,19,23 nfail 0 fails -
RES U 16220 1122 1 3 1,2,561,1122 nops 4 ops 1,w3,w11,w17 notinv - noncomm - minus1 - ps 5,7,13,19,23 nfail 0 fails -
RES U 16223 1122 1 3 1,33,34,1122 nops 4 ops 1,w2,w3,w6 notinv - noncomm - minus1 - ps 5,7,13,19,23 nfail 0 fails -
DONE 1122 1 5.570
LEVEL 1155 1 dimDnew 82 tall 13.630 ncurves 3
RES U 16323 1155 1 3 1,5,7,33,35,165,231,1155 nops 2 ops 1,w3 notinv - noncomm - minus1 - ps 2,13,17,19,23 nfail 0 fails -
RES U 16326 1155 1 3 1,15,21,33,35,55,77,1155 nops 2 ops 1,w3 notinv - noncomm - minus1 - ps 2,13,17,19,23 nfail 0 fails -
RES U 16328 1155 1 3 1,3,11,33,35,105,385,1155 nops 2 ops 1,w5 notinv - noncomm - minus1 - ps 2,13,17,19,23 nfail 0 fails -
DONE 1155 1 14.080
LEVEL 1190 1 dimDnew 66 tall 6.210 ncurves 13
RES H 16386 1190 1 5 1,2,85,170 nops 4 ops 1,w5,w7,w35 notinv - noncomm - minus1 w7 ps - nfail 0 fails -
RES H 16388 1190 1 3 1,2,595,1190 nops 4 ops 1,w5,w7,w17 notinv - noncomm - minus1 w7 ps 3,11,13,19,23 nfail 0 fails -
RES H 16389 1190 1 6 1,5,34,170 nops 4 ops 1,w2,w7,w14 notinv - noncomm - minus1 w7 ps - nfail 0 fails -
RES H 16391 1190 1 4 1,34,35,1190 nops 4 ops 1,w2,w5,w10 notinv - noncomm - minus1 w5 ps 3 nfail 0 fails -
RES H 16394 1190 1 3 1,14,85,1190 nops 4 ops 1,w2,w5,w10 notinv - noncomm - minus1 w2 ps 3,11,13,19,23 nfail 0 fails -
RES H 16396 1190 1 5 1,14,170,595 nops 4 ops 1,w2,w5,w10 notinv - noncomm - minus1 w2 ps - nfail 0 fails -
RES H 16399 1190 1 4 1,35,170,238 nops 4 ops 1,w2,w5,w10 notinv - noncomm - minus1 w5 ps 3 nfail 0 fails -
RES H 16402 1190 1 4 1,5,7,17,35,85,119,595 nops 2 ops 1,w2 notinv - noncomm - minus1 w2 ps 3 nfail 0 fails -
RES H 16403 1190 1 5 1,2,5,7,10,14,35,70 nops 2 ops 1,w17 notinv - noncomm - minus1 w17 ps - nfail 0 fails -
RES H 16408 1190 1 3 1,5,14,34,70,119,170,595 nops 2 ops 1,w2 notinv - noncomm - minus1 w2 ps 3,11,13,19,23 nfail 0 fails -
RES H 16409 1190 1 3 1,7,10,34,70,85,238,595 nops 2 ops 1,w2 notinv - noncomm - minus1 w2 ps 3,11,13,19,23 nfail 0 fails -
RES H 16411 1190 1 3 1,2,5,10,17,34,85,170 nops 2 ops 1,w7 notinv - noncomm - minus1 w7 ps 3,11,13,19,23 nfail 0 fails -
RES H 16415 1190 1 4 1,2,7,14,17,34,119,238 nops 2 ops 1,w5 notinv - noncomm - minus1 w5 ps 3 nfail 0 fails -
DONE 1190 1 6.820
LEVEL 1218 1 dimDnew 58 tall 7.060 ncurves 13
RES H 16451 1218 1 4 1,2,203,406 nops 4 ops 1,w3,w7,w21 notinv - noncomm - minus1 w3 ps 5 nfail 0 fails -
RES H 16452 1218 1 3 1,7,58,406 nops 4 ops 1,w2,w3,w6 notinv - noncomm - minus1 w3 ps 5,11,13,17,19,23 nfail 0 fails -
RES H 16455 1218 1 5 1,6,203,1218 nops 4 ops 1,w2,w7,w14 notinv - noncomm - minus1 w2 ps - nfail 0 fails -
RES H 16456 1218 1 5 1,7,174,1218 nops 4 ops 1,w2,w3,w6 notinv - noncomm - minus1 w3 ps - nfail 0 fails -
RES H 16465 1218 1 6 1,3,203,609 nops 4 ops 1,w2,w7,w14 notinv - noncomm - minus1 w2 ps - nfail 0 fails -
RES H 16471 1218 1 3 1,2,609,1218 nops 4 ops 1,w3,w7,w21 notinv - noncomm - minus1 w3 ps 5,11,13,17,19,23 nfail 0 fails -
RES H 16474 1218 1 3 1,21,58,1218 nops 4 ops 1,w2,w3,w6 notinv - noncomm - minus1 w3 ps 5,11,13,17,19,23 nfail 0 fails -
RES H 16482 1218 1 3 1,21,174,406 nops 4 ops 1,w2,w3,w6 notinv - noncomm - minus1 w3 ps 5,11,13,17,19,23 nfail 0 fails -
RES H 16485 1218 1 3 1,3,7,21,29,87,203,609 nops 2 ops 1,w2 notinv - noncomm - minus1 w2 ps 5,11,13,17,19,23 nfail 0 fails -
RES H 16486 1218 1 4 1,2,3,6,7,14,21,42 nops 2 ops 1,w29 notinv - noncomm - minus1 w29 ps 5 nfail 0 fails -
RES H 16491 1218 1 3 1,3,14,42,58,174,203,609 nops 2 ops 1,w2 notinv - noncomm - minus1 w2 ps 5,11,13,17,19,23 nfail 0 fails -
RES H 16494 1218 1 4 1,2,3,6,29,58,87,174 nops 2 ops 1,w7 notinv - noncomm - minus1 w7 ps 5 nfail 0 fails -
RES H 16499 1218 1 3 1,6,7,29,42,174,203,1218 nops 2 ops 1,w2 notinv - noncomm - minus1 w2 ps 5,11,13,17,19,23 nfail 0 fails -
DONE 1218 1 7.520
LEVEL 1230 1 dimDnew 50 tall 7.990 ncurves 8
RES H 16505 1230 1 3 1,10,82,205 nops 4 ops 1,w2,w3,w6 notinv - noncomm - minus1 w6 ps 7,11,13,17,19,23 nfail 0 fails -
RES H 16519 1230 1 4 1,15,123,205 nops 4 ops 1,w2,w3,w6 notinv - noncomm - minus1 w6 ps - nfail 0 fails -
RES H 16525 1230 1 4 1,6,82,123 nops 4 ops 1,w2,w5,w10 notinv - noncomm - minus1 w10 ps - nfail 0 fails -
RES H 16529 1230 1 3 1,10,123,1230 nops 4 ops 1,w2,w3,w6 notinv - noncomm - minus1 w6 ps 7,11,13,17,19,23 nfail 0 fails -
RES H 16538 1230 1 3 1,2,3,5,6,10,15,30 nops 2 ops 1,w41 notinv - noncomm - minus1 w41 ps 7,11,13,17,19,23 nfail 0 fails -
RES H 16549 1230 1 4 1,6,10,15,41,246,410,615 nops 2 ops 1,w2 notinv - noncomm - minus1 w2 ps - nfail 0 fails -
RES U 16513 1230 1 3 1,30,41,1230 nops 4 ops 1,w2,w3,w5 notinv - noncomm - minus1 - ps 7,11,13,17,19,23 nfail 0 fails -
RES U 16532 1230 1 3 1,3,410,1230 nops 4 ops 1,w2,w5,w10 notinv - noncomm - minus1 - ps 7,11,13,17,19,23 nfail 0 fails -
DONE 1230 1 8.160
LEVEL 1254 1 dimDnew 58 tall 7.690 ncurves 6
RES H 16590 1254 1 4 1,3,11,19,33,57,209,627 nops 2 ops 1,w2 notinv - noncomm - minus1 w2 ps 5 nfail 0 fails -
RES H 16591 1254 1 3 1,2,3,6,11,22,33,66 nops 2 ops 1,w19 notinv - noncomm - minus1 w19 ps 5,7,13,17,23 nfail 0 fails -
RES H 16598 1254 1 3 1,6,22,33,38,57,209,1254 nops 2 ops 1,w2 notinv - noncomm - minus1 w2 ps 5,7,13,17,23 nfail 0 fails -
RES H 16599 1254 1 3 1,2,3,6,19,38,57,114 nops 2 ops 1,w11 notinv - noncomm - minus1 w11 ps 5,7,13,17,23 nfail 0 fails -
RES H 16603 1254 1 3 1,2,11,19,22,38,209,418 nops 2 ops 1,w3 notinv - noncomm - minus1 w3 ps 5,7,13,17,23 nfail 0 fails -
RES U 16576 1254 1 3 1,2,627,1254 nops 4 ops 1,w3,w11,w19 notinv - noncomm - minus1 - ps 5,7,13,17,23 nfail 0 fails -
DONE 1254 1 7.910
LEVEL 1290 1 dimDnew 58 tall 10.980 ncurves 11
RES H 16617 1290 1 3 1,10,43,430 nops 4 ops 1,w2,w3,w6 notinv - noncomm - minus1 w6 ps 7,11,13,17,19,23 nfail 0 fails -
RES H 16618 1290 1 5 1,6,43,258 nops 4 ops 1,w2,w5,w10 notinv - noncomm - minus1 w10 ps - nfail 0 fails -
RES H 16621 1290 1 5 1,15,43,645 nops 4 ops 1,w2,w3,w6 notinv - noncomm - minus1 w6 ps - nfail 0 fails -
RES H 16637 1290 1 3 1,10,258,645 nops 4 ops 1,w2,w3,w6 notinv - noncomm - minus1 w6 ps 7,11,13,17,19,23 nfail 0 fails -
RES H 16640 1290 1 3 1,15,258,430 nops 4 ops 1,w2,w3,w6 notinv - noncomm - minus1 w6 ps 7,11,13,17,19,23 nfail 0 fails -
RES H 16641 1290 1 3 1,6,430,645 nops 4 ops 1,w2,w5,w10 notinv - noncomm - minus1 w10 ps 7,11,13,17,19,23 nfail 0 fails -
RES H 16643 1290 1 3 1,3,5,15,43,129,215,645 nops 2 ops 1,w2 notinv - noncomm - minus1 w2 ps 7,11,13,17,19,23 nfail 0 fails -
RES H 16644 1290 1 4 1,2,3,5,6,10,15,30 nops 2 ops 1,w43 notinv - noncomm - minus1 w43 ps - nfail 0 fails -
RES H 16651 1290 1 3 1,6,10,15,86,129,215,1290 nops 2 ops 1,w2 notinv - noncomm - minus1 w2 ps 7,11,13,17,19,23 nfail 0 fails -
RES H 16652 1290 1 3 1,2,3,6,43,86,129,258 nops 2 ops 1,w5 notinv - noncomm - minus1 w5 ps 7,11,13,17,19,23 nfail 0 fails -
RES U 16638 1290 1 3 1,3,430,1290 nops 4 ops 1,w2,w5,w10 notinv - noncomm - minus1 - ps 7,11,13,17,19,23 nfail 1 fails w5:23:[1,-14,133,-740,3059,-7406,12167]
DONE 1290 1 11.390
LEVEL 1302 1 dimDnew 58 tall 8.340 ncurves 11
RES H 16666 1302 1 3 1,7,186,1302 nops 4 ops 1,w2,w3,w6 notinv - noncomm - minus1 w2 ps 5,11,13,17,19,23 nfail 0 fails -
RES H 16676 1302 1 5 1,7,93,651 nops 4 ops 1,w2,w3,w6 notinv - noncomm - minus1 w2 ps - nfail 0 fails -
RES H 16679 1302 1 3 1,2,93,186 nops 4 ops 1,w3,w7,w21 notinv - noncomm - minus1 w7 ps 5,11,13,17,19,23 nfail 0 fails -
RES H 16681 1302 1 3 1,2,651,1302 nops 4 ops 1,w3,w7,w21 notinv - noncomm - minus1 w7 ps 5,11,13,17,19,23 nfail 0 fails -
RES H 16687 1302 1 5 1,14,93,1302 nops 4 ops 1,w2,w3,w6 notinv - noncomm - minus1 w2 ps - nfail 0 fails -
RES H 16689 1302 1 3 1,14,186,651 nops 4 ops 1,w2,w3,w6 notinv - noncomm - minus1 w2 ps 5,11,13,17,19,23 nfail 0 fails -
RES H 16696 1302 1 4 1,2,3,6,7,14,21,42 nops 2 ops 1,w31 notinv - noncomm - minus1 w31 ps 5 nfail 0 fails -
RES H 16702 1302 1 3 1,6,7,42,62,93,434,651 nops 2 ops 1,w2 notinv - noncomm - minus1 w2 ps 5,11,13,17,19,23 nfail 0 fails -
RES H 16706 1302 1 3 1,3,14,31,42,93,434,1302 nops 2 ops 1,w2 notinv - noncomm - minus1 w2 ps 5,11,13,17,19,23 nfail 0 fails -
RES H 16708 1302 1 3 1,2,7,14,31,62,217,434 nops 2 ops 1,w3 notinv - noncomm - minus1 w3 ps 5,11,13,17,19,23 nfail 0 fails -
RES K5 16667 1302 1 3 1,42,186,217 nops 4 ops 1,w2,w3,w6 notinv - noncomm - minus1 - ps 5,11,13,17,19,23 nfail 6 fails 1:5:[1,-4,19,-40,95,-100,125];1:11:[1,-2,33,-44,363,-242,1331];w2:11:[1,2,33,44,363,242,1331];w3:5:[1,4,19,40,95,100,125];w3:11:[1,-2,33,-44,363,-242,1331];w6:11:[1,2,33,44,363,242,1331]
DONE 1302 1 8.730
LEVEL 1326 1 dimDnew 66 tall 7.410 ncurves 12
RES H 16714 1326 1 5 1,13,34,442 nops 4 ops 1,w2,w3,w6 notinv - noncomm - minus1 w3 ps - nfail 0 fails -
RES H 16718 1326 1 3 1,13,102,1326 nops 4 ops 1,w2,w3,w6 notinv - noncomm - minus1 w3 ps 5,7,11,19,23 nfail 0 fails -
RES H 16734 1326 1 6 1,3,34,102 nops 4 ops 1,w2,w13,w26 notinv - noncomm - minus1 w13 ps - nfail 0 fails -
RES H 16744 1326 1 6 1,39,102,442 nops 4 ops 1,w2,w3,w6 notinv - noncomm - minus1 w3 ps - nfail 0 fails -
RES H 16747 1326 1 5 1,3,13,17,39,51,221,663 nops 2 ops 1,w2 notinv - noncomm - minus1 w2 ps - nfail 0 fails -
RES H 16748 1326 1 4 1,2,3,6,13,26,39,78 nops 2 ops 1,w17 notinv - noncomm - minus1 w17 ps 5 nfail 0 fails -
RES H 16751 1326 1 3 1,2,39,51,78,102,221,442 nops 2 ops 1,w3 notinv - noncomm - minus1 w3 ps 5,7,11,19,23 nfail 0 fails -
RES H 16753 1326 1 3 1,3,26,34,78,102,221,663 nops 2 ops 1,w2 notinv - noncomm - minus1 w2 ps 5,7,11,19,23 nfail 0 fails -
RES H 16756 1326 1 3 1,2,3,6,17,34,51,102 nops 2 ops 1,w13 notinv - noncomm - minus1 w13 ps 5,7,11,19,23 nfail 0 fails -
RES H 16759 1326 1 3 1,6,17,26,39,102,442,663 nops 2 ops 1,w2 notinv - noncomm - minus1 w2 ps 5,7,11,19,23 nfail 0 fails -
RES H 16760 1326 1 3 1,2,13,17,26,34,221,442 nops 2 ops 1,w3 notinv - noncomm - minus1 w3 ps 5,7,11,19,23 nfail 0 fails -
RES U 16723 1326 1 3 1,17,78,1326 nops 4 ops 1,w2,w3,w6 notinv - noncomm - minus1 - ps 5,7,11,19,23 nfail 0 fails -
DONE 1326 1 7.890
LEVEL 1365 1 dimDnew 98 tall 20.800 ncurves 1
RES U 16856 1365 1 5 1,15,21,35,39,65,91,1365 nops 2 ops 1,w3 notinv - noncomm - minus1 - ps 2 nfail 0 fails -
DONE 1365 1 21.070
LEVEL 1410 1 dimDnew 58 tall 13.270 ncurves 13
RES H 16902 1410 1 3 1,6,235,1410 nops 4 ops 1,w2,w5,w10 notinv - noncomm - minus1 w2 ps 7,11,13,17,19,23 nfail 0 fails -
RES H 16912 1410 1 3 1,3,235,705 nops 4 ops 1,w2,w5,w10 notinv - noncomm - minus1 w2 ps 7,11,13,17,19,23 nfail 0 fails -
RES H 16913 1410 1 5 1,5,141,705 nops 4 ops 1,w2,w3,w6 notinv - noncomm - minus1 w2 ps - nfail 0 fails -
RES H 16916 1410 1 6 1,2,141,282 nops 4 ops 1,w3,w5,w15 notinv - noncomm - minus1 w5 ps - nfail 0 fails -
RES H 16924 1410 1 4 1,10,141,1410 nops 4 ops 1,w2,w3,w6 notinv - noncomm - minus1 w2 ps - nfail 0 fails -
RES H 16926 1410 1 3 1,10,282,705 nops 4 ops 1,w2,w3,w6 notinv - noncomm - minus1 w2 ps 7,11,13,17,19,23 nfail 0 fails -
RES H 16927 1410 1 3 1,3,470,1410 nops 4 ops 1,w2,w5,w10 notinv - noncomm - minus1 w2 ps 7,11,13,17,19,23 nfail 0 fails -
RES H 16930 1410 1 5 1,6,470,705 nops 4 ops 1,w2,w5,w10 notinv - noncomm - minus1 w2 ps - nfail 0 fails -
RES H 16933 1410 1 4 1,2,3,5,6,10,15,30 nops 2 ops 1,w47 notinv - noncomm - minus1 w47 ps - nfail 0 fails -
RES H 16936 1410 1 3 1,2,15,30,141,235,282,470 nops 2 ops 1,w3 notinv - noncomm - minus1 w3 ps 7,11,13,17,19,23 nfail 0 fails -
RES H 16939 1410 1 3 1,5,6,30,94,141,470,705 nops 2 ops 1,w2 notinv - noncomm - minus1 w2 ps 7,11,13,17,19,23 nfail 0 fails -
RES H 16941 1410 1 3 1,2,3,6,47,94,141,282 nops 2 ops 1,w5 notinv - noncomm - minus1 w5 ps 7,11,13,17,19,23 nfail 0 fails -
RES H 16945 1410 1 4 1,2,5,10,47,94,235,470 nops 2 ops 1,w3 notinv - noncomm - minus1 w3 ps - nfail 0 fails -
DONE 1410 1 13.750
LEVEL 1430 1 dimDnew 82 tall 19.870 ncurves 1
RES U 16990 1430 1 3 1,5,22,26,110,130,143,715 nops 2 ops 1,w2 notinv - noncomm - minus1 - ps 3,7,17,19,23 nfail 0 fails -
DONE 1430 1 20.060
LEVEL 1518 1 dimDnew 66 tall 18.230 ncurves 3
RES U 17126 1518 1 3 1,3,11,33,46,138,506,1518 nops 2 ops 1,w2 notinv - noncomm - minus1 - ps 5,7,13,17,19 nfail 1 fails w2:5:[1,0,10,-4,50,0,125]
RES U 17131 1518 1 3 1,2,23,33,46,66,759,1518 nops 2 ops 1,w3 notinv - noncomm - minus1 - ps 5,7,13,17,19 nfail 0 fails -
RES U 17135 1518 1 3 1,6,11,23,66,138,253,1518 nops 2 ops 1,w2 notinv - noncomm - minus1 - ps 5,7,13,17,19 nfail 0 fails -
DONE 1518 1 18.540
LEVEL 1554 1 dimDnew 74 tall 16.230 ncurves 3
RES U 17177 1554 1 3 1,2,7,14,111,222,777,1554 nops 2 ops 1,w3 notinv - noncomm - minus1 - ps 5,11,13,17,19,23 nfail 0 fails -
RES U 17182 1554 1 3 1,6,14,21,74,111,259,1554 nops 2 ops 1,w2 notinv - noncomm - minus1 - ps 5,11,13,17,19,23 nfail 0 fails -
RES U 17185 1554 1 3 1,3,14,37,42,111,518,1554 nops 2 ops 1,w2 notinv - noncomm - minus1 - ps 5,11,13,17,19,23 nfail 0 fails -
DONE 1554 1 16.540
LEVEL 1590 1 dimDnew 66 tall 16.400 ncurves 10
RES H 17196 1590 1 3 1,6,265,1590 nops 4 ops 1,w2,w5,w10 notinv - noncomm - minus1 w5 ps 7,11,13,17,19,23 nfail 0 fails -
RES H 17198 1590 1 3 1,30,265,318 nops 4 ops 1,w2,w3,w5 notinv - noncomm - minus1 w5 ps 7,11,13,17,19,23 nfail 0 fails -
RES H 17201 1590 1 6 1,6,53,318 nops 4 ops 1,w2,w5,w10 notinv - noncomm - minus1 w5 ps - nfail 0 fails -
RES H 17202 1590 1 4 1,30,53,1590 nops 4 ops 1,w2,w3,w5 notinv - noncomm - minus1 w5 ps - nfail 0 fails -
RES H 17226 1590 1 3 1,3,5,15,53,159,265,795 nops 2 ops 1,w2 notinv - noncomm - minus1 w2 ps 7,11,13,17,19,23 nfail 0 fails -
RES H 17227 1590 1 4 1,2,3,5,6,10,15,30 nops 2 ops 1,w53 notinv - noncomm - minus1 w53 ps - nfail 0 fails -
RES H 17233 1590 1 4 1,5,6,30,106,159,530,795 nops 2 ops 1,w2 notinv - noncomm - minus1 w2 ps - nfail 0 fails -
RES H 17235 1590 1 3 1,2,3,6,53,106,159,318 nops 2 ops 1,w5 notinv - noncomm - minus1 w5 ps 7,11,13,17,19,23 nfail 0 fails -
RES H 17238 1590 1 3 1,6,10,15,53,318,530,795 nops 2 ops 1,w2 notinv - noncomm - minus1 w2 ps 7,11,13,17,19,23 nfail 0 fails -
RES H 17239 1590 1 4 1,2,5,10,53,106,265,530 nops 2 ops 1,w3 notinv - noncomm - minus1 w3 ps - nfail 0 fails -
DONE 1590 1 16.960
LEVEL 1610 1 dimDnew 90 tall 30.430 ncurves 3
RES K11 17246 1610 1 3 1,2,7,14,115,230,805,1610 nops 2 ops 1,w5 notinv - noncomm - minus1 - ps 3,11,13,17,19 nfail 2 fails 1:11:[1,2,33,44,363,242,1331];w5:11:[1,2,33,44,363,242,1331]
RES U 17248 1610 1 3 1,5,7,35,46,230,322,1610 nops 2 ops 1,w2 notinv - noncomm - minus1 - ps 3,11,13,17,19 nfail 0 fails -
RES U 17254 1610 1 3 1,5,14,23,70,115,322,1610 nops 2 ops 1,w2 notinv - noncomm - minus1 - ps 3,11,13,17,19 nfail 0 fails -
DONE 1610 1 31.120
LEVEL 1722 1 dimDnew 82 tall 33.240 ncurves 8
RES H 17295 1722 1 4 1,3,7,21,41,123,287,861 nops 2 ops 1,w2 notinv - noncomm - minus1 w2 ps 5 nfail 0 fails -
RES H 17296 1722 1 6 1,2,3,6,7,14,21,42 nops 2 ops 1,w41 notinv - noncomm - minus1 w41 ps - nfail 0 fails -
RES H 17301 1722 1 3 1,3,14,42,82,246,287,861 nops 2 ops 1,w2 notinv - noncomm - minus1 w2 ps 5,11,13,17,19,23 nfail 0 fails -
RES H 17303 1722 1 4 1,6,14,21,82,123,287,1722 nops 2 ops 1,w2 notinv - noncomm - minus1 w2 ps 5 nfail 0 fails -
RES H 17304 1722 1 4 1,2,3,6,41,82,123,246 nops 2 ops 1,w7 notinv - noncomm - minus1 w7 ps 5 nfail 0 fails -
RES H 17305 1722 1 3 1,2,21,41,42,82,861,1722 nops 2 ops 1,w3 notinv - noncomm - minus1 w3 ps 5,11,13,17,19,23 nfail 0 fails -
RES H 17308 1722 1 4 1,2,7,14,41,82,287,574 nops 2 ops 1,w3 notinv - noncomm - minus1 w3 ps 5 nfail 0 fails -
RES H 17309 1722 1 3 1,6,7,41,42,246,287,1722 nops 2 ops 1,w2 notinv - noncomm - minus1 w2 ps 5,11,13,17,19,23 nfail 0 fails -
DONE 1722 1 34.720
LEVEL 1770 1 dimDnew 74 tall 40.830 ncurves 9
RES H 17323 1770 1 5 1,30,59,1770 nops 4 ops 1,w2,w3,w5 notinv - noncomm - minus1 w2 ps - nfail 0 fails -
RES H 17337 1770 1 4 1,30,118,885 nops 4 ops 1,w2,w3,w5 notinv - noncomm - minus1 w2 ps - nfail 0 fails -
RES H 17347 1770 1 3 1,3,5,15,59,177,295,885 nops 2 ops 1,w2 notinv - noncomm - minus1 w2 ps 7,11,13,17,19,23 nfail 0 fails -
RES H 17348 1770 1 5 1,2,3,5,6,10,15,30 nops 2 ops 1,w59 notinv - noncomm - minus1 w59 ps - nfail 0 fails -
RES H 17351 1770 1 5 1,2,15,30,177,295,354,590 nops 2 ops 1,w3 notinv - noncomm - minus1 w3 ps - nfail 0 fails -
RES H 17356 1770 1 3 1,2,3,6,59,118,177,354 nops 2 ops 1,w5 notinv - noncomm - minus1 w5 ps 7,11,13,17,19,23 nfail 0 fails -
RES H 17359 1770 1 4 1,6,10,15,59,354,590,885 nops 2 ops 1,w2 notinv - noncomm - minus1 w2 ps - nfail 0 fails -
RES H 17360 1770 1 4 1,2,5,10,59,118,295,590 nops 2 ops 1,w3 notinv - noncomm - minus1 w3 ps - nfail 0 fails -
RES H 17361 1770 1 3 1,5,6,30,59,295,354,1770 nops 2 ops 1,w2 notinv - noncomm - minus1 w2 ps 7,11,13,17,19,23 nfail 0 fails -
DONE 1770 1 42.060
LEVEL 1794 1 dimDnew 90 tall 39.140 ncurves 9
RES H 17381 1794 1 5 1,3,13,23,39,69,299,897 nops 2 ops 1,w2 notinv - noncomm - minus1 w2 ps - nfail 0 fails -
RES H 17382 1794 1 5 1,2,3,6,13,26,39,78 nops 2 ops 1,w23 notinv - noncomm - minus1 w23 ps - nfail 0 fails -
RES H 17385 1794 1 4 1,2,39,69,78,138,299,598 nops 2 ops 1,w3 notinv - noncomm - minus1 w3 ps 5 nfail 0 fails -
RES H 17387 1794 1 3 1,3,26,46,78,138,299,897 nops 2 ops 1,w2 notinv - noncomm - minus1 w2 ps 5,7,11,17,19 nfail 0 fails -
RES H 17389 1794 1 3 1,6,26,39,46,69,299,1794 nops 2 ops 1,w2 notinv - noncomm - minus1 w2 ps 5,7,11,17,19 nfail 0 fails -
RES H 17390 1794 1 4 1,2,3,6,23,46,69,138 nops 2 ops 1,w13 notinv - noncomm - minus1 w13 ps 5 nfail 0 fails -
RES H 17392 1794 1 3 1,3,23,26,69,78,598,1794 nops 2 ops 1,w2 notinv - noncomm - minus1 w2 ps 5,7,11,17,19 nfail 0 fails -
RES H 17393 1794 1 3 1,6,23,26,39,138,598,897 nops 2 ops 1,w2 notinv - noncomm - minus1 w2 ps 5,7,11,17,19 nfail 0 fails -
RES H 17394 1794 1 4 1,2,13,23,26,46,299,598 nops 2 ops 1,w3 notinv - noncomm - minus1 w3 ps 5 nfail 0 fails -
DONE 1794 1 41.350
LEVEL 1806 1 dimDnew 82 tall 38.420 ncurves 3
RES U 17401 1806 1 3 1,2,7,14,129,258,903,1806 nops 2 ops 1,w3 notinv - noncomm - minus1 - ps 5,11,13,17,19,23 nfail 0 fails -
RES U 17403 1806 1 3 1,3,7,21,86,258,602,1806 nops 2 ops 1,w2 notinv - noncomm - minus1 - ps 5,11,13,17,19,23 nfail 0 fails -
RES U 17409 1806 1 3 1,3,14,42,43,129,602,1806 nops 2 ops 1,w2 notinv - noncomm - minus1 - ps 5,11,13,17,19,23 nfail 0 fails -
DONE 1806 1 39.010
LEVEL 1830 1 dimDnew 82 tall 47.920 ncurves 1
RES U 17455 1830 1 3 1,3,5,15,122,366,610,1830 nops 2 ops 1,w2 notinv - noncomm - minus1 - ps 7,11,13,17,19,23 nfail 0 fails -
DONE 1830 1 48.150
LEVEL 1870 1 dimDnew 98 tall 37.590 ncurves 1
RES U 17471 1870 1 5 1,2,55,85,110,170,187,374 nops 2 ops 1,w5 notinv - noncomm - minus1 - ps - nfail 0 fails -
DONE 1870 1 37.930
LEVEL 1914 1 dimDnew 90 tall 49.480 ncurves 8
RES H 17484 1914 1 5 1,3,11,29,33,87,319,957 nops 2 ops 1,w2 notinv - noncomm - minus1 w2 ps - nfail 0 fails -
RES H 17485 1914 1 5 1,2,3,6,11,22,33,66 nops 2 ops 1,w29 notinv - noncomm - minus1 w29 ps - nfail 0 fails -
RES H 17488 1914 1 4 1,2,33,66,87,174,319,638 nops 2 ops 1,w3 notinv - noncomm - minus1 w3 ps 5 nfail 0 fails -
RES H 17491 1914 1 4 1,6,11,58,66,87,638,957 nops 2 ops 1,w2 notinv - noncomm - minus1 w2 ps 5 nfail 0 fails -
RES H 17492 1914 1 3 1,6,22,33,58,87,319,1914 nops 2 ops 1,w2 notinv - noncomm - minus1 w2 ps 5,7,13,17,19,23 nfail 0 fails -
RES H 17493 1914 1 4 1,2,3,6,29,58,87,174 nops 2 ops 1,w11 notinv - noncomm - minus1 w11 ps 5 nfail 0 fails -
RES H 17496 1914 1 4 1,6,22,29,33,174,638,957 nops 2 ops 1,w2 notinv - noncomm - minus1 w2 ps 5 nfail 0 fails -
RES H 17497 1914 1 6 1,2,11,22,29,58,319,638 nops 2 ops 1,w3 notinv - noncomm - minus1 w3 ps - nfail 0 fails -
DONE 1914 1 51.470
LEVEL 1938 1 dimDnew 98 tall 48.270 ncurves 9
RES H 17501 1938 1 5 1,3,17,19,51,57,323,969 nops 2 ops 1,w2 notinv - noncomm - minus1 w2 ps - nfail 0 fails -
RES H 17502 1938 1 6 1,2,3,6,17,34,51,102 nops 2 ops 1,w19 notinv - noncomm - minus1 w19 ps - nfail 0 fails -
RES H 17505 1938 1 3 1,2,51,57,102,114,323,646 nops 2 ops 1,w3 notinv - noncomm - minus1 w3 ps 5,7,11,13,23 nfail 0 fails -
RES H 17507 1938 1 4 1,3,34,38,102,114,323,969 nops 2 ops 1,w2 notinv - noncomm - minus1 w2 ps 5 nfail 0 fails -
RES H 17509 1938 1 4 1,6,34,38,51,57,323,1938 nops 2 ops 1,w2 notinv - noncomm - minus1 w2 ps 5 nfail 0 fails -
RES H 17510 1938 1 5 1,2,3,6,19,38,57,114 nops 2 ops 1,w17 notinv - noncomm - minus1 w17 ps - nfail 0 fails -
RES H 17511 1938 1 3 1,2,19,38,51,102,969,1938 nops 2 ops 1,w3 notinv - noncomm - minus1 w3 ps 5,7,11,13,23 nfail 0 fails -
RES H 17514 1938 1 5 1,2,17,19,34,38,323,646 nops 2 ops 1,w3 notinv - noncomm - minus1 w3 ps - nfail 0 fails -
RES H 17515 1938 1 3 1,6,17,19,102,114,323,1938 nops 2 ops 1,w2 notinv - noncomm - minus1 w2 ps 5,7,11,13,23 nfail 0 fails -
DONE 1938 1 51.220
LEVEL 1974 1 dimDnew 90 tall 61.390 ncurves 9
RES H 17518 1974 1 4 1,3,7,21,47,141,329,987 nops 2 ops 1,w2 notinv - noncomm - minus1 w2 ps 5 nfail 0 fails -
RES H 17519 1974 1 5 1,2,3,6,7,14,21,42 nops 2 ops 1,w47 notinv - noncomm - minus1 w47 ps - nfail 0 fails -
RES H 17524 1974 1 4 1,3,14,42,94,282,329,987 nops 2 ops 1,w2 notinv - noncomm - minus1 w2 ps 5 nfail 0 fails -
RES H 17525 1974 1 3 1,6,7,42,94,141,658,987 nops 2 ops 1,w2 notinv - noncomm - minus1 w2 ps 5,11,13,17,19,23 nfail 0 fails -
RES H 17526 1974 1 3 1,6,14,21,94,141,329,1974 nops 2 ops 1,w2 notinv - noncomm - minus1 w2 ps 5,11,13,17,19,23 nfail 0 fails -
RES H 17527 1974 1 4 1,2,3,6,47,94,141,282 nops 2 ops 1,w7 notinv - noncomm - minus1 w7 ps 5 nfail 0 fails -
RES H 17530 1974 1 3 1,6,14,21,47,282,658,987 nops 2 ops 1,w2 notinv - noncomm - minus1 w2 ps 5,11,13,17,19,23 nfail 0 fails -
RES H 17531 1974 1 5 1,2,7,14,47,94,329,658 nops 2 ops 1,w3 notinv - noncomm - minus1 w3 ps - nfail 0 fails -
RES H 17532 1974 1 3 1,6,7,42,47,282,329,1974 nops 2 ops 1,w2 notinv - noncomm - minus1 w2 ps 5,11,13,17,19,23 nfail 0 fails -
DONE 1974 1 64.190
LEVEL 2002 1 dimDnew 122 tall 61.260 ncurves 1
RES U 17562 2002 1 4 1,2,13,26,77,154,1001,2002 nops 2 ops 1,w7 notinv - noncomm - minus1 - ps 3,5 nfail 0 fails -
DONE 2002 1 61.850
LEVEL 2010 1 dimDnew 90 tall 70.570 ncurves 9
RES H 17569 2010 1 5 1,3,5,15,67,201,335,1005 nops 2 ops 1,w2 notinv - noncomm - minus1 w2 ps - nfail 0 fails -
RES H 17570 2010 1 6 1,2,3,5,6,10,15,30 nops 2 ops 1,w67 notinv - noncomm - minus1 w67 ps - nfail 0 fails -
RES H 17573 2010 1 3 1,2,15,30,201,335,402,670 nops 2 ops 1,w3 notinv - noncomm - minus1 w3 ps 7,11,13,17,19,23 nfail 0 fails -
RES H 17575 2010 1 3 1,3,10,30,134,335,402,1005 nops 2 ops 1,w2 notinv - noncomm - minus1 w2 ps 7,11,13,17,19,23 nfail 0 fails -
RES H 17576 2010 1 4 1,5,6,30,134,201,670,1005 nops 2 ops 1,w2 notinv - noncomm - minus1 w2 ps - nfail 0 fails -
RES H 17577 2010 1 4 1,6,10,15,134,201,335,2010 nops 2 ops 1,w2 notinv - noncomm - minus1 w2 ps - nfail 0 fails -
RES H 17578 2010 1 4 1,2,3,6,67,134,201,402 nops 2 ops 1,w5 notinv - noncomm - minus1 w5 ps - nfail 0 fails -
RES H 17579 2010 1 3 1,2,15,30,67,134,1005,2010 nops 2 ops 1,w3 notinv - noncomm - minus1 w3 ps 7,11,13,17,19,23 nfail 0 fails -
RES H 17582 2010 1 4 1,2,5,10,67,134,335,670 nops 2 ops 1,w3 notinv - noncomm - minus1 w3 ps - nfail 0 fails -
DONE 2010 1 72.930
LEVEL 2030 1 dimDnew 114 tall 58.810 ncurves 2
RES U 17593 2030 1 4 1,10,14,35,58,145,203,2030 nops 2 ops 1,w2 notinv - noncomm - minus1 - ps 3 nfail 0 fails -
RES U 17599 2030 1 4 1,7,10,29,70,203,290,2030 nops 2 ops 1,w2 notinv - noncomm - minus1 - ps 3 nfail 0 fails -
DONE 2030 1 59.820
LEVEL 2046 1 dimDnew 98 tall 74.570 ncurves 3
RES U 17604 2046 1 3 1,2,3,6,341,682,1023,2046 nops 2 ops 1,w11 notinv - noncomm - minus1 - ps 5,7,13,17,19,23 nfail 0 fails -
RES U 17606 2046 1 3 1,2,33,66,93,186,341,682 nops 2 ops 1,w3 notinv - noncomm - minus1 - ps 5,7,13,17,19,23 nfail 0 fails -
RES U 17607 2046 1 3 1,3,11,33,62,186,682,2046 nops 2 ops 1,w2 notinv - noncomm - minus1 - ps 5,7,13,17,19,23 nfail 0 fails -
DONE 2046 1 75.820
LEVEL 2130 1 dimDnew 90 tall 86.240 ncurves 9
RES H 17636 2130 1 3 1,3,5,15,71,213,355,1065 nops 2 ops 1,w2 notinv - noncomm - minus1 w2 ps 7,11,13,17,19,23 nfail 0 fails -
RES H 17637 2130 1 5 1,2,3,5,6,10,15,30 nops 2 ops 1,w71 notinv - noncomm - minus1 w71 ps - nfail 0 fails -
RES H 17640 2130 1 4 1,2,15,30,213,355,426,710 nops 2 ops 1,w3 notinv - noncomm - minus1 w3 ps - nfail 0 fails -
RES H 17641 2130 1 3 1,3,5,15,142,426,710,2130 nops 2 ops 1,w2 notinv - noncomm - minus1 w2 ps 7,11,13,17,19,23 nfail 0 fails -
RES H 17643 2130 1 3 1,5,6,30,142,213,710,1065 nops 2 ops 1,w2 notinv - noncomm - minus1 w2 ps 7,11,13,17,19,23 nfail 0 fails -
RES H 17645 2130 1 4 1,2,3,6,71,142,213,426 nops 2 ops 1,w5 notinv - noncomm - minus1 w5 ps - nfail 0 fails -
RES H 17648 2130 1 5 1,6,10,15,71,426,710,1065 nops 2 ops 1,w2 notinv - noncomm - minus1 w2 ps - nfail 0 fails -
RES H 17649 2130 1 4 1,2,5,10,71,142,355,710 nops 2 ops 1,w3 notinv - noncomm - minus1 w3 ps - nfail 0 fails -
RES H 17650 2130 1 3 1,5,6,30,71,355,426,2130 nops 2 ops 1,w2 notinv - noncomm - minus1 w2 ps 7,11,13,17,19,23 nfail 0 fails -
DONE 2130 1 88.790
LEVEL 2190 1 dimDnew 98 tall 107.780 ncurves 1
RES U 17691 2190 1 3 1,3,5,15,146,438,730,2190 nops 2 ops 1,w2 notinv - noncomm - minus1 - ps 7,11,13,17,19,23 nfail 0 fails -
DONE 2190 1 108.160
LEVEL 2210 1 dimDnew 130 tall 107.690 ncurves 1
RES U 17707 2210 1 3 1,5,13,34,65,170,442,2210 nops 2 ops 1,w2 notinv - noncomm - minus1 - ps 3,7,11,19,23 nfail 0 fails -
DONE 2210 1 108.520
LEVEL 2226 1 dimDnew 106 tall 119.700 ncurves 1
RES U 17727 2226 1 3 1,6,14,21,106,159,371,2226 nops 2 ops 1,w2 notinv - noncomm - minus1 - ps 5,11,13,17,19,23 nfail 1 fails w2:13:[1,8,59,224,767,1352,2197]
DONE 2226 1 120.120
