[ PowerSequence(IntegerRing()) |
[ -9, 22, -8, 1, -2, 2, 1, -1, 1, 0, 6, -12 ],
[ -8, 20, -8, -1, 2, -1, 0, 0, 4, 0, 7, -14 ],
[ -8, 20, -8, -1, 2, -1, 0, 2, 0, 0, 5, -10 ],
[ -8, 20, -8, 0, -1, -2, 2, 3, 2, 0, 7, -14 ],
[ -8, 20, -8, 0, -1, 0, 2, -1, 2, -2, 11, -14 ],
[ -8, 20, -8, 0, 0, 1, 1, -1, 1, 1, 6, -12 ],
[ -8, 20, -8, 0, 1, 0, 0, 0, 1, -2, 12, -15 ],
[ -8, 20, -8, 2, -3, 1, 2, -2, 2, -1, 10, -14 ],
[ -7, 17, -6, -1, 2, -1, 0, 2, 0, -1, 8, -12 ],
[ -7, 17, -6, -1, 3, 0, -1, 0, 1, 2, 5, -12 ],
[ -7, 17, -6, 0, -1, 0, 2, -1, 2, -3, 14, -16 ],
[ -7, 17, -6, 0, 0, 1, 1, -1, 1, 0, 9, -14 ],
[ -7, 17, -6, 0, 1, 0, 0, 0, 1, -3, 15, -17 ],
[ -7, 17, -6, 1, -2, 0, 2, 0, 1, 0, 6, -11 ],
[ -7, 17, -6, 2, -2, 0, 1, 0, 1, 3, 6, -14 ],
[ -7, 18, -7, -1, 2, 0, 0, -1, 2, 2, 6, -13 ],
[ -7, 18, -7, 0, -1, -1, 2, 2, 0, 2, 6, -13 ],
[ -7, 18, -7, 0, -1, 1, 2, -2, 2, 0, 10, -15 ],
[ -7, 18, -7, 1, -1, 0, 1, 0, 1, 0, 8, -13 ],
[ -6, 14, -5, 3, -2, 3, 1, -2, 1, -2, 11, -15 ],
[ -6, 14, -4, -1, 2, -1, 0, 2, 0, -2, 11, -14 ],
[ -6, 14, -4, -1, 3, 0, -1, 0, 1, 1, 8, -14 ],
[ -6, 14, -4, 0, 0, 1, 1, -1, 1, -1, 12, -16 ],
[ -6, 14, -4, 1, -2, 0, 2, 0, 1, -1, 9, -13 ],
[ -6, 14, -4, 1, 0, 0, 0, -1, 2, -1, 12, -16 ],
[ -6, 15, -6, -3, 7, -1, -2, 1, 2, 0, 6, -12 ],
[ -6, 15, -6, -2, 4, -2, 0, 4, 0, 0, 6, -12 ],
[ -6, 15, -6, -2, 4, 0, 0, -2, 4, -2, 12, -16 ],
[ -6, 15, -6, -2, 5, 1, -1, -2, 3, 1, 7, -14 ],
[ -6, 15, -6, -2, 6, -2, -2, 5, -1, 0, 7, -13 ],
[ -6, 15, -6, -1, 1, -3, 2, 7, -2, 0, 6, -12 ],
[ -6, 15, -6, -1, 1, -1, 2, 1, 2, -2, 12, -16 ],
[ -6, 15, -6, -1, 2, 0, 1, 1, 1, 1, 7, -14 ],
[ -6, 15, -6, -1, 2, 2, 1, -1, 1, -1, 9, -14 ],
[ -6, 15, -6, 0, 2, -1, 0, 1, 2, 1, 7, -14 ],
[ -6, 15, -6, 0, 2, 1, 0, -1, 2, -1, 9, -14 ],
[ -6, 15, -6, 1, -3, 0, 4, -1, 3, -1, 10, -15 ],
[ -6, 15, -6, 1, -1, -2, 2, 4, 0, 1, 7, -14 ],
[ -6, 15, -6, 1, -1, 0, 2, 2, 0, -1, 9, -14 ],
[ -6, 15, -6, 2, -1, -1, 1, 2, 1, -1, 9, -14 ],
[ -6, 15, -6, 2, 0, 2, 0, -2, 2, 0, 8, -14 ],
[ -6, 15, -6, 4, -3, 0, 1, 1, 1, 0, 8, -14 ],
[ -6, 15, -5, -1, 2, 0, 0, -1, 2, 1, 9, -15 ],
[ -6, 15, -5, 0, -1, -1, 2, 2, 0, 1, 9, -15 ],
[ -6, 15, -5, 1, -2, 1, 2, -1, 1, 2, 5, -12 ],
[ -6, 15, -5, 1, -1, 0, 1, 0, 1, -1, 11, -15 ],
[ -6, 15, -5, 2, -2, 0, 1, -1, 2, 2, 5, -12 ],
[ -6, 15, -5, 2, -2, 2, 1, -3, 4, 0, 7, -14 ],
[ -6, 16, -6, 0, 1, -1, 0, 2, 0, 1, 6, -12 ],
[ -6, 16, -6, 0, 1, 1, 0, -2, 2, -1, 10, -14 ],
[ -6, 16, -6, 1, -2, 0, 2, -1, 2, -1, 12, -16 ],
[ -6, 16, -6, 1, -1, 1, 1, -1, 1, 2, 7, -14 ],
[ -6, 17, -7, 0, 0, 1, 1, -1, 1, -1, 9, -13 ],
[ -6, 17, -7, 2, -2, 0, 1, 0, 1, 2, 6, -13 ],
[ -5, 11, -2, -1, 0, 0, 4, -1, 2, 0, 7, -14 ],
[ -5, 11, -2, -1, 2, -1, 0, 2, 0, -3, 14, -16 ],
[ -5, 11, -2, -1, 2, 0, 0, -3, 6, 0, 7, -14 ],
[ -5, 11, -2, -1, 2, 0, 0, -1, 2, 0, 5, -10 ],
[ -5, 11, -2, -1, 2, 1, 0, -1, 1, 3, 5, -13 ],
[ -5, 11, -2, 0, -1, -1, 2, 0, 4, 0, 7, -14 ],
[ -5, 11, -2, 0, -1, -1, 2, 2, 0, 0, 5, -10 ],
[ -5, 11, -2, 1, -2, 0, 2, 0, 1, -2, 12, -15 ],
[ -5, 11, -2, 1, -1, -1, 1, 2, 0, 3, 5, -13 ],
[ -5, 12, -4, -3, 7, -1, -2, 1, 2, -1, 9, -14 ],
[ -5, 12, -4, -3, 8, 2, -3, -1, 1, 0, 6, -12 ],
[ -5, 12, -4, -2, 4, -2, 0, 4, 0, -1, 9, -14 ],
[ -5, 12, -4, -2, 5, 1, -1, 0, 1, 0, 8, -14 ],
[ -5, 12, -4, -2, 6, -2, -2, 5, -1, -1, 10, -15 ],
[ -5, 12, -4, -1, 1, -3, 2, 7, -2, -1, 9, -14 ],
[ -5, 12, -4, -1, 1, 0, 2, -2, 4, 0, 6, -12 ],
[ -5, 12, -4, -1, 1, 3, 2, -2, 1, 1, 6, -13 ],
[ -5, 12, -4, -1, 3, 0, 0, -1, 3, 0, 7, -13 ],
[ -5, 12, -4, -1, 5, 0, -2, 2, 0, 0, 6, -12 ],
[ -5, 12, -4, 0, -2, -1, 4, 1, 2, 0, 6, -12 ],
[ -5, 12, -4, 0, 0, -1, 2, 2, 1, 0, 7, -13 ],
[ -5, 12, -4, 0, 1, 2, 1, -2, 2, 1, 6, -13 ],
[ -5, 12, -4, 0, 2, -1, 0, 3, 0, 0, 8, -14 ],
[ -5, 12, -4, 0, 3, 2, -1, -1, 1, 1, 7, -14 ],
[ -5, 12, -4, 1, -3, -2, 4, 5, -1, 0, 7, -13 ],
[ -5, 12, -4, 1, -2, 1, 3, 1, 0, 1, 6, -13 ],
[ -5, 12, -4, 1, 1, 1, 0, -2, 3, 1, 6, -13 ],
[ -5, 12, -4, 1, 2, -2, -1, 5, -1, 0, 6, -12 ],
[ -5, 12, -4, 2, -2, 0, 2, 1, 1, 1, 6, -13 ],
[ -5, 12, -4, 2, 0, 0, 0, 2, 0, 1, 7, -14 ],
[ -5, 12, -4, 3, -2, -1, 1, 1, 2, 1, 6, -13 ],
[ -5, 12, -4, 4, -3, -2, 1, 5, -1, 1, 7, -14 ],
[ -5, 12, -3, -1, 3, 0, -1, -1, 2, 0, 7, -12 ],
[ -5, 12, -3, -1, 3, 0, -1, -1, 4, 0, 7, -14 ],
[ -5, 12, -3, 0, 0, -1, 1, 2, 0, 0, 7, -12 ],
[ -5, 12, -3, 0, 0, -1, 1, 2, 2, 0, 7, -14 ],
[ -5, 12, -3, 0, 0, 1, 1, -2, 2, -2, 11, -14 ],
[ -5, 12, -3, 1, -2, 1, 2, -1, 1, 1, 8, -14 ],
[ -5, 12, -3, 2, -2, 0, 1, -1, 2, 1, 8, -14 ],
[ -5, 13, -5, -3, 7, 2, -2, -2, 2, 0, 7, -13 ],
[ -5, 13, -5, -2, 4, 1, 0, 1, 0, 0, 7, -13 ],
[ -5, 13, -5, -1, 2, 0, 1, -2, 4, 0, 8, -14 ],
[ -5, 13, -5, -1, 2, 0, 1, 0, 2, 0, 6, -12 ],
[ -5, 13, -5, -1, 4, 0, -1, 1, 1, 0, 7, -13 ],
[ -5, 13, -5, 0, -1, -1, 3, 1, 2, 0, 8, -14 ],
[ -5, 13, -5, 0, -1, -1, 3, 3, 0, 0, 6, -12 ],
[ -5, 13, -5, 0, -1, 1, 3, -3, 4, -2, 12, -16 ],
[ -5, 13, -5, 0, 1, -1, 1, 4, -1, 0, 7, -13 ],
[ -5, 13, -5, 1, -3, 1, 4, 0, 1, 1, 7, -14 ],
[ -5, 13, -5, 1, -3, 3, 4, -2, 1, -1, 9, -14 ],
[ -5, 13, -5, 1, 1, -2, 0, 4, 0, 0, 7, -13 ],
[ -5, 13, -5, 2, -3, 0, 3, 0, 2, 1, 7, -14 ],
[ -5, 13, -5, 2, -3, 2, 3, -2, 2, -1, 9, -14 ],
[ -5, 13, -5, 2, -2, -3, 2, 7, -2, 0, 7, -13 ],
[ -5, 13, -5, 2, -1, 2, 1, -1, 1, -1, 10, -15 ],
[ -5, 13, -5, 3, -3, 1, 2, -2, 3, -1, 9, -14 ],
[ -5, 13, -5, 4, -3, 0, 1, -2, 4, -1, 9, -14 ],
[ -5, 13, -4, -1, 2, 0, 0, 0, 1, 0, 6, -11 ],
[ -5, 13, -4, 0, 0, 0, 1, -1, 2, 3, 5, -13 ],
[ -5, 13, -4, 0, 1, -1, 0, 2, 0, 0, 9, -14 ],
[ -5, 13, -4, 0, 1, 1, 0, -2, 2, -2, 13, -16 ],
[ -5, 13, -4, 1, 0, 1, 0, -1, 1, 1, 5, -11 ],
[ -5, 14, -6, 0, -2, -1, 4, 2, 1, 0, 7, -13 ],
[ -5, 14, -5, -1, 3, 0, -1, 0, 1, 0, 8, -13 ],
[ -5, 14, -5, 0, 0, 1, 1, -1, 1, -2, 12, -15 ],
[ -5, 14, -5, 2, -2, 0, 1, 0, 1, 1, 9, -15 ],
[ -5, 15, -6, -1, 2, 0, 0, -1, 2, 0, 9, -14 ],
[ -5, 15, -6, 0, -1, -1, 2, 2, 0, 0, 9, -14 ],
[ -5, 15, -6, 0, -1, 1, 2, -2, 2, -2, 13, -16 ],
[ -5, 15, -6, 0, 0, 0, 1, 0, 1, 3, 6, -14 ],
[ -5, 15, -6, 1, -2, 1, 2, -1, 1, 1, 5, -11 ],
[ -5, 15, -6, 1, -1, 0, 1, 0, 1, -2, 11, -14 ],
[ -5, 15, -6, 2, -2, 0, 1, -1, 2, 1, 5, -11 ],
[ -4, 7, 2, 0, 0, -1, 0, 1, 2, -1, 9, -14 ],
[ -4, 8, 0, -1, 2, 0, 0, -1, 2, -1, 8, -12 ],
[ -4, 8, 0, 0, -1, -1, 2, 2, 0, -1, 8, -12 ],
[ -4, 8, 0, 0, 0, 0, 1, 0, 1, 2, 5, -12 ],
[ -4, 8, 0, 0, 0, 2, 1, -2, 3, 0, 7, -14 ],
[ -4, 8, 0, 1, -2, 0, 2, 0, 1, -3, 15, -17 ],
[ -4, 8, 0, 1, 0, 1, 0, -2, 4, 0, 7, -14 ],
[ -4, 9, -3, 3, 1, -1, -1, 2, 0, 0, 5, -10 ],
[ -4, 9, -3, 4, -2, -2, 1, 3, 2, 0, 7, -14 ],
[ -4, 9, -3, 4, -2, 0, 1, -1, 2, -2, 11, -14 ],
[ -4, 9, -3, 4, -1, 1, 0, -1, 1, 1, 6, -12 ],
[ -4, 9, -2, -3, 7, -3, -2, 7, -2, 0, 6, -12 ],
[ -4, 9, -2, -3, 8, 0, -3, 1, 1, 1, 7, -14 ],
[ -4, 9, -2, -3, 8, 2, -3, -1, 1, -1, 9, -14 ],
[ -4, 9, -2, -2, 5, -1, -1, 4, -1, 1, 7, -14 ],
[ -4, 9, -2, -1, 1, 0, 2, -2, 4, -1, 9, -14 ],
[ -4, 9, -2, -1, 3, 0, 0, -1, 3, -1, 10, -15 ],
[ -4, 9, -2, -1, 5, -2, -2, 4, 0, 1, 7, -14 ],
[ -4, 9, -2, -1, 5, 0, -2, 2, 0, -1, 9, -14 ],
[ -4, 9, -2, 0, -2, -1, 4, 1, 2, -1, 9, -14 ],
[ -4, 9, -2, 0, -1, 0, 3, -1, 3, 2, 6, -14 ],
[ -4, 9, -2, 0, -1, 2, 3, -1, 1, 0, 6, -12 ],
[ -4, 9, -2, 0, 0, -1, 2, 2, 1, -1, 10, -15 ],
[ -4, 9, -2, 0, 2, -3, 0, 7, -2, 1, 7, -14 ],
[ -4, 9, -2, 1, -3, -2, 4, 5, -1, -1, 10, -15 ],
[ -4, 9, -2, 1, -1, 1, 2, -1, 2, 0, 6, -12 ],
[ -4, 9, -2, 1, 1, 1, 0, 0, 1, 0, 7, -13 ],
[ -4, 9, -2, 1, 2, -2, -1, 5, -1, -1, 9, -14 ],
[ -4, 9, -2, 2, -1, 0, 1, -1, 3, 0, 6, -12 ],
[ -4, 9, -2, 3, -2, -1, 1, 3, 0, 0, 7, -13 ],
[ -4, 9, -2, 3, -1, 2, 0, -1, 1, 1, 6, -13 ],
[ -4, 9, -1, -1, 3, 0, -1, -1, 2, -1, 10, -14 ],
[ -4, 9, -1, 0, -1, 0, 2, -1, 2, 2, 6, -13 ],
[ -4, 9, -1, 0, 0, -1, 1, 2, 0, -1, 10, -14 ],
[ -4, 9, -1, 0, 0, 1, 1, -2, 2, -3, 14, -16 ],
[ -4, 9, -1, 0, 1, 0, 0, 0, 1, 2, 7, -14 ],
[ -4, 9, -1, 1, -1, 1, 1, -1, 1, 0, 6, -11 ],
[ -4, 10, -4, -5, 12, -1, -4, 0, 4, 0, 7, -14 ],
[ -4, 10, -4, -5, 12, -1, -4, 2, 0, 0, 5, -10 ],
[ -4, 10, -4, -4, 9, -2, -2, 3, 2, 0, 7, -14 ],
[ -4, 10, -4, -4, 9, 0, -2, -1, 2, -2, 11, -14 ],
[ -4, 10, -4, -4, 10, 1, -3, -1, 1, 1, 6, -12 ],
[ -4, 10, -4, -4, 11, 0, -4, 0, 1, -2, 12, -15 ],
[ -4, 10, -4, -3, 6, -3, 0, 6, 0, 0, 7, -14 ],
[ -4, 10, -4, -3, 6, -1, 0, 2, 0, -2, 11, -14 ],
[ -4, 10, -4, -3, 7, 0, -1, 0, 1, 1, 8, -14 ],
[ -4, 10, -4, -2, 7, -1, -2, 2, 0, 1, 6, -12 ],
[ -4, 10, -4, -1, 0, 0, 4, -1, 2, -1, 8, -12 ],
[ -4, 10, -4, -1, 2, -5, 0, 10, 0, 0, 7, -14 ],
[ -4, 10, -4, -1, 2, -5, 0, 12, -4, 0, 5, -10 ],
[ -4, 10, -4, -1, 2, -3, 0, 6, 0, -2, 11, -14 ],
[ -4, 10, -4, -1, 2, -1, 0, 0, 4, -4, 17, -18 ],
[ -4, 10, -4, -1, 2, -1, 0, 1, 1, 4, 4, -11 ],
[ -4, 10, -4, -1, 2, -1, 0, 2, 0, -4, 15, -14 ],
[ -4, 10, -4, -1, 2, 0, 0, -3, 6, -1, 8, -12 ],
[ -4, 10, -4, -1, 2, 0, 0, -1, 2, -1, 6, -8 ],
[ -4, 10, -4, -1, 2, 0, 2, 0, 1, -1, 9, -13 ],
[ -4, 10, -4, -1, 2, 1, 0, -3, 5, 2, 8, -15 ],
[ -4, 10, -4, -1, 2, 1, 0, -1, 1, 2, 6, -11 ],
[ -4, 10, -4, -1, 2, 1, 0, -1, 3, 2, 6, -13 ],
[ -4, 10, -4, -1, 2, 3, 0, -3, 3, 0, 8, -13 ],
[ -4, 10, -4, -1, 2, 3, 0, -1, 1, 0, 6, -11 ],
[ -4, 10, -4, -1, 4, 0, 0, -1, 2, -1, 12, -16 ],
[ -4, 10, -4, 0, -3, -1, 6, 2, 0, -1, 8, -12 ],
[ -4, 10, -4, 0, -2, 0, 5, 0, 1, 2, 5, -12 ],
[ -4, 10, -4, 0, -2, 2, 5, -2, 3, 0, 7, -14 ],
[ -4, 10, -4, 0, -1, -6, 2, 13, -2, 0, 7, -14 ],
[ -4, 10, -4, 0, -1, -4, 2, 9, -2, -2, 11, -14 ],
[ -4, 10, -4, 0, -1, -2, 2, 3, 2, -4, 17, -18 ],
[ -4, 10, -4, 0, -1, -1, 2, 0, 4, -1, 8, -12 ],
[ -4, 10, -4, 0, -1, -1, 2, 2, 0, -1, 6, -8 ],
[ -4, 10, -4, 0, -1, 0, 2, -1, 2, -6, 21, -18 ],
[ -4, 10, -4, 0, -1, 0, 2, 0, 1, 2, 8, -13 ],
[ -4, 10, -4, 0, -1, 0, 2, 0, 3, 2, 8, -15 ],
[ -4, 10, -4, 0, -1, 0, 2, 2, 1, 2, 6, -13 ],
[ -4, 10, -4, 0, -1, 2, 2, -2, 3, 0, 10, -15 ],
[ -4, 10, -4, 0, -1, 2, 2, 0, 1, 0, 8, -13 ],
[ -4, 10, -4, 0, -1, 4, 2, -2, 1, -2, 10, -13 ],
[ -4, 10, -4, 0, 0, -3, 1, 7, -1, 1, 8, -14 ],
[ -4, 10, -4, 0, 0, -3, 1, 9, -3, 1, 6, -12 ],
[ -4, 10, -4, 0, 0, -1, 1, 3, 1, -1, 12, -16 ],
[ -4, 10, -4, 0, 0, -1, 1, 5, -1, -1, 10, -14 ],
[ -4, 10, -4, 0, 0, 0, 1, -2, 5, 2, 5, -12 ],
[ -4, 10, -4, 0, 0, 0, 1, 0, 1, 2, 3, -8 ],
[ -4, 10, -4, 0, 0, 1, 1, -1, 1, -3, 16, -16 ],
[ -4, 10, -4, 0, 0, 1, 1, 1, 1, -3, 14, -16 ],
[ -4, 10, -4, 0, 0, 2, 1, -4, 7, 0, 7, -14 ],
[ -4, 10, -4, 0, 0, 2, 1, -2, 3, 0, 5, -10 ],
[ -4, 10, -4, 0, 0, 3, 1, -2, 2, 3, 5, -13 ],
[ -4, 10, -4, 0, 1, -4, 0, 10, -3, -2, 12, -15 ],
[ -4, 10, -4, 0, 1, -1, 0, 1, 3, -1, 9, -13 ],
[ -4, 10, -4, 0, 1, 0, 0, -1, 2, 2, 11, -16 ],
[ -4, 10, -4, 0, 1, 0, 0, 0, 1, -6, 22, -19 ],
[ -4, 10, -4, 0, 1, 0, 0, 3, 0, 2, 7, -14 ],
[ -4, 10, -4, 0, 1, 2, 0, 1, 0, 0, 9, -14 ],
[ -4, 10, -4, 0, 1, 4, 0, -3, 2, -2, 13, -16 ],
[ -4, 10, -4, 0, 5, 0, -2, -1, 2, 2, 7, -14 ],
[ -4, 10, -4, 1, -4, 0, 6, 0, 1, -3, 15, -17 ],
[ -4, 10, -4, 1, -2, -2, 2, 4, 1, -1, 9, -13 ],
[ -4, 10, -4, 1, -2, 0, 2, -2, 5, -3, 15, -17 ],
[ -4, 10, -4, 1, -2, 0, 2, 0, 1, -3, 13, -13 ],
[ -4, 10, -4, 1, -2, 1, 4, -2, 4, 0, 7, -14 ],
[ -4, 10, -4, 1, -1, -1, 1, 0, 4, 2, 8, -15 ],
[ -4, 10, -4, 1, -1, -1, 1, 2, 0, 2, 6, -11 ],
[ -4, 10, -4, 1, -1, -1, 1, 2, 2, 2, 6, -13 ],
[ -4, 10, -4, 1, -1, 1, 1, -2, 4, 0, 10, -15 ],
[ -4, 10, -4, 1, -1, 1, 1, 0, 2, 0, 8, -13 ],
[ -4, 10, -4, 1, -1, 1, 1, 2, 0, 0, 6, -11 ],
[ -4, 10, -4, 1, 0, 1, 0, -2, 4, 0, 5, -10 ],
[ -4, 10, -4, 1, 0, 1, 2, -1, 1, 0, 8, -13 ],
[ -4, 10, -4, 1, 1, 0, 1, 0, 1, -3, 14, -16 ],
[ -4, 10, -4, 2, -4, 0, 7, 0, 1, 0, 7, -14 ],
[ -4, 10, -4, 2, -3, 0, 4, 0, 1, 0, 10, -15 ],
[ -4, 10, -4, 2, -2, -2, 1, 6, -1, 2, 7, -14 ],
[ -4, 10, -4, 2, -2, 0, 1, 0, 1, 0, 13, -16 ],
[ -4, 10, -4, 2, -2, 0, 1, 4, -1, 0, 9, -14 ],
[ -4, 10, -4, 2, -2, 0, 3, -2, 5, 0, 7, -14 ],
[ -4, 10, -4, 2, -2, 0, 3, 0, 1, 0, 5, -10 ],
[ -4, 10, -4, 2, -2, 2, 1, 0, 1, -2, 13, -16 ],
[ -4, 10, -4, 2, 0, 0, 1, -1, 2, 0, 8, -13 ],
[ -4, 10, -4, 2, 2, 0, -1, 0, 1, 0, 9, -14 ],
[ -4, 10, -4, 3, -3, -1, 3, 2, 0, 0, 8, -13 ],
[ -4, 10, -4, 3, -2, 0, 2, 0, 1, 3, 5, -13 ],
[ -4, 10, -4, 4, -1, 0, 0, -1, 2, -2, 13, -16 ],
[ -4, 10, -3, -3, 7, 0, -2, 2, 0, 1, 6, -13 ],
[ -4, 10, -3, -3, 7, 2, -2, -2, 2, -1, 10, -15 ],
[ -4, 10, -3, -2, 4, 1, 0, 1, 0, -1, 10, -15 ],
[ -4, 10, -3, -1, 2, 0, 1, 0, 2, -1, 9, -14 ],
[ -4, 10, -3, -1, 3, 3, 0, -2, 1, 0, 6, -12 ],
[ -4, 10, -3, -1, 4, -2, -1, 5, -1, 1, 6, -13 ],
[ -4, 10, -3, -1, 4, 0, -1, 1, 1, -1, 10, -15 ],
[ -4, 10, -3, 0, -2, 2, 4, -2, 2, 0, 7, -13 ],
[ -4, 10, -3, 0, -1, -1, 3, 3, 0, -1, 9, -14 ],
[ -4, 10, -3, 0, 0, 2, 2, -1, 1, 0, 8, -14 ],
[ -4, 10, -3, 0, 1, -1, 1, 4, -1, -1, 10, -15 ],
[ -4, 10, -3, 0, 3, 0, -1, -2, 4, 2, 6, -14 ],
[ -4, 10, -3, 0, 3, 2, -1, -2, 2, 0, 6, -12 ],
[ -4, 10, -3, 1, -2, 1, 3, -2, 3, 0, 7, -13 ],
[ -4, 10, -3, 1, 0, 1, 1, -1, 2, 0, 8, -14 ],
[ -4, 10, -3, 1, 0, 1, 1, 1, 0, 0, 6, -12 ],
[ -4, 10, -3, 1, 1, -2, 0, 4, 0, -1, 10, -15 ],
[ -4, 10, -3, 2, -3, 0, 3, 2, 0, 0, 8, -14 ],
[ -4, 10, -3, 2, -2, -3, 2, 7, -2, -1, 10, -15 ],
[ -4, 10, -3, 2, -2, 0, 2, -2, 4, 0, 7, -13 ],
[ -4, 10, -3, 2, -2, 3, 2, -2, 1, 1, 7, -14 ],
[ -4, 10, -3, 2, 0, 0, 0, -1, 3, 0, 8, -14 ],
[ -4, 10, -3, 2, 0, 0, 0, 1, 1, 0, 6, -12 ],
[ -4, 10, -3, 3, -3, -1, 2, 2, 1, 0, 8, -14 ],
[ -4, 10, -3, 3, -3, -1, 2, 4, -1, 0, 6, -12 ],
[ -4, 10, -3, 3, -2, 2, 1, -2, 2, 1, 7, -14 ],
[ -4, 10, -3, 4, -3, -2, 1, 4, 0, 0, 6, -12 ],
[ -4, 10, -3, 4, -3, 0, 1, -2, 4, -2, 12, -16 ],
[ -4, 10, -2, -1, 2, 0, 0, 0, 1, -1, 9, -13 ],
[ -4, 10, -2, 0, 1, -1, 0, 2, 0, -1, 12, -16 ],
[ -4, 10, -2, 1, -2, 1, 2, -2, 4, 0, 7, -14 ],
[ -4, 10, -2, 1, 0, 1, 0, -1, 1, 0, 8, -13 ],
[ -4, 10, -2, 2, -2, 0, 1, -2, 5, 0, 7, -14 ],
[ -4, 10, -2, 2, -2, 0, 1, 0, 1, 0, 5, -10 ],
[ -4, 11, -4, -2, 6, -1, -2, 1, 2, 1, 7, -14 ],
[ -4, 11, -4, -2, 6, 1, -2, -1, 2, -1, 9, -14 ],
[ -4, 11, -4, -1, 1, 0, 2, -1, 3, -1, 10, -15 ],
[ -4, 11, -4, -1, 3, -2, 0, 4, 0, 1, 7, -14 ],
[ -4, 11, -4, -1, 3, 0, 0, 2, 0, -1, 9, -14 ],
[ -4, 11, -4, -1, 4, 3, -1, -2, 1, 0, 8, -14 ],
[ -4, 11, -4, 0, -2, -1, 4, 2, 1, -1, 10, -15 ],
[ -4, 11, -4, 0, 3, -1, -1, 2, 1, -1, 9, -14 ],
[ -4, 11, -4, 1, -3, 1, 4, -1, 2, 0, 6, -12 ],
[ -4, 11, -4, 1, -1, 1, 2, -2, 3, 0, 9, -15 ],
[ -4, 11, -4, 1, -1, 1, 2, 0, 1, 0, 7, -13 ],
[ -4, 11, -4, 1, 0, -2, 1, 5, -1, -1, 9, -14 ],
[ -4, 11, -4, 1, 1, 1, 0, 1, 0, 0, 8, -14 ],
[ -4, 11, -4, 2, -3, 0, 3, -1, 3, 0, 6, -12 ],
[ -4, 11, -4, 2, -1, 0, 1, -2, 4, 0, 9, -15 ],
[ -4, 11, -4, 2, -1, 0, 1, 0, 2, 0, 7, -13 ],
[ -4, 11, -4, 3, -3, 2, 2, -1, 1, 1, 6, -13 ],
[ -4, 11, -4, 3, -2, -1, 1, 4, -1, 0, 8, -14 ],
[ -4, 11, -4, 4, -3, 1, 1, -1, 2, 1, 6, -13 ],
[ -4, 11, -3, -1, 2, 1, 0, -1, 1, 2, 5, -12 ],
[ -4, 11, -3, -1, 3, 0, -1, 0, 1, -1, 11, -15 ],
[ -4, 11, -3, 0, -1, 0, 2, 0, 1, 2, 7, -14 ],
[ -4, 11, -3, 0, 0, 1, 1, -1, 1, -3, 15, -17 ],
[ -4, 11, -3, 1, -1, -1, 1, 2, 0, 2, 5, -12 ],
[ -4, 11, -3, 1, 0, 0, 0, -1, 2, -3, 15, -17 ],
[ -4, 12, -5, -2, 5, -1, -1, 2, 1, 1, 6, -13 ],
[ -4, 12, -5, -2, 5, 1, -1, -2, 3, -1, 10, -15 ],
[ -4, 12, -5, -1, 1, 1, 2, -2, 3, 2, 6, -14 ],
[ -4, 12, -5, -1, 1, 3, 2, -2, 1, 0, 6, -12 ],
[ -4, 12, -5, -1, 2, -2, 1, 5, -1, 1, 6, -13 ],
[ -4, 12, -5, -1, 2, 0, 1, 1, 1, -1, 10, -15 ],
[ -4, 12, -5, 0, -2, 2, 4, -1, 1, 0, 8, -14 ],
[ -4, 12, -5, 0, 1, 0, 1, -2, 4, 2, 6, -14 ],
[ -4, 12, -5, 0, 1, 2, 1, -2, 2, 0, 6, -12 ],
[ -4, 12, -5, 0, 2, -1, 0, 1, 2, -1, 10, -15 ],
[ -4, 12, -5, 0, 3, 2, -1, -1, 1, 0, 7, -13 ],
[ -4, 12, -5, 1, -2, -1, 3, 1, 2, 2, 6, -14 ],
[ -4, 12, -5, 1, -2, 1, 3, -1, 2, 0, 8, -14 ],
[ -4, 12, -5, 1, -2, 1, 3, 1, 0, 0, 6, -12 ],
[ -4, 12, -5, 1, -1, -2, 2, 4, 0, -1, 10, -15 ],
[ -4, 12, -5, 1, 1, 1, 0, -2, 3, 0, 6, -12 ],
[ -4, 12, -5, 2, -2, 0, 2, -1, 3, 0, 8, -14 ],
[ -4, 12, -5, 2, -2, 0, 2, 1, 1, 0, 6, -12 ],
[ -4, 12, -5, 2, 0, 0, 0, 2, 0, 0, 7, -13 ],
[ -4, 12, -5, 3, -2, -1, 1, 1, 2, 0, 6, -12 ],
[ -4, 12, -5, 4, -3, -2, 1, 5, -1, 0, 7, -13 ],
[ -4, 12, -4, -1, 2, 0, 0, -1, 2, -1, 12, -16 ],
[ -4, 12, -4, 0, -1, -1, 2, 2, 0, -1, 12, -16 ],
[ -4, 12, -4, 1, -2, 1, 2, -1, 1, 0, 8, -13 ],
[ -4, 12, -4, 1, -1, 0, 1, 0, 1, -3, 14, -16 ],
[ -4, 12, -4, 2, -2, 0, 1, -1, 2, 0, 8, -13 ],
[ -4, 13, -5, 0, 0, 0, 1, -1, 2, 2, 5, -12 ],
[ -4, 13, -5, 0, 0, 2, 1, -3, 4, 0, 7, -14 ],
[ -4, 13, -5, 0, 1, -1, 0, 2, 0, -1, 9, -13 ],
[ -4, 13, -5, 1, -2, 0, 2, -1, 2, -3, 15, -17 ],
[ -4, 13, -5, 1, -1, 1, 1, -1, 1, 0, 10, -15 ],
[ -4, 13, -5, 1, 0, 1, 0, -1, 1, 0, 5, -10 ],
[ -4, 14, -6, 0, 1, 0, 0, -1, 2, 2, 7, -14 ],
[ -4, 14, -6, 2, -2, 0, 1, 0, 1, 0, 9, -14 ],
[ -3, 4, 4, 0, 0, -3, 0, 7, -2, 0, 6, -12 ],
[ -3, 5, 2, -2, 5, -1, -2, 2, 0, 0, 5, -10 ],
[ -3, 5, 2, -1, 2, -2, 0, 3, 2, 0, 7, -14 ],
[ -3, 5, 2, -1, 2, 0, 0, -1, 2, -2, 11, -14 ],
[ -3, 5, 2, -1, 3, 1, -1, -1, 1, 1, 6, -12 ],
[ -3, 5, 2, 0, -1, -3, 2, 6, 0, 0, 7, -14 ],
[ -3, 5, 2, 0, -1, -1, 2, 2, 0, -2, 11, -14 ],
[ -3, 5, 2, 0, 0, 0, 1, 0, 1, 1, 8, -14 ],
[ -3, 5, 2, 1, 0, -1, 0, 2, 0, 1, 6, -12 ],
[ -3, 5, 3, 0, 0, 0, 0, 2, 0, 1, 6, -13 ],
[ -3, 5, 3, 0, 0, 2, 0, -2, 2, -1, 10, -15 ],
[ -3, 6, -1, 3, 1, -1, -1, 2, 0, -1, 8, -12 ],
[ -3, 6, -1, 4, -2, 0, 1, -1, 2, -3, 14, -16 ],
[ -3, 6, -1, 4, -1, 1, 0, -1, 1, 0, 9, -14 ],
[ -3, 6, -1, 5, -3, 0, 1, 0, 1, 0, 6, -11 ],
[ -3, 6, 0, -3, 7, -3, -2, 7, -2, -1, 9, -14 ],
[ -3, 6, 0, -3, 7, 0, -2, -2, 4, 0, 6, -12 ],
[ -3, 6, 0, -3, 7, 3, -2, -2, 1, 1, 6, -13 ],
[ -3, 6, 0, -2, 4, -1, 0, 1, 2, 0, 6, -12 ],
[ -3, 6, 0, -2, 6, -1, -2, 2, 1, 0, 7, -13 ],
[ -3, 6, 0, -1, 1, -2, 2, 4, 0, 0, 6, -12 ],
[ -3, 6, 0, -1, 1, 0, 2, -2, 4, -2, 12, -16 ],
[ -3, 6, 0, -1, 2, 1, 1, -2, 3, 1, 7, -14 ],
[ -3, 6, 0, -1, 3, -2, 0, 5, -1, 0, 7, -13 ],
[ -3, 6, 0, -1, 4, 1, -1, 1, 0, 1, 6, -13 ],
[ -3, 6, 0, 0, -2, -3, 4, 7, -2, 0, 6, -12 ],
[ -3, 6, 0, 0, -2, -1, 4, 1, 2, -2, 12, -16 ],
[ -3, 6, 0, 0, -1, 0, 3, 1, 1, 1, 7, -14 ],
[ -3, 6, 0, 0, -1, 2, 3, -1, 1, -1, 9, -14 ],
[ -3, 6, 0, 0, 2, 0, 0, -2, 4, 1, 7, -14 ],
[ -3, 6, 0, 1, -1, -1, 2, 1, 2, 1, 7, -14 ],
[ -3, 6, 0, 1, -1, 1, 2, -1, 2, -1, 9, -14 ],
[ -3, 6, 0, 1, 1, -1, 0, 4, -1, 1, 6, -13 ],
[ -3, 6, 0, 1, 1, 1, 0, 0, 1, -1, 10, -15 ],
[ -3, 6, 0, 2, -1, 0, 1, -1, 3, -1, 9, -14 ],
[ -3, 6, 0, 3, -2, -3, 1, 7, -2, 1, 6, -13 ],
[ -3, 6, 0, 3, -2, -1, 1, 3, 0, -1, 10, -15 ],
[ -3, 6, 1, -1, 3, 0, -1, -1, 2, -2, 13, -16 ],
[ -3, 6, 1, 0, -1, 0, 2, -1, 2, 1, 9, -15 ],
[ -3, 6, 1, 0, 0, -1, 1, 2, 0, -2, 13, -16 ],
[ -3, 6, 1, 1, -1, 1, 1, -1, 1, -1, 9, -13 ],
[ -3, 7, -3, 4, -4, 1, 4, -1, 2, 0, 7, -13 ],
[ -3, 7, -2, -5, 12, -1, -4, 2, 0, -1, 8, -12 ],
[ -3, 7, -2, -5, 13, 0, -5, 0, 1, 2, 5, -12 ],
[ -3, 7, -2, -4, 9, 0, -2, -1, 2, -3, 14, -16 ],
[ -3, 7, -2, -4, 10, 1, -3, -1, 1, 0, 9, -14 ],
[ -3, 7, -2, -4, 11, 0, -4, 0, 1, -3, 15, -17 ],
[ -3, 7, -2, -3, 4, 0, 4, -1, 2, 0, 7, -14 ],
[ -3, 7, -2, -3, 6, -1, 0, 2, 0, -3, 14, -16 ],
[ -3, 7, -2, -3, 6, 0, 0, -3, 6, 0, 7, -14 ],
[ -3, 7, -2, -3, 6, 0, 0, -1, 2, 0, 5, -10 ],
[ -3, 7, -2, -3, 6, 1, 0, -1, 1, 3, 5, -13 ],
[ -3, 7, -2, -3, 8, 0, -2, 0, 1, 0, 6, -11 ],
[ -3, 7, -2, -2, 3, -1, 2, 0, 4, 0, 7, -14 ],
[ -3, 7, -2, -2, 3, -1, 2, 2, 0, 0, 5, -10 ],
[ -3, 7, -2, -2, 6, 0, -1, -1, 2, 3, 5, -13 ],
[ -3, 7, -2, -2, 7, -1, -2, 2, 0, 0, 9, -14 ],
[ -3, 7, -2, -2, 8, 0, -3, 0, 1, 3, 6, -14 ],
[ -3, 7, -2, -1, 0, -2, 4, 3, 2, 0, 7, -14 ],
[ -3, 7, -2, -1, 0, 0, 4, -1, 2, -2, 11, -14 ],
[ -3, 7, -2, -1, 1, 1, 3, -1, 1, 1, 6, -12 ],
[ -3, 7, -2, -1, 2, -5, 0, 12, -4, -1, 8, -12 ],
[ -3, 7, -2, -1, 2, -3, 0, 6, 0, -3, 14, -16 ],
[ -3, 7, -2, -1, 2, -2, 0, 1, 6, 0, 7, -14 ],
[ -3, 7, -2, -1, 2, -2, 0, 3, 2, 0, 5, -10 ],
[ -3, 7, -2, -1, 2, -1, 0, 1, 1, 3, 7, -13 ],
[ -3, 7, -2, -1, 2, -1, 0, 2, 0, -5, 18, -16 ],
[ -3, 7, -2, -1, 2, -1, 0, 3, 1, 3, 5, -13 ],
[ -3, 7, -2, -1, 2, 0, 0, -3, 6, -2, 11, -14 ],
[ -3, 7, -2, -1, 2, 0, 0, -1, 2, -2, 9, -10 ],
[ -3, 7, -2, -1, 2, 0, 2, 0, 1, -2, 12, -15 ],
[ -3, 7, -2, -1, 2, 1, 0, -1, 1, 1, 9, -13 ],
[ -3, 7, -2, -1, 2, 1, 0, -1, 3, 1, 9, -15 ],
[ -3, 7, -2, -1, 2, 1, 0, 1, 1, 1, 7, -13 ],
[ -3, 7, -2, -1, 2, 1, 0, 3, -1, 1, 5, -11 ],
[ -3, 7, -2, -1, 2, 3, 0, -3, 3, -1, 11, -15 ],
[ -3, 7, -2, -1, 2, 3, 0, -1, 1, -1, 9, -13 ],
[ -3, 7, -2, -1, 3, -4, -1, 10, -3, 2, 5, -12 ],
[ -3, 7, -2, -1, 3, -1, 1, 2, 0, 3, 5, -13 ],
[ -3, 7, -2, -1, 3, 0, -1, 0, 1, -2, 15, -16 ],
[ -3, 7, -2, -1, 3, 0, -1, 4, -1, -2, 11, -14 ],
[ -3, 7, -2, -1, 3, 1, -1, -3, 5, 1, 6, -12 ],
[ -3, 7, -2, -1, 3, 1, -1, -1, 1, 1, 4, -8 ],
[ -3, 7, -2, -1, 6, 1, -2, -1, 1, 1, 5, -11 ],
[ -3, 7, -2, -1, 7, 0, -3, 0, 1, -2, 11, -14 ],
[ -3, 7, -2, 0, -3, -3, 6, 6, 0, 0, 7, -14 ],
[ -3, 7, -2, 0, -3, -1, 6, 2, 0, -2, 11, -14 ],
[ -3, 7, -2, 0, -2, 0, 5, 0, 1, 1, 8, -14 ],
[ -3, 7, -2, 0, -1, -4, 2, 9, -2, -3, 14, -16 ],
[ -3, 7, -2, 0, -1, -3, 2, 4, 4, 0, 7, -14 ],
[ -3, 7, -2, 0, -1, -3, 2, 6, 0, 0, 5, -10 ],
[ -3, 7, -2, 0, -1, -2, 2, 6, -1, 3, 5, -13 ],
[ -3, 7, -2, 0, -1, -1, 2, 0, 4, -2, 11, -14 ],
[ -3, 7, -2, 0, -1, -1, 2, 2, 0, -2, 9, -10 ],
[ -3, 7, -2, 0, -1, 0, 2, -2, 3, 1, 13, -17 ],
[ -3, 7, -2, 0, -1, 0, 2, -1, 2, -7, 24, -20 ],
[ -3, 7, -2, 0, -1, 0, 2, 0, 1, 1, 11, -15 ],
[ -3, 7, -2, 0, -1, 0, 2, 2, 1, 1, 9, -15 ],
[ -3, 7, -2, 0, -1, 0, 2, 4, -1, 1, 7, -13 ],
[ -3, 7, -2, 0, -1, 2, 2, 0, 1, -1, 11, -15 ],
[ -3, 7, -2, 0, -1, 4, 2, -4, 3, -3, 15, -17 ],
[ -3, 7, -2, 0, -1, 4, 2, -2, 1, -3, 13, -15 ],
[ -3, 7, -2, 0, 0, -3, 1, 9, -3, 0, 9, -14 ],
[ -3, 7, -2, 0, 0, -1, 1, 2, 0, 6, 4, -13 ],
[ -3, 7, -2, 0, 0, -1, 1, 5, -1, -2, 13, -16 ],
[ -3, 7, -2, 0, 0, 0, 1, -2, 5, 1, 8, -14 ],
[ -3, 7, -2, 0, 0, 0, 1, 0, 1, 1, 6, -10 ],
[ -3, 7, -2, 0, 0, 0, 1, 0, 3, 1, 6, -12 ],
[ -3, 7, -2, 0, 0, 1, 1, -1, 1, -4, 19, -18 ],
[ -3, 7, -2, 0, 0, 2, 1, -2, 3, -1, 8, -12 ],
[ -3, 7, -2, 0, 0, 3, 1, 0, 0, 2, 6, -13 ],
[ -3, 7, -2, 0, 1, -8, 0, 20, -7, 1, 5, -13 ],
[ -3, 7, -2, 0, 1, -4, 0, 10, -3, -3, 15, -17 ],
[ -3, 7, -2, 0, 1, -3, 0, 7, -1, 0, 6, -11 ],
[ -3, 7, -2, 0, 1, -2, 0, 7, -2, 3, 6, -14 ],
[ -3, 7, -2, 0, 1, -1, 0, 1, 3, -2, 12, -15 ],
[ -3, 7, -2, 0, 1, 0, 0, 0, 1, -7, 25, -21 ],
[ -3, 7, -2, 0, 1, 0, 2, -1, 2, 1, 6, -12 ],
[ -3, 7, -2, 0, 1, 2, 0, 1, 0, -1, 12, -16 ],
[ -3, 7, -2, 0, 3, 0, 0, 0, 1, 1, 7, -13 ],
[ -3, 7, -2, 1, -2, -1, 4, 2, 0, 1, 6, -12 ],
[ -3, 7, -2, 1, -2, 0, 2, 0, 1, -4, 16, -15 ],
[ -3, 7, -2, 1, -1, -3, 1, 6, 0, 3, 5, -13 ],
[ -3, 7, -2, 1, -1, -1, 1, 2, 0, 1, 9, -13 ],
[ -3, 7, -2, 1, -1, -1, 1, 2, 2, 1, 9, -15 ],
[ -3, 7, -2, 1, -1, -1, 1, 4, 0, 1, 7, -13 ],
[ -3, 7, -2, 1, -1, -1, 1, 6, -2, 1, 5, -11 ],
[ -3, 7, -2, 1, -1, 1, 1, -2, 2, -1, 13, -15 ],
[ -3, 7, -2, 1, -1, 1, 1, 0, 2, -1, 11, -15 ],
[ -3, 7, -2, 1, -1, 1, 1, 2, 0, -1, 9, -13 ],
[ -3, 7, -2, 1, -1, 3, 1, -4, 4, -3, 15, -17 ],
[ -3, 7, -2, 1, 0, -2, 0, 7, -2, -2, 11, -14 ],
[ -3, 7, -2, 1, 0, -1, 0, 0, 4, 1, 6, -12 ],
[ -3, 7, -2, 1, 0, -1, 0, 2, 0, 1, 4, -8 ],
[ -3, 7, -2, 1, 0, 0, 0, 0, 1, 4, 6, -13 ],
[ -3, 7, -2, 1, 0, 1, 0, -2, 4, -1, 8, -12 ],
[ -3, 7, -2, 1, 0, 1, 2, -1, 1, -1, 11, -15 ],
[ -3, 7, -2, 1, 0, 4, 0, -2, 1, 0, 8, -13 ],
[ -3, 7, -2, 1, 3, -1, -1, 2, 0, 1, 5, -11 ],
[ -3, 7, -2, 2, -2, 0, 1, 0, 1, -1, 16, -18 ],
[ -3, 7, -2, 2, -2, 0, 3, 0, 1, -1, 8, -12 ],
[ -3, 7, -2, 2, 0, 0, 1, -1, 2, -1, 11, -15 ],
[ -3, 7, -2, 2, 1, 1, 0, -1, 1, 2, 6, -13 ],
[ -3, 7, -2, 2, 2, 0, -1, 0, 1, -1, 12, -16 ],
[ -3, 7, -2, 3, -3, -1, 3, 2, 0, -1, 11, -15 ],
[ -3, 7, -2, 3, -3, 1, 3, -2, 2, -3, 15, -17 ],
[ -3, 7, -2, 4, -2, -1, 1, 2, 0, 2, 6, -13 ],
[ -3, 7, -2, 5, -2, 0, 0, 0, 1, 0, 8, -13 ],
[ -3, 7, -1, -3, 8, 0, -3, -2, 4, 0, 8, -14 ],
[ -3, 7, -1, -3, 8, 0, -3, 0, 2, 0, 6, -12 ],
[ -3, 7, -1, -2, 5, -1, -1, 1, 2, 0, 8, -14 ],
[ -3, 7, -1, -2, 5, -1, -1, 3, 0, 0, 6, -12 ],
[ -3, 7, -1, -1, 1, 1, 2, -1, 2, 1, 6, -13 ],
[ -3, 7, -1, -1, 2, -2, 1, 4, 0, 0, 8, -14 ],
[ -3, 7, -1, -1, 3, 1, 0, 0, 1, 1, 7, -14 ],
[ -3, 7, -1, -1, 3, 3, 0, -2, 1, -1, 9, -14 ],
[ -3, 7, -1, 0, -2, 0, 4, 2, 0, 1, 6, -13 ],
[ -3, 7, -1, 0, -2, 2, 4, -2, 2, -1, 10, -15 ],
[ -3, 7, -1, 0, -1, -3, 3, 7, -2, 0, 8, -14 ],
[ -3, 7, -1, 0, 1, 0, 1, -1, 3, 1, 6, -13 ],
[ -3, 7, -1, 0, 3, 0, -1, 0, 2, 1, 7, -14 ],
[ -3, 7, -1, 0, 3, 2, -1, -2, 2, -1, 9, -14 ],
[ -3, 7, -1, 1, -2, -1, 3, 2, 1, 1, 6, -13 ],
[ -3, 7, -1, 1, -2, 1, 3, -2, 3, -1, 10, -15 ],
[ -3, 7, -1, 1, 0, -1, 1, 3, 0, 1, 7, -14 ],
[ -3, 7, -1, 1, 0, 1, 1, 1, 0, -1, 9, -14 ],
[ -3, 7, -1, 2, -2, 0, 2, -2, 4, -1, 10, -15 ],
[ -3, 7, -1, 2, 0, 0, 0, 1, 1, -1, 9, -14 ],
[ -3, 7, 0, -1, 2, 0, 0, 0, 1, -2, 12, -15 ],
[ -3, 7, 0, -1, 3, -1, -1, 2, 0, 3, 5, -13 ],
[ -3, 7, 0, 0, 1, 0, 0, -1, 2, 1, 6, -12 ],
[ -3, 7, 0, 1, 0, 1, 0, -1, 1, -1, 11, -15 ],
[ -3, 8, -3, -5, 12, 0, -4, -1, 2, 2, 6, -13 ],
[ -3, 8, -3, -4, 9, -1, -2, 2, 0, 2, 6, -13 ],
[ -3, 8, -3, -3, 7, 0, -1, -1, 2, 0, 7, -12 ],
[ -3, 8, -3, -3, 7, 0, -1, -1, 4, 0, 7, -14 ],
[ -3, 8, -3, -3, 9, 0, -3, 0, 1, 0, 8, -13 ],
[ -3, 8, -3, -2, 4, -1, 1, 2, 0, 0, 7, -12 ],
[ -3, 8, -3, -2, 4, -1, 1, 2, 2, 0, 7, -14 ],
[ -3, 8, -3, -2, 6, 1, -1, -1, 1, -2, 12, -15 ],
[ -3, 8, -3, -1, 1, -2, 3, 5, 0, 0, 7, -14 ],
[ -3, 8, -3, -1, 1, 0, 3, -1, 2, -2, 13, -16 ],
[ -3, 8, -3, -1, 2, -4, 0, 9, -2, 2, 6, -13 ],
[ -3, 8, -3, -1, 2, -2, 0, 5, 0, 0, 10, -15 ],
[ -3, 8, -3, -1, 2, -2, 0, 7, -2, 0, 8, -13 ],
[ -3, 8, -3, -1, 2, 0, 0, -1, 2, -2, 16, -17 ],
[ -3, 8, -3, -1, 2, 0, 0, 0, 1, 6, 3, -12 ],
[ -3, 8, -3, -1, 2, 0, 0, 3, 0, -2, 12, -15 ],
[ -3, 8, -3, -1, 2, 1, 0, -2, 4, 1, 5, -11 ],
[ -3, 8, -3, -1, 2, 1, 2, -1, 1, 1, 8, -14 ],
[ -3, 8, -3, -1, 2, 4, 0, -2, 1, 2, 5, -12 ],
[ -3, 8, -3, -1, 3, -2, -1, 5, 0, 0, 5, -10 ],
[ -3, 8, -3, -1, 3, 0, -1, -1, 2, -2, 11, -12 ],
[ -3, 8, -3, -1, 3, 0, -1, 1, 0, -2, 9, -10 ],
[ -3, 8, -3, -1, 6, 0, -2, -1, 2, -2, 12, -15 ],
[ -3, 8, -3, 0, -3, 0, 6, -1, 2, 1, 9, -15 ],
[ -3, 8, -3, 0, -2, -3, 5, 8, -2, 0, 7, -14 ],
[ -3, 8, -3, 0, -2, -1, 5, 2, 0, -2, 13, -16 ],
[ -3, 8, -3, 0, -2, 1, 5, -2, 2, -4, 17, -18 ],
[ -3, 8, -3, 0, -1, -5, 2, 12, -4, 2, 6, -13 ],
[ -3, 8, -3, 0, -1, -3, 2, 8, -2, 0, 10, -15 ],
[ -3, 8, -3, 0, -1, -1, 2, 1, 1, 6, 5, -14 ],
[ -3, 8, -3, 0, -1, -1, 2, 2, 0, -2, 16, -17 ],
[ -3, 8, -3, 0, -1, -1, 2, 6, -2, -2, 12, -15 ],
[ -3, 8, -3, 0, -1, 0, 2, -3, 6, 1, 9, -15 ],
[ -3, 8, -3, 0, -1, 0, 2, -1, 2, 1, 7, -11 ],
[ -3, 8, -3, 0, -1, 0, 2, -1, 4, 1, 7, -13 ],
[ -3, 8, -3, 0, -1, 0, 2, 1, 0, 1, 5, -9 ],
[ -3, 8, -3, 0, -1, 0, 2, 1, 2, 1, 5, -11 ],
[ -3, 8, -3, 0, -1, 1, 2, -2, 2, -4, 20, -19 ],
[ -3, 8, -3, 0, -1, 1, 2, -1, 1, 4, 7, -14 ],
[ -3, 8, -3, 0, -1, 2, 2, -3, 4, -1, 9, -13 ],
[ -3, 8, -3, 0, -1, 3, 2, -1, 1, 2, 7, -14 ],
[ -3, 8, -3, 0, -1, 5, 2, -3, 1, 0, 9, -14 ],
[ -3, 8, -3, 0, 0, -3, 1, 6, 0, 0, 7, -12 ],
[ -3, 8, -3, 0, 0, -3, 1, 6, 2, 0, 7, -14 ],
[ -3, 8, -3, 0, 0, -3, 1, 8, -2, 0, 5, -10 ],
[ -3, 8, -3, 0, 0, -1, 1, 0, 4, -2, 13, -16 ],
[ -3, 8, -3, 0, 0, -1, 1, 2, 0, -2, 11, -12 ],
[ -3, 8, -3, 0, 0, -1, 1, 2, 2, -2, 11, -14 ],
[ -3, 8, -3, 0, 0, 0, 1, 0, 1, 1, 13, -17 ],
[ -3, 8, -3, 0, 0, 0, 1, 4, -1, 1, 9, -15 ],
[ -3, 8, -3, 0, 0, 0, 3, 0, 1, 1, 5, -11 ],
[ -3, 8, -3, 0, 0, 1, 1, -4, 6, -4, 17, -18 ],
[ -3, 8, -3, 0, 0, 1, 1, -2, 2, -4, 15, -14 ],
[ -3, 8, -3, 0, 0, 4, 1, -2, 1, -3, 15, -17 ],
[ -3, 8, -3, 0, 1, 0, 0, 0, 1, 1, 8, -12 ],
[ -3, 8, -3, 0, 1, 0, 0, 0, 3, 1, 8, -14 ],
[ -3, 8, -3, 0, 1, 0, 0, 2, 1, 1, 6, -12 ],
[ -3, 8, -3, 0, 1, 2, 0, -2, 3, -1, 10, -14 ],
[ -3, 8, -3, 0, 1, 2, 0, 0, 1, -1, 8, -12 ],
[ -3, 8, -3, 0, 2, 0, 1, -1, 2, 1, 8, -14 ],
[ -3, 8, -3, 0, 3, -1, 0, 2, 0, -2, 12, -15 ],
[ -3, 8, -3, 0, 4, 0, -1, 0, 1, 1, 9, -15 ],
[ -3, 8, -3, 1, -3, 1, 5, -1, 1, -1, 9, -13 ],
[ -3, 8, -3, 1, -2, 1, 2, -1, 1, -1, 12, -14 ],
[ -3, 8, -3, 1, -2, 1, 2, -1, 3, -1, 12, -16 ],
[ -3, 8, -3, 1, -2, 3, 2, -3, 3, -3, 14, -16 ],
[ -3, 8, -3, 1, -1, -4, 1, 10, -3, 0, 8, -13 ],
[ -3, 8, -3, 1, -1, -2, 1, 6, -1, -2, 12, -15 ],
[ -3, 8, -3, 1, -1, -1, 1, 1, 3, 1, 5, -11 ],
[ -3, 8, -3, 1, -1, -1, 3, 2, 0, 1, 8, -14 ],
[ -3, 8, -3, 1, -1, 0, 1, -1, 2, 4, 7, -14 ],
[ -3, 8, -3, 1, -1, 0, 1, 0, 1, -4, 18, -17 ],
[ -3, 8, -3, 1, -1, 1, 1, -3, 5, -1, 9, -13 ],
[ -3, 8, -3, 1, -1, 1, 1, -1, 1, -1, 7, -9 ],
[ -3, 8, -3, 1, -1, 2, 1, -1, 2, 2, 7, -14 ],
[ -3, 8, -3, 1, -1, 2, 1, 1, 0, 2, 5, -12 ],
[ -3, 8, -3, 1, -1, 4, 1, -3, 2, 0, 9, -14 ],
[ -3, 8, -3, 1, 2, 1, 0, -1, 1, -1, 8, -12 ],
[ -3, 8, -3, 2, -3, 0, 4, -1, 2, -1, 9, -13 ],
[ -3, 8, -3, 2, -2, 0, 1, -1, 2, -1, 12, -14 ],
[ -3, 8, -3, 2, -2, 0, 1, -1, 4, -1, 12, -16 ],
[ -3, 8, -3, 2, -2, 2, 1, -3, 4, -3, 14, -16 ],
[ -3, 8, -3, 2, -1, 0, 2, 0, 1, -1, 10, -14 ],
[ -3, 8, -3, 2, 2, 0, -1, -1, 2, -1, 8, -12 ],
[ -3, 8, -3, 3, -4, 1, 4, -1, 1, -3, 14, -16 ],
[ -3, 8, -3, 3, -1, -1, 1, 2, 0, -1, 8, -12 ],
[ -3, 8, -3, 3, 0, 0, 0, 0, 1, 2, 5, -12 ],
[ -3, 8, -3, 4, -4, 0, 3, -1, 2, -3, 14, -16 ],
[ -3, 8, -3, 4, -3, 1, 2, -1, 1, 0, 9, -14 ],
[ -3, 8, -3, 4, -2, 0, 1, 0, 1, -3, 15, -17 ],
[ -3, 8, -3, 5, -3, 0, 1, -1, 2, 0, 9, -14 ],
[ -3, 8, -2, -3, 7, 0, -2, -1, 3, 0, 7, -13 ],
[ -3, 8, -2, -2, 4, -1, 0, 2, 1, 0, 7, -13 ],
[ -3, 8, -2, -2, 5, 2, -1, -2, 2, 1, 6, -13 ],
[ -3, 8, -2, -2, 6, -1, -2, 3, 0, 0, 8, -14 ],
[ -3, 8, -2, -1, 1, -2, 2, 5, -1, 0, 7, -13 ],
[ -3, 8, -2, -1, 2, 1, 1, 1, 0, 1, 6, -13 ],
[ -3, 8, -2, -1, 5, 1, -2, -2, 3, 1, 6, -13 ],
[ -3, 8, -2, 0, 0, 0, 2, -2, 4, 1, 7, -14 ],
[ -3, 8, -2, 0, 2, 0, 0, 1, 1, 1, 6, -13 ],
[ -3, 8, -2, 1, -1, -1, 2, 4, -1, 1, 6, -13 ],
[ -3, 8, -2, 1, -1, 1, 2, 0, 1, -1, 10, -15 ],
[ -3, 8, -2, 1, 2, -1, -1, 1, 2, 1, 6, -13 ],
[ -3, 8, -2, 2, -1, -2, 1, 4, 0, 1, 6, -13 ],
[ -3, 8, -2, 2, -1, 0, 1, 0, 2, -1, 10, -15 ],
[ -3, 8, -2, 2, 0, 3, 0, -2, 1, 0, 7, -13 ],
[ -3, 8, -1, -1, 2, 1, 0, -1, 1, 1, 8, -14 ],
[ -3, 8, -1, 0, 0, 0, 1, 0, 1, 1, 5, -11 ],
[ -3, 8, -1, 1, -1, -1, 1, 2, 0, 1, 8, -14 ],
[ -3, 9, -4, -1, 0, 0, 4, 0, 1, -2, 12, -15 ],
[ -3, 9, -4, -1, 1, -1, 3, 2, 0, 3, 5, -13 ],
[ -3, 9, -4, 0, -1, 0, 4, -1, 2, 1, 6, -12 ],
[ -3, 9, -4, 1, -2, 1, 4, -1, 1, -1, 11, -15 ],
[ -3, 9, -3, -2, 5, -1, -1, 4, -1, 0, 7, -13 ],
[ -3, 9, -3, -1, 1, 1, 2, 0, 1, 1, 7, -14 ],
[ -3, 9, -3, -1, 1, 3, 2, -2, 1, -1, 9, -14 ],
[ -3, 9, -3, 0, -1, 0, 3, -1, 3, 1, 6, -13 ],
[ -3, 9, -3, 0, 1, 0, 1, 0, 2, 1, 7, -14 ],
[ -3, 9, -3, 0, 1, 2, 1, -2, 2, -1, 9, -14 ],
[ -3, 9, -3, 0, 2, -3, 0, 7, -2, 0, 7, -13 ],
[ -3, 9, -3, 0, 3, 2, -1, -1, 1, -1, 10, -15 ],
[ -3, 9, -3, 1, -2, -1, 3, 3, 0, 1, 7, -14 ],
[ -3, 9, -3, 1, -2, 1, 3, 1, 0, -1, 9, -14 ],
[ -3, 9, -3, 1, 1, 1, 0, -2, 3, -1, 9, -14 ],
[ -3, 9, -3, 2, -2, 0, 2, 1, 1, -1, 9, -14 ],
[ -3, 9, -3, 2, 0, 0, 0, 2, 0, -1, 10, -15 ],
[ -3, 9, -3, 3, -2, -1, 1, 1, 2, -1, 9, -14 ],
[ -3, 9, -3, 3, -1, 2, 0, -1, 1, 0, 6, -12 ],
[ -3, 9, -3, 4, -3, -2, 1, 5, -1, -1, 10, -15 ],
[ -3, 9, -2, 0, -1, 0, 2, -1, 2, 1, 6, -12 ],
[ -3, 9, -2, 0, 1, 0, 0, 0, 1, 1, 7, -13 ],
[ -3, 9, -2, 1, -2, 1, 2, -1, 1, -1, 11, -15 ],
[ -3, 9, -2, 2, -2, 0, 1, -1, 2, -1, 11, -15 ],
[ -3, 10, -4, -3, 7, 0, -2, 0, 2, 0, 8, -14 ],
[ -3, 10, -4, -3, 7, 0, -2, 2, 0, 0, 6, -12 ],
[ -3, 10, -4, -2, 4, -1, 0, 3, 0, 0, 8, -14 ],
[ -3, 10, -4, -2, 5, 2, -1, -1, 1, 1, 7, -14 ],
[ -3, 10, -4, -1, 3, 1, 0, -2, 3, 1, 6, -13 ],
[ -3, 10, -4, -1, 4, -2, -1, 5, -1, 0, 6, -12 ],
[ -3, 10, -4, 0, -2, 0, 4, -2, 4, 1, 7, -14 ],
[ -3, 10, -4, 0, 0, 0, 2, 1, 1, 1, 6, -13 ],
[ -3, 10, -4, 0, 2, 0, 0, 2, 0, 1, 7, -14 ],
[ -3, 10, -4, 0, 3, 0, -1, -2, 4, 1, 6, -13 ],
[ -3, 10, -4, 1, -3, -1, 4, 4, -1, 1, 6, -13 ],
[ -3, 10, -4, 1, -3, 1, 4, 0, 1, -1, 10, -15 ],
[ -3, 10, -4, 1, 0, -1, 1, 1, 2, 1, 6, -13 ],
[ -3, 10, -4, 2, -3, -2, 3, 4, 0, 1, 6, -13 ],
[ -3, 10, -4, 2, -3, 0, 3, 0, 2, -1, 10, -15 ],
[ -3, 10, -4, 2, -2, 3, 2, -2, 1, 0, 7, -13 ],
[ -3, 10, -4, 2, -1, -2, 1, 5, -1, 1, 7, -14 ],
[ -3, 10, -4, 3, -2, 2, 1, -2, 2, 0, 7, -13 ],
[ -3, 10, -3, 0, 0, 0, 1, -1, 2, 1, 8, -14 ],
[ -3, 10, -3, 0, 1, -1, 0, 2, 0, -2, 12, -15 ],
[ -3, 10, -3, 1, 0, 1, 0, -1, 1, -1, 8, -12 ],
[ -3, 11, -4, -1, 2, 1, 0, -1, 1, 1, 5, -11 ],
[ -3, 11, -4, -1, 3, 0, -1, 0, 1, -2, 11, -14 ],
[ -3, 11, -4, 0, -1, 0, 2, 0, 1, 1, 7, -13 ],
[ -3, 11, -4, 1, -1, -1, 1, 2, 0, 1, 5, -11 ],
[ -3, 11, -4, 2, -2, 0, 1, 0, 1, -1, 12, -16 ],
[ -3, 12, -5, -1, 2, 0, 0, -1, 2, -2, 12, -15 ],
[ -3, 12, -5, 0, -1, -1, 2, 2, 0, -2, 12, -15 ],
[ -3, 12, -5, 0, 0, 0, 1, 0, 1, 1, 9, -15 ],
[ -3, 12, -5, 1, -2, 1, 2, -1, 1, -1, 8, -12 ],
[ -3, 12, -5, 2, -2, 0, 1, -1, 2, -1, 8, -12 ],
[ -2, 1, 6, 0, 0, -3, 0, 7, -2, -1, 9, -14 ],
[ -2, 1, 6, 0, 0, 0, 0, -2, 4, 0, 6, -12 ],
[ -2, 1, 6, 0, 0, 3, 0, -2, 1, 1, 6, -13 ],
[ -2, 2, 4, -2, 5, -1, -2, 2, 0, -1, 8, -12 ],
[ -2, 2, 4, -1, 2, 0, 0, -1, 2, -3, 14, -16 ],
[ -2, 2, 4, -1, 3, 1, -1, -1, 1, 0, 9, -14 ],
[ -2, 2, 4, 0, -3, 0, 6, -1, 2, 0, 7, -14 ],
[ -2, 2, 4, 0, -1, -1, 2, 2, 0, -3, 14, -16 ],
[ -2, 2, 4, 0, -1, 0, 2, -3, 6, 0, 7, -14 ],
[ -2, 2, 4, 0, -1, 0, 2, -1, 2, 0, 5, -10 ],
[ -2, 2, 4, 0, -1, 1, 2, -1, 1, 3, 5, -13 ],
[ -2, 2, 4, 0, 1, 0, 0, 0, 1, 0, 6, -11 ],
[ -2, 2, 4, 1, -1, 0, 1, -1, 2, 3, 5, -13 ],
[ -2, 2, 4, 1, 0, -1, 0, 2, 0, 0, 9, -14 ],
[ -2, 2, 4, 2, -1, 1, 0, -1, 1, 1, 5, -11 ],
[ -2, 3, 1, 3, 1, -1, -1, 2, 0, -2, 11, -14 ],
[ -2, 3, 1, 4, -1, 1, 0, -1, 1, -1, 12, -16 ],
[ -2, 3, 1, 5, -3, 0, 1, 0, 1, -1, 9, -13 ],
[ -2, 3, 2, -3, 7, 0, -2, -2, 4, -1, 9, -14 ],
[ -2, 3, 2, -2, 4, -1, 0, 1, 2, -1, 9, -14 ],
[ -2, 3, 2, -2, 5, 0, -1, -1, 3, 2, 6, -14 ],
[ -2, 3, 2, -2, 5, 2, -1, -1, 1, 0, 6, -12 ],
[ -2, 3, 2, -2, 6, -1, -2, 2, 1, -1, 10, -15 ],
[ -2, 3, 2, -1, 1, -2, 2, 4, 0, -1, 9, -14 ],
[ -2, 3, 2, -1, 2, 1, 1, 0, 1, 0, 8, -14 ],
[ -2, 3, 2, -1, 3, -2, 0, 5, -1, -1, 10, -15 ],
[ -2, 3, 2, -1, 5, 1, -2, -1, 2, 0, 6, -12 ],
[ -2, 3, 2, 0, -2, -3, 4, 7, -2, -1, 9, -14 ],
[ -2, 3, 2, 0, -2, 0, 4, -2, 4, 0, 6, -12 ],
[ -2, 3, 2, 0, -2, 3, 4, -2, 1, 1, 6, -13 ],
[ -2, 3, 2, 0, 0, -3, 0, 7, -2, -1, 7, -10 ],
[ -2, 3, 2, 0, 0, 0, 0, -2, 4, 0, 4, -8 ],
[ -2, 3, 2, 0, 0, 0, 2, -1, 3, 0, 7, -13 ],
[ -2, 3, 2, 0, 0, 3, 0, -2, 1, 1, 4, -9 ],
[ -2, 3, 2, 0, 2, 0, 0, 0, 2, 0, 8, -14 ],
[ -2, 3, 2, 0, 2, 0, 0, 2, 0, 0, 6, -12 ],
[ -2, 3, 2, 1, -2, 2, 3, -2, 2, 1, 6, -13 ],
[ -2, 3, 2, 1, -1, -1, 2, 3, 0, 0, 8, -14 ],
[ -2, 3, 2, 1, 0, 2, 1, -1, 1, 1, 7, -14 ],
[ -2, 3, 2, 1, 2, -1, -1, 2, 1, 0, 6, -12 ],
[ -2, 3, 2, 2, -2, 1, 2, -2, 3, 1, 6, -13 ],
[ -2, 3, 2, 2, -1, -2, 1, 5, -1, 0, 6, -12 ],
[ -2, 3, 2, 2, -1, 0, 1, -1, 3, -2, 12, -16 ],
[ -2, 3, 2, 2, 0, 1, 0, -1, 2, 1, 7, -14 ],
[ -2, 3, 2, 3, -2, 0, 1, -2, 4, 1, 6, -13 ],
[ -2, 3, 3, -1, 2, -1, 0, 2, 0, 2, 6, -13 ],
[ -2, 3, 3, 0, 0, 0, 1, -1, 2, 0, 7, -12 ],
[ -2, 3, 3, 0, 0, 0, 1, -1, 4, 0, 7, -14 ],
[ -2, 3, 3, 0, 0, 0, 1, 1, 0, 0, 5, -10 ],
[ -2, 3, 3, 0, 2, 0, -1, 0, 1, 0, 8, -13 ],
[ -2, 3, 3, 1, -1, 1, 1, -1, 1, -2, 12, -15 ],
[ -2, 3, 4, 0, 0, 0, 0, -1, 3, 0, 7, -13 ],
[ -2, 4, -1, -1, 8, 3, -3, -2, 1, -2, 11, -15 ],
[ -2, 4, -1, 1, 1, 7, 0, -4, 1, 0, 8, -14 ],
[ -2, 4, -1, 1, 4, 2, -1, -2, 2, 1, 7, -14 ],
[ -2, 4, -1, 2, -1, 3, 3, -2, 1, -1, 8, -13 ],
[ -2, 4, -1, 2, 0, 3, 0, 0, 1, -1, 9, -14 ],
[ -2, 4, -1, 2, 3, -2, -1, 4, 0, 0, 6, -12 ],
[ -2, 4, -1, 2, 3, 0, -1, -2, 4, -2, 12, -16 ],
[ -2, 4, -1, 2, 4, 1, -2, -2, 3, 1, 7, -14 ],
[ -2, 4, -1, 3, -2, -1, 1, 8, -3, -2, 11, -15 ],
[ -2, 4, -1, 3, -2, 2, 1, -1, 3, -1, 8, -13 ],
[ -2, 4, -1, 3, -2, 3, 1, -2, 1, -6, 21, -19 ],
[ -2, 4, -1, 3, -2, 5, 1, -1, 0, 0, 8, -14 ],
[ -2, 4, -1, 3, -1, 0, 2, 0, 2, 1, 6, -13 ],
[ -2, 4, -1, 3, 0, -3, 1, 7, -2, 0, 6, -12 ],
[ -2, 4, -1, 3, 0, -1, 1, 1, 2, -2, 12, -16 ],
[ -2, 4, -1, 3, 1, 0, 0, 1, 1, 1, 7, -14 ],
[ -2, 4, -1, 3, 1, 2, 0, -1, 1, -1, 9, -14 ],
[ -2, 4, -1, 4, -4, -1, 4, 3, 0, 1, 6, -13 ],
[ -2, 4, -1, 4, -4, 1, 4, -1, 2, -1, 10, -15 ],
[ -2, 4, -1, 4, 1, -1, -1, 1, 2, 1, 7, -14 ],
[ -2, 4, -1, 4, 1, 1, -1, -1, 2, -1, 9, -14 ],
[ -2, 4, -1, 5, -4, 0, 3, -1, 3, -1, 10, -15 ],
[ -2, 4, -1, 5, -2, -2, 1, 4, 0, 1, 7, -14 ],
[ -2, 4, -1, 5, -2, 0, 1, 2, 0, -1, 9, -14 ],
[ -2, 4, -1, 5, -1, 3, 0, -2, 1, 0, 8, -14 ],
[ -2, 4, -1, 6, -2, -1, 0, 2, 1, -1, 9, -14 ],
[ -2, 4, -1, 7, -4, 1, 1, 1, 0, 0, 8, -14 ],
[ -2, 4, 0, -5, 12, -1, -4, 2, 0, -2, 11, -14 ],
[ -2, 4, 0, -5, 13, 0, -5, 0, 1, 1, 8, -14 ],
[ -2, 4, 0, -4, 10, 1, -3, -1, 1, -1, 12, -16 ],
[ -2, 4, 0, -3, 6, 0, 0, -1, 2, -1, 8, -12 ],
[ -2, 4, 0, -3, 8, 0, -2, 0, 1, -1, 9, -13 ],
[ -2, 4, 0, -3, 10, 0, -4, -1, 2, -1, 12, -16 ],
[ -2, 4, 0, -2, 3, -1, 2, 2, 0, -1, 8, -12 ],
[ -2, 4, 0, -2, 4, 0, 1, 0, 1, 2, 5, -12 ],
[ -2, 4, 0, -2, 4, 2, 1, -2, 3, 0, 7, -14 ],
[ -2, 4, 0, -2, 7, -1, -2, 2, 0, -1, 12, -16 ],
[ -2, 4, 0, -1, 0, 0, 4, -1, 2, -3, 14, -16 ],
[ -2, 4, 0, -1, 1, 1, 3, -1, 1, 0, 9, -14 ],
[ -2, 4, 0, -1, 1, 1, 3, 1, 1, 0, 7, -14 ],
[ -2, 4, 0, -1, 2, -5, 0, 12, -4, -2, 11, -14 ],
[ -2, 4, 0, -1, 2, -2, 0, 3, 2, -1, 8, -12 ],
[ -2, 4, 0, -1, 2, -1, 0, 1, 1, 2, 10, -15 ],
[ -2, 4, 0, -1, 2, -1, 0, 2, 0, -6, 21, -18 ],
[ -2, 4, 0, -1, 2, -1, 0, 5, -1, 2, 6, -13 ],
[ -2, 4, 0, -1, 2, 0, 0, -3, 6, -3, 14, -16 ],
[ -2, 4, 0, -1, 2, 0, 0, -1, 2, -3, 12, -12 ],
[ -2, 4, 0, -1, 2, 0, 2, 0, 1, -3, 15, -17 ],
[ -2, 4, 0, -1, 2, 1, 0, -1, 1, 0, 12, -15 ],
[ -2, 4, 0, -1, 2, 1, 0, 1, 1, 0, 10, -15 ],
[ -2, 4, 0, -1, 2, 1, 0, 3, -1, 0, 8, -13 ],
[ -2, 4, 0, -1, 2, 3, 0, -1, 1, -2, 12, -15 ],
[ -2, 4, 0, -1, 3, -4, -1, 10, -3, 1, 8, -14 ],
[ -2, 4, 0, -1, 3, -2, -1, 6, -1, -1, 12, -16 ],
[ -2, 4, 0, -1, 3, -1, -1, 1, 3, 2, 5, -12 ],
[ -2, 4, 0, -1, 3, 0, -1, -1, 2, 5, 7, -15 ],
[ -2, 4, 0, -1, 3, 0, -1, 0, 1, -3, 18, -18 ],
[ -2, 4, 0, -1, 3, 0, -1, 4, -1, -3, 14, -16 ],
[ -2, 4, 0, -1, 3, 1, -1, -3, 5, 0, 9, -14 ],
[ -2, 4, 0, -1, 3, 1, -1, -1, 1, 0, 7, -10 ],
[ -2, 4, 0, -1, 3, 1, -1, -1, 3, 0, 7, -12 ],
[ -2, 4, 0, -1, 3, 1, -1, -1, 5, 0, 7, -14 ],
[ -2, 4, 0, -1, 3, 1, -1, 1, 1, 0, 5, -10 ],
[ -2, 4, 0, -1, 3, 2, -1, 1, 0, 3, 5, -13 ],
[ -2, 4, 0, -1, 3, 4, -1, -3, 2, 1, 9, -15 ],
[ -2, 4, 0, -1, 4, 1, 0, -2, 4, 0, 7, -14 ],
[ -2, 4, 0, -1, 6, 1, -2, -1, 1, 0, 8, -13 ],
[ -2, 4, 0, -1, 7, 0, -3, 0, 1, -3, 14, -16 ],
[ -2, 4, 0, 0, -5, 0, 10, -1, 2, 0, 7, -14 ],
[ -2, 4, 0, 0, -3, -1, 6, 2, 0, -3, 14, -16 ],
[ -2, 4, 0, 0, -3, 0, 6, -3, 6, 0, 7, -14 ],
[ -2, 4, 0, 0, -3, 0, 6, -1, 2, 0, 5, -10 ],
[ -2, 4, 0, 0, -3, 1, 6, -1, 1, 3, 5, -13 ],
[ -2, 4, 0, 0, -1, -4, 2, 10, -3, 4, 4, -13 ],
[ -2, 4, 0, 0, -1, -3, 2, 6, 0, -1, 8, -12 ],
[ -2, 4, 0, 0, -1, -1, 2, 0, 4, -3, 14, -16 ],
[ -2, 4, 0, 0, -1, -1, 2, 2, 0, -3, 12, -12 ],
[ -2, 4, 0, 0, -1, 0, 2, -5, 10, 0, 7, -14 ],
[ -2, 4, 0, 0, -1, 0, 2, -3, 6, 0, 5, -10 ],
[ -2, 4, 0, 0, -1, 0, 2, -1, 2, 0, 3, -6 ],
[ -2, 4, 0, 0, -1, 0, 2, 0, 1, 0, 14, -17 ],
[ -2, 4, 0, 0, -1, 0, 2, 4, -1, 0, 10, -15 ],
[ -2, 4, 0, 0, -1, 0, 2, 8, -3, 0, 6, -13 ],
[ -2, 4, 0, 0, -1, 0, 4, 0, 1, 0, 6, -11 ],
[ -2, 4, 0, 0, -1, 1, 2, -3, 5, 3, 5, -13 ],
[ -2, 4, 0, 0, -1, 1, 2, -1, 1, 3, 3, -9 ],
[ -2, 4, 0, 0, -1, 3, 2, -3, 3, 1, 5, -11 ],
[ -2, 4, 0, 0, -1, 4, 2, -2, 1, -4, 16, -17 ],
[ -2, 4, 0, 0, 0, -3, 1, 9, -3, -1, 12, -16 ],
[ -2, 4, 0, 0, 0, -2, 1, 4, 1, 2, 5, -12 ],
[ -2, 4, 0, 0, 0, -1, 1, 2, 0, 5, 7, -15 ],
[ -2, 4, 0, 0, 0, 0, 1, -2, 5, 0, 11, -16 ],
[ -2, 4, 0, 0, 0, 0, 1, 0, 1, 0, 9, -12 ],
[ -2, 4, 0, 0, 0, 0, 1, 0, 3, 0, 9, -14 ],
[ -2, 4, 0, 0, 0, 0, 1, 2, 1, 0, 7, -12 ],
[ -2, 4, 0, 0, 0, 0, 1, 2, 3, 0, 7, -14 ],
[ -2, 4, 0, 0, 0, 0, 1, 4, -1, 0, 5, -10 ],
[ -2, 4, 0, 0, 0, 1, 1, -1, 1, -5, 22, -20 ],
[ -2, 4, 0, 0, 0, 2, 1, -2, 3, -2, 11, -14 ],
[ -2, 4, 0, 0, 0, 3, 1, 0, 0, 1, 9, -15 ],
[ -2, 4, 0, 0, 1, -3, 0, 7, -1, -1, 9, -13 ],
[ -2, 4, 0, 0, 1, -1, 0, 1, 3, -3, 15, -17 ],
[ -2, 4, 0, 0, 1, 0, 0, -2, 5, 0, 6, -11 ],
[ -2, 4, 0, 0, 1, 0, 0, 0, 1, 0, 4, -7 ],
[ -2, 4, 0, 0, 1, 0, 2, -1, 2, 0, 9, -14 ],
[ -2, 4, 0, 0, 1, 0, 2, 1, 2, 0, 7, -14 ],
[ -2, 4, 0, 0, 1, 1, 0, -2, 4, 3, 6, -14 ],
[ -2, 4, 0, 0, 1, 3, 0, -2, 2, 1, 6, -12 ],
[ -2, 4, 0, 0, 3, 0, 0, 0, 1, 0, 10, -15 ],
[ -2, 4, 0, 0, 4, 0, -1, -2, 5, 0, 7, -14 ],
[ -2, 4, 0, 0, 4, 0, -1, 0, 1, 0, 5, -10 ],
[ -2, 4, 0, 1, -3, 0, 5, -1, 2, 3, 5, -13 ],
[ -2, 4, 0, 1, -2, -1, 4, 2, 0, 0, 9, -14 ],
[ -2, 4, 0, 1, -2, -1, 4, 4, 0, 0, 7, -14 ],
[ -2, 4, 0, 1, -2, 0, 2, 0, 1, -5, 19, -17 ],
[ -2, 4, 0, 1, -1, -3, 1, 8, -2, 2, 6, -13 ],
[ -2, 4, 0, 1, -1, -1, 1, 2, 0, 0, 12, -15 ],
[ -2, 4, 0, 1, -1, -1, 1, 4, 0, 0, 10, -15 ],
[ -2, 4, 0, 1, -1, -1, 1, 6, -2, 0, 8, -13 ],
[ -2, 4, 0, 1, -1, 0, 1, -3, 6, 3, 5, -13 ],
[ -2, 4, 0, 1, -1, 0, 1, -1, 2, 3, 3, -9 ],
[ -2, 4, 0, 1, -1, 0, 3, 0, 1, 3, 6, -14 ],
[ -2, 4, 0, 1, -1, 1, 1, -2, 2, -2, 16, -17 ],
[ -2, 4, 0, 1, -1, 1, 1, -1, 1, 6, 3, -12 ],
[ -2, 4, 0, 1, -1, 1, 1, 2, 0, -2, 12, -15 ],
[ -2, 4, 0, 1, -1, 2, 1, -3, 4, 1, 5, -11 ],
[ -2, 4, 0, 1, -1, 5, 1, -3, 1, 2, 5, -12 ],
[ -2, 4, 0, 1, 0, -4, 0, 9, -2, -1, 12, -16 ],
[ -2, 4, 0, 1, 0, -2, 0, 7, -2, -3, 14, -16 ],
[ -2, 4, 0, 1, 0, -1, 0, 0, 4, 0, 9, -14 ],
[ -2, 4, 0, 1, 0, -1, 0, 2, 0, 0, 7, -10 ],
[ -2, 4, 0, 1, 0, -1, 0, 2, 2, 0, 7, -12 ],
[ -2, 4, 0, 1, 0, -1, 0, 2, 4, 0, 7, -14 ],
[ -2, 4, 0, 1, 0, -1, 0, 4, 0, 0, 5, -10 ],
[ -2, 4, 0, 1, 0, 0, 0, -1, 2, -5, 22, -20 ],
[ -2, 4, 0, 1, 0, 0, 0, 0, 1, 3, 9, -15 ],
[ -2, 4, 0, 1, 0, 0, 0, 4, -1, 3, 5, -13 ],
[ -2, 4, 0, 1, 0, 1, 0, -2, 4, -2, 11, -14 ],
[ -2, 4, 0, 1, 0, 2, 0, 0, 1, 1, 9, -15 ],
[ -2, 4, 0, 1, 0, 4, 0, -2, 1, -1, 11, -15 ],
[ -2, 4, 0, 1, 1, -1, 1, 1, 3, 0, 7, -14 ],
[ -2, 4, 0, 1, 3, -1, -1, 2, 0, 0, 8, -13 ],
[ -2, 4, 0, 1, 4, 0, -2, 0, 1, 3, 5, -13 ],
[ -2, 4, 0, 2, -3, 1, 4, -1, 1, 1, 5, -11 ],
[ -2, 4, 0, 2, -2, -2, 3, 4, 1, 0, 7, -14 ],
[ -2, 4, 0, 2, -2, 0, 3, 0, 1, -2, 11, -14 ],
[ -2, 4, 0, 2, 1, 1, 0, -1, 1, 1, 9, -15 ],
[ -2, 4, 0, 3, -3, 0, 3, -1, 2, 1, 5, -11 ],
[ -2, 4, 0, 3, -1, 0, 1, 0, 1, 1, 6, -12 ],
[ -2, 4, 0, 3, 1, 0, -1, -1, 2, 1, 9, -15 ],
[ -2, 4, 0, 4, -2, -1, 1, 2, 0, 1, 9, -15 ],
[ -2, 4, 0, 5, -3, 1, 1, -1, 1, 2, 5, -12 ],
[ -2, 4, 0, 5, -2, 0, 0, 0, 1, -1, 11, -15 ],
[ -2, 4, 1, -3, 8, 0, -3, 0, 2, -1, 9, -14 ],
[ -2, 4, 1, -2, 4, 2, 0, -2, 2, 0, 7, -13 ],
[ -2, 4, 1, -2, 5, -1, -1, 3, 0, -1, 9, -14 ],
[ -2, 4, 1, -2, 6, 2, -2, -1, 1, 0, 8, -14 ],
[ -2, 4, 1, -1, 1, 1, 2, 1, 0, 0, 7, -13 ],
[ -2, 4, 1, -1, 4, 1, -1, -2, 3, 0, 7, -13 ],
[ -2, 4, 1, 0, -1, 0, 3, -2, 4, 0, 8, -14 ],
[ -2, 4, 1, 0, -1, 0, 3, 0, 2, 0, 6, -12 ],
[ -2, 4, 1, 0, 1, 0, 1, -1, 3, 0, 9, -15 ],
[ -2, 4, 1, 0, 1, 0, 1, 1, 1, 0, 7, -13 ],
[ -2, 4, 1, 0, 3, 0, -1, 2, 0, 0, 8, -14 ],
[ -2, 4, 1, 1, -2, -1, 3, 4, -1, 0, 7, -13 ],
[ -2, 4, 1, 1, 1, -1, 0, 1, 2, 0, 7, -13 ],
[ -2, 4, 1, 2, -2, -2, 2, 4, 0, 0, 7, -13 ],
[ -2, 4, 1, 2, -1, 1, 1, 0, 1, 1, 6, -13 ],
[ -2, 4, 1, 2, 0, -2, 0, 5, -1, 0, 8, -14 ],
[ -2, 4, 1, 3, -1, 0, 0, 0, 2, 1, 6, -13 ],
[ -2, 4, 2, -1, 2, 0, 0, 0, 1, -3, 15, -17 ],
[ -2, 4, 2, 0, -1, 0, 2, 0, 1, 0, 6, -11 ],
[ -2, 4, 2, 0, 1, 0, 0, -1, 2, 0, 9, -14 ],
[ -2, 4, 2, 1, -1, 0, 1, 0, 1, 3, 6, -14 ],
[ -2, 5, -2, -7, 17, -1, -6, 1, 2, 0, 6, -12 ],
[ -2, 5, -2, -6, 14, -2, -4, 4, 0, 0, 6, -12 ],
[ -2, 5, -2, -6, 14, 0, -4, -2, 4, -2, 12, -16 ],
[ -2, 5, -2, -6, 15, 1, -5, -2, 3, 1, 7, -14 ],
[ -2, 5, -2, -6, 16, -2, -6, 5, -1, 0, 7, -13 ],
[ -2, 5, -2, -5, 11, -3, -2, 7, -2, 0, 6, -12 ],
[ -2, 5, -2, -5, 11, -1, -2, 1, 2, -2, 12, -16 ],
[ -2, 5, -2, -5, 12, 0, -3, 1, 1, 1, 7, -14 ],
[ -2, 5, -2, -5, 12, 2, -3, -1, 1, -1, 9, -14 ],
[ -2, 5, -2, -4, 12, -1, -4, 1, 2, 1, 7, -14 ],
[ -2, 5, -2, -4, 12, 1, -4, -1, 2, -1, 9, -14 ],
[ -2, 5, -2, -3, 5, 0, 2, -2, 4, -1, 9, -14 ],
[ -2, 5, -2, -3, 7, -5, -2, 11, -2, 0, 6, -12 ],
[ -2, 5, -2, -3, 7, -3, -2, 5, 2, -2, 12, -16 ],
[ -2, 5, -2, -3, 7, -3, -2, 7, -2, -2, 10, -12 ],
[ -2, 5, -2, -3, 7, -1, -2, 0, 3, 4, 5, -13 ],
[ -2, 5, -2, -3, 7, -1, -2, 1, 2, -4, 16, -16 ],
[ -2, 5, -2, -3, 7, 0, -2, -4, 8, -1, 9, -14 ],
[ -2, 5, -2, -3, 7, 0, -2, -2, 4, -1, 7, -10 ],
[ -2, 5, -2, -3, 7, 0, 0, -1, 3, -1, 10, -15 ],
[ -2, 5, -2, -3, 7, 1, -2, -2, 3, 2, 7, -13 ],
[ -2, 5, -2, -3, 7, 1, -2, 0, 1, 2, 5, -11 ],
[ -2, 5, -2, -3, 7, 3, -2, -4, 5, 0, 9, -15 ],
[ -2, 5, -2, -3, 7, 3, -2, -2, 1, 0, 7, -11 ],
[ -2, 5, -2, -3, 7, 3, -2, -2, 3, 0, 7, -13 ],
[ -2, 5, -2, -3, 9, -2, -2, 4, 0, 1, 7, -14 ],
[ -2, 5, -2, -3, 9, 0, -2, 2, 0, -1, 9, -14 ],
[ -2, 5, -2, -2, 2, -1, 4, 1, 2, -1, 9, -14 ],
[ -2, 5, -2, -2, 3, 0, 3, -1, 3, 2, 6, -14 ],
[ -2, 5, -2, -2, 3, 2, 3, -1, 1, 0, 6, -12 ],
[ -2, 5, -2, -2, 4, -6, 0, 14, -4, 0, 6, -12 ],
[ -2, 5, -2, -2, 4, -4, 0, 8, 0, -2, 12, -16 ],
[ -2, 5, -2, -2, 4, -2, 0, 3, 1, 4, 5, -13 ],
[ -2, 5, -2, -2, 4, -2, 0, 4, 0, -4, 16, -16 ],
[ -2, 5, -2, -2, 4, -1, 0, -1, 6, -1, 9, -14 ],
[ -2, 5, -2, -2, 4, -1, 0, 1, 2, -1, 7, -10 ],
[ -2, 5, -2, -2, 4, -1, 2, 2, 1, -1, 10, -15 ],
[ -2, 5, -2, -2, 4, 0, 0, -2, 4, -6, 22, -20 ],
[ -2, 5, -2, -2, 4, 0, 0, -1, 3, 2, 9, -15 ],
[ -2, 5, -2, -2, 4, 0, 0, 1, 1, 2, 7, -13 ],
[ -2, 5, -2, -2, 4, 2, 0, -1, 1, 0, 9, -13 ],
[ -2, 5, -2, -2, 4, 2, 0, -1, 3, 0, 9, -15 ],
[ -2, 5, -2, -2, 4, 2, 0, 1, 1, 0, 7, -13 ],
[ -2, 5, -2, -2, 4, 4, 0, -3, 3, -2, 11, -15 ],
[ -2, 5, -2, -2, 5, -3, -1, 8, -1, 1, 7, -14 ],
[ -2, 5, -2, -2, 5, -3, -1, 10, -3, 1, 5, -12 ],
[ -2, 5, -2, -2, 5, -1, -1, 2, 1, -1, 13, -16 ],
[ -2, 5, -2, -2, 5, -1, -1, 4, -1, -1, 11, -14 ],
[ -2, 5, -2, -2, 5, -1, -1, 6, -1, -1, 9, -14 ],
[ -2, 5, -2, -2, 5, 0, -1, -3, 7, 2, 6, -14 ],
[ -2, 5, -2, -2, 5, 0, -1, -1, 3, 2, 4, -10 ],
[ -2, 5, -2, -2, 5, 1, -1, -2, 3, -3, 17, -18 ],
[ -2, 5, -2, -2, 5, 1, -1, -1, 2, 5, 4, -13 ],
[ -2, 5, -2, -2, 5, 1, -1, 0, 1, -3, 15, -16 ],
[ -2, 5, -2, -2, 5, 2, -1, -3, 5, 0, 6, -12 ],
[ -2, 5, -2, -2, 5, 2, -1, -1, 1, 0, 4, -8 ],
[ -2, 5, -2, -2, 5, 5, -1, -3, 2, 1, 6, -13 ],
[ -2, 5, -2, -2, 6, -6, -2, 15, -5, 0, 7, -13 ],
[ -2, 5, -2, -2, 6, -2, -2, 4, 0, 4, 6, -14 ],
[ -2, 5, -2, -2, 6, -2, -2, 5, -1, -4, 17, -17 ],
[ -2, 5, -2, -2, 6, -1, -2, 0, 5, -1, 10, -15 ],
[ -2, 5, -2, -2, 6, -1, -2, 2, 1, -1, 8, -11 ],
[ -2, 5, -2, -2, 6, 0, -2, 2, 0, 2, 8, -14 ],
[ -2, 5, -2, -2, 6, 2, -2, -2, 2, 0, 12, -16 ],
[ -2, 5, -2, -2, 6, 2, -2, 2, 0, 0, 8, -14 ],
[ -2, 5, -2, -2, 9, -1, -3, 2, 1, -1, 9, -14 ],
[ -2, 5, -2, -2, 10, 2, -4, -2, 2, 0, 8, -14 ],
[ -2, 5, -2, -1, -1, -2, 6, 4, 0, -1, 9, -14 ],
[ -2, 5, -2, -1, 0, -1, 5, 2, 1, 2, 6, -14 ],
[ -2, 5, -2, -1, 0, 1, 5, 0, 1, 0, 8, -14 ],
[ -2, 5, -2, -1, 1, -7, 2, 17, -6, 0, 6, -12 ],
[ -2, 5, -2, -1, 1, -5, 2, 11, -2, -2, 12, -16 ],
[ -2, 5, -2, -1, 1, -3, 2, 6, -1, 4, 5, -13 ],
[ -2, 5, -2, -1, 1, -3, 2, 7, -2, -4, 16, -16 ],
[ -2, 5, -2, -1, 1, -2, 2, 2, 4, -1, 9, -14 ],
[ -2, 5, -2, -1, 1, -2, 2, 4, 0, -1, 7, -10 ],
[ -2, 5, -2, -1, 1, -2, 4, 5, -1, -1, 10, -15 ],
[ -2, 5, -2, -1, 1, -1, 2, 1, 2, -6, 22, -20 ],
[ -2, 5, -2, -1, 1, -1, 2, 2, 1, 2, 9, -15 ],
[ -2, 5, -2, -1, 1, -1, 2, 4, -1, 2, 7, -13 ],
[ -2, 5, -2, -1, 1, 0, 2, -2, 4, -3, 13, -14 ],
[ -2, 5, -2, -1, 1, 1, 2, -2, 3, 0, 13, -17 ],
[ -2, 5, -2, -1, 1, 1, 2, 0, 1, 0, 11, -15 ],
[ -2, 5, -2, -1, 1, 1, 2, 2, 1, 0, 9, -15 ],
[ -2, 5, -2, -1, 1, 1, 2, 4, -1, 0, 7, -13 ],
[ -2, 5, -2, -1, 1, 3, 2, -2, 1, -2, 13, -15 ],
[ -2, 5, -2, -1, 1, 3, 2, 0, 1, -2, 11, -15 ],
[ -2, 5, -2, -1, 2, -4, 1, 11, -3, 1, 7, -14 ],
[ -2, 5, -2, -1, 2, -2, 1, 5, -1, -1, 13, -16 ],
[ -2, 5, -2, -1, 2, -2, 1, 9, -3, -1, 9, -14 ],
[ -2, 5, -2, -1, 2, -1, 1, 0, 5, 2, 6, -14 ],
[ -2, 5, -2, -1, 2, -1, 1, 2, 1, 2, 4, -10 ],
[ -2, 5, -2, -1, 2, 0, 1, 1, 1, -3, 17, -18 ],
[ -2, 5, -2, -1, 2, 0, 1, 2, 0, 5, 4, -13 ],
[ -2, 5, -2, -1, 2, 1, 1, -2, 3, 0, 8, -12 ],
[ -2, 5, -2, -1, 2, 1, 1, -2, 5, 0, 8, -14 ],
[ -2, 5, -2, -1, 2, 1, 1, 0, 1, 0, 6, -10 ],
[ -2, 5, -2, -1, 2, 1, 1, 0, 3, 0, 6, -12 ],
[ -2, 5, -2, -1, 2, 2, 1, -2, 2, 3, 8, -15 ],
[ -2, 5, -2, -1, 2, 2, 1, -1, 1, -5, 19, -18 ],
[ -2, 5, -2, -1, 2, 4, 1, 0, 0, 1, 6, -13 ],
[ -2, 5, -2, -1, 2, 6, 1, -4, 2, -1, 10, -15 ],
[ -2, 5, -2, -1, 3, -2, 0, 3, 3, -1, 10, -15 ],
[ -2, 5, -2, -1, 3, -2, 0, 5, -1, -1, 8, -11 ],
[ -2, 5, -2, -1, 3, 0, 0, -1, 3, -3, 14, -15 ],
[ -2, 5, -2, -1, 3, 1, 2, -1, 2, 0, 6, -12 ],
[ -2, 5, -2, -1, 4, -1, -1, 1, 2, 2, 7, -13 ],
[ -2, 5, -2, -1, 4, -1, -1, 3, 0, 2, 5, -11 ],
[ -2, 5, -2, -1, 4, 1, -1, -1, 2, 0, 9, -13 ],
[ -2, 5, -2, -1, 4, 1, -1, -1, 4, 0, 9, -15 ],
[ -2, 5, -2, -1, 4, 1, -1, 1, 0, 0, 7, -11 ],
[ -2, 5, -2, -1, 4, 1, -1, 1, 2, 0, 7, -13 ],
[ -2, 5, -2, -1, 5, 1, -2, -1, 2, 0, 4, -8 ],
[ -2, 5, -2, -1, 5, 1, 0, -2, 3, 0, 9, -15 ],
[ -2, 5, -2, -1, 5, 1, 0, 0, 1, 0, 7, -13 ],
[ -2, 5, -2, -1, 6, -2, -1, 5, -1, -1, 9, -14 ],
[ -2, 5, -2, 0, -4, -3, 8, 7, -2, -1, 9, -14 ],
[ -2, 5, -2, 0, -4, 0, 8, -2, 4, 0, 6, -12 ],
[ -2, 5, -2, 0, -4, 3, 8, -2, 1, 1, 6, -13 ],
[ -2, 5, -2, 0, -3, -2, 7, 5, -1, 2, 6, -14 ],
[ -2, 5, -2, 0, -3, 2, 7, -1, 1, -2, 12, -16 ],
[ -2, 5, -2, 0, -2, -3, 4, 5, 2, -1, 9, -14 ],
[ -2, 5, -2, 0, -2, -3, 4, 7, -2, -1, 7, -10 ],
[ -2, 5, -2, 0, -2, -2, 4, 5, -1, 2, 9, -15 ],
[ -2, 5, -2, 0, -2, -2, 4, 9, -3, 2, 5, -13 ],
[ -2, 5, -2, 0, -2, -1, 4, 1, 2, -3, 13, -14 ],
[ -2, 5, -2, 0, -2, 0, 4, -4, 8, 0, 6, -12 ],
[ -2, 5, -2, 0, -2, 0, 4, -2, 4, 0, 4, -8 ],
[ -2, 5, -2, 0, -2, 0, 6, -1, 3, 0, 7, -13 ],
[ -2, 5, -2, 0, -2, 1, 4, -2, 3, 3, 4, -11 ],
[ -2, 5, -2, 0, -2, 2, 4, -1, 1, -2, 15, -17 ],
[ -2, 5, -2, 0, -2, 2, 4, 3, -1, -2, 11, -15 ],
[ -2, 5, -2, 0, -2, 3, 4, -4, 5, 1, 6, -13 ],
[ -2, 5, -2, 0, -2, 3, 4, -2, 1, 1, 4, -9 ],
[ -2, 5, -2, 0, -1, -2, 3, 3, 3, 2, 6, -14 ],
[ -2, 5, -2, 0, -1, -2, 3, 5, -1, 2, 4, -10 ],
[ -2, 5, -2, 0, -1, 0, 3, -1, 3, 0, 10, -14 ],
[ -2, 5, -2, 0, -1, 0, 3, 1, 1, 0, 8, -12 ],
[ -2, 5, -2, 0, -1, 0, 3, 1, 3, 0, 8, -14 ],
[ -2, 5, -2, 0, -1, 0, 3, 3, 1, 0, 6, -12 ],
[ -2, 5, -2, 0, -1, 2, 3, -3, 5, -2, 12, -16 ],
[ -2, 5, -2, 0, -1, 2, 3, -1, 1, -2, 10, -12 ],
[ -2, 5, -2, 0, 0, -3, 2, 6, 1, -1, 10, -15 ],
[ -2, 5, -2, 0, 0, -1, 2, 2, 1, -3, 14, -15 ],
[ -2, 5, -2, 0, 0, 0, 0, 0, 0, 0, 0, 0 ],
[ -2, 5, -2, 0, 0, 0, 2, -3, 7, 0, 7, -13 ],
[ -2, 5, -2, 0, 0, 0, 2, -1, 3, 0, 5, -9 ],
[ -2, 5, -2, 0, 0, 0, 4, 0, 2, 0, 8, -14 ],
[ -2, 5, -2, 0, 0, 0, 4, 2, 0, 0, 6, -12 ],
[ -2, 5, -2, 0, 0, 1, 2, -1, 2, 3, 5, -12 ],
[ -2, 5, -2, 0, 0, 3, 2, -3, 4, 1, 7, -14 ],
[ -2, 5, -2, 0, 1, -2, 1, 4, 0, 2, 7, -13 ],
[ -2, 5, -2, 0, 1, 0, 1, -2, 4, 0, 13, -17 ],
[ -2, 5, -2, 0, 1, 0, 1, 0, 2, 0, 11, -15 ],
[ -2, 5, -2, 0, 1, 0, 1, 2, 0, 0, 9, -13 ],
[ -2, 5, -2, 0, 1, 0, 1, 2, 2, 0, 9, -15 ],
[ -2, 5, -2, 0, 1, 0, 1, 4, 0, 0, 7, -13 ],
[ -2, 5, -2, 0, 1, 2, 1, -2, 2, -2, 13, -15 ],
[ -2, 5, -2, 0, 2, -5, 0, 11, -2, 1, 7, -14 ],
[ -2, 5, -2, 0, 2, -5, 0, 13, -4, 1, 5, -12 ],
[ -2, 5, -2, 0, 2, -3, 0, 7, -2, -1, 11, -14 ],
[ -2, 5, -2, 0, 2, -3, 0, 9, -2, -1, 9, -14 ],
[ -2, 5, -2, 0, 2, -1, 0, 1, 2, -3, 17, -18 ],
[ -2, 5, -2, 0, 2, -1, 0, 2, 1, 5, 4, -13 ],
[ -2, 5, -2, 0, 2, -1, 0, 3, 0, -3, 15, -16 ],
[ -2, 5, -2, 0, 2, 0, 0, -2, 4, 0, 8, -12 ],
[ -2, 5, -2, 0, 2, 0, 0, -2, 6, 0, 8, -14 ],
[ -2, 5, -2, 0, 2, 0, 0, 0, 2, 0, 6, -10 ],
[ -2, 5, -2, 0, 2, 0, 0, 0, 4, 0, 6, -12 ],
[ -2, 5, -2, 0, 2, 0, 0, 2, 0, 0, 4, -8 ],
[ -2, 5, -2, 0, 2, 1, 0, -2, 3, 3, 8, -15 ],
[ -2, 5, -2, 0, 2, 1, 0, -1, 2, -5, 19, -18 ],
[ -2, 5, -2, 0, 2, 1, 0, 0, 1, 3, 6, -13 ],
[ -2, 5, -2, 0, 2, 3, 0, -2, 1, 1, 8, -13 ],
[ -2, 5, -2, 0, 2, 3, 0, 0, 1, 1, 6, -13 ],
[ -2, 5, -2, 0, 2, 5, 0, -4, 3, -1, 10, -15 ],
[ -2, 5, -2, 0, 2, 5, 0, -2, 1, -1, 8, -13 ],
[ -2, 5, -2, 0, 3, -2, -1, 5, -1, 2, 8, -14 ],
[ -2, 5, -2, 0, 3, 0, -1, 1, 1, 0, 12, -16 ],
[ -2, 5, -2, 0, 3, 0, -1, 5, -1, 0, 8, -14 ],
[ -2, 5, -2, 0, 3, 0, 1, -1, 3, 0, 6, -12 ],
[ -2, 5, -2, 0, 3, 2, -1, -1, 1, -2, 14, -16 ],
[ -2, 5, -2, 0, 5, 0, -1, -2, 4, 0, 9, -15 ],
[ -2, 5, -2, 0, 5, 0, -1, 0, 2, 0, 7, -13 ],
[ -2, 5, -2, 0, 7, 0, -3, 1, 1, 0, 8, -14 ],
[ -2, 5, -2, 1, -4, 2, 7, -2, 2, 1, 6, -13 ],
[ -2, 5, -2, 1, -3, -1, 6, 3, 0, 0, 8, -14 ],
[ -2, 5, -2, 1, -3, 0, 4, -1, 3, -5, 20, -19 ],
[ -2, 5, -2, 1, -3, 1, 6, -1, 2, -2, 12, -16 ],
[ -2, 5, -2, 1, -2, -3, 3, 7, -2, 2, 7, -13 ],
[ -2, 5, -2, 1, -2, -3, 3, 9, -2, 2, 5, -13 ],
[ -2, 5, -2, 1, -2, -1, 3, 1, 2, 0, 13, -17 ],
[ -2, 5, -2, 1, -2, -1, 3, 3, 0, 0, 11, -15 ],
[ -2, 5, -2, 1, -2, -1, 3, 5, 0, 0, 9, -15 ],
[ -2, 5, -2, 1, -2, -1, 3, 7, -2, 0, 7, -13 ],
[ -2, 5, -2, 1, -2, 0, 3, -2, 4, 3, 4, -11 ],
[ -2, 5, -2, 1, -2, 1, 3, -2, 3, 6, 4, -14 ],
[ -2, 5, -2, 1, -2, 1, 3, -1, 2, -2, 15, -17 ],
[ -2, 5, -2, 1, -2, 1, 3, 1, 0, -2, 13, -15 ],
[ -2, 5, -2, 1, -2, 2, 3, -4, 6, 1, 6, -13 ],
[ -2, 5, -2, 1, -2, 2, 3, -2, 2, 1, 4, -9 ],
[ -2, 5, -2, 1, -2, 2, 5, -1, 1, 1, 7, -14 ],
[ -2, 5, -2, 1, -2, 3, 3, -3, 2, -4, 17, -17 ],
[ -2, 5, -2, 1, -2, 3, 3, -2, 1, 4, 4, -12 ],
[ -2, 5, -2, 1, -2, 5, 3, -4, 3, 2, 6, -14 ],
[ -2, 5, -2, 1, -2, 7, 3, -4, 1, 0, 6, -12 ],
[ -2, 5, -2, 1, -1, -6, 2, 14, -4, 1, 7, -14 ],
[ -2, 5, -2, 1, -1, -4, 2, 12, -4, -1, 9, -14 ],
[ -2, 5, -2, 1, -1, -2, 2, 4, 0, -3, 17, -18 ],
[ -2, 5, -2, 1, -1, -2, 2, 5, -1, 5, 4, -13 ],
[ -2, 5, -2, 1, -1, -1, 2, 1, 2, 0, 8, -12 ],
[ -2, 5, -2, 1, -1, -1, 2, 1, 4, 0, 8, -14 ],
[ -2, 5, -2, 1, -1, -1, 2, 3, 0, 0, 6, -10 ],
[ -2, 5, -2, 1, -1, -1, 2, 3, 2, 0, 6, -12 ],
[ -2, 5, -2, 1, -1, 0, 2, 1, 1, 3, 8, -15 ],
[ -2, 5, -2, 1, -1, 0, 2, 2, 0, -5, 19, -18 ],
[ -2, 5, -2, 1, -1, 1, 2, -3, 6, -2, 12, -16 ],
[ -2, 5, -2, 1, -1, 1, 2, -1, 2, -2, 10, -12 ],
[ -2, 5, -2, 1, -1, 2, 2, -1, 1, 1, 10, -15 ],
[ -2, 5, -2, 1, -1, 2, 2, 3, -1, 1, 6, -13 ],
[ -2, 5, -2, 1, -1, 4, 2, -1, 1, -1, 10, -15 ],
[ -2, 5, -2, 1, 0, -1, 3, 2, 1, 0, 6, -12 ],
[ -2, 5, -2, 1, 0, 0, 1, -1, 3, 3, 5, -12 ],
[ -2, 5, -2, 1, 0, 2, 1, -3, 5, 1, 7, -14 ],
[ -2, 5, -2, 1, 0, 2, 1, -1, 1, 1, 5, -10 ],
[ -2, 5, -2, 1, 1, -1, 0, 2, 1, 0, 9, -13 ],
[ -2, 5, -2, 1, 1, -1, 0, 2, 3, 0, 9, -15 ],
[ -2, 5, -2, 1, 1, -1, 0, 4, -1, 0, 7, -11 ],
[ -2, 5, -2, 1, 1, -1, 0, 4, 1, 0, 7, -13 ],
[ -2, 5, -2, 1, 1, 1, 0, -2, 3, -2, 13, -15 ],
[ -2, 5, -2, 1, 1, 1, 0, 0, 1, -2, 11, -13 ],
[ -2, 5, -2, 1, 2, -1, -1, 2, 1, 0, 4, -8 ],
[ -2, 5, -2, 1, 2, -1, 1, 1, 2, 0, 9, -15 ],
[ -2, 5, -2, 1, 2, -1, 1, 3, 0, 0, 7, -13 ],
[ -2, 5, -2, 1, 3, 2, 0, -1, 1, 1, 6, -13 ],
[ -2, 5, -2, 2, -4, 1, 6, -2, 3, 1, 6, -13 ],
[ -2, 5, -2, 2, -3, -2, 5, 5, -1, 0, 6, -12 ],
[ -2, 5, -2, 2, -3, 0, 5, -1, 3, -2, 12, -16 ],
[ -2, 5, -2, 2, -2, -4, 2, 9, -1, 2, 5, -13 ],
[ -2, 5, -2, 2, -2, -2, 2, 5, -1, 0, 9, -13 ],
[ -2, 5, -2, 2, -2, -2, 2, 5, 1, 0, 9, -15 ],
[ -2, 5, -2, 2, -2, -2, 2, 7, -1, 0, 7, -13 ],
[ -2, 5, -2, 2, -2, 0, 2, -2, 4, 6, 4, -14 ],
[ -2, 5, -2, 2, -2, 0, 2, -1, 3, -2, 15, -17 ],
[ -2, 5, -2, 2, -2, 0, 2, 1, 1, -2, 13, -15 ],
[ -2, 5, -2, 2, -2, 1, 2, -4, 7, 1, 6, -13 ],
[ -2, 5, -2, 2, -2, 1, 2, -2, 3, 1, 4, -9 ],
[ -2, 5, -2, 2, -2, 1, 4, -1, 2, 1, 7, -14 ],
[ -2, 5, -2, 2, -2, 2, 2, -3, 3, -4, 17, -17 ],
[ -2, 5, -2, 2, -2, 2, 2, -2, 2, 4, 4, -12 ],
[ -2, 5, -2, 2, -2, 4, 2, -4, 4, 2, 6, -14 ],
[ -2, 5, -2, 2, -2, 6, 2, -4, 2, 0, 6, -12 ],
[ -2, 5, -2, 2, -1, -5, 1, 12, -3, -1, 9, -14 ],
[ -2, 5, -2, 2, -1, -2, 1, 3, 3, 0, 6, -12 ],
[ -2, 5, -2, 2, -1, -2, 1, 5, -1, 0, 4, -8 ],
[ -2, 5, -2, 2, -1, -1, 1, 1, 2, 3, 8, -15 ],
[ -2, 5, -2, 2, -1, -1, 1, 2, 1, -5, 19, -18 ],
[ -2, 5, -2, 2, -1, -1, 1, 3, 0, 3, 6, -13 ],
[ -2, 5, -2, 2, -1, 0, 1, -3, 7, -2, 12, -16 ],
[ -2, 5, -2, 2, -1, 0, 1, -1, 3, -2, 10, -12 ],
[ -2, 5, -2, 2, -1, 1, 1, -1, 2, 1, 10, -15 ],
[ -2, 5, -2, 2, -1, 1, 1, 1, 0, 1, 8, -13 ],
[ -2, 5, -2, 2, -1, 1, 1, 3, 0, 1, 6, -13 ],
[ -2, 5, -2, 2, -1, 3, 1, -1, 2, -1, 10, -15 ],
[ -2, 5, -2, 2, -1, 3, 1, 1, 0, -1, 8, -13 ],
[ -2, 5, -2, 2, 0, -2, 0, 4, 0, 0, 12, -16 ],
[ -2, 5, -2, 2, 0, -2, 0, 8, -2, 0, 8, -14 ],
[ -2, 5, -2, 2, 0, 0, 0, 2, 0, -2, 14, -16 ],
[ -2, 5, -2, 2, 0, 1, 0, -3, 6, 1, 7, -14 ],
[ -2, 5, -2, 2, 0, 1, 0, -1, 2, 1, 5, -10 ],
[ -2, 5, -2, 2, 0, 2, 0, -2, 2, -4, 18, -18 ],
[ -2, 5, -2, 2, 0, 2, 0, -1, 1, 4, 5, -13 ],
[ -2, 5, -2, 2, 0, 6, 0, -3, 1, 0, 7, -13 ],
[ -2, 5, -2, 2, 3, 1, -1, -1, 2, 1, 6, -13 ],
[ -2, 5, -2, 2, 4, -2, -2, 4, 0, 0, 8, -14 ],
[ -2, 5, -2, 3, -4, 0, 5, -2, 4, 1, 6, -13 ],
[ -2, 5, -2, 3, -2, -3, 1, 5, 2, 0, 9, -15 ],
[ -2, 5, -2, 3, -2, -3, 1, 7, -2, 0, 7, -11 ],
[ -2, 5, -2, 3, -2, -3, 1, 7, 0, 0, 7, -13 ],
[ -2, 5, -2, 3, -2, -1, 1, 1, 2, -2, 13, -15 ],
[ -2, 5, -2, 3, -2, -1, 1, 3, 0, -2, 11, -13 ],
[ -2, 5, -2, 3, -2, 0, 1, -4, 8, 1, 6, -13 ],
[ -2, 5, -2, 3, -2, 0, 1, -2, 4, 1, 4, -9 ],
[ -2, 5, -2, 3, -2, 0, 3, -1, 3, 1, 7, -14 ],
[ -2, 5, -2, 3, -2, 1, 1, -3, 4, -4, 17, -17 ],
[ -2, 5, -2, 3, -2, 1, 1, -2, 3, 4, 4, -12 ],
[ -2, 5, -2, 3, -2, 3, 1, -4, 5, 2, 6, -14 ],
[ -2, 5, -2, 3, -2, 3, 1, -2, 1, 2, 4, -10 ],
[ -2, 5, -2, 3, -2, 5, 1, -4, 3, 0, 6, -12 ],
[ -2, 5, -2, 3, 0, 0, 1, 2, 0, 1, 6, -13 ],
[ -2, 5, -2, 3, 0, 2, 1, -2, 2, -1, 10, -15 ],
[ -2, 5, -2, 4, 0, -1, 0, 2, 1, 1, 6, -13 ],
[ -2, 5, -2, 4, 0, 1, 0, -2, 3, -1, 10, -15 ],
[ -2, 5, -2, 5, -4, 1, 3, -2, 3, 2, 6, -14 ],
[ -2, 5, -2, 5, -4, 3, 3, -2, 1, 0, 6, -12 ],
[ -2, 5, -2, 5, -3, -2, 2, 5, -1, 1, 6, -13 ],
[ -2, 5, -2, 5, -3, 0, 2, 1, 1, -1, 10, -15 ],
[ -2, 5, -2, 6, -4, 0, 2, -2, 4, 2, 6, -14 ],
[ -2, 5, -2, 6, -4, 2, 2, -2, 2, 0, 6, -12 ],
[ -2, 5, -2, 6, -3, -1, 1, 1, 2, -1, 10, -15 ],
[ -2, 5, -2, 6, -2, 2, 0, -1, 1, 0, 7, -13 ],
[ -2, 5, -2, 7, -4, 1, 1, -2, 3, 0, 6, -12 ],
[ -2, 5, -1, -5, 12, 0, -4, -1, 2, 1, 9, -15 ],
[ -2, 5, -1, -4, 9, -1, -2, 2, 0, 1, 9, -15 ],
[ -2, 5, -1, -3, 7, 0, -1, -1, 2, -1, 10, -14 ],
[ -2, 5, -1, -3, 8, 1, -2, -1, 1, 2, 5, -12 ],
[ -2, 5, -1, -3, 9, 0, -3, 0, 1, -1, 11, -15 ],
[ -2, 5, -1, -2, 3, 0, 2, -1, 2, 2, 6, -13 ],
[ -2, 5, -1, -2, 4, -1, 1, 2, 0, -1, 10, -14 ],
[ -2, 5, -1, -2, 5, 0, 0, 0, 1, 2, 7, -14 ],
[ -2, 5, -1, -2, 6, 1, -1, -1, 1, -3, 15, -17 ],
[ -2, 5, -1, -2, 8, 0, -3, -1, 2, 2, 5, -12 ],
[ -2, 5, -1, -2, 8, 2, -3, -3, 4, 0, 7, -14 ],
[ -2, 5, -1, -1, 0, -1, 4, 2, 0, 2, 6, -13 ],
[ -2, 5, -1, -1, 2, -4, 0, 9, -2, 1, 9, -15 ],
[ -2, 5, -1, -1, 2, -2, 0, 7, -2, -1, 11, -15 ],
[ -2, 5, -1, -1, 2, -1, 0, 0, 4, 2, 6, -13 ],
[ -2, 5, -1, -1, 2, -1, 0, 2, 0, 2, 4, -9 ],
[ -2, 5, -1, -1, 2, 0, 0, -1, 2, -3, 19, -19 ],
[ -2, 5, -1, -1, 2, 0, 0, 0, 1, 5, 6, -14 ],
[ -2, 5, -1, -1, 2, 0, 0, 3, 0, -3, 15, -17 ],
[ -2, 5, -1, -1, 2, 1, 0, -2, 4, 0, 8, -13 ],
[ -2, 5, -1, -1, 2, 1, 0, 0, 2, 0, 6, -11 ],
[ -2, 5, -1, -1, 2, 2, 0, 0, 1, 3, 6, -14 ],
[ -2, 5, -1, -1, 2, 4, 0, -2, 1, 1, 8, -14 ],
[ -2, 5, -1, -1, 3, -4, -1, 9, -2, 1, 4, -10 ],
[ -2, 5, -1, -1, 3, -2, -1, 3, 2, -1, 10, -14 ],
[ -2, 5, -1, -1, 3, -2, -1, 5, 0, -1, 8, -12 ],
[ -2, 5, -1, -1, 3, 0, -1, -1, 2, -3, 14, -14 ],
[ -2, 5, -1, -1, 3, 0, -1, -1, 4, -3, 14, -16 ],
[ -2, 5, -1, -1, 3, 0, -1, 1, 0, -3, 12, -12 ],
[ -2, 5, -1, -1, 3, 1, 1, -1, 1, 0, 6, -11 ],
[ -2, 5, -1, -1, 5, -1, -1, 2, 0, 2, 5, -12 ],
[ -2, 5, -1, -1, 6, 0, -2, -1, 2, -3, 15, -17 ],
[ -2, 5, -1, 0, -2, 0, 5, -1, 2, 0, 7, -12 ],
[ -2, 5, -1, 0, -2, 0, 5, -1, 4, 0, 7, -14 ],
[ -2, 5, -1, 0, -1, -5, 2, 12, -4, 1, 9, -15 ],
[ -2, 5, -1, 0, -1, -2, 2, 3, 2, 2, 6, -13 ],
[ -2, 5, -1, 0, -1, -1, 2, 2, 0, -3, 19, -19 ],
[ -2, 5, -1, 0, -1, -1, 2, 6, -2, -3, 15, -17 ],
[ -2, 5, -1, 0, -1, 0, 2, -1, 2, 0, 10, -13 ],
[ -2, 5, -1, 0, -1, 0, 2, -1, 4, 0, 10, -15 ],
[ -2, 5, -1, 0, -1, 0, 2, 1, 0, 0, 8, -11 ],
[ -2, 5, -1, 0, -1, 0, 2, 1, 2, 0, 8, -13 ],
[ -2, 5, -1, 0, -1, 0, 2, 3, 0, 0, 6, -11 ],
[ -2, 5, -1, 0, -1, 1, 2, -1, 1, 3, 10, -16 ],
[ -2, 5, -1, 0, -1, 1, 2, 3, -1, 3, 6, -14 ],
[ -2, 5, -1, 0, -1, 2, 2, -3, 4, -2, 12, -15 ],
[ -2, 5, -1, 0, -1, 5, 2, -3, 1, -1, 12, -16 ],
[ -2, 5, -1, 0, 0, -5, 1, 12, -4, 1, 4, -10 ],
[ -2, 5, -1, 0, 0, -3, 1, 6, 0, -1, 10, -14 ],
[ -2, 5, -1, 0, 0, -3, 1, 8, -2, -1, 8, -12 ],
[ -2, 5, -1, 0, 0, -1, 1, 1, 1, 5, 3, -11 ],
[ -2, 5, -1, 0, 0, -1, 1, 2, 0, -3, 14, -14 ],
[ -2, 5, -1, 0, 0, -1, 1, 2, 2, -3, 14, -16 ],
[ -2, 5, -1, 0, 0, 0, 1, -3, 6, 0, 7, -12 ],
[ -2, 5, -1, 0, 0, 0, 1, -3, 8, 0, 7, -14 ],
[ -2, 5, -1, 0, 0, 0, 1, -1, 2, 0, 5, -8 ],
[ -2, 5, -1, 0, 0, 0, 1, -1, 4, 0, 5, -10 ],
[ -2, 5, -1, 0, 0, 0, 1, 1, 0, 0, 3, -6 ],
[ -2, 5, -1, 0, 0, 0, 3, 0, 1, 0, 8, -13 ],
[ -2, 5, -1, 0, 0, 1, 1, -2, 2, -5, 18, -16 ],
[ -2, 5, -1, 0, 0, 1, 1, -1, 1, 3, 5, -11 ],
[ -2, 5, -1, 0, 0, 1, 1, -1, 3, 3, 5, -13 ],
[ -2, 5, -1, 0, 0, 3, 1, -3, 3, 1, 7, -13 ],
[ -2, 5, -1, 0, 0, 3, 1, -1, 1, 1, 5, -11 ],
[ -2, 5, -1, 0, 0, 5, 1, -3, 1, -1, 7, -11 ],
[ -2, 5, -1, 0, 1, -2, 0, 4, 1, 2, 7, -14 ],
[ -2, 5, -1, 0, 1, -2, 0, 6, -1, 2, 5, -12 ],
[ -2, 5, -1, 0, 1, 0, 0, 0, 1, 0, 11, -14 ],
[ -2, 5, -1, 0, 1, 0, 0, 0, 3, 0, 11, -16 ],
[ -2, 5, -1, 0, 1, 0, 0, 2, 1, 0, 9, -14 ],
[ -2, 5, -1, 0, 1, 0, 0, 4, -1, 0, 7, -12 ],
[ -2, 5, -1, 0, 1, 0, 0, 4, 1, 0, 7, -14 ],
[ -2, 5, -1, 0, 1, 2, 0, -2, 3, -2, 13, -16 ],
[ -2, 5, -1, 0, 1, 2, 0, 0, 1, -2, 11, -14 ],
[ -2, 5, -1, 0, 3, -1, 0, 2, 0, -3, 15, -17 ],
[ -2, 5, -1, 0, 3, 0, 0, -1, 2, 0, 6, -11 ],
[ -2, 5, -1, 0, 3, 1, 0, -1, 1, 3, 6, -14 ],
[ -2, 5, -1, 0, 5, 0, -2, 0, 1, 0, 7, -12 ],
[ -2, 5, -1, 0, 5, 0, -2, 0, 3, 0, 7, -14 ],
[ -2, 5, -1, 1, -3, 1, 5, -1, 1, -2, 12, -15 ],
[ -2, 5, -1, 1, -1, -4, 1, 10, -3, -1, 11, -15 ],
[ -2, 5, -1, 1, -1, -2, 1, 6, -1, -3, 15, -17 ],
[ -2, 5, -1, 1, -1, -1, 1, 1, 3, 0, 8, -13 ],
[ -2, 5, -1, 1, -1, -1, 1, 3, 1, 0, 6, -11 ],
[ -2, 5, -1, 1, -1, 0, 1, -1, 2, 3, 10, -16 ],
[ -2, 5, -1, 1, -1, 0, 1, 0, 1, -5, 21, -19 ],
[ -2, 5, -1, 1, -1, 0, 1, 3, 0, 3, 6, -14 ],
[ -2, 5, -1, 1, -1, 1, 1, -3, 5, -2, 12, -15 ],
[ -2, 5, -1, 1, -1, 1, 1, -1, 1, -2, 10, -11 ],
[ -2, 5, -1, 1, -1, 2, 1, 1, 0, 1, 8, -14 ],
[ -2, 5, -1, 1, -1, 4, 1, -3, 2, -1, 12, -16 ],
[ -2, 5, -1, 1, 0, -1, 2, 2, 0, 0, 6, -11 ],
[ -2, 5, -1, 1, 0, 0, 0, -1, 2, 3, 5, -11 ],
[ -2, 5, -1, 1, 0, 0, 0, -1, 4, 3, 5, -13 ],
[ -2, 5, -1, 1, 0, 0, 0, 1, 0, 3, 3, -9 ],
[ -2, 5, -1, 1, 0, 2, 0, -3, 4, 1, 7, -13 ],
[ -2, 5, -1, 1, 0, 2, 0, -1, 2, 1, 5, -11 ],
[ -2, 5, -1, 1, 0, 4, 0, -3, 2, -1, 7, -11 ],
[ -2, 5, -1, 1, 2, 1, 0, -1, 1, -2, 11, -14 ],
[ -2, 5, -1, 1, 3, 0, -1, -1, 2, 3, 6, -14 ],
[ -2, 5, -1, 2, -3, 0, 4, -1, 2, -2, 12, -15 ],
[ -2, 5, -1, 2, -2, 1, 3, -1, 1, 1, 7, -13 ],
[ -2, 5, -1, 2, -1, 0, 2, 0, 1, -2, 13, -16 ],
[ -2, 5, -1, 2, 0, -1, 1, 2, 0, 3, 6, -14 ],
[ -2, 5, -1, 2, 2, -2, -1, 3, 2, 0, 7, -14 ],
[ -2, 5, -1, 2, 2, 0, -1, -1, 2, -2, 11, -14 ],
[ -2, 5, -1, 3, -2, 0, 2, -1, 2, 1, 7, -13 ],
[ -2, 5, -1, 3, -1, -1, 1, 2, 0, -2, 11, -14 ],
[ -2, 5, -1, 3, 0, 0, 0, 0, 1, 1, 8, -14 ],
[ -2, 5, -1, 4, -3, 1, 2, -1, 1, -1, 12, -16 ],
[ -2, 5, -1, 5, -3, 0, 1, -1, 2, -1, 12, -16 ],
[ -2, 5, 0, -3, 7, 0, -2, -1, 3, -1, 10, -15 ],
[ -2, 5, 0, -2, 4, -1, 0, 2, 1, -1, 10, -15 ],
[ -2, 5, 0, -2, 6, -3, -2, 7, -2, 1, 7, -14 ],
[ -2, 5, 0, -1, 1, -2, 2, 5, -1, -1, 10, -15 ],
[ -2, 5, 0, -1, 3, 1, 0, -1, 2, 0, 6, -12 ],
[ -2, 5, 0, -1, 5, 1, -2, 0, 1, 0, 7, -13 ],
[ -2, 5, 0, 0, -2, 0, 4, -1, 3, 0, 7, -13 ],
[ -2, 5, 0, 0, 0, 0, 2, 0, 2, 0, 8, -14 ],
[ -2, 5, 0, 0, 0, 0, 2, 2, 0, 0, 6, -12 ],
[ -2, 5, 0, 0, 3, 0, -1, -1, 3, 0, 6, -12 ],
[ -2, 5, 0, 1, -2, 2, 3, -1, 1, 1, 7, -14 ],
[ -2, 5, 0, 1, 0, -1, 1, 2, 1, 0, 6, -12 ],
[ -2, 5, 0, 1, 2, -1, -1, 3, 0, 0, 7, -13 ],
[ -2, 5, 0, 2, -2, 1, 2, -1, 2, 1, 7, -14 ],
[ -2, 5, 0, 2, 0, 3, 0, -2, 1, -1, 10, -15 ],
[ -2, 5, 0, 3, -2, 0, 1, -1, 3, 1, 7, -14 ],
[ -2, 5, 1, -1, 3, 1, -1, -1, 1, 0, 6, -11 ],
[ -2, 5, 1, 0, 0, 0, 1, 0, 1, 0, 8, -13 ],
[ -2, 5, 1, 1, 0, -1, 0, 2, 0, 0, 6, -11 ],
[ -2, 5, 2, 0, 0, 0, 0, 2, 0, 0, 6, -12 ],
[ -2, 6, -3, 0, -3, 0, 7, -2, 4, 0, 8, -14 ],
[ -2, 6, -2, -4, 11, -1, -4, 2, 0, 1, 6, -12 ],
[ -2, 6, -2, -3, 6, 0, 0, 0, 1, -1, 9, -13 ],
[ -2, 6, -2, -3, 8, 0, -2, -1, 2, -1, 12, -16 ],
[ -2, 6, -2, -3, 9, 1, -3, -1, 1, 2, 7, -14 ],
[ -2, 6, -2, -1, 0, 0, 4, 0, 1, -3, 15, -17 ],
[ -2, 6, -2, -1, 2, -2, 0, 4, 1, -1, 9, -13 ],
[ -2, 6, -2, -1, 2, -1, 0, 2, 0, 2, 11, -16 ],
[ -2, 6, -2, -1, 2, -1, 0, 6, -2, 2, 7, -14 ],
[ -2, 6, -2, -1, 2, 0, 0, -2, 5, -3, 15, -17 ],
[ -2, 6, -2, -1, 2, 0, 0, 0, 1, -3, 13, -13 ],
[ -2, 6, -2, -1, 2, 1, 2, -2, 4, 0, 7, -14 ],
[ -2, 6, -2, -1, 2, 3, 0, 0, 0, -2, 13, -16 ],
[ -2, 6, -2, -1, 3, -1, -1, 2, 0, 2, 6, -11 ],
[ -2, 6, -2, -1, 3, 1, -1, 2, 0, 0, 6, -11 ],
[ -2, 6, -2, -1, 4, 1, 0, -1, 1, 0, 8, -13 ],
[ -2, 6, -2, -1, 5, 0, -1, 0, 1, -3, 14, -16 ],
[ -2, 6, -2, -1, 6, -1, -2, 2, 0, 2, 7, -14 ],
[ -2, 6, -2, 0, -3, 0, 6, 0, 1, 0, 6, -11 ],
[ -2, 6, -2, 0, -1, -3, 2, 7, -1, -1, 9, -13 ],
[ -2, 6, -2, 0, -1, -1, 2, 1, 3, -3, 15, -17 ],
[ -2, 6, -2, 0, -1, 0, 2, -2, 5, 0, 6, -11 ],
[ -2, 6, -2, 0, -1, 0, 2, 0, 1, 0, 4, -7 ],
[ -2, 6, -2, 0, -1, 0, 4, -1, 2, 0, 9, -14 ],
[ -2, 6, -2, 0, -1, 0, 4, 1, 2, 0, 7, -14 ],
[ -2, 6, -2, 0, -1, 1, 2, -2, 4, 3, 6, -14 ],
[ -2, 6, -2, 0, -1, 3, 2, -2, 2, 1, 6, -12 ],
[ -2, 6, -2, 0, 0, -2, 1, 3, 2, 2, 8, -15 ],
[ -2, 6, -2, 0, 0, -2, 1, 5, 0, 2, 6, -13 ],
[ -2, 6, -2, 0, 0, 0, 1, -1, 2, 0, 12, -15 ],
[ -2, 6, -2, 0, 0, 0, 1, 1, 2, 0, 10, -15 ],
[ -2, 6, -2, 0, 0, 0, 1, 3, 0, 0, 8, -13 ],
[ -2, 6, -2, 0, 0, 0, 5, 0, 1, 0, 7, -14 ],
[ -2, 6, -2, 0, 0, 2, 1, -3, 4, -2, 14, -17 ],
[ -2, 6, -2, 0, 0, 2, 1, -1, 2, -2, 12, -15 ],
[ -2, 6, -2, 0, 1, -5, 0, 12, -4, 1, 6, -12 ],
[ -2, 6, -2, 0, 1, -3, 0, 6, 0, -1, 12, -16 ],
[ -2, 6, -2, 0, 1, -3, 0, 8, -2, -1, 10, -14 ],
[ -2, 6, -2, 0, 1, -1, 0, 1, 1, 5, 5, -13 ],
[ -2, 6, -2, 0, 1, -1, 0, 2, 0, -3, 16, -16 ],
[ -2, 6, -2, 0, 1, -1, 0, 4, 0, -3, 14, -16 ],
[ -2, 6, -2, 0, 1, 0, 0, -3, 6, 0, 9, -14 ],
[ -2, 6, -2, 0, 1, 0, 0, -1, 2, 0, 7, -10 ],
[ -2, 6, -2, 0, 1, 0, 0, -1, 4, 0, 7, -12 ],
[ -2, 6, -2, 0, 1, 0, 0, -1, 6, 0, 7, -14 ],
[ -2, 6, -2, 0, 1, 0, 0, 1, 0, 0, 5, -8 ],
[ -2, 6, -2, 0, 1, 0, 0, 1, 2, 0, 5, -10 ],
[ -2, 6, -2, 0, 1, 0, 2, 0, 1, 0, 10, -15 ],
[ -2, 6, -2, 0, 1, 1, 0, -2, 2, -5, 20, -18 ],
[ -2, 6, -2, 0, 1, 1, 0, -1, 1, 3, 7, -13 ],
[ -2, 6, -2, 0, 1, 1, 0, 1, 1, 3, 5, -13 ],
[ -2, 6, -2, 0, 1, 3, 0, -3, 3, 1, 9, -15 ],
[ -2, 6, -2, 0, 1, 3, 0, -1, 1, 1, 7, -13 ],
[ -2, 6, -2, 0, 1, 5, 0, -3, 1, -1, 9, -13 ],
[ -2, 6, -2, 0, 2, 0, 1, -2, 5, 0, 7, -14 ],
[ -2, 6, -2, 0, 2, 0, 1, 0, 1, 0, 5, -10 ],
[ -2, 6, -2, 0, 4, 0, -1, -1, 2, 0, 8, -13 ],
[ -2, 6, -2, 1, -3, 0, 5, 0, 1, 3, 6, -14 ],
[ -2, 6, -2, 1, -2, 0, 2, -1, 2, -5, 22, -20 ],
[ -2, 6, -2, 1, -1, -3, 1, 9, -3, 2, 7, -14 ],
[ -2, 6, -2, 1, -1, -1, 3, 1, 3, 0, 7, -14 ],
[ -2, 6, -2, 1, -1, 0, 1, -2, 5, 3, 6, -14 ],
[ -2, 6, -2, 1, -1, 0, 1, 0, 1, 3, 4, -10 ],
[ -2, 6, -2, 1, -1, 1, 1, -1, 1, -2, 17, -18 ],
[ -2, 6, -2, 1, -1, 1, 1, 3, -1, -2, 13, -16 ],
[ -2, 6, -2, 1, -1, 2, 1, -2, 3, 1, 6, -12 ],
[ -2, 6, -2, 1, 0, -1, 0, 5, -1, 0, 6, -11 ],
[ -2, 6, -2, 1, 0, 1, 0, -1, 1, -2, 12, -13 ],
[ -2, 6, -2, 1, 1, -1, 1, 2, 0, 0, 8, -13 ],
[ -2, 6, -2, 1, 2, 0, 0, 0, 1, 3, 5, -13 ],
[ -2, 6, -2, 1, 3, 1, -1, -1, 1, -2, 13, -16 ],
[ -2, 6, -2, 3, -3, 0, 3, 0, 1, 1, 6, -12 ],
[ -2, 6, -2, 3, -1, 0, 1, -1, 2, 1, 9, -15 ],
[ -2, 6, -2, 3, 0, -1, 0, 2, 0, -2, 13, -16 ],
[ -2, 6, -2, 4, -1, 1, 0, -1, 1, -1, 9, -13 ],
[ -2, 6, -1, -3, 7, 3, -2, -2, 1, 0, 6, -12 ],
[ -2, 6, -1, -3, 8, -2, -3, 5, -1, 1, 6, -13 ],
[ -2, 6, -1, -3, 8, 0, -3, 1, 1, -1, 10, -15 ],
[ -2, 6, -1, -2, 4, 2, 0, -1, 1, 0, 8, -14 ],
[ -2, 6, -1, -2, 5, -1, -1, 4, -1, -1, 10, -15 ],
[ -2, 6, -1, -1, 2, 1, 1, -2, 3, 0, 7, -13 ],
[ -2, 6, -1, -1, 4, 1, -1, -1, 2, 0, 8, -14 ],
[ -2, 6, -1, -1, 4, 1, -1, 1, 0, 0, 6, -12 ],
[ -2, 6, -1, -1, 5, -2, -2, 4, 0, -1, 10, -15 ],
[ -2, 6, -1, 0, -1, 0, 3, -1, 3, 0, 9, -15 ],
[ -2, 6, -1, 0, -1, 0, 3, 1, 1, 0, 7, -13 ],
[ -2, 6, -1, 0, 1, 0, 1, 2, 0, 0, 8, -14 ],
[ -2, 6, -1, 0, 2, -3, 0, 7, -2, -1, 10, -15 ],
[ -2, 6, -1, 0, 2, 0, 0, -2, 4, 0, 7, -13 ],
[ -2, 6, -1, 0, 2, 3, 0, -2, 1, 1, 7, -14 ],
[ -2, 6, -1, 1, -1, -1, 2, 1, 2, 0, 7, -13 ],
[ -2, 6, -1, 1, 1, -1, 0, 2, 1, 0, 8, -14 ],
[ -2, 6, -1, 1, 1, -1, 0, 4, -1, 0, 6, -12 ],
[ -2, 6, -1, 1, 2, 2, -1, -2, 2, 1, 7, -14 ],
[ -2, 6, -1, 2, -2, -2, 2, 5, -1, 0, 8, -14 ],
[ -2, 6, -1, 2, -1, 1, 1, 1, 0, 1, 7, -14 ],
[ -2, 6, -1, 3, -2, -3, 1, 7, -2, 0, 6, -12 ],
[ -2, 6, -1, 3, -1, 0, 0, 1, 1, 1, 7, -14 ],
[ -2, 6, -1, 3, -1, 2, 0, -1, 1, -1, 9, -14 ],
[ -2, 6, 0, -1, 2, 1, 0, -2, 4, 0, 7, -14 ],
[ -2, 6, 0, 0, -1, 0, 2, -1, 2, 0, 9, -14 ],
[ -2, 6, 0, 0, -1, 0, 2, 1, 2, 0, 7, -14 ],
[ -2, 6, 0, 0, 1, 0, 0, 0, 1, 0, 10, -15 ],
[ -2, 6, 0, 1, -1, -1, 1, 1, 3, 0, 7, -14 ],
[ -2, 7, -3, -4, 10, 1, -3, -1, 1, -1, 9, -13 ],
[ -2, 7, -3, -3, 6, 1, 0, -1, 1, 2, 5, -12 ],
[ -2, 7, -3, -3, 6, 3, 0, -3, 3, 0, 7, -14 ],
[ -2, 7, -3, -3, 7, 0, -1, 0, 1, -1, 11, -15 ],
[ -2, 7, -3, -2, 3, 0, 2, 0, 1, 2, 7, -14 ],
[ -2, 7, -3, -2, 6, 0, -1, -1, 2, 2, 5, -12 ],
[ -2, 7, -3, -2, 6, 2, -1, -3, 4, 0, 7, -14 ],
[ -2, 7, -3, -2, 7, -1, -2, 2, 0, -1, 9, -13 ],
[ -2, 7, -3, -2, 8, 0, -3, 0, 1, 2, 6, -13 ],
[ -2, 7, -3, -1, 1, 1, 3, -1, 1, 0, 6, -11 ],
[ -2, 7, -3, -1, 2, -1, 0, 1, 3, 2, 7, -14 ],
[ -2, 7, -3, -1, 2, -1, 0, 3, 1, 2, 5, -12 ],
[ -2, 7, -3, -1, 2, 1, 0, -3, 5, 0, 11, -16 ],
[ -2, 7, -3, -1, 2, 1, 0, -1, 1, 0, 9, -12 ],
[ -2, 7, -3, -1, 2, 1, 0, -1, 3, 0, 9, -14 ],
[ -2, 7, -3, -1, 2, 1, 0, 1, 1, 0, 7, -12 ],
[ -2, 7, -3, -1, 2, 1, 0, 1, 3, 0, 7, -14 ],
[ -2, 7, -3, -1, 2, 1, 0, 3, -1, 0, 5, -10 ],
[ -2, 7, -3, -1, 2, 3, 0, -3, 3, -2, 11, -14 ],
[ -2, 7, -3, -1, 3, -1, 1, 2, 0, 2, 5, -12 ],
[ -2, 7, -3, -1, 3, 1, -1, -1, 1, 0, 4, -7 ],
[ -2, 7, -3, -1, 3, 1, 1, 0, 2, 0, 7, -14 ],
[ -2, 7, -3, -1, 4, 0, 0, -1, 2, -3, 15, -17 ],
[ -2, 7, -3, -1, 6, 1, -2, -3, 5, 0, 7, -14 ],
[ -2, 7, -3, -1, 6, 1, -2, -1, 1, 0, 5, -10 ],
[ -2, 7, -3, 0, -2, 0, 5, 0, 1, 0, 8, -13 ],
[ -2, 7, -3, 0, -1, -2, 2, 4, 1, 2, 7, -14 ],
[ -2, 7, -3, 0, -1, -2, 2, 6, -1, 2, 5, -12 ],
[ -2, 7, -3, 0, -1, 0, 2, 0, 1, 0, 11, -14 ],
[ -2, 7, -3, 0, -1, 0, 2, 0, 3, 0, 11, -16 ],
[ -2, 7, -3, 0, -1, 0, 2, 2, 1, 0, 9, -14 ],
[ -2, 7, -3, 0, -1, 0, 2, 4, -1, 0, 7, -12 ],
[ -2, 7, -3, 0, -1, 0, 2, 4, 1, 0, 7, -14 ],
[ -2, 7, -3, 0, -1, 2, 2, -2, 3, -2, 13, -16 ],
[ -2, 7, -3, 0, -1, 2, 2, 0, 1, -2, 11, -14 ],
[ -2, 7, -3, 0, 0, -3, 1, 7, -1, -1, 11, -15 ],
[ -2, 7, -3, 0, 0, -3, 1, 9, -3, -1, 9, -13 ],
[ -2, 7, -3, 0, 0, -1, 1, 2, 0, 5, 4, -12 ],
[ -2, 7, -3, 0, 0, -1, 1, 3, 1, -3, 15, -17 ],
[ -2, 7, -3, 0, 0, 0, 1, -2, 5, 0, 8, -13 ],
[ -2, 7, -3, 0, 0, 0, 1, 0, 1, 0, 6, -9 ],
[ -2, 7, -3, 0, 0, 0, 1, 0, 3, 0, 6, -11 ],
[ -2, 7, -3, 0, 0, 1, 1, -1, 1, -5, 19, -17 ],
[ -2, 7, -3, 0, 0, 1, 1, 0, 2, 3, 6, -14 ],
[ -2, 7, -3, 0, 0, 3, 1, -2, 2, 1, 8, -14 ],
[ -2, 7, -3, 0, 0, 3, 1, 0, 0, 1, 6, -12 ],
[ -2, 7, -3, 0, 1, -4, 0, 9, -2, 4, 4, -13 ],
[ -2, 7, -3, 0, 1, -2, 0, 7, -2, 2, 6, -13 ],
[ -2, 7, -3, 0, 1, 0, 0, -1, 2, 0, 14, -17 ],
[ -2, 7, -3, 0, 1, 0, 0, 3, 0, 0, 10, -15 ],
[ -2, 7, -3, 0, 1, 0, 0, 7, -2, 0, 6, -13 ],
[ -2, 7, -3, 0, 1, 0, 2, -1, 2, 0, 6, -11 ],
[ -2, 7, -3, 0, 1, 2, 0, 1, 0, -2, 12, -15 ],
[ -2, 7, -3, 0, 1, 4, 0, -3, 2, -4, 16, -17 ],
[ -2, 7, -3, 0, 3, 0, 0, 0, 1, 0, 7, -12 ],
[ -2, 7, -3, 0, 3, 0, 0, 0, 3, 0, 7, -14 ],
[ -2, 7, -3, 0, 5, 0, -2, -1, 2, 0, 10, -15 ],
[ -2, 7, -3, 1, -2, -1, 4, 2, 0, 0, 6, -11 ],
[ -2, 7, -3, 1, -1, -3, 1, 6, 0, 2, 5, -12 ],
[ -2, 7, -3, 1, -1, -1, 1, 0, 4, 0, 11, -16 ],
[ -2, 7, -3, 1, -1, -1, 1, 2, 0, 0, 9, -12 ],
[ -2, 7, -3, 1, -1, -1, 1, 2, 2, 0, 9, -14 ],
[ -2, 7, -3, 1, -1, -1, 1, 4, 0, 0, 7, -12 ],
[ -2, 7, -3, 1, -1, -1, 1, 4, 2, 0, 7, -14 ],
[ -2, 7, -3, 1, -1, -1, 1, 6, -2, 0, 5, -10 ],
[ -2, 7, -3, 1, -1, 1, 1, -2, 2, -2, 13, -14 ],
[ -2, 7, -3, 1, -1, 1, 1, -2, 4, -2, 13, -16 ],
[ -2, 7, -3, 1, -1, 1, 1, 0, 2, -2, 11, -14 ],
[ -2, 7, -3, 1, 0, -1, 0, 2, 0, 0, 4, -7 ],
[ -2, 7, -3, 1, 0, -1, 2, 3, 1, 0, 7, -14 ],
[ -2, 7, -3, 1, 0, 1, 2, -1, 1, -2, 11, -14 ],
[ -2, 7, -3, 1, 1, 0, 1, -1, 2, 3, 6, -14 ],
[ -2, 7, -3, 1, 3, -1, -1, 0, 4, 0, 7, -14 ],
[ -2, 7, -3, 1, 3, -1, -1, 2, 0, 0, 5, -10 ],
[ -2, 7, -3, 2, -3, 0, 4, 0, 1, -2, 13, -16 ],
[ -2, 7, -3, 2, -2, 0, 1, 0, 1, -2, 16, -17 ],
[ -2, 7, -3, 2, 0, -2, 1, 3, 2, 0, 7, -14 ],
[ -2, 7, -3, 2, 0, 0, 1, -1, 2, -2, 11, -14 ],
[ -2, 7, -3, 2, 1, 1, 0, -1, 1, 1, 6, -12 ],
[ -2, 7, -3, 2, 2, 0, -1, 0, 1, -2, 12, -15 ],
[ -2, 7, -3, 3, -3, -3, 3, 6, 0, 0, 7, -14 ],
[ -2, 7, -3, 3, -3, -1, 3, 2, 0, -2, 11, -14 ],
[ -2, 7, -3, 3, -2, 0, 2, 0, 1, 1, 8, -14 ],
[ -2, 7, -3, 4, -2, -1, 1, 2, 0, 1, 6, -12 ],
[ -2, 7, -2, -3, 7, -2, -2, 4, 0, 1, 7, -14 ],
[ -2, 7, -2, -3, 7, 0, -2, 2, 0, -1, 9, -14 ],
[ -2, 7, -2, -2, 4, -3, 0, 7, -2, 1, 7, -14 ],
[ -2, 7, -2, -1, 1, 1, 2, -1, 2, 0, 6, -12 ],
[ -2, 7, -2, -1, 3, 1, 0, 0, 1, 0, 7, -13 ],
[ -2, 7, -2, -1, 4, -2, -1, 5, -1, -1, 9, -14 ],
[ -2, 7, -2, 0, -2, 0, 4, 0, 2, 0, 8, -14 ],
[ -2, 7, -2, 0, -2, 0, 4, 2, 0, 0, 6, -12 ],
[ -2, 7, -2, 0, 1, 0, 1, -1, 3, 0, 6, -12 ],
[ -2, 7, -2, 0, 3, 0, -1, -2, 4, 0, 9, -15 ],
[ -2, 7, -2, 0, 3, 0, -1, 0, 2, 0, 7, -13 ],
[ -2, 7, -2, 1, -2, -1, 3, 2, 1, 0, 6, -12 ],
[ -2, 7, -2, 1, 0, -1, 1, 3, 0, 0, 7, -13 ],
[ -2, 7, -2, 1, 1, 2, 0, -1, 1, 1, 6, -13 ],
[ -2, 7, -2, 2, -2, 3, 2, -2, 1, -1, 10, -15 ],
[ -2, 7, -2, 3, -2, 0, 1, 2, 0, 1, 6, -13 ],
[ -2, 7, -2, 3, -2, 2, 1, -2, 2, -1, 10, -15 ],
[ -2, 7, -1, -1, 3, -1, -1, 2, 0, 2, 5, -12 ],
[ -2, 7, -1, 0, 1, -1, 0, 2, 0, -3, 15, -17 ],
[ -2, 7, -1, 0, 1, 0, 0, -1, 2, 0, 6, -11 ],
[ -2, 7, -1, 0, 1, 1, 0, -1, 1, 3, 6, -14 ],
[ -2, 7, -1, 1, 0, 1, 0, -1, 1, -2, 11, -14 ],
[ -2, 8, -3, -2, 5, 0, -1, -2, 4, 2, 6, -14 ],
[ -2, 8, -3, -2, 5, 2, -1, -2, 2, 0, 6, -12 ],
[ -2, 8, -3, -2, 6, -1, -2, 1, 2, -1, 10, -15 ],
[ -2, 8, -3, -1, 2, -1, 1, 1, 2, 2, 6, -14 ],
[ -2, 8, -3, -1, 2, 1, 1, -1, 2, 0, 8, -14 ],
[ -2, 8, -3, -1, 2, 1, 1, 1, 0, 0, 6, -12 ],
[ -2, 8, -3, -1, 3, -2, 0, 4, 0, -1, 10, -15 ],
[ -2, 8, -3, 0, -1, 0, 3, 2, 0, 0, 8, -14 ],
[ -2, 8, -3, 0, 0, 0, 2, -2, 4, 0, 7, -13 ],
[ -2, 8, -3, 0, 2, 0, 0, -1, 3, 0, 8, -14 ],
[ -2, 8, -3, 0, 2, 0, 0, 1, 1, 0, 6, -12 ],
[ -2, 8, -3, 1, -1, -1, 2, 2, 1, 0, 8, -14 ],
[ -2, 8, -3, 1, -1, -1, 2, 4, -1, 0, 6, -12 ],
[ -2, 8, -3, 1, -1, 1, 2, -2, 3, -2, 12, -16 ],
[ -2, 8, -3, 1, 0, 2, 1, -2, 2, 1, 7, -14 ],
[ -2, 8, -3, 2, -1, -2, 1, 4, 0, 0, 6, -12 ],
[ -2, 8, -3, 2, -1, 0, 1, -2, 4, -2, 12, -16 ],
[ -2, 8, -3, 2, 0, 1, 0, -2, 3, 1, 7, -14 ],
[ -2, 8, -2, -1, 2, 1, 0, -1, 1, 0, 8, -13 ],
[ -2, 8, -2, -1, 3, 0, -1, 0, 1, -3, 14, -16 ],
[ -2, 8, -2, 0, -1, 0, 2, 0, 1, 0, 10, -15 ],
[ -2, 8, -2, 0, 0, 0, 1, -2, 5, 0, 7, -14 ],
[ -2, 8, -2, 0, 0, 0, 1, 0, 1, 0, 5, -10 ],
[ -2, 8, -2, 1, -1, -1, 1, 2, 0, 0, 8, -13 ],
[ -2, 8, -2, 1, 0, 0, 0, 0, 1, 3, 5, -13 ],
[ -2, 9, -4, -2, 5, -1, -1, 2, 1, -1, 9, -14 ],
[ -2, 9, -4, -2, 6, 2, -2, -2, 2, 0, 8, -14 ],
[ -2, 9, -4, -1, 1, 1, 2, -2, 3, 0, 9, -15 ],
[ -2, 9, -4, -1, 1, 1, 2, 0, 1, 0, 7, -13 ],
[ -2, 9, -4, -1, 2, -2, 1, 5, -1, -1, 9, -14 ],
[ -2, 9, -4, 0, -1, 0, 3, -1, 3, 0, 6, -12 ],
[ -2, 9, -4, 0, 1, 0, 1, -2, 4, 0, 9, -15 ],
[ -2, 9, -4, 0, 1, 0, 1, 0, 2, 0, 7, -13 ],
[ -2, 9, -4, 0, 3, 0, -1, 1, 1, 0, 8, -14 ],
[ -2, 9, -4, 1, -2, -1, 3, 1, 2, 0, 9, -15 ],
[ -2, 9, -4, 1, -2, -1, 3, 3, 0, 0, 7, -13 ],
[ -2, 9, -4, 1, -1, 2, 2, -1, 1, 1, 6, -13 ],
[ -2, 9, -4, 2, -1, 1, 1, -1, 2, 1, 6, -13 ],
[ -2, 9, -4, 2, 0, -2, 0, 4, 0, 0, 8, -14 ],
[ -2, 9, -3, -1, 2, 0, 0, -1, 2, -3, 15, -17 ],
[ -2, 9, -3, 0, -1, -1, 2, 2, 0, -3, 15, -17 ],
[ -2, 9, -3, 0, -1, 0, 2, -1, 2, 0, 6, -11 ],
[ -2, 9, -3, 0, -1, 1, 2, -1, 1, 3, 6, -14 ],
[ -2, 9, -3, 0, 1, 0, 0, 0, 1, 0, 7, -12 ],
[ -2, 9, -3, 0, 1, 0, 0, 0, 3, 0, 7, -14 ],
[ -2, 9, -3, 1, -2, 1, 2, -1, 1, -2, 11, -14 ],
[ -2, 9, -3, 1, -1, 0, 1, -1, 2, 3, 6, -14 ],
[ -2, 9, -3, 2, -2, -2, 1, 3, 2, 0, 7, -14 ],
[ -2, 9, -3, 2, -2, 0, 1, -1, 2, -2, 11, -14 ],
[ -2, 10, -4, -1, 2, -1, 0, 2, 0, 2, 7, -14 ],
[ -2, 10, -4, 0, 0, 0, 1, -1, 2, 0, 8, -13 ],
[ -2, 10, -4, 1, -2, 0, 2, 0, 1, 3, 5, -13 ],
[ -2, 10, -4, 1, -1, 1, 1, -1, 1, -2, 13, -16 ],
[ -2, 11, -5, -1, 2, 1, 0, -3, 5, 0, 7, -14 ],
[ -2, 11, -5, -1, 2, 1, 0, -1, 1, 0, 5, -10 ],
[ -2, 11, -5, 0, -1, 0, 2, 0, 1, 0, 7, -12 ],
[ -2, 11, -5, 0, -1, 0, 2, 0, 3, 0, 7, -14 ],
[ -2, 11, -5, 0, 1, 0, 0, -1, 2, 0, 10, -15 ],
[ -2, 11, -5, 1, -1, -1, 1, 0, 4, 0, 7, -14 ],
[ -2, 11, -5, 1, -1, -1, 1, 2, 0, 0, 5, -10 ],
[ -2, 11, -5, 2, -2, 0, 1, 0, 1, -2, 12, -15 ],
[ -2, 13, -6, 0, -1, 0, 1, 1, 1, 0, 8, -14 ],
[ -1, -2, 8, 0, 0, 0, 0, -2, 4, -1, 9, -14 ],
[ -1, -1, 6, -2, 5, -1, -2, 2, 0, -2, 11, -14 ],
[ -1, -1, 6, -1, 3, 1, -1, -1, 1, -1, 12, -16 ],
[ -1, -1, 6, 0, -1, 0, 2, -1, 2, -1, 8, -12 ],
[ -1, -1, 6, 0, 1, 0, 0, 0, 1, -1, 9, -13 ],
[ -1, -1, 6, 1, 0, -1, 0, 2, 0, -1, 12, -16 ],
[ -1, -1, 6, 2, -1, 1, 0, -1, 1, 0, 8, -13 ],
[ -1, 0, 3, 3, -1, 0, 3, -1, 2, 0, 7, -14 ],
[ -1, 0, 3, 3, 1, -1, -1, 2, 0, -3, 14, -16 ],
[ -1, 0, 3, 3, 1, 0, -1, -3, 6, 0, 7, -14 ],
[ -1, 0, 3, 3, 1, 0, -1, -1, 2, 0, 5, -10 ],
[ -1, 0, 3, 3, 1, 1, -1, -1, 1, 3, 5, -13 ],
[ -1, 0, 3, 4, -2, -1, 1, 0, 4, 0, 7, -14 ],
[ -1, 0, 3, 4, -2, -1, 1, 2, 0, 0, 5, -10 ],
[ -1, 0, 3, 5, -3, 0, 1, 0, 1, -2, 12, -15 ],
[ -1, 0, 3, 5, -2, -1, 0, 2, 0, 3, 5, -13 ],
[ -1, 0, 4, -3, 7, -2, -2, 4, 0, 0, 6, -12 ],
[ -1, 0, 4, -3, 7, 0, -2, -2, 4, -2, 12, -16 ],
[ -1, 0, 4, -3, 8, 1, -3, -2, 3, 1, 7, -14 ],
[ -1, 0, 4, -2, 4, -3, 0, 7, -2, 0, 6, -12 ],
[ -1, 0, 4, -2, 4, -1, 0, 1, 2, -2, 12, -16 ],
[ -1, 0, 4, -2, 5, 0, -1, 1, 1, 1, 7, -14 ],
[ -1, 0, 4, -2, 5, 2, -1, -1, 1, -1, 9, -14 ],
[ -1, 0, 4, -1, 2, -1, 1, 4, -1, 1, 7, -14 ],
[ -1, 0, 4, -1, 5, -1, -2, 1, 2, 1, 7, -14 ],
[ -1, 0, 4, -1, 5, 1, -2, -1, 2, -1, 9, -14 ],
[ -1, 0, 4, 0, -2, 0, 4, -2, 4, -1, 9, -14 ],
[ -1, 0, 4, 0, 0, -3, 0, 7, -2, -2, 10, -12 ],
[ -1, 0, 4, 0, 0, 0, 0, -2, 4, -1, 7, -10 ],
[ -1, 0, 4, 0, 0, 0, 2, -1, 3, -1, 10, -15 ],
[ -1, 0, 4, 0, 0, 1, 0, 0, 1, 2, 5, -11 ],
[ -1, 0, 4, 0, 0, 3, 0, -2, 1, 0, 7, -11 ],
[ -1, 0, 4, 0, 2, -2, 0, 4, 0, 1, 7, -14 ],
[ -1, 0, 4, 0, 2, 0, 0, 2, 0, -1, 9, -14 ],
[ -1, 0, 4, 0, 3, 3, -1, -2, 1, 0, 8, -14 ],
[ -1, 0, 4, 1, -1, -3, 2, 7, -2, 1, 7, -14 ],
[ -1, 0, 4, 1, 2, -1, -1, 2, 1, -1, 9, -14 ],
[ -1, 0, 4, 2, -2, 1, 2, -2, 3, 0, 9, -15 ],
[ -1, 0, 4, 2, -2, 1, 2, 0, 1, 0, 7, -13 ],
[ -1, 0, 4, 2, -1, -2, 1, 5, -1, -1, 9, -14 ],
[ -1, 0, 4, 2, 0, 1, 0, 1, 0, 0, 8, -14 ],
[ -1, 0, 4, 3, -2, 0, 1, -2, 4, 0, 9, -15 ],
[ -1, 0, 4, 3, -2, 0, 1, 0, 2, 0, 7, -13 ],
[ -1, 0, 5, -2, 5, 0, -2, -1, 2, 1, 9, -15 ],
[ -1, 0, 5, -1, 2, -1, 0, 2, 0, 1, 9, -15 ],
[ -1, 0, 5, 0, 0, 0, 1, -1, 2, -1, 10, -14 ],
[ -1, 0, 5, 0, 0, 0, 1, 1, 0, -1, 8, -12 ],
[ -1, 0, 5, 0, 1, 1, 0, -1, 1, 2, 5, -12 ],
[ -1, 0, 5, 0, 2, 0, -1, 0, 1, -1, 11, -15 ],
[ -1, 0, 5, 1, -1, 1, 1, -1, 1, -3, 15, -17 ],
[ -1, 0, 5, 2, -1, 0, 0, -1, 2, -3, 15, -17 ],
[ -1, 0, 6, 0, 0, 0, 0, -1, 3, -1, 10, -15 ],
[ -1, 1, 0, 8, -3, 0, 0, -1, 2, -1, 8, -12 ],
[ -1, 1, 0, 9, -5, 0, 1, 0, 1, 2, 5, -12 ],
[ -1, 1, 1, 1, 2, 5, -1, -4, 3, 1, 6, -13 ],
[ -1, 1, 1, 1, 6, -1, -3, 1, 2, -1, 9, -14 ],
[ -1, 1, 1, 2, -1, 3, 3, -2, 1, -2, 11, -15 ],
[ -1, 1, 1, 2, -1, 4, 1, -1, 1, 1, 6, -13 ],
[ -1, 1, 1, 2, -1, 6, 1, -3, 1, -1, 8, -13 ],
[ -1, 1, 1, 2, 0, 1, 0, 4, -1, 0, 8, -14 ],
[ -1, 1, 1, 2, 2, 1, 0, -1, 2, 0, 7, -13 ],
[ -1, 1, 1, 2, 3, -2, -1, 4, 0, -1, 9, -14 ],
[ -1, 1, 1, 2, 4, 1, -2, 0, 1, 0, 8, -14 ],
[ -1, 1, 1, 3, -2, 2, 1, -1, 3, -2, 11, -15 ],
[ -1, 1, 1, 3, -1, 0, 2, 0, 2, 0, 9, -15 ],
[ -1, 1, 1, 3, -1, 0, 2, 2, 0, 0, 7, -13 ],
[ -1, 1, 1, 3, -1, 1, 0, 1, 0, 3, 4, -11 ],
[ -1, 1, 1, 3, -1, 3, 0, -1, 2, 1, 6, -13 ],
[ -1, 1, 1, 3, -1, 5, 0, -3, 2, -1, 8, -13 ],
[ -1, 1, 1, 3, 0, -3, 1, 7, -2, -1, 9, -14 ],
[ -1, 1, 1, 3, 0, 0, 1, -2, 4, 0, 6, -12 ],
[ -1, 1, 1, 3, 0, 3, 1, -2, 1, 1, 6, -13 ],
[ -1, 1, 1, 3, 2, 0, -1, -1, 3, 0, 7, -13 ],
[ -1, 1, 1, 4, -3, -1, 3, 1, 2, 0, 6, -12 ],
[ -1, 1, 1, 4, -1, -1, 1, 2, 1, 0, 7, -13 ],
[ -1, 1, 1, 4, 0, 2, 0, -2, 2, 1, 6, -13 ],
[ -1, 1, 1, 4, 1, -1, -1, 3, 0, 0, 8, -14 ],
[ -1, 1, 1, 5, -4, -2, 3, 5, -1, 0, 7, -13 ],
[ -1, 1, 1, 5, -3, 1, 2, 1, 0, 1, 6, -13 ],
[ -1, 1, 1, 5, 0, 1, -1, -2, 3, 1, 6, -13 ],
[ -1, 1, 1, 6, -3, 0, 1, 1, 1, 1, 6, -13 ],
[ -1, 1, 1, 6, -3, 2, 1, -1, 1, -1, 8, -13 ],
[ -1, 1, 1, 7, -3, -1, 0, 1, 2, 1, 6, -13 ],
[ -1, 1, 1, 7, -3, 1, 0, -1, 2, -1, 8, -13 ],
[ -1, 1, 2, -5, 10, 0, 0, -1, 2, 0, 7, -14 ],
[ -1, 1, 2, -5, 12, -1, -4, 2, 0, -3, 14, -16 ],
[ -1, 1, 2, -5, 12, 0, -4, -3, 6, 0, 7, -14 ],
[ -1, 1, 2, -5, 12, 0, -4, -1, 2, 0, 5, -10 ],
[ -1, 1, 2, -5, 12, 1, -4, -1, 1, 3, 5, -13 ],
[ -1, 1, 2, -4, 9, -1, -2, 0, 4, 0, 7, -14 ],
[ -1, 1, 2, -4, 9, -1, -2, 2, 0, 0, 5, -10 ],
[ -1, 1, 2, -3, 6, -2, 0, 3, 2, 0, 7, -14 ],
[ -1, 1, 2, -3, 6, 0, 0, -1, 2, -2, 11, -14 ],
[ -1, 1, 2, -3, 7, 1, -1, -1, 1, 1, 6, -12 ],
[ -1, 1, 2, -3, 8, 0, -2, 0, 1, -2, 12, -15 ],
[ -1, 1, 2, -3, 9, -1, -3, 2, 0, 3, 5, -13 ],
[ -1, 1, 2, -2, 3, -3, 2, 6, 0, 0, 7, -14 ],
[ -1, 1, 2, -2, 3, -1, 2, 2, 0, -2, 11, -14 ],
[ -1, 1, 2, -2, 4, 0, 1, 0, 1, 1, 8, -14 ],
[ -1, 1, 2, -2, 7, 0, -2, -1, 2, 1, 6, -12 ],
[ -1, 1, 2, -1, 0, -4, 4, 9, -2, 0, 7, -14 ],
[ -1, 1, 2, -1, 0, 0, 4, -1, 2, -4, 17, -18 ],
[ -1, 1, 2, -1, 1, 1, 3, -1, 1, -1, 12, -16 ],
[ -1, 1, 2, -1, 2, -5, 0, 12, -4, -3, 14, -16 ],
[ -1, 1, 2, -1, 2, -4, 0, 7, 2, 0, 7, -14 ],
[ -1, 1, 2, -1, 2, -4, 0, 9, -2, 0, 5, -10 ],
[ -1, 1, 2, -1, 2, -3, 0, 9, -3, 3, 5, -13 ],
[ -1, 1, 2, -1, 2, -2, 0, 3, 2, -2, 11, -14 ],
[ -1, 1, 2, -1, 2, -1, 0, 1, 1, 1, 13, -17 ],
[ -1, 1, 2, -1, 2, -1, 0, 2, 0, -7, 24, -20 ],
[ -1, 1, 2, -1, 2, -1, 0, 5, -1, 1, 9, -15 ],
[ -1, 1, 2, -1, 2, 0, 0, -3, 6, -4, 17, -18 ],
[ -1, 1, 2, -1, 2, 0, 0, -1, 2, -4, 15, -14 ],
[ -1, 1, 2, -1, 2, 1, 0, -1, 1, -1, 15, -17 ],
[ -1, 1, 2, -1, 2, 1, 0, 3, -1, -1, 11, -15 ],
[ -1, 1, 2, -1, 2, 3, 0, -1, 1, -3, 15, -17 ],
[ -1, 1, 2, -1, 3, -1, -1, 1, 3, 1, 8, -14 ],
[ -1, 1, 2, -1, 3, -1, -1, 3, 1, 1, 6, -12 ],
[ -1, 1, 2, -1, 3, 1, -1, -3, 5, -1, 12, -16 ],
[ -1, 1, 2, -1, 3, 1, -1, -1, 1, -1, 10, -12 ],
[ -1, 1, 2, -1, 3, 1, -1, -1, 3, -1, 10, -14 ],
[ -1, 1, 2, -1, 3, 1, -1, 1, 1, -1, 8, -12 ],
[ -1, 1, 2, -1, 4, -1, 0, 2, 0, 1, 6, -12 ],
[ -1, 1, 2, -1, 6, 1, -2, -1, 1, -1, 11, -15 ],
[ -1, 1, 2, 0, -3, 0, 6, -1, 2, -1, 8, -12 ],
[ -1, 1, 2, 0, -1, -5, 2, 10, 0, 0, 7, -14 ],
[ -1, 1, 2, 0, -1, -5, 2, 12, -4, 0, 5, -10 ],
[ -1, 1, 2, 0, -1, -3, 2, 6, 0, -2, 11, -14 ],
[ -1, 1, 2, 0, -1, -1, 2, 0, 4, -4, 17, -18 ],
[ -1, 1, 2, 0, -1, -1, 2, 1, 1, 4, 4, -11 ],
[ -1, 1, 2, 0, -1, -1, 2, 2, 0, -4, 15, -14 ],
[ -1, 1, 2, 0, -1, 0, 2, -3, 6, -1, 8, -12 ],
[ -1, 1, 2, 0, -1, 0, 2, -1, 2, -1, 6, -8 ],
[ -1, 1, 2, 0, -1, 0, 4, 0, 1, -1, 9, -13 ],
[ -1, 1, 2, 0, -1, 1, 2, -3, 5, 2, 8, -15 ],
[ -1, 1, 2, 0, -1, 1, 2, -1, 1, 2, 6, -11 ],
[ -1, 1, 2, 0, -1, 1, 2, -1, 3, 2, 6, -13 ],
[ -1, 1, 2, 0, -1, 3, 2, -3, 3, 0, 8, -13 ],
[ -1, 1, 2, 0, -1, 3, 2, -1, 1, 0, 6, -11 ],
[ -1, 1, 2, 0, 0, -2, 1, 4, 1, 1, 8, -14 ],
[ -1, 1, 2, 0, 0, -2, 1, 6, -1, 1, 6, -12 ],
[ -1, 1, 2, 0, 0, 0, 1, 0, 1, -1, 12, -14 ],
[ -1, 1, 2, 0, 0, 0, 1, 0, 3, -1, 12, -16 ],
[ -1, 1, 2, 0, 0, 0, 1, 2, 1, -1, 10, -14 ],
[ -1, 1, 2, 0, 0, 0, 1, 4, -1, -1, 8, -12 ],
[ -1, 1, 2, 0, 0, 2, 1, -2, 3, -3, 14, -16 ],
[ -1, 1, 2, 0, 1, -3, 0, 7, -1, -2, 12, -15 ],
[ -1, 1, 2, 0, 1, -1, 0, 2, 0, 4, 5, -12 ],
[ -1, 1, 2, 0, 1, -1, 0, 2, 2, 4, 5, -14 ],
[ -1, 1, 2, 0, 1, 0, 0, -2, 5, -1, 9, -13 ],
[ -1, 1, 2, 0, 1, 0, 0, 0, 1, -1, 7, -9 ],
[ -1, 1, 2, 0, 1, 0, 2, -1, 2, -1, 12, -16 ],
[ -1, 1, 2, 0, 1, 1, 0, 0, 2, 2, 7, -14 ],
[ -1, 1, 2, 0, 1, 1, 0, 2, 0, 2, 5, -12 ],
[ -1, 1, 2, 0, 1, 3, 0, -2, 2, 0, 9, -14 ],
[ -1, 1, 2, 0, 1, 3, 0, 0, 0, 0, 7, -12 ],
[ -1, 1, 2, 0, 1, 3, 0, 0, 2, 0, 7, -14 ],
[ -1, 1, 2, 0, 2, 1, 1, -1, 1, 2, 7, -14 ],
[ -1, 1, 2, 0, 4, 0, -1, 0, 1, -1, 8, -12 ],
[ -1, 1, 2, 1, -3, 0, 5, -1, 2, 2, 8, -15 ],
[ -1, 1, 2, 1, -2, -1, 4, 2, 0, -1, 12, -16 ],
[ -1, 1, 2, 1, -1, -5, 1, 12, -4, 3, 5, -13 ],
[ -1, 1, 2, 1, -1, -3, 1, 8, -2, 1, 9, -15 ],
[ -1, 1, 2, 1, -1, -1, 1, 1, 1, 7, 4, -14 ],
[ -1, 1, 2, 1, -1, -1, 1, 2, 0, -1, 15, -17 ],
[ -1, 1, 2, 1, -1, -1, 1, 6, -2, -1, 11, -15 ],
[ -1, 1, 2, 1, -1, 0, 1, -3, 6, 2, 8, -15 ],
[ -1, 1, 2, 1, -1, 0, 1, -1, 2, 2, 6, -11 ],
[ -1, 1, 2, 1, -1, 0, 1, -1, 4, 2, 6, -13 ],
[ -1, 1, 2, 1, -1, 0, 1, 1, 0, 2, 4, -9 ],
[ -1, 1, 2, 1, -1, 1, 1, -2, 2, -3, 19, -19 ],
[ -1, 1, 2, 1, -1, 1, 1, -1, 1, 5, 6, -14 ],
[ -1, 1, 2, 1, -1, 1, 1, 2, 0, -3, 15, -17 ],
[ -1, 1, 2, 1, -1, 2, 1, -3, 4, 0, 8, -13 ],
[ -1, 1, 2, 1, -1, 2, 1, -1, 2, 0, 6, -11 ],
[ -1, 1, 2, 1, -1, 3, 1, -1, 1, 3, 6, -14 ],
[ -1, 1, 2, 1, -1, 5, 1, -3, 1, 1, 8, -14 ],
[ -1, 1, 2, 1, 0, -3, 0, 6, 0, 1, 6, -12 ],
[ -1, 1, 2, 1, 0, -1, 0, 0, 4, -1, 12, -16 ],
[ -1, 1, 2, 1, 0, -1, 0, 2, 0, -1, 10, -12 ],
[ -1, 1, 2, 1, 0, -1, 0, 2, 2, -1, 10, -14 ],
[ -1, 1, 2, 1, 0, -1, 0, 4, 0, -1, 8, -12 ],
[ -1, 1, 2, 1, 0, 1, 0, -2, 4, -3, 14, -16 ],
[ -1, 1, 2, 1, 2, 0, 0, -1, 2, 2, 7, -14 ],
[ -1, 1, 2, 1, 3, -1, -1, 2, 0, -1, 11, -15 ],
[ -1, 1, 2, 2, -3, 1, 4, -1, 1, 0, 8, -13 ],
[ -1, 1, 2, 2, -2, 0, 3, 0, 1, -3, 14, -16 ],
[ -1, 1, 2, 2, -1, -1, 2, 2, 0, 2, 7, -14 ],
[ -1, 1, 2, 2, 2, 1, -1, -1, 1, 0, 7, -12 ],
[ -1, 1, 2, 2, 2, 1, -1, -1, 3, 0, 7, -14 ],
[ -1, 1, 2, 3, -3, 0, 3, -1, 2, 0, 8, -13 ],
[ -1, 1, 2, 3, -1, 0, 1, 0, 1, 0, 9, -14 ],
[ -1, 1, 2, 4, -1, -1, 0, 2, 0, 0, 7, -12 ],
[ -1, 1, 2, 4, -1, -1, 0, 2, 2, 0, 7, -14 ],
[ -1, 1, 2, 5, -3, 1, 1, -1, 1, 1, 8, -14 ],
[ -1, 1, 3, -3, 7, 1, -2, -1, 2, 1, 6, -13 ],
[ -1, 1, 3, -3, 8, -2, -3, 4, 0, 0, 8, -14 ],
[ -1, 1, 3, -2, 4, 0, 0, 2, 0, 1, 6, -13 ],
[ -1, 1, 3, -2, 4, 2, 0, -2, 2, -1, 10, -15 ],
[ -1, 1, 3, -2, 5, -3, -1, 7, -2, 0, 8, -14 ],
[ -1, 1, 3, -1, 1, 1, 2, 1, 0, -1, 10, -15 ],
[ -1, 1, 3, -1, 4, -1, -1, 2, 1, 1, 6, -13 ],
[ -1, 1, 3, -1, 4, 1, -1, -2, 3, -1, 10, -15 ],
[ -1, 1, 3, 0, -1, 0, 3, 0, 2, -1, 9, -14 ],
[ -1, 1, 3, 0, 0, 1, 2, -2, 3, 2, 6, -14 ],
[ -1, 1, 3, 0, 0, 3, 2, -2, 1, 0, 6, -12 ],
[ -1, 1, 3, 0, 1, -2, 1, 5, -1, 1, 6, -13 ],
[ -1, 1, 3, 0, 1, 0, 1, 1, 1, -1, 10, -15 ],
[ -1, 1, 3, 1, -2, -1, 3, 4, -1, -1, 10, -15 ],
[ -1, 1, 3, 1, 0, 0, 1, -2, 4, 2, 6, -14 ],
[ -1, 1, 3, 1, 0, 2, 1, -2, 2, 0, 6, -12 ],
[ -1, 1, 3, 1, 1, -1, 0, 1, 2, -1, 10, -15 ],
[ -1, 1, 3, 1, 2, 2, -1, -1, 1, 0, 7, -13 ],
[ -1, 1, 3, 2, -2, -2, 2, 4, 0, -1, 10, -15 ],
[ -1, 1, 3, 2, 0, 1, 0, -2, 3, 0, 6, -12 ],
[ -1, 1, 3, 3, -1, 0, 0, 2, 0, 0, 7, -13 ],
[ -1, 1, 4, 0, -1, 0, 2, 0, 1, -1, 9, -13 ],
[ -1, 1, 4, 0, 1, 0, 0, -1, 2, -1, 12, -16 ],
[ -1, 1, 5, 0, 0, 3, 0, -2, 1, 0, 6, -12 ],
[ -1, 2, -1, 3, -3, 0, 7, -1, 2, 0, 7, -14 ],
[ -1, 2, -1, 3, -1, -1, 3, 2, 0, -3, 14, -16 ],
[ -1, 2, -1, 3, -1, 0, 3, -3, 6, 0, 7, -14 ],
[ -1, 2, -1, 3, -1, 0, 3, -1, 2, 0, 5, -10 ],
[ -1, 2, -1, 3, -1, 1, 3, -1, 1, 3, 5, -13 ],
[ -1, 2, -1, 4, -4, -1, 5, 0, 4, 0, 7, -14 ],
[ -1, 2, -1, 4, -4, -1, 5, 2, 0, 0, 5, -10 ],
[ -1, 2, -1, 4, -2, -1, 1, -2, 8, 0, 7, -14 ],
[ -1, 2, -1, 5, -5, 0, 5, 0, 1, -2, 12, -15 ],
[ -1, 2, -1, 5, -4, -1, 4, 2, 0, 3, 5, -13 ],
[ -1, 2, 0, -7, 17, -1, -6, 1, 2, -1, 9, -14 ],
[ -1, 2, 0, -7, 18, 2, -7, -1, 1, 0, 6, -12 ],
[ -1, 2, 0, -6, 14, -2, -4, 4, 0, -1, 9, -14 ],
[ -1, 2, 0, -6, 15, 1, -5, 0, 1, 0, 8, -14 ],
[ -1, 2, 0, -6, 16, -2, -6, 5, -1, -1, 10, -15 ],
[ -1, 2, 0, -5, 11, -3, -2, 7, -2, -1, 9, -14 ],
[ -1, 2, 0, -5, 11, 0, -2, -2, 4, 0, 6, -12 ],
[ -1, 2, 0, -5, 11, 3, -2, -2, 1, 1, 6, -13 ],
[ -1, 2, 0, -5, 13, 0, -4, -1, 3, 0, 7, -13 ],
[ -1, 2, 0, -5, 15, 0, -6, 2, 0, 0, 6, -12 ],
[ -1, 2, 0, -4, 8, -1, 0, 1, 2, 0, 6, -12 ],
[ -1, 2, 0, -4, 10, -1, -2, 2, 1, 0, 7, -13 ],
[ -1, 2, 0, -4, 11, 2, -3, -2, 2, 1, 6, -13 ],
[ -1, 2, 0, -4, 12, -1, -4, 3, 0, 0, 8, -14 ],
[ -1, 2, 0, -4, 13, 2, -5, -1, 1, 1, 7, -14 ],
[ -1, 2, 0, -3, 5, -2, 2, 4, 0, 0, 6, -12 ],
[ -1, 2, 0, -3, 5, 0, 2, -2, 4, -2, 12, -16 ],
[ -1, 2, 0, -3, 6, 1, 1, -2, 3, 1, 7, -14 ],
[ -1, 2, 0, -3, 7, -5, -2, 11, -2, -1, 9, -14 ],
[ -1, 2, 0, -3, 7, -3, -2, 7, -2, -3, 13, -14 ],
[ -1, 2, 0, -3, 7, -2, -2, 2, 4, 0, 6, -12 ],
[ -1, 2, 0, -3, 7, -2, -2, 4, 0, 0, 4, -8 ],
[ -1, 2, 0, -3, 7, -2, 0, 5, -1, 0, 7, -13 ],
[ -1, 2, 0, -3, 7, -1, -2, 0, 3, 3, 8, -15 ],
[ -1, 2, 0, -3, 7, -1, -2, 1, 2, -5, 19, -18 ],
[ -1, 2, 0, -3, 7, -1, -2, 2, 1, 3, 6, -13 ],
[ -1, 2, 0, -3, 7, -1, -2, 4, -1, 3, 4, -11 ],
[ -1, 2, 0, -3, 7, 0, -2, -4, 8, -2, 12, -16 ],
[ -1, 2, 0, -3, 7, 0, -2, -2, 4, -2, 10, -12 ],
[ -1, 2, 0, -3, 7, 1, -2, -2, 3, 1, 10, -15 ],
[ -1, 2, 0, -3, 7, 1, -2, 0, 1, 1, 8, -13 ],
[ -1, 2, 0, -3, 7, 1, -2, 2, 1, 1, 6, -13 ],
[ -1, 2, 0, -3, 7, 3, -2, -2, 1, -1, 10, -13 ],
[ -1, 2, 0, -3, 7, 3, -2, -2, 3, -1, 10, -15 ],
[ -1, 2, 0, -3, 7, 3, -2, 0, 1, -1, 8, -13 ],
[ -1, 2, 0, -3, 8, -2, -3, 5, -1, 0, 10, -14 ],
[ -1, 2, 0, -3, 8, -2, -3, 9, -3, 0, 6, -12 ],
[ -1, 2, 0, -3, 8, 1, -3, -2, 3, 1, 5, -10 ],
[ -1, 2, 0, -3, 8, 1, -1, 1, 0, 1, 6, -13 ],
[ -1, 2, 0, -3, 8, 2, -3, -1, 1, -4, 16, -16 ],
[ -1, 2, 0, -3, 11, 1, -4, -2, 3, 1, 6, -13 ],
[ -1, 2, 0, -3, 12, -2, -5, 5, -1, 0, 6, -12 ],
[ -1, 2, 0, -2, 2, -3, 4, 7, -2, 0, 6, -12 ],
[ -1, 2, 0, -2, 2, -1, 4, 1, 2, -2, 12, -16 ],
[ -1, 2, 0, -2, 3, 0, 3, 1, 1, 1, 7, -14 ],
[ -1, 2, 0, -2, 3, 2, 3, -1, 1, -1, 9, -14 ],
[ -1, 2, 0, -2, 4, -6, 0, 14, -4, -1, 9, -14 ],
[ -1, 2, 0, -2, 4, -3, 0, 5, 2, 0, 6, -12 ],
[ -1, 2, 0, -2, 4, -3, 0, 7, -2, 0, 4, -8 ],
[ -1, 2, 0, -2, 4, -2, 0, 3, 1, 3, 8, -15 ],
[ -1, 2, 0, -2, 4, -2, 0, 4, 0, -5, 19, -18 ],
[ -1, 2, 0, -2, 4, -2, 0, 5, -1, 3, 6, -13 ],
[ -1, 2, 0, -2, 4, -1, 0, -1, 6, -2, 12, -16 ],
[ -1, 2, 0, -2, 4, -1, 0, 1, 2, -2, 10, -12 ],
[ -1, 2, 0, -2, 4, 0, 0, 1, 1, 1, 10, -15 ],
[ -1, 2, 0, -2, 4, 0, 0, 5, -1, 1, 6, -13 ],
[ -1, 2, 0, -2, 4, 2, 0, -1, 1, -1, 12, -15 ],
[ -1, 2, 0, -2, 4, 2, 0, 1, 1, -1, 10, -15 ],
[ -1, 2, 0, -2, 4, 2, 0, 3, -1, -1, 8, -13 ],
[ -1, 2, 0, -2, 5, -3, -1, 10, -3, 0, 8, -14 ],
[ -1, 2, 0, -2, 5, -1, -1, 4, -1, -2, 14, -16 ],
[ -1, 2, 0, -2, 5, 0, -1, -1, 3, 1, 7, -12 ],
[ -1, 2, 0, -2, 5, 0, -1, -1, 5, 1, 7, -14 ],
[ -1, 2, 0, -2, 5, 0, -1, 1, 1, 1, 5, -10 ],
[ -1, 2, 0, -2, 5, 1, -1, 0, 1, -4, 18, -18 ],
[ -1, 2, 0, -2, 5, 1, -1, 1, 0, 4, 5, -13 ],
[ -1, 2, 0, -2, 5, 2, -1, -3, 5, -1, 9, -14 ],
[ -1, 2, 0, -2, 5, 2, -1, -1, 1, -1, 7, -10 ],
[ -1, 2, 0, -2, 5, 5, -1, -1, 0, 0, 7, -13 ],
[ -1, 2, 0, -2, 6, -6, -2, 15, -5, -1, 10, -15 ],
[ -1, 2, 0, -2, 6, -3, -2, 6, 1, 0, 7, -13 ],
[ -1, 2, 0, -2, 6, -2, -2, 5, -1, -5, 20, -19 ],
[ -1, 2, 0, -2, 6, -1, -2, 2, 1, -2, 11, -13 ],
[ -1, 2, 0, -2, 6, 0, -2, 2, 0, 1, 11, -16 ],
[ -1, 2, 0, -2, 6, 0, -2, 6, -2, 1, 7, -14 ],
[ -1, 2, 0, -2, 6, 0, 0, -2, 4, 1, 7, -14 ],
[ -1, 2, 0, -2, 8, 0, -2, 1, 1, 1, 6, -13 ],
[ -1, 2, 0, -2, 10, 0, -4, 2, 0, 1, 7, -14 ],
[ -1, 2, 0, -1, -1, -2, 6, 4, 0, -2, 12, -16 ],
[ -1, 2, 0, -1, 0, -1, 5, 4, -1, 1, 7, -14 ],
[ -1, 2, 0, -1, 1, -7, 2, 17, -6, -1, 9, -14 ],
[ -1, 2, 0, -1, 1, -4, 2, 8, 0, 0, 6, -12 ],
[ -1, 2, 0, -1, 1, -3, 2, 6, -1, 3, 8, -15 ],
[ -1, 2, 0, -1, 1, -3, 2, 7, -2, -5, 19, -18 ],
[ -1, 2, 0, -1, 1, -2, 2, 2, 4, -2, 12, -16 ],
[ -1, 2, 0, -1, 1, -2, 2, 4, 0, -2, 10, -12 ],
[ -1, 2, 0, -1, 1, -1, 2, 4, -1, 1, 10, -15 ],
[ -1, 2, 0, -1, 1, -1, 2, 8, -3, 1, 6, -13 ],
[ -1, 2, 0, -1, 1, 0, 2, -2, 4, -4, 16, -16 ],
[ -1, 2, 0, -1, 1, 1, 2, 0, 1, -1, 14, -17 ],
[ -1, 2, 0, -1, 1, 1, 2, 4, -1, -1, 10, -15 ],
[ -1, 2, 0, -1, 1, 3, 2, -2, 1, -3, 16, -17 ],
[ -1, 2, 0, -1, 2, -1, 1, 2, 1, 1, 7, -12 ],
[ -1, 2, 0, -1, 2, -1, 1, 2, 3, 1, 7, -14 ],
[ -1, 2, 0, -1, 2, -1, 1, 4, -1, 1, 5, -10 ],
[ -1, 2, 0, -1, 2, 1, 1, -2, 3, -1, 11, -14 ],
[ -1, 2, 0, -1, 2, 1, 1, 0, 1, -1, 9, -12 ],
[ -1, 2, 0, -1, 2, 1, 1, 0, 3, -1, 9, -14 ],
[ -1, 2, 0, -1, 3, -4, 0, 9, -1, 0, 7, -13 ],
[ -1, 2, 0, -1, 3, -2, 0, 5, -1, -2, 11, -13 ],
[ -1, 2, 0, -1, 3, -1, 2, 1, 2, 1, 7, -14 ],
[ -1, 2, 0, -1, 3, 0, 0, -2, 4, 4, 6, -14 ],
[ -1, 2, 0, -1, 3, 0, 0, -1, 3, -4, 17, -17 ],
[ -1, 2, 0, -1, 3, 0, 0, 0, 2, 4, 4, -12 ],
[ -1, 2, 0, -1, 3, 1, 2, -1, 2, -1, 9, -14 ],
[ -1, 2, 0, -1, 3, 2, 0, -2, 2, 2, 6, -12 ],
[ -1, 2, 0, -1, 3, 2, 0, -2, 4, 2, 6, -14 ],
[ -1, 2, 0, -1, 3, 4, 0, -4, 4, 0, 8, -14 ],
[ -1, 2, 0, -1, 3, 4, 0, -2, 2, 0, 6, -12 ],
[ -1, 2, 0, -1, 4, -3, -1, 7, -2, 3, 4, -11 ],
[ -1, 2, 0, -1, 4, -1, -1, 1, 2, 1, 10, -15 ],
[ -1, 2, 0, -1, 4, -1, -1, 3, 0, 1, 8, -13 ],
[ -1, 2, 0, -1, 4, -1, -1, 5, 0, 1, 6, -13 ],
[ -1, 2, 0, -1, 4, 1, -1, -1, 2, -1, 12, -15 ],
[ -1, 2, 0, -1, 4, 1, -1, 1, 0, -1, 10, -13 ],
[ -1, 2, 0, -1, 4, 1, -1, 1, 2, -1, 10, -15 ],
[ -1, 2, 0, -1, 5, -4, -2, 12, -4, 0, 6, -12 ],
[ -1, 2, 0, -1, 5, -1, -2, 1, 2, 1, 5, -10 ],
[ -1, 2, 0, -1, 5, -1, 0, 4, -1, 1, 6, -13 ],
[ -1, 2, 0, -1, 5, 0, -2, 2, 0, -4, 16, -16 ],
[ -1, 2, 0, -1, 5, 1, -2, -1, 2, -1, 7, -10 ],
[ -1, 2, 0, -1, 5, 1, 0, 0, 1, -1, 10, -15 ],
[ -1, 2, 0, -1, 5, 2, -2, -1, 1, 2, 7, -13 ],
[ -1, 2, 0, -1, 8, -1, -3, 1, 2, 1, 6, -13 ],
[ -1, 2, 0, 0, -4, 0, 8, -2, 4, -1, 9, -14 ],
[ -1, 2, 0, 0, -2, -5, 4, 11, -2, 0, 6, -12 ],
[ -1, 2, 0, 0, -2, -3, 4, 5, 2, -2, 12, -16 ],
[ -1, 2, 0, 0, -2, -3, 4, 7, -2, -2, 10, -12 ],
[ -1, 2, 0, 0, -2, -1, 4, 0, 3, 4, 5, -13 ],
[ -1, 2, 0, 0, -2, -1, 4, 1, 2, -4, 16, -16 ],
[ -1, 2, 0, 0, -2, 0, 4, -4, 8, -1, 9, -14 ],
[ -1, 2, 0, 0, -2, 0, 4, -2, 4, -1, 7, -10 ],
[ -1, 2, 0, 0, -2, 0, 6, -1, 3, -1, 10, -15 ],
[ -1, 2, 0, 0, -2, 1, 4, -2, 3, 2, 7, -13 ],
[ -1, 2, 0, 0, -2, 1, 4, 0, 1, 2, 5, -11 ],
[ -1, 2, 0, 0, -2, 3, 4, -4, 5, 0, 9, -15 ],
[ -1, 2, 0, 0, -2, 3, 4, -2, 1, 0, 7, -11 ],
[ -1, 2, 0, 0, -2, 3, 4, -2, 3, 0, 7, -13 ],
[ -1, 2, 0, 0, -1, -2, 3, 5, -1, 1, 7, -12 ],
[ -1, 2, 0, 0, -1, -2, 3, 5, 1, 1, 7, -14 ],
[ -1, 2, 0, 0, -1, 0, 3, -1, 3, -1, 13, -16 ],
[ -1, 2, 0, 0, -1, 0, 3, 1, 1, -1, 11, -14 ],
[ -1, 2, 0, 0, -1, 0, 3, 3, 1, -1, 9, -14 ],
[ -1, 2, 0, 0, -1, 2, 3, -1, 1, -3, 13, -14 ],
[ -1, 2, 0, 0, 0, -5, 2, 12, -3, 0, 7, -13 ],
[ -1, 2, 0, 0, 0, -2, 4, 4, 0, 1, 7, -14 ],
[ -1, 2, 0, 0, 0, -1, 2, 1, 2, 4, 6, -14 ],
[ -1, 2, 0, 0, 0, -1, 2, 2, 1, -4, 17, -17 ],
[ -1, 2, 0, 0, 0, -1, 2, 3, 0, 4, 4, -12 ],
[ -1, 2, 0, 0, 0, 0, 2, -3, 7, -1, 10, -15 ],
[ -1, 2, 0, 0, 0, 0, 2, -1, 3, -1, 8, -11 ],
[ -1, 2, 0, 0, 0, 0, 4, 2, 0, -1, 9, -14 ],
[ -1, 2, 0, 0, 0, 1, 2, -1, 2, 2, 8, -14 ],
[ -1, 2, 0, 0, 0, 1, 2, 1, 0, 2, 6, -12 ],
[ -1, 2, 0, 0, 0, 1, 2, 1, 2, 2, 6, -14 ],
[ -1, 2, 0, 0, 0, 3, 2, -1, 2, 0, 8, -14 ],
[ -1, 2, 0, 0, 0, 3, 2, 1, 0, 0, 6, -12 ],
[ -1, 2, 0, 0, 1, -2, 1, 4, 0, 1, 10, -15 ],
[ -1, 2, 0, 0, 1, -2, 1, 8, -2, 1, 6, -13 ],
[ -1, 2, 0, 0, 1, 0, 1, 0, 2, -1, 14, -17 ],
[ -1, 2, 0, 0, 1, 0, 1, 2, 0, -1, 12, -15 ],
[ -1, 2, 0, 0, 1, 0, 1, 4, 0, -1, 10, -15 ],
[ -1, 2, 0, 0, 1, 2, 1, -2, 2, -3, 16, -17 ],
[ -1, 2, 0, 0, 1, 3, 3, -2, 1, 0, 8, -14 ],
[ -1, 2, 0, 0, 2, -5, 0, 13, -4, 0, 8, -14 ],
[ -1, 2, 0, 0, 2, -3, 0, 7, -2, -2, 14, -16 ],
[ -1, 2, 0, 0, 2, -2, 0, 2, 4, 1, 7, -14 ],
[ -1, 2, 0, 0, 2, -2, 0, 4, 0, 1, 5, -10 ],
[ -1, 2, 0, 0, 2, -1, 0, 3, 0, -4, 18, -18 ],
[ -1, 2, 0, 0, 2, -1, 0, 4, -1, 4, 5, -13 ],
[ -1, 2, 0, 0, 2, 0, 0, -2, 4, -1, 11, -14 ],
[ -1, 2, 0, 0, 2, 0, 0, 0, 2, -1, 9, -12 ],
[ -1, 2, 0, 0, 2, 0, 0, 0, 4, -1, 9, -14 ],
[ -1, 2, 0, 0, 2, 0, 0, 2, 0, -1, 7, -10 ],
[ -1, 2, 0, 0, 2, 1, 0, 0, 1, 2, 9, -15 ],
[ -1, 2, 0, 0, 2, 3, 0, -2, 1, 0, 11, -15 ],
[ -1, 2, 0, 0, 2, 3, 0, 2, -1, 0, 7, -13 ],
[ -1, 2, 0, 0, 2, 5, 0, -2, 1, -2, 11, -15 ],
[ -1, 2, 0, 0, 3, -2, -1, 5, -1, 1, 11, -16 ],
[ -1, 2, 0, 0, 3, -2, -1, 9, -3, 1, 7, -14 ],
[ -1, 2, 0, 0, 3, 0, 1, -1, 3, -1, 9, -14 ],
[ -1, 2, 0, 0, 3, 1, -1, -2, 3, 2, 6, -12 ],
[ -1, 2, 0, 0, 3, 1, -1, -2, 5, 2, 6, -14 ],
[ -1, 2, 0, 0, 3, 1, -1, 0, 1, 2, 4, -10 ],
[ -1, 2, 0, 0, 3, 2, -1, -1, 1, -3, 17, -18 ],
[ -1, 2, 0, 0, 3, 3, -1, -4, 5, 0, 8, -14 ],
[ -1, 2, 0, 0, 3, 3, -1, -2, 1, 0, 6, -10 ],
[ -1, 2, 0, 0, 3, 3, -1, -2, 3, 0, 6, -12 ],
[ -1, 2, 0, 0, 5, -2, -1, 4, 0, 1, 6, -13 ],
[ -1, 2, 0, 0, 5, 0, -1, 0, 2, -1, 10, -15 ],
[ -1, 2, 0, 0, 6, 3, -2, -2, 1, 0, 7, -13 ],
[ -1, 2, 0, 0, 7, -2, -3, 5, -1, 1, 7, -14 ],
[ -1, 2, 0, 1, -4, 2, 7, -2, 2, 0, 9, -15 ],
[ -1, 2, 0, 1, -3, -3, 6, 7, -2, 1, 7, -14 ],
[ -1, 2, 0, 1, -2, -3, 3, 7, -2, 1, 10, -15 ],
[ -1, 2, 0, 1, -2, -3, 3, 11, -4, 1, 6, -13 ],
[ -1, 2, 0, 1, -2, -1, 3, 3, 0, -1, 14, -17 ],
[ -1, 2, 0, 1, -2, -1, 3, 7, -2, -1, 10, -15 ],
[ -1, 2, 0, 1, -2, 0, 3, -2, 4, 2, 7, -13 ],
[ -1, 2, 0, 1, -2, 0, 3, 0, 2, 2, 5, -11 ],
[ -1, 2, 0, 1, -2, 1, 3, 0, 1, 5, 5, -14 ],
[ -1, 2, 0, 1, -2, 1, 3, 1, 0, -3, 16, -17 ],
[ -1, 2, 0, 1, -2, 2, 3, -4, 6, 0, 9, -15 ],
[ -1, 2, 0, 1, -2, 2, 3, -2, 2, 0, 7, -11 ],
[ -1, 2, 0, 1, -2, 2, 3, -2, 4, 0, 7, -13 ],
[ -1, 2, 0, 1, -2, 2, 3, 0, 0, 0, 5, -9 ],
[ -1, 2, 0, 1, -2, 3, 3, -3, 2, -5, 20, -19 ],
[ -1, 2, 0, 1, -2, 3, 3, -2, 1, 3, 7, -14 ],
[ -1, 2, 0, 1, -2, 5, 3, -2, 1, 1, 7, -14 ],
[ -1, 2, 0, 1, -2, 7, 3, -4, 1, -1, 9, -14 ],
[ -1, 2, 0, 1, -1, -3, 2, 5, 2, 1, 7, -14 ],
[ -1, 2, 0, 1, -1, -3, 2, 7, -2, 1, 5, -10 ],
[ -1, 2, 0, 1, -1, -1, 2, 1, 2, -1, 11, -14 ],
[ -1, 2, 0, 1, -1, -1, 2, 3, 0, -1, 9, -12 ],
[ -1, 2, 0, 1, -1, -1, 2, 3, 2, -1, 9, -14 ],
[ -1, 2, 0, 1, -1, 1, 2, -1, 2, -3, 13, -14 ],
[ -1, 2, 0, 1, 0, -1, 3, 2, 1, -1, 9, -14 ],
[ -1, 2, 0, 1, 0, 0, 1, -1, 3, 2, 8, -14 ],
[ -1, 2, 0, 1, 0, 0, 1, 1, 1, 2, 6, -12 ],
[ -1, 2, 0, 1, 0, 0, 1, 1, 3, 2, 6, -14 ],
[ -1, 2, 0, 1, 0, 2, 1, -1, 1, 0, 8, -12 ],
[ -1, 2, 0, 1, 0, 2, 1, -1, 3, 0, 8, -14 ],
[ -1, 2, 0, 1, 0, 2, 1, 1, 1, 0, 6, -12 ],
[ -1, 2, 0, 1, 1, -3, 0, 8, -1, 1, 6, -13 ],
[ -1, 2, 0, 1, 1, -1, 0, 2, 1, -1, 12, -15 ],
[ -1, 2, 0, 1, 1, -1, 0, 4, -1, -1, 10, -13 ],
[ -1, 2, 0, 1, 1, -1, 0, 4, 1, -1, 10, -15 ],
[ -1, 2, 0, 1, 1, 0, 2, 0, 2, 2, 6, -14 ],
[ -1, 2, 0, 1, 1, 1, 0, -2, 3, -3, 16, -17 ],
[ -1, 2, 0, 1, 1, 1, 0, 0, 1, -3, 14, -15 ],
[ -1, 2, 0, 1, 1, 2, 2, -2, 2, 0, 8, -14 ],
[ -1, 2, 0, 1, 2, -6, -1, 15, -5, 0, 6, -12 ],
[ -1, 2, 0, 1, 2, -3, 1, 7, -2, 1, 6, -13 ],
[ -1, 2, 0, 1, 2, -2, -1, 5, -1, -4, 16, -16 ],
[ -1, 2, 0, 1, 2, -1, -1, 2, 1, -1, 7, -10 ],
[ -1, 2, 0, 1, 2, -1, 1, 3, 0, -1, 10, -15 ],
[ -1, 2, 0, 1, 2, 0, -1, 2, 0, 2, 7, -13 ],
[ -1, 2, 0, 2, -4, 1, 6, -2, 3, 0, 9, -15 ],
[ -1, 2, 0, 2, -4, 1, 6, 0, 1, 0, 7, -13 ],
[ -1, 2, 0, 2, -3, -2, 5, 5, -1, -1, 9, -14 ],
[ -1, 2, 0, 2, -2, -4, 2, 11, -3, 1, 6, -13 ],
[ -1, 2, 0, 2, -2, -2, 2, 5, -1, -1, 12, -15 ],
[ -1, 2, 0, 2, -2, -2, 2, 7, -1, -1, 10, -15 ],
[ -1, 2, 0, 2, -2, 0, 2, 0, 2, 5, 5, -14 ],
[ -1, 2, 0, 2, -2, 0, 2, 1, 1, -3, 16, -17 ],
[ -1, 2, 0, 2, -2, 1, 2, -4, 7, 0, 9, -15 ],
[ -1, 2, 0, 2, -2, 1, 2, -2, 3, 0, 7, -11 ],
[ -1, 2, 0, 2, -2, 1, 2, -2, 5, 0, 7, -13 ],
[ -1, 2, 0, 2, -2, 1, 2, 0, 1, 0, 5, -9 ],
[ -1, 2, 0, 2, -2, 1, 4, 1, 0, 0, 8, -14 ],
[ -1, 2, 0, 2, -2, 2, 2, -3, 3, -5, 20, -19 ],
[ -1, 2, 0, 2, -2, 2, 2, -2, 2, 3, 7, -14 ],
[ -1, 2, 0, 2, -2, 4, 2, -2, 2, 1, 7, -14 ],
[ -1, 2, 0, 2, -2, 6, 2, -4, 2, -1, 9, -14 ],
[ -1, 2, 0, 2, -1, -3, 1, 7, -2, 4, 5, -13 ],
[ -1, 2, 0, 2, -1, -2, 1, 3, 3, -1, 9, -14 ],
[ -1, 2, 0, 2, -1, -2, 1, 5, -1, -1, 7, -10 ],
[ -1, 2, 0, 2, -1, -1, 1, 3, 0, 2, 9, -15 ],
[ -1, 2, 0, 2, -1, 0, 1, -1, 3, -3, 13, -14 ],
[ -1, 2, 0, 2, -1, 1, 1, 1, 0, 0, 11, -15 ],
[ -1, 2, 0, 2, -1, 1, 1, 5, -2, 0, 7, -13 ],
[ -1, 2, 0, 2, -1, 3, 1, 1, 0, -2, 11, -15 ],
[ -1, 2, 0, 2, 0, -4, 0, 12, -4, 1, 7, -14 ],
[ -1, 2, 0, 2, 0, -1, 0, 1, 2, 2, 6, -12 ],
[ -1, 2, 0, 2, 0, -1, 0, 1, 4, 2, 6, -14 ],
[ -1, 2, 0, 2, 0, -1, 0, 3, 0, 2, 4, -10 ],
[ -1, 2, 0, 2, 0, 0, 0, 2, 0, -3, 17, -18 ],
[ -1, 2, 0, 2, 0, 1, 0, -1, 2, 0, 8, -12 ],
[ -1, 2, 0, 2, 0, 1, 0, -1, 4, 0, 8, -14 ],
[ -1, 2, 0, 2, 0, 1, 0, 1, 0, 0, 6, -10 ],
[ -1, 2, 0, 2, 0, 1, 0, 1, 2, 0, 6, -12 ],
[ -1, 2, 0, 2, 0, 2, 0, -1, 1, 3, 8, -15 ],
[ -1, 2, 0, 2, 0, 6, 0, -3, 1, -1, 10, -15 ],
[ -1, 2, 0, 2, 1, 1, 1, -2, 3, 0, 8, -14 ],
[ -1, 2, 0, 2, 1, 1, 1, 0, 1, 0, 6, -12 ],
[ -1, 2, 0, 2, 3, 1, -1, 1, 0, 0, 7, -13 ],
[ -1, 2, 0, 3, -4, 0, 5, -2, 4, 0, 9, -15 ],
[ -1, 2, 0, 3, -4, 0, 5, 0, 2, 0, 7, -13 ],
[ -1, 2, 0, 3, -2, -5, 1, 11, -2, 1, 6, -13 ],
[ -1, 2, 0, 3, -2, -3, 1, 7, -2, -1, 10, -13 ],
[ -1, 2, 0, 3, -2, -3, 1, 7, 0, -1, 10, -15 ],
[ -1, 2, 0, 3, -2, -1, 1, 0, 3, 5, 5, -14 ],
[ -1, 2, 0, 3, -2, -1, 1, 1, 2, -3, 16, -17 ],
[ -1, 2, 0, 3, -2, -1, 1, 3, 0, -3, 14, -15 ],
[ -1, 2, 0, 3, -2, 0, 1, -4, 8, 0, 9, -15 ],
[ -1, 2, 0, 3, -2, 0, 1, -2, 4, 0, 7, -11 ],
[ -1, 2, 0, 3, -2, 0, 1, -2, 6, 0, 7, -13 ],
[ -1, 2, 0, 3, -2, 0, 1, 0, 2, 0, 5, -9 ],
[ -1, 2, 0, 3, -2, 0, 3, 1, 1, 0, 8, -14 ],
[ -1, 2, 0, 3, -2, 1, 1, -3, 4, -5, 20, -19 ],
[ -1, 2, 0, 3, -2, 1, 1, -2, 3, 3, 7, -14 ],
[ -1, 2, 0, 3, -2, 1, 1, 0, 1, 3, 5, -12 ],
[ -1, 2, 0, 3, -2, 3, 1, -2, 1, 1, 7, -12 ],
[ -1, 2, 0, 3, -2, 3, 1, -2, 3, 1, 7, -14 ],
[ -1, 2, 0, 3, -2, 5, 1, -4, 3, -1, 9, -14 ],
[ -1, 2, 0, 3, -1, -2, 0, 5, -1, 2, 7, -13 ],
[ -1, 2, 0, 3, -1, 2, 0, -1, 1, -2, 13, -15 ],
[ -1, 2, 0, 3, 1, 0, 0, -2, 4, 0, 8, -14 ],
[ -1, 2, 0, 3, 1, 0, 0, 0, 2, 0, 6, -12 ],
[ -1, 2, 0, 4, -2, -1, 2, 1, 2, 0, 8, -14 ],
[ -1, 2, 0, 4, -2, -1, 2, 3, 0, 0, 6, -12 ],
[ -1, 2, 0, 4, 0, -1, 0, 4, -1, 0, 7, -13 ],
[ -1, 2, 0, 5, -4, 1, 3, 0, 1, 1, 7, -14 ],
[ -1, 2, 0, 5, -4, 3, 3, -2, 1, -1, 9, -14 ],
[ -1, 2, 0, 6, -4, 0, 2, 0, 2, 1, 7, -14 ],
[ -1, 2, 0, 6, -4, 2, 2, -2, 2, -1, 9, -14 ],
[ -1, 2, 0, 6, -3, -3, 1, 7, -2, 0, 7, -13 ],
[ -1, 2, 0, 6, -2, 2, 0, -1, 1, -1, 10, -15 ],
[ -1, 2, 0, 7, -4, 1, 1, -2, 3, -1, 9, -14 ],
[ -1, 2, 1, -5, 13, 0, -5, -1, 2, 0, 7, -12 ],
[ -1, 2, 1, -5, 13, 0, -5, -1, 4, 0, 7, -14 ],
[ -1, 2, 1, -4, 10, -1, -3, 2, 0, 0, 7, -12 ],
[ -1, 2, 1, -4, 10, -1, -3, 2, 2, 0, 7, -14 ],
[ -1, 2, 1, -3, 7, 0, -1, -1, 2, -2, 13, -16 ],
[ -1, 2, 1, -3, 8, 1, -2, -1, 1, 1, 8, -14 ],
[ -1, 2, 1, -2, 3, 0, 2, -1, 2, 1, 9, -15 ],
[ -1, 2, 1, -2, 4, -1, 1, 2, 0, -2, 13, -16 ],
[ -1, 2, 1, -2, 6, 0, -1, 0, 1, 1, 5, -11 ],
[ -1, 2, 1, -2, 8, 0, -3, -1, 2, 1, 8, -14 ],
[ -1, 2, 1, -1, 0, -1, 4, 2, 0, 1, 9, -15 ],
[ -1, 2, 1, -1, 2, -1, 0, 0, 4, 1, 9, -15 ],
[ -1, 2, 1, -1, 2, -1, 0, 2, 0, 1, 7, -11 ],
[ -1, 2, 1, -1, 2, -1, 0, 2, 2, 1, 7, -13 ],
[ -1, 2, 1, -1, 2, -1, 0, 4, 0, 1, 5, -11 ],
[ -1, 2, 1, -1, 2, 1, 0, -2, 4, -1, 11, -15 ],
[ -1, 2, 1, -1, 2, 1, 0, 0, 2, -1, 9, -13 ],
[ -1, 2, 1, -1, 3, -4, -1, 9, -2, 0, 7, -12 ],
[ -1, 2, 1, -1, 3, -4, -1, 9, 0, 0, 7, -14 ],
[ -1, 2, 1, -1, 3, -2, -1, 3, 2, -2, 13, -16 ],
[ -1, 2, 1, -1, 3, -2, -1, 5, 0, -2, 11, -14 ],
[ -1, 2, 1, -1, 3, 0, -1, -1, 2, -4, 17, -16 ],
[ -1, 2, 1, -1, 3, 0, -1, -1, 4, -4, 17, -18 ],
[ -1, 2, 1, -1, 3, 0, -1, 0, 1, 4, 4, -11 ],
[ -1, 2, 1, -1, 3, 1, 1, -1, 1, -1, 9, -13 ],
[ -1, 2, 1, -1, 3, 2, -1, -2, 3, 2, 6, -13 ],
[ -1, 2, 1, -1, 3, 4, -1, -2, 1, 0, 6, -11 ],
[ -1, 2, 1, -1, 5, -1, -1, 2, 0, 1, 8, -14 ],
[ -1, 2, 1, 0, -2, 0, 5, -1, 2, -1, 10, -14 ],
[ -1, 2, 1, 0, -1, -2, 2, 3, 2, 1, 9, -15 ],
[ -1, 2, 1, 0, -1, -2, 2, 5, 0, 1, 7, -13 ],
[ -1, 2, 1, 0, -1, -2, 2, 7, -2, 1, 5, -11 ],
[ -1, 2, 1, 0, -1, 0, 2, -1, 2, -1, 13, -15 ],
[ -1, 2, 1, 0, -1, 0, 2, 1, 2, -1, 11, -15 ],
[ -1, 2, 1, 0, -1, 0, 2, 3, 0, -1, 9, -13 ],
[ -1, 2, 1, 0, -1, 1, 4, -1, 1, 2, 5, -12 ],
[ -1, 2, 1, 0, -1, 2, 2, -3, 4, -3, 15, -17 ],
[ -1, 2, 1, 0, -1, 3, 4, -3, 3, 0, 7, -14 ],
[ -1, 2, 1, 0, 0, -5, 1, 12, -4, 0, 7, -12 ],
[ -1, 2, 1, 0, 0, -5, 1, 12, -2, 0, 7, -14 ],
[ -1, 2, 1, 0, 0, -3, 1, 6, 0, -2, 13, -16 ],
[ -1, 2, 1, 0, 0, -3, 1, 8, -2, -2, 11, -14 ],
[ -1, 2, 1, 0, 0, -1, 1, 1, 1, 4, 6, -13 ],
[ -1, 2, 1, 0, 0, -1, 1, 2, 0, -4, 17, -16 ],
[ -1, 2, 1, 0, 0, -1, 1, 2, 2, -4, 17, -18 ],
[ -1, 2, 1, 0, 0, 0, 1, -3, 6, -1, 10, -14 ],
[ -1, 2, 1, 0, 0, 0, 1, -1, 2, -1, 8, -10 ],
[ -1, 2, 1, 0, 0, 0, 1, -1, 4, -1, 8, -12 ],
[ -1, 2, 1, 0, 0, 0, 1, 1, 0, -1, 6, -8 ],
[ -1, 2, 1, 0, 0, 0, 3, 0, 1, -1, 11, -15 ],
[ -1, 2, 1, 0, 0, 1, 1, -2, 2, -6, 21, -18 ],
[ -1, 2, 1, 0, 0, 1, 1, -1, 1, 2, 8, -13 ],
[ -1, 2, 1, 0, 0, 1, 1, -1, 3, 2, 8, -15 ],
[ -1, 2, 1, 0, 0, 1, 1, 1, 1, 2, 6, -13 ],
[ -1, 2, 1, 0, 0, 3, 1, -3, 3, 0, 10, -15 ],
[ -1, 2, 1, 0, 0, 3, 1, -1, 1, 0, 8, -13 ],
[ -1, 2, 1, 0, 0, 5, 1, -3, 1, -2, 10, -13 ],
[ -1, 2, 1, 0, 1, -4, 0, 10, -3, 3, 4, -12 ],
[ -1, 2, 1, 0, 1, -2, 0, 6, -1, 1, 8, -14 ],
[ -1, 2, 1, 0, 1, 0, 0, -1, 2, 7, 3, -13 ],
[ -1, 2, 1, 0, 1, 0, 0, 0, 1, -1, 14, -16 ],
[ -1, 2, 1, 0, 1, 0, 0, 2, 1, -1, 12, -16 ],
[ -1, 2, 1, 0, 1, 0, 0, 4, -1, -1, 10, -14 ],
[ -1, 2, 1, 0, 1, 1, 0, -3, 5, 2, 5, -12 ],
[ -1, 2, 1, 0, 1, 1, 0, -1, 1, 2, 3, -8 ],
[ -1, 2, 1, 0, 1, 2, 0, 0, 1, -3, 14, -16 ],
[ -1, 2, 1, 0, 1, 3, 0, -5, 7, 0, 7, -14 ],
[ -1, 2, 1, 0, 1, 3, 0, -3, 3, 0, 5, -10 ],
[ -1, 2, 1, 0, 1, 4, 0, -3, 2, 3, 5, -13 ],
[ -1, 2, 1, 0, 3, 0, 0, -1, 2, -1, 9, -13 ],
[ -1, 2, 1, 0, 5, 0, -2, 0, 1, -1, 10, -14 ],
[ -1, 2, 1, 1, -3, 1, 5, -1, 1, -3, 15, -17 ],
[ -1, 2, 1, 1, -1, -3, 1, 7, -1, 1, 5, -11 ],
[ -1, 2, 1, 1, -1, -1, 1, 1, 3, -1, 11, -15 ],
[ -1, 2, 1, 1, -1, -1, 1, 3, 1, -1, 9, -13 ],
[ -1, 2, 1, 1, -1, 0, 3, -1, 2, 2, 5, -12 ],
[ -1, 2, 1, 1, -1, 1, 1, -3, 5, -3, 15, -17 ],
[ -1, 2, 1, 1, -1, 1, 1, -1, 1, -3, 13, -13 ],
[ -1, 2, 1, 1, -1, 2, 3, -3, 4, 0, 7, -14 ],
[ -1, 2, 1, 1, 0, -1, 2, 2, 0, -1, 9, -13 ],
[ -1, 2, 1, 1, 0, 0, 0, -1, 2, 2, 8, -13 ],
[ -1, 2, 1, 1, 0, 0, 0, -1, 4, 2, 8, -15 ],
[ -1, 2, 1, 1, 0, 0, 0, 1, 2, 2, 6, -13 ],
[ -1, 2, 1, 1, 0, 2, 0, -3, 4, 0, 10, -15 ],
[ -1, 2, 1, 1, 0, 2, 0, -1, 2, 0, 8, -13 ],
[ -1, 2, 1, 1, 0, 2, 0, 1, 0, 0, 6, -11 ],
[ -1, 2, 1, 1, 0, 4, 0, -3, 2, -2, 10, -13 ],
[ -1, 2, 1, 1, 1, 0, 1, 0, 1, 2, 6, -13 ],
[ -1, 2, 1, 1, 2, 1, 0, -1, 1, -3, 14, -16 ],
[ -1, 2, 1, 2, -3, 0, 4, -1, 2, -3, 15, -17 ],
[ -1, 2, 1, 2, -3, 1, 6, -1, 1, 0, 7, -14 ],
[ -1, 2, 1, 2, -2, 1, 3, -1, 1, 0, 10, -15 ],
[ -1, 2, 1, 2, -1, 1, 2, -3, 5, 0, 7, -14 ],
[ -1, 2, 1, 2, -1, 1, 2, -1, 1, 0, 5, -10 ],
[ -1, 2, 1, 2, 2, 0, -1, -1, 2, -3, 14, -16 ],
[ -1, 2, 1, 3, -3, 0, 5, -1, 2, 0, 7, -14 ],
[ -1, 2, 1, 3, -2, 0, 2, -1, 2, 0, 10, -15 ],
[ -1, 2, 1, 3, -1, -1, 1, 2, 0, -3, 14, -16 ],
[ -1, 2, 1, 3, -1, 0, 1, -3, 6, 0, 7, -14 ],
[ -1, 2, 1, 3, -1, 0, 1, -1, 2, 0, 5, -10 ],
[ -1, 2, 1, 3, -1, 1, 1, -1, 1, 3, 5, -13 ],
[ -1, 2, 1, 3, 1, 0, -1, 0, 1, 0, 6, -11 ],
[ -1, 2, 1, 4, -1, 0, 0, -1, 2, 3, 5, -13 ],
[ -1, 2, 2, -3, 7, -2, -2, 5, -1, 0, 7, -13 ],
[ -1, 2, 2, -3, 8, 1, -3, 1, 0, 1, 6, -13 ],
[ -1, 2, 2, -2, 6, 0, -2, -2, 4, 1, 7, -14 ],
[ -1, 2, 2, -1, 3, -1, 0, 1, 2, 1, 7, -14 ],
[ -1, 2, 2, -1, 3, 1, 0, -1, 2, -1, 9, -14 ],
[ -1, 2, 2, -1, 5, -1, -2, 4, -1, 1, 6, -13 ],
[ -1, 2, 2, -1, 5, 1, -2, 0, 1, -1, 10, -15 ],
[ -1, 2, 2, 0, -2, 0, 4, -1, 3, -1, 10, -15 ],
[ -1, 2, 2, 0, 0, -2, 2, 4, 0, 1, 7, -14 ],
[ -1, 2, 2, 0, 0, 0, 2, 2, 0, -1, 9, -14 ],
[ -1, 2, 2, 0, 1, 3, 1, -2, 1, 0, 8, -14 ],
[ -1, 2, 2, 0, 3, 0, -1, -1, 3, -1, 9, -14 ],
[ -1, 2, 2, 1, 0, -1, 1, 2, 1, -1, 9, -14 ],
[ -1, 2, 2, 1, 1, 2, 0, -2, 2, 0, 8, -14 ],
[ -1, 2, 2, 1, 2, -3, -1, 7, -2, 1, 6, -13 ],
[ -1, 2, 2, 1, 2, -1, -1, 3, 0, -1, 10, -15 ],
[ -1, 2, 2, 2, -2, 1, 2, 1, 0, 0, 8, -14 ],
[ -1, 2, 2, 3, -2, 0, 1, 1, 1, 0, 8, -14 ],
[ -1, 2, 3, -1, 3, 1, -1, -1, 1, -1, 9, -13 ],
[ -1, 2, 3, 0, -1, 1, 2, -1, 1, 2, 5, -12 ],
[ -1, 2, 3, 0, -1, 3, 2, -3, 3, 0, 7, -14 ],
[ -1, 2, 3, 0, 0, 0, 1, 0, 1, -1, 11, -15 ],
[ -1, 2, 3, 1, -1, 0, 1, -1, 2, 2, 5, -12 ],
[ -1, 2, 3, 1, -1, 2, 1, -3, 4, 0, 7, -14 ],
[ -1, 2, 3, 1, 0, -1, 0, 2, 0, -1, 9, -13 ],
[ -1, 2, 3, 2, -1, 1, 0, -1, 1, 0, 5, -10 ],
[ -1, 2, 4, 0, 0, -2, 0, 4, 0, 1, 7, -14 ],
[ -1, 2, 4, 0, 0, 0, 0, 2, 0, -1, 9, -14 ],
[ -1, 3, -1, -7, 17, 2, -6, -2, 2, 0, 7, -13 ],
[ -1, 3, -1, -6, 14, -1, -4, 3, 0, 2, 5, -13 ],
[ -1, 3, -1, -6, 14, 1, -4, 1, 0, 0, 7, -13 ],
[ -1, 3, -1, -5, 12, 0, -3, -2, 4, 0, 8, -14 ],
[ -1, 3, -1, -5, 12, 0, -3, 0, 2, 0, 6, -12 ],
[ -1, 3, -1, -5, 14, 0, -5, 1, 1, 0, 7, -13 ],
[ -1, 3, -1, -4, 9, -1, -1, 1, 2, 0, 8, -14 ],
[ -1, 3, -1, -4, 9, -1, -1, 3, 0, 0, 6, -12 ],
[ -1, 3, -1, -4, 11, -1, -3, 4, -1, 0, 7, -13 ],
[ -1, 3, -1, -3, 5, 1, 2, -1, 2, 1, 6, -13 ],
[ -1, 3, -1, -3, 6, -2, 1, 4, 0, 0, 8, -14 ],
[ -1, 3, -1, -3, 6, 0, 1, 0, 2, -2, 12, -16 ],
[ -1, 3, -1, -3, 7, -4, -2, 10, -2, 2, 5, -13 ],
[ -1, 3, -1, -3, 7, -2, -2, 4, 0, 0, 11, -15 ],
[ -1, 3, -1, -3, 7, -2, -2, 8, -2, 0, 7, -13 ],
[ -1, 3, -1, -3, 7, 0, -2, 0, 2, -2, 15, -17 ],
[ -1, 3, -1, -3, 7, 0, -2, 2, 0, -2, 13, -15 ],
[ -1, 3, -1, -3, 7, 1, -2, -3, 6, 1, 6, -13 ],
[ -1, 3, -1, -3, 7, 1, -2, -1, 2, 1, 4, -9 ],
[ -1, 3, -1, -3, 7, 1, 0, 0, 1, 1, 7, -14 ],
[ -1, 3, -1, -3, 7, 2, -2, -2, 2, -4, 17, -17 ],
[ -1, 3, -1, -3, 7, 2, -2, -1, 1, 4, 4, -12 ],
[ -1, 3, -1, -3, 7, 3, 0, -2, 1, -1, 9, -14 ],
[ -1, 3, -1, -3, 7, 6, -2, -3, 1, 0, 6, -12 ],
[ -1, 3, -1, -3, 8, -2, -3, 4, 0, 0, 6, -10 ],
[ -1, 3, -1, -3, 8, -2, -3, 6, -2, 0, 4, -8 ],
[ -1, 3, -1, -3, 8, 0, -3, 0, 2, -2, 10, -12 ],
[ -1, 3, -1, -3, 11, -2, -4, 4, 0, 0, 7, -13 ],
[ -1, 3, -1, -2, 2, 0, 4, 2, 0, 1, 6, -13 ],
[ -1, 3, -1, -2, 2, 2, 4, -2, 2, -1, 10, -15 ],
[ -1, 3, -1, -2, 3, -3, 3, 7, -2, 0, 8, -14 ],
[ -1, 3, -1, -2, 3, -1, 3, 3, 0, -2, 12, -16 ],
[ -1, 3, -1, -2, 4, -5, 0, 13, -4, 2, 5, -13 ],
[ -1, 3, -1, -2, 4, -3, 0, 7, -2, 0, 11, -15 ],
[ -1, 3, -1, -2, 4, -3, 0, 11, -4, 0, 7, -13 ],
[ -1, 3, -1, -2, 4, -1, 0, 3, 0, -2, 15, -17 ],
[ -1, 3, -1, -2, 4, 0, 0, -2, 4, 1, 8, -13 ],
[ -1, 3, -1, -2, 4, 0, 0, 0, 2, 1, 6, -11 ],
[ -1, 3, -1, -2, 4, 0, 0, 0, 4, 1, 6, -13 ],
[ -1, 3, -1, -2, 4, 0, 0, 2, 0, 1, 4, -9 ],
[ -1, 3, -1, -2, 4, 1, 0, 0, 1, 4, 6, -14 ],
[ -1, 3, -1, -2, 4, 1, 0, 1, 0, -4, 17, -17 ],
[ -1, 3, -1, -2, 4, 2, 0, -4, 6, -1, 10, -15 ],
[ -1, 3, -1, -2, 4, 2, 0, -2, 2, -1, 8, -11 ],
[ -1, 3, -1, -2, 4, 3, 0, -2, 1, 2, 8, -14 ],
[ -1, 3, -1, -2, 4, 5, 0, -2, 1, 0, 8, -14 ],
[ -1, 3, -1, -2, 5, -3, -1, 5, 2, 0, 8, -14 ],
[ -1, 3, -1, -2, 5, -3, -1, 7, -2, 0, 6, -10 ],
[ -1, 3, -1, -2, 5, -3, -1, 7, 0, 0, 6, -12 ],
[ -1, 3, -1, -2, 5, -2, -1, 5, -1, 3, 8, -15 ],
[ -1, 3, -1, -2, 5, -1, -1, 1, 2, -2, 12, -14 ],
[ -1, 3, -1, -2, 5, -1, -1, 1, 4, -2, 12, -16 ],
[ -1, 3, -1, -2, 5, -1, -1, 3, 0, -2, 10, -12 ],
[ -1, 3, -1, -2, 5, 0, 1, -1, 3, 1, 6, -13 ],
[ -1, 3, -1, -2, 5, 1, -1, -3, 4, -4, 16, -16 ],
[ -1, 3, -1, -2, 5, 2, -1, -1, 1, -1, 14, -17 ],
[ -1, 3, -1, -2, 5, 2, -1, 3, -1, -1, 10, -15 ],
[ -1, 3, -1, -2, 6, 0, -2, -1, 3, 1, 9, -14 ],
[ -1, 3, -1, -2, 6, 0, -2, 1, 1, 1, 7, -12 ],
[ -1, 3, -1, -2, 6, 0, -2, 1, 3, 1, 7, -14 ],
[ -1, 3, -1, -2, 6, 2, -2, -1, 1, -1, 9, -12 ],
[ -1, 3, -1, -2, 6, 2, -2, -1, 3, -1, 9, -14 ],
[ -1, 3, -1, -2, 7, 0, -1, 0, 2, 1, 7, -14 ],
[ -1, 3, -1, -2, 7, 2, -1, -2, 2, -1, 9, -14 ],
[ -1, 3, -1, -2, 8, -3, -2, 7, -2, 0, 7, -13 ],
[ -1, 3, -1, -2, 9, 2, -3, -1, 1, -1, 10, -15 ],
[ -1, 3, -1, -1, 1, -1, 2, 1, 2, 1, 8, -13 ],
[ -1, 3, -1, -1, 1, -1, 2, 3, 0, 1, 6, -11 ],
[ -1, 3, -1, -1, 1, -1, 2, 3, 2, 1, 6, -13 ],
[ -1, 3, -1, -1, 1, 1, 2, -1, 2, -1, 10, -13 ],
[ -1, 3, -1, -1, 1, 1, 2, -1, 4, -1, 10, -15 ],
[ -1, 3, -1, -1, 1, 1, 2, 1, 0, -1, 8, -11 ],
[ -1, 3, -1, -1, 2, -4, 1, 8, 0, 0, 8, -14 ],
[ -1, 3, -1, -1, 2, -4, 1, 10, -2, 0, 6, -12 ],
[ -1, 3, -1, -1, 2, -2, 1, 4, 0, -2, 12, -14 ],
[ -1, 3, -1, -1, 2, -2, 1, 4, 2, -2, 12, -16 ],
[ -1, 3, -1, -1, 2, -1, 3, 2, 1, 1, 6, -13 ],
[ -1, 3, -1, -1, 2, 0, 1, -2, 4, -4, 18, -18 ],
[ -1, 3, -1, -1, 2, 0, 1, -1, 3, 4, 5, -13 ],
[ -1, 3, -1, -1, 2, 0, 1, 0, 2, -4, 16, -16 ],
[ -1, 3, -1, -1, 2, 1, 3, -2, 3, -1, 10, -15 ],
[ -1, 3, -1, -1, 2, 2, 1, -1, 1, 2, 5, -11 ],
[ -1, 3, -1, -1, 2, 4, 1, -3, 3, 0, 7, -13 ],
[ -1, 3, -1, -1, 3, -1, 0, 2, 1, 1, 9, -14 ],
[ -1, 3, -1, -1, 3, -1, 0, 4, -1, 1, 7, -12 ],
[ -1, 3, -1, -1, 3, -1, 0, 4, 1, 1, 7, -14 ],
[ -1, 3, -1, -1, 3, 1, 0, -2, 3, -1, 13, -16 ],
[ -1, 3, -1, -1, 3, 1, 0, 0, 1, -1, 11, -14 ],
[ -1, 3, -1, -1, 3, 1, 0, 2, 1, -1, 9, -14 ],
[ -1, 3, -1, -1, 3, 3, 0, -2, 1, -3, 13, -14 ],
[ -1, 3, -1, -1, 4, -4, -1, 11, -3, 0, 7, -13 ],
[ -1, 3, -1, -1, 4, -2, -1, 5, -1, -2, 13, -15 ],
[ -1, 3, -1, -1, 4, -1, -1, 0, 5, 1, 6, -13 ],
[ -1, 3, -1, -1, 4, -1, -1, 2, 1, 1, 4, -9 ],
[ -1, 3, -1, -1, 4, -1, 1, 3, 0, 1, 7, -14 ],
[ -1, 3, -1, -1, 4, 0, -1, 0, 2, 4, 6, -14 ],
[ -1, 3, -1, -1, 4, 0, -1, 1, 1, -4, 17, -17 ],
[ -1, 3, -1, -1, 4, 0, -1, 2, 0, 4, 4, -12 ],
[ -1, 3, -1, -1, 4, 1, -1, -4, 7, -1, 10, -15 ],
[ -1, 3, -1, -1, 4, 1, -1, -2, 3, -1, 8, -11 ],
[ -1, 3, -1, -1, 4, 1, 1, 1, 0, -1, 9, -14 ],
[ -1, 3, -1, -1, 4, 2, -1, -2, 2, 2, 8, -14 ],
[ -1, 3, -1, -1, 4, 4, -1, -2, 2, 0, 8, -14 ],
[ -1, 3, -1, -1, 4, 4, -1, 0, 0, 0, 6, -12 ],
[ -1, 3, -1, -1, 7, 1, -2, -2, 3, -1, 9, -14 ],
[ -1, 3, -1, 0, -3, 0, 7, 0, 2, -1, 9, -14 ],
[ -1, 3, -1, 0, -2, -2, 4, 4, 0, 1, 8, -13 ],
[ -1, 3, -1, 0, -2, -2, 4, 6, 0, 1, 6, -13 ],
[ -1, 3, -1, 0, -2, 0, 4, -2, 4, -1, 14, -17 ],
[ -1, 3, -1, 0, -2, 0, 4, 0, 2, -1, 12, -15 ],
[ -1, 3, -1, 0, -2, 0, 4, 2, 0, -1, 10, -13 ],
[ -1, 3, -1, 0, -2, 0, 4, 2, 2, -1, 10, -15 ],
[ -1, 3, -1, 0, -2, 1, 6, -2, 3, 2, 6, -14 ],
[ -1, 3, -1, 0, -2, 2, 4, -2, 2, -3, 14, -15 ],
[ -1, 3, -1, 0, -2, 3, 6, -2, 1, 0, 6, -12 ],
[ -1, 3, -1, 0, -1, -5, 3, 11, -2, 0, 8, -14 ],
[ -1, 3, -1, 0, -1, -5, 3, 13, -4, 0, 6, -12 ],
[ -1, 3, -1, 0, -1, -3, 3, 7, -2, -2, 12, -14 ],
[ -1, 3, -1, 0, -1, -3, 3, 7, 0, -2, 12, -16 ],
[ -1, 3, -1, 0, -1, -2, 5, 5, -1, 1, 6, -13 ],
[ -1, 3, -1, 0, -1, -1, 3, 0, 3, 4, 7, -15 ],
[ -1, 3, -1, 0, -1, -1, 3, 1, 2, -4, 18, -18 ],
[ -1, 3, -1, 0, -1, -1, 3, 2, 1, 4, 5, -13 ],
[ -1, 3, -1, 0, -1, -1, 3, 3, 0, -4, 16, -16 ],
[ -1, 3, -1, 0, -1, 0, 3, -4, 8, -1, 11, -16 ],
[ -1, 3, -1, 0, -1, 0, 3, -2, 4, -1, 9, -12 ],
[ -1, 3, -1, 0, -1, 0, 3, -2, 6, -1, 9, -14 ],
[ -1, 3, -1, 0, -1, 0, 3, 0, 2, -1, 7, -10 ],
[ -1, 3, -1, 0, -1, 0, 5, 1, 1, -1, 10, -15 ],
[ -1, 3, -1, 0, -1, 1, 3, -3, 4, -6, 22, -20 ],
[ -1, 3, -1, 0, -1, 1, 3, -2, 3, 2, 9, -15 ],
[ -1, 3, -1, 0, -1, 1, 3, 0, 1, 2, 7, -13 ],
[ -1, 3, -1, 0, -1, 3, 3, -2, 1, 0, 9, -13 ],
[ -1, 3, -1, 0, -1, 3, 3, -2, 3, 0, 9, -15 ],
[ -1, 3, -1, 0, -1, 3, 3, 0, 1, 0, 7, -13 ],
[ -1, 3, -1, 0, -1, 5, 3, -4, 3, -2, 11, -15 ],
[ -1, 3, -1, 0, 0, -2, 2, 5, -1, 1, 9, -14 ],
[ -1, 3, -1, 0, 0, -2, 2, 7, -1, 1, 7, -14 ],
[ -1, 3, -1, 0, 0, -2, 2, 9, -3, 1, 5, -12 ],
[ -1, 3, -1, 0, 0, 0, 2, 1, 1, -1, 13, -16 ],
[ -1, 3, -1, 0, 0, 0, 2, 5, -1, -1, 9, -14 ],
[ -1, 3, -1, 0, 0, 1, 2, -4, 7, 2, 6, -14 ],
[ -1, 3, -1, 0, 0, 1, 2, -2, 3, 2, 4, -10 ],
[ -1, 3, -1, 0, 0, 2, 2, -3, 3, -3, 17, -18 ],
[ -1, 3, -1, 0, 0, 2, 2, -2, 2, 5, 4, -13 ],
[ -1, 3, -1, 0, 0, 2, 2, -1, 1, -3, 15, -16 ],
[ -1, 3, -1, 0, 0, 3, 2, -4, 5, 0, 6, -12 ],
[ -1, 3, -1, 0, 0, 3, 2, -2, 1, 0, 4, -8 ],
[ -1, 3, -1, 0, 0, 6, 2, -4, 2, 1, 6, -13 ],
[ -1, 3, -1, 0, 1, -5, 1, 14, -5, 0, 7, -13 ],
[ -1, 3, -1, 0, 1, -2, 1, 3, 3, 1, 6, -13 ],
[ -1, 3, -1, 0, 1, -2, 1, 5, -1, 1, 4, -9 ],
[ -1, 3, -1, 0, 1, -1, 1, 3, 0, 4, 6, -14 ],
[ -1, 3, -1, 0, 1, -1, 1, 4, -1, -4, 17, -17 ],
[ -1, 3, -1, 0, 1, 0, 1, -1, 3, -1, 10, -13 ],
[ -1, 3, -1, 0, 1, 0, 1, -1, 5, -1, 10, -15 ],
[ -1, 3, -1, 0, 1, 0, 1, 1, 1, -1, 8, -11 ],
[ -1, 3, -1, 0, 1, 1, 1, 1, 0, 2, 8, -14 ],
[ -1, 3, -1, 0, 1, 3, 1, 1, 0, 0, 8, -14 ],
[ -1, 3, -1, 0, 2, 0, 0, 2, 0, -1, 14, -17 ],
[ -1, 3, -1, 0, 2, 0, 0, 6, -2, -1, 10, -15 ],
[ -1, 3, -1, 0, 2, 0, 2, -2, 4, -1, 10, -15 ],
[ -1, 3, -1, 0, 2, 1, 0, -1, 2, 2, 5, -11 ],
[ -1, 3, -1, 0, 2, 2, 0, -1, 1, 5, 5, -14 ],
[ -1, 3, -1, 0, 2, 3, 0, -3, 4, 0, 7, -13 ],
[ -1, 3, -1, 0, 2, 6, 0, -3, 1, 1, 7, -14 ],
[ -1, 3, -1, 0, 3, -2, -1, 4, 0, 1, 7, -12 ],
[ -1, 3, -1, 0, 3, -2, -1, 4, 2, 1, 7, -14 ],
[ -1, 3, -1, 0, 3, 0, -1, -2, 4, -1, 13, -16 ],
[ -1, 3, -1, 0, 3, 0, -1, 0, 2, -1, 11, -14 ],
[ -1, 3, -1, 0, 3, 0, -1, 2, 0, -1, 9, -12 ],
[ -1, 3, -1, 0, 3, 0, -1, 2, 2, -1, 9, -14 ],
[ -1, 3, -1, 0, 3, 2, -1, -2, 2, -3, 13, -14 ],
[ -1, 3, -1, 0, 4, 0, 0, 1, 1, -1, 9, -14 ],
[ -1, 3, -1, 0, 6, 0, -2, 2, 0, -1, 10, -15 ],
[ -1, 3, -1, 0, 7, 0, -3, -2, 4, -1, 9, -14 ],
[ -1, 3, -1, 1, -2, -3, 3, 6, 1, 1, 6, -13 ],
[ -1, 3, -1, 1, -2, -1, 3, 2, 1, -1, 10, -13 ],
[ -1, 3, -1, 1, -2, -1, 3, 2, 3, -1, 10, -15 ],
[ -1, 3, -1, 1, -2, -1, 3, 4, -1, -1, 8, -11 ],
[ -1, 3, -1, 1, -2, 0, 5, -2, 4, 2, 6, -14 ],
[ -1, 3, -1, 1, -2, 1, 3, -2, 3, -3, 14, -15 ],
[ -1, 3, -1, 1, -2, 2, 5, -2, 2, 0, 6, -12 ],
[ -1, 3, -1, 1, -1, -1, 4, 1, 2, -1, 10, -15 ],
[ -1, 3, -1, 1, -1, 0, 2, -2, 4, 2, 9, -15 ],
[ -1, 3, -1, 1, -1, 0, 2, 0, 2, 2, 7, -13 ],
[ -1, 3, -1, 1, -1, 0, 2, 2, 0, 2, 5, -11 ],
[ -1, 3, -1, 1, -1, 2, 2, -2, 2, 0, 9, -13 ],
[ -1, 3, -1, 1, -1, 2, 2, -2, 4, 0, 9, -15 ],
[ -1, 3, -1, 1, -1, 2, 2, 0, 2, 0, 7, -13 ],
[ -1, 3, -1, 1, -1, 4, 2, -4, 4, -2, 11, -15 ],
[ -1, 3, -1, 1, 0, -3, 1, 7, -2, 1, 7, -12 ],
[ -1, 3, -1, 1, 0, -3, 1, 7, 0, 1, 7, -14 ],
[ -1, 3, -1, 1, 0, -3, 1, 9, -2, 1, 5, -12 ],
[ -1, 3, -1, 1, 0, -1, 1, 1, 2, -1, 13, -16 ],
[ -1, 3, -1, 1, 0, -1, 1, 3, 0, -1, 11, -14 ],
[ -1, 3, -1, 1, 0, -1, 1, 5, 0, -1, 9, -14 ],
[ -1, 3, -1, 1, 0, 0, 1, -4, 8, 2, 6, -14 ],
[ -1, 3, -1, 1, 0, 0, 1, -2, 4, 2, 4, -10 ],
[ -1, 3, -1, 1, 0, 1, 1, -3, 4, -3, 17, -18 ],
[ -1, 3, -1, 1, 0, 1, 1, -2, 3, 5, 4, -13 ],
[ -1, 3, -1, 1, 0, 1, 1, -1, 2, -3, 15, -16 ],
[ -1, 3, -1, 1, 0, 1, 1, 1, 0, -3, 13, -14 ],
[ -1, 3, -1, 1, 0, 2, 1, -4, 6, 0, 6, -12 ],
[ -1, 3, -1, 1, 0, 2, 1, -2, 2, 0, 4, -8 ],
[ -1, 3, -1, 1, 0, 2, 3, -1, 1, 0, 7, -13 ],
[ -1, 3, -1, 1, 0, 3, 1, -2, 1, 3, 4, -11 ],
[ -1, 3, -1, 1, 0, 5, 1, -4, 3, 1, 6, -13 ],
[ -1, 3, -1, 1, 1, -6, 0, 14, -4, 0, 7, -13 ],
[ -1, 3, -1, 1, 1, -2, 0, 3, 1, 4, 6, -14 ],
[ -1, 3, -1, 1, 1, -2, 0, 4, 0, -4, 17, -17 ],
[ -1, 3, -1, 1, 1, -2, 0, 5, -1, 4, 4, -12 ],
[ -1, 3, -1, 1, 1, -1, 0, -1, 6, -1, 10, -15 ],
[ -1, 3, -1, 1, 1, -1, 0, 1, 2, -1, 8, -11 ],
[ -1, 3, -1, 1, 1, -1, 2, 4, -1, -1, 9, -14 ],
[ -1, 3, -1, 1, 1, 0, 0, 1, 1, 2, 8, -14 ],
[ -1, 3, -1, 1, 1, 2, 0, -1, 1, 0, 10, -14 ],
[ -1, 3, -1, 1, 1, 2, 0, 1, 1, 0, 8, -14 ],
[ -1, 3, -1, 1, 1, 2, 0, 3, -1, 0, 6, -12 ],
[ -1, 3, -1, 1, 2, 0, -1, -1, 3, 2, 5, -11 ],
[ -1, 3, -1, 1, 2, 2, -1, -1, 1, 0, 5, -9 ],
[ -1, 3, -1, 1, 4, -1, -1, 1, 2, -1, 9, -14 ],
[ -1, 3, -1, 1, 5, 2, -2, -1, 1, 0, 6, -12 ],
[ -1, 3, -1, 2, -4, -2, 6, 4, 0, -1, 10, -15 ],
[ -1, 3, -1, 2, -3, 1, 5, 0, 1, 0, 9, -15 ],
[ -1, 3, -1, 2, -2, -7, 2, 17, -6, 0, 7, -13 ],
[ -1, 3, -1, 2, -2, -3, 2, 6, -1, 4, 6, -14 ],
[ -1, 3, -1, 2, -2, -3, 2, 7, -2, -4, 17, -17 ],
[ -1, 3, -1, 2, -2, -2, 2, 2, 4, -1, 10, -15 ],
[ -1, 3, -1, 2, -2, -2, 2, 4, 0, -1, 8, -11 ],
[ -1, 3, -1, 2, -2, -1, 2, 4, -1, 2, 8, -14 ],
[ -1, 3, -1, 2, -2, 0, 2, -2, 4, -3, 14, -15 ],
[ -1, 3, -1, 2, -2, 1, 2, 0, 1, 0, 12, -16 ],
[ -1, 3, -1, 2, -2, 1, 2, 4, -1, 0, 8, -14 ],
[ -1, 3, -1, 2, -2, 1, 4, -2, 3, 0, 6, -12 ],
[ -1, 3, -1, 2, -2, 3, 2, -2, 1, -2, 14, -16 ],
[ -1, 3, -1, 2, -1, -2, 1, 5, -1, -1, 14, -17 ],
[ -1, 3, -1, 2, -1, -2, 1, 9, -3, -1, 10, -15 ],
[ -1, 3, -1, 2, -1, -1, 1, 2, 1, 2, 5, -11 ],
[ -1, 3, -1, 2, -1, 0, 1, 2, 0, 5, 5, -14 ],
[ -1, 3, -1, 2, -1, 1, 1, -2, 3, 0, 9, -13 ],
[ -1, 3, -1, 2, -1, 1, 1, -2, 5, 0, 9, -15 ],
[ -1, 3, -1, 2, -1, 1, 1, 0, 1, 0, 7, -11 ],
[ -1, 3, -1, 2, -1, 1, 1, 0, 3, 0, 7, -13 ],
[ -1, 3, -1, 2, -1, 2, 1, -1, 1, -5, 20, -19 ],
[ -1, 3, -1, 2, -1, 4, 1, 0, 0, 1, 7, -14 ],
[ -1, 3, -1, 2, 0, -4, 0, 9, -1, 1, 5, -12 ],
[ -1, 3, -1, 2, 0, -2, 0, 5, -1, -1, 9, -12 ],
[ -1, 3, -1, 2, 0, -2, 0, 5, 1, -1, 9, -14 ],
[ -1, 3, -1, 2, 0, 0, 0, -2, 4, 5, 4, -13 ],
[ -1, 3, -1, 2, 0, 0, 0, -1, 3, -3, 15, -16 ],
[ -1, 3, -1, 2, 0, 0, 0, 1, 1, -3, 13, -14 ],
[ -1, 3, -1, 2, 0, 1, 0, -4, 7, 0, 6, -12 ],
[ -1, 3, -1, 2, 0, 1, 0, -2, 3, 0, 4, -8 ],
[ -1, 3, -1, 2, 0, 1, 2, -1, 2, 0, 7, -13 ],
[ -1, 3, -1, 2, 0, 2, 0, -2, 2, 3, 4, -11 ],
[ -1, 3, -1, 2, 0, 4, 0, -4, 4, 1, 6, -13 ],
[ -1, 3, -1, 2, 1, -2, 1, 4, 0, -1, 9, -14 ],
[ -1, 3, -1, 2, 2, 1, 0, 0, 1, 0, 8, -14 ],
[ -1, 3, -1, 2, 3, -2, -1, 5, -1, -1, 10, -15 ],
[ -1, 3, -1, 3, -3, 0, 4, 0, 2, 0, 9, -15 ],
[ -1, 3, -1, 3, -3, 0, 4, 2, 0, 0, 7, -13 ],
[ -1, 3, -1, 3, -2, -3, 3, 7, -2, -1, 9, -14 ],
[ -1, 3, -1, 3, -2, -2, 1, 4, 0, 2, 8, -14 ],
[ -1, 3, -1, 3, -2, 0, 1, 0, 2, 0, 12, -16 ],
[ -1, 3, -1, 3, -2, 0, 1, 2, 0, 0, 10, -14 ],
[ -1, 3, -1, 3, -2, 0, 1, 4, 0, 0, 8, -14 ],
[ -1, 3, -1, 3, -2, 0, 1, 6, -2, 0, 6, -12 ],
[ -1, 3, -1, 3, -2, 0, 3, -2, 4, 0, 6, -12 ],
[ -1, 3, -1, 3, -2, 2, 1, -2, 2, -2, 14, -16 ],
[ -1, 3, -1, 3, -2, 3, 3, -2, 1, 1, 6, -13 ],
[ -1, 3, -1, 3, -1, 0, 0, 0, 2, 0, 7, -11 ],
[ -1, 3, -1, 3, -1, 0, 0, 2, 0, 0, 5, -9 ],
[ -1, 3, -1, 3, 0, 0, 1, -1, 3, 0, 7, -13 ],
[ -1, 3, -1, 3, 2, 0, -1, 0, 2, 0, 8, -14 ],
[ -1, 3, -1, 3, 2, 0, -1, 2, 0, 0, 6, -12 ],
[ -1, 3, -1, 4, -3, -1, 3, 2, 1, 0, 7, -13 ],
[ -1, 3, -1, 4, -2, 2, 2, -2, 2, 1, 6, -13 ],
[ -1, 3, -1, 4, -1, -1, 1, 3, 0, 0, 8, -14 ],
[ -1, 3, -1, 4, 0, 2, 0, -1, 1, 1, 7, -14 ],
[ -1, 3, -1, 5, -2, 1, 1, -2, 3, 1, 6, -13 ],
[ -1, 3, -1, 5, -1, -2, 0, 5, -1, 0, 6, -12 ],
[ -1, 3, -1, 6, -3, 0, 1, 2, 0, 1, 7, -14 ],
[ -1, 3, -1, 6, -2, 0, 0, -2, 4, 1, 6, -13 ],
[ -1, 3, 0, -5, 12, 0, -4, 0, 1, 0, 6, -11 ],
[ -1, 3, 0, -4, 10, 0, -3, -1, 2, 3, 5, -13 ],
[ -1, 3, 0, -4, 11, -1, -4, 2, 0, 0, 9, -14 ],
[ -1, 3, 0, -3, 6, 0, 0, 0, 1, -2, 12, -15 ],
[ -1, 3, 0, -3, 7, -1, -1, 2, 0, 3, 5, -13 ],
[ -1, 3, 0, -3, 10, 1, -4, -1, 1, 1, 5, -11 ],
[ -1, 3, 0, -2, 5, 0, 0, -1, 2, 1, 6, -12 ],
[ -1, 3, 0, -2, 7, 0, -2, 0, 1, 1, 7, -13 ],
[ -1, 3, 0, -1, 2, -4, 0, 10, -3, 0, 6, -11 ],
[ -1, 3, 0, -1, 2, -2, 0, 4, 1, -2, 12, -15 ],
[ -1, 3, 0, -1, 2, -1, 2, 2, 0, 1, 6, -12 ],
[ -1, 3, 0, -1, 2, 0, 0, -1, 2, 4, 5, -12 ],
[ -1, 3, 0, -1, 2, 0, 0, -1, 4, 4, 5, -14 ],
[ -1, 3, 0, -1, 2, 0, 0, 0, 1, -4, 16, -15 ],
[ -1, 3, 0, -1, 2, 2, 0, -3, 4, 2, 7, -14 ],
[ -1, 3, 0, -1, 2, 2, 0, -1, 2, 2, 5, -12 ],
[ -1, 3, 0, -1, 2, 4, 0, -3, 2, 0, 7, -12 ],
[ -1, 3, 0, -1, 2, 4, 0, -3, 4, 0, 7, -14 ],
[ -1, 3, 0, -1, 3, -3, -1, 6, 0, 3, 5, -13 ],
[ -1, 3, 0, -1, 3, -1, -1, 2, 0, 1, 9, -13 ],
[ -1, 3, 0, -1, 3, -1, -1, 2, 2, 1, 9, -15 ],
[ -1, 3, 0, -1, 3, -1, -1, 4, 0, 1, 7, -13 ],
[ -1, 3, 0, -1, 3, -1, -1, 6, -2, 1, 5, -11 ],
[ -1, 3, 0, -1, 3, 1, -1, 0, 2, -1, 11, -15 ],
[ -1, 3, 0, -1, 3, 1, -1, 2, 0, -1, 9, -13 ],
[ -1, 3, 0, -1, 4, 1, 0, -1, 1, -1, 11, -15 ],
[ -1, 3, 0, -1, 7, -1, -3, 2, 0, 1, 5, -11 ],
[ -1, 3, 0, 0, -3, 0, 6, 0, 1, -1, 9, -13 ],
[ -1, 3, 0, 0, -1, -3, 2, 7, -1, -2, 12, -15 ],
[ -1, 3, 0, 0, -1, -1, 2, 2, 0, 4, 5, -12 ],
[ -1, 3, 0, 0, -1, -1, 2, 2, 2, 4, 5, -14 ],
[ -1, 3, 0, 0, -1, 0, 2, -2, 5, -1, 9, -13 ],
[ -1, 3, 0, 0, -1, 0, 2, 0, 1, -1, 7, -9 ],
[ -1, 3, 0, 0, -1, 0, 4, -1, 2, -1, 12, -16 ],
[ -1, 3, 0, 0, -1, 1, 2, 0, 2, 2, 7, -14 ],
[ -1, 3, 0, 0, -1, 1, 2, 2, 0, 2, 5, -12 ],
[ -1, 3, 0, 0, -1, 3, 2, -2, 2, 0, 9, -14 ],
[ -1, 3, 0, 0, -1, 3, 2, 0, 0, 0, 7, -12 ],
[ -1, 3, 0, 0, -1, 3, 2, 0, 2, 0, 7, -14 ],
[ -1, 3, 0, 0, 0, -4, 1, 9, -2, 3, 5, -13 ],
[ -1, 3, 0, 0, 0, -2, 1, 5, 0, 1, 9, -15 ],
[ -1, 3, 0, 0, 0, -2, 1, 7, -2, 1, 7, -13 ],
[ -1, 3, 0, 0, 0, 0, 1, -1, 2, -1, 15, -17 ],
[ -1, 3, 0, 0, 0, 0, 1, 3, 0, -1, 11, -15 ],
[ -1, 3, 0, 0, 0, 1, 3, -1, 1, 2, 7, -14 ],
[ -1, 3, 0, 0, 0, 2, 1, -1, 2, -3, 15, -17 ],
[ -1, 3, 0, 0, 1, -5, 0, 12, -4, 0, 9, -14 ],
[ -1, 3, 0, 0, 1, -3, 0, 8, -2, -2, 13, -16 ],
[ -1, 3, 0, 0, 1, -2, 0, 3, 2, 1, 6, -12 ],
[ -1, 3, 0, 0, 1, -1, 0, 1, 1, 4, 8, -15 ],
[ -1, 3, 0, 0, 1, -1, 0, 2, 0, -4, 19, -18 ],
[ -1, 3, 0, 0, 1, 0, 0, -3, 6, -1, 12, -16 ],
[ -1, 3, 0, 0, 1, 0, 0, -1, 2, -1, 10, -12 ],
[ -1, 3, 0, 0, 1, 0, 0, -1, 4, -1, 10, -14 ],
[ -1, 3, 0, 0, 1, 0, 0, 1, 0, -1, 8, -10 ],
[ -1, 3, 0, 0, 1, 0, 0, 1, 2, -1, 8, -12 ],
[ -1, 3, 0, 0, 1, 1, 0, -2, 2, -6, 23, -20 ],
[ -1, 3, 0, 0, 1, 1, 0, -1, 1, 2, 10, -15 ],
[ -1, 3, 0, 0, 1, 1, 0, 3, -1, 2, 6, -13 ],
[ -1, 3, 0, 0, 1, 3, 0, -1, 1, 0, 10, -15 ],
[ -1, 3, 0, 0, 1, 5, 0, -3, 1, -2, 12, -15 ],
[ -1, 3, 0, 0, 2, 0, 1, 0, 1, -1, 8, -12 ],
[ -1, 3, 0, 0, 4, 0, -1, -1, 2, -1, 11, -15 ],
[ -1, 3, 0, 0, 5, 1, -2, -1, 1, 2, 6, -13 ],
[ -1, 3, 0, 1, -1, -2, 1, 2, 3, 4, 5, -14 ],
[ -1, 3, 0, 1, -1, 0, 1, 0, 1, 2, 7, -12 ],
[ -1, 3, 0, 1, -1, 0, 1, 0, 3, 2, 7, -14 ],
[ -1, 3, 0, 1, -1, 0, 1, 2, 1, 2, 5, -12 ],
[ -1, 3, 0, 1, -1, 2, 1, -2, 3, 0, 9, -14 ],
[ -1, 3, 0, 1, -1, 2, 1, 0, 1, 0, 7, -12 ],
[ -1, 3, 0, 1, -1, 2, 1, 0, 3, 0, 7, -14 ],
[ -1, 3, 0, 1, 0, -3, 0, 7, -1, 1, 7, -13 ],
[ -1, 3, 0, 1, 0, -3, 0, 9, -3, 1, 5, -11 ],
[ -1, 3, 0, 1, 0, -1, 0, 3, 1, -1, 11, -15 ],
[ -1, 3, 0, 1, 0, -1, 0, 5, -1, -1, 9, -13 ],
[ -1, 3, 0, 1, 0, 0, 2, -1, 2, 2, 7, -14 ],
[ -1, 3, 0, 1, 0, 1, 0, -1, 1, -3, 15, -15 ],
[ -1, 3, 0, 1, 0, 1, 0, -1, 3, -3, 15, -17 ],
[ -1, 3, 0, 1, 0, 2, 2, -1, 2, 0, 7, -14 ],
[ -1, 3, 0, 1, 1, -1, 1, 2, 0, -1, 11, -15 ],
[ -1, 3, 0, 2, -3, -1, 4, 2, 0, 2, 7, -14 ],
[ -1, 3, 0, 2, 0, 1, 1, -1, 1, 0, 7, -12 ],
[ -1, 3, 0, 2, 0, 1, 1, -1, 3, 0, 7, -14 ],
[ -1, 3, 0, 2, 2, -1, -1, 2, 0, 2, 6, -13 ],
[ -1, 3, 0, 3, -3, 0, 3, 0, 1, 0, 9, -14 ],
[ -1, 3, 0, 3, -3, 0, 3, 2, 1, 0, 7, -14 ],
[ -1, 3, 0, 3, 0, 0, 0, -1, 2, 0, 7, -12 ],
[ -1, 3, 0, 3, 0, 0, 0, -1, 4, 0, 7, -14 ],
[ -1, 3, 0, 4, -3, -1, 2, 2, 0, 0, 7, -12 ],
[ -1, 3, 0, 4, -3, -1, 2, 2, 2, 0, 7, -14 ],
[ -1, 3, 0, 4, -1, 1, 0, -1, 1, -2, 12, -15 ],
[ -1, 3, 1, -3, 7, 1, -2, 0, 1, 1, 7, -14 ],
[ -1, 3, 1, -3, 7, 3, -2, -2, 1, -1, 9, -14 ],
[ -1, 3, 1, -2, 5, 0, -1, -1, 3, 1, 6, -13 ],
[ -1, 3, 1, -1, 2, -1, 1, 2, 1, 1, 6, -13 ],
[ -1, 3, 1, -1, 2, 1, 1, -2, 3, -1, 10, -15 ],
[ -1, 3, 1, -1, 4, -1, -1, 3, 0, 1, 7, -14 ],
[ -1, 3, 1, -1, 4, 1, -1, 1, 0, -1, 9, -14 ],
[ -1, 3, 1, 0, -2, 1, 4, -2, 3, 2, 6, -14 ],
[ -1, 3, 1, 0, -2, 3, 4, -2, 1, 0, 6, -12 ],
[ -1, 3, 1, 0, -1, -2, 3, 5, -1, 1, 6, -13 ],
[ -1, 3, 1, 0, -1, 0, 3, 1, 1, -1, 10, -15 ],
[ -1, 3, 1, 0, 2, 0, 0, -2, 4, -1, 10, -15 ],
[ -1, 3, 1, 1, -2, 0, 3, -2, 4, 2, 6, -14 ],
[ -1, 3, 1, 1, -2, 2, 3, -2, 2, 0, 6, -12 ],
[ -1, 3, 1, 1, -1, -1, 2, 1, 2, -1, 10, -15 ],
[ -1, 3, 1, 1, 0, 2, 1, -1, 1, 0, 7, -13 ],
[ -1, 3, 1, 1, 1, -1, 0, 4, -1, -1, 9, -14 ],
[ -1, 3, 1, 2, -2, 1, 2, -2, 3, 0, 6, -12 ],
[ -1, 3, 1, 2, 0, 1, 0, -1, 2, 0, 7, -13 ],
[ -1, 3, 1, 3, -2, -3, 1, 7, -2, -1, 9, -14 ],
[ -1, 3, 1, 3, -2, 0, 1, -2, 4, 0, 6, -12 ],
[ -1, 3, 1, 3, -2, 3, 1, -2, 1, 1, 6, -13 ],
[ -1, 3, 2, -1, 2, -1, 0, 2, 0, 1, 6, -12 ],
[ -1, 3, 2, 0, -1, 0, 2, -1, 2, -1, 12, -16 ],
[ -1, 3, 2, 0, 0, 1, 1, -1, 1, 2, 7, -14 ],
[ -1, 3, 2, 1, 0, 0, 0, -1, 2, 2, 7, -14 ],
[ -1, 4, -2, -4, 8, -1, 0, 2, 1, 0, 7, -13 ],
[ -1, 4, -2, -3, 5, -2, 2, 5, -1, 0, 7, -13 ],
[ -1, 4, -2, -3, 6, 1, 1, 1, 0, 1, 6, -13 ],
[ -1, 4, -2, -2, 4, 0, 2, -2, 4, 1, 7, -14 ],
[ -1, 4, -2, -1, 1, -1, 4, 1, 2, 1, 7, -14 ],
[ -1, 4, -2, -1, 1, 0, 2, -2, 4, 4, 6, -14 ],
[ -1, 4, -2, -1, 1, 1, 4, -1, 2, -1, 9, -14 ],
[ -1, 4, -2, -1, 1, 2, 2, -2, 4, 2, 6, -14 ],
[ -1, 4, -2, -1, 1, 4, 2, -4, 4, 0, 8, -14 ],
[ -1, 4, -2, -1, 3, -1, 0, -1, 6, 1, 7, -14 ],
[ -1, 4, -2, -1, 3, -1, 2, 4, -1, 1, 6, -13 ],
[ -1, 4, -2, -1, 3, 1, 2, 0, 1, -1, 10, -15 ],
[ -1, 4, -2, 0, -4, 0, 8, -1, 3, -1, 10, -15 ],
[ -1, 4, -2, 0, -2, -5, 4, 12, -3, 0, 7, -13 ],
[ -1, 4, -2, 0, -2, -2, 6, 4, 0, 1, 7, -14 ],
[ -1, 4, -2, 0, -2, -1, 4, 1, 2, 4, 6, -14 ],
[ -1, 4, -2, 0, -2, -1, 4, 2, 1, -4, 17, -17 ],
[ -1, 4, -2, 0, -2, -1, 4, 3, 0, 4, 4, -12 ],
[ -1, 4, -2, 0, -2, 0, 4, -3, 7, -1, 10, -15 ],
[ -1, 4, -2, 0, -2, 0, 4, -1, 3, -1, 8, -11 ],
[ -1, 4, -2, 0, -2, 0, 6, 2, 0, -1, 9, -14 ],
[ -1, 4, -2, 0, -2, 1, 4, -1, 2, 2, 8, -14 ],
[ -1, 4, -2, 0, -2, 1, 4, 1, 2, 2, 6, -14 ],
[ -1, 4, -2, 0, -2, 3, 4, -1, 2, 0, 8, -14 ],
[ -1, 4, -2, 0, -2, 3, 4, 1, 0, 0, 6, -12 ],
[ -1, 4, -2, 0, -1, 1, 5, 0, 1, 2, 6, -14 ],
[ -1, 4, -2, 0, 0, -2, 2, 2, 4, 1, 7, -14 ],
[ -1, 4, -2, 0, 0, 0, 2, 0, 4, -1, 9, -14 ],
[ -1, 4, -2, 0, 1, 0, 3, -1, 3, -1, 9, -14 ],
[ -1, 4, -2, 1, -2, -1, 5, 2, 1, -1, 9, -14 ],
[ -1, 4, -2, 1, -2, 0, 3, 1, 3, 2, 6, -14 ],
[ -1, 4, -2, 1, -2, 2, 3, -1, 3, 0, 8, -14 ],
[ -1, 4, -2, 1, -1, 0, 4, 0, 2, 2, 6, -14 ],
[ -1, 4, -2, 1, -1, 2, 4, -2, 2, 0, 8, -14 ],
[ -1, 4, -2, 1, 0, -3, 3, 7, -2, 1, 6, -13 ],
[ -1, 4, -2, 1, 0, -1, 3, 3, 0, -1, 10, -15 ],
[ -1, 4, -2, 2, -4, -1, 6, 3, 0, 2, 6, -14 ],
[ -1, 4, -2, 2, -1, 1, 3, -2, 3, 0, 8, -14 ],
[ -1, 4, -2, 2, -1, 1, 3, 0, 1, 0, 6, -12 ],
[ -1, 4, -2, 3, -4, 0, 5, 1, 1, 0, 8, -14 ],
[ -1, 4, -2, 3, -1, 0, 2, -2, 4, 0, 8, -14 ],
[ -1, 4, -2, 4, -4, -1, 4, 1, 2, 0, 8, -14 ],
[ -1, 4, -2, 4, -4, -1, 4, 3, 0, 0, 6, -12 ],
[ -1, 4, -1, -5, 13, 0, -5, 0, 1, 0, 8, -13 ],
[ -1, 4, -1, -4, 10, 1, -3, -1, 1, -2, 12, -15 ],
[ -1, 4, -1, -3, 6, 1, 0, -1, 1, 1, 8, -14 ],
[ -1, 4, -1, -2, 4, 0, 1, 0, 1, 1, 5, -11 ],
[ -1, 4, -1, -2, 6, 0, -1, -1, 2, 1, 8, -14 ],
[ -1, 4, -1, -2, 7, -1, -2, 2, 0, -2, 12, -15 ],
[ -1, 4, -1, -2, 8, 0, -3, 0, 1, 1, 9, -15 ],
[ -1, 4, -1, -1, 1, 1, 3, -1, 1, -1, 9, -13 ],
[ -1, 4, -1, -1, 2, -1, 0, 3, 1, 1, 8, -14 ],
[ -1, 4, -1, -1, 2, -1, 0, 5, -1, 1, 6, -12 ],
[ -1, 4, -1, -1, 2, 1, 0, -1, 1, -1, 12, -14 ],
[ -1, 4, -1, -1, 2, 1, 0, -1, 3, -1, 12, -16 ],
[ -1, 4, -1, -1, 2, 1, 0, 1, 1, -1, 10, -14 ],
[ -1, 4, -1, -1, 2, 1, 0, 3, -1, -1, 8, -12 ],
[ -1, 4, -1, -1, 2, 3, 0, -3, 3, -3, 14, -16 ],
[ -1, 4, -1, -1, 3, -4, -1, 10, -3, 0, 8, -13 ],
[ -1, 4, -1, -1, 3, -1, -1, 1, 3, 1, 5, -11 ],
[ -1, 4, -1, -1, 3, -1, 1, 2, 0, 1, 8, -14 ],
[ -1, 4, -1, -1, 3, 0, -1, 0, 1, -4, 18, -17 ],
[ -1, 4, -1, -1, 3, 1, -1, -3, 5, -1, 9, -13 ],
[ -1, 4, -1, -1, 3, 1, -1, -1, 1, -1, 7, -9 ],
[ -1, 4, -1, -1, 3, 2, -1, 1, 0, 2, 5, -12 ],
[ -1, 4, -1, -1, 6, 1, -2, -1, 1, -1, 8, -12 ],
[ -1, 4, -1, 0, -3, 1, 6, -1, 1, 2, 5, -12 ],
[ -1, 4, -1, 0, -3, 3, 6, -3, 3, 0, 7, -14 ],
[ -1, 4, -1, 0, -2, 0, 5, 0, 1, -1, 11, -15 ],
[ -1, 4, -1, 0, -1, -4, 2, 10, -3, 3, 4, -12 ],
[ -1, 4, -1, 0, -1, -2, 2, 6, -1, 1, 8, -14 ],
[ -1, 4, -1, 0, -1, 0, 2, -1, 2, 7, 3, -13 ],
[ -1, 4, -1, 0, -1, 0, 2, 0, 1, -1, 14, -16 ],
[ -1, 4, -1, 0, -1, 0, 2, 2, 1, -1, 12, -16 ],
[ -1, 4, -1, 0, -1, 0, 2, 4, -1, -1, 10, -14 ],
[ -1, 4, -1, 0, -1, 1, 2, -3, 5, 2, 5, -12 ],
[ -1, 4, -1, 0, -1, 1, 2, -1, 1, 2, 3, -8 ],
[ -1, 4, -1, 0, -1, 2, 2, 0, 1, -3, 14, -16 ],
[ -1, 4, -1, 0, -1, 3, 2, -5, 7, 0, 7, -14 ],
[ -1, 4, -1, 0, -1, 3, 2, -3, 3, 0, 5, -10 ],
[ -1, 4, -1, 0, -1, 4, 2, -3, 2, 3, 5, -13 ],
[ -1, 4, -1, 0, 0, -3, 1, 9, -3, -2, 12, -15 ],
[ -1, 4, -1, 0, 0, -2, 1, 4, 1, 1, 5, -11 ],
[ -1, 4, -1, 0, 0, -1, 1, 2, 0, 4, 7, -14 ],
[ -1, 4, -1, 0, 0, 0, 1, -2, 5, -1, 11, -15 ],
[ -1, 4, -1, 0, 0, 0, 1, 0, 1, -1, 9, -11 ],
[ -1, 4, -1, 0, 0, 0, 1, 0, 3, -1, 9, -13 ],
[ -1, 4, -1, 0, 0, 1, 1, -1, 1, -6, 22, -19 ],
[ -1, 4, -1, 0, 0, 1, 1, 2, 0, 2, 7, -14 ],
[ -1, 4, -1, 0, 0, 3, 1, 0, 0, 0, 9, -14 ],
[ -1, 4, -1, 0, 1, -2, 0, 7, -2, 1, 9, -15 ],
[ -1, 4, -1, 0, 1, 0, 0, 0, 1, 7, 4, -14 ],
[ -1, 4, -1, 0, 1, 0, 2, -1, 2, -1, 9, -13 ],
[ -1, 4, -1, 0, 1, 1, 0, -2, 4, 2, 6, -13 ],
[ -1, 4, -1, 0, 1, 2, 0, 1, 0, -3, 15, -17 ],
[ -1, 4, -1, 0, 1, 3, 0, -2, 2, 0, 6, -11 ],
[ -1, 4, -1, 0, 1, 4, 0, -2, 1, 3, 6, -14 ],
[ -1, 4, -1, 0, 1, 8, 0, -4, 1, -1, 8, -14 ],
[ -1, 4, -1, 0, 3, 0, 0, 0, 1, -1, 10, -14 ],
[ -1, 4, -1, 1, -3, 0, 5, -1, 2, 2, 5, -12 ],
[ -1, 4, -1, 1, -3, 2, 5, -3, 4, 0, 7, -14 ],
[ -1, 4, -1, 1, -2, -1, 4, 2, 0, -1, 9, -13 ],
[ -1, 4, -1, 1, -1, -3, 1, 6, 0, 1, 8, -14 ],
[ -1, 4, -1, 1, -1, -3, 1, 8, -2, 1, 6, -12 ],
[ -1, 4, -1, 1, -1, -1, 1, 2, 0, -1, 12, -14 ],
[ -1, 4, -1, 1, -1, -1, 1, 2, 2, -1, 12, -16 ],
[ -1, 4, -1, 1, -1, -1, 1, 4, 0, -1, 10, -14 ],
[ -1, 4, -1, 1, -1, -1, 1, 6, -2, -1, 8, -12 ],
[ -1, 4, -1, 1, -1, 0, 1, -3, 6, 2, 5, -12 ],
[ -1, 4, -1, 1, -1, 0, 1, -1, 2, 2, 3, -8 ],
[ -1, 4, -1, 1, -1, 0, 3, 0, 1, 2, 6, -13 ],
[ -1, 4, -1, 1, -1, 1, 1, -2, 2, -3, 16, -16 ],
[ -1, 4, -1, 1, -1, 1, 1, -1, 1, 5, 3, -11 ],
[ -1, 4, -1, 1, -1, 1, 1, 0, 2, -3, 14, -16 ],
[ -1, 4, -1, 1, -1, 2, 1, -5, 8, 0, 7, -14 ],
[ -1, 4, -1, 1, -1, 2, 1, -3, 4, 0, 5, -10 ],
[ -1, 4, -1, 1, -1, 3, 1, -3, 3, 3, 5, -13 ],
[ -1, 4, -1, 1, -1, 5, 1, -3, 1, 1, 5, -11 ],
[ -1, 4, -1, 1, 0, -1, 0, 0, 4, -1, 9, -13 ],
[ -1, 4, -1, 1, 0, -1, 0, 2, 0, -1, 7, -9 ],
[ -1, 4, -1, 1, 0, 0, 0, 0, 1, 2, 9, -14 ],
[ -1, 4, -1, 1, 0, 0, 0, 4, -1, 2, 5, -12 ],
[ -1, 4, -1, 1, 0, 1, 2, -1, 1, -3, 14, -16 ],
[ -1, 4, -1, 1, 0, 4, 0, -2, 1, -2, 11, -14 ],
[ -1, 4, -1, 1, 3, -1, -1, 2, 0, -1, 8, -12 ],
[ -1, 4, -1, 1, 4, 0, -2, 0, 1, 2, 5, -12 ],
[ -1, 4, -1, 2, -3, 1, 4, -3, 5, 0, 7, -14 ],
[ -1, 4, -1, 2, -3, 1, 4, -1, 1, 0, 5, -10 ],
[ -1, 4, -1, 2, -2, 0, 1, 0, 1, -3, 19, -19 ],
[ -1, 4, -1, 2, 0, 0, 1, -1, 2, -3, 14, -16 ],
[ -1, 4, -1, 2, 1, 1, 0, -1, 1, 0, 9, -14 ],
[ -1, 4, -1, 2, 2, 0, -1, 0, 1, -3, 15, -17 ],
[ -1, 4, -1, 3, -5, 0, 7, -1, 2, 0, 7, -14 ],
[ -1, 4, -1, 3, -3, -1, 3, 2, 0, -3, 14, -16 ],
[ -1, 4, -1, 3, -3, 0, 3, -3, 6, 0, 7, -14 ],
[ -1, 4, -1, 3, -3, 0, 3, -1, 2, 0, 5, -10 ],
[ -1, 4, -1, 3, -3, 1, 3, -1, 1, 3, 5, -13 ],
[ -1, 4, -1, 3, -1, 0, 1, 0, 1, 0, 6, -11 ],
[ -1, 4, -1, 4, -3, 0, 2, -1, 2, 3, 5, -13 ],
[ -1, 4, -1, 4, -2, -1, 1, 2, 0, 0, 9, -14 ],
[ -1, 4, -1, 4, -1, 0, 0, 0, 1, 3, 6, -14 ],
[ -1, 4, -1, 5, -3, 1, 1, -1, 1, 1, 5, -11 ],
[ -1, 4, -1, 5, -2, 0, 0, 0, 1, -2, 11, -14 ],
[ -1, 4, 0, -2, 4, 0, 0, -2, 4, 1, 7, -14 ],
[ -1, 4, 0, -2, 6, 0, -2, 1, 1, 1, 6, -13 ],
[ -1, 4, 0, -1, 1, -1, 2, 1, 2, 1, 7, -14 ],
[ -1, 4, 0, -1, 1, 1, 2, -1, 2, -1, 9, -14 ],
[ -1, 4, 0, -1, 3, -1, 0, 4, -1, 1, 6, -13 ],
[ -1, 4, 0, -1, 3, 1, 0, 0, 1, -1, 10, -15 ],
[ -1, 4, 0, 0, -2, -2, 4, 4, 0, 1, 7, -14 ],
[ -1, 4, 0, 0, -2, 0, 4, 2, 0, -1, 9, -14 ],
[ -1, 4, 0, 0, -1, 3, 3, -2, 1, 0, 8, -14 ],
[ -1, 4, 0, 0, 1, 0, 1, -1, 3, -1, 9, -14 ],
[ -1, 4, 0, 0, 3, -2, -1, 4, 0, 1, 6, -13 ],
[ -1, 4, 0, 0, 3, 0, -1, 0, 2, -1, 10, -15 ],
[ -1, 4, 0, 1, -2, -1, 3, 2, 1, -1, 9, -14 ],
[ -1, 4, 0, 1, -1, 2, 2, -2, 2, 0, 8, -14 ],
[ -1, 4, 0, 1, 0, -3, 1, 7, -2, 1, 6, -13 ],
[ -1, 4, 0, 1, 0, -1, 1, 3, 0, -1, 10, -15 ],
[ -1, 4, 0, 2, -1, 1, 1, -2, 3, 0, 8, -14 ],
[ -1, 4, 0, 2, -1, 1, 1, 0, 1, 0, 6, -12 ],
[ -1, 4, 0, 3, -1, 0, 0, -2, 4, 0, 8, -14 ],
[ -1, 4, 0, 3, -1, 0, 0, 0, 2, 0, 6, -12 ],
[ -1, 4, 1, -1, 3, -1, -1, 2, 0, 1, 8, -14 ],
[ -1, 4, 1, 0, 1, 0, 0, -1, 2, -1, 9, -13 ],
[ -1, 4, 1, 1, -1, 0, 1, 0, 1, 2, 6, -13 ],
[ -1, 4, 1, 1, 0, 1, 0, -1, 1, -3, 14, -16 ],
[ -1, 5, -2, -5, 12, 0, -4, -1, 2, 0, 9, -14 ],
[ -1, 5, -2, -4, 9, -1, -2, 2, 0, 0, 9, -14 ],
[ -1, 5, -2, -4, 10, 0, -3, 0, 1, 3, 6, -14 ],
[ -1, 5, -2, -3, 8, 1, -2, -1, 1, 1, 5, -11 ],
[ -1, 5, -2, -3, 9, 0, -3, 0, 1, -2, 11, -14 ],
[ -1, 5, -2, -2, 3, 0, 2, -1, 2, 1, 6, -12 ],
[ -1, 5, -2, -2, 5, 0, 0, 0, 1, 1, 7, -13 ],
[ -1, 5, -2, -2, 8, 0, -3, -1, 2, 1, 5, -11 ],
[ -1, 5, -2, -1, 0, -1, 4, 2, 0, 1, 6, -12 ],
[ -1, 5, -2, -1, 2, -4, 0, 9, -2, 0, 9, -14 ],
[ -1, 5, -2, -1, 2, -2, 0, 5, 0, -2, 13, -16 ],
[ -1, 5, -2, -1, 2, -2, 0, 7, -2, -2, 11, -14 ],
[ -1, 5, -2, -1, 2, -1, 0, 0, 4, 1, 6, -12 ],
[ -1, 5, -2, -1, 2, -1, 0, 2, 0, 1, 4, -8 ],
[ -1, 5, -2, -1, 2, 0, 0, -1, 2, -4, 19, -18 ],
[ -1, 5, -2, -1, 2, 0, 0, 0, 1, 4, 6, -13 ],
[ -1, 5, -2, -1, 2, 1, 0, -2, 4, -1, 8, -12 ],
[ -1, 5, -2, -1, 2, 1, 2, -1, 1, -1, 11, -15 ],
[ -1, 5, -2, -1, 2, 2, 0, 0, 1, 2, 6, -13 ],
[ -1, 5, -2, -1, 2, 4, 0, -2, 1, 0, 8, -13 ],
[ -1, 5, -2, -1, 5, -1, -1, 2, 0, 1, 5, -11 ],
[ -1, 5, -2, 0, -3, 0, 6, -1, 2, -1, 12, -16 ],
[ -1, 5, -2, 0, -2, -1, 5, 1, 1, 4, 5, -14 ],
[ -1, 5, -2, 0, -2, 1, 5, -1, 1, 2, 7, -14 ],
[ -1, 5, -2, 0, -2, 3, 5, -1, 1, 0, 7, -14 ],
[ -1, 5, -2, 0, -1, -5, 2, 12, -4, 0, 9, -14 ],
[ -1, 5, -2, 0, -1, -3, 2, 8, -2, -2, 13, -16 ],
[ -1, 5, -2, 0, -1, -2, 2, 3, 2, 1, 6, -12 ],
[ -1, 5, -2, 0, -1, -1, 2, 1, 1, 4, 8, -15 ],
[ -1, 5, -2, 0, -1, -1, 2, 2, 0, -4, 19, -18 ],
[ -1, 5, -2, 0, -1, 0, 2, -3, 6, -1, 12, -16 ],
[ -1, 5, -2, 0, -1, 0, 2, -1, 2, -1, 10, -12 ],
[ -1, 5, -2, 0, -1, 0, 2, -1, 4, -1, 10, -14 ],
[ -1, 5, -2, 0, -1, 0, 2, 1, 0, -1, 8, -10 ],
[ -1, 5, -2, 0, -1, 0, 2, 1, 2, -1, 8, -12 ],
[ -1, 5, -2, 0, -1, 1, 2, -2, 2, -6, 23, -20 ],
[ -1, 5, -2, 0, -1, 1, 2, -1, 1, 2, 10, -15 ],
[ -1, 5, -2, 0, -1, 1, 2, 3, -1, 2, 6, -13 ],
[ -1, 5, -2, 0, -1, 3, 2, -1, 1, 0, 10, -15 ],
[ -1, 5, -2, 0, -1, 5, 2, -3, 1, -2, 12, -15 ],
[ -1, 5, -2, 0, 0, -4, 1, 10, -3, 3, 6, -14 ],
[ -1, 5, -2, 0, 0, -1, 1, -1, 5, 4, 5, -14 ],
[ -1, 5, -2, 0, 0, -1, 1, 1, 1, 4, 3, -10 ],
[ -1, 5, -2, 0, 0, 0, 1, 0, 1, -1, 16, -18 ],
[ -1, 5, -2, 0, 0, 0, 1, 4, -1, -1, 12, -16 ],
[ -1, 5, -2, 0, 0, 0, 3, 0, 1, -1, 8, -12 ],
[ -1, 5, -2, 0, 0, 1, 1, -3, 5, 2, 7, -14 ],
[ -1, 5, -2, 0, 0, 1, 1, -1, 1, 2, 5, -10 ],
[ -1, 5, -2, 0, 0, 1, 1, -1, 3, 2, 5, -12 ],
[ -1, 5, -2, 0, 0, 3, 1, -3, 3, 0, 7, -12 ],
[ -1, 5, -2, 0, 0, 3, 1, -3, 5, 0, 7, -14 ],
[ -1, 5, -2, 0, 0, 3, 1, -1, 1, 0, 5, -10 ],
[ -1, 5, -2, 0, 1, -2, 0, 4, 1, 1, 7, -13 ],
[ -1, 5, -2, 0, 1, -2, 0, 6, -1, 1, 5, -11 ],
[ -1, 5, -2, 0, 1, 0, 0, 0, 1, -1, 11, -13 ],
[ -1, 5, -2, 0, 1, 0, 0, 0, 3, -1, 11, -15 ],
[ -1, 5, -2, 0, 1, 0, 0, 2, 1, -1, 9, -13 ],
[ -1, 5, -2, 0, 1, 2, 0, -4, 5, -3, 15, -17 ],
[ -1, 5, -2, 0, 2, 0, 1, -1, 2, -1, 11, -15 ],
[ -1, 5, -2, 0, 3, 1, 0, -1, 1, 2, 6, -13 ],
[ -1, 5, -2, 0, 4, 0, -1, 0, 1, -1, 12, -16 ],
[ -1, 5, -2, 1, -2, 0, 4, -1, 2, 2, 7, -14 ],
[ -1, 5, -2, 1, -2, 2, 4, -1, 2, 0, 7, -14 ],
[ -1, 5, -2, 1, -1, -4, 1, 10, -3, -2, 11, -14 ],
[ -1, 5, -2, 1, -1, -1, 1, 1, 3, -1, 8, -12 ],
[ -1, 5, -2, 1, -1, -1, 3, 2, 0, -1, 11, -15 ],
[ -1, 5, -2, 1, -1, 0, 1, -1, 2, 2, 10, -15 ],
[ -1, 5, -2, 1, -1, 0, 1, 0, 1, -6, 21, -18 ],
[ -1, 5, -2, 1, -1, 0, 1, 3, 0, 2, 6, -13 ],
[ -1, 5, -2, 1, -1, 1, 3, -2, 2, -3, 15, -17 ],
[ -1, 5, -2, 1, -1, 2, 1, -1, 2, 0, 10, -15 ],
[ -1, 5, -2, 1, -1, 2, 1, 1, 0, 0, 8, -13 ],
[ -1, 5, -2, 1, -1, 4, 1, -3, 2, -2, 12, -15 ],
[ -1, 5, -2, 1, 0, 0, 0, -1, 2, 2, 5, -10 ],
[ -1, 5, -2, 1, 0, 0, 0, 1, 0, 2, 3, -8 ],
[ -1, 5, -2, 1, 0, 2, 0, -1, 2, 0, 5, -10 ],
[ -1, 5, -2, 1, 3, 0, -1, -1, 2, 2, 6, -13 ],
[ -1, 5, -2, 2, -2, 1, 3, -1, 1, 0, 7, -12 ],
[ -1, 5, -2, 2, -2, 1, 3, -1, 3, 0, 7, -14 ],
[ -1, 5, -2, 2, 0, -1, 1, 2, 0, 2, 6, -13 ],
[ -1, 5, -2, 3, -2, 0, 2, -1, 2, 0, 7, -12 ],
[ -1, 5, -2, 3, -2, 0, 2, -1, 4, 0, 7, -14 ],
[ -1, 5, -2, 3, 0, 0, 0, 0, 1, 0, 8, -13 ],
[ -1, 5, -2, 4, -3, 1, 2, -1, 1, -2, 12, -15 ],
[ -1, 5, -2, 5, -3, 0, 1, -1, 2, -2, 12, -15 ],
[ -1, 5, -1, -2, 5, 0, -1, 0, 2, 1, 7, -14 ],
[ -1, 5, -1, -2, 5, 2, -1, -2, 2, -1, 9, -14 ],
[ -1, 5, -1, -2, 6, -3, -2, 7, -2, 0, 7, -13 ],
[ -1, 5, -1, -1, 2, -1, 1, 3, 0, 1, 7, -14 ],
[ -1, 5, -1, -1, 2, 1, 1, 1, 0, -1, 9, -14 ],
[ -1, 5, -1, -1, 5, 1, -2, -2, 3, -1, 9, -14 ],
[ -1, 5, -1, 0, 0, 0, 2, -2, 4, -1, 10, -15 ],
[ -1, 5, -1, 0, 2, 0, 0, 1, 1, -1, 9, -14 ],
[ -1, 5, -1, 1, -2, 2, 3, -1, 1, 0, 7, -13 ],
[ -1, 5, -1, 1, -1, -1, 2, 4, -1, -1, 9, -14 ],
[ -1, 5, -1, 1, 2, -1, -1, 1, 2, -1, 9, -14 ],
[ -1, 5, -1, 2, -2, 1, 2, -1, 2, 0, 7, -13 ],
[ -1, 5, -1, 2, -1, -2, 1, 4, 0, -1, 9, -14 ],
[ -1, 5, -1, 2, 0, 1, 0, 0, 1, 0, 8, -14 ],
[ -1, 5, -1, 3, -2, 0, 1, -1, 3, 0, 7, -13 ],
[ -1, 5, 0, -1, 2, 1, 0, -1, 1, -1, 11, -15 ],
[ -1, 5, 0, 0, 0, 0, 1, 0, 1, -1, 8, -12 ],
[ -1, 5, 0, 1, -1, -1, 1, 2, 0, -1, 11, -15 ],
[ -1, 5, 0, 1, -1, 1, 1, -2, 2, -3, 15, -17 ],
[ -1, 6, -3, -1, 1, -1, 3, 2, 0, 1, 8, -14 ],
[ -1, 6, -3, 0, -1, 0, 4, -1, 2, -1, 9, -13 ],
[ -1, 6, -3, 1, -3, 0, 5, 0, 1, 2, 6, -13 ],
[ -1, 6, -3, 1, -2, 1, 4, -1, 1, -3, 14, -16 ],
[ -1, 6, -2, -3, 7, 1, -2, -2, 3, 1, 6, -13 ],
[ -1, 6, -2, -3, 8, -2, -3, 5, -1, 0, 6, -12 ],
[ -1, 6, -2, -2, 4, 0, 0, 1, 1, 1, 6, -13 ],
[ -1, 6, -2, -2, 6, 0, -2, 2, 0, 1, 7, -14 ],
[ -1, 6, -2, -1, 1, -1, 2, 4, -1, 1, 6, -13 ],
[ -1, 6, -2, -1, 1, 1, 2, 0, 1, -1, 10, -15 ],
[ -1, 6, -2, -1, 4, -1, -1, 1, 2, 1, 6, -13 ],
[ -1, 6, -2, 0, -1, 0, 3, -1, 3, -1, 9, -14 ],
[ -1, 6, -2, 0, 1, -2, 1, 4, 0, 1, 6, -13 ],
[ -1, 6, -2, 0, 1, 0, 1, 0, 2, -1, 10, -15 ],
[ -1, 6, -2, 0, 2, 3, 0, -2, 1, 0, 7, -13 ],
[ -1, 6, -2, 0, 3, -2, -1, 5, -1, 1, 7, -14 ],
[ -1, 6, -2, 1, -2, -3, 3, 7, -2, 1, 6, -13 ],
[ -1, 6, -2, 1, -2, -1, 3, 3, 0, -1, 10, -15 ],
[ -1, 6, -2, 2, -1, 1, 1, 1, 0, 0, 7, -13 ],
[ -1, 6, -1, 0, -1, 0, 2, -1, 2, -1, 9, -13 ],
[ -1, 6, -1, 0, 1, 0, 0, 0, 1, -1, 10, -14 ],
[ -1, 6, -1, 1, -2, 1, 2, -1, 1, -3, 14, -16 ],
[ -1, 6, -1, 2, -2, 0, 1, -1, 2, -3, 14, -16 ],
[ -1, 7, -3, -3, 7, -2, -2, 4, 0, 0, 7, -13 ],
[ -1, 7, -3, -2, 4, -3, 0, 7, -2, 0, 7, -13 ],
[ -1, 7, -3, -2, 5, 2, -1, -1, 1, -1, 10, -15 ],
[ -1, 7, -3, -1, 3, 1, 0, -2, 3, -1, 9, -14 ],
[ -1, 7, -3, 0, -2, 0, 4, -2, 4, -1, 10, -15 ],
[ -1, 7, -3, 0, 0, 0, 2, 1, 1, -1, 9, -14 ],
[ -1, 7, -3, 0, 2, 0, 0, 2, 0, -1, 10, -15 ],
[ -1, 7, -3, 0, 3, 0, -1, -2, 4, -1, 9, -14 ],
[ -1, 7, -3, 1, 0, -1, 1, 1, 2, -1, 9, -14 ],
[ -1, 7, -3, 1, 1, 2, 0, -1, 1, 0, 6, -12 ],
[ -1, 7, -3, 2, -2, 1, 2, 0, 1, 0, 8, -14 ],
[ -1, 7, -3, 2, -1, -2, 1, 5, -1, -1, 10, -15 ],
[ -1, 7, -3, 3, -2, 0, 1, 0, 2, 0, 8, -14 ],
[ -1, 7, -3, 3, -2, 0, 1, 2, 0, 0, 6, -12 ],
[ -1, 7, -2, -1, 3, -1, -1, 2, 0, 1, 5, -11 ],
[ -1, 7, -2, 0, 0, 0, 1, -1, 2, -1, 11, -15 ],
[ -1, 7, -2, 0, 1, 1, 0, -1, 1, 2, 6, -13 ],
[ -1, 8, -3, -1, 2, 1, 0, -1, 1, -1, 8, -12 ],
[ -1, 8, -3, 0, -1, 0, 2, 0, 1, -1, 10, -14 ],
[ -1, 8, -3, 1, -1, -1, 1, 2, 0, -1, 8, -12 ],
[ -1, 8, -3, 1, 0, 0, 0, 0, 1, 2, 5, -12 ],
[ -1, 8, -3, 2, -2, 0, 1, 0, 1, -3, 15, -17 ],
[ -1, 9, -4, 0, -1, 1, 2, -1, 1, 2, 6, -13 ],
[ -1, 9, -4, 0, 0, 0, 1, 0, 1, -1, 12, -16 ],
[ -1, 9, -4, 1, -1, 0, 1, -1, 2, 2, 6, -13 ],
[ -1, 10, -4, 0, -1, -2, 1, 5, -1, 1, 7, -14 ],
[ -1, 11, -5, 0, -1, 0, 1, -2, 4, -1, 9, -14 ],
[ 0, -5, 10, 0, 0, -2, 0, 4, 0, 0, 6, -12 ],
[ 0, -5, 10, 0, 0, 0, 0, -2, 4, -2, 12, -16 ],
[ 0, -4, 8, -2, 3, 0, 2, -1, 2, 0, 7, -14 ],
[ 0, -4, 8, -2, 5, -1, -2, 2, 0, -3, 14, -16 ],
[ 0, -4, 8, -2, 5, 0, -2, -3, 6, 0, 7, -14 ],
[ 0, -4, 8, -2, 5, 0, -2, -1, 2, 0, 5, -10 ],
[ 0, -4, 8, -2, 5, 1, -2, -1, 1, 3, 5, -13 ],
[ 0, -4, 8, -1, 2, -1, 0, 0, 4, 0, 7, -14 ],
[ 0, -4, 8, -1, 2, -1, 0, 2, 0, 0, 5, -10 ],
[ 0, -4, 8, 0, -1, -2, 2, 3, 2, 0, 7, -14 ],
[ 0, -4, 8, 0, -1, 0, 2, -1, 2, -2, 11, -14 ],
[ 0, -4, 8, 0, 0, 1, 1, -1, 1, 1, 6, -12 ],
[ 0, -4, 8, 0, 1, 0, 0, 0, 1, -2, 12, -15 ],
[ 0, -4, 8, 0, 2, -1, -1, 2, 0, 3, 5, -13 ],
[ 0, -4, 8, 1, 0, 0, 0, -1, 2, 1, 6, -12 ],
[ 0, -4, 8, 2, -1, 1, 0, -1, 1, -1, 11, -15 ],
[ 0, -4, 9, 0, 0, 1, 0, -1, 2, 1, 6, -13 ],
[ 0, -3, 6, -4, 10, -1, -4, 1, 2, -1, 9, -14 ],
[ 0, -3, 6, -3, 7, -2, -2, 4, 0, -1, 9, -14 ],
[ 0, -3, 6, -3, 8, 1, -3, 0, 1, 0, 8, -14 ],
[ 0, -3, 6, -2, 4, -3, 0, 7, -2, -1, 9, -14 ],
[ 0, -3, 6, -2, 4, 0, 0, -2, 4, 0, 6, -12 ],
[ 0, -3, 6, -2, 4, 3, 0, -2, 1, 1, 6, -13 ],
[ 0, -3, 6, -2, 6, 0, -2, -1, 3, 0, 7, -13 ],
[ 0, -3, 6, -1, 1, -1, 2, 1, 2, 0, 6, -12 ],
[ 0, -3, 6, -1, 3, -1, 0, 2, 1, 0, 7, -13 ],
[ 0, -3, 6, -1, 4, 2, -1, -2, 2, 1, 6, -13 ],
[ 0, -3, 6, -1, 5, -1, -2, 3, 0, 0, 8, -14 ],
[ 0, -3, 6, 0, -2, -2, 4, 4, 0, 0, 6, -12 ],
[ 0, -3, 6, 0, -2, 0, 4, -2, 4, -2, 12, -16 ],
[ 0, -3, 6, 0, -1, 1, 3, -2, 3, 1, 7, -14 ],
[ 0, -3, 6, 0, 0, -5, 0, 11, -2, -1, 9, -14 ],
[ 0, -3, 6, 0, 0, -3, 0, 7, -2, -3, 13, -14 ],
[ 0, -3, 6, 0, 0, -2, 0, 2, 4, 0, 6, -12 ],
[ 0, -3, 6, 0, 0, -2, 0, 4, 0, 0, 4, -8 ],
[ 0, -3, 6, 0, 0, -2, 2, 5, -1, 0, 7, -13 ],
[ 0, -3, 6, 0, 0, -1, 0, 0, 3, 3, 8, -15 ],
[ 0, -3, 6, 0, 0, -1, 0, 1, 2, -5, 19, -18 ],
[ 0, -3, 6, 0, 0, -1, 0, 2, 1, 3, 6, -13 ],
[ 0, -3, 6, 0, 0, -1, 0, 4, -1, 3, 4, -11 ],
[ 0, -3, 6, 0, 0, 0, 0, -4, 8, -2, 12, -16 ],
[ 0, -3, 6, 0, 0, 0, 0, -2, 4, -2, 10, -12 ],
[ 0, -3, 6, 0, 0, 1, 0, -2, 3, 1, 10, -15 ],
[ 0, -3, 6, 0, 0, 1, 0, 0, 1, 1, 8, -13 ],
[ 0, -3, 6, 0, 0, 1, 0, 2, 1, 1, 6, -13 ],
[ 0, -3, 6, 0, 0, 3, 0, -2, 1, -1, 10, -13 ],
[ 0, -3, 6, 0, 0, 3, 0, -2, 3, -1, 10, -15 ],
[ 0, -3, 6, 0, 0, 3, 0, 0, 1, -1, 8, -13 ],
[ 0, -3, 6, 0, 1, 1, 1, 1, 0, 1, 6, -13 ],
[ 0, -3, 6, 0, 4, 1, -2, -2, 3, 1, 6, -13 ],
[ 0, -3, 6, 1, -1, 0, 2, -2, 4, 1, 7, -14 ],
[ 0, -3, 6, 1, 1, 0, 0, 1, 1, 1, 6, -13 ],
[ 0, -3, 6, 2, -2, -1, 2, 4, -1, 1, 6, -13 ],
[ 0, -3, 6, 2, -2, 1, 2, 0, 1, -1, 10, -15 ],
[ 0, -3, 6, 2, 1, -1, -1, 1, 2, 1, 6, -13 ],
[ 0, -3, 6, 3, -2, -2, 1, 4, 0, 1, 6, -13 ],
[ 0, -3, 6, 3, -2, 0, 1, 0, 2, -1, 10, -15 ],
[ 0, -3, 6, 3, -1, 3, 0, -2, 1, 0, 7, -13 ],
[ 0, -3, 7, -1, 3, -1, -1, 2, 0, 0, 7, -12 ],
[ 0, -3, 7, -1, 3, -1, -1, 2, 2, 0, 7, -14 ],
[ 0, -3, 7, 0, 0, 0, 1, -1, 2, -2, 13, -16 ],
[ 0, -3, 7, 0, 0, 0, 1, 1, 0, -2, 11, -14 ],
[ 0, -3, 7, 0, 1, 1, 0, -1, 1, 1, 8, -14 ],
[ 0, -3, 7, 1, -1, 0, 1, 0, 1, 1, 5, -11 ],
[ 0, -3, 8, 0, 0, -2, 0, 5, -1, 0, 7, -13 ],
[ 0, -2, 3, 1, 6, -3, -3, 7, -2, 0, 6, -12 ],
[ 0, -2, 4, -5, 12, 0, -4, -1, 2, -1, 8, -12 ],
[ 0, -2, 4, -4, 9, -1, -2, 2, 0, -1, 8, -12 ],
[ 0, -2, 4, -4, 10, 0, -3, 0, 1, 2, 5, -12 ],
[ 0, -2, 4, -4, 10, 2, -3, -2, 3, 0, 7, -14 ],
[ 0, -2, 4, -3, 6, 0, 0, -1, 2, -3, 14, -16 ],
[ 0, -2, 4, -3, 7, 1, -1, -1, 1, 0, 9, -14 ],
[ 0, -2, 4, -3, 8, 0, -2, 0, 1, -3, 15, -17 ],
[ 0, -2, 4, -3, 10, 1, -4, -2, 4, 0, 7, -14 ],
[ 0, -2, 4, -2, 1, 0, 6, -1, 2, 0, 7, -14 ],
[ 0, -2, 4, -2, 3, -1, 2, 2, 0, -3, 14, -16 ],
[ 0, -2, 4, -2, 3, 0, 2, -3, 6, 0, 7, -14 ],
[ 0, -2, 4, -2, 3, 0, 2, -1, 2, 0, 5, -10 ],
[ 0, -2, 4, -2, 3, 1, 2, -1, 1, 3, 5, -13 ],
[ 0, -2, 4, -2, 5, -1, -2, 2, 0, -3, 12, -12 ],
[ 0, -2, 4, -2, 5, 0, -2, -1, 2, 0, 3, -6 ],
[ 0, -2, 4, -2, 5, 0, 0, 0, 1, 0, 6, -11 ],
[ 0, -2, 4, -2, 5, 1, -2, -1, 1, 3, 3, -9 ],
[ 0, -2, 4, -2, 7, 0, -2, -1, 2, 0, 9, -14 ],
[ 0, -2, 4, -2, 7, 0, -2, 1, 2, 0, 7, -14 ],
[ 0, -2, 4, -1, -2, -1, 8, 2, 0, 0, 7, -14 ],
[ 0, -2, 4, -1, 0, -1, 4, 0, 4, 0, 7, -14 ],
[ 0, -2, 4, -1, 0, -1, 4, 2, 0, 0, 5, -10 ],
[ 0, -2, 4, -1, 2, -4, 0, 9, -2, -1, 8, -12 ],
[ 0, -2, 4, -1, 2, -2, 0, 3, 2, -3, 14, -16 ],
[ 0, -2, 4, -1, 2, -1, 0, -2, 8, 0, 7, -14 ],
[ 0, -2, 4, -1, 2, -1, 0, 0, 4, 0, 5, -10 ],
[ 0, -2, 4, -1, 2, -1, 0, 2, 0, 0, 3, -6 ],
[ 0, -2, 4, -1, 2, 0, 0, -1, 2, -5, 18, -16 ],
[ 0, -2, 4, -1, 2, 0, 0, 0, 1, 3, 5, -11 ],
[ 0, -2, 4, -1, 2, 0, 0, 0, 3, 3, 5, -13 ],
[ 0, -2, 4, -1, 2, 2, 0, -2, 3, 1, 7, -13 ],
[ 0, -2, 4, -1, 2, 2, 0, 0, 1, 1, 5, -11 ],
[ 0, -2, 4, -1, 2, 4, 0, -2, 1, -1, 7, -11 ],
[ 0, -2, 4, -1, 3, -3, -1, 7, -1, 2, 5, -12 ],
[ 0, -2, 4, -1, 3, -1, -1, 1, 3, 0, 11, -16 ],
[ 0, -2, 4, -1, 3, -1, -1, 3, 1, 0, 9, -14 ],
[ 0, -2, 4, -1, 3, -1, -1, 5, -1, 0, 7, -12 ],
[ 0, -2, 4, -1, 3, -1, -1, 5, 1, 0, 7, -14 ],
[ 0, -2, 4, -1, 3, 0, 1, -1, 2, 3, 5, -13 ],
[ 0, -2, 4, -1, 3, 1, -1, -1, 1, -2, 13, -14 ],
[ 0, -2, 4, -1, 3, 1, -1, -1, 3, -2, 13, -16 ],
[ 0, -2, 4, -1, 3, 1, -1, 1, 1, -2, 11, -14 ],
[ 0, -2, 4, -1, 4, -1, 0, 2, 0, 0, 9, -14 ],
[ 0, -2, 4, -1, 5, 0, -1, 0, 1, 3, 6, -14 ],
[ 0, -2, 4, -1, 7, -1, -3, 1, 3, 0, 7, -14 ],
[ 0, -2, 4, 0, -3, -2, 6, 3, 2, 0, 7, -14 ],
[ 0, -2, 4, 0, -3, 0, 6, -1, 2, -2, 11, -14 ],
[ 0, -2, 4, 0, -2, 1, 5, -1, 1, 1, 6, -12 ],
[ 0, -2, 4, 0, -1, -5, 2, 12, -4, -1, 8, -12 ],
[ 0, -2, 4, 0, -1, -3, 2, 6, 0, -3, 14, -16 ],
[ 0, -2, 4, 0, -1, -2, 2, 1, 6, 0, 7, -14 ],
[ 0, -2, 4, 0, -1, -2, 2, 3, 2, 0, 5, -10 ],
[ 0, -2, 4, 0, -1, -1, 2, 1, 1, 3, 7, -13 ],
[ 0, -2, 4, 0, -1, -1, 2, 2, 0, -5, 18, -16 ],
[ 0, -2, 4, 0, -1, -1, 2, 3, 1, 3, 5, -13 ],
[ 0, -2, 4, 0, -1, 0, 2, -3, 6, -2, 11, -14 ],
[ 0, -2, 4, 0, -1, 0, 2, -1, 2, -2, 9, -10 ],
[ 0, -2, 4, 0, -1, 0, 4, 0, 1, -2, 12, -15 ],
[ 0, -2, 4, 0, -1, 1, 2, -1, 1, 1, 9, -13 ],
[ 0, -2, 4, 0, -1, 1, 2, -1, 3, 1, 9, -15 ],
[ 0, -2, 4, 0, -1, 1, 2, 1, 1, 1, 7, -13 ],
[ 0, -2, 4, 0, -1, 1, 2, 3, -1, 1, 5, -11 ],
[ 0, -2, 4, 0, -1, 3, 2, -3, 3, -1, 11, -15 ],
[ 0, -2, 4, 0, -1, 3, 2, -1, 1, -1, 9, -13 ],
[ 0, -2, 4, 0, 0, -4, 1, 10, -3, 2, 5, -12 ],
[ 0, -2, 4, 0, 0, -2, 1, 4, 1, 0, 11, -16 ],
[ 0, -2, 4, 0, 0, -2, 1, 6, -1, 0, 9, -14 ],
[ 0, -2, 4, 0, 0, -2, 1, 8, -1, 0, 7, -14 ],
[ 0, -2, 4, 0, 0, -1, 3, 2, 0, 3, 5, -13 ],
[ 0, -2, 4, 0, 0, 0, 1, -1, 2, 6, 4, -13 ],
[ 0, -2, 4, 0, 0, 0, 1, 0, 1, -2, 15, -16 ],
[ 0, -2, 4, 0, 0, 0, 1, 2, 1, -2, 13, -16 ],
[ 0, -2, 4, 0, 0, 0, 1, 4, -1, -2, 11, -14 ],
[ 0, -2, 4, 0, 0, 1, 1, -3, 5, 1, 6, -12 ],
[ 0, -2, 4, 0, 0, 1, 1, -1, 1, 1, 4, -8 ],
[ 0, -2, 4, 0, 0, 2, 1, -2, 3, -4, 17, -18 ],
[ 0, -2, 4, 0, 0, 4, 1, -3, 2, 2, 6, -13 ],
[ 0, -2, 4, 0, 1, -3, 0, 7, -1, -3, 15, -17 ],
[ 0, -2, 4, 0, 1, -2, 0, 4, 1, 0, 6, -11 ],
[ 0, -2, 4, 0, 1, -1, 0, 2, 0, 3, 8, -14 ],
[ 0, -2, 4, 0, 1, -1, 0, 4, 0, 3, 6, -14 ],
[ 0, -2, 4, 0, 1, 0, 0, -2, 5, -2, 12, -15 ],
[ 0, -2, 4, 0, 1, 0, 0, 0, 1, -2, 10, -11 ],
[ 0, -2, 4, 0, 1, 1, 0, 2, 0, 1, 8, -14 ],
[ 0, -2, 4, 0, 1, 3, 0, -2, 2, -1, 12, -16 ],
[ 0, -2, 4, 0, 1, 3, 0, 0, 0, -1, 10, -14 ],
[ 0, -2, 4, 0, 2, -1, -1, 2, 0, 3, 3, -9 ],
[ 0, -2, 4, 0, 3, 1, 0, -1, 1, 1, 5, -11 ],
[ 0, -2, 4, 0, 4, -2, -1, 4, 1, 0, 7, -14 ],
[ 0, -2, 4, 0, 4, 0, -1, 0, 1, -2, 11, -14 ],
[ 0, -2, 4, 1, -2, 0, 4, -1, 2, 1, 6, -12 ],
[ 0, -2, 4, 1, -1, -2, 1, 3, 2, 3, 5, -13 ],
[ 0, -2, 4, 1, -1, 0, 1, -1, 2, 1, 9, -13 ],
[ 0, -2, 4, 1, -1, 0, 1, -1, 4, 1, 9, -15 ],
[ 0, -2, 4, 1, -1, 0, 1, 1, 0, 1, 7, -11 ],
[ 0, -2, 4, 1, -1, 0, 1, 1, 2, 1, 7, -13 ],
[ 0, -2, 4, 1, -1, 0, 1, 3, 0, 1, 5, -11 ],
[ 0, -2, 4, 1, -1, 2, 1, -3, 4, -1, 11, -15 ],
[ 0, -2, 4, 1, -1, 2, 1, -1, 2, -1, 9, -13 ],
[ 0, -2, 4, 1, 0, -3, 0, 6, 0, 0, 9, -14 ],
[ 0, -2, 4, 1, 0, -3, 0, 8, -2, 0, 7, -12 ],
[ 0, -2, 4, 1, 0, -3, 0, 8, 0, 0, 7, -14 ],
[ 0, -2, 4, 1, 0, -1, 0, 2, 0, -2, 13, -14 ],
[ 0, -2, 4, 1, 0, -1, 0, 2, 2, -2, 13, -16 ],
[ 0, -2, 4, 1, 0, -1, 0, 4, 0, -2, 11, -14 ],
[ 0, -2, 4, 1, 0, 0, 0, -3, 6, 1, 6, -12 ],
[ 0, -2, 4, 1, 0, 0, 0, -1, 2, 1, 4, -8 ],
[ 0, -2, 4, 1, 0, 0, 2, 0, 1, 1, 7, -13 ],
[ 0, -2, 4, 1, 0, 1, 0, -2, 2, -4, 17, -16 ],
[ 0, -2, 4, 1, 0, 1, 0, -2, 4, -4, 17, -18 ],
[ 0, -2, 4, 1, 0, 1, 0, -1, 1, 4, 4, -11 ],
[ 0, -2, 4, 1, 0, 3, 0, -3, 3, 2, 6, -13 ],
[ 0, -2, 4, 1, 0, 5, 0, -3, 1, 0, 6, -11 ],
[ 0, -2, 4, 1, 3, 0, -1, -1, 2, 1, 5, -11 ],
[ 0, -2, 4, 2, -3, 1, 4, -1, 1, -1, 11, -15 ],
[ 0, -2, 4, 2, -1, 1, 0, -1, 1, -1, 9, -11 ],
[ 0, -2, 4, 2, 0, -1, 1, 2, 0, 1, 5, -11 ],
[ 0, -2, 4, 2, 2, 1, -1, -1, 1, -1, 10, -14 ],
[ 0, -2, 4, 3, -3, 0, 3, -1, 2, -1, 11, -15 ],
[ 0, -2, 4, 3, -2, 1, 2, -1, 1, 2, 6, -13 ],
[ 0, -2, 4, 3, -1, 0, 1, 0, 1, -1, 12, -16 ],
[ 0, -2, 4, 4, -2, 0, 1, -1, 2, 2, 6, -13 ],
[ 0, -2, 4, 4, -1, -1, 0, 2, 0, -1, 10, -14 ],
[ 0, -2, 4, 5, -2, 1, 0, -1, 1, 0, 6, -11 ],
[ 0, -2, 5, -3, 7, 1, -2, 1, 0, 0, 7, -13 ],
[ 0, -2, 5, -2, 5, 0, -1, -2, 4, 0, 8, -14 ],
[ 0, -2, 5, -2, 5, 0, -1, 0, 2, 0, 6, -12 ],
[ 0, -2, 5, -1, 2, -1, 1, 1, 2, 0, 8, -14 ],
[ 0, -2, 5, -1, 2, -1, 1, 3, 0, 0, 6, -12 ],
[ 0, -2, 5, -1, 4, -1, -1, 4, -1, 0, 7, -13 ],
[ 0, -2, 5, 0, -2, 1, 4, -1, 2, 1, 6, -13 ],
[ 0, -2, 5, 0, -1, -2, 3, 4, 0, 0, 8, -14 ],
[ 0, -2, 5, 0, -1, 0, 3, 0, 2, -2, 12, -16 ],
[ 0, -2, 5, 0, 0, 0, 0, 2, 0, -2, 13, -15 ],
[ 0, -2, 5, 0, 0, 1, 0, -1, 2, 1, 4, -9 ],
[ 0, -2, 5, 0, 0, 1, 2, 0, 1, 1, 7, -14 ],
[ 0, -2, 5, 0, 0, 2, 0, -1, 1, 4, 4, -12 ],
[ 0, -2, 5, 0, 0, 3, 2, -2, 1, -1, 9, -14 ],
[ 0, -2, 5, 0, 0, 6, 0, -3, 1, 0, 6, -12 ],
[ 0, -2, 5, 1, -2, 0, 3, -1, 3, 1, 6, -13 ],
[ 0, -2, 5, 1, 0, 0, 1, 0, 2, 1, 7, -14 ],
[ 0, -2, 5, 1, 0, 2, 1, -2, 2, -1, 9, -14 ],
[ 0, -2, 5, 1, 1, -3, 0, 7, -2, 0, 7, -13 ],
[ 0, -2, 5, 1, 2, 2, -1, -1, 1, -1, 10, -15 ],
[ 0, -2, 5, 2, 0, 1, 0, -2, 3, -1, 9, -14 ],
[ 0, -2, 5, 3, -1, 0, 0, 2, 0, -1, 10, -15 ],
[ 0, -2, 5, 4, -2, 2, 0, -1, 1, 0, 6, -12 ],
[ 0, -2, 6, -2, 5, 0, -2, 0, 1, 0, 6, -11 ],
[ 0, -2, 6, -1, 3, 0, -1, -1, 2, 3, 5, -13 ],
[ 0, -2, 6, 0, -1, 0, 2, 0, 1, -2, 12, -15 ],
[ 0, -2, 6, 0, 0, -1, 1, 2, 0, 3, 5, -13 ],
[ 0, -2, 6, 1, 0, 0, 0, 0, 1, 1, 7, -13 ],
[ 0, -2, 7, 0, 0, 1, 0, 0, 1, 1, 7, -14 ],
[ 0, -2, 7, 0, 0, 3, 0, -2, 1, -1, 9, -14 ],
[ 0, -1, 1, -3, 13, 1, -5, 3, -1, 0, 6, -13 ],
[ 0, -1, 1, -1, 11, -1, -5, 2, 0, 0, 5, -10 ],
[ 0, -1, 1, 0, 8, -2, -3, 3, 2, 0, 7, -14 ],
[ 0, -1, 1, 0, 8, 0, -3, -1, 2, -2, 11, -14 ],
[ 0, -1, 1, 0, 9, 1, -4, -1, 1, 1, 6, -12 ],
[ 0, -1, 1, 1, 3, -3, -1, 13, -5, 0, 6, -13 ],
[ 0, -1, 1, 1, 5, -3, -1, 6, 0, 0, 7, -14 ],
[ 0, -1, 2, -7, 17, -3, -6, 7, -2, 0, 6, -12 ],
[ 0, -1, 2, -7, 18, 0, -7, 1, 1, 1, 7, -14 ],
[ 0, -1, 2, -7, 18, 2, -7, -1, 1, -1, 9, -14 ],
[ 0, -1, 2, -6, 15, -1, -5, 4, -1, 1, 7, -14 ],
[ 0, -1, 2, -5, 11, 0, -2, -2, 4, -1, 9, -14 ],
[ 0, -1, 2, -5, 13, 0, -4, -1, 3, -1, 10, -15 ],
[ 0, -1, 2, -5, 15, -2, -6, 4, 0, 1, 7, -14 ],
[ 0, -1, 2, -5, 15, 0, -6, 2, 0, -1, 9, -14 ],
[ 0, -1, 2, -4, 8, -1, 0, 1, 2, -1, 9, -14 ],
[ 0, -1, 2, -4, 9, 0, -1, -1, 3, 2, 6, -14 ],
[ 0, -1, 2, -4, 9, 2, -1, -1, 1, 0, 6, -12 ],
[ 0, -1, 2, -4, 10, -1, -2, 2, 1, -1, 10, -15 ],
[ 0, -1, 2, -4, 12, -3, -4, 7, -2, 1, 7, -14 ],
[ 0, -1, 2, -3, 5, -2, 2, 4, 0, -1, 9, -14 ],
[ 0, -1, 2, -3, 6, -1, 1, 2, 1, 2, 6, -14 ],
[ 0, -1, 2, -3, 6, 1, 1, 0, 1, 0, 8, -14 ],
[ 0, -1, 2, -3, 7, -7, -2, 17, -6, 0, 6, -12 ],
[ 0, -1, 2, -3, 7, -3, -2, 6, -1, 4, 5, -13 ],
[ 0, -1, 2, -3, 7, -3, -2, 7, -2, -4, 16, -16 ],
[ 0, -1, 2, -3, 7, -2, -2, 2, 4, -1, 9, -14 ],
[ 0, -1, 2, -3, 7, -2, -2, 4, 0, -1, 7, -10 ],
[ 0, -1, 2, -3, 7, -2, 0, 5, -1, -1, 10, -15 ],
[ 0, -1, 2, -3, 7, -1, -2, 2, 1, 2, 9, -15 ],
[ 0, -1, 2, -3, 7, -1, -2, 4, -1, 2, 7, -13 ],
[ 0, -1, 2, -3, 7, -1, -2, 6, -1, 2, 5, -13 ],
[ 0, -1, 2, -3, 7, 0, -2, -2, 4, -3, 13, -14 ],
[ 0, -1, 2, -3, 7, 1, -2, 0, 1, 0, 11, -15 ],
[ 0, -1, 2, -3, 7, 1, -2, 4, -1, 0, 7, -13 ],
[ 0, -1, 2, -3, 7, 3, -2, -2, 1, -2, 13, -15 ],
[ 0, -1, 2, -3, 7, 3, -2, 0, 1, -2, 11, -15 ],
[ 0, -1, 2, -3, 8, -4, -3, 11, -3, 1, 7, -14 ],
[ 0, -1, 2, -3, 8, -2, -3, 5, -1, -1, 13, -16 ],
[ 0, -1, 2, -3, 8, -2, -3, 9, -3, -1, 9, -14 ],
[ 0, -1, 2, -3, 8, -1, -3, 0, 5, 2, 6, -14 ],
[ 0, -1, 2, -3, 8, -1, -3, 2, 1, 2, 4, -10 ],
[ 0, -1, 2, -3, 8, 0, -3, 1, 1, -3, 17, -18 ],
[ 0, -1, 2, -3, 8, 0, -3, 2, 0, 5, 4, -13 ],
[ 0, -1, 2, -3, 8, 1, -3, -2, 3, 0, 8, -12 ],
[ 0, -1, 2, -3, 8, 1, -3, -2, 5, 0, 8, -14 ],
[ 0, -1, 2, -3, 8, 1, -3, 0, 1, 0, 6, -10 ],
[ 0, -1, 2, -3, 8, 1, -3, 0, 3, 0, 6, -12 ],
[ 0, -1, 2, -3, 8, 2, -3, -2, 2, 3, 8, -15 ],
[ 0, -1, 2, -3, 8, 2, -3, -1, 1, -5, 19, -18 ],
[ 0, -1, 2, -3, 8, 4, -3, 0, 0, 1, 6, -13 ],
[ 0, -1, 2, -3, 8, 6, -3, -4, 2, -1, 10, -15 ],
[ 0, -1, 2, -3, 9, 1, -2, -1, 2, 0, 6, -12 ],
[ 0, -1, 2, -3, 11, 1, -4, 0, 1, 0, 7, -13 ],
[ 0, -1, 2, -3, 12, -2, -5, 5, -1, -1, 9, -14 ],
[ 0, -1, 2, -2, 2, -3, 4, 7, -2, -1, 9, -14 ],
[ 0, -1, 2, -2, 2, 0, 4, -2, 4, 0, 6, -12 ],
[ 0, -1, 2, -2, 2, 3, 4, -2, 1, 1, 6, -13 ],
[ 0, -1, 2, -2, 4, -3, 0, 5, 2, -1, 9, -14 ],
[ 0, -1, 2, -2, 4, -3, 0, 7, -2, -1, 7, -10 ],
[ 0, -1, 2, -2, 4, -2, 0, 5, -1, 2, 9, -15 ],
[ 0, -1, 2, -2, 4, -2, 0, 9, -3, 2, 5, -13 ],
[ 0, -1, 2, -2, 4, -1, 0, 1, 2, -3, 13, -14 ],
[ 0, -1, 2, -2, 4, 0, 0, -4, 8, 0, 6, -12 ],
[ 0, -1, 2, -2, 4, 0, 0, -2, 4, 0, 4, -8 ],
[ 0, -1, 2, -2, 4, 0, 2, -1, 3, 0, 7, -13 ],
[ 0, -1, 2, -2, 4, 1, 0, -2, 3, 3, 4, -11 ],
[ 0, -1, 2, -2, 4, 2, 0, -1, 1, -2, 15, -17 ],
[ 0, -1, 2, -2, 4, 2, 0, 3, -1, -2, 11, -15 ],
[ 0, -1, 2, -2, 4, 3, 0, -4, 5, 1, 6, -13 ],
[ 0, -1, 2, -2, 4, 3, 0, -2, 1, 1, 4, -9 ],
[ 0, -1, 2, -2, 5, -5, -1, 14, -5, 1, 7, -14 ],
[ 0, -1, 2, -2, 5, -2, -1, 3, 3, 2, 6, -14 ],
[ 0, -1, 2, -2, 5, -2, -1, 5, -1, 2, 4, -10 ],
[ 0, -1, 2, -2, 5, -1, -1, 4, -1, -3, 17, -18 ],
[ 0, -1, 2, -2, 5, 0, -1, -1, 3, 0, 10, -14 ],
[ 0, -1, 2, -2, 5, 0, -1, 1, 1, 0, 8, -12 ],
[ 0, -1, 2, -2, 5, 0, -1, 1, 3, 0, 8, -14 ],
[ 0, -1, 2, -2, 5, 0, -1, 3, -1, 0, 6, -10 ],
[ 0, -1, 2, -2, 5, 0, -1, 3, 1, 0, 6, -12 ],
[ 0, -1, 2, -2, 5, 1, -1, 1, 0, 3, 8, -15 ],
[ 0, -1, 2, -2, 5, 2, -1, -3, 5, -2, 12, -16 ],
[ 0, -1, 2, -2, 5, 2, -1, -1, 1, -2, 10, -12 ],
[ 0, -1, 2, -2, 5, 5, -1, -1, 0, -1, 10, -15 ],
[ 0, -1, 2, -2, 6, -3, -2, 6, 1, -1, 10, -15 ],
[ 0, -1, 2, -2, 6, -1, -2, 2, 1, -3, 14, -15 ],
[ 0, -1, 2, -2, 6, 0, -2, -3, 7, 0, 7, -13 ],
[ 0, -1, 2, -2, 6, 0, -2, -1, 3, 0, 5, -9 ],
[ 0, -1, 2, -2, 6, 0, 0, 0, 2, 0, 8, -14 ],
[ 0, -1, 2, -2, 6, 0, 0, 2, 0, 0, 6, -12 ],
[ 0, -1, 2, -2, 6, 1, -2, -1, 2, 3, 5, -12 ],
[ 0, -1, 2, -2, 6, 3, -2, -3, 4, 1, 7, -14 ],
[ 0, -1, 2, -2, 9, 0, -3, -1, 3, 0, 6, -12 ],
[ 0, -1, 2, -1, -1, -1, 6, 1, 2, 0, 6, -12 ],
[ 0, -1, 2, -1, 1, -4, 2, 8, 0, -1, 9, -14 ],
[ 0, -1, 2, -1, 1, -2, 2, 4, 0, -3, 13, -14 ],
[ 0, -1, 2, -1, 1, -1, 2, -1, 6, 0, 6, -12 ],
[ 0, -1, 2, -1, 1, -1, 2, 1, 2, 0, 4, -8 ],
[ 0, -1, 2, -1, 1, -1, 4, 2, 1, 0, 7, -13 ],
[ 0, -1, 2, -1, 1, 0, 2, -2, 4, -5, 19, -18 ],
[ 0, -1, 2, -1, 1, 0, 2, -1, 3, 3, 6, -13 ],
[ 0, -1, 2, -1, 1, 0, 2, 1, 1, 3, 4, -11 ],
[ 0, -1, 2, -1, 1, 2, 2, -1, 1, 1, 6, -11 ],
[ 0, -1, 2, -1, 1, 2, 2, -1, 3, 1, 6, -13 ],
[ 0, -1, 2, -1, 1, 4, 2, -3, 3, -1, 8, -13 ],
[ 0, -1, 2, -1, 2, -3, 1, 6, 1, 2, 6, -14 ],
[ 0, -1, 2, -1, 2, -1, 1, 2, 1, 0, 10, -14 ],
[ 0, -1, 2, -1, 2, -1, 1, 4, -1, 0, 8, -12 ],
[ 0, -1, 2, -1, 2, -1, 1, 4, 1, 0, 8, -14 ],
[ 0, -1, 2, -1, 2, -1, 1, 6, -1, 0, 6, -12 ],
[ 0, -1, 2, -1, 2, 1, 1, -2, 3, -2, 14, -16 ],
[ 0, -1, 2, -1, 2, 1, 1, 0, 1, -2, 12, -14 ],
[ 0, -1, 2, -1, 2, 1, 1, 0, 3, -2, 12, -16 ],
[ 0, -1, 2, -1, 2, 2, 3, -2, 2, 1, 6, -13 ],
[ 0, -1, 2, -1, 3, -4, 0, 9, -1, -1, 10, -15 ],
[ 0, -1, 2, -1, 3, -2, 0, 5, -1, -3, 14, -15 ],
[ 0, -1, 2, -1, 3, -1, 0, 0, 5, 0, 7, -13 ],
[ 0, -1, 2, -1, 3, -1, 0, 2, 1, 0, 5, -9 ],
[ 0, -1, 2, -1, 3, -1, 2, 3, 0, 0, 8, -14 ],
[ 0, -1, 2, -1, 3, 0, 0, -1, 3, -5, 20, -19 ],
[ 0, -1, 2, -1, 3, 0, 0, 0, 2, 3, 7, -14 ],
[ 0, -1, 2, -1, 3, 0, 0, 2, 0, 3, 5, -12 ],
[ 0, -1, 2, -1, 3, 1, 2, -1, 2, -2, 12, -16 ],
[ 0, -1, 2, -1, 3, 2, 0, -2, 2, 1, 9, -14 ],
[ 0, -1, 2, -1, 3, 2, 0, 0, 2, 1, 7, -14 ],
[ 0, -1, 2, -1, 3, 4, 0, -2, 2, -1, 9, -14 ],
[ 0, -1, 2, -1, 4, -3, -1, 7, -2, 2, 7, -13 ],
[ 0, -1, 2, -1, 4, -3, -1, 9, -2, 2, 5, -13 ],
[ 0, -1, 2, -1, 4, -1, -1, 3, 0, 0, 11, -15 ],
[ 0, -1, 2, -1, 4, -1, -1, 7, -2, 0, 7, -13 ],
[ 0, -1, 2, -1, 4, 0, -1, -2, 4, 3, 4, -11 ],
[ 0, -1, 2, -1, 4, 1, -1, -1, 2, -2, 15, -17 ],
[ 0, -1, 2, -1, 4, 1, -1, 1, 0, -2, 13, -15 ],
[ 0, -1, 2, -1, 4, 2, -1, -4, 6, 1, 6, -13 ],
[ 0, -1, 2, -1, 4, 2, -1, -2, 2, 1, 4, -9 ],
[ 0, -1, 2, -1, 4, 2, 1, -1, 1, 1, 7, -14 ],
[ 0, -1, 2, -1, 4, 3, -1, -3, 2, -4, 17, -17 ],
[ 0, -1, 2, -1, 4, 3, -1, -2, 1, 4, 4, -12 ],
[ 0, -1, 2, -1, 4, 7, -1, -4, 1, 0, 6, -12 ],
[ 0, -1, 2, -1, 5, -6, -2, 14, -4, 1, 7, -14 ],
[ 0, -1, 2, -1, 5, -4, -2, 12, -4, -1, 9, -14 ],
[ 0, -1, 2, -1, 5, -2, -2, 4, 0, -3, 17, -18 ],
[ 0, -1, 2, -1, 5, -2, -2, 5, -1, 5, 4, -13 ],
[ 0, -1, 2, -1, 5, -1, -2, 1, 2, 0, 8, -12 ],
[ 0, -1, 2, -1, 5, -1, -2, 1, 4, 0, 8, -14 ],
[ 0, -1, 2, -1, 5, -1, -2, 3, 0, 0, 6, -10 ],
[ 0, -1, 2, -1, 5, -1, -2, 3, 2, 0, 6, -12 ],
[ 0, -1, 2, -1, 5, 0, -2, 1, 1, 3, 8, -15 ],
[ 0, -1, 2, -1, 5, 0, -2, 2, 0, -5, 19, -18 ],
[ 0, -1, 2, -1, 5, 1, -2, -3, 6, -2, 12, -16 ],
[ 0, -1, 2, -1, 5, 1, -2, -1, 2, -2, 10, -12 ],
[ 0, -1, 2, -1, 5, 2, -2, -1, 1, 1, 10, -15 ],
[ 0, -1, 2, -1, 5, 2, -2, 3, -1, 1, 6, -13 ],
[ 0, -1, 2, -1, 5, 4, -2, -1, 1, -1, 10, -15 ],
[ 0, -1, 2, -1, 6, -1, -1, 2, 1, 0, 6, -12 ],
[ 0, -1, 2, -1, 8, -1, -3, 3, 0, 0, 7, -13 ],
[ 0, -1, 2, -1, 9, 2, -4, -1, 1, 1, 6, -13 ],
[ 0, -1, 2, 0, -4, -2, 8, 4, 0, 0, 6, -12 ],
[ 0, -1, 2, 0, -4, 0, 8, -2, 4, -2, 12, -16 ],
[ 0, -1, 2, 0, -3, 1, 7, -2, 3, 1, 7, -14 ],
[ 0, -1, 2, 0, -2, -5, 4, 11, -2, -1, 9, -14 ],
[ 0, -1, 2, 0, -2, -3, 4, 7, -2, -3, 13, -14 ],
[ 0, -1, 2, 0, -2, -2, 4, 2, 4, 0, 6, -12 ],
[ 0, -1, 2, 0, -2, -2, 4, 4, 0, 0, 4, -8 ],
[ 0, -1, 2, 0, -2, -2, 6, 5, -1, 0, 7, -13 ],
[ 0, -1, 2, 0, -2, -1, 4, 0, 3, 3, 8, -15 ],
[ 0, -1, 2, 0, -2, -1, 4, 1, 2, -5, 19, -18 ],
[ 0, -1, 2, 0, -2, -1, 4, 2, 1, 3, 6, -13 ],
[ 0, -1, 2, 0, -2, -1, 4, 4, -1, 3, 4, -11 ],
[ 0, -1, 2, 0, -2, 0, 4, -4, 8, -2, 12, -16 ],
[ 0, -1, 2, 0, -2, 0, 4, -2, 4, -2, 10, -12 ],
[ 0, -1, 2, 0, -2, 1, 4, -2, 3, 1, 10, -15 ],
[ 0, -1, 2, 0, -2, 1, 4, 0, 1, 1, 8, -13 ],
[ 0, -1, 2, 0, -2, 1, 4, 2, 1, 1, 6, -13 ],
[ 0, -1, 2, 0, -2, 3, 4, -2, 1, -1, 10, -13 ],
[ 0, -1, 2, 0, -2, 3, 4, -2, 3, -1, 10, -15 ],
[ 0, -1, 2, 0, -2, 3, 4, 0, 1, -1, 8, -13 ],
[ 0, -1, 2, 0, -1, -4, 3, 9, -1, 2, 6, -14 ],
[ 0, -1, 2, 0, -1, -2, 3, 5, -1, 0, 10, -14 ],
[ 0, -1, 2, 0, -1, -2, 3, 7, -1, 0, 8, -14 ],
[ 0, -1, 2, 0, -1, -2, 3, 9, -3, 0, 6, -12 ],
[ 0, -1, 2, 0, -1, 0, 3, -1, 3, -2, 16, -18 ],
[ 0, -1, 2, 0, -1, 0, 3, 1, 1, -2, 14, -16 ],
[ 0, -1, 2, 0, -1, 0, 3, 3, 1, -2, 12, -16 ],
[ 0, -1, 2, 0, -1, 1, 3, -4, 7, 1, 7, -14 ],
[ 0, -1, 2, 0, -1, 1, 3, -2, 3, 1, 5, -10 ],
[ 0, -1, 2, 0, -1, 1, 5, 1, 0, 1, 6, -13 ],
[ 0, -1, 2, 0, -1, 2, 3, -3, 3, -4, 18, -18 ],
[ 0, -1, 2, 0, -1, 2, 3, -2, 2, 4, 5, -13 ],
[ 0, -1, 2, 0, -1, 2, 3, -1, 1, -4, 16, -16 ],
[ 0, -1, 2, 0, -1, 6, 3, -4, 2, 0, 7, -13 ],
[ 0, -1, 2, 0, 0, -5, 2, 12, -3, -1, 10, -15 ],
[ 0, -1, 2, 0, 0, -2, 0, 4, 0, 0, 2, -4 ],
[ 0, -1, 2, 0, 0, -2, 2, 3, 3, 0, 7, -13 ],
[ 0, -1, 2, 0, 0, -2, 2, 5, -1, 0, 5, -9 ],
[ 0, -1, 2, 0, 0, -1, 2, 2, 1, -5, 20, -19 ],
[ 0, -1, 2, 0, 0, -1, 2, 3, 0, 3, 7, -14 ],
[ 0, -1, 2, 0, 0, 0, 2, -1, 3, -2, 11, -13 ],
[ 0, -1, 2, 0, 0, 1, 2, -1, 2, 1, 11, -16 ],
[ 0, -1, 2, 0, 0, 1, 2, 1, 0, 1, 9, -14 ],
[ 0, -1, 2, 0, 0, 1, 2, 3, 0, 1, 7, -14 ],
[ 0, -1, 2, 0, 0, 3, 2, 1, 0, -1, 9, -14 ],
[ 0, -1, 2, 0, 1, -4, 1, 12, -4, 2, 5, -13 ],
[ 0, -1, 2, 0, 1, -1, 1, 1, 2, 3, 4, -11 ],
[ 0, -1, 2, 0, 1, 0, 1, 2, 0, -2, 15, -17 ],
[ 0, -1, 2, 0, 1, 1, 1, -1, 2, 1, 6, -11 ],
[ 0, -1, 2, 0, 1, 1, 1, -1, 4, 1, 6, -13 ],
[ 0, -1, 2, 0, 1, 1, 1, 1, 0, 1, 4, -9 ],
[ 0, -1, 2, 0, 1, 2, 1, -1, 1, 4, 6, -14 ],
[ 0, -1, 2, 0, 1, 6, 1, -3, 1, 0, 8, -14 ],
[ 0, -1, 2, 0, 2, -7, 0, 17, -6, 1, 7, -14 ],
[ 0, -1, 2, 0, 2, -3, 0, 7, -2, -3, 17, -18 ],
[ 0, -1, 2, 0, 2, -2, 0, 4, 0, 0, 8, -12 ],
[ 0, -1, 2, 0, 2, -2, 0, 4, 2, 0, 8, -14 ],
[ 0, -1, 2, 0, 2, -2, 0, 6, -2, 0, 6, -10 ],
[ 0, -1, 2, 0, 2, -2, 0, 6, 0, 0, 6, -12 ],
[ 0, -1, 2, 0, 2, -1, 0, 4, -1, 3, 8, -15 ],
[ 0, -1, 2, 0, 2, 0, 0, -2, 4, -2, 14, -16 ],
[ 0, -1, 2, 0, 2, 0, 0, 0, 2, -2, 12, -14 ],
[ 0, -1, 2, 0, 2, 0, 0, 0, 4, -2, 12, -16 ],
[ 0, -1, 2, 0, 2, 0, 0, 2, 0, -2, 10, -12 ],
[ 0, -1, 2, 0, 2, 1, 2, -2, 3, 1, 6, -13 ],
[ 0, -1, 2, 0, 2, 3, 0, -2, 1, -1, 14, -17 ],
[ 0, -1, 2, 0, 2, 3, 0, 2, -1, -1, 10, -15 ],
[ 0, -1, 2, 0, 3, -2, 1, 5, -1, 0, 6, -12 ],
[ 0, -1, 2, 0, 3, -1, -1, 2, 1, 3, 5, -12 ],
[ 0, -1, 2, 0, 3, 0, 1, -1, 3, -2, 12, -16 ],
[ 0, -1, 2, 0, 3, 1, -1, -2, 3, 1, 9, -14 ],
[ 0, -1, 2, 0, 3, 1, -1, 0, 1, 1, 7, -12 ],
[ 0, -1, 2, 0, 3, 1, -1, 0, 3, 1, 7, -14 ],
[ 0, -1, 2, 0, 3, 3, -1, -2, 1, -1, 9, -12 ],
[ 0, -1, 2, 0, 3, 3, -1, -2, 3, -1, 9, -14 ],
[ 0, -1, 2, 0, 4, 1, 0, -1, 2, 1, 7, -14 ],
[ 0, -1, 2, 0, 6, 3, -2, -2, 1, -1, 10, -15 ],
[ 0, -1, 2, 1, -3, 0, 6, -2, 4, 1, 7, -14 ],
[ 0, -1, 2, 1, -2, -2, 3, 4, 0, 3, 4, -11 ],
[ 0, -1, 2, 1, -2, 0, 3, -2, 4, 1, 10, -15 ],
[ 0, -1, 2, 1, -2, 0, 3, 0, 2, 1, 8, -13 ],
[ 0, -1, 2, 1, -2, 0, 3, 2, 0, 1, 6, -11 ],
[ 0, -1, 2, 1, -2, 0, 3, 2, 2, 1, 6, -13 ],
[ 0, -1, 2, 1, -2, 2, 3, -2, 2, -1, 10, -13 ],
[ 0, -1, 2, 1, -2, 2, 3, -2, 4, -1, 10, -15 ],
[ 0, -1, 2, 1, -2, 2, 3, 0, 0, -1, 8, -11 ],
[ 0, -1, 2, 1, -1, -3, 2, 7, -2, 0, 8, -12 ],
[ 0, -1, 2, 1, -1, -3, 2, 7, 0, 0, 8, -14 ],
[ 0, -1, 2, 1, -1, -3, 2, 9, -2, 0, 6, -12 ],
[ 0, -1, 2, 1, -1, -1, 2, 1, 2, -2, 14, -16 ],
[ 0, -1, 2, 1, -1, -1, 2, 3, 0, -2, 12, -14 ],
[ 0, -1, 2, 1, -1, -1, 2, 3, 2, -2, 12, -16 ],
[ 0, -1, 2, 1, -1, 0, 2, -4, 8, 1, 7, -14 ],
[ 0, -1, 2, 1, -1, 0, 2, -2, 4, 1, 5, -10 ],
[ 0, -1, 2, 1, -1, 0, 4, 1, 1, 1, 6, -13 ],
[ 0, -1, 2, 1, -1, 1, 2, -3, 4, -4, 18, -18 ],
[ 0, -1, 2, 1, -1, 1, 2, -2, 3, 4, 5, -13 ],
[ 0, -1, 2, 1, -1, 1, 2, -1, 2, -4, 16, -16 ],
[ 0, -1, 2, 1, -1, 3, 2, -2, 1, 2, 5, -11 ],
[ 0, -1, 2, 1, -1, 5, 2, -4, 3, 0, 7, -13 ],
[ 0, -1, 2, 1, 0, -2, 1, 5, -1, 3, 5, -12 ],
[ 0, -1, 2, 1, 0, -1, 3, 2, 1, -2, 12, -16 ],
[ 0, -1, 2, 1, 0, 0, 1, -1, 3, 1, 11, -16 ],
[ 0, -1, 2, 1, 0, 0, 1, 1, 1, 1, 9, -14 ],
[ 0, -1, 2, 1, 0, 0, 1, 3, 1, 1, 7, -14 ],
[ 0, -1, 2, 1, 0, 2, 1, -1, 1, -1, 11, -14 ],
[ 0, -1, 2, 1, 0, 2, 1, 1, 1, -1, 9, -14 ],
[ 0, -1, 2, 1, 1, -5, 0, 12, -3, 2, 5, -13 ],
[ 0, -1, 2, 1, 1, -3, 0, 10, -3, 0, 7, -13 ],
[ 0, -1, 2, 1, 1, -1, 0, 2, 1, -2, 15, -17 ],
[ 0, -1, 2, 1, 1, -1, 0, 4, -1, -2, 13, -15 ],
[ 0, -1, 2, 1, 1, 0, 0, -1, 3, 1, 6, -11 ],
[ 0, -1, 2, 1, 1, 0, 0, -1, 5, 1, 6, -13 ],
[ 0, -1, 2, 1, 1, 0, 0, 1, 1, 1, 4, -9 ],
[ 0, -1, 2, 1, 1, 0, 2, 2, 0, 1, 7, -14 ],
[ 0, -1, 2, 1, 1, 1, 0, -1, 2, 4, 6, -14 ],
[ 0, -1, 2, 1, 1, 1, 0, 0, 1, -4, 17, -17 ],
[ 0, -1, 2, 1, 1, 1, 0, 1, 0, 4, 4, -12 ],
[ 0, -1, 2, 1, 1, 5, 0, -3, 2, 0, 8, -14 ],
[ 0, -1, 2, 1, 1, 5, 0, -1, 0, 0, 6, -12 ],
[ 0, -1, 2, 1, 2, -6, -1, 15, -5, -1, 9, -14 ],
[ 0, -1, 2, 1, 2, -3, -1, 6, 1, 0, 6, -12 ],
[ 0, -1, 2, 1, 2, -2, -1, 4, 0, 3, 8, -15 ],
[ 0, -1, 2, 1, 2, -2, -1, 5, -1, -5, 19, -18 ],
[ 0, -1, 2, 1, 2, -1, -1, 0, 5, -2, 12, -16 ],
[ 0, -1, 2, 1, 2, -1, -1, 2, 1, -2, 10, -12 ],
[ 0, -1, 2, 1, 2, 0, -1, 2, 0, 1, 10, -15 ],
[ 0, -1, 2, 1, 2, 0, -1, 6, -2, 1, 6, -13 ],
[ 0, -1, 2, 1, 2, 0, 1, -2, 4, 1, 6, -13 ],
[ 0, -1, 2, 1, 2, 2, -1, -2, 2, -1, 14, -17 ],
[ 0, -1, 2, 1, 2, 2, -1, 2, 0, -1, 10, -15 ],
[ 0, -1, 2, 1, 4, 0, -1, -1, 3, 1, 7, -14 ],
[ 0, -1, 2, 1, 6, 0, -3, 2, 0, 1, 6, -13 ],
[ 0, -1, 2, 1, 6, 2, -3, -2, 2, -1, 10, -15 ],
[ 0, -1, 2, 2, -4, -1, 6, 4, -1, 1, 6, -13 ],
[ 0, -1, 2, 2, -4, 1, 6, 0, 1, -1, 10, -15 ],
[ 0, -1, 2, 2, -2, -6, 2, 15, -5, 2, 5, -13 ],
[ 0, -1, 2, 2, -2, -2, 2, 5, -1, -2, 15, -17 ],
[ 0, -1, 2, 2, -2, -1, 2, 2, 1, 1, 6, -11 ],
[ 0, -1, 2, 2, -2, -1, 2, 2, 3, 1, 6, -13 ],
[ 0, -1, 2, 2, -2, -1, 2, 4, -1, 1, 4, -9 ],
[ 0, -1, 2, 2, -2, 0, 2, 2, 0, 4, 6, -14 ],
[ 0, -1, 2, 2, -2, 1, 2, -2, 3, -1, 10, -13 ],
[ 0, -1, 2, 2, -2, 1, 2, -2, 5, -1, 10, -15 ],
[ 0, -1, 2, 2, -2, 1, 2, 0, 1, -1, 8, -11 ],
[ 0, -1, 2, 2, -2, 4, 2, 0, 0, 0, 8, -14 ],
[ 0, -1, 2, 2, -1, -4, 1, 9, -1, 0, 6, -12 ],
[ 0, -1, 2, 2, -1, -3, 1, 7, -2, 3, 8, -15 ],
[ 0, -1, 2, 2, -1, -2, 1, 3, 3, -2, 12, -16 ],
[ 0, -1, 2, 2, -1, -2, 1, 5, -1, -2, 10, -12 ],
[ 0, -1, 2, 2, -1, -1, 3, 1, 2, 1, 6, -13 ],
[ 0, -1, 2, 2, -1, 0, 1, -2, 4, 4, 5, -13 ],
[ 0, -1, 2, 2, -1, 0, 1, -1, 3, -4, 16, -16 ],
[ 0, -1, 2, 2, -1, 1, 1, 1, 0, -1, 14, -17 ],
[ 0, -1, 2, 2, -1, 1, 1, 5, -2, -1, 10, -15 ],
[ 0, -1, 2, 2, -1, 2, 1, -2, 2, 2, 5, -11 ],
[ 0, -1, 2, 2, -1, 3, 1, -2, 1, 5, 5, -14 ],
[ 0, -1, 2, 2, -1, 4, 1, -4, 4, 0, 7, -13 ],
[ 0, -1, 2, 2, -1, 7, 1, -4, 1, 1, 7, -14 ],
[ 0, -1, 2, 2, 0, -1, 0, 1, 2, 1, 9, -14 ],
[ 0, -1, 2, 2, 0, -1, 0, 3, 0, 1, 7, -12 ],
[ 0, -1, 2, 2, 0, -1, 0, 3, 2, 1, 7, -14 ],
[ 0, -1, 2, 2, 0, 1, 0, -1, 2, -1, 11, -14 ],
[ 0, -1, 2, 2, 0, 1, 0, 1, 0, -1, 9, -12 ],
[ 0, -1, 2, 2, 0, 1, 0, 1, 2, -1, 9, -14 ],
[ 0, -1, 2, 2, 1, -1, 1, 2, 1, 1, 7, -14 ],
[ 0, -1, 2, 2, 1, 1, 1, 0, 1, -1, 9, -14 ],
[ 0, -1, 2, 2, 3, 1, -1, 1, 0, -1, 10, -15 ],
[ 0, -1, 2, 3, -4, -2, 5, 4, 0, 1, 6, -13 ],
[ 0, -1, 2, 3, -4, 0, 5, 0, 2, -1, 10, -15 ],
[ 0, -1, 2, 3, -3, 3, 4, -2, 1, 0, 7, -13 ],
[ 0, -1, 2, 3, -2, -5, 1, 13, -4, 0, 7, -13 ],
[ 0, -1, 2, 3, -2, -3, 1, 7, -2, -2, 13, -15 ],
[ 0, -1, 2, 3, -2, -2, 1, 2, 4, 1, 6, -13 ],
[ 0, -1, 2, 3, -2, -2, 1, 4, 0, 1, 4, -9 ],
[ 0, -1, 2, 3, -2, -2, 3, 5, -1, 1, 7, -14 ],
[ 0, -1, 2, 3, -2, -1, 1, 2, 1, 4, 6, -14 ],
[ 0, -1, 2, 3, -2, -1, 1, 3, 0, -4, 17, -17 ],
[ 0, -1, 2, 3, -2, -1, 1, 4, -1, 4, 4, -12 ],
[ 0, -1, 2, 3, -2, 0, 1, -2, 4, -1, 10, -13 ],
[ 0, -1, 2, 3, -2, 0, 1, -2, 6, -1, 10, -15 ],
[ 0, -1, 2, 3, -2, 0, 1, 0, 2, -1, 8, -11 ],
[ 0, -1, 2, 3, -2, 1, 1, 0, 1, 2, 8, -14 ],
[ 0, -1, 2, 3, -2, 3, 1, -2, 1, 0, 10, -14 ],
[ 0, -1, 2, 3, -2, 3, 1, 0, 1, 0, 8, -14 ],
[ 0, -1, 2, 3, -2, 3, 1, 2, -1, 0, 6, -12 ],
[ 0, -1, 2, 3, -1, -2, 0, 5, -1, 1, 10, -15 ],
[ 0, -1, 2, 3, -1, -2, 0, 9, -3, 1, 6, -13 ],
[ 0, -1, 2, 3, -1, 0, 0, 1, 1, -1, 14, -17 ],
[ 0, -1, 2, 3, -1, 0, 0, 5, -1, -1, 10, -15 ],
[ 0, -1, 2, 3, -1, 1, 0, -2, 3, 2, 5, -11 ],
[ 0, -1, 2, 3, -1, 2, 0, -2, 2, 5, 5, -14 ],
[ 0, -1, 2, 3, -1, 2, 0, -1, 1, -3, 16, -17 ],
[ 0, -1, 2, 3, -1, 3, 0, -4, 5, 0, 7, -13 ],
[ 0, -1, 2, 3, -1, 3, 0, -2, 1, 0, 5, -9 ],
[ 0, -1, 2, 3, -1, 6, 0, -4, 2, 1, 7, -14 ],
[ 0, -1, 2, 3, 1, 0, 0, 0, 2, -1, 9, -14 ],
[ 0, -1, 2, 3, 2, 3, -1, -2, 1, 0, 6, -12 ],
[ 0, -1, 2, 3, 3, -2, -2, 5, -1, 1, 6, -13 ],
[ 0, -1, 2, 3, 3, 0, -2, 1, 1, -1, 10, -15 ],
[ 0, -1, 2, 4, -3, 2, 3, -2, 2, 0, 7, -13 ],
[ 0, -1, 2, 4, -2, -1, 2, 3, 0, -1, 9, -14 ],
[ 0, -1, 2, 4, -1, 2, 1, -1, 1, 0, 8, -14 ],
[ 0, -1, 2, 4, 0, -1, 0, 4, -1, -1, 10, -15 ],
[ 0, -1, 2, 5, -3, 1, 2, -2, 3, 0, 7, -13 ],
[ 0, -1, 2, 5, -1, 1, 0, -1, 2, 0, 8, -14 ],
[ 0, -1, 2, 5, -1, 1, 0, 1, 0, 0, 6, -12 ],
[ 0, -1, 2, 5, 0, -2, -1, 4, 0, -1, 10, -15 ],
[ 0, -1, 2, 6, -4, 0, 2, 2, 0, 0, 8, -14 ],
[ 0, -1, 2, 6, -3, -3, 1, 7, -2, -1, 10, -15 ],
[ 0, -1, 2, 6, -3, 0, 1, -2, 4, 0, 7, -13 ],
[ 0, -1, 2, 6, -3, 3, 1, -2, 1, 1, 7, -14 ],
[ 0, -1, 2, 7, -4, -1, 1, 2, 1, 0, 8, -14 ],
[ 0, -1, 2, 7, -4, -1, 1, 4, -1, 0, 6, -12 ],
[ 0, -1, 2, 7, -3, 2, 0, -2, 2, 1, 7, -14 ],
[ 0, -1, 3, -5, 13, 0, -5, -1, 2, -1, 10, -14 ],
[ 0, -1, 3, -4, 9, 0, -2, -1, 2, 2, 6, -13 ],
[ 0, -1, 3, -4, 10, -1, -3, 2, 0, -1, 10, -14 ],
[ 0, -1, 3, -4, 11, 0, -4, 0, 1, 2, 7, -14 ],
[ 0, -1, 3, -3, 6, -1, 0, 2, 0, 2, 6, -13 ],
[ 0, -1, 3, -3, 9, 1, -3, -1, 1, 0, 6, -11 ],
[ 0, -1, 3, -2, 4, 0, 1, -1, 2, 0, 7, -12 ],
[ 0, -1, 3, -2, 4, 0, 1, -1, 4, 0, 7, -14 ],
[ 0, -1, 3, -2, 4, 0, 1, 1, 0, 0, 5, -10 ],
[ 0, -1, 3, -2, 6, 0, -1, 0, 1, 0, 8, -13 ],
[ 0, -1, 3, -1, 1, -1, 3, 2, 0, 0, 7, -12 ],
[ 0, -1, 3, -1, 1, -1, 3, 2, 2, 0, 7, -14 ],
[ 0, -1, 3, -1, 2, -3, 0, 6, 0, 2, 6, -13 ],
[ 0, -1, 3, -1, 2, -1, 0, 2, 0, 0, 10, -13 ],
[ 0, -1, 3, -1, 2, -1, 0, 2, 2, 0, 10, -15 ],
[ 0, -1, 3, -1, 2, -1, 0, 4, 0, 0, 8, -13 ],
[ 0, -1, 3, -1, 2, -1, 0, 6, -2, 0, 6, -11 ],
[ 0, -1, 3, -1, 2, 1, 0, -2, 4, -2, 14, -17 ],
[ 0, -1, 3, -1, 2, 1, 0, 0, 2, -2, 12, -15 ],
[ 0, -1, 3, -1, 3, -4, -1, 9, -2, -1, 10, -14 ],
[ 0, -1, 3, -1, 3, -2, -1, 5, 0, -3, 14, -16 ],
[ 0, -1, 3, -1, 3, -1, -1, 0, 4, 0, 7, -12 ],
[ 0, -1, 3, -1, 3, -1, -1, 0, 6, 0, 7, -14 ],
[ 0, -1, 3, -1, 3, -1, -1, 2, 0, 0, 5, -8 ],
[ 0, -1, 3, -1, 3, -1, -1, 2, 2, 0, 5, -10 ],
[ 0, -1, 3, -1, 3, 0, -1, -1, 2, -5, 20, -18 ],
[ 0, -1, 3, -1, 3, 0, -1, 0, 1, 3, 7, -13 ],
[ 0, -1, 3, -1, 3, 0, -1, 2, 1, 3, 5, -13 ],
[ 0, -1, 3, -1, 3, 1, 1, -1, 1, -2, 12, -15 ],
[ 0, -1, 3, -1, 3, 2, -1, -2, 3, 1, 9, -15 ],
[ 0, -1, 3, -1, 3, 2, -1, 0, 1, 1, 7, -13 ],
[ 0, -1, 3, -1, 3, 4, -1, -2, 1, -1, 9, -13 ],
[ 0, -1, 3, -1, 6, -1, -2, 2, 0, 0, 6, -11 ],
[ 0, -1, 3, 0, -2, -2, 5, 5, 0, 0, 7, -14 ],
[ 0, -1, 3, 0, -2, 0, 5, -1, 2, -2, 13, -16 ],
[ 0, -1, 3, 0, -1, -4, 2, 9, -2, 2, 6, -13 ],
[ 0, -1, 3, 0, -1, -2, 2, 5, 0, 0, 10, -15 ],
[ 0, -1, 3, 0, -1, -2, 2, 7, -2, 0, 8, -13 ],
[ 0, -1, 3, 0, -1, 0, 2, -1, 2, -2, 16, -17 ],
[ 0, -1, 3, 0, -1, 0, 2, 0, 1, 6, 3, -12 ],
[ 0, -1, 3, 0, -1, 0, 2, 1, 2, -2, 14, -17 ],
[ 0, -1, 3, 0, -1, 0, 2, 3, 0, -2, 12, -15 ],
[ 0, -1, 3, 0, -1, 1, 2, -2, 4, 1, 5, -11 ],
[ 0, -1, 3, 0, -1, 1, 4, -1, 1, 1, 8, -14 ],
[ 0, -1, 3, 0, -1, 2, 2, -2, 3, 4, 5, -14 ],
[ 0, -1, 3, 0, -1, 4, 2, -2, 1, 2, 5, -12 ],
[ 0, -1, 3, 0, -1, 6, 2, -4, 3, 0, 7, -14 ],
[ 0, -1, 3, 0, 0, -5, 1, 12, -4, -1, 10, -14 ],
[ 0, -1, 3, 0, 0, -3, 1, 8, -2, -3, 14, -16 ],
[ 0, -1, 3, 0, 0, -2, 1, 3, 2, 0, 7, -12 ],
[ 0, -1, 3, 0, 0, -2, 1, 3, 4, 0, 7, -14 ],
[ 0, -1, 3, 0, 0, -2, 1, 5, 0, 0, 5, -10 ],
[ 0, -1, 3, 0, 0, -1, 1, 1, 1, 3, 9, -15 ],
[ 0, -1, 3, 0, 0, -1, 1, 2, 0, -5, 20, -18 ],
[ 0, -1, 3, 0, 0, -1, 1, 5, -1, 3, 5, -13 ],
[ 0, -1, 3, 0, 0, 0, 1, -3, 6, -2, 13, -16 ],
[ 0, -1, 3, 0, 0, 0, 1, -1, 2, -2, 11, -12 ],
[ 0, -1, 3, 0, 0, 0, 1, -1, 4, -2, 11, -14 ],
[ 0, -1, 3, 0, 0, 0, 1, 1, 0, -2, 9, -10 ],
[ 0, -1, 3, 0, 0, 1, 1, -2, 2, -7, 24, -20 ],
[ 0, -1, 3, 0, 0, 1, 1, -1, 1, 1, 11, -15 ],
[ 0, -1, 3, 0, 0, 1, 1, 1, 1, 1, 9, -15 ],
[ 0, -1, 3, 0, 0, 1, 1, 3, -1, 1, 7, -13 ],
[ 0, -1, 3, 0, 0, 3, 1, -1, 1, -1, 11, -15 ],
[ 0, -1, 3, 0, 0, 5, 1, -3, 1, -3, 13, -15 ],
[ 0, -1, 3, 0, 1, -4, 0, 10, -3, 2, 7, -14 ],
[ 0, -1, 3, 0, 1, 0, 0, 0, 1, -2, 17, -18 ],
[ 0, -1, 3, 0, 1, 0, 0, 4, -1, -2, 13, -16 ],
[ 0, -1, 3, 0, 1, 1, 0, -3, 5, 1, 8, -14 ],
[ 0, -1, 3, 0, 1, 1, 0, -1, 1, 1, 6, -10 ],
[ 0, -1, 3, 0, 1, 1, 0, -1, 3, 1, 6, -12 ],
[ 0, -1, 3, 0, 1, 3, 0, -3, 3, -1, 8, -12 ],
[ 0, -1, 3, 0, 3, 0, 0, -1, 2, -2, 12, -15 ],
[ 0, -1, 3, 0, 4, 1, -1, -1, 1, 1, 7, -13 ],
[ 0, -1, 3, 0, 5, 0, -2, 0, 1, -2, 13, -16 ],
[ 0, -1, 3, 1, -3, 0, 5, 0, 1, 1, 5, -11 ],
[ 0, -1, 3, 1, -1, -3, 1, 7, -1, 0, 8, -13 ],
[ 0, -1, 3, 1, -1, -3, 1, 9, -3, 0, 6, -11 ],
[ 0, -1, 3, 1, -1, -1, 1, 1, 3, -2, 14, -17 ],
[ 0, -1, 3, 1, -1, -1, 1, 3, 1, -2, 12, -15 ],
[ 0, -1, 3, 1, -1, 0, 1, -2, 5, 1, 5, -11 ],
[ 0, -1, 3, 1, -1, 0, 1, 0, 1, 1, 3, -7 ],
[ 0, -1, 3, 1, -1, 0, 3, -1, 2, 1, 8, -14 ],
[ 0, -1, 3, 1, -1, 1, 1, -2, 4, 4, 5, -14 ],
[ 0, -1, 3, 1, -1, 1, 1, -1, 1, -4, 16, -15 ],
[ 0, -1, 3, 1, -1, 3, 1, -2, 2, 2, 5, -12 ],
[ 0, -1, 3, 1, -1, 5, 1, -4, 4, 0, 7, -14 ],
[ 0, -1, 3, 1, 0, -2, 0, 5, 0, 3, 5, -13 ],
[ 0, -1, 3, 1, 0, -1, 2, 2, 0, -2, 12, -15 ],
[ 0, -1, 3, 1, 0, 0, 0, -1, 2, 1, 11, -15 ],
[ 0, -1, 3, 1, 0, 0, 0, 1, 2, 1, 9, -15 ],
[ 0, -1, 3, 1, 0, 0, 0, 3, 0, 1, 7, -13 ],
[ 0, -1, 3, 1, 0, 2, 0, -1, 2, -1, 11, -15 ],
[ 0, -1, 3, 1, 0, 2, 0, 1, 0, -1, 9, -13 ],
[ 0, -1, 3, 1, 0, 4, 0, -3, 2, -3, 13, -15 ],
[ 0, -1, 3, 1, 1, 0, 1, 0, 1, 1, 9, -15 ],
[ 0, -1, 3, 1, 4, 0, -2, -1, 2, 1, 7, -13 ],
[ 0, -1, 3, 2, -1, 1, 2, -1, 1, -1, 8, -12 ],
[ 0, -1, 3, 2, 1, -1, 0, 2, 0, 1, 7, -13 ],
[ 0, -1, 3, 3, -1, 0, 1, -1, 2, -1, 8, -12 ],
[ 0, -1, 3, 3, 1, 0, -1, 0, 1, -1, 9, -13 ],
[ 0, -1, 3, 4, -3, 0, 2, 0, 1, 2, 5, -12 ],
[ 0, -1, 3, 4, -3, 2, 2, -2, 3, 0, 7, -14 ],
[ 0, -1, 3, 5, -3, 1, 1, -2, 4, 0, 7, -14 ],
[ 0, -1, 4, -3, 7, -2, -2, 5, -1, -1, 10, -15 ],
[ 0, -1, 4, -2, 4, 0, 0, -1, 3, 0, 7, -13 ],
[ 0, -1, 4, -2, 6, 0, -2, 0, 2, 0, 8, -14 ],
[ 0, -1, 4, -2, 6, 0, -2, 2, 0, 0, 6, -12 ],
[ 0, -1, 4, -1, 1, -1, 2, 2, 1, 0, 7, -13 ],
[ 0, -1, 4, -1, 2, 2, 1, -2, 2, 1, 6, -13 ],
[ 0, -1, 4, -1, 3, -1, 0, 3, 0, 0, 8, -14 ],
[ 0, -1, 4, -1, 4, 2, -1, -1, 1, 1, 7, -14 ],
[ 0, -1, 4, 0, -2, -2, 4, 5, -1, 0, 7, -13 ],
[ 0, -1, 4, 0, -1, 1, 3, 1, 0, 1, 6, -13 ],
[ 0, -1, 4, 0, 0, -2, 0, 5, -1, 0, 5, -9 ],
[ 0, -1, 4, 0, 0, 0, 0, -1, 3, -2, 11, -13 ],
[ 0, -1, 4, 0, 2, 1, 0, -2, 3, 1, 6, -13 ],
[ 0, -1, 4, 0, 3, -2, -1, 5, -1, 0, 6, -12 ],
[ 0, -1, 4, 1, -1, 0, 2, 1, 1, 1, 6, -13 ],
[ 0, -1, 4, 1, 1, 0, 0, 2, 0, 1, 7, -14 ],
[ 0, -1, 4, 1, 2, 0, -1, -2, 4, 1, 6, -13 ],
[ 0, -1, 4, 2, -1, -1, 1, 1, 2, 1, 6, -13 ],
[ 0, -1, 4, 3, -2, -2, 1, 5, -1, 1, 7, -14 ],
[ 0, -1, 5, -1, 3, 1, -1, -1, 1, -2, 12, -15 ],
[ 0, -1, 5, 0, -1, 1, 2, -1, 1, 1, 8, -14 ],
[ 0, -1, 5, 1, -1, 0, 1, -1, 2, 1, 8, -14 ],
[ 0, -1, 5, 1, 0, -1, 0, 2, 0, -2, 12, -15 ],
[ 0, -1, 5, 2, -1, 1, 0, -1, 1, -1, 8, -12 ],
[ 0, 0, 0, -9, 22, -1, -8, 0, 4, 0, 7, -14 ],
[ 0, 0, 0, -9, 22, -1, -8, 2, 0, 0, 5, -10 ],
[ 0, 0, 0, -8, 19, -2, -6, 3, 2, 0, 7, -14 ],
[ 0, 0, 0, -8, 19, 0, -6, -1, 2, -2, 11, -14 ],
[ 0, 0, 0, -8, 20, 1, -7, -1, 1, 1, 6, -12 ],
[ 0, 0, 0, -8, 21, 0, -8, 0, 1, -2, 12, -15 ],
[ 0, 0, 0, -7, 16, -3, -4, 6, 0, 0, 7, -14 ],
[ 0, 0, 0, -7, 16, -1, -4, 2, 0, -2, 11, -14 ],
[ 0, 0, 0, -7, 17, 0, -5, 0, 1, 1, 8, -14 ],
[ 0, 0, 0, -6, 17, -1, -6, 2, 0, 1, 6, -12 ],
[ 0, 0, 0, -5, 10, 0, 0, -1, 2, -1, 8, -12 ],
[ 0, 0, 0, -5, 12, -5, -4, 10, 0, 0, 7, -14 ],
[ 0, 0, 0, -5, 12, -5, -4, 12, -4, 0, 5, -10 ],
[ 0, 0, 0, -5, 12, -3, -4, 6, 0, -2, 11, -14 ],
[ 0, 0, 0, -5, 12, -1, -4, 0, 4, -4, 17, -18 ],
[ 0, 0, 0, -5, 12, -1, -4, 1, 1, 4, 4, -11 ],
[ 0, 0, 0, -5, 12, -1, -4, 2, 0, -4, 15, -14 ],
[ 0, 0, 0, -5, 12, 0, -4, -3, 6, -1, 8, -12 ],
[ 0, 0, 0, -5, 12, 0, -4, -1, 2, -1, 6, -8 ],
[ 0, 0, 0, -5, 12, 0, -2, 0, 1, -1, 9, -13 ],
[ 0, 0, 0, -5, 12, 1, -4, -3, 5, 2, 8, -15 ],
[ 0, 0, 0, -5, 12, 1, -4, -1, 1, 2, 6, -11 ],
[ 0, 0, 0, -5, 12, 1, -4, -1, 3, 2, 6, -13 ],
[ 0, 0, 0, -5, 12, 3, -4, -3, 3, 0, 8, -13 ],
[ 0, 0, 0, -5, 12, 3, -4, -1, 1, 0, 6, -11 ],
[ 0, 0, 0, -5, 14, 0, -4, -1, 2, -1, 12, -16 ],
[ 0, 0, 0, -4, 7, -1, 2, 2, 0, -1, 8, -12 ],
[ 0, 0, 0, -4, 8, 0, 1, 0, 1, 2, 5, -12 ],
[ 0, 0, 0, -4, 8, 2, 1, -2, 3, 0, 7, -14 ],
[ 0, 0, 0, -4, 9, -6, -2, 13, -2, 0, 7, -14 ],
[ 0, 0, 0, -4, 9, -4, -2, 9, -2, -2, 11, -14 ],
[ 0, 0, 0, -4, 9, -2, -2, 3, 2, -4, 17, -18 ],
[ 0, 0, 0, -4, 9, -1, -2, 0, 4, -1, 8, -12 ],
[ 0, 0, 0, -4, 9, -1, -2, 2, 0, -1, 6, -8 ],
[ 0, 0, 0, -4, 9, 0, -2, -1, 2, -6, 21, -18 ],
[ 0, 0, 0, -4, 9, 0, -2, 0, 1, 2, 8, -13 ],
[ 0, 0, 0, -4, 9, 0, -2, 0, 3, 2, 8, -15 ],
[ 0, 0, 0, -4, 9, 0, -2, 2, 1, 2, 6, -13 ],
[ 0, 0, 0, -4, 9, 2, -2, -2, 3, 0, 10, -15 ],
[ 0, 0, 0, -4, 9, 2, -2, 0, 1, 0, 8, -13 ],
[ 0, 0, 0, -4, 9, 4, -2, -2, 1, -2, 10, -13 ],
[ 0, 0, 0, -4, 10, -3, -3, 7, -1, 1, 8, -14 ],
[ 0, 0, 0, -4, 10, -3, -3, 9, -3, 1, 6, -12 ],
[ 0, 0, 0, -4, 10, -1, -3, 3, 1, -1, 12, -16 ],
[ 0, 0, 0, -4, 10, -1, -3, 5, -1, -1, 10, -14 ],
[ 0, 0, 0, -4, 10, 0, -3, -2, 5, 2, 5, -12 ],
[ 0, 0, 0, -4, 10, 0, -3, 0, 1, 2, 3, -8 ],
[ 0, 0, 0, -4, 10, 1, -3, -1, 1, -3, 16, -16 ],
[ 0, 0, 0, -4, 10, 1, -3, 1, 1, -3, 14, -16 ],
[ 0, 0, 0, -4, 10, 2, -3, -4, 7, 0, 7, -14 ],
[ 0, 0, 0, -4, 10, 2, -3, -2, 3, 0, 5, -10 ],
[ 0, 0, 0, -4, 10, 3, -3, -2, 2, 3, 5, -13 ],
[ 0, 0, 0, -4, 11, -4, -4, 10, -3, -2, 12, -15 ],
[ 0, 0, 0, -4, 11, -1, -4, 1, 3, -1, 9, -13 ],
[ 0, 0, 0, -4, 11, 0, -4, -1, 2, 2, 11, -16 ],
[ 0, 0, 0, -4, 11, 0, -4, 0, 1, -6, 22, -19 ],
[ 0, 0, 0, -4, 11, 0, -4, 3, 0, 2, 7, -14 ],
[ 0, 0, 0, -4, 11, 2, -4, 1, 0, 0, 9, -14 ],
[ 0, 0, 0, -4, 11, 4, -4, -3, 2, -2, 13, -16 ],
[ 0, 0, 0, -4, 15, 0, -6, -1, 2, 2, 7, -14 ],
[ 0, 0, 0, -3, 4, 0, 4, -1, 2, -3, 14, -16 ],
[ 0, 0, 0, -3, 5, 1, 3, -1, 1, 0, 9, -14 ],
[ 0, 0, 0, -3, 5, 1, 3, 1, 1, 0, 7, -14 ],
[ 0, 0, 0, -3, 6, -7, 0, 16, -4, 0, 7, -14 ],
[ 0, 0, 0, -3, 6, -5, 0, 12, -4, -2, 11, -14 ],
[ 0, 0, 0, -3, 6, -3, 0, 6, 0, -4, 17, -18 ],
[ 0, 0, 0, -3, 6, -3, 0, 7, -1, 4, 4, -13 ],
[ 0, 0, 0, -3, 6, -2, 0, 3, 2, -1, 8, -12 ],
[ 0, 0, 0, -3, 6, -1, 0, 1, 1, 2, 10, -15 ],
[ 0, 0, 0, -3, 6, -1, 0, 2, 0, -6, 21, -18 ],
[ 0, 0, 0, -3, 6, -1, 0, 3, 1, 2, 8, -15 ],
[ 0, 0, 0, -3, 6, -1, 0, 5, -1, 2, 6, -13 ],
[ 0, 0, 0, -3, 6, 0, 0, -3, 6, -3, 14, -16 ],
[ 0, 0, 0, -3, 6, 0, 0, -1, 2, -3, 12, -12 ],
[ 0, 0, 0, -3, 6, 0, 2, 0, 1, -3, 15, -17 ],
[ 0, 0, 0, -3, 6, 1, 0, -1, 1, 0, 12, -15 ],
[ 0, 0, 0, -3, 6, 1, 0, 1, 1, 0, 10, -15 ],
[ 0, 0, 0, -3, 6, 1, 0, 3, -1, 0, 8, -13 ],
[ 0, 0, 0, -3, 6, 1, 0, 5, -1, 0, 6, -13 ],
[ 0, 0, 0, -3, 6, 3, 0, -3, 3, -2, 14, -17 ],
[ 0, 0, 0, -3, 6, 3, 0, -1, 1, -2, 12, -15 ],
[ 0, 0, 0, -3, 7, -4, -1, 10, -3, 1, 8, -14 ],
[ 0, 0, 0, -3, 7, -2, -1, 6, -1, -1, 12, -16 ],
[ 0, 0, 0, -3, 7, -1, -1, 1, 3, 2, 5, -12 ],
[ 0, 0, 0, -3, 7, 0, -1, -1, 2, 5, 7, -15 ],
[ 0, 0, 0, -3, 7, 0, -1, 0, 1, -3, 18, -18 ],
[ 0, 0, 0, -3, 7, 0, -1, 4, -1, -3, 14, -16 ],
[ 0, 0, 0, -3, 7, 1, -1, -3, 5, 0, 9, -14 ],
[ 0, 0, 0, -3, 7, 1, -1, -1, 1, 0, 7, -10 ],
[ 0, 0, 0, -3, 7, 1, -1, -1, 3, 0, 7, -12 ],
[ 0, 0, 0, -3, 7, 1, -1, -1, 5, 0, 7, -14 ],
[ 0, 0, 0, -3, 7, 1, -1, 1, 1, 0, 5, -10 ],
[ 0, 0, 0, -3, 7, 2, -1, 1, 0, 3, 5, -13 ],
[ 0, 0, 0, -3, 7, 4, -1, -3, 2, 1, 9, -15 ],
[ 0, 0, 0, -3, 8, -2, -2, 4, 1, -1, 9, -13 ],
[ 0, 0, 0, -3, 8, 0, -2, -2, 5, -3, 15, -17 ],
[ 0, 0, 0, -3, 8, 0, -2, 0, 1, -3, 13, -13 ],
[ 0, 0, 0, -3, 8, 1, 0, -2, 4, 0, 7, -14 ],
[ 0, 0, 0, -3, 9, -1, -3, 0, 4, 2, 8, -15 ],
[ 0, 0, 0, -3, 9, -1, -3, 2, 0, 2, 6, -11 ],
[ 0, 0, 0, -3, 9, -1, -3, 2, 2, 2, 6, -13 ],
[ 0, 0, 0, -3, 9, 1, -3, -2, 4, 0, 10, -15 ],
[ 0, 0, 0, -3, 9, 1, -3, 0, 2, 0, 8, -13 ],
[ 0, 0, 0, -3, 9, 1, -3, 2, 0, 0, 6, -11 ],
[ 0, 0, 0, -3, 10, 1, -4, -2, 4, 0, 5, -10 ],
[ 0, 0, 0, -3, 10, 1, -2, -1, 1, 0, 8, -13 ],
[ 0, 0, 0, -3, 11, 0, -3, 0, 1, -3, 14, -16 ],
[ 0, 0, 0, -2, -1, 0, 10, -1, 2, 0, 7, -14 ],
[ 0, 0, 0, -2, 1, -1, 6, 2, 0, -3, 14, -16 ],
[ 0, 0, 0, -2, 1, 0, 6, -3, 6, 0, 7, -14 ],
[ 0, 0, 0, -2, 1, 0, 6, -1, 2, 0, 5, -10 ],
[ 0, 0, 0, -2, 1, 1, 6, -1, 1, 3, 5, -13 ],
[ 0, 0, 0, -2, 2, 0, 5, 0, 1, 0, 11, -16 ],
[ 0, 0, 0, -2, 2, 0, 5, 4, -1, 0, 7, -14 ],
[ 0, 0, 0, -2, 3, -4, 2, 10, -3, 4, 4, -13 ],
[ 0, 0, 0, -2, 3, -3, 2, 6, 0, -1, 8, -12 ],
[ 0, 0, 0, -2, 3, -1, 2, 0, 4, -3, 14, -16 ],
[ 0, 0, 0, -2, 3, -1, 2, 2, 0, -3, 12, -12 ],
[ 0, 0, 0, -2, 3, 0, 2, -5, 10, 0, 7, -14 ],
[ 0, 0, 0, -2, 3, 0, 2, -3, 6, 0, 5, -10 ],
[ 0, 0, 0, -2, 3, 0, 2, -1, 2, 0, 3, -6 ],
[ 0, 0, 0, -2, 3, 0, 2, 0, 1, 0, 14, -17 ],
[ 0, 0, 0, -2, 3, 0, 2, 4, -1, 0, 10, -15 ],
[ 0, 0, 0, -2, 3, 0, 2, 8, -3, 0, 6, -13 ],
[ 0, 0, 0, -2, 3, 0, 4, 0, 1, 0, 6, -11 ],
[ 0, 0, 0, -2, 3, 1, 2, -3, 5, 3, 5, -13 ],
[ 0, 0, 0, -2, 3, 1, 2, -1, 1, 3, 3, -9 ],
[ 0, 0, 0, -2, 3, 3, 2, -3, 3, 1, 5, -11 ],
[ 0, 0, 0, -2, 3, 4, 2, -2, 1, -4, 16, -17 ],
[ 0, 0, 0, -2, 4, -2, 1, 4, 1, 2, 5, -12 ],
[ 0, 0, 0, -2, 4, 0, -1, -1, 2, 8, 6, -15 ],
[ 0, 0, 0, -2, 4, 0, 1, -2, 5, 0, 11, -16 ],
[ 0, 0, 0, -2, 4, 0, 1, 0, 1, 0, 9, -12 ],
[ 0, 0, 0, -2, 4, 0, 1, 0, 3, 0, 9, -14 ],
[ 0, 0, 0, -2, 4, 0, 1, 2, 1, 0, 7, -12 ],
[ 0, 0, 0, -2, 4, 0, 1, 2, 3, 0, 7, -14 ],
[ 0, 0, 0, -2, 4, 0, 1, 4, -1, 0, 5, -10 ],
[ 0, 0, 0, -2, 4, 2, 1, -2, 3, -2, 11, -14 ],
[ 0, 0, 0, -2, 5, -3, 0, 7, -1, -1, 9, -13 ],
[ 0, 0, 0, -2, 5, -1, 0, 1, 3, -3, 15, -17 ],
[ 0, 0, 0, -2, 5, 0, 0, -2, 5, 0, 6, -11 ],
[ 0, 0, 0, -2, 5, 0, 0, 0, 1, 0, 4, -7 ],
[ 0, 0, 0, -2, 5, 0, 2, -1, 2, 0, 9, -14 ],
[ 0, 0, 0, -2, 5, 0, 2, 1, 2, 0, 7, -14 ],
[ 0, 0, 0, -2, 5, 1, 0, -2, 4, 3, 6, -14 ],
[ 0, 0, 0, -2, 5, 3, 0, -2, 2, 1, 6, -12 ],
[ 0, 0, 0, -2, 6, -2, -1, 3, 2, 2, 8, -15 ],
[ 0, 0, 0, -2, 6, -2, -1, 5, 0, 2, 6, -13 ],
[ 0, 0, 0, -2, 6, -2, -1, 7, -2, 2, 4, -11 ],
[ 0, 0, 0, -2, 6, 0, -1, -1, 2, 0, 12, -15 ],
[ 0, 0, 0, -2, 6, 0, -1, 1, 2, 0, 10, -15 ],
[ 0, 0, 0, -2, 6, 0, -1, 3, 0, 0, 8, -13 ],
[ 0, 0, 0, -2, 6, 0, 3, 0, 1, 0, 7, -14 ],
[ 0, 0, 0, -2, 6, 2, -1, -3, 4, -2, 14, -17 ],
[ 0, 0, 0, -2, 6, 2, -1, -1, 2, -2, 12, -15 ],
[ 0, 0, 0, -2, 7, -5, -2, 12, -4, 1, 6, -12 ],
[ 0, 0, 0, -2, 7, -3, -2, 6, 0, -1, 12, -16 ],
[ 0, 0, 0, -2, 7, -3, -2, 8, -2, -1, 10, -14 ],
[ 0, 0, 0, -2, 7, -1, -2, 1, 1, 5, 5, -13 ],
[ 0, 0, 0, -2, 7, -1, -2, 2, 0, -3, 16, -16 ],
[ 0, 0, 0, -2, 7, -1, -2, 4, 0, -3, 14, -16 ],
[ 0, 0, 0, -2, 7, 0, -2, -3, 6, 0, 9, -14 ],
[ 0, 0, 0, -2, 7, 0, -2, -1, 2, 0, 7, -10 ],
[ 0, 0, 0, -2, 7, 0, -2, -1, 4, 0, 7, -12 ],
[ 0, 0, 0, -2, 7, 0, -2, -1, 6, 0, 7, -14 ],
[ 0, 0, 0, -2, 7, 0, -2, 1, 0, 0, 5, -8 ],
[ 0, 0, 0, -2, 7, 0, -2, 1, 2, 0, 5, -10 ],
[ 0, 0, 0, -2, 7, 0, 0, 0, 1, 0, 10, -15 ],
[ 0, 0, 0, -2, 7, 1, -2, -2, 2, -5, 20, -18 ],
[ 0, 0, 0, -2, 7, 1, -2, -1, 1, 3, 7, -13 ],
[ 0, 0, 0, -2, 7, 1, -2, 1, 1, 3, 5, -13 ],
[ 0, 0, 0, -2, 7, 3, -2, -3, 3, 1, 9, -15 ],
[ 0, 0, 0, -2, 7, 3, -2, -1, 1, 1, 7, -13 ],
[ 0, 0, 0, -2, 7, 5, -2, -3, 1, -1, 9, -13 ],
[ 0, 0, 0, -2, 8, -2, -3, 6, -1, 2, 7, -14 ],
[ 0, 0, 0, -2, 8, 0, -3, 0, 1, 0, 13, -16 ],
[ 0, 0, 0, -2, 8, 0, -3, 4, -1, 0, 9, -14 ],
[ 0, 0, 0, -2, 8, 0, -1, -2, 5, 0, 7, -14 ],
[ 0, 0, 0, -2, 8, 0, -1, 0, 1, 0, 5, -10 ],
[ 0, 0, 0, -2, 8, 2, -3, 0, 1, -2, 13, -16 ],
[ 0, 0, 0, -2, 10, 0, -3, -1, 2, 0, 8, -13 ],
[ 0, 0, 0, -2, 12, 0, -5, 0, 1, 0, 9, -14 ],
[ 0, 0, 0, -1, -2, -1, 8, 0, 4, 0, 7, -14 ],
[ 0, 0, 0, -1, -2, -1, 8, 2, 0, 0, 5, -10 ],
[ 0, 0, 0, -1, 0, -4, 4, 9, -2, -1, 8, -12 ],
[ 0, 0, 0, -1, 0, -2, 4, 3, 2, -3, 14, -16 ],
[ 0, 0, 0, -1, 0, -1, 4, -2, 8, 0, 7, -14 ],
[ 0, 0, 0, -1, 0, -1, 4, 0, 4, 0, 5, -10 ],
[ 0, 0, 0, -1, 0, -1, 4, 2, 0, 0, 3, -6 ],
[ 0, 0, 0, -1, 0, 0, 4, -1, 2, -5, 18, -16 ],
[ 0, 0, 0, -1, 0, 0, 4, 0, 1, 3, 5, -11 ],
[ 0, 0, 0, -1, 0, 0, 4, 0, 3, 3, 5, -13 ],
[ 0, 0, 0, -1, 0, 2, 4, -2, 3, 1, 7, -13 ],
[ 0, 0, 0, -1, 0, 2, 4, 0, 1, 1, 5, -11 ],
[ 0, 0, 0, -1, 0, 4, 4, -2, 1, -1, 7, -11 ],
[ 0, 0, 0, -1, 1, -3, 3, 7, -1, 2, 5, -12 ],
[ 0, 0, 0, -1, 1, -1, 3, 1, 3, 0, 11, -16 ],
[ 0, 0, 0, -1, 1, -1, 3, 3, 1, 0, 9, -14 ],
[ 0, 0, 0, -1, 1, -1, 3, 5, -1, 0, 7, -12 ],
[ 0, 0, 0, -1, 1, -1, 3, 5, 1, 0, 7, -14 ],
[ 0, 0, 0, -1, 1, 0, 5, -1, 2, 3, 5, -13 ],
[ 0, 0, 0, -1, 1, 1, 3, -1, 1, -2, 13, -14 ],
[ 0, 0, 0, -1, 1, 1, 3, -1, 3, -2, 13, -16 ],
[ 0, 0, 0, -1, 1, 1, 3, 1, 1, -2, 11, -14 ],
[ 0, 0, 0, -1, 2, -9, 0, 20, -4, 0, 7, -14 ],
[ 0, 0, 0, -1, 2, -9, 0, 22, -8, 0, 5, -10 ],
[ 0, 0, 0, -1, 2, -7, 0, 16, -4, -2, 11, -14 ],
[ 0, 0, 0, -1, 2, -5, 0, 10, 0, -4, 17, -18 ],
[ 0, 0, 0, -1, 2, -5, 0, 11, -3, 4, 4, -11 ],
[ 0, 0, 0, -1, 2, -5, 0, 11, -1, 4, 4, -13 ],
[ 0, 0, 0, -1, 2, -5, 0, 12, -4, -4, 15, -14 ],
[ 0, 0, 0, -1, 2, -4, 0, 7, 2, -1, 8, -12 ],
[ 0, 0, 0, -1, 2, -4, 0, 9, -2, -1, 6, -8 ],
[ 0, 0, 0, -1, 2, -4, 2, 10, -3, -1, 9, -13 ],
[ 0, 0, 0, -1, 2, -3, 0, 5, 1, 2, 10, -15 ],
[ 0, 0, 0, -1, 2, -3, 0, 6, 0, -6, 21, -18 ],
[ 0, 0, 0, -1, 2, -3, 0, 7, -1, 2, 8, -13 ],
[ 0, 0, 0, -1, 2, -3, 0, 7, 1, 2, 8, -15 ],
[ 0, 0, 0, -1, 2, -3, 0, 9, -3, 2, 6, -11 ],
[ 0, 0, 0, -1, 2, -3, 0, 9, -1, 2, 6, -13 ],
[ 0, 0, 0, -1, 2, -3, 0, 11, -3, 2, 4, -11 ],
[ 0, 0, 0, -1, 2, -2, 0, 1, 6, -3, 14, -16 ],
[ 0, 0, 0, -1, 2, -2, 0, 3, 2, -3, 12, -12 ],
[ 0, 0, 0, -1, 2, -2, 2, 4, 1, -3, 15, -17 ],
[ 0, 0, 0, -1, 2, -1, 0, -4, 12, 0, 7, -14 ],
[ 0, 0, 0, -1, 2, -1, 0, -2, 8, 0, 5, -10 ],
[ 0, 0, 0, -1, 2, -1, 0, 0, 2, 8, 3, -12 ],
[ 0, 0, 0, -1, 2, -1, 0, 0, 4, -8, 27, -22 ],
[ 0, 0, 0, -1, 2, -1, 0, 0, 4, 0, 3, -6 ],
[ 0, 0, 0, -1, 2, -1, 0, 0, 4, 8, 3, -14 ],
[ 0, 0, 0, -1, 2, -1, 0, 1, 1, 0, 14, -15 ],
[ 0, 0, 0, -1, 2, -1, 0, 1, 3, 0, 14, -17 ],
[ 0, 0, 0, -1, 2, -1, 0, 2, 0, -8, 25, -18 ],
[ 0, 0, 0, -1, 2, -1, 0, 2, 0, 0, 1, -2 ],
[ 0, 0, 0, -1, 2, -1, 0, 2, 0, 8, 1, -10 ],
[ 0, 0, 0, -1, 2, -1, 0, 3, 1, 0, 12, -15 ],
[ 0, 0, 0, -1, 2, -1, 0, 5, -1, 0, 10, -13 ],
[ 0, 0, 0, -1, 2, -1, 0, 5, 1, 0, 10, -15 ],
[ 0, 0, 0, -1, 2, -1, 0, 7, -1, 0, 8, -13 ],
[ 0, 0, 0, -1, 2, -1, 0, 9, -3, 0, 6, -11 ],
[ 0, 0, 0, -1, 2, -1, 0, 9, -1, 0, 6, -13 ],
[ 0, 0, 0, -1, 2, -1, 2, 1, 3, 0, 6, -11 ],
[ 0, 0, 0, -1, 2, -1, 4, 2, 0, 0, 9, -14 ],
[ 0, 0, 0, -1, 2, -1, 4, 4, 0, 0, 7, -14 ],
[ 0, 0, 0, -1, 2, 0, 0, -4, 9, 3, 7, -15 ],
[ 0, 0, 0, -1, 2, 0, 0, -3, 6, -5, 18, -16 ],
[ 0, 0, 0, -1, 2, 0, 0, -2, 5, 3, 5, -11 ],
[ 0, 0, 0, -1, 2, 0, 0, -2, 7, 3, 5, -13 ],
[ 0, 0, 0, -1, 2, 0, 0, -1, 2, -5, 16, -12 ],
[ 0, 0, 0, -1, 2, 0, 0, 0, 1, 3, 3, -7 ],
[ 0, 0, 0, -1, 2, 0, 0, 0, 3, 3, 3, -9 ],
[ 0, 0, 0, -1, 2, 0, 2, -1, 2, 3, 8, -14 ],
[ 0, 0, 0, -1, 2, 0, 2, 0, 1, -5, 19, -17 ],
[ 0, 0, 0, -1, 2, 0, 2, 1, 2, 3, 6, -14 ],
[ 0, 0, 0, -1, 2, 1, 0, -3, 5, -2, 18, -19 ],
[ 0, 0, 0, -1, 2, 1, 0, -2, 4, 6, 5, -14 ],
[ 0, 0, 0, -1, 2, 1, 0, -1, 1, -2, 16, -15 ],
[ 0, 0, 0, -1, 2, 1, 0, -1, 3, -2, 16, -17 ],
[ 0, 0, 0, -1, 2, 1, 0, 0, 2, 6, 3, -12 ],
[ 0, 0, 0, -1, 2, 1, 0, 1, 1, -2, 14, -15 ],
[ 0, 0, 0, -1, 2, 1, 0, 1, 3, -2, 14, -17 ],
[ 0, 0, 0, -1, 2, 1, 0, 3, -1, -2, 12, -13 ],
[ 0, 0, 0, -1, 2, 1, 0, 3, 1, -2, 12, -15 ],
[ 0, 0, 0, -1, 2, 1, 0, 5, -1, -2, 10, -13 ],
[ 0, 0, 0, -1, 2, 2, 0, -4, 7, 1, 7, -13 ],
[ 0, 0, 0, -1, 2, 2, 0, -2, 3, 1, 5, -9 ],
[ 0, 0, 0, -1, 2, 2, 0, -2, 5, 1, 5, -11 ],
[ 0, 0, 0, -1, 2, 2, 0, 0, 1, 1, 3, -7 ],
[ 0, 0, 0, -1, 2, 2, 2, -1, 2, 1, 8, -14 ],
[ 0, 0, 0, -1, 2, 2, 2, 1, 0, 1, 6, -12 ],
[ 0, 0, 0, -1, 2, 3, 0, -3, 3, -4, 18, -17 ],
[ 0, 0, 0, -1, 2, 3, 0, -2, 2, 4, 5, -12 ],
[ 0, 0, 0, -1, 2, 3, 0, -2, 4, 4, 5, -14 ],
[ 0, 0, 0, -1, 2, 3, 0, -1, 1, -4, 16, -15 ],
[ 0, 0, 0, -1, 2, 3, 0, -1, 3, -4, 16, -17 ],
[ 0, 0, 0, -1, 2, 3, 0, 0, 0, 4, 3, -10 ],
[ 0, 0, 0, -1, 2, 4, 0, -6, 9, -1, 9, -15 ],
[ 0, 0, 0, -1, 2, 4, 0, -4, 5, -1, 7, -11 ],
[ 0, 0, 0, -1, 2, 4, 0, -2, 1, -1, 5, -7 ],
[ 0, 0, 0, -1, 2, 4, 2, -3, 2, -1, 10, -14 ],
[ 0, 0, 0, -1, 2, 5, 0, -4, 4, 2, 7, -14 ],
[ 0, 0, 0, -1, 2, 5, 0, -2, 2, 2, 5, -12 ],
[ 0, 0, 0, -1, 2, 7, 0, -4, 2, 0, 7, -12 ],
[ 0, 0, 0, -1, 2, 7, 0, -4, 4, 0, 7, -14 ],
[ 0, 0, 0, -1, 2, 7, 0, -2, 0, 0, 5, -10 ],
[ 0, 0, 0, -1, 3, -3, -1, 7, -1, 2, 3, -8 ],
[ 0, 0, 0, -1, 3, -3, 1, 6, 0, 2, 8, -15 ],
[ 0, 0, 0, -1, 3, -3, 1, 8, -2, 2, 6, -13 ],
[ 0, 0, 0, -1, 3, -1, -1, 1, 3, 0, 9, -12 ],
[ 0, 0, 0, -1, 3, -1, -1, 3, 1, 0, 7, -10 ],
[ 0, 0, 0, -1, 3, -1, -1, 5, -1, 0, 5, -8 ],
[ 0, 0, 0, -1, 3, -1, -1, 5, 1, 0, 5, -10 ],
[ 0, 0, 0, -1, 3, -1, 1, 2, 0, 0, 12, -15 ],
[ 0, 0, 0, -1, 3, -1, 1, 4, 0, 0, 10, -15 ],
[ 0, 0, 0, -1, 3, -1, 1, 6, -2, 0, 8, -13 ],
[ 0, 0, 0, -1, 3, 0, 1, -3, 6, 3, 5, -13 ],
[ 0, 0, 0, -1, 3, 0, 1, -1, 2, 3, 3, -9 ],
[ 0, 0, 0, -1, 3, 0, 3, 0, 1, 3, 6, -14 ],
[ 0, 0, 0, -1, 3, 1, -1, -1, 1, -2, 11, -10 ],
[ 0, 0, 0, -1, 3, 1, -1, -1, 3, -2, 11, -12 ],
[ 0, 0, 0, -1, 3, 1, -1, 1, 1, -2, 9, -10 ],
[ 0, 0, 0, -1, 3, 1, 1, -2, 2, -2, 16, -17 ],
[ 0, 0, 0, -1, 3, 1, 1, -1, 1, 6, 3, -12 ],
[ 0, 0, 0, -1, 3, 1, 1, 0, 2, -2, 14, -17 ],
[ 0, 0, 0, -1, 3, 1, 1, 2, 0, -2, 12, -15 ],
[ 0, 0, 0, -1, 3, 2, 1, -3, 4, 1, 5, -11 ],
[ 0, 0, 0, -1, 3, 3, 1, -3, 3, 4, 5, -14 ],
[ 0, 0, 0, -1, 3, 5, 1, -3, 1, 2, 5, -12 ],
[ 0, 0, 0, -1, 3, 7, 1, -5, 3, 0, 7, -14 ],
[ 0, 0, 0, -1, 4, -4, 0, 9, -2, -1, 12, -16 ],
[ 0, 0, 0, -1, 4, -2, 0, 7, -2, -3, 14, -16 ],
[ 0, 0, 0, -1, 4, -1, 0, 0, 4, 0, 9, -14 ],
[ 0, 0, 0, -1, 4, -1, 0, 2, 0, 0, 7, -10 ],
[ 0, 0, 0, -1, 4, -1, 0, 2, 2, 0, 7, -12 ],
[ 0, 0, 0, -1, 4, -1, 0, 2, 4, 0, 7, -14 ],
[ 0, 0, 0, -1, 4, -1, 0, 4, 0, 0, 5, -10 ],
[ 0, 0, 0, -1, 4, 0, 0, -1, 2, -5, 22, -20 ],
[ 0, 0, 0, -1, 4, 0, 0, 0, 1, 3, 9, -15 ],
[ 0, 0, 0, -1, 4, 0, 0, 4, -1, 3, 5, -13 ],
[ 0, 0, 0, -1, 4, 1, 0, -2, 4, -2, 11, -14 ],
[ 0, 0, 0, -1, 4, 2, 0, 0, 1, 1, 9, -15 ],
[ 0, 0, 0, -1, 4, 4, 0, -2, 1, -1, 11, -15 ],
[ 0, 0, 0, -1, 5, -1, 1, 1, 3, 0, 7, -14 ],
[ 0, 0, 0, -1, 5, 0, -1, -2, 5, 3, 6, -14 ],
[ 0, 0, 0, -1, 5, 0, -1, 0, 1, 3, 4, -10 ],
[ 0, 0, 0, -1, 5, 2, -1, -2, 3, 1, 6, -12 ],
[ 0, 0, 0, -1, 6, -3, -2, 7, -1, 2, 4, -11 ],
[ 0, 0, 0, -1, 6, -1, -2, 1, 3, 0, 10, -15 ],
[ 0, 0, 0, -1, 6, -1, -2, 3, 1, 0, 8, -13 ],
[ 0, 0, 0, -1, 6, -1, -2, 5, -1, 0, 6, -11 ],
[ 0, 0, 0, -1, 6, 1, -2, -3, 5, -2, 14, -17 ],
[ 0, 0, 0, -1, 6, 1, -2, -1, 1, -2, 12, -13 ],
[ 0, 0, 0, -1, 6, 1, -2, -1, 3, -2, 12, -15 ],
[ 0, 0, 0, -1, 7, -1, -3, 1, 3, 0, 5, -10 ],
[ 0, 0, 0, -1, 7, -1, -1, 2, 0, 0, 8, -13 ],
[ 0, 0, 0, -1, 8, 0, -2, 0, 1, 3, 5, -13 ],
[ 0, 0, 0, 0, -5, -2, 10, 3, 2, 0, 7, -14 ],
[ 0, 0, 0, 0, -5, 0, 10, -1, 2, -2, 11, -14 ],
[ 0, 0, 0, 0, -4, 1, 9, -1, 1, 1, 6, -12 ],
[ 0, 0, 0, 0, -3, -5, 6, 12, -4, -1, 8, -12 ],
[ 0, 0, 0, 0, -3, -3, 6, 6, 0, -3, 14, -16 ],
[ 0, 0, 0, 0, -3, -2, 6, 1, 6, 0, 7, -14 ],
[ 0, 0, 0, 0, -3, -2, 6, 3, 2, 0, 5, -10 ],
[ 0, 0, 0, 0, -3, -1, 6, 1, 1, 3, 7, -13 ],
[ 0, 0, 0, 0, -3, -1, 6, 2, 0, -5, 18, -16 ],
[ 0, 0, 0, 0, -3, -1, 6, 3, 1, 3, 5, -13 ],
[ 0, 0, 0, 0, -3, 0, 6, -3, 6, -2, 11, -14 ],
[ 0, 0, 0, 0, -3, 0, 6, -1, 2, -2, 9, -10 ],
[ 0, 0, 0, 0, -3, 0, 8, 0, 1, -2, 12, -15 ],
[ 0, 0, 0, 0, -3, 1, 6, -1, 1, 1, 9, -13 ],
[ 0, 0, 0, 0, -3, 1, 6, -1, 3, 1, 9, -15 ],
[ 0, 0, 0, 0, -3, 1, 6, 1, 1, 1, 7, -13 ],
[ 0, 0, 0, 0, -3, 1, 6, 3, -1, 1, 5, -11 ],
[ 0, 0, 0, 0, -3, 3, 6, -3, 3, -1, 11, -15 ],
[ 0, 0, 0, 0, -3, 3, 6, -1, 1, -1, 9, -13 ],
[ 0, 0, 0, 0, -2, -4, 5, 10, -3, 2, 5, -12 ],
[ 0, 0, 0, 0, -2, -2, 5, 4, 1, 0, 11, -16 ],
[ 0, 0, 0, 0, -2, -2, 5, 6, -1, 0, 9, -14 ],
[ 0, 0, 0, 0, -2, -2, 5, 8, -1, 0, 7, -14 ],
[ 0, 0, 0, 0, -2, -1, 7, 2, 0, 3, 5, -13 ],
[ 0, 0, 0, 0, -2, 0, 5, -1, 2, 6, 4, -13 ],
[ 0, 0, 0, 0, -2, 0, 5, 0, 1, -2, 15, -16 ],
[ 0, 0, 0, 0, -2, 0, 5, 2, 1, -2, 13, -16 ],
[ 0, 0, 0, 0, -2, 0, 5, 4, -1, -2, 11, -14 ],
[ 0, 0, 0, 0, -2, 1, 5, -3, 5, 1, 6, -12 ],
[ 0, 0, 0, 0, -2, 1, 5, -1, 1, 1, 4, -8 ],
[ 0, 0, 0, 0, -2, 2, 5, -2, 3, -4, 17, -18 ],
[ 0, 0, 0, 0, -2, 4, 5, -3, 2, 2, 6, -13 ],
[ 0, 0, 0, 0, -1, -10, 2, 23, -6, 0, 7, -14 ],
[ 0, 0, 0, 0, -1, -8, 2, 19, -6, -2, 11, -14 ],
[ 0, 0, 0, 0, -1, -6, 2, 13, -2, -4, 17, -18 ],
[ 0, 0, 0, 0, -1, -6, 2, 14, -3, 4, 4, -13 ],
[ 0, 0, 0, 0, -1, -5, 2, 10, 0, -1, 8, -12 ],
[ 0, 0, 0, 0, -1, -5, 2, 12, -4, -1, 6, -8 ],
[ 0, 0, 0, 0, -1, -4, 2, 8, -1, 2, 10, -15 ],
[ 0, 0, 0, 0, -1, -4, 2, 9, -2, -6, 21, -18 ],
[ 0, 0, 0, 0, -1, -4, 2, 10, -3, 2, 8, -13 ],
[ 0, 0, 0, 0, -1, -4, 2, 10, -1, 2, 8, -15 ],
[ 0, 0, 0, 0, -1, -4, 2, 12, -3, 2, 6, -13 ],
[ 0, 0, 0, 0, -1, -4, 2, 14, -5, 2, 4, -11 ],
[ 0, 0, 0, 0, -1, -3, 2, 4, 4, -3, 14, -16 ],
[ 0, 0, 0, 0, -1, -3, 2, 6, 0, -3, 12, -12 ],
[ 0, 0, 0, 0, -1, -3, 4, 7, -1, -3, 15, -17 ],
[ 0, 0, 0, 0, -1, -2, 2, -1, 10, 0, 7, -14 ],
[ 0, 0, 0, 0, -1, -2, 2, 1, 6, 0, 5, -10 ],
[ 0, 0, 0, 0, -1, -2, 2, 3, 0, 8, 3, -12 ],
[ 0, 0, 0, 0, -1, -2, 2, 3, 2, -8, 27, -22 ],
[ 0, 0, 0, 0, -1, -2, 2, 3, 2, 0, 3, -6 ],
[ 0, 0, 0, 0, -1, -2, 2, 3, 2, 8, 3, -14 ],
[ 0, 0, 0, 0, -1, -2, 2, 4, 1, 0, 14, -17 ],
[ 0, 0, 0, 0, -1, -2, 2, 6, -1, 0, 12, -15 ],
[ 0, 0, 0, 0, -1, -2, 2, 8, -1, 0, 10, -15 ],
[ 0, 0, 0, 0, -1, -2, 2, 10, -3, 0, 8, -13 ],
[ 0, 0, 0, 0, -1, -2, 2, 12, -3, 0, 6, -13 ],
[ 0, 0, 0, 0, -1, -2, 4, 4, 1, 0, 6, -11 ],
[ 0, 0, 0, 0, -1, -2, 6, 7, -2, 0, 7, -14 ],
[ 0, 0, 0, 0, -1, -1, 2, -1, 5, 3, 7, -13 ],
[ 0, 0, 0, 0, -1, -1, 2, -1, 7, 3, 7, -15 ],
[ 0, 0, 0, 0, -1, -1, 2, 0, 4, -5, 18, -16 ],
[ 0, 0, 0, 0, -1, -1, 2, 1, 1, 3, 5, -9 ],
[ 0, 0, 0, 0, -1, -1, 2, 1, 3, 3, 5, -11 ],
[ 0, 0, 0, 0, -1, -1, 2, 1, 5, 3, 5, -13 ],
[ 0, 0, 0, 0, -1, -1, 2, 2, 0, -5, 16, -12 ],
[ 0, 0, 0, 0, -1, -1, 2, 3, 1, 3, 3, -9 ],
[ 0, 0, 0, 0, -1, -1, 4, 2, 0, 3, 8, -14 ],
[ 0, 0, 0, 0, -1, -1, 4, 4, 0, 3, 6, -14 ],
[ 0, 0, 0, 0, -1, 0, 2, -5, 10, -2, 11, -14 ],
[ 0, 0, 0, 0, -1, 0, 2, -3, 6, -2, 9, -10 ],
[ 0, 0, 0, 0, -1, 0, 2, -2, 3, -2, 20, -19 ],
[ 0, 0, 0, 0, -1, 0, 2, -1, 2, -10, 31, -22 ],
[ 0, 0, 0, 0, -1, 0, 2, -1, 2, -2, 7, -6 ],
[ 0, 0, 0, 0, -1, 0, 2, -1, 2, 6, 7, -14 ],
[ 0, 0, 0, 0, -1, 0, 2, 0, 1, -2, 18, -17 ],
[ 0, 0, 0, 0, -1, 0, 2, 0, 3, -2, 18, -19 ],
[ 0, 0, 0, 0, -1, 0, 2, 1, 2, 6, 5, -14 ],
[ 0, 0, 0, 0, -1, 0, 2, 2, 1, -2, 16, -17 ],
[ 0, 0, 0, 0, -1, 0, 2, 3, 0, 6, 3, -12 ],
[ 0, 0, 0, 0, -1, 0, 2, 4, -1, -2, 14, -15 ],
[ 0, 0, 0, 0, -1, 0, 2, 4, 1, -2, 14, -17 ],
[ 0, 0, 0, 0, -1, 0, 2, 6, -1, -2, 12, -15 ],
[ 0, 0, 0, 0, -1, 0, 2, 8, -3, -2, 10, -13 ],
[ 0, 0, 0, 0, -1, 0, 4, -2, 5, -2, 12, -15 ],
[ 0, 0, 0, 0, -1, 0, 4, 0, 1, -2, 10, -11 ],
[ 0, 0, 0, 0, -1, 1, 2, -3, 5, 1, 9, -13 ],
[ 0, 0, 0, 0, -1, 1, 2, -3, 7, 1, 9, -15 ],
[ 0, 0, 0, 0, -1, 1, 2, -1, 1, 1, 7, -9 ],
[ 0, 0, 0, 0, -1, 1, 2, -1, 3, 1, 7, -11 ],
[ 0, 0, 0, 0, -1, 1, 2, -1, 5, 1, 7, -13 ],
[ 0, 0, 0, 0, -1, 1, 2, 1, 1, 1, 5, -9 ],
[ 0, 0, 0, 0, -1, 1, 2, 1, 3, 1, 5, -11 ],
[ 0, 0, 0, 0, -1, 1, 2, 3, -1, 1, 3, -7 ],
[ 0, 0, 0, 0, -1, 1, 4, 2, 0, 1, 8, -14 ],
[ 0, 0, 0, 0, -1, 2, 2, -3, 4, 4, 9, -16 ],
[ 0, 0, 0, 0, -1, 2, 2, -2, 3, -4, 20, -19 ],
[ 0, 0, 0, 0, -1, 2, 2, -1, 2, 4, 7, -14 ],
[ 0, 0, 0, 0, -1, 2, 2, 0, 1, -4, 18, -17 ],
[ 0, 0, 0, 0, -1, 2, 2, 1, 0, 4, 5, -12 ],
[ 0, 0, 0, 0, -1, 2, 2, 1, 2, 4, 5, -14 ],
[ 0, 0, 0, 0, -1, 2, 2, 2, 1, -4, 16, -17 ],
[ 0, 0, 0, 0, -1, 3, 2, -5, 7, -1, 11, -15 ],
[ 0, 0, 0, 0, -1, 3, 2, -3, 3, -1, 9, -11 ],
[ 0, 0, 0, 0, -1, 3, 2, -3, 5, -1, 9, -13 ],
[ 0, 0, 0, 0, -1, 3, 2, -3, 7, -1, 9, -15 ],
[ 0, 0, 0, 0, -1, 3, 2, -1, 1, -1, 7, -9 ],
[ 0, 0, 0, 0, -1, 3, 2, -1, 3, -1, 7, -11 ],
[ 0, 0, 0, 0, -1, 3, 4, -2, 2, -1, 12, -16 ],
[ 0, 0, 0, 0, -1, 3, 4, 0, 0, -1, 10, -14 ],
[ 0, 0, 0, 0, -1, 4, 2, -4, 3, -6, 22, -19 ],
[ 0, 0, 0, 0, -1, 4, 2, -3, 2, 2, 9, -14 ],
[ 0, 0, 0, 0, -1, 4, 2, -2, 1, -6, 20, -17 ],
[ 0, 0, 0, 0, -1, 4, 2, -1, 2, 2, 7, -14 ],
[ 0, 0, 0, 0, -1, 4, 2, 1, 0, 2, 5, -12 ],
[ 0, 0, 0, 0, -1, 6, 2, -5, 4, 0, 11, -16 ],
[ 0, 0, 0, 0, -1, 6, 2, -3, 2, 0, 9, -14 ],
[ 0, 0, 0, 0, -1, 6, 2, -1, 0, 0, 7, -12 ],
[ 0, 0, 0, 0, -1, 6, 2, -1, 2, 0, 7, -14 ],
[ 0, 0, 0, 0, -1, 8, 2, -5, 2, -2, 11, -14 ],
[ 0, 0, 0, 0, 0, -7, 1, 17, -5, 1, 8, -14 ],
[ 0, 0, 0, 0, 0, -7, 1, 19, -7, 1, 6, -12 ],
[ 0, 0, 0, 0, 0, -5, 1, 13, -3, -1, 12, -16 ],
[ 0, 0, 0, 0, 0, -5, 1, 15, -5, -1, 10, -14 ],
[ 0, 0, 0, 0, 0, -4, 1, 8, 1, 2, 5, -12 ],
[ 0, 0, 0, 0, 0, -4, 1, 10, -3, 2, 3, -8 ],
[ 0, 0, 0, 0, 0, -3, 1, 6, 0, 5, 7, -15 ],
[ 0, 0, 0, 0, 0, -3, 1, 7, -1, -3, 18, -18 ],
[ 0, 0, 0, 0, 0, -3, 1, 8, -2, 5, 5, -13 ],
[ 0, 0, 0, 0, 0, -3, 1, 9, -3, -3, 16, -16 ],
[ 0, 0, 0, 0, 0, -3, 1, 11, -3, -3, 14, -16 ],
[ 0, 0, 0, 0, 0, -2, 1, 2, 5, 0, 11, -16 ],
[ 0, 0, 0, 0, 0, -2, 1, 4, 1, 0, 9, -12 ],
[ 0, 0, 0, 0, 0, -2, 1, 4, 3, 0, 9, -14 ],
[ 0, 0, 0, 0, 0, -2, 1, 6, -1, 0, 7, -10 ],
[ 0, 0, 0, 0, 0, -2, 1, 6, 1, 0, 7, -12 ],
[ 0, 0, 0, 0, 0, -2, 1, 6, 3, 0, 7, -14 ],
[ 0, 0, 0, 0, 0, -2, 1, 8, -3, 0, 5, -8 ],
[ 0, 0, 0, 0, 0, -2, 1, 8, -1, 0, 5, -10 ],
[ 0, 0, 0, 0, 0, -2, 3, 7, -2, 0, 10, -15 ],
[ 0, 0, 0, 0, 0, -1, 1, 2, 0, 3, 11, -15 ],
[ 0, 0, 0, 0, 0, -1, 1, 3, 1, -5, 22, -20 ],
[ 0, 0, 0, 0, 0, -1, 1, 4, 0, 3, 9, -15 ],
[ 0, 0, 0, 0, 0, -1, 1, 5, -1, -5, 20, -18 ],
[ 0, 0, 0, 0, 0, -1, 1, 6, -2, 3, 7, -13 ],
[ 0, 0, 0, 0, 0, -1, 1, 8, -2, 3, 5, -13 ],
[ 0, 0, 0, 0, 0, -1, 3, 0, 4, 3, 5, -13 ],
[ 0, 0, 0, 0, 0, -1, 3, 2, 0, 3, 3, -9 ],
[ 0, 0, 0, 0, 0, 0, 1, -3, 6, 6, 4, -13 ],
[ 0, 0, 0, 0, 0, 0, 1, -2, 5, -2, 15, -16 ],
[ 0, 0, 0, 0, 0, 0, 1, -1, 2, 6, 2, -9 ],
[ 0, 0, 0, 0, 0, 0, 1, 0, 1, -2, 13, -12 ],
[ 0, 0, 0, 0, 0, 0, 1, 0, 3, -2, 13, -14 ],
[ 0, 0, 0, 0, 0, 0, 1, 0, 5, -2, 13, -16 ],
[ 0, 0, 0, 0, 0, 0, 1, 2, 1, -2, 11, -12 ],
[ 0, 0, 0, 0, 0, 0, 1, 2, 3, -2, 11, -14 ],
[ 0, 0, 0, 0, 0, 0, 1, 4, -1, -2, 9, -10 ],
[ 0, 0, 0, 0, 0, 0, 3, 0, 1, 6, 5, -14 ],
[ 0, 0, 0, 0, 0, 1, 1, -5, 9, 1, 6, -12 ],
[ 0, 0, 0, 0, 0, 1, 1, -3, 3, -7, 28, -22 ],
[ 0, 0, 0, 0, 0, 1, 1, -3, 5, 1, 4, -8 ],
[ 0, 0, 0, 0, 0, 1, 1, -2, 2, 1, 15, -17 ],
[ 0, 0, 0, 0, 0, 1, 1, -1, 1, -7, 26, -20 ],
[ 0, 0, 0, 0, 0, 1, 1, -1, 1, 1, 2, -4 ],
[ 0, 0, 0, 0, 0, 1, 1, -1, 1, 9, 2, -12 ],
[ 0, 0, 0, 0, 0, 1, 1, 0, 2, 1, 13, -17 ],
[ 0, 0, 0, 0, 0, 1, 1, 1, 1, -7, 24, -20 ],
[ 0, 0, 0, 0, 0, 1, 1, 2, 0, 1, 11, -15 ],
[ 0, 0, 0, 0, 0, 1, 1, 4, 0, 1, 9, -15 ],
[ 0, 0, 0, 0, 0, 1, 1, 6, -2, 1, 7, -13 ],
[ 0, 0, 0, 0, 0, 1, 3, -2, 4, 1, 7, -13 ],
[ 0, 0, 0, 0, 0, 1, 3, 0, 2, 1, 5, -11 ],
[ 0, 0, 0, 0, 0, 2, 1, -4, 5, -4, 17, -16 ],
[ 0, 0, 0, 0, 0, 2, 1, -4, 7, -4, 17, -18 ],
[ 0, 0, 0, 0, 0, 2, 1, -3, 4, 4, 4, -11 ],
[ 0, 0, 0, 0, 0, 2, 1, -2, 1, -4, 15, -12 ],
[ 0, 0, 0, 0, 0, 2, 1, -2, 3, -4, 15, -14 ],
[ 0, 0, 0, 0, 0, 3, 1, -3, 3, 7, 4, -14 ],
[ 0, 0, 0, 0, 0, 3, 1, -2, 2, -1, 15, -17 ],
[ 0, 0, 0, 0, 0, 3, 1, 0, 0, -1, 13, -15 ],
[ 0, 0, 0, 0, 0, 3, 1, 2, 0, -1, 11, -15 ],
[ 0, 0, 0, 0, 0, 3, 1, 4, -2, -1, 9, -13 ],
[ 0, 0, 0, 0, 0, 4, 1, -5, 6, 2, 6, -13 ],
[ 0, 0, 0, 0, 0, 4, 1, -3, 2, 2, 4, -9 ],
[ 0, 0, 0, 0, 0, 4, 3, -2, 1, 2, 7, -14 ],
[ 0, 0, 0, 0, 0, 5, 1, -4, 2, -3, 17, -17 ],
[ 0, 0, 0, 0, 0, 5, 1, -3, 1, 5, 4, -12 ],
[ 0, 0, 0, 0, 0, 5, 1, -2, 2, -3, 15, -17 ],
[ 0, 0, 0, 0, 0, 5, 1, 0, 0, -3, 13, -15 ],
[ 0, 0, 0, 0, 0, 6, 1, -5, 4, 0, 6, -11 ],
[ 0, 0, 0, 0, 0, 7, 1, -5, 3, 3, 6, -14 ],
[ 0, 0, 0, 0, 0, 9, 1, -5, 1, 1, 6, -12 ],
[ 0, 0, 0, 0, 0, 11, 1, -7, 3, -1, 8, -14 ],
[ 0, 0, 0, 0, 1, -8, 0, 20, -7, -2, 12, -15 ],
[ 0, 0, 0, 0, 1, -5, 0, 11, -1, -1, 9, -13 ],
[ 0, 0, 0, 0, 1, -4, 0, 9, -2, 2, 11, -16 ],
[ 0, 0, 0, 0, 1, -4, 0, 10, -3, -6, 22, -19 ],
[ 0, 0, 0, 0, 1, -4, 0, 13, -4, 2, 7, -14 ],
[ 0, 0, 0, 0, 1, -3, 0, 5, 3, -3, 15, -17 ],
[ 0, 0, 0, 0, 1, -3, 0, 7, -1, -3, 13, -13 ],
[ 0, 0, 0, 0, 1, -2, 0, 2, 5, 0, 6, -11 ],
[ 0, 0, 0, 0, 1, -2, 0, 4, 1, 0, 4, -7 ],
[ 0, 0, 0, 0, 1, -2, 0, 7, -2, 0, 13, -16 ],
[ 0, 0, 0, 0, 1, -2, 0, 11, -4, 0, 9, -14 ],
[ 0, 0, 0, 0, 1, -2, 2, 3, 2, 0, 9, -14 ],
[ 0, 0, 0, 0, 1, -2, 2, 5, 0, 0, 7, -12 ],
[ 0, 0, 0, 0, 1, -2, 2, 5, 2, 0, 7, -14 ],
[ 0, 0, 0, 0, 1, -2, 2, 7, -2, 0, 5, -10 ],
[ 0, 0, 0, 0, 1, -1, 0, 0, 4, 3, 8, -14 ],
[ 0, 0, 0, 0, 1, -1, 0, 1, 3, -5, 19, -17 ],
[ 0, 0, 0, 0, 1, -1, 0, 2, 0, 3, 6, -10 ],
[ 0, 0, 0, 0, 1, -1, 0, 2, 2, 3, 6, -12 ],
[ 0, 0, 0, 0, 1, -1, 0, 2, 4, 3, 6, -14 ],
[ 0, 0, 0, 0, 1, -1, 0, 4, 0, 3, 4, -10 ],
[ 0, 0, 0, 0, 1, 0, 0, -4, 9, -2, 12, -15 ],
[ 0, 0, 0, 0, 1, 0, 0, -2, 5, -2, 10, -11 ],
[ 0, 0, 0, 0, 1, 0, 0, -1, 2, -2, 21, -20 ],
[ 0, 0, 0, 0, 1, 0, 0, 0, 1, -10, 32, -23 ],
[ 0, 0, 0, 0, 1, 0, 0, 0, 1, -2, 8, -7 ],
[ 0, 0, 0, 0, 1, 0, 0, 0, 1, 6, 8, -15 ],
[ 0, 0, 0, 0, 1, 0, 0, 3, 0, -2, 17, -18 ],
[ 0, 0, 0, 0, 1, 0, 0, 4, -1, 6, 4, -13 ],
[ 0, 0, 0, 0, 1, 0, 0, 7, -2, -2, 13, -16 ],
[ 0, 0, 0, 0, 1, 0, 2, -1, 2, -2, 13, -14 ],
[ 0, 0, 0, 0, 1, 0, 2, -1, 4, -2, 13, -16 ],
[ 0, 0, 0, 0, 1, 0, 2, 1, 2, -2, 11, -14 ],
[ 0, 0, 0, 0, 1, 1, 0, -2, 4, 1, 10, -14 ],
[ 0, 0, 0, 0, 1, 1, 0, 0, 2, 1, 8, -12 ],
[ 0, 0, 0, 0, 1, 1, 0, 0, 4, 1, 8, -14 ],
[ 0, 0, 0, 0, 1, 1, 0, 2, 0, 1, 6, -10 ],
[ 0, 0, 0, 0, 1, 1, 0, 2, 2, 1, 6, -12 ],
[ 0, 0, 0, 0, 1, 1, 4, -1, 1, 1, 5, -11 ],
[ 0, 0, 0, 0, 1, 2, 0, 0, 1, 4, 8, -15 ],
[ 0, 0, 0, 0, 1, 2, 0, 1, 0, -4, 19, -18 ],
[ 0, 0, 0, 0, 1, 3, 0, -4, 6, -1, 12, -16 ],
[ 0, 0, 0, 0, 1, 3, 0, -2, 2, -1, 10, -12 ],
[ 0, 0, 0, 0, 1, 3, 0, -2, 4, -1, 10, -14 ],
[ 0, 0, 0, 0, 1, 3, 0, 0, 0, -1, 8, -10 ],
[ 0, 0, 0, 0, 1, 3, 0, 0, 2, -1, 8, -12 ],
[ 0, 0, 0, 0, 1, 4, 0, -3, 2, -6, 23, -20 ],
[ 0, 0, 0, 0, 1, 4, 0, -2, 1, 2, 10, -15 ],
[ 0, 0, 0, 0, 1, 4, 0, 2, -1, 2, 6, -13 ],
[ 0, 0, 0, 0, 1, 6, 0, -2, 1, 0, 10, -15 ],
[ 0, 0, 0, 0, 1, 8, 0, -4, 1, -2, 12, -15 ],
[ 0, 0, 0, 0, 2, -2, 3, 4, 1, 0, 7, -14 ],
[ 0, 0, 0, 0, 2, -1, 1, 1, 3, 3, 6, -14 ],
[ 0, 0, 0, 0, 2, 0, 3, 0, 1, -2, 11, -14 ],
[ 0, 0, 0, 0, 2, 1, 1, -1, 1, 1, 8, -12 ],
[ 0, 0, 0, 0, 2, 1, 1, -1, 3, 1, 8, -14 ],
[ 0, 0, 0, 0, 2, 1, 1, 1, 1, 1, 6, -12 ],
[ 0, 0, 0, 0, 2, 3, 1, -3, 3, -1, 10, -14 ],
[ 0, 0, 0, 0, 2, 3, 1, -1, 1, -1, 8, -12 ],
[ 0, 0, 0, 0, 3, -4, 0, 10, -3, 2, 4, -11 ],
[ 0, 0, 0, 0, 3, -2, 0, 4, 1, 0, 10, -15 ],
[ 0, 0, 0, 0, 3, -2, 0, 6, -1, 0, 8, -13 ],
[ 0, 0, 0, 0, 3, 0, 0, -1, 2, 6, 3, -12 ],
[ 0, 0, 0, 0, 3, 0, 0, 0, 1, -2, 14, -15 ],
[ 0, 0, 0, 0, 3, 0, 0, 0, 3, -2, 14, -17 ],
[ 0, 0, 0, 0, 3, 0, 0, 2, 1, -2, 12, -15 ],
[ 0, 0, 0, 0, 3, 1, 0, -3, 5, 1, 5, -11 ],
[ 0, 0, 0, 0, 3, 1, 0, -1, 1, 1, 3, -7 ],
[ 0, 0, 0, 0, 3, 2, 0, -3, 4, 4, 5, -14 ],
[ 0, 0, 0, 0, 3, 4, 0, -3, 2, 2, 5, -12 ],
[ 0, 0, 0, 0, 3, 6, 0, -5, 4, 0, 7, -14 ],
[ 0, 0, 0, 0, 4, -3, -1, 7, -1, -3, 14, -16 ],
[ 0, 0, 0, 0, 4, -2, -1, 2, 5, 0, 7, -14 ],
[ 0, 0, 0, 0, 4, -2, -1, 4, 1, 0, 5, -10 ],
[ 0, 0, 0, 0, 4, -1, -1, 2, 0, 3, 7, -13 ],
[ 0, 0, 0, 0, 4, -1, -1, 4, 0, 3, 5, -13 ],
[ 0, 0, 0, 0, 4, 0, -1, -2, 5, -2, 11, -14 ],
[ 0, 0, 0, 0, 4, 0, -1, 0, 1, -2, 9, -10 ],
[ 0, 0, 0, 0, 4, 1, -1, 0, 2, 1, 9, -15 ],
[ 0, 0, 0, 0, 4, 1, -1, 2, 0, 1, 7, -13 ],
[ 0, 0, 0, 0, 4, 3, -1, -2, 2, -1, 11, -15 ],
[ 0, 0, 0, 0, 4, 3, -1, 0, 0, -1, 9, -13 ],
[ 0, 0, 0, 0, 5, -4, -2, 9, -2, 2, 7, -14 ],
[ 0, 0, 0, 0, 5, -2, -2, 7, -2, 0, 9, -14 ],
[ 0, 0, 0, 0, 5, 0, -2, -1, 2, -2, 17, -18 ],
[ 0, 0, 0, 0, 5, 0, -2, 0, 1, 6, 4, -13 ],
[ 0, 0, 0, 0, 5, 0, -2, 3, 0, -2, 13, -16 ],
[ 0, 0, 0, 0, 5, 1, -2, -2, 4, 1, 6, -12 ],
[ 0, 0, 0, 0, 5, 4, -2, -2, 1, 2, 6, -13 ],
[ 0, 0, 0, 0, 9, 0, -4, -1, 2, -2, 13, -16 ],
[ 0, 0, 0, 1, -4, 0, 8, -1, 2, 1, 6, -12 ],
[ 0, 0, 0, 1, -3, -2, 5, 3, 2, 3, 5, -13 ],
[ 0, 0, 0, 1, -3, 0, 5, -1, 2, 1, 9, -13 ],
[ 0, 0, 0, 1, -3, 0, 5, -1, 4, 1, 9, -15 ],
[ 0, 0, 0, 1, -3, 0, 5, 1, 2, 1, 7, -13 ],
[ 0, 0, 0, 1, -3, 0, 5, 3, 0, 1, 5, -11 ],
[ 0, 0, 0, 1, -3, 2, 5, -3, 4, -1, 11, -15 ],
[ 0, 0, 0, 1, -3, 2, 5, -1, 2, -1, 9, -13 ],
[ 0, 0, 0, 1, -2, -3, 4, 6, 0, 0, 9, -14 ],
[ 0, 0, 0, 1, -2, -3, 4, 8, -2, 0, 7, -12 ],
[ 0, 0, 0, 1, -2, -3, 4, 8, 0, 0, 7, -14 ],
[ 0, 0, 0, 1, -2, -1, 4, 2, 0, -2, 13, -14 ],
[ 0, 0, 0, 1, -2, -1, 4, 2, 2, -2, 13, -16 ],
[ 0, 0, 0, 1, -2, -1, 4, 4, 0, -2, 11, -14 ],
[ 0, 0, 0, 1, -2, 0, 4, -3, 6, 1, 6, -12 ],
[ 0, 0, 0, 1, -2, 0, 4, -1, 2, 1, 4, -8 ],
[ 0, 0, 0, 1, -2, 0, 6, 0, 1, 1, 7, -13 ],
[ 0, 0, 0, 1, -2, 1, 4, -2, 2, -4, 17, -16 ],
[ 0, 0, 0, 1, -2, 1, 4, -2, 4, -4, 17, -18 ],
[ 0, 0, 0, 1, -2, 1, 4, -1, 1, 4, 4, -11 ],
[ 0, 0, 0, 1, -2, 3, 4, -3, 3, 2, 6, -13 ],
[ 0, 0, 0, 1, -2, 5, 4, -3, 1, 0, 6, -11 ],
[ 0, 0, 0, 1, -1, -5, 1, 10, 0, 2, 8, -15 ],
[ 0, 0, 0, 1, -1, -5, 1, 12, -4, 2, 6, -11 ],
[ 0, 0, 0, 1, -1, -5, 1, 12, -2, 2, 6, -13 ],
[ 0, 0, 0, 1, -1, -5, 1, 14, -4, 2, 4, -11 ],
[ 0, 0, 0, 1, -1, -3, 1, 6, 0, 0, 12, -15 ],
[ 0, 0, 0, 1, -1, -3, 1, 8, -2, 0, 10, -13 ],
[ 0, 0, 0, 1, -1, -3, 1, 8, 0, 0, 10, -15 ],
[ 0, 0, 0, 1, -1, -3, 1, 10, -2, 0, 8, -13 ],
[ 0, 0, 0, 1, -1, -3, 1, 12, -4, 0, 6, -11 ],
[ 0, 0, 0, 1, -1, -3, 5, 7, -1, 0, 7, -14 ],
[ 0, 0, 0, 1, -1, -2, 1, 1, 6, 3, 5, -13 ],
[ 0, 0, 0, 1, -1, -2, 1, 3, 2, 3, 3, -9 ],
[ 0, 0, 0, 1, -1, -2, 3, 4, 1, 3, 6, -14 ],
[ 0, 0, 0, 1, -1, -1, 1, 0, 4, -2, 18, -19 ],
[ 0, 0, 0, 1, -1, -1, 1, 1, 1, 6, 5, -12 ],
[ 0, 0, 0, 1, -1, -1, 1, 1, 3, 6, 5, -14 ],
[ 0, 0, 0, 1, -1, -1, 1, 2, 0, -2, 16, -15 ],
[ 0, 0, 0, 1, -1, -1, 1, 2, 2, -2, 16, -17 ],
[ 0, 0, 0, 1, -1, -1, 1, 3, 1, 6, 3, -12 ],
[ 0, 0, 0, 1, -1, -1, 1, 4, 0, -2, 14, -15 ],
[ 0, 0, 0, 1, -1, -1, 1, 4, 2, -2, 14, -17 ],
[ 0, 0, 0, 1, -1, -1, 1, 6, -2, -2, 12, -13 ],
[ 0, 0, 0, 1, -1, -1, 1, 6, 0, -2, 12, -15 ],
[ 0, 0, 0, 1, -1, 0, 1, -3, 6, 1, 9, -13 ],
[ 0, 0, 0, 1, -1, 0, 1, -3, 8, 1, 9, -15 ],
[ 0, 0, 0, 1, -1, 0, 1, -1, 2, 1, 7, -9 ],
[ 0, 0, 0, 1, -1, 0, 1, -1, 4, 1, 7, -11 ],
[ 0, 0, 0, 1, -1, 0, 1, -1, 6, 1, 7, -13 ],
[ 0, 0, 0, 1, -1, 0, 1, 1, 0, 1, 5, -7 ],
[ 0, 0, 0, 1, -1, 0, 1, 1, 2, 1, 5, -9 ],
[ 0, 0, 0, 1, -1, 0, 1, 1, 4, 1, 5, -11 ],
[ 0, 0, 0, 1, -1, 0, 1, 3, 0, 1, 3, -7 ],
[ 0, 0, 0, 1, -1, 0, 3, 0, 1, 1, 10, -14 ],
[ 0, 0, 0, 1, -1, 0, 3, 2, 1, 1, 8, -14 ],
[ 0, 0, 0, 1, -1, 0, 3, 4, -1, 1, 6, -12 ],
[ 0, 0, 0, 1, -1, 1, 1, -3, 5, 4, 9, -16 ],
[ 0, 0, 0, 1, -1, 1, 1, -2, 2, -4, 20, -17 ],
[ 0, 0, 0, 1, -1, 1, 1, -2, 4, -4, 20, -19 ],
[ 0, 0, 0, 1, -1, 1, 1, -1, 1, 4, 7, -12 ],
[ 0, 0, 0, 1, -1, 1, 1, -1, 3, 4, 7, -14 ],
[ 0, 0, 0, 1, -1, 1, 1, 0, 2, -4, 18, -17 ],
[ 0, 0, 0, 1, -1, 1, 1, 1, 1, 4, 5, -12 ],
[ 0, 0, 0, 1, -1, 1, 1, 1, 3, 4, 5, -14 ],
[ 0, 0, 0, 1, -1, 1, 1, 2, 0, -4, 16, -15 ],
[ 0, 0, 0, 1, -1, 1, 1, 3, -1, 4, 3, -10 ],
[ 0, 0, 0, 1, -1, 2, 1, -5, 8, -1, 11, -15 ],
[ 0, 0, 0, 1, -1, 2, 1, -3, 4, -1, 9, -11 ],
[ 0, 0, 0, 1, -1, 2, 1, -3, 6, -1, 9, -13 ],
[ 0, 0, 0, 1, -1, 2, 1, -1, 2, -1, 7, -9 ],
[ 0, 0, 0, 1, -1, 2, 3, -2, 3, -1, 12, -16 ],
[ 0, 0, 0, 1, -1, 2, 3, 0, 1, -1, 10, -14 ],
[ 0, 0, 0, 1, -1, 3, 1, -4, 4, -6, 22, -19 ],
[ 0, 0, 0, 1, -1, 3, 1, -3, 3, 2, 9, -14 ],
[ 0, 0, 0, 1, -1, 3, 1, -1, 1, 2, 7, -12 ],
[ 0, 0, 0, 1, -1, 3, 1, -1, 3, 2, 7, -14 ],
[ 0, 0, 0, 1, -1, 3, 1, 1, 1, 2, 5, -12 ],
[ 0, 0, 0, 1, -1, 5, 1, -5, 5, 0, 11, -16 ],
[ 0, 0, 0, 1, -1, 5, 1, -3, 1, 0, 9, -12 ],
[ 0, 0, 0, 1, -1, 5, 1, -3, 3, 0, 9, -14 ],
[ 0, 0, 0, 1, -1, 5, 1, -1, 1, 0, 7, -12 ],
[ 0, 0, 0, 1, -1, 5, 1, -1, 3, 0, 7, -14 ],
[ 0, 0, 0, 1, -1, 5, 1, 1, -1, 0, 5, -10 ],
[ 0, 0, 0, 1, -1, 7, 1, -5, 3, -2, 11, -14 ],
[ 0, 0, 0, 1, 0, -3, 0, 6, 0, 0, 7, -10 ],
[ 0, 0, 0, 1, 0, -3, 0, 8, -2, 0, 5, -8 ],
[ 0, 0, 0, 1, 0, -3, 0, 8, 0, 0, 5, -10 ],
[ 0, 0, 0, 1, 0, -3, 2, 7, -1, 0, 10, -15 ],
[ 0, 0, 0, 1, 0, -3, 2, 9, -3, 0, 8, -13 ],
[ 0, 0, 0, 1, 0, -1, 0, 2, 0, -2, 11, -10 ],
[ 0, 0, 0, 1, 0, -1, 0, 2, 2, -2, 11, -12 ],
[ 0, 0, 0, 1, 0, -1, 0, 4, 0, -2, 9, -10 ],
[ 0, 0, 0, 1, 0, -1, 2, 2, 0, 6, 3, -12 ],
[ 0, 0, 0, 1, 0, -1, 2, 3, 1, -2, 14, -17 ],
[ 0, 0, 0, 1, 0, -1, 2, 5, -1, -2, 12, -15 ],
[ 0, 0, 0, 1, 0, 0, 0, -3, 6, 1, 4, -8 ],
[ 0, 0, 0, 1, 0, 0, 0, -1, 2, 1, 2, -4 ],
[ 0, 0, 0, 1, 0, 0, 2, -2, 5, 1, 7, -13 ],
[ 0, 0, 0, 1, 0, 0, 2, 0, 1, 1, 5, -9 ],
[ 0, 0, 0, 1, 0, 0, 2, 0, 3, 1, 5, -11 ],
[ 0, 0, 0, 1, 0, 1, 0, -2, 2, -4, 15, -12 ],
[ 0, 0, 0, 1, 0, 1, 0, -2, 4, -4, 15, -14 ],
[ 0, 0, 0, 1, 0, 1, 0, -1, 1, 4, 2, -7 ],
[ 0, 0, 0, 1, 0, 1, 2, -1, 1, -4, 18, -17 ],
[ 0, 0, 0, 1, 0, 1, 2, 0, 2, 4, 5, -14 ],
[ 0, 0, 0, 1, 0, 3, 0, -3, 3, 2, 4, -9 ],
[ 0, 0, 0, 1, 0, 3, 2, -2, 2, 2, 7, -14 ],
[ 0, 0, 0, 1, 0, 3, 2, 0, 0, 2, 5, -12 ],
[ 0, 0, 0, 1, 0, 5, 0, -3, 1, 0, 4, -7 ],
[ 0, 0, 0, 1, 0, 5, 2, -2, 2, 0, 7, -14 ],
[ 0, 0, 0, 1, 1, -4, 1, 10, -3, -3, 14, -16 ],
[ 0, 0, 0, 1, 1, -3, 1, 5, 3, 0, 7, -14 ],
[ 0, 0, 0, 1, 1, -3, 1, 7, -1, 0, 5, -10 ],
[ 0, 0, 0, 1, 1, -2, 1, 7, -2, 3, 5, -13 ],
[ 0, 0, 0, 1, 1, -1, 1, 1, 3, -2, 11, -14 ],
[ 0, 0, 0, 1, 1, 0, 1, -1, 2, 1, 13, -17 ],
[ 0, 0, 0, 1, 1, 0, 1, 0, 1, -7, 24, -20 ],
[ 0, 0, 0, 1, 1, 0, 1, 3, 0, 1, 9, -15 ],
[ 0, 0, 0, 1, 1, 0, 3, -1, 2, 1, 5, -11 ],
[ 0, 0, 0, 1, 1, 2, 1, 1, 0, -1, 11, -15 ],
[ 0, 0, 0, 1, 1, 4, 1, -3, 2, -3, 15, -17 ],
[ 0, 0, 0, 1, 2, 0, 0, -1, 2, 1, 8, -12 ],
[ 0, 0, 0, 1, 2, 0, 0, -1, 4, 1, 8, -14 ],
[ 0, 0, 0, 1, 2, 0, 0, 1, 2, 1, 6, -12 ],
[ 0, 0, 0, 1, 2, 2, 0, -3, 4, -1, 10, -14 ],
[ 0, 0, 0, 1, 2, 2, 0, -1, 2, -1, 8, -12 ],
[ 0, 0, 0, 1, 3, -3, -1, 6, 0, 0, 8, -13 ],
[ 0, 0, 0, 1, 3, -3, -1, 8, -2, 0, 6, -11 ],
[ 0, 0, 0, 1, 3, -1, -1, 0, 4, -2, 14, -17 ],
[ 0, 0, 0, 1, 3, -1, -1, 2, 0, -2, 12, -13 ],
[ 0, 0, 0, 1, 3, -1, -1, 2, 2, -2, 12, -15 ],
[ 0, 0, 0, 1, 3, 0, -1, -3, 6, 1, 5, -11 ],
[ 0, 0, 0, 1, 3, 0, -1, -1, 2, 1, 3, -7 ],
[ 0, 0, 0, 1, 3, 0, 1, 0, 1, 1, 6, -12 ],
[ 0, 0, 0, 1, 3, 1, -1, -3, 5, 4, 5, -14 ],
[ 0, 0, 0, 1, 3, 1, -1, -2, 2, -4, 16, -15 ],
[ 0, 0, 0, 1, 3, 1, -1, -1, 1, 4, 3, -10 ],
[ 0, 0, 0, 1, 3, 3, -1, -3, 3, 2, 5, -12 ],
[ 0, 0, 0, 1, 3, 5, -1, -5, 5, 0, 7, -14 ],
[ 0, 0, 0, 1, 3, 5, -1, -3, 1, 0, 5, -10 ],
[ 0, 0, 0, 1, 5, 0, -1, -1, 2, 1, 9, -15 ],
[ 0, 0, 0, 2, -5, 1, 8, -1, 1, -1, 11, -15 ],
[ 0, 0, 0, 2, -4, -4, 7, 10, -3, 0, 7, -14 ],
[ 0, 0, 0, 2, -4, 0, 7, 0, 1, -4, 17, -18 ],
[ 0, 0, 0, 2, -3, -4, 4, 10, -3, 0, 10, -15 ],
[ 0, 0, 0, 2, -3, -1, 4, 1, 3, 1, 7, -13 ],
[ 0, 0, 0, 2, -3, -1, 4, 3, 1, 1, 5, -11 ],
[ 0, 0, 0, 2, -3, 0, 4, 0, 1, -4, 20, -19 ],
[ 0, 0, 0, 2, -3, 1, 4, -3, 5, -1, 11, -15 ],
[ 0, 0, 0, 2, -3, 1, 4, -1, 1, -1, 9, -11 ],
[ 0, 0, 0, 2, -3, 1, 4, -1, 3, -1, 9, -13 ],
[ 0, 0, 0, 2, -3, 2, 4, 1, 0, 2, 7, -14 ],
[ 0, 0, 0, 2, -2, -4, 3, 8, 1, 0, 7, -14 ],
[ 0, 0, 0, 2, -2, -4, 3, 10, -3, 0, 5, -10 ],
[ 0, 0, 0, 2, -2, -2, 3, 4, 1, -2, 11, -14 ],
[ 0, 0, 0, 2, -2, -1, 5, 2, 0, 1, 5, -11 ],
[ 0, 0, 0, 2, -2, 0, 3, -2, 5, -4, 17, -18 ],
[ 0, 0, 0, 2, -2, 0, 3, -1, 2, 4, 4, -11 ],
[ 0, 0, 0, 2, -2, 0, 3, 0, 1, -4, 15, -14 ],
[ 0, 0, 0, 2, -2, 2, 3, -3, 4, 2, 6, -13 ],
[ 0, 0, 0, 2, -2, 4, 3, -3, 2, 0, 6, -11 ],
[ 0, 0, 0, 2, -1, -1, 2, 2, 0, 1, 8, -12 ],
[ 0, 0, 0, 2, -1, -1, 2, 2, 2, 1, 8, -14 ],
[ 0, 0, 0, 2, -1, -1, 2, 4, 0, 1, 6, -12 ],
[ 0, 0, 0, 2, -1, 1, 2, -2, 4, -1, 12, -16 ],
[ 0, 0, 0, 2, -1, 1, 2, 0, 2, -1, 10, -14 ],
[ 0, 0, 0, 2, -1, 1, 2, 2, 0, -1, 8, -12 ],
[ 0, 0, 0, 2, 0, -4, 1, 9, -2, 0, 8, -13 ],
[ 0, 0, 0, 2, 0, -2, 1, 3, 2, -2, 14, -17 ],
[ 0, 0, 0, 2, 0, -2, 1, 5, 0, -2, 12, -15 ],
[ 0, 0, 0, 2, 0, -1, 1, 0, 4, 1, 5, -11 ],
[ 0, 0, 0, 2, 0, -1, 1, 2, 0, 1, 3, -7 ],
[ 0, 0, 0, 2, 0, 0, 1, -1, 2, -4, 18, -17 ],
[ 0, 0, 0, 2, 0, 0, 1, 0, 1, 4, 5, -12 ],
[ 0, 0, 0, 2, 0, 0, 1, 0, 3, 4, 5, -14 ],
[ 0, 0, 0, 2, 0, 1, 3, -1, 1, -1, 10, -14 ],
[ 0, 0, 0, 2, 0, 2, 1, -2, 3, 2, 7, -14 ],
[ 0, 0, 0, 2, 0, 2, 1, 0, 1, 2, 5, -12 ],
[ 0, 0, 0, 2, 0, 4, 1, -2, 1, 0, 7, -12 ],
[ 0, 0, 0, 2, 0, 4, 1, -2, 3, 0, 7, -14 ],
[ 0, 0, 0, 2, 1, -3, 0, 7, -1, 3, 5, -13 ],
[ 0, 0, 0, 2, 1, -1, 0, 3, 1, 1, 9, -15 ],
[ 0, 0, 0, 2, 1, -1, 0, 5, -1, 1, 7, -13 ],
[ 0, 0, 0, 2, 1, 1, 0, -1, 1, -1, 13, -15 ],
[ 0, 0, 0, 2, 1, 1, 0, 1, 1, -1, 11, -15 ],
[ 0, 0, 0, 2, 1, 1, 0, 3, -1, -1, 9, -13 ],
[ 0, 0, 0, 2, 1, 3, 0, -3, 3, -3, 15, -17 ],
[ 0, 0, 0, 2, 1, 3, 0, -1, 1, -3, 13, -15 ],
[ 0, 0, 0, 2, 2, -4, -1, 10, -3, 0, 9, -14 ],
[ 0, 0, 0, 2, 2, -2, -1, 6, -1, -2, 13, -16 ],
[ 0, 0, 0, 2, 2, -1, -1, 1, 3, 1, 6, -12 ],
[ 0, 0, 0, 2, 2, 0, -1, -1, 2, 4, 8, -15 ],
[ 0, 0, 0, 2, 2, 0, -1, 0, 1, -4, 19, -18 ],
[ 0, 0, 0, 2, 2, 1, -1, -3, 5, -1, 10, -14 ],
[ 0, 0, 0, 2, 2, 1, -1, -1, 1, -1, 8, -10 ],
[ 0, 0, 0, 2, 2, 1, -1, -1, 3, -1, 8, -12 ],
[ 0, 0, 0, 2, 2, 2, -1, 1, 0, 2, 6, -13 ],
[ 0, 0, 0, 2, 2, 4, -1, -3, 2, 0, 10, -15 ],
[ 0, 0, 0, 2, 5, 1, -2, -1, 1, -1, 9, -13 ],
[ 0, 0, 0, 3, -5, 0, 7, -1, 2, -1, 11, -15 ],
[ 0, 0, 0, 3, -4, 1, 6, -1, 1, 2, 6, -13 ],
[ 0, 0, 0, 3, -3, -5, 3, 12, -4, 0, 8, -13 ],
[ 0, 0, 0, 3, -3, -3, 3, 6, 0, -2, 14, -17 ],
[ 0, 0, 0, 3, -3, -3, 3, 8, -2, -2, 12, -15 ],
[ 0, 0, 0, 3, -3, -2, 3, 3, 2, 1, 5, -11 ],
[ 0, 0, 0, 3, -3, -1, 3, 1, 1, 4, 7, -14 ],
[ 0, 0, 0, 3, -3, -1, 3, 2, 0, -4, 18, -17 ],
[ 0, 0, 0, 3, -3, -1, 3, 3, 1, 4, 5, -14 ],
[ 0, 0, 0, 3, -3, 0, 3, -3, 6, -1, 11, -15 ],
[ 0, 0, 0, 3, -3, 0, 3, -1, 2, -1, 9, -11 ],
[ 0, 0, 0, 3, -3, 0, 3, -1, 4, -1, 9, -13 ],
[ 0, 0, 0, 3, -3, 0, 3, 1, 0, -1, 7, -9 ],
[ 0, 0, 0, 3, -3, 0, 5, 0, 1, -1, 12, -16 ],
[ 0, 0, 0, 3, -3, 1, 3, -2, 2, -6, 22, -19 ],
[ 0, 0, 0, 3, -3, 1, 3, -1, 1, 2, 9, -14 ],
[ 0, 0, 0, 3, -3, 1, 3, 1, 1, 2, 7, -14 ],
[ 0, 0, 0, 3, -3, 1, 3, 3, -1, 2, 5, -12 ],
[ 0, 0, 0, 3, -3, 3, 3, -3, 3, 0, 11, -16 ],
[ 0, 0, 0, 3, -3, 3, 3, -1, 1, 0, 9, -14 ],
[ 0, 0, 0, 3, -3, 3, 3, 1, 1, 0, 7, -14 ],
[ 0, 0, 0, 3, -3, 5, 3, -3, 1, -2, 11, -14 ],
[ 0, 0, 0, 3, -2, -4, 2, 10, -3, 3, 5, -13 ],
[ 0, 0, 0, 3, -2, -2, 2, 6, -1, 1, 9, -15 ],
[ 0, 0, 0, 3, -2, 0, 2, -1, 2, 7, 4, -14 ],
[ 0, 0, 0, 3, -2, 0, 2, 0, 1, -1, 15, -17 ],
[ 0, 0, 0, 3, -2, 0, 2, 4, -1, -1, 11, -15 ],
[ 0, 0, 0, 3, -2, 1, 2, -3, 5, 2, 6, -13 ],
[ 0, 0, 0, 3, -2, 1, 2, -1, 1, 2, 4, -9 ],
[ 0, 0, 0, 3, -2, 2, 2, 0, 1, -3, 15, -17 ],
[ 0, 0, 0, 3, -2, 3, 2, -3, 3, 0, 6, -11 ],
[ 0, 0, 0, 3, -2, 4, 2, -3, 2, 3, 6, -14 ],
[ 0, 0, 0, 3, -2, 8, 2, -5, 2, -1, 8, -14 ],
[ 0, 0, 0, 3, -1, -2, 1, 4, 1, 1, 6, -12 ],
[ 0, 0, 0, 3, -1, 0, 1, -2, 5, -1, 12, -16 ],
[ 0, 0, 0, 3, -1, 0, 1, 0, 1, -1, 10, -12 ],
[ 0, 0, 0, 3, -1, 0, 1, 0, 3, -1, 10, -14 ],
[ 0, 0, 0, 3, -1, 0, 1, 2, 1, -1, 8, -12 ],
[ 0, 0, 0, 3, 0, -1, 0, 0, 4, 4, 5, -14 ],
[ 0, 0, 0, 3, 0, -1, 0, 2, 0, 4, 3, -10 ],
[ 0, 0, 0, 3, 0, 0, 2, -1, 2, -1, 10, -14 ],
[ 0, 0, 0, 3, 0, 1, 0, -2, 4, 2, 7, -14 ],
[ 0, 0, 0, 3, 0, 1, 0, 0, 2, 2, 5, -12 ],
[ 0, 0, 0, 3, 0, 3, 0, -2, 2, 0, 7, -12 ],
[ 0, 0, 0, 3, 0, 3, 0, -2, 4, 0, 7, -14 ],
[ 0, 0, 0, 3, 0, 3, 0, 0, 0, 0, 5, -10 ],
[ 0, 0, 0, 3, 1, 1, 1, -1, 1, 2, 5, -12 ],
[ 0, 0, 0, 3, 1, 3, 1, -3, 3, 0, 7, -14 ],
[ 0, 0, 0, 3, 2, 0, 0, 0, 1, -1, 11, -15 ],
[ 0, 0, 0, 4, -4, 0, 5, -1, 2, 2, 6, -13 ],
[ 0, 0, 0, 4, -3, -2, 2, 3, 2, 4, 5, -14 ],
[ 0, 0, 0, 4, -3, -1, 4, 2, 0, -1, 10, -14 ],
[ 0, 0, 0, 4, -3, 0, 2, -1, 2, 2, 9, -14 ],
[ 0, 0, 0, 4, -3, 0, 2, 1, 2, 2, 7, -14 ],
[ 0, 0, 0, 4, -3, 0, 2, 3, 0, 2, 5, -12 ],
[ 0, 0, 0, 4, -3, 2, 2, -3, 4, 0, 11, -16 ],
[ 0, 0, 0, 4, -3, 2, 2, -1, 2, 0, 9, -14 ],
[ 0, 0, 0, 4, -3, 2, 2, 1, 0, 0, 7, -12 ],
[ 0, 0, 0, 4, -3, 2, 2, 1, 2, 0, 7, -14 ],
[ 0, 0, 0, 4, -3, 4, 2, -3, 2, -2, 11, -14 ],
[ 0, 0, 0, 4, -2, -3, 1, 6, 0, 1, 9, -15 ],
[ 0, 0, 0, 4, -2, -3, 1, 8, -2, 1, 7, -13 ],
[ 0, 0, 0, 4, -2, -1, 1, 2, 0, -1, 13, -15 ],
[ 0, 0, 0, 4, -2, -1, 1, 4, 0, -1, 11, -15 ],
[ 0, 0, 0, 4, -2, -1, 1, 6, -2, -1, 9, -13 ],
[ 0, 0, 0, 4, -2, 0, 1, -3, 6, 2, 6, -13 ],
[ 0, 0, 0, 4, -2, 0, 1, -1, 2, 2, 4, -9 ],
[ 0, 0, 0, 4, -2, 0, 3, 0, 1, 2, 7, -14 ],
[ 0, 0, 0, 4, -2, 1, 1, -2, 2, -3, 17, -17 ],
[ 0, 0, 0, 4, -2, 1, 1, -1, 1, 5, 4, -12 ],
[ 0, 0, 0, 4, -2, 1, 1, 0, 2, -3, 15, -17 ],
[ 0, 0, 0, 4, -2, 1, 1, 2, 0, -3, 13, -15 ],
[ 0, 0, 0, 4, -2, 2, 1, -3, 4, 0, 6, -11 ],
[ 0, 0, 0, 4, -2, 3, 1, -3, 3, 3, 6, -14 ],
[ 0, 0, 0, 4, -2, 5, 1, -3, 1, 1, 6, -12 ],
[ 0, 0, 0, 4, -2, 7, 1, -5, 3, -1, 8, -14 ],
[ 0, 0, 0, 4, -1, -4, 0, 9, -2, -2, 13, -16 ],
[ 0, 0, 0, 4, -1, -1, 0, 0, 4, -1, 10, -14 ],
[ 0, 0, 0, 4, -1, -1, 0, 2, 0, -1, 8, -10 ],
[ 0, 0, 0, 4, -1, -1, 0, 2, 2, -1, 8, -12 ],
[ 0, 0, 0, 4, -1, 0, 0, -1, 2, -6, 23, -20 ],
[ 0, 0, 0, 4, -1, 0, 0, 0, 1, 2, 10, -15 ],
[ 0, 0, 0, 4, -1, 0, 0, 4, -1, 2, 6, -13 ],
[ 0, 0, 0, 4, -1, 2, 0, 0, 1, 0, 10, -15 ],
[ 0, 0, 0, 4, -1, 4, 0, -2, 1, -2, 12, -15 ],
[ 0, 0, 0, 4, 1, 0, 0, -1, 2, 2, 5, -12 ],
[ 0, 0, 0, 4, 1, 2, 0, -3, 4, 0, 7, -14 ],
[ 0, 0, 0, 4, 2, -1, -1, 2, 0, -1, 9, -13 ],
[ 0, 0, 0, 4, 3, 0, -2, 0, 1, 2, 6, -13 ],
[ 0, 0, 0, 5, -4, 1, 4, -1, 1, 0, 6, -11 ],
[ 0, 0, 0, 5, -3, -1, 1, 1, 3, 2, 7, -14 ],
[ 0, 0, 0, 5, -3, -1, 1, 3, 1, 2, 5, -12 ],
[ 0, 0, 0, 5, -3, 1, 1, -3, 5, 0, 11, -16 ],
[ 0, 0, 0, 5, -3, 1, 1, -1, 1, 0, 9, -12 ],
[ 0, 0, 0, 5, -3, 1, 1, -1, 3, 0, 9, -14 ],
[ 0, 0, 0, 5, -3, 1, 1, 1, 1, 0, 7, -12 ],
[ 0, 0, 0, 5, -3, 1, 1, 1, 3, 0, 7, -14 ],
[ 0, 0, 0, 5, -3, 1, 1, 3, -1, 0, 5, -10 ],
[ 0, 0, 0, 5, -3, 3, 1, -3, 3, -2, 11, -14 ],
[ 0, 0, 0, 5, -2, -1, 2, 2, 0, 2, 5, -12 ],
[ 0, 0, 0, 5, -2, 1, 0, -1, 1, 0, 4, -7 ],
[ 0, 0, 0, 5, -2, 1, 2, 0, 2, 0, 7, -14 ],
[ 0, 0, 0, 5, -1, 0, 1, -1, 2, -3, 15, -17 ],
[ 0, 0, 0, 5, 1, 1, -1, -3, 5, 0, 7, -14 ],
[ 0, 0, 0, 5, 1, 1, -1, -1, 1, 0, 5, -10 ],
[ 0, 0, 0, 6, -4, 0, 3, -1, 2, 0, 6, -11 ],
[ 0, 0, 0, 6, -2, 0, 1, 0, 1, 0, 7, -12 ],
[ 0, 0, 0, 6, -2, 0, 1, 0, 3, 0, 7, -14 ],
[ 0, 0, 0, 6, 0, 0, -1, -1, 2, 0, 10, -15 ],
[ 0, 0, 0, 7, -5, -1, 3, 3, 1, 0, 7, -14 ],
[ 0, 0, 0, 7, -5, 1, 3, -1, 1, -2, 11, -14 ],
[ 0, 0, 0, 7, -4, 0, 2, -1, 2, 3, 6, -14 ],
[ 0, 0, 0, 7, -2, -1, 0, 0, 4, 0, 7, -14 ],
[ 0, 0, 0, 7, -2, -1, 0, 2, 0, 0, 5, -10 ],
[ 0, 0, 0, 8, -5, -2, 2, 3, 2, 0, 7, -14 ],
[ 0, 0, 0, 8, -5, 0, 2, -1, 2, -2, 11, -14 ],
[ 0, 0, 0, 8, -4, 1, 1, -1, 1, 1, 6, -12 ],
[ 0, 0, 0, 8, -3, 0, 0, 0, 1, -2, 12, -15 ],
[ 0, 0, 1, -7, 17, 0, -6, 2, 0, 1, 6, -13 ],
[ 0, 0, 1, -7, 17, 2, -6, -2, 2, -1, 10, -15 ],
[ 0, 0, 1, -6, 14, 1, -4, 1, 0, -1, 10, -15 ],
[ 0, 0, 1, -5, 12, -2, -3, 4, 0, 1, 5, -12 ],
[ 0, 0, 1, -5, 12, 0, -3, 0, 2, -1, 9, -14 ],
[ 0, 0, 1, -5, 13, 3, -4, -2, 1, 0, 6, -12 ],
[ 0, 0, 1, -5, 14, -2, -5, 5, -1, 1, 6, -13 ],
[ 0, 0, 1, -5, 14, 0, -5, 1, 1, -1, 10, -15 ],
[ 0, 0, 1, -4, 8, 2, 0, -2, 2, 0, 7, -13 ],
[ 0, 0, 1, -4, 9, -3, -1, 7, -2, 1, 5, -12 ],
[ 0, 0, 1, -4, 9, -1, -1, 3, 0, -1, 9, -14 ],
[ 0, 0, 1, -4, 10, 2, -2, -1, 1, 0, 8, -14 ],
[ 0, 0, 1, -4, 11, -1, -3, 4, -1, -1, 10, -15 ],
[ 0, 0, 1, -4, 13, 0, -5, -2, 4, 2, 6, -14 ],
[ 0, 0, 1, -4, 13, 2, -5, -2, 2, 0, 6, -12 ],
[ 0, 0, 1, -3, 5, 1, 2, -1, 2, 0, 9, -15 ],
[ 0, 0, 1, -3, 5, 1, 2, 1, 0, 0, 7, -13 ],
[ 0, 0, 1, -3, 7, -4, -2, 12, -4, 1, 6, -13 ],
[ 0, 0, 1, -3, 7, -2, -2, 4, 0, -1, 14, -17 ],
[ 0, 0, 1, -3, 7, -2, -2, 8, -2, -1, 10, -15 ],
[ 0, 0, 1, -3, 7, -1, -2, 1, 2, 2, 5, -11 ],
[ 0, 0, 1, -3, 7, 0, -2, 1, 1, 5, 5, -14 ],
[ 0, 0, 1, -3, 7, 0, -2, 2, 0, -3, 16, -17 ],
[ 0, 0, 1, -3, 7, 1, -2, -3, 6, 0, 9, -15 ],
[ 0, 0, 1, -3, 7, 1, -2, -1, 2, 0, 7, -11 ],
[ 0, 0, 1, -3, 7, 1, -2, -1, 4, 0, 7, -13 ],
[ 0, 0, 1, -3, 7, 1, -2, 1, 0, 0, 5, -9 ],
[ 0, 0, 1, -3, 7, 2, -2, -2, 2, -5, 20, -19 ],
[ 0, 0, 1, -3, 7, 2, -2, -1, 1, 3, 7, -14 ],
[ 0, 0, 1, -3, 7, 4, -2, -1, 1, 1, 7, -14 ],
[ 0, 0, 1, -3, 7, 6, -2, -3, 1, -1, 9, -14 ],
[ 0, 0, 1, -3, 8, -4, -3, 8, 0, 1, 5, -12 ],
[ 0, 0, 1, -3, 8, -2, -3, 4, 0, -1, 9, -12 ],
[ 0, 0, 1, -3, 8, -2, -3, 4, 2, -1, 9, -14 ],
[ 0, 0, 1, -3, 8, -2, -3, 6, -2, -1, 7, -10 ],
[ 0, 0, 1, -3, 8, 0, -3, -2, 4, -3, 15, -16 ],
[ 0, 0, 1, -3, 8, 0, -3, 0, 2, -3, 13, -14 ],
[ 0, 0, 1, -3, 8, 1, -1, -2, 3, 0, 7, -13 ],
[ 0, 0, 1, -3, 10, 1, -3, -1, 2, 0, 8, -14 ],
[ 0, 0, 1, -3, 10, 1, -3, 1, 0, 0, 6, -12 ],
[ 0, 0, 1, -3, 11, -2, -4, 4, 0, -1, 10, -15 ],
[ 0, 0, 1, -2, 2, 0, 4, 2, 0, 0, 9, -15 ],
[ 0, 0, 1, -2, 3, 0, 3, -2, 4, 0, 8, -14 ],
[ 0, 0, 1, -2, 3, 0, 3, 0, 2, 0, 6, -12 ],
[ 0, 0, 1, -2, 4, -3, 0, 7, -2, -1, 14, -17 ],
[ 0, 0, 1, -2, 4, -3, 0, 11, -4, -1, 10, -15 ],
[ 0, 0, 1, -2, 4, -2, 0, 4, 0, 2, 5, -11 ],
[ 0, 0, 1, -2, 4, -1, 0, 4, -1, 5, 5, -14 ],
[ 0, 0, 1, -2, 4, 0, 0, -2, 4, 0, 11, -15 ],
[ 0, 0, 1, -2, 4, 0, 0, 0, 2, 0, 9, -13 ],
[ 0, 0, 1, -2, 4, 0, 0, 0, 4, 0, 9, -15 ],
[ 0, 0, 1, -2, 4, 0, 0, 2, 0, 0, 7, -11 ],
[ 0, 0, 1, -2, 4, 0, 0, 2, 2, 0, 7, -13 ],
[ 0, 0, 1, -2, 4, 1, 0, 1, 0, -5, 20, -19 ],
[ 0, 0, 1, -2, 4, 2, 0, -2, 2, -2, 11, -13 ],
[ 0, 0, 1, -2, 4, 3, 0, -2, 1, 1, 11, -16 ],
[ 0, 0, 1, -2, 4, 3, 0, 2, -1, 1, 7, -14 ],
[ 0, 0, 1, -2, 5, -5, -1, 11, -2, 1, 5, -12 ],
[ 0, 0, 1, -2, 5, -3, -1, 7, -2, -1, 9, -12 ],
[ 0, 0, 1, -2, 5, -3, -1, 7, 0, -1, 9, -14 ],
[ 0, 0, 1, -2, 5, -1, -1, 0, 3, 5, 4, -13 ],
[ 0, 0, 1, -2, 5, -1, -1, 1, 2, -3, 15, -16 ],
[ 0, 0, 1, -2, 5, -1, -1, 3, 0, -3, 13, -14 ],
[ 0, 0, 1, -2, 5, 0, -1, -4, 8, 0, 8, -14 ],
[ 0, 0, 1, -2, 5, 0, -1, -2, 4, 0, 6, -10 ],
[ 0, 0, 1, -2, 5, 0, -1, -2, 6, 0, 6, -12 ],
[ 0, 0, 1, -2, 5, 0, -1, 0, 2, 0, 4, -8 ],
[ 0, 0, 1, -2, 5, 0, 1, -1, 3, 0, 9, -15 ],
[ 0, 0, 1, -2, 5, 0, 1, 1, 1, 0, 7, -13 ],
[ 0, 0, 1, -2, 5, 1, -1, -3, 4, -5, 19, -18 ],
[ 0, 0, 1, -2, 5, 1, -1, -2, 3, 3, 6, -13 ],
[ 0, 0, 1, -2, 5, 1, -1, 0, 1, 3, 4, -11 ],
[ 0, 0, 1, -2, 5, 3, -1, -2, 1, 1, 6, -11 ],
[ 0, 0, 1, -2, 5, 3, -1, -2, 3, 1, 6, -13 ],
[ 0, 0, 1, -2, 5, 5, -1, -4, 3, -1, 8, -13 ],
[ 0, 0, 1, -2, 6, -2, -2, 5, -1, 2, 6, -12 ],
[ 0, 0, 1, -2, 6, -2, -2, 5, 1, 2, 6, -14 ],
[ 0, 0, 1, -2, 6, 0, -2, -1, 3, 0, 12, -16 ],
[ 0, 0, 1, -2, 6, 0, -2, 1, 1, 0, 10, -14 ],
[ 0, 0, 1, -2, 6, 0, -2, 3, 1, 0, 8, -14 ],
[ 0, 0, 1, -2, 6, 0, -2, 5, -1, 0, 6, -12 ],
[ 0, 0, 1, -2, 6, 2, -2, -1, 1, -2, 12, -14 ],
[ 0, 0, 1, -2, 6, 2, -2, -1, 3, -2, 12, -16 ],
[ 0, 0, 1, -2, 7, 0, -1, 2, 0, 0, 8, -14 ],
[ 0, 0, 1, -2, 8, -3, -2, 7, -2, -1, 10, -15 ],
[ 0, 0, 1, -2, 8, 0, -2, -2, 4, 0, 7, -13 ],
[ 0, 0, 1, -2, 8, 3, -2, -2, 1, 1, 7, -14 ],
[ 0, 0, 1, -2, 10, 0, -4, -1, 3, 0, 8, -14 ],
[ 0, 0, 1, -2, 10, 0, -4, 1, 1, 0, 6, -12 ],
[ 0, 0, 1, -1, 0, -1, 5, 1, 2, 0, 8, -14 ],
[ 0, 0, 1, -1, 0, -1, 5, 3, 0, 0, 6, -12 ],
[ 0, 0, 1, -1, 1, -3, 2, 7, -2, 2, 5, -11 ],
[ 0, 0, 1, -1, 1, -1, 2, 1, 2, 0, 11, -15 ],
[ 0, 0, 1, -1, 1, -1, 2, 3, 0, 0, 9, -13 ],
[ 0, 0, 1, -1, 1, -1, 2, 3, 2, 0, 9, -15 ],
[ 0, 0, 1, -1, 1, -1, 2, 5, 0, 0, 7, -13 ],
[ 0, 0, 1, -1, 1, 1, 2, -1, 2, -2, 13, -15 ],
[ 0, 0, 1, -1, 1, 1, 2, 1, 0, -2, 11, -13 ],
[ 0, 0, 1, -1, 2, -6, 1, 14, -4, 1, 5, -12 ],
[ 0, 0, 1, -1, 2, -4, 1, 10, -2, -1, 9, -14 ],
[ 0, 0, 1, -1, 2, -2, 1, 3, 1, 5, 4, -13 ],
[ 0, 0, 1, -1, 2, -2, 1, 4, 0, -3, 15, -16 ],
[ 0, 0, 1, -1, 2, -1, 1, -1, 6, 0, 8, -14 ],
[ 0, 0, 1, -1, 2, -1, 1, 1, 2, 0, 6, -10 ],
[ 0, 0, 1, -1, 2, -1, 1, 1, 4, 0, 6, -12 ],
[ 0, 0, 1, -1, 2, -1, 1, 3, 0, 0, 4, -8 ],
[ 0, 0, 1, -1, 2, -1, 3, 2, 1, 0, 9, -15 ],
[ 0, 0, 1, -1, 2, -1, 3, 4, -1, 0, 7, -13 ],
[ 0, 0, 1, -1, 2, 0, 1, -1, 3, 3, 8, -15 ],
[ 0, 0, 1, -1, 2, 0, 1, 0, 2, -5, 19, -18 ],
[ 0, 0, 1, -1, 2, 0, 1, 1, 1, 3, 6, -13 ],
[ 0, 0, 1, -1, 2, 2, 1, -1, 1, 1, 8, -13 ],
[ 0, 0, 1, -1, 2, 2, 1, 1, 1, 1, 6, -13 ],
[ 0, 0, 1, -1, 2, 4, 1, -3, 3, -1, 10, -15 ],
[ 0, 0, 1, -1, 2, 4, 1, -1, 1, -1, 8, -13 ],
[ 0, 0, 1, -1, 3, -1, 0, 2, 1, 0, 12, -16 ],
[ 0, 0, 1, -1, 3, -1, 0, 4, -1, 0, 10, -14 ],
[ 0, 0, 1, -1, 3, -1, 0, 6, -1, 0, 8, -14 ],
[ 0, 0, 1, -1, 3, -1, 0, 8, -3, 0, 6, -12 ],
[ 0, 0, 1, -1, 3, 1, 0, 0, 1, -2, 14, -16 ],
[ 0, 0, 1, -1, 3, 3, 0, -2, 1, -4, 16, -16 ],
[ 0, 0, 1, -1, 4, -6, -1, 15, -5, 1, 6, -13 ],
[ 0, 0, 1, -1, 4, -4, -1, 11, -3, -1, 10, -15 ],
[ 0, 0, 1, -1, 4, -2, -1, 4, 0, 5, 5, -14 ],
[ 0, 0, 1, -1, 4, -2, -1, 5, -1, -3, 16, -17 ],
[ 0, 0, 1, -1, 4, -1, -1, 0, 5, 0, 9, -15 ],
[ 0, 0, 1, -1, 4, -1, -1, 2, 1, 0, 7, -11 ],
[ 0, 0, 1, -1, 4, -1, -1, 2, 3, 0, 7, -13 ],
[ 0, 0, 1, -1, 4, -1, -1, 4, -1, 0, 5, -9 ],
[ 0, 0, 1, -1, 4, 0, -1, 1, 1, -5, 20, -19 ],
[ 0, 0, 1, -1, 4, 0, -1, 2, 0, 3, 7, -14 ],
[ 0, 0, 1, -1, 4, 1, -1, -2, 3, -2, 11, -13 ],
[ 0, 0, 1, -1, 4, 2, -1, -2, 2, 1, 11, -16 ],
[ 0, 0, 1, -1, 4, 2, -1, 2, 0, 1, 7, -14 ],
[ 0, 0, 1, -1, 4, 4, -1, 0, 0, -1, 9, -14 ],
[ 0, 0, 1, -1, 5, -1, 0, 1, 2, 0, 7, -13 ],
[ 0, 0, 1, -1, 5, 0, -2, -2, 4, 3, 6, -13 ],
[ 0, 0, 1, -1, 5, 0, -2, 0, 2, 3, 4, -11 ],
[ 0, 0, 1, -1, 5, 2, -2, -2, 2, 1, 6, -11 ],
[ 0, 0, 1, -1, 5, 2, -2, -2, 4, 1, 6, -13 ],
[ 0, 0, 1, -1, 5, 2, -2, 0, 0, 1, 4, -9 ],
[ 0, 0, 1, -1, 5, 4, -2, -4, 4, -1, 8, -13 ],
[ 0, 0, 1, -1, 7, -1, -2, 2, 1, 0, 8, -14 ],
[ 0, 0, 1, -1, 7, -1, -2, 4, -1, 0, 6, -12 ],
[ 0, 0, 1, -1, 8, 2, -3, -2, 2, 1, 7, -14 ],
[ 0, 0, 1, 0, -4, 1, 8, -1, 2, 1, 6, -13 ],
[ 0, 0, 1, 0, -3, -2, 7, 4, 0, 0, 8, -14 ],
[ 0, 0, 1, 0, -3, 0, 7, 0, 2, -2, 12, -16 ],
[ 0, 0, 1, 0, -2, -4, 4, 10, -2, 2, 5, -13 ],
[ 0, 0, 1, 0, -2, -2, 4, 4, 0, 0, 11, -15 ],
[ 0, 0, 1, 0, -2, -2, 4, 6, 0, 0, 9, -15 ],
[ 0, 0, 1, 0, -2, -2, 4, 8, -2, 0, 7, -13 ],
[ 0, 0, 1, 0, -2, 0, 4, -1, 3, 6, 4, -14 ],
[ 0, 0, 1, 0, -2, 0, 4, 0, 2, -2, 15, -17 ],
[ 0, 0, 1, 0, -2, 0, 4, 2, 0, -2, 13, -15 ],
[ 0, 0, 1, 0, -2, 1, 4, -3, 6, 1, 6, -13 ],
[ 0, 0, 1, 0, -2, 1, 4, -1, 2, 1, 4, -9 ],
[ 0, 0, 1, 0, -2, 1, 6, 0, 1, 1, 7, -14 ],
[ 0, 0, 1, 0, -2, 2, 4, -2, 2, -4, 17, -17 ],
[ 0, 0, 1, 0, -2, 2, 4, -1, 1, 4, 4, -12 ],
[ 0, 0, 1, 0, -2, 3, 6, -2, 1, -1, 9, -14 ],
[ 0, 0, 1, 0, -2, 4, 4, -3, 3, 2, 6, -14 ],
[ 0, 0, 1, 0, -2, 6, 4, -3, 1, 0, 6, -12 ],
[ 0, 0, 1, 0, -1, -7, 3, 17, -6, 1, 5, -12 ],
[ 0, 0, 1, 0, -1, -5, 3, 13, -4, -1, 9, -14 ],
[ 0, 0, 1, 0, -1, -3, 3, 6, -1, 5, 4, -13 ],
[ 0, 0, 1, 0, -1, -3, 3, 7, -2, -3, 15, -16 ],
[ 0, 0, 1, 0, -1, -2, 3, 2, 4, 0, 8, -14 ],
[ 0, 0, 1, 0, -1, -2, 3, 4, 0, 0, 6, -10 ],
[ 0, 0, 1, 0, -1, -2, 3, 4, 2, 0, 6, -12 ],
[ 0, 0, 1, 0, -1, -2, 3, 6, -2, 0, 4, -8 ],
[ 0, 0, 1, 0, -1, -2, 5, 5, -1, 0, 9, -15 ],
[ 0, 0, 1, 0, -1, -1, 3, 2, 1, 3, 8, -15 ],
[ 0, 0, 1, 0, -1, -1, 3, 3, 0, -5, 19, -18 ],
[ 0, 0, 1, 0, -1, -1, 3, 4, -1, 3, 6, -13 ],
[ 0, 0, 1, 0, -1, 0, 3, -2, 4, -2, 12, -14 ],
[ 0, 0, 1, 0, -1, 0, 3, -2, 6, -2, 12, -16 ],
[ 0, 0, 1, 0, -1, 0, 3, 0, 2, -2, 10, -12 ],
[ 0, 0, 1, 0, -1, 1, 3, 0, 1, 1, 10, -15 ],
[ 0, 0, 1, 0, -1, 1, 3, 4, -1, 1, 6, -13 ],
[ 0, 0, 1, 0, -1, 3, 3, -2, 1, -1, 12, -15 ],
[ 0, 0, 1, 0, -1, 3, 3, 0, 1, -1, 10, -15 ],
[ 0, 0, 1, 0, -1, 3, 3, 2, -1, -1, 8, -13 ],
[ 0, 0, 1, 0, 0, -2, 2, 5, -1, 0, 12, -16 ],
[ 0, 0, 1, 0, 0, -2, 2, 9, -3, 0, 8, -14 ],
[ 0, 0, 1, 0, 0, 1, 2, -2, 3, 1, 7, -12 ],
[ 0, 0, 1, 0, 0, 1, 2, -2, 5, 1, 7, -14 ],
[ 0, 0, 1, 0, 0, 1, 2, 0, 1, 1, 5, -10 ],
[ 0, 0, 1, 0, 0, 2, 2, -1, 1, -4, 18, -18 ],
[ 0, 0, 1, 0, 0, 3, 2, -4, 5, -1, 9, -14 ],
[ 0, 0, 1, 0, 0, 3, 2, -2, 1, -1, 7, -10 ],
[ 0, 0, 1, 0, 1, -5, 1, 14, -5, -1, 10, -15 ],
[ 0, 0, 1, 0, 1, -3, 1, 7, -2, 5, 5, -14 ],
[ 0, 0, 1, 0, 1, -2, 1, 3, 3, 0, 9, -15 ],
[ 0, 0, 1, 0, 1, -2, 1, 5, -1, 0, 7, -11 ],
[ 0, 0, 1, 0, 1, -2, 1, 5, 1, 0, 7, -13 ],
[ 0, 0, 1, 0, 1, -1, 1, 4, -1, -5, 20, -19 ],
[ 0, 0, 1, 0, 1, 0, 1, -1, 3, -2, 13, -15 ],
[ 0, 0, 1, 0, 1, 0, 1, 1, 1, -2, 11, -13 ],
[ 0, 0, 1, 0, 1, 1, 1, 1, 0, 1, 11, -16 ],
[ 0, 0, 1, 0, 1, 1, 1, 5, -2, 1, 7, -14 ],
[ 0, 0, 1, 0, 2, -2, 2, 4, 0, 0, 7, -13 ],
[ 0, 0, 1, 0, 2, -1, 0, 1, 2, 3, 6, -13 ],
[ 0, 0, 1, 0, 2, -1, 0, 3, 0, 3, 4, -11 ],
[ 0, 0, 1, 0, 2, 1, 0, -1, 2, 1, 8, -13 ],
[ 0, 0, 1, 0, 2, 1, 0, 1, 0, 1, 6, -11 ],
[ 0, 0, 1, 0, 2, 1, 0, 1, 2, 1, 6, -13 ],
[ 0, 0, 1, 0, 2, 3, 0, -3, 4, -1, 10, -15 ],
[ 0, 0, 1, 0, 2, 3, 0, -1, 2, -1, 8, -13 ],
[ 0, 0, 1, 0, 3, -4, -1, 8, 0, 2, 6, -14 ],
[ 0, 0, 1, 0, 3, -2, -1, 4, 0, 0, 10, -14 ],
[ 0, 0, 1, 0, 3, -2, -1, 6, 0, 0, 8, -14 ],
[ 0, 0, 1, 0, 3, -2, -1, 8, -2, 0, 6, -12 ],
[ 0, 0, 1, 0, 3, 0, -1, -2, 4, -2, 16, -18 ],
[ 0, 0, 1, 0, 3, 0, -1, 0, 2, -2, 14, -16 ],
[ 0, 0, 1, 0, 3, 0, -1, 2, 0, -2, 12, -14 ],
[ 0, 0, 1, 0, 3, 0, -1, 2, 2, -2, 12, -16 ],
[ 0, 0, 1, 0, 3, 1, 1, 0, 1, 1, 6, -13 ],
[ 0, 0, 1, 0, 3, 2, -1, -2, 2, -4, 16, -16 ],
[ 0, 0, 1, 0, 4, -2, 0, 5, -1, 0, 8, -14 ],
[ 0, 0, 1, 0, 5, 1, -1, 1, 0, 1, 7, -14 ],
[ 0, 0, 1, 0, 7, -2, -3, 4, 0, 0, 6, -12 ],
[ 0, 0, 1, 0, 7, 0, -3, -2, 4, -2, 12, -16 ],
[ 0, 0, 1, 1, -4, 0, 7, -1, 3, 1, 6, -13 ],
[ 0, 0, 1, 1, -2, -3, 3, 6, 1, 0, 9, -15 ],
[ 0, 0, 1, 1, -2, -3, 3, 8, -1, 0, 7, -13 ],
[ 0, 0, 1, 1, -2, -1, 3, 2, 1, -2, 13, -15 ],
[ 0, 0, 1, 1, -2, -1, 3, 4, -1, -2, 11, -13 ],
[ 0, 0, 1, 1, -2, 0, 3, -3, 7, 1, 6, -13 ],
[ 0, 0, 1, 1, -2, 0, 3, -1, 3, 1, 4, -9 ],
[ 0, 0, 1, 1, -2, 0, 5, 0, 2, 1, 7, -14 ],
[ 0, 0, 1, 1, -2, 1, 3, -2, 3, -4, 17, -17 ],
[ 0, 0, 1, 1, -2, 1, 3, -1, 2, 4, 4, -12 ],
[ 0, 0, 1, 1, -2, 2, 5, -2, 2, -1, 9, -14 ],
[ 0, 0, 1, 1, -2, 3, 3, -3, 4, 2, 6, -14 ],
[ 0, 0, 1, 1, -2, 5, 3, -3, 2, 0, 6, -12 ],
[ 0, 0, 1, 1, -1, -3, 4, 7, -2, 0, 7, -13 ],
[ 0, 0, 1, 1, -1, -2, 2, 4, 0, 3, 6, -13 ],
[ 0, 0, 1, 1, -1, 0, 2, 0, 2, 1, 10, -15 ],
[ 0, 0, 1, 1, -1, 0, 2, 2, 0, 1, 8, -13 ],
[ 0, 0, 1, 1, -1, 0, 2, 4, 0, 1, 6, -13 ],
[ 0, 0, 1, 1, -1, 2, 2, -2, 2, -1, 12, -15 ],
[ 0, 0, 1, 1, -1, 2, 2, 0, 2, -1, 10, -15 ],
[ 0, 0, 1, 1, -1, 2, 2, 2, 0, -1, 8, -13 ],
[ 0, 0, 1, 1, 0, -3, 1, 7, -2, 0, 10, -14 ],
[ 0, 0, 1, 1, 0, -3, 1, 9, -2, 0, 8, -14 ],
[ 0, 0, 1, 1, 0, -3, 1, 11, -4, 0, 6, -12 ],
[ 0, 0, 1, 1, 0, -1, 1, 3, 0, -2, 14, -16 ],
[ 0, 0, 1, 1, 0, 0, 1, -2, 4, 1, 7, -12 ],
[ 0, 0, 1, 1, 0, 0, 1, -2, 6, 1, 7, -14 ],
[ 0, 0, 1, 1, 0, 0, 1, 0, 2, 1, 5, -10 ],
[ 0, 0, 1, 1, 0, 1, 1, -1, 2, -4, 18, -18 ],
[ 0, 0, 1, 1, 0, 1, 1, 0, 1, 4, 5, -13 ],
[ 0, 0, 1, 1, 0, 1, 1, 1, 0, -4, 16, -16 ],
[ 0, 0, 1, 1, 0, 2, 1, -4, 6, -1, 9, -14 ],
[ 0, 0, 1, 1, 0, 2, 1, -2, 2, -1, 7, -10 ],
[ 0, 0, 1, 1, 0, 2, 3, -1, 1, -1, 10, -15 ],
[ 0, 0, 1, 1, 0, 3, 1, -2, 1, 2, 7, -13 ],
[ 0, 0, 1, 1, 0, 5, 1, -2, 1, 0, 7, -13 ],
[ 0, 0, 1, 1, 1, -6, 0, 14, -4, -1, 10, -15 ],
[ 0, 0, 1, 1, 1, -3, 0, 5, 2, 0, 7, -13 ],
[ 0, 0, 1, 1, 1, -3, 0, 7, -2, 0, 5, -9 ],
[ 0, 0, 1, 1, 1, -2, 0, 4, 0, -5, 20, -19 ],
[ 0, 0, 1, 1, 1, -2, 0, 5, -1, 3, 7, -14 ],
[ 0, 0, 1, 1, 1, -1, 0, 1, 2, -2, 11, -13 ],
[ 0, 0, 1, 1, 1, 0, 0, 1, 1, 1, 11, -16 ],
[ 0, 0, 1, 1, 1, 0, 0, 5, -1, 1, 7, -14 ],
[ 0, 0, 1, 1, 1, 2, 0, -1, 1, -1, 13, -16 ],
[ 0, 0, 1, 1, 1, 2, 0, 3, -1, -1, 9, -14 ],
[ 0, 0, 1, 1, 2, 0, -1, -1, 3, 1, 8, -13 ],
[ 0, 0, 1, 1, 2, 0, -1, 1, 1, 1, 6, -11 ],
[ 0, 0, 1, 1, 2, 0, -1, 1, 3, 1, 6, -13 ],
[ 0, 0, 1, 1, 2, 0, -1, 3, -1, 1, 4, -9 ],
[ 0, 0, 1, 1, 2, 2, -1, -1, 1, -1, 8, -11 ],
[ 0, 0, 1, 1, 3, 0, 0, 0, 2, 1, 6, -13 ],
[ 0, 0, 1, 1, 4, -3, -1, 7, -2, 0, 6, -12 ],
[ 0, 0, 1, 1, 5, 0, -2, 1, 1, 1, 7, -14 ],
[ 0, 0, 1, 1, 5, 2, -2, -1, 1, -1, 9, -14 ],
[ 0, 0, 1, 2, -4, 2, 6, -1, 1, 2, 6, -14 ],
[ 0, 0, 1, 2, -2, -7, 2, 17, -6, -1, 10, -15 ],
[ 0, 0, 1, 2, -2, -4, 2, 8, 0, 0, 7, -13 ],
[ 0, 0, 1, 2, -2, -3, 2, 7, -2, -5, 20, -19 ],
[ 0, 0, 1, 2, -2, -2, 2, 4, 0, -2, 11, -13 ],
[ 0, 0, 1, 2, -2, -1, 2, 4, -1, 1, 11, -16 ],
[ 0, 0, 1, 2, -2, -1, 2, 8, -3, 1, 7, -14 ],
[ 0, 0, 1, 2, -2, 0, 2, -2, 4, -4, 17, -17 ],
[ 0, 0, 1, 2, -2, 0, 2, -1, 3, 4, 4, -12 ],
[ 0, 0, 1, 2, -2, 1, 4, -2, 3, -1, 9, -14 ],
[ 0, 0, 1, 2, -2, 2, 2, -3, 5, 2, 6, -14 ],
[ 0, 0, 1, 2, -2, 2, 2, -1, 1, 2, 4, -10 ],
[ 0, 0, 1, 2, -2, 3, 2, -2, 1, -3, 17, -18 ],
[ 0, 0, 1, 2, -2, 4, 2, -3, 3, 0, 6, -12 ],
[ 0, 0, 1, 2, -1, -1, 1, 2, 1, 1, 8, -13 ],
[ 0, 0, 1, 2, -1, -1, 1, 4, -1, 1, 6, -11 ],
[ 0, 0, 1, 2, -1, -1, 1, 4, 1, 1, 6, -13 ],
[ 0, 0, 1, 2, -1, 1, 1, -2, 3, -1, 12, -15 ],
[ 0, 0, 1, 2, -1, 1, 1, 0, 1, -1, 10, -13 ],
[ 0, 0, 1, 2, -1, 1, 1, 0, 3, -1, 10, -15 ],
[ 0, 0, 1, 2, 0, -4, 0, 9, -1, 0, 8, -14 ],
[ 0, 0, 1, 2, 0, -4, 0, 11, -3, 0, 6, -12 ],
[ 0, 0, 1, 2, 0, -2, 0, 5, -1, -2, 12, -14 ],
[ 0, 0, 1, 2, 0, -2, 0, 5, 1, -2, 12, -16 ],
[ 0, 0, 1, 2, 0, -1, 2, 3, 0, 1, 6, -13 ],
[ 0, 0, 1, 2, 0, 0, 0, -2, 4, 4, 7, -15 ],
[ 0, 0, 1, 2, 0, 0, 0, -1, 3, -4, 18, -18 ],
[ 0, 0, 1, 2, 0, 0, 0, 0, 2, 4, 5, -13 ],
[ 0, 0, 1, 2, 0, 0, 0, 1, 1, -4, 16, -16 ],
[ 0, 0, 1, 2, 0, 1, 0, -4, 7, -1, 9, -14 ],
[ 0, 0, 1, 2, 0, 1, 0, -2, 3, -1, 7, -10 ],
[ 0, 0, 1, 2, 0, 1, 2, -1, 2, -1, 10, -15 ],
[ 0, 0, 1, 2, 0, 2, 0, -2, 2, 2, 7, -13 ],
[ 0, 0, 1, 2, 0, 4, 0, -4, 4, 0, 9, -15 ],
[ 0, 0, 1, 2, 0, 4, 0, -2, 2, 0, 7, -13 ],
[ 0, 0, 1, 2, 2, -1, 0, 4, -1, 1, 7, -14 ],
[ 0, 0, 1, 3, -4, 1, 5, -1, 2, 2, 6, -14 ],
[ 0, 0, 1, 3, -3, 0, 4, 2, 0, -1, 10, -15 ],
[ 0, 0, 1, 3, -2, -2, 1, 4, 0, 1, 11, -16 ],
[ 0, 0, 1, 3, -2, -2, 1, 8, -2, 1, 7, -14 ],
[ 0, 0, 1, 3, -2, 0, 1, 2, 0, -1, 13, -16 ],
[ 0, 0, 1, 3, -2, 0, 1, 6, -2, -1, 9, -14 ],
[ 0, 0, 1, 3, -2, 0, 3, -2, 4, -1, 9, -14 ],
[ 0, 0, 1, 3, -2, 1, 1, -3, 6, 2, 6, -14 ],
[ 0, 0, 1, 3, -2, 1, 1, -1, 2, 2, 4, -10 ],
[ 0, 0, 1, 3, -2, 2, 1, -2, 2, -3, 17, -18 ],
[ 0, 0, 1, 3, -2, 2, 1, -1, 1, 5, 4, -13 ],
[ 0, 0, 1, 3, -2, 3, 1, -3, 4, 0, 6, -12 ],
[ 0, 0, 1, 3, -2, 6, 1, -3, 1, 1, 6, -13 ],
[ 0, 0, 1, 3, -1, -2, 0, 4, 0, 1, 6, -11 ],
[ 0, 0, 1, 3, -1, -2, 0, 4, 2, 1, 6, -13 ],
[ 0, 0, 1, 3, -1, -2, 0, 6, -2, 1, 4, -9 ],
[ 0, 0, 1, 3, -1, 0, 0, -2, 4, -1, 12, -15 ],
[ 0, 0, 1, 3, -1, 0, 0, 0, 2, -1, 10, -13 ],
[ 0, 0, 1, 3, -1, 0, 0, 2, 0, -1, 8, -11 ],
[ 0, 0, 1, 3, 0, 0, 1, -1, 3, -1, 10, -15 ],
[ 0, 0, 1, 3, 2, -2, -1, 4, 0, 1, 7, -14 ],
[ 0, 0, 1, 3, 2, 0, -1, 2, 0, -1, 9, -14 ],
[ 0, 0, 1, 4, -4, 0, 4, -1, 3, 2, 6, -14 ],
[ 0, 0, 1, 4, -4, 2, 4, -1, 1, 0, 6, -12 ],
[ 0, 0, 1, 4, -3, -1, 3, 2, 1, -1, 10, -15 ],
[ 0, 0, 1, 4, -1, -3, 1, 7, -2, 1, 7, -14 ],
[ 0, 0, 1, 5, -4, 1, 3, -1, 2, 0, 6, -12 ],
[ 0, 0, 1, 5, -2, 1, 1, 0, 1, 0, 7, -13 ],
[ 0, 0, 1, 5, -1, -2, 0, 5, -1, -1, 9, -14 ],
[ 0, 0, 1, 6, -4, 0, 2, -1, 3, 0, 6, -12 ],
[ 0, 0, 1, 6, -2, 0, 0, -2, 4, 0, 9, -15 ],
[ 0, 0, 1, 6, -2, 0, 0, 0, 2, 0, 7, -13 ],
[ 0, 0, 1, 7, -4, 2, 1, -1, 1, 1, 6, -13 ],
[ 0, 0, 2, -5, 12, 0, -4, 0, 1, -1, 9, -13 ],
[ 0, 0, 2, -4, 11, -1, -4, 2, 0, -1, 12, -16 ],
[ 0, 0, 2, -3, 6, 0, 0, 0, 1, -3, 15, -17 ],
[ 0, 0, 2, -3, 8, 1, -2, -2, 4, 0, 7, -14 ],
[ 0, 0, 2, -3, 10, 1, -4, -1, 1, 0, 8, -13 ],
[ 0, 0, 2, -2, 3, 0, 2, 0, 1, 0, 6, -11 ],
[ 0, 0, 2, -2, 5, 0, 0, -1, 2, 0, 9, -14 ],
[ 0, 0, 2, -2, 5, 0, 0, 1, 2, 0, 7, -14 ],
[ 0, 0, 2, -2, 7, 0, -2, 0, 1, 0, 10, -15 ],
[ 0, 0, 2, -2, 8, 0, -3, -2, 5, 0, 7, -14 ],
[ 0, 0, 2, -2, 8, 0, -3, 0, 1, 0, 5, -10 ],
[ 0, 0, 2, -1, 1, 0, 3, -1, 2, 3, 5, -13 ],
[ 0, 0, 2, -1, 2, -4, 0, 10, -3, -1, 9, -13 ],
[ 0, 0, 2, -1, 2, -2, 0, 4, 1, -3, 15, -17 ],
[ 0, 0, 2, -1, 2, -1, 0, 1, 3, 0, 6, -11 ],
[ 0, 0, 2, -1, 2, -1, 2, 2, 0, 0, 9, -14 ],
[ 0, 0, 2, -1, 2, -1, 2, 4, 0, 0, 7, -14 ],
[ 0, 0, 2, -1, 2, 0, 0, -1, 2, 3, 8, -14 ],
[ 0, 0, 2, -1, 2, 0, 0, 0, 1, -5, 19, -17 ],
[ 0, 0, 2, -1, 2, 0, 0, 1, 2, 3, 6, -14 ],
[ 0, 0, 2, -1, 2, 2, 0, -1, 2, 1, 8, -14 ],
[ 0, 0, 2, -1, 2, 2, 0, 1, 0, 1, 6, -12 ],
[ 0, 0, 2, -1, 2, 4, 0, -3, 2, -1, 10, -14 ],
[ 0, 0, 2, -1, 3, -3, -1, 8, -2, 2, 6, -13 ],
[ 0, 0, 2, -1, 3, -1, -1, 2, 0, 0, 12, -15 ],
[ 0, 0, 2, -1, 3, -1, -1, 4, 0, 0, 10, -15 ],
[ 0, 0, 2, -1, 3, -1, -1, 6, -2, 0, 8, -13 ],
[ 0, 0, 2, -1, 3, 0, -1, -3, 6, 3, 5, -13 ],
[ 0, 0, 2, -1, 3, 0, -1, -1, 2, 3, 3, -9 ],
[ 0, 0, 2, -1, 3, 0, 1, 0, 1, 3, 6, -14 ],
[ 0, 0, 2, -1, 3, 1, -1, -2, 2, -2, 16, -17 ],
[ 0, 0, 2, -1, 3, 1, -1, -1, 1, 6, 3, -12 ],
[ 0, 0, 2, -1, 3, 1, -1, 2, 0, -2, 12, -15 ],
[ 0, 0, 2, -1, 3, 2, -1, -3, 4, 1, 5, -11 ],
[ 0, 0, 2, -1, 3, 5, -1, -3, 1, 2, 5, -12 ],
[ 0, 0, 2, -1, 5, -1, -1, 1, 3, 0, 7, -14 ],
[ 0, 0, 2, -1, 7, -1, -3, 2, 0, 0, 8, -13 ],
[ 0, 0, 2, 0, -3, 0, 6, 0, 1, -2, 12, -15 ],
[ 0, 0, 2, 0, -2, -1, 5, 2, 0, 3, 5, -13 ],
[ 0, 0, 2, 0, -1, -3, 2, 7, -1, -3, 15, -17 ],
[ 0, 0, 2, 0, -1, -2, 2, 4, 1, 0, 6, -11 ],
[ 0, 0, 2, 0, -1, -1, 2, 2, 0, 3, 8, -14 ],
[ 0, 0, 2, 0, -1, -1, 2, 4, 0, 3, 6, -14 ],
[ 0, 0, 2, 0, -1, 0, 2, -2, 5, -2, 12, -15 ],
[ 0, 0, 2, 0, -1, 0, 2, 0, 1, -2, 10, -11 ],
[ 0, 0, 2, 0, -1, 1, 2, 2, 0, 1, 8, -14 ],
[ 0, 0, 2, 0, -1, 3, 2, -2, 2, -1, 12, -16 ],
[ 0, 0, 2, 0, -1, 3, 2, 0, 0, -1, 10, -14 ],
[ 0, 0, 2, 0, 0, -2, 1, 7, -2, 0, 10, -15 ],
[ 0, 0, 2, 0, 0, -1, 1, 0, 4, 3, 5, -13 ],
[ 0, 0, 2, 0, 0, -1, 1, 2, 0, 3, 3, -9 ],
[ 0, 0, 2, 0, 0, 0, 1, 0, 1, 6, 5, -14 ],
[ 0, 0, 2, 0, 0, 1, 1, -2, 4, 1, 7, -13 ],
[ 0, 0, 2, 0, 0, 1, 1, 0, 2, 1, 5, -11 ],
[ 0, 0, 2, 0, 0, 4, 1, -2, 1, 2, 7, -14 ],
[ 0, 0, 2, 0, 1, -5, 0, 12, -4, -1, 12, -16 ],
[ 0, 0, 2, 0, 1, -2, 0, 3, 2, 0, 9, -14 ],
[ 0, 0, 2, 0, 1, -2, 0, 5, 0, 0, 7, -12 ],
[ 0, 0, 2, 0, 1, -2, 0, 5, 2, 0, 7, -14 ],
[ 0, 0, 2, 0, 1, -2, 0, 7, -2, 0, 5, -10 ],
[ 0, 0, 2, 0, 1, -1, 0, 2, 0, -5, 22, -20 ],
[ 0, 0, 2, 0, 1, 0, 0, -1, 2, -2, 13, -14 ],
[ 0, 0, 2, 0, 1, 0, 0, -1, 4, -2, 13, -16 ],
[ 0, 0, 2, 0, 1, 0, 0, 1, 0, -2, 11, -12 ],
[ 0, 0, 2, 0, 1, 0, 0, 1, 2, -2, 11, -14 ],
[ 0, 0, 2, 0, 1, 1, 0, -1, 1, 1, 13, -17 ],
[ 0, 0, 2, 0, 1, 1, 0, 3, -1, 1, 9, -15 ],
[ 0, 0, 2, 0, 1, 1, 2, -1, 1, 1, 5, -11 ],
[ 0, 0, 2, 0, 1, 5, 0, -3, 1, -3, 15, -17 ],
[ 0, 0, 2, 0, 2, -2, 1, 4, 1, 0, 7, -14 ],
[ 0, 0, 2, 0, 2, 0, 1, 0, 1, -2, 11, -14 ],
[ 0, 0, 2, 0, 5, 1, -2, -1, 1, 1, 9, -15 ],
[ 0, 0, 2, 1, -2, 0, 4, 0, 1, 1, 7, -13 ],
[ 0, 0, 2, 1, -1, -3, 3, 7, -1, 0, 7, -14 ],
[ 0, 0, 2, 1, -1, -2, 1, 4, 1, 3, 6, -14 ],
[ 0, 0, 2, 1, -1, 0, 1, 0, 1, 1, 10, -14 ],
[ 0, 0, 2, 1, -1, 0, 1, 2, 1, 1, 8, -14 ],
[ 0, 0, 2, 1, -1, 0, 1, 4, -1, 1, 6, -12 ],
[ 0, 0, 2, 1, -1, 2, 1, -2, 3, -1, 12, -16 ],
[ 0, 0, 2, 1, -1, 2, 1, 0, 1, -1, 10, -14 ],
[ 0, 0, 2, 1, 0, -3, 0, 7, -1, 0, 10, -15 ],
[ 0, 0, 2, 1, 0, -3, 0, 9, -3, 0, 8, -13 ],
[ 0, 0, 2, 1, 0, -1, 0, 2, 0, 6, 3, -12 ],
[ 0, 0, 2, 1, 0, -1, 0, 5, -1, -2, 12, -15 ],
[ 0, 0, 2, 1, 0, 0, 0, -2, 5, 1, 7, -13 ],
[ 0, 0, 2, 1, 0, 0, 0, 0, 1, 1, 5, -9 ],
[ 0, 0, 2, 1, 0, 0, 0, 0, 3, 1, 5, -11 ],
[ 0, 0, 2, 1, 0, 1, 0, -1, 1, -4, 18, -17 ],
[ 0, 0, 2, 1, 0, 3, 0, -2, 2, 2, 7, -14 ],
[ 0, 0, 2, 1, 0, 3, 0, 0, 0, 2, 5, -12 ],
[ 0, 0, 2, 1, 1, 0, 1, -1, 2, 1, 5, -11 ],
[ 0, 0, 2, 1, 3, 0, -1, 0, 1, 1, 6, -12 ],
[ 0, 0, 2, 2, -2, -1, 3, 2, 0, 1, 5, -11 ],
[ 0, 0, 2, 2, 0, 1, 1, -1, 1, -1, 10, -14 ],
[ 0, 0, 2, 2, 2, -1, -1, 2, 0, 1, 9, -15 ],
[ 0, 0, 2, 3, -3, 0, 3, 0, 1, -1, 12, -16 ],
[ 0, 0, 2, 3, 0, 0, 0, -1, 2, -1, 10, -14 ],
[ 0, 0, 2, 3, 1, 1, -1, -1, 1, 2, 5, -12 ],
[ 0, 0, 2, 4, -3, -1, 2, 2, 0, -1, 10, -14 ],
[ 0, 0, 2, 4, -2, 0, 1, 0, 1, 2, 7, -14 ],
[ 0, 0, 2, 4, -1, 1, 0, -1, 1, -3, 15, -17 ],
[ 0, 0, 2, 5, -2, -1, 0, 2, 0, 2, 5, -12 ],
[ 0, 0, 3, -3, 8, 1, -3, -2, 3, 0, 7, -13 ],
[ 0, 0, 3, -2, 5, 0, -1, -1, 3, 0, 9, -15 ],
[ 0, 0, 3, -2, 5, 0, -1, 1, 1, 0, 7, -13 ],
[ 0, 0, 3, -1, 2, -1, 1, 4, -1, 0, 7, -13 ],
[ 0, 0, 3, -1, 5, -1, -2, 1, 2, 0, 7, -13 ],
[ 0, 0, 3, 0, -2, 1, 4, 0, 1, 1, 7, -14 ],
[ 0, 0, 3, 0, -2, 3, 4, -2, 1, -1, 9, -14 ],
[ 0, 0, 3, 0, 0, 3, 0, -2, 1, -1, 7, -10 ],
[ 0, 0, 3, 0, 2, -2, 0, 4, 0, 0, 7, -13 ],
[ 0, 0, 3, 0, 3, 1, -1, 0, 1, 1, 6, -13 ],
[ 0, 0, 3, 1, -2, 0, 3, 0, 2, 1, 7, -14 ],
[ 0, 0, 3, 1, -2, 2, 3, -2, 2, -1, 9, -14 ],
[ 0, 0, 3, 1, -1, -3, 2, 7, -2, 0, 7, -13 ],
[ 0, 0, 3, 1, 0, 2, 1, -1, 1, -1, 10, -15 ],
[ 0, 0, 3, 2, -2, 1, 2, -2, 3, -1, 9, -14 ],
[ 0, 0, 3, 2, 0, -1, 0, 3, 0, 1, 6, -13 ],
[ 0, 0, 3, 2, 0, 1, 0, -1, 2, -1, 10, -15 ],
[ 0, 0, 3, 3, -2, 0, 1, -2, 4, -1, 9, -14 ],
[ 0, 0, 4, -1, 2, -1, 0, 2, 0, 0, 9, -14 ],
[ 0, 0, 4, -1, 3, 0, -1, 0, 1, 3, 6, -14 ],
[ 0, 0, 4, 0, 1, 1, 0, -1, 1, 1, 5, -11 ],
[ 0, 0, 4, 0, 2, 0, -1, 0, 1, -2, 11, -14 ],
[ 0, 1, -1, -2, 2, 0, 5, -1, 4, 0, 7, -14 ],
[ 0, 1, -1, -1, -1, -1, 7, 2, 2, 0, 7, -14 ],
[ 0, 1, -1, 0, -4, -2, 9, 5, 0, 0, 7, -14 ],
[ 0, 1, -1, 0, -4, 0, 9, -1, 2, -2, 13, -16 ],
[ 0, 1, -1, 0, -3, 1, 8, -1, 1, 1, 8, -14 ],
[ 0, 1, -1, 1, -5, 0, 9, 0, 1, 1, 5, -11 ],
[ 0, 1, 0, -6, 16, -1, -6, 1, 2, 1, 7, -14 ],
[ 0, 1, 0, -6, 16, -1, -6, 3, 0, 1, 5, -12 ],
[ 0, 1, 0, -6, 16, 1, -6, -1, 2, -1, 9, -14 ],
[ 0, 1, 0, -5, 11, 0, -2, -1, 3, -1, 10, -15 ],
[ 0, 1, 0, -5, 13, -2, -4, 4, 0, 1, 7, -14 ],
[ 0, 1, 0, -5, 13, 0, -4, 2, 0, -1, 9, -14 ],
[ 0, 1, 0, -5, 14, 3, -5, -2, 1, 0, 8, -14 ],
[ 0, 1, 0, -4, 8, -1, 0, 2, 1, -1, 10, -15 ],
[ 0, 1, 0, -4, 13, -1, -5, 2, 1, -1, 9, -14 ],
[ 0, 1, 0, -3, 5, -2, 2, 5, -1, -1, 10, -15 ],
[ 0, 1, 0, -3, 7, -3, -2, 7, -2, 4, 6, -14 ],
[ 0, 1, 0, -3, 7, -2, -2, 3, 3, -1, 10, -15 ],
[ 0, 1, 0, -3, 7, -2, -2, 5, -1, -1, 8, -11 ],
[ 0, 1, 0, -3, 7, 0, -2, -1, 3, -3, 14, -15 ],
[ 0, 1, 0, -3, 7, 1, -2, 1, 0, 0, 12, -16 ],
[ 0, 1, 0, -3, 7, 1, -2, 5, -2, 0, 8, -14 ],
[ 0, 1, 0, -3, 7, 1, 0, -1, 2, 0, 6, -12 ],
[ 0, 1, 0, -3, 8, -1, -3, 3, 0, 2, 5, -11 ],
[ 0, 1, 0, -3, 8, 1, -3, -1, 2, 0, 9, -13 ],
[ 0, 1, 0, -3, 8, 1, -3, 1, 0, 0, 7, -11 ],
[ 0, 1, 0, -3, 9, 1, -2, -2, 3, 0, 9, -15 ],
[ 0, 1, 0, -3, 9, 1, -2, 0, 1, 0, 7, -13 ],
[ 0, 1, 0, -3, 10, -2, -3, 5, -1, -1, 9, -14 ],
[ 0, 1, 0, -3, 11, 1, -4, 1, 0, 0, 8, -14 ],
[ 0, 1, 0, -2, 2, 0, 4, -1, 3, 0, 7, -13 ],
[ 0, 1, 0, -2, 4, -3, 0, 6, 1, -1, 10, -15 ],
[ 0, 1, 0, -2, 4, -1, 0, 2, 1, -3, 14, -15 ],
[ 0, 1, 0, -2, 4, 0, 0, -3, 7, 0, 7, -13 ],
[ 0, 1, 0, -2, 4, 0, 0, -1, 3, 0, 5, -9 ],
[ 0, 1, 0, -2, 4, 0, 2, 0, 2, 0, 8, -14 ],
[ 0, 1, 0, -2, 4, 0, 2, 2, 0, 0, 6, -12 ],
[ 0, 1, 0, -2, 4, 1, 0, -1, 2, 3, 5, -12 ],
[ 0, 1, 0, -2, 4, 3, 0, -3, 4, 1, 7, -14 ],
[ 0, 1, 0, -2, 5, -2, -1, 4, 0, 2, 7, -13 ],
[ 0, 1, 0, -2, 5, -2, -1, 6, 0, 2, 5, -13 ],
[ 0, 1, 0, -2, 5, 0, -1, -2, 4, 0, 13, -17 ],
[ 0, 1, 0, -2, 5, 0, -1, 0, 2, 0, 11, -15 ],
[ 0, 1, 0, -2, 5, 0, -1, 2, 0, 0, 9, -13 ],
[ 0, 1, 0, -2, 5, 0, -1, 2, 2, 0, 9, -15 ],
[ 0, 1, 0, -2, 5, 0, -1, 4, 0, 0, 7, -13 ],
[ 0, 1, 0, -2, 5, 2, -1, -2, 2, -2, 13, -15 ],
[ 0, 1, 0, -2, 6, -5, -2, 11, -2, 1, 7, -14 ],
[ 0, 1, 0, -2, 6, -5, -2, 13, -4, 1, 5, -12 ],
[ 0, 1, 0, -2, 6, -3, -2, 7, -2, -1, 11, -14 ],
[ 0, 1, 0, -2, 6, -3, -2, 9, -2, -1, 9, -14 ],
[ 0, 1, 0, -2, 6, -1, -2, 1, 2, -3, 17, -18 ],
[ 0, 1, 0, -2, 6, -1, -2, 2, 1, 5, 4, -13 ],
[ 0, 1, 0, -2, 6, -1, -2, 3, 0, -3, 15, -16 ],
[ 0, 1, 0, -2, 6, 0, -2, -2, 4, 0, 8, -12 ],
[ 0, 1, 0, -2, 6, 0, -2, -2, 6, 0, 8, -14 ],
[ 0, 1, 0, -2, 6, 0, -2, 0, 2, 0, 6, -10 ],
[ 0, 1, 0, -2, 6, 0, -2, 0, 4, 0, 6, -12 ],
[ 0, 1, 0, -2, 6, 0, -2, 2, 0, 0, 4, -8 ],
[ 0, 1, 0, -2, 6, 1, -2, -2, 3, 3, 8, -15 ],
[ 0, 1, 0, -2, 6, 1, -2, -1, 2, -5, 19, -18 ],
[ 0, 1, 0, -2, 6, 1, -2, 0, 1, 3, 6, -13 ],
[ 0, 1, 0, -2, 6, 3, -2, -2, 1, 1, 8, -13 ],
[ 0, 1, 0, -2, 6, 3, -2, 0, 1, 1, 6, -13 ],
[ 0, 1, 0, -2, 6, 5, -2, -4, 3, -1, 10, -15 ],
[ 0, 1, 0, -2, 6, 5, -2, -2, 1, -1, 8, -13 ],
[ 0, 1, 0, -2, 7, 0, -1, -1, 3, 0, 6, -12 ],
[ 0, 1, 0, -2, 9, 0, -3, -2, 4, 0, 9, -15 ],
[ 0, 1, 0, -2, 9, 0, -3, 0, 2, 0, 7, -13 ],
[ 0, 1, 0, -1, -1, -1, 6, 2, 1, 0, 7, -13 ],
[ 0, 1, 0, -1, 0, 2, 5, -2, 2, 1, 6, -13 ],
[ 0, 1, 0, -1, 1, -4, 2, 9, -1, -1, 10, -15 ],
[ 0, 1, 0, -1, 1, -2, 2, 5, -1, -3, 14, -15 ],
[ 0, 1, 0, -1, 1, -1, 2, 0, 5, 0, 7, -13 ],
[ 0, 1, 0, -1, 1, -1, 2, 2, 1, 0, 5, -9 ],
[ 0, 1, 0, -1, 1, -1, 4, 3, 0, 0, 8, -14 ],
[ 0, 1, 0, -1, 1, 0, 2, -1, 3, -5, 20, -19 ],
[ 0, 1, 0, -1, 1, 0, 2, 0, 2, 3, 7, -14 ],
[ 0, 1, 0, -1, 1, 0, 2, 2, 0, 3, 5, -12 ],
[ 0, 1, 0, -1, 1, 1, 4, -1, 2, -2, 12, -16 ],
[ 0, 1, 0, -1, 1, 2, 2, -2, 2, 1, 9, -14 ],
[ 0, 1, 0, -1, 1, 2, 2, 0, 2, 1, 7, -14 ],
[ 0, 1, 0, -1, 1, 4, 2, -2, 2, -1, 9, -14 ],
[ 0, 1, 0, -1, 2, -3, 1, 7, -2, 2, 7, -13 ],
[ 0, 1, 0, -1, 2, -3, 1, 9, -2, 2, 5, -13 ],
[ 0, 1, 0, -1, 2, -1, 1, 1, 2, 0, 13, -17 ],
[ 0, 1, 0, -1, 2, -1, 1, 3, 0, 0, 11, -15 ],
[ 0, 1, 0, -1, 2, -1, 1, 5, 0, 0, 9, -15 ],
[ 0, 1, 0, -1, 2, -1, 1, 7, -2, 0, 7, -13 ],
[ 0, 1, 0, -1, 2, 0, 1, -2, 4, 3, 4, -11 ],
[ 0, 1, 0, -1, 2, 1, 1, -2, 3, 6, 4, -14 ],
[ 0, 1, 0, -1, 2, 1, 1, -1, 2, -2, 15, -17 ],
[ 0, 1, 0, -1, 2, 1, 1, 1, 0, -2, 13, -15 ],
[ 0, 1, 0, -1, 2, 2, 1, -4, 6, 1, 6, -13 ],
[ 0, 1, 0, -1, 2, 2, 1, -2, 2, 1, 4, -9 ],
[ 0, 1, 0, -1, 2, 2, 3, -1, 1, 1, 7, -14 ],
[ 0, 1, 0, -1, 2, 3, 1, -3, 2, -4, 17, -17 ],
[ 0, 1, 0, -1, 2, 3, 1, -2, 1, 4, 4, -12 ],
[ 0, 1, 0, -1, 2, 5, 1, -4, 3, 2, 6, -14 ],
[ 0, 1, 0, -1, 2, 7, 1, -4, 1, 0, 6, -12 ],
[ 0, 1, 0, -1, 3, -6, 0, 14, -4, 1, 7, -14 ],
[ 0, 1, 0, -1, 3, -4, 0, 12, -4, -1, 9, -14 ],
[ 0, 1, 0, -1, 3, -2, 0, 4, 0, -3, 17, -18 ],
[ 0, 1, 0, -1, 3, -2, 0, 5, -1, 5, 4, -13 ],
[ 0, 1, 0, -1, 3, -1, 0, 1, 2, 0, 8, -12 ],
[ 0, 1, 0, -1, 3, -1, 0, 1, 4, 0, 8, -14 ],
[ 0, 1, 0, -1, 3, -1, 0, 3, 0, 0, 6, -10 ],
[ 0, 1, 0, -1, 3, -1, 0, 3, 2, 0, 6, -12 ],
[ 0, 1, 0, -1, 3, 0, 0, 1, 1, 3, 8, -15 ],
[ 0, 1, 0, -1, 3, 0, 0, 2, 0, -5, 19, -18 ],
[ 0, 1, 0, -1, 3, 1, 0, -3, 6, -2, 12, -16 ],
[ 0, 1, 0, -1, 3, 1, 0, -1, 2, -2, 10, -12 ],
[ 0, 1, 0, -1, 3, 2, 0, -1, 1, 1, 10, -15 ],
[ 0, 1, 0, -1, 3, 2, 0, 3, -1, 1, 6, -13 ],
[ 0, 1, 0, -1, 3, 4, 0, -1, 1, -1, 10, -15 ],
[ 0, 1, 0, -1, 4, -1, -1, 4, -1, 0, 12, -16 ],
[ 0, 1, 0, -1, 4, -1, -1, 8, -3, 0, 8, -14 ],
[ 0, 1, 0, -1, 4, -1, 1, 2, 1, 0, 6, -12 ],
[ 0, 1, 0, -1, 4, 0, -1, -1, 3, 3, 5, -12 ],
[ 0, 1, 0, -1, 4, 2, -1, -3, 5, 1, 7, -14 ],
[ 0, 1, 0, -1, 4, 2, -1, -1, 1, 1, 5, -10 ],
[ 0, 1, 0, -1, 4, 3, -1, -2, 1, -4, 18, -18 ],
[ 0, 1, 0, -1, 5, -1, -2, 2, 1, 0, 9, -13 ],
[ 0, 1, 0, -1, 5, -1, -2, 4, -1, 0, 7, -11 ],
[ 0, 1, 0, -1, 5, 1, -2, 0, 1, -2, 11, -13 ],
[ 0, 1, 0, -1, 6, -1, -1, 1, 2, 0, 9, -15 ],
[ 0, 1, 0, -1, 6, -1, -1, 3, 0, 0, 7, -13 ],
[ 0, 1, 0, -1, 7, 2, -2, -1, 1, 1, 6, -13 ],
[ 0, 1, 0, -1, 8, -1, -3, 4, -1, 0, 8, -14 ],
[ 0, 1, 0, 0, -4, -2, 8, 5, -1, 0, 7, -13 ],
[ 0, 1, 0, 0, -3, 1, 7, 1, 0, 1, 6, -13 ],
[ 0, 1, 0, 0, -2, -5, 4, 12, -3, -1, 10, -15 ],
[ 0, 1, 0, 0, -2, -2, 4, 3, 3, 0, 7, -13 ],
[ 0, 1, 0, 0, -2, -2, 4, 5, -1, 0, 5, -9 ],
[ 0, 1, 0, 0, -2, -1, 4, 2, 1, -5, 20, -19 ],
[ 0, 1, 0, 0, -2, -1, 4, 3, 0, 3, 7, -14 ],
[ 0, 1, 0, 0, -2, 0, 4, -1, 3, -2, 11, -13 ],
[ 0, 1, 0, 0, -2, 0, 6, 2, 0, -2, 12, -16 ],
[ 0, 1, 0, 0, -2, 1, 4, -1, 2, 1, 11, -16 ],
[ 0, 1, 0, 0, -2, 1, 4, 1, 0, 1, 9, -14 ],
[ 0, 1, 0, 0, -2, 1, 4, 3, 0, 1, 7, -14 ],
[ 0, 1, 0, 0, -2, 3, 4, 1, 0, -1, 9, -14 ],
[ 0, 1, 0, 0, -1, -4, 3, 12, -4, 2, 5, -13 ],
[ 0, 1, 0, 0, -1, -1, 3, 1, 2, 3, 4, -11 ],
[ 0, 1, 0, 0, -1, 0, 3, 2, 0, -2, 15, -17 ],
[ 0, 1, 0, 0, -1, 1, 3, -1, 2, 1, 6, -11 ],
[ 0, 1, 0, 0, -1, 1, 3, -1, 4, 1, 6, -13 ],
[ 0, 1, 0, 0, -1, 1, 3, 1, 0, 1, 4, -9 ],
[ 0, 1, 0, 0, -1, 2, 3, -1, 1, 4, 6, -14 ],
[ 0, 1, 0, 0, -1, 6, 3, -3, 1, 0, 8, -14 ],
[ 0, 1, 0, 0, 0, -2, 2, 4, 0, 0, 8, -12 ],
[ 0, 1, 0, 0, 0, -2, 2, 4, 2, 0, 8, -14 ],
[ 0, 1, 0, 0, 0, -2, 2, 6, 0, 0, 6, -12 ],
[ 0, 1, 0, 0, 0, 0, 2, -2, 4, -2, 14, -16 ],
[ 0, 1, 0, 0, 0, 0, 2, 0, 2, -2, 12, -14 ],
[ 0, 1, 0, 0, 0, 0, 2, 0, 4, -2, 12, -16 ],
[ 0, 1, 0, 0, 0, 0, 2, 2, 0, -2, 10, -12 ],
[ 0, 1, 0, 0, 0, 1, 4, -2, 3, 1, 6, -13 ],
[ 0, 1, 0, 0, 1, -2, 3, 5, -1, 0, 6, -12 ],
[ 0, 1, 0, 0, 1, -1, 1, 0, 3, 3, 7, -14 ],
[ 0, 1, 0, 0, 1, -1, 1, 2, 1, 3, 5, -12 ],
[ 0, 1, 0, 0, 1, 0, 3, -1, 3, -2, 12, -16 ],
[ 0, 1, 0, 0, 1, 1, 1, -2, 3, 1, 9, -14 ],
[ 0, 1, 0, 0, 1, 1, 1, 0, 1, 1, 7, -12 ],
[ 0, 1, 0, 0, 1, 1, 1, 0, 3, 1, 7, -14 ],
[ 0, 1, 0, 0, 1, 3, 1, -2, 1, -1, 9, -12 ],
[ 0, 1, 0, 0, 1, 3, 1, -2, 3, -1, 9, -14 ],
[ 0, 1, 0, 0, 2, -4, 0, 9, -1, 2, 5, -13 ],
[ 0, 1, 0, 0, 2, -2, 0, 5, -1, 0, 9, -13 ],
[ 0, 1, 0, 0, 2, -2, 0, 5, 1, 0, 9, -15 ],
[ 0, 1, 0, 0, 2, -2, 0, 7, -1, 0, 7, -13 ],
[ 0, 1, 0, 0, 2, 0, 0, -2, 4, 6, 4, -14 ],
[ 0, 1, 0, 0, 2, 0, 0, -1, 3, -2, 15, -17 ],
[ 0, 1, 0, 0, 2, 0, 0, 1, 1, -2, 13, -15 ],
[ 0, 1, 0, 0, 2, 1, 0, -4, 7, 1, 6, -13 ],
[ 0, 1, 0, 0, 2, 1, 0, -2, 3, 1, 4, -9 ],
[ 0, 1, 0, 0, 2, 1, 2, -1, 2, 1, 7, -14 ],
[ 0, 1, 0, 0, 2, 2, 0, -3, 3, -4, 17, -17 ],
[ 0, 1, 0, 0, 2, 2, 0, -2, 2, 4, 4, -12 ],
[ 0, 1, 0, 0, 2, 4, 0, -4, 4, 2, 6, -14 ],
[ 0, 1, 0, 0, 2, 6, 0, -4, 2, 0, 6, -12 ],
[ 0, 1, 0, 0, 3, -5, -1, 12, -3, -1, 9, -14 ],
[ 0, 1, 0, 0, 3, -2, -1, 3, 3, 0, 6, -12 ],
[ 0, 1, 0, 0, 3, -2, -1, 5, -1, 0, 4, -8 ],
[ 0, 1, 0, 0, 3, -1, -1, 1, 2, 3, 8, -15 ],
[ 0, 1, 0, 0, 3, -1, -1, 2, 1, -5, 19, -18 ],
[ 0, 1, 0, 0, 3, -1, -1, 3, 0, 3, 6, -13 ],
[ 0, 1, 0, 0, 3, 0, -1, -3, 7, -2, 12, -16 ],
[ 0, 1, 0, 0, 3, 0, -1, -1, 3, -2, 10, -12 ],
[ 0, 1, 0, 0, 3, 1, -1, -1, 2, 1, 10, -15 ],
[ 0, 1, 0, 0, 3, 1, -1, 1, 0, 1, 8, -13 ],
[ 0, 1, 0, 0, 3, 1, -1, 3, 0, 1, 6, -13 ],
[ 0, 1, 0, 0, 3, 3, -1, -1, 2, -1, 10, -15 ],
[ 0, 1, 0, 0, 3, 3, -1, 1, 0, -1, 8, -13 ],
[ 0, 1, 0, 0, 7, 1, -3, -1, 2, 1, 6, -13 ],
[ 0, 1, 0, 1, -3, 0, 6, 1, 1, 1, 6, -13 ],
[ 0, 1, 0, 1, -2, -2, 3, 3, 1, 3, 7, -14 ],
[ 0, 1, 0, 1, -2, -2, 3, 5, -1, 3, 5, -12 ],
[ 0, 1, 0, 1, -2, -1, 5, 2, 1, -2, 12, -16 ],
[ 0, 1, 0, 1, -2, 0, 3, -1, 3, 1, 11, -16 ],
[ 0, 1, 0, 1, -2, 0, 3, 1, 1, 1, 9, -14 ],
[ 0, 1, 0, 1, -2, 0, 3, 3, 1, 1, 7, -14 ],
[ 0, 1, 0, 1, -2, 2, 3, -1, 1, -1, 11, -14 ],
[ 0, 1, 0, 1, -2, 2, 3, 1, 1, -1, 9, -14 ],
[ 0, 1, 0, 1, -1, -5, 2, 12, -3, 2, 5, -13 ],
[ 0, 1, 0, 1, -1, -3, 2, 8, -1, 0, 9, -15 ],
[ 0, 1, 0, 1, -1, -3, 2, 10, -3, 0, 7, -13 ],
[ 0, 1, 0, 1, -1, -1, 2, 1, 2, 6, 4, -14 ],
[ 0, 1, 0, 1, -1, -1, 2, 2, 1, -2, 15, -17 ],
[ 0, 1, 0, 1, -1, -1, 2, 4, -1, -2, 13, -15 ],
[ 0, 1, 0, 1, -1, 0, 2, -3, 7, 1, 8, -15 ],
[ 0, 1, 0, 1, -1, 0, 2, -1, 3, 1, 6, -11 ],
[ 0, 1, 0, 1, -1, 0, 2, -1, 5, 1, 6, -13 ],
[ 0, 1, 0, 1, -1, 0, 2, 1, 1, 1, 4, -9 ],
[ 0, 1, 0, 1, -1, 0, 4, 2, 0, 1, 7, -14 ],
[ 0, 1, 0, 1, -1, 1, 2, -2, 3, -4, 19, -19 ],
[ 0, 1, 0, 1, -1, 1, 2, -1, 2, 4, 6, -14 ],
[ 0, 1, 0, 1, -1, 1, 2, 0, 1, -4, 17, -17 ],
[ 0, 1, 0, 1, -1, 1, 2, 1, 0, 4, 4, -12 ],
[ 0, 1, 0, 1, -1, 3, 2, -1, 2, 2, 6, -14 ],
[ 0, 1, 0, 1, -1, 5, 2, -3, 2, 0, 8, -14 ],
[ 0, 1, 0, 1, -1, 5, 2, -1, 0, 0, 6, -12 ],
[ 0, 1, 0, 1, 0, -6, 1, 15, -5, -1, 9, -14 ],
[ 0, 1, 0, 1, 0, -3, 1, 6, 1, 0, 6, -12 ],
[ 0, 1, 0, 1, 0, -2, 1, 4, 0, 3, 8, -15 ],
[ 0, 1, 0, 1, 0, -2, 1, 5, -1, -5, 19, -18 ],
[ 0, 1, 0, 1, 0, -1, 1, 0, 5, -2, 12, -16 ],
[ 0, 1, 0, 1, 0, -1, 1, 2, 1, -2, 10, -12 ],
[ 0, 1, 0, 1, 0, 0, 1, 2, 0, 1, 10, -15 ],
[ 0, 1, 0, 1, 0, 0, 1, 6, -2, 1, 6, -13 ],
[ 0, 1, 0, 1, 0, 0, 3, -2, 4, 1, 6, -13 ],
[ 0, 1, 0, 1, 0, 2, 1, -2, 2, -1, 14, -17 ],
[ 0, 1, 0, 1, 0, 2, 1, 2, 0, -1, 10, -15 ],
[ 0, 1, 0, 1, 1, -3, 0, 7, -2, 0, 12, -16 ],
[ 0, 1, 0, 1, 1, -3, 0, 11, -4, 0, 8, -14 ],
[ 0, 1, 0, 1, 1, 0, 0, -2, 4, 1, 9, -14 ],
[ 0, 1, 0, 1, 1, 0, 0, 0, 2, 1, 7, -12 ],
[ 0, 1, 0, 1, 1, 0, 0, 0, 4, 1, 7, -14 ],
[ 0, 1, 0, 1, 1, 0, 0, 2, 0, 1, 5, -10 ],
[ 0, 1, 0, 1, 1, 1, 0, 1, 0, -4, 18, -18 ],
[ 0, 1, 0, 1, 1, 2, 0, -2, 2, -1, 9, -12 ],
[ 0, 1, 0, 1, 1, 2, 0, -2, 4, -1, 9, -14 ],
[ 0, 1, 0, 1, 1, 2, 0, 0, 0, -1, 7, -10 ],
[ 0, 1, 0, 1, 1, 3, 0, -2, 1, 2, 9, -15 ],
[ 0, 1, 0, 1, 1, 7, 0, -4, 1, -2, 11, -15 ],
[ 0, 1, 0, 1, 2, -3, -1, 7, -2, 0, 7, -11 ],
[ 0, 1, 0, 1, 2, -1, -1, 3, 0, -2, 11, -13 ],
[ 0, 1, 0, 1, 2, 0, -1, -2, 4, 1, 4, -9 ],
[ 0, 1, 0, 1, 2, 0, 1, -1, 3, 1, 7, -14 ],
[ 0, 1, 0, 1, 2, 3, -1, -2, 1, 2, 4, -10 ],
[ 0, 1, 0, 1, 4, 0, -1, 2, 0, 1, 6, -13 ],
[ 0, 1, 0, 1, 4, 2, -1, -2, 2, -1, 10, -15 ],
[ 0, 1, 0, 1, 5, -3, -2, 7, -2, 0, 8, -14 ],
[ 0, 1, 0, 2, -3, -1, 5, 1, 2, 1, 6, -13 ],
[ 0, 1, 0, 2, -2, -1, 2, 1, 2, 1, 9, -14 ],
[ 0, 1, 0, 2, -2, -1, 2, 3, 0, 1, 7, -12 ],
[ 0, 1, 0, 2, -2, -1, 2, 3, 2, 1, 7, -14 ],
[ 0, 1, 0, 2, -2, 1, 2, -1, 2, -1, 11, -14 ],
[ 0, 1, 0, 2, -2, 1, 2, 1, 0, -1, 9, -12 ],
[ 0, 1, 0, 2, -2, 1, 2, 1, 2, -1, 9, -14 ],
[ 0, 1, 0, 2, -1, -4, 1, 8, 0, 0, 9, -15 ],
[ 0, 1, 0, 2, -1, -4, 1, 10, -2, 0, 7, -13 ],
[ 0, 1, 0, 2, -1, -2, 1, 4, 0, -2, 13, -15 ],
[ 0, 1, 0, 2, -1, -1, 1, -1, 6, 1, 6, -13 ],
[ 0, 1, 0, 2, -1, -1, 1, 1, 2, 1, 4, -9 ],
[ 0, 1, 0, 2, -1, -1, 3, 2, 1, 1, 7, -14 ],
[ 0, 1, 0, 2, -1, 0, 1, -2, 4, -4, 19, -19 ],
[ 0, 1, 0, 2, -1, 0, 1, -1, 3, 4, 6, -14 ],
[ 0, 1, 0, 2, -1, 0, 1, 0, 2, -4, 17, -17 ],
[ 0, 1, 0, 2, -1, 0, 1, 1, 1, 4, 4, -12 ],
[ 0, 1, 0, 2, -1, 1, 3, 0, 1, -1, 9, -14 ],
[ 0, 1, 0, 2, -1, 2, 1, -1, 1, 2, 6, -12 ],
[ 0, 1, 0, 2, -1, 2, 1, -1, 3, 2, 6, -14 ],
[ 0, 1, 0, 2, -1, 4, 1, -3, 3, 0, 8, -14 ],
[ 0, 1, 0, 2, -1, 4, 1, -1, 1, 0, 6, -12 ],
[ 0, 1, 0, 2, 0, -1, 0, 2, 1, 1, 10, -15 ],
[ 0, 1, 0, 2, 0, -1, 0, 4, -1, 1, 8, -13 ],
[ 0, 1, 0, 2, 0, -1, 0, 6, -1, 1, 6, -13 ],
[ 0, 1, 0, 2, 0, 1, 0, -2, 3, -1, 14, -17 ],
[ 0, 1, 0, 2, 0, 1, 0, 0, 1, -1, 12, -15 ],
[ 0, 1, 0, 2, 0, 1, 0, 2, 1, -1, 10, -15 ],
[ 0, 1, 0, 2, 0, 1, 0, 4, -1, -1, 8, -13 ],
[ 0, 1, 0, 2, 0, 3, 0, -2, 1, -3, 14, -15 ],
[ 0, 1, 0, 2, 4, -1, -2, 2, 1, 1, 6, -13 ],
[ 0, 1, 0, 2, 4, 1, -2, -2, 3, -1, 10, -15 ],
[ 0, 1, 0, 3, -4, -2, 5, 5, -1, 1, 7, -14 ],
[ 0, 1, 0, 3, -2, -5, 1, 14, -5, 0, 8, -14 ],
[ 0, 1, 0, 3, -2, -2, 1, 3, 3, 1, 7, -14 ],
[ 0, 1, 0, 3, -2, -2, 1, 5, -1, 1, 5, -10 ],
[ 0, 1, 0, 3, -2, -1, 1, 4, -1, -4, 18, -18 ],
[ 0, 1, 0, 3, -2, 0, 1, -1, 3, -1, 11, -14 ],
[ 0, 1, 0, 3, -2, 0, 1, 1, 1, -1, 9, -12 ],
[ 0, 1, 0, 3, -2, 0, 1, 1, 3, -1, 9, -14 ],
[ 0, 1, 0, 3, -2, 0, 1, 3, -1, -1, 7, -10 ],
[ 0, 1, 0, 3, -2, 1, 1, 1, 0, 2, 9, -15 ],
[ 0, 1, 0, 3, -2, 5, 1, -1, 0, -2, 11, -15 ],
[ 0, 1, 0, 3, -1, 0, 2, 0, 2, -1, 9, -14 ],
[ 0, 1, 0, 3, -1, 1, 0, -1, 2, 2, 6, -12 ],
[ 0, 1, 0, 3, -1, 1, 0, 1, 0, 2, 4, -10 ],
[ 0, 1, 0, 3, 0, 1, 1, -2, 3, 2, 6, -14 ],
[ 0, 1, 0, 3, 0, 3, 1, -2, 1, 0, 6, -12 ],
[ 0, 1, 0, 3, 1, -2, 0, 5, -1, 1, 6, -13 ],
[ 0, 1, 0, 3, 1, 0, 0, 1, 1, -1, 10, -15 ],
[ 0, 1, 0, 4, -4, -1, 4, 3, 0, -1, 9, -14 ],
[ 0, 1, 0, 4, -3, 2, 3, -1, 1, 0, 8, -14 ],
[ 0, 1, 0, 4, 0, 0, 0, -2, 4, 2, 6, -14 ],
[ 0, 1, 0, 4, 0, 2, 0, -2, 2, 0, 6, -12 ],
[ 0, 1, 0, 4, 1, -1, -1, 1, 2, -1, 10, -15 ],
[ 0, 1, 0, 5, -3, -1, 2, 1, 2, 2, 6, -14 ],
[ 0, 1, 0, 5, -3, 1, 2, -1, 2, 0, 8, -14 ],
[ 0, 1, 0, 5, -3, 1, 2, 1, 0, 0, 6, -12 ],
[ 0, 1, 0, 5, -2, -2, 1, 4, 0, -1, 10, -15 ],
[ 0, 1, 0, 5, -1, 3, 0, -2, 1, -2, 11, -15 ],
[ 0, 1, 0, 6, -3, 0, 1, -1, 3, 0, 8, -14 ],
[ 0, 1, 0, 6, -3, 0, 1, 1, 1, 0, 6, -12 ],
[ 0, 1, 0, 7, -4, 1, 1, 1, 0, -2, 11, -15 ],
[ 0, 1, 1, -5, 12, 1, -4, -1, 1, 2, 5, -12 ],
[ 0, 1, 1, -5, 13, 0, -5, 0, 1, -1, 11, -15 ],
[ 0, 1, 1, -4, 9, 0, -2, 0, 1, 2, 7, -14 ],
[ 0, 1, 1, -4, 10, 1, -3, -1, 1, -3, 15, -17 ],
[ 0, 1, 1, -3, 7, 1, -1, -1, 1, 0, 6, -11 ],
[ 0, 1, 1, -3, 9, -1, -3, 2, 0, 2, 5, -12 ],
[ 0, 1, 1, -3, 10, 0, -4, -1, 2, -3, 15, -17 ],
[ 0, 1, 1, -2, 4, 0, 1, 0, 1, 0, 8, -13 ],
[ 0, 1, 1, -2, 7, -1, -2, 2, 0, -3, 15, -17 ],
[ 0, 1, 1, -2, 7, 0, -2, -1, 2, 0, 6, -11 ],
[ 0, 1, 1, -2, 7, 1, -2, -1, 1, 3, 6, -14 ],
[ 0, 1, 1, -1, 1, 1, 3, -1, 1, -2, 12, -15 ],
[ 0, 1, 1, -1, 2, -3, 0, 7, -1, 2, 7, -14 ],
[ 0, 1, 1, -1, 2, -3, 0, 9, -3, 2, 5, -12 ],
[ 0, 1, 1, -1, 2, -1, 0, 5, -1, 0, 9, -14 ],
[ 0, 1, 1, -1, 2, 1, 0, -1, 1, -2, 15, -16 ],
[ 0, 1, 1, -1, 2, 1, 0, 1, 1, -2, 13, -16 ],
[ 0, 1, 1, -1, 2, 1, 0, 3, -1, -2, 11, -14 ],
[ 0, 1, 1, -1, 3, -4, -1, 10, -3, -1, 11, -15 ],
[ 0, 1, 1, -1, 3, -2, -1, 6, -1, -3, 15, -17 ],
[ 0, 1, 1, -1, 3, -1, -1, 1, 3, 0, 8, -13 ],
[ 0, 1, 1, -1, 3, -1, -1, 3, 1, 0, 6, -11 ],
[ 0, 1, 1, -1, 3, 0, -1, -1, 2, 3, 10, -16 ],
[ 0, 1, 1, -1, 3, 0, -1, 0, 1, -5, 21, -19 ],
[ 0, 1, 1, -1, 3, 0, -1, 3, 0, 3, 6, -14 ],
[ 0, 1, 1, -1, 3, 1, -1, -3, 5, -2, 12, -15 ],
[ 0, 1, 1, -1, 3, 1, -1, -1, 1, -2, 10, -11 ],
[ 0, 1, 1, -1, 3, 2, -1, 1, 0, 1, 8, -14 ],
[ 0, 1, 1, -1, 3, 4, -1, -3, 2, -1, 12, -16 ],
[ 0, 1, 1, -1, 4, -1, 0, 2, 0, 0, 6, -11 ],
[ 0, 1, 1, -1, 6, 1, -2, -1, 1, -2, 11, -14 ],
[ 0, 1, 1, -1, 7, 0, -3, -1, 2, 3, 6, -14 ],
[ 0, 1, 1, 0, -3, 1, 6, -1, 1, 1, 8, -14 ],
[ 0, 1, 1, 0, -1, -4, 2, 10, -3, 2, 7, -14 ],
[ 0, 1, 1, 0, -1, 0, 2, 0, 1, -2, 17, -18 ],
[ 0, 1, 1, 0, -1, 0, 2, 4, -1, -2, 13, -16 ],
[ 0, 1, 1, 0, -1, 1, 2, -3, 5, 1, 8, -14 ],
[ 0, 1, 1, 0, -1, 1, 2, -1, 1, 1, 6, -10 ],
[ 0, 1, 1, 0, -1, 1, 2, -1, 3, 1, 6, -12 ],
[ 0, 1, 1, 0, -1, 3, 2, -3, 3, -1, 8, -12 ],
[ 0, 1, 1, 0, 0, -3, 1, 9, -3, -3, 15, -17 ],
[ 0, 1, 1, 0, 0, -2, 1, 4, 1, 0, 8, -13 ],
[ 0, 1, 1, 0, 0, -2, 1, 6, -1, 0, 6, -11 ],
[ 0, 1, 1, 0, 0, -1, 1, 2, 0, 3, 10, -16 ],
[ 0, 1, 1, 0, 0, -1, 1, 6, -2, 3, 6, -14 ],
[ 0, 1, 1, 0, 0, 0, 1, -2, 5, -2, 14, -17 ],
[ 0, 1, 1, 0, 0, 0, 1, 0, 1, -2, 12, -13 ],
[ 0, 1, 1, 0, 0, 0, 1, 0, 3, -2, 12, -15 ],
[ 0, 1, 1, 0, 0, 1, 1, -1, 1, -7, 25, -21 ],
[ 0, 1, 1, 0, 0, 3, 1, 0, 0, -1, 12, -16 ],
[ 0, 1, 1, 0, 1, -1, 0, 2, 0, 3, 5, -11 ],
[ 0, 1, 1, 0, 1, -1, 0, 2, 2, 3, 5, -13 ],
[ 0, 1, 1, 0, 1, 0, 2, -1, 2, -2, 12, -15 ],
[ 0, 1, 1, 0, 1, 1, 0, -2, 4, 1, 9, -15 ],
[ 0, 1, 1, 0, 1, 1, 0, 0, 2, 1, 7, -13 ],
[ 0, 1, 1, 0, 1, 1, 0, 2, 0, 1, 5, -11 ],
[ 0, 1, 1, 0, 1, 3, 0, -2, 2, -1, 9, -13 ],
[ 0, 1, 1, 0, 1, 3, 0, 0, 0, -1, 7, -11 ],
[ 0, 1, 1, 0, 2, 1, 1, -1, 1, 1, 7, -13 ],
[ 0, 1, 1, 0, 3, 0, 0, 0, 1, -2, 13, -16 ],
[ 0, 1, 1, 0, 4, -1, -1, 2, 0, 3, 6, -14 ],
[ 0, 1, 1, 1, -3, 0, 5, -1, 2, 1, 8, -14 ],
[ 0, 1, 1, 1, -2, -1, 4, 2, 0, -2, 12, -15 ],
[ 0, 1, 1, 1, -1, -5, 1, 12, -4, 2, 5, -12 ],
[ 0, 1, 1, 1, -1, -3, 1, 8, -2, 0, 9, -14 ],
[ 0, 1, 1, 1, -1, -1, 1, 1, 1, 6, 4, -13 ],
[ 0, 1, 1, 1, -1, -1, 1, 2, 0, -2, 15, -16 ],
[ 0, 1, 1, 1, -1, -1, 1, 4, 0, -2, 13, -16 ],
[ 0, 1, 1, 1, -1, -1, 1, 6, -2, -2, 11, -14 ],
[ 0, 1, 1, 1, -1, 0, 1, -3, 6, 1, 8, -14 ],
[ 0, 1, 1, 1, -1, 0, 1, -1, 2, 1, 6, -10 ],
[ 0, 1, 1, 1, -1, 0, 1, -1, 4, 1, 6, -12 ],
[ 0, 1, 1, 1, -1, 0, 1, 1, 0, 1, 4, -8 ],
[ 0, 1, 1, 1, -1, 0, 3, 0, 1, 1, 9, -15 ],
[ 0, 1, 1, 1, -1, 1, 1, -2, 2, -4, 19, -18 ],
[ 0, 1, 1, 1, -1, 1, 1, -1, 1, 4, 6, -13 ],
[ 0, 1, 1, 1, -1, 2, 1, -3, 4, -1, 8, -12 ],
[ 0, 1, 1, 1, -1, 3, 1, -1, 1, 2, 6, -13 ],
[ 0, 1, 1, 1, -1, 5, 1, -3, 1, 0, 8, -13 ],
[ 0, 1, 1, 1, 0, -4, 0, 9, -2, -3, 15, -17 ],
[ 0, 1, 1, 1, 0, -3, 0, 6, 0, 0, 6, -11 ],
[ 0, 1, 1, 1, 0, -2, 0, 6, -1, 3, 6, -14 ],
[ 0, 1, 1, 1, 0, -1, 0, 0, 4, -2, 12, -15 ],
[ 0, 1, 1, 1, 0, -1, 0, 2, 0, -2, 10, -11 ],
[ 0, 1, 1, 1, 0, 0, 0, -1, 2, -7, 25, -21 ],
[ 0, 1, 1, 1, 0, 0, 0, 0, 1, 1, 12, -16 ],
[ 0, 1, 1, 1, 0, 0, 0, 4, -1, 1, 8, -14 ],
[ 0, 1, 1, 1, 0, 2, 0, 0, 1, -1, 12, -16 ],
[ 0, 1, 1, 1, 0, 4, 0, -2, 1, -3, 14, -16 ],
[ 0, 1, 1, 1, 2, 0, 0, -1, 2, 1, 7, -13 ],
[ 0, 1, 1, 1, 3, -1, -1, 2, 0, -2, 11, -14 ],
[ 0, 1, 1, 1, 4, 0, -2, 0, 1, 1, 8, -14 ],
[ 0, 1, 1, 2, -3, 1, 4, -1, 1, -1, 8, -12 ],
[ 0, 1, 1, 2, -1, -1, 2, 2, 0, 1, 7, -13 ],
[ 0, 1, 1, 2, 1, 1, 0, -1, 1, -1, 12, -16 ],
[ 0, 1, 1, 3, -3, 0, 3, -1, 2, -1, 8, -12 ],
[ 0, 1, 1, 3, -1, 0, 1, 0, 1, -1, 9, -13 ],
[ 0, 1, 1, 3, 1, 0, -1, -1, 2, -1, 12, -16 ],
[ 0, 1, 1, 4, -2, -1, 1, 2, 0, -1, 12, -16 ],
[ 0, 1, 1, 5, -3, 1, 1, -1, 1, 0, 8, -13 ],
[ 0, 1, 1, 5, -2, 0, 0, 0, 1, -3, 14, -16 ],
[ 0, 1, 2, -3, 7, 1, -2, -1, 2, 0, 6, -12 ],
[ 0, 1, 2, -2, 4, 0, 0, 0, 2, 0, 8, -14 ],
[ 0, 1, 2, -2, 4, 0, 0, 2, 0, 0, 6, -12 ],
[ 0, 1, 2, -1, 1, -1, 2, 3, 0, 0, 8, -14 ],
[ 0, 1, 2, -1, 2, 2, 1, -1, 1, 1, 7, -14 ],
[ 0, 1, 2, -1, 4, -1, -1, 2, 1, 0, 6, -12 ],
[ 0, 1, 2, 0, 0, 1, 2, -2, 3, 1, 6, -13 ],
[ 0, 1, 2, 0, 1, -2, 1, 5, -1, 0, 6, -12 ],
[ 0, 1, 2, 0, 1, 0, 1, -1, 3, -2, 12, -16 ],
[ 0, 1, 2, 0, 2, 1, 0, -1, 2, 1, 7, -14 ],
[ 0, 1, 2, 1, -1, 0, 2, 2, 0, 1, 7, -14 ],
[ 0, 1, 2, 1, 0, 0, 1, -2, 4, 1, 6, -13 ],
[ 0, 1, 2, 1, 2, 0, -1, -1, 3, 1, 7, -14 ],
[ 0, 1, 2, 2, -1, -1, 1, 2, 1, 1, 7, -14 ],
[ 0, 1, 2, 2, -1, 1, 1, 0, 1, -1, 9, -14 ],
[ 0, 1, 2, 3, -1, 0, 0, 0, 2, -1, 9, -14 ],
[ 0, 1, 3, 0, 1, 0, 0, -1, 2, -2, 12, -15 ],
[ 0, 1, 3, 1, -1, 0, 1, 0, 1, 1, 9, -15 ],
[ 0, 1, 4, 0, 0, 1, 0, -2, 3, 1, 6, -13 ],
[ 0, 2, -1, -6, 15, -1, -5, 2, 1, 1, 6, -13 ],
[ 0, 2, -1, -6, 15, 1, -5, -2, 3, -1, 10, -15 ],
[ 0, 2, -1, -5, 11, 1, -2, -2, 3, 2, 6, -14 ],
[ 0, 2, -1, -5, 11, 3, -2, -2, 1, 0, 6, -12 ],
[ 0, 2, -1, -5, 12, -2, -3, 5, -1, 1, 6, -13 ],
[ 0, 2, -1, -5, 12, 0, -3, 1, 1, -1, 10, -15 ],
[ 0, 2, -1, -4, 8, 2, 0, -1, 1, 0, 8, -14 ],
[ 0, 2, -1, -4, 11, 0, -3, -2, 4, 2, 6, -14 ],
[ 0, 2, -1, -4, 11, 2, -3, -2, 2, 0, 6, -12 ],
[ 0, 2, -1, -4, 12, -1, -4, 1, 2, -1, 10, -15 ],
[ 0, 2, -1, -4, 13, 2, -5, -1, 1, 0, 7, -13 ],
[ 0, 2, -1, -3, 6, 1, 1, -2, 3, 0, 7, -13 ],
[ 0, 2, -1, -3, 7, -1, -2, 2, 1, 2, 6, -12 ],
[ 0, 2, -1, -3, 7, -1, -2, 2, 3, 2, 6, -14 ],
[ 0, 2, -1, -3, 7, -1, -2, 4, -1, 2, 4, -10 ],
[ 0, 2, -1, -3, 7, 1, -2, -2, 3, 0, 10, -14 ],
[ 0, 2, -1, -3, 7, 1, -2, 0, 1, 0, 8, -12 ],
[ 0, 2, -1, -3, 7, 1, -2, 0, 3, 0, 8, -14 ],
[ 0, 2, -1, -3, 7, 1, -2, 2, 1, 0, 6, -12 ],
[ 0, 2, -1, -3, 7, 3, -2, -4, 5, -2, 12, -16 ],
[ 0, 2, -1, -3, 7, 3, -2, -2, 1, -2, 10, -12 ],
[ 0, 2, -1, -3, 8, -1, -1, 1, 2, 2, 6, -14 ],
[ 0, 2, -1, -3, 8, 1, -3, -2, 3, 0, 5, -9 ],
[ 0, 2, -1, -3, 8, 1, -1, -1, 2, 0, 8, -14 ],
[ 0, 2, -1, -3, 8, 1, -1, 1, 0, 0, 6, -12 ],
[ 0, 2, -1, -3, 9, -2, -2, 4, 0, -1, 10, -15 ],
[ 0, 2, -1, -3, 11, 1, -4, -2, 3, 0, 6, -12 ],
[ 0, 2, -1, -2, 3, 0, 3, -1, 3, 0, 9, -15 ],
[ 0, 2, -1, -2, 3, 0, 3, 1, 1, 0, 7, -13 ],
[ 0, 2, -1, -2, 4, -2, 0, 5, -1, 2, 6, -12 ],
[ 0, 2, -1, -2, 4, -2, 0, 5, 1, 2, 6, -14 ],
[ 0, 2, -1, -2, 4, 0, 0, -1, 3, 0, 12, -16 ],
[ 0, 2, -1, -2, 4, 0, 0, 1, 1, 0, 10, -14 ],
[ 0, 2, -1, -2, 4, 0, 0, 3, 1, 0, 8, -14 ],
[ 0, 2, -1, -2, 4, 0, 0, 5, -1, 0, 6, -12 ],
[ 0, 2, -1, -2, 4, 2, 0, -1, 1, -2, 12, -14 ],
[ 0, 2, -1, -2, 4, 2, 0, -1, 3, -2, 12, -16 ],
[ 0, 2, -1, -2, 5, -5, -1, 12, -3, 1, 6, -13 ],
[ 0, 2, -1, -2, 5, -3, -1, 8, -1, -1, 10, -15 ],
[ 0, 2, -1, -2, 5, -1, -1, 1, 2, 5, 5, -14 ],
[ 0, 2, -1, -2, 5, -1, -1, 2, 1, -3, 16, -17 ],
[ 0, 2, -1, -2, 5, -1, -1, 4, -1, -3, 14, -15 ],
[ 0, 2, -1, -2, 5, 0, -1, -3, 7, 0, 9, -15 ],
[ 0, 2, -1, -2, 5, 0, -1, -1, 3, 0, 7, -11 ],
[ 0, 2, -1, -2, 5, 0, -1, -1, 5, 0, 7, -13 ],
[ 0, 2, -1, -2, 5, 0, -1, 1, 1, 0, 5, -9 ],
[ 0, 2, -1, -2, 5, 0, 1, 2, 0, 0, 8, -14 ],
[ 0, 2, -1, -2, 5, 1, -1, -2, 3, -5, 20, -19 ],
[ 0, 2, -1, -2, 5, 1, -1, -1, 2, 3, 7, -14 ],
[ 0, 2, -1, -2, 5, 1, -1, 1, 0, 3, 5, -12 ],
[ 0, 2, -1, -2, 5, 3, -1, -1, 2, 1, 7, -14 ],
[ 0, 2, -1, -2, 5, 5, -1, -3, 2, -1, 9, -14 ],
[ 0, 2, -1, -2, 6, -2, -2, 4, 0, 2, 9, -15 ],
[ 0, 2, -1, -2, 6, -2, -2, 8, -2, 2, 5, -13 ],
[ 0, 2, -1, -2, 6, 0, -2, 2, 0, 0, 11, -15 ],
[ 0, 2, -1, -2, 6, 0, -2, 6, -2, 0, 7, -13 ],
[ 0, 2, -1, -2, 6, 0, 0, -2, 4, 0, 7, -13 ],
[ 0, 2, -1, -2, 6, 2, -2, -2, 2, -2, 15, -17 ],
[ 0, 2, -1, -2, 6, 2, -2, 2, 0, -2, 11, -15 ],
[ 0, 2, -1, -2, 8, 0, -2, -1, 3, 0, 8, -14 ],
[ 0, 2, -1, -2, 8, 0, -2, 1, 1, 0, 6, -12 ],
[ 0, 2, -1, -2, 10, 0, -4, 2, 0, 0, 7, -13 ],
[ 0, 2, -1, -1, 0, -1, 5, 2, 1, 0, 9, -15 ],
[ 0, 2, -1, -1, 0, -1, 5, 4, -1, 0, 7, -13 ],
[ 0, 2, -1, -1, 1, -3, 2, 8, -1, 2, 6, -14 ],
[ 0, 2, -1, -1, 1, -1, 2, 2, 1, 0, 12, -16 ],
[ 0, 2, -1, -1, 1, -1, 2, 4, -1, 0, 10, -14 ],
[ 0, 2, -1, -1, 1, -1, 2, 6, -1, 0, 8, -14 ],
[ 0, 2, -1, -1, 1, -1, 2, 8, -3, 0, 6, -12 ],
[ 0, 2, -1, -1, 1, 1, 2, -2, 3, -2, 16, -18 ],
[ 0, 2, -1, -1, 1, 1, 2, 0, 1, -2, 14, -16 ],
[ 0, 2, -1, -1, 1, 1, 2, 2, 1, -2, 12, -16 ],
[ 0, 2, -1, -1, 1, 3, 2, -2, 1, -4, 16, -16 ],
[ 0, 2, -1, -1, 2, -6, 1, 15, -5, 1, 6, -13 ],
[ 0, 2, -1, -1, 2, -4, 1, 11, -3, -1, 10, -15 ],
[ 0, 2, -1, -1, 2, -2, 1, 4, 0, 5, 5, -14 ],
[ 0, 2, -1, -1, 2, -2, 1, 5, -1, -3, 16, -17 ],
[ 0, 2, -1, -1, 2, -1, 1, 0, 5, 0, 9, -15 ],
[ 0, 2, -1, -1, 2, -1, 1, 2, 1, 0, 7, -11 ],
[ 0, 2, -1, -1, 2, -1, 1, 2, 3, 0, 7, -13 ],
[ 0, 2, -1, -1, 2, -1, 1, 4, -1, 0, 5, -9 ],
[ 0, 2, -1, -1, 2, 0, 1, 1, 1, -5, 20, -19 ],
[ 0, 2, -1, -1, 2, 0, 1, 2, 0, 3, 7, -14 ],
[ 0, 2, -1, -1, 2, 1, 1, -2, 3, -2, 11, -13 ],
[ 0, 2, -1, -1, 2, 2, 1, -2, 2, 1, 11, -16 ],
[ 0, 2, -1, -1, 2, 2, 1, 2, 0, 1, 7, -14 ],
[ 0, 2, -1, -1, 2, 4, 1, 0, 0, -1, 9, -14 ],
[ 0, 2, -1, -1, 3, -1, 2, 1, 2, 0, 7, -13 ],
[ 0, 2, -1, -1, 3, 0, 0, -2, 4, 3, 6, -13 ],
[ 0, 2, -1, -1, 3, 0, 0, 0, 2, 3, 4, -11 ],
[ 0, 2, -1, -1, 3, 2, 0, -2, 2, 1, 6, -11 ],
[ 0, 2, -1, -1, 3, 2, 0, -2, 4, 1, 6, -13 ],
[ 0, 2, -1, -1, 3, 4, 0, -4, 4, -1, 8, -13 ],
[ 0, 2, -1, -1, 4, -3, -1, 5, 2, 2, 6, -14 ],
[ 0, 2, -1, -1, 4, -3, -1, 7, -2, 2, 4, -10 ],
[ 0, 2, -1, -1, 4, -1, -1, 1, 2, 0, 10, -14 ],
[ 0, 2, -1, -1, 4, -1, -1, 3, 0, 0, 8, -12 ],
[ 0, 2, -1, -1, 4, -1, -1, 3, 2, 0, 8, -14 ],
[ 0, 2, -1, -1, 4, -1, -1, 5, 0, 0, 6, -12 ],
[ 0, 2, -1, -1, 4, 1, -1, -1, 2, -2, 12, -14 ],
[ 0, 2, -1, -1, 4, 1, -1, -1, 4, -2, 12, -16 ],
[ 0, 2, -1, -1, 4, 1, -1, 1, 0, -2, 10, -12 ],
[ 0, 2, -1, -1, 5, -1, -2, 1, 2, 0, 5, -9 ],
[ 0, 2, -1, -1, 5, -1, 0, 2, 1, 0, 8, -14 ],
[ 0, 2, -1, -1, 5, -1, 0, 4, -1, 0, 6, -12 ],
[ 0, 2, -1, -1, 5, 1, 0, -2, 3, -2, 12, -16 ],
[ 0, 2, -1, -1, 6, 2, -1, -2, 2, 1, 7, -14 ],
[ 0, 2, -1, -1, 8, -1, -3, 1, 2, 0, 6, -12 ],
[ 0, 2, -1, 0, -4, 1, 8, 0, 1, 1, 7, -14 ],
[ 0, 2, -1, 0, -4, 3, 8, -2, 1, -1, 9, -14 ],
[ 0, 2, -1, 0, -3, -2, 7, 5, -1, 0, 9, -15 ],
[ 0, 2, -1, 0, -2, -2, 4, 5, -1, 0, 12, -16 ],
[ 0, 2, -1, 0, -2, -2, 4, 9, -3, 0, 8, -14 ],
[ 0, 2, -1, 0, -2, 1, 4, -2, 3, 1, 7, -12 ],
[ 0, 2, -1, 0, -2, 1, 4, -2, 5, 1, 7, -14 ],
[ 0, 2, -1, 0, -2, 1, 4, 0, 1, 1, 5, -10 ],
[ 0, 2, -1, 0, -2, 2, 4, -1, 1, -4, 18, -18 ],
[ 0, 2, -1, 0, -2, 3, 4, -4, 5, -1, 9, -14 ],
[ 0, 2, -1, 0, -2, 3, 4, -2, 1, -1, 7, -10 ],
[ 0, 2, -1, 0, -1, -2, 3, 3, 3, 0, 9, -15 ],
[ 0, 2, -1, 0, -1, -2, 3, 5, -1, 0, 7, -11 ],
[ 0, 2, -1, 0, -1, -2, 3, 5, 1, 0, 7, -13 ],
[ 0, 2, -1, 0, -1, 0, 3, -1, 3, -2, 13, -15 ],
[ 0, 2, -1, 0, -1, 0, 3, 1, 1, -2, 11, -13 ],
[ 0, 2, -1, 0, 0, -2, 4, 4, 0, 0, 7, -13 ],
[ 0, 2, -1, 0, 0, -1, 2, 1, 2, 3, 6, -13 ],
[ 0, 2, -1, 0, 0, -1, 2, 3, 0, 3, 4, -11 ],
[ 0, 2, -1, 0, 0, 1, 2, -1, 2, 1, 8, -13 ],
[ 0, 2, -1, 0, 0, 1, 2, 1, 0, 1, 6, -11 ],
[ 0, 2, -1, 0, 0, 1, 2, 1, 2, 1, 6, -13 ],
[ 0, 2, -1, 0, 0, 3, 2, -3, 4, -1, 10, -15 ],
[ 0, 2, -1, 0, 0, 3, 2, -1, 2, -1, 8, -13 ],
[ 0, 2, -1, 0, 1, -4, 1, 8, 0, 2, 6, -14 ],
[ 0, 2, -1, 0, 1, -2, 1, 4, 0, 0, 10, -14 ],
[ 0, 2, -1, 0, 1, -2, 1, 6, 0, 0, 8, -14 ],
[ 0, 2, -1, 0, 1, -2, 1, 8, -2, 0, 6, -12 ],
[ 0, 2, -1, 0, 1, 0, 1, -2, 4, -2, 16, -18 ],
[ 0, 2, -1, 0, 1, 0, 1, 0, 2, -2, 14, -16 ],
[ 0, 2, -1, 0, 1, 0, 1, 2, 0, -2, 12, -14 ],
[ 0, 2, -1, 0, 1, 0, 1, 2, 2, -2, 12, -16 ],
[ 0, 2, -1, 0, 1, 1, 3, 0, 1, 1, 6, -13 ],
[ 0, 2, -1, 0, 1, 2, 1, -2, 2, -4, 16, -16 ],
[ 0, 2, -1, 0, 2, -5, 0, 11, -2, -1, 10, -15 ],
[ 0, 2, -1, 0, 2, -3, 0, 7, -2, -3, 14, -15 ],
[ 0, 2, -1, 0, 2, -2, 0, 2, 4, 0, 7, -13 ],
[ 0, 2, -1, 0, 2, -2, 0, 4, 0, 0, 5, -9 ],
[ 0, 2, -1, 0, 2, -2, 2, 5, -1, 0, 8, -14 ],
[ 0, 2, -1, 0, 2, -1, 0, 1, 2, -5, 20, -19 ],
[ 0, 2, -1, 0, 2, -1, 0, 2, 1, 3, 7, -14 ],
[ 0, 2, -1, 0, 2, -1, 0, 4, -1, 3, 5, -12 ],
[ 0, 2, -1, 0, 2, 0, 0, -2, 4, -2, 11, -13 ],
[ 0, 2, -1, 0, 2, 1, 0, -2, 3, 1, 11, -16 ],
[ 0, 2, -1, 0, 2, 1, 0, 0, 1, 1, 9, -14 ],
[ 0, 2, -1, 0, 2, 1, 0, 2, 1, 1, 7, -14 ],
[ 0, 2, -1, 0, 2, 3, 0, -2, 1, -1, 11, -14 ],
[ 0, 2, -1, 0, 2, 3, 0, 0, 1, -1, 9, -14 ],
[ 0, 2, -1, 0, 3, -4, -1, 11, -3, 2, 5, -13 ],
[ 0, 2, -1, 0, 3, -2, -1, 5, -1, 0, 11, -15 ],
[ 0, 2, -1, 0, 3, -2, -1, 9, -3, 0, 7, -13 ],
[ 0, 2, -1, 0, 3, 0, -1, 1, 1, -2, 15, -17 ],
[ 0, 2, -1, 0, 3, 1, -1, -2, 3, 1, 6, -11 ],
[ 0, 2, -1, 0, 3, 1, -1, -2, 5, 1, 6, -13 ],
[ 0, 2, -1, 0, 3, 1, -1, 0, 1, 1, 4, -9 ],
[ 0, 2, -1, 0, 3, 2, -1, -2, 2, 4, 6, -14 ],
[ 0, 2, -1, 0, 3, 2, -1, -1, 1, -4, 17, -17 ],
[ 0, 2, -1, 0, 3, 6, -1, -4, 2, 0, 8, -14 ],
[ 0, 2, -1, 0, 5, -2, -1, 4, 0, 0, 6, -12 ],
[ 0, 2, -1, 0, 5, 0, -1, -2, 4, -2, 12, -16 ],
[ 0, 2, -1, 0, 6, 1, -2, -2, 3, 1, 7, -14 ],
[ 0, 2, -1, 0, 7, -2, -3, 5, -1, 0, 7, -13 ],
[ 0, 2, -1, 1, -4, 0, 7, 0, 2, 1, 7, -14 ],
[ 0, 2, -1, 1, -4, 2, 7, -2, 2, -1, 9, -14 ],
[ 0, 2, -1, 1, -3, -3, 6, 7, -2, 0, 7, -13 ],
[ 0, 2, -1, 1, -2, -5, 3, 11, -2, 2, 6, -14 ],
[ 0, 2, -1, 1, -2, -3, 3, 7, -2, 0, 10, -14 ],
[ 0, 2, -1, 1, -2, -3, 3, 9, -2, 0, 8, -14 ],
[ 0, 2, -1, 1, -2, -3, 3, 11, -4, 0, 6, -12 ],
[ 0, 2, -1, 1, -2, -1, 3, 1, 2, -2, 16, -18 ],
[ 0, 2, -1, 1, -2, -1, 3, 3, 0, -2, 14, -16 ],
[ 0, 2, -1, 1, -2, -1, 3, 5, 0, -2, 12, -16 ],
[ 0, 2, -1, 1, -2, 0, 3, -2, 4, 1, 7, -12 ],
[ 0, 2, -1, 1, -2, 0, 3, -2, 6, 1, 7, -14 ],
[ 0, 2, -1, 1, -2, 0, 3, 0, 2, 1, 5, -10 ],
[ 0, 2, -1, 1, -2, 1, 3, -2, 3, 4, 7, -15 ],
[ 0, 2, -1, 1, -2, 1, 3, -1, 2, -4, 18, -18 ],
[ 0, 2, -1, 1, -2, 1, 3, 0, 1, 4, 5, -13 ],
[ 0, 2, -1, 1, -2, 1, 3, 1, 0, -4, 16, -16 ],
[ 0, 2, -1, 1, -2, 2, 3, -4, 6, -1, 9, -14 ],
[ 0, 2, -1, 1, -2, 2, 3, -2, 2, -1, 7, -10 ],
[ 0, 2, -1, 1, -2, 2, 5, -1, 1, -1, 10, -15 ],
[ 0, 2, -1, 1, -2, 3, 3, -2, 1, 2, 7, -13 ],
[ 0, 2, -1, 1, -2, 5, 3, -4, 3, 0, 9, -15 ],
[ 0, 2, -1, 1, -2, 5, 3, -2, 1, 0, 7, -13 ],
[ 0, 2, -1, 1, -1, -6, 2, 14, -4, -1, 10, -15 ],
[ 0, 2, -1, 1, -1, -3, 2, 5, 2, 0, 7, -13 ],
[ 0, 2, -1, 1, -1, -3, 2, 7, -2, 0, 5, -9 ],
[ 0, 2, -1, 1, -1, -2, 2, 4, 0, -5, 20, -19 ],
[ 0, 2, -1, 1, -1, -2, 2, 5, -1, 3, 7, -14 ],
[ 0, 2, -1, 1, -1, -1, 2, 1, 2, -2, 11, -13 ],
[ 0, 2, -1, 1, -1, 0, 2, 1, 1, 1, 11, -16 ],
[ 0, 2, -1, 1, -1, 0, 2, 5, -1, 1, 7, -14 ],
[ 0, 2, -1, 1, -1, 2, 2, -1, 1, -1, 13, -16 ],
[ 0, 2, -1, 1, -1, 2, 2, 3, -1, -1, 9, -14 ],
[ 0, 2, -1, 1, 0, 0, 1, -1, 3, 1, 8, -13 ],
[ 0, 2, -1, 1, 0, 0, 1, 1, 1, 1, 6, -11 ],
[ 0, 2, -1, 1, 0, 0, 1, 1, 3, 1, 6, -13 ],
[ 0, 2, -1, 1, 0, 2, 1, -3, 5, -1, 10, -15 ],
[ 0, 2, -1, 1, 0, 2, 1, -1, 1, -1, 8, -11 ],
[ 0, 2, -1, 1, 1, -3, 0, 6, 1, 0, 8, -14 ],
[ 0, 2, -1, 1, 1, -3, 0, 8, -1, 0, 6, -12 ],
[ 0, 2, -1, 1, 1, -1, 0, 2, 1, -2, 12, -14 ],
[ 0, 2, -1, 1, 1, -1, 0, 2, 3, -2, 12, -16 ],
[ 0, 2, -1, 1, 1, -1, 0, 4, -1, -2, 10, -12 ],
[ 0, 2, -1, 1, 1, 0, 2, 0, 2, 1, 6, -13 ],
[ 0, 2, -1, 1, 1, 1, 0, -2, 3, -4, 16, -16 ],
[ 0, 2, -1, 1, 2, -3, 1, 7, -2, 0, 6, -12 ],
[ 0, 2, -1, 1, 2, -1, 1, 1, 2, -2, 12, -16 ],
[ 0, 2, -1, 1, 3, 0, 0, 1, 1, 1, 7, -14 ],
[ 0, 2, -1, 1, 3, 2, 0, -1, 1, -1, 9, -14 ],
[ 0, 2, -1, 2, -4, 1, 6, -2, 3, -1, 9, -14 ],
[ 0, 2, -1, 2, -2, -4, 2, 9, -1, 0, 8, -14 ],
[ 0, 2, -1, 2, -2, -4, 2, 11, -3, 0, 6, -12 ],
[ 0, 2, -1, 2, -2, -2, 2, 5, -1, -2, 12, -14 ],
[ 0, 2, -1, 2, -2, -2, 2, 5, 1, -2, 12, -16 ],
[ 0, 2, -1, 2, -2, -1, 4, 3, 0, 1, 6, -13 ],
[ 0, 2, -1, 2, -2, 0, 2, -2, 4, 4, 7, -15 ],
[ 0, 2, -1, 2, -2, 0, 2, -1, 3, -4, 18, -18 ],
[ 0, 2, -1, 2, -2, 0, 2, 0, 2, 4, 5, -13 ],
[ 0, 2, -1, 2, -2, 0, 2, 1, 1, -4, 16, -16 ],
[ 0, 2, -1, 2, -2, 1, 2, -4, 7, -1, 9, -14 ],
[ 0, 2, -1, 2, -2, 1, 2, -2, 3, -1, 7, -10 ],
[ 0, 2, -1, 2, -2, 1, 4, -1, 2, -1, 10, -15 ],
[ 0, 2, -1, 2, -2, 2, 2, -2, 2, 2, 7, -13 ],
[ 0, 2, -1, 2, -2, 4, 2, -4, 4, 0, 9, -15 ],
[ 0, 2, -1, 2, -2, 4, 2, -2, 2, 0, 7, -13 ],
[ 0, 2, -1, 2, -1, -3, 1, 7, -2, 3, 5, -12 ],
[ 0, 2, -1, 2, -1, -1, 1, 1, 2, 1, 11, -16 ],
[ 0, 2, -1, 2, -1, -1, 1, 3, 0, 1, 9, -14 ],
[ 0, 2, -1, 2, -1, -1, 1, 5, 0, 1, 7, -14 ],
[ 0, 2, -1, 2, -1, 1, 1, -1, 2, -1, 13, -16 ],
[ 0, 2, -1, 2, -1, 1, 1, 1, 0, -1, 11, -14 ],
[ 0, 2, -1, 2, -1, 1, 1, 3, 0, -1, 9, -14 ],
[ 0, 2, -1, 2, 0, -6, 0, 14, -4, 2, 5, -13 ],
[ 0, 2, -1, 2, 0, -4, 0, 12, -4, 0, 7, -13 ],
[ 0, 2, -1, 2, 0, -2, 0, 4, 0, -2, 15, -17 ],
[ 0, 2, -1, 2, 0, -1, 0, 1, 2, 1, 6, -11 ],
[ 0, 2, -1, 2, 0, -1, 0, 1, 4, 1, 6, -13 ],
[ 0, 2, -1, 2, 0, -1, 0, 3, 0, 1, 4, -9 ],
[ 0, 2, -1, 2, 0, 0, 0, 1, 1, 4, 6, -14 ],
[ 0, 2, -1, 2, 0, 0, 0, 2, 0, -4, 17, -17 ],
[ 0, 2, -1, 2, 0, 1, 0, -3, 6, -1, 10, -15 ],
[ 0, 2, -1, 2, 0, 1, 0, -1, 2, -1, 8, -11 ],
[ 0, 2, -1, 2, 0, 2, 0, -1, 1, 2, 8, -14 ],
[ 0, 2, -1, 2, 0, 4, 0, -1, 1, 0, 8, -14 ],
[ 0, 2, -1, 2, 3, -1, -1, 1, 2, 1, 7, -14 ],
[ 0, 2, -1, 2, 3, 1, -1, -1, 2, -1, 9, -14 ],
[ 0, 2, -1, 3, -4, 0, 5, -2, 4, -1, 9, -14 ],
[ 0, 2, -1, 3, -2, -5, 1, 11, -2, 0, 6, -12 ],
[ 0, 2, -1, 3, -2, -3, 1, 5, 2, -2, 12, -16 ],
[ 0, 2, -1, 3, -2, -3, 1, 7, -2, -2, 10, -12 ],
[ 0, 2, -1, 3, -2, -1, 1, 0, 3, 4, 5, -13 ],
[ 0, 2, -1, 3, -2, -1, 1, 1, 2, -4, 16, -16 ],
[ 0, 2, -1, 3, -2, 0, 1, -4, 8, -1, 9, -14 ],
[ 0, 2, -1, 3, -2, 0, 1, -2, 4, -1, 7, -10 ],
[ 0, 2, -1, 3, -2, 0, 3, -1, 3, -1, 10, -15 ],
[ 0, 2, -1, 3, -2, 1, 1, -2, 3, 2, 7, -13 ],
[ 0, 2, -1, 3, -2, 1, 1, 0, 1, 2, 5, -11 ],
[ 0, 2, -1, 3, -2, 3, 1, -4, 5, 0, 9, -15 ],
[ 0, 2, -1, 3, -2, 3, 1, -2, 1, 0, 7, -11 ],
[ 0, 2, -1, 3, -2, 3, 1, -2, 3, 0, 7, -13 ],
[ 0, 2, -1, 3, 0, -2, 1, 4, 0, 1, 7, -14 ],
[ 0, 2, -1, 3, 0, 0, 1, 2, 0, -1, 9, -14 ],
[ 0, 2, -1, 4, 0, -1, 0, 2, 1, -1, 9, -14 ],
[ 0, 2, -1, 4, 1, 2, -1, -2, 2, 0, 8, -14 ],
[ 0, 2, -1, 5, -4, 1, 3, -2, 3, 0, 9, -15 ],
[ 0, 2, -1, 5, -4, 1, 3, 0, 1, 0, 7, -13 ],
[ 0, 2, -1, 5, -3, -2, 2, 5, -1, -1, 9, -14 ],
[ 0, 2, -1, 6, -4, 0, 2, -2, 4, 0, 9, -15 ],
[ 0, 2, -1, 6, -4, 0, 2, 0, 2, 0, 7, -13 ],
[ 0, 2, -1, 6, -2, 0, 0, 1, 1, 0, 8, -14 ],
[ 0, 2, 0, -5, 12, 0, -4, -1, 2, -1, 12, -16 ],
[ 0, 2, 0, -4, 9, -1, -2, 2, 0, -1, 12, -16 ],
[ 0, 2, 0, -3, 6, 1, 0, -2, 4, 0, 7, -14 ],
[ 0, 2, 0, -3, 8, 1, -2, -1, 1, 0, 8, -13 ],
[ 0, 2, 0, -3, 9, 0, -3, 0, 1, -3, 14, -16 ],
[ 0, 2, 0, -2, 3, 0, 2, -1, 2, 0, 9, -14 ],
[ 0, 2, 0, -2, 3, 0, 2, 1, 2, 0, 7, -14 ],
[ 0, 2, 0, -2, 4, 0, 3, 0, 1, 0, 7, -14 ],
[ 0, 2, 0, -2, 5, 0, 0, 0, 1, 0, 10, -15 ],
[ 0, 2, 0, -2, 6, 0, -1, -2, 5, 0, 7, -14 ],
[ 0, 2, 0, -2, 6, 0, -1, 0, 1, 0, 5, -10 ],
[ 0, 2, 0, -2, 8, 0, -3, -1, 2, 0, 8, -13 ],
[ 0, 2, 0, -1, 0, -1, 4, 2, 0, 0, 9, -14 ],
[ 0, 2, 0, -1, 0, -1, 4, 4, 0, 0, 7, -14 ],
[ 0, 2, 0, -1, 1, 0, 3, 0, 1, 3, 6, -14 ],
[ 0, 2, 0, -1, 2, -4, 0, 9, -2, -1, 12, -16 ],
[ 0, 2, 0, -1, 2, -2, 0, 7, -2, -3, 14, -16 ],
[ 0, 2, 0, -1, 2, -1, 0, 0, 4, 0, 9, -14 ],
[ 0, 2, 0, -1, 2, -1, 0, 2, 0, 0, 7, -10 ],
[ 0, 2, 0, -1, 2, -1, 0, 2, 2, 0, 7, -12 ],
[ 0, 2, 0, -1, 2, -1, 0, 2, 4, 0, 7, -14 ],
[ 0, 2, 0, -1, 2, -1, 0, 4, 0, 0, 5, -10 ],
[ 0, 2, 0, -1, 2, 0, 0, -1, 2, -5, 22, -20 ],
[ 0, 2, 0, -1, 2, 0, 0, 0, 1, 3, 9, -15 ],
[ 0, 2, 0, -1, 2, 0, 0, 4, -1, 3, 5, -13 ],
[ 0, 2, 0, -1, 2, 1, 0, -2, 4, -2, 11, -14 ],
[ 0, 2, 0, -1, 2, 2, 0, 0, 1, 1, 9, -15 ],
[ 0, 2, 0, -1, 2, 4, 0, -2, 1, -1, 11, -15 ],
[ 0, 2, 0, -1, 3, -1, 1, 1, 3, 0, 7, -14 ],
[ 0, 2, 0, -1, 3, 0, -1, 0, 1, 3, 4, -10 ],
[ 0, 2, 0, -1, 3, 2, -1, -2, 3, 1, 6, -12 ],
[ 0, 2, 0, -1, 5, -1, -1, 2, 0, 0, 8, -13 ],
[ 0, 2, 0, -1, 6, 0, -2, 0, 1, 3, 5, -13 ],
[ 0, 2, 0, 0, -3, -2, 6, 7, -2, 0, 7, -14 ],
[ 0, 2, 0, 0, -1, -5, 2, 12, -4, -1, 12, -16 ],
[ 0, 2, 0, 0, -1, -2, 2, 3, 2, 0, 9, -14 ],
[ 0, 2, 0, 0, -1, -2, 2, 5, 0, 0, 7, -12 ],
[ 0, 2, 0, 0, -1, -2, 2, 5, 2, 0, 7, -14 ],
[ 0, 2, 0, 0, -1, -2, 2, 7, -2, 0, 5, -10 ],
[ 0, 2, 0, 0, -1, -1, 2, 2, 0, -5, 22, -20 ],
[ 0, 2, 0, 0, -1, 0, 2, -1, 2, -2, 13, -14 ],
[ 0, 2, 0, 0, -1, 0, 2, -1, 4, -2, 13, -16 ],
[ 0, 2, 0, 0, -1, 0, 2, 1, 0, -2, 11, -12 ],
[ 0, 2, 0, 0, -1, 0, 2, 1, 2, -2, 11, -14 ],
[ 0, 2, 0, 0, -1, 1, 2, -1, 1, 1, 13, -17 ],
[ 0, 2, 0, 0, -1, 1, 2, 3, -1, 1, 9, -15 ],
[ 0, 2, 0, 0, -1, 1, 4, -1, 1, 1, 5, -11 ],
[ 0, 2, 0, 0, -1, 5, 2, -3, 1, -3, 15, -17 ],
[ 0, 2, 0, 0, 0, -2, 3, 4, 1, 0, 7, -14 ],
[ 0, 2, 0, 0, 0, -1, 1, 1, 1, 3, 6, -12 ],
[ 0, 2, 0, 0, 0, -1, 1, 1, 3, 3, 6, -14 ],
[ 0, 2, 0, 0, 0, 0, 3, 0, 1, -2, 11, -14 ],
[ 0, 2, 0, 0, 0, 1, 1, -1, 1, 1, 8, -12 ],
[ 0, 2, 0, 0, 0, 1, 1, -1, 3, 1, 8, -14 ],
[ 0, 2, 0, 0, 0, 1, 1, 1, 1, 1, 6, -12 ],
[ 0, 2, 0, 0, 0, 3, 1, -3, 3, -1, 10, -14 ],
[ 0, 2, 0, 0, 0, 3, 1, -1, 1, -1, 8, -12 ],
[ 0, 2, 0, 0, 1, -4, 0, 10, -3, 2, 4, -11 ],
[ 0, 2, 0, 0, 1, -2, 0, 4, 1, 0, 10, -15 ],
[ 0, 2, 0, 0, 1, -2, 0, 6, -1, 0, 8, -13 ],
[ 0, 2, 0, 0, 1, 0, 0, -1, 2, 6, 3, -12 ],
[ 0, 2, 0, 0, 1, 0, 0, 0, 1, -2, 14, -15 ],
[ 0, 2, 0, 0, 1, 0, 0, 0, 3, -2, 14, -17 ],
[ 0, 2, 0, 0, 1, 0, 0, 2, 1, -2, 12, -15 ],
[ 0, 2, 0, 0, 1, 1, 0, -3, 5, 1, 5, -11 ],
[ 0, 2, 0, 0, 1, 1, 0, -1, 1, 1, 3, -7 ],
[ 0, 2, 0, 0, 1, 2, 0, -3, 4, 4, 5, -14 ],
[ 0, 2, 0, 0, 1, 4, 0, -3, 2, 2, 5, -12 ],
[ 0, 2, 0, 0, 1, 6, 0, -5, 4, 0, 7, -14 ],
[ 0, 2, 0, 0, 3, 1, 0, -1, 1, 1, 9, -15 ],
[ 0, 2, 0, 1, -3, -3, 5, 7, -1, 0, 7, -14 ],
[ 0, 2, 0, 1, -1, -4, 1, 10, -3, -3, 14, -16 ],
[ 0, 2, 0, 1, -1, -3, 1, 5, 3, 0, 7, -14 ],
[ 0, 2, 0, 1, -1, -3, 1, 7, -1, 0, 5, -10 ],
[ 0, 2, 0, 1, -1, -2, 1, 7, -2, 3, 5, -13 ],
[ 0, 2, 0, 1, -1, -1, 1, 1, 3, -2, 11, -14 ],
[ 0, 2, 0, 1, -1, 0, 1, -1, 2, 1, 13, -17 ],
[ 0, 2, 0, 1, -1, 0, 1, 0, 1, -7, 24, -20 ],
[ 0, 2, 0, 1, -1, 0, 1, 3, 0, 1, 9, -15 ],
[ 0, 2, 0, 1, -1, 0, 3, -1, 2, 1, 5, -11 ],
[ 0, 2, 0, 1, -1, 2, 1, 1, 0, -1, 11, -15 ],
[ 0, 2, 0, 1, -1, 4, 1, -3, 2, -3, 15, -17 ],
[ 0, 2, 0, 1, 0, 0, 0, -1, 2, 1, 8, -12 ],
[ 0, 2, 0, 1, 0, 0, 0, -1, 4, 1, 8, -14 ],
[ 0, 2, 0, 1, 0, 0, 0, 1, 0, 1, 6, -10 ],
[ 0, 2, 0, 1, 0, 0, 0, 1, 2, 1, 6, -12 ],
[ 0, 2, 0, 1, 0, 2, 0, -3, 4, -1, 10, -14 ],
[ 0, 2, 0, 1, 0, 2, 0, -1, 2, -1, 8, -12 ],
[ 0, 2, 0, 1, 1, 0, 1, 0, 1, 1, 6, -12 ],
[ 0, 2, 0, 1, 3, 0, -1, -1, 2, 1, 9, -15 ],
[ 0, 2, 0, 2, -2, 1, 3, -1, 1, -1, 10, -14 ],
[ 0, 2, 0, 2, 0, -1, 1, 2, 0, 1, 9, -15 ],
[ 0, 2, 0, 3, -2, 0, 2, -1, 2, -1, 10, -14 ],
[ 0, 2, 0, 3, -1, 1, 1, -1, 1, 2, 5, -12 ],
[ 0, 2, 0, 3, 0, 0, 0, 0, 1, -1, 11, -15 ],
[ 0, 2, 0, 4, -3, 1, 2, -1, 1, -3, 15, -17 ],
[ 0, 2, 0, 4, -1, 0, 0, -1, 2, 2, 5, -12 ],
[ 0, 2, 0, 4, -1, 2, 0, -3, 4, 0, 7, -14 ],
[ 0, 2, 0, 5, -3, 0, 1, -1, 2, -3, 15, -17 ],
[ 0, 2, 1, -3, 8, 1, -3, -1, 2, 0, 8, -14 ],
[ 0, 2, 1, -3, 8, 1, -3, 1, 0, 0, 6, -12 ],
[ 0, 2, 1, -2, 5, 0, -1, 2, 0, 0, 8, -14 ],
[ 0, 2, 1, -2, 6, -3, -2, 7, -2, -1, 10, -15 ],
[ 0, 2, 1, -2, 6, 0, -2, -2, 4, 0, 7, -13 ],
[ 0, 2, 1, -2, 6, 3, -2, -2, 1, 1, 7, -14 ],
[ 0, 2, 1, -1, 3, -1, 0, 1, 2, 0, 7, -13 ],
[ 0, 2, 1, -1, 5, -1, -2, 2, 1, 0, 8, -14 ],
[ 0, 2, 1, -1, 5, -1, -2, 4, -1, 0, 6, -12 ],
[ 0, 2, 1, 0, 0, -2, 2, 4, 0, 0, 7, -13 ],
[ 0, 2, 1, 0, 1, 1, 1, 0, 1, 1, 6, -13 ],
[ 0, 2, 1, 0, 2, -2, 0, 5, -1, 0, 8, -14 ],
[ 0, 2, 1, 0, 3, 1, -1, 1, 0, 1, 7, -14 ],
[ 0, 2, 1, 1, -2, 2, 3, -1, 1, -1, 10, -15 ],
[ 0, 2, 1, 1, 1, 0, 0, 0, 2, 1, 6, -13 ],
[ 0, 2, 1, 1, 2, -3, -1, 7, -2, 0, 6, -12 ],
[ 0, 2, 1, 2, -2, -1, 2, 3, 0, 1, 6, -13 ],
[ 0, 2, 1, 2, -2, 1, 2, -1, 2, -1, 10, -15 ],
[ 0, 2, 1, 2, 0, -1, 0, 4, -1, 1, 7, -14 ],
[ 0, 2, 1, 3, -2, 0, 1, -1, 3, -1, 10, -15 ],
[ 0, 2, 2, -1, 3, -1, -1, 1, 3, 0, 7, -14 ],
[ 0, 2, 2, 0, -1, 1, 2, -1, 1, 1, 5, -11 ],
[ 0, 2, 2, 0, 0, -2, 1, 4, 1, 0, 7, -14 ],
[ 0, 2, 2, 0, 0, 0, 1, 0, 1, -2, 11, -14 ],
[ 0, 2, 2, 1, -1, 0, 1, -1, 2, 1, 5, -11 ],
[ 0, 3, -1, -4, 10, 0, -3, -1, 2, 2, 5, -12 ],
[ 0, 3, -1, -4, 10, 2, -3, -3, 4, 0, 7, -14 ],
[ 0, 3, -1, -4, 11, -1, -4, 2, 0, -1, 9, -13 ],
[ 0, 3, -1, -3, 7, -1, -1, 2, 0, 2, 5, -12 ],
[ 0, 3, -1, -3, 7, 1, -1, 0, 2, 0, 7, -14 ],
[ 0, 3, -1, -3, 8, 0, -2, -1, 2, -3, 15, -17 ],
[ 0, 3, -1, -3, 9, 1, -3, -1, 1, 0, 10, -15 ],
[ 0, 3, -1, -3, 10, 1, -4, -1, 1, 0, 5, -10 ],
[ 0, 3, -1, -2, 5, 0, 0, -1, 2, 0, 6, -11 ],
[ 0, 3, -1, -2, 7, 0, -2, 0, 1, 0, 7, -12 ],
[ 0, 3, -1, -2, 7, 0, -2, 0, 3, 0, 7, -14 ],
[ 0, 3, -1, -1, 2, -5, 0, 12, -4, 4, 4, -13 ],
[ 0, 3, -1, -1, 2, -1, 0, 2, 0, 0, 14, -17 ],
[ 0, 3, -1, -1, 2, -1, 0, 6, -2, 0, 10, -15 ],
[ 0, 3, -1, -1, 2, -1, 2, 2, 0, 0, 6, -11 ],
[ 0, 3, -1, -1, 2, 0, 0, -1, 2, 3, 5, -11 ],
[ 0, 3, -1, -1, 2, 0, 0, -1, 4, 3, 5, -13 ],
[ 0, 3, -1, -1, 2, 0, 0, 1, 0, 3, 3, -9 ],
[ 0, 3, -1, -1, 2, 1, 0, -1, 1, 6, 5, -14 ],
[ 0, 3, -1, -1, 2, 2, 0, -3, 4, 1, 7, -13 ],
[ 0, 3, -1, -1, 2, 2, 0, -1, 2, 1, 5, -11 ],
[ 0, 3, -1, -1, 2, 5, 0, -3, 1, 2, 7, -14 ],
[ 0, 3, -1, -1, 3, -1, -1, 2, 0, 0, 9, -12 ],
[ 0, 3, -1, -1, 3, -1, -1, 4, 0, 0, 7, -12 ],
[ 0, 3, -1, -1, 3, -1, -1, 6, -2, 0, 5, -10 ],
[ 0, 3, -1, -1, 4, -1, 0, 3, 1, 0, 7, -14 ],
[ 0, 3, -1, -1, 4, 1, 0, -1, 1, -2, 11, -14 ],
[ 0, 3, -1, -1, 5, 0, -1, -1, 2, 3, 6, -14 ],
[ 0, 3, -1, -1, 6, -1, -2, 2, 0, 0, 10, -15 ],
[ 0, 3, -1, -1, 7, -1, -3, 2, 0, 0, 5, -10 ],
[ 0, 3, -1, 0, -1, -1, 2, 2, 0, 3, 5, -11 ],
[ 0, 3, -1, 0, -1, -1, 2, 2, 2, 3, 5, -13 ],
[ 0, 3, -1, 0, -1, 0, 4, -1, 2, -2, 12, -15 ],
[ 0, 3, -1, 0, -1, 1, 2, -2, 4, 1, 9, -15 ],
[ 0, 3, -1, 0, -1, 1, 2, 0, 2, 1, 7, -13 ],
[ 0, 3, -1, 0, -1, 1, 2, 2, 0, 1, 5, -11 ],
[ 0, 3, -1, 0, -1, 3, 2, -2, 2, -1, 9, -13 ],
[ 0, 3, -1, 0, 0, -4, 1, 9, -2, 2, 5, -12 ],
[ 0, 3, -1, 0, 0, -2, 1, 3, 2, 0, 11, -16 ],
[ 0, 3, -1, 0, 0, -2, 1, 5, 0, 0, 9, -14 ],
[ 0, 3, -1, 0, 0, -2, 1, 7, -2, 0, 7, -12 ],
[ 0, 3, -1, 0, 0, -2, 1, 7, 0, 0, 7, -14 ],
[ 0, 3, -1, 0, 0, 0, 1, -1, 2, -2, 15, -16 ],
[ 0, 3, -1, 0, 0, 0, 1, 1, 2, -2, 13, -16 ],
[ 0, 3, -1, 0, 0, 0, 1, 3, 0, -2, 11, -14 ],
[ 0, 3, -1, 0, 0, 1, 3, -1, 1, 1, 7, -13 ],
[ 0, 3, -1, 0, 0, 2, 1, -3, 4, -4, 17, -18 ],
[ 0, 3, -1, 0, 1, -5, 0, 12, -4, -1, 9, -13 ],
[ 0, 3, -1, 0, 1, -3, 0, 6, 0, -3, 15, -17 ],
[ 0, 3, -1, 0, 1, -2, 0, 3, 2, 0, 6, -11 ],
[ 0, 3, -1, 0, 1, -1, 0, 1, 1, 3, 8, -14 ],
[ 0, 3, -1, 0, 1, -1, 0, 2, 0, -5, 19, -17 ],
[ 0, 3, -1, 0, 1, -1, 0, 3, 1, 3, 6, -14 ],
[ 0, 3, -1, 0, 1, 0, 0, -3, 6, -2, 12, -15 ],
[ 0, 3, -1, 0, 1, 0, 0, -1, 2, -2, 10, -11 ],
[ 0, 3, -1, 0, 1, 0, 2, 0, 1, -2, 13, -16 ],
[ 0, 3, -1, 0, 1, 1, 0, -1, 1, 1, 10, -14 ],
[ 0, 3, -1, 0, 1, 1, 0, 1, 1, 1, 8, -14 ],
[ 0, 3, -1, 0, 1, 1, 0, 3, -1, 1, 6, -12 ],
[ 0, 3, -1, 0, 1, 3, 0, -3, 3, -1, 12, -16 ],
[ 0, 3, -1, 0, 1, 3, 0, -1, 1, -1, 10, -14 ],
[ 0, 3, -1, 0, 4, -2, -1, 3, 2, 0, 7, -14 ],
[ 0, 3, -1, 0, 4, 0, -1, -1, 2, -2, 11, -14 ],
[ 0, 3, -1, 0, 5, 1, -2, -1, 1, 1, 6, -12 ],
[ 0, 3, -1, 1, -3, 0, 5, 0, 1, 1, 9, -15 ],
[ 0, 3, -1, 1, -2, 0, 2, -1, 2, -7, 25, -21 ],
[ 0, 3, -1, 1, -1, -3, 1, 9, -3, 0, 10, -15 ],
[ 0, 3, -1, 1, -1, -1, 1, 2, 0, 6, 5, -14 ],
[ 0, 3, -1, 1, -1, 0, 1, -2, 5, 1, 9, -15 ],
[ 0, 3, -1, 1, -1, 0, 1, 0, 1, 1, 7, -11 ],
[ 0, 3, -1, 1, -1, 0, 1, 0, 3, 1, 7, -13 ],
[ 0, 3, -1, 1, -1, 0, 1, 2, 1, 1, 5, -11 ],
[ 0, 3, -1, 1, -1, 1, 1, -1, 1, -4, 20, -19 ],
[ 0, 3, -1, 1, -1, 2, 1, -2, 3, -1, 9, -13 ],
[ 0, 3, -1, 1, -1, 3, 1, 0, 0, 2, 7, -14 ],
[ 0, 3, -1, 1, 0, -3, 0, 7, -1, 0, 7, -12 ],
[ 0, 3, -1, 1, 0, -3, 0, 9, -3, 0, 5, -10 ],
[ 0, 3, -1, 1, 0, 0, 2, -1, 2, 1, 7, -13 ],
[ 0, 3, -1, 1, 0, 1, 0, -1, 1, -4, 15, -14 ],
[ 0, 3, -1, 1, 1, -3, 1, 6, 0, 0, 7, -14 ],
[ 0, 3, -1, 1, 1, -1, 1, 2, 0, -2, 11, -14 ],
[ 0, 3, -1, 1, 2, 0, 0, 0, 1, 1, 8, -14 ],
[ 0, 3, -1, 2, -3, -1, 4, 2, 0, 1, 7, -13 ],
[ 0, 3, -1, 2, 2, -1, -1, 2, 0, 1, 6, -12 ],
[ 0, 3, -1, 3, -3, 0, 3, 0, 1, -1, 9, -13 ],
[ 0, 3, -1, 3, -1, 0, 1, -1, 2, -1, 12, -16 ],
[ 0, 3, -1, 3, 0, 1, 0, -1, 1, 2, 7, -14 ],
[ 0, 3, -1, 5, -3, -1, 1, 2, 0, 2, 7, -14 ],
[ 0, 3, 0, -3, 7, 1, -2, 0, 1, 0, 7, -13 ],
[ 0, 3, 0, -3, 8, -2, -3, 5, -1, -1, 9, -14 ],
[ 0, 3, 0, -2, 5, 0, -1, -1, 3, 0, 6, -12 ],
[ 0, 3, 0, -1, 2, -1, 1, 2, 1, 0, 6, -12 ],
[ 0, 3, 0, -1, 4, -1, -1, 3, 0, 0, 7, -13 ],
[ 0, 3, 0, -1, 5, 2, -2, -1, 1, 1, 6, -13 ],
[ 0, 3, 0, 0, -2, 1, 4, -2, 3, 1, 6, -13 ],
[ 0, 3, 0, 0, -1, -2, 3, 5, -1, 0, 6, -12 ],
[ 0, 3, 0, 0, -1, 0, 3, -1, 3, -2, 12, -16 ],
[ 0, 3, 0, 0, 0, 1, 2, -1, 2, 1, 7, -14 ],
[ 0, 3, 0, 0, 2, 3, 0, -2, 1, -1, 10, -15 ],
[ 0, 3, 0, 1, -2, 0, 3, -2, 4, 1, 6, -13 ],
[ 0, 3, 0, 1, 0, 0, 1, -1, 3, 1, 7, -14 ],
[ 0, 3, 0, 1, 2, 0, -1, 2, 0, 1, 6, -13 ],
[ 0, 3, 0, 1, 2, 2, -1, -2, 2, -1, 10, -15 ],
[ 0, 3, 0, 2, -1, 1, 1, 1, 0, -1, 10, -15 ],
[ 0, 3, 0, 3, -2, 3, 1, -2, 1, 0, 6, -12 ],
[ 0, 3, 0, 3, -1, -2, 0, 5, -1, 1, 6, -13 ],
[ 0, 3, 0, 3, -1, 0, 0, 1, 1, -1, 10, -15 ],
[ 0, 3, 1, -1, 2, -1, 0, 2, 0, 0, 6, -11 ],
[ 0, 3, 1, 0, -1, 0, 2, -1, 2, -2, 12, -15 ],
[ 0, 3, 1, 0, 0, 1, 1, -1, 1, 1, 7, -13 ],
[ 0, 3, 1, 0, 1, 0, 0, 0, 1, -2, 13, -16 ],
[ 0, 3, 1, 1, 0, 0, 0, -1, 2, 1, 7, -13 ],
[ 0, 4, -2, -4, 11, 0, -4, -1, 2, 2, 7, -14 ],
[ 0, 4, -2, -3, 6, 1, 0, -1, 1, 0, 8, -13 ],
[ 0, 4, -2, -3, 7, 0, -1, 0, 1, -3, 14, -16 ],
[ 0, 4, -2, -2, 2, 0, 5, 0, 1, 0, 7, -14 ],
[ 0, 4, -2, -2, 3, 0, 2, 0, 1, 0, 10, -15 ],
[ 0, 4, -2, -2, 4, 0, 1, -2, 5, 0, 7, -14 ],
[ 0, 4, -2, -2, 4, 0, 1, 0, 1, 0, 5, -10 ],
[ 0, 4, -2, -2, 6, 0, -1, -1, 2, 0, 8, -13 ],
[ 0, 4, -2, -2, 8, 0, -3, 0, 1, 0, 9, -14 ],
[ 0, 4, -2, -1, 1, -1, 3, 1, 3, 0, 7, -14 ],
[ 0, 4, -2, -1, 2, -1, 0, 1, 3, 0, 10, -15 ],
[ 0, 4, -2, -1, 2, -1, 0, 3, 1, 0, 8, -13 ],
[ 0, 4, -2, -1, 2, -1, 0, 5, -1, 0, 6, -11 ],
[ 0, 4, -2, -1, 2, 1, 0, -3, 5, -2, 14, -17 ],
[ 0, 4, -2, -1, 2, 1, 0, -1, 1, -2, 12, -13 ],
[ 0, 4, -2, -1, 2, 1, 0, -1, 3, -2, 12, -15 ],
[ 0, 4, -2, -1, 3, -1, -1, 1, 3, 0, 5, -10 ],
[ 0, 4, -2, -1, 3, -1, 1, 2, 0, 0, 8, -13 ],
[ 0, 4, -2, -1, 4, 0, 0, 0, 1, 3, 5, -13 ],
[ 0, 4, -2, 0, -3, 1, 6, -1, 1, 1, 5, -11 ],
[ 0, 4, -2, 0, -2, -2, 5, 4, 1, 0, 7, -14 ],
[ 0, 4, -2, 0, -2, 0, 5, 0, 1, -2, 11, -14 ],
[ 0, 4, -2, 0, -1, -4, 2, 10, -3, 2, 4, -11 ],
[ 0, 4, -2, 0, -1, -2, 2, 4, 1, 0, 10, -15 ],
[ 0, 4, -2, 0, -1, -2, 2, 6, -1, 0, 8, -13 ],
[ 0, 4, -2, 0, -1, 0, 2, -1, 2, 6, 3, -12 ],
[ 0, 4, -2, 0, -1, 0, 2, 0, 1, -2, 14, -15 ],
[ 0, 4, -2, 0, -1, 0, 2, 0, 3, -2, 14, -17 ],
[ 0, 4, -2, 0, -1, 0, 2, 2, 1, -2, 12, -15 ],
[ 0, 4, -2, 0, -1, 1, 2, -3, 5, 1, 5, -11 ],
[ 0, 4, -2, 0, -1, 1, 2, -1, 1, 1, 3, -7 ],
[ 0, 4, -2, 0, -1, 2, 2, -3, 4, 4, 5, -14 ],
[ 0, 4, -2, 0, -1, 4, 2, -3, 2, 2, 5, -12 ],
[ 0, 4, -2, 0, -1, 6, 2, -5, 4, 0, 7, -14 ],
[ 0, 4, -2, 0, 0, -3, 1, 7, -1, -3, 14, -16 ],
[ 0, 4, -2, 0, 0, -2, 1, 2, 5, 0, 7, -14 ],
[ 0, 4, -2, 0, 0, -2, 1, 4, 1, 0, 5, -10 ],
[ 0, 4, -2, 0, 0, -1, 1, 2, 0, 3, 7, -13 ],
[ 0, 4, -2, 0, 0, -1, 1, 4, 0, 3, 5, -13 ],
[ 0, 4, -2, 0, 0, 0, 1, -2, 5, -2, 11, -14 ],
[ 0, 4, -2, 0, 0, 0, 1, 0, 1, -2, 9, -10 ],
[ 0, 4, -2, 0, 0, 1, 1, 0, 2, 1, 9, -15 ],
[ 0, 4, -2, 0, 0, 1, 1, 2, 0, 1, 7, -13 ],
[ 0, 4, -2, 0, 0, 3, 1, -2, 2, -1, 11, -15 ],
[ 0, 4, -2, 0, 0, 3, 1, 0, 0, -1, 9, -13 ],
[ 0, 4, -2, 0, 1, -4, 0, 9, -2, 2, 7, -14 ],
[ 0, 4, -2, 0, 1, -2, 0, 7, -2, 0, 9, -14 ],
[ 0, 4, -2, 0, 1, 0, 0, -1, 2, -2, 17, -18 ],
[ 0, 4, -2, 0, 1, 0, 0, 0, 1, 6, 4, -13 ],
[ 0, 4, -2, 0, 1, 0, 0, 3, 0, -2, 13, -16 ],
[ 0, 4, -2, 0, 1, 1, 0, -2, 4, 1, 6, -12 ],
[ 0, 4, -2, 0, 1, 4, 0, -2, 1, 2, 6, -13 ],
[ 0, 4, -2, 0, 5, 0, -2, -1, 2, -2, 13, -16 ],
[ 0, 4, -2, 1, -3, 0, 5, -1, 2, 1, 5, -11 ],
[ 0, 4, -2, 1, -1, -3, 1, 6, 0, 0, 8, -13 ],
[ 0, 4, -2, 1, -1, -3, 1, 8, -2, 0, 6, -11 ],
[ 0, 4, -2, 1, -1, -1, 1, 0, 4, -2, 14, -17 ],
[ 0, 4, -2, 1, -1, -1, 1, 2, 0, -2, 12, -13 ],
[ 0, 4, -2, 1, -1, -1, 1, 2, 2, -2, 12, -15 ],
[ 0, 4, -2, 1, -1, 0, 1, -3, 6, 1, 5, -11 ],
[ 0, 4, -2, 1, -1, 0, 1, -1, 2, 1, 3, -7 ],
[ 0, 4, -2, 1, -1, 0, 3, 0, 1, 1, 6, -12 ],
[ 0, 4, -2, 1, -1, 1, 1, -3, 5, 4, 5, -14 ],
[ 0, 4, -2, 1, -1, 1, 1, -2, 2, -4, 16, -15 ],
[ 0, 4, -2, 1, -1, 1, 1, -1, 1, 4, 3, -10 ],
[ 0, 4, -2, 1, -1, 3, 1, -3, 3, 2, 5, -12 ],
[ 0, 4, -2, 1, -1, 5, 1, -5, 5, 0, 7, -14 ],
[ 0, 4, -2, 1, -1, 5, 1, -3, 1, 0, 5, -10 ],
[ 0, 4, -2, 1, 1, 0, 1, -1, 2, 1, 9, -15 ],
[ 0, 4, -2, 2, -2, 0, 1, 0, 1, -4, 19, -18 ],
[ 0, 4, -2, 2, 1, 1, 0, -1, 1, -1, 9, -13 ],
[ 0, 4, -2, 3, -3, 1, 3, -1, 1, 2, 5, -12 ],
[ 0, 4, -2, 3, -3, 3, 3, -3, 3, 0, 7, -14 ],
[ 0, 4, -2, 3, -2, 0, 2, 0, 1, -1, 11, -15 ],
[ 0, 4, -2, 4, -3, 0, 2, -1, 2, 2, 5, -12 ],
[ 0, 4, -2, 4, -3, 2, 2, -3, 4, 0, 7, -14 ],
[ 0, 4, -2, 4, -2, -1, 1, 2, 0, -1, 9, -13 ],
[ 0, 4, -2, 4, -1, 0, 0, 0, 1, 2, 6, -13 ],
[ 0, 4, -2, 5, -3, 1, 1, -3, 5, 0, 7, -14 ],
[ 0, 4, -2, 5, -3, 1, 1, -1, 1, 0, 5, -10 ],
[ 0, 4, -1, -3, 7, -2, -2, 4, 0, -1, 10, -15 ],
[ 0, 4, -1, -2, 4, -3, 0, 7, -2, -1, 10, -15 ],
[ 0, 4, -1, -2, 4, 0, 0, -2, 4, 0, 7, -13 ],
[ 0, 4, -1, -2, 4, 3, 0, -2, 1, 1, 7, -14 ],
[ 0, 4, -1, -2, 6, 0, -2, -1, 3, 0, 8, -14 ],
[ 0, 4, -1, -2, 6, 0, -2, 1, 1, 0, 6, -12 ],
[ 0, 4, -1, -1, 1, -1, 2, 1, 2, 0, 7, -13 ],
[ 0, 4, -1, -1, 3, -1, 0, 2, 1, 0, 8, -14 ],
[ 0, 4, -1, -1, 3, -1, 0, 4, -1, 0, 6, -12 ],
[ 0, 4, -1, -1, 4, 2, -1, -2, 2, 1, 7, -14 ],
[ 0, 4, -1, 0, -2, -2, 4, 4, 0, 0, 7, -13 ],
[ 0, 4, -1, 0, -1, 1, 3, 0, 1, 1, 6, -13 ],
[ 0, 4, -1, 0, 0, -2, 2, 5, -1, 0, 8, -14 ],
[ 0, 4, -1, 0, 1, 1, 1, 1, 0, 1, 7, -14 ],
[ 0, 4, -1, 0, 3, -2, -1, 4, 0, 0, 6, -12 ],
[ 0, 4, -1, 0, 3, 0, -1, -2, 4, -2, 12, -16 ],
[ 0, 4, -1, 1, -1, 0, 2, 0, 2, 1, 6, -13 ],
[ 0, 4, -1, 1, 0, -3, 1, 7, -2, 0, 6, -12 ],
[ 0, 4, -1, 1, 1, 0, 0, 1, 1, 1, 7, -14 ],
[ 0, 4, -1, 1, 1, 2, 0, -1, 1, -1, 9, -14 ],
[ 0, 4, -1, 2, -2, -1, 2, 4, -1, 1, 7, -14 ],
[ 0, 4, -1, 3, -2, -2, 1, 4, 0, 1, 7, -14 ],
[ 0, 4, -1, 3, -2, 0, 1, 2, 0, -1, 9, -14 ],
[ 0, 4, 0, -1, 3, -1, -1, 2, 0, 0, 8, -13 ],
[ 0, 4, 0, 0, 1, 1, 0, -1, 1, 1, 9, -15 ],
[ 0, 4, 0, 1, -1, 0, 1, 0, 1, 1, 6, -12 ],
[ 0, 5, -2, -3, 7, 1, -2, 1, 0, 0, 8, -14 ],
[ 0, 5, -2, -2, 5, 0, -1, -2, 4, 0, 9, -15 ],
[ 0, 5, -2, -2, 5, 0, -1, 0, 2, 0, 7, -13 ],
[ 0, 5, -2, -1, 2, -1, 1, 1, 2, 0, 9, -15 ],
[ 0, 5, -2, -1, 2, -1, 1, 3, 0, 0, 7, -13 ],
[ 0, 5, -2, -1, 3, 2, 0, -1, 1, 1, 6, -13 ],
[ 0, 5, -2, -1, 4, -1, -1, 4, -1, 0, 8, -14 ],
[ 0, 5, -2, 0, -2, 1, 4, -1, 2, 1, 7, -14 ],
[ 0, 5, -2, 0, 3, 1, -1, -1, 2, 1, 6, -13 ],
[ 0, 5, -2, 1, -2, 0, 3, -1, 3, 1, 7, -14 ],
[ 0, 5, -2, 1, 0, 0, 1, 2, 0, 1, 6, -13 ],
[ 0, 5, -2, 1, 0, 2, 1, -2, 2, -1, 10, -15 ],
[ 0, 5, -2, 1, 1, -3, 0, 7, -2, 0, 8, -14 ],
[ 0, 5, -2, 2, 0, -1, 0, 2, 1, 1, 6, -13 ],
[ 0, 5, -2, 2, 0, 1, 0, -2, 3, -1, 10, -15 ],
[ 0, 5, -1, -1, 2, 1, 0, -1, 1, -2, 11, -14 ],
[ 0, 5, -1, -1, 3, 0, -1, -1, 2, 3, 6, -14 ],
[ 0, 5, -1, 0, -1, 0, 2, 0, 1, -2, 13, -16 ],
[ 0, 5, -1, 0, 0, -1, 1, 2, 0, 3, 6, -14 ],
[ 0, 5, -1, 1, -1, -1, 1, 2, 0, -2, 11, -14 ],
[ 0, 5, -1, 1, 0, 0, 0, 0, 1, 1, 8, -14 ],
[ 0, 6, -3, -3, 7, 1, -2, -2, 3, 0, 6, -12 ],
[ 0, 6, -3, -2, 4, 0, 0, -1, 3, 0, 8, -14 ],
[ 0, 6, -3, -2, 4, 0, 0, 1, 1, 0, 6, -12 ],
[ 0, 6, -3, -2, 6, 0, -2, 2, 0, 0, 7, -13 ],
[ 0, 6, -3, -1, 1, -1, 2, 2, 1, 0, 8, -14 ],
[ 0, 6, -3, -1, 1, -1, 2, 4, -1, 0, 6, -12 ],
[ 0, 6, -3, -1, 1, 1, 2, -2, 3, -2, 12, -16 ],
[ 0, 6, -3, -1, 2, 2, 1, -2, 2, 1, 7, -14 ],
[ 0, 6, -3, -1, 4, -1, -1, 1, 2, 0, 6, -12 ],
[ 0, 6, -3, 0, -2, -2, 4, 5, -1, 0, 8, -14 ],
[ 0, 6, -3, 0, 1, -2, 1, 4, 0, 0, 6, -12 ],
[ 0, 6, -3, 0, 1, 0, 1, -2, 4, -2, 12, -16 ],
[ 0, 6, -3, 0, 2, 1, 0, -2, 3, 1, 7, -14 ],
[ 0, 6, -3, 0, 3, -2, -1, 5, -1, 0, 7, -13 ],
[ 0, 6, -3, 1, -2, -3, 3, 7, -2, 0, 6, -12 ],
[ 0, 6, -3, 1, -2, -1, 3, 1, 2, -2, 12, -16 ],
[ 0, 6, -3, 1, -1, 0, 2, 1, 1, 1, 7, -14 ],
[ 0, 6, -3, 1, -1, 2, 2, -1, 1, -1, 9, -14 ],
[ 0, 6, -3, 2, -1, -1, 1, 1, 2, 1, 7, -14 ],
[ 0, 6, -3, 2, -1, 1, 1, -1, 2, -1, 9, -14 ],
[ 0, 6, -2, -1, 2, 0, 0, 0, 1, 3, 5, -13 ],
[ 0, 6, -2, 0, -1, 1, 2, -1, 1, 1, 9, -15 ],
[ 0, 6, -2, 1, -1, 0, 1, -1, 2, 1, 9, -15 ],
[ 0, 7, -3, -1, 1, 0, 1, -1, 2, 3, 6, -14 ],
[ 0, 7, -3, -1, 2, -1, 0, 2, 0, 0, 10, -15 ],
[ 0, 7, -3, -1, 3, -1, -1, 2, 0, 0, 5, -10 ],
[ 0, 7, -3, 0, 0, -2, 1, 3, 2, 0, 7, -14 ],
[ 0, 7, -3, 0, 0, 0, 1, -1, 2, -2, 11, -14 ],
[ 0, 7, -3, 0, 1, 1, 0, -1, 1, 1, 6, -12 ],
[ 0, 8, -4, -2, 4, 0, -1, 0, 1, 0, 9, -14 ],
[ 0, 8, -4, 0, 1, 0, 0, -1, 2, -2, 13, -16 ],
[ 0, 8, -3, 0, -1, -2, 1, 4, 0, 0, 6, -12 ],
[ 0, 8, -3, 0, -1, 0, 1, -2, 4, -2, 12, -16 ],
[ 0, 9, -4, 0, -1, 1, 1, -1, 2, 1, 6, -13 ],
[ 0, 10, -5, 0, -1, -2, 1, 5, -1, 0, 7, -13 ],
[ 1, -4, 7, -2, 5, 1, -2, -1, 1, 2, 5, -12 ],
[ 1, -4, 7, -1, 2, 0, 0, 0, 1, 2, 7, -14 ],
[ 1, -4, 7, -1, 3, 1, -1, -1, 1, -3, 15, -17 ],
[ 1, -4, 7, 0, 0, 1, 1, -1, 1, 0, 6, -11 ],
[ 1, -4, 7, 0, 2, -1, -1, 2, 0, 2, 5, -12 ],
[ 1, -4, 7, 1, 0, -1, 0, 2, 0, -3, 15, -17 ],
[ 1, -4, 7, 1, 0, 0, 0, -1, 2, 0, 6, -11 ],
[ 1, -4, 7, 1, 0, 1, 0, -1, 1, 3, 6, -14 ],
[ 1, -4, 7, 2, -1, 1, 0, -1, 1, -2, 11, -14 ],
[ 1, -4, 8, 0, 0, 1, 0, -1, 2, 0, 6, -12 ],
[ 1, -3, 4, -5, 12, 0, -4, 0, 1, -2, 12, -15 ],
[ 1, -3, 4, -5, 13, -1, -5, 2, 0, 3, 5, -13 ],
[ 1, -3, 4, -4, 11, 0, -4, -1, 2, 1, 6, -12 ],
[ 1, -3, 4, -3, 10, 1, -4, -1, 1, -1, 11, -15 ],
[ 1, -3, 5, -3, 8, -1, -3, 2, 1, 1, 6, -13 ],
[ 1, -3, 5, -3, 8, 1, -3, -2, 3, -1, 10, -15 ],
[ 1, -3, 5, -2, 4, 1, 0, -2, 3, 2, 6, -14 ],
[ 1, -3, 5, -2, 4, 3, 0, -2, 1, 0, 6, -12 ],
[ 1, -3, 5, -2, 5, -2, -1, 5, -1, 1, 6, -13 ],
[ 1, -3, 5, -2, 5, 0, -1, 1, 1, -1, 10, -15 ],
[ 1, -3, 5, -1, 1, 2, 2, -1, 1, 0, 8, -14 ],
[ 1, -3, 5, -1, 2, -1, 1, 4, -1, -1, 10, -15 ],
[ 1, -3, 5, -1, 4, 0, -1, -2, 4, 2, 6, -14 ],
[ 1, -3, 5, -1, 4, 2, -1, -2, 2, 0, 6, -12 ],
[ 1, -3, 5, -1, 5, -1, -2, 1, 2, -1, 10, -15 ],
[ 1, -3, 5, 0, -1, 1, 3, -2, 3, 0, 7, -13 ],
[ 1, -3, 5, 0, 0, -1, 0, 2, 1, 2, 6, -12 ],
[ 1, -3, 5, 0, 0, -1, 0, 4, -1, 2, 4, -10 ],
[ 1, -3, 5, 0, 0, 1, 0, 0, 1, 0, 8, -12 ],
[ 1, -3, 5, 0, 0, 3, 0, -2, 1, -2, 10, -12 ],
[ 1, -3, 5, 0, 1, -1, 1, 1, 2, 2, 6, -14 ],
[ 1, -3, 5, 0, 1, 1, 1, -1, 2, 0, 8, -14 ],
[ 1, -3, 5, 0, 1, 1, 1, 1, 0, 0, 6, -12 ],
[ 1, -3, 5, 0, 2, -2, 0, 4, 0, -1, 10, -15 ],
[ 1, -3, 5, 1, -2, 0, 3, 2, 0, 0, 8, -14 ],
[ 1, -3, 5, 1, -1, -3, 2, 7, -2, -1, 10, -15 ],
[ 1, -3, 5, 1, -1, 0, 2, -2, 4, 0, 7, -13 ],
[ 1, -3, 5, 1, -1, 3, 2, -2, 1, 1, 7, -14 ],
[ 1, -3, 5, 1, 1, 0, 0, -1, 3, 0, 8, -14 ],
[ 1, -3, 5, 1, 1, 0, 0, 1, 1, 0, 6, -12 ],
[ 1, -3, 5, 2, -2, -1, 2, 2, 1, 0, 8, -14 ],
[ 1, -3, 5, 2, -2, -1, 2, 4, -1, 0, 6, -12 ],
[ 1, -3, 5, 2, -2, 1, 2, -2, 3, -2, 12, -16 ],
[ 1, -3, 5, 2, -1, 2, 1, -2, 2, 1, 7, -14 ],
[ 1, -3, 5, 3, -2, -2, 1, 4, 0, 0, 6, -12 ],
[ 1, -3, 5, 3, -2, 0, 1, -2, 4, -2, 12, -16 ],
[ 1, -3, 5, 3, -1, 1, 0, -2, 3, 1, 7, -14 ],
[ 1, -3, 6, -2, 5, 0, -2, -1, 2, -1, 12, -16 ],
[ 1, -3, 6, -1, 2, -1, 0, 2, 0, -1, 12, -16 ],
[ 1, -3, 6, 0, -1, 1, 2, -2, 4, 0, 7, -14 ],
[ 1, -3, 6, 0, 1, 1, 0, -1, 1, 0, 8, -13 ],
[ 1, -3, 6, 0, 2, 0, -1, 0, 1, -3, 14, -16 ],
[ 1, -3, 6, 1, -1, 0, 1, -2, 5, 0, 7, -14 ],
[ 1, -3, 6, 1, -1, 0, 1, 0, 1, 0, 5, -10 ],
[ 1, -3, 6, 2, -1, 0, 0, 0, 1, 3, 5, -13 ],
[ 1, -2, 1, -9, 22, 0, -8, -1, 2, 2, 6, -13 ],
[ 1, -2, 2, -7, 17, 0, -6, -1, 3, 0, 7, -13 ],
[ 1, -2, 2, -6, 14, -1, -4, 2, 1, 0, 7, -13 ],
[ 1, -2, 2, -6, 15, 2, -5, -2, 2, 1, 6, -13 ],
[ 1, -2, 2, -6, 16, -1, -6, 3, 0, 0, 8, -14 ],
[ 1, -2, 2, -5, 11, -2, -2, 5, -1, 0, 7, -13 ],
[ 1, -2, 2, -5, 12, 1, -3, 1, 0, 1, 6, -13 ],
[ 1, -2, 2, -5, 15, 1, -6, -2, 3, 1, 6, -13 ],
[ 1, -2, 2, -4, 10, 0, -2, -2, 4, 1, 7, -14 ],
[ 1, -2, 2, -4, 12, 0, -4, 1, 1, 1, 6, -13 ],
[ 1, -2, 2, -3, 7, -4, -2, 9, -1, 0, 7, -13 ],
[ 1, -2, 2, -3, 8, -3, -3, 7, -2, 3, 4, -11 ],
[ 1, -2, 2, -3, 8, -1, -3, 5, 0, 1, 6, -13 ],
[ 1, -2, 2, -3, 9, -1, -2, 4, -1, 1, 6, -13 ],
[ 1, -2, 2, -3, 9, 1, -2, 0, 1, -1, 10, -15 ],
[ 1, -2, 2, -3, 12, -1, -5, 1, 2, 1, 6, -13 ],
[ 1, -2, 2, -2, 4, -5, 0, 12, -3, 0, 7, -13 ],
[ 1, -2, 2, -2, 6, -5, -2, 13, -4, 0, 8, -14 ],
[ 1, -2, 2, -2, 9, -2, -3, 4, 0, 1, 6, -13 ],
[ 1, -2, 2, -2, 9, 0, -3, 0, 2, -1, 10, -15 ],
[ 1, -2, 2, -2, 10, 3, -4, -2, 1, 0, 7, -13 ],
[ 1, -2, 2, -1, 6, -3, -1, 7, -2, 1, 6, -13 ],
[ 1, -2, 3, -5, 12, 1, -4, -1, 1, 1, 8, -14 ],
[ 1, -2, 3, -4, 10, 0, -3, 0, 1, 1, 5, -11 ],
[ 1, -2, 3, -3, 7, 1, -1, -1, 1, -1, 9, -13 ],
[ 1, -2, 3, -3, 9, -1, -3, 2, 0, 1, 8, -14 ],
[ 1, -2, 3, -2, 3, 1, 2, -1, 1, 2, 5, -12 ],
[ 1, -2, 3, -2, 3, 3, 2, -3, 3, 0, 7, -14 ],
[ 1, -2, 3, -2, 4, 0, 1, 0, 1, -1, 11, -15 ],
[ 1, -2, 3, -2, 7, 0, -2, -1, 2, -1, 9, -13 ],
[ 1, -2, 3, -1, 0, 0, 4, 0, 1, 2, 7, -14 ],
[ 1, -2, 3, -1, 0, 2, 4, 0, 1, 0, 7, -14 ],
[ 1, -2, 3, -1, 1, 1, 3, -1, 1, -3, 15, -17 ],
[ 1, -2, 3, -1, 2, -3, 0, 9, -3, 1, 8, -14 ],
[ 1, -2, 3, -1, 2, -1, 0, 2, 0, 7, 3, -13 ],
[ 1, -2, 3, -1, 2, -1, 0, 5, -1, -1, 12, -16 ],
[ 1, -2, 3, -1, 2, 0, 0, -2, 5, 2, 7, -14 ],
[ 1, -2, 3, -1, 2, 0, 0, 0, 1, 2, 5, -10 ],
[ 1, -2, 3, -1, 2, 0, 0, 0, 3, 2, 5, -12 ],
[ 1, -2, 3, -1, 2, 1, 0, -1, 1, -3, 18, -18 ],
[ 1, -2, 3, -1, 2, 1, 0, 3, -1, -3, 14, -16 ],
[ 1, -2, 3, -1, 2, 2, 0, -2, 3, 0, 7, -12 ],
[ 1, -2, 3, -1, 2, 2, 0, -2, 5, 0, 7, -14 ],
[ 1, -2, 3, -1, 2, 2, 0, 0, 1, 0, 5, -10 ],
[ 1, -2, 3, -1, 2, 3, 0, 0, 0, 3, 5, -13 ],
[ 1, -2, 3, -1, 3, -3, -1, 7, -1, 1, 5, -11 ],
[ 1, -2, 3, -1, 3, -1, -1, 1, 3, -1, 11, -15 ],
[ 1, -2, 3, -1, 3, -1, -1, 3, 1, -1, 9, -13 ],
[ 1, -2, 3, -1, 3, 0, 1, -1, 2, 2, 5, -12 ],
[ 1, -2, 3, -1, 3, 1, -1, -3, 5, -3, 15, -17 ],
[ 1, -2, 3, -1, 3, 1, -1, -1, 1, -3, 13, -13 ],
[ 1, -2, 3, -1, 3, 2, 1, -3, 4, 0, 7, -14 ],
[ 1, -2, 3, -1, 4, -1, 0, 2, 0, -1, 9, -13 ],
[ 1, -2, 3, -1, 5, 0, -1, 0, 1, 2, 6, -13 ],
[ 1, -2, 3, -1, 6, 1, -2, -1, 1, -3, 14, -16 ],
[ 1, -2, 3, 0, -2, 1, 5, -1, 1, 0, 6, -11 ],
[ 1, -2, 3, 0, -1, -1, 2, 1, 3, 2, 7, -14 ],
[ 1, -2, 3, 0, -1, -1, 2, 3, 1, 2, 5, -12 ],
[ 1, -2, 3, 0, -1, 1, 2, -3, 5, 0, 11, -16 ],
[ 1, -2, 3, 0, -1, 1, 2, -1, 1, 0, 9, -12 ],
[ 1, -2, 3, 0, -1, 1, 2, -1, 3, 0, 9, -14 ],
[ 1, -2, 3, 0, -1, 1, 2, 1, 1, 0, 7, -12 ],
[ 1, -2, 3, 0, -1, 1, 2, 1, 3, 0, 7, -14 ],
[ 1, -2, 3, 0, -1, 1, 2, 3, -1, 0, 5, -10 ],
[ 1, -2, 3, 0, -1, 3, 2, -3, 3, -2, 11, -14 ],
[ 1, -2, 3, 0, 0, -4, 1, 10, -3, 1, 5, -11 ],
[ 1, -2, 3, 0, 0, -2, 1, 4, 1, -1, 11, -15 ],
[ 1, -2, 3, 0, 0, -2, 1, 6, -1, -1, 9, -13 ],
[ 1, -2, 3, 0, 0, -1, 3, 2, 0, 2, 5, -12 ],
[ 1, -2, 3, 0, 0, 0, 1, -1, 2, 5, 4, -12 ],
[ 1, -2, 3, 0, 0, 0, 1, 0, 1, -3, 15, -15 ],
[ 1, -2, 3, 0, 0, 0, 1, 0, 3, -3, 15, -17 ],
[ 1, -2, 3, 0, 0, 1, 1, -3, 5, 0, 6, -11 ],
[ 1, -2, 3, 0, 0, 1, 1, -1, 1, 0, 4, -7 ],
[ 1, -2, 3, 0, 0, 1, 3, 0, 2, 0, 7, -14 ],
[ 1, -2, 3, 0, 0, 2, 1, -3, 4, 3, 6, -14 ],
[ 1, -2, 3, 0, 0, 4, 1, -3, 2, 1, 6, -12 ],
[ 1, -2, 3, 0, 1, -1, 0, 2, 0, 2, 8, -13 ],
[ 1, -2, 3, 0, 1, -1, 0, 2, 2, 2, 8, -15 ],
[ 1, -2, 3, 0, 1, -1, 0, 4, 0, 2, 6, -13 ],
[ 1, -2, 3, 0, 1, 0, 2, -1, 2, -3, 15, -17 ],
[ 1, -2, 3, 0, 1, 1, 0, 0, 2, 0, 10, -15 ],
[ 1, -2, 3, 0, 1, 1, 0, 2, 0, 0, 8, -13 ],
[ 1, -2, 3, 0, 1, 3, 0, -2, 2, -2, 12, -15 ],
[ 1, -2, 3, 0, 1, 3, 0, 0, 0, -2, 10, -13 ],
[ 1, -2, 3, 0, 2, 1, 1, -1, 1, 0, 10, -15 ],
[ 1, -2, 3, 0, 3, 1, 0, -3, 5, 0, 7, -14 ],
[ 1, -2, 3, 0, 3, 1, 0, -1, 1, 0, 5, -10 ],
[ 1, -2, 3, 1, -3, 0, 5, -1, 2, 0, 11, -16 ],
[ 1, -2, 3, 1, -3, 0, 5, 3, 0, 0, 7, -14 ],
[ 1, -2, 3, 1, -2, -1, 4, 2, 0, -3, 15, -17 ],
[ 1, -2, 3, 1, -2, 0, 4, -1, 2, 0, 6, -11 ],
[ 1, -2, 3, 1, -2, 1, 4, -1, 1, 3, 6, -14 ],
[ 1, -2, 3, 1, -1, -5, 1, 12, -4, 1, 8, -14 ],
[ 1, -2, 3, 1, -1, -3, 1, 8, -2, -1, 12, -16 ],
[ 1, -2, 3, 1, -1, -2, 1, 3, 2, 2, 5, -12 ],
[ 1, -2, 3, 1, -1, -1, 1, 1, 1, 5, 7, -15 ],
[ 1, -2, 3, 1, -1, -1, 1, 2, 0, -3, 18, -18 ],
[ 1, -2, 3, 1, -1, -1, 1, 6, -2, -3, 14, -16 ],
[ 1, -2, 3, 1, -1, 0, 1, -3, 6, 0, 11, -16 ],
[ 1, -2, 3, 1, -1, 0, 1, -1, 2, 0, 9, -12 ],
[ 1, -2, 3, 1, -1, 0, 1, -1, 4, 0, 9, -14 ],
[ 1, -2, 3, 1, -1, 0, 1, 1, 0, 0, 7, -10 ],
[ 1, -2, 3, 1, -1, 0, 1, 1, 2, 0, 7, -12 ],
[ 1, -2, 3, 1, -1, 0, 1, 1, 4, 0, 7, -14 ],
[ 1, -2, 3, 1, -1, 0, 1, 3, 0, 0, 5, -10 ],
[ 1, -2, 3, 1, -1, 1, 1, -2, 2, -5, 22, -20 ],
[ 1, -2, 3, 1, -1, 1, 1, -1, 1, 3, 9, -15 ],
[ 1, -2, 3, 1, -1, 1, 1, 3, -1, 3, 5, -13 ],
[ 1, -2, 3, 1, -1, 2, 1, -3, 4, -2, 11, -14 ],
[ 1, -2, 3, 1, -1, 3, 1, -1, 1, 1, 9, -15 ],
[ 1, -2, 3, 1, -1, 5, 1, -3, 1, -1, 11, -15 ],
[ 1, -2, 3, 1, 0, -3, 0, 6, 0, -1, 9, -13 ],
[ 1, -2, 3, 1, 0, -1, 0, 0, 4, -3, 15, -17 ],
[ 1, -2, 3, 1, 0, -1, 0, 2, 0, -3, 13, -13 ],
[ 1, -2, 3, 1, 0, 0, 0, -3, 6, 0, 6, -11 ],
[ 1, -2, 3, 1, 0, 0, 0, -1, 2, 0, 4, -7 ],
[ 1, -2, 3, 1, 0, 0, 2, 0, 1, 0, 7, -12 ],
[ 1, -2, 3, 1, 0, 0, 2, 0, 3, 0, 7, -14 ],
[ 1, -2, 3, 1, 0, 1, 0, -3, 5, 3, 6, -14 ],
[ 1, -2, 3, 1, 0, 1, 0, -1, 1, 3, 4, -10 ],
[ 1, -2, 3, 1, 0, 3, 0, -3, 3, 1, 6, -12 ],
[ 1, -2, 3, 1, 1, 0, 3, -1, 2, 0, 7, -14 ],
[ 1, -2, 3, 1, 2, 0, 0, -1, 2, 0, 10, -15 ],
[ 1, -2, 3, 1, 3, -1, -1, 2, 0, -3, 14, -16 ],
[ 1, -2, 3, 1, 3, 0, -1, -3, 6, 0, 7, -14 ],
[ 1, -2, 3, 1, 3, 0, -1, -1, 2, 0, 5, -10 ],
[ 1, -2, 3, 1, 3, 1, -1, -1, 1, 3, 5, -13 ],
[ 1, -2, 3, 2, -3, -1, 4, 3, 1, 0, 7, -14 ],
[ 1, -2, 3, 2, -3, 1, 4, -1, 1, -2, 11, -14 ],
[ 1, -2, 3, 2, -2, 0, 3, -1, 2, 3, 6, -14 ],
[ 1, -2, 3, 2, -1, -1, 2, 2, 0, 0, 10, -15 ],
[ 1, -2, 3, 2, 0, -1, 1, 0, 4, 0, 7, -14 ],
[ 1, -2, 3, 2, 0, -1, 1, 2, 0, 0, 5, -10 ],
[ 1, -2, 3, 3, -3, -2, 3, 3, 2, 0, 7, -14 ],
[ 1, -2, 3, 3, -3, 0, 3, -1, 2, -2, 11, -14 ],
[ 1, -2, 3, 3, -2, 1, 2, -1, 1, 1, 6, -12 ],
[ 1, -2, 3, 3, -1, 0, 1, 0, 1, -2, 12, -15 ],
[ 1, -2, 3, 3, 0, -1, 0, 2, 0, 3, 5, -13 ],
[ 1, -2, 3, 4, -2, 0, 1, -1, 2, 1, 6, -12 ],
[ 1, -2, 3, 5, -3, 1, 1, -1, 1, -1, 11, -15 ],
[ 1, -2, 4, -3, 7, -1, -2, 1, 2, 1, 7, -14 ],
[ 1, -2, 4, -3, 7, 1, -2, -1, 2, -1, 9, -14 ],
[ 1, -2, 4, -2, 4, -2, 0, 4, 0, 1, 7, -14 ],
[ 1, -2, 4, -2, 4, 0, 0, 2, 0, -1, 9, -14 ],
[ 1, -2, 4, -2, 5, 3, -1, -2, 1, 0, 8, -14 ],
[ 1, -2, 4, -1, 1, -3, 2, 7, -2, 1, 7, -14 ],
[ 1, -2, 4, -1, 4, -1, -1, 2, 1, -1, 9, -14 ],
[ 1, -2, 4, -1, 5, 2, -2, -2, 2, 0, 8, -14 ],
[ 1, -2, 4, 0, -2, 1, 4, -1, 2, 0, 6, -12 ],
[ 1, -2, 4, 0, 0, 1, 0, -1, 2, 0, 4, -8 ],
[ 1, -2, 4, 0, 0, 1, 2, -2, 3, 0, 9, -15 ],
[ 1, -2, 4, 0, 0, 1, 2, 0, 1, 0, 7, -13 ],
[ 1, -2, 4, 0, 1, -2, 1, 5, -1, -1, 9, -14 ],
[ 1, -2, 4, 0, 2, 1, 0, 1, 0, 0, 8, -14 ],
[ 1, -2, 4, 1, -2, 0, 3, -1, 3, 0, 6, -12 ],
[ 1, -2, 4, 1, 0, 0, 1, -2, 4, 0, 9, -15 ],
[ 1, -2, 4, 1, 0, 0, 1, 0, 2, 0, 7, -13 ],
[ 1, -2, 4, 1, 2, 0, -1, 1, 1, 0, 8, -14 ],
[ 1, -2, 4, 2, -2, 2, 2, -1, 1, 1, 6, -13 ],
[ 1, -2, 4, 2, -1, -1, 1, 4, -1, 0, 8, -14 ],
[ 1, -2, 4, 3, -2, 1, 1, -1, 2, 1, 6, -13 ],
[ 1, -2, 4, 3, -1, -2, 0, 4, 0, 0, 8, -14 ],
[ 1, -2, 5, -1, 3, 0, -1, -1, 2, 2, 5, -12 ],
[ 1, -2, 5, -1, 3, 2, -1, -3, 4, 0, 7, -14 ],
[ 1, -2, 5, 0, 0, -1, 1, 2, 0, 2, 5, -12 ],
[ 1, -2, 5, 0, 1, 0, 0, -1, 2, -3, 15, -17 ],
[ 1, -2, 5, 1, 0, 0, 0, 0, 1, 0, 7, -12 ],
[ 1, -2, 5, 1, 0, 0, 0, 0, 3, 0, 7, -14 ],
[ 1, -2, 6, 0, 0, 1, 0, 0, 1, 0, 7, -13 ],
[ 1, -1, 0, -5, 10, 0, 0, 0, 1, -2, 12, -15 ],
[ 1, -1, 0, -5, 11, -1, -1, 2, 0, 3, 5, -13 ],
[ 1, -1, 0, -4, 9, 0, 0, -1, 2, 1, 6, -12 ],
[ 1, -1, 0, -3, 8, 1, 0, -1, 1, -1, 11, -15 ],
[ 1, -1, 1, -6, 15, -1, -5, 4, -1, 0, 7, -13 ],
[ 1, -1, 1, -5, 11, 1, -2, 0, 1, 1, 7, -14 ],
[ 1, -1, 1, -5, 11, 3, -2, -2, 1, -1, 9, -14 ],
[ 1, -1, 1, -4, 9, 0, -1, -1, 3, 1, 6, -13 ],
[ 1, -1, 1, -4, 11, 0, -3, 0, 2, 1, 7, -14 ],
[ 1, -1, 1, -4, 11, 2, -3, -2, 2, -1, 9, -14 ],
[ 1, -1, 1, -4, 12, -3, -4, 7, -2, 0, 7, -13 ],
[ 1, -1, 1, -4, 13, 2, -5, -1, 1, -1, 10, -15 ],
[ 1, -1, 1, -3, 6, -1, 1, 2, 1, 1, 6, -13 ],
[ 1, -1, 1, -3, 6, 1, 1, -2, 3, -1, 10, -15 ],
[ 1, -1, 1, -3, 7, -1, -2, 2, 1, 1, 9, -14 ],
[ 1, -1, 1, -3, 7, -1, -2, 4, -1, 1, 7, -12 ],
[ 1, -1, 1, -3, 7, -1, -2, 4, 1, 1, 7, -14 ],
[ 1, -1, 1, -3, 7, -1, -2, 6, -1, 1, 5, -12 ],
[ 1, -1, 1, -3, 7, 1, -2, -2, 3, -1, 13, -16 ],
[ 1, -1, 1, -3, 7, 1, -2, 0, 1, -1, 11, -14 ],
[ 1, -1, 1, -3, 7, 1, -2, 2, 1, -1, 9, -14 ],
[ 1, -1, 1, -3, 7, 3, -2, -2, 1, -3, 13, -14 ],
[ 1, -1, 1, -3, 8, -2, -3, 5, -1, -2, 13, -15 ],
[ 1, -1, 1, -3, 8, -1, -3, 2, 1, 1, 4, -9 ],
[ 1, -1, 1, -3, 8, -1, -1, 3, 0, 1, 7, -14 ],
[ 1, -1, 1, -3, 8, 0, -3, 2, 0, 4, 4, -12 ],
[ 1, -1, 1, -3, 8, 1, -3, -2, 3, -1, 8, -11 ],
[ 1, -1, 1, -3, 8, 1, -1, 1, 0, -1, 9, -14 ],
[ 1, -1, 1, -3, 8, 4, -3, 0, 0, 0, 6, -12 ],
[ 1, -1, 1, -3, 11, 1, -4, -2, 3, -1, 9, -14 ],
[ 1, -1, 1, -2, 2, 1, 4, -2, 3, 2, 6, -14 ],
[ 1, -1, 1, -2, 2, 3, 4, -2, 1, 0, 6, -12 ],
[ 1, -1, 1, -2, 3, -2, 3, 5, -1, 1, 6, -13 ],
[ 1, -1, 1, -2, 3, 0, 3, 1, 1, -1, 10, -15 ],
[ 1, -1, 1, -2, 4, -2, 0, 5, -1, 1, 9, -14 ],
[ 1, -1, 1, -2, 4, -2, 0, 7, -1, 1, 7, -14 ],
[ 1, -1, 1, -2, 4, -2, 0, 9, -3, 1, 5, -12 ],
[ 1, -1, 1, -2, 4, 0, 0, 1, 1, -1, 13, -16 ],
[ 1, -1, 1, -2, 4, 0, 0, 5, -1, -1, 9, -14 ],
[ 1, -1, 1, -2, 4, 1, 0, -4, 7, 2, 6, -14 ],
[ 1, -1, 1, -2, 4, 1, 0, -2, 3, 2, 4, -10 ],
[ 1, -1, 1, -2, 4, 2, 0, -3, 3, -3, 17, -18 ],
[ 1, -1, 1, -2, 4, 2, 0, -2, 2, 5, 4, -13 ],
[ 1, -1, 1, -2, 4, 2, 0, -1, 1, -3, 15, -16 ],
[ 1, -1, 1, -2, 4, 3, 0, -4, 5, 0, 6, -12 ],
[ 1, -1, 1, -2, 4, 3, 0, -2, 1, 0, 4, -8 ],
[ 1, -1, 1, -2, 4, 6, 0, -4, 2, 1, 6, -13 ],
[ 1, -1, 1, -2, 5, -5, -1, 14, -5, 0, 7, -13 ],
[ 1, -1, 1, -2, 5, -2, -1, 3, 3, 1, 6, -13 ],
[ 1, -1, 1, -2, 5, -2, -1, 5, -1, 1, 4, -9 ],
[ 1, -1, 1, -2, 5, -1, -1, 3, 0, 4, 6, -14 ],
[ 1, -1, 1, -2, 5, -1, -1, 4, -1, -4, 17, -17 ],
[ 1, -1, 1, -2, 5, 0, -1, -1, 3, -1, 10, -13 ],
[ 1, -1, 1, -2, 5, 0, -1, -1, 5, -1, 10, -15 ],
[ 1, -1, 1, -2, 5, 0, -1, 1, 1, -1, 8, -11 ],
[ 1, -1, 1, -2, 5, 1, -1, 1, 0, 2, 8, -14 ],
[ 1, -1, 1, -2, 5, 3, -1, 1, 0, 0, 8, -14 ],
[ 1, -1, 1, -2, 6, 0, -2, 2, 0, -1, 14, -17 ],
[ 1, -1, 1, -2, 6, 0, -2, 6, -2, -1, 10, -15 ],
[ 1, -1, 1, -2, 6, 0, 0, -2, 4, -1, 10, -15 ],
[ 1, -1, 1, -2, 6, 1, -2, -1, 2, 2, 5, -11 ],
[ 1, -1, 1, -2, 6, 2, -2, -1, 1, 5, 5, -14 ],
[ 1, -1, 1, -2, 6, 3, -2, -3, 4, 0, 7, -13 ],
[ 1, -1, 1, -2, 6, 6, -2, -3, 1, 1, 7, -14 ],
[ 1, -1, 1, -2, 8, 0, -2, 1, 1, -1, 9, -14 ],
[ 1, -1, 1, -2, 10, 0, -4, 2, 0, -1, 10, -15 ],
[ 1, -1, 1, -1, -1, 0, 6, 1, 1, 2, 6, -14 ],
[ 1, -1, 1, -1, -1, 2, 6, -1, 1, 0, 8, -14 ],
[ 1, -1, 1, -1, 0, -1, 5, 4, -1, -1, 10, -15 ],
[ 1, -1, 1, -1, 1, -3, 2, 10, -3, 1, 7, -14 ],
[ 1, -1, 1, -1, 1, -1, 2, 4, -1, -1, 13, -16 ],
[ 1, -1, 1, -1, 1, -1, 2, 8, -3, -1, 9, -14 ],
[ 1, -1, 1, -1, 1, 0, 2, -1, 3, 2, 6, -12 ],
[ 1, -1, 1, -1, 1, 0, 2, -1, 5, 2, 6, -14 ],
[ 1, -1, 1, -1, 1, 0, 2, 1, 1, 2, 4, -10 ],
[ 1, -1, 1, -1, 1, 1, 2, 0, 1, -3, 17, -18 ],
[ 1, -1, 1, -1, 1, 1, 2, 1, 0, 5, 4, -13 ],
[ 1, -1, 1, -1, 1, 2, 2, -3, 5, 0, 8, -14 ],
[ 1, -1, 1, -1, 1, 2, 2, -1, 1, 0, 6, -10 ],
[ 1, -1, 1, -1, 1, 2, 2, -1, 3, 0, 6, -12 ],
[ 1, -1, 1, -1, 1, 3, 2, -2, 1, -5, 19, -18 ],
[ 1, -1, 1, -1, 1, 5, 2, -1, 0, 1, 6, -13 ],
[ 1, -1, 1, -1, 2, -3, 1, 6, 1, 1, 6, -13 ],
[ 1, -1, 1, -1, 2, -1, 1, 2, 1, -1, 10, -13 ],
[ 1, -1, 1, -1, 2, -1, 1, 2, 3, -1, 10, -15 ],
[ 1, -1, 1, -1, 2, -1, 1, 4, -1, -1, 8, -11 ],
[ 1, -1, 1, -1, 2, 0, 3, -2, 4, 2, 6, -14 ],
[ 1, -1, 1, -1, 2, 1, 1, -2, 3, -3, 14, -15 ],
[ 1, -1, 1, -1, 2, 2, 3, -2, 2, 0, 6, -12 ],
[ 1, -1, 1, -1, 3, -1, 2, 1, 2, -1, 10, -15 ],
[ 1, -1, 1, -1, 3, 0, 0, -2, 4, 2, 9, -15 ],
[ 1, -1, 1, -1, 3, 0, 0, 0, 2, 2, 7, -13 ],
[ 1, -1, 1, -1, 3, 0, 0, 2, 0, 2, 5, -11 ],
[ 1, -1, 1, -1, 3, 2, 0, -2, 2, 0, 9, -13 ],
[ 1, -1, 1, -1, 3, 2, 0, -2, 4, 0, 9, -15 ],
[ 1, -1, 1, -1, 3, 2, 0, 0, 2, 0, 7, -13 ],
[ 1, -1, 1, -1, 3, 4, 0, -4, 4, -2, 11, -15 ],
[ 1, -1, 1, -1, 4, -3, -1, 7, -2, 1, 7, -12 ],
[ 1, -1, 1, -1, 4, -3, -1, 7, 0, 1, 7, -14 ],
[ 1, -1, 1, -1, 4, -3, -1, 9, -2, 1, 5, -12 ],
[ 1, -1, 1, -1, 4, -1, -1, 1, 2, -1, 13, -16 ],
[ 1, -1, 1, -1, 4, -1, -1, 3, 0, -1, 11, -14 ],
[ 1, -1, 1, -1, 4, -1, -1, 5, 0, -1, 9, -14 ],
[ 1, -1, 1, -1, 4, 0, -1, -4, 8, 2, 6, -14 ],
[ 1, -1, 1, -1, 4, 0, -1, -2, 4, 2, 4, -10 ],
[ 1, -1, 1, -1, 4, 1, -1, -3, 4, -3, 17, -18 ],
[ 1, -1, 1, -1, 4, 1, -1, -2, 3, 5, 4, -13 ],
[ 1, -1, 1, -1, 4, 1, -1, -1, 2, -3, 15, -16 ],
[ 1, -1, 1, -1, 4, 1, -1, 1, 0, -3, 13, -14 ],
[ 1, -1, 1, -1, 4, 2, -1, -4, 6, 0, 6, -12 ],
[ 1, -1, 1, -1, 4, 2, -1, -2, 2, 0, 4, -8 ],
[ 1, -1, 1, -1, 4, 2, 1, -1, 1, 0, 7, -13 ],
[ 1, -1, 1, -1, 4, 3, -1, -2, 1, 3, 4, -11 ],
[ 1, -1, 1, -1, 4, 5, -1, -4, 3, 1, 6, -13 ],
[ 1, -1, 1, -1, 5, -2, -2, 5, -1, 4, 4, -12 ],
[ 1, -1, 1, -1, 5, -1, -2, 1, 2, -1, 8, -11 ],
[ 1, -1, 1, -1, 5, -1, 0, 4, -1, -1, 9, -14 ],
[ 1, -1, 1, -1, 5, 2, -2, -1, 1, 0, 10, -14 ],
[ 1, -1, 1, -1, 5, 2, -2, 3, -1, 0, 6, -12 ],
[ 1, -1, 1, -1, 8, -1, -3, 1, 2, -1, 9, -14 ],
[ 1, -1, 1, -1, 9, 2, -4, -1, 1, 0, 6, -12 ],
[ 1, -1, 1, 0, -3, 1, 7, -2, 3, 0, 7, -13 ],
[ 1, -1, 1, 0, -2, -1, 4, 2, 1, 2, 6, -12 ],
[ 1, -1, 1, 0, -2, -1, 4, 2, 3, 2, 6, -14 ],
[ 1, -1, 1, 0, -2, -1, 4, 4, -1, 2, 4, -10 ],
[ 1, -1, 1, 0, -2, 1, 4, -2, 3, 0, 10, -14 ],
[ 1, -1, 1, 0, -2, 1, 4, 0, 1, 0, 8, -12 ],
[ 1, -1, 1, 0, -2, 1, 4, 0, 3, 0, 8, -14 ],
[ 1, -1, 1, 0, -2, 1, 4, 2, 1, 0, 6, -12 ],
[ 1, -1, 1, 0, -2, 3, 4, -4, 5, -2, 12, -16 ],
[ 1, -1, 1, 0, -2, 3, 4, -2, 1, -2, 10, -12 ],
[ 1, -1, 1, 0, -1, -4, 3, 9, -1, 1, 6, -13 ],
[ 1, -1, 1, 0, -1, -2, 3, 5, -1, -1, 10, -13 ],
[ 1, -1, 1, 0, -1, -2, 3, 5, 1, -1, 10, -15 ],
[ 1, -1, 1, 0, -1, -1, 5, 1, 2, 2, 6, -14 ],
[ 1, -1, 1, 0, -1, 0, 3, -2, 4, 5, 5, -14 ],
[ 1, -1, 1, 0, -1, 0, 3, -1, 3, -3, 16, -17 ],
[ 1, -1, 1, 0, -1, 0, 3, 1, 1, -3, 14, -15 ],
[ 1, -1, 1, 0, -1, 1, 3, -4, 7, 0, 7, -13 ],
[ 1, -1, 1, 0, -1, 1, 3, -2, 3, 0, 5, -9 ],
[ 1, -1, 1, 0, -1, 1, 5, -1, 2, 0, 8, -14 ],
[ 1, -1, 1, 0, -1, 1, 5, 1, 0, 0, 6, -12 ],
[ 1, -1, 1, 0, -1, 2, 3, -2, 2, 3, 5, -12 ],
[ 1, -1, 1, 0, -1, 4, 3, -4, 4, 1, 7, -14 ],
[ 1, -1, 1, 0, 0, -2, 4, 4, 0, -1, 10, -15 ],
[ 1, -1, 1, 0, 0, -1, 2, 1, 2, 2, 9, -15 ],
[ 1, -1, 1, 0, 0, -1, 2, 3, 0, 2, 7, -13 ],
[ 1, -1, 1, 0, 0, 1, 2, -1, 2, 0, 11, -15 ],
[ 1, -1, 1, 0, 0, 1, 2, 1, 0, 0, 9, -13 ],
[ 1, -1, 1, 0, 0, 1, 2, 1, 2, 0, 9, -15 ],
[ 1, -1, 1, 0, 0, 1, 2, 3, 0, 0, 7, -13 ],
[ 1, -1, 1, 0, 0, 3, 2, -1, 2, -2, 11, -15 ],
[ 1, -1, 1, 0, 1, -4, 1, 10, -2, 1, 7, -14 ],
[ 1, -1, 1, 0, 1, -4, 1, 12, -4, 1, 5, -12 ],
[ 1, -1, 1, 0, 1, -2, 1, 4, 0, -1, 13, -16 ],
[ 1, -1, 1, 0, 1, -2, 1, 8, -2, -1, 9, -14 ],
[ 1, -1, 1, 0, 1, -1, 1, -1, 6, 2, 6, -14 ],
[ 1, -1, 1, 0, 1, -1, 1, 1, 2, 2, 4, -10 ],
[ 1, -1, 1, 0, 1, 0, 1, 0, 2, -3, 17, -18 ],
[ 1, -1, 1, 0, 1, 0, 1, 1, 1, 5, 4, -13 ],
[ 1, -1, 1, 0, 1, 0, 1, 2, 0, -3, 15, -16 ],
[ 1, -1, 1, 0, 1, 1, 1, -3, 6, 0, 8, -14 ],
[ 1, -1, 1, 0, 1, 1, 1, -1, 2, 0, 6, -10 ],
[ 1, -1, 1, 0, 1, 1, 1, -1, 4, 0, 6, -12 ],
[ 1, -1, 1, 0, 1, 1, 1, 1, 0, 0, 4, -8 ],
[ 1, -1, 1, 0, 1, 2, 1, -2, 2, -5, 19, -18 ],
[ 1, -1, 1, 0, 1, 2, 1, -1, 1, 3, 6, -13 ],
[ 1, -1, 1, 0, 1, 4, 1, -1, 1, 1, 6, -13 ],
[ 1, -1, 1, 0, 1, 6, 1, -3, 1, -1, 8, -13 ],
[ 1, -1, 1, 0, 2, -7, 0, 17, -6, 0, 7, -13 ],
[ 1, -1, 1, 0, 2, -3, 0, 6, -1, 4, 6, -14 ],
[ 1, -1, 1, 0, 2, -3, 0, 7, -2, -4, 17, -17 ],
[ 1, -1, 1, 0, 2, -2, 0, 2, 4, -1, 10, -15 ],
[ 1, -1, 1, 0, 2, -2, 0, 4, 0, -1, 8, -11 ],
[ 1, -1, 1, 0, 2, -1, 0, 4, -1, 2, 8, -14 ],
[ 1, -1, 1, 0, 2, 0, 0, -2, 4, -3, 14, -15 ],
[ 1, -1, 1, 0, 2, 1, 0, 0, 1, 0, 12, -16 ],
[ 1, -1, 1, 0, 2, 1, 0, 4, -1, 0, 8, -14 ],
[ 1, -1, 1, 0, 2, 1, 2, -2, 3, 0, 6, -12 ],
[ 1, -1, 1, 0, 2, 3, 0, -2, 1, -2, 14, -16 ],
[ 1, -1, 1, 0, 3, -2, -1, 5, -1, -1, 14, -17 ],
[ 1, -1, 1, 0, 3, -2, -1, 9, -3, -1, 10, -15 ],
[ 1, -1, 1, 0, 3, -1, -1, 2, 1, 2, 5, -11 ],
[ 1, -1, 1, 0, 3, 0, -1, 2, 0, 5, 5, -14 ],
[ 1, -1, 1, 0, 3, 1, -1, -2, 3, 0, 9, -13 ],
[ 1, -1, 1, 0, 3, 1, -1, -2, 5, 0, 9, -15 ],
[ 1, -1, 1, 0, 3, 1, -1, 0, 1, 0, 7, -11 ],
[ 1, -1, 1, 0, 3, 1, -1, 0, 3, 0, 7, -13 ],
[ 1, -1, 1, 0, 3, 2, -1, -1, 1, -5, 20, -19 ],
[ 1, -1, 1, 0, 3, 4, -1, 0, 0, 1, 7, -14 ],
[ 1, -1, 1, 0, 4, 1, 0, -1, 2, 0, 7, -13 ],
[ 1, -1, 1, 0, 5, -2, -1, 4, 0, -1, 9, -14 ],
[ 1, -1, 1, 0, 6, 1, -2, 0, 1, 0, 8, -14 ],
[ 1, -1, 1, 0, 7, -2, -3, 5, -1, -1, 10, -15 ],
[ 1, -1, 1, 1, -4, -2, 7, 4, 0, 2, 6, -14 ],
[ 1, -1, 1, 1, -4, 0, 7, 2, 0, 0, 8, -14 ],
[ 1, -1, 1, 1, -4, 2, 7, -2, 2, -2, 12, -16 ],
[ 1, -1, 1, 1, -3, -3, 6, 7, -2, -1, 10, -15 ],
[ 1, -1, 1, 1, -3, 0, 6, -2, 4, 0, 7, -13 ],
[ 1, -1, 1, 1, -3, 3, 6, -2, 1, 1, 7, -14 ],
[ 1, -1, 1, 1, -2, -5, 3, 13, -4, 1, 7, -14 ],
[ 1, -1, 1, 1, -2, -3, 3, 7, -2, -1, 13, -16 ],
[ 1, -1, 1, 1, -2, -3, 3, 11, -4, -1, 9, -14 ],
[ 1, -1, 1, 1, -2, -2, 3, 2, 4, 2, 6, -14 ],
[ 1, -1, 1, 1, -2, -2, 3, 4, 0, 2, 4, -10 ],
[ 1, -1, 1, 1, -2, -1, 3, 3, 0, -3, 17, -18 ],
[ 1, -1, 1, 1, -2, -1, 3, 4, -1, 5, 4, -13 ],
[ 1, -1, 1, 1, -2, 0, 3, -2, 4, 0, 10, -14 ],
[ 1, -1, 1, 1, -2, 0, 3, 0, 2, 0, 8, -12 ],
[ 1, -1, 1, 1, -2, 0, 3, 0, 4, 0, 8, -14 ],
[ 1, -1, 1, 1, -2, 0, 3, 2, 0, 0, 6, -10 ],
[ 1, -1, 1, 1, -2, 0, 3, 2, 2, 0, 6, -12 ],
[ 1, -1, 1, 1, -2, 1, 3, 0, 1, 3, 8, -15 ],
[ 1, -1, 1, 1, -2, 1, 3, 1, 0, -5, 19, -18 ],
[ 1, -1, 1, 1, -2, 2, 3, -4, 6, -2, 12, -16 ],
[ 1, -1, 1, 1, -2, 2, 3, -2, 2, -2, 10, -12 ],
[ 1, -1, 1, 1, -2, 3, 3, -2, 1, 1, 10, -15 ],
[ 1, -1, 1, 1, -2, 3, 3, 2, -1, 1, 6, -13 ],
[ 1, -1, 1, 1, -2, 5, 3, -2, 1, -1, 10, -15 ],
[ 1, -1, 1, 1, -1, -3, 2, 5, 2, -1, 10, -15 ],
[ 1, -1, 1, 1, -1, -3, 2, 7, -2, -1, 8, -11 ],
[ 1, -1, 1, 1, -1, -1, 2, 1, 2, -3, 14, -15 ],
[ 1, -1, 1, 1, -1, 0, 2, -4, 8, 0, 7, -13 ],
[ 1, -1, 1, 1, -1, 0, 2, -2, 4, 0, 5, -9 ],
[ 1, -1, 1, 1, -1, 0, 4, -1, 3, 0, 8, -14 ],
[ 1, -1, 1, 1, -1, 0, 4, 1, 1, 0, 6, -12 ],
[ 1, -1, 1, 1, -1, 1, 2, -2, 3, 3, 5, -12 ],
[ 1, -1, 1, 1, -1, 3, 2, -4, 5, 1, 7, -14 ],
[ 1, -1, 1, 1, -1, 3, 2, -2, 1, 1, 5, -10 ],
[ 1, -1, 1, 1, 0, -2, 1, 5, -1, 2, 5, -11 ],
[ 1, -1, 1, 1, 0, 0, 1, -1, 3, 0, 11, -15 ],
[ 1, -1, 1, 1, 0, 0, 1, 1, 1, 0, 9, -13 ],
[ 1, -1, 1, 1, 0, 0, 1, 1, 3, 0, 9, -15 ],
[ 1, -1, 1, 1, 0, 0, 1, 3, 1, 0, 7, -13 ],
[ 1, -1, 1, 1, 0, 2, 1, -1, 1, -2, 11, -13 ],
[ 1, -1, 1, 1, 1, -5, 0, 12, -3, 1, 5, -12 ],
[ 1, -1, 1, 1, 1, -3, 0, 8, -1, -1, 9, -14 ],
[ 1, -1, 1, 1, 1, -1, 0, 1, 2, 5, 4, -13 ],
[ 1, -1, 1, 1, 1, -1, 0, 2, 1, -3, 15, -16 ],
[ 1, -1, 1, 1, 1, -1, 0, 4, -1, -3, 13, -14 ],
[ 1, -1, 1, 1, 1, 0, 0, -3, 7, 0, 8, -14 ],
[ 1, -1, 1, 1, 1, 0, 0, -1, 3, 0, 6, -10 ],
[ 1, -1, 1, 1, 1, 0, 0, -1, 5, 0, 6, -12 ],
[ 1, -1, 1, 1, 1, 0, 0, 1, 1, 0, 4, -8 ],
[ 1, -1, 1, 1, 1, 0, 2, 0, 2, 0, 9, -15 ],
[ 1, -1, 1, 1, 1, 0, 2, 2, 0, 0, 7, -13 ],
[ 1, -1, 1, 1, 1, 1, 0, -2, 3, -5, 19, -18 ],
[ 1, -1, 1, 1, 1, 1, 0, -1, 2, 3, 6, -13 ],
[ 1, -1, 1, 1, 1, 1, 0, 1, 0, 3, 4, -11 ],
[ 1, -1, 1, 1, 1, 3, 0, -1, 2, 1, 6, -13 ],
[ 1, -1, 1, 1, 1, 5, 0, -3, 2, -1, 8, -13 ],
[ 1, -1, 1, 1, 2, -3, 1, 7, -2, -1, 9, -14 ],
[ 1, -1, 1, 1, 2, 0, -1, 2, 0, 0, 10, -14 ],
[ 1, -1, 1, 1, 2, 0, -1, 6, -2, 0, 6, -12 ],
[ 1, -1, 1, 1, 2, 0, 1, -2, 4, 0, 6, -12 ],
[ 1, -1, 1, 1, 2, 3, 1, -2, 1, 1, 6, -13 ],
[ 1, -1, 1, 1, 4, 0, -1, -1, 3, 0, 7, -13 ],
[ 1, -1, 1, 1, 6, 0, -3, 2, 0, 0, 6, -12 ],
[ 1, -1, 1, 2, -4, -1, 6, 2, 1, 0, 8, -14 ],
[ 1, -1, 1, 2, -4, -1, 6, 4, -1, 0, 6, -12 ],
[ 1, -1, 1, 2, -4, 1, 6, -2, 3, -2, 12, -16 ],
[ 1, -1, 1, 2, -3, 2, 5, -2, 2, 1, 7, -14 ],
[ 1, -1, 1, 2, -2, -6, 2, 15, -5, 1, 5, -12 ],
[ 1, -1, 1, 2, -2, -4, 2, 11, -3, -1, 9, -14 ],
[ 1, -1, 1, 2, -2, -2, 2, 4, 0, 5, 4, -13 ],
[ 1, -1, 1, 2, -2, -2, 2, 5, -1, -3, 15, -16 ],
[ 1, -1, 1, 2, -2, -1, 2, 0, 5, 0, 8, -14 ],
[ 1, -1, 1, 2, -2, -1, 2, 2, 1, 0, 6, -10 ],
[ 1, -1, 1, 2, -2, -1, 2, 2, 3, 0, 6, -12 ],
[ 1, -1, 1, 2, -2, -1, 2, 4, -1, 0, 4, -8 ],
[ 1, -1, 1, 2, -2, 0, 2, 0, 2, 3, 8, -15 ],
[ 1, -1, 1, 2, -2, 0, 2, 1, 1, -5, 19, -18 ],
[ 1, -1, 1, 2, -2, 0, 2, 2, 0, 3, 6, -13 ],
[ 1, -1, 1, 2, -2, 1, 2, -4, 7, -2, 12, -16 ],
[ 1, -1, 1, 2, -2, 1, 2, -2, 3, -2, 10, -12 ],
[ 1, -1, 1, 2, -2, 2, 2, -2, 2, 1, 10, -15 ],
[ 1, -1, 1, 2, -2, 2, 2, 2, 0, 1, 6, -13 ],
[ 1, -1, 1, 2, -2, 4, 2, -2, 2, -1, 10, -15 ],
[ 1, -1, 1, 2, -2, 4, 2, 0, 0, -1, 8, -13 ],
[ 1, -1, 1, 2, -1, -3, 1, 7, -2, 2, 8, -14 ],
[ 1, -1, 1, 2, -1, -1, 1, 3, 0, 0, 12, -16 ],
[ 1, -1, 1, 2, -1, -1, 1, 7, -2, 0, 8, -14 ],
[ 1, -1, 1, 2, -1, -1, 3, 1, 2, 0, 6, -12 ],
[ 1, -1, 1, 2, -1, 0, 1, -2, 4, 3, 5, -12 ],
[ 1, -1, 1, 2, -1, 1, 1, 1, 0, -2, 14, -16 ],
[ 1, -1, 1, 2, -1, 2, 1, -4, 6, 1, 7, -14 ],
[ 1, -1, 1, 2, -1, 2, 1, -2, 2, 1, 5, -10 ],
[ 1, -1, 1, 2, -1, 3, 1, -3, 2, -4, 18, -18 ],
[ 1, -1, 1, 2, -1, 3, 1, -2, 1, 4, 5, -13 ],
[ 1, -1, 1, 2, -1, 7, 1, -4, 1, 0, 7, -13 ],
[ 1, -1, 1, 2, 0, -4, 0, 12, -4, -1, 10, -15 ],
[ 1, -1, 1, 2, 0, -2, 0, 5, -1, 5, 5, -14 ],
[ 1, -1, 1, 2, 0, -1, 0, 1, 2, 0, 9, -13 ],
[ 1, -1, 1, 2, 0, -1, 0, 1, 4, 0, 9, -15 ],
[ 1, -1, 1, 2, 0, -1, 0, 3, 0, 0, 7, -11 ],
[ 1, -1, 1, 2, 0, -1, 0, 3, 2, 0, 7, -13 ],
[ 1, -1, 1, 2, 0, 0, 0, 2, 0, -5, 20, -19 ],
[ 1, -1, 1, 2, 0, 1, 0, -1, 2, -2, 11, -13 ],
[ 1, -1, 1, 2, 0, 2, 0, -1, 1, 1, 11, -16 ],
[ 1, -1, 1, 2, 0, 2, 0, 3, -1, 1, 7, -14 ],
[ 1, -1, 1, 2, 1, -1, 1, 2, 1, 0, 7, -13 ],
[ 1, -1, 1, 2, 2, 2, 0, -2, 2, 1, 6, -13 ],
[ 1, -1, 1, 2, 3, -1, -1, 3, 0, 0, 8, -14 ],
[ 1, -1, 1, 2, 4, 2, -2, -1, 1, 1, 7, -14 ],
[ 1, -1, 1, 3, -4, -2, 5, 4, 0, 0, 6, -12 ],
[ 1, -1, 1, 3, -4, 0, 5, -2, 4, -2, 12, -16 ],
[ 1, -1, 1, 3, -3, 1, 4, -2, 3, 1, 7, -14 ],
[ 1, -1, 1, 3, -2, -5, 1, 11, -2, -1, 9, -14 ],
[ 1, -1, 1, 3, -2, -3, 1, 7, -2, -3, 13, -14 ],
[ 1, -1, 1, 3, -2, -2, 1, 2, 4, 0, 6, -12 ],
[ 1, -1, 1, 3, -2, -2, 1, 4, 0, 0, 4, -8 ],
[ 1, -1, 1, 3, -2, -2, 3, 5, -1, 0, 7, -13 ],
[ 1, -1, 1, 3, -2, -1, 1, 0, 3, 3, 8, -15 ],
[ 1, -1, 1, 3, -2, -1, 1, 1, 2, -5, 19, -18 ],
[ 1, -1, 1, 3, -2, -1, 1, 2, 1, 3, 6, -13 ],
[ 1, -1, 1, 3, -2, -1, 1, 4, -1, 3, 4, -11 ],
[ 1, -1, 1, 3, -2, 0, 1, -4, 8, -2, 12, -16 ],
[ 1, -1, 1, 3, -2, 0, 1, -2, 4, -2, 10, -12 ],
[ 1, -1, 1, 3, -2, 1, 1, -2, 3, 1, 10, -15 ],
[ 1, -1, 1, 3, -2, 1, 1, 0, 1, 1, 8, -13 ],
[ 1, -1, 1, 3, -2, 1, 1, 2, 1, 1, 6, -13 ],
[ 1, -1, 1, 3, -2, 3, 1, -2, 1, -1, 10, -13 ],
[ 1, -1, 1, 3, -2, 3, 1, -2, 3, -1, 10, -15 ],
[ 1, -1, 1, 3, -2, 3, 1, 0, 1, -1, 8, -13 ],
[ 1, -1, 1, 3, -1, -2, 0, 5, -1, 0, 10, -14 ],
[ 1, -1, 1, 3, -1, -2, 0, 9, -3, 0, 6, -12 ],
[ 1, -1, 1, 3, -1, 1, 0, -2, 3, 1, 5, -10 ],
[ 1, -1, 1, 3, -1, 1, 2, 1, 0, 1, 6, -13 ],
[ 1, -1, 1, 3, -1, 2, 0, -1, 1, -4, 16, -16 ],
[ 1, -1, 1, 3, 2, 1, -1, -2, 3, 1, 6, -13 ],
[ 1, -1, 1, 3, 3, -2, -2, 5, -1, 0, 6, -12 ],
[ 1, -1, 1, 4, -3, 0, 3, -2, 4, 1, 7, -14 ],
[ 1, -1, 1, 4, -1, 0, 1, 1, 1, 1, 6, -13 ],
[ 1, -1, 1, 4, -1, 2, 1, -1, 1, -1, 8, -13 ],
[ 1, -1, 1, 4, 1, 0, -1, 2, 0, 1, 7, -14 ],
[ 1, -1, 1, 5, -4, -1, 3, 4, -1, 1, 6, -13 ],
[ 1, -1, 1, 5, -4, 1, 3, 0, 1, -1, 10, -15 ],
[ 1, -1, 1, 5, -1, -1, 0, 1, 2, 1, 6, -13 ],
[ 1, -1, 1, 6, -4, -2, 2, 4, 0, 1, 6, -13 ],
[ 1, -1, 1, 6, -4, 0, 2, 0, 2, -1, 10, -15 ],
[ 1, -1, 1, 6, -3, 3, 1, -2, 1, 0, 7, -13 ],
[ 1, -1, 1, 6, -2, -2, 0, 5, -1, 1, 7, -14 ],
[ 1, -1, 2, -4, 9, 0, -2, -1, 2, 1, 6, -12 ],
[ 1, -1, 2, -4, 11, 0, -4, 0, 1, 1, 7, -13 ],
[ 1, -1, 2, -3, 6, -1, 0, 2, 0, 1, 6, -12 ],
[ 1, -1, 2, -3, 8, 1, -2, -1, 1, -1, 11, -15 ],
[ 1, -1, 2, -2, 3, 0, 2, -1, 2, -1, 12, -16 ],
[ 1, -1, 2, -2, 4, 1, 1, -1, 1, 2, 7, -14 ],
[ 1, -1, 2, -2, 6, 0, -1, 0, 1, -1, 8, -12 ],
[ 1, -1, 2, -2, 8, 0, -3, -1, 2, -1, 11, -15 ],
[ 1, -1, 2, -1, 0, -1, 4, 2, 0, -1, 12, -16 ],
[ 1, -1, 2, -1, 1, -1, 1, 1, 1, 7, 4, -14 ],
[ 1, -1, 2, -1, 2, -3, 0, 6, 0, 1, 6, -12 ],
[ 1, -1, 2, -1, 2, -1, 0, 0, 4, -1, 12, -16 ],
[ 1, -1, 2, -1, 2, -1, 0, 2, 0, -1, 10, -12 ],
[ 1, -1, 2, -1, 2, -1, 0, 2, 2, -1, 10, -14 ],
[ 1, -1, 2, -1, 2, -1, 0, 4, 0, -1, 8, -12 ],
[ 1, -1, 2, -1, 2, 1, 0, -2, 4, -3, 14, -16 ],
[ 1, -1, 2, -1, 3, -2, -1, 2, 3, 4, 5, -14 ],
[ 1, -1, 2, -1, 3, 0, -1, 0, 1, 2, 7, -12 ],
[ 1, -1, 2, -1, 3, 0, -1, 0, 3, 2, 7, -14 ],
[ 1, -1, 2, -1, 3, 0, -1, 2, 1, 2, 5, -12 ],
[ 1, -1, 2, -1, 3, 2, -1, -2, 3, 0, 9, -14 ],
[ 1, -1, 2, -1, 3, 2, -1, 0, 1, 0, 7, -12 ],
[ 1, -1, 2, -1, 3, 2, -1, 0, 3, 0, 7, -14 ],
[ 1, -1, 2, -1, 4, 0, 0, -1, 2, 2, 7, -14 ],
[ 1, -1, 2, -1, 5, -1, -1, 2, 0, -1, 11, -15 ],
[ 1, -1, 2, 0, -3, 1, 6, -2, 4, 0, 7, -14 ],
[ 1, -1, 2, 0, -1, -4, 2, 9, -2, 1, 6, -12 ],
[ 1, -1, 2, 0, -1, -2, 2, 3, 2, -1, 12, -16 ],
[ 1, -1, 2, 0, -1, -2, 2, 5, 0, -1, 10, -14 ],
[ 1, -1, 2, 0, -1, -2, 2, 7, -2, -1, 8, -12 ],
[ 1, -1, 2, 0, -1, 0, 2, -1, 2, -3, 16, -16 ],
[ 1, -1, 2, 0, -1, 0, 2, 0, 1, 5, 3, -11 ],
[ 1, -1, 2, 0, -1, 0, 2, 1, 2, -3, 14, -16 ],
[ 1, -1, 2, 0, -1, 1, 2, -4, 8, 0, 7, -14 ],
[ 1, -1, 2, 0, -1, 1, 2, -2, 4, 0, 5, -10 ],
[ 1, -1, 2, 0, -1, 1, 4, -1, 1, 0, 8, -13 ],
[ 1, -1, 2, 0, -1, 2, 2, -2, 3, 3, 5, -13 ],
[ 1, -1, 2, 0, -1, 4, 2, -2, 1, 1, 5, -11 ],
[ 1, -1, 2, 0, 0, -3, 1, 5, 1, 4, 5, -14 ],
[ 1, -1, 2, 0, 0, -1, 1, 1, 1, 2, 9, -14 ],
[ 1, -1, 2, 0, 0, -1, 1, 3, 1, 2, 7, -14 ],
[ 1, -1, 2, 0, 0, -1, 1, 5, -1, 2, 5, -12 ],
[ 1, -1, 2, 0, 0, 0, 3, 0, 1, -3, 14, -16 ],
[ 1, -1, 2, 0, 0, 1, 1, -1, 1, 0, 11, -14 ],
[ 1, -1, 2, 0, 0, 1, 1, -1, 3, 0, 11, -16 ],
[ 1, -1, 2, 0, 0, 1, 1, 1, 1, 0, 9, -14 ],
[ 1, -1, 2, 0, 0, 1, 1, 3, -1, 0, 7, -12 ],
[ 1, -1, 2, 0, 0, 1, 1, 3, 1, 0, 7, -14 ],
[ 1, -1, 2, 0, 0, 3, 1, -3, 3, -2, 13, -16 ],
[ 1, -1, 2, 0, 0, 3, 1, -1, 1, -2, 11, -14 ],
[ 1, -1, 2, 0, 1, -4, 0, 10, -3, 1, 7, -13 ],
[ 1, -1, 2, 0, 1, -2, 0, 6, -1, -1, 11, -15 ],
[ 1, -1, 2, 0, 1, -1, 2, 2, 0, 2, 7, -14 ],
[ 1, -1, 2, 0, 1, 0, 0, -1, 2, 5, 6, -14 ],
[ 1, -1, 2, 0, 1, 0, 0, 0, 1, -3, 17, -17 ],
[ 1, -1, 2, 0, 1, 0, 0, 2, 1, -3, 15, -17 ],
[ 1, -1, 2, 0, 1, 1, 0, -3, 5, 0, 8, -13 ],
[ 1, -1, 2, 0, 1, 1, 0, -1, 1, 0, 6, -9 ],
[ 1, -1, 2, 0, 1, 1, 0, -1, 3, 0, 6, -11 ],
[ 1, -1, 2, 0, 1, 2, 0, -1, 2, 3, 6, -14 ],
[ 1, -1, 2, 0, 1, 4, 0, -3, 2, 1, 8, -14 ],
[ 1, -1, 2, 0, 4, 1, -1, -1, 1, 0, 7, -12 ],
[ 1, -1, 2, 0, 4, 1, -1, -1, 3, 0, 7, -14 ],
[ 1, -1, 2, 1, -5, 0, 9, 0, 1, 0, 7, -14 ],
[ 1, -1, 2, 1, -3, 0, 5, -2, 5, 0, 7, -14 ],
[ 1, -1, 2, 1, -3, 0, 5, 0, 1, 0, 5, -10 ],
[ 1, -1, 2, 1, -1, -3, 1, 7, -1, -1, 8, -12 ],
[ 1, -1, 2, 1, -1, -1, 1, 1, 3, -3, 14, -16 ],
[ 1, -1, 2, 1, -1, 0, 1, -4, 9, 0, 7, -14 ],
[ 1, -1, 2, 1, -1, 0, 1, -2, 5, 0, 5, -10 ],
[ 1, -1, 2, 1, -1, 0, 1, 0, 1, 0, 3, -6 ],
[ 1, -1, 2, 1, -1, 0, 3, -1, 2, 0, 8, -13 ],
[ 1, -1, 2, 1, -1, 1, 1, -2, 4, 3, 5, -13 ],
[ 1, -1, 2, 1, -1, 3, 1, -2, 2, 1, 5, -11 ],
[ 1, -1, 2, 1, 0, -2, 0, 3, 2, 2, 7, -14 ],
[ 1, -1, 2, 1, 0, -2, 0, 5, 0, 2, 5, -12 ],
[ 1, -1, 2, 1, 0, 0, 0, -1, 2, 0, 11, -14 ],
[ 1, -1, 2, 1, 0, 0, 0, -1, 4, 0, 11, -16 ],
[ 1, -1, 2, 1, 0, 0, 0, 1, 2, 0, 9, -14 ],
[ 1, -1, 2, 1, 0, 0, 0, 3, 0, 0, 7, -12 ],
[ 1, -1, 2, 1, 0, 0, 0, 3, 2, 0, 7, -14 ],
[ 1, -1, 2, 1, 0, 2, 0, -3, 4, -2, 13, -16 ],
[ 1, -1, 2, 1, 0, 2, 0, -1, 2, -2, 11, -14 ],
[ 1, -1, 2, 1, 1, 0, 1, 0, 1, 0, 9, -14 ],
[ 1, -1, 2, 1, 4, 0, -2, -1, 2, 0, 7, -12 ],
[ 1, -1, 2, 1, 4, 0, -2, -1, 4, 0, 7, -14 ],
[ 1, -1, 2, 2, -3, 0, 4, 0, 1, 3, 5, -13 ],
[ 1, -1, 2, 2, -2, 1, 3, -1, 1, -2, 13, -16 ],
[ 1, -1, 2, 2, 1, -1, 0, 2, 0, 0, 7, -12 ],
[ 1, -1, 2, 2, 1, -1, 0, 2, 2, 0, 7, -14 ],
[ 1, -1, 2, 3, -2, 0, 2, -1, 2, -2, 13, -16 ],
[ 1, -1, 2, 3, -1, 1, 1, -1, 1, 1, 8, -14 ],
[ 1, -1, 2, 4, -3, 0, 2, 0, 1, 1, 5, -11 ],
[ 1, -1, 2, 4, -1, 0, 0, -1, 2, 1, 8, -14 ],
[ 1, -1, 3, -3, 8, -1, -3, 3, 0, 1, 7, -14 ],
[ 1, -1, 3, -3, 8, 1, -3, 1, 0, -1, 9, -14 ],
[ 1, -1, 3, -2, 6, 0, -2, -2, 4, -1, 10, -15 ],
[ 1, -1, 3, -1, 2, 0, 1, -2, 4, 2, 6, -14 ],
[ 1, -1, 3, -1, 2, 2, 1, -2, 2, 0, 6, -12 ],
[ 1, -1, 3, -1, 3, -1, 0, 1, 2, -1, 10, -15 ],
[ 1, -1, 3, -1, 4, 2, -1, -1, 1, 0, 7, -13 ],
[ 1, -1, 3, -1, 5, -1, -2, 4, -1, -1, 9, -14 ],
[ 1, -1, 3, 0, -1, -1, 3, 1, 2, 2, 6, -14 ],
[ 1, -1, 3, 0, -1, 1, 3, -1, 2, 0, 8, -14 ],
[ 1, -1, 3, 0, -1, 1, 3, 1, 0, 0, 6, -12 ],
[ 1, -1, 3, 0, 0, -2, 2, 4, 0, -1, 10, -15 ],
[ 1, -1, 3, 0, 2, 1, 0, -2, 3, 0, 6, -12 ],
[ 1, -1, 3, 1, -1, 0, 2, -1, 3, 0, 8, -14 ],
[ 1, -1, 3, 1, -1, 0, 2, 1, 1, 0, 6, -12 ],
[ 1, -1, 3, 1, 1, 0, 0, 2, 0, 0, 7, -13 ],
[ 1, -1, 3, 1, 2, -3, -1, 7, -2, -1, 9, -14 ],
[ 1, -1, 3, 1, 2, 0, -1, -2, 4, 0, 6, -12 ],
[ 1, -1, 3, 1, 2, 3, -1, -2, 1, 1, 6, -13 ],
[ 1, -1, 3, 2, -1, -1, 1, 1, 2, 0, 6, -12 ],
[ 1, -1, 3, 3, -2, -2, 1, 5, -1, 0, 7, -13 ],
[ 1, -1, 3, 3, -1, 1, 0, 1, 0, 1, 6, -13 ],
[ 1, -1, 4, 0, -1, 1, 2, -1, 1, 0, 8, -13 ],
[ 1, -1, 4, 0, 0, 0, 1, 0, 1, -3, 14, -16 ],
[ 1, -1, 4, 0, 1, -1, 0, 2, 0, 2, 7, -14 ],
[ 1, -1, 4, 1, -1, 0, 1, -1, 2, 0, 8, -13 ],
[ 1, -1, 4, 1, -1, 0, 1, 1, 0, 0, 6, -11 ],
[ 1, -1, 5, 0, 0, -2, 0, 4, 0, -1, 10, -15 ],
[ 1, 0, 0, -7, 17, 0, -6, 0, 2, 0, 8, -14 ],
[ 1, 0, 0, -7, 17, 0, -6, 2, 0, 0, 6, -12 ],
[ 1, 0, 0, -6, 14, -1, -4, 3, 0, 0, 8, -14 ],
[ 1, 0, 0, -6, 15, 2, -5, -1, 1, 1, 7, -14 ],
[ 1, 0, 0, -5, 13, 1, -4, -2, 3, 1, 6, -13 ],
[ 1, 0, 0, -5, 14, -2, -5, 5, -1, 0, 6, -12 ],
[ 1, 0, 0, -4, 8, 0, 0, -2, 4, 1, 7, -14 ],
[ 1, 0, 0, -4, 10, 0, -2, 1, 1, 1, 6, -13 ],
[ 1, 0, 0, -4, 12, 0, -4, 2, 0, 1, 7, -14 ],
[ 1, 0, 0, -4, 13, 0, -5, -2, 4, 1, 6, -13 ],
[ 1, 0, 0, -3, 5, -1, 2, 1, 2, 1, 7, -14 ],
[ 1, 0, 0, -3, 5, 1, 2, -1, 2, -1, 9, -14 ],
[ 1, 0, 0, -3, 7, -4, -2, 10, -2, 0, 8, -14 ],
[ 1, 0, 0, -3, 7, -4, -2, 12, -4, 0, 6, -12 ],
[ 1, 0, 0, -3, 7, -2, -2, 4, 0, -2, 14, -16 ],
[ 1, 0, 0, -3, 7, -1, -2, -1, 6, 1, 7, -14 ],
[ 1, 0, 0, -3, 7, -1, -2, 1, 2, 1, 5, -10 ],
[ 1, 0, 0, -3, 7, -1, 0, 4, -1, 1, 6, -13 ],
[ 1, 0, 0, -3, 7, 0, -2, 0, 2, -4, 18, -18 ],
[ 1, 0, 0, -3, 7, 0, -2, 1, 1, 4, 5, -13 ],
[ 1, 0, 0, -3, 7, 0, -2, 2, 0, -4, 16, -16 ],
[ 1, 0, 0, -3, 7, 1, -2, -3, 6, -1, 9, -14 ],
[ 1, 0, 0, -3, 7, 1, -2, -1, 2, -1, 7, -10 ],
[ 1, 0, 0, -3, 7, 1, 0, 0, 1, -1, 10, -15 ],
[ 1, 0, 0, -3, 7, 2, -2, -1, 1, 2, 7, -13 ],
[ 1, 0, 0, -3, 7, 4, -2, -1, 1, 0, 7, -13 ],
[ 1, 0, 0, -3, 10, -1, -3, 1, 2, 1, 6, -13 ],
[ 1, 0, 0, -2, 2, -2, 4, 4, 0, 1, 7, -14 ],
[ 1, 0, 0, -2, 2, 0, 4, 2, 0, -1, 9, -14 ],
[ 1, 0, 0, -2, 3, 1, 3, 0, 1, 2, 6, -14 ],
[ 1, 0, 0, -2, 3, 3, 3, -2, 1, 0, 8, -14 ],
[ 1, 0, 0, -2, 4, -5, 0, 13, -4, 0, 8, -14 ],
[ 1, 0, 0, -2, 4, -3, 0, 7, -2, -2, 14, -16 ],
[ 1, 0, 0, -2, 4, -2, 0, 2, 4, 1, 7, -14 ],
[ 1, 0, 0, -2, 4, -2, 0, 4, 0, 1, 5, -10 ],
[ 1, 0, 0, -2, 4, -1, 0, 3, 0, -4, 18, -18 ],
[ 1, 0, 0, -2, 4, -1, 0, 4, -1, 4, 5, -13 ],
[ 1, 0, 0, -2, 4, 0, 0, -2, 4, -1, 11, -14 ],
[ 1, 0, 0, -2, 4, 0, 0, 0, 2, -1, 9, -12 ],
[ 1, 0, 0, -2, 4, 0, 0, 0, 4, -1, 9, -14 ],
[ 1, 0, 0, -2, 4, 0, 0, 2, 0, -1, 7, -10 ],
[ 1, 0, 0, -2, 4, 1, 0, 0, 1, 2, 9, -15 ],
[ 1, 0, 0, -2, 4, 3, 0, -2, 1, 0, 11, -15 ],
[ 1, 0, 0, -2, 4, 3, 0, 2, -1, 0, 7, -13 ],
[ 1, 0, 0, -2, 4, 5, 0, -2, 1, -2, 11, -15 ],
[ 1, 0, 0, -2, 5, -2, -1, 5, -1, 1, 11, -16 ],
[ 1, 0, 0, -2, 5, -2, -1, 9, -3, 1, 7, -14 ],
[ 1, 0, 0, -2, 5, -1, -1, 0, 3, 4, 4, -12 ],
[ 1, 0, 0, -2, 5, 0, 1, -1, 3, -1, 9, -14 ],
[ 1, 0, 0, -2, 5, 1, -1, -2, 3, 2, 6, -12 ],
[ 1, 0, 0, -2, 5, 1, -1, -2, 5, 2, 6, -14 ],
[ 1, 0, 0, -2, 5, 1, -1, 0, 1, 2, 4, -10 ],
[ 1, 0, 0, -2, 5, 2, -1, -1, 1, -3, 17, -18 ],
[ 1, 0, 0, -2, 5, 3, -1, -4, 5, 0, 8, -14 ],
[ 1, 0, 0, -2, 5, 3, -1, -2, 1, 0, 6, -10 ],
[ 1, 0, 0, -2, 5, 3, -1, -2, 3, 0, 6, -12 ],
[ 1, 0, 0, -2, 6, -2, -2, 5, -1, 1, 6, -11 ],
[ 1, 0, 0, -2, 6, -2, -2, 5, 1, 1, 6, -13 ],
[ 1, 0, 0, -2, 6, 0, -2, -1, 3, -1, 12, -15 ],
[ 1, 0, 0, -2, 6, 0, -2, 1, 1, -1, 10, -13 ],
[ 1, 0, 0, -2, 6, 0, -2, 1, 3, -1, 10, -15 ],
[ 1, 0, 0, -2, 7, -2, -1, 4, 0, 1, 6, -13 ],
[ 1, 0, 0, -2, 7, 0, -1, 0, 2, -1, 10, -15 ],
[ 1, 0, 0, -2, 8, 3, -2, -2, 1, 0, 7, -13 ],
[ 1, 0, 0, -2, 9, -2, -3, 5, -1, 1, 7, -14 ],
[ 1, 0, 0, -1, 1, -3, 2, 5, 2, 1, 7, -14 ],
[ 1, 0, 0, -1, 1, -3, 2, 7, -2, 1, 5, -10 ],
[ 1, 0, 0, -1, 1, -1, 2, 1, 2, -1, 11, -14 ],
[ 1, 0, 0, -1, 1, -1, 2, 3, 0, -1, 9, -12 ],
[ 1, 0, 0, -1, 1, -1, 2, 3, 2, -1, 9, -14 ],
[ 1, 0, 0, -1, 1, 1, 2, -1, 2, -3, 13, -14 ],
[ 1, 0, 0, -1, 2, -2, 1, 3, 1, 4, 4, -12 ],
[ 1, 0, 0, -1, 2, -1, 3, 2, 1, -1, 9, -14 ],
[ 1, 0, 0, -1, 2, 0, 1, -1, 3, 2, 8, -14 ],
[ 1, 0, 0, -1, 2, 0, 1, 1, 1, 2, 6, -12 ],
[ 1, 0, 0, -1, 2, 0, 1, 1, 3, 2, 6, -14 ],
[ 1, 0, 0, -1, 2, 2, 1, -1, 1, 0, 8, -12 ],
[ 1, 0, 0, -1, 2, 2, 1, -1, 3, 0, 8, -14 ],
[ 1, 0, 0, -1, 2, 2, 1, 1, 1, 0, 6, -12 ],
[ 1, 0, 0, -1, 3, -3, 0, 8, -1, 1, 6, -13 ],
[ 1, 0, 0, -1, 3, -1, 0, 2, 1, -1, 12, -15 ],
[ 1, 0, 0, -1, 3, -1, 0, 4, -1, -1, 10, -13 ],
[ 1, 0, 0, -1, 3, -1, 0, 4, 1, -1, 10, -15 ],
[ 1, 0, 0, -1, 3, 0, 2, 0, 2, 2, 6, -14 ],
[ 1, 0, 0, -1, 3, 1, 0, -2, 3, -3, 16, -17 ],
[ 1, 0, 0, -1, 3, 1, 0, 0, 1, -3, 14, -15 ],
[ 1, 0, 0, -1, 3, 2, 2, -2, 2, 0, 8, -14 ],
[ 1, 0, 0, -1, 4, -6, -1, 15, -5, 0, 6, -12 ],
[ 1, 0, 0, -1, 4, -3, 1, 7, -2, 1, 6, -13 ],
[ 1, 0, 0, -1, 4, -2, -1, 4, 0, 4, 5, -13 ],
[ 1, 0, 0, -1, 4, -2, -1, 5, -1, -4, 16, -16 ],
[ 1, 0, 0, -1, 4, -1, -1, 0, 5, -1, 9, -14 ],
[ 1, 0, 0, -1, 4, -1, -1, 2, 1, -1, 7, -10 ],
[ 1, 0, 0, -1, 4, -1, 1, 3, 0, -1, 10, -15 ],
[ 1, 0, 0, -1, 4, 0, -1, 0, 2, 2, 9, -15 ],
[ 1, 0, 0, -1, 4, 0, -1, 2, 0, 2, 7, -13 ],
[ 1, 0, 0, -1, 4, 2, -1, -2, 2, 0, 11, -15 ],
[ 1, 0, 0, -1, 4, 2, -1, 2, 0, 0, 7, -13 ],
[ 1, 0, 0, -1, 4, 4, -1, -2, 2, -2, 11, -15 ],
[ 1, 0, 0, -1, 5, 0, -2, 0, 2, 2, 4, -10 ],
[ 1, 0, 0, -1, 5, 2, -2, -2, 2, 0, 6, -10 ],
[ 1, 0, 0, -1, 5, 2, -2, 0, 0, 0, 4, -8 ],
[ 1, 0, 0, -1, 8, 2, -3, -2, 2, 0, 7, -13 ],
[ 1, 0, 0, 0, -4, 1, 8, -1, 2, 0, 6, -12 ],
[ 1, 0, 0, 0, -2, -4, 4, 8, 0, 1, 7, -14 ],
[ 1, 0, 0, 0, -2, -4, 4, 10, -2, 1, 5, -12 ],
[ 1, 0, 0, 0, -2, -2, 4, 4, 0, -1, 11, -14 ],
[ 1, 0, 0, 0, -2, -2, 4, 6, 0, -1, 9, -14 ],
[ 1, 0, 0, 0, -2, 0, 4, -2, 4, -3, 17, -18 ],
[ 1, 0, 0, 0, -2, 0, 4, -1, 3, 5, 4, -13 ],
[ 1, 0, 0, 0, -2, 0, 4, 0, 2, -3, 15, -16 ],
[ 1, 0, 0, 0, -2, 0, 4, 2, 0, -3, 13, -14 ],
[ 1, 0, 0, 0, -2, 1, 4, -3, 6, 0, 6, -12 ],
[ 1, 0, 0, 0, -2, 1, 4, -1, 2, 0, 4, -8 ],
[ 1, 0, 0, 0, -2, 1, 6, -2, 3, 0, 9, -15 ],
[ 1, 0, 0, 0, -2, 1, 6, 0, 1, 0, 7, -13 ],
[ 1, 0, 0, 0, -2, 2, 4, -1, 1, 3, 4, -11 ],
[ 1, 0, 0, 0, -2, 4, 4, -3, 3, 1, 6, -13 ],
[ 1, 0, 0, 0, -1, -3, 3, 6, -1, 4, 4, -12 ],
[ 1, 0, 0, 0, -1, -2, 5, 5, -1, -1, 9, -14 ],
[ 1, 0, 0, 0, -1, -1, 3, 0, 3, 2, 10, -16 ],
[ 1, 0, 0, 0, -1, -1, 3, 2, 1, 2, 8, -14 ],
[ 1, 0, 0, 0, -1, -1, 3, 4, -1, 2, 6, -12 ],
[ 1, 0, 0, 0, -1, -1, 3, 4, 1, 2, 6, -14 ],
[ 1, 0, 0, 0, -1, 1, 3, -2, 3, 0, 12, -16 ],
[ 1, 0, 0, 0, -1, 1, 3, 0, 1, 0, 10, -14 ],
[ 1, 0, 0, 0, -1, 1, 3, 2, 1, 0, 8, -14 ],
[ 1, 0, 0, 0, -1, 1, 3, 4, -1, 0, 6, -12 ],
[ 1, 0, 0, 0, -1, 3, 3, -2, 1, -2, 12, -14 ],
[ 1, 0, 0, 0, -1, 3, 3, -2, 3, -2, 12, -16 ],
[ 1, 0, 0, 0, 0, -4, 2, 11, -3, 1, 6, -13 ],
[ 1, 0, 0, 0, 0, -2, 2, 5, -1, -1, 12, -15 ],
[ 1, 0, 0, 0, 0, -2, 2, 7, -1, -1, 10, -15 ],
[ 1, 0, 0, 0, 0, -1, 4, 3, 0, 2, 6, -14 ],
[ 1, 0, 0, 0, 0, 0, 2, 0, 2, 5, 5, -14 ],
[ 1, 0, 0, 0, 0, 0, 2, 1, 1, -3, 16, -17 ],
[ 1, 0, 0, 0, 0, 1, 2, -4, 7, 0, 9, -15 ],
[ 1, 0, 0, 0, 0, 1, 2, -2, 3, 0, 7, -11 ],
[ 1, 0, 0, 0, 0, 1, 2, -2, 5, 0, 7, -13 ],
[ 1, 0, 0, 0, 0, 1, 2, 0, 1, 0, 5, -9 ],
[ 1, 0, 0, 0, 0, 1, 4, 1, 0, 0, 8, -14 ],
[ 1, 0, 0, 0, 0, 2, 2, -3, 3, -5, 20, -19 ],
[ 1, 0, 0, 0, 0, 2, 2, -2, 2, 3, 7, -14 ],
[ 1, 0, 0, 0, 0, 4, 2, -2, 2, 1, 7, -14 ],
[ 1, 0, 0, 0, 0, 6, 2, -4, 2, -1, 9, -14 ],
[ 1, 0, 0, 0, 1, -3, 1, 7, -2, 4, 5, -13 ],
[ 1, 0, 0, 0, 1, -2, 1, 3, 3, -1, 9, -14 ],
[ 1, 0, 0, 0, 1, -2, 1, 5, -1, -1, 7, -10 ],
[ 1, 0, 0, 0, 1, -1, 1, 3, 0, 2, 9, -15 ],
[ 1, 0, 0, 0, 1, 0, 1, -1, 3, -3, 13, -14 ],
[ 1, 0, 0, 0, 1, 1, 1, 1, 0, 0, 11, -15 ],
[ 1, 0, 0, 0, 1, 1, 1, 5, -2, 0, 7, -13 ],
[ 1, 0, 0, 0, 1, 3, 1, 1, 0, -2, 11, -15 ],
[ 1, 0, 0, 0, 2, -4, 0, 12, -4, 1, 7, -14 ],
[ 1, 0, 0, 0, 2, -1, 0, 1, 2, 2, 6, -12 ],
[ 1, 0, 0, 0, 2, -1, 0, 1, 4, 2, 6, -14 ],
[ 1, 0, 0, 0, 2, -1, 0, 3, 0, 2, 4, -10 ],
[ 1, 0, 0, 0, 2, 0, 0, 2, 0, -3, 17, -18 ],
[ 1, 0, 0, 0, 2, 1, 0, -1, 2, 0, 8, -12 ],
[ 1, 0, 0, 0, 2, 1, 0, -1, 4, 0, 8, -14 ],
[ 1, 0, 0, 0, 2, 1, 0, 1, 0, 0, 6, -10 ],
[ 1, 0, 0, 0, 2, 1, 0, 1, 2, 0, 6, -12 ],
[ 1, 0, 0, 0, 2, 2, 0, -1, 1, 3, 8, -15 ],
[ 1, 0, 0, 0, 2, 6, 0, -3, 1, -1, 10, -15 ],
[ 1, 0, 0, 0, 3, -4, -1, 8, 0, 1, 6, -13 ],
[ 1, 0, 0, 0, 3, -2, -1, 4, 0, -1, 10, -13 ],
[ 1, 0, 0, 0, 3, -2, -1, 4, 2, -1, 10, -15 ],
[ 1, 0, 0, 0, 3, 0, -1, -2, 4, -3, 16, -17 ],
[ 1, 0, 0, 0, 3, 0, -1, 0, 2, -3, 14, -15 ],
[ 1, 0, 0, 0, 3, 1, 1, -2, 3, 0, 8, -14 ],
[ 1, 0, 0, 0, 3, 1, 1, 0, 1, 0, 6, -12 ],
[ 1, 0, 0, 0, 5, 1, -1, 1, 0, 0, 7, -13 ],
[ 1, 0, 0, 1, -4, 0, 7, -1, 3, 0, 6, -12 ],
[ 1, 0, 0, 1, -2, -3, 3, 6, 1, -1, 9, -14 ],
[ 1, 0, 0, 1, -2, -1, 3, 2, 1, -3, 13, -14 ],
[ 1, 0, 0, 1, -2, 0, 3, -3, 7, 0, 6, -12 ],
[ 1, 0, 0, 1, -2, 0, 3, -1, 3, 0, 4, -8 ],
[ 1, 0, 0, 1, -2, 0, 5, -2, 4, 0, 9, -15 ],
[ 1, 0, 0, 1, -2, 0, 5, 0, 2, 0, 7, -13 ],
[ 1, 0, 0, 1, -2, 1, 3, -1, 2, 3, 4, -11 ],
[ 1, 0, 0, 1, -2, 3, 3, -3, 4, 1, 6, -13 ],
[ 1, 0, 0, 1, -1, -2, 2, 4, 0, 2, 6, -12 ],
[ 1, 0, 0, 1, -1, -2, 2, 4, 2, 2, 6, -14 ],
[ 1, 0, 0, 1, -1, 0, 2, -2, 4, 0, 12, -16 ],
[ 1, 0, 0, 1, -1, 0, 2, 0, 2, 0, 10, -14 ],
[ 1, 0, 0, 1, -1, 0, 2, 2, 0, 0, 8, -12 ],
[ 1, 0, 0, 1, -1, 0, 2, 2, 2, 0, 8, -14 ],
[ 1, 0, 0, 1, -1, 0, 2, 4, 0, 0, 6, -12 ],
[ 1, 0, 0, 1, -1, 2, 2, -2, 2, -2, 12, -14 ],
[ 1, 0, 0, 1, -1, 2, 2, -2, 4, -2, 12, -16 ],
[ 1, 0, 0, 1, 0, -5, 1, 11, -2, 1, 6, -13 ],
[ 1, 0, 0, 1, 0, -3, 1, 7, -2, -1, 10, -13 ],
[ 1, 0, 0, 1, 0, -3, 1, 7, 0, -1, 10, -15 ],
[ 1, 0, 0, 1, 0, -1, 1, 0, 3, 5, 5, -14 ],
[ 1, 0, 0, 1, 0, -1, 1, 1, 2, -3, 16, -17 ],
[ 1, 0, 0, 1, 0, -1, 1, 3, 0, -3, 14, -15 ],
[ 1, 0, 0, 1, 0, 0, 1, -4, 8, 0, 9, -15 ],
[ 1, 0, 0, 1, 0, 0, 1, -2, 4, 0, 7, -11 ],
[ 1, 0, 0, 1, 0, 0, 1, -2, 6, 0, 7, -13 ],
[ 1, 0, 0, 1, 0, 0, 1, 0, 2, 0, 5, -9 ],
[ 1, 0, 0, 1, 0, 0, 3, 1, 1, 0, 8, -14 ],
[ 1, 0, 0, 1, 0, 1, 1, -3, 4, -5, 20, -19 ],
[ 1, 0, 0, 1, 0, 1, 1, -2, 3, 3, 7, -14 ],
[ 1, 0, 0, 1, 0, 1, 1, 0, 1, 3, 5, -12 ],
[ 1, 0, 0, 1, 0, 3, 1, -2, 1, 1, 7, -12 ],
[ 1, 0, 0, 1, 0, 3, 1, -2, 3, 1, 7, -14 ],
[ 1, 0, 0, 1, 0, 5, 1, -4, 3, -1, 9, -14 ],
[ 1, 0, 0, 1, 1, -2, 0, 3, 1, 2, 9, -15 ],
[ 1, 0, 0, 1, 1, -2, 0, 5, -1, 2, 7, -13 ],
[ 1, 0, 0, 1, 1, 0, 0, 1, 1, 0, 11, -15 ],
[ 1, 0, 0, 1, 1, 0, 0, 5, -1, 0, 7, -13 ],
[ 1, 0, 0, 1, 1, 2, 0, -1, 1, -2, 13, -15 ],
[ 1, 0, 0, 1, 1, 2, 0, 1, 1, -2, 11, -15 ],
[ 1, 0, 0, 1, 2, 0, -1, -1, 3, 0, 8, -12 ],
[ 1, 0, 0, 1, 2, 0, -1, 1, 1, 0, 6, -10 ],
[ 1, 0, 0, 1, 2, 0, -1, 3, -1, 0, 4, -8 ],
[ 1, 0, 0, 1, 3, 0, 0, -2, 4, 0, 8, -14 ],
[ 1, 0, 0, 1, 3, 0, 0, 0, 2, 0, 6, -12 ],
[ 1, 0, 0, 1, 5, 0, -2, 1, 1, 0, 7, -13 ],
[ 1, 0, 0, 2, -4, 2, 6, -1, 1, 1, 6, -13 ],
[ 1, 0, 0, 2, -3, -1, 5, 4, -1, 0, 8, -14 ],
[ 1, 0, 0, 2, -3, 1, 5, 0, 1, -2, 12, -16 ],
[ 1, 0, 0, 2, -2, -3, 2, 6, -1, 2, 9, -15 ],
[ 1, 0, 0, 2, -2, -3, 2, 10, -3, 2, 5, -13 ],
[ 1, 0, 0, 2, -2, -1, 2, 4, -1, 0, 11, -15 ],
[ 1, 0, 0, 2, -2, -1, 2, 8, -3, 0, 7, -13 ],
[ 1, 0, 0, 2, -2, 0, 2, -1, 3, 3, 4, -11 ],
[ 1, 0, 0, 2, -2, 1, 2, 0, 1, -2, 15, -17 ],
[ 1, 0, 0, 2, -2, 1, 2, 4, -1, -2, 11, -15 ],
[ 1, 0, 0, 2, -2, 2, 2, -3, 5, 1, 6, -13 ],
[ 1, 0, 0, 2, -2, 2, 2, -1, 1, 1, 4, -9 ],
[ 1, 0, 0, 2, -2, 3, 2, -2, 1, -4, 17, -17 ],
[ 1, 0, 0, 2, -1, -6, 1, 15, -5, 1, 7, -14 ],
[ 1, 0, 0, 2, -1, -2, 1, 5, -1, -3, 17, -18 ],
[ 1, 0, 0, 2, -1, -1, 1, 2, 1, 0, 8, -12 ],
[ 1, 0, 0, 2, -1, -1, 1, 2, 3, 0, 8, -14 ],
[ 1, 0, 0, 2, -1, -1, 1, 4, -1, 0, 6, -10 ],
[ 1, 0, 0, 2, -1, -1, 1, 4, 1, 0, 6, -12 ],
[ 1, 0, 0, 2, -1, 0, 1, 2, 0, 3, 8, -15 ],
[ 1, 0, 0, 2, -1, 1, 1, -2, 3, -2, 12, -14 ],
[ 1, 0, 0, 2, -1, 1, 1, -2, 5, -2, 12, -16 ],
[ 1, 0, 0, 2, -1, 1, 1, 0, 1, -2, 10, -12 ],
[ 1, 0, 0, 2, -1, 4, 1, 0, 0, -1, 10, -15 ],
[ 1, 0, 0, 2, 0, -1, 2, 1, 2, 0, 8, -14 ],
[ 1, 0, 0, 2, 0, -1, 2, 3, 0, 0, 6, -12 ],
[ 1, 0, 0, 2, 0, 0, 0, -2, 4, 3, 7, -14 ],
[ 1, 0, 0, 2, 0, 0, 0, 0, 2, 3, 5, -12 ],
[ 1, 0, 0, 2, 0, 2, 0, -2, 2, 1, 7, -12 ],
[ 1, 0, 0, 2, 0, 2, 0, -2, 4, 1, 7, -14 ],
[ 1, 0, 0, 2, 0, 4, 0, -4, 4, -1, 9, -14 ],
[ 1, 0, 0, 2, 2, -1, 0, 4, -1, 0, 7, -13 ],
[ 1, 0, 0, 3, -4, 1, 5, -1, 2, 1, 6, -13 ],
[ 1, 0, 0, 3, -3, -2, 4, 4, 0, 0, 8, -14 ],
[ 1, 0, 0, 3, -3, 0, 4, 0, 2, -2, 12, -16 ],
[ 1, 0, 0, 3, -2, -4, 1, 10, -2, 2, 5, -13 ],
[ 1, 0, 0, 3, -2, -2, 1, 4, 0, 0, 11, -15 ],
[ 1, 0, 0, 3, -2, -2, 1, 8, -2, 0, 7, -13 ],
[ 1, 0, 0, 3, -2, 0, 1, 0, 2, -2, 15, -17 ],
[ 1, 0, 0, 3, -2, 0, 1, 2, 0, -2, 13, -15 ],
[ 1, 0, 0, 3, -2, 1, 1, -3, 6, 1, 6, -13 ],
[ 1, 0, 0, 3, -2, 1, 1, -1, 2, 1, 4, -9 ],
[ 1, 0, 0, 3, -2, 1, 3, 0, 1, 1, 7, -14 ],
[ 1, 0, 0, 3, -2, 2, 1, -2, 2, -4, 17, -17 ],
[ 1, 0, 0, 3, -2, 2, 1, -1, 1, 4, 4, -12 ],
[ 1, 0, 0, 3, -2, 3, 3, -2, 1, -1, 9, -14 ],
[ 1, 0, 0, 3, -2, 6, 1, -3, 1, 0, 6, -12 ],
[ 1, 0, 0, 3, -1, -2, 0, 4, 0, 0, 6, -10 ],
[ 1, 0, 0, 3, -1, -2, 0, 6, -2, 0, 4, -8 ],
[ 1, 0, 0, 3, -1, 0, 0, 0, 2, -2, 10, -12 ],
[ 1, 0, 0, 3, 2, -2, -1, 4, 0, 0, 7, -13 ],
[ 1, 0, 0, 4, -4, 0, 4, -1, 3, 1, 6, -13 ],
[ 1, 0, 0, 4, -2, 0, 2, 0, 2, 1, 7, -14 ],
[ 1, 0, 0, 4, -2, 2, 2, -2, 2, -1, 9, -14 ],
[ 1, 0, 0, 4, -1, -3, 1, 7, -2, 0, 7, -13 ],
[ 1, 0, 0, 4, 0, 2, 0, -1, 1, -1, 10, -15 ],
[ 1, 0, 0, 5, -2, 1, 1, -2, 3, -1, 9, -14 ],
[ 1, 0, 0, 6, -3, 0, 1, 2, 0, -1, 10, -15 ],
[ 1, 0, 0, 6, -2, 0, 0, -2, 4, -1, 9, -14 ],
[ 1, 0, 0, 7, -4, 2, 1, -1, 1, 0, 6, -12 ],
[ 1, 0, 1, -4, 10, 0, -3, -1, 2, 1, 8, -14 ],
[ 1, 0, 1, -4, 11, -1, -4, 2, 0, -2, 12, -15 ],
[ 1, 0, 1, -3, 7, -1, -1, 2, 0, 1, 8, -14 ],
[ 1, 0, 1, -3, 10, 1, -4, -1, 1, -1, 8, -12 ],
[ 1, 0, 1, -2, 5, 0, 0, -1, 2, -1, 9, -13 ],
[ 1, 0, 1, -2, 7, 0, -2, 0, 1, -1, 10, -14 ],
[ 1, 0, 1, -1, 1, 0, 3, -1, 2, 2, 5, -12 ],
[ 1, 0, 1, -1, 1, 2, 3, -3, 4, 0, 7, -14 ],
[ 1, 0, 1, -1, 2, -1, 2, 2, 0, -1, 9, -13 ],
[ 1, 0, 1, -1, 2, 0, 0, -1, 2, 2, 8, -13 ],
[ 1, 0, 1, -1, 2, 0, 0, -1, 4, 2, 8, -15 ],
[ 1, 0, 1, -1, 2, 0, 0, 1, 2, 2, 6, -13 ],
[ 1, 0, 1, -1, 2, 2, 0, -3, 4, 0, 10, -15 ],
[ 1, 0, 1, -1, 2, 2, 0, -1, 2, 0, 8, -13 ],
[ 1, 0, 1, -1, 2, 2, 0, 1, 0, 0, 6, -11 ],
[ 1, 0, 1, -1, 3, -3, -1, 6, 0, 1, 8, -14 ],
[ 1, 0, 1, -1, 3, -3, -1, 8, -2, 1, 6, -12 ],
[ 1, 0, 1, -1, 3, -1, -1, 2, 0, -1, 12, -14 ],
[ 1, 0, 1, -1, 3, -1, -1, 2, 2, -1, 12, -16 ],
[ 1, 0, 1, -1, 3, -1, -1, 4, 0, -1, 10, -14 ],
[ 1, 0, 1, -1, 3, -1, -1, 6, -2, -1, 8, -12 ],
[ 1, 0, 1, -1, 3, 0, -1, -3, 6, 2, 5, -12 ],
[ 1, 0, 1, -1, 3, 0, -1, -1, 2, 2, 3, -8 ],
[ 1, 0, 1, -1, 3, 0, 1, 0, 1, 2, 6, -13 ],
[ 1, 0, 1, -1, 3, 1, -1, -2, 2, -3, 16, -16 ],
[ 1, 0, 1, -1, 3, 1, -1, -1, 1, 5, 3, -11 ],
[ 1, 0, 1, -1, 3, 1, -1, 0, 2, -3, 14, -16 ],
[ 1, 0, 1, -1, 3, 2, -1, -5, 8, 0, 7, -14 ],
[ 1, 0, 1, -1, 3, 2, -1, -3, 4, 0, 5, -10 ],
[ 1, 0, 1, -1, 3, 3, -1, -3, 3, 3, 5, -13 ],
[ 1, 0, 1, -1, 3, 5, -1, -3, 1, 1, 5, -11 ],
[ 1, 0, 1, -1, 4, 1, 0, -1, 1, -3, 14, -16 ],
[ 1, 0, 1, -1, 7, -1, -3, 2, 0, -1, 8, -12 ],
[ 1, 0, 1, 0, -2, -1, 5, 2, 0, 2, 5, -12 ],
[ 1, 0, 1, 0, -2, 1, 5, 0, 2, 0, 7, -14 ],
[ 1, 0, 1, 0, -1, -1, 2, 2, 0, 2, 8, -13 ],
[ 1, 0, 1, 0, -1, -1, 2, 2, 2, 2, 8, -15 ],
[ 1, 0, 1, 0, -1, -1, 2, 4, 0, 2, 6, -13 ],
[ 1, 0, 1, 0, -1, 0, 4, -1, 2, -3, 15, -17 ],
[ 1, 0, 1, 0, -1, 1, 2, 0, 2, 0, 10, -15 ],
[ 1, 0, 1, 0, -1, 1, 2, 2, 0, 0, 8, -13 ],
[ 1, 0, 1, 0, -1, 1, 6, -1, 1, 0, 7, -14 ],
[ 1, 0, 1, 0, -1, 3, 2, -2, 2, -2, 12, -15 ],
[ 1, 0, 1, 0, 0, -4, 1, 9, -2, 1, 8, -14 ],
[ 1, 0, 1, 0, 0, -2, 1, 5, 0, -1, 12, -16 ],
[ 1, 0, 1, 0, 0, -2, 1, 7, -2, -1, 10, -14 ],
[ 1, 0, 1, 0, 0, -1, 1, 0, 4, 2, 5, -12 ],
[ 1, 0, 1, 0, 0, -1, 1, 2, 0, 2, 3, -8 ],
[ 1, 0, 1, 0, 0, 0, 1, -1, 2, -3, 18, -18 ],
[ 1, 0, 1, 0, 0, 0, 1, 0, 1, 5, 5, -13 ],
[ 1, 0, 1, 0, 0, 0, 1, 3, 0, -3, 14, -16 ],
[ 1, 0, 1, 0, 0, 1, 1, -2, 4, 0, 7, -12 ],
[ 1, 0, 1, 0, 0, 1, 1, -2, 6, 0, 7, -14 ],
[ 1, 0, 1, 0, 0, 1, 1, 0, 2, 0, 5, -10 ],
[ 1, 0, 1, 0, 0, 1, 3, -1, 1, 0, 10, -15 ],
[ 1, 0, 1, 0, 0, 2, 1, 0, 1, 3, 5, -13 ],
[ 1, 0, 1, 0, 0, 4, 1, -2, 1, 1, 7, -13 ],
[ 1, 0, 1, 0, 1, -5, 0, 12, -4, -2, 12, -15 ],
[ 1, 0, 1, 0, 1, -2, 0, 3, 2, -1, 9, -13 ],
[ 1, 0, 1, 0, 1, -1, 0, 1, 1, 2, 11, -16 ],
[ 1, 0, 1, 0, 1, -1, 0, 2, 0, -6, 22, -19 ],
[ 1, 0, 1, 0, 1, -1, 0, 5, -1, 2, 7, -14 ],
[ 1, 0, 1, 0, 1, 0, 0, -3, 6, -3, 15, -17 ],
[ 1, 0, 1, 0, 1, 0, 0, -1, 2, -3, 13, -13 ],
[ 1, 0, 1, 0, 1, 1, 0, -1, 1, 0, 13, -16 ],
[ 1, 0, 1, 0, 1, 1, 0, 3, -1, 0, 9, -14 ],
[ 1, 0, 1, 0, 1, 1, 2, -3, 5, 0, 7, -14 ],
[ 1, 0, 1, 0, 1, 1, 2, -1, 1, 0, 5, -10 ],
[ 1, 0, 1, 0, 1, 3, 0, -1, 1, -2, 13, -16 ],
[ 1, 0, 1, 0, 4, 0, -1, -1, 2, -3, 14, -16 ],
[ 1, 0, 1, 0, 5, 1, -2, -1, 1, 0, 9, -14 ],
[ 1, 0, 1, 1, -2, 0, 4, 0, 1, 0, 7, -12 ],
[ 1, 0, 1, 1, -2, 0, 4, 0, 3, 0, 7, -14 ],
[ 1, 0, 1, 1, -1, -2, 1, 4, 1, 2, 6, -13 ],
[ 1, 0, 1, 1, -1, 0, 1, 0, 1, 0, 10, -13 ],
[ 1, 0, 1, 1, -1, 0, 1, 0, 3, 0, 10, -15 ],
[ 1, 0, 1, 1, -1, 0, 1, 2, 1, 0, 8, -13 ],
[ 1, 0, 1, 1, -1, 0, 1, 4, -1, 0, 6, -11 ],
[ 1, 0, 1, 1, -1, 0, 5, -1, 2, 0, 7, -14 ],
[ 1, 0, 1, 1, -1, 2, 1, -2, 3, -2, 12, -15 ],
[ 1, 0, 1, 1, 0, -3, 0, 7, -1, -1, 10, -14 ],
[ 1, 0, 1, 1, 0, -3, 0, 9, -3, -1, 8, -12 ],
[ 1, 0, 1, 1, 0, -1, 0, 2, 0, 5, 3, -11 ],
[ 1, 0, 1, 1, 0, -1, 0, 3, 1, -3, 14, -16 ],
[ 1, 0, 1, 1, 0, 0, 0, -2, 5, 0, 7, -12 ],
[ 1, 0, 1, 1, 0, 0, 0, -2, 7, 0, 7, -14 ],
[ 1, 0, 1, 1, 0, 0, 0, 0, 1, 0, 5, -8 ],
[ 1, 0, 1, 1, 0, 0, 0, 0, 3, 0, 5, -10 ],
[ 1, 0, 1, 1, 0, 0, 2, -1, 2, 0, 10, -15 ],
[ 1, 0, 1, 1, 0, 1, 0, -1, 1, -5, 18, -16 ],
[ 1, 0, 1, 1, 0, 1, 0, 0, 2, 3, 5, -13 ],
[ 1, 0, 1, 1, 0, 3, 0, -2, 2, 1, 7, -13 ],
[ 1, 0, 1, 1, 0, 3, 0, 0, 0, 1, 5, -11 ],
[ 1, 0, 1, 1, 1, -1, 1, 2, 0, -3, 14, -16 ],
[ 1, 0, 1, 1, 1, 0, 1, -3, 6, 0, 7, -14 ],
[ 1, 0, 1, 1, 1, 0, 1, -1, 2, 0, 5, -10 ],
[ 1, 0, 1, 1, 1, 1, 1, -1, 1, 3, 5, -13 ],
[ 1, 0, 1, 1, 3, 0, -1, 0, 1, 0, 6, -11 ],
[ 1, 0, 1, 2, -4, -1, 7, 2, 0, 0, 7, -14 ],
[ 1, 0, 1, 2, -3, -1, 4, 2, 0, 0, 10, -15 ],
[ 1, 0, 1, 2, -2, -1, 3, 0, 4, 0, 7, -14 ],
[ 1, 0, 1, 2, -2, -1, 3, 2, 0, 0, 5, -10 ],
[ 1, 0, 1, 2, 1, 0, 0, -1, 2, 3, 5, -13 ],
[ 1, 0, 1, 2, 2, -1, -1, 2, 0, 0, 9, -14 ],
[ 1, 0, 1, 3, -3, 0, 3, 0, 1, -2, 12, -15 ],
[ 1, 0, 1, 3, -2, -1, 2, 2, 0, 3, 5, -13 ],
[ 1, 0, 1, 3, 1, 1, -1, -1, 1, 1, 5, -11 ],
[ 1, 0, 1, 4, -2, 0, 1, 0, 1, 1, 7, -13 ],
[ 1, 0, 1, 5, -2, -1, 0, 2, 0, 1, 5, -11 ],
[ 1, 0, 2, -3, 7, -1, -2, 4, -1, 1, 6, -13 ],
[ 1, 0, 2, -3, 7, 1, -2, 0, 1, -1, 10, -15 ],
[ 1, 0, 2, -2, 5, 0, -1, -1, 3, -1, 9, -14 ],
[ 1, 0, 2, -1, 2, -1, 1, 2, 1, -1, 9, -14 ],
[ 1, 0, 2, -1, 3, 2, 0, -2, 2, 0, 8, -14 ],
[ 1, 0, 2, -1, 4, -3, -1, 7, -2, 1, 6, -13 ],
[ 1, 0, 2, -1, 4, -1, -1, 3, 0, -1, 10, -15 ],
[ 1, 0, 2, 0, -2, 1, 4, -2, 3, 0, 9, -15 ],
[ 1, 0, 2, 0, -2, 1, 4, 0, 1, 0, 7, -13 ],
[ 1, 0, 2, 0, -1, -2, 3, 5, -1, -1, 9, -14 ],
[ 1, 0, 2, 0, 0, 1, 2, 1, 0, 0, 8, -14 ],
[ 1, 0, 2, 0, 3, 1, -1, -2, 3, 0, 8, -14 ],
[ 1, 0, 2, 0, 3, 1, -1, 0, 1, 0, 6, -12 ],
[ 1, 0, 2, 1, -2, 0, 3, -2, 4, 0, 9, -15 ],
[ 1, 0, 2, 1, -2, 0, 3, 0, 2, 0, 7, -13 ],
[ 1, 0, 2, 1, 0, 0, 1, 1, 1, 0, 8, -14 ],
[ 1, 0, 2, 2, 0, -1, 0, 1, 2, 0, 8, -14 ],
[ 1, 0, 2, 2, 0, -1, 0, 3, 0, 0, 6, -12 ],
[ 1, 0, 2, 3, -2, 1, 1, 0, 1, 1, 7, -14 ],
[ 1, 0, 2, 3, -2, 3, 1, -2, 1, -1, 9, -14 ],
[ 1, 0, 3, -1, 2, -1, 0, 2, 0, -1, 9, -13 ],
[ 1, 0, 3, -1, 3, 0, -1, 0, 1, 2, 6, -13 ],
[ 1, 0, 3, 0, -1, 0, 2, -1, 2, -3, 15, -17 ],
[ 1, 0, 3, 0, 0, 1, 1, -1, 1, 0, 10, -15 ],
[ 1, 0, 3, 0, 1, 1, 0, -3, 5, 0, 7, -14 ],
[ 1, 0, 3, 0, 1, 1, 0, -1, 1, 0, 5, -10 ],
[ 1, 0, 3, 1, 0, 0, 0, -1, 2, 0, 10, -15 ],
[ 1, 1, -1, -3, 6, -1, 1, 3, 0, 1, 7, -14 ],
[ 1, 1, -1, -3, 6, 1, 1, 1, 0, -1, 9, -14 ],
[ 1, 1, -1, -2, 4, 0, 2, -2, 4, -1, 10, -15 ],
[ 1, 1, -1, -1, 0, 0, 5, -2, 4, 2, 6, -14 ],
[ 1, 1, -1, -1, 0, 2, 5, -2, 2, 0, 6, -12 ],
[ 1, 1, -1, -1, 1, -1, 4, 1, 2, -1, 10, -15 ],
[ 1, 1, -1, -1, 1, 0, 2, -2, 4, 2, 9, -15 ],
[ 1, 1, -1, -1, 1, 2, 2, -2, 4, 0, 9, -15 ],
[ 1, 1, -1, -1, 2, 0, 1, -4, 8, 2, 6, -14 ],
[ 1, 1, -1, -1, 2, 2, 1, -4, 6, 0, 6, -12 ],
[ 1, 1, -1, -1, 2, 2, 3, -1, 1, 0, 7, -13 ],
[ 1, 1, -1, -1, 3, -1, 0, -1, 6, -1, 10, -15 ],
[ 1, 1, -1, -1, 3, -1, 2, 4, -1, -1, 9, -14 ],
[ 1, 1, -1, 0, -3, -1, 7, 1, 2, 2, 6, -14 ],
[ 1, 1, -1, 0, -3, 1, 7, -1, 2, 0, 8, -14 ],
[ 1, 1, -1, 0, -3, 1, 7, 1, 0, 0, 6, -12 ],
[ 1, 1, -1, 0, -2, -2, 6, 4, 0, -1, 10, -15 ],
[ 1, 1, -1, 0, -2, -1, 4, 1, 2, 2, 9, -15 ],
[ 1, 1, -1, 0, -2, -1, 4, 3, 0, 2, 7, -13 ],
[ 1, 1, -1, 0, -2, 1, 4, -1, 2, 0, 11, -15 ],
[ 1, 1, -1, 0, -2, 1, 4, 1, 2, 0, 9, -15 ],
[ 1, 1, -1, 0, -2, 1, 4, 3, 0, 0, 7, -13 ],
[ 1, 1, -1, 0, -1, -1, 3, -1, 6, 2, 6, -14 ],
[ 1, 1, -1, 0, -1, -1, 3, 1, 2, 2, 4, -10 ],
[ 1, 1, -1, 0, -1, 1, 3, -3, 6, 0, 8, -14 ],
[ 1, 1, -1, 0, -1, 1, 3, -1, 4, 0, 6, -12 ],
[ 1, 1, -1, 0, -1, 1, 5, 0, 1, 0, 9, -15 ],
[ 1, 1, -1, 0, 0, -2, 2, 2, 4, -1, 10, -15 ],
[ 1, 1, -1, 0, 0, 1, 4, -2, 3, 0, 6, -12 ],
[ 1, 1, -1, 0, 2, 1, 2, -1, 2, 0, 7, -13 ],
[ 1, 1, -1, 1, -3, 0, 6, -1, 3, 0, 8, -14 ],
[ 1, 1, -1, 1, -3, 0, 6, 1, 1, 0, 6, -12 ],
[ 1, 1, -1, 1, -2, 0, 3, 1, 3, 0, 9, -15 ],
[ 1, 1, -1, 1, -1, 0, 2, -3, 7, 0, 8, -14 ],
[ 1, 1, -1, 1, -1, 0, 2, -1, 5, 0, 6, -12 ],
[ 1, 1, -1, 1, -1, 0, 4, 0, 2, 0, 9, -15 ],
[ 1, 1, -1, 1, -1, 0, 4, 2, 0, 0, 7, -13 ],
[ 1, 1, -1, 1, 0, -3, 3, 7, -2, -1, 9, -14 ],
[ 1, 1, -1, 1, 0, 0, 3, -2, 4, 0, 6, -12 ],
[ 1, 1, -1, 1, 0, 3, 3, -2, 1, 1, 6, -13 ],
[ 1, 1, -1, 2, -4, -1, 6, 3, 0, 0, 9, -15 ],
[ 1, 1, -1, 2, -3, -1, 5, 1, 2, 0, 6, -12 ],
[ 1, 1, -1, 2, -1, -1, 3, 2, 1, 0, 7, -13 ],
[ 1, 1, -1, 3, -4, -2, 5, 5, -1, 0, 7, -13 ],
[ 1, 1, -1, 3, -3, 1, 4, 1, 0, 1, 6, -13 ],
[ 1, 1, 0, -5, 12, 1, -4, -1, 1, 1, 5, -11 ],
[ 1, 1, 0, -5, 13, 0, -5, 0, 1, -2, 11, -14 ],
[ 1, 1, 0, -4, 9, 0, -2, 0, 1, 1, 7, -13 ],
[ 1, 1, 0, -3, 6, 1, 0, -1, 1, -1, 11, -15 ],
[ 1, 1, 0, -3, 9, -1, -3, 2, 0, 1, 5, -11 ],
[ 1, 1, 0, -2, 4, 0, 1, 0, 1, -1, 8, -12 ],
[ 1, 1, 0, -2, 6, 0, -1, -1, 2, -1, 11, -15 ],
[ 1, 1, 0, -2, 7, 1, -2, -1, 1, 2, 6, -13 ],
[ 1, 1, 0, -2, 8, 0, -3, 0, 1, -1, 12, -16 ],
[ 1, 1, 0, -1, 2, -3, 0, 7, -1, 1, 7, -13 ],
[ 1, 1, 0, -1, 2, -3, 0, 9, -3, 1, 5, -11 ],
[ 1, 1, 0, -1, 2, -1, 0, 3, 1, -1, 11, -15 ],
[ 1, 1, 0, -1, 2, -1, 0, 5, -1, -1, 9, -13 ],
[ 1, 1, 0, -1, 2, 0, 2, -1, 2, 2, 7, -14 ],
[ 1, 1, 0, -1, 2, 1, 0, -1, 1, -3, 15, -15 ],
[ 1, 1, 0, -1, 2, 1, 0, -1, 3, -3, 15, -17 ],
[ 1, 1, 0, -1, 2, 2, 2, -1, 2, 0, 7, -14 ],
[ 1, 1, 0, -1, 3, -4, -1, 10, -3, -2, 11, -14 ],
[ 1, 1, 0, -1, 3, -1, -1, 1, 3, -1, 8, -12 ],
[ 1, 1, 0, -1, 3, -1, 1, 2, 0, -1, 11, -15 ],
[ 1, 1, 0, -1, 3, 0, -1, 0, 1, -6, 21, -18 ],
[ 1, 1, 0, -1, 3, 2, -1, 1, 0, 0, 8, -13 ],
[ 1, 1, 0, 0, -3, 1, 6, -1, 1, 0, 8, -13 ],
[ 1, 1, 0, 0, -2, 0, 5, 0, 1, -3, 14, -16 ],
[ 1, 1, 0, 0, -1, -4, 2, 10, -3, 1, 7, -13 ],
[ 1, 1, 0, 0, -1, -2, 2, 6, -1, -1, 11, -15 ],
[ 1, 1, 0, 0, -1, -1, 4, 2, 0, 2, 7, -14 ],
[ 1, 1, 0, 0, -1, 0, 2, -1, 2, 5, 6, -14 ],
[ 1, 1, 0, 0, -1, 0, 2, 0, 1, -3, 17, -17 ],
[ 1, 1, 0, 0, -1, 0, 2, 2, 1, -3, 15, -17 ],
[ 1, 1, 0, 0, -1, 1, 2, -3, 5, 0, 8, -13 ],
[ 1, 1, 0, 0, -1, 1, 2, -1, 1, 0, 6, -9 ],
[ 1, 1, 0, 0, -1, 1, 2, -1, 3, 0, 6, -11 ],
[ 1, 1, 0, 0, -1, 2, 2, -1, 2, 3, 6, -14 ],
[ 1, 1, 0, 0, -1, 4, 2, -3, 2, 1, 8, -14 ],
[ 1, 1, 0, 0, 0, -2, 1, 4, 1, -1, 8, -12 ],
[ 1, 1, 0, 0, 0, -1, 1, 2, 0, 2, 10, -15 ],
[ 1, 1, 0, 0, 0, -1, 1, 6, -2, 2, 6, -13 ],
[ 1, 1, 0, 0, 0, 0, 1, -2, 5, -3, 14, -16 ],
[ 1, 1, 0, 0, 0, 0, 1, 0, 1, -3, 12, -12 ],
[ 1, 1, 0, 0, 0, 1, 1, 2, 0, 0, 10, -15 ],
[ 1, 1, 0, 0, 0, 3, 1, 0, 0, -2, 12, -15 ],
[ 1, 1, 0, 0, 1, -2, 0, 7, -2, -1, 12, -16 ],
[ 1, 1, 0, 0, 1, -1, 0, 0, 4, 2, 7, -14 ],
[ 1, 1, 0, 0, 1, -1, 0, 2, 0, 2, 5, -10 ],
[ 1, 1, 0, 0, 1, -1, 0, 2, 2, 2, 5, -12 ],
[ 1, 1, 0, 0, 1, 0, 0, 0, 1, 5, 7, -15 ],
[ 1, 1, 0, 0, 1, 1, 0, -2, 4, 0, 9, -14 ],
[ 1, 1, 0, 0, 1, 1, 0, 0, 2, 0, 7, -12 ],
[ 1, 1, 0, 0, 1, 1, 0, 0, 4, 0, 7, -14 ],
[ 1, 1, 0, 0, 1, 1, 0, 2, 0, 0, 5, -10 ],
[ 1, 1, 0, 0, 1, 4, 0, -2, 1, 1, 9, -15 ],
[ 1, 1, 0, 0, 2, 1, 1, -1, 1, 0, 7, -12 ],
[ 1, 1, 0, 0, 2, 1, 1, -1, 3, 0, 7, -14 ],
[ 1, 1, 0, 0, 4, -1, -1, 2, 0, 2, 6, -13 ],
[ 1, 1, 0, 1, -3, 0, 5, -1, 2, 0, 8, -13 ],
[ 1, 1, 0, 1, -1, -5, 1, 12, -4, 1, 5, -11 ],
[ 1, 1, 0, 1, -1, -3, 1, 6, 0, -1, 11, -15 ],
[ 1, 1, 0, 1, -1, -3, 1, 8, -2, -1, 9, -13 ],
[ 1, 1, 0, 1, -1, -1, 1, 1, 1, 5, 4, -12 ],
[ 1, 1, 0, 1, -1, -1, 1, 2, 0, -3, 15, -15 ],
[ 1, 1, 0, 1, -1, -1, 1, 2, 2, -3, 15, -17 ],
[ 1, 1, 0, 1, -1, 0, 1, -3, 6, 0, 8, -13 ],
[ 1, 1, 0, 1, -1, 0, 1, -1, 2, 0, 6, -9 ],
[ 1, 1, 0, 1, -1, 0, 1, -1, 4, 0, 6, -11 ],
[ 1, 1, 0, 1, -1, 0, 1, 1, 0, 0, 4, -7 ],
[ 1, 1, 0, 1, -1, 0, 3, 0, 1, 0, 9, -14 ],
[ 1, 1, 0, 1, -1, 0, 3, 2, 1, 0, 7, -14 ],
[ 1, 1, 0, 1, -1, 1, 1, -2, 2, -5, 19, -17 ],
[ 1, 1, 0, 1, -1, 1, 1, -1, 1, 3, 6, -12 ],
[ 1, 1, 0, 1, -1, 1, 1, -1, 3, 3, 6, -14 ],
[ 1, 1, 0, 1, -1, 3, 1, -3, 3, 1, 8, -14 ],
[ 1, 1, 0, 1, -1, 3, 1, -1, 1, 1, 6, -12 ],
[ 1, 1, 0, 1, -1, 5, 1, -3, 1, -1, 8, -12 ],
[ 1, 1, 0, 1, 0, 0, 0, 0, 1, 0, 12, -15 ],
[ 1, 1, 0, 1, 0, 0, 0, 4, -1, 0, 8, -13 ],
[ 1, 1, 0, 1, 2, 0, 0, -1, 2, 0, 7, -12 ],
[ 1, 1, 0, 1, 2, 0, 0, -1, 4, 0, 7, -14 ],
[ 1, 1, 0, 1, 4, 0, -2, 0, 1, 0, 8, -13 ],
[ 1, 1, 0, 2, -1, -1, 2, 2, 0, 0, 7, -12 ],
[ 1, 1, 0, 2, -1, -1, 2, 2, 2, 0, 7, -14 ],
[ 1, 1, 0, 2, 1, 1, 0, -1, 1, -2, 12, -15 ],
[ 1, 1, 0, 3, -3, -1, 3, 1, 1, 3, 6, -14 ],
[ 1, 1, 0, 3, -3, 1, 3, -1, 1, 1, 8, -14 ],
[ 1, 1, 0, 4, -3, 0, 2, -1, 2, 1, 8, -14 ],
[ 1, 1, 0, 4, -2, -1, 1, 2, 0, -2, 12, -15 ],
[ 1, 1, 0, 4, -1, 0, 0, 0, 1, 1, 9, -15 ],
[ 1, 1, 0, 5, -3, 1, 1, -1, 1, -1, 8, -12 ],
[ 1, 1, 1, -2, 4, 0, 0, -2, 4, -1, 10, -15 ],
[ 1, 1, 1, -2, 6, 0, -2, 1, 1, -1, 9, -14 ],
[ 1, 1, 1, -1, 1, -1, 2, 1, 2, -1, 10, -15 ],
[ 1, 1, 1, -1, 2, 2, 1, -1, 1, 0, 7, -13 ],
[ 1, 1, 1, -1, 3, -1, 0, 4, -1, -1, 9, -14 ],
[ 1, 1, 1, 0, -2, -2, 4, 4, 0, -1, 10, -15 ],
[ 1, 1, 1, 0, 0, 1, 2, -2, 3, 0, 6, -12 ],
[ 1, 1, 1, 0, 2, 1, 0, -1, 2, 0, 7, -13 ],
[ 1, 1, 1, 0, 3, -2, -1, 4, 0, -1, 9, -14 ],
[ 1, 1, 1, 1, -1, 0, 2, 2, 0, 0, 7, -13 ],
[ 1, 1, 1, 1, 0, -3, 1, 7, -2, -1, 9, -14 ],
[ 1, 1, 1, 1, 0, 0, 1, -2, 4, 0, 6, -12 ],
[ 1, 1, 1, 1, 0, 3, 1, -2, 1, 1, 6, -13 ],
[ 1, 1, 1, 1, 2, 0, -1, -1, 3, 0, 7, -13 ],
[ 1, 1, 1, 2, -1, -1, 1, 2, 1, 0, 7, -13 ],
[ 1, 1, 1, 2, 0, 2, 0, -2, 2, 1, 6, -13 ],
[ 1, 1, 2, -1, 2, 0, 0, -1, 2, 2, 7, -14 ],
[ 1, 1, 2, -1, 3, -1, -1, 2, 0, -1, 11, -15 ],
[ 1, 1, 2, 0, -1, -1, 2, 2, 0, 2, 7, -14 ],
[ 1, 1, 2, 1, -1, 0, 1, 0, 1, 0, 9, -14 ],
[ 1, 2, -1, -5, 12, 0, -4, -1, 2, -2, 12, -15 ],
[ 1, 2, -1, -4, 9, -1, -2, 2, 0, -2, 12, -15 ],
[ 1, 2, -1, -4, 10, 0, -3, 0, 1, 1, 9, -15 ],
[ 1, 2, -1, -3, 8, 1, -2, -1, 1, -1, 8, -12 ],
[ 1, 2, -1, -2, 3, 0, 2, -1, 2, -1, 9, -13 ],
[ 1, 2, -1, -2, 5, 0, 0, 0, 1, -1, 10, -14 ],
[ 1, 2, -1, -2, 8, 0, -3, -1, 2, -1, 8, -12 ],
[ 1, 2, -1, -1, 0, -1, 4, 2, 0, -1, 9, -13 ],
[ 1, 2, -1, -1, 1, 0, 3, 0, 1, 2, 6, -13 ],
[ 1, 2, -1, -1, 1, 1, 1, -1, 1, 5, 3, -11 ],
[ 1, 2, -1, -1, 2, -4, 0, 9, -2, -2, 12, -15 ],
[ 1, 2, -1, -1, 2, -1, 0, 0, 4, -1, 9, -13 ],
[ 1, 2, -1, -1, 2, -1, 0, 2, 0, -1, 7, -9 ],
[ 1, 2, -1, -1, 2, 0, 0, -1, 2, -6, 22, -19 ],
[ 1, 2, -1, -1, 2, 0, 0, 0, 1, 2, 9, -14 ],
[ 1, 2, -1, -1, 2, 0, 0, 2, 1, 2, 7, -14 ],
[ 1, 2, -1, -1, 2, 0, 0, 4, -1, 2, 5, -12 ],
[ 1, 2, -1, -1, 2, 1, 2, -1, 1, -3, 14, -16 ],
[ 1, 2, -1, -1, 2, 2, 0, 0, 1, 0, 9, -14 ],
[ 1, 2, -1, -1, 2, 4, 0, -2, 1, -2, 11, -14 ],
[ 1, 2, -1, -1, 3, 0, -1, 0, 1, 2, 4, -9 ],
[ 1, 2, -1, -1, 3, 2, -1, -2, 3, 0, 6, -11 ],
[ 1, 2, -1, -1, 5, -1, -1, 2, 0, -1, 8, -12 ],
[ 1, 2, -1, -1, 6, 0, -2, 0, 1, 2, 5, -12 ],
[ 1, 2, -1, 0, -3, 0, 6, -1, 2, -3, 15, -17 ],
[ 1, 2, -1, 0, -2, 1, 5, -1, 1, 0, 10, -15 ],
[ 1, 2, -1, 0, -1, -5, 2, 12, -4, -2, 12, -15 ],
[ 1, 2, -1, 0, -1, -2, 2, 3, 2, -1, 9, -13 ],
[ 1, 2, -1, 0, -1, -1, 2, 1, 1, 2, 11, -16 ],
[ 1, 2, -1, 0, -1, -1, 2, 2, 0, -6, 22, -19 ],
[ 1, 2, -1, 0, -1, -1, 2, 5, -1, 2, 7, -14 ],
[ 1, 2, -1, 0, -1, 0, 2, -3, 6, -3, 15, -17 ],
[ 1, 2, -1, 0, -1, 0, 2, -1, 2, -3, 13, -13 ],
[ 1, 2, -1, 0, -1, 1, 2, -1, 1, 0, 13, -16 ],
[ 1, 2, -1, 0, -1, 1, 2, 3, -1, 0, 9, -14 ],
[ 1, 2, -1, 0, -1, 1, 4, -3, 5, 0, 7, -14 ],
[ 1, 2, -1, 0, -1, 1, 4, -1, 1, 0, 5, -10 ],
[ 1, 2, -1, 0, -1, 3, 2, -1, 1, -2, 13, -16 ],
[ 1, 2, -1, 0, 0, -4, 1, 10, -3, 1, 9, -15 ],
[ 1, 2, -1, 0, 0, -1, 1, 1, 3, 2, 6, -13 ],
[ 1, 2, -1, 0, 0, 0, 1, 0, 1, -3, 19, -19 ],
[ 1, 2, -1, 0, 0, 0, 1, 4, -1, -3, 15, -17 ],
[ 1, 2, -1, 0, 0, 1, 1, -3, 5, 0, 10, -15 ],
[ 1, 2, -1, 0, 0, 1, 1, -1, 1, 0, 8, -11 ],
[ 1, 2, -1, 0, 0, 1, 1, -1, 3, 0, 8, -13 ],
[ 1, 2, -1, 0, 0, 1, 1, 1, 1, 0, 6, -11 ],
[ 1, 2, -1, 0, 0, 2, 1, 1, 0, 3, 6, -14 ],
[ 1, 2, -1, 0, 1, -4, 0, 10, -3, 1, 4, -10 ],
[ 1, 2, -1, 0, 1, -2, 0, 4, 1, -1, 10, -14 ],
[ 1, 2, -1, 0, 1, -2, 0, 6, -1, -1, 8, -12 ],
[ 1, 2, -1, 0, 1, 0, 0, -1, 2, 5, 3, -11 ],
[ 1, 2, -1, 0, 1, 0, 0, 0, 1, -3, 14, -14 ],
[ 1, 2, -1, 0, 1, 0, 0, 0, 3, -3, 14, -16 ],
[ 1, 2, -1, 0, 1, 1, 0, -5, 9, 0, 7, -14 ],
[ 1, 2, -1, 0, 1, 1, 0, -3, 5, 0, 5, -10 ],
[ 1, 2, -1, 0, 1, 1, 0, -1, 1, 0, 3, -6 ],
[ 1, 2, -1, 0, 1, 2, 0, -3, 4, 3, 5, -13 ],
[ 1, 2, -1, 0, 1, 4, 0, -3, 2, 1, 5, -11 ],
[ 1, 2, -1, 0, 2, 0, 1, -1, 2, -3, 14, -16 ],
[ 1, 2, -1, 0, 3, 1, 0, -1, 1, 0, 9, -14 ],
[ 1, 2, -1, 0, 4, 0, -1, 0, 1, -3, 15, -17 ],
[ 1, 2, -1, 1, -3, 0, 7, -1, 2, 0, 7, -14 ],
[ 1, 2, -1, 1, -2, 0, 4, -1, 2, 0, 10, -15 ],
[ 1, 2, -1, 1, -1, -2, 1, 5, 0, 2, 7, -14 ],
[ 1, 2, -1, 1, -1, -2, 1, 7, -2, 2, 5, -12 ],
[ 1, 2, -1, 1, -1, -1, 3, 2, 0, -3, 14, -16 ],
[ 1, 2, -1, 1, -1, 0, 1, -1, 2, 0, 13, -16 ],
[ 1, 2, -1, 1, -1, 0, 1, 3, 0, 0, 9, -14 ],
[ 1, 2, -1, 1, -1, 0, 3, -3, 6, 0, 7, -14 ],
[ 1, 2, -1, 1, -1, 0, 3, -1, 2, 0, 5, -10 ],
[ 1, 2, -1, 1, -1, 1, 3, -1, 1, 3, 5, -13 ],
[ 1, 2, -1, 1, -1, 2, 1, -1, 2, -2, 13, -16 ],
[ 1, 2, -1, 1, -1, 2, 1, 1, 0, -2, 11, -14 ],
[ 1, 2, -1, 1, 0, 0, 0, -1, 2, 0, 8, -11 ],
[ 1, 2, -1, 1, 0, 0, 0, 1, 0, 0, 6, -9 ],
[ 1, 2, -1, 1, 0, 0, 0, 1, 2, 0, 6, -11 ],
[ 1, 2, -1, 1, 1, 0, 1, 0, 1, 0, 6, -11 ],
[ 1, 2, -1, 1, 3, 0, -1, -1, 2, 0, 9, -14 ],
[ 1, 2, -1, 2, -1, 0, 2, -1, 2, 3, 5, -13 ],
[ 1, 2, -1, 2, 0, -1, 1, 2, 0, 0, 9, -14 ],
[ 1, 2, -1, 2, 1, 0, 0, 0, 1, 3, 6, -14 ],
[ 1, 2, -1, 3, -1, 1, 1, -1, 1, 1, 5, -11 ],
[ 1, 2, -1, 3, 0, 0, 0, 0, 1, -2, 11, -14 ],
[ 1, 2, -1, 4, -1, 0, 0, -1, 2, 1, 5, -11 ],
[ 1, 2, 0, -3, 8, -1, -3, 1, 2, 1, 6, -13 ],
[ 1, 2, 0, -2, 5, -2, -1, 4, 0, 1, 6, -13 ],
[ 1, 2, 0, -2, 5, 0, -1, 0, 2, -1, 10, -15 ],
[ 1, 2, 0, -2, 6, 3, -2, -2, 1, 0, 7, -13 ],
[ 1, 2, 0, -1, 1, 0, 2, 0, 2, 2, 6, -14 ],
[ 1, 2, 0, -1, 1, 2, 2, -2, 2, 0, 8, -14 ],
[ 1, 2, 0, -1, 2, -3, 1, 7, -2, 1, 6, -13 ],
[ 1, 2, 0, -1, 2, -1, 1, 3, 0, -1, 10, -15 ],
[ 1, 2, 0, 0, -2, 1, 4, 1, 0, 0, 8, -14 ],
[ 1, 2, 0, 0, 1, 1, 1, -2, 3, 0, 8, -14 ],
[ 1, 2, 0, 0, 1, 1, 1, 0, 1, 0, 6, -12 ],
[ 1, 2, 0, 0, 3, 1, -1, 1, 0, 0, 7, -13 ],
[ 1, 2, 0, 1, -2, 0, 3, 1, 1, 0, 8, -14 ],
[ 1, 2, 0, 1, 1, 0, 0, -2, 4, 0, 8, -14 ],
[ 1, 2, 0, 1, 1, 0, 0, 0, 2, 0, 6, -12 ],
[ 1, 2, 0, 2, -2, -1, 2, 1, 2, 0, 8, -14 ],
[ 1, 2, 0, 2, -2, -1, 2, 3, 0, 0, 6, -12 ],
[ 1, 2, 0, 2, 0, -1, 0, 4, -1, 0, 7, -13 ],
[ 1, 2, 1, -1, 2, 1, 0, -1, 1, -3, 14, -16 ],
[ 1, 2, 1, 0, -1, 1, 2, -3, 5, 0, 7, -14 ],
[ 1, 2, 1, 0, -1, 1, 2, -1, 1, 0, 5, -10 ],
[ 1, 2, 1, 1, -3, 0, 5, -1, 2, 0, 7, -14 ],
[ 1, 2, 1, 1, -1, -1, 1, 2, 0, -3, 14, -16 ],
[ 1, 2, 1, 1, -1, 0, 1, -3, 6, 0, 7, -14 ],
[ 1, 2, 1, 1, -1, 0, 1, -1, 2, 0, 5, -10 ],
[ 1, 2, 1, 1, -1, 1, 1, -1, 1, 3, 5, -13 ],
[ 1, 3, -2, -1, 0, 0, 4, -1, 2, 2, 7, -14 ],
[ 1, 3, -2, -1, 0, 2, 4, -1, 2, 0, 7, -14 ],
[ 1, 3, -2, -1, 1, -1, 3, 2, 0, -1, 11, -15 ],
[ 1, 3, -2, 0, -3, 1, 6, 2, 0, 0, 7, -14 ],
[ 1, 3, -2, 0, 0, 1, 3, -1, 3, 0, 7, -14 ],
[ 1, 3, -2, 1, -3, 0, 5, 0, 1, 0, 9, -14 ],
[ 1, 3, -2, 1, -3, 0, 5, 2, 1, 0, 7, -14 ],
[ 1, 3, -2, 1, 0, 0, 2, -1, 4, 0, 7, -14 ],
[ 1, 3, -2, 2, -3, -1, 4, 2, 2, 0, 7, -14 ],
[ 1, 3, -1, -3, 7, 1, -2, -2, 3, -1, 9, -14 ],
[ 1, 3, -1, -2, 4, 0, 0, 1, 1, -1, 9, -14 ],
[ 1, 3, -1, -2, 6, 0, -2, 2, 0, -1, 10, -15 ],
[ 1, 3, -1, -1, 1, -1, 2, 4, -1, -1, 9, -14 ],
[ 1, 3, -1, -1, 4, -1, -1, 1, 2, -1, 9, -14 ],
[ 1, 3, -1, -1, 5, 2, -2, -1, 1, 0, 6, -12 ],
[ 1, 3, -1, 0, -2, 1, 4, -2, 3, 0, 6, -12 ],
[ 1, 3, -1, 0, 0, 1, 2, -1, 2, 0, 7, -13 ],
[ 1, 3, -1, 0, 1, -2, 1, 4, 0, -1, 9, -14 ],
[ 1, 3, -1, 0, 2, 1, 0, 0, 1, 0, 8, -14 ],
[ 1, 3, -1, 0, 3, -2, -1, 5, -1, -1, 10, -15 ],
[ 1, 3, -1, 1, -2, -3, 3, 7, -2, -1, 9, -14 ],
[ 1, 3, -1, 1, -2, 0, 3, -2, 4, 0, 6, -12 ],
[ 1, 3, -1, 1, -2, 3, 3, -2, 1, 1, 6, -13 ],
[ 1, 3, -1, 1, 0, 0, 1, -1, 3, 0, 7, -13 ],
[ 1, 3, -1, 1, 2, 0, -1, 2, 0, 0, 6, -12 ],
[ 1, 3, -1, 2, -2, 2, 2, -2, 2, 1, 6, -13 ],
[ 1, 3, -1, 2, -1, -1, 1, 3, 0, 0, 8, -14 ],
[ 1, 3, -1, 2, 0, 2, 0, -1, 1, 1, 7, -14 ],
[ 1, 3, -1, 3, -2, 1, 1, -2, 3, 1, 6, -13 ],
[ 1, 3, -1, 3, -1, -2, 0, 5, -1, 0, 6, -12 ],
[ 1, 3, 0, 0, 0, 1, 1, -1, 1, 0, 7, -12 ],
[ 1, 3, 0, 0, 0, 1, 1, -1, 3, 0, 7, -14 ],
[ 1, 3, 0, 1, 0, 0, 0, -1, 2, 0, 7, -12 ],
[ 1, 3, 0, 1, 0, 0, 0, -1, 4, 0, 7, -14 ],
[ 1, 4, -2, -2, 4, 3, 0, -2, 1, 0, 7, -13 ],
[ 1, 4, -2, -2, 5, -2, -1, 5, -1, 1, 7, -14 ],
[ 1, 4, -2, -1, 4, 2, -1, -2, 2, 0, 7, -13 ],
[ 1, 4, -2, 0, -1, 1, 3, -2, 3, 0, 8, -14 ],
[ 1, 4, -2, 0, -1, 1, 3, 0, 1, 0, 6, -12 ],
[ 1, 4, -2, 0, 1, 1, 1, 1, 0, 0, 7, -13 ],
[ 1, 4, -2, 1, -1, 0, 2, -2, 4, 0, 8, -14 ],
[ 1, 4, -2, 1, -1, 0, 2, 0, 2, 0, 6, -12 ],
[ 1, 4, -2, 1, 1, 0, 0, 1, 1, 0, 7, -13 ],
[ 1, 4, -2, 2, -2, -1, 2, 4, -1, 0, 7, -13 ],
[ 1, 4, -2, 3, -2, -2, 1, 4, 0, 0, 7, -13 ],
[ 1, 4, -1, -1, 3, -1, -1, 2, 0, -1, 8, -12 ],
[ 1, 4, -1, 0, 0, 0, 1, -1, 2, -3, 14, -16 ],
[ 1, 4, -1, 0, 1, -1, 0, 1, 1, 2, 7, -14 ],
[ 1, 4, -1, 0, 1, 1, 0, -1, 1, 0, 9, -14 ],
[ 1, 4, -1, 1, -1, 0, 1, 0, 1, 0, 6, -11 ],
[ 1, 5, -3, 0, -2, 1, 4, -1, 2, 0, 7, -13 ],
[ 1, 5, -2, -2, 4, 0, -1, 0, 1, -1, 12, -16 ],
[ 1, 5, -2, 0, 0, -1, 1, 2, 0, 2, 6, -13 ],
[ 1, 5, -2, 1, 0, 0, 0, 0, 1, 0, 8, -13 ],
[ 1, 6, -3, -2, 4, 0, -1, -1, 2, -1, 8, -12 ],
[ 1, 6, -3, -1, 1, -1, 1, 2, 0, -1, 8, -12 ],
[ 1, 6, -3, -1, 2, 0, 0, 0, 1, 2, 5, -12 ],
[ 1, 6, -3, 0, -2, 0, 3, -1, 2, -3, 14, -16 ],
[ 1, 6, -3, 0, -1, -1, 2, 1, 1, 2, 7, -14 ],
[ 1, 6, -3, 0, -1, 1, 2, -1, 1, 0, 9, -14 ],
[ 1, 6, -3, 0, 0, 0, 1, 0, 1, -3, 15, -17 ],
[ 1, 6, -3, 1, -1, 0, 1, -1, 2, 0, 9, -14 ],
[ 1, 7, -3, 0, -1, -2, 1, 5, -1, -1, 10, -15 ],
[ 2, -5, 8, 0, 0, -1, 0, 4, -1, 1, 6, -13 ],
[ 2, -5, 8, 0, 0, 1, 0, 0, 1, -1, 10, -15 ],
[ 2, -4, 6, -2, 5, 1, -2, -1, 1, 1, 5, -11 ],
[ 2, -4, 6, -1, 2, 0, 0, 0, 1, 1, 7, -13 ],
[ 2, -4, 6, 0, -1, 1, 2, -1, 1, -1, 11, -15 ],
[ 2, -4, 6, 0, 2, -1, -1, 2, 0, 1, 5, -11 ],
[ 2, -4, 6, 1, -1, 0, 1, -1, 2, -1, 11, -15 ],
[ 2, -4, 6, 1, 0, 1, 0, -1, 1, 2, 6, -13 ],
[ 2, -3, 3, -5, 13, -1, -5, 2, 0, 2, 5, -12 ],
[ 2, -3, 3, -4, 11, -1, -4, 2, 0, -3, 15, -17 ],
[ 2, -3, 3, -4, 11, 0, -4, -1, 2, 0, 6, -11 ],
[ 2, -3, 3, -4, 11, 1, -4, -1, 1, 3, 6, -14 ],
[ 2, -3, 3, -3, 10, 1, -4, -1, 1, -2, 11, -14 ],
[ 2, -3, 3, 0, 1, -9, 0, 22, -8, 1, 5, -13 ],
[ 2, -3, 4, -3, 8, -1, -3, 2, 1, 0, 6, -12 ],
[ 2, -3, 4, -2, 4, 1, 0, -2, 3, 1, 6, -13 ],
[ 2, -3, 4, -2, 5, -2, -1, 5, -1, 0, 6, -12 ],
[ 2, -3, 4, -2, 5, 0, -1, -1, 3, -2, 12, -16 ],
[ 2, -3, 4, -2, 6, 1, -2, -1, 2, 1, 7, -14 ],
[ 2, -3, 4, -1, 1, 0, 2, 1, 1, 1, 6, -13 ],
[ 2, -3, 4, -1, 3, 0, 0, 2, 0, 1, 7, -14 ],
[ 2, -3, 4, -1, 4, 0, -1, -2, 4, 1, 6, -13 ],
[ 2, -3, 4, 0, -2, -1, 4, 4, -1, 1, 6, -13 ],
[ 2, -3, 4, 0, -2, 1, 4, 0, 1, -1, 10, -15 ],
[ 2, -3, 4, 0, 0, -1, 0, 4, -1, 1, 4, -9 ],
[ 2, -3, 4, 0, 1, -1, 1, 1, 2, 1, 6, -13 ],
[ 2, -3, 4, 0, 3, -1, -1, 2, 1, 1, 7, -14 ],
[ 2, -3, 4, 0, 3, 1, -1, 0, 1, -1, 9, -14 ],
[ 2, -3, 4, 1, -2, -2, 3, 4, 0, 1, 6, -13 ],
[ 2, -3, 4, 1, -2, 0, 3, 0, 2, -1, 10, -15 ],
[ 2, -3, 4, 1, -1, 3, 2, -2, 1, 0, 7, -13 ],
[ 2, -3, 4, 1, 0, -2, 1, 5, -1, 1, 7, -14 ],
[ 2, -3, 4, 2, -1, 2, 1, -2, 2, 0, 7, -13 ],
[ 2, -3, 4, 2, 0, -1, 0, 3, 0, -1, 9, -14 ],
[ 2, -3, 4, 3, -1, 1, 0, -2, 3, 0, 7, -13 ],
[ 2, -3, 5, -1, 2, -1, 0, 2, 0, -2, 12, -15 ],
[ 2, -3, 5, -1, 3, 0, -1, 0, 1, 1, 9, -15 ],
[ 2, -3, 5, 0, 1, 1, 0, -1, 1, -1, 8, -12 ],
[ 2, -3, 5, 2, -1, 0, 0, 0, 1, 2, 5, -12 ],
[ 2, -2, 1, -6, 15, 0, -5, -2, 4, 2, 6, -14 ],
[ 2, -2, 1, -6, 15, 2, -5, -2, 2, 0, 6, -12 ],
[ 2, -2, 1, -6, 16, -1, -6, 1, 2, -1, 10, -15 ],
[ 2, -2, 1, -5, 12, -1, -3, 1, 2, 2, 6, -14 ],
[ 2, -2, 1, -5, 12, 1, -3, -1, 2, 0, 8, -14 ],
[ 2, -2, 1, -5, 12, 1, -3, 1, 0, 0, 6, -12 ],
[ 2, -2, 1, -5, 13, -2, -4, 4, 0, -1, 10, -15 ],
[ 2, -2, 1, -5, 14, -1, -5, 4, -1, 2, 5, -13 ],
[ 2, -2, 1, -4, 9, 0, -1, 2, 0, 0, 8, -14 ],
[ 2, -2, 1, -4, 10, 0, -2, -2, 4, 0, 7, -13 ],
[ 2, -2, 1, -4, 12, 0, -4, -1, 3, 0, 8, -14 ],
[ 2, -2, 1, -4, 12, 0, -4, 1, 1, 0, 6, -12 ],
[ 2, -2, 1, -3, 7, -3, -2, 7, -2, 2, 9, -15 ],
[ 2, -2, 1, -3, 7, -3, -2, 11, -4, 2, 5, -13 ],
[ 2, -2, 1, -3, 8, -3, -3, 7, -2, 2, 4, -10 ],
[ 2, -2, 1, -3, 9, -1, -2, 2, 1, 0, 8, -14 ],
[ 2, -2, 1, -3, 9, -1, -2, 4, -1, 0, 6, -12 ],
[ 2, -2, 1, -3, 9, 1, -2, -2, 3, -2, 12, -16 ],
[ 2, -2, 1, -3, 10, 2, -3, -2, 2, 1, 7, -14 ],
[ 2, -2, 1, -3, 11, -3, -4, 7, -2, 2, 5, -13 ],
[ 2, -2, 1, -2, 6, -5, -2, 11, -2, -1, 10, -15 ],
[ 2, -2, 1, -2, 6, -2, 0, 5, -1, 0, 8, -14 ],
[ 2, -2, 1, -2, 9, -2, -3, 4, 0, 0, 6, -12 ],
[ 2, -2, 1, -2, 9, 0, -3, -2, 4, -2, 12, -16 ],
[ 2, -2, 1, -2, 10, 1, -4, -2, 3, 1, 7, -14 ],
[ 2, -2, 1, -1, 3, -6, 0, 14, -4, -1, 10, -15 ],
[ 2, -2, 1, -1, 4, -5, -1, 14, -5, 2, 5, -13 ],
[ 2, -2, 1, -1, 6, -3, -1, 7, -2, 0, 6, -12 ],
[ 2, -2, 2, -5, 12, 1, -4, -1, 1, 0, 8, -13 ],
[ 2, -2, 2, -5, 13, 0, -5, 0, 1, -3, 14, -16 ],
[ 2, -2, 2, -4, 9, 0, -2, 0, 1, 0, 10, -15 ],
[ 2, -2, 2, -4, 10, 0, -3, -2, 5, 0, 7, -14 ],
[ 2, -2, 2, -4, 10, 0, -3, 0, 1, 0, 5, -10 ],
[ 2, -2, 2, -3, 7, -1, -1, 1, 3, 0, 7, -14 ],
[ 2, -2, 2, -3, 9, -1, -3, 2, 0, 0, 8, -13 ],
[ 2, -2, 2, -3, 10, 0, -4, 0, 1, 3, 5, -13 ],
[ 2, -2, 2, -2, 3, 1, 2, -1, 1, 1, 5, -11 ],
[ 2, -2, 2, -2, 4, -2, 1, 4, 1, 0, 7, -14 ],
[ 2, -2, 2, -2, 4, 0, 1, 0, 1, -2, 11, -14 ],
[ 2, -2, 2, -2, 7, 1, -2, -1, 1, 1, 9, -15 ],
[ 2, -2, 2, -1, 0, 0, 4, 0, 1, 1, 7, -13 ],
[ 2, -2, 2, -1, 1, -3, 3, 7, -1, 0, 7, -14 ],
[ 2, -2, 2, -1, 2, -3, 0, 7, -1, 0, 10, -15 ],
[ 2, -2, 2, -1, 2, -3, 0, 9, -3, 0, 8, -13 ],
[ 2, -2, 2, -1, 2, -1, 0, 2, 0, 6, 3, -12 ],
[ 2, -2, 2, -1, 2, -1, 0, 5, -1, -2, 12, -15 ],
[ 2, -2, 2, -1, 2, 0, 0, -2, 5, 1, 7, -13 ],
[ 2, -2, 2, -1, 2, 0, 0, 0, 1, 1, 5, -9 ],
[ 2, -2, 2, -1, 2, 0, 0, 0, 3, 1, 5, -11 ],
[ 2, -2, 2, -1, 2, 1, 0, -1, 1, -4, 18, -17 ],
[ 2, -2, 2, -1, 2, 3, 0, -2, 2, 2, 7, -14 ],
[ 2, -2, 2, -1, 2, 3, 0, 0, 0, 2, 5, -12 ],
[ 2, -2, 2, -1, 3, -4, -1, 10, -3, -3, 14, -16 ],
[ 2, -2, 2, -1, 3, -3, -1, 5, 3, 0, 7, -14 ],
[ 2, -2, 2, -1, 3, -3, -1, 7, -1, 0, 5, -10 ],
[ 2, -2, 2, -1, 3, -2, -1, 7, -2, 3, 5, -13 ],
[ 2, -2, 2, -1, 3, -1, -1, 1, 3, -2, 11, -14 ],
[ 2, -2, 2, -1, 3, 0, -1, -1, 2, 1, 13, -17 ],
[ 2, -2, 2, -1, 3, 0, -1, 0, 1, -7, 24, -20 ],
[ 2, -2, 2, -1, 3, 0, -1, 3, 0, 1, 9, -15 ],
[ 2, -2, 2, -1, 3, 0, 1, -1, 2, 1, 5, -11 ],
[ 2, -2, 2, -1, 3, 2, -1, 1, 0, -1, 11, -15 ],
[ 2, -2, 2, -1, 3, 4, -1, -3, 2, -3, 15, -17 ],
[ 2, -2, 2, -1, 5, 0, -1, 0, 1, 1, 6, -12 ],
[ 2, -2, 2, -1, 7, 0, -3, -1, 2, 1, 9, -15 ],
[ 2, -2, 2, 0, -3, 1, 6, -1, 1, -1, 11, -15 ],
[ 2, -2, 2, 0, -1, -4, 2, 10, -3, 0, 10, -15 ],
[ 2, -2, 2, 0, -1, -1, 2, 1, 3, 1, 7, -13 ],
[ 2, -2, 2, 0, -1, -1, 2, 3, 1, 1, 5, -11 ],
[ 2, -2, 2, 0, -1, 0, 2, 0, 1, -4, 20, -19 ],
[ 2, -2, 2, 0, -1, 1, 2, -3, 5, -1, 11, -15 ],
[ 2, -2, 2, 0, -1, 1, 2, -1, 1, -1, 9, -11 ],
[ 2, -2, 2, 0, -1, 1, 2, -1, 3, -1, 9, -13 ],
[ 2, -2, 2, 0, -1, 2, 2, 1, 0, 2, 7, -14 ],
[ 2, -2, 2, 0, 0, -4, 1, 8, 1, 0, 7, -14 ],
[ 2, -2, 2, 0, 0, -4, 1, 10, -3, 0, 5, -10 ],
[ 2, -2, 2, 0, 0, -2, 1, 4, 1, -2, 11, -14 ],
[ 2, -2, 2, 0, 0, -1, 1, 2, 0, 1, 13, -17 ],
[ 2, -2, 2, 0, 0, -1, 1, 6, -2, 1, 9, -15 ],
[ 2, -2, 2, 0, 0, -1, 3, 2, 0, 1, 5, -11 ],
[ 2, -2, 2, 0, 0, 0, 1, -2, 5, -4, 17, -18 ],
[ 2, -2, 2, 0, 0, 0, 1, -1, 2, 4, 4, -11 ],
[ 2, -2, 2, 0, 0, 0, 1, 0, 1, -4, 15, -14 ],
[ 2, -2, 2, 0, 0, 1, 1, -1, 1, 7, 4, -14 ],
[ 2, -2, 2, 0, 0, 2, 1, -3, 4, 2, 6, -13 ],
[ 2, -2, 2, 0, 0, 3, 1, 0, 0, -3, 15, -17 ],
[ 2, -2, 2, 0, 0, 4, 1, -3, 2, 0, 6, -11 ],
[ 2, -2, 2, 0, 0, 5, 1, -3, 1, 3, 6, -14 ],
[ 2, -2, 2, 0, 0, 9, 1, -5, 1, -1, 8, -14 ],
[ 2, -2, 2, 0, 1, -1, 0, 2, 0, 1, 8, -12 ],
[ 2, -2, 2, 0, 1, -1, 0, 2, 2, 1, 8, -14 ],
[ 2, -2, 2, 0, 1, -1, 0, 4, 0, 1, 6, -12 ],
[ 2, -2, 2, 0, 1, 1, 0, -2, 4, -1, 12, -16 ],
[ 2, -2, 2, 0, 1, 1, 0, 0, 2, -1, 10, -14 ],
[ 2, -2, 2, 0, 1, 1, 0, 2, 0, -1, 8, -12 ],
[ 2, -2, 2, 0, 2, 1, 1, -1, 1, -1, 10, -14 ],
[ 2, -2, 2, 0, 4, -1, -1, 2, 0, 1, 9, -15 ],
[ 2, -2, 2, 1, -3, 0, 5, -1, 2, -1, 11, -15 ],
[ 2, -2, 2, 1, -2, 1, 4, -1, 1, 2, 6, -13 ],
[ 2, -2, 2, 1, -1, -5, 1, 12, -4, 0, 8, -13 ],
[ 2, -2, 2, 1, -1, -3, 1, 8, -2, -2, 12, -15 ],
[ 2, -2, 2, 1, -1, -2, 1, 3, 2, 1, 5, -11 ],
[ 2, -2, 2, 1, -1, -1, 1, 1, 1, 4, 7, -14 ],
[ 2, -2, 2, 1, -1, -1, 1, 2, 0, -4, 18, -17 ],
[ 2, -2, 2, 1, -1, 0, 1, -3, 6, -1, 11, -15 ],
[ 2, -2, 2, 1, -1, 0, 1, -1, 2, -1, 9, -11 ],
[ 2, -2, 2, 1, -1, 0, 1, -1, 4, -1, 9, -13 ],
[ 2, -2, 2, 1, -1, 0, 1, 1, 0, -1, 7, -9 ],
[ 2, -2, 2, 1, -1, 0, 3, 0, 1, -1, 12, -16 ],
[ 2, -2, 2, 1, -1, 1, 1, -2, 2, -6, 22, -19 ],
[ 2, -2, 2, 1, -1, 1, 1, -1, 1, 2, 9, -14 ],
[ 2, -2, 2, 1, -1, 1, 1, 1, 1, 2, 7, -14 ],
[ 2, -2, 2, 1, -1, 1, 1, 3, -1, 2, 5, -12 ],
[ 2, -2, 2, 1, -1, 3, 1, -1, 1, 0, 9, -14 ],
[ 2, -2, 2, 1, -1, 5, 1, -3, 1, -2, 11, -14 ],
[ 2, -2, 2, 1, 0, -4, 0, 10, -3, 3, 5, -13 ],
[ 2, -2, 2, 1, 0, -2, 0, 6, -1, 1, 9, -15 ],
[ 2, -2, 2, 1, 0, 0, 0, -1, 2, 7, 4, -14 ],
[ 2, -2, 2, 1, 0, 0, 0, 0, 1, -1, 15, -17 ],
[ 2, -2, 2, 1, 0, 0, 0, 4, -1, -1, 11, -15 ],
[ 2, -2, 2, 1, 0, 1, 0, -3, 5, 2, 6, -13 ],
[ 2, -2, 2, 1, 0, 1, 0, -1, 1, 2, 4, -9 ],
[ 2, -2, 2, 1, 0, 2, 0, 0, 1, -3, 15, -17 ],
[ 2, -2, 2, 1, 0, 3, 0, -3, 3, 0, 6, -11 ],
[ 2, -2, 2, 1, 0, 4, 0, -3, 2, 3, 6, -14 ],
[ 2, -2, 2, 1, 0, 8, 0, -5, 2, -1, 8, -14 ],
[ 2, -2, 2, 1, 2, 0, 0, -1, 2, -1, 10, -14 ],
[ 2, -2, 2, 1, 3, 1, -1, -1, 1, 2, 5, -12 ],
[ 2, -2, 2, 1, 4, 0, -2, 0, 1, -1, 11, -15 ],
[ 2, -2, 2, 2, -2, 0, 3, -1, 2, 2, 6, -13 ],
[ 2, -2, 2, 2, -1, -1, 2, 2, 0, -1, 10, -14 ],
[ 2, -2, 2, 2, 0, 0, 1, 0, 1, 2, 7, -14 ],
[ 2, -2, 2, 2, 1, 1, 0, -1, 1, -3, 15, -17 ],
[ 2, -2, 2, 3, -2, 1, 2, -1, 1, 0, 6, -11 ],
[ 2, -2, 2, 3, 0, -1, 0, 2, 0, 2, 5, -12 ],
[ 2, -2, 2, 3, 1, 0, -1, -1, 2, -3, 15, -17 ],
[ 2, -2, 2, 4, -2, -1, 1, 2, 0, -3, 15, -17 ],
[ 2, -2, 2, 4, -2, 0, 1, -1, 2, 0, 6, -11 ],
[ 2, -2, 2, 4, -2, 1, 1, -1, 1, 3, 6, -14 ],
[ 2, -2, 2, 5, -3, 1, 1, -1, 1, -2, 11, -14 ],
[ 2, -2, 2, 5, -2, 0, 0, -1, 2, 3, 6, -14 ],
[ 2, -2, 3, -3, 7, -1, -2, 1, 2, 0, 7, -13 ],
[ 2, -2, 3, -2, 4, -2, 0, 4, 0, 0, 7, -13 ],
[ 2, -2, 3, -2, 5, 1, -1, 0, 1, 1, 6, -13 ],
[ 2, -2, 3, -2, 6, -2, -2, 5, -1, 0, 8, -14 ],
[ 2, -2, 3, -1, 1, -3, 2, 7, -2, 0, 7, -13 ],
[ 2, -2, 3, -1, 2, 2, 1, -1, 1, -1, 10, -15 ],
[ 2, -2, 3, -1, 5, 0, -2, 0, 2, 1, 6, -13 ],
[ 2, -2, 3, 0, 0, 1, 2, -2, 3, -1, 9, -14 ],
[ 2, -2, 3, 0, 2, -1, 0, 3, 0, 1, 6, -13 ],
[ 2, -2, 3, 0, 2, 1, 0, -1, 2, -1, 10, -15 ],
[ 2, -2, 3, 1, -1, 0, 2, 2, 0, -1, 10, -15 ],
[ 2, -2, 3, 1, 0, 0, 1, -2, 4, -1, 9, -14 ],
[ 2, -2, 3, 1, 2, 0, -1, -1, 3, -1, 10, -15 ],
[ 2, -2, 3, 2, -2, 0, 2, -1, 3, 2, 6, -14 ],
[ 2, -2, 3, 2, -2, 2, 2, -1, 1, 0, 6, -12 ],
[ 2, -2, 3, 2, -1, -1, 1, 2, 1, -1, 10, -15 ],
[ 2, -2, 3, 3, -2, 1, 1, -1, 2, 0, 6, -12 ],
[ 2, -2, 4, -1, 3, 0, -1, -1, 2, 1, 5, -11 ],
[ 2, -2, 4, 0, 0, -1, 1, 2, 0, 1, 5, -11 ],
[ 2, -2, 4, 1, -1, 0, 1, 0, 1, -1, 12, -16 ],
[ 2, -2, 5, 0, 0, 1, 0, -2, 3, -1, 9, -14 ],
[ 2, -1, 0, -6, 15, -1, -5, 2, 1, -1, 9, -14 ],
[ 2, -1, 0, -6, 16, 2, -6, -2, 2, 0, 8, -14 ],
[ 2, -1, 0, -5, 11, 1, -2, -2, 3, 0, 9, -15 ],
[ 2, -1, 0, -5, 11, 1, -2, 0, 1, 0, 7, -13 ],
[ 2, -1, 0, -5, 12, -2, -3, 5, -1, -1, 9, -14 ],
[ 2, -1, 0, -4, 9, 0, -1, -1, 3, 0, 6, -12 ],
[ 2, -1, 0, -4, 11, 0, -3, -2, 4, 0, 9, -15 ],
[ 2, -1, 0, -4, 11, 0, -3, 0, 2, 0, 7, -13 ],
[ 2, -1, 0, -4, 13, 0, -5, 1, 1, 0, 8, -14 ],
[ 2, -1, 0, -3, 6, -1, 1, 2, 1, 0, 6, -12 ],
[ 2, -1, 0, -3, 7, -3, -2, 6, 1, 2, 5, -13 ],
[ 2, -1, 0, -3, 7, -1, -2, 2, 1, 0, 9, -13 ],
[ 2, -1, 0, -3, 7, -1, -2, 2, 3, 0, 9, -15 ],
[ 2, -1, 0, -3, 7, -1, -2, 4, -1, 0, 7, -11 ],
[ 2, -1, 0, -3, 7, -1, -2, 4, 1, 0, 7, -13 ],
[ 2, -1, 0, -3, 7, 1, -2, -2, 3, -2, 13, -15 ],
[ 2, -1, 0, -3, 7, 1, -2, 0, 1, -2, 11, -13 ],
[ 2, -1, 0, -3, 8, -1, -3, 2, 1, 0, 4, -8 ],
[ 2, -1, 0, -3, 8, -1, -1, 1, 2, 0, 9, -15 ],
[ 2, -1, 0, -3, 8, -1, -1, 3, 0, 0, 7, -13 ],
[ 2, -1, 0, -3, 9, 2, -2, -1, 1, 1, 6, -13 ],
[ 2, -1, 0, -2, 2, 1, 4, -2, 3, 1, 6, -13 ],
[ 2, -1, 0, -2, 3, -2, 3, 5, -1, 0, 6, -12 ],
[ 2, -1, 0, -2, 3, 0, 3, -1, 3, -2, 12, -16 ],
[ 2, -1, 0, -2, 4, -4, 0, 9, -1, 2, 5, -13 ],
[ 2, -1, 0, -2, 4, -2, 0, 5, -1, 0, 9, -13 ],
[ 2, -1, 0, -2, 4, -2, 0, 5, 1, 0, 9, -15 ],
[ 2, -1, 0, -2, 4, -2, 0, 7, -1, 0, 7, -13 ],
[ 2, -1, 0, -2, 4, 0, 0, -2, 4, 6, 4, -14 ],
[ 2, -1, 0, -2, 4, 0, 0, -1, 3, -2, 15, -17 ],
[ 2, -1, 0, -2, 4, 0, 0, 1, 1, -2, 13, -15 ],
[ 2, -1, 0, -2, 4, 1, 0, -4, 7, 1, 6, -13 ],
[ 2, -1, 0, -2, 4, 1, 0, -2, 3, 1, 4, -9 ],
[ 2, -1, 0, -2, 4, 1, 2, -1, 2, 1, 7, -14 ],
[ 2, -1, 0, -2, 4, 2, 0, -3, 3, -4, 17, -17 ],
[ 2, -1, 0, -2, 4, 2, 0, -2, 2, 4, 4, -12 ],
[ 2, -1, 0, -2, 4, 4, 0, -4, 4, 2, 6, -14 ],
[ 2, -1, 0, -2, 4, 6, 0, -4, 2, 0, 6, -12 ],
[ 2, -1, 0, -2, 5, -5, -1, 12, -3, -1, 9, -14 ],
[ 2, -1, 0, -2, 5, -2, -1, 3, 3, 0, 6, -12 ],
[ 2, -1, 0, -2, 5, -2, -1, 5, -1, 0, 4, -8 ],
[ 2, -1, 0, -2, 5, -1, -1, 1, 2, 3, 8, -15 ],
[ 2, -1, 0, -2, 5, -1, -1, 2, 1, -5, 19, -18 ],
[ 2, -1, 0, -2, 5, -1, -1, 3, 0, 3, 6, -13 ],
[ 2, -1, 0, -2, 5, 0, -1, -3, 7, -2, 12, -16 ],
[ 2, -1, 0, -2, 5, 0, -1, -1, 3, -2, 10, -12 ],
[ 2, -1, 0, -2, 5, 1, -1, -1, 2, 1, 10, -15 ],
[ 2, -1, 0, -2, 5, 1, -1, 1, 0, 1, 8, -13 ],
[ 2, -1, 0, -2, 5, 1, -1, 3, 0, 1, 6, -13 ],
[ 2, -1, 0, -2, 5, 3, -1, -1, 2, -1, 10, -15 ],
[ 2, -1, 0, -2, 5, 3, -1, 1, 0, -1, 8, -13 ],
[ 2, -1, 0, -2, 6, -2, -2, 4, 0, 0, 12, -16 ],
[ 2, -1, 0, -2, 6, -2, -2, 8, -2, 0, 8, -14 ],
[ 2, -1, 0, -2, 6, 0, -2, 2, 0, -2, 14, -16 ],
[ 2, -1, 0, -2, 6, 1, -2, -3, 6, 1, 7, -14 ],
[ 2, -1, 0, -2, 6, 1, -2, -1, 2, 1, 5, -10 ],
[ 2, -1, 0, -2, 6, 2, -2, -2, 2, -4, 18, -18 ],
[ 2, -1, 0, -2, 6, 2, -2, -1, 1, 4, 5, -13 ],
[ 2, -1, 0, -2, 6, 6, -2, -3, 1, 0, 7, -13 ],
[ 2, -1, 0, -2, 9, 1, -3, -1, 2, 1, 6, -13 ],
[ 2, -1, 0, -2, 10, -2, -4, 4, 0, 0, 8, -14 ],
[ 2, -1, 0, -1, -1, 0, 6, 1, 1, 1, 6, -13 ],
[ 2, -1, 0, -1, 0, -1, 5, 2, 1, -2, 12, -16 ],
[ 2, -1, 0, -1, 1, -5, 2, 12, -3, 2, 5, -13 ],
[ 2, -1, 0, -1, 1, -3, 2, 8, -1, 0, 9, -15 ],
[ 2, -1, 0, -1, 1, -3, 2, 10, -3, 0, 7, -13 ],
[ 2, -1, 0, -1, 1, -1, 2, 1, 2, 6, 4, -14 ],
[ 2, -1, 0, -1, 1, -1, 2, 2, 1, -2, 15, -17 ],
[ 2, -1, 0, -1, 1, -1, 2, 4, -1, -2, 13, -15 ],
[ 2, -1, 0, -1, 1, 0, 2, -3, 7, 1, 8, -15 ],
[ 2, -1, 0, -1, 1, 0, 2, -1, 3, 1, 6, -11 ],
[ 2, -1, 0, -1, 1, 0, 2, -1, 5, 1, 6, -13 ],
[ 2, -1, 0, -1, 1, 0, 2, 1, 1, 1, 4, -9 ],
[ 2, -1, 0, -1, 1, 0, 4, 2, 0, 1, 7, -14 ],
[ 2, -1, 0, -1, 1, 1, 2, -2, 3, -4, 19, -19 ],
[ 2, -1, 0, -1, 1, 1, 2, -1, 2, 4, 6, -14 ],
[ 2, -1, 0, -1, 1, 1, 2, 0, 1, -4, 17, -17 ],
[ 2, -1, 0, -1, 1, 1, 2, 1, 0, 4, 4, -12 ],
[ 2, -1, 0, -1, 1, 3, 2, -1, 2, 2, 6, -14 ],
[ 2, -1, 0, -1, 1, 5, 2, -3, 2, 0, 8, -14 ],
[ 2, -1, 0, -1, 1, 5, 2, -1, 0, 0, 6, -12 ],
[ 2, -1, 0, -1, 2, -6, 1, 15, -5, -1, 9, -14 ],
[ 2, -1, 0, -1, 2, -3, 1, 6, 1, 0, 6, -12 ],
[ 2, -1, 0, -1, 2, -2, 1, 4, 0, 3, 8, -15 ],
[ 2, -1, 0, -1, 2, -2, 1, 5, -1, -5, 19, -18 ],
[ 2, -1, 0, -1, 2, -1, 1, 0, 5, -2, 12, -16 ],
[ 2, -1, 0, -1, 2, -1, 1, 2, 1, -2, 10, -12 ],
[ 2, -1, 0, -1, 2, 0, 1, 2, 0, 1, 10, -15 ],
[ 2, -1, 0, -1, 2, 0, 1, 6, -2, 1, 6, -13 ],
[ 2, -1, 0, -1, 2, 0, 3, -2, 4, 1, 6, -13 ],
[ 2, -1, 0, -1, 2, 2, 1, -2, 2, -1, 14, -17 ],
[ 2, -1, 0, -1, 2, 2, 1, 2, 0, -1, 10, -15 ],
[ 2, -1, 0, -1, 3, 0, 0, -2, 4, 1, 9, -14 ],
[ 2, -1, 0, -1, 3, 0, 0, 0, 2, 1, 7, -12 ],
[ 2, -1, 0, -1, 3, 0, 0, 0, 4, 1, 7, -14 ],
[ 2, -1, 0, -1, 3, 0, 0, 2, 0, 1, 5, -10 ],
[ 2, -1, 0, -1, 3, 2, 0, -2, 2, -1, 9, -12 ],
[ 2, -1, 0, -1, 3, 2, 0, -2, 4, -1, 9, -14 ],
[ 2, -1, 0, -1, 4, -3, -1, 5, 2, 0, 9, -15 ],
[ 2, -1, 0, -1, 4, -3, -1, 7, -2, 0, 7, -11 ],
[ 2, -1, 0, -1, 4, -3, -1, 7, 0, 0, 7, -13 ],
[ 2, -1, 0, -1, 4, -1, -1, 1, 2, -2, 13, -15 ],
[ 2, -1, 0, -1, 4, -1, -1, 3, 0, -2, 11, -13 ],
[ 2, -1, 0, -1, 4, 0, -1, -4, 8, 1, 6, -13 ],
[ 2, -1, 0, -1, 4, 0, -1, -2, 4, 1, 4, -9 ],
[ 2, -1, 0, -1, 4, 0, 1, -1, 3, 1, 7, -14 ],
[ 2, -1, 0, -1, 4, 1, -1, -3, 4, -4, 17, -17 ],
[ 2, -1, 0, -1, 4, 1, -1, -2, 3, 4, 4, -12 ],
[ 2, -1, 0, -1, 4, 3, -1, -4, 5, 2, 6, -14 ],
[ 2, -1, 0, -1, 4, 3, -1, -2, 1, 2, 4, -10 ],
[ 2, -1, 0, -1, 4, 5, -1, -4, 3, 0, 6, -12 ],
[ 2, -1, 0, -1, 6, 0, -1, 2, 0, 1, 6, -13 ],
[ 2, -1, 0, -1, 6, 2, -1, -2, 2, -1, 10, -15 ],
[ 2, -1, 0, 0, -4, -1, 8, 4, -1, 1, 6, -13 ],
[ 2, -1, 0, 0, -4, 1, 8, 0, 1, -1, 10, -15 ],
[ 2, -1, 0, 0, -3, -2, 7, 5, -1, -2, 12, -16 ],
[ 2, -1, 0, 0, -2, -6, 4, 15, -5, 2, 5, -13 ],
[ 2, -1, 0, 0, -2, -2, 4, 5, -1, -2, 15, -17 ],
[ 2, -1, 0, 0, -2, -1, 4, 2, 1, 1, 6, -11 ],
[ 2, -1, 0, 0, -2, -1, 4, 2, 3, 1, 6, -13 ],
[ 2, -1, 0, 0, -2, -1, 4, 4, -1, 1, 4, -9 ],
[ 2, -1, 0, 0, -2, 0, 4, 2, 0, 4, 6, -14 ],
[ 2, -1, 0, 0, -2, 1, 4, -2, 3, -1, 10, -13 ],
[ 2, -1, 0, 0, -2, 1, 4, -2, 5, -1, 10, -15 ],
[ 2, -1, 0, 0, -2, 1, 4, 0, 1, -1, 8, -11 ],
[ 2, -1, 0, 0, -2, 4, 4, 0, 0, 0, 8, -14 ],
[ 2, -1, 0, 0, -1, -4, 3, 9, -1, 0, 6, -12 ],
[ 2, -1, 0, 0, -1, -2, 3, 3, 3, -2, 12, -16 ],
[ 2, -1, 0, 0, -1, -2, 3, 5, -1, -2, 10, -12 ],
[ 2, -1, 0, 0, -1, -1, 5, 1, 2, 1, 6, -13 ],
[ 2, -1, 0, 0, -1, 0, 3, -2, 4, 4, 5, -13 ],
[ 2, -1, 0, 0, -1, 0, 3, -1, 3, -4, 16, -16 ],
[ 2, -1, 0, 0, -1, 2, 3, -2, 2, 2, 5, -11 ],
[ 2, -1, 0, 0, -1, 4, 3, -4, 4, 0, 7, -13 ],
[ 2, -1, 0, 0, 0, -1, 2, 1, 2, 1, 9, -14 ],
[ 2, -1, 0, 0, 0, -1, 2, 3, 0, 1, 7, -12 ],
[ 2, -1, 0, 0, 0, -1, 2, 3, 2, 1, 7, -14 ],
[ 2, -1, 0, 0, 0, 1, 2, -1, 2, -1, 11, -14 ],
[ 2, -1, 0, 0, 0, 1, 2, 1, 0, -1, 9, -12 ],
[ 2, -1, 0, 0, 0, 1, 2, 1, 2, -1, 9, -14 ],
[ 2, -1, 0, 0, 1, -4, 1, 8, 0, 0, 9, -15 ],
[ 2, -1, 0, 0, 1, -4, 1, 10, -2, 0, 7, -13 ],
[ 2, -1, 0, 0, 1, -2, 1, 4, 0, -2, 13, -15 ],
[ 2, -1, 0, 0, 1, -1, 1, -1, 6, 1, 6, -13 ],
[ 2, -1, 0, 0, 1, -1, 1, 1, 2, 1, 4, -9 ],
[ 2, -1, 0, 0, 1, -1, 3, 2, 1, 1, 7, -14 ],
[ 2, -1, 0, 0, 1, 0, 1, -2, 4, -4, 19, -19 ],
[ 2, -1, 0, 0, 1, 0, 1, -1, 3, 4, 6, -14 ],
[ 2, -1, 0, 0, 1, 0, 1, 0, 2, -4, 17, -17 ],
[ 2, -1, 0, 0, 1, 0, 1, 1, 1, 4, 4, -12 ],
[ 2, -1, 0, 0, 1, 1, 3, 0, 1, -1, 9, -14 ],
[ 2, -1, 0, 0, 1, 2, 1, -1, 1, 2, 6, -12 ],
[ 2, -1, 0, 0, 1, 2, 1, -1, 3, 2, 6, -14 ],
[ 2, -1, 0, 0, 1, 4, 1, -3, 3, 0, 8, -14 ],
[ 2, -1, 0, 0, 1, 4, 1, -1, 1, 0, 6, -12 ],
[ 2, -1, 0, 0, 2, -3, 0, 6, -1, 3, 6, -13 ],
[ 2, -1, 0, 0, 2, -1, 0, 2, 1, 1, 10, -15 ],
[ 2, -1, 0, 0, 2, -1, 0, 4, -1, 1, 8, -13 ],
[ 2, -1, 0, 0, 2, -1, 0, 6, -1, 1, 6, -13 ],
[ 2, -1, 0, 0, 2, 1, 0, -2, 3, -1, 14, -17 ],
[ 2, -1, 0, 0, 2, 1, 0, 0, 1, -1, 12, -15 ],
[ 2, -1, 0, 0, 2, 1, 0, 2, 1, -1, 10, -15 ],
[ 2, -1, 0, 0, 2, 1, 0, 4, -1, -1, 8, -13 ],
[ 2, -1, 0, 0, 2, 3, 0, -2, 1, -3, 14, -15 ],
[ 2, -1, 0, 0, 3, -4, -1, 11, -3, 0, 8, -14 ],
[ 2, -1, 0, 0, 3, -2, -1, 5, -1, -2, 14, -16 ],
[ 2, -1, 0, 0, 3, -1, -1, 0, 5, 1, 7, -14 ],
[ 2, -1, 0, 0, 3, -1, -1, 2, 1, 1, 5, -10 ],
[ 2, -1, 0, 0, 3, 0, -1, 1, 1, -4, 18, -18 ],
[ 2, -1, 0, 0, 3, 0, -1, 2, 0, 4, 5, -13 ],
[ 2, -1, 0, 0, 3, 1, -1, -2, 3, -1, 9, -12 ],
[ 2, -1, 0, 0, 3, 1, -1, -2, 5, -1, 9, -14 ],
[ 2, -1, 0, 0, 3, 1, -1, 0, 1, -1, 7, -10 ],
[ 2, -1, 0, 0, 3, 2, -1, -2, 2, 2, 9, -15 ],
[ 2, -1, 0, 0, 3, 4, -1, 0, 0, 0, 7, -13 ],
[ 2, -1, 0, 0, 3, 6, -1, -4, 2, -2, 11, -15 ],
[ 2, -1, 0, 0, 6, -1, -2, 2, 1, 1, 6, -13 ],
[ 2, -1, 0, 0, 6, 1, -2, -2, 3, -1, 10, -15 ],
[ 2, -1, 0, 1, -4, -2, 7, 4, 0, 1, 6, -13 ],
[ 2, -1, 0, 1, -4, 0, 7, 0, 2, -1, 10, -15 ],
[ 2, -1, 0, 1, -3, 3, 6, -2, 1, 0, 7, -13 ],
[ 2, -1, 0, 1, -2, -5, 3, 11, -2, 0, 9, -15 ],
[ 2, -1, 0, 1, -2, -5, 3, 13, -4, 0, 7, -13 ],
[ 2, -1, 0, 1, -2, -3, 3, 7, -2, -2, 13, -15 ],
[ 2, -1, 0, 1, -2, -2, 3, 2, 4, 1, 6, -13 ],
[ 2, -1, 0, 1, -2, -2, 3, 4, 0, 1, 4, -9 ],
[ 2, -1, 0, 1, -2, -2, 5, 5, -1, 1, 7, -14 ],
[ 2, -1, 0, 1, -2, -1, 3, 1, 2, -4, 19, -19 ],
[ 2, -1, 0, 1, -2, -1, 3, 2, 1, 4, 6, -14 ],
[ 2, -1, 0, 1, -2, -1, 3, 3, 0, -4, 17, -17 ],
[ 2, -1, 0, 1, -2, -1, 3, 4, -1, 4, 4, -12 ],
[ 2, -1, 0, 1, -2, 0, 3, -2, 4, -1, 10, -13 ],
[ 2, -1, 0, 1, -2, 0, 3, -2, 6, -1, 10, -15 ],
[ 2, -1, 0, 1, -2, 0, 3, 0, 2, -1, 8, -11 ],
[ 2, -1, 0, 1, -2, 1, 3, -2, 3, 2, 10, -16 ],
[ 2, -1, 0, 1, -2, 1, 3, 0, 1, 2, 8, -14 ],
[ 2, -1, 0, 1, -2, 1, 3, 2, 1, 2, 6, -14 ],
[ 2, -1, 0, 1, -2, 3, 3, -2, 1, 0, 10, -14 ],
[ 2, -1, 0, 1, -2, 3, 3, 0, 1, 0, 8, -14 ],
[ 2, -1, 0, 1, -2, 3, 3, 2, -1, 0, 6, -12 ],
[ 2, -1, 0, 1, -2, 5, 3, -4, 3, -2, 12, -16 ],
[ 2, -1, 0, 1, -1, -2, 2, 5, -1, 1, 10, -15 ],
[ 2, -1, 0, 1, -1, -2, 2, 9, -3, 1, 6, -13 ],
[ 2, -1, 0, 1, -1, 0, 2, 1, 1, -1, 14, -17 ],
[ 2, -1, 0, 1, -1, 0, 2, 5, -1, -1, 10, -15 ],
[ 2, -1, 0, 1, -1, 1, 2, -2, 3, 2, 5, -11 ],
[ 2, -1, 0, 1, -1, 2, 2, -2, 2, 5, 5, -14 ],
[ 2, -1, 0, 1, -1, 2, 2, -1, 1, -3, 16, -17 ],
[ 2, -1, 0, 1, -1, 3, 2, -4, 5, 0, 7, -13 ],
[ 2, -1, 0, 1, -1, 3, 2, -2, 1, 0, 5, -9 ],
[ 2, -1, 0, 1, -1, 6, 2, -4, 2, 1, 7, -14 ],
[ 2, -1, 0, 1, 0, -2, 1, 3, 3, 1, 7, -14 ],
[ 2, -1, 0, 1, 0, -2, 1, 5, -1, 1, 5, -10 ],
[ 2, -1, 0, 1, 0, 0, 1, -1, 3, -1, 11, -14 ],
[ 2, -1, 0, 1, 0, 0, 1, 1, 1, -1, 9, -12 ],
[ 2, -1, 0, 1, 0, 0, 1, 1, 3, -1, 9, -14 ],
[ 2, -1, 0, 1, 1, -1, 0, 1, 2, 4, 4, -12 ],
[ 2, -1, 0, 1, 1, 0, 2, 0, 2, -1, 9, -14 ],
[ 2, -1, 0, 1, 1, 1, 0, -1, 2, 2, 6, -12 ],
[ 2, -1, 0, 1, 1, 1, 0, -1, 4, 2, 6, -14 ],
[ 2, -1, 0, 1, 1, 1, 0, 1, 0, 2, 4, -10 ],
[ 2, -1, 0, 1, 1, 3, 0, -3, 4, 0, 8, -14 ],
[ 2, -1, 0, 1, 1, 3, 0, -1, 2, 0, 6, -12 ],
[ 2, -1, 0, 1, 2, 1, 1, -2, 3, 2, 6, -14 ],
[ 2, -1, 0, 1, 2, 3, 1, -2, 1, 0, 6, -12 ],
[ 2, -1, 0, 1, 3, -2, 0, 5, -1, 1, 6, -13 ],
[ 2, -1, 0, 1, 3, 0, 0, 1, 1, -1, 10, -15 ],
[ 2, -1, 0, 2, -3, 2, 5, -2, 2, 0, 7, -13 ],
[ 2, -1, 0, 2, -2, -2, 2, 4, 0, 4, 4, -12 ],
[ 2, -1, 0, 2, -2, -1, 4, 3, 0, -1, 9, -14 ],
[ 2, -1, 0, 2, -2, 0, 2, -2, 4, 2, 10, -16 ],
[ 2, -1, 0, 2, -2, 0, 2, 0, 2, 2, 8, -14 ],
[ 2, -1, 0, 2, -2, 0, 2, 2, 0, 2, 6, -12 ],
[ 2, -1, 0, 2, -2, 0, 2, 2, 2, 2, 6, -14 ],
[ 2, -1, 0, 2, -2, 2, 2, -2, 2, 0, 10, -14 ],
[ 2, -1, 0, 2, -2, 2, 2, 0, 2, 0, 8, -14 ],
[ 2, -1, 0, 2, -2, 2, 2, 2, 0, 0, 6, -12 ],
[ 2, -1, 0, 2, -2, 4, 2, -4, 4, -2, 12, -16 ],
[ 2, -1, 0, 2, -1, -3, 1, 7, -2, 1, 8, -13 ],
[ 2, -1, 0, 2, -1, -3, 1, 9, -2, 1, 6, -13 ],
[ 2, -1, 0, 2, -1, -1, 1, 1, 2, -1, 14, -17 ],
[ 2, -1, 0, 2, -1, -1, 1, 3, 0, -1, 12, -15 ],
[ 2, -1, 0, 2, -1, -1, 1, 5, 0, -1, 10, -15 ],
[ 2, -1, 0, 2, -1, 0, 1, -2, 4, 2, 5, -11 ],
[ 2, -1, 0, 2, -1, 1, 1, -2, 3, 5, 5, -14 ],
[ 2, -1, 0, 2, -1, 1, 1, -1, 2, -3, 16, -17 ],
[ 2, -1, 0, 2, -1, 1, 1, 1, 0, -3, 14, -15 ],
[ 2, -1, 0, 2, -1, 2, 1, -4, 6, 0, 7, -13 ],
[ 2, -1, 0, 2, -1, 2, 1, -2, 2, 0, 5, -9 ],
[ 2, -1, 0, 2, -1, 2, 3, -1, 1, 0, 8, -14 ],
[ 2, -1, 0, 2, -1, 3, 1, -2, 1, 3, 5, -12 ],
[ 2, -1, 0, 2, -1, 5, 1, -4, 3, 1, 7, -14 ],
[ 2, -1, 0, 2, 0, -6, 0, 14, -4, 0, 8, -14 ],
[ 2, -1, 0, 2, 0, -2, 0, 4, 0, -4, 18, -18 ],
[ 2, -1, 0, 2, 0, -2, 0, 5, -1, 4, 5, -13 ],
[ 2, -1, 0, 2, 0, -1, 0, 1, 2, -1, 9, -12 ],
[ 2, -1, 0, 2, 0, -1, 0, 1, 4, -1, 9, -14 ],
[ 2, -1, 0, 2, 0, -1, 0, 3, 0, -1, 7, -10 ],
[ 2, -1, 0, 2, 0, 0, 0, 1, 1, 2, 9, -15 ],
[ 2, -1, 0, 2, 0, 2, 0, -1, 1, 0, 11, -15 ],
[ 2, -1, 0, 2, 0, 2, 0, 3, -1, 0, 7, -13 ],
[ 2, -1, 0, 2, 0, 4, 0, -1, 1, -2, 11, -15 ],
[ 2, -1, 0, 2, 2, 0, 0, -2, 4, 2, 6, -14 ],
[ 2, -1, 0, 2, 2, 2, 0, -2, 2, 0, 6, -12 ],
[ 2, -1, 0, 2, 3, -1, -1, 1, 2, -1, 10, -15 ],
[ 2, -1, 0, 2, 4, 2, -2, -1, 1, 0, 7, -13 ],
[ 2, -1, 0, 3, -3, 1, 4, -2, 3, 0, 7, -13 ],
[ 2, -1, 0, 3, -2, -1, 1, 0, 3, 2, 8, -14 ],
[ 2, -1, 0, 3, -2, -1, 1, 2, 1, 2, 6, -12 ],
[ 2, -1, 0, 3, -2, -1, 1, 2, 3, 2, 6, -14 ],
[ 2, -1, 0, 3, -2, -1, 1, 4, -1, 2, 4, -10 ],
[ 2, -1, 0, 3, -2, 1, 1, -2, 3, 0, 10, -14 ],
[ 2, -1, 0, 3, -2, 1, 1, 0, 1, 0, 8, -12 ],
[ 2, -1, 0, 3, -2, 1, 1, 0, 3, 0, 8, -14 ],
[ 2, -1, 0, 3, -2, 1, 1, 2, 1, 0, 6, -12 ],
[ 2, -1, 0, 3, -2, 3, 1, -4, 5, -2, 12, -16 ],
[ 2, -1, 0, 3, -2, 3, 1, -2, 1, -2, 10, -12 ],
[ 2, -1, 0, 3, -1, -1, 2, 1, 2, 2, 6, -14 ],
[ 2, -1, 0, 3, -1, 1, 0, -2, 3, 0, 5, -9 ],
[ 2, -1, 0, 3, -1, 1, 2, -1, 2, 0, 8, -14 ],
[ 2, -1, 0, 3, -1, 1, 2, 1, 0, 0, 6, -12 ],
[ 2, -1, 0, 3, 0, -2, 1, 4, 0, -1, 10, -15 ],
[ 2, -1, 0, 3, 2, 1, -1, -2, 3, 0, 6, -12 ],
[ 2, -1, 0, 4, -4, 0, 4, 2, 0, 0, 8, -14 ],
[ 2, -1, 0, 4, -3, 0, 3, -2, 4, 0, 7, -13 ],
[ 2, -1, 0, 4, -1, 0, 1, -1, 3, 0, 8, -14 ],
[ 2, -1, 0, 4, -1, 0, 1, 1, 1, 0, 6, -12 ],
[ 2, -1, 0, 4, 1, 0, -1, 2, 0, 0, 7, -13 ],
[ 2, -1, 0, 4, 1, 2, -1, -2, 2, -2, 11, -15 ],
[ 2, -1, 0, 5, -4, -1, 3, 2, 1, 0, 8, -14 ],
[ 2, -1, 0, 5, -4, -1, 3, 4, -1, 0, 6, -12 ],
[ 2, -1, 0, 5, -4, 1, 3, -2, 3, -2, 12, -16 ],
[ 2, -1, 0, 5, -3, 2, 2, -2, 2, 1, 7, -14 ],
[ 2, -1, 0, 5, -1, -1, 0, 1, 2, 0, 6, -12 ],
[ 2, -1, 0, 6, -4, -2, 2, 4, 0, 0, 6, -12 ],
[ 2, -1, 0, 6, -4, 0, 2, -2, 4, -2, 12, -16 ],
[ 2, -1, 0, 6, -3, 1, 1, -2, 3, 1, 7, -14 ],
[ 2, -1, 0, 6, -2, -2, 0, 5, -1, 0, 7, -13 ],
[ 2, -1, 1, -5, 12, 0, -4, -1, 2, -3, 15, -17 ],
[ 2, -1, 1, -4, 9, -1, -2, 2, 0, -3, 15, -17 ],
[ 2, -1, 1, -4, 9, 0, -2, -1, 2, 0, 6, -11 ],
[ 2, -1, 1, -4, 9, 1, -2, -1, 1, 3, 6, -14 ],
[ 2, -1, 1, -4, 11, 0, -4, 0, 1, 0, 7, -12 ],
[ 2, -1, 1, -4, 11, 0, -4, 0, 3, 0, 7, -14 ],
[ 2, -1, 1, -3, 6, -1, 0, 2, 0, 0, 6, -11 ],
[ 2, -1, 1, -3, 8, 1, -2, -1, 1, -2, 11, -14 ],
[ 2, -1, 1, -3, 9, 0, -3, -1, 2, 3, 6, -14 ],
[ 2, -1, 1, -2, 3, 0, 2, -1, 2, -2, 12, -15 ],
[ 2, -1, 1, -2, 4, 1, 1, -1, 1, 1, 7, -13 ],
[ 2, -1, 1, -2, 5, 0, 0, 0, 1, -2, 13, -16 ],
[ 2, -1, 1, -2, 6, -1, -1, 2, 0, 3, 6, -14 ],
[ 2, -1, 1, -2, 8, -2, -3, 3, 2, 0, 7, -14 ],
[ 2, -1, 1, -2, 8, 0, -3, -1, 2, -2, 11, -14 ],
[ 2, -1, 1, -1, 0, -1, 4, 2, 0, -2, 12, -15 ],
[ 2, -1, 1, -1, 1, -1, 1, 1, 1, 6, 4, -13 ],
[ 2, -1, 1, -1, 1, 0, 3, 0, 1, 1, 9, -15 ],
[ 2, -1, 1, -1, 1, 1, 1, -1, 1, 4, 6, -13 ],
[ 2, -1, 1, -1, 2, -4, 0, 9, -2, -3, 15, -17 ],
[ 2, -1, 1, -1, 2, -3, 0, 6, 0, 0, 6, -11 ],
[ 2, -1, 1, -1, 2, -2, 0, 6, -1, 3, 6, -14 ],
[ 2, -1, 1, -1, 2, -1, 0, 0, 4, -2, 12, -15 ],
[ 2, -1, 1, -1, 2, -1, 0, 2, 0, -2, 10, -11 ],
[ 2, -1, 1, -1, 2, 0, 0, -1, 2, -7, 25, -21 ],
[ 2, -1, 1, -1, 2, 0, 0, 0, 1, 1, 12, -16 ],
[ 2, -1, 1, -1, 2, 0, 0, 4, -1, 1, 8, -14 ],
[ 2, -1, 1, -1, 2, 2, 0, 0, 1, -1, 12, -16 ],
[ 2, -1, 1, -1, 2, 4, 0, -2, 1, -3, 14, -16 ],
[ 2, -1, 1, -1, 3, 0, -1, 0, 1, 1, 7, -11 ],
[ 2, -1, 1, -1, 3, 0, -1, 0, 3, 1, 7, -13 ],
[ 2, -1, 1, -1, 3, 0, -1, 2, 1, 1, 5, -11 ],
[ 2, -1, 1, -1, 3, 2, -1, -2, 3, -1, 9, -13 ],
[ 2, -1, 1, -1, 4, 0, 0, -1, 2, 1, 7, -13 ],
[ 2, -1, 1, -1, 5, -1, -1, 2, 0, -2, 11, -14 ],
[ 2, -1, 1, -1, 6, 0, -2, 0, 1, 1, 8, -14 ],
[ 2, -1, 1, 0, -3, 0, 6, 0, 1, 4, 5, -14 ],
[ 2, -1, 1, 0, -3, 4, 6, -2, 1, 0, 7, -14 ],
[ 2, -1, 1, 0, -1, -9, 2, 22, -8, 1, 5, -13 ],
[ 2, -1, 1, 0, -1, -5, 2, 12, -4, -3, 15, -17 ],
[ 2, -1, 1, 0, -1, -4, 2, 9, -2, 0, 6, -11 ],
[ 2, -1, 1, 0, -1, -3, 2, 9, -3, 3, 6, -14 ],
[ 2, -1, 1, 0, -1, -2, 2, 3, 2, -2, 12, -15 ],
[ 2, -1, 1, 0, -1, -1, 2, 2, 0, -7, 25, -21 ],
[ 2, -1, 1, 0, -1, 0, 2, -2, 5, 4, 5, -14 ],
[ 2, -1, 1, 0, -1, 0, 2, -1, 2, -4, 16, -15 ],
[ 2, -1, 1, 0, -1, 0, 2, 0, 1, 4, 3, -10 ],
[ 2, -1, 1, 0, -1, 1, 2, -1, 1, -1, 16, -18 ],
[ 2, -1, 1, 0, -1, 1, 2, 3, -1, -1, 12, -16 ],
[ 2, -1, 1, 0, -1, 1, 4, -1, 1, -1, 8, -12 ],
[ 2, -1, 1, 0, -1, 2, 2, -2, 3, 2, 5, -12 ],
[ 2, -1, 1, 0, -1, 4, 2, -4, 5, 0, 7, -14 ],
[ 2, -1, 1, 0, -1, 4, 2, -2, 1, 0, 5, -10 ],
[ 2, -1, 1, 0, 0, -1, 1, 1, 3, 1, 9, -15 ],
[ 2, -1, 1, 0, 0, -1, 1, 3, 1, 1, 7, -13 ],
[ 2, -1, 1, 0, 0, -1, 1, 5, -1, 1, 5, -11 ],
[ 2, -1, 1, 0, 0, 1, 1, -1, 1, -1, 11, -13 ],
[ 2, -1, 1, 0, 0, 1, 1, -1, 3, -1, 11, -15 ],
[ 2, -1, 1, 0, 0, 1, 1, 1, 1, -1, 9, -13 ],
[ 2, -1, 1, 0, 1, -4, 0, 10, -3, 0, 7, -12 ],
[ 2, -1, 1, 0, 1, -4, 0, 10, -1, 0, 7, -14 ],
[ 2, -1, 1, 0, 1, -2, 0, 4, 1, -2, 13, -16 ],
[ 2, -1, 1, 0, 1, -2, 0, 6, -1, -2, 11, -14 ],
[ 2, -1, 1, 0, 1, -1, 2, 2, 0, 1, 7, -13 ],
[ 2, -1, 1, 0, 1, 0, 0, -1, 2, 4, 6, -13 ],
[ 2, -1, 1, 0, 1, 0, 0, 0, 1, -4, 17, -16 ],
[ 2, -1, 1, 0, 1, 0, 0, 0, 3, -4, 17, -18 ],
[ 2, -1, 1, 0, 1, 1, 0, -3, 5, -1, 8, -12 ],
[ 2, -1, 1, 0, 1, 1, 0, -1, 1, -1, 6, -8 ],
[ 2, -1, 1, 0, 1, 2, 0, -3, 4, 2, 8, -15 ],
[ 2, -1, 1, 0, 1, 2, 0, -1, 2, 2, 6, -13 ],
[ 2, -1, 1, 0, 1, 4, 0, -3, 2, 0, 8, -13 ],
[ 2, -1, 1, 0, 3, 1, 0, -1, 1, -1, 12, -16 ],
[ 2, -1, 1, 1, -3, 3, 5, -2, 2, 0, 7, -14 ],
[ 2, -1, 1, 1, -1, -4, 1, 9, -2, 3, 6, -14 ],
[ 2, -1, 1, 1, -1, -2, 1, 7, -2, 1, 8, -14 ],
[ 2, -1, 1, 1, -1, 0, 1, -1, 2, -1, 16, -18 ],
[ 2, -1, 1, 1, -1, 0, 1, 0, 1, 7, 3, -13 ],
[ 2, -1, 1, 1, -1, 0, 1, 3, 0, -1, 12, -16 ],
[ 2, -1, 1, 1, -1, 0, 3, -1, 2, -1, 8, -12 ],
[ 2, -1, 1, 1, -1, 1, 1, -2, 4, 2, 5, -12 ],
[ 2, -1, 1, 1, -1, 2, 1, 1, 0, -3, 14, -16 ],
[ 2, -1, 1, 1, -1, 3, 1, -4, 6, 0, 7, -14 ],
[ 2, -1, 1, 1, -1, 3, 1, -2, 2, 0, 5, -10 ],
[ 2, -1, 1, 1, -1, 4, 1, -2, 1, 3, 5, -13 ],
[ 2, -1, 1, 1, 0, -2, 0, 3, 2, 1, 7, -13 ],
[ 2, -1, 1, 1, 0, -2, 0, 5, 0, 1, 5, -11 ],
[ 2, -1, 1, 1, 0, 0, 0, -1, 2, -1, 11, -13 ],
[ 2, -1, 1, 1, 0, 0, 0, -1, 4, -1, 11, -15 ],
[ 2, -1, 1, 1, 0, 0, 0, 1, 0, -1, 9, -11 ],
[ 2, -1, 1, 1, 0, 0, 0, 1, 2, -1, 9, -13 ],
[ 2, -1, 1, 1, 1, 0, 1, 0, 1, -1, 9, -13 ],
[ 2, -1, 1, 1, 3, 0, -1, -1, 2, -1, 12, -16 ],
[ 2, -1, 1, 2, -3, 0, 4, 0, 1, 2, 5, -12 ],
[ 2, -1, 1, 2, -3, 2, 4, -2, 3, 0, 7, -14 ],
[ 2, -1, 1, 2, 0, -1, 1, 2, 0, -1, 12, -16 ],
[ 2, -1, 1, 3, -3, 1, 3, -2, 4, 0, 7, -14 ],
[ 2, -1, 1, 3, -1, 1, 1, -1, 1, 0, 8, -13 ],
[ 2, -1, 1, 3, 0, 0, 0, 0, 1, -3, 14, -16 ],
[ 2, -1, 1, 4, -5, 0, 6, 0, 1, 0, 7, -14 ],
[ 2, -1, 1, 4, -3, 0, 2, -2, 5, 0, 7, -14 ],
[ 2, -1, 1, 4, -3, 0, 2, 0, 1, 0, 5, -10 ],
[ 2, -1, 1, 4, -1, 0, 0, -1, 2, 0, 8, -13 ],
[ 2, -1, 1, 5, -3, 0, 1, 0, 1, 3, 5, -13 ],
[ 2, -1, 2, -3, 8, -1, -3, 3, 0, 0, 7, -13 ],
[ 2, -1, 2, -2, 4, 1, 0, -1, 2, 1, 7, -14 ],
[ 2, -1, 2, -2, 6, 3, -2, -2, 1, -1, 10, -15 ],
[ 2, -1, 2, -1, 1, 0, 2, 2, 0, 1, 7, -14 ],
[ 2, -1, 2, -1, 2, 0, 1, -2, 4, 1, 6, -13 ],
[ 2, -1, 2, -1, 4, 0, -1, -1, 3, 1, 7, -14 ],
[ 2, -1, 2, 0, -1, -1, 3, 1, 2, 1, 6, -13 ],
[ 2, -1, 2, 0, 1, -1, 1, 2, 1, 1, 7, -14 ],
[ 2, -1, 2, 0, 1, 1, 1, 0, 1, -1, 9, -14 ],
[ 2, -1, 2, 0, 3, 1, -1, 1, 0, -1, 10, -15 ],
[ 2, -1, 2, 1, -2, -2, 3, 5, -1, 1, 7, -14 ],
[ 2, -1, 2, 1, 1, 0, 0, 0, 2, -1, 9, -14 ],
[ 2, -1, 2, 1, 2, 3, -1, -2, 1, 0, 6, -12 ],
[ 2, -1, 2, 2, -2, -1, 2, 3, 0, -1, 9, -14 ],
[ 2, -1, 2, 2, -1, 2, 1, -1, 1, 0, 8, -14 ],
[ 2, -1, 2, 2, 0, -1, 0, 4, -1, -1, 10, -15 ],
[ 2, -1, 2, 3, -1, 1, 0, -1, 2, 0, 8, -14 ],
[ 2, -1, 2, 3, -1, 1, 0, 1, 0, 0, 6, -12 ],
[ 2, -1, 3, -2, 4, -1, -1, 1, 1, 3, 5, -13 ],
[ 2, -1, 3, 0, -1, 1, 2, -1, 1, -1, 8, -12 ],
[ 2, -1, 3, 0, 1, -1, 0, 2, 0, 1, 7, -13 ],
[ 2, -1, 3, 1, -1, 0, 1, -1, 2, -1, 8, -12 ],
[ 2, 0, 0, -5, 12, -1, -4, 2, 0, 2, 7, -14 ],
[ 2, 0, 0, -4, 10, 0, -3, -1, 2, 0, 8, -13 ],
[ 2, 0, 0, -3, 7, -1, -1, 2, 0, 0, 8, -13 ],
[ 2, 0, 0, -3, 8, 0, -2, 0, 1, 3, 5, -13 ],
[ 2, 0, 0, -3, 9, 1, -3, -1, 1, -2, 13, -16 ],
[ 2, 0, 0, -2, 4, -1, -1, 2, 0, 3, 7, -13 ],
[ 2, 0, 0, -1, 1, 0, 1, -1, 2, 1, 13, -17 ],
[ 2, 0, 0, -1, 1, 0, 3, -1, 2, 1, 5, -11 ],
[ 2, 0, 0, -1, 2, -5, 0, 12, -4, 2, 7, -14 ],
[ 2, 0, 0, -1, 2, -1, 0, 2, 0, -2, 17, -18 ],
[ 2, 0, 0, -1, 2, -1, 0, 6, -2, -2, 13, -16 ],
[ 2, 0, 0, -1, 2, 0, 0, -1, 2, 1, 8, -12 ],
[ 2, 0, 0, -1, 2, 0, 0, -1, 4, 1, 8, -14 ],
[ 2, 0, 0, -1, 2, 0, 0, 1, 0, 1, 6, -10 ],
[ 2, 0, 0, -1, 2, 0, 0, 1, 2, 1, 6, -12 ],
[ 2, 0, 0, -1, 2, 1, 0, -1, 1, 4, 8, -15 ],
[ 2, 0, 0, -1, 2, 2, 0, -3, 4, -1, 10, -14 ],
[ 2, 0, 0, -1, 2, 2, 0, -1, 2, -1, 8, -12 ],
[ 2, 0, 0, -1, 2, 5, 0, -3, 1, 0, 10, -15 ],
[ 2, 0, 0, -1, 3, -3, -1, 8, -2, 0, 6, -11 ],
[ 2, 0, 0, -1, 3, -1, -1, 2, 0, -2, 12, -13 ],
[ 2, 0, 0, -1, 3, 0, -1, -3, 6, 1, 5, -11 ],
[ 2, 0, 0, -1, 3, 0, -1, -1, 2, 1, 3, -7 ],
[ 2, 0, 0, -1, 3, 0, 1, 0, 1, 1, 6, -12 ],
[ 2, 0, 0, -1, 3, 1, -1, -2, 2, -4, 16, -15 ],
[ 2, 0, 0, -1, 3, 1, -1, -1, 1, 4, 3, -10 ],
[ 2, 0, 0, -1, 3, 5, -1, -3, 1, 0, 5, -10 ],
[ 2, 0, 0, -1, 5, 0, -1, -1, 2, 1, 9, -15 ],
[ 2, 0, 0, -1, 6, -1, -2, 2, 0, -2, 13, -16 ],
[ 2, 0, 0, 0, -2, -1, 5, 2, 0, 1, 5, -11 ],
[ 2, 0, 0, 0, -1, -1, 2, 2, 0, 1, 8, -12 ],
[ 2, 0, 0, 0, -1, -1, 2, 2, 2, 1, 8, -14 ],
[ 2, 0, 0, 0, -1, -1, 2, 4, 0, 1, 6, -12 ],
[ 2, 0, 0, 0, -1, 1, 2, -2, 4, -1, 12, -16 ],
[ 2, 0, 0, 0, -1, 1, 2, 0, 2, -1, 10, -14 ],
[ 2, 0, 0, 0, -1, 1, 2, 2, 0, -1, 8, -12 ],
[ 2, 0, 0, 0, 0, -4, 1, 9, -2, 0, 8, -13 ],
[ 2, 0, 0, 0, 0, -2, 1, 3, 2, -2, 14, -17 ],
[ 2, 0, 0, 0, 0, -2, 1, 5, 0, -2, 12, -15 ],
[ 2, 0, 0, 0, 0, -1, 1, 0, 4, 1, 5, -11 ],
[ 2, 0, 0, 0, 0, -1, 1, 2, 0, 1, 3, -7 ],
[ 2, 0, 0, 0, 0, 0, 1, -1, 2, -4, 18, -17 ],
[ 2, 0, 0, 0, 0, 0, 1, 0, 1, 4, 5, -12 ],
[ 2, 0, 0, 0, 0, 0, 1, 0, 3, 4, 5, -14 ],
[ 2, 0, 0, 0, 0, 1, 3, -1, 1, -1, 10, -14 ],
[ 2, 0, 0, 0, 0, 2, 1, -2, 3, 2, 7, -14 ],
[ 2, 0, 0, 0, 0, 2, 1, 0, 1, 2, 5, -12 ],
[ 2, 0, 0, 0, 0, 4, 1, -2, 1, 0, 7, -12 ],
[ 2, 0, 0, 0, 0, 4, 1, -2, 3, 0, 7, -14 ],
[ 2, 0, 0, 0, 1, -3, 0, 7, -1, 3, 5, -13 ],
[ 2, 0, 0, 0, 1, -1, 0, 1, 1, 1, 11, -15 ],
[ 2, 0, 0, 0, 1, -1, 0, 3, 1, 1, 9, -15 ],
[ 2, 0, 0, 0, 1, -1, 0, 5, -1, 1, 7, -13 ],
[ 2, 0, 0, 0, 1, 1, 0, -1, 1, -1, 13, -15 ],
[ 2, 0, 0, 0, 1, 1, 0, 1, 1, -1, 11, -15 ],
[ 2, 0, 0, 0, 1, 1, 0, 3, -1, -1, 9, -13 ],
[ 2, 0, 0, 0, 1, 3, 0, -3, 3, -3, 15, -17 ],
[ 2, 0, 0, 0, 5, 1, -2, -1, 1, -1, 9, -13 ],
[ 2, 0, 0, 1, -3, 0, 5, 0, 1, -1, 12, -16 ],
[ 2, 0, 0, 1, -1, -3, 1, 9, -3, -2, 13, -16 ],
[ 2, 0, 0, 1, -1, -2, 1, 4, 1, 1, 6, -12 ],
[ 2, 0, 0, 1, -1, -1, 1, 2, 0, 4, 8, -15 ],
[ 2, 0, 0, 1, -1, 0, 1, -2, 5, -1, 12, -16 ],
[ 2, 0, 0, 1, -1, 0, 1, 0, 1, -1, 10, -12 ],
[ 2, 0, 0, 1, -1, 0, 1, 0, 3, -1, 10, -14 ],
[ 2, 0, 0, 1, -1, 0, 1, 2, 1, -1, 8, -12 ],
[ 2, 0, 0, 1, -1, 1, 1, -1, 1, -6, 23, -20 ],
[ 2, 0, 0, 1, -1, 3, 1, 0, 0, 0, 10, -15 ],
[ 2, 0, 0, 1, 0, -1, 0, 2, 0, 4, 3, -10 ],
[ 2, 0, 0, 1, 0, 0, 2, -1, 2, -1, 10, -14 ],
[ 2, 0, 0, 1, 0, 3, 0, -2, 2, 0, 7, -12 ],
[ 2, 0, 0, 1, 0, 3, 0, 0, 0, 0, 5, -10 ],
[ 2, 0, 0, 1, 1, 1, 1, -1, 1, 2, 5, -12 ],
[ 2, 0, 0, 1, 1, 3, 1, -3, 3, 0, 7, -14 ],
[ 2, 0, 0, 1, 2, 0, 0, 0, 1, -1, 11, -15 ],
[ 2, 0, 0, 2, -3, -1, 4, 2, 0, -1, 10, -14 ],
[ 2, 0, 0, 2, -2, 0, 3, 0, 1, 2, 7, -14 ],
[ 2, 0, 0, 2, 1, 0, 0, -1, 2, 2, 5, -12 ],
[ 2, 0, 0, 2, 1, 2, 0, -3, 4, 0, 7, -14 ],
[ 2, 0, 0, 2, 2, -1, -1, 2, 0, -1, 9, -13 ],
[ 2, 0, 0, 3, -2, -1, 2, 2, 0, 2, 5, -12 ],
[ 2, 0, 0, 3, -2, 1, 2, 0, 2, 0, 7, -14 ],
[ 2, 0, 0, 3, -1, 0, 1, -1, 2, -3, 15, -17 ],
[ 2, 0, 0, 3, 0, 1, 0, -1, 1, 0, 10, -15 ],
[ 2, 0, 0, 3, 1, 1, -1, -1, 1, 0, 5, -10 ],
[ 2, 0, 0, 4, -2, 0, 1, 0, 1, 0, 7, -12 ],
[ 2, 0, 0, 4, -2, 0, 1, 0, 3, 0, 7, -14 ],
[ 2, 0, 0, 5, -3, -1, 1, 2, 0, 0, 10, -15 ],
[ 2, 0, 0, 5, -2, -1, 0, 2, 0, 0, 5, -10 ],
[ 2, 0, 1, -3, 7, -1, -2, 2, 1, 0, 8, -14 ],
[ 2, 0, 1, -3, 7, -1, -2, 4, -1, 0, 6, -12 ],
[ 2, 0, 1, -3, 8, 2, -3, -2, 2, 1, 7, -14 ],
[ 2, 0, 1, -2, 4, -2, 0, 5, -1, 0, 8, -14 ],
[ 2, 0, 1, -2, 5, 1, -1, 1, 0, 1, 7, -14 ],
[ 2, 0, 1, -1, 3, 0, 0, 0, 2, 1, 6, -13 ],
[ 2, 0, 1, -1, 4, -3, -1, 7, -2, 0, 6, -12 ],
[ 2, 0, 1, -1, 5, 0, -2, 1, 1, 1, 7, -14 ],
[ 2, 0, 1, -1, 5, 2, -2, -1, 1, -1, 9, -14 ],
[ 2, 0, 1, 0, -2, 1, 4, -2, 3, -1, 9, -14 ],
[ 2, 0, 1, 0, 0, -1, 2, 3, 0, 1, 6, -13 ],
[ 2, 0, 1, 0, 0, 1, 2, -1, 2, -1, 10, -15 ],
[ 2, 0, 1, 0, 2, -1, 0, 4, -1, 1, 7, -14 ],
[ 2, 0, 1, 1, -2, 0, 3, -2, 4, -1, 9, -14 ],
[ 2, 0, 1, 1, 0, 0, 1, -1, 3, -1, 10, -15 ],
[ 2, 0, 1, 1, 2, -2, -1, 4, 0, 1, 7, -14 ],
[ 2, 0, 1, 1, 2, 0, -1, 2, 0, -1, 9, -14 ],
[ 2, 0, 1, 2, -1, -3, 1, 7, -2, 1, 7, -14 ],
[ 2, 0, 1, 3, -2, 1, 1, 0, 1, 0, 7, -13 ],
[ 2, 0, 1, 3, -1, -2, 0, 5, -1, -1, 9, -14 ],
[ 2, 0, 2, -1, 3, 0, -1, 0, 1, 1, 6, -12 ],
[ 2, 0, 2, 0, 0, 1, 1, -1, 1, -1, 10, -14 ],
[ 2, 0, 2, 1, 0, 0, 0, -1, 2, -1, 10, -14 ],
[ 2, 1, -1, -5, 12, 1, -4, -3, 5, 0, 7, -14 ],
[ 2, 1, -1, -5, 12, 1, -4, -1, 1, 0, 5, -10 ],
[ 2, 1, -1, -4, 9, 0, -2, 0, 1, 0, 7, -12 ],
[ 2, 1, -1, -4, 9, 0, -2, 0, 3, 0, 7, -14 ],
[ 2, 1, -1, -4, 11, 0, -4, -1, 2, 0, 10, -15 ],
[ 2, 1, -1, -3, 6, -1, 0, 3, 1, 0, 7, -14 ],
[ 2, 1, -1, -3, 6, 1, 0, -1, 1, -2, 11, -14 ],
[ 2, 1, -1, -3, 7, 0, -1, -1, 2, 3, 6, -14 ],
[ 2, 1, -1, -3, 9, -1, -3, 0, 4, 0, 7, -14 ],
[ 2, 1, -1, -3, 9, -1, -3, 2, 0, 0, 5, -10 ],
[ 2, 1, -1, -2, 2, -1, 3, 1, 1, 3, 5, -13 ],
[ 2, 1, -1, -2, 3, 0, 2, 0, 1, -2, 13, -16 ],
[ 2, 1, -1, -2, 4, -1, -1, -1, 5, 3, 5, -13 ],
[ 2, 1, -1, -2, 4, -1, -1, 1, 1, 3, 3, -9 ],
[ 2, 1, -1, -2, 4, 0, -1, -1, 2, 6, 5, -14 ],
[ 2, 1, -1, -2, 4, 4, -1, -3, 2, 2, 7, -14 ],
[ 2, 1, -1, -2, 6, -2, -1, 3, 2, 0, 7, -14 ],
[ 2, 1, -1, -2, 6, 0, -1, -1, 2, -2, 11, -14 ],
[ 2, 1, -1, -2, 7, 1, -2, -1, 1, 1, 6, -12 ],
[ 2, 1, -1, -2, 8, 0, -3, 0, 1, -2, 12, -15 ],
[ 2, 1, -1, -1, 1, -2, 1, 2, 3, 3, 5, -13 ],
[ 2, 1, -1, -1, 2, -3, 0, 7, -1, 0, 7, -12 ],
[ 2, 1, -1, -1, 2, -3, 0, 7, 1, 0, 7, -14 ],
[ 2, 1, -1, -1, 2, -3, 0, 9, -3, 0, 5, -10 ],
[ 2, 1, -1, -1, 2, -1, 0, 1, 3, -2, 13, -16 ],
[ 2, 1, -1, -1, 2, -1, 0, 3, 1, -2, 11, -14 ],
[ 2, 1, -1, -1, 2, 0, 2, -1, 2, 1, 7, -13 ],
[ 2, 1, -1, -1, 2, 1, 0, -3, 5, -4, 17, -18 ],
[ 2, 1, -1, -1, 2, 1, 0, -1, 1, -4, 15, -14 ],
[ 2, 1, -1, -1, 3, -3, 1, 6, 0, 0, 7, -14 ],
[ 2, 1, -1, -1, 3, -1, 1, 2, 0, -2, 11, -14 ],
[ 2, 1, -1, -1, 4, 0, 0, 0, 1, 1, 8, -14 ],
[ 2, 1, -1, 0, -3, 1, 6, -1, 1, -1, 8, -12 ],
[ 2, 1, -1, 0, -1, -4, 2, 10, -3, 0, 7, -12 ],
[ 2, 1, -1, 0, -1, -4, 2, 10, -1, 0, 7, -14 ],
[ 2, 1, -1, 0, -1, -2, 2, 4, 1, -2, 13, -16 ],
[ 2, 1, -1, 0, -1, -2, 2, 6, -1, -2, 11, -14 ],
[ 2, 1, -1, 0, -1, -1, 4, 2, 0, 1, 7, -13 ],
[ 2, 1, -1, 0, -1, 0, 2, -1, 2, 4, 6, -13 ],
[ 2, 1, -1, 0, -1, 0, 2, 0, 1, -4, 17, -16 ],
[ 2, 1, -1, 0, -1, 0, 2, 0, 3, -4, 17, -18 ],
[ 2, 1, -1, 0, -1, 1, 2, -3, 5, -1, 8, -12 ],
[ 2, 1, -1, 0, -1, 1, 2, -1, 1, -1, 6, -8 ],
[ 2, 1, -1, 0, -1, 2, 2, -3, 4, 2, 8, -15 ],
[ 2, 1, -1, 0, -1, 2, 2, -1, 2, 2, 6, -13 ],
[ 2, 1, -1, 0, -1, 4, 2, -3, 2, 0, 8, -13 ],
[ 2, 1, -1, 0, 0, -3, 1, 6, 0, 3, 6, -14 ],
[ 2, 1, -1, 0, 0, -1, 1, 2, 0, 1, 10, -14 ],
[ 2, 1, -1, 0, 0, -1, 1, 4, 0, 1, 8, -14 ],
[ 2, 1, -1, 0, 0, -1, 1, 6, -2, 1, 6, -12 ],
[ 2, 1, -1, 0, 0, 1, 1, 0, 2, -1, 12, -16 ],
[ 2, 1, -1, 0, 0, 1, 1, 2, 0, -1, 10, -14 ],
[ 2, 1, -1, 0, 0, 3, 1, -2, 2, -3, 14, -16 ],
[ 2, 1, -1, 0, 1, -4, 0, 9, -2, 0, 10, -15 ],
[ 2, 1, -1, 0, 1, -2, 0, 7, -2, -2, 12, -15 ],
[ 2, 1, -1, 0, 1, -1, 0, 0, 4, 1, 7, -13 ],
[ 2, 1, -1, 0, 1, -1, 0, 2, 0, 1, 5, -9 ],
[ 2, 1, -1, 0, 1, -1, 0, 2, 2, 1, 5, -11 ],
[ 2, 1, -1, 0, 1, 0, 0, -1, 2, -4, 20, -19 ],
[ 2, 1, -1, 0, 1, 0, 0, 0, 1, 4, 7, -14 ],
[ 2, 1, -1, 0, 1, 1, 0, -2, 4, -1, 9, -13 ],
[ 2, 1, -1, 0, 1, 2, 0, 0, 1, 2, 7, -14 ],
[ 2, 1, -1, 0, 1, 4, 0, -2, 1, 0, 9, -14 ],
[ 2, 1, -1, 0, 4, -1, -1, 2, 0, 1, 6, -12 ],
[ 2, 1, -1, 1, -3, 0, 5, -1, 2, -1, 8, -12 ],
[ 2, 1, -1, 1, -1, -5, 1, 10, 0, 0, 7, -14 ],
[ 2, 1, -1, 1, -1, -5, 1, 12, -4, 0, 5, -10 ],
[ 2, 1, -1, 1, -1, -3, 1, 6, 0, -2, 11, -14 ],
[ 2, 1, -1, 1, -1, -1, 1, 0, 4, -4, 17, -18 ],
[ 2, 1, -1, 1, -1, -1, 1, 1, 1, 4, 4, -11 ],
[ 2, 1, -1, 1, -1, -1, 1, 2, 0, -4, 15, -14 ],
[ 2, 1, -1, 1, -1, 0, 1, -3, 6, -1, 8, -12 ],
[ 2, 1, -1, 1, -1, 0, 1, -1, 2, -1, 6, -8 ],
[ 2, 1, -1, 1, -1, 0, 3, 0, 1, -1, 9, -13 ],
[ 2, 1, -1, 1, -1, 1, 1, -3, 5, 2, 8, -15 ],
[ 2, 1, -1, 1, -1, 1, 1, -1, 1, 2, 6, -11 ],
[ 2, 1, -1, 1, -1, 1, 1, -1, 3, 2, 6, -13 ],
[ 2, 1, -1, 1, -1, 3, 1, -3, 3, 0, 8, -13 ],
[ 2, 1, -1, 1, -1, 3, 1, -1, 1, 0, 6, -11 ],
[ 2, 1, -1, 1, 1, 0, 1, -1, 2, -1, 12, -16 ],
[ 2, 1, -1, 2, 2, 0, -1, -1, 2, 2, 7, -14 ],
[ 2, 1, -1, 3, -3, 1, 3, -1, 1, 0, 8, -13 ],
[ 2, 1, -1, 3, -2, 0, 2, 0, 1, -3, 14, -16 ],
[ 2, 1, -1, 4, -3, 0, 2, -1, 2, 0, 8, -13 ],
[ 2, 1, -1, 4, -1, 0, 0, 0, 1, 0, 9, -14 ],
[ 2, 1, 0, -3, 7, 2, -2, -1, 1, 1, 6, -13 ],
[ 2, 1, 0, -2, 4, 3, 0, -2, 1, -1, 10, -15 ],
[ 2, 1, 0, -1, 2, 0, 1, -1, 3, 1, 7, -14 ],
[ 2, 1, 0, -1, 4, 0, -1, 2, 0, 1, 6, -13 ],
[ 2, 1, 0, -1, 4, 2, -1, -2, 2, -1, 10, -15 ],
[ 2, 1, 0, 0, -1, -1, 3, 2, 1, 1, 7, -14 ],
[ 2, 1, 0, 0, -1, 1, 3, 0, 1, -1, 9, -14 ],
[ 2, 1, 0, 0, 1, 1, 1, 1, 0, -1, 10, -15 ],
[ 2, 1, 0, 1, -1, 0, 2, 0, 2, -1, 9, -14 ],
[ 2, 1, 0, 1, 0, 3, 1, -2, 1, 0, 6, -12 ],
[ 2, 1, 0, 1, 1, -2, 0, 5, -1, 1, 6, -13 ],
[ 2, 1, 0, 1, 1, 0, 0, 1, 1, -1, 10, -15 ],
[ 2, 1, 0, 2, -2, -1, 2, 4, -1, -1, 10, -15 ],
[ 2, 1, 0, 2, 0, 0, 0, -2, 4, 2, 6, -14 ],
[ 2, 1, 0, 2, 0, 2, 0, -2, 2, 0, 6, -12 ],
[ 2, 1, 0, 3, -2, -2, 1, 4, 0, -1, 10, -15 ],
[ 2, 1, 1, -2, 4, -1, -1, 2, 0, 3, 6, -14 ],
[ 2, 1, 1, -1, 2, 0, 0, -1, 2, 1, 7, -13 ],
[ 2, 1, 1, -1, 3, -1, -1, 2, 0, -2, 11, -14 ],
[ 2, 1, 1, 0, -1, -1, 2, 2, 0, 1, 7, -13 ],
[ 2, 1, 1, 0, 1, 1, 0, -1, 1, -1, 12, -16 ],
[ 2, 1, 1, 1, -1, 0, 1, 0, 1, -1, 9, -13 ],
[ 2, 2, -1, -3, 6, 2, -1, -2, 2, 1, 7, -14 ],
[ 2, 2, -1, -3, 7, -3, -2, 7, -2, 2, 5, -13 ],
[ 2, 2, -1, -2, 5, -2, -1, 4, 0, 0, 6, -12 ],
[ 2, 2, -1, -2, 5, 0, -1, -2, 4, -2, 12, -16 ],
[ 2, 2, -1, -2, 6, 1, -2, -2, 3, 1, 7, -14 ],
[ 2, 2, -1, -1, 1, 0, 2, 0, 2, 1, 6, -13 ],
[ 2, 2, -1, -1, 2, -3, 1, 7, -2, 0, 6, -12 ],
[ 2, 2, -1, -1, 2, -1, 1, 1, 2, -2, 12, -16 ],
[ 2, 2, -1, -1, 3, 0, 0, 1, 1, 1, 7, -14 ],
[ 2, 2, -1, -1, 3, 2, 0, -1, 1, -1, 9, -14 ],
[ 2, 2, -1, 0, -2, -1, 4, 3, 0, 1, 6, -13 ],
[ 2, 2, -1, 0, -2, 1, 4, -1, 2, -1, 10, -15 ],
[ 2, 2, -1, 0, 3, -1, -1, 1, 2, 1, 7, -14 ],
[ 2, 2, -1, 0, 3, 1, -1, -1, 2, -1, 9, -14 ],
[ 2, 2, -1, 1, -2, 0, 3, -1, 3, -1, 10, -15 ],
[ 2, 2, -1, 1, 0, -2, 1, 4, 0, 1, 7, -14 ],
[ 2, 2, -1, 1, 0, 0, 1, 2, 0, -1, 9, -14 ],
[ 2, 2, -1, 1, 1, 3, 0, -2, 1, 0, 8, -14 ],
[ 2, 2, -1, 2, 0, -1, 0, 2, 1, -1, 9, -14 ],
[ 2, 2, -1, 3, -2, 1, 1, 1, 0, 0, 8, -14 ],
[ 2, 2, 0, -1, 1, 0, 1, 0, 1, 1, 6, -12 ],
[ 2, 2, 0, -1, 3, 0, -1, -1, 2, 1, 9, -15 ],
[ 2, 2, 0, 0, 0, -1, 1, 2, 0, 1, 9, -15 ],
[ 2, 2, 0, 1, -1, 1, 1, -1, 1, 2, 5, -12 ],
[ 2, 2, 0, 1, 0, 0, 0, 0, 1, -1, 11, -15 ],
[ 2, 3, -2, -4, 9, 0, -3, 1, 1, 0, 8, -14 ],
[ 2, 3, -2, -2, 5, 1, -1, -1, 2, 1, 6, -13 ],
[ 2, 3, -2, -2, 6, -2, -2, 4, 0, 0, 8, -14 ],
[ 2, 3, -2, -1, 0, 0, 3, -1, 3, 1, 7, -14 ],
[ 2, 3, -2, -1, 2, 0, 1, 2, 0, 1, 6, -13 ],
[ 2, 3, -2, -1, 2, 2, 1, -2, 2, -1, 10, -15 ],
[ 2, 3, -2, 0, 2, -1, 0, 2, 1, 1, 6, -13 ],
[ 2, 3, -2, 0, 2, 1, 0, -2, 3, -1, 10, -15 ],
[ 2, 3, -2, 1, -2, 1, 3, -2, 3, 2, 6, -14 ],
[ 2, 3, -2, 1, -2, 3, 3, -2, 1, 0, 6, -12 ],
[ 2, 3, -2, 1, -1, -2, 2, 5, -1, 1, 6, -13 ],
[ 2, 3, -2, 1, -1, 0, 2, 1, 1, -1, 10, -15 ],
[ 2, 3, -2, 2, -2, 0, 2, -2, 4, 2, 6, -14 ],
[ 2, 3, -2, 2, -2, 2, 2, -2, 2, 0, 6, -12 ],
[ 2, 3, -2, 2, -1, -1, 1, 1, 2, -1, 10, -15 ],
[ 2, 3, -2, 2, 0, 2, 0, -1, 1, 0, 7, -13 ],
[ 2, 3, -2, 3, -2, 1, 1, -2, 3, 0, 6, -12 ],
[ 2, 3, -1, -2, 4, -2, -1, 3, 2, 0, 7, -14 ],
[ 2, 3, -1, -2, 4, 0, -1, -1, 2, -2, 11, -14 ],
[ 2, 3, -1, -1, 1, -1, 1, 2, 0, -2, 11, -14 ],
[ 2, 3, -1, -1, 2, 0, 0, 0, 1, 1, 8, -14 ],
[ 2, 3, -1, 0, -1, 1, 2, -1, 1, -1, 12, -16 ],
[ 2, 3, -1, 1, -1, 0, 1, -1, 2, -1, 12, -16 ],
[ 2, 4, -2, -1, 1, 0, 1, -1, 2, 1, 9, -15 ],
[ 2, 4, -2, -1, 2, -1, 0, 2, 0, -2, 13, -16 ],
[ 2, 4, -2, 0, 1, 1, 0, -1, 1, -1, 9, -13 ],
[ 2, 5, -3, -2, 4, 0, -1, 0, 1, -2, 12, -15 ],
[ 2, 5, -3, 0, 0, -1, 1, 2, 0, 1, 6, -12 ],
[ 3, -5, 7, 0, 0, -1, 0, 2, 1, 0, 8, -14 ],
[ 3, -5, 7, 0, 0, -1, 0, 4, -1, 0, 6, -12 ],
[ 3, -4, 4, -3, 8, -3, -3, 7, -2, 1, 6, -13 ],
[ 3, -4, 5, -2, 5, 1, -2, -1, 1, 0, 5, -10 ],
[ 3, -4, 5, -1, 2, 0, 0, 0, 1, 0, 7, -12 ],
[ 3, -4, 5, -1, 2, 0, 0, 0, 3, 0, 7, -14 ],
[ 3, -4, 5, 0, -1, -1, 2, 3, 1, 0, 7, -14 ],
[ 3, -4, 5, 0, -1, 1, 2, -1, 1, -2, 11, -14 ],
[ 3, -4, 5, 0, 0, 0, 1, -1, 2, 3, 6, -14 ],
[ 3, -4, 5, 0, 1, -1, 0, 2, 0, 0, 10, -15 ],
[ 3, -4, 5, 0, 2, -1, -1, 2, 0, 0, 5, -10 ],
[ 3, -4, 5, 1, -1, -2, 1, 3, 2, 0, 7, -14 ],
[ 3, -4, 5, 1, -1, 0, 1, -1, 2, -2, 11, -14 ],
[ 3, -4, 5, 1, 0, 1, 0, -1, 1, 1, 6, -12 ],
[ 3, -4, 6, 0, 0, 2, 0, -1, 1, 1, 6, -13 ],
[ 3, -3, 2, -5, 13, -1, -5, 2, 0, 1, 5, -11 ],
[ 3, -3, 2, -4, 10, 0, -3, -1, 2, -1, 11, -15 ],
[ 3, -3, 2, -4, 11, 1, -4, -1, 1, 2, 6, -13 ],
[ 3, -3, 3, -3, 7, -1, -2, 4, -1, -1, 9, -14 ],
[ 3, -3, 3, -2, 4, 1, 0, -2, 3, 0, 6, -12 ],
[ 3, -3, 3, -2, 6, 1, -2, -1, 2, 0, 7, -13 ],
[ 3, -3, 3, -1, 1, 0, 2, -1, 3, 0, 8, -14 ],
[ 3, -3, 3, -1, 1, 0, 2, 1, 1, 0, 6, -12 ],
[ 3, -3, 3, -1, 3, 0, 0, 2, 0, 0, 7, -13 ],
[ 3, -3, 3, -1, 4, -3, -1, 7, -2, -1, 9, -14 ],
[ 3, -3, 3, -1, 4, 0, -1, -2, 4, 0, 6, -12 ],
[ 3, -3, 3, -1, 4, 3, -1, -2, 1, 1, 6, -13 ],
[ 3, -3, 3, 0, -2, -1, 4, 2, 1, 0, 8, -14 ],
[ 3, -3, 3, 0, -2, -1, 4, 4, -1, 0, 6, -12 ],
[ 3, -3, 3, 0, -2, 1, 4, -2, 3, -2, 12, -16 ],
[ 3, -3, 3, 0, -1, 2, 3, -2, 2, 1, 7, -14 ],
[ 3, -3, 3, 0, 1, -1, 1, 1, 2, 0, 6, -12 ],
[ 3, -3, 3, 0, 3, -1, -1, 2, 1, 0, 7, -13 ],
[ 3, -3, 3, 1, -2, -2, 3, 4, 0, 0, 6, -12 ],
[ 3, -3, 3, 1, -2, 0, 3, -2, 4, -2, 12, -16 ],
[ 3, -3, 3, 1, -1, 1, 2, -2, 3, 1, 7, -14 ],
[ 3, -3, 3, 1, 0, -2, 1, 5, -1, 0, 7, -13 ],
[ 3, -3, 3, 1, 1, 1, 0, 1, 0, 1, 6, -13 ],
[ 3, -3, 3, 2, -1, 0, 1, -2, 4, 1, 7, -14 ],
[ 3, -3, 3, 3, -2, -1, 1, 4, -1, 1, 6, -13 ],
[ 3, -3, 3, 3, -2, 1, 1, 0, 1, -1, 10, -15 ],
[ 3, -3, 4, -1, 3, 0, -1, 0, 1, 0, 9, -14 ],
[ 3, -3, 4, 0, -1, 0, 2, 0, 1, 3, 5, -13 ],
[ 3, -3, 4, 0, 0, 1, 1, -1, 1, -2, 13, -16 ],
[ 3, -3, 4, 1, 0, 0, 0, -1, 2, -2, 13, -16 ],
[ 3, -2, 0, -3, 6, -3, 1, 7, -2, 1, 6, -13 ],
[ 3, -2, 1, -5, 12, 1, -4, -1, 1, -1, 8, -12 ],
[ 3, -2, 1, -4, 9, 0, -2, 0, 1, -1, 10, -14 ],
[ 3, -2, 1, -3, 6, 1, 0, -1, 1, -3, 14, -16 ],
[ 3, -2, 1, -3, 9, -1, -3, 2, 0, -1, 8, -12 ],
[ 3, -2, 1, -3, 10, 0, -4, 0, 1, 2, 5, -12 ],
[ 3, -2, 1, -2, 3, 1, 2, -3, 5, 0, 7, -14 ],
[ 3, -2, 1, -2, 3, 1, 2, -1, 1, 0, 5, -10 ],
[ 3, -2, 1, -2, 4, -2, -1, 3, 0, 7, 4, -14 ],
[ 3, -2, 1, -2, 4, -1, -1, -1, 5, 2, 8, -15 ],
[ 3, -2, 1, -2, 4, -1, -1, 1, 1, 2, 6, -11 ],
[ 3, -2, 1, -2, 4, 2, -1, 1, 0, 3, 6, -14 ],
[ 3, -2, 1, -2, 6, 0, -1, -1, 2, -3, 14, -16 ],
[ 3, -2, 1, -2, 7, 1, -2, -1, 1, 0, 9, -14 ],
[ 3, -2, 1, -2, 8, 0, -3, 0, 1, -3, 15, -17 ],
[ 3, -2, 1, -1, 0, 0, 4, 0, 1, 0, 7, -12 ],
[ 3, -2, 1, -1, 0, 0, 4, 0, 3, 0, 7, -14 ],
[ 3, -2, 1, -1, 1, -2, 1, 2, 3, 2, 8, -15 ],
[ 3, -2, 1, -1, 1, 0, 5, -1, 2, 0, 7, -14 ],
[ 3, -2, 1, -1, 2, -3, 0, 7, -1, -1, 10, -14 ],
[ 3, -2, 1, -1, 2, -3, 0, 9, -3, -1, 8, -12 ],
[ 3, -2, 1, -1, 2, -1, 0, 2, 0, 5, 3, -11 ],
[ 3, -2, 1, -1, 2, -1, 0, 3, 1, -3, 14, -16 ],
[ 3, -2, 1, -1, 2, 0, 0, -2, 5, 0, 7, -12 ],
[ 3, -2, 1, -1, 2, 0, 0, -2, 7, 0, 7, -14 ],
[ 3, -2, 1, -1, 2, 0, 0, 0, 1, 0, 5, -8 ],
[ 3, -2, 1, -1, 2, 0, 0, 0, 3, 0, 5, -10 ],
[ 3, -2, 1, -1, 2, 0, 2, -1, 2, 0, 10, -15 ],
[ 3, -2, 1, -1, 2, 1, 0, -1, 1, -5, 18, -16 ],
[ 3, -2, 1, -1, 2, 1, 0, 0, 2, 3, 5, -13 ],
[ 3, -2, 1, -1, 2, 3, 0, -2, 2, 1, 7, -13 ],
[ 3, -2, 1, -1, 2, 3, 0, 0, 0, 1, 5, -11 ],
[ 3, -2, 1, -1, 3, -2, -1, 7, -2, 2, 5, -12 ],
[ 3, -2, 1, -1, 3, -1, 1, 2, 0, -3, 14, -16 ],
[ 3, -2, 1, -1, 3, 0, 1, -3, 6, 0, 7, -14 ],
[ 3, -2, 1, -1, 3, 0, 1, -1, 2, 0, 5, -10 ],
[ 3, -2, 1, -1, 3, 1, 1, -1, 1, 3, 5, -13 ],
[ 3, -2, 1, -1, 3, 2, -1, 1, 0, -2, 11, -14 ],
[ 3, -2, 1, -1, 5, 0, -1, 0, 1, 0, 6, -11 ],
[ 3, -2, 1, 0, -3, -1, 6, 3, 1, 0, 7, -14 ],
[ 3, -2, 1, 0, -3, 1, 6, -1, 1, -2, 11, -14 ],
[ 3, -2, 1, 0, -2, 0, 5, -1, 2, 3, 6, -14 ],
[ 3, -2, 1, 0, -1, -4, 2, 10, -3, -1, 10, -14 ],
[ 3, -2, 1, 0, -1, -2, 2, 6, -1, -3, 14, -16 ],
[ 3, -2, 1, 0, -1, -1, 2, 1, 3, 0, 7, -12 ],
[ 3, -2, 1, 0, -1, -1, 2, 1, 5, 0, 7, -14 ],
[ 3, -2, 1, 0, -1, -1, 2, 3, 1, 0, 5, -10 ],
[ 3, -2, 1, 0, -1, -1, 4, 2, 0, 0, 10, -15 ],
[ 3, -2, 1, 0, -1, 0, 2, -1, 2, 3, 9, -15 ],
[ 3, -2, 1, 0, -1, 0, 2, 0, 1, -5, 20, -18 ],
[ 3, -2, 1, 0, -1, 0, 2, 3, 0, 3, 5, -13 ],
[ 3, -2, 1, 0, -1, 1, 2, -3, 5, -2, 11, -14 ],
[ 3, -2, 1, 0, -1, 1, 2, -1, 1, -2, 9, -10 ],
[ 3, -2, 1, 0, -1, 2, 2, -1, 2, 1, 9, -15 ],
[ 3, -2, 1, 0, -1, 2, 2, 1, 0, 1, 7, -13 ],
[ 3, -2, 1, 0, -1, 4, 2, -3, 2, -1, 11, -15 ],
[ 3, -2, 1, 0, 0, -3, 1, 8, -2, 2, 7, -14 ],
[ 3, -2, 1, 0, 0, -1, 1, 2, 0, 0, 13, -16 ],
[ 3, -2, 1, 0, 0, -1, 1, 6, -2, 0, 9, -14 ],
[ 3, -2, 1, 0, 0, -1, 3, 0, 4, 0, 7, -14 ],
[ 3, -2, 1, 0, 0, -1, 3, 2, 0, 0, 5, -10 ],
[ 3, -2, 1, 0, 0, 0, 1, -3, 6, 3, 6, -14 ],
[ 3, -2, 1, 0, 0, 0, 1, -1, 2, 3, 4, -10 ],
[ 3, -2, 1, 0, 0, 1, 1, -2, 2, -2, 17, -18 ],
[ 3, -2, 1, 0, 0, 1, 1, -1, 1, 6, 4, -13 ],
[ 3, -2, 1, 0, 0, 1, 1, 2, 0, -2, 13, -16 ],
[ 3, -2, 1, 0, 0, 2, 1, -3, 4, 1, 6, -12 ],
[ 3, -2, 1, 0, 0, 5, 1, -3, 1, 2, 6, -13 ],
[ 3, -2, 1, 0, 1, -2, 0, 7, -2, -3, 15, -17 ],
[ 3, -2, 1, 0, 1, -1, 0, 0, 4, 0, 10, -15 ],
[ 3, -2, 1, 0, 1, -1, 0, 2, 0, 0, 8, -11 ],
[ 3, -2, 1, 0, 1, -1, 0, 2, 2, 0, 8, -13 ],
[ 3, -2, 1, 0, 1, -1, 0, 4, 0, 0, 6, -11 ],
[ 3, -2, 1, 0, 1, 0, 0, 0, 1, 3, 10, -16 ],
[ 3, -2, 1, 0, 1, 0, 0, 4, -1, 3, 6, -14 ],
[ 3, -2, 1, 0, 1, 1, 0, -2, 4, -2, 12, -15 ],
[ 3, -2, 1, 0, 1, 4, 0, -2, 1, -1, 12, -16 ],
[ 3, -2, 1, 0, 3, 0, 0, -1, 2, 3, 5, -13 ],
[ 3, -2, 1, 0, 4, -1, -1, 2, 0, 0, 9, -14 ],
[ 3, -2, 1, 0, 5, 0, -2, 0, 1, 3, 6, -14 ],
[ 3, -2, 1, 1, -3, -2, 5, 3, 2, 0, 7, -14 ],
[ 3, -2, 1, 1, -3, 0, 5, -1, 2, -2, 11, -14 ],
[ 3, -2, 1, 1, -2, 1, 4, -1, 1, 1, 6, -12 ],
[ 3, -2, 1, 1, -1, -5, 1, 12, -4, -1, 8, -12 ],
[ 3, -2, 1, 1, -1, -3, 1, 6, 0, -3, 14, -16 ],
[ 3, -2, 1, 1, -1, -2, 1, 1, 6, 0, 7, -14 ],
[ 3, -2, 1, 1, -1, -2, 1, 3, 2, 0, 5, -10 ],
[ 3, -2, 1, 1, -1, -1, 1, 1, 1, 3, 7, -13 ],
[ 3, -2, 1, 1, -1, -1, 1, 2, 0, -5, 18, -16 ],
[ 3, -2, 1, 1, -1, -1, 1, 3, 1, 3, 5, -13 ],
[ 3, -2, 1, 1, -1, 0, 1, -3, 6, -2, 11, -14 ],
[ 3, -2, 1, 1, -1, 0, 1, -1, 2, -2, 9, -10 ],
[ 3, -2, 1, 1, -1, 0, 3, 0, 1, -2, 12, -15 ],
[ 3, -2, 1, 1, -1, 1, 1, -1, 1, 1, 9, -13 ],
[ 3, -2, 1, 1, -1, 1, 1, -1, 3, 1, 9, -15 ],
[ 3, -2, 1, 1, -1, 1, 1, 1, 1, 1, 7, -13 ],
[ 3, -2, 1, 1, -1, 1, 1, 3, -1, 1, 5, -11 ],
[ 3, -2, 1, 1, -1, 3, 1, -3, 3, -1, 11, -15 ],
[ 3, -2, 1, 1, -1, 3, 1, -1, 1, -1, 9, -13 ],
[ 3, -2, 1, 1, 0, -4, 0, 10, -3, 2, 5, -12 ],
[ 3, -2, 1, 1, 0, -1, 2, 2, 0, 3, 5, -13 ],
[ 3, -2, 1, 1, 0, 0, 0, 0, 1, -2, 15, -16 ],
[ 3, -2, 1, 1, 0, 0, 0, 4, -1, -2, 11, -14 ],
[ 3, -2, 1, 1, 0, 1, 0, -3, 5, 1, 6, -12 ],
[ 3, -2, 1, 1, 0, 1, 0, -1, 1, 1, 4, -8 ],
[ 3, -2, 1, 1, 3, 1, -1, -1, 1, 1, 5, -11 ],
[ 3, -2, 1, 1, 4, 0, -2, 0, 1, -2, 11, -14 ],
[ 3, -2, 1, 2, -2, 0, 3, -1, 2, 1, 6, -12 ],
[ 3, -2, 1, 2, 0, 0, 1, 0, 1, 1, 7, -13 ],
[ 3, -2, 1, 3, -3, 1, 3, -1, 1, -1, 11, -15 ],
[ 3, -2, 1, 3, 0, -1, 0, 2, 0, 1, 5, -11 ],
[ 3, -2, 1, 4, -3, 0, 2, -1, 2, -1, 11, -15 ],
[ 3, -2, 1, 4, -2, 1, 1, -1, 1, 2, 6, -13 ],
[ 3, -2, 1, 4, -1, 0, 0, 0, 1, -1, 12, -16 ],
[ 3, -2, 2, -2, 5, 1, -1, -2, 3, 0, 8, -14 ],
[ 3, -2, 2, -2, 5, 1, -1, 0, 1, 0, 6, -12 ],
[ 3, -2, 2, -1, 2, 0, 1, 1, 1, 0, 8, -14 ],
[ 3, -2, 2, -1, 5, 0, -2, -2, 4, 0, 8, -14 ],
[ 3, -2, 2, -1, 5, 0, -2, 0, 2, 0, 6, -12 ],
[ 3, -2, 2, 0, -2, 2, 4, -1, 1, 1, 6, -13 ],
[ 3, -2, 2, 0, -1, -1, 3, 4, -1, 0, 8, -14 ],
[ 3, -2, 2, 0, 2, -1, 0, 1, 2, 0, 8, -14 ],
[ 3, -2, 2, 0, 2, -1, 0, 3, 0, 0, 6, -12 ],
[ 3, -2, 2, 1, -2, 1, 3, -1, 2, 1, 6, -13 ],
[ 3, -2, 2, 1, -1, -2, 2, 4, 0, 0, 8, -14 ],
[ 3, -2, 2, 1, 0, 1, 1, 0, 1, 1, 7, -14 ],
[ 3, -2, 2, 1, 0, 3, 1, -2, 1, -1, 9, -14 ],
[ 3, -2, 2, 2, -2, 0, 2, -1, 3, 1, 6, -13 ],
[ 3, -2, 2, 2, 0, 0, 0, 0, 2, 1, 7, -14 ],
[ 3, -2, 2, 2, 0, 2, 0, -2, 2, -1, 9, -14 ],
[ 3, -2, 3, -1, 1, 0, 3, -1, 2, 0, 7, -14 ],
[ 3, -2, 3, -1, 2, 0, 0, -1, 2, 0, 10, -15 ],
[ 3, -2, 3, -1, 3, -1, -1, 2, 0, -3, 14, -16 ],
[ 3, -2, 3, -1, 3, 0, -1, -3, 6, 0, 7, -14 ],
[ 3, -2, 3, -1, 3, 0, -1, -1, 2, 0, 5, -10 ],
[ 3, -2, 3, -1, 3, 1, -1, -1, 1, 3, 5, -13 ],
[ 3, -2, 3, 0, -1, -1, 2, 2, 0, 0, 10, -15 ],
[ 3, -2, 3, 0, 0, -1, 1, 0, 4, 0, 7, -14 ],
[ 3, -2, 3, 0, 0, -1, 1, 2, 0, 0, 5, -10 ],
[ 3, -2, 3, 1, -1, 0, 1, 0, 1, -2, 12, -15 ],
[ 3, -2, 3, 1, 0, -1, 0, 2, 0, 3, 5, -13 ],
[ 3, -1, 0, -4, 9, 1, -2, -1, 1, 2, 6, -13 ],
[ 3, -1, 0, -4, 10, 0, -3, 0, 1, -1, 12, -16 ],
[ 3, -1, 0, -3, 9, 0, -3, -1, 2, 2, 6, -13 ],
[ 3, -1, 0, -2, 4, 1, 1, -1, 1, 0, 7, -12 ],
[ 3, -1, 0, -2, 4, 1, 1, -1, 3, 0, 7, -14 ],
[ 3, -1, 0, -2, 6, -1, -1, 2, 0, 2, 6, -13 ],
[ 3, -1, 0, -1, 1, -1, 1, 1, 1, 5, 4, -12 ],
[ 3, -1, 0, -1, 1, 0, 3, 0, 1, 0, 9, -14 ],
[ 3, -1, 0, -1, 1, 0, 3, 2, 1, 0, 7, -14 ],
[ 3, -1, 0, -1, 1, 1, 1, -1, 1, 3, 6, -12 ],
[ 3, -1, 0, -1, 1, 1, 1, -1, 3, 3, 6, -14 ],
[ 3, -1, 0, -1, 1, 3, 1, -3, 3, 1, 8, -14 ],
[ 3, -1, 0, -1, 2, -2, 0, 6, -1, 2, 6, -13 ],
[ 3, -1, 0, -1, 2, 0, 0, 0, 1, 0, 12, -15 ],
[ 3, -1, 0, -1, 2, 0, 0, 2, 1, 0, 10, -15 ],
[ 3, -1, 0, -1, 2, 0, 0, 4, -1, 0, 8, -13 ],
[ 3, -1, 0, -1, 2, 2, 0, 0, 1, -2, 12, -15 ],
[ 3, -1, 0, -1, 3, 0, -1, 0, 1, 0, 7, -10 ],
[ 3, -1, 0, -1, 3, 0, -1, 2, 1, 0, 5, -10 ],
[ 3, -1, 0, -1, 4, 0, 0, -1, 2, 0, 7, -12 ],
[ 3, -1, 0, -1, 4, 0, 0, -1, 4, 0, 7, -14 ],
[ 3, -1, 0, -1, 6, 0, -2, 0, 1, 0, 8, -13 ],
[ 3, -1, 0, 0, -3, 0, 6, 0, 1, 3, 5, -13 ],
[ 3, -1, 0, 0, -2, -1, 5, 5, -1, 0, 7, -14 ],
[ 3, -1, 0, 0, -2, 1, 5, -1, 1, -2, 13, -16 ],
[ 3, -1, 0, 0, -1, -5, 2, 11, -3, 4, 4, -13 ],
[ 3, -1, 0, 0, -1, -3, 2, 9, -3, 2, 6, -13 ],
[ 3, -1, 0, 0, -1, -1, 2, 1, 1, 0, 14, -17 ],
[ 3, -1, 0, 0, -1, -1, 2, 5, -1, 0, 10, -15 ],
[ 3, -1, 0, 0, -1, 0, 2, -2, 5, 3, 5, -13 ],
[ 3, -1, 0, 0, -1, 0, 2, 0, 1, 3, 3, -9 ],
[ 3, -1, 0, 0, -1, 1, 2, -1, 1, -2, 16, -17 ],
[ 3, -1, 0, 0, -1, 1, 2, 3, -1, -2, 12, -15 ],
[ 3, -1, 0, 0, -1, 2, 2, -2, 3, 1, 5, -11 ],
[ 3, -1, 0, 0, 0, -4, 1, 10, -3, -1, 12, -16 ],
[ 3, -1, 0, 0, 0, -1, 1, 1, 3, 0, 9, -14 ],
[ 3, -1, 0, 0, 0, -1, 1, 3, 1, 0, 7, -12 ],
[ 3, -1, 0, 0, 0, -1, 1, 3, 3, 0, 7, -14 ],
[ 3, -1, 0, 0, 0, -1, 1, 5, -1, 0, 5, -10 ],
[ 3, -1, 0, 0, 0, 0, 1, 0, 1, -5, 22, -20 ],
[ 3, -1, 0, 0, 0, 1, 1, -3, 5, -2, 13, -16 ],
[ 3, -1, 0, 0, 0, 1, 1, -1, 1, -2, 11, -12 ],
[ 3, -1, 0, 0, 0, 1, 1, -1, 3, -2, 11, -14 ],
[ 3, -1, 0, 0, 0, 2, 1, 1, 0, 1, 9, -15 ],
[ 3, -1, 0, 0, 1, -1, 2, 2, 0, 0, 7, -12 ],
[ 3, -1, 0, 0, 1, -1, 2, 2, 2, 0, 7, -14 ],
[ 3, -1, 0, 0, 1, 0, 0, -1, 2, 3, 6, -12 ],
[ 3, -1, 0, 0, 1, 0, 0, -1, 4, 3, 6, -14 ],
[ 3, -1, 0, 0, 1, 2, 0, -3, 4, 1, 8, -14 ],
[ 3, -1, 0, 0, 1, 2, 0, -1, 2, 1, 6, -12 ],
[ 3, -1, 0, 0, 1, 4, 0, -3, 2, -1, 8, -12 ],
[ 3, -1, 0, 0, 3, 1, 0, -1, 1, -2, 12, -15 ],
[ 3, -1, 0, 1, -2, -2, 4, 5, 0, 0, 7, -14 ],
[ 3, -1, 0, 1, -2, 0, 4, -1, 2, -2, 13, -16 ],
[ 3, -1, 0, 1, -1, -4, 1, 9, -2, 2, 6, -13 ],
[ 3, -1, 0, 1, -1, -2, 1, 5, 0, 0, 10, -15 ],
[ 3, -1, 0, 1, -1, -2, 1, 7, -2, 0, 8, -13 ],
[ 3, -1, 0, 1, -1, -1, 3, 1, 1, 3, 6, -14 ],
[ 3, -1, 0, 1, -1, 0, 1, -1, 2, -2, 16, -17 ],
[ 3, -1, 0, 1, -1, 0, 1, 0, 1, 6, 3, -12 ],
[ 3, -1, 0, 1, -1, 0, 1, 3, 0, -2, 12, -15 ],
[ 3, -1, 0, 1, -1, 1, 1, -2, 4, 1, 5, -11 ],
[ 3, -1, 0, 1, -1, 1, 3, -1, 1, 1, 8, -14 ],
[ 3, -1, 0, 1, -1, 4, 1, -2, 1, 2, 5, -12 ],
[ 3, -1, 0, 1, 0, -2, 0, 5, 0, 0, 5, -10 ],
[ 3, -1, 0, 1, 0, 0, 0, -1, 2, -2, 11, -12 ],
[ 3, -1, 0, 1, 0, 0, 0, 1, 0, -2, 9, -10 ],
[ 3, -1, 0, 1, 3, 0, -1, -1, 2, -2, 12, -15 ],
[ 3, -1, 0, 2, -3, 0, 4, 0, 1, 1, 5, -11 ],
[ 3, -1, 0, 2, -1, 0, 2, -1, 2, 1, 8, -14 ],
[ 3, -1, 0, 2, 0, -1, 1, 2, 0, -2, 12, -15 ],
[ 3, -1, 0, 2, 1, 0, 0, 0, 1, 1, 9, -15 ],
[ 3, -1, 0, 3, -1, 1, 1, -1, 1, -1, 8, -12 ],
[ 3, -1, 0, 4, -1, 0, 0, -1, 2, -1, 8, -12 ],
[ 3, -1, 0, 5, -3, 0, 1, 0, 1, 2, 5, -12 ],
[ 3, -1, 1, -3, 8, -1, -3, 1, 2, -1, 9, -14 ],
[ 3, -1, 1, -2, 4, 1, 0, -1, 2, 0, 7, -13 ],
[ 3, -1, 1, -2, 5, -2, -1, 4, 0, -1, 9, -14 ],
[ 3, -1, 1, -2, 6, 1, -2, 0, 1, 0, 8, -14 ],
[ 3, -1, 1, -1, 1, 0, 2, 0, 2, 0, 9, -15 ],
[ 3, -1, 1, -1, 1, 0, 2, 2, 0, 0, 7, -13 ],
[ 3, -1, 1, -1, 2, -3, 1, 7, -2, -1, 9, -14 ],
[ 3, -1, 1, -1, 2, 0, 1, -2, 4, 0, 6, -12 ],
[ 3, -1, 1, -1, 2, 3, 1, -2, 1, 1, 6, -13 ],
[ 3, -1, 1, -1, 4, 0, -1, -1, 3, 0, 7, -13 ],
[ 3, -1, 1, 0, -1, -1, 3, 1, 2, 0, 6, -12 ],
[ 3, -1, 1, 0, 1, -1, 1, 2, 1, 0, 7, -13 ],
[ 3, -1, 1, 0, 2, 2, 0, -2, 2, 1, 6, -13 ],
[ 3, -1, 1, 0, 3, -1, -1, 3, 0, 0, 8, -14 ],
[ 3, -1, 1, 1, -2, -2, 3, 5, -1, 0, 7, -13 ],
[ 3, -1, 1, 1, -1, 1, 2, 1, 0, 1, 6, -13 ],
[ 3, -1, 1, 1, 2, 1, -1, -2, 3, 1, 6, -13 ],
[ 3, -1, 1, 2, -1, 0, 1, 1, 1, 1, 6, -13 ],
[ 3, -1, 1, 3, -1, -1, 0, 1, 2, 1, 6, -13 ],
[ 3, -1, 2, -2, 4, 1, -1, -1, 1, 0, 7, -12 ],
[ 3, -1, 2, -1, 1, 0, 1, 0, 1, 0, 9, -14 ],
[ 3, -1, 2, 0, 1, -1, 0, 2, 0, 0, 7, -12 ],
[ 3, -1, 2, 0, 1, -1, 0, 2, 2, 0, 7, -14 ],
[ 3, -1, 2, 1, -1, -1, 1, 1, 1, 3, 6, -14 ],
[ 3, -1, 2, 1, -1, 1, 1, -1, 1, 1, 8, -14 ],
[ 3, 0, -1, -1, -1, 0, 7, -1, 2, 0, 7, -14 ],
[ 3, 0, -1, -1, 0, 0, 4, -1, 2, 0, 10, -15 ],
[ 3, 0, -1, -1, 1, -1, 3, 2, 0, -3, 14, -16 ],
[ 3, 0, -1, -1, 1, 0, 3, -3, 6, 0, 7, -14 ],
[ 3, 0, -1, -1, 1, 0, 3, -1, 2, 0, 5, -10 ],
[ 3, 0, -1, -1, 1, 1, 3, -1, 1, 3, 5, -13 ],
[ 3, 0, -1, 0, -2, -1, 5, 0, 4, 0, 7, -14 ],
[ 3, 0, -1, 0, -2, -1, 5, 2, 0, 0, 5, -10 ],
[ 3, 0, -1, 0, 0, -1, 1, -2, 8, 0, 7, -14 ],
[ 3, 0, -1, 1, -3, 0, 5, 0, 1, -2, 12, -15 ],
[ 3, 0, -1, 1, -2, -1, 4, 2, 0, 3, 5, -13 ],
[ 3, 0, 0, -4, 9, -2, -3, 5, -1, 1, 7, -14 ],
[ 3, 0, 0, -2, 3, 1, 1, -2, 3, 0, 8, -14 ],
[ 3, 0, 0, -2, 5, 1, -1, 1, 0, 0, 7, -13 ],
[ 3, 0, 0, -1, 0, 0, 3, 1, 1, 0, 8, -14 ],
[ 3, 0, 0, -1, 3, 0, 0, -2, 4, 0, 8, -14 ],
[ 3, 0, 0, -1, 3, 0, 0, 0, 2, 0, 6, -12 ],
[ 3, 0, 0, 0, 0, -1, 2, 1, 2, 0, 8, -14 ],
[ 3, 0, 0, 0, 0, -1, 2, 3, 0, 0, 6, -12 ],
[ 3, 0, 0, 0, 2, -1, 0, 4, -1, 0, 7, -13 ],
[ 3, 0, 0, 1, -2, 1, 3, 0, 1, 1, 7, -14 ],
[ 3, 0, 0, 1, -2, 3, 3, -2, 1, -1, 9, -14 ],
[ 3, 0, 0, 2, -2, 0, 2, 0, 2, 1, 7, -14 ],
[ 3, 0, 0, 2, -2, 2, 2, -2, 2, -1, 9, -14 ],
[ 3, 0, 0, 2, -1, -3, 1, 7, -2, 0, 7, -13 ],
[ 3, 0, 0, 2, 0, 2, 0, -1, 1, -1, 10, -15 ],
[ 3, 0, 0, 3, -2, 1, 1, -2, 3, -1, 9, -14 ],
[ 3, 0, 1, -2, 4, 0, -1, -1, 2, -3, 14, -16 ],
[ 3, 0, 1, -1, -1, 0, 5, -1, 2, 0, 7, -14 ],
[ 3, 0, 1, -1, 1, -1, 1, 2, 0, -3, 14, -16 ],
[ 3, 0, 1, -1, 1, 0, 1, -3, 6, 0, 7, -14 ],
[ 3, 0, 1, -1, 1, 0, 1, -1, 2, 0, 5, -10 ],
[ 3, 0, 1, -1, 1, 1, 1, -1, 1, 3, 5, -13 ],
[ 3, 0, 1, -1, 3, 0, -1, 0, 1, 0, 6, -11 ],
[ 3, 0, 1, 0, 1, 0, 0, -1, 2, 3, 5, -13 ],
[ 3, 1, -1, -4, 9, 0, -3, -2, 4, -1, 9, -14 ],
[ 3, 1, -1, -3, 6, -1, -1, 1, 2, -1, 9, -14 ],
[ 3, 1, -1, -3, 7, 2, -2, -1, 1, 0, 6, -12 ],
[ 3, 1, -1, -2, 3, -2, 1, 4, 0, -1, 9, -14 ],
[ 3, 1, -1, -2, 4, 1, 0, 0, 1, 0, 8, -14 ],
[ 3, 1, -1, -2, 5, -2, -1, 5, -1, -1, 10, -15 ],
[ 3, 1, -1, -1, 0, -3, 3, 7, -2, -1, 9, -14 ],
[ 3, 1, -1, -1, 0, 0, 3, -2, 4, 0, 6, -12 ],
[ 3, 1, -1, -1, 0, 3, 3, -2, 1, 1, 6, -13 ],
[ 3, 1, -1, -1, 2, 0, 1, -1, 3, 0, 7, -13 ],
[ 3, 1, -1, -1, 4, 0, -1, 0, 2, 0, 8, -14 ],
[ 3, 1, -1, -1, 4, 0, -1, 2, 0, 0, 6, -12 ],
[ 3, 1, -1, 0, -1, -1, 3, 2, 1, 0, 7, -13 ],
[ 3, 1, -1, 0, 0, 2, 2, -2, 2, 1, 6, -13 ],
[ 3, 1, -1, 0, 1, -1, 1, 3, 0, 0, 8, -14 ],
[ 3, 1, -1, 0, 2, 2, 0, -1, 1, 1, 7, -14 ],
[ 3, 1, -1, 1, 0, 1, 1, -2, 3, 1, 6, -13 ],
[ 3, 1, -1, 1, 1, -2, 0, 5, -1, 0, 6, -12 ],
[ 3, 1, -1, 2, -1, 0, 1, 2, 0, 1, 7, -14 ],
[ 3, 1, -1, 2, 0, 0, 0, -2, 4, 1, 6, -13 ],
[ 3, 1, 0, -2, 4, -1, -1, 2, 0, 2, 6, -13 ],
[ 3, 1, 0, -1, 2, 0, 0, -1, 2, 0, 7, -12 ],
[ 3, 1, 0, -1, 2, 0, 0, -1, 4, 0, 7, -14 ],
[ 3, 1, 0, 0, -1, -1, 2, 2, 0, 0, 7, -12 ],
[ 3, 1, 0, 0, -1, -1, 2, 2, 2, 0, 7, -14 ],
[ 3, 1, 0, 0, 1, 1, 0, -1, 1, -2, 12, -15 ],
[ 3, 2, -2, -1, 1, 0, 2, -2, 4, 0, 8, -14 ],
[ 3, 2, -2, 0, -2, -1, 4, 1, 2, 0, 8, -14 ],
[ 3, 2, -2, 0, -2, -1, 4, 3, 0, 0, 6, -12 ],
[ 3, 2, -1, -2, 4, 0, -1, 0, 1, -3, 15, -17 ],
[ 3, 2, -1, -1, 1, 0, 1, 0, 1, 0, 6, -11 ],
[ 3, 2, -1, 0, -1, 0, 2, -1, 2, 3, 5, -13 ],
[ 3, 2, -1, 0, 0, -1, 1, 2, 0, 0, 9, -14 ],
[ 3, 2, -1, 0, 1, 0, 0, 0, 1, 3, 6, -14 ],
[ 3, 2, -1, 1, -1, 1, 1, -1, 1, 1, 5, -11 ],
[ 3, 2, -1, 1, 0, 0, 0, 0, 1, -2, 11, -14 ],
[ 3, 3, -2, -1, 2, 0, 0, 0, 1, 0, 8, -13 ],
[ 3, 3, -2, 0, -1, 1, 2, -1, 1, -2, 12, -15 ],
[ 3, 3, -2, 1, -1, 0, 1, -1, 2, -2, 12, -15 ],
[ 4, -4, 3, -3, 8, -3, -3, 7, -2, 0, 6, -12 ],
[ 4, -4, 4, -2, 4, 1, -1, -1, 1, -1, 10, -14 ],
[ 4, -4, 4, -1, 1, 0, 1, 0, 1, -1, 12, -16 ],
[ 4, -4, 4, 0, 0, 0, 1, -1, 2, 2, 6, -13 ],
[ 4, -4, 4, 0, 1, -1, 0, 2, 0, -1, 10, -14 ],
[ 4, -4, 4, 1, 0, 1, 0, -1, 1, 0, 6, -11 ],
[ 4, -4, 5, 0, 0, 2, 0, -1, 1, 0, 6, -12 ],
[ 4, -3, 1, -5, 11, 0, -3, -1, 2, 3, 6, -14 ],
[ 4, -3, 1, -5, 12, -1, -4, 2, 0, 0, 10, -15 ],
[ 4, -3, 1, -5, 13, -1, -5, 2, 0, 0, 5, -10 ],
[ 4, -3, 1, -4, 10, -2, -3, 3, 2, 0, 7, -14 ],
[ 4, -3, 1, -4, 10, 0, -3, -1, 2, -2, 11, -14 ],
[ 4, -3, 1, -4, 11, 1, -4, -1, 1, 1, 6, -12 ],
[ 4, -3, 1, -3, 7, -3, -1, 6, 0, 0, 7, -14 ],
[ 4, -3, 2, -3, 6, 0, -1, -1, 3, 1, 7, -14 ],
[ 4, -3, 2, -3, 8, 0, -3, 2, 0, 1, 6, -13 ],
[ 4, -3, 2, -3, 8, 2, -3, -2, 2, -1, 10, -15 ],
[ 4, -3, 2, -2, 3, -1, 1, 2, 1, 1, 7, -14 ],
[ 4, -3, 2, -2, 5, 1, -1, 1, 0, -1, 10, -15 ],
[ 4, -3, 2, -1, 0, -2, 3, 5, -1, 1, 7, -14 ],
[ 4, -3, 2, -1, 3, 0, 0, 0, 2, -1, 9, -14 ],
[ 4, -3, 2, -1, 4, 3, -1, -2, 1, 0, 6, -12 ],
[ 4, -3, 2, -1, 5, -2, -2, 5, -1, 1, 6, -13 ],
[ 4, -3, 2, -1, 5, 0, -2, 1, 1, -1, 10, -15 ],
[ 4, -3, 2, 0, -1, 2, 3, -2, 2, 0, 7, -13 ],
[ 4, -3, 2, 0, 0, -1, 2, 3, 0, -1, 9, -14 ],
[ 4, -3, 2, 0, 1, 2, 1, -1, 1, 0, 8, -14 ],
[ 4, -3, 2, 0, 2, -1, 0, 4, -1, -1, 10, -15 ],
[ 4, -3, 2, 1, -1, 1, 2, -2, 3, 0, 7, -13 ],
[ 4, -3, 2, 1, 1, 1, 0, -1, 2, 0, 8, -14 ],
[ 4, -3, 2, 1, 1, 1, 0, 1, 0, 0, 6, -12 ],
[ 4, -3, 2, 1, 2, -2, -1, 4, 0, -1, 10, -15 ],
[ 4, -3, 2, 2, -2, 0, 2, 2, 0, 0, 8, -14 ],
[ 4, -3, 2, 2, -1, -3, 1, 7, -2, -1, 10, -15 ],
[ 4, -3, 2, 2, -1, 0, 1, -2, 4, 0, 7, -13 ],
[ 4, -3, 2, 2, -1, 3, 1, -2, 1, 1, 7, -14 ],
[ 4, -3, 2, 3, -2, -1, 1, 2, 1, 0, 8, -14 ],
[ 4, -3, 2, 3, -2, -1, 1, 4, -1, 0, 6, -12 ],
[ 4, -3, 2, 3, -1, 2, 0, -2, 2, 1, 7, -14 ],
[ 4, -3, 3, -1, 1, 0, 1, -1, 2, -1, 8, -12 ],
[ 4, -3, 3, -1, 3, 0, -1, 0, 1, -1, 9, -13 ],
[ 4, -3, 3, 0, -1, 0, 2, 0, 1, 2, 5, -12 ],
[ 4, -3, 3, 0, -1, 2, 2, -2, 3, 0, 7, -14 ],
[ 4, -3, 3, 1, -1, 1, 1, -2, 4, 0, 7, -14 ],
[ 4, -2, 0, -6, 14, 0, -5, 0, 1, 0, 9, -14 ],
[ 4, -2, 0, -4, 11, 0, -4, -1, 2, -2, 13, -16 ],
[ 4, -2, 0, -3, 5, 0, 1, 0, 1, 1, 6, -12 ],
[ 4, -2, 0, -3, 7, 0, -1, -1, 2, 1, 9, -15 ],
[ 4, -2, 0, -2, 2, 1, 3, -1, 1, -1, 10, -14 ],
[ 4, -2, 0, -2, 4, -4, -1, 10, -3, 0, 9, -14 ],
[ 4, -2, 0, -2, 4, -2, -1, 6, -1, -2, 13, -16 ],
[ 4, -2, 0, -2, 4, -1, -1, 1, 3, 1, 6, -12 ],
[ 4, -2, 0, -2, 4, 0, -1, -1, 2, 4, 8, -15 ],
[ 4, -2, 0, -2, 4, 0, -1, 0, 1, -4, 19, -18 ],
[ 4, -2, 0, -2, 4, 1, -1, -3, 5, -1, 10, -14 ],
[ 4, -2, 0, -2, 4, 1, -1, -1, 1, -1, 8, -10 ],
[ 4, -2, 0, -2, 4, 2, -1, 1, 0, 2, 6, -13 ],
[ 4, -2, 0, -2, 4, 4, -1, -3, 2, 0, 10, -15 ],
[ 4, -2, 0, -2, 7, 1, -2, -1, 1, -1, 9, -13 ],
[ 4, -2, 0, -1, -1, 0, 5, 0, 1, -1, 12, -16 ],
[ 4, -2, 0, -1, 1, -2, 1, 4, 1, 1, 6, -12 ],
[ 4, -2, 0, -1, 1, 0, 1, -2, 5, -1, 12, -16 ],
[ 4, -2, 0, -1, 1, 0, 1, 0, 1, -1, 10, -12 ],
[ 4, -2, 0, -1, 1, 0, 1, 0, 3, -1, 10, -14 ],
[ 4, -2, 0, -1, 2, -1, 0, 0, 4, 4, 5, -14 ],
[ 4, -2, 0, -1, 2, -1, 0, 2, 0, 4, 3, -10 ],
[ 4, -2, 0, -1, 2, 0, 2, -1, 2, -1, 10, -14 ],
[ 4, -2, 0, -1, 2, 1, 0, -2, 4, 2, 7, -14 ],
[ 4, -2, 0, -1, 2, 1, 0, 0, 2, 2, 5, -12 ],
[ 4, -2, 0, -1, 2, 3, 0, -2, 2, 0, 7, -12 ],
[ 4, -2, 0, -1, 2, 3, 0, -2, 4, 0, 7, -14 ],
[ 4, -2, 0, -1, 2, 3, 0, 0, 0, 0, 5, -10 ],
[ 4, -2, 0, -1, 3, 1, 1, -1, 1, 2, 5, -12 ],
[ 4, -2, 0, -1, 3, 3, 1, -3, 3, 0, 7, -14 ],
[ 4, -2, 0, -1, 4, 0, 0, 0, 1, -1, 11, -15 ],
[ 4, -2, 0, 0, -2, 0, 5, -1, 2, 2, 6, -13 ],
[ 4, -2, 0, 0, -1, -2, 2, 3, 2, 4, 5, -14 ],
[ 4, -2, 0, 0, -1, -1, 4, 2, 0, -1, 10, -14 ],
[ 4, -2, 0, 0, -1, 0, 2, -1, 2, 2, 9, -14 ],
[ 4, -2, 0, 0, -1, 0, 2, 1, 2, 2, 7, -14 ],
[ 4, -2, 0, 0, -1, 0, 2, 3, 0, 2, 5, -12 ],
[ 4, -2, 0, 0, -1, 2, 2, -3, 4, 0, 11, -16 ],
[ 4, -2, 0, 0, -1, 2, 2, -1, 2, 0, 9, -14 ],
[ 4, -2, 0, 0, -1, 2, 2, 1, 0, 0, 7, -12 ],
[ 4, -2, 0, 0, -1, 2, 2, 1, 2, 0, 7, -14 ],
[ 4, -2, 0, 0, -1, 4, 2, -3, 2, -2, 11, -14 ],
[ 4, -2, 0, 0, 0, -3, 1, 6, 0, 1, 9, -15 ],
[ 4, -2, 0, 0, 0, -3, 1, 8, -2, 1, 7, -13 ],
[ 4, -2, 0, 0, 0, -1, 1, 2, 0, -1, 13, -15 ],
[ 4, -2, 0, 0, 0, -1, 1, 4, 0, -1, 11, -15 ],
[ 4, -2, 0, 0, 0, -1, 1, 6, -2, -1, 9, -13 ],
[ 4, -2, 0, 0, 0, 0, 1, -3, 6, 2, 6, -13 ],
[ 4, -2, 0, 0, 0, 0, 1, -1, 2, 2, 4, -9 ],
[ 4, -2, 0, 0, 0, 0, 3, 0, 1, 2, 7, -14 ],
[ 4, -2, 0, 0, 0, 1, 1, -2, 2, -3, 17, -17 ],
[ 4, -2, 0, 0, 0, 1, 1, -1, 1, 5, 4, -12 ],
[ 4, -2, 0, 0, 0, 1, 1, 0, 2, -3, 15, -17 ],
[ 4, -2, 0, 0, 0, 2, 1, -3, 4, 0, 6, -11 ],
[ 4, -2, 0, 0, 0, 3, 1, -3, 3, 3, 6, -14 ],
[ 4, -2, 0, 0, 0, 5, 1, -3, 1, 1, 6, -12 ],
[ 4, -2, 0, 0, 1, -4, 0, 9, -2, -2, 13, -16 ],
[ 4, -2, 0, 0, 1, -1, 0, 0, 4, -1, 10, -14 ],
[ 4, -2, 0, 0, 1, -1, 0, 2, 0, -1, 8, -10 ],
[ 4, -2, 0, 0, 1, -1, 0, 2, 2, -1, 8, -12 ],
[ 4, -2, 0, 0, 1, 0, 0, -1, 2, -6, 23, -20 ],
[ 4, -2, 0, 0, 1, 0, 0, 0, 1, 2, 10, -15 ],
[ 4, -2, 0, 0, 1, 0, 0, 4, -1, 2, 6, -13 ],
[ 4, -2, 0, 0, 1, 2, 0, 0, 1, 0, 10, -15 ],
[ 4, -2, 0, 0, 1, 4, 0, -2, 1, -2, 12, -15 ],
[ 4, -2, 0, 0, 3, 0, 0, -1, 2, 2, 5, -12 ],
[ 4, -2, 0, 0, 3, 2, 0, -3, 4, 0, 7, -14 ],
[ 4, -2, 0, 0, 4, -1, -1, 2, 0, -1, 9, -13 ],
[ 4, -2, 0, 0, 5, 0, -2, 0, 1, 2, 6, -13 ],
[ 4, -2, 0, 1, -2, 1, 4, -1, 1, 0, 6, -11 ],
[ 4, -2, 0, 1, -1, -1, 1, 1, 1, 2, 7, -12 ],
[ 4, -2, 0, 1, -1, -1, 1, 1, 3, 2, 7, -14 ],
[ 4, -2, 0, 1, -1, -1, 1, 3, 1, 2, 5, -12 ],
[ 4, -2, 0, 1, -1, 1, 1, -3, 5, 0, 11, -16 ],
[ 4, -2, 0, 1, -1, 1, 1, -1, 1, 0, 9, -12 ],
[ 4, -2, 0, 1, -1, 1, 1, -1, 3, 0, 9, -14 ],
[ 4, -2, 0, 1, -1, 1, 1, 1, 1, 0, 7, -12 ],
[ 4, -2, 0, 1, -1, 1, 1, 1, 3, 0, 7, -14 ],
[ 4, -2, 0, 1, -1, 1, 1, 3, -1, 0, 5, -10 ],
[ 4, -2, 0, 1, -1, 3, 1, -3, 3, -2, 11, -14 ],
[ 4, -2, 0, 1, 0, -1, 2, 2, 0, 2, 5, -12 ],
[ 4, -2, 0, 1, 0, 1, 0, -1, 1, 0, 4, -7 ],
[ 4, -2, 0, 1, 0, 1, 2, 0, 2, 0, 7, -14 ],
[ 4, -2, 0, 1, 1, 0, 1, -1, 2, -3, 15, -17 ],
[ 4, -2, 0, 1, 3, 1, -1, -3, 5, 0, 7, -14 ],
[ 4, -2, 0, 1, 3, 1, -1, -1, 1, 0, 5, -10 ],
[ 4, -2, 0, 2, -2, 0, 3, -1, 2, 0, 6, -11 ],
[ 4, -2, 0, 2, 0, 0, 1, 0, 1, 0, 7, -12 ],
[ 4, -2, 0, 2, 0, 0, 1, 0, 3, 0, 7, -14 ],
[ 4, -2, 0, 2, 2, 0, -1, -1, 2, 0, 10, -15 ],
[ 4, -2, 0, 3, -3, -1, 3, 3, 1, 0, 7, -14 ],
[ 4, -2, 0, 3, -3, 1, 3, -1, 1, -2, 11, -14 ],
[ 4, -2, 0, 3, -2, 0, 2, -1, 2, 3, 6, -14 ],
[ 4, -2, 0, 3, 0, -1, 0, 0, 4, 0, 7, -14 ],
[ 4, -2, 0, 3, 0, -1, 0, 2, 0, 0, 5, -10 ],
[ 4, -2, 0, 4, -3, -2, 2, 3, 2, 0, 7, -14 ],
[ 4, -2, 0, 4, -3, 0, 2, -1, 2, -2, 11, -14 ],
[ 4, -2, 0, 4, -2, 1, 1, -1, 1, 1, 6, -12 ],
[ 4, -2, 0, 4, -1, 0, 0, 0, 1, -2, 12, -15 ],
[ 4, -2, 1, -4, 9, -2, -3, 4, 0, 0, 6, -12 ],
[ 4, -2, 1, -4, 9, 0, -3, -2, 4, -2, 12, -16 ],
[ 4, -2, 1, -3, 6, -3, -1, 7, -2, 0, 6, -12 ],
[ 4, -2, 1, -3, 7, 0, -2, 1, 1, 1, 7, -14 ],
[ 4, -2, 1, -3, 7, 2, -2, -1, 1, -1, 9, -14 ],
[ 4, -2, 1, -2, 4, -1, 0, 4, -1, 1, 7, -14 ],
[ 4, -2, 1, -1, 0, 0, 3, -2, 4, -1, 9, -14 ],
[ 4, -2, 1, -1, 2, 0, 1, -1, 3, -1, 10, -15 ],
[ 4, -2, 1, -1, 4, -2, -1, 4, 0, 1, 7, -14 ],
[ 4, -2, 1, -1, 4, 0, -1, 2, 0, -1, 9, -14 ],
[ 4, -2, 1, 0, -2, 0, 4, -1, 3, 2, 6, -14 ],
[ 4, -2, 1, 0, -2, 2, 4, -1, 1, 0, 6, -12 ],
[ 4, -2, 1, 0, -1, -1, 3, 2, 1, -1, 10, -15 ],
[ 4, -2, 1, 0, 1, -3, 1, 7, -2, 1, 7, -14 ],
[ 4, -2, 1, 1, -2, 1, 3, -1, 2, 0, 6, -12 ],
[ 4, -2, 1, 1, 0, 1, 1, 0, 1, 0, 7, -13 ],
[ 4, -2, 1, 1, 1, -2, 0, 5, -1, -1, 9, -14 ],
[ 4, -2, 1, 2, -2, 0, 2, -1, 3, 0, 6, -12 ],
[ 4, -2, 1, 2, 0, 0, 0, -2, 4, 0, 9, -15 ],
[ 4, -2, 1, 2, 0, 0, 0, 0, 2, 0, 7, -13 ],
[ 4, -2, 1, 3, -2, 2, 1, -1, 1, 1, 6, -13 ],
[ 4, -2, 2, -2, 4, -1, -1, 2, 0, 1, 9, -15 ],
[ 4, -2, 2, -1, 2, 0, 0, -1, 2, -1, 10, -14 ],
[ 4, -2, 2, -1, 3, 1, -1, -1, 1, 2, 5, -12 ],
[ 4, -2, 2, 0, -1, -1, 2, 2, 0, -1, 10, -14 ],
[ 4, -2, 2, 0, 0, 0, 1, 0, 1, 2, 7, -14 ],
[ 4, -2, 2, 0, 1, 1, 0, -1, 1, -3, 15, -17 ],
[ 4, -2, 2, 1, 0, -1, 0, 2, 0, 2, 5, -12 ],
[ 4, -1, 0, -4, 9, 1, -3, -1, 2, 1, 6, -13 ],
[ 4, -1, 0, -3, 6, 0, -1, 2, 0, 1, 6, -13 ],
[ 4, -1, 0, -3, 6, 2, -1, -2, 2, -1, 10, -15 ],
[ 4, -1, 0, -3, 7, -3, -2, 7, -2, 0, 8, -14 ],
[ 4, -1, 0, -2, 6, -1, -2, 2, 1, 1, 6, -13 ],
[ 4, -1, 0, -2, 6, 1, -2, -2, 3, -1, 10, -15 ],
[ 4, -1, 0, -1, 1, 0, 2, 0, 2, -1, 9, -14 ],
[ 4, -1, 0, -1, 2, 1, 1, -2, 3, 2, 6, -14 ],
[ 4, -1, 0, -1, 2, 3, 1, -2, 1, 0, 6, -12 ],
[ 4, -1, 0, -1, 3, -2, 0, 5, -1, 1, 6, -13 ],
[ 4, -1, 0, -1, 3, 0, 0, 1, 1, -1, 10, -15 ],
[ 4, -1, 0, 0, -2, -1, 4, 3, 0, -1, 9, -14 ],
[ 4, -1, 0, 0, -1, 2, 3, -1, 1, 0, 8, -14 ],
[ 4, -1, 0, 0, 2, 0, 0, -2, 4, 2, 6, -14 ],
[ 4, -1, 0, 0, 2, 2, 0, -2, 2, 0, 6, -12 ],
[ 4, -1, 0, 0, 3, -1, -1, 1, 2, -1, 10, -15 ],
[ 4, -1, 0, 1, -1, -1, 2, 1, 2, 2, 6, -14 ],
[ 4, -1, 0, 1, -1, 1, 2, -1, 2, 0, 8, -14 ],
[ 4, -1, 0, 1, -1, 1, 2, 1, 0, 0, 6, -12 ],
[ 4, -1, 0, 1, 0, -2, 1, 4, 0, -1, 10, -15 ],
[ 4, -1, 0, 2, -1, 0, 1, -1, 3, 0, 8, -14 ],
[ 4, -1, 0, 2, -1, 0, 1, 1, 1, 0, 6, -12 ],
[ 4, -1, 1, -1, 1, 0, 1, 0, 1, -1, 9, -13 ],
[ 4, -1, 1, -1, 3, 0, -1, -1, 2, -1, 12, -16 ],
[ 4, -1, 1, 0, 0, -1, 1, 2, 0, -1, 12, -16 ],
[ 4, -1, 1, 1, -1, -1, 1, 1, 1, 2, 6, -13 ],
[ 4, -1, 1, 1, -1, 1, 1, -1, 1, 0, 8, -13 ],
[ 4, -1, 1, 1, 0, 0, 0, 0, 1, -3, 14, -16 ],
[ 4, 0, -1, -4, 9, -2, -3, 5, -1, 0, 7, -13 ],
[ 4, 0, -1, -2, 5, -1, -1, 1, 2, 1, 7, -14 ],
[ 4, 0, -1, -2, 5, 1, -1, -1, 2, -1, 9, -14 ],
[ 4, 0, -1, -1, 0, 0, 3, -1, 3, -1, 10, -15 ],
[ 4, 0, -1, -1, 2, -2, 1, 4, 0, 1, 7, -14 ],
[ 4, 0, -1, -1, 2, 0, 1, 2, 0, -1, 9, -14 ],
[ 4, 0, -1, 0, 2, -1, 0, 2, 1, -1, 9, -14 ],
[ 4, 0, -1, 0, 3, 2, -1, -2, 2, 0, 8, -14 ],
[ 4, 0, -1, 1, -2, 1, 3, -2, 3, 0, 9, -15 ],
[ 4, 0, -1, 1, -2, 1, 3, 0, 1, 0, 7, -13 ],
[ 4, 0, -1, 1, -1, -2, 2, 5, -1, -1, 9, -14 ],
[ 4, 0, -1, 2, -2, 0, 2, -2, 4, 0, 9, -15 ],
[ 4, 0, -1, 2, -2, 0, 2, 0, 2, 0, 7, -13 ],
[ 4, 0, -1, 2, 0, 0, 0, 1, 1, 0, 8, -14 ],
[ 4, 0, 0, -1, 1, 1, 1, -1, 1, 2, 5, -12 ],
[ 4, 0, 0, -1, 2, 0, 0, 0, 1, -1, 11, -15 ],
[ 4, 0, 0, 0, -1, 1, 2, -1, 1, -3, 15, -17 ],
[ 4, 0, 0, 0, 1, 0, 0, -1, 2, 2, 5, -12 ],
[ 4, 0, 0, 0, 1, 2, 0, -3, 4, 0, 7, -14 ],
[ 4, 0, 0, 1, -1, 0, 1, -1, 2, -3, 15, -17 ],
[ 4, 1, -1, -2, 4, -1, -1, 2, 0, 1, 6, -12 ],
[ 4, 1, -1, -1, 1, 0, 1, -1, 2, -1, 12, -16 ],
[ 4, 1, -1, -1, 2, 1, 0, -1, 1, 2, 7, -14 ],
[ 4, 1, -1, 1, -1, -1, 1, 2, 0, 2, 7, -14 ],
[ 4, 2, -2, 0, -1, 0, 2, -1, 2, 2, 5, -12 ],
[ 4, 2, -2, 0, -1, 2, 2, -3, 4, 0, 7, -14 ],
[ 4, 2, -2, 0, 0, -1, 1, 2, 0, -1, 9, -13 ],
[ 4, 2, -2, 0, 1, 0, 0, 0, 1, 2, 6, -13 ],
[ 4, 2, -2, 1, -1, 1, 1, -3, 5, 0, 7, -14 ],
[ 4, 2, -2, 1, -1, 1, 1, -1, 1, 0, 5, -10 ],
[ 5, -4, 3, -1, 1, 0, 1, 0, 1, -2, 12, -15 ],
[ 5, -4, 3, -1, 2, -1, 0, 2, 0, 3, 5, -13 ],
[ 5, -4, 3, 0, 0, 0, 1, -1, 2, 1, 6, -12 ],
[ 5, -4, 3, 1, -1, -1, 1, 1, 1, 1, 9, -15 ],
[ 5, -4, 3, 1, -1, 1, 1, -1, 1, -1, 11, -15 ],
[ 5, -3, 1, -4, 9, -2, -3, 5, -1, -1, 10, -15 ],
[ 5, -3, 1, -3, 6, 0, -1, -1, 3, 0, 7, -13 ],
[ 5, -3, 1, -3, 8, 0, -3, 2, 0, 0, 6, -12 ],
[ 5, -3, 1, -2, 3, -1, 1, 2, 1, 0, 7, -13 ],
[ 5, -3, 1, -2, 4, 2, 0, -2, 2, 1, 6, -13 ],
[ 5, -3, 1, -2, 5, -1, -1, 3, 0, 0, 8, -14 ],
[ 5, -3, 1, -2, 6, 2, -2, -1, 1, 1, 7, -14 ],
[ 5, -3, 1, -1, 0, -2, 3, 5, -1, 0, 7, -13 ],
[ 5, -3, 1, -1, 1, 1, 2, 1, 0, 1, 6, -13 ],
[ 5, -3, 1, -1, 4, 1, -1, -2, 3, 1, 6, -13 ],
[ 5, -3, 1, -1, 5, -2, -2, 5, -1, 0, 6, -12 ],
[ 5, -3, 1, 0, -1, 0, 3, -2, 4, 1, 7, -14 ],
[ 5, -3, 1, 0, 1, 0, 1, 1, 1, 1, 6, -13 ],
[ 5, -3, 1, 0, 3, 0, -1, 2, 0, 1, 7, -14 ],
[ 5, -3, 1, 1, -2, -1, 3, 4, -1, 1, 6, -13 ],
[ 5, -3, 1, 1, -2, 1, 3, 0, 1, -1, 10, -15 ],
[ 5, -3, 1, 1, 1, -1, 0, 1, 2, 1, 6, -13 ],
[ 5, -3, 1, 2, -2, -2, 2, 4, 0, 1, 6, -13 ],
[ 5, -3, 1, 2, -2, 0, 2, 0, 2, -1, 10, -15 ],
[ 5, -3, 1, 2, -1, 3, 1, -2, 1, 0, 7, -13 ],
[ 5, -3, 1, 2, 0, -2, 0, 5, -1, 1, 7, -14 ],
[ 5, -3, 2, -1, 1, -1, 1, 1, 1, 3, 6, -14 ],
[ 5, -3, 2, -1, 1, 1, 1, -1, 1, 1, 8, -14 ],
[ 5, -3, 2, 0, -1, 0, 2, 0, 1, 1, 5, -11 ],
[ 5, -3, 2, 0, 1, 0, 0, -1, 2, 1, 8, -14 ],
[ 5, -2, 0, -3, 7, 0, -2, 1, 1, 0, 7, -13 ],
[ 5, -2, 0, -2, 4, -1, 0, 4, -1, 0, 7, -13 ],
[ 5, -2, 0, -1, 0, 1, 3, 0, 1, 1, 7, -14 ],
[ 5, -2, 0, -1, 0, 3, 3, -2, 1, -1, 9, -14 ],
[ 5, -2, 0, -1, 4, -2, -1, 4, 0, 0, 7, -13 ],
[ 5, -2, 0, 0, -2, 0, 4, -1, 3, 1, 6, -13 ],
[ 5, -2, 0, 0, 0, 0, 2, 0, 2, 1, 7, -14 ],
[ 5, -2, 0, 0, 0, 2, 2, -2, 2, -1, 9, -14 ],
[ 5, -2, 0, 0, 1, -3, 1, 7, -2, 0, 7, -13 ],
[ 5, -2, 0, 0, 2, 2, 0, -1, 1, -1, 10, -15 ],
[ 5, -2, 0, 1, 0, 1, 1, -2, 3, -1, 9, -14 ],
[ 5, -2, 0, 2, -1, 0, 1, 2, 0, -1, 10, -15 ],
[ 5, -2, 0, 2, 0, 0, 0, -2, 4, -1, 9, -14 ],
[ 5, -2, 0, 3, -2, 2, 1, -1, 1, 0, 6, -12 ],
[ 5, -2, 1, -2, 4, -1, -1, 2, 0, 0, 9, -14 ],
[ 5, -2, 1, -1, 3, 1, -1, -1, 1, 1, 5, -11 ],
[ 5, -2, 1, 0, 0, 0, 1, 0, 1, 1, 7, -13 ],
[ 5, -2, 1, 1, 0, -1, 0, 2, 0, 1, 5, -11 ],
[ 5, -1, 0, 0, -1, 0, 2, -1, 2, 1, 8, -14 ],
[ 5, -1, 0, 0, 0, -1, 1, 2, 0, -2, 12, -15 ],
[ 5, -1, 0, 0, 1, 0, 0, 0, 1, 1, 9, -15 ],
[ 5, -1, 0, 1, -1, 1, 1, -1, 1, -1, 8, -12 ],
[ 5, 0, -1, -1, 1, 1, 1, -1, 1, 1, 5, -11 ],
[ 5, 0, -1, -1, 2, 0, 0, 0, 1, -2, 11, -14 ],
[ 5, 0, -1, 0, 1, 0, 0, -1, 2, 1, 5, -11 ],
[ 6, -4, 2, -1, 2, -1, 0, 2, 0, 2, 5, -12 ],
[ 6, -4, 2, -1, 3, 0, -1, -1, 2, -3, 15, -17 ],
[ 6, -4, 2, 0, 0, -1, 1, 2, 0, -3, 15, -17 ],
[ 6, -4, 2, 0, 0, 0, 1, -1, 2, 0, 6, -11 ],
[ 6, -4, 2, 0, 0, 1, 1, -1, 1, 3, 6, -14 ],
[ 6, -4, 2, 1, -1, 1, 1, -1, 1, -2, 11, -14 ],
[ 6, -4, 2, 1, 0, 0, 0, -1, 2, 3, 6, -14 ],
[ 6, -3, 0, -2, 4, 0, 0, -2, 4, 2, 6, -14 ],
[ 6, -3, 0, -2, 4, 2, 0, -2, 2, 0, 6, -12 ],
[ 6, -3, 0, -2, 5, -1, -1, 1, 2, -1, 10, -15 ],
[ 6, -3, 0, -2, 6, 2, -2, -1, 1, 0, 7, -13 ],
[ 6, -3, 0, -1, 1, -1, 2, 1, 2, 2, 6, -14 ],
[ 6, -3, 0, -1, 1, 1, 2, -1, 2, 0, 8, -14 ],
[ 6, -3, 0, -1, 1, 1, 2, 1, 0, 0, 6, -12 ],
[ 6, -3, 0, -1, 2, -2, 1, 4, 0, -1, 10, -15 ],
[ 6, -3, 0, -1, 4, 1, -1, -2, 3, 0, 6, -12 ],
[ 6, -3, 0, 0, -2, 0, 4, 2, 0, 0, 8, -14 ],
[ 6, -3, 0, 0, -1, 0, 3, -2, 4, 0, 7, -13 ],
[ 6, -3, 0, 0, 1, 0, 1, -1, 3, 0, 8, -14 ],
[ 6, -3, 0, 0, 1, 0, 1, 1, 1, 0, 6, -12 ],
[ 6, -3, 0, 0, 3, 0, -1, 2, 0, 0, 7, -13 ],
[ 6, -3, 0, 1, -2, -1, 3, 2, 1, 0, 8, -14 ],
[ 6, -3, 0, 1, -2, -1, 3, 4, -1, 0, 6, -12 ],
[ 6, -3, 0, 1, -2, 1, 3, -2, 3, -2, 12, -16 ],
[ 6, -3, 0, 1, -1, 2, 2, -2, 2, 1, 7, -14 ],
[ 6, -3, 0, 1, 1, -1, 0, 1, 2, 0, 6, -12 ],
[ 6, -3, 0, 2, -2, -2, 2, 4, 0, 0, 6, -12 ],
[ 6, -3, 0, 2, -2, 0, 2, -2, 4, -2, 12, -16 ],
[ 6, -3, 0, 2, -1, 1, 1, -2, 3, 1, 7, -14 ],
[ 6, -3, 0, 2, 0, -2, 0, 5, -1, 0, 7, -13 ],
[ 6, -3, 1, -1, 1, -1, 1, 1, 1, 2, 6, -13 ],
[ 6, -3, 1, -1, 1, 1, 1, -1, 1, 0, 8, -13 ],
[ 6, -3, 1, -1, 2, 0, 0, 0, 1, -3, 14, -16 ],
[ 6, -3, 1, 0, -3, 0, 6, 0, 1, 0, 7, -14 ],
[ 6, -3, 1, 0, -1, 0, 2, -2, 5, 0, 7, -14 ],
[ 6, -3, 1, 0, -1, 0, 2, 0, 1, 0, 5, -10 ],
[ 6, -3, 1, 0, 1, 0, 0, -1, 2, 0, 8, -13 ],
[ 6, -3, 1, 1, -1, 0, 1, 0, 1, 3, 5, -13 ],
[ 6, -2, 0, -2, 4, -1, -1, 2, 0, -1, 9, -13 ],
[ 6, -2, 0, -1, 1, 0, 1, -1, 2, -3, 15, -17 ],
[ 6, -2, 0, -1, 2, 1, 0, -1, 1, 0, 10, -15 ],
[ 6, -2, 0, -1, 3, 1, -1, -1, 1, 0, 5, -10 ],
[ 6, -2, 0, 0, 0, 0, 1, 0, 1, 0, 7, -12 ],
[ 6, -2, 0, 0, 0, 0, 1, 0, 3, 0, 7, -14 ],
[ 6, -2, 0, 1, -1, -1, 1, 2, 0, 0, 10, -15 ],
[ 6, -2, 0, 1, 0, -1, 0, 2, 0, 0, 5, -10 ],
[ 6, -1, -1, -2, 4, 0, -1, -1, 2, 2, 7, -14 ],
[ 6, -1, -1, 0, -1, 0, 2, -1, 2, 0, 8, -13 ],
[ 6, -1, -1, 0, 1, 0, 0, 0, 1, 0, 9, -14 ],
[ 7, -4, 1, -1, 2, -1, 0, 2, 0, 1, 5, -11 ],
[ 7, -4, 1, 0, -1, 0, 2, -1, 2, -1, 11, -15 ],
[ 7, -4, 1, 0, 0, 1, 1, -1, 1, 2, 6, -13 ],
[ 7, -4, 1, 0, 1, 0, 0, 0, 1, -1, 12, -16 ],
[ 7, -3, 0, -1, 1, -1, 1, 1, 1, 1, 6, -12 ],
[ 7, -3, 0, -1, 1, 1, 1, -1, 1, -1, 8, -12 ],
[ 7, -3, 0, 0, 1, 0, 0, -1, 2, -1, 8, -12 ],
[ 7, -3, 0, 1, -1, 0, 1, 0, 1, 2, 5, -12 ],
[ 8, -5, 2, -1, 1, 2, 0, -2, 2, 1, 7, -14 ],
[ 8, -4, 0, -2, 4, 0, -1, -1, 2, 0, 10, -15 ],
[ 8, -4, 0, -1, 0, 0, 2, -1, 2, 3, 6, -14 ],
[ 8, -4, 0, -1, 2, -1, 0, 0, 4, 0, 7, -14 ],
[ 8, -4, 0, -1, 2, -1, 0, 2, 0, 0, 5, -10 ],
[ 8, -4, 0, 0, -1, -2, 2, 3, 2, 0, 7, -14 ],
[ 8, -4, 0, 0, -1, 0, 2, -1, 2, -2, 11, -14 ],
[ 8, -4, 0, 0, 0, 1, 1, -1, 1, 1, 6, -12 ],
[ 8, -4, 0, 0, 1, 0, 0, 0, 1, -2, 12, -15 ]
]
