H 66 1 22 2 22 1
H 71 1 23 2 23 1
H 80 1 26 2 26 1
H 87 1 28 2 28 1
H 92 1 29 2 29 1
H 94 1 30 3 30 1
H 95 1 30 2 30 1,2
H 96 1 30 2 30 1,10
H 99 1 30 2 30 1,3
H 110 1 31 2 31 1
H 114 1 33 3 33 1
H 115 1 33 2 33 1,3
H 124 1 35 3 35 1
H 127 1 35 2 35 1,7
H 134 1 37 2 37 1
H 137 1 38 2 38 1,2
H 141 1 39 3 39 1
H 144 1 39 2 39 1,13
H 146 1 40 3 40 1
H 147 1 40 2 40 1,8
H 149 1 40 2 40 1,5
H 151 1 41 3 41 1
U 154 1 42 3 42 1,2
H 156 1 42 2 42 1,6
H 157 1 42 2 42 1,42
H 158 1 42 2 42 1,3
H 159 1 42 2 42 1,21
U 160 1 42 3 42 1,7
H 172 1 44 2 44 1,4
H 181 1 46 5 46 1
H 182 1 46 3 46 1,2
H 183 1 46 2 46 1,46
H 186 1 47 4 47 1
H 188 1 48 3 48 1
H 189 1 48 2 48 1,16
H 191 1 48 2 48 1,3
H 195 1 50 2 50 1
H 201 1 51 3 51 1,3
H 206 1 52 2 52 1,4
H 207 1 52 2 52 1,52
H 213 1 54 2 54 1,2
H 218 1 55 3 55 1,5
H 223 1 56 3 56 1,8
H 228 1 57 2 57 1,3
H 229 1 57 2 57 1,57
U 230 1 57 3 57 1,19
H 235 1 58 2 58 1,29
H 237 1 59 5 59 1
H 240 1 60 3 60 1,4
H 241 1 60 2 60 1,20
H 242 1 60 4 60 1,12
H 243 1 60 3 60 1,60
H 248 1 60 2 60 1,5,12,60
H 250 1 60 2 60 1,3,4,12
H 258 1 62 4 62 1,2
H 259 1 62 2 62 1,62
H 263 1 63 3 63 1,9
U 270 1 65 3 65 1,5
U 272 1 65 3 65 1,13
H 277 1 66 4 66 1,6
H 278 1 66 3 66 1,66
H 281 1 66 2 66 1,11
H 285 1 66 2 66 1,2,3,6
H 287 1 66 2 66 1,3,22,66
H 288 1 66 2 66 1,6,22,33
H 291 1 67 2 67 1,67
H 294 1 68 2 68 1,68
H 298 1 69 4 69 1,3
H 299 1 69 2 69 1,69
H 303 1 70 3 70 1,14
H 304 1 70 4 70 1,10
H 307 1 70 2 70 1,35
H 309 1 70 2 70 1,2,7,14
H 310 1 70 2 70 1,7,10,70
H 312 1 70 2 70 1,2,5,10
H 317 1 71 6 71 1
H 320 1 72 2 72 1,8
H 321 1 72 2 72 1,72
H 322 1 72 3 72 1,9
H 325 1 73 2 73 1,73
H 328 1 74 2 74 1,74
H 343 1 77 2 77 1,77
H 347 1 78 3 78 1,26
H 348 1 78 6 78 1,6
H 351 1 78 2 78 1,39
H 353 1 78 2 78 1,2,13,26
H 354 1 78 3 78 1,6,13,78
H 356 1 78 3 78 1,2,3,6
H 364 1 80 2 80 1,80
U 379 1 84 5 84 1,3
U 382 1 84 3 84 1,4,7,28
H 383 1 84 2 84 1,7,12,84
U 384 1 84 3 84 1,3,7,21
H 385 1 84 2 84 1,3,4,12
H 386 1 84 2 84 1,4,21,84
H 387 1 84 2 84 1,3,28,84
U 388 1 84 3 84 1,12,21,28
H 392 1 85 3 85 1,85
H 394 1 85 2 85 1,5,17,85
H 400 1 87 5 87 1,3
H 401 1 87 2 87 1,87
H 402 1 87 2 87 1,29
H 407 1 88 2 88 1,8,11,88
U 417 1 90 3 90 1,2,5,10
H 418 1 90 2 90 1,5,18,90
H 419 1 90 2 90 1,5,9,45
U 420 1 90 3 90 1,2,9,18
H 421 1 90 2 90 1,2,45,90
H 422 1 90 2 90 1,9,10,90
U 423 1 90 3 90 1,10,18,45
H 427 1 91 2 91 1,91
H 430 1 92 5 92 1,4
H 431 1 92 4 92 1,92
U 436 1 93 5 93 1,31
H 437 1 93 2 93 1,3,31,93
H 438 1 94 6 94 1,2
H 439 1 94 4 94 1,94
H 443 1 95 5 95 1,5
H 445 1 95 3 95 1,19
U 447 1 96 3 96 1,32
U 448 1 96 3 96 1,96
H 454 1 98 2 98 1,98
H 461 1 100 2 100 1,4
H 476 1 102 2 102 1,3,17,51
H 478 1 102 2 102 1,2,51,102
H 483 1 103 2 103 1,103
H 485 1 104 3 104 1,104
H 487 1 104 2 104 1,8,13,104
H 495 1 105 3 105 1,3,7,21
H 496 1 105 3 105 1,7,15,105
H 498 1 105 3 105 1,3,5,15
H 506 1 106 2 106 1,2,53,106
H 508 1 107 2 107 1,107
H 522 1 110 3 110 1,2,11,22
H 525 1 110 4 110 1,2,5,10
H 527 1 110 3 110 1,5,22,110
H 528 1 110 2 110 1,10,22,55
H 531 1 111 2 111 1,111
H 537 1 112 2 112 1,7,16,112
U 547 1 114 3 114 1,2,19,38
H 552 1 114 2 114 1,3,38,114
H 558 1 115 2 115 1,5,23,115
H 562 1 116 2 116 1,4,29,116
H 566 1 117 2 117 1,9,13,117
H 571 1 119 6 119 1,7
H 573 1 119 4 119 1,17
H 583 1 120 3 120 1,5,24,120
U 584 1 120 3 120 1,3,5,15
H 586 1 120 2 120 1,8,15,120
H 588 1 120 2 120 1,15,24,40
H 590 1 121 2 121 1,121
H 594 1 122 2 122 1,2,61,122
H 603 1 125 2 125 1,125
H 613 1 126 3 126 1,7,9,63
H 615 1 126 2 126 1,2,63,126
H 616 1 126 3 126 1,9,14,126
H 617 1 126 2 126 1,14,18,63
H 623 1 129 2 129 1,3,43,129
U 624 1 130 3 130 1,2,13,26
U 629 1 130 3 130 1,5,26,130
H 630 1 130 2 130 1,10,26,65
H 640 1 132 2 132 1,4,11,44
H 651 1 133 2 133 1,7,19,133
H 655 1 134 2 134 1,2,67,134
H 659 1 135 2 135 1,5,27,135
H 663 1 136 3 136 1,8,17,136
U 672 1 138 3 138 1,2,23,46
H 673 1 138 2 138 1,6,23,138
H 674 1 138 2 138 1,3,23,69
H 685 1 140 2 140 1,4,35,140
H 695 1 142 2 142 1,71
H 698 1 143 2 143 1,143
H 712 1 146 2 146 1,2,73,146
H 716 1 147 2 147 1,3,49,147
H 735 1 150 2 150 1,6,50,75
H 745 1 153 2 153 1,9,17,153
H 753 1 154 2 154 1,2,7,11,14,22,77,154
H 762 1 156 2 156 1,4,39,156
U 764 1 156 3 156 1,12,39,52
H 770 1 158 2 158 1,2,79,158
H 779 1 161 2 161 1,7,23,161
H 784 1 165 3 165 1,11,15,165
U 785 1 165 4 165 1,5,11,55
H 790 1 165 2 165 1,3,5,11,15,33,55,165
H 791 1 166 2 166 1,2,83,166
H 792 1 167 2 167 1,167
H 799 1 168 4 168 1,21,24,56
H 800 1 168 2 168 1,3,7,8,21,24,56,168
H 809 1 170 2 170 1,2,5,10,17,34,85,170
H 813 1 171 3 171 1,9,19,171
U 827 1 175 3 175 1,7,25,175
H 828 1 176 4 176 1,11,16,176
H 832 1 177 2 177 1,3,59,177
U 836 1 180 5 180 1,5,36,180
U 840 1 180 5 180 1,9,20,180
U 841 1 180 5 180 1,20,36,45
H 842 1 180 2 180 1,4,5,9,20,36,45,180
H 853 1 184 2 184 1,8,23,184
U 857 1 185 3 185 1,5,37,185
H 865 1 186 2 186 1,2,3,6,31,62,93,186
H 874 1 190 2 190 1,5,19,95
H 880 1 191 2 191 1,191
U 889 1 195 3 195 1,5,39,195
U 896 1 198 5 198 1,9,11,99
H 901 1 198 2 198 1,2,9,11,18,22,99,198
H 917 1 204 2 204 1,3,4,12,17,51,68,204
H 918 1 205 2 205 1,5,41,205
H 919 1 206 2 206 1,2,103,206
H 920 1 207 3 207 1,9,23,207
H 925 1 209 2 209 1,11,19,209
U 982 1 210 3 210 1,3,10,14,30,35,42,105
H 984 1 210 2 210 1,6,10,14,15,21,35,210
U 989 1 210 3 210 1,2,5,7,10,14,35,70
U 990 1 210 3 210 1,5,6,7,30,35,42,210
H 994 1 213 2 213 1,3,71,213
H 996 1 215 2 215 1,5,43,215
H 1009 1 221 2 221 1,13,17,221
H 1036 1 230 2 230 1,2,5,10,23,46,115,230
U 1053 1 234 3 234 1,2,9,13,18,26,117,234
U 1072 1 240 3 240 1,3,5,15,16,48,80,240
H 1095 1 252 3 252 1,4,7,9,28,36,63,252
H 1105 1 255 2 255 1,3,5,15,17,51,85,255
H 1134 1 266 2 266 1,2,7,14,19,38,133,266
H 1162 1 276 2 276 1,3,4,12,23,69,92,276
H 1164 1 279 5 279 1,9,31,279
H 1174 1 284 2 284 1,4,71,284
H 1182 1 285 2 285 1,3,5,15,19,57,95,285
H 1183 1 286 2 286 1,2,11,13,22,26,143,286
H 1184 1 287 2 287 1,7,41,287
U 1188 1 294 3 294 1,2,3,6,49,98,147,294
H 1191 1 299 2 299 1,13,23,299
H 1209 1 315 3 315 1,5,7,9,35,45,63,315
U 1229 1 330 4 330 1,6,10,11,15,66,110,165
H 1232 1 330 2 330 1,2,3,5,6,10,11,15,22,30,33,55,66,110,165,330
H 1243 1 357 2 357 1,3,7,17,21,51,119,357
U 1247 1 370 4 370 1,2,5,10,37,74,185,370
H 1253 1 380 2 380 1,4,5,19,20,76,95,380
U 1262 1 390 5 390 1,5,6,26,30,39,130,195
H 1270 1 390 2 390 1,2,3,5,6,10,13,15,26,30,39,65,78,130,195,390
U 1272 1 396 5 396 1,4,9,11,36,44,99,396
U 1387 1 510 3 510 1,2,3,5,6,10,15,17,30,34,51,85,102,170,255,510
U 1414 1 570 4 570 1,2,3,5,6,10,15,19,30,38,57,95,114,190,285,570
U 1434 1 630 5 630 1,2,5,7,9,10,14,18,35,45,63,70,90,126,315,630
U 1437 1 714 5 714 1,2,3,6,7,14,17,21,34,42,51,102,119,238,357,714
H 1512 6 11 3 66 1
H 1513 6 11 2 66 1,2
H 1517 6 11 2 66 1,3
H 1519 6 11 2 66 1,11
H 1544 6 17 3 102 1
H 1547 6 17 2 102 1,6
H 1549 6 17 2 102 1,3
H 1551 6 17 2 102 1,17
H 1560 6 19 3 114 1
H 1561 6 19 2 114 1,2
H 1562 6 19 2 114 1,38
H 1563 6 19 2 114 1,6
H 1577 6 23 3 138 1,2
H 1579 6 23 3 138 1,6
H 1581 6 23 3 138 1,3
U 1583 6 23 3 138 1,23
H 1587 6 23 2 138 1,2,3,6
H 1593 6 25 2 150 1,2
H 1595 6 25 2 150 1,6
H 1598 6 25 2 150 1,75
H 1599 6 25 2 150 1,25
H 1608 6 29 5 174 1
H 1609 6 29 2 174 1,2
H 1610 6 29 2 174 1,58
H 1611 6 29 2 174 1,6
H 1613 6 29 3 174 1,3
H 1614 6 29 3 174 1,87
H 1615 6 29 3 174 1,29
H 1618 6 29 2 174 1,3,29,87
H 1624 6 31 5 186 1
H 1625 6 31 3 186 1,2
H 1626 6 31 3 186 1,62
H 1627 6 31 2 186 1,6
H 1629 6 31 2 186 1,3
H 1630 6 31 2 186 1,93
H 1631 6 31 3 186 1,31
H 1632 6 31 2 186 1,2,31,62
H 1643 6 35 3 210 1,10
H 1644 6 35 3 210 1,70
H 1645 6 35 3 210 1,6
H 1648 6 35 3 210 1,210
H 1650 6 35 3 210 1,21
H 1652 6 35 3 210 1,105
H 1656 6 35 2 210 1,2,5,10
H 1657 6 35 2 210 1,2,35,70
H 1658 6 35 2 210 1,5,14,70
H 1659 6 35 2 210 1,10,14,35
H 1660 6 35 2 210 1,5,6,30
H 1662 6 35 2 210 1,5,42,210
U 1663 6 35 3 210 1,30,35,42
U 1664 6 35 3 210 1,2,7,14
H 1666 6 35 2 210 1,6,7,42
H 1667 6 35 2 210 1,7,30,210
H 1668 6 35 2 210 1,3,7,21
H 1669 6 35 2 210 1,7,15,105
U 1670 6 35 3 210 1,3,5,15
H 1671 6 35 2 210 1,3,35,105
H 1673 6 35 2 210 1,15,21,35
H 1674 6 35 2 210 1,2,3,6
H 1675 6 35 2 210 1,2,21,42
U 1676 6 35 3 210 1,2,15,30
U 1678 6 35 3 210 1,3,14,42
H 1680 6 35 2 210 1,14,15,210
H 1681 6 35 2 210 1,14,30,105
H 1682 6 35 2 210 1,3,10,30
H 1688 6 35 2 210 1,15,42,70
U 1690 6 35 3 210 1,5,7,35
H 1707 6 37 5 222 1
H 1708 6 37 2 222 1,2
H 1709 6 37 3 222 1,74
H 1710 6 37 3 222 1,6
H 1712 6 37 2 222 1,3
H 1713 6 37 3 222 1,111
H 1714 6 37 2 222 1,37
H 1721 6 37 2 222 1,6,74,111
H 1724 6 41 3 246 1,2
H 1725 6 41 2 246 1,82
H 1728 6 41 4 246 1,3
H 1729 6 41 3 246 1,123
H 1733 6 41 2 246 1,3,41,123
H 1734 6 41 2 246 1,2,3,6
H 1740 6 43 4 258 1,2
H 1743 6 43 2 258 1,258
H 1744 6 43 3 258 1,3
H 1746 6 43 3 258 1,43
H 1747 6 43 2 258 1,2,43,86
H 1750 6 43 2 258 1,2,3,6
H 1758 6 47 5 282 1,6
H 1759 6 47 3 282 1,282
H 1760 6 47 5 282 1,3
H 1761 6 47 3 282 1,141
H 1764 6 47 2 282 1,6,47,282
H 1765 6 47 2 282 1,3,47,141
H 1766 6 47 3 282 1,2,3,6
H 1774 6 49 4 294 1,6
H 1775 6 49 2 294 1,294
H 1778 6 49 3 294 1,49
H 1779 6 49 2 294 1,2,49,98
H 1782 6 49 2 294 1,2,3,6
H 1785 6 49 2 294 1,6,98,147
H 1789 6 53 2 318 1,106
H 1791 6 53 2 318 1,318
H 1792 6 53 5 318 1,3
H 1797 6 53 3 318 1,3,53,159
H 1798 6 53 2 318 1,2,3,6
H 1805 6 55 5 330 1,10
H 1808 6 55 3 330 1,66
H 1814 6 55 5 330 1,165
H 1818 6 55 3 330 1,2,5,10
H 1821 6 55 3 330 1,10,22,55
H 1822 6 55 2 330 1,5,6,30
H 1823 6 55 2 330 1,6,55,330
H 1827 6 55 3 330 1,10,11,110
H 1829 6 55 2 330 1,11,30,330
H 1831 6 55 3 330 1,11,15,165
H 1833 6 55 3 330 1,3,55,165
H 1834 6 55 3 330 1,5,33,165
U 1836 6 55 3 330 1,2,3,6
H 1837 6 55 2 330 1,2,33,66
U 1838 6 55 3 330 1,2,15,30
H 1839 6 55 2 330 1,2,165,330
H 1840 6 55 2 330 1,3,22,66
U 1841 6 55 3 330 1,6,22,33
H 1843 6 55 2 330 1,22,30,165
H 1844 6 55 2 330 1,3,10,30
H 1845 6 55 2 330 1,10,33,330
H 1846 6 55 2 330 1,6,10,15
U 1848 6 55 3 330 1,3,110,330
H 1850 6 55 2 330 1,15,66,110
H 1851 6 55 2 330 1,6,110,165
H 1852 6 55 4 330 1,5,11,55
H 1853 6 55 2 330 1,3,5,11,15,33,55,165
H 1866 6 55 2 330 1,2,5,10,11,22,55,110
H 1871 6 59 3 354 1,118
H 1873 6 59 2 354 1,354
H 1874 6 59 6 354 1,3
H 1877 6 59 2 354 1,2,59,118
H 1879 6 59 3 354 1,3,59,177
H 1880 6 59 3 354 1,2,3,6
H 1887 6 61 5 366 1,6
H 1888 6 61 2 366 1,366
H 1891 6 61 2 366 1,61
H 1895 6 61 2 366 1,2,3,6
H 1898 6 61 3 366 1,6,122,183
H 1900 6 65 5 390 1,2
H 1907 6 65 3 390 1,390
H 1911 6 65 5 390 1,195
H 1915 6 65 2 390 1,2,5,10
H 1916 6 65 2 390 1,2,65,130
U 1917 6 65 3 390 1,5,26,130
U 1918 6 65 3 390 1,10,26,65
U 1919 6 65 3 390 1,5,6,30
H 1920 6 65 2 390 1,6,65,390
H 1921 6 65 2 390 1,5,78,390
H 1923 6 65 3 390 1,2,13,26
H 1924 6 65 2 390 1,10,13,130
H 1927 6 65 4 390 1,3,13,39
H 1928 6 65 3 390 1,13,15,195
H 1930 6 65 3 390 1,3,65,195
H 1931 6 65 3 390 1,5,39,195
H 1933 6 65 3 390 1,2,3,6
H 1934 6 65 3 390 1,2,39,78
H 1935 6 65 2 390 1,2,15,30
H 1939 6 65 2 390 1,15,26,390
H 1940 6 65 2 390 1,26,30,195
H 1941 6 65 2 390 1,3,10,30
U 1943 6 65 3 390 1,6,10,15
H 1944 6 65 2 390 1,10,78,195
H 1946 6 65 2 390 1,30,39,130
U 1947 6 65 3 390 1,15,78,130
H 1948 6 65 2 390 1,6,130,195
H 1950 6 65 2 390 1,3,5,13,15,39,65,195
H 1959 6 65 2 390 1,2,3,6,13,26,39,78
H 1966 6 67 6 402 1,2
H 1969 6 67 2 402 1,402
H 1971 6 67 3 402 1,201
H 1973 6 67 3 402 1,2,67,134
H 1976 6 67 3 402 1,2,3,6
H 1979 6 67 2 402 1,6,134,201
H 1981 6 71 7 426 1,2
H 1982 6 71 5 426 1,142
H 1985 6 71 7 426 1,3
H 1986 6 71 5 426 1,213
H 1988 6 71 3 426 1,2,71,142
H 1990 6 71 3 426 1,3,71,213
H 1991 6 71 4 426 1,2,3,6
H 1994 6 71 2 426 1,6,142,213
H 2003 6 73 2 438 1,2,73,146
H 2006 6 73 2 438 1,2,3,6
H 2008 6 73 2 438 1,3,146,438
H 2009 6 73 2 438 1,6,146,219
H 2014 6 77 5 462 1,154
H 2016 6 77 5 462 1,66
H 2021 6 77 7 462 1,21
H 2027 6 77 3 462 1,2,77,154
H 2028 6 77 3 462 1,7,22,154
H 2032 6 77 2 462 1,7,66,462
H 2033 6 77 3 462 1,42,66,77
H 2035 6 77 3 462 1,11,14,154
H 2036 6 77 2 462 1,6,11,66
H 2039 6 77 4 462 1,11,21,231
H 2040 6 77 4 462 1,3,7,21
H 2043 6 77 3 462 1,21,33,77
H 2045 6 77 2 462 1,2,33,66
H 2046 6 77 4 462 1,2,21,42
H 2048 6 77 3 462 1,3,22,66
U 2049 6 77 3 462 1,6,22,33
H 2050 6 77 3 462 1,21,22,462
H 2054 6 77 3 462 1,6,14,21
H 2055 6 77 3 462 1,14,66,231
H 2056 6 77 2 462 1,3,154,462
H 2057 6 77 2 462 1,33,42,154
H 2059 6 77 2 462 1,6,154,231
H 2061 6 77 2 462 1,3,7,11,21,33,77,231
H 2062 6 77 2 462 1,2,3,6,7,14,21,42
H 2067 6 77 2 462 1,3,14,22,42,66,77,231
H 2071 6 77 2 462 1,2,11,21,22,42,231,462
H 2074 6 77 2 462 1,2,7,11,14,22,77,154
H 2077 6 79 7 474 1,2
H 2080 6 79 2 474 1,474
H 2082 6 79 4 474 1,237
H 2084 6 79 4 474 1,2,79,158
H 2086 6 79 2 474 1,3,79,237
H 2087 6 79 3 474 1,2,3,6
H 2090 6 79 2 474 1,6,158,237
H 2093 6 83 3 498 1,166
H 2094 6 83 7 498 1,6
H 2097 6 83 5 498 1,249
H 2099 6 83 2 498 1,2,83,166
H 2100 6 83 3 498 1,6,83,498
H 2101 6 83 3 498 1,3,83,249
H 2102 6 83 4 498 1,2,3,6
H 2103 6 83 2 498 1,2,249,498
U 2124 6 85 3 510 1,5,34,170
H 2125 6 85 2 510 1,10,34,85
H 2127 6 85 2 510 1,6,85,510
U 2129 6 85 3 510 1,30,85,102
H 2130 6 85 2 510 1,2,17,34
H 2133 6 85 2 510 1,17,30,510
H 2135 6 85 5 510 1,15,17,255
H 2139 6 85 3 510 1,15,51,85
H 2142 6 85 3 510 1,2,15,30
H 2143 6 85 2 510 1,2,255,510
U 2144 6 85 3 510 1,3,34,102
H 2145 6 85 2 510 1,6,34,51
H 2147 6 85 2 510 1,30,34,255
H 2149 6 85 2 510 1,10,51,510
H 2150 6 85 5 510 1,6,10,15
U 2152 6 85 3 510 1,3,170,510
U 2153 6 85 3 510 1,30,51,170
H 2157 6 85 2 510 1,3,5,15,17,51,85,255
H 2158 6 85 2 510 1,2,3,5,6,10,15,30
H 2169 6 85 3 510 1,6,10,15,17,102,170,255
H 2174 6 89 4 534 1,178
H 2176 6 89 3 534 1,534
H 2177 6 89 8 534 1,3
H 2180 6 89 2 534 1,2,89,178
H 2181 6 89 2 534 1,6,89,534
H 2182 6 89 4 534 1,3,89,267
H 2183 6 89 4 534 1,2,3,6
H 2186 6 89 2 534 1,6,178,267
H 2194 6 91 7 546 1,42
H 2195 6 91 3 546 1,546
H 2202 6 91 7 546 1,13
H 2204 6 91 4 546 1,2,91,182
H 2207 6 91 4 546 1,6,7,42
H 2209 6 91 2 546 1,7,78,546
H 2210 6 91 3 546 1,42,78,91
H 2211 6 91 4 546 1,2,13,26
H 2212 6 91 4 546 1,13,14,182
H 2213 6 91 4 546 1,6,13,78
H 2215 6 91 3 546 1,3,13,39
H 2216 6 91 3 546 1,13,21,273
H 2218 6 91 2 546 1,3,91,273
H 2221 6 91 4 546 1,2,3,6
H 2223 6 91 4 546 1,2,21,42
H 2227 6 91 2 546 1,21,26,546
H 2228 6 91 3 546 1,26,42,273
H 2229 6 91 3 546 1,3,14,42
H 2230 6 91 2 546 1,14,39,546
H 2234 6 91 4 546 1,39,42,182
H 2236 6 91 4 546 1,6,182,273
H 2237 6 91 3 546 1,7,13,91
H 2239 6 91 2 546 1,2,3,6,7,14,21,42
H 2242 6 91 2 546 1,2,21,39,42,78,91,182
H 2245 6 91 2 546 1,6,7,26,39,42,182,273
H 2247 6 91 2 546 1,2,3,6,13,26,39,78
H 2250 6 91 2 546 1,6,13,14,21,78,182,273
H 2251 6 91 2 546 1,2,7,13,14,26,91,182
H 2269 6 95 5 570 1,2,5,10
H 2275 6 95 2 570 1,5,114,570
H 2278 6 95 3 570 1,10,19,190
H 2279 6 95 3 570 1,6,19,114
H 2282 6 95 3 570 1,15,19,285
H 2285 6 95 4 570 1,5,57,285
H 2288 6 95 4 570 1,2,57,114
H 2290 6 95 2 570 1,2,285,570
H 2296 6 95 3 570 1,10,57,570
H 2297 6 95 5 570 1,6,10,15
H 2301 6 95 3 570 1,15,114,190
H 2302 6 95 3 570 1,6,190,285
H 2304 6 95 2 570 1,3,5,15,19,57,95,285
H 2305 6 95 3 570 1,2,3,5,6,10,15,30
H 2308 6 95 2 570 1,2,15,30,57,95,114,190
H 2311 6 95 2 570 1,5,6,30,38,57,190,285
H 2312 6 95 2 570 1,6,10,15,38,57,95,570
H 2313 6 95 2 570 1,2,3,6,19,38,57,114
H 2317 6 95 2 570 1,2,5,10,19,38,95,190
H 2327 6 97 3 582 1,2,97,194
H 2329 6 97 2 582 1,3,97,291
H 2330 6 97 3 582 1,2,3,6
H 2332 6 97 2 582 1,3,194,582
H 2333 6 97 3 582 1,6,194,291
H 2347 6 101 2 606 1,3,202,606
H 2361 6 103 2 618 1,2,309,618
H 2372 6 107 4 642 1,2,107,214
H 2373 6 107 3 642 1,6,107,642
H 2374 6 107 3 642 1,3,107,321
H 2375 6 107 5 642 1,2,3,6
H 2377 6 107 2 642 1,3,214,642
H 2382 6 109 9 654 1,6
H 2383 6 109 2 654 1,654
H 2386 6 109 6 654 1,109
H 2387 6 109 3 654 1,2,109,218
H 2389 6 109 3 654 1,3,109,327
H 2390 6 109 4 654 1,2,3,6
H 2393 6 109 5 654 1,6,218,327
H 2402 6 113 3 678 1,2,113,226
H 2403 6 113 3 678 1,6,113,678
H 2404 6 113 4 678 1,3,113,339
H 2405 6 113 5 678 1,2,3,6
H 2408 6 113 2 678 1,6,226,339
H 2413 6 115 3 690 1,10,46,115
H 2415 6 115 4 690 1,6,115,690
H 2427 6 115 4 690 1,15,69,115
H 2433 6 115 3 690 1,6,46,69
H 2434 6 115 3 690 1,15,46,690
H 2437 6 115 2 690 1,10,69,690
H 2438 6 115 6 690 1,6,10,15
H 2445 6 115 2 690 1,3,5,15,23,69,115,345
H 2446 6 115 3 690 1,2,3,5,6,10,15,30
H 2447 6 115 2 690 1,2,3,6,115,230,345,690
H 2449 6 115 2 690 1,2,15,30,69,115,138,230
H 2450 6 115 2 690 1,3,5,15,46,138,230,690
H 2454 6 115 2 690 1,2,3,6,23,46,69,138
H 2457 6 115 3 690 1,6,10,15,23,138,230,345
H 2458 6 115 2 690 1,2,5,10,23,46,115,230
H 2459 6 115 2 690 1,5,6,23,30,115,138,690
H 2463 6 119 3 714 1,7,34,238
H 2467 6 119 4 714 1,7,102,714
H 2469 6 119 5 714 1,2,17,34
H 2472 6 119 3 714 1,17,42,714
H 2474 6 119 5 714 1,17,21,357
H 2475 6 119 6 714 1,3,7,21
H 2481 6 119 5 714 1,2,21,42
H 2482 6 119 3 714 1,2,357,714
H 2483 6 119 5 714 1,3,34,102
H 2486 6 119 3 714 1,34,42,357
H 2491 6 119 2 714 1,3,238,714
H 2493 6 119 4 714 1,21,102,238
H 2496 6 119 3 714 1,3,7,17,21,51,119,357
H 2497 6 119 3 714 1,2,3,6,7,14,21,42
H 2499 6 119 2 714 1,2,7,14,51,102,357,714
H 2500 6 119 2 714 1,2,21,42,51,102,119,238
H 2502 6 119 2 714 1,3,14,34,42,102,119,357
H 2505 6 119 3 714 1,2,3,6,17,34,51,102
H 2508 6 119 2 714 1,6,14,17,21,102,238,357
H 2509 6 119 2 714 1,2,7,14,17,34,119,238
H 2510 6 119 2 714 1,6,7,17,42,102,119,714
H 2513 6 121 2 726 1,6,121,726
H 2525 6 125 2 750 1,3,250,750
H 2532 6 127 2 762 1,2,381,762
U 2542 6 131 3 786 1,6,262,393
U 2555 6 133 4 798 1,19,42,798
U 2556 6 133 5 798 1,3,19,57
U 2558 6 133 5 798 1,3,7,21
U 2559 6 133 5 798 1,3,133,399
U 2561 6 133 5 798 1,21,57,133
U 2568 6 133 4 798 1,21,38,798
H 2579 6 133 2 798 1,3,7,19,21,57,133,399
U 2580 6 133 3 798 1,2,3,6,7,14,21,42
H 2581 6 133 2 798 1,2,3,6,133,266,399,798
U 2583 6 133 3 798 1,2,21,42,57,114,133,266
H 2584 6 133 2 798 1,3,7,21,38,114,266,798
U 2585 6 133 3 798 1,3,14,38,42,114,133,399
H 2587 6 133 2 798 1,6,14,21,38,57,133,798
U 2588 6 133 3 798 1,2,3,6,19,38,57,114
H 2589 6 133 2 798 1,2,19,21,38,42,399,798
H 2590 6 133 2 798 1,3,14,19,42,57,266,798
U 2591 6 133 3 798 1,6,14,19,21,114,266,399
H 2593 6 133 2 798 1,6,7,19,42,114,133,798
H 2595 6 137 3 822 1,2,137,274
H 2596 6 137 4 822 1,6,137,822
H 2597 6 137 5 822 1,3,137,411
H 2598 6 137 6 822 1,2,3,6
H 2599 6 137 2 822 1,2,411,822
H 2601 6 137 2 822 1,6,274,411
H 2620 6 143 3 858 1,13,22,286
H 2622 6 143 3 858 1,13,66,858
H 2623 6 143 7 858 1,3,13,39
H 2637 6 143 5 858 1,3,22,66
H 2638 6 143 5 858 1,22,39,858
H 2641 6 143 3 858 1,3,286,858
H 2642 6 143 3 858 1,39,66,286
U 2644 6 143 3 858 1,6,286,429
H 2646 6 143 3 858 1,3,11,13,33,39,143,429
H 2647 6 143 3 858 1,2,3,6,11,22,33,66
H 2649 6 143 2 858 1,2,11,22,39,78,429,858
H 2650 6 143 2 858 1,2,33,39,66,78,143,286
H 2651 6 143 2 858 1,3,11,26,33,78,286,858
H 2652 6 143 2 858 1,3,22,26,66,78,143,429
H 2654 6 143 3 858 1,6,22,26,33,39,143,858
H 2655 6 143 4 858 1,2,3,6,13,26,39,78
H 2659 6 143 2 858 1,2,11,13,22,26,143,286
H 2660 6 143 2 858 1,6,11,13,66,78,143,858
H 2666 6 145 6 870 1,5,6,30
H 2667 6 145 3 870 1,6,145,870
H 2668 6 145 3 870 1,5,174,870
H 2669 6 145 2 870 1,30,145,174
H 2672 6 145 4 870 1,6,29,174
H 2673 6 145 5 870 1,29,30,870
H 2696 6 145 6 870 1,5,29,145
H 2697 6 145 3 870 1,3,5,15,29,87,145,435
H 2698 6 145 3 870 1,2,3,5,6,10,15,30
H 2702 6 145 2 870 1,3,5,15,58,174,290,870
H 2704 6 145 3 870 1,5,6,30,58,87,290,435
H 2705 6 145 2 870 1,6,10,15,58,87,145,870
H 2706 6 145 2 870 1,2,3,6,29,58,87,174
H 2707 6 145 2 870 1,2,15,29,30,58,435,870
H 2708 6 145 3 870 1,3,10,29,30,87,290,870
H 2709 6 145 2 870 1,6,10,15,29,174,290,435
H 2710 6 145 3 870 1,2,5,10,29,58,145,290
H 2718 6 149 2 894 1,3,298,894
H 2725 6 151 2 906 1,2,453,906
U 2735 6 155 3 930 1,5,186,930
H 2764 6 155 4 930 1,3,5,15,31,93,155,465
H 2765 6 155 4 930 1,2,3,5,6,10,15,30
H 2768 6 155 2 930 1,2,15,30,93,155,186,310
H 2770 6 155 2 930 1,3,10,30,62,155,186,465
H 2771 6 155 2 930 1,5,6,30,62,93,310,465
H 2772 6 155 3 930 1,6,10,15,62,93,155,930
H 2773 6 155 3 930 1,2,3,6,31,62,93,186
H 2774 6 155 2 930 1,2,15,30,31,62,465,930
H 2775 6 155 2 930 1,3,10,30,31,93,310,930
H 2777 6 155 4 930 1,2,5,10,31,62,155,310
H 2787 6 157 2 942 1,2,3,6,157,314,471,942
H 2823 6 161 3 966 1,3,7,21,23,69,161,483
H 2824 6 161 4 966 1,2,3,6,7,14,21,42
H 2825 6 161 2 966 1,2,3,6,161,322,483,966
H 2829 6 161 3 966 1,3,14,42,46,138,161,483
H 2830 6 161 2 966 1,6,7,42,46,69,322,483
H 2831 6 161 2 966 1,6,14,21,46,69,161,966
H 2832 6 161 3 966 1,2,3,6,23,46,69,138
H 2833 6 161 2 966 1,2,21,23,42,46,483,966
H 2835 6 161 2 966 1,6,14,21,23,138,322,483
H 2836 6 161 4 966 1,2,7,14,23,46,161,322
H 2837 6 161 2 966 1,6,7,23,42,138,161,966
H 2843 6 163 2 978 1,2,489,978
U 2856 6 169 3 1014 1,6,169,1014
H 2870 6 173 2 1038 1,2,3,6,173,346,519,1038
U 2908 6 175 3 1050 1,2,3,6,175,350,525,1050
U 2909 6 175 3 1050 1,2,21,25,42,50,525,1050
U 2914 6 175 3 1050 1,6,14,21,50,75,175,1050
H 2916 6 175 2 1050 1,2,7,14,75,150,525,1050
U 2917 6 175 3 1050 1,3,7,21,50,150,350,1050
U 2920 6 175 3 1050 1,6,7,25,42,150,175,1050
H 2931 6 181 2 1086 1,6,181,1086
H 2975 6 185 2 1110 1,2,3,6,185,370,555,1110
U 2977 6 185 3 1110 1,2,15,30,111,185,222,370
U 2980 6 185 3 1110 1,5,6,30,74,111,370,555
H 2984 6 185 2 1110 1,3,10,30,37,111,370,1110
U 2985 6 185 3 1110 1,6,10,15,37,222,370,555
U 2986 6 185 3 1110 1,2,5,10,37,74,185,370
U 2996 6 187 7 1122 1,66,102,187
U 3024 6 187 3 1122 1,3,11,17,33,51,187,561
U 3027 6 187 3 1122 1,2,11,22,51,102,561,1122
U 3028 6 187 3 1122 1,2,33,51,66,102,187,374
U 3030 6 187 3 1122 1,3,22,34,66,102,187,561
U 3031 6 187 3 1122 1,6,11,34,51,66,374,561
U 3032 6 187 3 1122 1,6,22,33,34,51,187,1122
H 3034 6 187 2 1122 1,2,17,33,34,66,561,1122
U 3038 6 187 3 1122 1,6,11,17,66,102,187,1122
U 3044 6 191 3 1146 1,2,573,1146
U 3045 6 191 3 1146 1,3,382,1146
U 3052 6 193 3 1158 1,2,579,1158
H 3063 6 197 2 1182 1,2,3,6,197,394,591,1182
H 3071 6 199 2 1194 1,2,3,6,199,398,597,1194
H 3107 6 203 5 1218 1,3,7,21,29,87,203,609
H 3108 6 203 5 1218 1,2,3,6,7,14,21,42
H 3110 6 203 2 1218 1,2,7,14,87,174,609,1218
H 3111 6 203 2 1218 1,2,21,42,87,174,203,406
H 3113 6 203 3 1218 1,3,14,42,58,174,203,609
H 3114 6 203 2 1218 1,6,7,42,58,87,406,609
H 3115 6 203 4 1218 1,6,14,21,58,87,203,1218
H 3116 6 203 4 1218 1,2,3,6,29,58,87,174
H 3117 6 203 3 1218 1,2,21,29,42,58,609,1218
H 3118 6 203 2 1218 1,3,14,29,42,87,406,1218
H 3120 6 203 4 1218 1,2,7,14,29,58,203,406
H 3121 6 203 2 1218 1,6,7,29,42,174,203,1218
H 3126 6 205 2 1230 1,2,5,10,123,246,615,1230
U 3128 6 205 3 1230 1,3,5,15,82,246,410,1230
H 3137 6 205 2 1230 1,5,6,30,41,205,246,1230
U 3177 6 209 3 1254 1,2,11,22,57,114,627,1254
U 3179 6 209 3 1254 1,3,11,33,38,114,418,1254
U 3182 6 209 3 1254 1,6,22,33,38,57,209,1254
U 3184 6 209 3 1254 1,2,19,33,38,66,627,1254
H 3185 6 209 2 1254 1,3,19,22,57,66,418,1254
U 3202 6 215 3 1290 1,2,15,30,129,215,258,430
H 3205 6 215 2 1290 1,5,6,30,86,129,430,645
H 3209 6 215 2 1290 1,3,10,30,43,129,430,1290
U 3214 6 217 3 1302 1,3,7,21,31,93,217,651
H 3216 6 217 2 1302 1,2,3,6,217,434,651,1302
U 3220 6 217 3 1302 1,3,14,42,62,186,217,651
U 3222 6 217 3 1302 1,6,14,21,62,93,217,1302
U 3224 6 217 3 1302 1,2,21,31,42,62,651,1302
U 3228 6 217 3 1302 1,6,7,31,42,186,217,1302
H 3232 6 221 2 1326 1,2,3,6,221,442,663,1326
H 3233 6 221 2 1326 1,2,13,26,51,102,663,1326
H 3235 6 221 2 1326 1,3,13,34,39,102,442,1326
U 3240 6 221 3 1326 1,2,17,34,39,78,663,1326
H 3241 6 221 2 1326 1,3,17,26,51,78,442,1326
U 3244 6 221 3 1326 1,6,13,17,78,102,221,1326
U 3263 6 229 4 1374 1,6,229,1374
H 3269 6 229 2 1374 1,2,3,6,229,458,687,1374
H 3277 6 233 2 1398 1,2,3,6,233,466,699,1398
H 3278 6 235 4 1410 1,3,5,15,47,141,235,705
H 3279 6 235 6 1410 1,2,3,5,6,10,15,30
H 3280 6 235 3 1410 1,2,3,6,235,470,705,1410
H 3281 6 235 2 1410 1,2,5,10,141,282,705,1410
H 3282 6 235 5 1410 1,2,15,30,141,235,282,470
H 3283 6 235 3 1410 1,3,5,15,94,282,470,1410
H 3284 6 235 2 1410 1,3,10,30,94,235,282,705
H 3285 6 235 2 1410 1,5,6,30,94,141,470,705
H 3287 6 235 4 1410 1,2,3,6,47,94,141,282
H 3289 6 235 3 1410 1,3,10,30,47,141,470,1410
H 3290 6 235 5 1410 1,6,10,15,47,282,470,705
H 3291 6 235 4 1410 1,2,5,10,47,94,235,470
H 3292 6 235 4 1410 1,5,6,30,47,235,282,1410
H 3301 6 239 2 1434 1,2,3,6,239,478,717,1434
U 3308 6 245 3 1470 1,3,5,15,98,294,490,1470
U 3315 6 245 3 1470 1,6,10,15,49,294,490,735
H 3322 6 247 2 1482 1,2,13,26,57,114,741,1482
U 3329 6 247 3 1482 1,2,19,38,39,78,741,1482
H 3335 6 251 2 1506 1,2,3,6,251,502,753,1506
U 3341 6 253 3 1518 1,3,11,33,46,138,506,1518
U 3344 6 253 3 1518 1,6,22,33,46,69,253,1518
U 3346 6 253 3 1518 1,2,23,33,46,66,759,1518
H 3352 6 257 2 1542 1,2,3,6,257,514,771,1542
U 3356 6 259 3 1554 1,2,7,14,111,222,777,1554
U 3358 6 259 3 1554 1,3,7,21,74,222,518,1554
U 3367 6 259 3 1554 1,6,7,37,42,222,259,1554
H 3369 6 263 2 1578 1,2,3,6,263,526,789,1578
H 3378 6 265 2 1590 1,6,10,15,106,159,265,1590
U 3380 6 265 3 1590 1,2,15,30,53,106,795,1590
U 3390 6 275 3 1650 1,2,3,6,275,550,825,1650
H 3405 6 281 2 1686 1,2,3,6,281,562,843,1686
U 3409 6 287 3 1722 1,2,3,6,287,574,861,1722
U 3417 6 287 3 1722 1,2,21,41,42,82,861,1722
U 3423 6 289 3 1734 1,2,3,6,289,578,867,1734
H 3428 6 295 2 1770 1,2,5,10,177,354,885,1770
U 3448 6 299 5 1794 1,6,13,46,69,78,598,897
H 3456 6 299 2 1794 1,2,3,6,13,23,26,39,46,69,78,138,299,598,897,1794
U 3468 6 301 3 1806 1,3,14,42,43,129,602,1806
U 3501 6 319 4 1914 1,6,22,33,58,87,319,1914
U 3503 6 319 4 1914 1,2,29,33,58,66,957,1914
U 3504 6 319 5 1914 1,3,22,29,66,87,638,1914
H 3508 6 319 2 1914 1,2,3,6,11,22,29,33,58,66,87,174,319,638,957,1914
U 3521 6 323 3 1938 1,6,19,34,51,114,646,969
U 3527 6 325 6 1950 1,2,3,6,325,650,975,1950
U 3533 6 325 6 1950 1,6,26,39,50,75,325,1950
U 3539 6 325 6 1950 1,6,13,25,78,150,325,1950
U 3540 6 325 3 1950 1,2,3,6,13,25,26,39,50,75,78,150,325,650,975,1950
U 3543 6 329 5 1974 1,2,3,6,329,658,987,1974
U 3548 6 329 5 1974 1,6,7,42,94,141,658,987
U 3549 6 329 5 1974 1,6,14,21,94,141,329,1974
H 3556 6 329 2 1974 1,2,3,6,7,14,21,42,47,94,141,282,329,658,987,1974
U 3565 6 335 5 2010 1,5,6,30,134,201,670,1005
U 3569 6 335 4 2010 1,3,10,30,67,201,670,2010
H 3573 6 335 2 2010 1,2,3,5,6,10,15,30,67,134,201,335,402,670,1005,2010
U 3580 6 341 4 2046 1,3,11,33,62,186,682,2046
U 3587 6 341 5 2046 1,6,22,31,33,186,682,1023
H 3590 6 341 2 2046 1,2,3,6,11,22,31,33,62,66,93,186,341,682,1023,2046
U 3598 6 355 4 2130 1,2,5,10,213,426,1065,2130
U 3600 6 355 5 2130 1,3,5,15,142,426,710,2130
U 3601 6 355 5 2130 1,3,10,30,142,355,426,1065
U 3609 6 355 4 2130 1,5,6,30,71,355,426,2130
H 3610 6 355 2 2130 1,2,3,5,6,10,15,30,71,142,213,355,426,710,1065,2130
H 3645 6 371 2 2226 1,2,3,6,7,14,21,42,53,106,159,318,371,742,1113,2226
U 3658 6 377 5 2262 1,3,26,29,78,87,754,2262
H 3662 6 377 2 2262 1,2,3,6,13,26,29,39,58,78,87,174,377,754,1131,2262
U 3663 6 379 3 2274 1,2,3,6,379,758,1137,2274
U 3673 6 385 3 2310 1,2,3,5,6,10,15,30,77,154,231,385,462,770,1155,2310
U 3677 6 385 3 2310 1,2,5,10,21,33,42,66,77,105,154,165,210,330,385,770
U 3679 6 385 3 2310 1,2,15,21,30,33,35,42,55,66,70,77,110,154,1155,2310
U 3680 6 385 3 2310 1,3,5,7,15,21,22,35,66,105,110,154,330,462,770,2310
U 3682 6 385 3 2310 1,3,7,10,21,22,30,55,66,70,154,165,210,385,462,1155
U 3686 6 385 3 2310 1,6,7,10,15,22,33,42,55,70,105,154,231,330,385,2310
U 3689 6 385 3 2310 1,2,3,6,11,22,33,35,66,70,105,210,385,770,1155,2310
U 3694 6 385 3 2310 1,5,6,11,14,21,30,55,66,70,105,154,231,330,770,1155
H 3695 6 385 2 2310 1,6,10,11,14,15,21,35,66,110,154,165,210,231,385,2310
H 3713 6 391 2 2346 1,2,3,6,17,23,34,46,51,69,102,138,391,782,1173,2346
H 3729 6 395 2 2370 1,2,3,5,6,10,15,30,79,158,237,395,474,790,1185,2370
U 3735 6 403 4 2418 1,2,13,26,93,186,1209,2418
H 3747 6 403 2 2418 1,2,3,6,13,26,31,39,62,78,93,186,403,806,1209,2418
H 3763 6 407 2 2442 1,2,3,6,11,22,33,37,66,74,111,222,407,814,1221,2442
U 3780 6 413 3 2478 1,2,3,6,7,14,21,42,59,118,177,354,413,826,1239,2478
H 3781 6 415 2 2490 1,2,3,5,6,10,15,30,83,166,249,415,498,830,1245,2490
H 3803 6 437 2 2622 1,2,3,6,19,23,38,46,57,69,114,138,437,874,1311,2622
U 3806 6 445 3 2670 1,2,3,5,6,10,15,30,89,178,267,445,534,890,1335,2670
U 3812 6 455 3 2730 1,6,7,10,13,15,42,70,78,91,105,130,195,546,910,1365
U 3817 6 455 3 2730 1,2,3,5,6,10,15,30,91,182,273,455,546,910,1365,2730
U 3824 6 455 3 2730 1,3,5,7,15,21,26,35,78,105,130,182,390,546,910,2730
U 3831 6 455 3 2730 1,6,10,14,15,21,26,35,39,65,91,210,390,546,910,1365
H 3845 6 469 2 2814 1,2,3,6,7,14,21,42,67,134,201,402,469,938,1407,2814
H 3846 6 473 2 2838 1,2,3,6,11,22,33,43,66,86,129,258,473,946,1419,2838
U 3847 6 475 4 2850 1,2,3,6,19,25,38,50,57,75,114,150,475,950,1425,2850
H 3849 6 481 2 2886 1,2,3,6,13,26,37,39,74,78,111,222,481,962,1443,2886
U 3850 6 485 4 2910 1,2,3,5,6,10,15,30,97,194,291,485,582,970,1455,2910
H 3852 6 497 2 2982 1,2,3,6,7,14,21,42,71,142,213,426,497,994,1491,2982
H 3857 6 527 2 3162 1,2,3,6,17,31,34,51,62,93,102,186,527,1054,1581,3162
U 3859 6 535 4 3210 1,2,3,5,6,10,15,30,107,214,321,535,642,1070,1605,3210
U 3865 6 565 4 3390 1,2,3,5,6,10,15,30,113,226,339,565,678,1130,1695,3390
U 3866 6 575 4 3450 1,2,3,6,23,25,46,50,69,75,138,150,575,1150,1725,3450
U 3885 6 595 5 3570 1,3,5,7,15,21,34,35,102,105,170,238,510,714,1190,3570
U 3887 6 595 5 3570 1,3,7,10,21,30,34,70,85,102,210,238,255,595,714,1785
U 3890 6 595 5 3570 1,5,6,14,21,30,34,51,70,105,119,170,255,595,714,3570
U 3892 6 595 5 3570 1,6,10,14,15,21,34,35,51,85,119,210,510,714,1190,1785
U 3895 6 595 5 3570 1,2,5,10,17,21,34,42,85,105,170,210,357,714,1785,3570
U 3896 6 595 5 3570 1,2,15,17,21,30,34,35,42,70,255,357,510,595,714,1190
H 3901 6 595 2 3570 1,2,3,5,6,7,10,14,15,17,21,30,34,35,42,51,70,85,102,105,119,170,210,238,255,357,510,595,714,1190,1785,3570
U 3902 6 605 4 3630 1,2,3,5,6,10,15,30,121,242,363,605,726,1210,1815,3630
U 3904 6 623 4 3738 1,2,3,6,7,14,21,42,89,178,267,534,623,1246,1869,3738
U 3908 6 649 3 3894 1,2,3,6,11,22,33,59,66,118,177,354,649,1298,1947,3894
U 3909 6 655 5 3930 1,2,3,5,6,10,15,30,131,262,393,655,786,1310,1965,3930
U 3912 6 665 5 3990 1,3,7,10,19,21,30,57,70,133,190,210,399,570,1330,3990
U 3919 6 665 5 3990 1,2,3,6,7,14,21,42,95,190,285,570,665,1330,1995,3990
H 3941 6 665 2 3990 1,2,3,5,6,7,10,14,15,19,21,30,35,38,42,57,70,95,105,114,133,190,210,266,285,399,570,665,798,1330,1995,3990
H 3952 6 715 2 4290 1,2,3,5,6,10,11,13,15,22,26,30,33,39,55,65,66,78,110,130,143,165,195,286,330,390,429,715,858,1430,2145,4290
U 3954 6 725 6 4350 1,2,3,6,25,29,50,58,75,87,150,174,725,1450,2175,4350
U 3957 6 745 5 4470 1,2,3,5,6,10,15,30,149,298,447,745,894,1490,2235,4470
U 3969 6 803 5 4818 1,2,3,6,11,22,33,66,73,146,219,438,803,1606,2409,4818
U 3970 6 805 4 4830 1,2,3,5,6,7,10,14,15,21,23,30,35,42,46,69,70,105,115,138,161,210,230,322,345,483,690,805,966,1610,2415,4830
U 3977 6 935 4 5610 1,2,3,5,6,10,11,15,17,22,30,33,34,51,55,66,85,102,110,165,170,187,255,330,374,510,561,935,1122,1870,2805,5610
U 3979 6 1015 4 6090 1,2,3,5,6,7,10,14,15,21,29,30,35,42,58,70,87,105,145,174,203,210,290,406,435,609,870,1015,1218,2030,3045,6090
U 3980 6 1045 5 6270 1,2,3,5,6,10,11,15,19,22,30,33,38,55,57,66,95,110,114,165,190,209,285,330,418,570,627,1045,1254,2090,3135,6270
U 3981 6 1085 5 6510 1,2,3,5,6,7,10,14,15,21,30,31,35,42,62,70,93,105,155,186,210,217,310,434,465,651,930,1085,1302,2170,3255,6510
U 3982 6 1105 4 6630 1,2,3,5,6,10,13,15,17,26,30,34,39,51,65,78,85,102,130,170,195,221,255,390,442,510,663,1105,1326,2210,3315,6630
U 3983 6 1235 5 7410 1,2,3,5,6,10,13,15,19,26,30,38,39,57,65,78,95,114,130,190,195,247,285,390,494,570,741,1235,1482,2470,3705,7410
U 3984 6 1265 6 7590 1,2,3,5,6,10,11,15,22,23,30,33,46,55,66,69,110,115,138,165,230,253,330,345,506,690,759,1265,1518,2530,3795,7590
U 3985 6 1295 5 7770 1,2,3,5,6,7,10,14,15,21,30,35,37,42,70,74,105,111,185,210,222,259,370,518,555,777,1110,1295,1554,2590,3885,7770
H 4026 10 9 2 90 1,2
H 4028 10 9 2 90 1,18
H 4030 10 9 3 90 1,9
H 4031 10 9 2 90 1,45
H 4032 10 9 2 90 1,5
H 4041 10 11 5 110 1
H 4042 10 11 2 110 1,2
H 4043 10 11 2 110 1,22
H 4044 10 11 2 110 1,10
H 4046 10 11 3 110 1,5
H 4047 10 11 3 110 1,55
H 4048 10 11 3 110 1,11
H 4051 10 11 2 110 1,5,11,55
H 4057 10 13 3 130 1
H 4058 10 13 2 130 1,2
H 4059 10 13 2 130 1,26
H 4062 10 13 2 130 1,5
H 4074 10 17 3 170 1,2
H 4076 10 17 4 170 1,10
H 4079 10 17 3 170 1,85
H 4080 10 17 2 170 1,17
H 4084 10 17 2 170 1,2,5,10
H 4087 10 17 2 170 1,10,34,85
H 4089 10 19 5 190 1
H 4090 10 19 2 190 1,2
H 4092 10 19 2 190 1,10
H 4093 10 19 2 190 1,190
H 4094 10 19 3 190 1,5
H 4095 10 19 3 190 1,95
H 4096 10 19 3 190 1,19
H 4099 10 19 2 190 1,5,19,95
H 4110 10 21 3 210 1,42
H 4112 10 21 3 210 1,210
H 4113 10 21 3 210 1,3
H 4116 10 21 3 210 1,105
H 4117 10 21 3 210 1,5
H 4118 10 21 3 210 1,35
H 4120 10 21 2 210 1,2,5,10
H 4121 10 21 2 210 1,2,35,70
H 4122 10 21 2 210 1,5,14,70
H 4123 10 21 2 210 1,10,14,35
H 4124 10 21 2 210 1,5,6,30
U 4128 10 21 3 210 1,2,7,14
U 4129 10 21 3 210 1,7,10,70
H 4130 10 21 2 210 1,6,7,42
H 4131 10 21 2 210 1,7,30,210
H 4132 10 21 2 210 1,3,7,21
H 4133 10 21 2 210 1,7,15,105
H 4137 10 21 2 210 1,15,21,35
H 4138 10 21 2 210 1,2,3,6
H 4139 10 21 2 210 1,2,21,42
U 4140 10 21 3 210 1,2,15,30
U 4143 10 21 3 210 1,6,14,21
H 4144 10 21 2 210 1,14,15,210
H 4145 10 21 2 210 1,14,30,105
H 4146 10 21 2 210 1,3,10,30
H 4147 10 21 2 210 1,10,21,210
U 4148 10 21 3 210 1,6,10,15
U 4151 10 21 3 210 1,21,30,70
H 4152 10 21 2 210 1,15,42,70
H 4153 10 21 2 210 1,6,70,105
H 4171 10 23 9 230 1
H 4172 10 23 5 230 1,2
H 4173 10 23 5 230 1,46
H 4174 10 23 4 230 1,10
H 4176 10 23 4 230 1,5
H 4177 10 23 4 230 1,115
H 4178 10 23 5 230 1,23
H 4179 10 23 3 230 1,2,23,46
H 4181 10 23 2 230 1,5,23,115
H 4182 10 23 2 230 1,2,5,10
H 4185 10 23 2 230 1,10,46,115
U 4190 10 27 4 270 1,270
H 4195 10 27 2 270 1,5,54,270
H 4198 10 27 2 270 1,2,135,270
H 4199 10 27 2 270 1,10,27,270
H 4203 10 29 6 290 1,2
H 4204 10 29 5 290 1,58
H 4207 10 29 5 290 1,5
H 4208 10 29 4 290 1,145
H 4210 10 29 3 290 1,2,29,58
H 4212 10 29 2 290 1,5,29,145
H 4213 10 29 3 290 1,2,5,10
H 4216 10 29 2 290 1,10,58,145
H 4220 10 31 5 310 1,10
H 4221 10 31 3 310 1,310
H 4222 10 31 5 310 1,5
H 4223 10 31 3 310 1,155
H 4226 10 31 2 310 1,10,31,310
H 4227 10 31 2 310 1,5,31,155
H 4228 10 31 3 310 1,2,5,10
H 4236 10 33 3 330 1,110
H 4239 10 33 7 330 1,30
H 4242 10 33 7 330 1,33
H 4250 10 33 2 330 1,5,22,110
H 4252 10 33 4 330 1,5,6,30
H 4253 10 33 4 330 1,6,55,330
H 4255 10 33 4 330 1,30,55,66
H 4257 10 33 2 330 1,10,11,110
H 4259 10 33 3 330 1,11,30,330
H 4260 10 33 4 330 1,3,11,33
H 4263 10 33 4 330 1,3,55,165
H 4264 10 33 3 330 1,5,33,165
H 4265 10 33 4 330 1,15,33,55
H 4266 10 33 4 330 1,2,3,6
H 4267 10 33 3 330 1,2,33,66
H 4268 10 33 3 330 1,2,15,30
H 4269 10 33 2 330 1,2,165,330
H 4271 10 33 4 330 1,6,22,33
H 4273 10 33 3 330 1,22,30,165
H 4274 10 33 4 330 1,3,10,30
H 4275 10 33 3 330 1,10,33,330
H 4280 10 33 2 330 1,15,66,110
H 4283 10 33 2 330 1,3,5,11,15,33,55,165
H 4284 10 33 2 330 1,2,3,5,6,10,15,30
H 4289 10 33 2 330 1,3,10,22,30,55,66,165
H 4291 10 33 2 330 1,6,10,15,22,33,55,330
H 4292 10 33 2 330 1,2,3,6,11,22,33,66
H 4297 10 33 2 330 1,5,6,11,30,55,66,330
H 4299 10 37 6 370 1,2
H 4302 10 37 3 370 1,370
H 4304 10 37 2 370 1,185
H 4306 10 37 3 370 1,2,37,74
H 4309 10 37 3 370 1,2,5,10
H 4311 10 37 2 370 1,5,74,370
H 4330 10 39 3 390 1,2,65,130
H 4332 10 39 3 390 1,10,26,65
H 4333 10 39 4 390 1,5,6,30
H 4335 10 39 2 390 1,5,78,390
H 4339 10 39 4 390 1,6,13,78
H 4340 10 39 2 390 1,13,30,390
U 4346 10 39 3 390 1,15,39,65
H 4347 10 39 4 390 1,2,3,6
H 4350 10 39 2 390 1,2,195,390
H 4351 10 39 3 390 1,3,26,78
H 4354 10 39 3 390 1,26,30,195
H 4355 10 39 3 390 1,3,10,30
U 4356 10 39 3 390 1,10,39,390
H 4358 10 39 3 390 1,10,78,195
H 4359 10 39 2 390 1,3,130,390
H 4362 10 39 4 390 1,6,130,195
H 4363 10 39 3 390 1,5,13,65
H 4365 10 39 2 390 1,2,3,5,6,10,15,30
H 4371 10 39 2 390 1,5,6,26,30,39,130,195
H 4373 10 39 2 390 1,2,3,6,13,26,39,78
H 4376 10 39 2 390 1,6,10,13,15,78,130,195
H 4377 10 39 2 390 1,2,5,10,13,26,65,130
H 4387 10 41 3 410 1,2,41,82
H 4388 10 41 2 410 1,10,41,410
H 4389 10 41 3 410 1,5,41,205
H 4390 10 41 3 410 1,2,5,10
H 4393 10 41 2 410 1,10,82,205
H 4403 10 43 2 430 1,10,43,430
H 4406 10 43 2 430 1,2,215,430
H 4407 10 43 2 430 1,5,86,430
H 4418 10 47 2 470 1,10,47,470
H 4421 10 47 2 470 1,2,235,470
H 4422 10 47 2 470 1,5,94,470
H 4432 10 49 3 490 1,2,49,98
H 4433 10 49 3 490 1,10,49,490
H 4434 10 49 3 490 1,5,49,245
H 4435 10 49 4 490 1,2,5,10
H 4436 10 49 2 490 1,2,245,490
U 4441 10 51 3 510 1,2,85,170
H 4449 10 51 2 510 1,10,17,170
H 4451 10 51 2 510 1,17,30,510
H 4452 10 51 5 510 1,3,17,51
H 4466 10 51 6 510 1,3,10,30
H 4467 10 51 5 510 1,10,51,510
H 4470 10 51 2 510 1,3,170,510
H 4471 10 51 3 510 1,30,51,170
U 4472 10 51 3 510 1,15,102,170
H 4475 10 51 3 510 1,3,5,15,17,51,85,255
H 4476 10 51 3 510 1,2,3,5,6,10,15,30
H 4478 10 51 2 510 1,2,5,10,51,102,255,510
H 4481 10 51 3 510 1,3,10,30,34,85,102,255
H 4482 10 51 2 510 1,5,6,30,34,51,170,255
H 4483 10 51 3 510 1,6,10,15,34,51,85,510
H 4484 10 51 2 510 1,2,3,6,17,34,51,102
H 4493 10 53 9 530 1,10
H 4494 10 53 3 530 1,530
H 4497 10 53 7 530 1,53
H 4498 10 53 4 530 1,2,53,106
H 4500 10 53 3 530 1,5,53,265
H 4501 10 53 5 530 1,2,5,10
H 4503 10 53 2 530 1,5,106,530
H 4504 10 53 4 530 1,10,106,265
H 4514 10 57 3 570 1,2,19,38
H 4517 10 57 5 570 1,19,30,570
H 4519 10 57 5 570 1,15,19,285
H 4526 10 57 6 570 1,2,15,30
H 4527 10 57 2 570 1,2,285,570
U 4528 10 57 3 570 1,3,38,114
U 4529 10 57 3 570 1,6,38,57
H 4530 10 57 2 570 1,15,38,570
H 4531 10 57 2 570 1,30,38,285
H 4541 10 57 2 570 1,3,5,15,19,57,95,285
H 4542 10 57 3 570 1,2,3,5,6,10,15,30
H 4545 10 57 3 570 1,2,15,30,57,95,114,190
H 4552 10 57 2 570 1,3,10,19,30,57,190,570
H 4553 10 57 3 570 1,6,10,15,19,114,190,285
H 4554 10 57 2 570 1,2,5,10,19,38,95,190
H 4555 10 57 3 570 1,5,6,19,30,95,114,570
H 4569 10 59 2 590 1,5,118,590
H 4572 10 61 3 610 1,2,61,122
H 4573 10 61 4 610 1,10,61,610
H 4574 10 61 3 610 1,5,61,305
H 4575 10 61 5 610 1,2,5,10
H 4576 10 61 2 610 1,2,305,610
H 4615 10 63 3 630 1,5,7,9,35,45,63,315
U 4617 10 63 3 630 1,2,9,18,35,70,315,630
U 4618 10 63 3 630 1,2,5,10,63,126,315,630
U 4619 10 63 3 630 1,2,35,45,63,70,90,126
U 4620 10 63 3 630 1,5,9,14,45,70,126,630
U 4621 10 63 3 630 1,9,10,14,35,90,126,315
U 4622 10 63 3 630 1,5,14,18,63,70,90,315
U 4623 10 63 3 630 1,10,14,18,35,45,63,630
H 4625 10 63 2 630 1,2,7,14,45,90,315,630
H 4626 10 63 3 630 1,7,9,10,63,70,90,630
H 4629 10 63 2 630 1,5,7,18,35,90,126,630
H 4638 10 67 2 670 1,2,5,10,67,134,335,670
H 4641 10 69 3 690 1,5,46,230
H 4645 10 69 4 690 1,5,138,690
H 4653 10 69 8 690 1,3,5,15
H 4661 10 69 7 690 1,3,46,138
H 4663 10 69 7 690 1,15,46,690
H 4669 10 69 2 690 1,3,230,690
H 4671 10 69 2 690 1,15,138,230
U 4672 10 69 3 690 1,6,230,345
H 4674 10 69 4 690 1,3,5,15,23,69,115,345
H 4675 10 69 4 690 1,2,3,5,6,10,15,30
H 4677 10 69 2 690 1,2,5,10,69,138,345,690
H 4680 10 69 3 690 1,3,10,30,46,115,138,345
H 4682 10 69 4 690 1,6,10,15,46,69,115,690
H 4683 10 69 4 690 1,2,3,6,23,46,69,138
H 4684 10 69 3 690 1,2,15,23,30,46,345,690
H 4687 10 69 2 690 1,2,5,10,23,46,115,230
H 4688 10 69 2 690 1,5,6,23,30,115,138,690
U 4691 10 71 3 710 1,10,71,710
H 4694 10 71 2 710 1,2,355,710
H 4695 10 71 2 710 1,5,142,710
H 4702 10 73 2 730 1,2,365,730
H 4710 10 77 8 770 1,7,10,70
H 4711 10 77 2 770 1,10,77,770
H 4712 10 77 2 770 1,7,110,770
H 4713 10 77 4 770 1,70,77,110
H 4716 10 77 5 770 1,10,11,110
H 4717 10 77 5 770 1,11,70,770
H 4740 10 77 7 770 1,7,11,77
H 4741 10 77 3 770 1,5,7,11,35,55,77,385
H 4742 10 77 4 770 1,2,5,7,10,14,35,70
H 4745 10 77 2 770 1,2,35,55,70,77,110,154
H 4747 10 77 2 770 1,5,14,22,70,77,110,385
H 4748 10 77 4 770 1,7,10,22,55,70,154,385
H 4750 10 77 3 770 1,2,5,10,11,22,55,110
H 4751 10 77 2 770 1,2,11,22,35,70,385,770
H 4752 10 77 3 770 1,5,11,14,55,70,154,770
H 4753 10 77 2 770 1,10,11,14,35,110,154,385
H 4754 10 77 4 770 1,2,7,11,14,22,77,154
U 4762 10 79 3 790 1,5,158,790
U 4763 10 79 3 790 1,10,158,395
H 4772 10 81 2 810 1,2,5,10,81,162,405,810
H 4780 10 83 2 830 1,2,5,10,83,166,415,830
U 4783 10 87 5 870 1,5,58,290
U 4812 10 87 5 870 1,30,87,290
H 4818 10 87 2 870 1,2,3,6,145,290,435,870
U 4820 10 87 3 870 1,2,15,30,87,145,174,290
H 4821 10 87 2 870 1,3,5,15,58,174,290,870
H 4823 10 87 2 870 1,5,6,30,58,87,290,435
H 4827 10 87 2 870 1,3,10,29,30,87,290,870
U 4829 10 87 3 870 1,2,5,10,29,58,145,290
H 4877 10 91 2 910 1,2,5,10,91,182,455,910
U 4879 10 91 3 910 1,2,35,65,70,91,130,182
H 4880 10 91 2 910 1,5,7,26,35,130,182,910
U 4882 10 91 3 910 1,7,10,26,65,70,182,455
H 4886 10 91 2 910 1,5,13,14,65,70,182,910
H 4887 10 91 2 910 1,10,13,14,35,130,182,455
H 4891 10 93 3 930 1,3,5,15,31,93,155,465
H 4892 10 93 5 930 1,2,3,5,6,10,15,30
H 4893 10 93 2 930 1,2,3,6,155,310,465,930
H 4894 10 93 3 930 1,2,5,10,93,186,465,930
H 4895 10 93 4 930 1,2,15,30,93,155,186,310
H 4896 10 93 2 930 1,3,5,15,62,186,310,930
H 4898 10 93 2 930 1,5,6,30,62,93,310,465
H 4900 10 93 3 930 1,2,3,6,31,62,93,186
H 4902 10 93 3 930 1,3,10,30,31,93,310,930
H 4903 10 93 5 930 1,6,10,15,31,186,310,465
H 4904 10 93 3 930 1,2,5,10,31,62,155,310
H 4905 10 93 3 930 1,5,6,30,31,155,186,930
H 4914 10 97 2 970 1,2,5,10,97,194,485,970
H 4917 10 99 3 990 1,2,9,18,55,110,495,990
U 4926 10 99 3 990 1,9,10,11,90,99,110,990
H 4938 10 101 2 1010 1,2,5,10,101,202,505,1010
H 4954 10 107 2 1070 1,2,5,10,107,214,535,1070
U 4967 10 111 3 1110 1,2,15,30,111,185,222,370
H 4969 10 111 2 1110 1,3,10,30,74,185,222,555
H 4977 10 111 2 1110 1,5,6,30,37,185,222,1110
U 4990 10 117 5 1170 1,2,5,10,117,234,585,1170
U 4991 10 117 5 1170 1,2,45,65,90,117,130,234
U 4994 10 117 5 1170 1,5,18,26,90,117,130,585
U 4995 10 117 5 1170 1,10,18,26,45,65,117,1170
U 4997 10 117 5 1170 1,2,13,26,45,90,585,1170
H 4998 10 117 5 1170 1,9,10,13,90,117,130,1170
U 5001 10 117 5 1170 1,5,13,18,65,90,234,1170
H 5002 10 117 2 1170 1,2,5,9,10,13,18,26,45,65,90,117,130,234,585,1170
H 5013 10 119 2 1190 1,2,17,34,35,70,595,1190
H 5014 10 119 2 1190 1,5,14,17,70,85,238,1190
U 5017 10 119 3 1190 1,7,10,17,70,119,170,1190
H 5019 10 121 2 1210 1,2,5,10,121,242,605,1210
U 5023 10 123 5 1230 1,2,5,10,123,246,615,1230
U 5031 10 123 4 1230 1,3,10,30,41,123,410,1230
H 5035 10 123 2 1230 1,2,3,5,6,10,15,30,41,82,123,205,246,410,615,1230
H 5052 10 129 2 1290 1,2,3,5,6,10,15,30,43,86,129,215,258,430,645,1290
H 5064 10 133 2 1330 1,2,19,35,38,70,665,1330
H 5070 10 137 2 1370 1,2,5,10,137,274,685,1370
U 5102 10 143 5 1430 1,10,11,13,110,130,143,1430
H 5103 10 143 2 1430 1,2,5,10,11,13,22,26,55,65,110,130,143,286,715,1430
U 5112 10 147 4 1470 1,6,10,15,98,147,245,1470
H 5119 10 147 2 1470 1,2,3,5,6,10,15,30,49,98,147,245,294,490,735,1470
R 5124 10 153 5 1530 1,2,9,18,85,170,765,1530
U 5133 10 153 5 1530 1,9,10,17,90,153,170,1530
H 5137 10 153 2 1530 1,2,5,9,10,17,18,34,45,85,90,153,170,306,765,1530
U 5151 10 159 3 1590 1,6,10,15,53,318,530,795
U 5179 10 171 7 1710 1,5,9,38,45,190,342,1710
U 5180 10 171 7 1710 1,9,10,38,90,95,342,855
U 5189 10 171 3 1710 1,2,5,9,10,18,19,38,45,90,95,171,190,342,855,1710
H 5206 10 177 2 1770 1,2,3,5,6,10,15,30,59,118,177,295,354,590,885,1770
H 5209 10 183 2 1830 1,2,3,5,6,10,15,30,61,122,183,305,366,610,915,1830
U 5226 10 189 4 1890 1,2,5,7,10,14,27,35,54,70,135,189,270,378,945,1890
H 5247 10 203 2 2030 1,2,5,7,10,14,29,35,58,70,145,203,290,406,1015,2030
U 5248 10 207 3 2070 1,2,5,9,10,18,23,45,46,90,115,207,230,414,1035,2070
H 5264 10 209 2 2090 1,2,5,10,11,19,22,38,55,95,110,190,209,418,1045,2090
H 5269 10 221 2 2210 1,2,5,10,13,17,26,34,65,85,130,170,221,442,1105,2210
U 5275 10 231 3 2310 1,3,7,10,11,21,30,33,70,77,110,210,231,330,770,2310
U 5309 10 249 3 2490 1,2,3,5,6,10,15,30,83,166,249,415,498,830,1245,2490
U 5313 10 267 5 2670 1,2,3,5,6,10,15,30,89,178,267,445,534,890,1335,2670
U 5324 10 273 5 2730 1,2,3,6,35,65,70,91,105,130,182,195,210,273,390,546
U 5329 10 273 5 2730 1,3,5,7,15,21,26,35,78,105,130,182,390,546,910,2730
U 5335 10 273 5 2730 1,6,7,10,15,26,39,42,65,70,105,182,273,390,455,2730
U 5342 10 273 5 2730 1,3,10,13,14,30,35,39,42,105,130,182,390,455,546,1365
H 5345 10 273 2 2730 1,2,3,5,6,7,10,13,14,15,21,26,30,35,39,42,65,70,78,91,105,130,182,195,210,273,390,455,546,910,1365,2730
U 5346 10 279 5 2790 1,2,5,9,10,18,31,45,62,90,155,279,310,558,1395,2790
U 5349 10 297 6 2970 1,2,5,10,11,22,27,54,55,110,135,270,297,594,1485,2970
U 5355 10 321 4 3210 1,2,3,5,6,10,15,30,107,214,321,535,642,1070,1605,3210
U 5359 10 333 6 3330 1,2,5,9,10,18,37,45,74,90,185,333,370,666,1665,3330
U 5366 10 399 3 3990 1,2,3,5,6,7,10,14,15,19,21,30,35,38,42,57,70,95,105,114,133,190,210,266,285,399,570,665,798,1330,1995,3990
U 5370 10 429 4 4290 1,2,3,5,6,10,11,13,15,22,26,30,33,39,55,65,66,78,110,130,143,165,195,286,330,390,429,715,858,1430,2145,4290
U 5372 10 483 5 4830 1,2,3,5,6,7,10,14,15,21,23,30,35,42,46,69,70,105,115,138,161,210,230,322,345,483,690,805,966,1610,2415,4830
U 5374 10 609 5 6090 1,2,3,5,6,7,10,14,15,21,29,30,35,42,58,70,87,105,145,174,203,210,290,406,435,609,870,1015,1218,2030,3045,6090
U 5375 10 627 6 6270 1,2,3,5,6,10,11,15,19,22,30,33,38,55,57,66,95,110,114,165,190,209,285,330,418,570,627,1045,1254,2090,3135,6270
H 5381 14 3 3 42 1
H 5384 14 3 2 42 1,6
H 5386 14 3 2 42 1,3
H 5388 14 3 2 42 1,7
H 5397 14 5 3 70 1
H 5400 14 5 2 70 1,10
H 5402 14 5 2 70 1,5
H 5404 14 5 2 70 1,7
H 5415 14 9 2 126 1,14
H 5417 14 9 2 126 1,126
H 5418 14 9 3 126 1,9
H 5423 14 9 2 126 1,7,9,63
H 5430 14 11 3 154 1,2
H 5433 14 11 2 154 1,154
H 5435 14 11 2 154 1,77
H 5440 14 11 2 154 1,2,7,14
H 5446 14 13 3 182 1,2
H 5448 14 13 2 182 1,14
H 5451 14 13 3 182 1,91
H 5452 14 13 4 182 1,13
H 5453 14 13 2 182 1,2,13,26
H 5455 14 13 2 182 1,7,13,91
H 5462 14 15 3 210 1,14
H 5467 14 15 5 210 1,30
H 5472 14 15 5 210 1,105
U 5477 14 15 3 210 1,2,35,70
H 5478 14 15 2 210 1,5,14,70
H 5480 14 15 3 210 1,5,6,30
H 5481 14 15 2 210 1,6,35,210
H 5483 14 15 2 210 1,30,35,42
H 5484 14 15 2 210 1,2,7,14
H 5487 14 15 2 210 1,7,30,210
U 5488 14 15 3 210 1,3,7,21
H 5489 14 15 3 210 1,7,15,105
H 5491 14 15 2 210 1,3,35,105
H 5492 14 15 2 210 1,5,21,105
H 5493 14 15 2 210 1,15,21,35
U 5495 14 15 3 210 1,2,21,42
H 5496 14 15 3 210 1,2,15,30
H 5497 14 15 2 210 1,2,105,210
H 5498 14 15 2 210 1,3,14,42
H 5502 14 15 3 210 1,3,10,30
H 5503 14 15 2 210 1,10,21,210
H 5504 14 15 4 210 1,6,10,15
H 5505 14 15 3 210 1,10,42,105
U 5506 14 15 3 210 1,3,70,210
H 5507 14 15 2 210 1,21,30,70
H 5509 14 15 3 210 1,6,70,105
U 5510 14 15 3 210 1,5,7,35
H 5512 14 15 2 210 1,2,3,5,6,10,15,30
H 5523 14 15 2 210 1,6,7,10,15,42,70,105
H 5528 14 17 3 238 1,2
U 5529 14 17 5 238 1,34
H 5531 14 17 3 238 1,238
H 5535 14 17 2 238 1,2,17,34
H 5536 14 17 2 238 1,14,17,238
U 5537 14 17 3 238 1,7,17,119
H 5538 14 17 2 238 1,2,7,14
H 5540 14 17 2 238 1,7,34,238
U 5541 14 17 3 238 1,14,34,119
H 5544 14 19 5 266 1,2
H 5546 14 19 4 266 1,14
H 5549 14 19 5 266 1,133
H 5550 14 19 6 266 1,19
H 5551 14 19 3 266 1,2,19,38
H 5553 14 19 3 266 1,7,19,133
H 5554 14 19 2 266 1,2,7,14
H 5557 14 19 2 266 1,14,38,133
H 5560 14 23 5 322 1,46
H 5561 14 23 5 322 1,14
H 5564 14 23 3 322 1,161
H 5566 14 23 3 322 1,2,23,46
H 5567 14 23 2 322 1,14,23,322
H 5568 14 23 2 322 1,7,23,161
H 5569 14 23 3 322 1,2,7,14
H 5571 14 23 2 322 1,7,46,322
H 5581 14 25 3 350 1,2,7,14
H 5583 14 25 4 350 1,7,25,175
H 5584 14 25 2 350 1,2,25,50
H 5585 14 25 2 350 1,2,175,350
H 5587 14 25 2 350 1,14,50,175
H 5600 14 27 2 378 1,2,189,378
H 5611 14 29 2 406 1,2,29,58
H 5613 14 29 2 406 1,7,29,203
H 5614 14 29 4 406 1,2,7,14
H 5616 14 29 2 406 1,7,58,406
H 5617 14 29 3 406 1,14,58,203
H 5622 14 31 3 434 1,434
H 5627 14 31 2 434 1,14,31,434
H 5631 14 31 2 434 1,7,62,434
U 5635 14 33 4 462 1,2,77,154
U 5637 14 33 5 462 1,14,22,77
U 5639 14 33 4 462 1,6,77,462
U 5641 14 33 5 462 1,42,66,77
U 5642 14 33 5 462 1,2,11,22
U 5649 14 33 5 462 1,3,77,231
U 5654 14 33 5 462 1,2,21,42
U 5655 14 33 5 462 1,2,231,462
H 5669 14 33 2 462 1,3,7,11,21,33,77,231
U 5670 14 33 3 462 1,2,3,6,7,14,21,42
H 5671 14 33 2 462 1,2,3,6,77,154,231,462
U 5672 14 33 3 462 1,2,7,14,33,66,231,462
H 5673 14 33 2 462 1,2,21,33,42,66,77,154
U 5674 14 33 3 462 1,3,7,21,22,66,154,462
U 5675 14 33 3 462 1,3,14,22,42,66,77,231
H 5677 14 33 2 462 1,6,14,21,22,33,77,462
U 5678 14 33 3 462 1,2,3,6,11,22,33,66
H 5679 14 33 2 462 1,2,11,21,22,42,231,462
H 5682 14 33 2 462 1,2,7,11,14,22,77,154
H 5683 14 33 2 462 1,6,7,11,42,66,77,462
H 5692 14 37 2 518 1,2,37,74
H 5693 14 37 3 518 1,14,37,518
H 5694 14 37 4 518 1,7,37,259
H 5695 14 37 5 518 1,2,7,14
H 5696 14 37 2 518 1,2,259,518
H 5698 14 37 2 518 1,14,74,259
H 5709 14 39 3 546 1,13,14,182
H 5711 14 39 4 546 1,13,42,546
H 5712 14 39 8 546 1,3,13,39
H 5726 14 39 5 546 1,3,14,42
H 5727 14 39 3 546 1,14,39,546
H 5730 14 39 2 546 1,3,182,546
H 5731 14 39 4 546 1,39,42,182
H 5735 14 39 4 546 1,3,7,13,21,39,91,273
H 5736 14 39 3 546 1,2,3,6,7,14,21,42
H 5739 14 39 2 546 1,2,21,39,42,78,91,182
H 5741 14 39 2 546 1,3,14,26,42,78,91,273
H 5742 14 39 2 546 1,6,7,26,39,42,182,273
H 5743 14 39 2 546 1,6,14,21,26,39,91,546
H 5744 14 39 4 546 1,2,3,6,13,26,39,78
H 5745 14 39 2 546 1,2,13,21,26,42,273,546
H 5748 14 39 2 546 1,2,7,13,14,26,91,182
H 5749 14 39 2 546 1,6,7,13,42,78,91,546
U 5751 14 41 5 574 1,2,41,82
U 5752 14 41 4 574 1,14,41,574
H 5755 14 41 3 574 1,2,287,574
H 5758 14 41 2 574 1,2,7,14,41,82,287,574
H 5759 14 43 3 602 1,2,43,86
H 5760 14 43 3 602 1,14,43,602
H 5761 14 43 5 602 1,7,43,301
H 5762 14 43 6 602 1,2,7,14
H 5763 14 43 2 602 1,2,301,602
H 5765 14 43 3 602 1,14,86,301
H 5804 14 45 3 630 1,2,9,18,35,70,315,630
U 5805 14 45 3 630 1,2,5,10,63,126,315,630
H 5807 14 45 2 630 1,5,9,14,45,70,126,630
H 5808 14 45 2 630 1,9,10,14,35,90,126,315
U 5810 14 45 3 630 1,10,14,18,35,45,63,630
U 5811 14 45 3 630 1,2,7,9,14,18,63,126
U 5812 14 45 3 630 1,2,7,14,45,90,315,630
U 5816 14 45 3 630 1,5,7,18,35,90,126,630
U 5820 14 47 4 658 1,7,47,329
H 5822 14 47 3 658 1,2,329,658
U 5824 14 47 4 658 1,14,94,329
H 5825 14 47 2 658 1,2,7,14,47,94,329,658
H 5864 14 51 2 714 1,2,7,14,51,102,357,714
U 5866 14 51 3 714 1,3,7,21,34,102,238,714
U 5869 14 51 3 714 1,6,14,21,34,51,119,714
H 5871 14 51 2 714 1,2,17,21,34,42,357,714
U 5875 14 51 3 714 1,6,7,17,42,102,119,714
H 5922 14 55 2 770 1,2,5,10,77,154,385,770
U 5923 14 55 3 770 1,2,7,14,55,110,385,770
H 5925 14 55 2 770 1,5,7,22,35,110,154,770
U 5928 14 55 3 770 1,10,14,22,35,55,77,770
H 5930 14 55 2 770 1,2,11,22,35,70,385,770
H 5931 14 55 2 770 1,5,11,14,55,70,154,770
U 5934 14 55 3 770 1,7,10,11,70,77,110,770
H 5971 14 57 5 798 1,3,7,19,21,57,133,399
H 5972 14 57 4 798 1,2,3,6,7,14,21,42
H 5973 14 57 2 798 1,2,3,6,133,266,399,798
H 5974 14 57 2 798 1,2,7,14,57,114,399,798
H 5977 14 57 4 798 1,3,14,38,42,114,133,399
H 5978 14 57 3 798 1,6,7,38,42,57,266,399
H 5979 14 57 3 798 1,6,14,21,38,57,133,798
H 5980 14 57 4 798 1,2,3,6,19,38,57,114
H 5981 14 57 4 798 1,2,19,21,38,42,399,798
H 5984 14 57 2 798 1,2,7,14,19,38,133,266
H 5985 14 57 4 798 1,6,7,19,42,114,133,798
H 5994 14 59 2 826 1,2,7,14,59,118,413,826
H 5996 14 61 2 854 1,14,61,854
H 5999 14 61 2 854 1,2,427,854
H 6006 14 65 2 910 1,2,7,14,65,130,455,910
U 6007 14 65 3 910 1,2,35,65,70,91,130,182
H 6011 14 65 2 910 1,10,14,26,35,65,91,910
U 6014 14 65 3 910 1,5,13,14,65,70,182,910
H 6035 14 69 2 966 1,6,14,21,46,69,161,966
U 6041 14 69 3 966 1,6,7,23,42,138,161,966
H 6050 14 71 2 994 1,2,7,14,71,142,497,994
U 6058 14 73 3 1022 1,2,7,14,73,146,511,1022
U 6070 14 75 3 1050 1,3,7,21,50,150,350,1050
U 6083 14 81 4 1134 1,2,7,14,81,162,567,1134
H 6088 14 85 2 1190 1,2,7,14,85,170,595,1190
U 6090 14 85 3 1190 1,5,7,34,35,170,238,1190
U 6099 14 85 3 1190 1,7,10,17,70,119,170,1190
U 6112 14 87 5 1218 1,3,14,29,42,87,406,1218
U 6115 14 87 4 1218 1,6,7,29,42,174,203,1218
H 6116 14 87 2 1218 1,2,3,6,7,14,21,29,42,58,87,174,203,406,609,1218
U 6122 14 93 3 1302 1,2,21,42,93,186,217,434
U 6130 14 93 3 1302 1,6,14,21,31,186,434,651
U 6154 14 99 5 1386 1,2,7,14,99,198,693,1386
U 6165 14 99 5 1386 1,7,11,18,77,126,198,1386
H 6166 14 99 2 1386 1,2,7,9,11,14,18,22,63,77,99,126,154,198,693,1386
H 6170 14 109 2 1526 1,2,7,14,109,218,763,1526
H 6186 14 111 2 1554 1,2,3,6,7,14,21,37,42,74,111,222,259,518,777,1554
H 6203 14 115 2 1610 1,2,5,7,10,14,23,35,46,70,115,161,230,322,805,1610
U 6204 14 117 3 1638 1,2,7,9,13,14,18,26,63,91,117,126,182,234,819,1638
H 6209 14 129 2 1806 1,2,3,6,7,14,21,42,43,86,129,258,301,602,903,1806
U 6211 14 135 4 1890 1,2,5,7,10,14,27,35,54,70,135,189,270,378,945,1890
U 6215 14 143 3 2002 1,2,7,11,13,14,22,26,77,91,143,154,182,286,1001,2002
U 6216 14 145 3 2030 1,2,5,7,10,14,29,35,58,70,145,203,290,406,1015,2030
U 6232 14 165 5 2310 1,2,3,6,7,14,21,42,55,110,165,330,385,770,1155,2310
U 6241 14 165 5 2310 1,3,10,14,22,30,35,42,55,66,77,105,165,231,770,2310
U 6247 14 165 5 2310 1,2,3,6,11,22,33,35,66,70,105,210,385,770,1155,2310
U 6249 14 165 5 2310 1,2,11,15,21,22,30,35,42,70,165,231,330,385,462,770
H 6254 14 165 2 2310 1,2,3,5,6,7,10,11,14,15,21,22,30,33,35,42,55,66,70,77,105,110,154,165,210,231,330,385,462,770,1155,2310
U 6273 14 255 3 3570 1,2,3,5,6,7,10,14,15,17,21,30,34,35,42,51,70,85,102,105,119,170,210,238,255,357,510,595,714,1190,1785,3570
U 6274 14 285 4 3990 1,2,3,5,6,7,10,14,15,19,21,30,35,38,42,57,70,95,105,114,133,190,210,266,285,399,570,665,798,1330,1995,3990
U 6275 14 345 5 4830 1,2,3,5,6,7,10,14,15,21,23,30,35,42,46,69,70,105,115,138,161,210,230,322,345,483,690,805,966,1610,2415,4830
H 6281 15 2 3 30 1
H 6282 15 2 2 30 1,2
H 6284 15 2 2 30 1,6
H 6288 15 2 2 30 1,5
H 6297 15 4 5 60 1
H 6298 15 4 3 60 1,4
H 6299 15 4 3 60 1,20
H 6300 15 4 2 60 1,12
H 6301 15 4 2 60 1,60
H 6302 15 4 2 60 1,3
H 6304 15 4 3 60 1,5
H 6305 15 4 2 60 1,4,5,20
H 6315 15 7 3 105 1,21
H 6316 15 7 3 105 1,15
H 6319 15 7 3 105 1,35
H 6327 15 7 2 105 1,15,21,35
H 6330 15 8 5 120 1,8
H 6331 15 8 3 120 1,40
H 6332 15 8 5 120 1,24
H 6333 15 8 3 120 1,120
H 6337 15 8 2 120 1,5,8,40
H 6338 15 8 2 120 1,5,24,120
H 6340 15 8 3 120 1,3,8,24
H 6346 15 11 5 165 1,3
H 6347 15 11 3 165 1,33
H 6348 15 11 5 165 1,15
H 6349 15 11 3 165 1,165
H 6353 15 11 2 165 1,3,11,33
H 6354 15 11 2 165 1,11,15,165
H 6356 15 11 3 165 1,3,5,15
H 6362 15 13 3 195 1,3
H 6364 15 13 5 195 1,15
H 6367 15 13 5 195 1,65
H 6368 15 13 3 195 1,13
H 6371 15 13 2 195 1,5,13,65
H 6372 15 13 2 195 1,3,5,15
H 6375 15 13 3 195 1,15,39,65
U 6400 15 14 3 210 1,2,7,14
H 6402 15 14 2 210 1,6,7,42
H 6403 15 14 2 210 1,7,30,210
H 6404 15 14 2 210 1,3,7,21
H 6405 15 14 2 210 1,7,15,105
U 6413 15 14 3 210 1,2,105,210
U 6414 15 14 3 210 1,3,14,42
H 6418 15 14 3 210 1,3,10,30
H 6419 15 14 3 210 1,10,21,210
H 6420 15 14 4 210 1,6,10,15
H 6421 15 14 2 210 1,10,42,105
H 6422 15 14 2 210 1,3,70,210
H 6423 15 14 4 210 1,21,30,70
H 6424 15 14 3 210 1,15,42,70
H 6425 15 14 3 210 1,6,70,105
U 6426 15 14 3 210 1,5,7,35
H 6428 15 14 2 210 1,2,3,5,6,10,15,30
H 6431 15 14 2 210 1,2,15,21,30,35,42,70
H 6434 15 14 2 210 1,5,6,14,21,30,70,105
H 6435 15 14 2 210 1,6,10,14,15,21,35,210
U 6451 15 16 3 240 1,5,48,240
U 6452 15 16 3 240 1,3,5,15
H 6454 15 16 2 240 1,15,16,240
H 6456 15 16 2 240 1,15,48,80
H 6458 15 17 7 255 1,3
H 6460 15 17 5 255 1,15
H 6463 15 17 5 255 1,85
H 6464 15 17 7 255 1,17
H 6465 15 17 4 255 1,3,17,51
H 6467 15 17 3 255 1,5,17,85
H 6468 15 17 3 255 1,3,5,15
H 6471 15 17 2 255 1,15,51,85
H 6480 15 19 2 285 1,3,19,57
H 6482 15 19 4 285 1,5,19,95
H 6483 15 19 2 285 1,3,5,15
H 6486 15 19 2 285 1,15,57,95
U 6489 15 22 3 330 1,2,55,110
H 6493 15 22 2 330 1,6,55,330
H 6495 15 22 2 330 1,30,55,66
H 6503 15 22 2 330 1,3,55,165
H 6505 15 22 2 330 1,15,33,55
H 6510 15 22 6 330 1,3,22,66
H 6511 15 22 5 330 1,6,22,33
H 6512 15 22 5 330 1,15,22,330
H 6513 15 22 4 330 1,22,30,165
H 6514 15 22 5 330 1,3,10,30
H 6515 15 22 4 330 1,10,33,330
H 6516 15 22 6 330 1,6,10,15
H 6517 15 22 5 330 1,10,66,165
U 6522 15 22 3 330 1,5,11,55
H 6524 15 22 3 330 1,2,3,5,6,10,15,30
H 6526 15 22 2 330 1,2,5,10,33,66,165,330
H 6528 15 22 3 330 1,3,5,15,22,66,110,330
H 6530 15 22 2 330 1,5,6,22,30,33,110,165
H 6532 15 22 3 330 1,2,3,6,11,22,33,66
H 6533 15 22 2 330 1,2,11,15,22,30,165,330
H 6534 15 22 2 330 1,3,10,11,30,33,110,330
H 6535 15 22 3 330 1,6,10,11,15,66,110,165
U 6548 15 23 3 345 1,5,23,115
H 6550 15 23 2 345 1,3,115,345
H 6552 15 23 2 345 1,15,69,115
U 6575 15 26 3 390 1,2,195,390
U 6583 15 26 3 390 1,10,78,195
H 6589 15 26 2 390 1,3,5,13,15,39,65,195
H 6590 15 26 3 390 1,2,3,5,6,10,15,30
H 6593 15 26 3 390 1,2,15,30,39,65,78,130
H 6594 15 26 2 390 1,3,5,15,26,78,130,390
H 6596 15 26 2 390 1,5,6,26,30,39,130,195
H 6597 15 26 3 390 1,6,10,15,26,39,65,390
H 6598 15 26 3 390 1,2,3,6,13,26,39,78
H 6602 15 26 3 390 1,2,5,10,13,26,65,130
H 6603 15 26 2 390 1,5,6,13,30,65,78,390
U 6615 15 28 5 420 1,7,12,84
U 6616 15 28 4 420 1,7,60,420
U 6617 15 28 5 420 1,3,7,21
U 6640 15 28 3 420 1,3,5,7,15,21,35,105
U 6645 15 28 3 420 1,3,5,15,28,84,140,420
U 6648 15 28 3 420 1,12,15,20,21,28,35,420
H 6649 15 28 2 420 1,3,4,7,12,21,28,84
H 6650 15 28 2 420 1,4,7,15,28,60,105,420
H 6651 15 28 2 420 1,3,7,20,21,60,140,420
U 6652 15 28 3 420 1,7,12,15,20,84,105,140
U 6653 15 28 3 420 1,4,5,7,20,28,35,140
H 6654 15 28 2 420 1,5,7,12,35,60,84,420
H 6663 15 29 3 435 1,3,29,87
H 6664 15 29 4 435 1,15,29,435
H 6665 15 29 4 435 1,5,29,145
H 6666 15 29 6 435 1,3,5,15
H 6667 15 29 2 435 1,3,145,435
U 6675 15 31 3 465 1,3,155,465
H 6686 15 32 2 480 1,3,5,15,32,96,160,480
H 6695 15 34 10 510 1,2,17,34
H 6698 15 34 7 510 1,17,30,510
H 6700 15 34 2 510 1,15,17,255
H 6707 15 34 7 510 1,2,15,30
H 6708 15 34 2 510 1,2,255,510
H 6711 15 34 6 510 1,15,34,510
H 6712 15 34 3 510 1,30,34,255
H 6723 15 34 4 510 1,2,3,5,6,10,15,30
H 6726 15 34 3 510 1,2,15,30,51,85,102,170
H 6727 15 34 3 510 1,3,5,15,34,102,170,510
H 6729 15 34 2 510 1,5,6,30,34,51,170,255
H 6730 15 34 3 510 1,6,10,15,34,51,85,510
H 6731 15 34 5 510 1,2,3,6,17,34,51,102
H 6733 15 34 4 510 1,3,10,17,30,51,170,510
H 6735 15 34 5 510 1,2,5,10,17,34,85,170
H 6736 15 34 3 510 1,5,6,17,30,85,102,510
H 6745 15 37 2 555 1,3,5,15,37,111,185,555
U 6786 15 38 3 570 1,3,5,15,38,114,190,570
U 6789 15 38 3 570 1,6,10,15,38,57,95,570
U 6791 15 38 3 570 1,2,15,19,30,38,285,570
U 6792 15 38 3 570 1,3,10,19,30,57,190,570
U 6793 15 38 3 570 1,6,10,15,19,114,190,285
H 6797 15 41 6 615 1,3,41,123
H 6798 15 41 3 615 1,15,41,615
H 6799 15 41 6 615 1,5,41,205
H 6800 15 41 8 615 1,3,5,15
H 6803 15 41 4 615 1,15,123,205
H 6812 15 43 2 645 1,3,5,15,43,129,215,645
H 6815 15 44 2 660 1,3,4,12,55,165,220,660
H 6817 15 44 2 660 1,4,15,33,55,60,132,220
U 6819 15 44 3 660 1,3,20,44,55,60,132,165
U 6821 15 44 3 660 1,12,15,20,33,44,55,660
U 6826 15 44 3 660 1,4,5,11,20,44,55,220
H 6827 15 44 2 660 1,5,11,12,55,60,132,660
U 6835 15 46 3 690 1,3,10,30,46,115,138,345
U 6843 15 46 3 690 1,5,6,23,30,115,138,690
H 6852 15 47 2 705 1,3,5,15,47,141,235,705
H 6860 15 49 2 735 1,3,5,15,49,147,245,735
H 6876 15 52 2 780 1,3,4,5,12,13,15,20,39,52,60,65,156,195,260,780
H 6897 15 56 4 840 1,7,15,24,40,105,168,280
H 6900 15 56 2 840 1,3,5,7,8,15,21,24,35,40,56,105,120,168,280,840
U 6904 15 58 3 870 1,2,5,10,87,174,435,870
H 6924 15 59 2 885 1,3,5,15,59,177,295,885
H 6941 15 62 2 930 1,2,3,5,6,10,15,30,31,62,93,155,186,310,465,930
H 6954 15 68 2 1020 1,4,15,17,60,68,255,1020
H 6961 15 73 2 1095 1,3,5,15,73,219,365,1095
H 6977 15 74 2 1110 1,2,3,5,6,10,15,30,37,74,111,185,222,370,555,1110
U 7013 15 86 3 1290 1,2,3,5,6,10,15,30,43,86,129,215,258,430,645,1290
H 7014 15 88 3 1320 1,3,5,8,11,15,24,33,40,55,88,120,165,264,440,1320
H 7031 15 91 2 1365 1,3,5,7,13,15,21,35,39,65,91,105,195,273,455,1365
U 7035 15 98 3 1470 1,2,3,5,6,10,15,30,49,98,147,245,294,490,735,1470
U 7046 15 119 3 1785 1,3,5,7,15,17,21,35,51,85,105,119,255,357,595,1785
U 7054 15 146 4 2190 1,2,3,5,6,10,15,30,73,146,219,365,438,730,1095,2190
U 7060 15 182 4 2730 1,2,3,5,6,7,10,13,14,15,21,26,30,35,39,42,65,70,78,91,105,130,182,195,210,273,390,455,546,910,1365,2730
U 7064 15 238 5 3570 1,2,3,5,6,7,10,14,15,17,21,30,34,35,42,51,70,85,102,105,119,170,210,238,255,357,510,595,714,1190,1785,3570
H 7071 21 2 3 42 1
H 7073 21 2 2 42 1,14
H 7074 21 2 2 42 1,6
H 7076 21 2 2 42 1,3
H 7088 21 4 3 84 1,4
H 7089 21 4 3 84 1,28
H 7090 21 4 4 84 1,12
H 7091 21 4 2 84 1,84
H 7098 21 4 2 84 1,3,4,12
H 7101 21 4 2 84 1,12,21,28
H 7108 21 5 3 105 1,5
H 7109 21 5 3 105 1,35
H 7110 21 5 3 105 1,7
H 7113 21 5 2 105 1,5,7,35
H 7125 21 8 3 168 1,7
H 7126 21 8 2 168 1,7,8,56
H 7128 21 8 2 168 1,3,7,21
H 7130 21 8 3 168 1,8,21,168
H 7150 21 10 3 210 1,2,35,70
H 7156 21 10 4 210 1,30,35,42
H 7157 21 10 4 210 1,2,7,14
H 7160 21 10 3 210 1,7,30,210
H 7162 21 10 2 210 1,7,15,105
U 7163 21 10 3 210 1,3,5,15
H 7166 21 10 2 210 1,15,21,35
H 7168 21 10 3 210 1,2,21,42
H 7170 21 10 2 210 1,2,105,210
H 7173 21 10 2 210 1,14,15,210
H 7174 21 10 3 210 1,14,30,105
U 7176 21 10 3 210 1,10,21,210
U 7177 21 10 3 210 1,6,10,15
H 7180 21 10 2 210 1,21,30,70
H 7181 21 10 2 210 1,15,42,70
U 7182 21 10 3 210 1,6,70,105
H 7190 21 10 2 210 1,3,10,14,30,35,42,105
H 7193 21 10 2 210 1,2,3,6,7,14,21,42
H 7197 21 10 2 210 1,2,5,7,10,14,35,70
H 7198 21 10 2 210 1,5,6,7,30,35,42,210
H 7201 21 11 7 231 1,33
H 7202 21 11 5 231 1,21
H 7204 21 11 5 231 1,7
H 7206 21 11 7 231 1,11
H 7207 21 11 4 231 1,3,11,33
H 7209 21 11 3 231 1,7,11,77
H 7210 21 11 2 231 1,3,7,21
H 7213 21 11 3 231 1,21,33,77
H 7216 21 13 3 273 1,39
H 7217 21 13 7 273 1,21
H 7220 21 13 3 273 1,91
H 7222 21 13 2 273 1,3,13,39
H 7223 21 13 3 273 1,13,21,273
H 7224 21 13 2 273 1,7,13,91
H 7225 21 13 4 273 1,3,7,21
U 7231 21 16 3 336 1,7,48,336
U 7245 21 17 3 357 1,3,17,51
H 7250 21 17 2 357 1,7,51,357
H 7251 21 17 2 357 1,21,51,119
H 7260 21 19 5 399 1,3,19,57
H 7262 21 19 5 399 1,7,19,133
H 7263 21 19 5 399 1,3,7,21
H 7266 21 19 3 399 1,21,57,133
U 7292 21 20 5 420 1,15,28,420
U 7296 21 20 7 420 1,12,15,20
U 7300 21 20 5 420 1,15,84,140
U 7304 21 20 3 420 1,3,4,5,12,15,20,60
H 7307 21 20 2 420 1,4,15,21,35,60,84,140
H 7308 21 20 2 420 1,3,5,15,28,84,140,420
U 7311 21 20 3 420 1,12,15,20,21,28,35,420
H 7313 21 20 2 420 1,4,7,15,28,60,105,420
U 7315 21 20 3 420 1,7,12,15,20,84,105,140
U 7317 21 20 3 420 1,5,7,12,35,60,84,420
H 7321 21 22 5 462 1,7,22,154
H 7323 21 22 8 462 1,6,7,42
H 7335 21 22 2 462 1,7,33,231
H 7342 21 22 9 462 1,6,22,33
H 7344 21 22 3 462 1,22,42,231
H 7350 21 22 8 462 1,33,42,154
H 7352 21 22 2 462 1,6,154,231
H 7355 21 22 4 462 1,2,3,6,7,14,21,42
H 7358 21 22 4 462 1,2,21,33,42,66,77,154
H 7359 21 22 2 462 1,3,7,21,22,66,154,462
H 7360 21 22 2 462 1,3,14,22,42,66,77,231
H 7362 21 22 4 462 1,6,14,21,22,33,77,462
H 7363 21 22 5 462 1,2,3,6,11,22,33,66
H 7365 21 22 4 462 1,3,11,14,33,42,154,462
H 7367 21 22 3 462 1,2,7,11,14,22,77,154
H 7368 21 22 4 462 1,6,7,11,42,66,77,462
H 7377 21 23 2 483 1,3,7,21,23,69,161,483
H 7386 21 26 2 546 1,3,7,13,21,39,91,273
H 7387 21 26 5 546 1,2,3,6,7,14,21,42
H 7388 21 26 2 546 1,2,3,6,91,182,273,546
H 7391 21 26 4 546 1,3,7,21,26,78,182,546
H 7392 21 26 3 546 1,3,14,26,42,78,91,273
H 7393 21 26 3 546 1,6,7,26,39,42,182,273
H 7395 21 26 3 546 1,2,3,6,13,26,39,78
H 7396 21 26 3 546 1,2,13,21,26,42,273,546
H 7397 21 26 2 546 1,3,13,14,39,42,182,546
H 7398 21 26 5 546 1,6,13,14,21,78,182,273
H 7399 21 26 4 546 1,2,7,13,14,26,91,182
H 7400 21 26 2 546 1,6,7,13,42,78,91,546
U 7409 21 29 3 609 1,3,7,21,29,87,203,609
U 7422 21 34 3 714 1,2,7,14,51,102,357,714
U 7430 21 34 3 714 1,3,14,17,42,51,238,714
U 7445 21 38 3 798 1,2,3,6,133,266,399,798
H 7446 21 38 2 798 1,2,7,14,57,114,399,798
U 7449 21 38 3 798 1,3,14,38,42,114,133,399
U 7453 21 38 3 798 1,2,19,21,38,42,399,798
H 7474 21 40 3 840 1,3,5,7,8,15,21,24,35,40,56,105,120,168,280,840
H 7476 21 43 2 903 1,3,7,21,43,129,301,903
H 7480 21 44 2 924 1,4,7,28,33,132,231,924
H 7508 21 46 2 966 1,2,3,6,7,14,21,23,42,46,69,138,161,322,483,966
U 7510 21 50 3 1050 1,2,3,6,7,14,21,25,42,50,75,150,175,350,525,1050
H 7511 21 52 2 1092 1,3,4,7,12,13,21,28,39,52,84,91,156,273,364,1092
U 7529 21 58 3 1218 1,2,3,6,7,14,21,29,42,58,87,174,203,406,609,1218
U 7532 21 62 3 1302 1,2,3,6,7,14,21,31,42,62,93,186,217,434,651,1302
U 7538 21 74 4 1554 1,2,3,6,7,14,21,37,42,74,111,222,259,518,777,1554
U 7549 21 110 3 2310 1,2,3,5,6,7,10,11,14,15,21,22,30,33,35,42,55,66,70,77,105,110,154,165,210,231,330,385,462,770,1155,2310
H 7557 22 3 3 66 1
H 7558 22 3 2 66 1,2
H 7559 22 3 2 66 1,22
H 7560 22 3 2 66 1,6
H 7573 22 5 5 110 1
H 7574 22 5 2 110 1,2
H 7575 22 5 3 110 1,22
H 7576 22 5 3 110 1,10
H 7578 22 5 2 110 1,5
H 7579 22 5 3 110 1,55
H 7580 22 5 2 110 1,11
H 7587 22 5 2 110 1,10,22,55
H 7590 22 7 3 154 1,2
H 7591 22 7 3 154 1,22
H 7596 22 7 3 154 1,11
H 7597 22 7 2 154 1,2,11,22
H 7614 22 9 2 198 1,11,18,198
H 7615 22 9 2 198 1,9,11,99
U 7616 22 9 3 198 1,2,9,18
H 7617 22 9 2 198 1,2,99,198
H 7618 22 9 2 198 1,9,22,198
H 7622 22 13 2 286 1,26
H 7624 22 13 2 286 1,286
H 7625 22 13 5 286 1,11
H 7630 22 13 3 286 1,11,13,143
H 7631 22 13 2 286 1,2,11,22
U 7652 22 15 3 330 1,2,55,110
H 7653 22 15 2 330 1,5,22,110
H 7657 22 15 2 330 1,5,66,330
H 7660 22 15 2 330 1,10,11,110
H 7661 22 15 3 330 1,6,11,66
H 7664 22 15 4 330 1,11,15,165
H 7665 22 15 5 330 1,3,5,15
H 7673 22 15 4 330 1,3,22,66
H 7675 22 15 5 330 1,15,22,330
H 7679 22 15 6 330 1,6,10,15
H 7680 22 15 3 330 1,10,66,165
H 7681 22 15 2 330 1,3,110,330
H 7684 22 15 2 330 1,6,110,165
H 7686 22 15 2 330 1,3,5,11,15,33,55,165
H 7687 22 15 3 330 1,2,3,5,6,10,15,30
H 7692 22 15 2 330 1,3,10,22,30,55,66,165
H 7694 22 15 3 330 1,6,10,15,22,33,55,330
H 7695 22 15 2 330 1,2,3,6,11,22,33,66
H 7696 22 15 2 330 1,2,11,15,22,30,165,330
H 7702 22 17 7 374 1,2
H 7703 22 17 6 374 1,34
H 7706 22 17 8 374 1,11
H 7707 22 17 7 374 1,187
H 7709 22 17 3 374 1,2,17,34
H 7711 22 17 4 374 1,11,17,187
H 7712 22 17 4 374 1,2,11,22
H 7715 22 17 3 374 1,22,34,187
H 7718 22 19 5 418 1,38
H 7719 22 19 7 418 1,22
H 7722 22 19 3 418 1,209
H 7724 22 19 3 418 1,2,19,38
H 7725 22 19 3 418 1,19,22,418
H 7726 22 19 2 418 1,11,19,209
H 7727 22 19 4 418 1,2,11,22
H 7729 22 19 2 418 1,11,38,418
H 7735 22 21 3 462 1,14,22,77
H 7739 22 21 2 462 1,42,66,77
H 7747 22 21 4 462 1,3,77,231
H 7754 22 21 4 462 1,3,22,66
H 7757 22 21 6 462 1,22,42,231
H 7758 22 21 3 462 1,3,14,42
U 7759 22 21 3 462 1,14,33,462
H 7761 22 21 3 462 1,14,66,231
H 7767 22 21 2 462 1,3,7,11,21,33,77,231
H 7768 22 21 2 462 1,2,3,6,7,14,21,42
H 7769 22 21 2 462 1,2,3,6,77,154,231,462
H 7772 22 21 2 462 1,3,7,21,22,66,154,462
H 7774 22 21 3 462 1,6,7,22,33,42,154,231
H 7776 22 21 2 462 1,2,3,6,11,22,33,66
H 7777 22 21 3 462 1,2,11,21,22,42,231,462
H 7779 22 21 2 462 1,6,11,14,21,66,154,231
H 7780 22 21 2 462 1,2,7,11,14,22,77,154
H 7791 22 23 2 506 1,22,23,506
H 7794 22 23 2 506 1,2,253,506
H 7795 22 23 2 506 1,11,46,506
U 7803 22 25 5 550 1,22,25,550
H 7805 22 25 2 550 1,2,11,22,25,50,275,550
U 7810 22 27 4 594 1,2,297,594
H 7813 22 27 2 594 1,2,11,22,27,54,297,594
H 7821 22 29 2 638 1,2,11,22,29,58,319,638
H 7826 22 31 2 682 1,2,341,682
H 7865 22 35 5 770 1,5,7,11,35,55,77,385
H 7866 22 35 4 770 1,2,5,7,10,14,35,70
H 7867 22 35 2 770 1,2,5,10,77,154,385,770
H 7869 22 35 3 770 1,2,35,55,70,77,110,154
H 7871 22 35 2 770 1,5,14,22,70,77,110,385
H 7872 22 35 4 770 1,7,10,22,55,70,154,385
H 7873 22 35 3 770 1,10,14,22,35,55,77,770
H 7874 22 35 4 770 1,2,5,10,11,22,55,110
H 7875 22 35 3 770 1,2,11,22,35,70,385,770
H 7877 22 35 2 770 1,10,11,14,35,110,154,385
H 7878 22 35 4 770 1,2,7,11,14,22,77,154
H 7879 22 35 2 770 1,7,10,11,70,77,110,770
U 7894 22 39 3 858 1,3,11,26,33,78,286,858
H 7895 22 39 2 858 1,3,22,26,66,78,143,429
U 7896 22 39 3 858 1,6,11,26,39,66,286,429
H 7899 22 39 2 858 1,2,13,26,33,66,429,858
H 7912 22 41 2 902 1,2,11,22,41,82,451,902
H 7920 22 43 2 946 1,2,11,22,43,86,473,946
R 7923 22 45 5 990 1,2,9,18,55,110,495,990
U 7926 22 45 4 990 1,5,9,22,45,110,198,990
U 7932 22 45 4 990 1,9,10,11,90,99,110,990
H 7936 22 45 2 990 1,2,5,9,10,11,18,22,45,55,90,99,110,198,495,990
H 7944 22 47 2 1034 1,2,11,22,47,94,517,1034
U 7948 22 51 3 1122 1,2,3,6,187,374,561,1122
U 7950 22 51 3 1122 1,2,33,51,66,102,187,374
U 7951 22 51 3 1122 1,3,11,33,34,102,374,1122
U 7953 22 51 3 1122 1,6,11,34,51,66,374,561
U 7958 22 51 3 1122 1,6,17,22,33,102,374,561
U 7971 22 57 3 1254 1,6,22,33,38,57,209,1254
U 7996 22 63 3 1386 1,2,7,9,11,14,18,22,63,77,99,126,154,198,693,1386
H 8012 22 65 2 1430 1,2,5,10,11,13,22,26,55,65,110,130,143,286,715,1430
H 8029 22 69 2 1518 1,2,3,6,11,22,23,33,46,66,69,138,253,506,759,1518
U 8032 22 75 4 1650 1,2,3,6,11,22,25,33,50,66,75,150,275,550,825,1650
H 8035 22 85 2 1870 1,2,5,10,11,17,22,34,55,85,110,170,187,374,935,1870
H 8038 22 91 2 2002 1,2,7,11,13,14,22,26,77,91,143,154,182,286,1001,2002
U 8039 22 93 4 2046 1,2,3,6,11,22,31,33,62,66,93,186,341,682,1023,2046
U 8050 22 105 5 2310 1,2,3,6,7,14,21,42,55,110,165,330,385,770,1155,2310
U 8054 22 105 5 2310 1,2,7,14,15,30,33,55,66,105,110,210,231,385,462,770
U 8056 22 105 5 2310 1,3,5,7,15,21,22,35,66,105,110,154,330,462,770,2310
H 8072 22 105 2 2310 1,2,3,5,6,7,10,11,14,15,21,22,30,33,35,42,55,66,70,77,105,110,154,165,210,231,330,385,462,770,1155,2310
U 8077 22 123 5 2706 1,2,3,6,11,22,33,41,66,82,123,246,451,902,1353,2706
U 8084 22 195 5 4290 1,2,3,5,6,10,11,13,15,22,26,30,33,39,55,65,66,78,110,130,143,165,195,286,330,390,429,715,858,1430,2145,4290
H 8085 26 1 2 26 1
H 8090 26 3 5 78 1
H 8091 26 3 2 78 1,2
H 8093 26 3 2 78 1,6
H 8094 26 3 2 78 1,78
H 8095 26 3 3 78 1,3
H 8096 26 3 3 78 1,39
H 8097 26 3 3 78 1,13
H 8100 26 3 2 78 1,3,13,39
H 8109 26 5 4 130 1,10
H 8110 26 5 3 130 1,130
H 8111 26 5 3 130 1,5
H 8112 26 5 2 130 1,65
H 8115 26 5 2 130 1,10,13,130
H 8117 26 5 2 130 1,2,5,10
H 8124 26 7 2 182 1,26
H 8126 26 7 2 182 1,182
H 8127 26 7 5 182 1,7
H 8132 26 7 2 182 1,7,13,91
H 8133 26 7 3 182 1,2,7,14
H 8145 26 9 2 234 1,2,13,26
H 8146 26 9 2 234 1,13,18,234
H 8147 26 9 3 234 1,9,13,117
H 8148 26 9 3 234 1,2,9,18
H 8161 26 11 2 286 1,13,22,286
H 8164 26 11 2 286 1,2,143,286
H 8165 26 11 2 286 1,11,26,286
U 8170 26 15 3 390 1,5,26,130
H 8171 26 15 2 390 1,10,26,65
H 8173 26 15 2 390 1,6,65,390
H 8185 26 15 5 390 1,15,39,65
H 8191 26 15 3 390 1,6,26,39
H 8192 26 15 2 390 1,15,26,390
U 8193 26 15 3 390 1,26,30,195
H 8195 26 15 5 390 1,10,39,390
H 8196 26 15 6 390 1,6,10,15
H 8203 26 15 2 390 1,3,5,13,15,39,65,195
H 8204 26 15 3 390 1,2,3,5,6,10,15,30
H 8206 26 15 2 390 1,2,5,10,39,78,195,390
H 8207 26 15 3 390 1,2,15,30,39,65,78,130
H 8212 26 15 2 390 1,2,3,6,13,26,39,78
H 8214 26 15 3 390 1,3,10,13,30,39,130,390
H 8215 26 15 3 390 1,6,10,13,15,78,130,195
H 8226 26 17 4 442 1,2,17,34
H 8227 26 17 3 442 1,17,26,442
H 8228 26 17 3 442 1,13,17,221
H 8229 26 17 3 442 1,2,13,26
H 8230 26 17 2 442 1,2,221,442
H 8231 26 17 3 442 1,13,34,442
H 8242 26 19 2 494 1,19,26,494
H 8245 26 19 2 494 1,2,247,494
H 8246 26 19 2 494 1,13,38,494
H 8251 26 21 3 546 1,7,26,182
H 8255 26 21 6 546 1,7,78,546
H 8263 26 21 8 546 1,3,7,21
H 8271 26 21 6 546 1,3,26,78
H 8273 26 21 2 546 1,21,26,546
H 8279 26 21 3 546 1,3,182,546
H 8281 26 21 5 546 1,21,78,182
H 8284 26 21 4 546 1,3,7,13,21,39,91,273
H 8285 26 21 4 546 1,2,3,6,7,14,21,42
H 8287 26 21 3 546 1,2,7,14,39,78,273,546
H 8288 26 21 3 546 1,2,21,39,42,78,91,182
H 8290 26 21 3 546 1,3,14,26,42,78,91,273
H 8293 26 21 3 546 1,2,3,6,13,26,39,78
H 8295 26 21 2 546 1,3,13,14,39,42,182,546
H 8296 26 21 2 546 1,6,13,14,21,78,182,273
H 8297 26 21 2 546 1,2,7,13,14,26,91,182
H 8298 26 21 3 546 1,6,7,13,42,78,91,546
H 8307 26 23 2 598 1,2,13,23,26,46,299,598
U 8323 26 27 3 702 1,2,13,26,27,54,351,702
H 8331 26 29 2 754 1,2,13,26,29,58,377,754
H 8339 26 31 2 806 1,2,13,26,31,62,403,806
U 8345 26 33 5 858 1,3,11,26,33,78,286,858
H 8355 26 33 2 858 1,2,3,6,11,13,22,26,33,39,66,78,143,286,429,858
U 8361 26 35 4 910 1,5,7,26,35,130,182,910
U 8362 26 35 4 910 1,5,14,26,70,91,130,455
U 8363 26 35 5 910 1,7,10,26,65,70,182,455
U 8364 26 35 4 910 1,10,14,26,35,65,91,910
H 8371 26 35 2 910 1,2,5,7,10,13,14,26,35,65,70,91,130,182,455,910
H 8379 26 37 2 962 1,2,13,26,37,74,481,962
U 8380 26 41 3 1066 1,2,13,26,41,82,533,1066
H 8381 26 43 2 1118 1,2,13,26,43,86,559,1118
R 8387 26 45 5 1170 1,5,9,26,45,130,234,1170
U 8388 26 45 5 1170 1,9,10,26,65,90,234,585
H 8397 26 45 2 1170 1,2,5,9,10,13,18,26,45,65,90,117,130,234,585,1170
U 8408 26 51 4 1326 1,6,26,34,39,51,221,1326
H 8415 26 51 2 1326 1,2,3,6,13,17,26,34,39,51,78,102,221,442,663,1326
H 8432 26 55 2 1430 1,2,5,10,11,13,22,26,55,65,110,130,143,286,715,1430
H 8448 26 57 2 1482 1,2,3,6,13,19,26,38,39,57,78,114,247,494,741,1482
U 8451 26 63 3 1638 1,2,7,9,13,14,18,26,63,91,117,126,182,234,819,1638
U 8456 26 75 4 1950 1,2,3,6,13,25,26,39,50,75,78,150,325,650,975,1950
U 8459 26 85 3 2210 1,2,5,10,13,17,26,34,65,85,130,170,221,442,1105,2210
U 8460 26 87 5 2262 1,2,3,6,13,26,29,39,58,78,87,174,377,754,1131,2262
U 8469 26 165 5 4290 1,2,3,5,6,10,11,13,15,22,26,30,33,39,55,65,66,78,110,130,143,165,195,286,330,390,429,715,858,1430,2145,4290
H 8476 33 2 2 66 1,2
H 8477 33 2 2 66 1,22
U 8478 33 2 3 66 1,6
H 8480 33 2 2 66 1,3
H 8481 33 2 2 66 1,33
U 8494 33 4 5 132 1,12
U 8495 33 4 4 132 1,132
U 8496 33 4 5 132 1,3
H 8500 33 4 2 132 1,11,12,132
U 8501 33 4 3 132 1,3,11,33
H 8502 33 4 2 132 1,3,4,12
H 8503 33 4 2 132 1,4,33,132
H 8504 33 4 2 132 1,3,44,132
U 8505 33 4 3 132 1,12,33,44
H 8508 33 5 5 165 1,3
H 8509 33 5 5 165 1,33
H 8510 33 5 3 165 1,15
H 8511 33 5 3 165 1,165
H 8515 33 5 3 165 1,3,11,33
H 8518 33 5 2 165 1,3,5,15
H 8520 33 5 2 165 1,5,33,165
H 8523 33 7 5 231 1,3
H 8524 33 7 5 231 1,33
H 8527 33 7 7 231 1,7
H 8528 33 7 7 231 1,77
H 8530 33 7 2 231 1,3,11,33
H 8532 33 7 4 231 1,7,11,77
H 8533 33 7 3 231 1,3,7,21
H 8536 33 7 3 231 1,21,33,77
H 8549 33 8 4 264 1,8,33,264
H 8550 33 8 3 264 1,3,88,264
H 8552 33 8 2 264 1,3,8,11,24,33,88,264
H 8554 33 10 3 330 1,2,55,110
U 8558 33 10 3 330 1,6,55,330
H 8560 33 10 2 330 1,30,55,66
H 8570 33 10 2 330 1,15,33,55
H 8572 33 10 5 330 1,2,33,66
H 8573 33 10 5 330 1,2,15,30
H 8584 33 10 8 330 1,30,33,110
H 8585 33 10 4 330 1,15,66,110
H 8589 33 10 3 330 1,2,3,5,6,10,15,30
H 8591 33 10 2 330 1,2,5,10,33,66,165,330
H 8593 33 10 2 330 1,3,5,15,22,66,110,330
H 8595 33 10 4 330 1,5,6,22,30,33,110,165
H 8597 33 10 3 330 1,2,3,6,11,22,33,66
H 8598 33 10 2 330 1,2,11,15,22,30,165,330
H 8599 33 10 4 330 1,3,10,11,30,33,110,330
H 8600 33 10 2 330 1,6,10,11,15,66,110,165
H 8601 33 10 2 330 1,2,5,10,11,22,55,110
U 8604 33 13 5 429 1,3,13,39
H 8608 33 13 3 429 1,3,143,429
H 8611 33 13 2 429 1,3,11,13,33,39,143,429
U 8641 33 14 3 462 1,14,66,231
U 8645 33 14 3 462 1,6,154,231
H 8647 33 14 2 462 1,3,7,11,21,33,77,231
H 8648 33 14 5 462 1,2,3,6,7,14,21,42
H 8651 33 14 3 462 1,2,21,33,42,66,77,154
H 8652 33 14 3 462 1,3,7,21,22,66,154,462
H 8655 33 14 5 462 1,6,14,21,22,33,77,462
H 8656 33 14 4 462 1,2,3,6,11,22,33,66
H 8657 33 14 2 462 1,2,11,21,22,42,231,462
H 8658 33 14 3 462 1,3,11,14,33,42,154,462
H 8660 33 14 5 462 1,2,7,11,14,22,77,154
H 8661 33 14 4 462 1,6,7,11,42,66,77,462
H 8678 33 17 2 561 1,3,11,17,33,51,187,561
H 8691 33 20 2 660 1,4,15,33,55,60,132,220
U 8695 33 20 3 660 1,12,15,20,33,44,55,660
U 8711 33 25 4 825 1,3,11,25,33,75,275,825
U 8723 33 26 5 858 1,3,13,22,39,66,286,858
H 8727 33 26 2 858 1,2,3,6,11,13,22,26,33,39,66,78,143,286,429,858
H 8743 33 28 2 924 1,3,4,7,11,12,21,28,33,44,77,84,132,231,308,924
H 8763 33 35 2 1155 1,3,5,7,11,15,21,33,35,55,77,105,165,231,385,1155
U 8771 33 50 6 1650 1,2,3,6,11,22,25,33,50,66,75,150,275,550,825,1650
U 8784 34 3 3 102 1,2
U 8785 34 3 3 102 1,34
H 8786 34 3 2 102 1,6
H 8787 34 3 2 102 1,102
H 8788 34 3 2 102 1,3
H 8789 34 3 2 102 1,51
H 8801 34 5 3 170 1,34
H 8803 34 5 2 170 1,170
H 8804 34 5 4 170 1,5
H 8807 34 5 2 170 1,2,17,34
H 8809 34 5 2 170 1,5,17,85
H 8810 34 5 2 170 1,2,5,10
H 8817 34 7 3 238 1,14
H 8818 34 7 3 238 1,238
H 8821 34 7 3 238 1,17
H 8824 34 7 2 238 1,7,17,119
H 8825 34 7 2 238 1,2,7,14
H 8826 34 7 2 238 1,2,119,238
H 8838 34 9 2 306 1,17,18,306
H 8839 34 9 3 306 1,9,17,153
H 8841 34 9 2 306 1,2,153,306
H 8842 34 9 3 306 1,9,34,306
H 8847 34 11 8 374 1,22
H 8848 34 11 2 374 1,374
H 8851 34 11 7 374 1,17
H 8852 34 11 4 374 1,2,17,34
H 8854 34 11 3 374 1,11,17,187
H 8855 34 11 4 374 1,2,11,22
H 8858 34 11 4 374 1,22,34,187
U 8865 34 13 5 442 1,221
U 8868 34 13 3 442 1,17,26,442
H 8869 34 13 2 442 1,13,17,221
H 8871 34 13 2 442 1,2,221,442
U 8873 34 13 3 442 1,26,34,221
U 8877 34 15 5 510 1,5,34,170
H 8912 34 15 2 510 1,2,3,6,85,170,255,510
U 8914 34 15 3 510 1,2,15,30,51,85,102,170
H 8915 34 15 2 510 1,3,5,15,34,102,170,510
H 8917 34 15 2 510 1,5,6,30,34,51,170,255
H 8921 34 15 2 510 1,3,10,17,30,51,170,510
U 8922 34 15 3 510 1,6,10,15,17,102,170,255
U 8923 34 15 3 510 1,2,5,10,17,34,85,170
U 8931 34 19 5 646 1,17,38,646
H 8933 34 19 2 646 1,2,17,19,34,38,323,646
U 8936 34 21 3 714 1,2,3,6,119,238,357,714
U 8937 34 21 3 714 1,2,7,14,51,102,357,714
U 8942 34 21 3 714 1,6,14,21,34,51,119,714
U 8944 34 21 3 714 1,2,17,21,34,42,357,714
H 8945 34 21 2 714 1,3,14,17,42,51,238,714
U 8948 34 21 3 714 1,6,7,17,42,102,119,714
H 8957 34 23 2 782 1,2,17,23,34,46,391,782
U 8965 34 25 3 850 1,2,17,25,34,50,425,850
U 8966 34 27 4 918 1,2,17,27,34,54,459,918
U 8983 34 33 3 1122 1,6,11,34,51,66,374,561
U 8987 34 33 3 1122 1,3,17,22,51,66,374,1122
U 8988 34 33 3 1122 1,6,17,22,33,102,374,561
U 9003 34 35 5 1190 1,5,14,17,70,85,238,1190
H 9007 34 35 2 1190 1,2,5,7,10,14,17,34,35,70,85,119,170,238,595,1190
H 9008 34 37 2 1258 1,2,17,34,37,74,629,1258
U 9017 34 39 5 1326 1,6,26,34,39,51,221,1326
U 9020 34 39 5 1326 1,3,17,26,51,78,442,1326
U 9023 34 39 4 1326 1,6,13,17,78,102,221,1326
H 9024 34 39 2 1326 1,2,3,6,13,17,26,34,39,51,78,102,221,442,663,1326
H 9027 34 45 3 1530 1,2,5,9,10,17,18,34,45,85,90,153,170,306,765,1530
U 9036 34 69 5 2346 1,2,3,6,17,23,34,46,51,69,102,138,391,782,1173,2346
U 9037 34 75 7 2550 1,2,3,6,17,25,34,50,51,75,102,150,425,850,1275,2550
U 9042 34 105 4 3570 1,2,3,5,6,7,10,14,15,17,21,30,34,35,42,51,70,85,102,105,119,170,210,238,255,357,510,595,714,1190,1785,3570
H 9043 35 1 3 35 1
H 9044 35 1 2 35 1,5
H 9049 35 2 3 70 1,2
H 9052 35 2 3 70 1,70
H 9053 35 2 4 70 1,5
H 9055 35 2 2 70 1,7
H 9059 35 2 2 70 1,2,5,10
H 9061 35 2 2 70 1,5,14,70
H 9065 35 3 5 105 1,3
H 9066 35 3 5 105 1,21
H 9067 35 3 3 105 1,15
H 9068 35 3 3 105 1,105
H 9072 35 3 3 105 1,3,7,21
H 9075 35 3 2 105 1,3,5,15
H 9077 35 3 2 105 1,5,21,105
H 9087 35 4 2 140 1,4,7,28
H 9090 35 4 4 140 1,4,5,20
H 9092 35 4 2 140 1,5,28,140
H 9093 35 4 2 140 1,20,28,35
H 9111 35 6 3 210 1,2,35,70
U 9115 35 6 3 210 1,6,35,210
H 9117 35 6 2 210 1,30,35,42
H 9127 35 6 2 210 1,15,21,35
H 9129 35 6 5 210 1,2,21,42
H 9130 35 6 3 210 1,2,15,30
H 9141 35 6 6 210 1,21,30,70
H 9142 35 6 4 210 1,15,42,70
H 9146 35 6 2 210 1,2,3,5,6,10,15,30
H 9148 35 6 2 210 1,2,5,10,21,42,105,210
H 9150 35 6 2 210 1,3,5,14,15,42,70,210
H 9152 35 6 3 210 1,5,6,14,21,30,70,105
H 9154 35 6 3 210 1,2,3,6,7,14,21,42
H 9156 35 6 3 210 1,3,7,10,21,30,70,210
H 9157 35 6 2 210 1,6,7,10,15,42,70,105
H 9158 35 6 2 210 1,2,5,7,10,14,35,70
U 9165 35 8 5 280 1,8,35,280
H 9168 35 8 2 280 1,5,7,8,35,40,56,280
H 9173 35 9 3 315 1,9,35,315
U 9183 35 11 3 385 1,35,55,77
H 9224 35 12 2 420 1,4,15,21,35,60,84,140
H 9236 35 13 6 455 1,5,13,65
H 9238 35 13 8 455 1,7,13,91
H 9239 35 13 6 455 1,5,7,35
H 9240 35 13 3 455 1,5,91,455
H 9242 35 13 4 455 1,35,65,91
H 9244 35 16 4 560 1,5,7,16,35,80,112,560
R 9255 35 18 5 630 1,2,9,18,35,70,315,630
H 9268 35 18 2 630 1,2,5,7,9,10,14,18,35,45,63,70,90,126,315,630
H 9276 35 19 2 665 1,5,7,19,35,95,133,665
H 9292 35 22 2 770 1,2,5,7,10,11,14,22,35,55,70,77,110,154,385,770
H 9319 35 39 2 1365 1,3,5,7,13,15,21,35,39,65,91,105,195,273,455,1365
U 9326 35 78 5 2730 1,2,3,5,6,7,10,13,14,15,21,26,30,35,39,42,65,70,78,91,105,130,182,195,210,273,390,455,546,910,1365,2730
H 9327 38 1 2 38 1
H 9335 38 3 3 114 1,6
H 9336 38 3 2 114 1,114
H 9337 38 3 4 114 1,3
H 9338 38 3 3 114 1,57
H 9342 38 3 2 114 1,3,19,57
H 9343 38 3 2 114 1,2,3,6
U 9350 38 5 5 190 1,38
U 9351 38 5 5 190 1,10
U 9354 38 5 5 190 1,95
H 9356 38 5 2 190 1,2,19,38
H 9357 38 5 2 190 1,10,19,190
H 9358 38 5 2 190 1,5,19,95
H 9359 38 5 2 190 1,2,5,10
H 9360 38 5 2 190 1,2,95,190
H 9361 38 5 2 190 1,5,38,190
U 9362 38 5 3 190 1,10,38,95
H 9365 38 7 4 266 1,38
H 9367 38 7 2 266 1,266
H 9368 38 7 7 266 1,7
H 9371 38 7 2 266 1,2,19,38
H 9373 38 7 3 266 1,7,19,133
H 9374 38 7 4 266 1,2,7,14
H 9377 38 7 2 266 1,14,38,133
H 9391 38 9 2 342 1,9,38,342
H 9403 38 11 2 418 1,11,19,209
H 9405 38 11 2 418 1,2,209,418
U 9407 38 11 3 418 1,22,38,209
H 9409 38 13 4 494 1,2,19,38
H 9411 38 13 6 494 1,13,19,247
H 9412 38 13 4 494 1,2,13,26
H 9413 38 13 2 494 1,2,247,494
H 9415 38 13 3 494 1,26,38,247
U 9454 38 15 3 570 1,2,3,6,95,190,285,570
H 9455 38 15 2 570 1,2,5,10,57,114,285,570
U 9457 38 15 3 570 1,3,5,15,38,114,190,570
U 9458 38 15 3 570 1,3,10,30,38,95,114,285
U 9459 38 15 3 570 1,5,6,30,38,57,190,285
U 9464 38 15 3 570 1,6,10,15,19,114,190,285
H 9466 38 15 2 570 1,5,6,19,30,95,114,570
H 9481 38 21 2 798 1,3,7,21,38,114,266,798
H 9483 38 21 2 798 1,6,7,38,42,57,266,399
H 9499 38 23 2 874 1,2,19,23,38,46,437,874
U 9503 38 31 4 1178 1,2,19,31,38,62,589,1178
H 9519 38 33 2 1254 1,2,3,6,11,19,22,33,38,57,66,114,209,418,627,1254
H 9535 38 35 2 1330 1,2,5,7,10,14,19,35,38,70,95,133,190,266,665,1330
U 9548 38 105 5 3990 1,2,3,5,6,7,10,14,15,19,21,30,35,38,42,57,70,95,105,114,133,190,210,266,285,399,570,665,798,1330,1995,3990
H 9549 39 1 3 39 1
H 9550 39 1 2 39 1,3
H 9554 39 2 7 78 1
H 9555 39 2 4 78 1,2
H 9556 39 2 4 78 1,26
H 9557 39 2 3 78 1,6
H 9558 39 2 3 78 1,78
H 9559 39 2 4 78 1,3
H 9561 39 2 3 78 1,13
H 9562 39 2 2 78 1,2,13,26
H 9565 39 2 2 78 1,2,3,6
H 9567 39 2 2 78 1,3,26,78
H 9570 39 4 7 156 1,4
H 9571 39 4 5 156 1,52
H 9572 39 4 7 156 1,12
H 9573 39 4 5 156 1,156
H 9577 39 4 3 156 1,4,13,52
H 9578 39 4 3 156 1,12,13,156
H 9580 39 4 4 156 1,3,4,12
H 9582 39 4 2 156 1,3,52,156
H 9586 39 5 3 195 1,39
H 9588 39 5 3 195 1,195
H 9589 39 5 7 195 1,5
H 9592 39 5 2 195 1,3,13,39
H 9594 39 5 4 195 1,5,13,65
H 9595 39 5 3 195 1,3,5,15
H 9596 39 5 2 195 1,3,65,195
H 9607 39 7 4 273 1,3,13,39
H 9608 39 7 2 273 1,13,21,273
H 9610 39 7 3 273 1,3,7,21
H 9611 39 7 2 273 1,3,91,273
H 9612 39 7 3 273 1,7,39,273
H 9613 39 7 2 273 1,21,39,91
U 9617 39 8 3 312 1,3,13,39
H 9619 39 8 2 312 1,8,39,312
H 9621 39 8 2 312 1,24,39,104
H 9659 39 10 4 390 1,2,3,5,6,10,15,30
H 9660 39 10 2 390 1,2,3,6,65,130,195,390
H 9662 39 10 2 390 1,2,15,30,39,65,78,130
H 9663 39 10 3 390 1,3,5,15,26,78,130,390
H 9664 39 10 4 390 1,3,10,26,30,65,78,195
H 9667 39 10 3 390 1,2,3,6,13,26,39,78
H 9668 39 10 2 390 1,2,13,15,26,30,195,390
H 9669 39 10 2 390 1,3,10,13,30,39,130,390
H 9670 39 10 2 390 1,6,10,13,15,78,130,195
H 9671 39 10 5 390 1,2,5,10,13,26,65,130
H 9672 39 10 4 390 1,5,6,13,30,65,78,390
U 9679 39 11 3 429 1,11,39,429
U 9684 39 14 3 546 1,2,3,6,91,182,273,546
U 9690 39 14 3 546 1,6,14,21,26,39,91,546
H 9696 39 14 2 546 1,6,7,13,42,78,91,546
U 9698 39 16 3 624 1,3,13,16,39,48,208,624
U 9706 39 17 3 663 1,3,13,17,39,51,221,663
H 9746 39 22 2 858 1,2,3,6,11,13,22,26,33,39,66,78,143,286,429,858
U 9752 39 34 3 1326 1,2,3,6,13,17,26,34,39,51,78,102,221,442,663,1326
U 9753 39 35 4 1365 1,3,5,7,13,15,21,35,39,65,91,105,195,273,455,1365
U 9755 39 38 4 1482 1,2,3,6,13,19,26,38,39,57,78,114,247,494,741,1482
U 9756 39 40 5 1560 1,3,5,8,13,15,24,39,40,65,104,120,195,312,520,1560
U 9760 39 70 5 2730 1,2,3,5,6,7,10,13,14,15,21,26,30,35,39,42,65,70,78,91,105,130,182,195,210,273,390,455,546,910,1365,2730
H 9767 46 3 3 138 1,2
H 9770 46 3 2 138 1,138
U 9771 46 3 3 138 1,3
H 9772 46 3 2 138 1,69
H 9774 46 3 2 138 1,2,23,46
H 9782 46 5 5 230 1,2
H 9783 46 5 4 230 1,46
H 9786 46 5 6 230 1,5
H 9787 46 5 5 230 1,115
H 9789 46 5 2 230 1,2,23,46
H 9791 46 5 3 230 1,5,23,115
H 9792 46 5 3 230 1,2,5,10
H 9795 46 5 2 230 1,10,46,115
H 9802 46 7 3 322 1,161
H 9806 46 7 2 322 1,7,23,161
H 9810 46 7 2 322 1,14,46,161
U 9813 46 9 4 414 1,18,23,414
U 9816 46 9 4 414 1,2,207,414
H 9817 46 9 4 414 1,9,46,414
H 9819 46 9 2 414 1,2,9,18,23,46,207,414
H 9824 46 11 2 506 1,2,253,506
H 9825 46 11 2 506 1,11,46,506
H 9838 46 15 2 690 1,2,3,6,115,230,345,690
U 9841 46 15 3 690 1,3,5,15,46,138,230,690
H 9843 46 15 2 690 1,5,6,30,46,69,230,345
H 9847 46 15 2 690 1,3,10,23,30,69,230,690
H 9867 46 19 2 874 1,2,19,23,38,46,437,874
U 9876 46 21 3 966 1,6,14,21,46,69,161,966
U 9882 46 21 3 966 1,6,7,23,42,138,161,966
U 9887 46 31 3 1426 1,2,23,31,46,62,713,1426
U 9888 46 33 3 1518 1,2,3,6,11,22,23,33,46,66,69,138,253,506,759,1518
H 9889 46 35 2 1610 1,2,5,7,10,14,23,35,46,70,115,161,230,322,805,1610
H 9898 51 1 3 51 1
H 9901 51 1 2 51 1,17
H 9905 51 2 3 102 1,34
H 9906 51 2 4 102 1,6
H 9909 51 2 2 102 1,51
H 9911 51 2 2 102 1,2,17,34
H 9912 51 2 2 102 1,6,17,102
H 9914 51 2 2 102 1,2,3,6
H 9930 51 4 2 204 1,4,51,204
H 9935 51 5 5 255 1,51
H 9937 51 5 3 255 1,255
H 9938 51 5 9 255 1,5
H 9941 51 5 3 255 1,3,17,51
H 9942 51 5 2 255 1,15,17,255
H 9943 51 5 4 255 1,5,17,85
H 9944 51 5 5 255 1,3,5,15
H 9947 51 5 2 255 1,15,51,85
U 9949 51 7 5 357 1,3,17,51
H 9956 51 7 2 357 1,3,7,17,21,51,119,357
U 9964 51 8 3 408 1,3,8,17,24,51,136,408
H 9965 51 10 2 510 1,3,5,15,17,51,85,255
H 9966 51 10 6 510 1,2,3,5,6,10,15,30
H 9967 51 10 2 510 1,2,3,6,85,170,255,510
H 9969 51 10 5 510 1,2,15,30,51,85,102,170
H 9970 51 10 5 510 1,3,5,15,34,102,170,510
H 9971 51 10 2 510 1,3,10,30,34,85,102,255
H 9973 51 10 2 510 1,6,10,15,34,51,85,510
H 9974 51 10 4 510 1,2,3,6,17,34,51,102
H 9975 51 10 2 510 1,2,15,17,30,34,255,510
H 9976 51 10 4 510 1,3,10,17,30,51,170,510
H 9977 51 10 3 510 1,6,10,15,17,102,170,255
H 9978 51 10 5 510 1,2,5,10,17,34,85,170
H 9979 51 10 5 510 1,5,6,17,30,85,102,510
H 9988 51 11 2 561 1,3,11,17,33,51,187,561
H 10012 51 14 2 714 1,2,3,6,7,14,17,21,34,42,51,102,119,238,357,714
H 10015 51 20 2 1020 1,3,4,5,12,15,17,20,51,60,68,85,204,255,340,1020
H 10019 51 26 2 1326 1,2,3,6,13,17,26,34,39,51,78,102,221,442,663,1326
H 10024 55 1 3 55 1
H 10027 55 1 2 55 1,11
H 10030 55 2 6 110 1,2
H 10033 55 2 3 110 1,110
H 10035 55 2 2 110 1,55
H 10037 55 2 3 110 1,2,11,22
H 10038 55 2 2 110 1,10,11,110
H 10040 55 2 3 110 1,2,5,10
H 10052 55 3 2 165 1,3,11,33
H 10053 55 3 2 165 1,11,15,165
H 10054 55 3 3 165 1,5,11,55
H 10056 55 3 2 165 1,3,55,165
H 10058 55 3 2 165 1,15,33,55
H 10071 55 4 2 220 1,4,55,220
H 10073 55 4 2 220 1,20,44,55
U 10112 55 6 3 330 1,2,3,6,55,110,165,330
U 10114 55 6 3 330 1,2,15,30,33,55,66,110
H 10115 55 6 2 330 1,3,5,15,22,66,110,330
U 10117 55 6 3 330 1,5,6,22,30,33,110,165
U 10121 55 6 3 330 1,3,10,11,30,33,110,330
U 10122 55 6 3 330 1,6,10,11,15,66,110,165
U 10132 55 7 3 385 1,35,55,77
H 10141 55 8 2 440 1,5,8,11,40,55,88,440
H 10149 55 9 3 495 1,5,9,11,45,55,99,495
H 10166 55 13 2 715 1,5,11,13,55,65,143,715
H 10182 55 14 2 770 1,2,5,7,10,11,14,22,35,55,70,77,110,154,385,770
H 10185 55 18 4 990 1,2,5,9,10,11,18,22,45,55,90,99,110,198,495,990
H 10193 57 1 3 57 1
H 10194 57 1 2 57 1,3
H 10201 57 2 4 114 1,6
H 10202 57 2 3 114 1,114
H 10205 57 2 2 114 1,19
H 10209 57 2 2 114 1,2,3,6
H 10211 57 2 2 114 1,3,38,114
H 10212 57 2 2 114 1,6,38,57
H 10221 57 4 2 228 1,4,19,76
U 10236 57 5 3 285 1,3,19,57
U 10238 57 5 3 285 1,5,19,95
H 10244 57 7 5 399 1,3,19,57
H 10246 57 7 3 399 1,7,19,133
H 10247 57 7 6 399 1,3,7,21
H 10248 57 7 2 399 1,3,133,399
H 10249 57 7 2 399 1,7,57,399
H 10250 57 7 6 399 1,21,57,133
U 10270 57 10 3 570 1,2,15,19,30,38,285,570
U 10272 57 10 3 570 1,6,10,15,19,114,190,285
U 10274 57 10 3 570 1,5,6,19,30,95,114,570
H 10284 57 13 2 741 1,3,13,19,39,57,247,741
U 10295 57 14 3 798 1,2,19,21,38,42,399,798
H 10309 58 1 2 58 1
H 10317 58 3 5 174 1,6
H 10318 58 3 2 174 1,174
H 10321 58 3 2 174 1,29
H 10325 58 3 2 174 1,2,3,6
H 10328 58 3 3 174 1,6,58,87
H 10332 58 5 7 290 1,10
H 10333 58 5 3 290 1,290
H 10336 58 5 5 290 1,29
H 10337 58 5 3 290 1,2,29,58
H 10339 58 5 2 290 1,5,29,145
H 10340 58 5 4 290 1,2,5,10
H 10342 58 5 2 290 1,5,58,290
H 10343 58 5 3 290 1,10,58,145
H 10353 58 7 2 406 1,14,29,406
H 10356 58 7 2 406 1,2,203,406
U 10362 58 9 5 522 1,9,29,261
H 10367 58 9 2 522 1,2,9,18,29,58,261,522
H 10375 58 11 2 638 1,2,11,22,29,58,319,638
H 10396 58 15 2 870 1,6,10,15,29,174,290,435
H 10400 58 17 2 986 1,2,17,29,34,58,493,986
H 10417 58 21 2 1218 1,2,3,6,7,14,21,29,42,58,87,174,203,406,609,1218
U 10421 58 33 3 1914 1,2,3,6,11,22,29,33,58,66,87,174,319,638,957,1914
U 10423 58 39 5 2262 1,2,3,6,13,26,29,39,58,78,87,174,377,754,1131,2262
H 10424 62 1 3 62 1
H 10427 62 1 2 62 1,31
H 10431 62 3 2 186 1,62
H 10433 62 3 3 186 1,186
H 10434 62 3 6 186 1,3
H 10438 62 3 2 186 1,6,31,186
H 10439 62 3 3 186 1,3,31,93
H 10440 62 3 3 186 1,2,3,6
U 10453 62 5 3 310 1,10,31,310
U 10454 62 5 3 310 1,5,31,155
H 10456 62 5 2 310 1,2,155,310
U 10457 62 5 3 310 1,5,62,310
U 10458 62 5 3 310 1,10,62,155
H 10467 62 7 4 434 1,2,31,62
H 10468 62 7 2 434 1,14,31,434
H 10469 62 7 5 434 1,7,31,217
H 10470 62 7 5 434 1,2,7,14
H 10471 62 7 2 434 1,2,217,434
H 10473 62 7 2 434 1,14,62,217
H 10482 62 9 2 558 1,2,9,18,31,62,279,558
H 10498 62 13 2 806 1,2,13,26,31,62,403,806
U 10504 62 15 5 930 1,3,5,15,62,186,310,930
U 10513 62 15 4 930 1,5,6,30,31,155,186,930
H 10514 62 15 2 930 1,2,3,5,6,10,15,30,31,62,93,155,186,310,465,930
H 10532 62 21 2 1302 1,2,3,6,7,14,21,31,42,62,93,186,217,434,651,1302
H 10540 65 1 2 65 1,5
H 10542 65 1 2 65 1,13
U 10551 65 2 3 130 1,2,13,26
U 10552 65 2 3 130 1,10,13,130
H 10553 65 2 2 130 1,5,13,65
U 10554 65 2 3 130 1,2,5,10
H 10555 65 2 2 130 1,2,65,130
U 10556 65 2 3 130 1,5,26,130
H 10566 65 3 5 195 1,3,13,39
H 10567 65 3 2 195 1,13,15,195
H 10568 65 3 2 195 1,5,13,65
H 10569 65 3 3 195 1,3,5,15
H 10571 65 3 2 195 1,5,39,195
H 10572 65 3 2 195 1,15,39,65
H 10581 65 4 2 260 1,4,5,13,20,52,65,260
U 10619 65 6 3 390 1,2,3,6,65,130,195,390
U 10620 65 6 3 390 1,2,5,10,39,78,195,390
U 10627 65 6 3 390 1,2,13,15,26,30,195,390
U 10634 65 7 3 455 1,13,35,455
H 10643 65 11 2 715 1,5,11,13,55,65,143,715
H 10660 65 14 2 910 1,2,5,7,10,13,14,26,35,65,70,91,130,182,455,910
H 10668 69 1 3 69 1
H 10671 69 1 2 69 1,23
H 10680 69 2 2 138 1,2,23,46
H 10681 69 2 2 138 1,6,23,138
H 10682 69 2 2 138 1,3,23,69
H 10683 69 2 2 138 1,2,3,6
U 10689 69 4 4 276 1,12,23,276
H 10695 69 4 2 276 1,3,4,12,23,69,92,276
H 10702 69 5 2 345 1,15,69,115
H 10711 69 7 2 483 1,3,7,21,23,69,161,483
H 10712 69 8 4 552 1,3,8,23,24,69,184,552
U 10721 69 10 4 690 1,6,10,15,46,69,115,690
H 10728 69 10 2 690 1,2,3,5,6,10,15,23,30,46,69,115,138,230,345,690
U 10729 69 11 3 759 1,3,11,23,33,69,253,759
H 10737 74 1 4 74 1
H 10738 74 1 2 74 1,2
H 10740 74 1 2 74 1,37
H 10743 74 3 2 222 1,74
H 10745 74 3 4 222 1,222
H 10746 74 3 7 222 1,3
H 10750 74 3 2 222 1,6,37,222
H 10751 74 3 4 222 1,3,37,111
H 10752 74 3 3 222 1,2,3,6
H 10753 74 3 2 222 1,2,111,222
H 10764 74 5 3 370 1,2,37,74
H 10765 74 5 4 370 1,10,37,370
H 10766 74 5 3 370 1,5,37,185
H 10767 74 5 5 370 1,2,5,10
H 10768 74 5 2 370 1,2,185,370
U 10778 74 7 5 518 1,14,74,259
H 10779 74 7 2 518 1,2,7,14,37,74,259,518
U 10785 74 9 5 666 1,9,74,666
H 10787 74 9 2 666 1,2,9,18,37,74,333,666
H 10796 74 13 2 962 1,2,13,26,37,74,481,962
U 10803 74 15 5 1110 1,3,10,30,74,185,222,555
U 10810 74 15 5 1110 1,2,5,10,37,74,185,370
H 10812 74 15 2 1110 1,2,3,5,6,10,15,30,37,74,111,185,222,370,555,1110
H 10820 77 1 3 77 1,7
H 10831 77 2 2 154 1,2,11,22
H 10833 77 2 2 154 1,7,11,77
H 10834 77 2 3 154 1,2,7,14
H 10835 77 2 2 154 1,2,77,154
H 10836 77 2 3 154 1,7,22,154
H 10837 77 2 2 154 1,14,22,77
H 10846 77 3 4 231 1,3,11,33
H 10848 77 3 2 231 1,7,11,77
H 10849 77 3 6 231 1,3,7,21
H 10851 77 3 3 231 1,7,33,231
H 10852 77 3 4 231 1,21,33,77
H 10861 77 4 2 308 1,4,7,11,28,44,77,308
U 10869 77 5 3 385 1,5,7,11,35,55,77,385
U 10880 77 6 3 462 1,2,11,21,22,42,231,462
U 10882 77 6 3 462 1,6,11,14,21,66,154,231
U 10888 77 10 3 770 1,2,5,7,10,11,14,22,35,55,70,77,110,154,385,770
H 10894 82 1 3 82 1
H 10895 82 1 2 82 1,2
H 10901 82 3 6 246 1,6
H 10902 82 3 4 246 1,246
H 10905 82 3 3 246 1,41
H 10906 82 3 2 246 1,2,41,82
H 10909 82 3 3 246 1,2,3,6
H 10910 82 3 2 246 1,2,123,246
H 10911 82 3 2 246 1,3,82,246
H 10912 82 3 3 246 1,6,82,123
H 10922 82 5 2 410 1,10,41,410
U 10925 82 5 3 410 1,2,205,410
H 10930 82 7 2 574 1,14,41,574
U 10944 82 9 3 738 1,2,9,18,41,82,369,738
H 10952 82 11 2 902 1,2,11,22,41,82,451,902
H 10969 82 15 2 1230 1,2,3,5,6,10,15,30,41,82,123,205,246,410,615,1230
H 10977 85 1 2 85 1,5
H 10978 85 1 2 85 1,85
H 10989 85 2 2 170 1,10,17,170
U 10993 85 2 3 170 1,5,34,170
H 10996 85 3 3 255 1,3,17,51
H 10998 85 3 3 255 1,5,17,85
H 10999 85 3 4 255 1,3,5,15
H 11000 85 3 2 255 1,3,85,255
H 11001 85 3 2 255 1,5,51,255
H 11002 85 3 6 255 1,15,51,85
U 11024 85 6 3 510 1,6,10,15,17,102,170,255
H 11036 86 1 4 86 1
H 11037 86 1 2 86 1,2
H 11039 86 1 2 86 1,43
H 11042 86 3 3 258 1,86
H 11043 86 3 7 258 1,6
H 11046 86 3 5 258 1,129
H 11048 86 3 2 258 1,2,43,86
H 11049 86 3 3 258 1,6,43,258
H 11050 86 3 3 258 1,3,43,129
H 11051 86 3 4 258 1,2,3,6
H 11052 86 3 2 258 1,2,129,258
H 11061 86 5 2 430 1,5,86,430
H 11071 86 7 2 602 1,2,7,14,43,86,301,602
U 11072 86 9 3 774 1,2,9,18,43,86,387,774
U 11073 86 11 4 946 1,2,11,22,43,86,473,946
U 11075 86 15 3 1290 1,2,3,5,6,10,15,30,43,86,129,215,258,430,645,1290
H 11079 87 1 5 87 1
H 11080 87 1 2 87 1,3
H 11082 87 1 3 87 1,29
H 11084 87 2 8 174 1,2
H 11087 87 2 5 174 1,174
H 11089 87 2 2 174 1,87
H 11091 87 2 4 174 1,2,29,58
H 11092 87 2 3 174 1,6,29,174
H 11094 87 2 4 174 1,2,3,6
H 11096 87 2 2 174 1,3,58,174
H 11103 87 4 2 348 1,4,87,348
U 11108 87 5 5 435 1,15,29,435
H 11114 87 5 2 435 1,3,5,15,29,87,145,435
H 11122 87 7 2 609 1,3,7,21,29,87,203,609
U 11124 87 10 3 870 1,2,3,5,6,10,15,29,30,58,87,145,174,290,435,870
U 11127 87 14 3 1218 1,2,3,6,7,14,21,29,42,58,87,174,203,406,609,1218
H 11130 91 1 2 91 1,91
H 11144 91 2 2 182 1,2,91,182
H 11155 91 3 2 273 1,3,7,13,21,39,91,273
H 11187 91 6 2 546 1,2,3,6,7,13,14,21,26,39,42,78,91,182,273,546
H 11195 93 1 5 93 1
H 11196 93 1 3 93 1,3
H 11197 93 1 2 93 1,93
H 11202 93 2 8 186 1,6
H 11203 93 2 5 186 1,186
H 11206 93 2 2 186 1,31
H 11210 93 2 4 186 1,2,3,6
H 11211 93 2 2 186 1,2,93,186
H 11212 93 2 3 186 1,3,62,186
H 11213 93 2 4 186 1,6,62,93
H 11215 93 4 2 372 1,4,31,124
H 11224 93 5 3 465 1,15,31,465
H 11230 93 5 2 465 1,3,5,15,31,93,155,465
H 11240 93 10 2 930 1,2,3,5,6,10,15,30,31,62,93,155,186,310,465,930
U 11243 93 14 4 1302 1,2,3,6,7,14,21,31,42,62,93,186,217,434,651,1302
H 11244 94 1 3 94 1
H 11247 94 1 2 94 1,47
U 11257 94 3 3 282 1,6,47,282
U 11258 94 3 3 282 1,3,47,141
H 11260 94 3 2 282 1,2,141,282
U 11261 94 3 3 282 1,3,94,282
U 11262 94 3 3 282 1,6,94,141
U 11268 94 5 3 470 1,2,235,470
H 11269 94 5 2 470 1,5,94,470
H 11278 94 7 2 658 1,14,94,329
H 11280 94 9 4 846 1,2,9,18,47,94,423,846
H 11281 94 11 2 1034 1,2,11,22,47,94,517,1034
U 11286 94 21 4 1974 1,2,3,6,7,14,21,42,47,94,141,282,329,658,987,1974
H 11287 95 1 7 95 1
H 11288 95 1 3 95 1,5
H 11290 95 1 4 95 1,19
H 11293 95 2 7 190 1,38
H 11294 95 2 10 190 1,10
H 11297 95 2 2 190 1,95
H 11299 95 2 4 190 1,2,19,38
H 11300 95 2 5 190 1,10,19,190
H 11302 95 2 5 190 1,2,5,10
H 11304 95 2 3 190 1,5,38,190
H 11307 95 3 6 285 1,3,19,57
H 11308 95 3 5 285 1,15,19,285
H 11309 95 3 2 285 1,5,19,95
H 11310 95 3 6 285 1,3,5,15
H 11312 95 3 3 285 1,5,57,285
H 11313 95 3 2 285 1,15,57,95
H 11319 95 4 2 380 1,4,95,380
U 11329 95 6 3 570 1,3,10,30,38,95,114,285
U 11331 95 6 3 570 1,6,10,15,38,57,95,570
H 11346 106 1 2 106 1,2
H 11358 106 3 2 318 1,6,53,318
H 11370 106 5 2 530 1,5,106,530
H 11387 111 1 7 111 1
H 11388 111 1 4 111 1,3
H 11390 111 1 3 111 1,37
H 11392 111 2 10 222 1,2
H 11395 111 2 7 222 1,222
H 11397 111 2 2 222 1,111
H 11399 111 2 5 222 1,2,37,74
H 11400 111 2 3 222 1,6,37,222
H 11402 111 2 5 222 1,2,3,6
H 11404 111 2 4 222 1,3,74,222
H 11411 111 4 2 444 1,4,111,444
H 11422 111 5 2 555 1,3,5,15,37,111,185,555
H 11423 111 7 2 777 1,3,7,21,37,111,259,777
H 11429 115 1 4 115 1,5
H 11430 115 1 2 115 1,115
H 11433 115 2 3 230 1,2,23,46
H 11435 115 2 2 230 1,5,23,115
H 11436 115 2 6 230 1,2,5,10
H 11437 115 2 2 230 1,2,115,230
H 11438 115 2 4 230 1,5,46,230
H 11439 115 2 5 230 1,10,46,115
U 11443 115 3 5 345 1,5,23,115
H 11448 115 3 2 345 1,3,5,15,23,69,115,345
H 11449 115 4 2 460 1,4,5,20,23,92,115,460
H 11465 115 6 2 690 1,2,3,5,6,10,15,23,30,46,69,115,138,230,345,690
H 11469 118 1 2 118 1,2
H 11481 118 3 2 354 1,6,59,354
U 11482 118 3 3 354 1,3,59,177
H 11495 118 5 2 590 1,2,5,10,59,118,295,590
H 11503 118 7 2 826 1,2,7,14,59,118,413,826
H 11509 119 1 9 119 1
H 11510 119 1 4 119 1,7
H 11512 119 1 5 119 1,17
H 11514 119 2 7 238 1,2,17,34
H 11515 119 2 5 238 1,14,17,238
H 11517 119 2 5 238 1,2,7,14
H 11519 119 2 5 238 1,7,34,238
H 11528 119 3 2 357 1,21,51,119
H 11547 119 6 2 714 1,2,3,6,7,14,17,21,34,42,51,102,119,238,357,714
H 11551 122 1 3 122 1,2
H 11553 122 1 2 122 1,61
H 11567 122 3 2 366 1,3,122,366
H 11577 122 5 2 610 1,2,5,10,61,122,305,610
U 11589 122 15 5 1830 1,2,3,5,6,10,15,30,61,122,183,305,366,610,915,1830
U 11590 122 21 5 2562 1,2,3,6,7,14,21,42,61,122,183,366,427,854,1281,2562
H 11593 123 1 2 123 1,123
H 11626 123 5 2 615 1,3,5,15,41,123,205,615
H 11633 129 1 4 129 1,3
H 11635 129 1 2 129 1,43
H 11653 133 1 2 133 1,7,19,133
H 11661 133 2 2 266 1,2,7,14,19,38,133,266
H 11673 134 1 6 134 1
H 11674 134 1 3 134 1,2
H 11676 134 1 3 134 1,67
H 11678 134 3 3 402 1,2,67,134
H 11679 134 3 4 402 1,6,67,402
H 11680 134 3 5 402 1,3,67,201
H 11681 134 3 6 402 1,2,3,6
H 11682 134 3 3 402 1,2,201,402
H 11693 134 5 2 670 1,2,5,10,67,134,335,670
U 11695 134 9 5 1206 1,2,9,18,67,134,603,1206
U 11698 134 15 5 2010 1,2,3,5,6,10,15,30,67,134,201,335,402,670,1005,2010
U 11700 141 1 3 141 1,3
H 11701 141 1 2 141 1,141
U 11709 141 2 3 282 1,3,94,282
U 11710 141 2 3 282 1,6,94,141
U 11716 142 1 5 142 1
H 11717 142 1 2 142 1,2
H 11718 142 1 2 142 1,142
U 11719 142 1 3 142 1,71
U 11722 142 3 3 426 1,6,71,426
H 11725 142 3 2 426 1,2,213,426
U 11730 142 5 5 710 1,10,71,710
H 11736 142 5 2 710 1,2,5,10,71,142,355,710
U 11740 142 15 4 2130 1,2,3,5,6,10,15,30,71,142,213,355,426,710,1065,2130
H 11742 143 1 4 143 1,11
H 11744 143 1 6 143 1,13
H 11746 143 2 7 286 1,2,13,26
H 11747 143 2 7 286 1,13,22,286
H 11748 143 2 2 286 1,11,13,143
H 11749 143 2 7 286 1,2,11,22
H 11750 143 2 2 286 1,2,143,286
H 11751 143 2 4 286 1,11,26,286
H 11752 143 2 2 286 1,22,26,143
H 11762 143 4 2 572 1,4,11,13,44,52,143,572
H 11768 145 1 3 145 1,145
H 11770 145 1 2 145 1,5,29,145
H 11778 145 2 2 290 1,2,5,10,29,58,145,290
H 11786 145 3 2 435 1,3,5,15,29,87,145,435
U 11788 145 6 3 870 1,2,3,5,6,10,15,29,30,58,87,145,174,290,435,870
H 11790 146 1 7 146 1
H 11791 146 1 4 146 1,2
H 11793 146 1 3 146 1,73
U 11795 146 3 3 438 1,2,73,146
H 11800 146 3 2 438 1,3,146,438
H 11801 146 3 2 438 1,6,146,219
H 11811 146 7 2 1022 1,2,7,14,73,146,511,1022
U 11814 146 15 5 2190 1,2,3,5,6,10,15,30,73,146,219,365,438,730,1095,2190
H 11817 155 1 2 155 1,155
H 11835 155 3 2 465 1,3,5,15,31,93,155,465
U 11837 155 6 4 930 1,2,3,5,6,10,15,30,31,62,93,155,186,310,465,930
U 11840 158 1 3 158 1,2
H 11841 158 1 2 158 1,158
U 11848 158 3 3 474 1,2,237,474
H 11864 159 1 9 159 1
H 11865 159 1 4 159 1,3
H 11867 159 1 5 159 1,53
H 11869 159 2 6 318 1,2,53,106
H 11870 159 2 6 318 1,6,53,318
H 11871 159 2 2 318 1,3,53,159
H 11872 159 2 7 318 1,2,3,6
H 11874 159 2 4 318 1,3,106,318
H 11877 159 4 2 636 1,3,4,12,53,159,212,636
H 11881 161 1 6 161 1,7
H 11882 161 1 2 161 1,161
H 11883 161 1 3 161 1,23
H 11893 161 3 2 483 1,3,7,21,23,69,161,483
H 11898 166 1 3 166 1,2
H 11900 166 1 2 166 1,83
U 11904 166 3 4 498 1,3,83,249
H 11909 166 3 2 498 1,2,3,6,83,166,249,498
H 11916 177 1 2 177 1,3,59,177
H 11924 177 2 2 354 1,2,3,6,59,118,177,354
H 11929 178 1 4 178 1,2
H 11930 178 1 2 178 1,178
H 11934 178 3 2 534 1,6,89,534
H 11944 183 1 6 183 1,3
H 11945 183 1 2 183 1,183
H 11946 183 1 3 183 1,61
H 11977 187 1 2 187 1,11,17,187
H 11985 187 2 2 374 1,2,11,17,22,34,187,374
H 11990 194 1 9 194 1
H 11991 194 1 5 194 1,2
H 11993 194 1 4 194 1,97
H 12000 194 3 2 582 1,3,194,582
U 12001 194 3 3 582 1,6,194,291
H 12003 194 5 2 970 1,2,5,10,97,194,485,970
H 12016 201 2 2 402 1,2,3,6,67,134,201,402
H 12020 202 1 4 202 1,2
H 12021 202 1 3 202 1,202
H 12031 202 3 2 606 1,2,3,6,101,202,303,606
H 12038 203 2 2 406 1,2,7,14,29,58,203,406
H 12056 206 1 9 206 1
H 12057 206 1 4 206 1,2
H 12059 206 1 5 206 1,103
H 12079 210 1 3 210 1,2
H 12080 210 1 3 210 1,14
H 12081 210 1 3 210 1,10
H 12083 210 1 3 210 1,6
H 12087 210 1 3 210 1,3
H 12088 210 1 3 210 1,21
H 12089 210 1 3 210 1,15
H 12091 210 1 3 210 1,5
H 12092 210 1 3 210 1,35
H 12093 210 1 3 210 1,7
H 12094 210 1 2 210 1,2,5,10
H 12097 210 1 2 210 1,10,14,35
H 12102 210 1 2 210 1,2,7,14
H 12106 210 1 2 210 1,3,7,21
H 12108 210 1 2 210 1,3,5,15
H 12111 210 1 2 210 1,15,21,35
H 12112 210 1 2 210 1,2,3,6
H 12117 210 1 2 210 1,6,14,21
H 12122 210 1 2 210 1,6,10,15
H 12128 210 1 2 210 1,5,7,35
H 12158 210 11 4 2310 1,5,21,33,77,105,165,385
H 12161 210 11 6 2310 1,2,7,11,14,22,77,154
H 12164 210 11 3 2310 1,7,11,30,77,210,330,2310
H 12166 210 11 4 2310 1,7,11,15,77,105,165,1155
H 12169 210 11 3 2310 1,2,11,15,22,30,165,330
H 12170 210 11 2 2310 1,2,11,22,105,210,1155,2310
H 12173 210 11 4 2310 1,11,14,15,154,165,210,2310
H 12174 210 11 3 2310 1,11,14,30,105,154,330,1155
U 12186 210 11 3 2310 1,2,3,6,385,770,1155,2310
U 12195 210 11 3 2310 1,2,5,10,231,462,1155,2310
U 12201 210 11 3 2310 1,3,22,35,66,105,770,2310
H 12203 210 11 4 2310 1,5,6,22,30,33,110,165
H 12206 210 11 2 2310 1,6,22,33,70,105,385,2310
H 12207 210 11 2 2310 1,5,21,22,105,110,462,2310
H 12210 210 11 2 2310 1,21,22,30,70,165,385,462
U 12212 210 11 3 2310 1,10,22,42,55,105,231,2310
H 12219 210 11 3 2310 1,5,14,33,70,165,462,2310
H 12222 210 11 3 2310 1,14,30,33,105,110,385,462
H 12223 210 11 5 2310 1,5,6,14,21,30,70,105
H 12226 210 11 3 2310 1,6,14,21,110,165,385,2310
U 12234 210 11 3 2310 1,3,10,30,154,385,462,1155
H 12251 210 11 5 2310 1,2,7,14,15,30,105,210
H 12252 210 11 3 2310 1,2,15,30,77,154,1155,2310
H 12253 210 11 2 2310 1,2,7,14,165,330,1155,2310
H 12254 210 11 4 2310 1,2,77,105,154,165,210,330
H 12258 210 11 5 2310 1,6,14,21,22,33,77,462
H 12259 210 11 2 2310 1,7,15,22,105,154,330,2310
H 12260 210 11 4 2310 1,14,15,22,77,210,330,1155
H 12261 210 11 3 2310 1,7,22,30,154,165,210,1155
H 12274 210 11 4 2310 1,21,30,33,70,77,110,2310
H 12278 210 11 4 2310 1,6,70,77,105,110,165,462
H 12289 210 11 5 2310 1,5,14,22,70,77,110,385
H 12293 210 11 2 2310 1,5,6,30,77,385,462,2310
U 12294 210 11 3 2310 1,6,7,42,55,330,385,2310
U 12296 210 11 3 2310 1,5,7,35,66,330,462,2310
H 12300 210 11 3 2310 1,2,3,6,7,11,14,21,22,33,42,66,77,154,231,462
H 12302 210 11 2 2310 1,3,7,10,11,21,30,33,70,77,110,210,231,330,770,2310
H 12303 210 11 2 2310 1,6,7,10,11,15,42,66,70,77,105,110,165,462,770,1155
H 12304 210 11 2 2310 1,3,5,7,11,15,21,33,35,55,77,105,165,231,385,1155
H 12305 210 11 3 2310 1,2,5,7,10,11,14,22,35,55,70,77,110,154,385,770
H 12307 210 11 3 2310 1,2,3,5,6,7,10,14,15,21,30,35,42,70,105,210
H 12310 210 11 2 2310 1,2,3,6,35,55,70,77,105,110,154,165,210,231,330,462
H 12312 210 11 2 2310 1,2,5,10,21,33,42,66,77,105,154,165,210,330,385,770
H 12313 210 11 2 2310 1,2,7,14,15,30,33,55,66,105,110,210,231,385,462,770
H 12314 210 11 2 2310 1,2,15,21,30,33,35,42,55,66,70,77,110,154,1155,2310
H 12316 210 11 2 2310 1,3,5,14,15,22,42,66,70,77,110,210,231,330,385,1155
H 12319 210 11 2 2310 1,5,6,7,22,30,33,35,42,110,154,165,210,231,770,1155
H 12322 210 11 2 2310 1,6,10,14,15,21,22,33,35,55,77,210,330,462,770,1155
H 12323 210 11 2 2310 1,2,3,5,6,10,11,15,22,30,33,55,66,110,165,330
H 12327 210 11 2 2310 1,3,5,11,14,15,33,42,55,70,154,165,210,462,770,2310
H 12329 210 11 2 2310 1,5,6,11,14,21,30,55,66,70,105,154,231,330,770,1155
H 12330 210 11 2 2310 1,6,10,11,14,15,21,35,66,110,154,165,210,231,385,2310
H 12343 210 13 6 2730 1,3,35,65,91,105,195,273
U 12369 210 13 3 2730 1,6,13,70,78,105,910,1365
U 12373 210 13 3 2730 1,2,3,6,455,910,1365,2730
U 12379 210 13 3 2730 1,2,21,42,65,130,1365,2730
H 12387 210 13 6 2730 1,3,10,26,30,65,78,195
H 12388 210 13 2 2730 1,3,26,35,78,105,910,2730
H 12399 210 13 3 2730 1,10,26,42,65,105,273,2730
H 12400 210 13 3 2730 1,26,30,35,42,195,273,910
H 12403 210 13 3 2730 1,3,14,42,65,195,910,2730
H 12404 210 13 5 2730 1,3,10,14,30,35,42,105
H 12415 210 13 2 2730 1,14,30,65,78,105,273,910
H 12416 210 13 4 2730 1,10,14,35,78,195,273,2730
U 12430 210 13 3 2730 1,5,6,30,182,273,910,1365
H 12443 210 13 5 2730 1,3,14,26,42,78,91,273
H 12449 210 13 4 2730 1,14,26,30,91,105,195,2730
H 12451 210 13 2 2730 1,3,10,30,91,273,910,2730
H 12457 210 13 3 2730 1,10,42,78,91,105,195,910
U 12458 210 13 3 2730 1,3,7,21,130,390,910,2730
U 12460 210 13 3 2730 1,7,30,39,130,210,273,910
U 12462 210 13 3 2730 1,7,15,78,105,130,546,910
U 12464 210 13 3 2730 1,6,7,42,130,195,910,1365
H 12478 210 13 6 2730 1,10,14,26,35,65,91,910
H 12486 210 13 3 2730 1,30,35,42,65,78,91,2730
H 12487 210 13 3 2730 1,2,3,6,7,13,14,21,26,39,42,78,91,182,273,546
H 12488 210 13 2 2730 1,2,7,13,14,15,26,30,91,105,182,195,210,390,1365,2730
H 12491 210 13 3 2730 1,3,5,7,13,15,21,35,39,65,91,105,195,273,455,1365
H 12492 210 13 3 2730 1,2,5,7,10,13,14,26,35,65,70,91,130,182,455,910
H 12493 210 13 2 2730 1,5,6,7,13,30,35,42,65,78,91,210,390,455,546,2730
H 12494 210 13 3 2730 1,2,3,5,6,7,10,14,15,21,30,35,42,70,105,210
H 12497 210 13 3 2730 1,2,3,6,35,65,70,91,105,130,182,195,210,273,390,546
H 12498 210 13 2 2730 1,2,5,7,10,14,35,39,70,78,195,273,390,546,1365,2730
H 12499 210 13 2 2730 1,2,5,10,21,39,42,78,91,105,182,195,210,390,455,910
H 12503 210 13 2 2730 1,3,5,14,15,26,42,70,78,91,130,210,273,390,455,1365
H 12504 210 13 3 2730 1,3,7,10,21,26,30,65,70,78,182,195,210,455,546,1365
H 12507 210 13 2 2730 1,5,6,14,21,26,30,39,70,91,105,130,195,455,546,2730
H 12508 210 13 2 2730 1,6,7,10,15,26,39,42,65,70,105,182,273,390,455,2730
H 12509 210 13 3 2730 1,6,10,14,15,21,26,35,39,65,91,210,390,546,910,1365
H 12510 210 13 3 2730 1,2,3,5,6,10,13,15,26,30,39,65,78,130,195,390
H 12513 210 13 2 2730 1,2,13,15,21,26,30,35,42,70,195,273,390,455,546,910
H 12514 210 13 2 2730 1,3,5,13,14,15,39,42,65,70,182,195,210,546,910,2730
H 12515 210 13 2 2730 1,3,10,13,14,30,35,39,42,105,130,182,390,455,546,1365
H 12517 210 13 2 2730 1,6,10,13,14,15,21,35,78,130,182,195,210,273,455,2730
H 12534 210 17 7 3570 1,15,21,35,51,85,119,1785
H 12562 210 17 7 3570 1,2,15,30,51,85,102,170
H 12563 210 17 4 3570 1,2,35,51,70,102,1785,3570
H 12566 210 17 4 3570 1,2,21,42,85,170,1785,3570
H 12567 210 17 7 3570 1,2,15,21,30,35,42,70
H 12610 210 17 3 3570 1,15,42,51,70,85,238,3570
H 12611 210 17 4 3570 1,30,35,42,51,170,238,1785
H 12614 210 17 2 3570 1,21,30,70,85,102,238,1785
H 12615 210 17 5 3570 1,15,21,35,102,170,238,3570
H 12624 210 17 6 3570 1,2,21,42,51,102,119,238
H 12626 210 17 3 3570 1,2,15,30,119,238,1785,3570
H 12648 210 17 6 3570 1,21,30,51,70,119,170,3570
H 12650 210 17 5 3570 1,15,42,70,102,119,170,1785
H 12661 210 17 6 3570 1,2,35,70,85,119,170,238
H 12673 210 17 4 3570 1,30,35,42,85,102,119,3570
H 12674 210 17 3 3570 1,2,3,6,7,14,17,21,34,42,51,102,119,238,357,714
H 12675 210 17 2 3570 1,2,7,14,15,17,30,34,105,119,210,238,255,510,1785,3570
H 12676 210 17 3 3570 1,3,7,10,17,21,30,51,70,119,170,210,357,510,1190,3570
H 12677 210 17 3 3570 1,6,7,10,15,17,42,70,102,105,119,170,255,714,1190,1785
H 12678 210 17 3 3570 1,3,5,7,15,17,21,35,51,85,105,119,255,357,595,1785
H 12679 210 17 3 3570 1,2,5,7,10,14,17,34,35,70,85,119,170,238,595,1190
H 12680 210 17 2 3570 1,5,6,7,17,30,35,42,85,102,119,210,510,595,714,3570
H 12681 210 17 4 3570 1,2,3,5,6,7,10,14,15,21,30,35,42,70,105,210
H 12683 210 17 2 3570 1,2,3,6,7,14,21,42,85,170,255,510,595,1190,1785,3570
H 12684 210 17 3 3570 1,2,3,6,35,70,85,105,119,170,210,238,255,357,510,714
H 12685 210 17 2 3570 1,2,5,7,10,14,35,51,70,102,255,357,510,714,1785,3570
H 12686 210 17 3 3570 1,2,5,10,21,42,51,102,105,119,210,238,255,510,595,1190
H 12687 210 17 3 3570 1,2,7,14,15,30,51,85,102,105,170,210,357,595,714,1190
H 12689 210 17 3 3570 1,3,5,7,15,21,34,35,102,105,170,238,510,714,1190,3570
H 12690 210 17 2 3570 1,3,5,14,15,34,42,70,102,119,170,210,357,510,595,1785
H 12692 210 17 2 3570 1,3,10,14,30,34,35,42,85,102,105,119,255,357,1190,3570
H 12693 210 17 2 3570 1,5,6,7,30,34,35,42,51,170,210,238,255,357,1190,1785
H 12694 210 17 3 3570 1,5,6,14,21,30,34,51,70,105,119,170,255,595,714,3570
H 12696 210 17 4 3570 1,6,10,14,15,21,34,35,51,85,119,210,510,714,1190,1785
H 12697 210 17 4 3570 1,2,3,5,6,10,15,17,30,34,51,85,102,170,255,510
H 12698 210 17 2 3570 1,2,3,6,17,34,35,51,70,102,105,210,595,1190,1785,3570
H 12699 210 17 2 3570 1,2,5,10,17,21,34,42,85,105,170,210,357,714,1785,3570
H 12700 210 17 3 3570 1,2,15,17,21,30,34,35,42,70,255,357,510,595,714,1190
H 12701 210 17 2 3570 1,3,5,14,15,17,42,51,70,85,210,238,255,714,1190,3570
H 12702 210 17 2 3570 1,3,10,14,17,30,35,42,51,105,170,238,510,595,714,1785
H 12704 210 17 2 3570 1,6,10,14,15,17,21,35,102,170,210,238,255,357,595,3570
U 12740 210 19 3 3990 1,3,19,57,70,210,1330,3990
U 12792 210 19 3 3990 1,3,5,15,266,798,1330,3990
H 12861 210 19 4 3990 1,2,3,6,7,14,19,21,38,42,57,114,133,266,399,798
H 12862 210 19 3 3990 1,2,7,14,15,19,30,38,105,133,210,266,285,570,1995,3990
H 12865 210 19 4 3990 1,3,5,7,15,19,21,35,57,95,105,133,285,399,665,1995
H 12866 210 19 3 3990 1,2,5,7,10,14,19,35,38,70,95,133,190,266,665,1330
H 12867 210 19 3 3990 1,5,6,7,19,30,35,42,95,114,133,210,570,665,798,3990
H 12868 210 19 5 3990 1,2,3,5,6,7,10,14,15,21,30,35,42,70,105,210
H 12870 210 19 2 3990 1,2,3,6,7,14,21,42,95,190,285,570,665,1330,1995,3990
H 12871 210 19 3 3990 1,2,3,6,35,70,95,105,133,190,210,266,285,399,570,798
H 12872 210 19 2 3990 1,2,5,7,10,14,35,57,70,114,285,399,570,798,1995,3990
H 12873 210 19 3 3990 1,2,5,10,21,42,57,105,114,133,210,266,285,570,665,1330
H 12874 210 19 2 3990 1,2,7,14,15,30,57,95,105,114,190,210,399,665,798,1330
H 12875 210 19 2 3990 1,2,15,21,30,35,42,57,70,95,114,133,190,266,1995,3990
H 12877 210 19 4 3990 1,3,5,14,15,38,42,70,114,133,190,210,399,570,665,1995
H 12878 210 19 4 3990 1,3,7,10,21,30,38,70,95,114,210,266,285,665,798,1995
H 12879 210 19 2 3990 1,3,10,14,30,35,38,42,95,105,114,133,285,399,1330,3990
H 12880 210 19 3 3990 1,5,6,7,30,35,38,42,57,190,210,266,285,399,1330,1995
H 12882 210 19 3 3990 1,6,7,10,15,38,42,57,70,95,105,266,399,570,665,3990
H 12883 210 19 2 3990 1,6,10,14,15,21,35,38,57,95,133,210,570,798,1330,1995
H 12884 210 19 5 3990 1,2,3,5,6,10,15,19,30,38,57,95,114,190,285,570
H 12886 210 19 2 3990 1,2,5,10,19,21,38,42,95,105,190,210,399,798,1995,3990
H 12887 210 19 3 3990 1,2,15,19,21,30,35,38,42,70,285,399,570,665,798,1330
H 12889 210 19 3 3990 1,3,10,14,19,30,35,42,57,105,190,266,570,665,798,1995
H 12890 210 19 3 3990 1,5,6,14,19,21,30,70,95,105,114,266,399,570,1330,1995
H 12891 210 19 4 3990 1,6,10,14,15,19,21,35,114,190,210,266,285,399,665,3990
U 12894 210 23 3 4830 1,2,7,14,15,23,30,46,105,161,210,322,345,690,2415,4830
U 12899 210 23 3 4830 1,5,6,7,23,30,35,42,115,138,161,210,690,805,966,4830
U 12901 210 23 3 4830 1,2,3,5,6,10,15,30,161,322,483,805,966,1610,2415,4830
U 12902 210 23 3 4830 1,2,3,6,7,14,21,42,115,230,345,690,805,1610,2415,4830
U 12905 210 23 3 4830 1,2,5,10,21,42,69,105,138,161,210,322,345,690,805,1610
H 12914 210 23 2 4830 1,6,7,10,15,42,46,69,70,105,115,322,483,690,805,4830
U 12919 210 23 3 4830 1,2,15,21,23,30,35,42,46,70,345,483,690,805,966,1610
U 12931 210 29 3 6090 1,5,6,7,29,30,35,42,145,174,203,210,870,1015,1218,6090
U 12936 210 29 3 6090 1,2,5,7,10,14,35,70,87,174,435,609,870,1218,3045,6090
U 12950 210 29 3 6090 1,2,5,10,21,29,42,58,105,145,210,290,609,1218,3045,6090
U 12959 210 31 3 6510 1,3,7,10,21,30,31,70,93,210,217,310,651,930,2170,6510
H 13021 210 41 2 8610 1,2,3,5,6,7,10,14,15,21,30,35,41,42,70,82,105,123,205,210,246,287,410,574,615,861,1230,1435,1722,2870,4305,8610
H 13022 210 43 2 9030 1,2,3,5,6,7,10,14,15,21,30,35,42,43,70,86,105,129,210,215,258,301,430,602,645,903,1290,1505,1806,3010,4515,9030
U 13024 210 53 3 11130 1,2,3,5,6,7,10,14,15,21,30,35,42,53,70,105,106,159,210,265,318,371,530,742,795,1113,1590,1855,2226,3710,5565,11130
U 13029 210 73 4 15330 1,2,3,5,6,7,10,14,15,21,30,35,42,70,73,105,146,210,219,365,438,511,730,1022,1095,1533,2190,2555,3066,5110,7665,15330
U 13031 213 1 5 213 1,3
H 13034 213 1 2 213 1,3,71,213
U 13040 213 2 5 426 1,3,142,426
H 13042 213 2 2 426 1,2,3,6,71,142,213,426
H 13057 214 3 2 642 1,2,3,6,107,214,321,642
H 13060 215 1 8 215 1,5
H 13062 215 1 6 215 1,43
H 13086 218 3 2 654 1,2,3,6,109,218,327,654
U 13113 226 1 3 226 1,113
U 13116 226 3 5 678 1,6,113,678
H 13122 226 3 2 678 1,2,3,6,113,226,339,678
H 13129 235 2 2 470 1,2,5,10,47,94,235,470
H 13132 237 1 7 237 1,3
H 13133 237 1 4 237 1,237
H 13134 237 1 2 237 1,79
H 13155 249 1 2 249 1,3,83,249
H 13164 254 1 2 254 1,254
H 13167 254 3 2 762 1,2,3,6,127,254,381,762
H 13184 265 1 2 265 1,5,53,265
H 13208 287 1 2 287 1,7,41,287
H 13214 291 1 2 291 1,3,97,291
H 13228 299 1 2 299 1,13,23,299
H 13235 302 1 2 302 1,2,151,302
H 13241 303 1 2 303 1,3,101,303
H 13254 314 1 7 314 1,2
H 13256 314 1 6 314 1,157
H 13265 321 1 2 321 1,3,107,321
H 13270 326 1 2 326 1,326
H 13273 326 3 2 978 1,2,3,6,163,326,489,978
H 13278 327 2 2 654 1,2,3,6,109,218,327,654
H 13282 330 1 3 330 1,2
H 13284 330 1 3 330 1,10
H 13285 330 1 3 330 1,110
H 13286 330 1 3 330 1,6
H 13287 330 1 3 330 1,66
H 13288 330 1 3 330 1,30
H 13292 330 1 3 330 1,15
H 13294 330 1 3 330 1,5
H 13295 330 1 3 330 1,55
H 13296 330 1 3 330 1,11
H 13297 330 1 2 330 1,2,5,10
H 13298 330 1 2 330 1,2,55,110
H 13301 330 1 2 330 1,5,6,30
H 13304 330 1 2 330 1,30,55,66
H 13306 330 1 2 330 1,10,11,110
H 13307 330 1 2 330 1,6,11,66
H 13317 330 1 2 330 1,2,15,30
H 13325 330 1 2 330 1,6,10,15
H 13329 330 1 2 330 1,15,66,110
H 13331 330 1 2 330 1,5,11,55
H 13349 330 7 5 2310 1,2,11,22,35,70,385,770
H 13350 330 7 6 2310 1,5,11,14,55,70,154,770
H 13353 330 7 3 2310 1,6,11,35,66,210,385,2310
H 13354 330 7 2 2310 1,5,11,42,55,210,462,2310
H 13370 330 7 5 2310 1,2,3,6,11,22,33,66
H 13373 330 7 3 2310 1,2,11,22,105,210,1155,2310
H 13374 330 7 3 2310 1,3,11,14,33,42,154,462
H 13376 330 7 4 2310 1,11,14,15,154,165,210,2310
H 13384 330 7 4 2310 1,11,15,42,70,165,462,770
H 13385 330 7 5 2310 1,6,11,66,70,105,770,1155
H 13388 330 7 4 2310 1,2,3,6,35,70,105,210
H 13389 330 7 2 2310 1,2,3,6,385,770,1155,2310
H 13392 330 7 2 2310 1,2,33,35,66,70,1155,2310
H 13393 330 7 4 2310 1,2,33,66,105,210,385,770
U 13395 330 7 3 2310 1,2,21,42,55,110,1155,2310
U 13398 330 7 3 2310 1,2,5,10,231,462,1155,2310
H 13404 330 7 4 2310 1,3,22,35,66,105,770,2310
H 13405 330 7 2 2310 1,3,22,66,70,210,385,1155
H 13408 330 7 4 2310 1,6,22,33,35,210,770,1155
H 13409 330 7 2 2310 1,6,22,33,70,105,385,2310
H 13418 330 7 3 2310 1,3,5,14,15,42,70,210
H 13419 330 7 3 2310 1,3,14,42,55,165,770,2310
U 13421 330 7 3 2310 1,3,14,42,110,330,385,1155
H 13422 330 7 2 2310 1,5,14,33,70,165,462,2310
H 13423 330 7 4 2310 1,14,15,33,55,210,462,770
H 13434 330 7 3 2310 1,3,5,15,154,462,770,2310
H 13435 330 7 3 2310 1,3,55,70,154,165,210,462
U 13437 330 7 3 2310 1,3,10,30,154,385,462,1155
H 13438 330 7 4 2310 1,5,33,42,154,165,210,770
H 13439 330 7 2 2310 1,15,33,42,55,70,154,2310
U 13468 330 7 3 2310 1,7,10,33,70,231,330,2310
U 13477 330 7 3 2310 1,21,30,33,70,77,110,2310
H 13483 330 7 5 2310 1,3,5,11,15,33,55,165
H 13484 330 7 3 2310 1,3,11,33,35,105,385,1155
U 13496 330 7 3 2310 1,5,6,30,77,385,462,2310
U 13497 330 7 3 2310 1,6,7,42,55,330,385,2310
H 13503 330 7 2 2310 1,2,3,6,7,11,14,21,22,33,42,66,77,154,231,462
H 13504 330 7 2 2310 1,2,7,11,14,15,22,30,77,105,154,165,210,330,1155,2310
H 13506 330 7 2 2310 1,6,7,10,11,15,42,66,70,77,105,110,165,462,770,1155
H 13507 330 7 2 2310 1,3,5,7,11,15,21,33,35,55,77,105,165,231,385,1155
H 13508 330 7 3 2310 1,2,5,7,10,11,14,22,35,55,70,77,110,154,385,770
H 13510 330 7 2 2310 1,2,3,5,6,7,10,14,15,21,30,35,42,70,105,210
H 13513 330 7 2 2310 1,2,3,6,35,55,70,77,105,110,154,165,210,231,330,462
H 13515 330 7 2 2310 1,2,5,10,21,33,42,66,77,105,154,165,210,330,385,770
H 13516 330 7 2 2310 1,2,7,14,15,30,33,55,66,105,110,210,231,385,462,770
H 13518 330 7 2 2310 1,3,5,7,15,21,22,35,66,105,110,154,330,462,770,2310
H 13521 330 7 2 2310 1,3,10,14,22,30,35,42,55,66,77,105,165,231,770,2310
H 13522 330 7 2 2310 1,5,6,7,22,30,33,35,42,110,154,165,210,231,770,1155
H 13525 330 7 2 2310 1,6,10,14,15,21,22,33,35,55,77,210,330,462,770,1155
H 13526 330 7 3 2310 1,2,3,5,6,10,11,15,22,30,33,55,66,110,165,330
H 13529 330 7 2 2310 1,2,11,15,21,22,30,35,42,70,165,231,330,385,462,770
H 13532 330 7 3 2310 1,5,6,11,14,21,30,55,66,70,105,154,231,330,770,1155
H 13533 330 7 2 2310 1,6,10,11,14,15,21,35,66,110,154,165,210,231,385,2310
H 13535 330 13 4 4290 1,2,3,6,11,13,22,26,33,39,66,78,143,286,429,858
H 13536 330 13 2 4290 1,2,11,13,15,22,26,30,143,165,195,286,330,390,2145,4290
H 13537 330 13 3 4290 1,3,10,11,13,30,33,39,110,130,143,330,390,429,1430,4290
H 13538 330 13 3 4290 1,6,10,11,13,15,66,78,110,130,143,165,195,858,1430,2145
H 13539 330 13 4 4290 1,3,5,11,13,15,33,39,55,65,143,165,195,429,715,2145
H 13540 330 13 5 4290 1,2,5,10,11,13,22,26,55,65,110,130,143,286,715,1430
H 13541 330 13 2 4290 1,5,6,11,13,30,55,65,66,78,143,330,390,715,858,4290
H 13542 330 13 5 4290 1,2,3,5,6,10,11,15,22,30,33,55,66,110,165,330
H 13543 330 13 2 4290 1,2,3,5,6,10,15,30,143,286,429,715,858,1430,2145,4290
H 13545 330 13 3 4290 1,2,3,6,55,65,110,130,143,165,195,286,330,390,429,858
H 13547 330 13 4 4290 1,2,5,10,33,39,66,78,143,165,195,286,330,390,715,1430
H 13548 330 13 3 4290 1,2,11,15,22,30,39,65,78,130,165,330,429,715,858,1430
H 13549 330 13 3 4290 1,2,15,30,33,39,55,65,66,78,110,130,143,286,2145,4290
H 13551 330 13 2 4290 1,3,5,15,22,26,66,78,110,130,143,330,390,429,715,2145
H 13552 330 13 3 4290 1,3,10,11,26,30,33,65,78,110,195,286,330,715,858,2145
H 13553 330 13 3 4290 1,3,10,22,26,30,55,65,66,78,143,165,195,429,1430,4290
H 13554 330 13 5 4290 1,5,6,11,26,30,39,55,66,130,195,286,330,429,1430,2145
H 13555 330 13 2 4290 1,5,6,22,26,30,33,39,110,130,143,165,195,715,858,4290
H 13556 330 13 3 4290 1,6,10,11,15,26,39,65,66,110,165,286,390,429,715,4290
H 13557 330 13 3 4290 1,6,10,15,22,26,33,39,55,65,143,330,390,858,1430,2145
H 13558 330 13 4 4290 1,2,3,5,6,10,13,15,26,30,39,65,78,130,195,390
H 13559 330 13 2 4290 1,2,3,6,13,26,39,55,78,110,165,330,715,1430,2145,4290
H 13560 330 13 2 4290 1,2,5,10,13,26,33,65,66,130,165,330,429,858,2145,4290
H 13561 330 13 4 4290 1,2,13,15,26,30,33,55,66,110,195,390,429,715,858,1430
H 13562 330 13 3 4290 1,3,5,13,15,22,39,65,66,110,195,286,330,858,1430,4290
H 13564 330 13 3 4290 1,5,6,13,22,30,33,65,78,110,165,286,390,429,1430,2145
H 13565 330 13 3 4290 1,6,10,13,15,22,33,55,78,130,195,286,330,429,715,4290
U 13578 330 17 3 5610 1,2,5,10,11,22,51,55,102,110,255,510,561,1122,2805,5610
U 13608 330 19 3 6270 1,2,3,6,11,22,33,66,95,190,285,570,1045,2090,3135,6270
U 13614 330 19 3 6270 1,3,5,11,15,33,38,55,114,165,190,418,570,1254,2090,6270
U 13629 330 19 3 6270 1,6,10,15,19,22,33,55,114,190,285,330,418,627,1045,6270
U 13658 330 23 5 7590 1,3,5,15,22,23,66,69,110,115,330,345,506,1518,2530,7590
H 13662 330 23 2 7590 1,2,3,5,6,10,11,15,22,23,30,33,46,55,66,69,110,115,138,165,230,253,330,345,506,690,759,1265,1518,2530,3795,7590
U 13664 330 31 3 10230 1,2,3,5,6,10,11,15,22,30,31,33,55,62,66,93,110,155,165,186,310,330,341,465,682,930,1023,1705,2046,3410,5115,10230
H 13672 334 1 2 334 1,2,167,334
H 13679 339 1 2 339 1,3,113,339
H 13681 341 1 2 341 1,11,31,341
U 13687 346 3 5 1038 1,2,3,6,173,346,519,1038
H 13693 358 1 2 358 1,2,179,358
H 13702 371 1 2 371 1,7,53,371
H 13715 386 1 2 386 1,2,193,386
H 13718 390 1 5 390 1,2
H 13721 390 1 3 390 1,130
H 13723 390 1 3 390 1,78
H 13724 390 1 5 390 1,30
H 13726 390 1 5 390 1,3
H 13729 390 1 3 390 1,195
H 13730 390 1 5 390 1,5
H 13732 390 1 3 390 1,13
H 13733 390 1 3 390 1,2,5,10
H 13734 390 1 2 390 1,2,65,130
H 13735 390 1 2 390 1,5,26,130
U 13736 390 1 3 390 1,10,26,65
H 13737 390 1 3 390 1,5,6,30
H 13740 390 1 2 390 1,30,65,78
H 13741 390 1 2 390 1,2,13,26
H 13745 390 1 2 390 1,3,13,39
H 13747 390 1 3 390 1,3,5,15
H 13748 390 1 2 390 1,3,65,195
H 13749 390 1 2 390 1,5,39,195
U 13750 390 1 3 390 1,15,39,65
H 13751 390 1 3 390 1,2,3,6
H 13752 390 1 2 390 1,2,39,78
H 13753 390 1 3 390 1,2,15,30
H 13755 390 1 2 390 1,3,26,78
U 13756 390 1 3 390 1,6,26,39
H 13758 390 1 2 390 1,26,30,195
H 13759 390 1 3 390 1,3,10,30
H 13761 390 1 3 390 1,6,10,15
H 13764 390 1 2 390 1,30,39,130
H 13767 390 1 2 390 1,5,13,65
H 13769 390 1 2 390 1,2,3,5,6,10,15,30
H 13801 390 7 5 2730 1,7,10,13,70,91,130,910
H 13803 390 7 3 2730 1,7,13,30,91,210,390,2730
H 13804 390 7 7 2730 1,3,7,13,21,39,91,273
H 13814 390 7 6 2730 1,3,10,13,30,39,130,390
H 13815 390 7 4 2730 1,10,13,21,130,210,273,2730
H 13818 390 7 2 2730 1,3,13,39,70,210,910,2730
H 13819 390 7 2 2730 1,13,21,30,70,273,390,910
U 13892 390 7 3 2730 1,2,7,14,195,390,1365,2730
H 13902 390 7 7 2730 1,3,7,10,21,30,70,210
H 13903 390 7 4 2730 1,3,10,30,91,273,910,2730
H 13904 390 7 3 2730 1,7,10,39,70,273,390,2730
H 13905 390 7 4 2730 1,10,21,39,91,210,390,910
H 13910 390 7 3 2730 1,3,7,21,130,390,910,2730
H 13911 390 7 4 2730 1,3,70,91,130,210,273,390
H 13912 390 7 5 2730 1,7,30,39,130,210,273,910
H 13913 390 7 6 2730 1,21,30,39,70,91,130,2730
H 13939 390 7 4 2730 1,2,3,6,7,13,14,21,26,39,42,78,91,182,273,546
H 13942 390 7 2 2730 1,6,7,10,13,15,42,70,78,91,105,130,195,546,910,1365
H 13943 390 7 3 2730 1,3,5,7,13,15,21,35,39,65,91,105,195,273,455,1365
H 13944 390 7 3 2730 1,2,5,7,10,13,14,26,35,65,70,91,130,182,455,910
H 13945 390 7 2 2730 1,5,6,7,13,30,35,42,65,78,91,210,390,455,546,2730
H 13946 390 7 4 2730 1,2,3,5,6,7,10,14,15,21,30,35,42,70,105,210
H 13947 390 7 2 2730 1,2,3,5,6,10,15,30,91,182,273,455,546,910,1365,2730
H 13949 390 7 2 2730 1,2,3,6,35,65,70,91,105,130,182,195,210,273,390,546
H 13951 390 7 2 2730 1,2,5,10,21,39,42,78,91,105,182,195,210,390,455,910
H 13952 390 7 3 2730 1,2,7,14,15,30,39,65,78,105,130,210,273,455,546,910
H 13953 390 7 3 2730 1,2,15,21,30,35,39,42,65,70,78,91,130,182,1365,2730
H 13954 390 7 2 2730 1,3,5,7,15,21,26,35,78,105,130,182,390,546,910,2730
H 13955 390 7 2 2730 1,3,5,14,15,26,42,70,78,91,130,210,273,390,455,1365
H 13956 390 7 3 2730 1,3,7,10,21,26,30,65,70,78,182,195,210,455,546,1365
H 13957 390 7 2 2730 1,3,10,14,26,30,35,42,65,78,91,105,195,273,910,2730
H 13958 390 7 2 2730 1,5,6,7,26,30,35,39,42,130,182,195,210,273,910,1365
H 13959 390 7 3 2730 1,5,6,14,21,26,30,39,70,91,105,130,195,455,546,2730
H 13960 390 7 2 2730 1,6,7,10,15,26,39,42,65,70,105,182,273,390,455,2730
H 13961 390 7 2 2730 1,6,10,14,15,21,26,35,39,65,91,210,390,546,910,1365
H 13962 390 7 3 2730 1,2,3,5,6,10,13,15,26,30,39,65,78,130,195,390
H 13964 390 7 2 2730 1,2,5,10,13,21,26,42,65,105,130,210,273,546,1365,2730
H 13967 390 7 3 2730 1,3,10,13,14,30,35,39,42,105,130,182,390,455,546,1365
H 13969 390 7 2 2730 1,6,10,13,14,15,21,35,78,130,182,195,210,273,455,2730
U 13972 390 11 3 4290 1,2,11,13,15,22,26,30,143,165,195,286,330,390,2145,4290
U 13977 390 11 3 4290 1,5,6,11,13,30,55,65,66,78,143,330,390,715,858,4290
U 13979 390 11 3 4290 1,2,3,5,6,10,15,30,143,286,429,715,858,1430,2145,4290
U 13980 390 11 3 4290 1,2,3,6,11,22,33,65,66,130,195,390,715,1430,2145,4290
U 13982 390 11 3 4290 1,2,5,10,11,22,39,55,78,110,195,390,429,858,2145,4290
U 13991 390 11 3 4290 1,5,6,22,26,30,33,39,110,130,143,165,195,715,858,4290
U 13995 390 11 3 4290 1,2,3,6,13,26,39,55,78,110,165,330,715,1430,2145,4290
H 13996 390 11 2 4290 1,2,5,10,13,26,33,65,66,130,165,330,429,858,2145,4290
U 13998 390 11 3 4290 1,3,5,13,15,22,39,65,66,110,195,286,330,858,1430,4290
U 14001 390 11 3 4290 1,6,10,13,15,22,33,55,78,130,195,286,330,429,715,4290
U 14004 390 17 5 6630 1,2,13,15,17,26,30,34,195,221,255,390,442,510,3315,6630
U 14009 390 17 5 6630 1,5,6,13,17,30,65,78,85,102,221,390,510,1105,1326,6630
U 14024 390 17 5 6630 1,6,10,13,15,34,51,78,85,130,195,442,510,663,1105,6630
U 14027 390 17 5 6630 1,2,3,6,17,34,51,65,102,130,195,390,1105,2210,3315,6630
U 14033 390 17 5 6630 1,6,10,15,17,26,39,65,102,170,255,390,442,663,1105,6630
H 14034 390 17 2 6630 1,2,3,5,6,10,13,15,17,26,30,34,39,51,65,78,85,102,130,170,195,221,255,390,442,510,663,1105,1326,2210,3315,6630
H 14067 390 23 2 8970 1,2,3,5,6,10,13,15,23,26,30,39,46,65,69,78,115,130,138,195,230,299,345,390,598,690,897,1495,1794,2990,4485,8970
U 14069 390 31 3 12090 1,2,3,5,6,10,13,15,26,30,31,39,62,65,78,93,130,155,186,195,310,390,403,465,806,930,1209,2015,2418,4030,6045,12090
H 14077 394 1 2 394 1,2,197,394
H 14084 398 1 2 398 1,2,199,398
H 14091 415 1 2 415 1,5,83,415
H 14092 417 1 2 417 1,3,139,417
H 14103 446 1 2 446 1,446
H 14110 453 1 2 453 1,3,151,453
H 14115 454 1 2 454 1,2,227,454
H 14123 462 1 3 462 1,2
H 14124 462 1 3 462 1,22
H 14129 462 1 3 462 1,42
H 14130 462 1 3 462 1,462
H 14131 462 1 5 462 1,3
H 14132 462 1 5 462 1,33
H 14135 462 1 5 462 1,7
H 14136 462 1 5 462 1,77
H 14138 462 1 2 462 1,2,7,14
H 14141 462 1 2 462 1,14,22,77
H 14142 462 1 2 462 1,6,7,42
H 14143 462 1 2 462 1,6,77,462
H 14144 462 1 2 462 1,7,66,462
H 14145 462 1 2 462 1,42,66,77
U 14148 462 1 3 462 1,6,11,66
H 14150 462 1 3 462 1,3,11,33
H 14151 462 1 3 462 1,11,21,231
H 14152 462 1 3 462 1,3,7,21
H 14153 462 1 3 462 1,3,77,231
H 14154 462 1 3 462 1,7,33,231
H 14155 462 1 3 462 1,21,33,77
H 14156 462 1 2 462 1,2,3,6
H 14157 462 1 2 462 1,2,33,66
H 14160 462 1 2 462 1,3,22,66
H 14161 462 1 2 462 1,6,22,33
H 14164 462 1 2 462 1,3,14,42
H 14165 462 1 2 462 1,14,33,462
U 14166 462 1 3 462 1,6,14,21
U 14167 462 1 3 462 1,14,66,231
H 14172 462 1 3 462 1,7,11,77
H 14173 462 1 2 462 1,3,7,11,21,33,77,231
H 14205 462 5 5 2310 1,2,7,11,14,22,77,154
H 14208 462 5 4 2310 1,7,11,30,77,210,330,2310
H 14210 462 5 6 2310 1,7,11,15,77,105,165,1155
H 14213 462 5 5 2310 1,2,11,15,22,30,165,330
H 14214 462 5 3 2310 1,2,11,22,105,210,1155,2310
H 14217 462 5 2 2310 1,11,14,15,154,165,210,2310
H 14218 462 5 4 2310 1,11,14,30,105,154,330,1155
U 14230 462 5 3 2310 1,2,3,6,385,770,1155,2310
U 14233 462 5 3 2310 1,2,33,35,66,70,1155,2310
U 14276 462 5 3 2310 1,3,55,70,154,165,210,462
U 14280 462 5 3 2310 1,15,33,42,55,70,154,2310
U 14286 462 5 3 2310 1,10,21,66,154,165,210,385
U 14290 462 5 3 2310 1,6,10,15,154,231,385,2310
H 14295 462 5 6 2310 1,2,7,14,15,30,105,210
H 14296 462 5 2 2310 1,2,15,30,77,154,1155,2310
H 14297 462 5 2 2310 1,2,7,14,165,330,1155,2310
H 14298 462 5 2 2310 1,2,77,105,154,165,210,330
H 14303 462 5 3 2310 1,7,15,22,105,154,330,2310
H 14304 462 5 5 2310 1,14,15,22,77,210,330,1155
H 14305 462 5 3 2310 1,7,22,30,154,165,210,1155
H 14306 462 5 5 2310 1,14,22,30,77,105,165,2310
H 14344 462 5 3 2310 1,2,3,6,7,11,14,21,22,33,42,66,77,154,231,462
H 14346 462 5 2 2310 1,3,7,10,11,21,30,33,70,77,110,210,231,330,770,2310
H 14347 462 5 3 2310 1,6,7,10,11,15,42,66,70,77,105,110,165,462,770,1155
H 14348 462 5 3 2310 1,3,5,7,11,15,21,33,35,55,77,105,165,231,385,1155
H 14349 462 5 2 2310 1,2,5,7,10,11,14,22,35,55,70,77,110,154,385,770
H 14350 462 5 2 2310 1,5,6,7,11,30,35,42,55,66,77,210,330,385,462,2310
H 14351 462 5 3 2310 1,2,3,5,6,7,10,14,15,21,30,35,42,70,105,210
H 14357 462 5 3 2310 1,2,7,14,15,30,33,55,66,105,110,210,231,385,462,770
H 14359 462 5 2 2310 1,3,5,7,15,21,22,35,66,105,110,154,330,462,770,2310
H 14360 462 5 2 2310 1,3,5,14,15,22,42,66,70,77,110,210,231,330,385,1155
H 14362 462 5 3 2310 1,3,10,14,22,30,35,42,55,66,77,105,165,231,770,2310
H 14363 462 5 2 2310 1,5,6,7,22,30,33,35,42,110,154,165,210,231,770,1155
H 14364 462 5 2 2310 1,5,6,14,21,22,30,33,70,77,105,110,165,385,462,2310
H 14366 462 5 3 2310 1,6,10,14,15,21,22,33,35,55,77,210,330,462,770,1155
H 14367 462 5 3 2310 1,2,3,5,6,10,11,15,22,30,33,55,66,110,165,330
H 14369 462 5 2 2310 1,2,5,10,11,21,22,42,55,105,110,210,231,462,1155,2310
H 14370 462 5 2 2310 1,2,11,15,21,22,30,35,42,70,165,231,330,385,462,770
H 14372 462 5 2 2310 1,3,10,11,14,30,33,35,42,105,110,154,330,385,462,1155
H 14373 462 5 2 2310 1,5,6,11,14,21,30,55,66,70,105,154,231,330,770,1155
U 14387 462 13 3 6006 1,2,7,11,14,22,39,77,78,154,273,429,546,858,3003,6006
U 14394 462 13 3 6006 1,3,14,22,26,42,66,77,78,91,143,231,273,429,2002,6006
H 14408 462 17 2 7854 1,2,3,6,7,11,14,17,21,22,33,34,42,51,66,77,102,119,154,187,231,238,357,374,462,561,714,1122,1309,2618,3927,7854
H 14409 462 19 2 8778 1,2,3,6,7,11,14,19,21,22,33,38,42,57,66,77,114,133,154,209,231,266,399,418,462,627,798,1254,1463,2926,4389,8778
U 14411 462 25 6 11550 1,2,3,6,7,11,14,21,22,25,33,42,50,66,75,77,150,154,175,231,275,350,462,525,550,825,1050,1650,1925,3850,5775,11550
H 14420 471 1 2 471 1,3,157,471
H 14432 482 1 2 482 1,2,241,482
H 14439 502 1 2 502 1,2,251,502
H 14443 510 1 3 510 1,10
H 14444 510 1 5 510 1,170
H 14445 510 1 5 510 1,6
H 14446 510 1 3 510 1,102
H 14449 510 1 3 510 1,3
H 14450 510 1 5 510 1,51
H 14453 510 1 5 510 1,5
H 14454 510 1 3 510 1,85
H 14456 510 1 2 510 1,2,5,10
H 14457 510 1 2 510 1,2,85,170
H 14458 510 1 3 510 1,5,34,170
H 14460 510 1 3 510 1,5,6,30
U 14464 510 1 3 510 1,2,17,34
H 14465 510 1 2 510 1,10,17,170
H 14466 510 1 2 510 1,6,17,102
H 14468 510 1 2 510 1,3,17,51
U 14469 510 1 3 510 1,15,17,255
H 14470 510 1 2 510 1,3,5,15
H 14472 510 1 3 510 1,5,51,255
H 14473 510 1 2 510 1,15,51,85
H 14474 510 1 2 510 1,2,3,6
H 14475 510 1 2 510 1,2,51,102
U 14476 510 1 3 510 1,2,15,30
H 14479 510 1 3 510 1,6,34,51
H 14481 510 1 3 510 1,30,34,255
H 14484 510 1 2 510 1,6,10,15
H 14487 510 1 3 510 1,30,51,170
H 14488 510 1 2 510 1,15,102,170
H 14489 510 1 3 510 1,6,170,255
H 14490 510 1 2 510 1,5,17,85
H 14498 510 1 2 510 1,5,6,30,34,51,170,255
H 14507 510 7 4 3570 1,2,3,6,7,14,17,21,34,42,51,102,119,238,357,714
H 14509 510 7 2 3570 1,3,7,10,17,21,30,51,70,119,170,210,357,510,1190,3570
H 14510 510 7 4 3570 1,6,7,10,15,17,42,70,102,105,119,170,255,714,1190,1785
H 14511 510 7 3 3570 1,3,5,7,15,17,21,35,51,85,105,119,255,357,595,1785
H 14512 510 7 4 3570 1,2,5,7,10,14,17,34,35,70,85,119,170,238,595,1190
H 14513 510 7 3 3570 1,5,6,7,17,30,35,42,85,102,119,210,510,595,714,3570
H 14514 510 7 4 3570 1,2,3,5,6,7,10,14,15,21,30,35,42,70,105,210
H 14516 510 7 2 3570 1,2,3,6,7,14,21,42,85,170,255,510,595,1190,1785,3570
H 14517 510 7 2 3570 1,2,3,6,35,70,85,105,119,170,210,238,255,357,510,714
H 14518 510 7 2 3570 1,2,5,7,10,14,35,51,70,102,255,357,510,714,1785,3570
H 14519 510 7 2 3570 1,2,5,10,21,42,51,102,105,119,210,238,255,510,595,1190
H 14520 510 7 4 3570 1,2,7,14,15,30,51,85,102,105,170,210,357,595,714,1190
H 14521 510 7 3 3570 1,2,15,21,30,35,42,51,70,85,102,119,170,238,1785,3570
H 14522 510 7 2 3570 1,3,5,7,15,21,34,35,102,105,170,238,510,714,1190,3570
H 14523 510 7 2 3570 1,3,5,14,15,34,42,70,102,119,170,210,357,510,595,1785
H 14524 510 7 2 3570 1,3,7,10,21,30,34,70,85,102,210,238,255,595,714,1785
H 14525 510 7 3 3570 1,3,10,14,30,34,35,42,85,102,105,119,255,357,1190,3570
H 14526 510 7 3 3570 1,5,6,7,30,34,35,42,51,170,210,238,255,357,1190,1785
H 14527 510 7 4 3570 1,5,6,14,21,30,34,51,70,105,119,170,255,595,714,3570
H 14529 510 7 3 3570 1,6,10,14,15,21,34,35,51,85,119,210,510,714,1190,1785
H 14530 510 7 4 3570 1,2,3,5,6,10,15,17,30,34,51,85,102,170,255,510
H 14531 510 7 2 3570 1,2,3,6,17,34,35,51,70,102,105,210,595,1190,1785,3570
H 14532 510 7 2 3570 1,2,5,10,17,21,34,42,85,105,170,210,357,714,1785,3570
H 14533 510 7 4 3570 1,2,15,17,21,30,34,35,42,70,255,357,510,595,714,1190
H 14534 510 7 3 3570 1,3,5,14,15,17,42,51,70,85,210,238,255,714,1190,3570
H 14536 510 7 2 3570 1,5,6,14,17,21,30,70,85,102,105,238,357,510,1190,1785
H 14537 510 7 2 3570 1,6,10,14,15,17,21,35,102,170,210,238,255,357,595,3570
U 14547 510 11 3 5610 1,2,3,5,6,10,15,30,187,374,561,935,1122,1870,2805,5610
U 14564 510 11 3 5610 1,2,5,10,17,33,34,66,85,165,170,330,561,1122,2805,5610
U 14579 510 13 5 6630 1,2,3,5,6,10,15,30,221,442,663,1105,1326,2210,3315,6630
H 14602 510 13 2 6630 1,2,3,5,6,10,13,15,17,26,30,34,39,51,65,78,85,102,130,170,195,221,255,390,442,510,663,1105,1326,2210,3315,6630
U 14603 510 19 4 9690 1,2,3,5,6,10,15,17,19,30,34,38,51,57,85,95,102,114,170,190,255,285,323,510,570,646,969,1615,1938,3230,4845,9690
U 14605 510 29 5 14790 1,2,3,5,6,10,15,17,29,30,34,51,58,85,87,102,145,170,174,255,290,435,493,510,870,986,1479,2465,2958,4930,7395,14790
H 14607 514 1 2 514 1,2,257,514
H 14616 538 1 2 538 1,2,269,538
H 14620 546 1 7 546 1,2
H 14621 546 1 7 546 1,26
H 14624 546 1 7 546 1,6
H 14625 546 1 5 546 1,78
H 14630 546 1 5 546 1,21
H 14631 546 1 5 546 1,273
H 14632 546 1 7 546 1,7
H 14633 546 1 5 546 1,91
H 14635 546 1 4 546 1,2,7,14
H 14636 546 1 3 546 1,2,91,182
H 14637 546 1 4 546 1,7,26,182
H 14638 546 1 3 546 1,14,26,91
H 14639 546 1 4 546 1,6,7,42
H 14642 546 1 2 546 1,42,78,91
H 14643 546 1 4 546 1,2,13,26
H 14645 546 1 3 546 1,6,13,78
H 14648 546 1 2 546 1,13,21,273
H 14649 546 1 3 546 1,3,7,21
H 14650 546 1 2 546 1,3,91,273
H 14651 546 1 3 546 1,7,39,273
H 14652 546 1 2 546 1,21,39,91
H 14653 546 1 4 546 1,2,3,6
H 14654 546 1 3 546 1,2,39,78
H 14655 546 1 3 546 1,2,21,42
H 14657 546 1 3 546 1,3,26,78
H 14658 546 1 4 546 1,6,26,39
H 14660 546 1 3 546 1,26,42,273
H 14663 546 1 3 546 1,6,14,21
H 14664 546 1 2 546 1,14,78,273
H 14667 546 1 2 546 1,21,78,182
H 14668 546 1 3 546 1,6,182,273
H 14669 546 1 3 546 1,7,13,91
H 14671 546 1 2 546 1,2,3,6,7,14,21,42
H 14677 546 1 2 546 1,6,7,26,39,42,182,273
H 14679 546 1 2 546 1,2,3,6,13,26,39,78
H 14683 546 1 2 546 1,2,7,13,14,26,91,182
U 14748 546 5 3 2730 1,5,21,26,105,130,546,2730
U 14772 546 5 3 2730 1,3,5,15,182,546,910,2730
U 14809 546 5 3 2730 1,6,10,15,91,546,910,1365
H 14841 546 5 3 2730 1,2,3,6,7,13,14,21,26,39,42,78,91,182,273,546
H 14842 546 5 3 2730 1,2,7,13,14,15,26,30,91,105,182,195,210,390,1365,2730
H 14845 546 5 4 2730 1,3,5,7,13,15,21,35,39,65,91,105,195,273,455,1365
H 14846 546 5 3 2730 1,2,5,7,10,13,14,26,35,65,70,91,130,182,455,910
H 14847 546 5 2 2730 1,5,6,7,13,30,35,42,65,78,91,210,390,455,546,2730
H 14848 546 5 4 2730 1,2,3,5,6,7,10,14,15,21,30,35,42,70,105,210
H 14850 546 5 2 2730 1,2,3,6,7,14,21,42,65,130,195,390,455,910,1365,2730
H 14851 546 5 2 2730 1,2,3,6,35,65,70,91,105,130,182,195,210,273,390,546
H 14852 546 5 2 2730 1,2,5,7,10,14,35,39,70,78,195,273,390,546,1365,2730
H 14853 546 5 3 2730 1,2,5,10,21,39,42,78,91,105,182,195,210,390,455,910
H 14854 546 5 2 2730 1,2,7,14,15,30,39,65,78,105,130,210,273,455,546,910
H 14855 546 5 2 2730 1,2,15,21,30,35,39,42,65,70,78,91,130,182,1365,2730
H 14857 546 5 3 2730 1,3,5,14,15,26,42,70,78,91,130,210,273,390,455,1365
H 14858 546 5 2 2730 1,3,7,10,21,26,30,65,70,78,182,195,210,455,546,1365
H 14859 546 5 3 2730 1,3,10,14,26,30,35,42,65,78,91,105,195,273,910,2730
H 14860 546 5 3 2730 1,5,6,7,26,30,35,39,42,130,182,195,210,273,910,1365
H 14862 546 5 4 2730 1,6,7,10,15,26,39,42,65,70,105,182,273,390,455,2730
H 14864 546 5 5 2730 1,2,3,5,6,10,13,15,26,30,39,65,78,130,195,390
H 14865 546 5 2 2730 1,2,3,6,13,26,35,39,70,78,105,210,455,910,1365,2730
H 14867 546 5 2 2730 1,2,13,15,21,26,30,35,42,70,195,273,390,455,546,910
H 14869 546 5 3 2730 1,3,10,13,14,30,35,39,42,105,130,182,390,455,546,1365
H 14870 546 5 3 2730 1,5,6,13,14,21,30,65,70,78,105,182,273,390,910,1365
H 14871 546 5 3 2730 1,6,10,13,14,15,21,35,78,130,182,195,210,273,455,2730
H 14912 566 1 2 566 1,2,283,566
H 14913 570 1 7 570 1,2
H 14920 570 1 3 570 1,570
H 14924 570 1 3 570 1,285
H 14928 570 1 4 570 1,2,5,10
H 14929 570 1 3 570 1,2,95,190
H 14930 570 1 3 570 1,5,38,190
H 14932 570 1 3 570 1,5,6,30
H 14933 570 1 2 570 1,6,95,570
H 14934 570 1 2 570 1,5,114,570
H 14936 570 1 4 570 1,2,19,38
H 14937 570 1 3 570 1,10,19,190
H 14940 570 1 3 570 1,3,19,57
H 14941 570 1 2 570 1,15,19,285
H 14943 570 1 2 570 1,3,95,285
H 14946 570 1 4 570 1,2,3,6
H 14947 570 1 3 570 1,2,57,114
H 14948 570 1 3 570 1,2,15,30
H 14951 570 1 3 570 1,6,38,57
H 14952 570 1 2 570 1,15,38,570
H 14954 570 1 3 570 1,3,10,30
H 14957 570 1 2 570 1,10,114,285
U 14960 570 1 3 570 1,15,114,190
H 14964 570 1 2 570 1,2,3,5,6,10,15,30
H 14972 570 1 2 570 1,2,3,6,19,38,57,114
H 14976 570 1 2 570 1,2,5,10,19,38,95,190
H 14979 570 7 5 3990 1,2,3,6,7,14,19,21,38,42,57,114,133,266,399,798
H 14980 570 7 2 3990 1,2,7,14,15,19,30,38,105,133,210,266,285,570,1995,3990
H 14981 570 7 2 3990 1,3,7,10,19,21,30,57,70,133,190,210,399,570,1330,3990
H 14982 570 7 2 3990 1,6,7,10,15,19,42,70,105,114,133,190,285,798,1330,1995
H 14983 570 7 5 3990 1,3,5,7,15,19,21,35,57,95,105,133,285,399,665,1995
H 14984 570 7 5 3990 1,2,5,7,10,14,19,35,38,70,95,133,190,266,665,1330
H 14985 570 7 2 3990 1,5,6,7,19,30,35,42,95,114,133,210,570,665,798,3990
H 14986 570 7 6 3990 1,2,3,5,6,7,10,14,15,21,30,35,42,70,105,210
H 14987 570 7 2 3990 1,2,3,5,6,10,15,30,133,266,399,665,798,1330,1995,3990
H 14989 570 7 3 3990 1,2,3,6,35,70,95,105,133,190,210,266,285,399,570,798
H 14990 570 7 2 3990 1,2,5,7,10,14,35,57,70,114,285,399,570,798,1995,3990
H 14991 570 7 2 3990 1,2,5,10,21,42,57,105,114,133,210,266,285,570,665,1330
H 14992 570 7 4 3990 1,2,7,14,15,30,57,95,105,114,190,210,399,665,798,1330
H 14993 570 7 4 3990 1,2,15,21,30,35,42,57,70,95,114,133,190,266,1995,3990
H 14994 570 7 2 3990 1,3,5,7,15,21,35,38,105,114,190,266,570,798,1330,3990
H 14995 570 7 4 3990 1,3,5,14,15,38,42,70,114,133,190,210,399,570,665,1995
H 14996 570 7 4 3990 1,3,7,10,21,30,38,70,95,114,210,266,285,665,798,1995
H 14997 570 7 2 3990 1,3,10,14,30,35,38,42,95,105,114,133,285,399,1330,3990
H 14998 570 7 3 3990 1,5,6,7,30,35,38,42,57,190,210,266,285,399,1330,1995
H 14999 570 7 3 3990 1,5,6,14,21,30,38,57,70,105,133,190,285,665,798,3990
H 15000 570 7 4 3990 1,6,7,10,15,38,42,57,70,95,105,266,399,570,665,3990
H 15001 570 7 2 3990 1,6,10,14,15,21,35,38,57,95,133,210,570,798,1330,1995
H 15002 570 7 5 3990 1,2,3,5,6,10,15,19,30,38,57,95,114,190,285,570
H 15003 570 7 3 3990 1,2,3,6,19,35,38,57,70,105,114,210,665,1330,1995,3990
H 15004 570 7 3 3990 1,2,5,10,19,21,38,42,95,105,190,210,399,798,1995,3990
H 15005 570 7 2 3990 1,2,15,19,21,30,35,38,42,70,285,399,570,665,798,1330
H 15007 570 7 4 3990 1,3,10,14,19,30,35,42,57,105,190,266,570,665,798,1995
H 15008 570 7 4 3990 1,5,6,14,19,21,30,70,95,105,114,266,399,570,1330,1995
H 15009 570 7 4 3990 1,6,10,14,15,19,21,35,114,190,210,266,285,399,665,3990
U 15012 570 11 5 6270 1,2,11,15,19,22,30,38,165,209,285,330,418,570,3135,6270
U 15019 570 11 5 6270 1,2,3,5,6,10,15,30,209,418,627,1045,1254,2090,3135,6270
U 15031 570 11 5 6270 1,5,6,22,30,33,38,57,110,165,190,209,285,1045,1254,6270
U 15032 570 11 5 6270 1,6,10,11,15,38,57,66,95,110,165,418,570,627,1045,6270
U 15038 570 11 5 6270 1,3,5,15,19,22,57,66,95,110,285,330,418,1254,2090,6270
U 15041 570 11 4 6270 1,6,10,15,19,22,33,55,114,190,285,330,418,627,1045,6270
H 15042 570 11 2 6270 1,2,3,5,6,10,11,15,19,22,30,33,38,55,57,66,95,110,114,165,190,209,285,330,418,570,627,1045,1254,2090,3135,6270
H 15043 570 13 2 7410 1,2,3,5,6,10,13,15,19,26,30,38,39,57,65,78,95,114,130,190,195,247,285,390,494,570,741,1235,1482,2470,3705,7410
H 15048 586 1 2 586 1,2,293,586
H 15051 614 1 2 614 1,2,307,614
H 15053 626 1 2 626 1,2,313,626
H 15066 690 1 3 690 1,138
H 15068 690 1 3 690 1,690
H 15073 690 1 7 690 1,5
H 15076 690 1 4 690 1,2,5,10
H 15077 690 1 3 690 1,2,115,230
H 15078 690 1 4 690 1,5,46,230
H 15079 690 1 3 690 1,10,46,115
H 15080 690 1 4 690 1,5,6,30
H 15086 690 1 2 690 1,6,23,138
H 15087 690 1 2 690 1,23,30,690
U 15088 690 1 3 690 1,3,23,69
U 15089 690 1 3 690 1,15,23,345
H 15090 690 1 3 690 1,3,5,15
H 15092 690 1 3 690 1,5,69,345
H 15094 690 1 3 690 1,2,3,6
H 15095 690 1 2 690 1,2,69,138
H 15100 690 1 2 690 1,15,46,690
H 15101 690 1 3 690 1,30,46,345
H 15102 690 1 3 690 1,3,10,30
H 15103 690 1 2 690 1,10,69,690
H 15108 690 1 2 690 1,15,138,230
H 15109 690 1 3 690 1,6,230,345
H 15110 690 1 3 690 1,5,23,115
H 15112 690 1 2 690 1,2,3,5,6,10,15,30
H 15118 690 1 2 690 1,5,6,30,46,69,230,345
H 15124 690 1 2 690 1,2,5,10,23,46,115,230
U 15144 690 7 3 4830 1,3,7,10,21,30,46,70,115,138,210,322,345,805,966,2415
U 15151 690 7 3 4830 1,2,3,6,23,35,46,69,70,105,138,210,805,1610,2415,4830
U 15157 690 7 3 4830 1,6,10,14,15,21,23,35,138,210,230,322,345,483,805,4830
H 15159 690 11 2 7590 1,2,3,5,6,10,11,15,22,23,30,33,46,55,66,69,110,115,138,165,230,253,330,345,506,690,759,1265,1518,2530,3795,7590
U 15160 690 13 3 8970 1,2,3,5,6,10,13,15,23,26,30,39,46,65,69,78,115,130,138,195,230,299,345,390,598,690,897,1495,1794,2990,4485,8970
U 15162 690 19 5 13110 1,2,3,5,6,10,15,19,23,30,38,46,57,69,95,114,115,138,190,230,285,345,437,570,690,874,1311,2185,2622,4370,6555,13110
H 15170 714 1 5 714 1,238
H 15174 714 1 3 714 1,714
H 15175 714 1 9 714 1,3
H 15182 714 1 5 714 1,2,7,14
H 15183 714 1 3 714 1,2,119,238
H 15184 714 1 3 714 1,7,34,238
H 15187 714 1 2 714 1,6,119,714
H 15191 714 1 3 714 1,14,17,238
H 15193 714 1 2 714 1,17,42,714
H 15194 714 1 4 714 1,3,17,51
H 15196 714 1 5 714 1,3,7,21
H 15197 714 1 4 714 1,3,119,357
H 15198 714 1 3 714 1,7,51,357
H 15200 714 1 5 714 1,2,3,6
H 15201 714 1 3 714 1,2,51,102
H 15204 714 1 4 714 1,3,34,102
H 15206 714 1 2 714 1,21,34,714
H 15208 714 1 5 714 1,3,14,42
H 15211 714 1 3 714 1,14,102,357
H 15213 714 1 2 714 1,42,51,238
H 15214 714 1 2 714 1,21,102,238
H 15215 714 1 2 714 1,6,238,357
H 15217 714 1 2 714 1,3,7,17,21,51,119,357
H 15218 714 1 3 714 1,2,3,6,7,14,21,42
H 15223 714 1 2 714 1,3,14,34,42,102,119,357
H 15226 714 1 2 714 1,2,3,6,17,34,51,102
H 15230 714 1 2 714 1,2,7,14,17,34,119,238
U 15241 714 5 3 3570 1,2,3,5,6,10,15,30,119,238,357,595,714,1190,1785,3570
U 15244 714 5 3 3570 1,2,5,7,10,14,35,51,70,102,255,357,510,714,1785,3570
U 15246 714 5 3 3570 1,2,7,14,15,30,51,85,102,105,170,210,357,595,714,1190
U 15250 714 5 3 3570 1,3,7,10,21,30,34,70,85,102,210,238,255,595,714,1785
U 15253 714 5 3 3570 1,5,6,14,21,30,34,51,70,105,119,170,255,595,714,3570
U 15255 714 5 3 3570 1,6,10,14,15,21,34,35,51,85,119,210,510,714,1190,1785
H 15258 714 5 2 3570 1,2,5,10,17,21,34,42,85,105,170,210,357,714,1785,3570
U 15260 714 5 3 3570 1,3,5,14,15,17,42,51,70,85,210,238,255,714,1190,3570
U 15261 714 5 3 3570 1,3,10,14,17,30,35,42,51,105,170,238,510,595,714,1785
H 15265 714 11 2 7854 1,2,3,6,7,11,14,17,21,22,33,34,42,51,66,77,102,119,154,187,231,238,357,374,462,561,714,1122,1309,2618,3927,7854
H 15279 770 1 11 770 1,10
H 15282 770 1 3 770 1,770
H 15288 770 1 7 770 1,77
H 15291 770 1 4 770 1,2,77,154
H 15293 770 1 3 770 1,14,22,77
H 15294 770 1 5 770 1,7,10,70
H 15296 770 1 2 770 1,7,110,770
H 15297 770 1 3 770 1,70,77,110
H 15298 770 1 5 770 1,2,11,22
H 15300 770 1 6 770 1,10,11,110
H 15303 770 1 5 770 1,11,35,385
H 15305 770 1 3 770 1,5,77,385
H 15307 770 1 4 770 1,35,55,77
H 15308 770 1 6 770 1,2,5,10
H 15310 770 1 5 770 1,2,35,70
H 15313 770 1 5 770 1,10,22,55
H 15315 770 1 3 770 1,22,70,385
H 15317 770 1 2 770 1,14,55,770
H 15318 770 1 6 770 1,10,14,35
H 15320 770 1 2 770 1,5,154,770
H 15323 770 1 5 770 1,10,154,385
H 15324 770 1 4 770 1,7,11,77
H 15325 770 1 2 770 1,5,7,11,35,55,77,385
H 15326 770 1 3 770 1,2,5,7,10,14,35,70
H 15329 770 1 2 770 1,2,35,55,70,77,110,154
H 15332 770 1 2 770 1,7,10,22,55,70,154,385
H 15334 770 1 3 770 1,2,5,10,11,22,55,110
H 15337 770 1 3 770 1,10,11,14,35,110,154,385
H 15338 770 1 2 770 1,2,7,11,14,22,77,154
U 15412 770 3 3 2310 1,3,14,42,55,165,770,2310
U 15460 770 3 3 2310 1,3,10,30,77,231,770,2310
U 15462 770 3 3 2310 1,10,21,33,77,210,330,770
U 15464 770 3 3 2310 1,6,10,15,77,462,770,1155
U 15466 770 3 3 2310 1,10,42,66,77,105,165,770
H 15496 770 3 4 2310 1,2,3,6,7,11,14,21,22,33,42,66,77,154,231,462
H 15497 770 3 2 2310 1,2,7,11,14,15,22,30,77,105,154,165,210,330,1155,2310
H 15500 770 3 4 2310 1,3,5,7,11,15,21,33,35,55,77,105,165,231,385,1155
H 15501 770 3 3 2310 1,2,5,7,10,11,14,22,35,55,70,77,110,154,385,770
H 15502 770 3 2 2310 1,5,6,7,11,30,35,42,55,66,77,210,330,385,462,2310
H 15503 770 3 5 2310 1,2,3,5,6,7,10,14,15,21,30,35,42,70,105,210
H 15506 770 3 3 2310 1,2,3,6,35,55,70,77,105,110,154,165,210,231,330,462
H 15507 770 3 3 2310 1,2,5,7,10,14,33,35,66,70,165,231,330,462,1155,2310
H 15509 770 3 3 2310 1,2,7,14,15,30,33,55,66,105,110,210,231,385,462,770
H 15510 770 3 3 2310 1,2,15,21,30,33,35,42,55,66,70,77,110,154,1155,2310
H 15511 770 3 2 2310 1,3,5,7,15,21,22,35,66,105,110,154,330,462,770,2310
H 15512 770 3 3 2310 1,3,5,14,15,22,42,66,70,77,110,210,231,330,385,1155
H 15513 770 3 4 2310 1,3,7,10,21,22,30,55,66,70,154,165,210,385,462,1155
H 15515 770 3 2 2310 1,5,6,7,22,30,33,35,42,110,154,165,210,231,770,1155
H 15516 770 3 3 2310 1,5,6,14,21,22,30,33,70,77,105,110,165,385,462,2310
H 15517 770 3 4 2310 1,6,7,10,15,22,33,42,55,70,105,154,231,330,385,2310
H 15519 770 3 5 2310 1,2,3,5,6,10,11,15,22,30,33,55,66,110,165,330
H 15520 770 3 2 2310 1,2,3,6,11,22,33,35,66,70,105,210,385,770,1155,2310
H 15521 770 3 3 2310 1,2,5,10,11,21,22,42,55,105,110,210,231,462,1155,2310
H 15522 770 3 2 2310 1,2,11,15,21,22,30,35,42,70,165,231,330,385,462,770
H 15524 770 3 4 2310 1,3,10,11,14,30,33,35,42,105,110,154,330,385,462,1155
H 15525 770 3 3 2310 1,5,6,11,14,21,30,55,66,70,105,154,231,330,770,1155
H 15526 770 3 4 2310 1,6,10,11,14,15,21,35,66,110,154,165,210,231,385,2310
U 15528 770 9 4 6930 1,2,5,7,9,10,11,14,18,22,35,45,55,63,70,77,90,99,110,126,154,198,315,385,495,630,693,770,990,1386,3465,6930
H 15547 798 1 4 798 1,2,7,14
H 15548 798 1 3 798 1,2,133,266
H 15551 798 1 4 798 1,6,7,42
H 15552 798 1 2 798 1,6,133,798
H 15557 798 1 3 798 1,6,19,114
H 15558 798 1 2 798 1,19,42,798
H 15563 798 1 4 798 1,7,57,399
H 15564 798 1 3 798 1,21,57,133
H 15567 798 1 3 798 1,2,21,42
H 15568 798 1 2 798 1,2,399,798
U 15569 798 1 3 798 1,3,38,114
H 15574 798 1 2 798 1,14,57,798
H 15576 798 1 3 798 1,14,114,399
H 15578 798 1 3 798 1,42,57,266
H 15579 798 1 3 798 1,21,114,266
H 15581 798 1 4 798 1,7,19,133
H 15582 798 1 2 798 1,3,7,19,21,57,133,399
H 15583 798 1 2 798 1,2,3,6,7,14,21,42
H 15589 798 1 2 798 1,6,7,38,42,57,266,399
H 15594 798 1 2 798 1,6,14,19,21,114,266,399
H 15595 798 1 2 798 1,2,7,14,19,38,133,266
U 15600 798 5 3 3990 1,3,7,10,19,21,30,57,70,133,190,210,399,570,1330,3990
U 15606 798 5 3 3990 1,2,3,5,6,10,15,30,133,266,399,665,798,1330,1995,3990
U 15607 798 5 3 3990 1,2,3,6,7,14,21,42,95,190,285,570,665,1330,1995,3990
U 15613 798 5 3 3990 1,3,5,7,15,21,35,38,105,114,190,266,570,798,1330,3990
U 15616 798 5 3 3990 1,3,10,14,30,35,38,42,95,105,114,133,285,399,1330,3990
H 15622 798 5 2 3990 1,2,3,6,19,35,38,57,70,105,114,210,665,1330,1995,3990
U 15630 798 11 3 8778 1,2,3,6,7,11,14,19,21,22,33,38,42,57,66,77,114,133,154,209,231,266,399,418,462,627,798,1254,1463,2926,4389,8778
H 15652 858 1 3 858 1,2,143,286
H 15653 858 1 3 858 1,11,26,286
H 15656 858 1 4 858 1,6,143,858
H 15657 858 1 3 858 1,11,78,858
H 15660 858 1 3 858 1,13,22,286
H 15661 858 1 5 858 1,6,13,78
H 15664 858 1 3 858 1,13,33,429
H 15665 858 1 5 858 1,3,11,33
H 15666 858 1 4 858 1,3,143,429
H 15669 858 1 6 858 1,2,3,6
H 15672 858 1 2 858 1,2,429,858
H 15673 858 1 5 858 1,3,26,78
H 15675 858 1 3 858 1,26,33,858
H 15679 858 1 5 858 1,6,22,33
H 15680 858 1 3 858 1,22,78,429
H 15686 858 1 2 858 1,3,11,13,33,39,143,429
H 15687 858 1 3 858 1,2,3,6,11,22,33,66
H 15692 858 1 2 858 1,3,22,26,66,78,143,429
H 15694 858 1 2 858 1,6,22,26,33,39,143,858
H 15695 858 1 3 858 1,2,3,6,13,26,39,78
H 15699 858 1 2 858 1,2,11,13,22,26,143,286
H 15700 858 1 2 858 1,6,11,13,66,78,143,858
U 15710 858 5 3 4290 1,2,3,5,6,10,15,30,143,286,429,715,858,1430,2145,4290
U 15723 858 5 3 4290 1,6,10,11,15,26,39,65,66,110,165,286,390,429,715,4290
U 15732 858 5 3 4290 1,6,10,13,15,22,33,55,78,130,195,286,330,429,715,4290
H 15765 858 7 2 6006 1,2,3,6,7,11,13,14,21,22,26,33,39,42,66,77,78,91,143,154,182,231,273,286,429,462,546,858,1001,2002,3003,6006
H 15784 870 1 3 870 1,2,145,290
U 15789 870 1 3 870 1,5,174,870
H 15790 870 1 3 870 1,30,145,174
U 15794 870 1 3 870 1,29,30,870
H 15800 870 1 3 870 1,15,87,145
H 15801 870 1 4 870 1,2,3,6
H 15804 870 1 2 870 1,2,435,870
H 15805 870 1 3 870 1,3,58,174
H 15806 870 1 4 870 1,6,58,87
H 15807 870 1 2 870 1,15,58,870
H 15808 870 1 3 870 1,30,58,435
H 15809 870 1 3 870 1,3,10,30
H 15810 870 1 2 870 1,10,87,870
H 15811 870 1 4 870 1,6,10,15
H 15812 870 1 3 870 1,10,174,435
H 15813 870 1 2 870 1,3,290,870
H 15816 870 1 4 870 1,6,290,435
U 15817 870 1 3 870 1,5,29,145
H 15819 870 1 2 870 1,2,3,5,6,10,15,30
H 15822 870 1 2 870 1,2,15,30,87,145,174,290
H 15825 870 1 2 870 1,5,6,30,58,87,290,435
H 15827 870 1 2 870 1,2,3,6,29,58,87,174
H 15830 870 1 2 870 1,6,10,15,29,174,290,435
U 15842 870 7 5 6090 1,2,3,5,6,10,15,30,203,406,609,1015,1218,2030,3045,6090
U 15859 870 7 4 6090 1,2,5,10,21,29,42,58,105,145,210,290,609,1218,3045,6090
U 15861 870 7 5 6090 1,3,5,14,15,29,42,70,87,145,210,406,435,1218,2030,6090
H 15865 870 7 2 6090 1,2,3,5,6,7,10,14,15,21,29,30,35,42,58,70,87,105,145,174,203,210,290,406,435,609,870,1015,1218,2030,3045,6090
U 15866 870 11 4 9570 1,2,3,5,6,10,11,15,22,29,30,33,55,58,66,87,110,145,165,174,290,319,330,435,638,870,957,1595,1914,3190,4785,9570
H 15872 910 1 3 910 1,2,91,182
H 15878 910 1 5 910 1,70,91,130
H 15880 910 1 4 910 1,13,14,182
H 15882 910 1 4 910 1,13,70,910
H 15883 910 1 5 910 1,5,13,65
H 15888 910 1 5 910 1,35,65,91
H 15890 910 1 3 910 1,2,65,130
H 15891 910 1 5 910 1,2,35,70
H 15897 910 1 6 910 1,5,14,70
H 15898 910 1 3 910 1,14,65,910
H 15901 910 1 2 910 1,5,182,910
H 15903 910 1 3 910 1,35,130,182
H 15906 910 1 3 910 1,5,7,13,35,65,91,455
H 15907 910 1 3 910 1,2,5,7,10,14,35,70
H 15912 910 1 3 910 1,5,14,26,70,91,130,455
H 15914 910 1 2 910 1,10,14,26,35,65,91,910
H 15915 910 1 2 910 1,2,5,10,13,26,65,130
H 15916 910 1 2 910 1,2,13,26,35,70,455,910
H 15918 910 1 2 910 1,10,13,14,35,130,182,455
H 15919 910 1 2 910 1,2,7,13,14,26,91,182
H 15920 910 1 2 910 1,7,10,13,70,91,130,910
U 15923 910 3 3 2730 1,2,7,13,14,15,26,30,91,105,182,195,210,390,1365,2730
U 15932 910 3 3 2730 1,2,3,6,35,65,70,91,105,130,182,195,210,273,390,546
H 15936 910 3 2 2730 1,2,15,21,30,35,39,42,65,70,78,91,130,182,1365,2730
U 15939 910 3 3 2730 1,3,7,10,21,26,30,65,70,78,182,195,210,455,546,1365
U 15943 910 3 3 2730 1,6,7,10,15,26,39,42,65,70,105,182,273,390,455,2730
U 15949 910 3 3 2730 1,3,5,13,14,15,39,42,65,70,182,195,210,546,910,2730
U 15951 910 3 3 2730 1,5,6,13,14,21,30,65,70,78,105,182,273,390,910,1365
U 15952 910 3 3 2730 1,6,10,13,14,15,21,35,78,130,182,195,210,273,455,2730
U 15954 910 9 5 8190 1,2,5,7,9,10,13,14,18,26,35,45,63,65,70,90,91,117,126,130,182,234,315,455,585,630,819,910,1170,1638,4095,8190
H 15974 930 1 5 930 1,2,5,10
H 15975 930 1 4 930 1,2,155,310
H 15979 930 1 3 930 1,6,155,930
H 15980 930 1 3 930 1,5,186,930
H 15983 930 1 3 930 1,10,31,310
H 15985 930 1 3 930 1,30,31,930
H 15986 930 1 5 930 1,3,31,93
H 15989 930 1 4 930 1,3,155,465
H 15990 930 1 3 930 1,5,93,465
H 15992 930 1 6 930 1,2,3,6
H 15993 930 1 5 930 1,2,93,186
H 16000 930 1 5 930 1,3,10,30
H 16003 930 1 3 930 1,10,186,465
H 16005 930 1 3 930 1,30,93,310
H 16007 930 1 2 930 1,6,310,465
H 16009 930 1 2 930 1,3,5,15,31,93,155,465
H 16010 930 1 3 930 1,2,3,5,6,10,15,30
H 16013 930 1 2 930 1,2,15,30,93,155,186,310
H 16015 930 1 2 930 1,3,10,30,62,155,186,465
H 16018 930 1 3 930 1,2,3,6,31,62,93,186
H 16022 930 1 2 930 1,2,5,10,31,62,155,310
H 16023 930 1 2 930 1,5,6,30,31,155,186,930
U 16027 930 7 5 6510 1,3,7,10,21,30,31,70,93,210,217,310,651,930,2170,6510
H 16056 930 7 2 6510 1,2,3,5,6,7,10,14,15,21,30,31,35,42,62,70,93,105,155,186,210,217,310,434,465,651,930,1085,1302,2170,3255,6510
U 16057 930 11 3 10230 1,2,3,5,6,10,11,15,22,30,31,33,55,62,66,93,110,155,165,186,310,330,341,465,682,930,1023,1705,2046,3410,5115,10230
U 16058 930 13 4 12090 1,2,3,5,6,10,13,15,26,30,31,39,62,65,78,93,130,155,186,195,310,390,403,465,806,930,1209,2015,2418,4030,6045,12090
H 16062 966 1 3 966 1,2,161,322
H 16063 966 1 2 966 1,7,46,322
H 16066 966 1 3 966 1,6,161,966
H 16067 966 1 3 966 1,7,138,966
H 16069 966 1 3 966 1,2,23,46
H 16072 966 1 3 966 1,23,42,966
H 16074 966 1 5 966 1,21,23,483
H 16075 966 1 6 966 1,3,7,21
H 16076 966 1 5 966 1,3,161,483
H 16079 966 1 5 966 1,2,3,6
H 16081 966 1 5 966 1,2,21,42
H 16083 966 1 4 966 1,3,46,138
H 16086 966 1 3 966 1,42,46,483
H 16093 966 1 4 966 1,21,138,322
H 16094 966 1 3 966 1,6,322,483
H 16096 966 1 3 966 1,3,7,21,23,69,161,483
H 16097 966 1 3 966 1,2,3,6,7,14,21,42
H 16100 966 1 2 966 1,2,21,42,69,138,161,322
H 16102 966 1 2 966 1,3,14,42,46,138,161,483
H 16105 966 1 2 966 1,2,3,6,23,46,69,138
H 16108 966 1 2 966 1,6,14,21,23,138,322,483
H 16110 966 1 2 966 1,6,7,23,42,138,161,966
U 16132 966 5 3 4830 1,5,6,14,21,30,46,69,70,105,161,230,345,805,966,4830
U 16138 966 5 3 4830 1,2,15,21,23,30,35,42,46,70,345,483,690,805,966,1610
U 16144 966 11 5 10626 1,2,3,6,7,11,14,21,22,23,33,42,46,66,69,77,138,154,161,231,253,322,462,483,506,759,966,1518,1771,3542,5313,10626
U 16145 966 13 5 12558 1,2,3,6,7,13,14,21,23,26,39,42,46,69,78,91,138,161,182,273,299,322,483,546,598,897,966,1794,2093,4186,6279,12558
H 16148 1110 1 4 1110 1,5,74,370
H 16152 1110 1 2 1110 1,5,222,1110
H 16155 1110 1 3 1110 1,10,37,370
H 16156 1110 1 3 1110 1,6,37,222
H 16159 1110 1 5 1110 1,15,37,555
H 16160 1110 1 7 1110 1,3,5,15
H 16168 1110 1 4 1110 1,3,74,222
H 16170 1110 1 5 1110 1,15,74,1110
H 16174 1110 1 7 1110 1,6,10,15
H 16175 1110 1 3 1110 1,10,222,555
H 16176 1110 1 2 1110 1,3,370,1110
H 16179 1110 1 3 1110 1,6,370,555
H 16181 1110 1 3 1110 1,3,5,15,37,111,185,555
H 16182 1110 1 4 1110 1,2,3,5,6,10,15,30
H 16187 1110 1 2 1110 1,3,10,30,74,185,222,555
H 16188 1110 1 2 1110 1,5,6,30,74,111,370,555
H 16189 1110 1 3 1110 1,6,10,15,74,111,185,1110
H 16190 1110 1 2 1110 1,2,3,6,37,74,111,222
H 16191 1110 1 2 1110 1,2,15,30,37,74,555,1110
H 16194 1110 1 2 1110 1,2,5,10,37,74,185,370
H 16197 1110 7 2 7770 1,2,3,5,6,7,10,14,15,21,30,35,37,42,70,74,105,111,185,210,222,259,370,518,555,777,1110,1295,1554,2590,3885,7770
H 16202 1122 1 3 1122 1,22,34,187
H 16206 1122 1 5 1122 1,66,102,187
H 16214 1122 1 3 1122 1,3,187,561
U 16220 1122 1 3 1122 1,2,561,1122
H 16221 1122 1 3 1122 1,3,34,102
U 16223 1122 1 3 1122 1,33,34,1122
H 16224 1122 1 3 1122 1,34,66,561
H 16225 1122 1 5 1122 1,3,22,66
H 16228 1122 1 3 1122 1,22,102,561
H 16234 1122 1 2 1122 1,3,11,17,33,51,187,561
H 16235 1122 1 3 1122 1,2,3,6,11,22,33,66
H 16238 1122 1 3 1122 1,2,33,51,66,102,187,374
H 16241 1122 1 2 1122 1,6,11,34,51,66,374,561
H 16243 1122 1 2 1122 1,2,3,6,17,34,51,102
H 16245 1122 1 2 1122 1,3,17,22,51,66,374,1122
H 16246 1122 1 2 1122 1,6,17,22,33,102,374,561
H 16247 1122 1 2 1122 1,2,11,17,22,34,187,374
H 16248 1122 1 2 1122 1,6,11,17,66,102,187,1122
U 16251 1122 5 5 5610 1,2,11,15,17,22,30,34,165,187,255,330,374,510,2805,5610
U 16274 1122 5 5 5610 1,2,3,6,17,34,51,55,102,110,165,330,935,1870,2805,5610
H 16281 1122 5 2 5610 1,2,3,5,6,10,11,15,17,22,30,33,34,51,55,66,85,102,110,165,170,187,255,330,374,510,561,935,1122,1870,2805,5610
H 16320 1155 1 2 1155 1,3,5,15,77,231,385,1155
H 16321 1155 1 2 1155 1,3,7,21,55,165,385,1155
U 16323 1155 1 3 1155 1,5,7,33,35,165,231,1155
U 16326 1155 1 3 1155 1,15,21,33,35,55,77,1155
U 16328 1155 1 3 1155 1,3,11,33,35,105,385,1155
H 16332 1155 1 2 1155 1,7,11,15,77,105,165,1155
U 16335 1155 2 3 2310 1,2,7,11,14,15,22,30,77,105,154,165,210,330,1155,2310
U 16350 1155 2 3 2310 1,3,5,14,15,22,42,66,70,77,110,210,231,330,385,1155
H 16367 1190 1 9 1190 1,2,7,14
H 16369 1190 1 7 1190 1,7,34,238
H 16381 1190 1 9 1190 1,5,7,35
H 16383 1190 1 7 1190 1,7,85,595
H 16386 1190 1 5 1190 1,2,85,170
H 16388 1190 1 3 1190 1,2,595,1190
H 16389 1190 1 6 1190 1,5,34,170
H 16391 1190 1 4 1190 1,34,35,1190
H 16394 1190 1 3 1190 1,14,85,1190
H 16396 1190 1 5 1190 1,14,170,595
H 16397 1190 1 2 1190 1,5,238,1190
H 16399 1190 1 4 1190 1,35,170,238
H 16402 1190 1 4 1190 1,5,7,17,35,85,119,595
H 16403 1190 1 5 1190 1,2,5,7,10,14,35,70
H 16406 1190 1 2 1190 1,2,35,70,85,119,170,238
H 16408 1190 1 3 1190 1,5,14,34,70,119,170,595
H 16409 1190 1 3 1190 1,7,10,34,70,85,238,595
H 16410 1190 1 2 1190 1,10,14,34,35,85,119,1190
H 16411 1190 1 3 1190 1,2,5,10,17,34,85,170
H 16412 1190 1 2 1190 1,2,17,34,35,70,595,1190
H 16414 1190 1 2 1190 1,10,14,17,35,170,238,595
H 16415 1190 1 4 1190 1,2,7,14,17,34,119,238
U 16420 1190 3 3 3570 1,3,7,10,17,21,30,51,70,119,170,210,357,510,1190,3570
U 16421 1190 3 3 3570 1,6,7,10,15,17,42,70,102,105,119,170,255,714,1190,1785
U 16427 1190 3 3 3570 1,2,3,6,7,14,21,42,85,170,255,510,595,1190,1785,3570
U 16431 1190 3 3 3570 1,2,7,14,15,30,51,85,102,105,170,210,357,595,714,1190
U 16433 1190 3 3 3570 1,3,5,7,15,21,34,35,102,105,170,238,510,714,1190,3570
U 16437 1190 3 3 3570 1,5,6,7,30,34,35,42,51,170,210,238,255,357,1190,1785
H 16451 1218 1 4 1218 1,2,203,406
H 16452 1218 1 3 1218 1,7,58,406
H 16455 1218 1 5 1218 1,6,203,1218
H 16456 1218 1 5 1218 1,7,174,1218
H 16464 1218 1 7 1218 1,3,7,21
H 16465 1218 1 6 1218 1,3,203,609
H 16468 1218 1 8 1218 1,2,3,6
H 16471 1218 1 3 1218 1,2,609,1218
H 16472 1218 1 7 1218 1,3,58,174
H 16474 1218 1 3 1218 1,21,58,1218
H 16482 1218 1 3 1218 1,21,174,406
H 16483 1218 1 2 1218 1,6,406,609
H 16485 1218 1 3 1218 1,3,7,21,29,87,203,609
H 16486 1218 1 4 1218 1,2,3,6,7,14,21,42
H 16488 1218 1 2 1218 1,2,7,14,87,174,609,1218
H 16489 1218 1 2 1218 1,2,21,42,87,174,203,406
H 16491 1218 1 3 1218 1,3,14,42,58,174,203,609
H 16493 1218 1 2 1218 1,6,14,21,58,87,203,1218
H 16494 1218 1 4 1218 1,2,3,6,29,58,87,174
H 16498 1218 1 2 1218 1,2,7,14,29,58,203,406
H 16499 1218 1 3 1218 1,6,7,29,42,174,203,1218
H 16501 1218 5 2 6090 1,2,3,5,6,7,10,14,15,21,29,30,35,42,58,70,87,105,145,174,203,210,290,406,435,609,870,1015,1218,2030,3045,6090
H 16505 1230 1 3 1230 1,10,82,205
H 16507 1230 1 2 1230 1,6,205,1230
U 16513 1230 1 3 1230 1,30,41,1230
H 16519 1230 1 4 1230 1,15,123,205
H 16525 1230 1 4 1230 1,6,82,123
H 16526 1230 1 2 1230 1,15,82,1230
H 16529 1230 1 3 1230 1,10,123,1230
H 16530 1230 1 7 1230 1,6,10,15
U 16532 1230 1 3 1230 1,3,410,1230
H 16537 1230 1 2 1230 1,3,5,15,41,123,205,615
H 16538 1230 1 3 1230 1,2,3,5,6,10,15,30
H 16540 1230 1 2 1230 1,2,5,10,123,246,615,1230
H 16541 1230 1 2 1230 1,2,15,30,123,205,246,410
H 16544 1230 1 2 1230 1,5,6,30,82,123,410,615
H 16546 1230 1 2 1230 1,2,3,6,41,82,123,246
H 16549 1230 1 4 1230 1,6,10,15,41,246,410,615
H 16550 1230 1 2 1230 1,2,5,10,41,82,205,410
U 16576 1254 1 3 1254 1,2,627,1254
H 16590 1254 1 4 1254 1,3,11,19,33,57,209,627
H 16591 1254 1 3 1254 1,2,3,6,11,22,33,66
H 16596 1254 1 2 1254 1,3,22,38,66,114,209,627
H 16597 1254 1 2 1254 1,6,11,38,57,66,418,627
H 16598 1254 1 3 1254 1,6,22,33,38,57,209,1254
H 16599 1254 1 3 1254 1,2,3,6,19,38,57,114
H 16602 1254 1 2 1254 1,6,19,22,33,114,418,627
H 16603 1254 1 3 1254 1,2,11,19,22,38,209,418
H 16606 1254 5 2 6270 1,2,3,5,6,10,11,15,19,22,30,33,38,55,57,66,95,110,114,165,190,209,285,330,418,570,627,1045,1254,2090,3135,6270
H 16617 1290 1 3 1290 1,10,43,430
H 16618 1290 1 5 1290 1,6,43,258
H 16621 1290 1 5 1290 1,15,43,645
H 16636 1290 1 7 1290 1,6,10,15
H 16637 1290 1 3 1290 1,10,258,645
U 16638 1290 1 3 1290 1,3,430,1290
H 16640 1290 1 3 1290 1,15,258,430
H 16641 1290 1 3 1290 1,6,430,645
H 16643 1290 1 3 1290 1,3,5,15,43,129,215,645
H 16644 1290 1 4 1290 1,2,3,5,6,10,15,30
H 16647 1290 1 2 1290 1,2,15,30,129,215,258,430
H 16649 1290 1 2 1290 1,3,10,30,86,215,258,645
H 16650 1290 1 2 1290 1,5,6,30,86,129,430,645
H 16651 1290 1 3 1290 1,6,10,15,86,129,215,1290
H 16652 1290 1 3 1290 1,2,3,6,43,86,129,258
H 16653 1290 1 2 1290 1,2,15,30,43,86,645,1290
H 16656 1290 1 2 1290 1,2,5,10,43,86,215,430
H 16657 1290 1 2 1290 1,5,6,30,43,215,258,1290
U 16659 1290 7 4 9030 1,2,3,5,6,7,10,14,15,21,30,35,42,43,70,86,105,129,210,215,258,301,430,602,645,903,1290,1505,1806,3010,4515,9030
H 16660 1302 1 7 1302 1,2,7,14
H 16666 1302 1 3 1302 1,7,186,1302
H 16676 1302 1 5 1302 1,7,93,651
H 16679 1302 1 3 1302 1,2,93,186
H 16681 1302 1 3 1302 1,2,651,1302
H 16687 1302 1 5 1302 1,14,93,1302
H 16689 1302 1 3 1302 1,14,186,651
H 16695 1302 1 2 1302 1,3,7,21,31,93,217,651
H 16696 1302 1 4 1302 1,2,3,6,7,14,21,42
H 16700 1302 1 2 1302 1,3,7,21,62,186,434,1302
H 16702 1302 1 3 1302 1,6,7,42,62,93,434,651
H 16703 1302 1 2 1302 1,6,14,21,62,93,217,1302
H 16704 1302 1 2 1302 1,2,3,6,31,62,93,186
H 16705 1302 1 2 1302 1,2,21,31,42,62,651,1302
H 16706 1302 1 3 1302 1,3,14,31,42,93,434,1302
H 16707 1302 1 2 1302 1,6,14,21,31,186,434,651
H 16708 1302 1 3 1302 1,2,7,14,31,62,217,434
H 16714 1326 1 5 1326 1,13,34,442
H 16718 1326 1 3 1326 1,13,102,1326
U 16723 1326 1 3 1326 1,17,78,1326
H 16726 1326 1 9 1326 1,3,13,39
H 16734 1326 1 6 1326 1,3,34,102
H 16736 1326 1 2 1326 1,34,39,1326
H 16742 1326 1 2 1326 1,3,442,1326
H 16744 1326 1 6 1326 1,39,102,442
H 16747 1326 1 5 1326 1,3,13,17,39,51,221,663
H 16748 1326 1 4 1326 1,2,3,6,13,26,39,78
H 16750 1326 1 2 1326 1,2,13,26,51,102,663,1326
H 16751 1326 1 3 1326 1,2,39,51,78,102,221,442
H 16753 1326 1 3 1326 1,3,26,34,78,102,221,663
H 16754 1326 1 2 1326 1,6,13,34,51,78,442,663
H 16756 1326 1 3 1326 1,2,3,6,17,34,51,102
H 16759 1326 1 3 1326 1,6,17,26,39,102,442,663
H 16760 1326 1 3 1326 1,2,13,17,26,34,221,442
U 16763 1326 5 3 6630 1,2,3,5,6,10,13,15,17,26,30,34,39,51,65,78,85,102,130,170,195,221,255,390,442,510,663,1105,1326,2210,3315,6630
H 16802 1330 1 2 1330 1,2,5,10,133,266,665,1330
H 16803 1330 1 2 1330 1,2,7,14,95,190,665,1330
H 16810 1330 1 2 1330 1,2,19,35,38,70,665,1330
U 16824 1330 3 5 3990 1,2,3,5,6,10,15,30,133,266,399,665,798,1330,1995,3990
U 16840 1330 3 5 3990 1,2,3,6,19,35,38,57,70,105,114,210,665,1330,1995,3990
H 16847 1330 3 2 3990 1,2,3,5,6,7,10,14,15,19,21,30,35,38,42,57,70,95,105,114,133,190,210,266,285,399,570,665,798,1330,1995,3990
U 16849 1365 1 5 1365 1,3,5,7,15,21,35,105
U 16856 1365 1 5 1365 1,15,21,35,39,65,91,1365
U 16860 1365 1 5 1365 1,13,15,21,35,195,273,455
U 16861 1365 1 5 1365 1,3,7,13,21,39,91,273
H 16863 1365 1 2 1365 1,3,5,7,13,15,21,35,39,65,91,105,195,273,455,1365
U 16866 1365 2 5 2730 1,3,7,10,13,21,30,39,70,91,130,210,273,390,910,2730
U 16879 1365 2 5 2730 1,3,5,7,15,21,26,35,78,105,130,182,390,546,910,2730
H 16895 1365 2 2 2730 1,2,3,5,6,7,10,13,14,15,21,26,30,35,39,42,65,70,78,91,105,130,182,195,210,273,390,455,546,910,1365,2730
H 16897 1410 1 8 1410 1,2,5,10
H 16898 1410 1 7 1410 1,2,235,470
H 16902 1410 1 3 1410 1,6,235,1410
H 16903 1410 1 2 1410 1,5,282,1410
H 16912 1410 1 3 1410 1,3,235,705
H 16913 1410 1 5 1410 1,5,141,705
H 16915 1410 1 7 1410 1,2,3,6
H 16916 1410 1 6 1410 1,2,141,282
H 16924 1410 1 4 1410 1,10,141,1410
H 16926 1410 1 3 1410 1,10,282,705
H 16927 1410 1 3 1410 1,3,470,1410
H 16930 1410 1 5 1410 1,6,470,705
H 16932 1410 1 2 1410 1,3,5,15,47,141,235,705
H 16933 1410 1 4 1410 1,2,3,5,6,10,15,30
H 16936 1410 1 3 1410 1,2,15,30,141,235,282,470
H 16939 1410 1 3 1410 1,5,6,30,94,141,470,705
H 16940 1410 1 2 1410 1,6,10,15,94,141,235,1410
H 16941 1410 1 3 1410 1,2,3,6,47,94,141,282
H 16943 1410 1 2 1410 1,3,10,30,47,141,470,1410
H 16944 1410 1 2 1410 1,6,10,15,47,282,470,705
H 16945 1410 1 4 1410 1,2,5,10,47,94,235,470
U 16990 1430 1 3 1430 1,5,22,26,110,130,143,715
H 16994 1430 1 2 1430 1,2,13,26,55,110,715,1430
H 16995 1430 1 2 1430 1,5,13,22,65,110,286,1430
H 16998 1430 1 2 1430 1,10,11,13,110,130,143,1430
H 17070 1482 1 2 1482 1,2,3,6,247,494,741,1482
H 17071 1482 1 2 1482 1,2,13,26,57,114,741,1482
H 17078 1482 1 2 1482 1,2,19,38,39,78,741,1482
U 17084 1482 5 3 7410 1,2,3,5,6,10,13,15,19,26,30,38,39,57,65,78,95,114,130,190,195,247,285,390,494,570,741,1235,1482,2470,3705,7410
H 17123 1518 1 2 1518 1,2,3,6,253,506,759,1518
H 17124 1518 1 2 1518 1,2,11,22,69,138,759,1518
U 17126 1518 1 3 1518 1,3,11,33,46,138,506,1518
H 17129 1518 1 2 1518 1,6,22,33,46,69,253,1518
U 17131 1518 1 3 1518 1,2,23,33,46,66,759,1518
H 17132 1518 1 2 1518 1,3,22,23,66,69,506,1518
U 17135 1518 1 3 1518 1,6,11,23,66,138,253,1518
H 17176 1554 1 2 1554 1,2,3,6,259,518,777,1554
U 17177 1554 1 3 1554 1,2,7,14,111,222,777,1554
U 17182 1554 1 3 1554 1,6,14,21,74,111,259,1554
H 17184 1554 1 2 1554 1,2,21,37,42,74,777,1554
U 17185 1554 1 3 1554 1,3,14,37,42,111,518,1554
H 17188 1554 1 2 1554 1,6,7,37,42,222,259,1554
U 17190 1554 5 3 7770 1,2,3,5,6,7,10,14,15,21,30,35,37,42,70,74,105,111,185,210,222,259,370,518,555,777,1110,1295,1554,2590,3885,7770
H 17195 1590 1 8 1590 1,5,6,30
H 17196 1590 1 3 1590 1,6,265,1590
H 17197 1590 1 2 1590 1,5,318,1590
H 17198 1590 1 3 1590 1,30,265,318
H 17201 1590 1 6 1590 1,6,53,318
H 17202 1590 1 4 1590 1,30,53,1590
H 17225 1590 1 7 1590 1,5,53,265
H 17226 1590 1 3 1590 1,3,5,15,53,159,265,795
H 17227 1590 1 4 1590 1,2,3,5,6,10,15,30
H 17230 1590 1 2 1590 1,2,15,30,159,265,318,530
H 17233 1590 1 4 1590 1,5,6,30,106,159,530,795
H 17234 1590 1 2 1590 1,6,10,15,106,159,265,1590
H 17235 1590 1 3 1590 1,2,3,6,53,106,159,318
H 17236 1590 1 2 1590 1,2,15,30,53,106,795,1590
H 17237 1590 1 2 1590 1,3,10,30,53,159,530,1590
H 17238 1590 1 3 1590 1,6,10,15,53,318,530,795
H 17239 1590 1 4 1590 1,2,5,10,53,106,265,530
U 17242 1590 7 5 11130 1,2,3,5,6,7,10,14,15,21,30,35,42,53,70,105,106,159,210,265,318,371,530,742,795,1113,1590,1855,2226,3710,5565,11130
H 17245 1610 1 2 1610 1,2,5,10,161,322,805,1610
U 17248 1610 1 3 1610 1,5,7,35,46,230,322,1610
H 17253 1610 1 2 1610 1,2,23,35,46,70,805,1610
U 17254 1610 1 3 1610 1,5,14,23,70,115,322,1610
U 17259 1610 3 3 4830 1,2,3,5,6,7,10,14,15,21,23,30,35,42,46,69,70,105,115,138,161,210,230,322,345,483,690,805,966,1610,2415,4830
H 17295 1722 1 4 1722 1,3,7,21,41,123,287,861
H 17296 1722 1 6 1722 1,2,3,6,7,14,21,42
H 17299 1722 1 2 1722 1,2,21,42,123,246,287,574
H 17301 1722 1 3 1722 1,3,14,42,82,246,287,861
H 17302 1722 1 2 1722 1,6,7,42,82,123,574,861
H 17303 1722 1 4 1722 1,6,14,21,82,123,287,1722
H 17304 1722 1 4 1722 1,2,3,6,41,82,123,246
H 17305 1722 1 3 1722 1,2,21,41,42,82,861,1722
H 17306 1722 1 2 1722 1,3,14,41,42,123,574,1722
H 17308 1722 1 4 1722 1,2,7,14,41,82,287,574
H 17309 1722 1 3 1722 1,6,7,41,42,246,287,1722
U 17311 1722 5 3 8610 1,2,3,5,6,7,10,14,15,21,30,35,41,42,70,82,105,123,205,210,246,287,410,574,615,861,1230,1435,1722,2870,4305,8610
H 17320 1770 1 7 1770 1,2,59,118
H 17323 1770 1 5 1770 1,30,59,1770
H 17325 1770 1 7 1770 1,15,59,885
H 17332 1770 1 10 1770 1,2,15,30
H 17333 1770 1 2 1770 1,2,885,1770
H 17336 1770 1 2 1770 1,15,118,1770
H 17337 1770 1 4 1770 1,30,118,885
H 17347 1770 1 3 1770 1,3,5,15,59,177,295,885
H 17348 1770 1 5 1770 1,2,3,5,6,10,15,30
H 17351 1770 1 5 1770 1,2,15,30,177,295,354,590
H 17353 1770 1 2 1770 1,3,10,30,118,295,354,885
H 17354 1770 1 2 1770 1,5,6,30,118,177,590,885
H 17356 1770 1 3 1770 1,2,3,6,59,118,177,354
H 17358 1770 1 2 1770 1,3,10,30,59,177,590,1770
H 17359 1770 1 4 1770 1,6,10,15,59,354,590,885
H 17360 1770 1 4 1770 1,2,5,10,59,118,295,590
H 17361 1770 1 3 1770 1,5,6,30,59,295,354,1770
U 17380 1785 2 3 3570 1,2,3,5,6,7,10,14,15,17,21,30,34,35,42,51,70,85,102,105,119,170,210,238,255,357,510,595,714,1190,1785,3570
H 17381 1794 1 5 1794 1,3,13,23,39,69,299,897
H 17382 1794 1 5 1794 1,2,3,6,13,26,39,78
H 17383 1794 1 2 1794 1,2,3,6,299,598,897,1794
H 17384 1794 1 2 1794 1,2,13,26,69,138,897,1794
H 17385 1794 1 4 1794 1,2,39,69,78,138,299,598
H 17387 1794 1 3 1794 1,3,26,46,78,138,299,897
H 17388 1794 1 2 1794 1,6,13,46,69,78,598,897
H 17389 1794 1 3 1794 1,6,26,39,46,69,299,1794
H 17390 1794 1 4 1794 1,2,3,6,23,46,69,138
H 17391 1794 1 2 1794 1,2,23,39,46,78,897,1794
H 17392 1794 1 3 1794 1,3,23,26,69,78,598,1794
H 17393 1794 1 3 1794 1,6,23,26,39,138,598,897
H 17394 1794 1 4 1794 1,2,13,23,26,46,299,598
H 17395 1794 1 2 1794 1,6,13,23,78,138,299,1794
U 17397 1794 5 5 8970 1,2,3,5,6,10,13,15,23,26,30,39,46,65,69,78,115,130,138,195,230,299,345,390,598,690,897,1495,1794,2990,4485,8970
H 17400 1806 1 2 1806 1,2,3,6,301,602,903,1806
U 17401 1806 1 3 1806 1,2,7,14,129,258,903,1806
U 17403 1806 1 3 1806 1,3,7,21,86,258,602,1806
H 17406 1806 1 2 1806 1,6,14,21,86,129,301,1806
H 17408 1806 1 2 1806 1,2,21,42,43,86,903,1806
U 17409 1806 1 3 1806 1,3,14,42,43,129,602,1806
H 17412 1806 1 2 1806 1,6,7,42,43,258,301,1806
H 17452 1830 1 2 1830 1,2,3,6,305,610,915,1830
U 17455 1830 1 3 1830 1,3,5,15,122,366,610,1830
H 17461 1830 1 2 1830 1,3,10,30,61,183,610,1830
U 17471 1870 1 5 1870 1,2,55,85,110,170,187,374
U 17476 1870 1 5 1870 1,2,5,10,17,34,85,170
H 17482 1870 1 2 1870 1,2,5,10,11,17,22,34,55,85,110,170,187,374,935,1870
U 17483 1870 3 3 5610 1,2,3,5,6,10,11,15,17,22,30,33,34,51,55,66,85,102,110,165,170,187,255,330,374,510,561,935,1122,1870,2805,5610
H 17484 1914 1 5 1914 1,3,11,29,33,87,319,957
H 17485 1914 1 5 1914 1,2,3,6,11,22,33,66
H 17486 1914 1 2 1914 1,2,3,6,319,638,957,1914
H 17488 1914 1 4 1914 1,2,33,66,87,174,319,638
H 17490 1914 1 2 1914 1,3,22,58,66,174,319,957
H 17491 1914 1 4 1914 1,6,11,58,66,87,638,957
H 17492 1914 1 3 1914 1,6,22,33,58,87,319,1914
H 17493 1914 1 4 1914 1,2,3,6,29,58,87,174
H 17495 1914 1 2 1914 1,3,22,29,66,87,638,1914
H 17496 1914 1 4 1914 1,6,22,29,33,174,638,957
H 17497 1914 1 6 1914 1,2,11,22,29,58,319,638
U 17500 1914 5 4 9570 1,2,3,5,6,10,11,15,22,29,30,33,55,58,66,87,110,145,165,174,290,319,330,435,638,870,957,1595,1914,3190,4785,9570
H 17501 1938 1 5 1938 1,3,17,19,51,57,323,969
H 17502 1938 1 6 1938 1,2,3,6,17,34,51,102
H 17504 1938 1 2 1938 1,2,17,34,57,114,969,1938
H 17505 1938 1 3 1938 1,2,51,57,102,114,323,646
H 17506 1938 1 2 1938 1,3,17,38,51,114,646,1938
H 17507 1938 1 4 1938 1,3,34,38,102,114,323,969
H 17508 1938 1 2 1938 1,6,17,38,57,102,646,969
H 17509 1938 1 4 1938 1,6,34,38,51,57,323,1938
H 17510 1938 1 5 1938 1,2,3,6,19,38,57,114
H 17511 1938 1 3 1938 1,2,19,38,51,102,969,1938
H 17512 1938 1 2 1938 1,3,19,34,57,102,646,1938
H 17513 1938 1 2 1938 1,6,19,34,51,114,646,969
H 17514 1938 1 5 1938 1,2,17,19,34,38,323,646
H 17515 1938 1 3 1938 1,6,17,19,102,114,323,1938
U 17517 1938 5 5 9690 1,2,3,5,6,10,15,17,19,30,34,38,51,57,85,95,102,114,170,190,255,285,323,510,570,646,969,1615,1938,3230,4845,9690
H 17518 1974 1 4 1974 1,3,7,21,47,141,329,987
H 17519 1974 1 5 1974 1,2,3,6,7,14,21,42
H 17520 1974 1 2 1974 1,2,3,6,329,658,987,1974
H 17522 1974 1 2 1974 1,2,21,42,141,282,329,658
H 17523 1974 1 2 1974 1,3,7,21,94,282,658,1974
H 17524 1974 1 4 1974 1,3,14,42,94,282,329,987
H 17525 1974 1 3 1974 1,6,7,42,94,141,658,987
H 17526 1974 1 3 1974 1,6,14,21,94,141,329,1974
H 17527 1974 1 4 1974 1,2,3,6,47,94,141,282
H 17528 1974 1 2 1974 1,2,21,42,47,94,987,1974
H 17529 1974 1 2 1974 1,3,14,42,47,141,658,1974
H 17530 1974 1 3 1974 1,6,14,21,47,282,658,987
H 17531 1974 1 5 1974 1,2,7,14,47,94,329,658
H 17532 1974 1 3 1974 1,6,7,42,47,282,329,1974
U 17562 2002 1 4 2002 1,2,13,26,77,154,1001,2002
H 17567 2002 1 2 2002 1,2,7,11,13,14,22,26,77,91,143,154,182,286,1001,2002
H 17569 2010 1 5 2010 1,3,5,15,67,201,335,1005
H 17570 2010 1 6 2010 1,2,3,5,6,10,15,30
H 17571 2010 1 2 2010 1,2,3,6,335,670,1005,2010
H 17573 2010 1 3 2010 1,2,15,30,201,335,402,670
H 17575 2010 1 3 2010 1,3,10,30,134,335,402,1005
H 17576 2010 1 4 2010 1,5,6,30,134,201,670,1005
H 17577 2010 1 4 2010 1,6,10,15,134,201,335,2010
H 17578 2010 1 4 2010 1,2,3,6,67,134,201,402
H 17579 2010 1 3 2010 1,2,15,30,67,134,1005,2010
H 17580 2010 1 2 2010 1,3,10,30,67,201,670,2010
H 17582 2010 1 4 2010 1,2,5,10,67,134,335,670
H 17583 2010 1 2 2010 1,5,6,30,67,335,402,2010
U 17593 2030 1 4 2030 1,10,14,35,58,145,203,2030
U 17599 2030 1 4 2030 1,7,10,29,70,203,290,2030
H 17600 2030 1 2 2030 1,2,5,7,10,14,29,35,58,70,145,203,290,406,1015,2030
U 17601 2030 3 3 6090 1,2,3,5,6,7,10,14,15,21,29,30,35,42,58,70,87,105,145,174,203,210,290,406,435,609,870,1015,1218,2030,3045,6090
U 17604 2046 1 3 2046 1,2,3,6,341,682,1023,2046
U 17606 2046 1 3 2046 1,2,33,66,93,186,341,682
U 17607 2046 1 3 2046 1,3,11,33,62,186,682,2046
H 17613 2046 1 2 2046 1,3,22,31,66,93,682,2046
H 17624 2090 1 2 2090 1,5,11,38,55,190,418,2090
U 17635 2090 3 4 6270 1,2,3,5,6,10,11,15,19,22,30,33,38,55,57,66,95,110,114,165,190,209,285,330,418,570,627,1045,1254,2090,3135,6270
H 17636 2130 1 3 2130 1,3,5,15,71,213,355,1065
H 17637 2130 1 5 2130 1,2,3,5,6,10,15,30
H 17638 2130 1 2 2130 1,2,3,6,355,710,1065,2130
H 17639 2130 1 2 2130 1,2,5,10,213,426,1065,2130
H 17640 2130 1 4 2130 1,2,15,30,213,355,426,710
H 17641 2130 1 3 2130 1,3,5,15,142,426,710,2130
H 17642 2130 1 2 2130 1,3,10,30,142,355,426,1065
H 17643 2130 1 3 2130 1,5,6,30,142,213,710,1065
H 17645 2130 1 4 2130 1,2,3,6,71,142,213,426
H 17646 2130 1 2 2130 1,2,15,30,71,142,1065,2130
H 17647 2130 1 2 2130 1,3,10,30,71,213,710,2130
H 17648 2130 1 5 2130 1,6,10,15,71,426,710,1065
H 17649 2130 1 4 2130 1,2,5,10,71,142,355,710
H 17650 2130 1 3 2130 1,5,6,30,71,355,426,2130
U 17691 2190 1 3 2190 1,3,5,15,146,438,730,2190
H 17697 2190 1 2 2190 1,3,10,30,73,219,730,2190
U 17707 2210 1 3 2210 1,5,13,34,65,170,442,2210
H 17724 2226 1 2 2226 1,3,7,21,106,318,742,2226
U 17727 2226 1 3 2226 1,6,14,21,106,159,371,2226
H 17729 2226 1 2 2226 1,2,21,42,53,106,1113,2226
H 17741 2262 1 2 2262 1,3,13,39,58,174,754,2262
H 17767 2346 1 2 2346 1,2,3,6,17,23,34,46,51,69,102,138,391,782,1173,2346
U 17771 2370 1 3 2370 1,2,5,10,237,474,1185,2370
H 17779 2370 1 2 2370 1,3,10,30,79,237,790,2370
U 17789 2418 1 4 2418 1,2,13,26,93,186,1209,2418
H 17801 2418 1 2 2418 1,2,3,6,13,26,31,39,62,78,93,186,403,806,1209,2418
U 17839 2478 1 3 2478 1,2,21,42,177,354,413,826
H 17840 2478 1 2 2478 1,3,7,21,118,354,826,2478
U 17853 2490 1 3 2490 1,2,3,6,415,830,1245,2490
H 17854 2490 1 2 2490 1,2,5,10,249,498,1245,2490
U 17857 2490 1 3 2490 1,3,10,30,166,415,498,1245
U 17861 2490 1 3 2490 1,2,15,30,83,166,1245,2490
H 17882 2530 1 2 2530 1,2,5,10,11,22,23,46,55,110,115,230,253,506,1265,2530
H 17899 2562 1 2 2562 1,2,3,6,7,14,21,42,61,122,183,366,427,854,1281,2562
U 17939 2622 1 4 2622 1,3,19,46,57,138,874,2622
H 17949 2622 1 2 2622 1,2,3,6,19,23,38,46,57,69,114,138,437,874,1311,2622
U 17955 2670 1 3 2670 1,3,5,15,178,534,890,2670
H 17958 2670 1 2 2670 1,6,10,15,178,267,445,2670
U 17960 2670 1 3 2670 1,2,15,30,89,178,1335,2670
U 17972 2706 1 3 2706 1,3,22,66,82,246,451,1353
U 17994 2814 1 5 2814 1,2,21,42,67,134,1407,2814
H 17999 2814 1 2 2814 1,2,3,6,7,14,21,42,67,134,201,402,469,938,1407,2814
H 18031 2870 1 2 2870 1,2,5,7,10,14,35,41,70,82,205,287,410,574,1435,2870
U 18032 2870 3 5 8610 1,2,3,5,6,7,10,14,15,21,30,35,41,42,70,82,105,123,205,210,246,287,410,574,615,861,1230,1435,1722,2870,4305,8610
H 18048 2886 1 2 2886 1,2,3,6,13,26,37,39,74,78,111,222,481,962,1443,2886
U 18054 2910 1 3 2910 1,3,5,15,194,582,970,2910
U 18092 2982 1 5 2982 1,2,21,42,71,142,1491,2982
H 18097 2982 1 2 2982 1,2,3,6,7,14,21,42,71,142,213,426,497,994,1491,2982
H 18100 3010 1 2 3010 1,2,5,7,10,14,35,43,70,86,215,301,430,602,1505,3010
U 18117 3045 1 3 3045 1,3,5,7,15,21,29,35,87,105,145,203,435,609,1015,3045
U 18128 3066 1 5 3066 1,2,21,42,73,146,1533,3066
H 18133 3066 1 2 3066 1,2,3,6,7,14,21,42,73,146,219,438,511,1022,1533,3066
U 18150 3094 1 3 3094 1,2,7,13,14,17,26,34,91,119,182,221,238,442,1547,3094
H 18183 3162 1 2 3162 1,2,3,6,17,31,34,51,62,93,102,186,527,1054,1581,3162
H 18184 3190 1 2 3190 1,2,5,10,11,22,29,55,58,110,145,290,319,638,1595,3190
U 18204 3210 1 4 3210 1,2,5,10,321,642,1605,3210
U 18207 3210 1 5 3210 1,3,10,30,214,535,642,1605
U 18215 3210 1 5 3210 1,5,6,30,107,535,642,3210
H 18216 3210 1 2 3210 1,2,3,5,6,10,15,30,107,214,321,535,642,1070,1605,3210
H 18235 3290 1 2 3290 1,2,5,7,10,14,35,47,70,94,235,329,470,658,1645,3290
H 18236 3306 1 2 3306 1,2,3,6,19,29,38,57,58,87,114,174,551,1102,1653,3306
U 18261 3390 1 5 3390 1,3,10,30,226,565,678,1695
U 18269 3390 1 4 3390 1,5,6,30,113,565,678,3390
H 18270 3390 1 2 3390 1,2,3,5,6,10,15,30,113,226,339,565,678,1130,1695,3390
H 18272 3458 1 2 3458 1,2,7,13,14,19,26,38,91,133,182,247,266,494,1729,3458
H 18273 3486 1 2 3486 1,2,3,6,7,14,21,42,83,166,249,498,581,1162,1743,3486
H 18276 3542 1 2 3542 1,2,7,11,14,22,23,46,77,154,161,253,322,506,1771,3542
H 18280 3738 1 2 3738 1,2,3,6,7,14,21,42,89,178,267,534,623,1246,1869,3738
U 18281 3770 1 3 3770 1,2,5,10,13,26,29,58,65,130,145,290,377,754,1885,3770
H 18284 3810 1 2 3810 1,2,3,5,6,10,15,30,127,254,381,635,762,1270,1905,3810
H 18286 3894 1 2 3894 1,2,3,6,11,22,33,59,66,118,177,354,649,1298,1947,3894
H 18289 3930 1 2 3930 1,2,3,5,6,10,15,30,131,262,393,655,786,1310,1965,3930
H 18290 4002 1 2 4002 1,2,3,6,23,29,46,58,69,87,138,174,667,1334,2001,4002
U 18296 4130 1 3 4130 1,2,5,7,10,14,35,59,70,118,295,413,590,826,2065,4130
H 18298 4170 1 2 4170 1,2,3,5,6,10,15,30,139,278,417,695,834,1390,2085,4170
U 18299 4182 1 3 4182 1,2,3,6,17,34,41,51,82,102,123,246,697,1394,2091,4182
H 18302 4242 1 2 4242 1,2,3,6,7,14,21,42,101,202,303,606,707,1414,2121,4242
H 18304 4278 1 2 4278 1,2,3,6,23,31,46,62,69,93,138,186,713,1426,2139,4278
H 18306 4326 1 2 4326 1,2,3,6,7,14,21,42,103,206,309,618,721,1442,2163,4326
U 18308 4386 1 3 4386 1,2,3,6,17,34,43,51,86,102,129,258,731,1462,2193,4386
U 18309 4422 1 3 4422 1,2,3,6,11,22,33,66,67,134,201,402,737,1474,2211,4422
U 18311 4470 1 3 4470 1,2,3,5,6,10,15,30,149,298,447,745,894,1490,2235,4470
U 18313 4510 1 4 4510 1,2,5,10,11,22,41,55,82,110,205,410,451,902,2255,4510
H 18321 4710 1 2 4710 1,2,3,5,6,10,15,30,157,314,471,785,942,1570,2355,4710
H 18330 4890 1 2 4890 1,2,3,5,6,10,15,30,163,326,489,815,978,1630,2445,4890
U 18364 6042 1 5 6042 1,2,3,6,19,38,53,57,106,114,159,318,1007,2014,3021,6042
