BASE 10 7 SCALE 2  |A| = 78400  invariants [ 4, 140, 140 ]
cyclic nondegenerate orthogonal summands: 832
  |Z| = 4  q(g) reps [ 3/8 ]  scales c^2 q = [ 6 ]  C = [ 140, 140 ]
  |Z| = 140  q(g) reps [ 770, 3570, 6930, 12530, 14770, 15330 ]  scales c^2 q = 
[ 770, 3570, 6930, 12530, 14770, 15330 ]  C = [ 4, 140 ]
  |Z| = 140  q(g) reps [ 770, 3570, 6930, 12530, 14770, 15330 ]  scales c^2 q = 
[ 770, 3570, 6930, 12530, 14770, 15330 ]  C = [ 4, 140 ]
  |Z| = 140  q(g) reps [ 70, 630, 5670, 8470, 11830, 17430 ]  scales c^2 q = [ 
70, 630, 5670, 8470, 11830, 17430 ]  C = [ 4, 140 ]
  |Z| = 35  q(g) reps [ 70, 280, 630, 770, 805, 1120 ]  scales c^2 q = [ 70, 
280, 630, 770, 805, 1120 ]  C = [ 4, 4, 140 ]
  |Z| = 140  q(g) reps [ 70, 630, 5670, 8470, 11830, 17430 ]  scales c^2 q = [ 
70, 630, 5670, 8470, 11830, 17430 ]  C = [ 4, 140 ]
  |Z| = 28  q(g) reps [ 434, 658, 770 ]  scales c^2 q = [ 434, 658, 770 ]  C = [
20, 140 ]
  |Z| = 28  q(g) reps [ 434, 658, 770 ]  scales c^2 q = [ 434, 658, 770 ]  C = [
20, 140 ]
  |Z| = 20  q(g) reps [ 130, 370 ]  scales c^2 q = [ 130, 370 ]  C = [ 28, 140 ]
  |Z| = 20  q(g) reps [ 130, 370 ]  scales c^2 q = [ 130, 370 ]  C = [ 28, 140 ]
  |Z| = 28  q(g) reps [ 70, 182, 630 ]  scales c^2 q = [ 70, 182, 630 ]  C = [ 
20, 140 ]
  |Z| = 20  q(g) reps [ 70, 230 ]  scales c^2 q = [ 70, 230 ]  C = [ 28, 140 ]
  |Z| = 7  q(g) reps [ 21, 35, 42 ]  scales c^2 q = [ 21, 35, 42 ]  C = [ 4, 20,
140 ]
  |Z| = 28  q(g) reps [ 70, 182, 630 ]  scales c^2 q = [ 70, 182, 630 ]  C = [ 
20, 140 ]
  |Z| = 5  q(g) reps [ 5, 20 ]  scales c^2 q = [ 5, 20 ]  C = [ 4, 28, 140 ]
  |Z| = 20  q(g) reps [ 70, 230 ]  scales c^2 q = [ 70, 230 ]  C = [ 28, 140 ]
  |Z| = 4  q(g) reps [ 1/8 ]  scales c^2 q = [ 2 ]  C = [ 140, 140 ]
  |Z| = 4  q(g) reps [ 1/8 ]  scales c^2 q = [ 2 ]  C = [ 140, 140 ]
  |Z| = 4  q(g) reps [ 3/8 ]  scales c^2 q = [ 6 ]  C = [ 140, 140 ]
  |Z| = 140  q(g) reps [ 1610, 8890, 12810, 14490, 17290, 18410 ]  scales c^2 q 
= [ 1610, 8890, 12810, 14490, 17290, 18410 ]  C = [ 4, 140 ]
  |Z| = 140  q(g) reps [ 1610, 8890, 12810, 14490, 17290, 18410 ]  scales c^2 q 
= [ 1610, 8890, 12810, 14490, 17290, 18410 ]  C = [ 4, 140 ]
  |Z| = 140  q(g) reps [ 1330, 4130, 9170, 9730, 11970, 17570 ]  scales c^2 q = 
[ 1330, 4130, 9170, 9730, 11970, 17570 ]  C = [ 4, 140 ]
  |Z| = 140  q(g) reps [ 1330, 4130, 9170, 9730, 11970, 17570 ]  scales c^2 q = 
[ 1330, 4130, 9170, 9730, 11970, 17570 ]  C = [ 4, 140 ]
  |Z| = 140  q(g) reps [ 3010, 4690, 7490, 8610, 11410, 18690 ]  scales c^2 q = 
[ 3010, 4690, 7490, 8610, 11410, 18690 ]  C = [ 4, 140 ]
  |Z| = 140  q(g) reps [ 3010, 4690, 7490, 8610, 11410, 18690 ]  scales c^2 q = 
[ 3010, 4690, 7490, 8610, 11410, 18690 ]  C = [ 4, 140 ]
  |Z| = 140  q(g) reps [ 2170, 7770, 11130, 13930, 18970, 19530 ]  scales c^2 q 
= [ 2170, 7770, 11130, 13930, 18970, 19530 ]  C = [ 4, 140 ]
  |Z| = 140  q(g) reps [ 2170, 7770, 11130, 13930, 18970, 19530 ]  scales c^2 q 
= [ 2170, 7770, 11130, 13930, 18970, 19530 ]  C = [ 4, 140 ]
  |Z| = 140  q(g) reps [ 210, 1890, 5810, 13090, 15890, 17010 ]  scales c^2 q = 
[ 210, 1890, 5810, 13090, 15890, 17010 ]  C = [ 4, 140 ]
  |Z| = 140  q(g) reps [ 210, 1890, 5810, 13090, 15890, 17010 ]  scales c^2 q = 
[ 210, 1890, 5810, 13090, 15890, 17010 ]  C = [ 4, 140 ]
  |Z| = 140  q(g) reps [ 1610, 8890, 12810, 14490, 17290, 18410 ]  scales c^2 q 
= [ 1610, 8890, 12810, 14490, 17290, 18410 ]  C = [ 4, 140 ]
  |Z| = 140  q(g) reps [ 1610, 8890, 12810, 14490, 17290, 18410 ]  scales c^2 q 
= [ 1610, 8890, 12810, 14490, 17290, 18410 ]  C = [ 4, 140 ]
  |Z| = 140  q(g) reps [ 3290, 6090, 7210, 10010, 11690, 15610 ]  scales c^2 q =
[ 3290, 6090, 7210, 10010, 11690, 15610 ]  C = [ 4, 140 ]
  |Z| = 140  q(g) reps [ 3290, 6090, 7210, 10010, 11690, 15610 ]  scales c^2 q =
[ 3290, 6090, 7210, 10010, 11690, 15610 ]  C = [ 4, 140 ]
  |Z| = 140  q(g) reps [ 770, 3570, 6930, 12530, 14770, 15330 ]  scales c^2 q = 
[ 770, 3570, 6930, 12530, 14770, 15330 ]  C = [ 4, 140 ]
  |Z| = 140  q(g) reps [ 770, 3570, 6930, 12530, 14770, 15330 ]  scales c^2 q = 
[ 770, 3570, 6930, 12530, 14770, 15330 ]  C = [ 4, 140 ]
  |Z| = 140  q(g) reps [ 2170, 7770, 11130, 13930, 18970, 19530 ]  scales c^2 q 
= [ 2170, 7770, 11130, 13930, 18970, 19530 ]  C = [ 4, 140 ]
  |Z| = 140  q(g) reps [ 2170, 7770, 11130, 13930, 18970, 19530 ]  scales c^2 q 
= [ 2170, 7770, 11130, 13930, 18970, 19530 ]  C = [ 4, 140 ]
  |Z| = 140  q(g) reps [ 3290, 6090, 7210, 10010, 11690, 15610 ]  scales c^2 q =
[ 3290, 6090, 7210, 10010, 11690, 15610 ]  C = [ 4, 140 ]
  |Z| = 140  q(g) reps [ 3290, 6090, 7210, 10010, 11690, 15610 ]  scales c^2 q =
[ 3290, 6090, 7210, 10010, 11690, 15610 ]  C = [ 4, 140 ]
  |Z| = 140  q(g) reps [ 770, 3570, 6930, 12530, 14770, 15330 ]  scales c^2 q = 
[ 770, 3570, 6930, 12530, 14770, 15330 ]  C = [ 4, 140 ]
  |Z| = 140  q(g) reps [ 770, 3570, 6930, 12530, 14770, 15330 ]  scales c^2 q = 
[ 770, 3570, 6930, 12530, 14770, 15330 ]  C = [ 4, 140 ]
  |Z| = 140  q(g) reps [ 3290, 6090, 7210, 10010, 11690, 15610 ]  scales c^2 q =
[ 3290, 6090, 7210, 10010, 11690, 15610 ]  C = [ 4, 140 ]
  |Z| = 140  q(g) reps [ 3290, 6090, 7210, 10010, 11690, 15610 ]  scales c^2 q =
[ 3290, 6090, 7210, 10010, 11690, 15610 ]  C = [ 4, 140 ]
  |Z| = 140  q(g) reps [ 2730, 4970, 5530, 10570, 13370, 16730 ]  scales c^2 q =
[ 2730, 4970, 5530, 10570, 13370, 16730 ]  C = [ 4, 140 ]
  |Z| = 140  q(g) reps [ 2730, 4970, 5530, 10570, 13370, 16730 ]  scales c^2 q =
[ 2730, 4970, 5530, 10570, 13370, 16730 ]  C = [ 4, 140 ]
  |Z| = 140  q(g) reps [ 210, 1890, 5810, 13090, 15890, 17010 ]  scales c^2 q = 
[ 210, 1890, 5810, 13090, 15890, 17010 ]  C = [ 4, 140 ]
  |Z| = 140  q(g) reps [ 210, 1890, 5810, 13090, 15890, 17010 ]  scales c^2 q = 
[ 210, 1890, 5810, 13090, 15890, 17010 ]  C = [ 4, 140 ]
  |Z| = 140  q(g) reps [ 2170, 7770, 11130, 13930, 18970, 19530 ]  scales c^2 q 
= [ 2170, 7770, 11130, 13930, 18970, 19530 ]  C = [ 4, 140 ]
  |Z| = 140  q(g) reps [ 2170, 7770, 11130, 13930, 18970, 19530 ]  scales c^2 q 
= [ 2170, 7770, 11130, 13930, 18970, 19530 ]  C = [ 4, 140 ]
  |Z| = 140  q(g) reps [ 770, 3570, 6930, 12530, 14770, 15330 ]  scales c^2 q = 
[ 770, 3570, 6930, 12530, 14770, 15330 ]  C = [ 4, 140 ]
  |Z| = 140  q(g) reps [ 770, 3570, 6930, 12530, 14770, 15330 ]  scales c^2 q = 
[ 770, 3570, 6930, 12530, 14770, 15330 ]  C = [ 4, 140 ]
  |Z| = 140  q(g) reps [ 210, 1890, 5810, 13090, 15890, 17010 ]  scales c^2 q = 
[ 210, 1890, 5810, 13090, 15890, 17010 ]  C = [ 4, 140 ]
  |Z| = 140  q(g) reps [ 210, 1890, 5810, 13090, 15890, 17010 ]  scales c^2 q = 
[ 210, 1890, 5810, 13090, 15890, 17010 ]  C = [ 4, 140 ]
  |Z| = 140  q(g) reps [ 1610, 8890, 12810, 14490, 17290, 18410 ]  scales c^2 q 
= [ 1610, 8890, 12810, 14490, 17290, 18410 ]  C = [ 4, 140 ]
  |Z| = 140  q(g) reps [ 1610, 8890, 12810, 14490, 17290, 18410 ]  scales c^2 q 
= [ 1610, 8890, 12810, 14490, 17290, 18410 ]  C = [ 4, 140 ]
  |Z| = 140  q(g) reps [ 210, 1890, 5810, 13090, 15890, 17010 ]  scales c^2 q = 
[ 210, 1890, 5810, 13090, 15890, 17010 ]  C = [ 4, 140 ]
  |Z| = 140  q(g) reps [ 210, 1890, 5810, 13090, 15890, 17010 ]  scales c^2 q = 
[ 210, 1890, 5810, 13090, 15890, 17010 ]  C = [ 4, 140 ]
  |Z| = 140  q(g) reps [ 1330, 4130, 9170, 9730, 11970, 17570 ]  scales c^2 q = 
[ 1330, 4130, 9170, 9730, 11970, 17570 ]  C = [ 4, 140 ]
  |Z| = 140  q(g) reps [ 1330, 4130, 9170, 9730, 11970, 17570 ]  scales c^2 q = 
[ 1330, 4130, 9170, 9730, 11970, 17570 ]  C = [ 4, 140 ]
  |Z| = 140  q(g) reps [ 1610, 8890, 12810, 14490, 17290, 18410 ]  scales c^2 q 
= [ 1610, 8890, 12810, 14490, 17290, 18410 ]  C = [ 4, 140 ]
  |Z| = 140  q(g) reps [ 1610, 8890, 12810, 14490, 17290, 18410 ]  scales c^2 q 
= [ 1610, 8890, 12810, 14490, 17290, 18410 ]  C = [ 4, 140 ]
  |Z| = 140  q(g) reps [ 1330, 4130, 9170, 9730, 11970, 17570 ]  scales c^2 q = 
[ 1330, 4130, 9170, 9730, 11970, 17570 ]  C = [ 4, 140 ]
  |Z| = 140  q(g) reps [ 1330, 4130, 9170, 9730, 11970, 17570 ]  scales c^2 q = 
[ 1330, 4130, 9170, 9730, 11970, 17570 ]  C = [ 4, 140 ]
  |Z| = 140  q(g) reps [ 3010, 4690, 7490, 8610, 11410, 18690 ]  scales c^2 q = 
[ 3010, 4690, 7490, 8610, 11410, 18690 ]  C = [ 4, 140 ]
  |Z| = 140  q(g) reps [ 3010, 4690, 7490, 8610, 11410, 18690 ]  scales c^2 q = 
[ 3010, 4690, 7490, 8610, 11410, 18690 ]  C = [ 4, 140 ]
  |Z| = 140  q(g) reps [ 3290, 6090, 7210, 10010, 11690, 15610 ]  scales c^2 q =
[ 3290, 6090, 7210, 10010, 11690, 15610 ]  C = [ 4, 140 ]
  |Z| = 140  q(g) reps [ 3290, 6090, 7210, 10010, 11690, 15610 ]  scales c^2 q =
[ 3290, 6090, 7210, 10010, 11690, 15610 ]  C = [ 4, 140 ]
  |Z| = 140  q(g) reps [ 210, 1890, 5810, 13090, 15890, 17010 ]  scales c^2 q = 
[ 210, 1890, 5810, 13090, 15890, 17010 ]  C = [ 4, 140 ]
  |Z| = 140  q(g) reps [ 210, 1890, 5810, 13090, 15890, 17010 ]  scales c^2 q = 
[ 210, 1890, 5810, 13090, 15890, 17010 ]  C = [ 4, 140 ]
  |Z| = 140  q(g) reps [ 1610, 8890, 12810, 14490, 17290, 18410 ]  scales c^2 q 
= [ 1610, 8890, 12810, 14490, 17290, 18410 ]  C = [ 4, 140 ]
  |Z| = 140  q(g) reps [ 1610, 8890, 12810, 14490, 17290, 18410 ]  scales c^2 q 
= [ 1610, 8890, 12810, 14490, 17290, 18410 ]  C = [ 4, 140 ]
  |Z| = 140  q(g) reps [ 2170, 7770, 11130, 13930, 18970, 19530 ]  scales c^2 q 
= [ 2170, 7770, 11130, 13930, 18970, 19530 ]  C = [ 4, 140 ]
  |Z| = 140  q(g) reps [ 2170, 7770, 11130, 13930, 18970, 19530 ]  scales c^2 q 
= [ 2170, 7770, 11130, 13930, 18970, 19530 ]  C = [ 4, 140 ]
  |Z| = 140  q(g) reps [ 3010, 4690, 7490, 8610, 11410, 18690 ]  scales c^2 q = 
[ 3010, 4690, 7490, 8610, 11410, 18690 ]  C = [ 4, 140 ]
  |Z| = 140  q(g) reps [ 3010, 4690, 7490, 8610, 11410, 18690 ]  scales c^2 q = 
[ 3010, 4690, 7490, 8610, 11410, 18690 ]  C = [ 4, 140 ]
  |Z| = 140  q(g) reps [ 2170, 7770, 11130, 13930, 18970, 19530 ]  scales c^2 q 
= [ 2170, 7770, 11130, 13930, 18970, 19530 ]  C = [ 4, 140 ]
  |Z| = 140  q(g) reps [ 2170, 7770, 11130, 13930, 18970, 19530 ]  scales c^2 q 
= [ 2170, 7770, 11130, 13930, 18970, 19530 ]  C = [ 4, 140 ]
  |Z| = 140  q(g) reps [ 3290, 6090, 7210, 10010, 11690, 15610 ]  scales c^2 q =
[ 3290, 6090, 7210, 10010, 11690, 15610 ]  C = [ 4, 140 ]
  |Z| = 140  q(g) reps [ 3290, 6090, 7210, 10010, 11690, 15610 ]  scales c^2 q =
[ 3290, 6090, 7210, 10010, 11690, 15610 ]  C = [ 4, 140 ]
  |Z| = 140  q(g) reps [ 3010, 4690, 7490, 8610, 11410, 18690 ]  scales c^2 q = 
[ 3010, 4690, 7490, 8610, 11410, 18690 ]  C = [ 4, 140 ]
  |Z| = 140  q(g) reps [ 3010, 4690, 7490, 8610, 11410, 18690 ]  scales c^2 q = 
[ 3010, 4690, 7490, 8610, 11410, 18690 ]  C = [ 4, 140 ]
  |Z| = 140  q(g) reps [ 3290, 6090, 7210, 10010, 11690, 15610 ]  scales c^2 q =
[ 3290, 6090, 7210, 10010, 11690, 15610 ]  C = [ 4, 140 ]
  |Z| = 140  q(g) reps [ 3290, 6090, 7210, 10010, 11690, 15610 ]  scales c^2 q =
[ 3290, 6090, 7210, 10010, 11690, 15610 ]  C = [ 4, 140 ]
  |Z| = 140  q(g) reps [ 2730, 4970, 5530, 10570, 13370, 16730 ]  scales c^2 q =
[ 2730, 4970, 5530, 10570, 13370, 16730 ]  C = [ 4, 140 ]
  |Z| = 140  q(g) reps [ 2730, 4970, 5530, 10570, 13370, 16730 ]  scales c^2 q =
[ 2730, 4970, 5530, 10570, 13370, 16730 ]  C = [ 4, 140 ]
  |Z| = 140  q(g) reps [ 1330, 4130, 9170, 9730, 11970, 17570 ]  scales c^2 q = 
[ 1330, 4130, 9170, 9730, 11970, 17570 ]  C = [ 4, 140 ]
  |Z| = 140  q(g) reps [ 1330, 4130, 9170, 9730, 11970, 17570 ]  scales c^2 q = 
[ 1330, 4130, 9170, 9730, 11970, 17570 ]  C = [ 4, 140 ]
  |Z| = 140  q(g) reps [ 3290, 6090, 7210, 10010, 11690, 15610 ]  scales c^2 q =
[ 3290, 6090, 7210, 10010, 11690, 15610 ]  C = [ 4, 140 ]
  |Z| = 140  q(g) reps [ 3290, 6090, 7210, 10010, 11690, 15610 ]  scales c^2 q =
[ 3290, 6090, 7210, 10010, 11690, 15610 ]  C = [ 4, 140 ]
  |Z| = 140  q(g) reps [ 770, 3570, 6930, 12530, 14770, 15330 ]  scales c^2 q = 
[ 770, 3570, 6930, 12530, 14770, 15330 ]  C = [ 4, 140 ]
  |Z| = 140  q(g) reps [ 770, 3570, 6930, 12530, 14770, 15330 ]  scales c^2 q = 
[ 770, 3570, 6930, 12530, 14770, 15330 ]  C = [ 4, 140 ]
  |Z| = 140  q(g) reps [ 210, 1890, 5810, 13090, 15890, 17010 ]  scales c^2 q = 
[ 210, 1890, 5810, 13090, 15890, 17010 ]  C = [ 4, 140 ]
  |Z| = 140  q(g) reps [ 210, 1890, 5810, 13090, 15890, 17010 ]  scales c^2 q = 
[ 210, 1890, 5810, 13090, 15890, 17010 ]  C = [ 4, 140 ]
  |Z| = 140  q(g) reps [ 2730, 4970, 5530, 10570, 13370, 16730 ]  scales c^2 q =
[ 2730, 4970, 5530, 10570, 13370, 16730 ]  C = [ 4, 140 ]
  |Z| = 140  q(g) reps [ 2730, 4970, 5530, 10570, 13370, 16730 ]  scales c^2 q =
[ 2730, 4970, 5530, 10570, 13370, 16730 ]  C = [ 4, 140 ]
  |Z| = 140  q(g) reps [ 210, 1890, 5810, 13090, 15890, 17010 ]  scales c^2 q = 
[ 210, 1890, 5810, 13090, 15890, 17010 ]  C = [ 4, 140 ]
  |Z| = 140  q(g) reps [ 210, 1890, 5810, 13090, 15890, 17010 ]  scales c^2 q = 
[ 210, 1890, 5810, 13090, 15890, 17010 ]  C = [ 4, 140 ]
  |Z| = 140  q(g) reps [ 1330, 4130, 9170, 9730, 11970, 17570 ]  scales c^2 q = 
[ 1330, 4130, 9170, 9730, 11970, 17570 ]  C = [ 4, 140 ]
  |Z| = 140  q(g) reps [ 1330, 4130, 9170, 9730, 11970, 17570 ]  scales c^2 q = 
[ 1330, 4130, 9170, 9730, 11970, 17570 ]  C = [ 4, 140 ]
  |Z| = 140  q(g) reps [ 2730, 4970, 5530, 10570, 13370, 16730 ]  scales c^2 q =
[ 2730, 4970, 5530, 10570, 13370, 16730 ]  C = [ 4, 140 ]
  |Z| = 140  q(g) reps [ 2730, 4970, 5530, 10570, 13370, 16730 ]  scales c^2 q =
[ 2730, 4970, 5530, 10570, 13370, 16730 ]  C = [ 4, 140 ]
  |Z| = 140  q(g) reps [ 210, 1890, 5810, 13090, 15890, 17010 ]  scales c^2 q = 
[ 210, 1890, 5810, 13090, 15890, 17010 ]  C = [ 4, 140 ]
  |Z| = 140  q(g) reps [ 210, 1890, 5810, 13090, 15890, 17010 ]  scales c^2 q = 
[ 210, 1890, 5810, 13090, 15890, 17010 ]  C = [ 4, 140 ]
  |Z| = 140  q(g) reps [ 3010, 4690, 7490, 8610, 11410, 18690 ]  scales c^2 q = 
[ 3010, 4690, 7490, 8610, 11410, 18690 ]  C = [ 4, 140 ]
  |Z| = 140  q(g) reps [ 3010, 4690, 7490, 8610, 11410, 18690 ]  scales c^2 q = 
[ 3010, 4690, 7490, 8610, 11410, 18690 ]  C = [ 4, 140 ]
  |Z| = 140  q(g) reps [ 3290, 6090, 7210, 10010, 11690, 15610 ]  scales c^2 q =
[ 3290, 6090, 7210, 10010, 11690, 15610 ]  C = [ 4, 140 ]
  |Z| = 140  q(g) reps [ 3290, 6090, 7210, 10010, 11690, 15610 ]  scales c^2 q =
[ 3290, 6090, 7210, 10010, 11690, 15610 ]  C = [ 4, 140 ]
  |Z| = 140  q(g) reps [ 1330, 4130, 9170, 9730, 11970, 17570 ]  scales c^2 q = 
[ 1330, 4130, 9170, 9730, 11970, 17570 ]  C = [ 4, 140 ]
  |Z| = 140  q(g) reps [ 1330, 4130, 9170, 9730, 11970, 17570 ]  scales c^2 q = 
[ 1330, 4130, 9170, 9730, 11970, 17570 ]  C = [ 4, 140 ]
  |Z| = 140  q(g) reps [ 1610, 8890, 12810, 14490, 17290, 18410 ]  scales c^2 q 
= [ 1610, 8890, 12810, 14490, 17290, 18410 ]  C = [ 4, 140 ]
  |Z| = 140  q(g) reps [ 1610, 8890, 12810, 14490, 17290, 18410 ]  scales c^2 q 
= [ 1610, 8890, 12810, 14490, 17290, 18410 ]  C = [ 4, 140 ]
  |Z| = 140  q(g) reps [ 2170, 7770, 11130, 13930, 18970, 19530 ]  scales c^2 q 
= [ 2170, 7770, 11130, 13930, 18970, 19530 ]  C = [ 4, 140 ]
  |Z| = 140  q(g) reps [ 2170, 7770, 11130, 13930, 18970, 19530 ]  scales c^2 q 
= [ 2170, 7770, 11130, 13930, 18970, 19530 ]  C = [ 4, 140 ]
  |Z| = 140  q(g) reps [ 3010, 4690, 7490, 8610, 11410, 18690 ]  scales c^2 q = 
[ 3010, 4690, 7490, 8610, 11410, 18690 ]  C = [ 4, 140 ]
  |Z| = 140  q(g) reps [ 3010, 4690, 7490, 8610, 11410, 18690 ]  scales c^2 q = 
[ 3010, 4690, 7490, 8610, 11410, 18690 ]  C = [ 4, 140 ]
  |Z| = 140  q(g) reps [ 3290, 6090, 7210, 10010, 11690, 15610 ]  scales c^2 q =
[ 3290, 6090, 7210, 10010, 11690, 15610 ]  C = [ 4, 140 ]
  |Z| = 140  q(g) reps [ 3290, 6090, 7210, 10010, 11690, 15610 ]  scales c^2 q =
[ 3290, 6090, 7210, 10010, 11690, 15610 ]  C = [ 4, 140 ]
  |Z| = 140  q(g) reps [ 3290, 6090, 7210, 10010, 11690, 15610 ]  scales c^2 q =
[ 3290, 6090, 7210, 10010, 11690, 15610 ]  C = [ 4, 140 ]
  |Z| = 140  q(g) reps [ 3290, 6090, 7210, 10010, 11690, 15610 ]  scales c^2 q =
[ 3290, 6090, 7210, 10010, 11690, 15610 ]  C = [ 4, 140 ]
  |Z| = 140  q(g) reps [ 3010, 4690, 7490, 8610, 11410, 18690 ]  scales c^2 q = 
[ 3010, 4690, 7490, 8610, 11410, 18690 ]  C = [ 4, 140 ]
  |Z| = 140  q(g) reps [ 3010, 4690, 7490, 8610, 11410, 18690 ]  scales c^2 q = 
[ 3010, 4690, 7490, 8610, 11410, 18690 ]  C = [ 4, 140 ]
  |Z| = 140  q(g) reps [ 2170, 7770, 11130, 13930, 18970, 19530 ]  scales c^2 q 
= [ 2170, 7770, 11130, 13930, 18970, 19530 ]  C = [ 4, 140 ]
  |Z| = 140  q(g) reps [ 2170, 7770, 11130, 13930, 18970, 19530 ]  scales c^2 q 
= [ 2170, 7770, 11130, 13930, 18970, 19530 ]  C = [ 4, 140 ]
  |Z| = 140  q(g) reps [ 1610, 8890, 12810, 14490, 17290, 18410 ]  scales c^2 q 
= [ 1610, 8890, 12810, 14490, 17290, 18410 ]  C = [ 4, 140 ]
  |Z| = 140  q(g) reps [ 1610, 8890, 12810, 14490, 17290, 18410 ]  scales c^2 q 
= [ 1610, 8890, 12810, 14490, 17290, 18410 ]  C = [ 4, 140 ]
  |Z| = 140  q(g) reps [ 1330, 4130, 9170, 9730, 11970, 17570 ]  scales c^2 q = 
[ 1330, 4130, 9170, 9730, 11970, 17570 ]  C = [ 4, 140 ]
  |Z| = 140  q(g) reps [ 1330, 4130, 9170, 9730, 11970, 17570 ]  scales c^2 q = 
[ 1330, 4130, 9170, 9730, 11970, 17570 ]  C = [ 4, 140 ]
  |Z| = 140  q(g) reps [ 3290, 6090, 7210, 10010, 11690, 15610 ]  scales c^2 q =
[ 3290, 6090, 7210, 10010, 11690, 15610 ]  C = [ 4, 140 ]
  |Z| = 140  q(g) reps [ 3290, 6090, 7210, 10010, 11690, 15610 ]  scales c^2 q =
[ 3290, 6090, 7210, 10010, 11690, 15610 ]  C = [ 4, 140 ]
  |Z| = 140  q(g) reps [ 3010, 4690, 7490, 8610, 11410, 18690 ]  scales c^2 q = 
[ 3010, 4690, 7490, 8610, 11410, 18690 ]  C = [ 4, 140 ]
  |Z| = 140  q(g) reps [ 3010, 4690, 7490, 8610, 11410, 18690 ]  scales c^2 q = 
[ 3010, 4690, 7490, 8610, 11410, 18690 ]  C = [ 4, 140 ]
  |Z| = 140  q(g) reps [ 210, 1890, 5810, 13090, 15890, 17010 ]  scales c^2 q = 
[ 210, 1890, 5810, 13090, 15890, 17010 ]  C = [ 4, 140 ]
  |Z| = 140  q(g) reps [ 210, 1890, 5810, 13090, 15890, 17010 ]  scales c^2 q = 
[ 210, 1890, 5810, 13090, 15890, 17010 ]  C = [ 4, 140 ]
  |Z| = 140  q(g) reps [ 2730, 4970, 5530, 10570, 13370, 16730 ]  scales c^2 q =
[ 2730, 4970, 5530, 10570, 13370, 16730 ]  C = [ 4, 140 ]
  |Z| = 140  q(g) reps [ 2730, 4970, 5530, 10570, 13370, 16730 ]  scales c^2 q =
[ 2730, 4970, 5530, 10570, 13370, 16730 ]  C = [ 4, 140 ]
  |Z| = 140  q(g) reps [ 1330, 4130, 9170, 9730, 11970, 17570 ]  scales c^2 q = 
[ 1330, 4130, 9170, 9730, 11970, 17570 ]  C = [ 4, 140 ]
  |Z| = 140  q(g) reps [ 1330, 4130, 9170, 9730, 11970, 17570 ]  scales c^2 q = 
[ 1330, 4130, 9170, 9730, 11970, 17570 ]  C = [ 4, 140 ]
  |Z| = 140  q(g) reps [ 210, 1890, 5810, 13090, 15890, 17010 ]  scales c^2 q = 
[ 210, 1890, 5810, 13090, 15890, 17010 ]  C = [ 4, 140 ]
  |Z| = 140  q(g) reps [ 210, 1890, 5810, 13090, 15890, 17010 ]  scales c^2 q = 
[ 210, 1890, 5810, 13090, 15890, 17010 ]  C = [ 4, 140 ]
  |Z| = 140  q(g) reps [ 2730, 4970, 5530, 10570, 13370, 16730 ]  scales c^2 q =
[ 2730, 4970, 5530, 10570, 13370, 16730 ]  C = [ 4, 140 ]
  |Z| = 140  q(g) reps [ 2730, 4970, 5530, 10570, 13370, 16730 ]  scales c^2 q =
[ 2730, 4970, 5530, 10570, 13370, 16730 ]  C = [ 4, 140 ]
  |Z| = 140  q(g) reps [ 210, 1890, 5810, 13090, 15890, 17010 ]  scales c^2 q = 
[ 210, 1890, 5810, 13090, 15890, 17010 ]  C = [ 4, 140 ]
  |Z| = 140  q(g) reps [ 210, 1890, 5810, 13090, 15890, 17010 ]  scales c^2 q = 
[ 210, 1890, 5810, 13090, 15890, 17010 ]  C = [ 4, 140 ]
  |Z| = 140  q(g) reps [ 770, 3570, 6930, 12530, 14770, 15330 ]  scales c^2 q = 
[ 770, 3570, 6930, 12530, 14770, 15330 ]  C = [ 4, 140 ]
  |Z| = 140  q(g) reps [ 770, 3570, 6930, 12530, 14770, 15330 ]  scales c^2 q = 
[ 770, 3570, 6930, 12530, 14770, 15330 ]  C = [ 4, 140 ]
  |Z| = 140  q(g) reps [ 3290, 6090, 7210, 10010, 11690, 15610 ]  scales c^2 q =
[ 3290, 6090, 7210, 10010, 11690, 15610 ]  C = [ 4, 140 ]
  |Z| = 140  q(g) reps [ 3290, 6090, 7210, 10010, 11690, 15610 ]  scales c^2 q =
[ 3290, 6090, 7210, 10010, 11690, 15610 ]  C = [ 4, 140 ]
  |Z| = 140  q(g) reps [ 1330, 4130, 9170, 9730, 11970, 17570 ]  scales c^2 q = 
[ 1330, 4130, 9170, 9730, 11970, 17570 ]  C = [ 4, 140 ]
  |Z| = 140  q(g) reps [ 1330, 4130, 9170, 9730, 11970, 17570 ]  scales c^2 q = 
[ 1330, 4130, 9170, 9730, 11970, 17570 ]  C = [ 4, 140 ]
  |Z| = 140  q(g) reps [ 2730, 4970, 5530, 10570, 13370, 16730 ]  scales c^2 q =
[ 2730, 4970, 5530, 10570, 13370, 16730 ]  C = [ 4, 140 ]
  |Z| = 140  q(g) reps [ 2730, 4970, 5530, 10570, 13370, 16730 ]  scales c^2 q =
[ 2730, 4970, 5530, 10570, 13370, 16730 ]  C = [ 4, 140 ]
  |Z| = 140  q(g) reps [ 3290, 6090, 7210, 10010, 11690, 15610 ]  scales c^2 q =
[ 3290, 6090, 7210, 10010, 11690, 15610 ]  C = [ 4, 140 ]
  |Z| = 140  q(g) reps [ 3290, 6090, 7210, 10010, 11690, 15610 ]  scales c^2 q =
[ 3290, 6090, 7210, 10010, 11690, 15610 ]  C = [ 4, 140 ]
  |Z| = 140  q(g) reps [ 3010, 4690, 7490, 8610, 11410, 18690 ]  scales c^2 q = 
[ 3010, 4690, 7490, 8610, 11410, 18690 ]  C = [ 4, 140 ]
  |Z| = 140  q(g) reps [ 3010, 4690, 7490, 8610, 11410, 18690 ]  scales c^2 q = 
[ 3010, 4690, 7490, 8610, 11410, 18690 ]  C = [ 4, 140 ]
  |Z| = 140  q(g) reps [ 3290, 6090, 7210, 10010, 11690, 15610 ]  scales c^2 q =
[ 3290, 6090, 7210, 10010, 11690, 15610 ]  C = [ 4, 140 ]
  |Z| = 140  q(g) reps [ 3290, 6090, 7210, 10010, 11690, 15610 ]  scales c^2 q =
[ 3290, 6090, 7210, 10010, 11690, 15610 ]  C = [ 4, 140 ]
  |Z| = 140  q(g) reps [ 2170, 7770, 11130, 13930, 18970, 19530 ]  scales c^2 q 
= [ 2170, 7770, 11130, 13930, 18970, 19530 ]  C = [ 4, 140 ]
  |Z| = 140  q(g) reps [ 2170, 7770, 11130, 13930, 18970, 19530 ]  scales c^2 q 
= [ 2170, 7770, 11130, 13930, 18970, 19530 ]  C = [ 4, 140 ]
  |Z| = 140  q(g) reps [ 3010, 4690, 7490, 8610, 11410, 18690 ]  scales c^2 q = 
[ 3010, 4690, 7490, 8610, 11410, 18690 ]  C = [ 4, 140 ]
  |Z| = 140  q(g) reps [ 3010, 4690, 7490, 8610, 11410, 18690 ]  scales c^2 q = 
[ 3010, 4690, 7490, 8610, 11410, 18690 ]  C = [ 4, 140 ]
  |Z| = 140  q(g) reps [ 2170, 7770, 11130, 13930, 18970, 19530 ]  scales c^2 q 
= [ 2170, 7770, 11130, 13930, 18970, 19530 ]  C = [ 4, 140 ]
  |Z| = 140  q(g) reps [ 2170, 7770, 11130, 13930, 18970, 19530 ]  scales c^2 q 
= [ 2170, 7770, 11130, 13930, 18970, 19530 ]  C = [ 4, 140 ]
  |Z| = 140  q(g) reps [ 1610, 8890, 12810, 14490, 17290, 18410 ]  scales c^2 q 
= [ 1610, 8890, 12810, 14490, 17290, 18410 ]  C = [ 4, 140 ]
  |Z| = 140  q(g) reps [ 1610, 8890, 12810, 14490, 17290, 18410 ]  scales c^2 q 
= [ 1610, 8890, 12810, 14490, 17290, 18410 ]  C = [ 4, 140 ]
  |Z| = 140  q(g) reps [ 210, 1890, 5810, 13090, 15890, 17010 ]  scales c^2 q = 
[ 210, 1890, 5810, 13090, 15890, 17010 ]  C = [ 4, 140 ]
  |Z| = 140  q(g) reps [ 210, 1890, 5810, 13090, 15890, 17010 ]  scales c^2 q = 
[ 210, 1890, 5810, 13090, 15890, 17010 ]  C = [ 4, 140 ]
  |Z| = 140  q(g) reps [ 3290, 6090, 7210, 10010, 11690, 15610 ]  scales c^2 q =
[ 3290, 6090, 7210, 10010, 11690, 15610 ]  C = [ 4, 140 ]
  |Z| = 140  q(g) reps [ 3290, 6090, 7210, 10010, 11690, 15610 ]  scales c^2 q =
[ 3290, 6090, 7210, 10010, 11690, 15610 ]  C = [ 4, 140 ]
  |Z| = 140  q(g) reps [ 3010, 4690, 7490, 8610, 11410, 18690 ]  scales c^2 q = 
[ 3010, 4690, 7490, 8610, 11410, 18690 ]  C = [ 4, 140 ]
  |Z| = 140  q(g) reps [ 3010, 4690, 7490, 8610, 11410, 18690 ]  scales c^2 q = 
[ 3010, 4690, 7490, 8610, 11410, 18690 ]  C = [ 4, 140 ]
  |Z| = 140  q(g) reps [ 1330, 4130, 9170, 9730, 11970, 17570 ]  scales c^2 q = 
[ 1330, 4130, 9170, 9730, 11970, 17570 ]  C = [ 4, 140 ]
  |Z| = 140  q(g) reps [ 1330, 4130, 9170, 9730, 11970, 17570 ]  scales c^2 q = 
[ 1330, 4130, 9170, 9730, 11970, 17570 ]  C = [ 4, 140 ]
  |Z| = 140  q(g) reps [ 1610, 8890, 12810, 14490, 17290, 18410 ]  scales c^2 q 
= [ 1610, 8890, 12810, 14490, 17290, 18410 ]  C = [ 4, 140 ]
  |Z| = 140  q(g) reps [ 1610, 8890, 12810, 14490, 17290, 18410 ]  scales c^2 q 
= [ 1610, 8890, 12810, 14490, 17290, 18410 ]  C = [ 4, 140 ]
  |Z| = 140  q(g) reps [ 1330, 4130, 9170, 9730, 11970, 17570 ]  scales c^2 q = 
[ 1330, 4130, 9170, 9730, 11970, 17570 ]  C = [ 4, 140 ]
  |Z| = 140  q(g) reps [ 1330, 4130, 9170, 9730, 11970, 17570 ]  scales c^2 q = 
[ 1330, 4130, 9170, 9730, 11970, 17570 ]  C = [ 4, 140 ]
  |Z| = 140  q(g) reps [ 210, 1890, 5810, 13090, 15890, 17010 ]  scales c^2 q = 
[ 210, 1890, 5810, 13090, 15890, 17010 ]  C = [ 4, 140 ]
  |Z| = 140  q(g) reps [ 210, 1890, 5810, 13090, 15890, 17010 ]  scales c^2 q = 
[ 210, 1890, 5810, 13090, 15890, 17010 ]  C = [ 4, 140 ]
  |Z| = 140  q(g) reps [ 1610, 8890, 12810, 14490, 17290, 18410 ]  scales c^2 q 
= [ 1610, 8890, 12810, 14490, 17290, 18410 ]  C = [ 4, 140 ]
  |Z| = 140  q(g) reps [ 1610, 8890, 12810, 14490, 17290, 18410 ]  scales c^2 q 
= [ 1610, 8890, 12810, 14490, 17290, 18410 ]  C = [ 4, 140 ]
  |Z| = 140  q(g) reps [ 210, 1890, 5810, 13090, 15890, 17010 ]  scales c^2 q = 
[ 210, 1890, 5810, 13090, 15890, 17010 ]  C = [ 4, 140 ]
  |Z| = 140  q(g) reps [ 210, 1890, 5810, 13090, 15890, 17010 ]  scales c^2 q = 
[ 210, 1890, 5810, 13090, 15890, 17010 ]  C = [ 4, 140 ]
  |Z| = 140  q(g) reps [ 770, 3570, 6930, 12530, 14770, 15330 ]  scales c^2 q = 
[ 770, 3570, 6930, 12530, 14770, 15330 ]  C = [ 4, 140 ]
  |Z| = 140  q(g) reps [ 770, 3570, 6930, 12530, 14770, 15330 ]  scales c^2 q = 
[ 770, 3570, 6930, 12530, 14770, 15330 ]  C = [ 4, 140 ]
  |Z| = 140  q(g) reps [ 2170, 7770, 11130, 13930, 18970, 19530 ]  scales c^2 q 
= [ 2170, 7770, 11130, 13930, 18970, 19530 ]  C = [ 4, 140 ]
  |Z| = 140  q(g) reps [ 2170, 7770, 11130, 13930, 18970, 19530 ]  scales c^2 q 
= [ 2170, 7770, 11130, 13930, 18970, 19530 ]  C = [ 4, 140 ]
  |Z| = 140  q(g) reps [ 210, 1890, 5810, 13090, 15890, 17010 ]  scales c^2 q = 
[ 210, 1890, 5810, 13090, 15890, 17010 ]  C = [ 4, 140 ]
  |Z| = 140  q(g) reps [ 210, 1890, 5810, 13090, 15890, 17010 ]  scales c^2 q = 
[ 210, 1890, 5810, 13090, 15890, 17010 ]  C = [ 4, 140 ]
  |Z| = 140  q(g) reps [ 2730, 4970, 5530, 10570, 13370, 16730 ]  scales c^2 q =
[ 2730, 4970, 5530, 10570, 13370, 16730 ]  C = [ 4, 140 ]
  |Z| = 140  q(g) reps [ 2730, 4970, 5530, 10570, 13370, 16730 ]  scales c^2 q =
[ 2730, 4970, 5530, 10570, 13370, 16730 ]  C = [ 4, 140 ]
  |Z| = 140  q(g) reps [ 3290, 6090, 7210, 10010, 11690, 15610 ]  scales c^2 q =
[ 3290, 6090, 7210, 10010, 11690, 15610 ]  C = [ 4, 140 ]
  |Z| = 140  q(g) reps [ 3290, 6090, 7210, 10010, 11690, 15610 ]  scales c^2 q =
[ 3290, 6090, 7210, 10010, 11690, 15610 ]  C = [ 4, 140 ]
  |Z| = 140  q(g) reps [ 770, 3570, 6930, 12530, 14770, 15330 ]  scales c^2 q = 
[ 770, 3570, 6930, 12530, 14770, 15330 ]  C = [ 4, 140 ]
  |Z| = 140  q(g) reps [ 770, 3570, 6930, 12530, 14770, 15330 ]  scales c^2 q = 
[ 770, 3570, 6930, 12530, 14770, 15330 ]  C = [ 4, 140 ]
  |Z| = 140  q(g) reps [ 3290, 6090, 7210, 10010, 11690, 15610 ]  scales c^2 q =
[ 3290, 6090, 7210, 10010, 11690, 15610 ]  C = [ 4, 140 ]
  |Z| = 140  q(g) reps [ 3290, 6090, 7210, 10010, 11690, 15610 ]  scales c^2 q =
[ 3290, 6090, 7210, 10010, 11690, 15610 ]  C = [ 4, 140 ]
  |Z| = 140  q(g) reps [ 2170, 7770, 11130, 13930, 18970, 19530 ]  scales c^2 q 
= [ 2170, 7770, 11130, 13930, 18970, 19530 ]  C = [ 4, 140 ]
  |Z| = 140  q(g) reps [ 2170, 7770, 11130, 13930, 18970, 19530 ]  scales c^2 q 
= [ 2170, 7770, 11130, 13930, 18970, 19530 ]  C = [ 4, 140 ]
  |Z| = 140  q(g) reps [ 770, 3570, 6930, 12530, 14770, 15330 ]  scales c^2 q = 
[ 770, 3570, 6930, 12530, 14770, 15330 ]  C = [ 4, 140 ]
  |Z| = 140  q(g) reps [ 770, 3570, 6930, 12530, 14770, 15330 ]  scales c^2 q = 
[ 770, 3570, 6930, 12530, 14770, 15330 ]  C = [ 4, 140 ]
  |Z| = 140  q(g) reps [ 3290, 6090, 7210, 10010, 11690, 15610 ]  scales c^2 q =
[ 3290, 6090, 7210, 10010, 11690, 15610 ]  C = [ 4, 140 ]
  |Z| = 140  q(g) reps [ 3290, 6090, 7210, 10010, 11690, 15610 ]  scales c^2 q =
[ 3290, 6090, 7210, 10010, 11690, 15610 ]  C = [ 4, 140 ]
  |Z| = 140  q(g) reps [ 1610, 8890, 12810, 14490, 17290, 18410 ]  scales c^2 q 
= [ 1610, 8890, 12810, 14490, 17290, 18410 ]  C = [ 4, 140 ]
  |Z| = 140  q(g) reps [ 1610, 8890, 12810, 14490, 17290, 18410 ]  scales c^2 q 
= [ 1610, 8890, 12810, 14490, 17290, 18410 ]  C = [ 4, 140 ]
  |Z| = 140  q(g) reps [ 210, 1890, 5810, 13090, 15890, 17010 ]  scales c^2 q = 
[ 210, 1890, 5810, 13090, 15890, 17010 ]  C = [ 4, 140 ]
  |Z| = 140  q(g) reps [ 210, 1890, 5810, 13090, 15890, 17010 ]  scales c^2 q = 
[ 210, 1890, 5810, 13090, 15890, 17010 ]  C = [ 4, 140 ]
  |Z| = 140  q(g) reps [ 2170, 7770, 11130, 13930, 18970, 19530 ]  scales c^2 q 
= [ 2170, 7770, 11130, 13930, 18970, 19530 ]  C = [ 4, 140 ]
  |Z| = 140  q(g) reps [ 2170, 7770, 11130, 13930, 18970, 19530 ]  scales c^2 q 
= [ 2170, 7770, 11130, 13930, 18970, 19530 ]  C = [ 4, 140 ]
  |Z| = 140  q(g) reps [ 3010, 4690, 7490, 8610, 11410, 18690 ]  scales c^2 q = 
[ 3010, 4690, 7490, 8610, 11410, 18690 ]  C = [ 4, 140 ]
  |Z| = 140  q(g) reps [ 3010, 4690, 7490, 8610, 11410, 18690 ]  scales c^2 q = 
[ 3010, 4690, 7490, 8610, 11410, 18690 ]  C = [ 4, 140 ]
  |Z| = 140  q(g) reps [ 1330, 4130, 9170, 9730, 11970, 17570 ]  scales c^2 q = 
[ 1330, 4130, 9170, 9730, 11970, 17570 ]  C = [ 4, 140 ]
  |Z| = 140  q(g) reps [ 1330, 4130, 9170, 9730, 11970, 17570 ]  scales c^2 q = 
[ 1330, 4130, 9170, 9730, 11970, 17570 ]  C = [ 4, 140 ]
  |Z| = 140  q(g) reps [ 1610, 8890, 12810, 14490, 17290, 18410 ]  scales c^2 q 
= [ 1610, 8890, 12810, 14490, 17290, 18410 ]  C = [ 4, 140 ]
  |Z| = 140  q(g) reps [ 1610, 8890, 12810, 14490, 17290, 18410 ]  scales c^2 q 
= [ 1610, 8890, 12810, 14490, 17290, 18410 ]  C = [ 4, 140 ]
  |Z| = 140  q(g) reps [ 210, 1890, 5810, 13090, 15890, 17010 ]  scales c^2 q = 
[ 210, 1890, 5810, 13090, 15890, 17010 ]  C = [ 4, 140 ]
  |Z| = 140  q(g) reps [ 210, 1890, 5810, 13090, 15890, 17010 ]  scales c^2 q = 
[ 210, 1890, 5810, 13090, 15890, 17010 ]  C = [ 4, 140 ]
  |Z| = 140  q(g) reps [ 210, 1890, 5810, 13090, 15890, 17010 ]  scales c^2 q = 
[ 210, 1890, 5810, 13090, 15890, 17010 ]  C = [ 4, 140 ]
  |Z| = 140  q(g) reps [ 210, 1890, 5810, 13090, 15890, 17010 ]  scales c^2 q = 
[ 210, 1890, 5810, 13090, 15890, 17010 ]  C = [ 4, 140 ]
  |Z| = 140  q(g) reps [ 3990, 7910, 9590, 12390, 13510, 16310 ]  scales c^2 q =
[ 3990, 7910, 9590, 12390, 13510, 16310 ]  C = [ 4, 140 ]
  |Z| = 140  q(g) reps [ 3290, 6090, 7210, 10010, 11690, 15610 ]  scales c^2 q =
[ 3290, 6090, 7210, 10010, 11690, 15610 ]  C = [ 4, 140 ]
  |Z| = 140  q(g) reps [ 3290, 6090, 7210, 10010, 11690, 15610 ]  scales c^2 q =
[ 3290, 6090, 7210, 10010, 11690, 15610 ]  C = [ 4, 140 ]
  |Z| = 140  q(g) reps [ 2870, 6230, 9030, 14070, 14630, 16870 ]  scales c^2 q =
[ 2870, 6230, 9030, 14070, 14630, 16870 ]  C = [ 4, 140 ]
  |Z| = 140  q(g) reps [ 2170, 7770, 11130, 13930, 18970, 19530 ]  scales c^2 q 
= [ 2170, 7770, 11130, 13930, 18970, 19530 ]  C = [ 4, 140 ]
  |Z| = 140  q(g) reps [ 2170, 7770, 11130, 13930, 18970, 19530 ]  scales c^2 q 
= [ 2170, 7770, 11130, 13930, 18970, 19530 ]  C = [ 4, 140 ]
  |Z| = 140  q(g) reps [ 3990, 7910, 9590, 12390, 13510, 16310 ]  scales c^2 q =
[ 3990, 7910, 9590, 12390, 13510, 16310 ]  C = [ 4, 140 ]
  |Z| = 140  q(g) reps [ 2730, 4970, 5530, 10570, 13370, 16730 ]  scales c^2 q =
[ 2730, 4970, 5530, 10570, 13370, 16730 ]  C = [ 4, 140 ]
  |Z| = 140  q(g) reps [ 2730, 4970, 5530, 10570, 13370, 16730 ]  scales c^2 q =
[ 2730, 4970, 5530, 10570, 13370, 16730 ]  C = [ 4, 140 ]
  |Z| = 140  q(g) reps [ 2870, 6230, 9030, 14070, 14630, 16870 ]  scales c^2 q =
[ 2870, 6230, 9030, 14070, 14630, 16870 ]  C = [ 4, 140 ]
  |Z| = 140  q(g) reps [ 3290, 6090, 7210, 10010, 11690, 15610 ]  scales c^2 q =
[ 3290, 6090, 7210, 10010, 11690, 15610 ]  C = [ 4, 140 ]
  |Z| = 140  q(g) reps [ 3290, 6090, 7210, 10010, 11690, 15610 ]  scales c^2 q =
[ 3290, 6090, 7210, 10010, 11690, 15610 ]  C = [ 4, 140 ]
  |Z| = 140  q(g) reps [ 1190, 2310, 5110, 6790, 10710, 17990 ]  scales c^2 q = 
[ 1190, 2310, 5110, 6790, 10710, 17990 ]  C = [ 4, 140 ]
  |Z| = 140  q(g) reps [ 1610, 8890, 12810, 14490, 17290, 18410 ]  scales c^2 q 
= [ 1610, 8890, 12810, 14490, 17290, 18410 ]  C = [ 4, 140 ]
  |Z| = 140  q(g) reps [ 1610, 8890, 12810, 14490, 17290, 18410 ]  scales c^2 q 
= [ 1610, 8890, 12810, 14490, 17290, 18410 ]  C = [ 4, 140 ]
  |Z| = 140  q(g) reps [ 3990, 7910, 9590, 12390, 13510, 16310 ]  scales c^2 q =
[ 3990, 7910, 9590, 12390, 13510, 16310 ]  C = [ 4, 140 ]
  |Z| = 140  q(g) reps [ 3290, 6090, 7210, 10010, 11690, 15610 ]  scales c^2 q =
[ 3290, 6090, 7210, 10010, 11690, 15610 ]  C = [ 4, 140 ]
  |Z| = 140  q(g) reps [ 3290, 6090, 7210, 10010, 11690, 15610 ]  scales c^2 q =
[ 3290, 6090, 7210, 10010, 11690, 15610 ]  C = [ 4, 140 ]
  |Z| = 140  q(g) reps [ 1190, 2310, 5110, 6790, 10710, 17990 ]  scales c^2 q = 
[ 1190, 2310, 5110, 6790, 10710, 17990 ]  C = [ 4, 140 ]
  |Z| = 140  q(g) reps [ 2170, 7770, 11130, 13930, 18970, 19530 ]  scales c^2 q 
= [ 2170, 7770, 11130, 13930, 18970, 19530 ]  C = [ 4, 140 ]
  |Z| = 140  q(g) reps [ 2170, 7770, 11130, 13930, 18970, 19530 ]  scales c^2 q 
= [ 2170, 7770, 11130, 13930, 18970, 19530 ]  C = [ 4, 140 ]
  |Z| = 140  q(g) reps [ 70, 630, 5670, 8470, 11830, 17430 ]  scales c^2 q = [ 
70, 630, 5670, 8470, 11830, 17430 ]  C = [ 4, 140 ]
  |Z| = 140  q(g) reps [ 1610, 8890, 12810, 14490, 17290, 18410 ]  scales c^2 q 
= [ 1610, 8890, 12810, 14490, 17290, 18410 ]  C = [ 4, 140 ]
  |Z| = 140  q(g) reps [ 1610, 8890, 12810, 14490, 17290, 18410 ]  scales c^2 q 
= [ 1610, 8890, 12810, 14490, 17290, 18410 ]  C = [ 4, 140 ]
  |Z| = 140  q(g) reps [ 2870, 6230, 9030, 14070, 14630, 16870 ]  scales c^2 q =
[ 2870, 6230, 9030, 14070, 14630, 16870 ]  C = [ 4, 140 ]
  |Z| = 140  q(g) reps [ 2170, 7770, 11130, 13930, 18970, 19530 ]  scales c^2 q 
= [ 2170, 7770, 11130, 13930, 18970, 19530 ]  C = [ 4, 140 ]
  |Z| = 140  q(g) reps [ 2170, 7770, 11130, 13930, 18970, 19530 ]  scales c^2 q 
= [ 2170, 7770, 11130, 13930, 18970, 19530 ]  C = [ 4, 140 ]
  |Z| = 140  q(g) reps [ 1190, 2310, 5110, 6790, 10710, 17990 ]  scales c^2 q = 
[ 1190, 2310, 5110, 6790, 10710, 17990 ]  C = [ 4, 140 ]
  |Z| = 140  q(g) reps [ 1610, 8890, 12810, 14490, 17290, 18410 ]  scales c^2 q 
= [ 1610, 8890, 12810, 14490, 17290, 18410 ]  C = [ 4, 140 ]
  |Z| = 140  q(g) reps [ 1610, 8890, 12810, 14490, 17290, 18410 ]  scales c^2 q 
= [ 1610, 8890, 12810, 14490, 17290, 18410 ]  C = [ 4, 140 ]
  |Z| = 140  q(g) reps [ 70, 630, 5670, 8470, 11830, 17430 ]  scales c^2 q = [ 
70, 630, 5670, 8470, 11830, 17430 ]  C = [ 4, 140 ]
  |Z| = 140  q(g) reps [ 3290, 6090, 7210, 10010, 11690, 15610 ]  scales c^2 q =
[ 3290, 6090, 7210, 10010, 11690, 15610 ]  C = [ 4, 140 ]
  |Z| = 140  q(g) reps [ 3290, 6090, 7210, 10010, 11690, 15610 ]  scales c^2 q =
[ 3290, 6090, 7210, 10010, 11690, 15610 ]  C = [ 4, 140 ]
  |Z| = 140  q(g) reps [ 1190, 2310, 5110, 6790, 10710, 17990 ]  scales c^2 q = 
[ 1190, 2310, 5110, 6790, 10710, 17990 ]  C = [ 4, 140 ]
  |Z| = 140  q(g) reps [ 3290, 6090, 7210, 10010, 11690, 15610 ]  scales c^2 q =
[ 3290, 6090, 7210, 10010, 11690, 15610 ]  C = [ 4, 140 ]
  |Z| = 140  q(g) reps [ 3290, 6090, 7210, 10010, 11690, 15610 ]  scales c^2 q =
[ 3290, 6090, 7210, 10010, 11690, 15610 ]  C = [ 4, 140 ]
  |Z| = 140  q(g) reps [ 70, 630, 5670, 8470, 11830, 17430 ]  scales c^2 q = [ 
70, 630, 5670, 8470, 11830, 17430 ]  C = [ 4, 140 ]
  |Z| = 140  q(g) reps [ 1610, 8890, 12810, 14490, 17290, 18410 ]  scales c^2 q 
= [ 1610, 8890, 12810, 14490, 17290, 18410 ]  C = [ 4, 140 ]
  |Z| = 140  q(g) reps [ 1610, 8890, 12810, 14490, 17290, 18410 ]  scales c^2 q 
= [ 1610, 8890, 12810, 14490, 17290, 18410 ]  C = [ 4, 140 ]
  |Z| = 140  q(g) reps [ 1190, 2310, 5110, 6790, 10710, 17990 ]  scales c^2 q = 
[ 1190, 2310, 5110, 6790, 10710, 17990 ]  C = [ 4, 140 ]
  |Z| = 140  q(g) reps [ 2170, 7770, 11130, 13930, 18970, 19530 ]  scales c^2 q 
= [ 2170, 7770, 11130, 13930, 18970, 19530 ]  C = [ 4, 140 ]
  |Z| = 140  q(g) reps [ 2170, 7770, 11130, 13930, 18970, 19530 ]  scales c^2 q 
= [ 2170, 7770, 11130, 13930, 18970, 19530 ]  C = [ 4, 140 ]
  |Z| = 140  q(g) reps [ 2870, 6230, 9030, 14070, 14630, 16870 ]  scales c^2 q =
[ 2870, 6230, 9030, 14070, 14630, 16870 ]  C = [ 4, 140 ]
  |Z| = 140  q(g) reps [ 1610, 8890, 12810, 14490, 17290, 18410 ]  scales c^2 q 
= [ 1610, 8890, 12810, 14490, 17290, 18410 ]  C = [ 4, 140 ]
  |Z| = 140  q(g) reps [ 1610, 8890, 12810, 14490, 17290, 18410 ]  scales c^2 q 
= [ 1610, 8890, 12810, 14490, 17290, 18410 ]  C = [ 4, 140 ]
  |Z| = 140  q(g) reps [ 70, 630, 5670, 8470, 11830, 17430 ]  scales c^2 q = [ 
70, 630, 5670, 8470, 11830, 17430 ]  C = [ 4, 140 ]
  |Z| = 140  q(g) reps [ 2170, 7770, 11130, 13930, 18970, 19530 ]  scales c^2 q 
= [ 2170, 7770, 11130, 13930, 18970, 19530 ]  C = [ 4, 140 ]
  |Z| = 140  q(g) reps [ 2170, 7770, 11130, 13930, 18970, 19530 ]  scales c^2 q 
= [ 2170, 7770, 11130, 13930, 18970, 19530 ]  C = [ 4, 140 ]
  |Z| = 140  q(g) reps [ 1190, 2310, 5110, 6790, 10710, 17990 ]  scales c^2 q = 
[ 1190, 2310, 5110, 6790, 10710, 17990 ]  C = [ 4, 140 ]
  |Z| = 140  q(g) reps [ 3290, 6090, 7210, 10010, 11690, 15610 ]  scales c^2 q =
[ 3290, 6090, 7210, 10010, 11690, 15610 ]  C = [ 4, 140 ]
  |Z| = 140  q(g) reps [ 3290, 6090, 7210, 10010, 11690, 15610 ]  scales c^2 q =
[ 3290, 6090, 7210, 10010, 11690, 15610 ]  C = [ 4, 140 ]
  |Z| = 140  q(g) reps [ 3990, 7910, 9590, 12390, 13510, 16310 ]  scales c^2 q =
[ 3990, 7910, 9590, 12390, 13510, 16310 ]  C = [ 4, 140 ]
  |Z| = 140  q(g) reps [ 1610, 8890, 12810, 14490, 17290, 18410 ]  scales c^2 q 
= [ 1610, 8890, 12810, 14490, 17290, 18410 ]  C = [ 4, 140 ]
  |Z| = 140  q(g) reps [ 1610, 8890, 12810, 14490, 17290, 18410 ]  scales c^2 q 
= [ 1610, 8890, 12810, 14490, 17290, 18410 ]  C = [ 4, 140 ]
  |Z| = 140  q(g) reps [ 1190, 2310, 5110, 6790, 10710, 17990 ]  scales c^2 q = 
[ 1190, 2310, 5110, 6790, 10710, 17990 ]  C = [ 4, 140 ]
  |Z| = 140  q(g) reps [ 3290, 6090, 7210, 10010, 11690, 15610 ]  scales c^2 q =
[ 3290, 6090, 7210, 10010, 11690, 15610 ]  C = [ 4, 140 ]
  |Z| = 140  q(g) reps [ 3290, 6090, 7210, 10010, 11690, 15610 ]  scales c^2 q =
[ 3290, 6090, 7210, 10010, 11690, 15610 ]  C = [ 4, 140 ]
  |Z| = 140  q(g) reps [ 2870, 6230, 9030, 14070, 14630, 16870 ]  scales c^2 q =
[ 2870, 6230, 9030, 14070, 14630, 16870 ]  C = [ 4, 140 ]
  |Z| = 140  q(g) reps [ 2730, 4970, 5530, 10570, 13370, 16730 ]  scales c^2 q =
[ 2730, 4970, 5530, 10570, 13370, 16730 ]  C = [ 4, 140 ]
  |Z| = 140  q(g) reps [ 2730, 4970, 5530, 10570, 13370, 16730 ]  scales c^2 q =
[ 2730, 4970, 5530, 10570, 13370, 16730 ]  C = [ 4, 140 ]
  |Z| = 140  q(g) reps [ 3990, 7910, 9590, 12390, 13510, 16310 ]  scales c^2 q =
[ 3990, 7910, 9590, 12390, 13510, 16310 ]  C = [ 4, 140 ]
  |Z| = 140  q(g) reps [ 2170, 7770, 11130, 13930, 18970, 19530 ]  scales c^2 q 
= [ 2170, 7770, 11130, 13930, 18970, 19530 ]  C = [ 4, 140 ]
  |Z| = 140  q(g) reps [ 2170, 7770, 11130, 13930, 18970, 19530 ]  scales c^2 q 
= [ 2170, 7770, 11130, 13930, 18970, 19530 ]  C = [ 4, 140 ]
  |Z| = 140  q(g) reps [ 2870, 6230, 9030, 14070, 14630, 16870 ]  scales c^2 q =
[ 2870, 6230, 9030, 14070, 14630, 16870 ]  C = [ 4, 140 ]
  |Z| = 140  q(g) reps [ 3290, 6090, 7210, 10010, 11690, 15610 ]  scales c^2 q =
[ 3290, 6090, 7210, 10010, 11690, 15610 ]  C = [ 4, 140 ]
  |Z| = 140  q(g) reps [ 3290, 6090, 7210, 10010, 11690, 15610 ]  scales c^2 q =
[ 3290, 6090, 7210, 10010, 11690, 15610 ]  C = [ 4, 140 ]
  |Z| = 140  q(g) reps [ 3990, 7910, 9590, 12390, 13510, 16310 ]  scales c^2 q =
[ 3990, 7910, 9590, 12390, 13510, 16310 ]  C = [ 4, 140 ]
  |Z| = 140  q(g) reps [ 2730, 4970, 5530, 10570, 13370, 16730 ]  scales c^2 q =
[ 2730, 4970, 5530, 10570, 13370, 16730 ]  C = [ 4, 140 ]
  |Z| = 140  q(g) reps [ 2730, 4970, 5530, 10570, 13370, 16730 ]  scales c^2 q =
[ 2730, 4970, 5530, 10570, 13370, 16730 ]  C = [ 4, 140 ]
  |Z| = 140  q(g) reps [ 1190, 2310, 5110, 6790, 10710, 17990 ]  scales c^2 q = 
[ 1190, 2310, 5110, 6790, 10710, 17990 ]  C = [ 4, 140 ]
  |Z| = 140  q(g) reps [ 3290, 6090, 7210, 10010, 11690, 15610 ]  scales c^2 q =
[ 3290, 6090, 7210, 10010, 11690, 15610 ]  C = [ 4, 140 ]
  |Z| = 140  q(g) reps [ 3290, 6090, 7210, 10010, 11690, 15610 ]  scales c^2 q =
[ 3290, 6090, 7210, 10010, 11690, 15610 ]  C = [ 4, 140 ]
  |Z| = 140  q(g) reps [ 1190, 2310, 5110, 6790, 10710, 17990 ]  scales c^2 q = 
[ 1190, 2310, 5110, 6790, 10710, 17990 ]  C = [ 4, 140 ]
  |Z| = 140  q(g) reps [ 2730, 4970, 5530, 10570, 13370, 16730 ]  scales c^2 q =
[ 2730, 4970, 5530, 10570, 13370, 16730 ]  C = [ 4, 140 ]
  |Z| = 140  q(g) reps [ 2730, 4970, 5530, 10570, 13370, 16730 ]  scales c^2 q =
[ 2730, 4970, 5530, 10570, 13370, 16730 ]  C = [ 4, 140 ]
  |Z| = 140  q(g) reps [ 3990, 7910, 9590, 12390, 13510, 16310 ]  scales c^2 q =
[ 3990, 7910, 9590, 12390, 13510, 16310 ]  C = [ 4, 140 ]
  |Z| = 140  q(g) reps [ 2870, 6230, 9030, 14070, 14630, 16870 ]  scales c^2 q =
[ 2870, 6230, 9030, 14070, 14630, 16870 ]  C = [ 4, 140 ]
  |Z| = 140  q(g) reps [ 3990, 7910, 9590, 12390, 13510, 16310 ]  scales c^2 q =
[ 3990, 7910, 9590, 12390, 13510, 16310 ]  C = [ 4, 140 ]
  |Z| = 140  q(g) reps [ 2870, 6230, 9030, 14070, 14630, 16870 ]  scales c^2 q =
[ 2870, 6230, 9030, 14070, 14630, 16870 ]  C = [ 4, 140 ]
  |Z| = 140  q(g) reps [ 1190, 2310, 5110, 6790, 10710, 17990 ]  scales c^2 q = 
[ 1190, 2310, 5110, 6790, 10710, 17990 ]  C = [ 4, 140 ]
  |Z| = 140  q(g) reps [ 3990, 7910, 9590, 12390, 13510, 16310 ]  scales c^2 q =
[ 3990, 7910, 9590, 12390, 13510, 16310 ]  C = [ 4, 140 ]
  |Z| = 140  q(g) reps [ 1190, 2310, 5110, 6790, 10710, 17990 ]  scales c^2 q = 
[ 1190, 2310, 5110, 6790, 10710, 17990 ]  C = [ 4, 140 ]
  |Z| = 140  q(g) reps [ 70, 630, 5670, 8470, 11830, 17430 ]  scales c^2 q = [ 
70, 630, 5670, 8470, 11830, 17430 ]  C = [ 4, 140 ]
  |Z| = 140  q(g) reps [ 2870, 6230, 9030, 14070, 14630, 16870 ]  scales c^2 q =
[ 2870, 6230, 9030, 14070, 14630, 16870 ]  C = [ 4, 140 ]
  |Z| = 140  q(g) reps [ 1190, 2310, 5110, 6790, 10710, 17990 ]  scales c^2 q = 
[ 1190, 2310, 5110, 6790, 10710, 17990 ]  C = [ 4, 140 ]
  |Z| = 140  q(g) reps [ 70, 630, 5670, 8470, 11830, 17430 ]  scales c^2 q = [ 
70, 630, 5670, 8470, 11830, 17430 ]  C = [ 4, 140 ]
  |Z| = 140  q(g) reps [ 1190, 2310, 5110, 6790, 10710, 17990 ]  scales c^2 q = 
[ 1190, 2310, 5110, 6790, 10710, 17990 ]  C = [ 4, 140 ]
  |Z| = 140  q(g) reps [ 70, 630, 5670, 8470, 11830, 17430 ]  scales c^2 q = [ 
70, 630, 5670, 8470, 11830, 17430 ]  C = [ 4, 140 ]
  |Z| = 140  q(g) reps [ 1190, 2310, 5110, 6790, 10710, 17990 ]  scales c^2 q = 
[ 1190, 2310, 5110, 6790, 10710, 17990 ]  C = [ 4, 140 ]
  |Z| = 140  q(g) reps [ 2870, 6230, 9030, 14070, 14630, 16870 ]  scales c^2 q =
[ 2870, 6230, 9030, 14070, 14630, 16870 ]  C = [ 4, 140 ]
  |Z| = 140  q(g) reps [ 70, 630, 5670, 8470, 11830, 17430 ]  scales c^2 q = [ 
70, 630, 5670, 8470, 11830, 17430 ]  C = [ 4, 140 ]
  |Z| = 140  q(g) reps [ 1190, 2310, 5110, 6790, 10710, 17990 ]  scales c^2 q = 
[ 1190, 2310, 5110, 6790, 10710, 17990 ]  C = [ 4, 140 ]
  |Z| = 140  q(g) reps [ 3990, 7910, 9590, 12390, 13510, 16310 ]  scales c^2 q =
[ 3990, 7910, 9590, 12390, 13510, 16310 ]  C = [ 4, 140 ]
  |Z| = 140  q(g) reps [ 1190, 2310, 5110, 6790, 10710, 17990 ]  scales c^2 q = 
[ 1190, 2310, 5110, 6790, 10710, 17990 ]  C = [ 4, 140 ]
  |Z| = 140  q(g) reps [ 2870, 6230, 9030, 14070, 14630, 16870 ]  scales c^2 q =
[ 2870, 6230, 9030, 14070, 14630, 16870 ]  C = [ 4, 140 ]
  |Z| = 140  q(g) reps [ 3990, 7910, 9590, 12390, 13510, 16310 ]  scales c^2 q =
[ 3990, 7910, 9590, 12390, 13510, 16310 ]  C = [ 4, 140 ]
  |Z| = 140  q(g) reps [ 2870, 6230, 9030, 14070, 14630, 16870 ]  scales c^2 q =
[ 2870, 6230, 9030, 14070, 14630, 16870 ]  C = [ 4, 140 ]
  |Z| = 140  q(g) reps [ 3990, 7910, 9590, 12390, 13510, 16310 ]  scales c^2 q =
[ 3990, 7910, 9590, 12390, 13510, 16310 ]  C = [ 4, 140 ]
  |Z| = 140  q(g) reps [ 1190, 2310, 5110, 6790, 10710, 17990 ]  scales c^2 q = 
[ 1190, 2310, 5110, 6790, 10710, 17990 ]  C = [ 4, 140 ]
  |Z| = 140  q(g) reps [ 1190, 2310, 5110, 6790, 10710, 17990 ]  scales c^2 q = 
[ 1190, 2310, 5110, 6790, 10710, 17990 ]  C = [ 4, 140 ]
  |Z| = 140  q(g) reps [ 210, 1890, 5810, 13090, 15890, 17010 ]  scales c^2 q = 
[ 210, 1890, 5810, 13090, 15890, 17010 ]  C = [ 4, 140 ]
  |Z| = 140  q(g) reps [ 210, 1890, 5810, 13090, 15890, 17010 ]  scales c^2 q = 
[ 210, 1890, 5810, 13090, 15890, 17010 ]  C = [ 4, 140 ]
  |Z| = 140  q(g) reps [ 1330, 4130, 9170, 9730, 11970, 17570 ]  scales c^2 q = 
[ 1330, 4130, 9170, 9730, 11970, 17570 ]  C = [ 4, 140 ]
  |Z| = 140  q(g) reps [ 1330, 4130, 9170, 9730, 11970, 17570 ]  scales c^2 q = 
[ 1330, 4130, 9170, 9730, 11970, 17570 ]  C = [ 4, 140 ]
  |Z| = 35  q(g) reps [ 35, 140, 315, 385, 560, 1015 ]  scales c^2 q = [ 35, 
140, 315, 385, 560, 1015 ]  C = [ 4, 4, 140 ]
  |Z| = 140  q(g) reps [ 3990, 7910, 9590, 12390, 13510, 16310 ]  scales c^2 q =
[ 3990, 7910, 9590, 12390, 13510, 16310 ]  C = [ 4, 140 ]
  |Z| = 140  q(g) reps [ 770, 3570, 6930, 12530, 14770, 15330 ]  scales c^2 q = 
[ 770, 3570, 6930, 12530, 14770, 15330 ]  C = [ 4, 140 ]
  |Z| = 140  q(g) reps [ 770, 3570, 6930, 12530, 14770, 15330 ]  scales c^2 q = 
[ 770, 3570, 6930, 12530, 14770, 15330 ]  C = [ 4, 140 ]
  |Z| = 140  q(g) reps [ 1190, 2310, 5110, 6790, 10710, 17990 ]  scales c^2 q = 
[ 1190, 2310, 5110, 6790, 10710, 17990 ]  C = [ 4, 140 ]
  |Z| = 35  q(g) reps [ 105, 420, 455, 595, 945, 1155 ]  scales c^2 q = [ 105, 
420, 455, 595, 945, 1155 ]  C = [ 4, 4, 140 ]
  |Z| = 140  q(g) reps [ 2870, 6230, 9030, 14070, 14630, 16870 ]  scales c^2 q =
[ 2870, 6230, 9030, 14070, 14630, 16870 ]  C = [ 4, 140 ]
  |Z| = 140  q(g) reps [ 2870, 6230, 9030, 14070, 14630, 16870 ]  scales c^2 q =
[ 2870, 6230, 9030, 14070, 14630, 16870 ]  C = [ 4, 140 ]
  |Z| = 140  q(g) reps [ 3010, 4690, 7490, 8610, 11410, 18690 ]  scales c^2 q = 
[ 3010, 4690, 7490, 8610, 11410, 18690 ]  C = [ 4, 140 ]
  |Z| = 140  q(g) reps [ 3010, 4690, 7490, 8610, 11410, 18690 ]  scales c^2 q = 
[ 3010, 4690, 7490, 8610, 11410, 18690 ]  C = [ 4, 140 ]
  |Z| = 35  q(g) reps [ 35, 140, 315, 385, 560, 1015 ]  scales c^2 q = [ 35, 
140, 315, 385, 560, 1015 ]  C = [ 4, 4, 140 ]
  |Z| = 140  q(g) reps [ 3990, 7910, 9590, 12390, 13510, 16310 ]  scales c^2 q =
[ 3990, 7910, 9590, 12390, 13510, 16310 ]  C = [ 4, 140 ]
  |Z| = 140  q(g) reps [ 1330, 4130, 9170, 9730, 11970, 17570 ]  scales c^2 q = 
[ 1330, 4130, 9170, 9730, 11970, 17570 ]  C = [ 4, 140 ]
  |Z| = 140  q(g) reps [ 1330, 4130, 9170, 9730, 11970, 17570 ]  scales c^2 q = 
[ 1330, 4130, 9170, 9730, 11970, 17570 ]  C = [ 4, 140 ]
  |Z| = 140  q(g) reps [ 1330, 4130, 9170, 9730, 11970, 17570 ]  scales c^2 q = 
[ 1330, 4130, 9170, 9730, 11970, 17570 ]  C = [ 4, 140 ]
  |Z| = 140  q(g) reps [ 1330, 4130, 9170, 9730, 11970, 17570 ]  scales c^2 q = 
[ 1330, 4130, 9170, 9730, 11970, 17570 ]  C = [ 4, 140 ]
  |Z| = 140  q(g) reps [ 210, 1890, 5810, 13090, 15890, 17010 ]  scales c^2 q = 
[ 210, 1890, 5810, 13090, 15890, 17010 ]  C = [ 4, 140 ]
  |Z| = 140  q(g) reps [ 210, 1890, 5810, 13090, 15890, 17010 ]  scales c^2 q = 
[ 210, 1890, 5810, 13090, 15890, 17010 ]  C = [ 4, 140 ]
  |Z| = 140  q(g) reps [ 70, 630, 5670, 8470, 11830, 17430 ]  scales c^2 q = [ 
70, 630, 5670, 8470, 11830, 17430 ]  C = [ 4, 140 ]
  |Z| = 140  q(g) reps [ 3010, 4690, 7490, 8610, 11410, 18690 ]  scales c^2 q = 
[ 3010, 4690, 7490, 8610, 11410, 18690 ]  C = [ 4, 140 ]
  |Z| = 140  q(g) reps [ 3010, 4690, 7490, 8610, 11410, 18690 ]  scales c^2 q = 
[ 3010, 4690, 7490, 8610, 11410, 18690 ]  C = [ 4, 140 ]
  |Z| = 35  q(g) reps [ 105, 420, 455, 595, 945, 1155 ]  scales c^2 q = [ 105, 
420, 455, 595, 945, 1155 ]  C = [ 4, 4, 140 ]
  |Z| = 140  q(g) reps [ 2870, 6230, 9030, 14070, 14630, 16870 ]  scales c^2 q =
[ 2870, 6230, 9030, 14070, 14630, 16870 ]  C = [ 4, 140 ]
  |Z| = 140  q(g) reps [ 1190, 2310, 5110, 6790, 10710, 17990 ]  scales c^2 q = 
[ 1190, 2310, 5110, 6790, 10710, 17990 ]  C = [ 4, 140 ]
  |Z| = 35  q(g) reps [ 210, 665, 840, 910, 1085, 1190 ]  scales c^2 q = [ 210, 
665, 840, 910, 1085, 1190 ]  C = [ 4, 4, 140 ]
  |Z| = 140  q(g) reps [ 1190, 2310, 5110, 6790, 10710, 17990 ]  scales c^2 q = 
[ 1190, 2310, 5110, 6790, 10710, 17990 ]  C = [ 4, 140 ]
  |Z| = 140  q(g) reps [ 770, 3570, 6930, 12530, 14770, 15330 ]  scales c^2 q = 
[ 770, 3570, 6930, 12530, 14770, 15330 ]  C = [ 4, 140 ]
  |Z| = 140  q(g) reps [ 770, 3570, 6930, 12530, 14770, 15330 ]  scales c^2 q = 
[ 770, 3570, 6930, 12530, 14770, 15330 ]  C = [ 4, 140 ]
  |Z| = 140  q(g) reps [ 3990, 7910, 9590, 12390, 13510, 16310 ]  scales c^2 q =
[ 3990, 7910, 9590, 12390, 13510, 16310 ]  C = [ 4, 140 ]
  |Z| = 140  q(g) reps [ 210, 1890, 5810, 13090, 15890, 17010 ]  scales c^2 q = 
[ 210, 1890, 5810, 13090, 15890, 17010 ]  C = [ 4, 140 ]
  |Z| = 140  q(g) reps [ 210, 1890, 5810, 13090, 15890, 17010 ]  scales c^2 q = 
[ 210, 1890, 5810, 13090, 15890, 17010 ]  C = [ 4, 140 ]
  |Z| = 140  q(g) reps [ 210, 1890, 5810, 13090, 15890, 17010 ]  scales c^2 q = 
[ 210, 1890, 5810, 13090, 15890, 17010 ]  C = [ 4, 140 ]
  |Z| = 140  q(g) reps [ 210, 1890, 5810, 13090, 15890, 17010 ]  scales c^2 q = 
[ 210, 1890, 5810, 13090, 15890, 17010 ]  C = [ 4, 140 ]
  |Z| = 140  q(g) reps [ 210, 1890, 5810, 13090, 15890, 17010 ]  scales c^2 q = 
[ 210, 1890, 5810, 13090, 15890, 17010 ]  C = [ 4, 140 ]
  |Z| = 140  q(g) reps [ 210, 1890, 5810, 13090, 15890, 17010 ]  scales c^2 q = 
[ 210, 1890, 5810, 13090, 15890, 17010 ]  C = [ 4, 140 ]
  |Z| = 35  q(g) reps [ 35, 140, 315, 385, 560, 1015 ]  scales c^2 q = [ 35, 
140, 315, 385, 560, 1015 ]  C = [ 4, 4, 140 ]
  |Z| = 140  q(g) reps [ 3990, 7910, 9590, 12390, 13510, 16310 ]  scales c^2 q =
[ 3990, 7910, 9590, 12390, 13510, 16310 ]  C = [ 4, 140 ]
  |Z| = 140  q(g) reps [ 770, 3570, 6930, 12530, 14770, 15330 ]  scales c^2 q = 
[ 770, 3570, 6930, 12530, 14770, 15330 ]  C = [ 4, 140 ]
  |Z| = 140  q(g) reps [ 770, 3570, 6930, 12530, 14770, 15330 ]  scales c^2 q = 
[ 770, 3570, 6930, 12530, 14770, 15330 ]  C = [ 4, 140 ]
  |Z| = 140  q(g) reps [ 1190, 2310, 5110, 6790, 10710, 17990 ]  scales c^2 q = 
[ 1190, 2310, 5110, 6790, 10710, 17990 ]  C = [ 4, 140 ]
  |Z| = 35  q(g) reps [ 210, 665, 840, 910, 1085, 1190 ]  scales c^2 q = [ 210, 
665, 840, 910, 1085, 1190 ]  C = [ 4, 4, 140 ]
  |Z| = 140  q(g) reps [ 1190, 2310, 5110, 6790, 10710, 17990 ]  scales c^2 q = 
[ 1190, 2310, 5110, 6790, 10710, 17990 ]  C = [ 4, 140 ]
  |Z| = 140  q(g) reps [ 2870, 6230, 9030, 14070, 14630, 16870 ]  scales c^2 q =
[ 2870, 6230, 9030, 14070, 14630, 16870 ]  C = [ 4, 140 ]
  |Z| = 140  q(g) reps [ 3010, 4690, 7490, 8610, 11410, 18690 ]  scales c^2 q = 
[ 3010, 4690, 7490, 8610, 11410, 18690 ]  C = [ 4, 140 ]
  |Z| = 140  q(g) reps [ 3010, 4690, 7490, 8610, 11410, 18690 ]  scales c^2 q = 
[ 3010, 4690, 7490, 8610, 11410, 18690 ]  C = [ 4, 140 ]
  |Z| = 35  q(g) reps [ 70, 280, 630, 770, 805, 1120 ]  scales c^2 q = [ 70, 
280, 630, 770, 805, 1120 ]  C = [ 4, 4, 140 ]
  |Z| = 140  q(g) reps [ 70, 630, 5670, 8470, 11830, 17430 ]  scales c^2 q = [ 
70, 630, 5670, 8470, 11830, 17430 ]  C = [ 4, 140 ]
  |Z| = 140  q(g) reps [ 210, 1890, 5810, 13090, 15890, 17010 ]  scales c^2 q = 
[ 210, 1890, 5810, 13090, 15890, 17010 ]  C = [ 4, 140 ]
  |Z| = 140  q(g) reps [ 210, 1890, 5810, 13090, 15890, 17010 ]  scales c^2 q = 
[ 210, 1890, 5810, 13090, 15890, 17010 ]  C = [ 4, 140 ]
  |Z| = 140  q(g) reps [ 1330, 4130, 9170, 9730, 11970, 17570 ]  scales c^2 q = 
[ 1330, 4130, 9170, 9730, 11970, 17570 ]  C = [ 4, 140 ]
  |Z| = 140  q(g) reps [ 1330, 4130, 9170, 9730, 11970, 17570 ]  scales c^2 q = 
[ 1330, 4130, 9170, 9730, 11970, 17570 ]  C = [ 4, 140 ]
  |Z| = 140  q(g) reps [ 1330, 4130, 9170, 9730, 11970, 17570 ]  scales c^2 q = 
[ 1330, 4130, 9170, 9730, 11970, 17570 ]  C = [ 4, 140 ]
  |Z| = 140  q(g) reps [ 1330, 4130, 9170, 9730, 11970, 17570 ]  scales c^2 q = 
[ 1330, 4130, 9170, 9730, 11970, 17570 ]  C = [ 4, 140 ]
  |Z| = 140  q(g) reps [ 3990, 7910, 9590, 12390, 13510, 16310 ]  scales c^2 q =
[ 3990, 7910, 9590, 12390, 13510, 16310 ]  C = [ 4, 140 ]
  |Z| = 140  q(g) reps [ 3010, 4690, 7490, 8610, 11410, 18690 ]  scales c^2 q = 
[ 3010, 4690, 7490, 8610, 11410, 18690 ]  C = [ 4, 140 ]
  |Z| = 140  q(g) reps [ 3010, 4690, 7490, 8610, 11410, 18690 ]  scales c^2 q = 
[ 3010, 4690, 7490, 8610, 11410, 18690 ]  C = [ 4, 140 ]
  |Z| = 35  q(g) reps [ 105, 420, 455, 595, 945, 1155 ]  scales c^2 q = [ 105, 
420, 455, 595, 945, 1155 ]  C = [ 4, 4, 140 ]
  |Z| = 140  q(g) reps [ 2870, 6230, 9030, 14070, 14630, 16870 ]  scales c^2 q =
[ 2870, 6230, 9030, 14070, 14630, 16870 ]  C = [ 4, 140 ]
  |Z| = 140  q(g) reps [ 2870, 6230, 9030, 14070, 14630, 16870 ]  scales c^2 q =
[ 2870, 6230, 9030, 14070, 14630, 16870 ]  C = [ 4, 140 ]
  |Z| = 35  q(g) reps [ 210, 665, 840, 910, 1085, 1190 ]  scales c^2 q = [ 210, 
665, 840, 910, 1085, 1190 ]  C = [ 4, 4, 140 ]
  |Z| = 140  q(g) reps [ 1190, 2310, 5110, 6790, 10710, 17990 ]  scales c^2 q = 
[ 1190, 2310, 5110, 6790, 10710, 17990 ]  C = [ 4, 140 ]
  |Z| = 140  q(g) reps [ 770, 3570, 6930, 12530, 14770, 15330 ]  scales c^2 q = 
[ 770, 3570, 6930, 12530, 14770, 15330 ]  C = [ 4, 140 ]
  |Z| = 140  q(g) reps [ 770, 3570, 6930, 12530, 14770, 15330 ]  scales c^2 q = 
[ 770, 3570, 6930, 12530, 14770, 15330 ]  C = [ 4, 140 ]
  |Z| = 140  q(g) reps [ 3990, 7910, 9590, 12390, 13510, 16310 ]  scales c^2 q =
[ 3990, 7910, 9590, 12390, 13510, 16310 ]  C = [ 4, 140 ]
  |Z| = 140  q(g) reps [ 1330, 4130, 9170, 9730, 11970, 17570 ]  scales c^2 q = 
[ 1330, 4130, 9170, 9730, 11970, 17570 ]  C = [ 4, 140 ]
  |Z| = 140  q(g) reps [ 1330, 4130, 9170, 9730, 11970, 17570 ]  scales c^2 q = 
[ 1330, 4130, 9170, 9730, 11970, 17570 ]  C = [ 4, 140 ]
  |Z| = 140  q(g) reps [ 210, 1890, 5810, 13090, 15890, 17010 ]  scales c^2 q = 
[ 210, 1890, 5810, 13090, 15890, 17010 ]  C = [ 4, 140 ]
  |Z| = 140  q(g) reps [ 210, 1890, 5810, 13090, 15890, 17010 ]  scales c^2 q = 
[ 210, 1890, 5810, 13090, 15890, 17010 ]  C = [ 4, 140 ]
  |Z| = 140  q(g) reps [ 210, 1890, 5810, 13090, 15890, 17010 ]  scales c^2 q = 
[ 210, 1890, 5810, 13090, 15890, 17010 ]  C = [ 4, 140 ]
  |Z| = 140  q(g) reps [ 210, 1890, 5810, 13090, 15890, 17010 ]  scales c^2 q = 
[ 210, 1890, 5810, 13090, 15890, 17010 ]  C = [ 4, 140 ]
  |Z| = 35  q(g) reps [ 70, 280, 630, 770, 805, 1120 ]  scales c^2 q = [ 70, 
280, 630, 770, 805, 1120 ]  C = [ 4, 4, 140 ]
  |Z| = 140  q(g) reps [ 70, 630, 5670, 8470, 11830, 17430 ]  scales c^2 q = [ 
70, 630, 5670, 8470, 11830, 17430 ]  C = [ 4, 140 ]
  |Z| = 140  q(g) reps [ 3010, 4690, 7490, 8610, 11410, 18690 ]  scales c^2 q = 
[ 3010, 4690, 7490, 8610, 11410, 18690 ]  C = [ 4, 140 ]
  |Z| = 140  q(g) reps [ 3010, 4690, 7490, 8610, 11410, 18690 ]  scales c^2 q = 
[ 3010, 4690, 7490, 8610, 11410, 18690 ]  C = [ 4, 140 ]
  |Z| = 140  q(g) reps [ 1190, 2310, 5110, 6790, 10710, 17990 ]  scales c^2 q = 
[ 1190, 2310, 5110, 6790, 10710, 17990 ]  C = [ 4, 140 ]
  |Z| = 35  q(g) reps [ 210, 665, 840, 910, 1085, 1190 ]  scales c^2 q = [ 210, 
665, 840, 910, 1085, 1190 ]  C = [ 4, 4, 140 ]
  |Z| = 140  q(g) reps [ 1190, 2310, 5110, 6790, 10710, 17990 ]  scales c^2 q = 
[ 1190, 2310, 5110, 6790, 10710, 17990 ]  C = [ 4, 140 ]
  |Z| = 140  q(g) reps [ 1190, 2310, 5110, 6790, 10710, 17990 ]  scales c^2 q = 
[ 1190, 2310, 5110, 6790, 10710, 17990 ]  C = [ 4, 140 ]
  |Z| = 140  q(g) reps [ 3010, 4690, 7490, 8610, 11410, 18690 ]  scales c^2 q = 
[ 3010, 4690, 7490, 8610, 11410, 18690 ]  C = [ 4, 140 ]
  |Z| = 140  q(g) reps [ 3010, 4690, 7490, 8610, 11410, 18690 ]  scales c^2 q = 
[ 3010, 4690, 7490, 8610, 11410, 18690 ]  C = [ 4, 140 ]
  |Z| = 35  q(g) reps [ 70, 280, 630, 770, 805, 1120 ]  scales c^2 q = [ 70, 
280, 630, 770, 805, 1120 ]  C = [ 4, 4, 140 ]
  |Z| = 140  q(g) reps [ 70, 630, 5670, 8470, 11830, 17430 ]  scales c^2 q = [ 
70, 630, 5670, 8470, 11830, 17430 ]  C = [ 4, 140 ]
  |Z| = 140  q(g) reps [ 210, 1890, 5810, 13090, 15890, 17010 ]  scales c^2 q = 
[ 210, 1890, 5810, 13090, 15890, 17010 ]  C = [ 4, 140 ]
  |Z| = 140  q(g) reps [ 210, 1890, 5810, 13090, 15890, 17010 ]  scales c^2 q = 
[ 210, 1890, 5810, 13090, 15890, 17010 ]  C = [ 4, 140 ]
  |Z| = 140  q(g) reps [ 3990, 7910, 9590, 12390, 13510, 16310 ]  scales c^2 q =
[ 3990, 7910, 9590, 12390, 13510, 16310 ]  C = [ 4, 140 ]
  |Z| = 35  q(g) reps [ 210, 665, 840, 910, 1085, 1190 ]  scales c^2 q = [ 210, 
665, 840, 910, 1085, 1190 ]  C = [ 4, 4, 140 ]
  |Z| = 140  q(g) reps [ 1190, 2310, 5110, 6790, 10710, 17990 ]  scales c^2 q = 
[ 1190, 2310, 5110, 6790, 10710, 17990 ]  C = [ 4, 140 ]
  |Z| = 140  q(g) reps [ 2870, 6230, 9030, 14070, 14630, 16870 ]  scales c^2 q =
[ 2870, 6230, 9030, 14070, 14630, 16870 ]  C = [ 4, 140 ]
  |Z| = 35  q(g) reps [ 105, 420, 455, 595, 945, 1155 ]  scales c^2 q = [ 105, 
420, 455, 595, 945, 1155 ]  C = [ 4, 4, 140 ]
  |Z| = 140  q(g) reps [ 2870, 6230, 9030, 14070, 14630, 16870 ]  scales c^2 q =
[ 2870, 6230, 9030, 14070, 14630, 16870 ]  C = [ 4, 140 ]
  |Z| = 140  q(g) reps [ 3990, 7910, 9590, 12390, 13510, 16310 ]  scales c^2 q =
[ 3990, 7910, 9590, 12390, 13510, 16310 ]  C = [ 4, 140 ]
  |Z| = 35  q(g) reps [ 70, 280, 630, 770, 805, 1120 ]  scales c^2 q = [ 70, 
280, 630, 770, 805, 1120 ]  C = [ 4, 4, 140 ]
  |Z| = 140  q(g) reps [ 70, 630, 5670, 8470, 11830, 17430 ]  scales c^2 q = [ 
70, 630, 5670, 8470, 11830, 17430 ]  C = [ 4, 140 ]
  |Z| = 140  q(g) reps [ 2870, 6230, 9030, 14070, 14630, 16870 ]  scales c^2 q =
[ 2870, 6230, 9030, 14070, 14630, 16870 ]  C = [ 4, 140 ]
  |Z| = 35  q(g) reps [ 210, 665, 840, 910, 1085, 1190 ]  scales c^2 q = [ 210, 
665, 840, 910, 1085, 1190 ]  C = [ 4, 4, 140 ]
  |Z| = 140  q(g) reps [ 1190, 2310, 5110, 6790, 10710, 17990 ]  scales c^2 q = 
[ 1190, 2310, 5110, 6790, 10710, 17990 ]  C = [ 4, 140 ]
  |Z| = 140  q(g) reps [ 1190, 2310, 5110, 6790, 10710, 17990 ]  scales c^2 q = 
[ 1190, 2310, 5110, 6790, 10710, 17990 ]  C = [ 4, 140 ]
  |Z| = 35  q(g) reps [ 35, 140, 315, 385, 560, 1015 ]  scales c^2 q = [ 35, 
140, 315, 385, 560, 1015 ]  C = [ 4, 4, 140 ]
  |Z| = 140  q(g) reps [ 3990, 7910, 9590, 12390, 13510, 16310 ]  scales c^2 q =
[ 3990, 7910, 9590, 12390, 13510, 16310 ]  C = [ 4, 140 ]
  |Z| = 140  q(g) reps [ 3990, 7910, 9590, 12390, 13510, 16310 ]  scales c^2 q =
[ 3990, 7910, 9590, 12390, 13510, 16310 ]  C = [ 4, 140 ]
  |Z| = 35  q(g) reps [ 210, 665, 840, 910, 1085, 1190 ]  scales c^2 q = [ 210, 
665, 840, 910, 1085, 1190 ]  C = [ 4, 4, 140 ]
  |Z| = 140  q(g) reps [ 1190, 2310, 5110, 6790, 10710, 17990 ]  scales c^2 q = 
[ 1190, 2310, 5110, 6790, 10710, 17990 ]  C = [ 4, 140 ]
  |Z| = 140  q(g) reps [ 1190, 2310, 5110, 6790, 10710, 17990 ]  scales c^2 q = 
[ 1190, 2310, 5110, 6790, 10710, 17990 ]  C = [ 4, 140 ]
  |Z| = 35  q(g) reps [ 105, 420, 455, 595, 945, 1155 ]  scales c^2 q = [ 105, 
420, 455, 595, 945, 1155 ]  C = [ 4, 4, 140 ]
  |Z| = 140  q(g) reps [ 2870, 6230, 9030, 14070, 14630, 16870 ]  scales c^2 q =
[ 2870, 6230, 9030, 14070, 14630, 16870 ]  C = [ 4, 140 ]
  |Z| = 140  q(g) reps [ 70, 630, 5670, 8470, 11830, 17430 ]  scales c^2 q = [ 
70, 630, 5670, 8470, 11830, 17430 ]  C = [ 4, 140 ]
  |Z| = 35  q(g) reps [ 35, 140, 315, 385, 560, 1015 ]  scales c^2 q = [ 35, 
140, 315, 385, 560, 1015 ]  C = [ 4, 4, 140 ]
  |Z| = 140  q(g) reps [ 3990, 7910, 9590, 12390, 13510, 16310 ]  scales c^2 q =
[ 3990, 7910, 9590, 12390, 13510, 16310 ]  C = [ 4, 140 ]
  |Z| = 140  q(g) reps [ 2870, 6230, 9030, 14070, 14630, 16870 ]  scales c^2 q =
[ 2870, 6230, 9030, 14070, 14630, 16870 ]  C = [ 4, 140 ]
  |Z| = 35  q(g) reps [ 105, 420, 455, 595, 945, 1155 ]  scales c^2 q = [ 105, 
420, 455, 595, 945, 1155 ]  C = [ 4, 4, 140 ]
  |Z| = 140  q(g) reps [ 2870, 6230, 9030, 14070, 14630, 16870 ]  scales c^2 q =
[ 2870, 6230, 9030, 14070, 14630, 16870 ]  C = [ 4, 140 ]
  |Z| = 140  q(g) reps [ 1190, 2310, 5110, 6790, 10710, 17990 ]  scales c^2 q = 
[ 1190, 2310, 5110, 6790, 10710, 17990 ]  C = [ 4, 140 ]
  |Z| = 35  q(g) reps [ 35, 140, 315, 385, 560, 1015 ]  scales c^2 q = [ 35, 
140, 315, 385, 560, 1015 ]  C = [ 4, 4, 140 ]
  |Z| = 140  q(g) reps [ 3990, 7910, 9590, 12390, 13510, 16310 ]  scales c^2 q =
[ 3990, 7910, 9590, 12390, 13510, 16310 ]  C = [ 4, 140 ]
  |Z| = 140  q(g) reps [ 70, 630, 5670, 8470, 11830, 17430 ]  scales c^2 q = [ 
70, 630, 5670, 8470, 11830, 17430 ]  C = [ 4, 140 ]
  |Z| = 35  q(g) reps [ 210, 665, 840, 910, 1085, 1190 ]  scales c^2 q = [ 210, 
665, 840, 910, 1085, 1190 ]  C = [ 4, 4, 140 ]
  |Z| = 140  q(g) reps [ 1190, 2310, 5110, 6790, 10710, 17990 ]  scales c^2 q = 
[ 1190, 2310, 5110, 6790, 10710, 17990 ]  C = [ 4, 140 ]
  |Z| = 140  q(g) reps [ 1190, 2310, 5110, 6790, 10710, 17990 ]  scales c^2 q = 
[ 1190, 2310, 5110, 6790, 10710, 17990 ]  C = [ 4, 140 ]
  |Z| = 35  q(g) reps [ 210, 665, 840, 910, 1085, 1190 ]  scales c^2 q = [ 210, 
665, 840, 910, 1085, 1190 ]  C = [ 4, 4, 140 ]
  |Z| = 140  q(g) reps [ 1190, 2310, 5110, 6790, 10710, 17990 ]  scales c^2 q = 
[ 1190, 2310, 5110, 6790, 10710, 17990 ]  C = [ 4, 140 ]
  |Z| = 140  q(g) reps [ 70, 630, 5670, 8470, 11830, 17430 ]  scales c^2 q = [ 
70, 630, 5670, 8470, 11830, 17430 ]  C = [ 4, 140 ]
  |Z| = 140  q(g) reps [ 2730, 4970, 5530, 10570, 13370, 16730 ]  scales c^2 q =
[ 2730, 4970, 5530, 10570, 13370, 16730 ]  C = [ 4, 140 ]
  |Z| = 140  q(g) reps [ 2730, 4970, 5530, 10570, 13370, 16730 ]  scales c^2 q =
[ 2730, 4970, 5530, 10570, 13370, 16730 ]  C = [ 4, 140 ]
  |Z| = 140  q(g) reps [ 1330, 4130, 9170, 9730, 11970, 17570 ]  scales c^2 q = 
[ 1330, 4130, 9170, 9730, 11970, 17570 ]  C = [ 4, 140 ]
  |Z| = 140  q(g) reps [ 1330, 4130, 9170, 9730, 11970, 17570 ]  scales c^2 q = 
[ 1330, 4130, 9170, 9730, 11970, 17570 ]  C = [ 4, 140 ]
  |Z| = 140  q(g) reps [ 1330, 4130, 9170, 9730, 11970, 17570 ]  scales c^2 q = 
[ 1330, 4130, 9170, 9730, 11970, 17570 ]  C = [ 4, 140 ]
  |Z| = 140  q(g) reps [ 1330, 4130, 9170, 9730, 11970, 17570 ]  scales c^2 q = 
[ 1330, 4130, 9170, 9730, 11970, 17570 ]  C = [ 4, 140 ]
  |Z| = 140  q(g) reps [ 2170, 7770, 11130, 13930, 18970, 19530 ]  scales c^2 q 
= [ 2170, 7770, 11130, 13930, 18970, 19530 ]  C = [ 4, 140 ]
  |Z| = 140  q(g) reps [ 2170, 7770, 11130, 13930, 18970, 19530 ]  scales c^2 q 
= [ 2170, 7770, 11130, 13930, 18970, 19530 ]  C = [ 4, 140 ]
  |Z| = 28  q(g) reps [ 42, 266, 378 ]  scales c^2 q = [ 42, 266, 378 ]  C = [ 
20, 140 ]
  |Z| = 28  q(g) reps [ 42, 266, 378 ]  scales c^2 q = [ 42, 266, 378 ]  C = [ 
20, 140 ]
  |Z| = 140  q(g) reps [ 2730, 4970, 5530, 10570, 13370, 16730 ]  scales c^2 q =
[ 2730, 4970, 5530, 10570, 13370, 16730 ]  C = [ 4, 140 ]
  |Z| = 140  q(g) reps [ 2730, 4970, 5530, 10570, 13370, 16730 ]  scales c^2 q =
[ 2730, 4970, 5530, 10570, 13370, 16730 ]  C = [ 4, 140 ]
  |Z| = 140  q(g) reps [ 2170, 7770, 11130, 13930, 18970, 19530 ]  scales c^2 q 
= [ 2170, 7770, 11130, 13930, 18970, 19530 ]  C = [ 4, 140 ]
  |Z| = 140  q(g) reps [ 2170, 7770, 11130, 13930, 18970, 19530 ]  scales c^2 q 
= [ 2170, 7770, 11130, 13930, 18970, 19530 ]  C = [ 4, 140 ]
  |Z| = 28  q(g) reps [ 210, 322, 546 ]  scales c^2 q = [ 210, 322, 546 ]  C = [
20, 140 ]
  |Z| = 28  q(g) reps [ 210, 322, 546 ]  scales c^2 q = [ 210, 322, 546 ]  C = [
20, 140 ]
  |Z| = 140  q(g) reps [ 1330, 4130, 9170, 9730, 11970, 17570 ]  scales c^2 q = 
[ 1330, 4130, 9170, 9730, 11970, 17570 ]  C = [ 4, 140 ]
  |Z| = 140  q(g) reps [ 1330, 4130, 9170, 9730, 11970, 17570 ]  scales c^2 q = 
[ 1330, 4130, 9170, 9730, 11970, 17570 ]  C = [ 4, 140 ]
  |Z| = 140  q(g) reps [ 2730, 4970, 5530, 10570, 13370, 16730 ]  scales c^2 q =
[ 2730, 4970, 5530, 10570, 13370, 16730 ]  C = [ 4, 140 ]
  |Z| = 140  q(g) reps [ 2730, 4970, 5530, 10570, 13370, 16730 ]  scales c^2 q =
[ 2730, 4970, 5530, 10570, 13370, 16730 ]  C = [ 4, 140 ]
  |Z| = 28  q(g) reps [ 434, 658, 770 ]  scales c^2 q = [ 434, 658, 770 ]  C = [
20, 140 ]
  |Z| = 28  q(g) reps [ 434, 658, 770 ]  scales c^2 q = [ 434, 658, 770 ]  C = [
20, 140 ]
  |Z| = 140  q(g) reps [ 2170, 7770, 11130, 13930, 18970, 19530 ]  scales c^2 q 
= [ 2170, 7770, 11130, 13930, 18970, 19530 ]  C = [ 4, 140 ]
  |Z| = 140  q(g) reps [ 2170, 7770, 11130, 13930, 18970, 19530 ]  scales c^2 q 
= [ 2170, 7770, 11130, 13930, 18970, 19530 ]  C = [ 4, 140 ]
  |Z| = 140  q(g) reps [ 2170, 7770, 11130, 13930, 18970, 19530 ]  scales c^2 q 
= [ 2170, 7770, 11130, 13930, 18970, 19530 ]  C = [ 4, 140 ]
  |Z| = 140  q(g) reps [ 2170, 7770, 11130, 13930, 18970, 19530 ]  scales c^2 q 
= [ 2170, 7770, 11130, 13930, 18970, 19530 ]  C = [ 4, 140 ]
  |Z| = 140  q(g) reps [ 1330, 4130, 9170, 9730, 11970, 17570 ]  scales c^2 q = 
[ 1330, 4130, 9170, 9730, 11970, 17570 ]  C = [ 4, 140 ]
  |Z| = 140  q(g) reps [ 1330, 4130, 9170, 9730, 11970, 17570 ]  scales c^2 q = 
[ 1330, 4130, 9170, 9730, 11970, 17570 ]  C = [ 4, 140 ]
  |Z| = 140  q(g) reps [ 770, 3570, 6930, 12530, 14770, 15330 ]  scales c^2 q = 
[ 770, 3570, 6930, 12530, 14770, 15330 ]  C = [ 4, 140 ]
  |Z| = 140  q(g) reps [ 770, 3570, 6930, 12530, 14770, 15330 ]  scales c^2 q = 
[ 770, 3570, 6930, 12530, 14770, 15330 ]  C = [ 4, 140 ]
  |Z| = 140  q(g) reps [ 770, 3570, 6930, 12530, 14770, 15330 ]  scales c^2 q = 
[ 770, 3570, 6930, 12530, 14770, 15330 ]  C = [ 4, 140 ]
  |Z| = 140  q(g) reps [ 770, 3570, 6930, 12530, 14770, 15330 ]  scales c^2 q = 
[ 770, 3570, 6930, 12530, 14770, 15330 ]  C = [ 4, 140 ]
  |Z| = 140  q(g) reps [ 1330, 4130, 9170, 9730, 11970, 17570 ]  scales c^2 q = 
[ 1330, 4130, 9170, 9730, 11970, 17570 ]  C = [ 4, 140 ]
  |Z| = 140  q(g) reps [ 1330, 4130, 9170, 9730, 11970, 17570 ]  scales c^2 q = 
[ 1330, 4130, 9170, 9730, 11970, 17570 ]  C = [ 4, 140 ]
  |Z| = 140  q(g) reps [ 2170, 7770, 11130, 13930, 18970, 19530 ]  scales c^2 q 
= [ 2170, 7770, 11130, 13930, 18970, 19530 ]  C = [ 4, 140 ]
  |Z| = 140  q(g) reps [ 2170, 7770, 11130, 13930, 18970, 19530 ]  scales c^2 q 
= [ 2170, 7770, 11130, 13930, 18970, 19530 ]  C = [ 4, 140 ]
  |Z| = 28  q(g) reps [ 154, 602, 714 ]  scales c^2 q = [ 154, 602, 714 ]  C = [
20, 140 ]
  |Z| = 28  q(g) reps [ 154, 602, 714 ]  scales c^2 q = [ 154, 602, 714 ]  C = [
20, 140 ]
  |Z| = 140  q(g) reps [ 770, 3570, 6930, 12530, 14770, 15330 ]  scales c^2 q = 
[ 770, 3570, 6930, 12530, 14770, 15330 ]  C = [ 4, 140 ]
  |Z| = 140  q(g) reps [ 770, 3570, 6930, 12530, 14770, 15330 ]  scales c^2 q = 
[ 770, 3570, 6930, 12530, 14770, 15330 ]  C = [ 4, 140 ]
  |Z| = 28  q(g) reps [ 210, 322, 546 ]  scales c^2 q = [ 210, 322, 546 ]  C = [
20, 140 ]
  |Z| = 28  q(g) reps [ 210, 322, 546 ]  scales c^2 q = [ 210, 322, 546 ]  C = [
20, 140 ]
  |Z| = 140  q(g) reps [ 2730, 4970, 5530, 10570, 13370, 16730 ]  scales c^2 q =
[ 2730, 4970, 5530, 10570, 13370, 16730 ]  C = [ 4, 140 ]
  |Z| = 140  q(g) reps [ 2730, 4970, 5530, 10570, 13370, 16730 ]  scales c^2 q =
[ 2730, 4970, 5530, 10570, 13370, 16730 ]  C = [ 4, 140 ]
  |Z| = 140  q(g) reps [ 1330, 4130, 9170, 9730, 11970, 17570 ]  scales c^2 q = 
[ 1330, 4130, 9170, 9730, 11970, 17570 ]  C = [ 4, 140 ]
  |Z| = 140  q(g) reps [ 1330, 4130, 9170, 9730, 11970, 17570 ]  scales c^2 q = 
[ 1330, 4130, 9170, 9730, 11970, 17570 ]  C = [ 4, 140 ]
  |Z| = 28  q(g) reps [ 42, 266, 378 ]  scales c^2 q = [ 42, 266, 378 ]  C = [ 
20, 140 ]
  |Z| = 28  q(g) reps [ 42, 266, 378 ]  scales c^2 q = [ 42, 266, 378 ]  C = [ 
20, 140 ]
  |Z| = 140  q(g) reps [ 770, 3570, 6930, 12530, 14770, 15330 ]  scales c^2 q = 
[ 770, 3570, 6930, 12530, 14770, 15330 ]  C = [ 4, 140 ]
  |Z| = 140  q(g) reps [ 770, 3570, 6930, 12530, 14770, 15330 ]  scales c^2 q = 
[ 770, 3570, 6930, 12530, 14770, 15330 ]  C = [ 4, 140 ]
  |Z| = 28  q(g) reps [ 154, 602, 714 ]  scales c^2 q = [ 154, 602, 714 ]  C = [
20, 140 ]
  |Z| = 28  q(g) reps [ 154, 602, 714 ]  scales c^2 q = [ 154, 602, 714 ]  C = [
20, 140 ]
  |Z| = 28  q(g) reps [ 434, 658, 770 ]  scales c^2 q = [ 434, 658, 770 ]  C = [
20, 140 ]
  |Z| = 28  q(g) reps [ 434, 658, 770 ]  scales c^2 q = [ 434, 658, 770 ]  C = [
20, 140 ]
  |Z| = 140  q(g) reps [ 2170, 7770, 11130, 13930, 18970, 19530 ]  scales c^2 q 
= [ 2170, 7770, 11130, 13930, 18970, 19530 ]  C = [ 4, 140 ]
  |Z| = 140  q(g) reps [ 2170, 7770, 11130, 13930, 18970, 19530 ]  scales c^2 q 
= [ 2170, 7770, 11130, 13930, 18970, 19530 ]  C = [ 4, 140 ]
  |Z| = 28  q(g) reps [ 154, 602, 714 ]  scales c^2 q = [ 154, 602, 714 ]  C = [
20, 140 ]
  |Z| = 28  q(g) reps [ 154, 602, 714 ]  scales c^2 q = [ 154, 602, 714 ]  C = [
20, 140 ]
  |Z| = 28  q(g) reps [ 154, 602, 714 ]  scales c^2 q = [ 154, 602, 714 ]  C = [
20, 140 ]
  |Z| = 28  q(g) reps [ 154, 602, 714 ]  scales c^2 q = [ 154, 602, 714 ]  C = [
20, 140 ]
  |Z| = 28  q(g) reps [ 434, 658, 770 ]  scales c^2 q = [ 434, 658, 770 ]  C = [
20, 140 ]
  |Z| = 28  q(g) reps [ 434, 658, 770 ]  scales c^2 q = [ 434, 658, 770 ]  C = [
20, 140 ]
  |Z| = 28  q(g) reps [ 154, 602, 714 ]  scales c^2 q = [ 154, 602, 714 ]  C = [
20, 140 ]
  |Z| = 28  q(g) reps [ 154, 602, 714 ]  scales c^2 q = [ 154, 602, 714 ]  C = [
20, 140 ]
  |Z| = 28  q(g) reps [ 42, 266, 378 ]  scales c^2 q = [ 42, 266, 378 ]  C = [ 
20, 140 ]
  |Z| = 28  q(g) reps [ 42, 266, 378 ]  scales c^2 q = [ 42, 266, 378 ]  C = [ 
20, 140 ]
  |Z| = 28  q(g) reps [ 210, 322, 546 ]  scales c^2 q = [ 210, 322, 546 ]  C = [
20, 140 ]
  |Z| = 28  q(g) reps [ 210, 322, 546 ]  scales c^2 q = [ 210, 322, 546 ]  C = [
20, 140 ]
  |Z| = 28  q(g) reps [ 154, 602, 714 ]  scales c^2 q = [ 154, 602, 714 ]  C = [
20, 140 ]
  |Z| = 28  q(g) reps [ 154, 602, 714 ]  scales c^2 q = [ 154, 602, 714 ]  C = [
20, 140 ]
  |Z| = 28  q(g) reps [ 434, 658, 770 ]  scales c^2 q = [ 434, 658, 770 ]  C = [
20, 140 ]
  |Z| = 28  q(g) reps [ 434, 658, 770 ]  scales c^2 q = [ 434, 658, 770 ]  C = [
20, 140 ]
  |Z| = 28  q(g) reps [ 210, 322, 546 ]  scales c^2 q = [ 210, 322, 546 ]  C = [
20, 140 ]
  |Z| = 28  q(g) reps [ 210, 322, 546 ]  scales c^2 q = [ 210, 322, 546 ]  C = [
20, 140 ]
  |Z| = 28  q(g) reps [ 42, 266, 378 ]  scales c^2 q = [ 42, 266, 378 ]  C = [ 
20, 140 ]
  |Z| = 28  q(g) reps [ 42, 266, 378 ]  scales c^2 q = [ 42, 266, 378 ]  C = [ 
20, 140 ]
  |Z| = 28  q(g) reps [ 210, 322, 546 ]  scales c^2 q = [ 210, 322, 546 ]  C = [
20, 140 ]
  |Z| = 28  q(g) reps [ 210, 322, 546 ]  scales c^2 q = [ 210, 322, 546 ]  C = [
20, 140 ]
  |Z| = 28  q(g) reps [ 210, 322, 546 ]  scales c^2 q = [ 210, 322, 546 ]  C = [
20, 140 ]
  |Z| = 28  q(g) reps [ 210, 322, 546 ]  scales c^2 q = [ 210, 322, 546 ]  C = [
20, 140 ]
  |Z| = 20  q(g) reps [ 170, 330 ]  scales c^2 q = [ 170, 330 ]  C = [ 28, 140 ]
  |Z| = 20  q(g) reps [ 170, 330 ]  scales c^2 q = [ 170, 330 ]  C = [ 28, 140 ]
  |Z| = 140  q(g) reps [ 3010, 4690, 7490, 8610, 11410, 18690 ]  scales c^2 q = 
[ 3010, 4690, 7490, 8610, 11410, 18690 ]  C = [ 4, 140 ]
  |Z| = 140  q(g) reps [ 3010, 4690, 7490, 8610, 11410, 18690 ]  scales c^2 q = 
[ 3010, 4690, 7490, 8610, 11410, 18690 ]  C = [ 4, 140 ]
  |Z| = 140  q(g) reps [ 3010, 4690, 7490, 8610, 11410, 18690 ]  scales c^2 q = 
[ 3010, 4690, 7490, 8610, 11410, 18690 ]  C = [ 4, 140 ]
  |Z| = 140  q(g) reps [ 3010, 4690, 7490, 8610, 11410, 18690 ]  scales c^2 q = 
[ 3010, 4690, 7490, 8610, 11410, 18690 ]  C = [ 4, 140 ]
  |Z| = 140  q(g) reps [ 1610, 8890, 12810, 14490, 17290, 18410 ]  scales c^2 q 
= [ 1610, 8890, 12810, 14490, 17290, 18410 ]  C = [ 4, 140 ]
  |Z| = 140  q(g) reps [ 1610, 8890, 12810, 14490, 17290, 18410 ]  scales c^2 q 
= [ 1610, 8890, 12810, 14490, 17290, 18410 ]  C = [ 4, 140 ]
  |Z| = 140  q(g) reps [ 2730, 4970, 5530, 10570, 13370, 16730 ]  scales c^2 q =
[ 2730, 4970, 5530, 10570, 13370, 16730 ]  C = [ 4, 140 ]
  |Z| = 140  q(g) reps [ 2730, 4970, 5530, 10570, 13370, 16730 ]  scales c^2 q =
[ 2730, 4970, 5530, 10570, 13370, 16730 ]  C = [ 4, 140 ]
  |Z| = 140  q(g) reps [ 770, 3570, 6930, 12530, 14770, 15330 ]  scales c^2 q = 
[ 770, 3570, 6930, 12530, 14770, 15330 ]  C = [ 4, 140 ]
  |Z| = 140  q(g) reps [ 770, 3570, 6930, 12530, 14770, 15330 ]  scales c^2 q = 
[ 770, 3570, 6930, 12530, 14770, 15330 ]  C = [ 4, 140 ]
  |Z| = 140  q(g) reps [ 3010, 4690, 7490, 8610, 11410, 18690 ]  scales c^2 q = 
[ 3010, 4690, 7490, 8610, 11410, 18690 ]  C = [ 4, 140 ]
  |Z| = 140  q(g) reps [ 3010, 4690, 7490, 8610, 11410, 18690 ]  scales c^2 q = 
[ 3010, 4690, 7490, 8610, 11410, 18690 ]  C = [ 4, 140 ]
  |Z| = 20  q(g) reps [ 10, 90 ]  scales c^2 q = [ 10, 90 ]  C = [ 28, 140 ]
  |Z| = 20  q(g) reps [ 10, 90 ]  scales c^2 q = [ 10, 90 ]  C = [ 28, 140 ]
  |Z| = 140  q(g) reps [ 1610, 8890, 12810, 14490, 17290, 18410 ]  scales c^2 q 
= [ 1610, 8890, 12810, 14490, 17290, 18410 ]  C = [ 4, 140 ]
  |Z| = 140  q(g) reps [ 1610, 8890, 12810, 14490, 17290, 18410 ]  scales c^2 q 
= [ 1610, 8890, 12810, 14490, 17290, 18410 ]  C = [ 4, 140 ]
  |Z| = 140  q(g) reps [ 770, 3570, 6930, 12530, 14770, 15330 ]  scales c^2 q = 
[ 770, 3570, 6930, 12530, 14770, 15330 ]  C = [ 4, 140 ]
  |Z| = 140  q(g) reps [ 770, 3570, 6930, 12530, 14770, 15330 ]  scales c^2 q = 
[ 770, 3570, 6930, 12530, 14770, 15330 ]  C = [ 4, 140 ]
  |Z| = 140  q(g) reps [ 770, 3570, 6930, 12530, 14770, 15330 ]  scales c^2 q = 
[ 770, 3570, 6930, 12530, 14770, 15330 ]  C = [ 4, 140 ]
  |Z| = 140  q(g) reps [ 770, 3570, 6930, 12530, 14770, 15330 ]  scales c^2 q = 
[ 770, 3570, 6930, 12530, 14770, 15330 ]  C = [ 4, 140 ]
  |Z| = 140  q(g) reps [ 1610, 8890, 12810, 14490, 17290, 18410 ]  scales c^2 q 
= [ 1610, 8890, 12810, 14490, 17290, 18410 ]  C = [ 4, 140 ]
  |Z| = 140  q(g) reps [ 1610, 8890, 12810, 14490, 17290, 18410 ]  scales c^2 q 
= [ 1610, 8890, 12810, 14490, 17290, 18410 ]  C = [ 4, 140 ]
  |Z| = 140  q(g) reps [ 1610, 8890, 12810, 14490, 17290, 18410 ]  scales c^2 q 
= [ 1610, 8890, 12810, 14490, 17290, 18410 ]  C = [ 4, 140 ]
  |Z| = 140  q(g) reps [ 1610, 8890, 12810, 14490, 17290, 18410 ]  scales c^2 q 
= [ 1610, 8890, 12810, 14490, 17290, 18410 ]  C = [ 4, 140 ]
  |Z| = 140  q(g) reps [ 3010, 4690, 7490, 8610, 11410, 18690 ]  scales c^2 q = 
[ 3010, 4690, 7490, 8610, 11410, 18690 ]  C = [ 4, 140 ]
  |Z| = 140  q(g) reps [ 3010, 4690, 7490, 8610, 11410, 18690 ]  scales c^2 q = 
[ 3010, 4690, 7490, 8610, 11410, 18690 ]  C = [ 4, 140 ]
  |Z| = 20  q(g) reps [ 130, 370 ]  scales c^2 q = [ 130, 370 ]  C = [ 28, 140 ]
  |Z| = 20  q(g) reps [ 130, 370 ]  scales c^2 q = [ 130, 370 ]  C = [ 28, 140 ]
  |Z| = 140  q(g) reps [ 2730, 4970, 5530, 10570, 13370, 16730 ]  scales c^2 q =
[ 2730, 4970, 5530, 10570, 13370, 16730 ]  C = [ 4, 140 ]
  |Z| = 140  q(g) reps [ 2730, 4970, 5530, 10570, 13370, 16730 ]  scales c^2 q =
[ 2730, 4970, 5530, 10570, 13370, 16730 ]  C = [ 4, 140 ]
  |Z| = 140  q(g) reps [ 1610, 8890, 12810, 14490, 17290, 18410 ]  scales c^2 q 
= [ 1610, 8890, 12810, 14490, 17290, 18410 ]  C = [ 4, 140 ]
  |Z| = 140  q(g) reps [ 1610, 8890, 12810, 14490, 17290, 18410 ]  scales c^2 q 
= [ 1610, 8890, 12810, 14490, 17290, 18410 ]  C = [ 4, 140 ]
  |Z| = 140  q(g) reps [ 3010, 4690, 7490, 8610, 11410, 18690 ]  scales c^2 q = 
[ 3010, 4690, 7490, 8610, 11410, 18690 ]  C = [ 4, 140 ]
  |Z| = 140  q(g) reps [ 3010, 4690, 7490, 8610, 11410, 18690 ]  scales c^2 q = 
[ 3010, 4690, 7490, 8610, 11410, 18690 ]  C = [ 4, 140 ]
  |Z| = 140  q(g) reps [ 3010, 4690, 7490, 8610, 11410, 18690 ]  scales c^2 q = 
[ 3010, 4690, 7490, 8610, 11410, 18690 ]  C = [ 4, 140 ]
  |Z| = 140  q(g) reps [ 3010, 4690, 7490, 8610, 11410, 18690 ]  scales c^2 q = 
[ 3010, 4690, 7490, 8610, 11410, 18690 ]  C = [ 4, 140 ]
  |Z| = 140  q(g) reps [ 2730, 4970, 5530, 10570, 13370, 16730 ]  scales c^2 q =
[ 2730, 4970, 5530, 10570, 13370, 16730 ]  C = [ 4, 140 ]
  |Z| = 140  q(g) reps [ 2730, 4970, 5530, 10570, 13370, 16730 ]  scales c^2 q =
[ 2730, 4970, 5530, 10570, 13370, 16730 ]  C = [ 4, 140 ]
  |Z| = 140  q(g) reps [ 2730, 4970, 5530, 10570, 13370, 16730 ]  scales c^2 q =
[ 2730, 4970, 5530, 10570, 13370, 16730 ]  C = [ 4, 140 ]
  |Z| = 140  q(g) reps [ 2730, 4970, 5530, 10570, 13370, 16730 ]  scales c^2 q =
[ 2730, 4970, 5530, 10570, 13370, 16730 ]  C = [ 4, 140 ]
  |Z| = 20  q(g) reps [ 210, 290 ]  scales c^2 q = [ 210, 290 ]  C = [ 28, 140 ]
  |Z| = 20  q(g) reps [ 210, 290 ]  scales c^2 q = [ 210, 290 ]  C = [ 28, 140 ]
  |Z| = 140  q(g) reps [ 1610, 8890, 12810, 14490, 17290, 18410 ]  scales c^2 q 
= [ 1610, 8890, 12810, 14490, 17290, 18410 ]  C = [ 4, 140 ]
  |Z| = 140  q(g) reps [ 1610, 8890, 12810, 14490, 17290, 18410 ]  scales c^2 q 
= [ 1610, 8890, 12810, 14490, 17290, 18410 ]  C = [ 4, 140 ]
  |Z| = 20  q(g) reps [ 10, 90 ]  scales c^2 q = [ 10, 90 ]  C = [ 28, 140 ]
  |Z| = 20  q(g) reps [ 10, 90 ]  scales c^2 q = [ 10, 90 ]  C = [ 28, 140 ]
  |Z| = 140  q(g) reps [ 770, 3570, 6930, 12530, 14770, 15330 ]  scales c^2 q = 
[ 770, 3570, 6930, 12530, 14770, 15330 ]  C = [ 4, 140 ]
  |Z| = 140  q(g) reps [ 770, 3570, 6930, 12530, 14770, 15330 ]  scales c^2 q = 
[ 770, 3570, 6930, 12530, 14770, 15330 ]  C = [ 4, 140 ]
  |Z| = 20  q(g) reps [ 170, 330 ]  scales c^2 q = [ 170, 330 ]  C = [ 28, 140 ]
  |Z| = 20  q(g) reps [ 170, 330 ]  scales c^2 q = [ 170, 330 ]  C = [ 28, 140 ]
  |Z| = 20  q(g) reps [ 210, 290 ]  scales c^2 q = [ 210, 290 ]  C = [ 28, 140 ]
  |Z| = 20  q(g) reps [ 210, 290 ]  scales c^2 q = [ 210, 290 ]  C = [ 28, 140 ]
  |Z| = 20  q(g) reps [ 130, 370 ]  scales c^2 q = [ 130, 370 ]  C = [ 28, 140 ]
  |Z| = 20  q(g) reps [ 130, 370 ]  scales c^2 q = [ 130, 370 ]  C = [ 28, 140 ]
  |Z| = 20  q(g) reps [ 10, 90 ]  scales c^2 q = [ 10, 90 ]  C = [ 28, 140 ]
  |Z| = 20  q(g) reps [ 10, 90 ]  scales c^2 q = [ 10, 90 ]  C = [ 28, 140 ]
  |Z| = 20  q(g) reps [ 10, 90 ]  scales c^2 q = [ 10, 90 ]  C = [ 28, 140 ]
  |Z| = 20  q(g) reps [ 10, 90 ]  scales c^2 q = [ 10, 90 ]  C = [ 28, 140 ]
  |Z| = 20  q(g) reps [ 130, 370 ]  scales c^2 q = [ 130, 370 ]  C = [ 28, 140 ]
  |Z| = 20  q(g) reps [ 130, 370 ]  scales c^2 q = [ 130, 370 ]  C = [ 28, 140 ]
  |Z| = 20  q(g) reps [ 210, 290 ]  scales c^2 q = [ 210, 290 ]  C = [ 28, 140 ]
  |Z| = 20  q(g) reps [ 210, 290 ]  scales c^2 q = [ 210, 290 ]  C = [ 28, 140 ]
  |Z| = 20  q(g) reps [ 170, 330 ]  scales c^2 q = [ 170, 330 ]  C = [ 28, 140 ]
  |Z| = 20  q(g) reps [ 170, 330 ]  scales c^2 q = [ 170, 330 ]  C = [ 28, 140 ]
  |Z| = 20  q(g) reps [ 10, 90 ]  scales c^2 q = [ 10, 90 ]  C = [ 28, 140 ]
  |Z| = 20  q(g) reps [ 10, 90 ]  scales c^2 q = [ 10, 90 ]  C = [ 28, 140 ]
  |Z| = 20  q(g) reps [ 210, 290 ]  scales c^2 q = [ 210, 290 ]  C = [ 28, 140 ]
  |Z| = 20  q(g) reps [ 210, 290 ]  scales c^2 q = [ 210, 290 ]  C = [ 28, 140 ]
  |Z| = 20  q(g) reps [ 130, 370 ]  scales c^2 q = [ 130, 370 ]  C = [ 28, 140 ]
  |Z| = 20  q(g) reps [ 130, 370 ]  scales c^2 q = [ 130, 370 ]  C = [ 28, 140 ]
  |Z| = 20  q(g) reps [ 10, 90 ]  scales c^2 q = [ 10, 90 ]  C = [ 28, 140 ]
  |Z| = 20  q(g) reps [ 10, 90 ]  scales c^2 q = [ 10, 90 ]  C = [ 28, 140 ]
  |Z| = 20  q(g) reps [ 170, 330 ]  scales c^2 q = [ 170, 330 ]  C = [ 28, 140 ]
  |Z| = 20  q(g) reps [ 170, 330 ]  scales c^2 q = [ 170, 330 ]  C = [ 28, 140 ]
  |Z| = 20  q(g) reps [ 210, 290 ]  scales c^2 q = [ 210, 290 ]  C = [ 28, 140 ]
  |Z| = 20  q(g) reps [ 210, 290 ]  scales c^2 q = [ 210, 290 ]  C = [ 28, 140 ]
  |Z| = 20  q(g) reps [ 210, 290 ]  scales c^2 q = [ 210, 290 ]  C = [ 28, 140 ]
  |Z| = 20  q(g) reps [ 210, 290 ]  scales c^2 q = [ 210, 290 ]  C = [ 28, 140 ]
  |Z| = 140  q(g) reps [ 2170, 7770, 11130, 13930, 18970, 19530 ]  scales c^2 q 
= [ 2170, 7770, 11130, 13930, 18970, 19530 ]  C = [ 4, 140 ]
  |Z| = 140  q(g) reps [ 2170, 7770, 11130, 13930, 18970, 19530 ]  scales c^2 q 
= [ 2170, 7770, 11130, 13930, 18970, 19530 ]  C = [ 4, 140 ]
  |Z| = 140  q(g) reps [ 70, 630, 5670, 8470, 11830, 17430 ]  scales c^2 q = [ 
70, 630, 5670, 8470, 11830, 17430 ]  C = [ 4, 140 ]
  |Z| = 140  q(g) reps [ 2730, 4970, 5530, 10570, 13370, 16730 ]  scales c^2 q =
[ 2730, 4970, 5530, 10570, 13370, 16730 ]  C = [ 4, 140 ]
  |Z| = 140  q(g) reps [ 2730, 4970, 5530, 10570, 13370, 16730 ]  scales c^2 q =
[ 2730, 4970, 5530, 10570, 13370, 16730 ]  C = [ 4, 140 ]
  |Z| = 140  q(g) reps [ 2870, 6230, 9030, 14070, 14630, 16870 ]  scales c^2 q =
[ 2870, 6230, 9030, 14070, 14630, 16870 ]  C = [ 4, 140 ]
  |Z| = 140  q(g) reps [ 2870, 6230, 9030, 14070, 14630, 16870 ]  scales c^2 q =
[ 2870, 6230, 9030, 14070, 14630, 16870 ]  C = [ 4, 140 ]
  |Z| = 140  q(g) reps [ 2870, 6230, 9030, 14070, 14630, 16870 ]  scales c^2 q =
[ 2870, 6230, 9030, 14070, 14630, 16870 ]  C = [ 4, 140 ]
  |Z| = 140  q(g) reps [ 2730, 4970, 5530, 10570, 13370, 16730 ]  scales c^2 q =
[ 2730, 4970, 5530, 10570, 13370, 16730 ]  C = [ 4, 140 ]
  |Z| = 140  q(g) reps [ 2730, 4970, 5530, 10570, 13370, 16730 ]  scales c^2 q =
[ 2730, 4970, 5530, 10570, 13370, 16730 ]  C = [ 4, 140 ]
  |Z| = 28  q(g) reps [ 70, 182, 630 ]  scales c^2 q = [ 70, 182, 630 ]  C = [ 
20, 140 ]
  |Z| = 140  q(g) reps [ 2170, 7770, 11130, 13930, 18970, 19530 ]  scales c^2 q 
= [ 2170, 7770, 11130, 13930, 18970, 19530 ]  C = [ 4, 140 ]
  |Z| = 140  q(g) reps [ 2170, 7770, 11130, 13930, 18970, 19530 ]  scales c^2 q 
= [ 2170, 7770, 11130, 13930, 18970, 19530 ]  C = [ 4, 140 ]
  |Z| = 140  q(g) reps [ 2170, 7770, 11130, 13930, 18970, 19530 ]  scales c^2 q 
= [ 2170, 7770, 11130, 13930, 18970, 19530 ]  C = [ 4, 140 ]
  |Z| = 140  q(g) reps [ 2170, 7770, 11130, 13930, 18970, 19530 ]  scales c^2 q 
= [ 2170, 7770, 11130, 13930, 18970, 19530 ]  C = [ 4, 140 ]
  |Z| = 28  q(g) reps [ 154, 602, 714 ]  scales c^2 q = [ 154, 602, 714 ]  C = [
20, 140 ]
  |Z| = 28  q(g) reps [ 154, 602, 714 ]  scales c^2 q = [ 154, 602, 714 ]  C = [
20, 140 ]
  |Z| = 140  q(g) reps [ 70, 630, 5670, 8470, 11830, 17430 ]  scales c^2 q = [ 
70, 630, 5670, 8470, 11830, 17430 ]  C = [ 4, 140 ]
  |Z| = 140  q(g) reps [ 2870, 6230, 9030, 14070, 14630, 16870 ]  scales c^2 q =
[ 2870, 6230, 9030, 14070, 14630, 16870 ]  C = [ 4, 140 ]
  |Z| = 28  q(g) reps [ 406, 518, 742 ]  scales c^2 q = [ 406, 518, 742 ]  C = [
20, 140 ]
  |Z| = 140  q(g) reps [ 2870, 6230, 9030, 14070, 14630, 16870 ]  scales c^2 q =
[ 2870, 6230, 9030, 14070, 14630, 16870 ]  C = [ 4, 140 ]
  |Z| = 140  q(g) reps [ 70, 630, 5670, 8470, 11830, 17430 ]  scales c^2 q = [ 
70, 630, 5670, 8470, 11830, 17430 ]  C = [ 4, 140 ]
  |Z| = 28  q(g) reps [ 154, 602, 714 ]  scales c^2 q = [ 154, 602, 714 ]  C = [
20, 140 ]
  |Z| = 28  q(g) reps [ 154, 602, 714 ]  scales c^2 q = [ 154, 602, 714 ]  C = [
20, 140 ]
  |Z| = 28  q(g) reps [ 70, 182, 630 ]  scales c^2 q = [ 70, 182, 630 ]  C = [ 
20, 140 ]
  |Z| = 140  q(g) reps [ 70, 630, 5670, 8470, 11830, 17430 ]  scales c^2 q = [ 
70, 630, 5670, 8470, 11830, 17430 ]  C = [ 4, 140 ]
  |Z| = 28  q(g) reps [ 42, 266, 378 ]  scales c^2 q = [ 42, 266, 378 ]  C = [ 
20, 140 ]
  |Z| = 28  q(g) reps [ 42, 266, 378 ]  scales c^2 q = [ 42, 266, 378 ]  C = [ 
20, 140 ]
  |Z| = 140  q(g) reps [ 2870, 6230, 9030, 14070, 14630, 16870 ]  scales c^2 q =
[ 2870, 6230, 9030, 14070, 14630, 16870 ]  C = [ 4, 140 ]
  |Z| = 28  q(g) reps [ 406, 518, 742 ]  scales c^2 q = [ 406, 518, 742 ]  C = [
20, 140 ]
  |Z| = 28  q(g) reps [ 154, 602, 714 ]  scales c^2 q = [ 154, 602, 714 ]  C = [
20, 140 ]
  |Z| = 28  q(g) reps [ 154, 602, 714 ]  scales c^2 q = [ 154, 602, 714 ]  C = [
20, 140 ]
  |Z| = 28  q(g) reps [ 406, 518, 742 ]  scales c^2 q = [ 406, 518, 742 ]  C = [
20, 140 ]
  |Z| = 28  q(g) reps [ 42, 266, 378 ]  scales c^2 q = [ 42, 266, 378 ]  C = [ 
20, 140 ]
  |Z| = 28  q(g) reps [ 42, 266, 378 ]  scales c^2 q = [ 42, 266, 378 ]  C = [ 
20, 140 ]
  |Z| = 28  q(g) reps [ 70, 182, 630 ]  scales c^2 q = [ 70, 182, 630 ]  C = [ 
20, 140 ]
  |Z| = 28  q(g) reps [ 406, 518, 742 ]  scales c^2 q = [ 406, 518, 742 ]  C = [
20, 140 ]
  |Z| = 28  q(g) reps [ 70, 182, 630 ]  scales c^2 q = [ 70, 182, 630 ]  C = [ 
20, 140 ]
  |Z| = 28  q(g) reps [ 406, 518, 742 ]  scales c^2 q = [ 406, 518, 742 ]  C = [
20, 140 ]
  |Z| = 28  q(g) reps [ 406, 518, 742 ]  scales c^2 q = [ 406, 518, 742 ]  C = [
20, 140 ]
  |Z| = 20  q(g) reps [ 70, 230 ]  scales c^2 q = [ 70, 230 ]  C = [ 28, 140 ]
  |Z| = 140  q(g) reps [ 1610, 8890, 12810, 14490, 17290, 18410 ]  scales c^2 q 
= [ 1610, 8890, 12810, 14490, 17290, 18410 ]  C = [ 4, 140 ]
  |Z| = 140  q(g) reps [ 1610, 8890, 12810, 14490, 17290, 18410 ]  scales c^2 q 
= [ 1610, 8890, 12810, 14490, 17290, 18410 ]  C = [ 4, 140 ]
  |Z| = 140  q(g) reps [ 3990, 7910, 9590, 12390, 13510, 16310 ]  scales c^2 q =
[ 3990, 7910, 9590, 12390, 13510, 16310 ]  C = [ 4, 140 ]
  |Z| = 140  q(g) reps [ 2730, 4970, 5530, 10570, 13370, 16730 ]  scales c^2 q =
[ 2730, 4970, 5530, 10570, 13370, 16730 ]  C = [ 4, 140 ]
  |Z| = 140  q(g) reps [ 2730, 4970, 5530, 10570, 13370, 16730 ]  scales c^2 q =
[ 2730, 4970, 5530, 10570, 13370, 16730 ]  C = [ 4, 140 ]
  |Z| = 140  q(g) reps [ 3990, 7910, 9590, 12390, 13510, 16310 ]  scales c^2 q =
[ 3990, 7910, 9590, 12390, 13510, 16310 ]  C = [ 4, 140 ]
  |Z| = 140  q(g) reps [ 2730, 4970, 5530, 10570, 13370, 16730 ]  scales c^2 q =
[ 2730, 4970, 5530, 10570, 13370, 16730 ]  C = [ 4, 140 ]
  |Z| = 140  q(g) reps [ 2730, 4970, 5530, 10570, 13370, 16730 ]  scales c^2 q =
[ 2730, 4970, 5530, 10570, 13370, 16730 ]  C = [ 4, 140 ]
  |Z| = 140  q(g) reps [ 3990, 7910, 9590, 12390, 13510, 16310 ]  scales c^2 q =
[ 3990, 7910, 9590, 12390, 13510, 16310 ]  C = [ 4, 140 ]
  |Z| = 20  q(g) reps [ 10, 90 ]  scales c^2 q = [ 10, 90 ]  C = [ 28, 140 ]
  |Z| = 20  q(g) reps [ 10, 90 ]  scales c^2 q = [ 10, 90 ]  C = [ 28, 140 ]
  |Z| = 140  q(g) reps [ 70, 630, 5670, 8470, 11830, 17430 ]  scales c^2 q = [ 
70, 630, 5670, 8470, 11830, 17430 ]  C = [ 4, 140 ]
  |Z| = 140  q(g) reps [ 1610, 8890, 12810, 14490, 17290, 18410 ]  scales c^2 q 
= [ 1610, 8890, 12810, 14490, 17290, 18410 ]  C = [ 4, 140 ]
  |Z| = 140  q(g) reps [ 1610, 8890, 12810, 14490, 17290, 18410 ]  scales c^2 q 
= [ 1610, 8890, 12810, 14490, 17290, 18410 ]  C = [ 4, 140 ]
  |Z| = 140  q(g) reps [ 70, 630, 5670, 8470, 11830, 17430 ]  scales c^2 q = [ 
70, 630, 5670, 8470, 11830, 17430 ]  C = [ 4, 140 ]
  |Z| = 140  q(g) reps [ 3990, 7910, 9590, 12390, 13510, 16310 ]  scales c^2 q =
[ 3990, 7910, 9590, 12390, 13510, 16310 ]  C = [ 4, 140 ]
  |Z| = 20  q(g) reps [ 310, 390 ]  scales c^2 q = [ 310, 390 ]  C = [ 28, 140 ]
  |Z| = 140  q(g) reps [ 3990, 7910, 9590, 12390, 13510, 16310 ]  scales c^2 q =
[ 3990, 7910, 9590, 12390, 13510, 16310 ]  C = [ 4, 140 ]
  |Z| = 140  q(g) reps [ 1610, 8890, 12810, 14490, 17290, 18410 ]  scales c^2 q 
= [ 1610, 8890, 12810, 14490, 17290, 18410 ]  C = [ 4, 140 ]
  |Z| = 140  q(g) reps [ 1610, 8890, 12810, 14490, 17290, 18410 ]  scales c^2 q 
= [ 1610, 8890, 12810, 14490, 17290, 18410 ]  C = [ 4, 140 ]
  |Z| = 140  q(g) reps [ 70, 630, 5670, 8470, 11830, 17430 ]  scales c^2 q = [ 
70, 630, 5670, 8470, 11830, 17430 ]  C = [ 4, 140 ]
  |Z| = 140  q(g) reps [ 70, 630, 5670, 8470, 11830, 17430 ]  scales c^2 q = [ 
70, 630, 5670, 8470, 11830, 17430 ]  C = [ 4, 140 ]
  |Z| = 20  q(g) reps [ 10, 90 ]  scales c^2 q = [ 10, 90 ]  C = [ 28, 140 ]
  |Z| = 20  q(g) reps [ 10, 90 ]  scales c^2 q = [ 10, 90 ]  C = [ 28, 140 ]
  |Z| = 20  q(g) reps [ 70, 230 ]  scales c^2 q = [ 70, 230 ]  C = [ 28, 140 ]
  |Z| = 140  q(g) reps [ 3990, 7910, 9590, 12390, 13510, 16310 ]  scales c^2 q =
[ 3990, 7910, 9590, 12390, 13510, 16310 ]  C = [ 4, 140 ]
  |Z| = 20  q(g) reps [ 170, 330 ]  scales c^2 q = [ 170, 330 ]  C = [ 28, 140 ]
  |Z| = 20  q(g) reps [ 170, 330 ]  scales c^2 q = [ 170, 330 ]  C = [ 28, 140 ]
  |Z| = 20  q(g) reps [ 310, 390 ]  scales c^2 q = [ 310, 390 ]  C = [ 28, 140 ]
  |Z| = 20  q(g) reps [ 10, 90 ]  scales c^2 q = [ 10, 90 ]  C = [ 28, 140 ]
  |Z| = 20  q(g) reps [ 10, 90 ]  scales c^2 q = [ 10, 90 ]  C = [ 28, 140 ]
  |Z| = 20  q(g) reps [ 310, 390 ]  scales c^2 q = [ 310, 390 ]  C = [ 28, 140 ]
  |Z| = 20  q(g) reps [ 170, 330 ]  scales c^2 q = [ 170, 330 ]  C = [ 28, 140 ]
  |Z| = 20  q(g) reps [ 170, 330 ]  scales c^2 q = [ 170, 330 ]  C = [ 28, 140 ]
  |Z| = 20  q(g) reps [ 70, 230 ]  scales c^2 q = [ 70, 230 ]  C = [ 28, 140 ]
  |Z| = 20  q(g) reps [ 310, 390 ]  scales c^2 q = [ 310, 390 ]  C = [ 28, 140 ]
  |Z| = 20  q(g) reps [ 70, 230 ]  scales c^2 q = [ 70, 230 ]  C = [ 28, 140 ]
  |Z| = 20  q(g) reps [ 310, 390 ]  scales c^2 q = [ 310, 390 ]  C = [ 28, 140 ]
  |Z| = 20  q(g) reps [ 310, 390 ]  scales c^2 q = [ 310, 390 ]  C = [ 28, 140 ]
  |Z| = 140  q(g) reps [ 1330, 4130, 9170, 9730, 11970, 17570 ]  scales c^2 q = 
[ 1330, 4130, 9170, 9730, 11970, 17570 ]  C = [ 4, 140 ]
  |Z| = 140  q(g) reps [ 1330, 4130, 9170, 9730, 11970, 17570 ]  scales c^2 q = 
[ 1330, 4130, 9170, 9730, 11970, 17570 ]  C = [ 4, 140 ]
  |Z| = 140  q(g) reps [ 2870, 6230, 9030, 14070, 14630, 16870 ]  scales c^2 q =
[ 2870, 6230, 9030, 14070, 14630, 16870 ]  C = [ 4, 140 ]
  |Z| = 35  q(g) reps [ 70, 280, 630, 770, 805, 1120 ]  scales c^2 q = [ 70, 
280, 630, 770, 805, 1120 ]  C = [ 4, 4, 140 ]
  |Z| = 140  q(g) reps [ 70, 630, 5670, 8470, 11830, 17430 ]  scales c^2 q = [ 
70, 630, 5670, 8470, 11830, 17430 ]  C = [ 4, 140 ]
  |Z| = 28  q(g) reps [ 210, 322, 546 ]  scales c^2 q = [ 210, 322, 546 ]  C = [
20, 140 ]
  |Z| = 28  q(g) reps [ 210, 322, 546 ]  scales c^2 q = [ 210, 322, 546 ]  C = [
20, 140 ]
  |Z| = 140  q(g) reps [ 70, 630, 5670, 8470, 11830, 17430 ]  scales c^2 q = [ 
70, 630, 5670, 8470, 11830, 17430 ]  C = [ 4, 140 ]
  |Z| = 35  q(g) reps [ 105, 420, 455, 595, 945, 1155 ]  scales c^2 q = [ 105, 
420, 455, 595, 945, 1155 ]  C = [ 4, 4, 140 ]
  |Z| = 140  q(g) reps [ 2870, 6230, 9030, 14070, 14630, 16870 ]  scales c^2 q =
[ 2870, 6230, 9030, 14070, 14630, 16870 ]  C = [ 4, 140 ]
  |Z| = 140  q(g) reps [ 1330, 4130, 9170, 9730, 11970, 17570 ]  scales c^2 q = 
[ 1330, 4130, 9170, 9730, 11970, 17570 ]  C = [ 4, 140 ]
  |Z| = 140  q(g) reps [ 1330, 4130, 9170, 9730, 11970, 17570 ]  scales c^2 q = 
[ 1330, 4130, 9170, 9730, 11970, 17570 ]  C = [ 4, 140 ]
  |Z| = 140  q(g) reps [ 770, 3570, 6930, 12530, 14770, 15330 ]  scales c^2 q = 
[ 770, 3570, 6930, 12530, 14770, 15330 ]  C = [ 4, 140 ]
  |Z| = 140  q(g) reps [ 770, 3570, 6930, 12530, 14770, 15330 ]  scales c^2 q = 
[ 770, 3570, 6930, 12530, 14770, 15330 ]  C = [ 4, 140 ]
  |Z| = 35  q(g) reps [ 105, 420, 455, 595, 945, 1155 ]  scales c^2 q = [ 105, 
420, 455, 595, 945, 1155 ]  C = [ 4, 4, 140 ]
  |Z| = 140  q(g) reps [ 2870, 6230, 9030, 14070, 14630, 16870 ]  scales c^2 q =
[ 2870, 6230, 9030, 14070, 14630, 16870 ]  C = [ 4, 140 ]
  |Z| = 140  q(g) reps [ 770, 3570, 6930, 12530, 14770, 15330 ]  scales c^2 q = 
[ 770, 3570, 6930, 12530, 14770, 15330 ]  C = [ 4, 140 ]
  |Z| = 140  q(g) reps [ 770, 3570, 6930, 12530, 14770, 15330 ]  scales c^2 q = 
[ 770, 3570, 6930, 12530, 14770, 15330 ]  C = [ 4, 140 ]
  |Z| = 28  q(g) reps [ 210, 322, 546 ]  scales c^2 q = [ 210, 322, 546 ]  C = [
20, 140 ]
  |Z| = 28  q(g) reps [ 210, 322, 546 ]  scales c^2 q = [ 210, 322, 546 ]  C = [
20, 140 ]
  |Z| = 35  q(g) reps [ 105, 420, 455, 595, 945, 1155 ]  scales c^2 q = [ 105, 
420, 455, 595, 945, 1155 ]  C = [ 4, 4, 140 ]
  |Z| = 140  q(g) reps [ 2870, 6230, 9030, 14070, 14630, 16870 ]  scales c^2 q =
[ 2870, 6230, 9030, 14070, 14630, 16870 ]  C = [ 4, 140 ]
  |Z| = 140  q(g) reps [ 70, 630, 5670, 8470, 11830, 17430 ]  scales c^2 q = [ 
70, 630, 5670, 8470, 11830, 17430 ]  C = [ 4, 140 ]
  |Z| = 140  q(g) reps [ 1330, 4130, 9170, 9730, 11970, 17570 ]  scales c^2 q = 
[ 1330, 4130, 9170, 9730, 11970, 17570 ]  C = [ 4, 140 ]
  |Z| = 140  q(g) reps [ 1330, 4130, 9170, 9730, 11970, 17570 ]  scales c^2 q = 
[ 1330, 4130, 9170, 9730, 11970, 17570 ]  C = [ 4, 140 ]
  |Z| = 7  q(g) reps [ 21, 35, 42 ]  scales c^2 q = [ 21, 35, 42 ]  C = [ 4, 20,
140 ]
  |Z| = 28  q(g) reps [ 70, 182, 630 ]  scales c^2 q = [ 70, 182, 630 ]  C = [ 
20, 140 ]
  |Z| = 140  q(g) reps [ 2870, 6230, 9030, 14070, 14630, 16870 ]  scales c^2 q =
[ 2870, 6230, 9030, 14070, 14630, 16870 ]  C = [ 4, 140 ]
  |Z| = 28  q(g) reps [ 434, 658, 770 ]  scales c^2 q = [ 434, 658, 770 ]  C = [
20, 140 ]
  |Z| = 28  q(g) reps [ 434, 658, 770 ]  scales c^2 q = [ 434, 658, 770 ]  C = [
20, 140 ]
  |Z| = 140  q(g) reps [ 2870, 6230, 9030, 14070, 14630, 16870 ]  scales c^2 q =
[ 2870, 6230, 9030, 14070, 14630, 16870 ]  C = [ 4, 140 ]
  |Z| = 28  q(g) reps [ 406, 518, 742 ]  scales c^2 q = [ 406, 518, 742 ]  C = [
20, 140 ]
  |Z| = 7  q(g) reps [ 7, 14, 28 ]  scales c^2 q = [ 7, 14, 28 ]  C = [ 4, 20, 
140 ]
  |Z| = 28  q(g) reps [ 406, 518, 742 ]  scales c^2 q = [ 406, 518, 742 ]  C = [
20, 140 ]
  |Z| = 35  q(g) reps [ 70, 280, 630, 770, 805, 1120 ]  scales c^2 q = [ 70, 
280, 630, 770, 805, 1120 ]  C = [ 4, 4, 140 ]
  |Z| = 140  q(g) reps [ 70, 630, 5670, 8470, 11830, 17430 ]  scales c^2 q = [ 
70, 630, 5670, 8470, 11830, 17430 ]  C = [ 4, 140 ]
  |Z| = 28  q(g) reps [ 406, 518, 742 ]  scales c^2 q = [ 406, 518, 742 ]  C = [
20, 140 ]
  |Z| = 28  q(g) reps [ 434, 658, 770 ]  scales c^2 q = [ 434, 658, 770 ]  C = [
20, 140 ]
  |Z| = 28  q(g) reps [ 434, 658, 770 ]  scales c^2 q = [ 434, 658, 770 ]  C = [
20, 140 ]
  |Z| = 7  q(g) reps [ 21, 35, 42 ]  scales c^2 q = [ 21, 35, 42 ]  C = [ 4, 20,
140 ]
  |Z| = 28  q(g) reps [ 70, 182, 630 ]  scales c^2 q = [ 70, 182, 630 ]  C = [ 
20, 140 ]
  |Z| = 28  q(g) reps [ 210, 322, 546 ]  scales c^2 q = [ 210, 322, 546 ]  C = [
20, 140 ]
  |Z| = 28  q(g) reps [ 210, 322, 546 ]  scales c^2 q = [ 210, 322, 546 ]  C = [
20, 140 ]
  |Z| = 28  q(g) reps [ 70, 182, 630 ]  scales c^2 q = [ 70, 182, 630 ]  C = [ 
20, 140 ]
  |Z| = 7  q(g) reps [ 7, 14, 28 ]  scales c^2 q = [ 7, 14, 28 ]  C = [ 4, 20, 
140 ]
  |Z| = 28  q(g) reps [ 406, 518, 742 ]  scales c^2 q = [ 406, 518, 742 ]  C = [
20, 140 ]
  |Z| = 28  q(g) reps [ 406, 518, 742 ]  scales c^2 q = [ 406, 518, 742 ]  C = [
20, 140 ]
  |Z| = 7  q(g) reps [ 7, 14, 28 ]  scales c^2 q = [ 7, 14, 28 ]  C = [ 4, 20, 
140 ]
  |Z| = 28  q(g) reps [ 406, 518, 742 ]  scales c^2 q = [ 406, 518, 742 ]  C = [
20, 140 ]
  |Z| = 28  q(g) reps [ 70, 182, 630 ]  scales c^2 q = [ 70, 182, 630 ]  C = [ 
20, 140 ]
  |Z| = 5  q(g) reps [ 5, 20 ]  scales c^2 q = [ 5, 20 ]  C = [ 4, 28, 140 ]
  |Z| = 20  q(g) reps [ 70, 230 ]  scales c^2 q = [ 70, 230 ]  C = [ 28, 140 ]
  |Z| = 140  q(g) reps [ 770, 3570, 6930, 12530, 14770, 15330 ]  scales c^2 q = 
[ 770, 3570, 6930, 12530, 14770, 15330 ]  C = [ 4, 140 ]
  |Z| = 140  q(g) reps [ 770, 3570, 6930, 12530, 14770, 15330 ]  scales c^2 q = 
[ 770, 3570, 6930, 12530, 14770, 15330 ]  C = [ 4, 140 ]
  |Z| = 140  q(g) reps [ 3990, 7910, 9590, 12390, 13510, 16310 ]  scales c^2 q =
[ 3990, 7910, 9590, 12390, 13510, 16310 ]  C = [ 4, 140 ]
  |Z| = 140  q(g) reps [ 3010, 4690, 7490, 8610, 11410, 18690 ]  scales c^2 q = 
[ 3010, 4690, 7490, 8610, 11410, 18690 ]  C = [ 4, 140 ]
  |Z| = 140  q(g) reps [ 3010, 4690, 7490, 8610, 11410, 18690 ]  scales c^2 q = 
[ 3010, 4690, 7490, 8610, 11410, 18690 ]  C = [ 4, 140 ]
  |Z| = 35  q(g) reps [ 35, 140, 315, 385, 560, 1015 ]  scales c^2 q = [ 35, 
140, 315, 385, 560, 1015 ]  C = [ 4, 4, 140 ]
  |Z| = 140  q(g) reps [ 3990, 7910, 9590, 12390, 13510, 16310 ]  scales c^2 q =
[ 3990, 7910, 9590, 12390, 13510, 16310 ]  C = [ 4, 140 ]
  |Z| = 140  q(g) reps [ 770, 3570, 6930, 12530, 14770, 15330 ]  scales c^2 q = 
[ 770, 3570, 6930, 12530, 14770, 15330 ]  C = [ 4, 140 ]
  |Z| = 140  q(g) reps [ 770, 3570, 6930, 12530, 14770, 15330 ]  scales c^2 q = 
[ 770, 3570, 6930, 12530, 14770, 15330 ]  C = [ 4, 140 ]
  |Z| = 140  q(g) reps [ 70, 630, 5670, 8470, 11830, 17430 ]  scales c^2 q = [ 
70, 630, 5670, 8470, 11830, 17430 ]  C = [ 4, 140 ]
  |Z| = 20  q(g) reps [ 210, 290 ]  scales c^2 q = [ 210, 290 ]  C = [ 28, 140 ]
  |Z| = 20  q(g) reps [ 210, 290 ]  scales c^2 q = [ 210, 290 ]  C = [ 28, 140 ]
  |Z| = 35  q(g) reps [ 35, 140, 315, 385, 560, 1015 ]  scales c^2 q = [ 35, 
140, 315, 385, 560, 1015 ]  C = [ 4, 4, 140 ]
  |Z| = 140  q(g) reps [ 3990, 7910, 9590, 12390, 13510, 16310 ]  scales c^2 q =
[ 3990, 7910, 9590, 12390, 13510, 16310 ]  C = [ 4, 140 ]
  |Z| = 140  q(g) reps [ 3010, 4690, 7490, 8610, 11410, 18690 ]  scales c^2 q = 
[ 3010, 4690, 7490, 8610, 11410, 18690 ]  C = [ 4, 140 ]
  |Z| = 140  q(g) reps [ 3010, 4690, 7490, 8610, 11410, 18690 ]  scales c^2 q = 
[ 3010, 4690, 7490, 8610, 11410, 18690 ]  C = [ 4, 140 ]
  |Z| = 140  q(g) reps [ 70, 630, 5670, 8470, 11830, 17430 ]  scales c^2 q = [ 
70, 630, 5670, 8470, 11830, 17430 ]  C = [ 4, 140 ]
  |Z| = 35  q(g) reps [ 35, 140, 315, 385, 560, 1015 ]  scales c^2 q = [ 35, 
140, 315, 385, 560, 1015 ]  C = [ 4, 4, 140 ]
  |Z| = 140  q(g) reps [ 3990, 7910, 9590, 12390, 13510, 16310 ]  scales c^2 q =
[ 3990, 7910, 9590, 12390, 13510, 16310 ]  C = [ 4, 140 ]
  |Z| = 20  q(g) reps [ 310, 390 ]  scales c^2 q = [ 310, 390 ]  C = [ 28, 140 ]
  |Z| = 35  q(g) reps [ 70, 280, 630, 770, 805, 1120 ]  scales c^2 q = [ 70, 
280, 630, 770, 805, 1120 ]  C = [ 4, 4, 140 ]
  |Z| = 140  q(g) reps [ 70, 630, 5670, 8470, 11830, 17430 ]  scales c^2 q = [ 
70, 630, 5670, 8470, 11830, 17430 ]  C = [ 4, 140 ]
  |Z| = 140  q(g) reps [ 3010, 4690, 7490, 8610, 11410, 18690 ]  scales c^2 q = 
[ 3010, 4690, 7490, 8610, 11410, 18690 ]  C = [ 4, 140 ]
  |Z| = 140  q(g) reps [ 3010, 4690, 7490, 8610, 11410, 18690 ]  scales c^2 q = 
[ 3010, 4690, 7490, 8610, 11410, 18690 ]  C = [ 4, 140 ]
  |Z| = 140  q(g) reps [ 3990, 7910, 9590, 12390, 13510, 16310 ]  scales c^2 q =
[ 3990, 7910, 9590, 12390, 13510, 16310 ]  C = [ 4, 140 ]
  |Z| = 35  q(g) reps [ 70, 280, 630, 770, 805, 1120 ]  scales c^2 q = [ 70, 
280, 630, 770, 805, 1120 ]  C = [ 4, 4, 140 ]
  |Z| = 140  q(g) reps [ 70, 630, 5670, 8470, 11830, 17430 ]  scales c^2 q = [ 
70, 630, 5670, 8470, 11830, 17430 ]  C = [ 4, 140 ]
  |Z| = 20  q(g) reps [ 130, 370 ]  scales c^2 q = [ 130, 370 ]  C = [ 28, 140 ]
  |Z| = 20  q(g) reps [ 130, 370 ]  scales c^2 q = [ 130, 370 ]  C = [ 28, 140 ]
  |Z| = 5  q(g) reps [ 10, 15 ]  scales c^2 q = [ 10, 15 ]  C = [ 4, 28, 140 ]
  |Z| = 20  q(g) reps [ 310, 390 ]  scales c^2 q = [ 310, 390 ]  C = [ 28, 140 ]
  |Z| = 140  q(g) reps [ 3990, 7910, 9590, 12390, 13510, 16310 ]  scales c^2 q =
[ 3990, 7910, 9590, 12390, 13510, 16310 ]  C = [ 4, 140 ]
  |Z| = 20  q(g) reps [ 130, 370 ]  scales c^2 q = [ 130, 370 ]  C = [ 28, 140 ]
  |Z| = 20  q(g) reps [ 130, 370 ]  scales c^2 q = [ 130, 370 ]  C = [ 28, 140 ]
  |Z| = 20  q(g) reps [ 310, 390 ]  scales c^2 q = [ 310, 390 ]  C = [ 28, 140 ]
  |Z| = 20  q(g) reps [ 210, 290 ]  scales c^2 q = [ 210, 290 ]  C = [ 28, 140 ]
  |Z| = 20  q(g) reps [ 210, 290 ]  scales c^2 q = [ 210, 290 ]  C = [ 28, 140 ]
  |Z| = 5  q(g) reps [ 5, 20 ]  scales c^2 q = [ 5, 20 ]  C = [ 4, 28, 140 ]
  |Z| = 20  q(g) reps [ 70, 230 ]  scales c^2 q = [ 70, 230 ]  C = [ 28, 140 ]
  |Z| = 20  q(g) reps [ 210, 290 ]  scales c^2 q = [ 210, 290 ]  C = [ 28, 140 ]
  |Z| = 20  q(g) reps [ 210, 290 ]  scales c^2 q = [ 210, 290 ]  C = [ 28, 140 ]
  |Z| = 20  q(g) reps [ 70, 230 ]  scales c^2 q = [ 70, 230 ]  C = [ 28, 140 ]
  |Z| = 5  q(g) reps [ 10, 15 ]  scales c^2 q = [ 10, 15 ]  C = [ 4, 28, 140 ]
  |Z| = 20  q(g) reps [ 310, 390 ]  scales c^2 q = [ 310, 390 ]  C = [ 28, 140 ]
  |Z| = 20  q(g) reps [ 310, 390 ]  scales c^2 q = [ 310, 390 ]  C = [ 28, 140 ]
  |Z| = 5  q(g) reps [ 10, 15 ]  scales c^2 q = [ 10, 15 ]  C = [ 4, 28, 140 ]
  |Z| = 20  q(g) reps [ 310, 390 ]  scales c^2 q = [ 310, 390 ]  C = [ 28, 140 ]
  |Z| = 20  q(g) reps [ 70, 230 ]  scales c^2 q = [ 70, 230 ]  C = [ 28, 140 ]
  |Z| = 4  q(g) reps [ 5/8 ]  scales c^2 q = [ 10 ]  C = [ 140, 140 ]
  |Z| = 4  q(g) reps [ 5/8 ]  scales c^2 q = [ 10 ]  C = [ 140, 140 ]
  |Z| = 140  q(g) reps [ 770, 3570, 6930, 12530, 14770, 15330 ]  scales c^2 q = 
[ 770, 3570, 6930, 12530, 14770, 15330 ]  C = [ 4, 140 ]
  |Z| = 140  q(g) reps [ 770, 3570, 6930, 12530, 14770, 15330 ]  scales c^2 q = 
[ 770, 3570, 6930, 12530, 14770, 15330 ]  C = [ 4, 140 ]
  |Z| = 140  q(g) reps [ 770, 3570, 6930, 12530, 14770, 15330 ]  scales c^2 q = 
[ 770, 3570, 6930, 12530, 14770, 15330 ]  C = [ 4, 140 ]
  |Z| = 140  q(g) reps [ 770, 3570, 6930, 12530, 14770, 15330 ]  scales c^2 q = 
[ 770, 3570, 6930, 12530, 14770, 15330 ]  C = [ 4, 140 ]
  |Z| = 140  q(g) reps [ 2730, 4970, 5530, 10570, 13370, 16730 ]  scales c^2 q =
[ 2730, 4970, 5530, 10570, 13370, 16730 ]  C = [ 4, 140 ]
  |Z| = 140  q(g) reps [ 2730, 4970, 5530, 10570, 13370, 16730 ]  scales c^2 q =
[ 2730, 4970, 5530, 10570, 13370, 16730 ]  C = [ 4, 140 ]
  |Z| = 140  q(g) reps [ 2730, 4970, 5530, 10570, 13370, 16730 ]  scales c^2 q =
[ 2730, 4970, 5530, 10570, 13370, 16730 ]  C = [ 4, 140 ]
  |Z| = 140  q(g) reps [ 2730, 4970, 5530, 10570, 13370, 16730 ]  scales c^2 q =
[ 2730, 4970, 5530, 10570, 13370, 16730 ]  C = [ 4, 140 ]
  |Z| = 28  q(g) reps [ 434, 658, 770 ]  scales c^2 q = [ 434, 658, 770 ]  C = [
20, 140 ]
  |Z| = 28  q(g) reps [ 434, 658, 770 ]  scales c^2 q = [ 434, 658, 770 ]  C = [
20, 140 ]
  |Z| = 20  q(g) reps [ 170, 330 ]  scales c^2 q = [ 170, 330 ]  C = [ 28, 140 ]
  |Z| = 20  q(g) reps [ 170, 330 ]  scales c^2 q = [ 170, 330 ]  C = [ 28, 140 ]
  |Z| = 28  q(g) reps [ 434, 658, 770 ]  scales c^2 q = [ 434, 658, 770 ]  C = [
20, 140 ]
  |Z| = 28  q(g) reps [ 434, 658, 770 ]  scales c^2 q = [ 434, 658, 770 ]  C = [
20, 140 ]
  |Z| = 20  q(g) reps [ 130, 370 ]  scales c^2 q = [ 130, 370 ]  C = [ 28, 140 ]
  |Z| = 20  q(g) reps [ 130, 370 ]  scales c^2 q = [ 130, 370 ]  C = [ 28, 140 ]
  |Z| = 28  q(g) reps [ 42, 266, 378 ]  scales c^2 q = [ 42, 266, 378 ]  C = [ 
20, 140 ]
  |Z| = 28  q(g) reps [ 42, 266, 378 ]  scales c^2 q = [ 42, 266, 378 ]  C = [ 
20, 140 ]
  |Z| = 28  q(g) reps [ 42, 266, 378 ]  scales c^2 q = [ 42, 266, 378 ]  C = [ 
20, 140 ]
  |Z| = 28  q(g) reps [ 42, 266, 378 ]  scales c^2 q = [ 42, 266, 378 ]  C = [ 
20, 140 ]
  |Z| = 20  q(g) reps [ 130, 370 ]  scales c^2 q = [ 130, 370 ]  C = [ 28, 140 ]
  |Z| = 20  q(g) reps [ 130, 370 ]  scales c^2 q = [ 130, 370 ]  C = [ 28, 140 ]
  |Z| = 20  q(g) reps [ 170, 330 ]  scales c^2 q = [ 170, 330 ]  C = [ 28, 140 ]
  |Z| = 20  q(g) reps [ 170, 330 ]  scales c^2 q = [ 170, 330 ]  C = [ 28, 140 ]
  |Z| = 4  q(g) reps [ 5/8 ]  scales c^2 q = [ 10 ]  C = [ 140, 140 ]
  |Z| = 4  q(g) reps [ 5/8 ]  scales c^2 q = [ 10 ]  C = [ 140, 140 ]
  |Z| = 4  q(g) reps [ 1/8 ]  scales c^2 q = [ 2 ]  C = [ 140, 140 ]
  |Z| = 4  q(g) reps [ 1/8 ]  scales c^2 q = [ 2 ]  C = [ 140, 140 ]
  |Z| = 4  q(g) reps [ 1/8 ]  scales c^2 q = [ 2 ]  C = [ 140, 140 ]
  |Z| = 4  q(g) reps [ 1/8 ]  scales c^2 q = [ 2 ]  C = [ 140, 140 ]
  |Z| = 4  q(g) reps [ 3/8 ]  scales c^2 q = [ 6 ]  C = [ 140, 140 ]
  |Z| = 140  q(g) reps [ 2730, 4970, 5530, 10570, 13370, 16730 ]  scales c^2 q =
[ 2730, 4970, 5530, 10570, 13370, 16730 ]  C = [ 4, 140 ]
  |Z| = 140  q(g) reps [ 2730, 4970, 5530, 10570, 13370, 16730 ]  scales c^2 q =
[ 2730, 4970, 5530, 10570, 13370, 16730 ]  C = [ 4, 140 ]
  |Z| = 140  q(g) reps [ 70, 630, 5670, 8470, 11830, 17430 ]  scales c^2 q = [ 
70, 630, 5670, 8470, 11830, 17430 ]  C = [ 4, 140 ]
  |Z| = 140  q(g) reps [ 70, 630, 5670, 8470, 11830, 17430 ]  scales c^2 q = [ 
70, 630, 5670, 8470, 11830, 17430 ]  C = [ 4, 140 ]
  |Z| = 28  q(g) reps [ 42, 266, 378 ]  scales c^2 q = [ 42, 266, 378 ]  C = [ 
20, 140 ]
  |Z| = 28  q(g) reps [ 42, 266, 378 ]  scales c^2 q = [ 42, 266, 378 ]  C = [ 
20, 140 ]
  |Z| = 20  q(g) reps [ 170, 330 ]  scales c^2 q = [ 170, 330 ]  C = [ 28, 140 ]
  |Z| = 20  q(g) reps [ 170, 330 ]  scales c^2 q = [ 170, 330 ]  C = [ 28, 140 ]
  |Z| = 28  q(g) reps [ 70, 182, 630 ]  scales c^2 q = [ 70, 182, 630 ]  C = [ 
20, 140 ]
  |Z| = 20  q(g) reps [ 70, 230 ]  scales c^2 q = [ 70, 230 ]  C = [ 28, 140 ]
  |Z| = 28  q(g) reps [ 70, 182, 630 ]  scales c^2 q = [ 70, 182, 630 ]  C = [ 
20, 140 ]
  |Z| = 20  q(g) reps [ 70, 230 ]  scales c^2 q = [ 70, 230 ]  C = [ 28, 140 ]
  |Z| = 4  q(g) reps [ 5/8 ]  scales c^2 q = [ 10 ]  C = [ 140, 140 ]
  |Z| = 4  q(g) reps [ 5/8 ]  scales c^2 q = [ 10 ]  C = [ 140, 140 ]
  |Z| = 4  q(g) reps [ 3/8 ]  scales c^2 q = [ 6 ]  C = [ 140, 140 ]
LEDGER-RELEVANT: scales t with t = N*d, d squarefree, t <= 280:
  integer scales available: [ 2, 5, 6, 7, 10, 14, 15, 20, 21, 28, 35, 42, 70, 
90, 105, 130, 140, 154, 170, 182, 210, 230, 266, 280, 290, 310, 315, 322, 330, 
370, 378, 385, 390, 406, 420, 434, 455, 518, 546, 560, 595, 602, 630, 658, 665, 
714, 742, 770, 805, 840, 910, 945, 1015, 1085, 1120, 1155, 1190, 1330, 1610, 
1890, 2170, 2310, 2730, 2870, 3010, 3290, 3570, 3990, 4130, 4690, 4970, 5110, 
5530, 5670, 5810, 6090, 6230, 6790, 6930, 7210, 7490, 7770, 7910, 8470, 8610, 
8890, 9030, 9170, 9590, 9730, 10010, 10570, 10710, 11130, 11410, 11690, 11830, 
11970, 12390, 12530, 12810, 13090, 13370, 13510, 13930, 14070, 14490, 14630, 
14770, 15330, 15610, 15890, 16310, 16730, 16870, 17010, 17290, 17430, 17570, 
17990, 18410, 18690, 18970, 19530 ]
