BASE 33 2  M = 132  ds = [ 1, 2, 3, 4, 6, 11, 12, 22, 33, 44, 66, 132 ]
#isotropic = 3 (2N-1 = 3)
#cosets = 288
#monomials = 174
a0 table built
FORM -2:
  c_eta(0)[1] (trivial) = -8.49398940754E-64 + 4.25688564855E-64 i   (half: 
-4.24699470377E-64)
  c_eta(0)[2] = 6.00000000000 + 4.25687683843E-64 i   (half: 3.00000000000)
  c_eta(0)[3] = 6.00000000000 + 4.25687683860E-64 i   (half: 3.00000000000)
COSET -2 c=0 d=1 gcd=132 a0=(-475885.0000,9.252191706E-70) 
rho=(0.0000000000,0.0000000000) contrib=(-0.0000000000,0.0000000000)
COSET -2 c=1 d=0 gcd=1 a0=(-2.500000000,2.500000000) 
rho=(0.007575757576,0.007575757576) contrib=(-0.03787878788,4.166876339E-64)
COSET -2 c=1 d=1 gcd=1 a0=(-2.500000000,2.500000000) 
rho=(0.007575757576,0.007575757576) contrib=(-0.03787878788,5.949805904E-69)
COSET -2 c=1 d=2 gcd=1 a0=(-2.500000000,2.500000000) 
rho=(0.007575757576,0.007575757576) contrib=(-0.03787878788,7.166453228E-71)
COSET -2 c=1 d=3 gcd=1 a0=(-2.500000000,2.500000000) 
rho=(0.007575757576,0.007575757576) contrib=(-0.03787878788,-1.628240149E-70)
COSET -2 c=1 d=4 gcd=1 a0=(-2.500000000,2.500000000) 
rho=(0.007575757576,0.007575757576) contrib=(-0.03787878788,1.530892688E-71)
COSET -2 c=1 d=5 gcd=1 a0=(-2.500000000,2.500000000) 
rho=(0.007575757576,0.007575757576) contrib=(-0.03787878788,-2.600561265E-70)
COSET -2 c=1 d=6 gcd=1 a0=(-2.500000000,2.500000000) 
rho=(0.007575757576,0.007575757576) contrib=(-0.03787878788,-1.301488566E-70)
COSET -2 c=1 d=7 gcd=1 a0=(-2.500000000,2.500000000) 
rho=(0.007575757576,0.007575757576) contrib=(-0.03787878788,-1.326359390E-70)
COSET -2 c=1 d=8 gcd=1 a0=(-2.500000000,2.500000000) 
rho=(0.007575757576,0.007575757576) contrib=(-0.03787878788,-2.361008645E-70)
COSET -2 c=1 d=9 gcd=1 a0=(-2.500000000,2.500000000) 
rho=(0.007575757576,0.007575757576) contrib=(-0.03787878788,-1.497965607E-70)
COSET -2 c=1 d=10 gcd=1 a0=(-2.500000000,2.500000000) 
rho=(0.007575757576,0.007575757576) contrib=(-0.03787878788,2.004223544E-70)
COSET -2 c=1 d=11 gcd=1 a0=(-2.500000000,2.500000000) 
rho=(0.007575757576,0.007575757576) contrib=(-0.03787878788,-1.985661707E-70)
COSET -2 c=1 d=12 gcd=1 a0=(-2.500000000,2.500000000) 
rho=(0.007575757576,0.007575757576) contrib=(-0.03787878788,-9.205829904E-71)
COSET -2 c=1 d=13 gcd=1 a0=(-2.500000000,2.500000000) 
rho=(0.007575757576,0.007575757576) contrib=(-0.03787878788,-2.309356274E-70)
COSET -2 c=1 d=14 gcd=1 a0=(-2.500000000,2.500000000) 
rho=(0.007575757576,0.007575757576) contrib=(-0.03787878788,-2.485488056E-71)
COSET -2 c=1 d=15 gcd=1 a0=(-2.500000000,2.500000000) 
rho=(0.007575757576,0.007575757576) contrib=(-0.03787878788,-7.408488515E-71)
COSET -2 c=1 d=16 gcd=1 a0=(-2.500000000,2.500000000) 
rho=(0.007575757576,0.007575757576) contrib=(-0.03787878788,2.120552923E-70)
COSET -2 c=1 d=17 gcd=1 a0=(-2.500000000,2.500000000) 
rho=(0.007575757576,0.007575757576) contrib=(-0.03787878788,4.054320419E-71)
COSET -2 c=1 d=18 gcd=1 a0=(-2.500000000,2.500000000) 
rho=(0.007575757576,0.007575757576) contrib=(-0.03787878788,-8.098376881E-72)
COSET -2 c=1 d=19 gcd=1 a0=(-2.500000000,2.500000000) 
rho=(0.007575757576,0.007575757576) contrib=(-0.03787878788,4.983088956E-71)
COSET -2 c=1 d=20 gcd=1 a0=(-2.500000000,2.500000000) 
rho=(0.007575757576,0.007575757576) contrib=(-0.03787878788,-1.117959118E-70)
COSET -2 c=1 d=21 gcd=1 a0=(-2.500000000,2.500000000) 
rho=(0.007575757576,0.007575757576) contrib=(-0.03787878788,-3.245730831E-70)
COSET -2 c=1 d=22 gcd=1 a0=(-2.500000000,2.500000000) 
rho=(0.007575757576,0.007575757576) contrib=(-0.03787878788,1.330763033E-71)
COSET -2 c=1 d=23 gcd=1 a0=(-2.500000000,2.500000000) 
rho=(0.007575757576,0.007575757576) contrib=(-0.03787878788,1.187578400E-70)
COSET -2 c=1 d=24 gcd=1 a0=(-2.500000000,2.500000000) 
rho=(0.007575757576,0.007575757576) contrib=(-0.03787878788,1.734816962E-70)
COSET -2 c=1 d=25 gcd=1 a0=(-2.500000000,2.500000000) 
rho=(0.007575757576,0.007575757576) contrib=(-0.03787878788,-1.831381256E-70)
COSET -2 c=1 d=26 gcd=1 a0=(-2.500000000,2.500000000) 
rho=(0.007575757576,0.007575757576) contrib=(-0.03787878788,1.793330357E-70)
COSET -2 c=1 d=27 gcd=1 a0=(-2.500000000,2.500000000) 
rho=(0.007575757576,0.007575757576) contrib=(-0.03787878788,-2.416610410E-70)
COSET -2 c=1 d=28 gcd=1 a0=(-2.500000000,2.500000000) 
rho=(0.007575757576,0.007575757576) contrib=(-0.03787878788,1.578514575E-70)
COSET -2 c=1 d=29 gcd=1 a0=(-2.500000000,2.500000000) 
rho=(0.007575757576,0.007575757576) contrib=(-0.03787878788,2.383440082E-71)
COSET -2 c=1 d=30 gcd=1 a0=(-2.500000000,2.500000000) 
rho=(0.007575757576,0.007575757576) contrib=(-0.03787878788,-3.731341340E-70)
COSET -2 c=1 d=31 gcd=1 a0=(-2.500000000,2.500000000) 
rho=(0.007575757576,0.007575757576) contrib=(-0.03787878788,-2.021105129E-70)
COSET -2 c=1 d=32 gcd=1 a0=(-2.500000000,2.500000000) 
rho=(0.007575757576,0.007575757576) contrib=(-0.03787878788,1.810043827E-71)
COSET -2 c=1 d=33 gcd=1 a0=(-2.500000000,2.500000000) 
rho=(0.007575757576,0.007575757576) contrib=(-0.03787878788,-6.873199362E-71)
COSET -2 c=1 d=34 gcd=1 a0=(-2.500000000,2.500000000) 
rho=(0.007575757576,0.007575757576) contrib=(-0.03787878788,5.569093901E-71)
COSET -2 c=1 d=35 gcd=1 a0=(-2.500000000,2.500000000) 
rho=(0.007575757576,0.007575757576) contrib=(-0.03787878788,2.674719490E-70)
COSET -2 c=1 d=36 gcd=1 a0=(-2.500000000,2.500000000) 
rho=(0.007575757576,0.007575757576) contrib=(-0.03787878788,-5.501917388E-71)
COSET -2 c=1 d=37 gcd=1 a0=(-2.500000000,2.500000000) 
rho=(0.007575757576,0.007575757576) contrib=(-0.03787878788,3.321825920E-70)
COSET -2 c=1 d=38 gcd=1 a0=(-2.500000000,2.500000000) 
rho=(0.007575757576,0.007575757576) contrib=(-0.03787878788,-1.565405526E-70)
COSET -2 c=1 d=39 gcd=1 a0=(-2.500000000,2.500000000) 
rho=(0.007575757576,0.007575757576) contrib=(-0.03787878788,-2.051190900E-70)
COSET -2 c=1 d=40 gcd=1 a0=(-2.500000000,2.500000000) 
rho=(0.007575757576,0.007575757576) contrib=(-0.03787878788,-1.279991649E-70)
COSET -2 c=1 d=41 gcd=1 a0=(-2.500000000,2.500000000) 
rho=(0.007575757576,0.007575757576) contrib=(-0.03787878788,3.270403194E-71)
COSET -2 c=1 d=42 gcd=1 a0=(-2.500000000,2.500000000) 
rho=(0.007575757576,0.007575757576) contrib=(-0.03787878788,5.208757203E-71)
COSET -2 c=1 d=43 gcd=1 a0=(-2.500000000,2.500000000) 
rho=(0.007575757576,0.007575757576) contrib=(-0.03787878788,1.772211182E-71)
COSET -2 c=1 d=44 gcd=1 a0=(-2.500000000,2.500000000) 
rho=(0.007575757576,0.007575757576) contrib=(-0.03787878788,-2.783804629E-70)
COSET -2 c=1 d=45 gcd=1 a0=(-2.500000000,2.500000000) 
rho=(0.007575757576,0.007575757576) contrib=(-0.03787878788,-8.823914099E-71)
COSET -2 c=1 d=46 gcd=1 a0=(-2.500000000,2.500000000) 
rho=(0.007575757576,0.007575757576) contrib=(-0.03787878788,2.501757964E-70)
COSET -2 c=1 d=47 gcd=1 a0=(-2.500000000,2.500000000) 
rho=(0.007575757576,0.007575757576) contrib=(-0.03787878788,1.079033243E-71)
COSET -2 c=1 d=48 gcd=1 a0=(-2.500000000,2.500000000) 
rho=(0.007575757576,0.007575757576) contrib=(-0.03787878788,4.039494897E-70)
COSET -2 c=1 d=49 gcd=1 a0=(-2.500000000,2.500000000) 
rho=(0.007575757576,0.007575757576) contrib=(-0.03787878788,2.176448802E-70)
COSET -2 c=1 d=50 gcd=1 a0=(-2.500000000,2.500000000) 
rho=(0.007575757576,0.007575757576) contrib=(-0.03787878788,1.287631166E-71)
COSET -2 c=1 d=51 gcd=1 a0=(-2.500000000,2.500000000) 
rho=(0.007575757576,0.007575757576) contrib=(-0.03787878788,3.006199643E-70)
COSET -2 c=1 d=52 gcd=1 a0=(-2.500000000,2.500000000) 
rho=(0.007575757576,0.007575757576) contrib=(-0.03787878788,2.366458063E-70)
COSET -2 c=1 d=53 gcd=1 a0=(-2.500000000,2.500000000) 
rho=(0.007575757576,0.007575757576) contrib=(-0.03787878788,1.189330336E-70)
COSET -2 c=1 d=54 gcd=1 a0=(-2.500000000,2.500000000) 
rho=(0.007575757576,0.007575757576) contrib=(-0.03787878788,-1.408613356E-70)
COSET -2 c=1 d=55 gcd=1 a0=(-2.500000000,2.500000000) 
rho=(0.007575757576,0.007575757576) contrib=(-0.03787878788,-4.379162731E-71)
COSET -2 c=1 d=56 gcd=1 a0=(-2.500000000,2.500000000) 
rho=(0.007575757576,0.007575757576) contrib=(-0.03787878788,-4.957322400E-71)
COSET -2 c=1 d=57 gcd=1 a0=(-2.500000000,2.500000000) 
rho=(0.007575757576,0.007575757576) contrib=(-0.03787878788,7.953538936E-71)
COSET -2 c=1 d=58 gcd=1 a0=(-2.500000000,2.500000000) 
rho=(0.007575757576,0.007575757576) contrib=(-0.03787878788,6.175269251E-70)
COSET -2 c=1 d=59 gcd=1 a0=(-2.500000000,2.500000000) 
rho=(0.007575757576,0.007575757576) contrib=(-0.03787878788,1.699568484E-70)
COSET -2 c=1 d=60 gcd=1 a0=(-2.500000000,2.500000000) 
rho=(0.007575757576,0.007575757576) contrib=(-0.03787878788,2.842640255E-70)
COSET -2 c=1 d=61 gcd=1 a0=(-2.500000000,2.500000000) 
rho=(0.007575757576,0.007575757576) contrib=(-0.03787878788,1.774395118E-71)
COSET -2 c=1 d=62 gcd=1 a0=(-2.500000000,2.500000000) 
rho=(0.007575757576,0.007575757576) contrib=(-0.03787878788,-1.109000449E-70)
COSET -2 c=1 d=63 gcd=1 a0=(-2.500000000,2.500000000) 
rho=(0.007575757576,0.007575757576) contrib=(-0.03787878788,3.649766692E-70)
COSET -2 c=1 d=64 gcd=1 a0=(-2.500000000,2.500000000) 
rho=(0.007575757576,0.007575757576) contrib=(-0.03787878788,-2.744346159E-70)
COSET -2 c=1 d=65 gcd=1 a0=(-2.500000000,2.500000000) 
rho=(0.007575757576,0.007575757576) contrib=(-0.03787878788,1.914008440E-69)
COSET -2 c=1 d=66 gcd=1 a0=(-2.500000000,2.500000000) 
rho=(0.007575757576,0.007575757576) contrib=(-0.03787878788,-9.421223158E-69)
COSET -2 c=1 d=67 gcd=1 a0=(-2.500000000,2.500000000) 
rho=(0.007575757576,0.007575757576) contrib=(-0.03787878788,-2.672611182E-70)
COSET -2 c=1 d=68 gcd=1 a0=(-2.500000000,2.500000000) 
rho=(0.007575757576,0.007575757576) contrib=(-0.03787878788,2.228183555E-70)
COSET -2 c=1 d=69 gcd=1 a0=(-2.500000000,2.500000000) 
rho=(0.007575757576,0.007575757576) contrib=(-0.03787878788,-2.882764699E-70)
COSET -2 c=1 d=70 gcd=1 a0=(-2.500000000,2.500000000) 
rho=(0.007575757576,0.007575757576) contrib=(-0.03787878788,2.944874431E-70)
COSET -2 c=1 d=71 gcd=1 a0=(-2.500000000,2.500000000) 
rho=(0.007575757576,0.007575757576) contrib=(-0.03787878788,9.379782940E-70)
COSET -2 c=1 d=72 gcd=1 a0=(-2.500000000,2.500000000) 
rho=(0.007575757576,0.007575757576) contrib=(-0.03787878788,-1.793357822E-70)
COSET -2 c=1 d=73 gcd=1 a0=(-2.500000000,2.500000000) 
rho=(0.007575757576,0.007575757576) contrib=(-0.03787878788,-4.967762946E-70)
COSET -2 c=1 d=74 gcd=1 a0=(-2.500000000,2.500000000) 
rho=(0.007575757576,0.007575757576) contrib=(-0.03787878788,-1.404091851E-70)
COSET -2 c=1 d=75 gcd=1 a0=(-2.500000000,2.500000000) 
rho=(0.007575757576,0.007575757576) contrib=(-0.03787878788,-2.279415877E-70)
COSET -2 c=1 d=76 gcd=1 a0=(-2.500000000,2.500000000) 
rho=(0.007575757576,0.007575757576) contrib=(-0.03787878788,1.981960170E-70)
COSET -2 c=1 d=77 gcd=1 a0=(-2.500000000,2.500000000) 
rho=(0.007575757576,0.007575757576) contrib=(-0.03787878788,3.662696879E-71)
COSET -2 c=1 d=78 gcd=1 a0=(-2.500000000,2.500000000) 
rho=(0.007575757576,0.007575757576) contrib=(-0.03787878788,6.436457436E-70)
COSET -2 c=1 d=79 gcd=1 a0=(-2.500000000,2.500000000) 
rho=(0.007575757576,0.007575757576) contrib=(-0.03787878788,-4.363084942E-70)
COSET -2 c=1 d=80 gcd=1 a0=(-2.500000000,2.500000000) 
rho=(0.007575757576,0.007575757576) contrib=(-0.03787878788,1.233237986E-70)
COSET -2 c=1 d=81 gcd=1 a0=(-2.500000000,2.500000000) 
rho=(0.007575757576,0.007575757576) contrib=(-0.03787878788,-1.089556962E-70)
COSET -2 c=1 d=82 gcd=1 a0=(-2.500000000,2.500000000) 
rho=(0.007575757576,0.007575757576) contrib=(-0.03787878788,-4.652608329E-70)
COSET -2 c=1 d=83 gcd=1 a0=(-2.500000000,2.500000000) 
rho=(0.007575757576,0.007575757576) contrib=(-0.03787878788,1.425454107E-70)
COSET -2 c=1 d=84 gcd=1 a0=(-2.500000000,2.500000000) 
rho=(0.007575757576,0.007575757576) contrib=(-0.03787878788,7.451724164E-70)
COSET -2 c=1 d=85 gcd=1 a0=(-2.500000000,2.500000000) 
rho=(0.007575757576,0.007575757576) contrib=(-0.03787878788,-5.613606479E-70)
COSET -2 c=1 d=86 gcd=1 a0=(-2.500000000,2.500000000) 
rho=(0.007575757576,0.007575757576) contrib=(-0.03787878788,-1.262170782E-70)
COSET -2 c=1 d=87 gcd=1 a0=(-2.500000000,2.500000000) 
rho=(0.007575757576,0.007575757576) contrib=(-0.03787878788,4.652063025E-70)
COSET -2 c=1 d=88 gcd=1 a0=(-2.500000000,2.500000000) 
rho=(0.007575757576,0.007575757576) contrib=(-0.03787878788,-2.780002643E-70)
COSET -2 c=1 d=89 gcd=1 a0=(-2.500000000,2.500000000) 
rho=(0.007575757576,0.007575757576) contrib=(-0.03787878788,-4.624714195E-72)
COSET -2 c=1 d=90 gcd=1 a0=(-2.500000000,2.500000000) 
rho=(0.007575757576,0.007575757576) contrib=(-0.03787878788,5.084191981E-71)
COSET -2 c=1 d=91 gcd=1 a0=(-2.500000000,2.500000000) 
rho=(0.007575757576,0.007575757576) contrib=(-0.03787878788,8.058218414E-70)
COSET -2 c=1 d=92 gcd=1 a0=(-2.500000000,2.500000000) 
rho=(0.007575757576,0.007575757576) contrib=(-0.03787878788,2.724162339E-70)
COSET -2 c=1 d=93 gcd=1 a0=(-2.500000000,2.500000000) 
rho=(0.007575757576,0.007575757576) contrib=(-0.03787878788,-3.113280930E-70)
COSET -2 c=1 d=94 gcd=1 a0=(-2.500000000,2.500000000) 
rho=(0.007575757576,0.007575757576) contrib=(-0.03787878788,-1.889852436E-70)
COSET -2 c=1 d=95 gcd=1 a0=(-2.500000000,2.500000000) 
rho=(0.007575757576,0.007575757576) contrib=(-0.03787878788,-2.436467914E-70)
COSET -2 c=1 d=96 gcd=1 a0=(-2.500000000,2.500000000) 
rho=(0.007575757576,0.007575757576) contrib=(-0.03787878788,1.789605421E-70)
COSET -2 c=1 d=97 gcd=1 a0=(-2.500000000,2.500000000) 
rho=(0.007575757576,0.007575757576) contrib=(-0.03787878788,-7.874458507E-70)
COSET -2 c=1 d=98 gcd=1 a0=(-2.500000000,2.500000000) 
rho=(0.007575757576,0.007575757576) contrib=(-0.03787878788,-2.719539613E-70)
COSET -2 c=1 d=99 gcd=1 a0=(-2.500000000,2.500000000) 
rho=(0.007575757576,0.007575757576) contrib=(-0.03787878788,8.890501145E-71)
COSET -2 c=1 d=100 gcd=1 a0=(-2.500000000,2.500000000) 
rho=(0.007575757576,0.007575757576) contrib=(-0.03787878788,8.926926677E-71)
COSET -2 c=1 d=101 gcd=1 a0=(-2.500000000,2.500000000) 
rho=(0.007575757576,0.007575757576) contrib=(-0.03787878788,1.221293324E-69)
COSET -2 c=1 d=102 gcd=1 a0=(-2.500000000,2.500000000) 
rho=(0.007575757576,0.007575757576) contrib=(-0.03787878788,-5.056955044E-70)
COSET -2 c=1 d=103 gcd=1 a0=(-2.500000000,2.500000000) 
rho=(0.007575757576,0.007575757576) contrib=(-0.03787878788,-1.533169125E-70)
COSET -2 c=1 d=104 gcd=1 a0=(-2.500000000,2.500000000) 
rho=(0.007575757576,0.007575757576) contrib=(-0.03787878788,1.306298831E-70)
COSET -2 c=1 d=105 gcd=1 a0=(-2.500000000,2.500000000) 
rho=(0.007575757576,0.007575757576) contrib=(-0.03787878788,2.695226877E-70)
COSET -2 c=1 d=106 gcd=1 a0=(-2.500000000,2.500000000) 
rho=(0.007575757576,0.007575757576) contrib=(-0.03787878788,1.992687548E-70)
COSET -2 c=1 d=107 gcd=1 a0=(-2.500000000,2.500000000) 
rho=(0.007575757576,0.007575757576) contrib=(-0.03787878788,-3.639417863E-70)
COSET -2 c=1 d=108 gcd=1 a0=(-2.500000000,2.500000000) 
rho=(0.007575757576,0.007575757576) contrib=(-0.03787878788,-7.527979363E-70)
COSET -2 c=1 d=109 gcd=1 a0=(-2.500000000,2.500000000) 
rho=(0.007575757576,0.007575757576) contrib=(-0.03787878788,9.752826522E-70)
COSET -2 c=1 d=110 gcd=1 a0=(-2.500000000,2.500000000) 
rho=(0.007575757576,0.007575757576) contrib=(-0.03787878788,4.498808286E-70)
COSET -2 c=1 d=111 gcd=1 a0=(-2.500000000,2.500000000) 
rho=(0.007575757576,0.007575757576) contrib=(-0.03787878788,6.201012345E-70)
COSET -2 c=1 d=112 gcd=1 a0=(-2.500000000,2.500000000) 
rho=(0.007575757576,0.007575757576) contrib=(-0.03787878788,-5.345641664E-70)
COSET -2 c=1 d=113 gcd=1 a0=(-2.500000000,2.500000000) 
rho=(0.007575757576,0.007575757576) contrib=(-0.03787878788,2.407796449E-70)
COSET -2 c=1 d=114 gcd=1 a0=(-2.500000000,2.500000000) 
rho=(0.007575757576,0.007575757576) contrib=(-0.03787878788,-1.140696323E-71)
COSET -2 c=1 d=115 gcd=1 a0=(-2.500000000,2.500000000) 
rho=(0.007575757576,0.007575757576) contrib=(-0.03787878788,1.267024272E-69)
COSET -2 c=1 d=116 gcd=1 a0=(-2.500000000,2.500000000) 
rho=(0.007575757576,0.007575757576) contrib=(-0.03787878788,1.745012374E-70)
COSET -2 c=1 d=117 gcd=1 a0=(-2.500000000,2.500000000) 
rho=(0.007575757576,0.007575757576) contrib=(-0.03787878788,5.506272392E-71)
COSET -2 c=1 d=118 gcd=1 a0=(-2.500000000,2.500000000) 
rho=(0.007575757576,0.007575757576) contrib=(-0.03787878788,6.465452509E-70)
COSET -2 c=1 d=119 gcd=1 a0=(-2.500000000,2.500000000) 
rho=(0.007575757576,0.007575757576) contrib=(-0.03787878788,2.197084471E-69)
COSET -2 c=1 d=120 gcd=1 a0=(-2.500000000,2.500000000) 
rho=(0.007575757576,0.007575757576) contrib=(-0.03787878788,6.205313514E-70)
COSET -2 c=1 d=121 gcd=1 a0=(-2.500000000,2.500000000) 
rho=(0.007575757576,0.007575757576) contrib=(-0.03787878788,4.368407067E-70)
COSET -2 c=1 d=122 gcd=1 a0=(-2.500000000,2.500000000) 
rho=(0.007575757576,0.007575757576) contrib=(-0.03787878788,-1.876910197E-70)
COSET -2 c=1 d=123 gcd=1 a0=(-2.500000000,2.500000000) 
rho=(0.007575757576,0.007575757576) contrib=(-0.03787878788,2.696432117E-70)
COSET -2 c=1 d=124 gcd=1 a0=(-2.500000000,2.500000000) 
rho=(0.007575757576,0.007575757576) contrib=(-0.03787878788,-1.086456174E-69)
COSET -2 c=1 d=125 gcd=1 a0=(-2.500000000,2.500000000) 
rho=(0.007575757576,0.007575757576) contrib=(-0.03787878788,2.278636026E-70)
COSET -2 c=1 d=126 gcd=1 a0=(-2.500000000,2.500000000) 
rho=(0.007575757576,0.007575757576) contrib=(-0.03787878788,9.224883418E-70)
COSET -2 c=1 d=127 gcd=1 a0=(-2.500000000,2.500000000) 
rho=(0.007575757576,0.007575757576) contrib=(-0.03787878788,7.769711343E-70)
COSET -2 c=1 d=128 gcd=1 a0=(-2.500000000,2.500000000) 
rho=(0.007575757576,0.007575757576) contrib=(-0.03787878788,4.929693898E-71)
COSET -2 c=1 d=129 gcd=1 a0=(-2.500000000,2.500000000) 
rho=(0.007575757576,0.007575757576) contrib=(-0.03787878788,-2.972487372E-70)
COSET -2 c=1 d=130 gcd=1 a0=(-2.500000000,2.500000000) 
rho=(0.007575757576,0.007575757576) contrib=(-0.03787878788,-7.746045781E-70)
COSET -2 c=1 d=131 gcd=1 a0=(-2.500000000,2.500000000) 
rho=(0.007575757576,0.007575757576) contrib=(-0.03787878788,8.994264487E-66)
COSET -2 c=3 d=1 gcd=3 a0=(475846.5000,475846.5000) 
rho=(0.02272727273,-0.02272727273) contrib=(21629.38636,-4.508632944E-73)
COSET -2 c=3 d=2 gcd=3 a0=(475846.5000,475846.5000) 
rho=(0.02272727273,-0.02272727273) contrib=(21629.38636,-2.531699332E-73)
COSET -2 c=3 d=4 gcd=3 a0=(475846.5000,475846.5000) 
rho=(0.02272727273,-0.02272727273) contrib=(21629.38636,-2.919829164E-73)
COSET -2 c=3 d=5 gcd=3 a0=(475846.5000,475846.5000) 
rho=(0.02272727273,-0.02272727273) contrib=(21629.38636,-7.167468995E-73)
COSET -2 c=3 d=7 gcd=3 a0=(475846.5000,475846.5000) 
rho=(0.02272727273,-0.02272727273) contrib=(21629.38636,-2.052569416E-73)
COSET -2 c=3 d=8 gcd=3 a0=(475846.5000,475846.5000) 
rho=(0.02272727273,-0.02272727273) contrib=(21629.38636,-4.085330353E-73)
COSET -2 c=3 d=10 gcd=3 a0=(475846.5000,475846.5000) 
rho=(0.02272727273,-0.02272727273) contrib=(21629.38636,-2.306818218E-73)
COSET -2 c=3 d=11 gcd=3 a0=(475846.5000,475846.5000) 
rho=(0.02272727273,-0.02272727273) contrib=(21629.38636,-2.188011228E-73)
COSET -2 c=3 d=13 gcd=3 a0=(475846.5000,475846.5000) 
rho=(0.02272727273,-0.02272727273) contrib=(21629.38636,-1.029404937E-72)
COSET -2 c=3 d=14 gcd=3 a0=(475846.5000,475846.5000) 
rho=(0.02272727273,-0.02272727273) contrib=(21629.38636,-4.771701625E-73)
COSET -2 c=3 d=16 gcd=3 a0=(475846.5000,475846.5000) 
rho=(0.02272727273,-0.02272727273) contrib=(21629.38636,-1.689547380E-72)
COSET -2 c=3 d=17 gcd=3 a0=(475846.5000,475846.5000) 
rho=(0.02272727273,-0.02272727273) contrib=(21629.38636,7.795647136E-74)
COSET -2 c=3 d=19 gcd=3 a0=(475846.5000,475846.5000) 
rho=(0.02272727273,-0.02272727273) contrib=(21629.38636,9.600668177E-73)
COSET -2 c=3 d=20 gcd=3 a0=(475846.5000,475846.5000) 
rho=(0.02272727273,-0.02272727273) contrib=(21629.38636,1.375630299E-72)
COSET -2 c=3 d=22 gcd=3 a0=(475846.5000,475846.5000) 
rho=(0.02272727273,-0.02272727273) contrib=(21629.38636,-1.005989928E-72)
COSET -2 c=3 d=23 gcd=3 a0=(475846.5000,475846.5000) 
rho=(0.02272727273,-0.02272727273) contrib=(21629.38636,4.005447258E-72)
COSET -2 c=3 d=25 gcd=3 a0=(475846.5000,475846.5000) 
rho=(0.02272727273,-0.02272727273) contrib=(21629.38636,1.089000104E-72)
COSET -2 c=3 d=26 gcd=3 a0=(475846.5000,475846.5000) 
rho=(0.02272727273,-0.02272727273) contrib=(21629.38636,-3.863502925E-72)
COSET -2 c=3 d=28 gcd=3 a0=(475846.5000,475846.5000) 
rho=(0.02272727273,-0.02272727273) contrib=(21629.38636,-1.645129210E-72)
COSET -2 c=3 d=29 gcd=3 a0=(475846.5000,475846.5000) 
rho=(0.02272727273,-0.02272727273) contrib=(21629.38636,-5.423063069E-72)
COSET -2 c=3 d=31 gcd=3 a0=(475846.5000,475846.5000) 
rho=(0.02272727273,-0.02272727273) contrib=(21629.38636,1.430376855E-72)
COSET -2 c=3 d=32 gcd=3 a0=(475846.5000,475846.5000) 
rho=(0.02272727273,-0.02272727273) contrib=(21629.38636,-1.863378850E-72)
COSET -2 c=3 d=34 gcd=3 a0=(475846.5000,475846.5000) 
rho=(0.02272727273,-0.02272727273) contrib=(21629.38636,-5.036888627E-72)
COSET -2 c=3 d=35 gcd=3 a0=(475846.5000,475846.5000) 
rho=(0.02272727273,-0.02272727273) contrib=(21629.38636,-4.322155705E-72)
COSET -2 c=3 d=37 gcd=3 a0=(475846.5000,475846.5000) 
rho=(0.02272727273,-0.02272727273) contrib=(21629.38636,9.614977429E-72)
COSET -2 c=3 d=38 gcd=3 a0=(475846.5000,475846.5000) 
rho=(0.02272727273,-0.02272727273) contrib=(21629.38636,1.137460472E-72)
COSET -2 c=3 d=40 gcd=3 a0=(475846.5000,475846.5000) 
rho=(0.02272727273,-0.02272727273) contrib=(21629.38636,1.417336702E-71)
COSET -2 c=3 d=41 gcd=3 a0=(475846.5000,475846.5000) 
rho=(0.02272727273,-0.02272727273) contrib=(21629.38636,5.143537252E-72)
COSET -2 c=3 d=43 gcd=3 a0=(475846.5000,475846.5000) 
rho=(0.02272727273,-0.02272727273) contrib=(21629.38636,4.721441687E-72)
COSET -2 c=3 d=44 gcd=3 a0=(475846.5000,475846.5000) 
rho=(0.02272727273,-0.02272727273) contrib=(21629.38636,-1.021248744E-71)
COSET -2 c=3 d=47 gcd=3 a0=(475846.5000,475846.5000) 
rho=(0.02272727273,-0.02272727273) contrib=(21629.38636,1.527761313E-71)
COSET -2 c=3 d=50 gcd=3 a0=(475846.5000,475846.5000) 
rho=(0.02272727273,-0.02272727273) contrib=(21629.38636,-1.537876281E-71)
COSET -2 c=3 d=53 gcd=3 a0=(475846.5000,475846.5000) 
rho=(0.02272727273,-0.02272727273) contrib=(21629.38636,8.019865006E-72)
COSET -2 c=3 d=56 gcd=3 a0=(475846.5000,475846.5000) 
rho=(0.02272727273,-0.02272727273) contrib=(21629.38636,1.333466991E-71)
COSET -2 c=3 d=59 gcd=3 a0=(475846.5000,475846.5000) 
rho=(0.02272727273,-0.02272727273) contrib=(21629.38636,-2.691271450E-71)
COSET -2 c=3 d=62 gcd=3 a0=(475846.5000,475846.5000) 
rho=(0.02272727273,-0.02272727273) contrib=(21629.38636,1.629360340E-71)
COSET -2 c=3 d=65 gcd=3 a0=(475846.5000,475846.5000) 
rho=(0.02272727273,-0.02272727273) contrib=(21629.38636,1.923294064E-71)
COSET -2 c=3 d=68 gcd=3 a0=(475846.5000,475846.5000) 
rho=(0.02272727273,-0.02272727273) contrib=(21629.38636,1.580198872E-71)
COSET -2 c=3 d=71 gcd=3 a0=(475846.5000,475846.5000) 
rho=(0.02272727273,-0.02272727273) contrib=(21629.38636,-8.653630755E-72)
COSET -2 c=3 d=74 gcd=3 a0=(475846.5000,475846.5000) 
rho=(0.02272727273,-0.02272727273) contrib=(21629.38636,-1.433312692E-71)
COSET -2 c=3 d=77 gcd=3 a0=(475846.5000,475846.5000) 
rho=(0.02272727273,-0.02272727273) contrib=(21629.38636,1.475223260E-71)
COSET -2 c=3 d=80 gcd=3 a0=(475846.5000,475846.5000) 
rho=(0.02272727273,-0.02272727273) contrib=(21629.38636,-8.982244819E-72)
COSET -2 c=3 d=83 gcd=3 a0=(475846.5000,475846.5000) 
rho=(0.02272727273,-0.02272727273) contrib=(21629.38636,-3.487582718E-71)
COSET -2 c=3 d=86 gcd=3 a0=(475846.5000,475846.5000) 
rho=(0.02272727273,-0.02272727273) contrib=(21629.38636,-2.935621633E-71)
COSET -2 c=4 d=1 gcd=4 a0=(-2965627.500,-3.894422298E-72) 
rho=(1.964682344E-81,-4.791908156E-83) contrib=(-5.826515988E-75,1.421101460E-7\
6)
COSET -2 c=4 d=3 gcd=4 a0=(-5.075148137E-72,-2965627.500) 
rho=(9.264355768E-82,5.430829243E-82) contrib=(1.610581655E-75,-2.747462824E-75\
)
COSET -2 c=4 d=5 gcd=4 a0=(-2965627.500,2.628725340E-72) 
rho=(1.964682344E-81,-4.791908156E-83) contrib=(-5.826515988E-75,1.421101460E-7\
6)
COSET -2 c=4 d=7 gcd=4 a0=(3.783893726E-71,-2965627.500) 
rho=(9.264355768E-82,5.430829243E-82) contrib=(1.610581655E-75,-2.747462824E-75\
)
COSET -2 c=4 d=9 gcd=4 a0=(-2965627.500,-3.364990906E-72) 
rho=(1.964682344E-81,-4.791908156E-83) contrib=(-5.826515988E-75,1.421101460E-7\
6)
COSET -2 c=4 d=11 gcd=4 a0=(-3.255053059E-71,-2965627.500) 
rho=(9.264355768E-82,5.430829243E-82) contrib=(1.610581655E-75,-2.747462824E-75\
)
COSET -2 c=4 d=13 gcd=4 a0=(-2965627.500,7.132667797E-72) 
rho=(1.964682344E-81,-4.791908156E-83) contrib=(-5.826515988E-75,1.421101460E-7\
6)
COSET -2 c=4 d=15 gcd=4 a0=(-1.161573718E-70,-2965627.500) 
rho=(9.264355768E-82,5.430829243E-82) contrib=(1.610581655E-75,-2.747462824E-75\
)
COSET -2 c=4 d=17 gcd=4 a0=(-2965627.500,1.628031390E-71) 
rho=(1.964682344E-81,-4.791908156E-83) contrib=(-5.826515988E-75,1.421101460E-7\
6)
COSET -2 c=4 d=19 gcd=4 a0=(5.945869733E-72,-2965627.500) 
rho=(9.264355768E-82,5.430829243E-82) contrib=(1.610581655E-75,-2.747462824E-75\
)
COSET -2 c=4 d=21 gcd=4 a0=(-2965627.500,-1.351700008E-71) 
rho=(1.964682344E-81,-4.791908156E-83) contrib=(-5.826515988E-75,1.421101460E-7\
6)
COSET -2 c=4 d=23 gcd=4 a0=(6.824322855E-71,-2965627.500) 
rho=(9.264355768E-82,5.430829243E-82) contrib=(1.610581655E-75,-2.747462824E-75\
)
COSET -2 c=4 d=25 gcd=4 a0=(-2965627.500,1.167267109E-70) 
rho=(1.964682344E-81,-4.791908156E-83) contrib=(-5.826515988E-75,1.421101460E-7\
6)
COSET -2 c=4 d=27 gcd=4 a0=(2.622538670E-71,-2965627.500) 
rho=(9.264355768E-82,5.430829243E-82) contrib=(1.610581655E-75,-2.747462824E-75\
)
COSET -2 c=4 d=29 gcd=4 a0=(-2965627.500,8.898605679E-72) 
rho=(1.964682344E-81,-4.791908156E-83) contrib=(-5.826515988E-75,1.421101460E-7\
6)
COSET -2 c=4 d=31 gcd=4 a0=(7.453681186E-71,-2965627.500) 
rho=(9.264355768E-82,5.430829243E-82) contrib=(1.610581655E-75,-2.747462824E-75\
)
COSET -2 c=4 d=33 gcd=4 a0=(-2965627.500,-5.322723359E-71) 
rho=(1.964682344E-81,-4.791908156E-83) contrib=(-5.826515988E-75,1.421101460E-7\
6)
COSET -2 c=4 d=35 gcd=4 a0=(1.699368506E-70,-2965627.500) 
rho=(9.264355768E-82,5.430829243E-82) contrib=(1.610581655E-75,-2.747462824E-75\
)
COSET -2 c=4 d=37 gcd=4 a0=(-2965627.500,3.669744036E-71) 
rho=(1.964682344E-81,-4.791908156E-83) contrib=(-5.826515988E-75,1.421101460E-7\
6)
COSET -2 c=4 d=39 gcd=4 a0=(-1.811440515E-71,-2965627.500) 
rho=(9.264355768E-82,5.430829243E-82) contrib=(1.610581655E-75,-2.747462824E-75\
)
COSET -2 c=4 d=41 gcd=4 a0=(-2965627.500,-2.365938093E-70) 
rho=(1.964682344E-81,-4.791908156E-83) contrib=(-5.826515988E-75,1.421101460E-7\
6)
COSET -2 c=4 d=43 gcd=4 a0=(-3.852309593E-72,-2965627.500) 
rho=(9.264355768E-82,5.430829243E-82) contrib=(1.610581655E-75,-2.747462824E-75\
)
COSET -2 c=4 d=45 gcd=4 a0=(-2965627.500,-2.682147553E-71) 
rho=(1.964682344E-81,-4.791908156E-83) contrib=(-5.826515988E-75,1.421101460E-7\
6)
COSET -2 c=4 d=47 gcd=4 a0=(1.811497912E-70,-2965627.500) 
rho=(9.264355768E-82,5.430829243E-82) contrib=(1.610581655E-75,-2.747462824E-75\
)
COSET -2 c=4 d=49 gcd=4 a0=(-2965627.500,-4.339555716E-71) 
rho=(1.964682344E-81,-4.791908156E-83) contrib=(-5.826515988E-75,1.421101460E-7\
6)
COSET -2 c=4 d=51 gcd=4 a0=(-7.091208508E-71,-2965627.500) 
rho=(9.264355768E-82,5.430829243E-82) contrib=(1.610581655E-75,-2.747462824E-75\
)
COSET -2 c=4 d=53 gcd=4 a0=(-2965627.500,-4.777627342E-70) 
rho=(1.964682344E-81,-4.791908156E-83) contrib=(-5.826515988E-75,1.421101460E-7\
6)
COSET -2 c=4 d=55 gcd=4 a0=(-7.987857791E-70,-2965627.500) 
rho=(9.264355768E-82,5.430829243E-82) contrib=(1.610581655E-75,-2.747462824E-75\
)
COSET -2 c=4 d=57 gcd=4 a0=(-2965627.500,2.897045753E-70) 
rho=(1.964682344E-81,-4.791908156E-83) contrib=(-5.826515988E-75,1.421101460E-7\
6)
COSET -2 c=4 d=59 gcd=4 a0=(-1.955173962E-71,-2965627.500) 
rho=(9.264355768E-82,5.430829243E-82) contrib=(1.610581655E-75,-2.747462824E-75\
)
COSET -2 c=4 d=61 gcd=4 a0=(-2965627.500,1.208032585E-70) 
rho=(1.964682344E-81,-4.791908156E-83) contrib=(-5.826515988E-75,1.421101460E-7\
6)
COSET -2 c=4 d=63 gcd=4 a0=(1.407196037E-70,-2965627.500) 
rho=(9.264355768E-82,5.430829243E-82) contrib=(1.610581655E-75,-2.747462824E-75\
)
COSET -2 c=4 d=65 gcd=4 a0=(-2965627.500,8.015068718E-70) 
rho=(1.964682344E-81,-4.791908156E-83) contrib=(-5.826515988E-75,1.421101460E-7\
6)
COSET -2 c=11 d=1 gcd=11 a0=(-1.000000000,-1.000000000) 
rho=(0.08333333334,-0.08333333334) contrib=(-0.1666666667,9.654282133E-73)
COSET -2 c=11 d=2 gcd=11 a0=(1.000000000,1.000000000) 
rho=(-0.08333333334,0.08333333334) contrib=(-0.1666666667,1.112451752E-72)
COSET -2 c=11 d=3 gcd=11 a0=(-1.000000000,-1.000000000) 
rho=(0.08333333334,-0.08333333334) contrib=(-0.1666666667,-5.299999560E-73)
COSET -2 c=11 d=4 gcd=11 a0=(-1.000000000,-1.000000000) 
rho=(0.08333333334,-0.08333333334) contrib=(-0.1666666667,3.616357564E-73)
COSET -2 c=11 d=5 gcd=11 a0=(1.000000000,1.000000000) 
rho=(-0.08333333334,0.08333333334) contrib=(-0.1666666667,1.317295810E-72)
COSET -2 c=11 d=6 gcd=11 a0=(1.000000000,1.000000000) 
rho=(-0.08333333334,0.08333333334) contrib=(-0.1666666667,-5.906657668E-73)
COSET -2 c=11 d=7 gcd=11 a0=(-1.000000000,-1.000000000) 
rho=(0.08333333334,-0.08333333334) contrib=(-0.1666666667,1.912692556E-73)
COSET -2 c=11 d=8 gcd=11 a0=(-1.000000000,-1.000000000) 
rho=(0.08333333334,-0.08333333334) contrib=(-0.1666666667,1.426734575E-73)
COSET -2 c=11 d=9 gcd=11 a0=(-1.000000000,-1.000000000) 
rho=(0.08333333334,-0.08333333334) contrib=(-0.1666666667,1.710223207E-72)
COSET -2 c=11 d=10 gcd=11 a0=(-1.000000000,-1.000000000) 
rho=(0.08333333334,-0.08333333334) contrib=(-0.1666666667,5.170487573E-74)
COSET -2 c=11 d=12 gcd=11 a0=(-1.000000000,-1.000000000) 
rho=(0.08333333334,-0.08333333334) contrib=(-0.1666666667,-2.662517491E-72)
COSET -2 c=11 d=23 gcd=11 a0=(-1.000000000,-1.000000000) 
rho=(0.08333333334,-0.08333333334) contrib=(-0.1666666667,-9.695146511E-73)
COSET -2 c=12 d=1 gcd=12 a0=(475877.0000,2.769275019E-72) 
rho=(-1.108528087E-80,4.152987069E-82) contrib=(-5.275230204E-75,1.976311027E-7\
6)
COSET -2 c=12 d=5 gcd=12 a0=(-475877.0000,6.530248730E-72) 
rho=(-1.277842175E-82,-1.725086936E-81) contrib=(6.080957007E-77,8.209291959E-7\
6)
COSET -2 c=12 d=7 gcd=12 a0=(-4.347099236E-72,475877.0000) 
rho=(-1.900790235E-81,-9.104625497E-82) contrib=(4.332681867E-76,-9.045423547E-\
76)
COSET -2 c=12 d=11 gcd=12 a0=(-1.202266992E-72,475877.0000) 
rho=(-4.568285776E-81,1.619664957E-80) contrib=(-7.707613006E-75,-2.173942130E-\
75)
COSET -2 c=12 d=13 gcd=12 a0=(475877.0000,-8.360921625E-72) 
rho=(-1.108528087E-80,4.152987069E-82) contrib=(-5.275230204E-75,1.976311027E-7\
6)
COSET -2 c=12 d=17 gcd=12 a0=(-475877.0000,-2.943945488E-73) 
rho=(-1.277842175E-82,-1.725086936E-81) contrib=(6.080957007E-77,8.209291959E-7\
6)
COSET -2 c=12 d=19 gcd=12 a0=(5.414883475E-72,475877.0000) 
rho=(-1.900790235E-81,-9.104625497E-82) contrib=(4.332681867E-76,-9.045423547E-\
76)
COSET -2 c=12 d=25 gcd=12 a0=(475877.0000,-3.859956016E-72) 
rho=(-1.108528087E-80,4.152987069E-82) contrib=(-5.275230204E-75,1.976311027E-7\
6)
COSET -2 c=12 d=31 gcd=12 a0=(-6.061090715E-72,475877.0000) 
rho=(-1.900790235E-81,-9.104625497E-82) contrib=(4.332681867E-76,-9.045423547E-\
76)
COSET -2 c=12 d=37 gcd=12 a0=(475877.0000,1.890452523E-71) 
rho=(-1.108528087E-80,4.152987069E-82) contrib=(-5.275230204E-75,1.976311027E-7\
6)
COSET -2 c=12 d=43 gcd=12 a0=(4.668455150E-72,475877.0000) 
rho=(-1.900790235E-81,-9.104625497E-82) contrib=(4.332681867E-76,-9.045423547E-\
76)
COSET -2 c=33 d=1 gcd=33 a0=(475840.0000,-475840.0000) 
rho=(-0.2500000000,-0.2500000000) contrib=(-237920.0000,1.463023358E-72)
COSET -2 c=33 d=2 gcd=33 a0=(475840.0000,-475840.0000) 
rho=(-0.2500000000,-0.2500000000) contrib=(-237920.0000,-2.505395949E-72)
COSET -2 c=33 d=4 gcd=33 a0=(475840.0000,-475840.0000) 
rho=(-0.2500000000,-0.2500000000) contrib=(-237920.0000,-5.018157739E-72)
COSET -2 c=33 d=7 gcd=33 a0=(-475840.0000,475840.0000) 
rho=(0.2500000000,0.2500000000) contrib=(-237920.0000,2.407421315E-72)
COSET -2 c=44 d=1 gcd=44 a0=(-2965625.500,3.848246368E-70) 
rho=(-5.520278196E-80,1.993433793E-80) contrib=(1.637107778E-73,-5.911778089E-7\
4)
COSET -2 c=44 d=3 gcd=44 a0=(8.974629708E-70,-2965625.500) 
rho=(-8.916947779E-81,4.276366487E-81) contrib=(1.268210150E-74,2.644432772E-74\
)
COSET -2 c=44 d=5 gcd=44 a0=(-2965625.500,4.589536862E-70) 
rho=(1.517437583E-80,-7.060078016E-81) contrib=(-4.500151590E-74,2.093754740E-7\
4)
FORM -1:
  c_eta(0)[1] (trivial) = -5.09639328005E-64 + 2.55413186726E-64 i   (half: 
-2.54819664002E-64)
  c_eta(0)[2] = 2.00000000000 + 2.55412622601E-64 i   (half: 1.00000000000)
  c_eta(0)[3] = 2.00000000000 + 2.55412622611E-64 i   (half: 1.00000000000)
COSET -1 c=0 d=1 gcd=132 a0=(-285531.0000,5.543535641E-70) 
rho=(0.0000000000,0.0000000000) contrib=(-0.0000000000,0.0000000000)
COSET -1 c=1 d=0 gcd=1 a0=(-0.5000000000,0.5000000000) 
rho=(0.007575757576,0.007575757576) contrib=(-0.007575757576,2.500125771E-64)
COSET -1 c=1 d=1 gcd=1 a0=(-0.5000000000,0.5000000000) 
rho=(0.007575757576,0.007575757576) contrib=(-0.007575757576,3.569691394E-69)
COSET -1 c=1 d=2 gcd=1 a0=(-0.5000000000,0.5000000000) 
rho=(0.007575757576,0.007575757576) contrib=(-0.007575757576,4.297059380E-71)
COSET -1 c=1 d=3 gcd=1 a0=(-0.5000000000,0.5000000000) 
rho=(0.007575757576,0.007575757576) contrib=(-0.007575757576,-9.758839484E-71)
COSET -1 c=1 d=4 gcd=1 a0=(-0.5000000000,0.5000000000) 
rho=(0.007575757576,0.007575757576) contrib=(-0.007575757576,9.137614896E-72)
COSET -1 c=1 d=5 gcd=1 a0=(-0.5000000000,0.5000000000) 
rho=(0.007575757576,0.007575757576) contrib=(-0.007575757576,-1.559282111E-70)
COSET -1 c=1 d=6 gcd=1 a0=(-0.5000000000,0.5000000000) 
rho=(0.007575757576,0.007575757576) contrib=(-0.007575757576,-7.788039441E-71)
COSET -1 c=1 d=7 gcd=1 a0=(-0.5000000000,0.5000000000) 
rho=(0.007575757576,0.007575757576) contrib=(-0.007575757576,-7.958791459E-71)
COSET -1 c=1 d=8 gcd=1 a0=(-0.5000000000,0.5000000000) 
rho=(0.007575757576,0.007575757576) contrib=(-0.007575757576,-1.417500384E-70)
COSET -1 c=1 d=9 gcd=1 a0=(-0.5000000000,0.5000000000) 
rho=(0.007575757576,0.007575757576) contrib=(-0.007575757576,-9.000628686E-71)
COSET -1 c=1 d=10 gcd=1 a0=(-0.5000000000,0.5000000000) 
rho=(0.007575757576,0.007575757576) contrib=(-0.007575757576,1.202466193E-70)
COSET -1 c=1 d=11 gcd=1 a0=(-0.5000000000,0.5000000000) 
rho=(0.007575757576,0.007575757576) contrib=(-0.007575757576,-1.191916375E-70)
COSET -1 c=1 d=12 gcd=1 a0=(-0.5000000000,0.5000000000) 
rho=(0.007575757576,0.007575757576) contrib=(-0.007575757576,-5.519898935E-71)
COSET -1 c=1 d=13 gcd=1 a0=(-0.5000000000,0.5000000000) 
rho=(0.007575757576,0.007575757576) contrib=(-0.007575757576,-1.385924625E-70)
COSET -1 c=1 d=14 gcd=1 a0=(-0.5000000000,0.5000000000) 
rho=(0.007575757576,0.007575757576) contrib=(-0.007575757576,-1.507102486E-71)
COSET -1 c=1 d=15 gcd=1 a0=(-0.5000000000,0.5000000000) 
rho=(0.007575757576,0.007575757576) contrib=(-0.007575757576,-4.442955947E-71)
COSET -1 c=1 d=16 gcd=1 a0=(-0.5000000000,0.5000000000) 
rho=(0.007575757576,0.007575757576) contrib=(-0.007575757576,1.273976097E-70)
COSET -1 c=1 d=17 gcd=1 a0=(-0.5000000000,0.5000000000) 
rho=(0.007575757576,0.007575757576) contrib=(-0.007575757576,2.441833638E-71)
COSET -1 c=1 d=18 gcd=1 a0=(-0.5000000000,0.5000000000) 
rho=(0.007575757576,0.007575757576) contrib=(-0.007575757576,-4.856118588E-72)
COSET -1 c=1 d=19 gcd=1 a0=(-0.5000000000,0.5000000000) 
rho=(0.007575757576,0.007575757576) contrib=(-0.007575757576,2.996075929E-71)
COSET -1 c=1 d=20 gcd=1 a0=(-0.5000000000,0.5000000000) 
rho=(0.007575757576,0.007575757576) contrib=(-0.007575757576,-6.709180372E-71)
COSET -1 c=1 d=21 gcd=1 a0=(-0.5000000000,0.5000000000) 
rho=(0.007575757576,0.007575757576) contrib=(-0.007575757576,-1.947720684E-70)
COSET -1 c=1 d=22 gcd=1 a0=(-0.5000000000,0.5000000000) 
rho=(0.007575757576,0.007575757576) contrib=(-0.007575757576,7.929748837E-72)
COSET -1 c=1 d=23 gcd=1 a0=(-0.5000000000,0.5000000000) 
rho=(0.007575757576,0.007575757576) contrib=(-0.007575757576,7.127193537E-71)
COSET -1 c=1 d=24 gcd=1 a0=(-0.5000000000,0.5000000000) 
rho=(0.007575757576,0.007575757576) contrib=(-0.007575757576,1.041546466E-70)
COSET -1 c=1 d=25 gcd=1 a0=(-0.5000000000,0.5000000000) 
rho=(0.007575757576,0.007575757576) contrib=(-0.007575757576,-1.098557823E-70)
COSET -1 c=1 d=26 gcd=1 a0=(-0.5000000000,0.5000000000) 
rho=(0.007575757576,0.007575757576) contrib=(-0.007575757576,1.078232657E-70)
COSET -1 c=1 d=27 gcd=1 a0=(-0.5000000000,0.5000000000) 
rho=(0.007575757576,0.007575757576) contrib=(-0.007575757576,-1.449325366E-70)
COSET -1 c=1 d=28 gcd=1 a0=(-0.5000000000,0.5000000000) 
rho=(0.007575757576,0.007575757576) contrib=(-0.007575757576,9.475065660E-71)
COSET -1 c=1 d=29 gcd=1 a0=(-0.5000000000,0.5000000000) 
rho=(0.007575757576,0.007575757576) contrib=(-0.007575757576,1.424289046E-71)
COSET -1 c=1 d=30 gcd=1 a0=(-0.5000000000,0.5000000000) 
rho=(0.007575757576,0.007575757576) contrib=(-0.007575757576,-2.239223800E-70)
COSET -1 c=1 d=31 gcd=1 a0=(-0.5000000000,0.5000000000) 
rho=(0.007575757576,0.007575757576) contrib=(-0.007575757576,-1.211698875E-70)
COSET -1 c=1 d=32 gcd=1 a0=(-0.5000000000,0.5000000000) 
rho=(0.007575757576,0.007575757576) contrib=(-0.007575757576,1.081351317E-71)
COSET -1 c=1 d=33 gcd=1 a0=(-0.5000000000,0.5000000000) 
rho=(0.007575757576,0.007575757576) contrib=(-0.007575757576,-4.126702603E-71)
COSET -1 c=1 d=34 gcd=1 a0=(-0.5000000000,0.5000000000) 
rho=(0.007575757576,0.007575757576) contrib=(-0.007575757576,3.341794000E-71)
COSET -1 c=1 d=35 gcd=1 a0=(-0.5000000000,0.5000000000) 
rho=(0.007575757576,0.007575757576) contrib=(-0.007575757576,1.604116321E-70)
COSET -1 c=1 d=36 gcd=1 a0=(-0.5000000000,0.5000000000) 
rho=(0.007575757576,0.007575757576) contrib=(-0.007575757576,-3.294990803E-71)
COSET -1 c=1 d=37 gcd=1 a0=(-0.5000000000,0.5000000000) 
rho=(0.007575757576,0.007575757576) contrib=(-0.007575757576,1.991545942E-70)
COSET -1 c=1 d=38 gcd=1 a0=(-0.5000000000,0.5000000000) 
rho=(0.007575757576,0.007575757576) contrib=(-0.007575757576,-9.403058658E-71)
COSET -1 c=1 d=39 gcd=1 a0=(-0.5000000000,0.5000000000) 
rho=(0.007575757576,0.007575757576) contrib=(-0.007575757576,-1.230568222E-70)
COSET -1 c=1 d=40 gcd=1 a0=(-0.5000000000,0.5000000000) 
rho=(0.007575757576,0.007575757576) contrib=(-0.007575757576,-7.677228507E-71)
COSET -1 c=1 d=41 gcd=1 a0=(-0.5000000000,0.5000000000) 
rho=(0.007575757576,0.007575757576) contrib=(-0.007575757576,1.974189997E-71)
COSET -1 c=1 d=42 gcd=1 a0=(-0.5000000000,0.5000000000) 
rho=(0.007575757576,0.007575757576) contrib=(-0.007575757576,3.143841680E-71)
COSET -1 c=1 d=43 gcd=1 a0=(-0.5000000000,0.5000000000) 
rho=(0.007575757576,0.007575757576) contrib=(-0.007575757576,1.070183098E-71)
COSET -1 c=1 d=44 gcd=1 a0=(-0.5000000000,0.5000000000) 
rho=(0.007575757576,0.007575757576) contrib=(-0.007575757576,-1.671231977E-70)
COSET -1 c=1 d=45 gcd=1 a0=(-0.5000000000,0.5000000000) 
rho=(0.007575757576,0.007575757576) contrib=(-0.007575757576,-5.301278476E-71)
COSET -1 c=1 d=46 gcd=1 a0=(-0.5000000000,0.5000000000) 
rho=(0.007575757576,0.007575757576) contrib=(-0.007575757576,1.499447552E-70)
COSET -1 c=1 d=47 gcd=1 a0=(-0.5000000000,0.5000000000) 
rho=(0.007575757576,0.007575757576) contrib=(-0.007575757576,6.227253245E-72)
COSET -1 c=1 d=48 gcd=1 a0=(-0.5000000000,0.5000000000) 
rho=(0.007575757576,0.007575757576) contrib=(-0.007575757576,2.423942420E-70)
COSET -1 c=1 d=49 gcd=1 a0=(-0.5000000000,0.5000000000) 
rho=(0.007575757576,0.007575757576) contrib=(-0.007575757576,1.306157497E-70)
COSET -1 c=1 d=50 gcd=1 a0=(-0.5000000000,0.5000000000) 
rho=(0.007575757576,0.007575757576) contrib=(-0.007575757576,7.667125539E-72)
COSET -1 c=1 d=51 gcd=1 a0=(-0.5000000000,0.5000000000) 
rho=(0.007575757576,0.007575757576) contrib=(-0.007575757576,1.804538745E-70)
COSET -1 c=1 d=52 gcd=1 a0=(-0.5000000000,0.5000000000) 
rho=(0.007575757576,0.007575757576) contrib=(-0.007575757576,1.419049992E-70)
COSET -1 c=1 d=53 gcd=1 a0=(-0.5000000000,0.5000000000) 
rho=(0.007575757576,0.007575757576) contrib=(-0.007575757576,7.136639929E-71)
COSET -1 c=1 d=54 gcd=1 a0=(-0.5000000000,0.5000000000) 
rho=(0.007575757576,0.007575757576) contrib=(-0.007575757576,-8.478497364E-71)
COSET -1 c=1 d=55 gcd=1 a0=(-0.5000000000,0.5000000000) 
rho=(0.007575757576,0.007575757576) contrib=(-0.007575757576,-2.623244702E-71)
COSET -1 c=1 d=56 gcd=1 a0=(-0.5000000000,0.5000000000) 
rho=(0.007575757576,0.007575757576) contrib=(-0.007575757576,-2.967609443E-71)
COSET -1 c=1 d=57 gcd=1 a0=(-0.5000000000,0.5000000000) 
rho=(0.007575757576,0.007575757576) contrib=(-0.007575757576,4.776909560E-71)
COSET -1 c=1 d=58 gcd=1 a0=(-0.5000000000,0.5000000000) 
rho=(0.007575757576,0.007575757576) contrib=(-0.007575757576,3.705515834E-70)
COSET -1 c=1 d=59 gcd=1 a0=(-0.5000000000,0.5000000000) 
rho=(0.007575757576,0.007575757576) contrib=(-0.007575757576,1.019932970E-70)
COSET -1 c=1 d=60 gcd=1 a0=(-0.5000000000,0.5000000000) 
rho=(0.007575757576,0.007575757576) contrib=(-0.007575757576,1.706603708E-70)
COSET -1 c=1 d=61 gcd=1 a0=(-0.5000000000,0.5000000000) 
rho=(0.007575757576,0.007575757576) contrib=(-0.007575757576,1.065607264E-71)
COSET -1 c=1 d=62 gcd=1 a0=(-0.5000000000,0.5000000000) 
rho=(0.007575757576,0.007575757576) contrib=(-0.007575757576,-6.649875751E-71)
COSET -1 c=1 d=63 gcd=1 a0=(-0.5000000000,0.5000000000) 
rho=(0.007575757576,0.007575757576) contrib=(-0.007575757576,2.190119954E-70)
COSET -1 c=1 d=64 gcd=1 a0=(-0.5000000000,0.5000000000) 
rho=(0.007575757576,0.007575757576) contrib=(-0.007575757576,-1.645257063E-70)
COSET -1 c=1 d=65 gcd=1 a0=(-0.5000000000,0.5000000000) 
rho=(0.007575757576,0.007575757576) contrib=(-0.007575757576,1.148429581E-69)
COSET -1 c=1 d=66 gcd=1 a0=(-0.5000000000,0.5000000000) 
rho=(0.007575757576,0.007575757576) contrib=(-0.007575757576,-5.652624387E-69)
COSET -1 c=1 d=67 gcd=1 a0=(-0.5000000000,0.5000000000) 
rho=(0.007575757576,0.007575757576) contrib=(-0.007575757576,-1.604217494E-70)
COSET -1 c=1 d=68 gcd=1 a0=(-0.5000000000,0.5000000000) 
rho=(0.007575757576,0.007575757576) contrib=(-0.007575757576,1.335713330E-70)
COSET -1 c=1 d=69 gcd=1 a0=(-0.5000000000,0.5000000000) 
rho=(0.007575757576,0.007575757576) contrib=(-0.007575757576,-1.727979372E-70)
COSET -1 c=1 d=70 gcd=1 a0=(-0.5000000000,0.5000000000) 
rho=(0.007575757576,0.007575757576) contrib=(-0.007575757576,1.767293138E-70)
COSET -1 c=1 d=71 gcd=1 a0=(-0.5000000000,0.5000000000) 
rho=(0.007575757576,0.007575757576) contrib=(-0.007575757576,5.627794213E-70)
COSET -1 c=1 d=72 gcd=1 a0=(-0.5000000000,0.5000000000) 
rho=(0.007575757576,0.007575757576) contrib=(-0.007575757576,-1.075701558E-70)
COSET -1 c=1 d=73 gcd=1 a0=(-0.5000000000,0.5000000000) 
rho=(0.007575757576,0.007575757576) contrib=(-0.007575757576,-2.979901807E-70)
COSET -1 c=1 d=74 gcd=1 a0=(-0.5000000000,0.5000000000) 
rho=(0.007575757576,0.007575757576) contrib=(-0.007575757576,-8.432786249E-71)
COSET -1 c=1 d=75 gcd=1 a0=(-0.5000000000,0.5000000000) 
rho=(0.007575757576,0.007575757576) contrib=(-0.007575757576,-1.366796673E-70)
COSET -1 c=1 d=76 gcd=1 a0=(-0.5000000000,0.5000000000) 
rho=(0.007575757576,0.007575757576) contrib=(-0.007575757576,1.188684496E-70)
COSET -1 c=1 d=77 gcd=1 a0=(-0.5000000000,0.5000000000) 
rho=(0.007575757576,0.007575757576) contrib=(-0.007575757576,2.192877500E-71)
COSET -1 c=1 d=78 gcd=1 a0=(-0.5000000000,0.5000000000) 
rho=(0.007575757576,0.007575757576) contrib=(-0.007575757576,3.861262814E-70)
COSET -1 c=1 d=79 gcd=1 a0=(-0.5000000000,0.5000000000) 
rho=(0.007575757576,0.007575757576) contrib=(-0.007575757576,-2.617034837E-70)
COSET -1 c=1 d=80 gcd=1 a0=(-0.5000000000,0.5000000000) 
rho=(0.007575757576,0.007575757576) contrib=(-0.007575757576,7.387404929E-71)
COSET -1 c=1 d=81 gcd=1 a0=(-0.5000000000,0.5000000000) 
rho=(0.007575757576,0.007575757576) contrib=(-0.007575757576,-6.536679792E-71)
COSET -1 c=1 d=82 gcd=1 a0=(-0.5000000000,0.5000000000) 
rho=(0.007575757576,0.007575757576) contrib=(-0.007575757576,-2.791491721E-70)
COSET -1 c=1 d=83 gcd=1 a0=(-0.5000000000,0.5000000000) 
rho=(0.007575757576,0.007575757576) contrib=(-0.007575757576,8.557907470E-71)
COSET -1 c=1 d=84 gcd=1 a0=(-0.5000000000,0.5000000000) 
rho=(0.007575757576,0.007575757576) contrib=(-0.007575757576,4.470686141E-70)
COSET -1 c=1 d=85 gcd=1 a0=(-0.5000000000,0.5000000000) 
rho=(0.007575757576,0.007575757576) contrib=(-0.007575757576,-3.368236534E-70)
COSET -1 c=1 d=86 gcd=1 a0=(-0.5000000000,0.5000000000) 
rho=(0.007575757576,0.007575757576) contrib=(-0.007575757576,-7.577927429E-71)
COSET -1 c=1 d=87 gcd=1 a0=(-0.5000000000,0.5000000000) 
rho=(0.007575757576,0.007575757576) contrib=(-0.007575757576,2.790853260E-70)
COSET -1 c=1 d=88 gcd=1 a0=(-0.5000000000,0.5000000000) 
rho=(0.007575757576,0.007575757576) contrib=(-0.007575757576,-1.667251095E-70)
COSET -1 c=1 d=89 gcd=1 a0=(-0.5000000000,0.5000000000) 
rho=(0.007575757576,0.007575757576) contrib=(-0.007575757576,-2.736976398E-72)
COSET -1 c=1 d=90 gcd=1 a0=(-0.5000000000,0.5000000000) 
rho=(0.007575757576,0.007575757576) contrib=(-0.007575757576,3.046041299E-71)
COSET -1 c=1 d=91 gcd=1 a0=(-0.5000000000,0.5000000000) 
rho=(0.007575757576,0.007575757576) contrib=(-0.007575757576,4.836300604E-70)
COSET -1 c=1 d=92 gcd=1 a0=(-0.5000000000,0.5000000000) 
rho=(0.007575757576,0.007575757576) contrib=(-0.007575757576,1.634601389E-70)
COSET -1 c=1 d=93 gcd=1 a0=(-0.5000000000,0.5000000000) 
rho=(0.007575757576,0.007575757576) contrib=(-0.007575757576,-1.867805494E-70)
COSET -1 c=1 d=94 gcd=1 a0=(-0.5000000000,0.5000000000) 
rho=(0.007575757576,0.007575757576) contrib=(-0.007575757576,-1.132302230E-70)
COSET -1 c=1 d=95 gcd=1 a0=(-0.5000000000,0.5000000000) 
rho=(0.007575757576,0.007575757576) contrib=(-0.007575757576,-1.460509627E-70)
COSET -1 c=1 d=96 gcd=1 a0=(-0.5000000000,0.5000000000) 
rho=(0.007575757576,0.007575757576) contrib=(-0.007575757576,1.072598991E-70)
COSET -1 c=1 d=97 gcd=1 a0=(-0.5000000000,0.5000000000) 
rho=(0.007575757576,0.007575757576) contrib=(-0.007575757576,-4.722182755E-70)
COSET -1 c=1 d=98 gcd=1 a0=(-0.5000000000,0.5000000000) 
rho=(0.007575757576,0.007575757576) contrib=(-0.007575757576,-1.631782874E-70)
COSET -1 c=1 d=99 gcd=1 a0=(-0.5000000000,0.5000000000) 
rho=(0.007575757576,0.007575757576) contrib=(-0.007575757576,5.333315833E-71)
COSET -1 c=1 d=100 gcd=1 a0=(-0.5000000000,0.5000000000) 
rho=(0.007575757576,0.007575757576) contrib=(-0.007575757576,5.366143732E-71)
COSET -1 c=1 d=101 gcd=1 a0=(-0.5000000000,0.5000000000) 
rho=(0.007575757576,0.007575757576) contrib=(-0.007575757576,7.328502295E-70)
COSET -1 c=1 d=102 gcd=1 a0=(-0.5000000000,0.5000000000) 
rho=(0.007575757576,0.007575757576) contrib=(-0.007575757576,-3.034959571E-70)
COSET -1 c=1 d=103 gcd=1 a0=(-0.5000000000,0.5000000000) 
rho=(0.007575757576,0.007575757576) contrib=(-0.007575757576,-9.196926061E-71)
COSET -1 c=1 d=104 gcd=1 a0=(-0.5000000000,0.5000000000) 
rho=(0.007575757576,0.007575757576) contrib=(-0.007575757576,7.837133856E-71)
COSET -1 c=1 d=105 gcd=1 a0=(-0.5000000000,0.5000000000) 
rho=(0.007575757576,0.007575757576) contrib=(-0.007575757576,1.616893076E-70)
COSET -1 c=1 d=106 gcd=1 a0=(-0.5000000000,0.5000000000) 
rho=(0.007575757576,0.007575757576) contrib=(-0.007575757576,1.196473424E-70)
COSET -1 c=1 d=107 gcd=1 a0=(-0.5000000000,0.5000000000) 
rho=(0.007575757576,0.007575757576) contrib=(-0.007575757576,-2.182621122E-70)
COSET -1 c=1 d=108 gcd=1 a0=(-0.5000000000,0.5000000000) 
rho=(0.007575757576,0.007575757576) contrib=(-0.007575757576,-4.514183787E-70)
COSET -1 c=1 d=109 gcd=1 a0=(-0.5000000000,0.5000000000) 
rho=(0.007575757576,0.007575757576) contrib=(-0.007575757576,5.851247079E-70)
COSET -1 c=1 d=110 gcd=1 a0=(-0.5000000000,0.5000000000) 
rho=(0.007575757576,0.007575757576) contrib=(-0.007575757576,2.698529123E-70)
COSET -1 c=1 d=111 gcd=1 a0=(-0.5000000000,0.5000000000) 
rho=(0.007575757576,0.007575757576) contrib=(-0.007575757576,3.719451612E-70)
COSET -1 c=1 d=112 gcd=1 a0=(-0.5000000000,0.5000000000) 
rho=(0.007575757576,0.007575757576) contrib=(-0.007575757576,-3.209067409E-70)
COSET -1 c=1 d=113 gcd=1 a0=(-0.5000000000,0.5000000000) 
rho=(0.007575757576,0.007575757576) contrib=(-0.007575757576,1.444141905E-70)
COSET -1 c=1 d=114 gcd=1 a0=(-0.5000000000,0.5000000000) 
rho=(0.007575757576,0.007575757576) contrib=(-0.007575757576,-6.865455004E-72)
COSET -1 c=1 d=115 gcd=1 a0=(-0.5000000000,0.5000000000) 
rho=(0.007575757576,0.007575757576) contrib=(-0.007575757576,7.602565077E-70)
COSET -1 c=1 d=116 gcd=1 a0=(-0.5000000000,0.5000000000) 
rho=(0.007575757576,0.007575757576) contrib=(-0.007575757576,1.046289764E-70)
COSET -1 c=1 d=117 gcd=1 a0=(-0.5000000000,0.5000000000) 
rho=(0.007575757576,0.007575757576) contrib=(-0.007575757576,3.281886494E-71)
COSET -1 c=1 d=118 gcd=1 a0=(-0.5000000000,0.5000000000) 
rho=(0.007575757576,0.007575757576) contrib=(-0.007575757576,3.879156702E-70)
COSET -1 c=1 d=119 gcd=1 a0=(-0.5000000000,0.5000000000) 
rho=(0.007575757576,0.007575757576) contrib=(-0.007575757576,1.318218533E-69)
COSET -1 c=1 d=120 gcd=1 a0=(-0.5000000000,0.5000000000) 
rho=(0.007575757576,0.007575757576) contrib=(-0.007575757576,3.723167204E-70)
COSET -1 c=1 d=121 gcd=1 a0=(-0.5000000000,0.5000000000) 
rho=(0.007575757576,0.007575757576) contrib=(-0.007575757576,2.621322560E-70)
COSET -1 c=1 d=122 gcd=1 a0=(-0.5000000000,0.5000000000) 
rho=(0.007575757576,0.007575757576) contrib=(-0.007575757576,-1.125047262E-70)
COSET -1 c=1 d=123 gcd=1 a0=(-0.5000000000,0.5000000000) 
rho=(0.007575757576,0.007575757576) contrib=(-0.007575757576,1.617962995E-70)
COSET -1 c=1 d=124 gcd=1 a0=(-0.5000000000,0.5000000000) 
rho=(0.007575757576,0.007575757576) contrib=(-0.007575757576,-6.516466459E-70)
COSET -1 c=1 d=125 gcd=1 a0=(-0.5000000000,0.5000000000) 
rho=(0.007575757576,0.007575757576) contrib=(-0.007575757576,1.368312112E-70)
COSET -1 c=1 d=126 gcd=1 a0=(-0.5000000000,0.5000000000) 
rho=(0.007575757576,0.007575757576) contrib=(-0.007575757576,5.534413546E-70)
COSET -1 c=1 d=127 gcd=1 a0=(-0.5000000000,0.5000000000) 
rho=(0.007575757576,0.007575757576) contrib=(-0.007575757576,4.662098302E-70)
COSET -1 c=1 d=128 gcd=1 a0=(-0.5000000000,0.5000000000) 
rho=(0.007575757576,0.007575757576) contrib=(-0.007575757576,2.955074650E-71)
COSET -1 c=1 d=129 gcd=1 a0=(-0.5000000000,0.5000000000) 
rho=(0.007575757576,0.007575757576) contrib=(-0.007575757576,-1.784760931E-70)
COSET -1 c=1 d=130 gcd=1 a0=(-0.5000000000,0.5000000000) 
rho=(0.007575757576,0.007575757576) contrib=(-0.007575757576,-4.648319291E-70)
COSET -1 c=1 d=131 gcd=1 a0=(-0.5000000000,0.5000000000) 
rho=(0.007575757576,0.007575757576) contrib=(-0.007575757576,5.396558514E-66)
COSET -1 c=3 d=1 gcd=3 a0=(285506.5000,285506.5000) 
rho=(0.02272727273,-0.02272727273) contrib=(12977.56818,-7.632414619E-74)
COSET -1 c=3 d=2 gcd=3 a0=(285506.5000,285506.5000) 
rho=(0.02272727273,-0.02272727273) contrib=(12977.56818,-4.087663571E-74)
COSET -1 c=3 d=4 gcd=3 a0=(285506.5000,285506.5000) 
rho=(0.02272727273,-0.02272727273) contrib=(12977.56818,-5.120074676E-74)
COSET -1 c=3 d=5 gcd=3 a0=(285506.5000,285506.5000) 
rho=(0.02272727273,-0.02272727273) contrib=(12977.56818,-1.261957002E-73)
COSET -1 c=3 d=7 gcd=3 a0=(285506.5000,285506.5000) 
rho=(0.02272727273,-0.02272727273) contrib=(12977.56818,-3.411683515E-74)
COSET -1 c=3 d=8 gcd=3 a0=(285506.5000,285506.5000) 
rho=(0.02272727273,-0.02272727273) contrib=(12977.56818,-6.740694551E-74)
COSET -1 c=3 d=10 gcd=3 a0=(285506.5000,285506.5000) 
rho=(0.02272727273,-0.02272727273) contrib=(12977.56818,-4.386471413E-74)
COSET -1 c=3 d=11 gcd=3 a0=(285506.5000,285506.5000) 
rho=(0.02272727273,-0.02272727273) contrib=(12977.56818,-3.776133418E-74)
COSET -1 c=3 d=13 gcd=3 a0=(285506.5000,285506.5000) 
rho=(0.02272727273,-0.02272727273) contrib=(12977.56818,-1.825458790E-73)
COSET -1 c=3 d=14 gcd=3 a0=(285506.5000,285506.5000) 
rho=(0.02272727273,-0.02272727273) contrib=(12977.56818,-8.489283152E-74)
COSET -1 c=3 d=16 gcd=3 a0=(285506.5000,285506.5000) 
rho=(0.02272727273,-0.02272727273) contrib=(12977.56818,-3.085648505E-73)
COSET -1 c=3 d=17 gcd=3 a0=(285506.5000,285506.5000) 
rho=(0.02272727273,-0.02272727273) contrib=(12977.56818,1.017411194E-74)
COSET -1 c=3 d=19 gcd=3 a0=(285506.5000,285506.5000) 
rho=(0.02272727273,-0.02272727273) contrib=(12977.56818,1.543086606E-73)
COSET -1 c=3 d=20 gcd=3 a0=(285506.5000,285506.5000) 
rho=(0.02272727273,-0.02272727273) contrib=(12977.56818,2.216126416E-73)
COSET -1 c=3 d=22 gcd=3 a0=(285506.5000,285506.5000) 
rho=(0.02272727273,-0.02272727273) contrib=(12977.56818,-1.836513086E-73)
COSET -1 c=3 d=23 gcd=3 a0=(285506.5000,285506.5000) 
rho=(0.02272727273,-0.02272727273) contrib=(12977.56818,6.945355125E-73)
COSET -1 c=3 d=25 gcd=3 a0=(285506.5000,285506.5000) 
rho=(0.02272727273,-0.02272727273) contrib=(12977.56818,1.784271241E-73)
COSET -1 c=3 d=26 gcd=3 a0=(285506.5000,285506.5000) 
rho=(0.02272727273,-0.02272727273) contrib=(12977.56818,-6.376076190E-73)
COSET -1 c=3 d=28 gcd=3 a0=(285506.5000,285506.5000) 
rho=(0.02272727273,-0.02272727273) contrib=(12977.56818,-2.911794581E-73)
COSET -1 c=3 d=29 gcd=3 a0=(285506.5000,285506.5000) 
rho=(0.02272727273,-0.02272727273) contrib=(12977.56818,-9.175827823E-73)
COSET -1 c=3 d=31 gcd=3 a0=(285506.5000,285506.5000) 
rho=(0.02272727273,-0.02272727273) contrib=(12977.56818,2.582190407E-73)
COSET -1 c=3 d=32 gcd=3 a0=(285506.5000,285506.5000) 
rho=(0.02272727273,-0.02272727273) contrib=(12977.56818,-3.355238643E-73)
COSET -1 c=3 d=34 gcd=3 a0=(285506.5000,285506.5000) 
rho=(0.02272727273,-0.02272727273) contrib=(12977.56818,-9.066022507E-73)
COSET -1 c=3 d=35 gcd=3 a0=(285506.5000,285506.5000) 
rho=(0.02272727273,-0.02272727273) contrib=(12977.56818,-7.368952936E-73)
COSET -1 c=3 d=37 gcd=3 a0=(285506.5000,285506.5000) 
rho=(0.02272727273,-0.02272727273) contrib=(12977.56818,1.640809958E-72)
COSET -1 c=3 d=38 gcd=3 a0=(285506.5000,285506.5000) 
rho=(0.02272727273,-0.02272727273) contrib=(12977.56818,2.625135358E-73)
COSET -1 c=3 d=40 gcd=3 a0=(285506.5000,285506.5000) 
rho=(0.02272727273,-0.02272727273) contrib=(12977.56818,2.370795452E-72)
COSET -1 c=3 d=41 gcd=3 a0=(285506.5000,285506.5000) 
rho=(0.02272727273,-0.02272727273) contrib=(12977.56818,7.852812313E-73)
COSET -1 c=3 d=43 gcd=3 a0=(285506.5000,285506.5000) 
rho=(0.02272727273,-0.02272727273) contrib=(12977.56818,7.273231549E-73)
COSET -1 c=3 d=44 gcd=3 a0=(285506.5000,285506.5000) 
rho=(0.02272727273,-0.02272727273) contrib=(12977.56818,-1.690278055E-72)
COSET -1 c=3 d=47 gcd=3 a0=(285506.5000,285506.5000) 
rho=(0.02272727273,-0.02272727273) contrib=(12977.56818,2.691745274E-72)
COSET -1 c=3 d=50 gcd=3 a0=(285506.5000,285506.5000) 
rho=(0.02272727273,-0.02272727273) contrib=(12977.56818,-2.511612230E-72)
COSET -1 c=3 d=53 gcd=3 a0=(285506.5000,285506.5000) 
rho=(0.02272727273,-0.02272727273) contrib=(12977.56818,1.461201170E-72)
COSET -1 c=3 d=56 gcd=3 a0=(285506.5000,285506.5000) 
rho=(0.02272727273,-0.02272727273) contrib=(12977.56818,2.380215121E-72)
COSET -1 c=3 d=59 gcd=3 a0=(285506.5000,285506.5000) 
rho=(0.02272727273,-0.02272727273) contrib=(12977.56818,-4.468423564E-72)
COSET -1 c=3 d=62 gcd=3 a0=(285506.5000,285506.5000) 
rho=(0.02272727273,-0.02272727273) contrib=(12977.56818,2.876653494E-72)
COSET -1 c=3 d=65 gcd=3 a0=(285506.5000,285506.5000) 
rho=(0.02272727273,-0.02272727273) contrib=(12977.56818,3.472480035E-72)
COSET -1 c=3 d=68 gcd=3 a0=(285506.5000,285506.5000) 
rho=(0.02272727273,-0.02272727273) contrib=(12977.56818,2.831230387E-72)
COSET -1 c=3 d=71 gcd=3 a0=(285506.5000,285506.5000) 
rho=(0.02272727273,-0.02272727273) contrib=(12977.56818,-1.416834976E-72)
COSET -1 c=3 d=74 gcd=3 a0=(285506.5000,285506.5000) 
rho=(0.02272727273,-0.02272727273) contrib=(12977.56818,-2.517239871E-72)
COSET -1 c=3 d=77 gcd=3 a0=(285506.5000,285506.5000) 
rho=(0.02272727273,-0.02272727273) contrib=(12977.56818,2.588638843E-72)
COSET -1 c=3 d=80 gcd=3 a0=(285506.5000,285506.5000) 
rho=(0.02272727273,-0.02272727273) contrib=(12977.56818,-1.517630054E-72)
COSET -1 c=3 d=83 gcd=3 a0=(285506.5000,285506.5000) 
rho=(0.02272727273,-0.02272727273) contrib=(12977.56818,-5.874328997E-72)
COSET -1 c=3 d=86 gcd=3 a0=(285506.5000,285506.5000) 
rho=(0.02272727273,-0.02272727273) contrib=(12977.56818,-5.251067704E-72)
COSET -1 c=4 d=1 gcd=4 a0=(-1779376.500,-1.072882051E-72) 
rho=(1.964682344E-81,-4.791908156E-83) contrib=(-3.495909593E-75,8.526608763E-7\
7)
COSET -1 c=4 d=3 gcd=4 a0=(-1.087047624E-72,-1779376.500) 
rho=(9.264355768E-82,5.430829243E-82) contrib=(9.663489931E-76,-1.648477694E-75\
)
COSET -1 c=4 d=5 gcd=4 a0=(-1779376.500,6.505222209E-73) 
rho=(1.964682344E-81,-4.791908156E-83) contrib=(-3.495909593E-75,8.526608763E-7\
7)
COSET -1 c=4 d=7 gcd=4 a0=(7.592274407E-72,-1779376.500) 
rho=(9.264355768E-82,5.430829243E-82) contrib=(9.663489931E-76,-1.648477694E-75\
)
COSET -1 c=4 d=9 gcd=4 a0=(-1779376.500,-5.894519561E-73) 
rho=(1.964682344E-81,-4.791908156E-83) contrib=(-3.495909593E-75,8.526608763E-7\
7)
COSET -1 c=4 d=11 gcd=4 a0=(-6.793130728E-72,-1779376.500) 
rho=(9.264355768E-82,5.430829243E-82) contrib=(9.663489931E-76,-1.648477694E-75\
)
COSET -1 c=4 d=13 gcd=4 a0=(-1779376.500,1.217197194E-72) 
rho=(1.964682344E-81,-4.791908156E-83) contrib=(-3.495909593E-75,8.526608763E-7\
7)
COSET -1 c=4 d=15 gcd=4 a0=(-2.417608412E-71,-1779376.500) 
rho=(9.264355768E-82,5.430829243E-82) contrib=(9.663489931E-76,-1.648477694E-75\
)
COSET -1 c=4 d=17 gcd=4 a0=(-1779376.500,3.491034957E-72) 
rho=(1.964682344E-81,-4.791908156E-83) contrib=(-3.495909593E-75,8.526608763E-7\
7)
COSET -1 c=4 d=19 gcd=4 a0=(1.189725940E-72,-1779376.500) 
rho=(9.264355768E-82,5.430829243E-82) contrib=(9.663489931E-76,-1.648477694E-75\
)
COSET -1 c=4 d=21 gcd=4 a0=(-1779376.500,-2.181849692E-72) 
rho=(1.964682344E-81,-4.791908156E-83) contrib=(-3.495909593E-75,8.526608763E-7\
7)
COSET -1 c=4 d=23 gcd=4 a0=(1.314943176E-71,-1779376.500) 
rho=(9.264355768E-82,5.430829243E-82) contrib=(9.663489931E-76,-1.648477694E-75\
)
COSET -1 c=4 d=25 gcd=4 a0=(-1779376.500,2.548446669E-71) 
rho=(1.964682344E-81,-4.791908156E-83) contrib=(-3.495909593E-75,8.526608763E-7\
7)
COSET -1 c=4 d=27 gcd=4 a0=(6.566191181E-72,-1779376.500) 
rho=(9.264355768E-82,5.430829243E-82) contrib=(9.663489931E-76,-1.648477694E-75\
)
COSET -1 c=4 d=29 gcd=4 a0=(-1779376.500,2.719935397E-72) 
rho=(1.964682344E-81,-4.791908156E-83) contrib=(-3.495909593E-75,8.526608763E-7\
7)
COSET -1 c=4 d=31 gcd=4 a0=(1.438204492E-71,-1779376.500) 
rho=(9.264355768E-82,5.430829243E-82) contrib=(9.663489931E-76,-1.648477694E-75\
)
COSET -1 c=4 d=33 gcd=4 a0=(-1779376.500,-1.054197537E-71) 
rho=(1.964682344E-81,-4.791908156E-83) contrib=(-3.495909593E-75,8.526608763E-7\
7)
COSET -1 c=4 d=35 gcd=4 a0=(3.521608293E-71,-1779376.500) 
rho=(9.264355768E-82,5.430829243E-82) contrib=(9.663489931E-76,-1.648477694E-75\
)
COSET -1 c=4 d=37 gcd=4 a0=(-1779376.500,7.576246217E-72) 
rho=(1.964682344E-81,-4.791908156E-83) contrib=(-3.495909593E-75,8.526608763E-7\
7)
COSET -1 c=4 d=39 gcd=4 a0=(-9.274641591E-72,-1779376.500) 
rho=(9.264355768E-82,5.430829243E-82) contrib=(9.663489931E-76,-1.648477694E-75\
)
COSET -1 c=4 d=41 gcd=4 a0=(-1779376.500,-4.914636353E-71) 
rho=(1.964682344E-81,-4.791908156E-83) contrib=(-3.495909593E-75,8.526608763E-7\
7)
COSET -1 c=4 d=43 gcd=4 a0=(-6.409288405E-72,-1779376.500) 
rho=(9.264355768E-82,5.430829243E-82) contrib=(9.663489931E-76,-1.648477694E-75\
)
COSET -1 c=4 d=45 gcd=4 a0=(-1779376.500,-4.760312647E-72) 
rho=(1.964682344E-81,-4.791908156E-83) contrib=(-3.495909593E-75,8.526608763E-7\
7)
COSET -1 c=4 d=47 gcd=4 a0=(3.947696404E-71,-1779376.500) 
rho=(9.264355768E-82,5.430829243E-82) contrib=(9.663489931E-76,-1.648477694E-75\
)
COSET -1 c=4 d=49 gcd=4 a0=(-1779376.500,-8.636567881E-72) 
rho=(1.964682344E-81,-4.791908156E-83) contrib=(-3.495909593E-75,8.526608763E-7\
7)
COSET -1 c=4 d=51 gcd=4 a0=(-1.449448072E-71,-1779376.500) 
rho=(9.264355768E-82,5.430829243E-82) contrib=(9.663489931E-76,-1.648477694E-75\
)
COSET -1 c=4 d=53 gcd=4 a0=(-1779376.500,-9.291143640E-71) 
rho=(1.964682344E-81,-4.791908156E-83) contrib=(-3.495909593E-75,8.526608763E-7\
7)
COSET -1 c=4 d=55 gcd=4 a0=(-1.680038872E-70,-1779376.500) 
rho=(9.264355768E-82,5.430829243E-82) contrib=(9.663489931E-76,-1.648477694E-75\
)
COSET -1 c=4 d=57 gcd=4 a0=(-1779376.500,6.395130036E-71) 
rho=(1.964682344E-81,-4.791908156E-83) contrib=(-3.495909593E-75,8.526608763E-7\
7)
COSET -1 c=4 d=59 gcd=4 a0=(-6.318559094E-74,-1779376.500) 
rho=(9.264355768E-82,5.430829243E-82) contrib=(9.663489931E-76,-1.648477694E-75\
)
COSET -1 c=4 d=61 gcd=4 a0=(-1779376.500,2.356783077E-71) 
rho=(1.964682344E-81,-4.791908156E-83) contrib=(-3.495909593E-75,8.526608763E-7\
7)
COSET -1 c=4 d=63 gcd=4 a0=(4.553449226E-71,-1779376.500) 
rho=(9.264355768E-82,5.430829243E-82) contrib=(9.663489931E-76,-1.648477694E-75\
)
COSET -1 c=4 d=65 gcd=4 a0=(-1779376.500,1.869464447E-70) 
rho=(1.964682344E-81,-4.791908156E-83) contrib=(-3.495909593E-75,8.526608763E-7\
7)
COSET -1 c=12 d=1 gcd=12 a0=(285527.0000,1.599516225E-72) 
rho=(-1.108528087E-80,4.152987069E-82) contrib=(-3.165146990E-75,1.185789939E-7\
6)
COSET -1 c=12 d=5 gcd=12 a0=(-285527.0000,3.809743598E-72) 
rho=(-1.277842175E-82,-1.725086936E-81) contrib=(3.648584427E-77,4.925588976E-7\
6)
COSET -1 c=12 d=7 gcd=12 a0=(-2.568491682E-72,285527.0000) 
rho=(-1.900790235E-81,-9.104625497E-82) contrib=(2.599616404E-76,-5.427269335E-\
76)
COSET -1 c=12 d=11 gcd=12 a0=(-6.645962091E-73,285527.0000) 
rho=(-4.568285776E-81,1.619664957E-80) contrib=(-4.624580761E-75,-1.304368933E-\
75)
COSET -1 c=12 d=13 gcd=12 a0=(285527.0000,-4.438044286E-72) 
rho=(-1.108528087E-80,4.152987069E-82) contrib=(-3.165146990E-75,1.185789939E-7\
6)
COSET -1 c=12 d=17 gcd=12 a0=(-285527.0000,-8.751060337E-75) 
rho=(-1.277842175E-82,-1.725086936E-81) contrib=(3.648584427E-77,4.925588976E-7\
6)
COSET -1 c=12 d=19 gcd=12 a0=(4.177614001E-72,285527.0000) 
rho=(-1.900790235E-81,-9.104625497E-82) contrib=(2.599616404E-76,-5.427269335E-\
76)
COSET -1 c=12 d=25 gcd=12 a0=(285527.0000,-2.363919651E-72) 
rho=(-1.108528087E-80,4.152987069E-82) contrib=(-3.165146990E-75,1.185789939E-7\
6)
COSET -1 c=12 d=31 gcd=12 a0=(-5.027620077E-72,285527.0000) 
rho=(-1.900790235E-81,-9.104625497E-82) contrib=(2.599616404E-76,-5.427269335E-\
76)
COSET -1 c=12 d=37 gcd=12 a0=(285527.0000,1.011316150E-71) 
rho=(-1.108528087E-80,4.152987069E-82) contrib=(-3.165146990E-75,1.185789939E-7\
6)
COSET -1 c=12 d=43 gcd=12 a0=(-6.195748214E-73,285527.0000) 
rho=(-1.900790235E-81,-9.104625497E-82) contrib=(2.599616404E-76,-5.427269335E-\
76)
COSET -1 c=33 d=1 gcd=33 a0=(285505.0000,-285505.0000) 
rho=(-0.2500000000,-0.2500000000) contrib=(-142752.5000,2.041653120E-73)
COSET -1 c=33 d=2 gcd=33 a0=(285505.0000,-285505.0000) 
rho=(-0.2500000000,-0.2500000000) contrib=(-142752.5000,-7.121921779E-73)
COSET -1 c=33 d=4 gcd=33 a0=(285505.0000,-285505.0000) 
rho=(-0.2500000000,-0.2500000000) contrib=(-142752.5000,-1.049862565E-72)
COSET -1 c=33 d=7 gcd=33 a0=(-285505.0000,285505.0000) 
rho=(0.2500000000,0.2500000000) contrib=(-142752.5000,8.048512412E-73)
COSET -1 c=44 d=1 gcd=44 a0=(-1779374.500,5.851474095E-71) 
rho=(-5.520278196E-80,1.993433793E-80) contrib=(9.822642254E-74,-3.547065259E-7\
4)
COSET -1 c=44 d=3 gcd=44 a0=(1.642237949E-70,-1779374.500) 
rho=(-8.916947779E-81,4.276366487E-81) contrib=(7.609257479E-75,1.586658950E-74\
)
COSET -1 c=44 d=5 gcd=44 a0=(-1779374.500,1.517257063E-70) 
rho=(1.517437583E-80,-7.060078016E-81) contrib=(-2.700089740E-74,1.256252279E-7\
4)
FORM 9:
  c_eta(0)[1] (trivial) = -1.35903242437E-63 + 6.81098711319E-64 i   (half: 
-6.79516212185E-64)
  c_eta(0)[2] = 8.00000000000 + 6.81101425246E-64 i   (half: 4.00000000000)
  c_eta(0)[3] = 8.00000000000 + 6.81101425273E-64 i   (half: 4.00000000000)
COSET 9 c=0 d=1 gcd=132 a0=(-761416.0000,1.271596556E-69) 
rho=(0.0000000000,0.0000000000) contrib=(-0.0000000000,0.0000000000)
COSET 9 c=1 d=0 gcd=1 a0=(-1.000000000,1.000000000) 
rho=(0.007575757576,0.007575757576) contrib=(-0.01515151515,6.667022327E-64)
COSET 9 c=1 d=1 gcd=1 a0=(-1.000000000,1.000000000) 
rho=(0.007575757576,0.007575757576) contrib=(-0.01515151515,9.519385143E-69)
COSET 9 c=1 d=2 gcd=1 a0=(-1.000000000,1.000000000) 
rho=(0.007575757576,0.007575757576) contrib=(-0.01515151515,1.147039800E-70)
COSET 9 c=1 d=3 gcd=1 a0=(-1.000000000,1.000000000) 
rho=(0.007575757576,0.007575757576) contrib=(-0.01515151515,-2.602599543E-70)
COSET 9 c=1 d=4 gcd=1 a0=(-1.000000000,1.000000000) 
rho=(0.007575757576,0.007575757576) contrib=(-0.01515151515,2.482316918E-71)
COSET 9 c=1 d=5 gcd=1 a0=(-1.000000000,1.000000000) 
rho=(0.007575757576,0.007575757576) contrib=(-0.01515151515,-4.159670317E-70)
COSET 9 c=1 d=6 gcd=1 a0=(-1.000000000,1.000000000) 
rho=(0.007575757576,0.007575757576) contrib=(-0.01515151515,-2.078384595E-70)
COSET 9 c=1 d=7 gcd=1 a0=(-1.000000000,1.000000000) 
rho=(0.007575757576,0.007575757576) contrib=(-0.01515151515,-2.125354044E-70)
COSET 9 c=1 d=8 gcd=1 a0=(-1.000000000,1.000000000) 
rho=(0.007575757576,0.007575757576) contrib=(-0.01515151515,-3.778843329E-70)
COSET 9 c=1 d=9 gcd=1 a0=(-1.000000000,1.000000000) 
rho=(0.007575757576,0.007575757576) contrib=(-0.01515151515,-2.397154081E-70)
COSET 9 c=1 d=10 gcd=1 a0=(-1.000000000,1.000000000) 
rho=(0.007575757576,0.007575757576) contrib=(-0.01515151515,3.202934533E-70)
COSET 9 c=1 d=11 gcd=1 a0=(-1.000000000,1.000000000) 
rho=(0.007575757576,0.007575757576) contrib=(-0.01515151515,-3.182534525E-70)
COSET 9 c=1 d=12 gcd=1 a0=(-1.000000000,1.000000000) 
rho=(0.007575757576,0.007575757576) contrib=(-0.01515151515,-1.475153393E-70)
COSET 9 c=1 d=13 gcd=1 a0=(-1.000000000,1.000000000) 
rho=(0.007575757576,0.007575757576) contrib=(-0.01515151515,-3.692339901E-70)
COSET 9 c=1 d=14 gcd=1 a0=(-1.000000000,1.000000000) 
rho=(0.007575757576,0.007575757576) contrib=(-0.01515151515,-4.023590341E-71)
COSET 9 c=1 d=15 gcd=1 a0=(-1.000000000,1.000000000) 
rho=(0.007575757576,0.007575757576) contrib=(-0.01515151515,-1.187541000E-70)
COSET 9 c=1 d=16 gcd=1 a0=(-1.000000000,1.000000000) 
rho=(0.007575757576,0.007575757576) contrib=(-0.01515151515,3.397269185E-70)
COSET 9 c=1 d=17 gcd=1 a0=(-1.000000000,1.000000000) 
rho=(0.007575757576,0.007575757576) contrib=(-0.01515151515,6.511581772E-71)
COSET 9 c=1 d=18 gcd=1 a0=(-1.000000000,1.000000000) 
rho=(0.007575757576,0.007575757576) contrib=(-0.01515151515,-1.290244223E-71)
COSET 9 c=1 d=19 gcd=1 a0=(-1.000000000,1.000000000) 
rho=(0.007575757576,0.007575757576) contrib=(-0.01515151515,7.948344771E-71)
COSET 9 c=1 d=20 gcd=1 a0=(-1.000000000,1.000000000) 
rho=(0.007575757576,0.007575757576) contrib=(-0.01515151515,-1.790947115E-70)
COSET 9 c=1 d=21 gcd=1 a0=(-1.000000000,1.000000000) 
rho=(0.007575757576,0.007575757576) contrib=(-0.01515151515,-5.192801269E-70)
COSET 9 c=1 d=22 gcd=1 a0=(-1.000000000,1.000000000) 
rho=(0.007575757576,0.007575757576) contrib=(-0.01515151515,2.116790940E-71)
COSET 9 c=1 d=23 gcd=1 a0=(-1.000000000,1.000000000) 
rho=(0.007575757576,0.007575757576) contrib=(-0.01515151515,1.900805855E-70)
COSET 9 c=1 d=24 gcd=1 a0=(-1.000000000,1.000000000) 
rho=(0.007575757576,0.007575757576) contrib=(-0.01515151515,2.776529604E-70)
COSET 9 c=1 d=25 gcd=1 a0=(-1.000000000,1.000000000) 
rho=(0.007575757576,0.007575757576) contrib=(-0.01515151515,-2.928569990E-70)
COSET 9 c=1 d=26 gcd=1 a0=(-1.000000000,1.000000000) 
rho=(0.007575757576,0.007575757576) contrib=(-0.01515151515,2.874124761E-70)
COSET 9 c=1 d=27 gcd=1 a0=(-1.000000000,1.000000000) 
rho=(0.007575757576,0.007575757576) contrib=(-0.01515151515,-3.863008294E-70)
COSET 9 c=1 d=28 gcd=1 a0=(-1.000000000,1.000000000) 
rho=(0.007575757576,0.007575757576) contrib=(-0.01515151515,2.523946492E-70)
COSET 9 c=1 d=29 gcd=1 a0=(-1.000000000,1.000000000) 
rho=(0.007575757576,0.007575757576) contrib=(-0.01515151515,3.816417856E-71)
COSET 9 c=1 d=30 gcd=1 a0=(-1.000000000,1.000000000) 
rho=(0.007575757576,0.007575757576) contrib=(-0.01515151515,-5.970563768E-70)
COSET 9 c=1 d=31 gcd=1 a0=(-1.000000000,1.000000000) 
rho=(0.007575757576,0.007575757576) contrib=(-0.01515151515,-3.232102440E-70)
COSET 9 c=1 d=32 gcd=1 a0=(-1.000000000,1.000000000) 
rho=(0.007575757576,0.007575757576) contrib=(-0.01515151515,2.846839727E-71)
COSET 9 c=1 d=33 gcd=1 a0=(-1.000000000,1.000000000) 
rho=(0.007575757576,0.007575757576) contrib=(-0.01515151515,-1.099985877E-70)
COSET 9 c=1 d=34 gcd=1 a0=(-1.000000000,1.000000000) 
rho=(0.007575757576,0.007575757576) contrib=(-0.01515151515,8.888636435E-71)
COSET 9 c=1 d=35 gcd=1 a0=(-1.000000000,1.000000000) 
rho=(0.007575757576,0.007575757576) contrib=(-0.01515151515,4.278329433E-70)
COSET 9 c=1 d=36 gcd=1 a0=(-1.000000000,1.000000000) 
rho=(0.007575757576,0.007575757576) contrib=(-0.01515151515,-8.800368368E-71)
COSET 9 c=1 d=37 gcd=1 a0=(-1.000000000,1.000000000) 
rho=(0.007575757576,0.007575757576) contrib=(-0.01515151515,5.310102424E-70)
COSET 9 c=1 d=38 gcd=1 a0=(-1.000000000,1.000000000) 
rho=(0.007575757576,0.007575757576) contrib=(-0.01515151515,-2.505894140E-70)
COSET 9 c=1 d=39 gcd=1 a0=(-1.000000000,1.000000000) 
rho=(0.007575757576,0.007575757576) contrib=(-0.01515151515,-3.280403813E-70)
COSET 9 c=1 d=40 gcd=1 a0=(-1.000000000,1.000000000) 
rho=(0.007575757576,0.007575757576) contrib=(-0.01515151515,-2.047705076E-70)
COSET 9 c=1 d=41 gcd=1 a0=(-1.000000000,1.000000000) 
rho=(0.007575757576,0.007575757576) contrib=(-0.01515151515,5.218976368E-71)
COSET 9 c=1 d=42 gcd=1 a0=(-1.000000000,1.000000000) 
rho=(0.007575757576,0.007575757576) contrib=(-0.01515151515,8.383512485E-71)
COSET 9 c=1 d=43 gcd=1 a0=(-1.000000000,1.000000000) 
rho=(0.007575757576,0.007575757576) contrib=(-0.01515151515,2.821639034E-71)
COSET 9 c=1 d=44 gcd=1 a0=(-1.000000000,1.000000000) 
rho=(0.007575757576,0.007575757576) contrib=(-0.01515151515,-4.454363554E-70)
COSET 9 c=1 d=45 gcd=1 a0=(-1.000000000,1.000000000) 
rho=(0.007575757576,0.007575757576) contrib=(-0.01515151515,-1.410439727E-70)
COSET 9 c=1 d=46 gcd=1 a0=(-1.000000000,1.000000000) 
rho=(0.007575757576,0.007575757576) contrib=(-0.01515151515,3.996894668E-70)
COSET 9 c=1 d=47 gcd=1 a0=(-1.000000000,1.000000000) 
rho=(0.007575757576,0.007575757576) contrib=(-0.01515151515,1.688151188E-71)
COSET 9 c=1 d=48 gcd=1 a0=(-1.000000000,1.000000000) 
rho=(0.007575757576,0.007575757576) contrib=(-0.01515151515,6.469102247E-70)
COSET 9 c=1 d=49 gcd=1 a0=(-1.000000000,1.000000000) 
rho=(0.007575757576,0.007575757576) contrib=(-0.01515151515,3.483968244E-70)
COSET 9 c=1 d=50 gcd=1 a0=(-1.000000000,1.000000000) 
rho=(0.007575757576,0.007575757576) contrib=(-0.01515151515,2.028660044E-71)
COSET 9 c=1 d=51 gcd=1 a0=(-1.000000000,1.000000000) 
rho=(0.007575757576,0.007575757576) contrib=(-0.01515151515,4.813462379E-70)
COSET 9 c=1 d=52 gcd=1 a0=(-1.000000000,1.000000000) 
rho=(0.007575757576,0.007575757576) contrib=(-0.01515151515,3.791022796E-70)
COSET 9 c=1 d=53 gcd=1 a0=(-1.000000000,1.000000000) 
rho=(0.007575757576,0.007575757576) contrib=(-0.01515151515,1.899199994E-70)
COSET 9 c=1 d=54 gcd=1 a0=(-1.000000000,1.000000000) 
rho=(0.007575757576,0.007575757576) contrib=(-0.01515151515,-2.256803272E-70)
COSET 9 c=1 d=55 gcd=1 a0=(-1.000000000,1.000000000) 
rho=(0.007575757576,0.007575757576) contrib=(-0.01515151515,-7.016003720E-71)
COSET 9 c=1 d=56 gcd=1 a0=(-1.000000000,1.000000000) 
rho=(0.007575757576,0.007575757576) contrib=(-0.01515151515,-7.931624546E-71)
COSET 9 c=1 d=57 gcd=1 a0=(-1.000000000,1.000000000) 
rho=(0.007575757576,0.007575757576) contrib=(-0.01515151515,1.274076078E-70)
COSET 9 c=1 d=58 gcd=1 a0=(-1.000000000,1.000000000) 
rho=(0.007575757576,0.007575757576) contrib=(-0.01515151515,9.881823063E-70)
COSET 9 c=1 d=59 gcd=1 a0=(-1.000000000,1.000000000) 
rho=(0.007575757576,0.007575757576) contrib=(-0.01515151515,2.721880577E-70)
COSET 9 c=1 d=60 gcd=1 a0=(-1.000000000,1.000000000) 
rho=(0.007575757576,0.007575757576) contrib=(-0.01515151515,4.546831662E-70)
COSET 9 c=1 d=61 gcd=1 a0=(-1.000000000,1.000000000) 
rho=(0.007575757576,0.007575757576) contrib=(-0.01515151515,2.807477824E-71)
COSET 9 c=1 d=62 gcd=1 a0=(-1.000000000,1.000000000) 
rho=(0.007575757576,0.007575757576) contrib=(-0.01515151515,-1.778795665E-70)
COSET 9 c=1 d=63 gcd=1 a0=(-1.000000000,1.000000000) 
rho=(0.007575757576,0.007575757576) contrib=(-0.01515151515,5.838521686E-70)
COSET 9 c=1 d=64 gcd=1 a0=(-1.000000000,1.000000000) 
rho=(0.007575757576,0.007575757576) contrib=(-0.01515151515,-4.390802042E-70)
COSET 9 c=1 d=65 gcd=1 a0=(-1.000000000,1.000000000) 
rho=(0.007575757576,0.007575757576) contrib=(-0.01515151515,3.062729033E-69)
COSET 9 c=1 d=66 gcd=1 a0=(-1.000000000,1.000000000) 
rho=(0.007575757576,0.007575757576) contrib=(-0.01515151515,-1.507406667E-68)
COSET 9 c=1 d=67 gcd=1 a0=(-1.000000000,1.000000000) 
rho=(0.007575757576,0.007575757576) contrib=(-0.01515151515,-4.277008098E-70)
COSET 9 c=1 d=68 gcd=1 a0=(-1.000000000,1.000000000) 
rho=(0.007575757576,0.007575757576) contrib=(-0.01515151515,3.565086133E-70)
COSET 9 c=1 d=69 gcd=1 a0=(-1.000000000,1.000000000) 
rho=(0.007575757576,0.007575757576) contrib=(-0.01515151515,-4.610224598E-70)
COSET 9 c=1 d=70 gcd=1 a0=(-1.000000000,1.000000000) 
rho=(0.007575757576,0.007575757576) contrib=(-0.01515151515,4.711651998E-70)
COSET 9 c=1 d=71 gcd=1 a0=(-1.000000000,1.000000000) 
rho=(0.007575757576,0.007575757576) contrib=(-0.01515151515,1.500658156E-69)
COSET 9 c=1 d=72 gcd=1 a0=(-1.000000000,1.000000000) 
rho=(0.007575757576,0.007575757576) contrib=(-0.01515151515,-2.867186810E-70)
COSET 9 c=1 d=73 gcd=1 a0=(-1.000000000,1.000000000) 
rho=(0.007575757576,0.007575757576) contrib=(-0.01515151515,-7.950758450E-70)
COSET 9 c=1 d=74 gcd=1 a0=(-1.000000000,1.000000000) 
rho=(0.007575757576,0.007575757576) contrib=(-0.01515151515,-2.247373305E-70)
COSET 9 c=1 d=75 gcd=1 a0=(-1.000000000,1.000000000) 
rho=(0.007575757576,0.007575757576) contrib=(-0.01515151515,-3.644337700E-70)
COSET 9 c=1 d=76 gcd=1 a0=(-1.000000000,1.000000000) 
rho=(0.007575757576,0.007575757576) contrib=(-0.01515151515,3.172349803E-70)
COSET 9 c=1 d=77 gcd=1 a0=(-1.000000000,1.000000000) 
rho=(0.007575757576,0.007575757576) contrib=(-0.01515151515,5.858756047E-71)
COSET 9 c=1 d=78 gcd=1 a0=(-1.000000000,1.000000000) 
rho=(0.007575757576,0.007575757576) contrib=(-0.01515151515,1.029736566E-69)
COSET 9 c=1 d=79 gcd=1 a0=(-1.000000000,1.000000000) 
rho=(0.007575757576,0.007575757576) contrib=(-0.01515151515,-6.980133645E-70)
COSET 9 c=1 d=80 gcd=1 a0=(-1.000000000,1.000000000) 
rho=(0.007575757576,0.007575757576) contrib=(-0.01515151515,1.966331629E-70)
COSET 9 c=1 d=81 gcd=1 a0=(-1.000000000,1.000000000) 
rho=(0.007575757576,0.007575757576) contrib=(-0.01515151515,-1.742863113E-70)
COSET 9 c=1 d=82 gcd=1 a0=(-1.000000000,1.000000000) 
rho=(0.007575757576,0.007575757576) contrib=(-0.01515151515,-7.445796943E-70)
COSET 9 c=1 d=83 gcd=1 a0=(-1.000000000,1.000000000) 
rho=(0.007575757576,0.007575757576) contrib=(-0.01515151515,2.282099839E-70)
COSET 9 c=1 d=84 gcd=1 a0=(-1.000000000,1.000000000) 
rho=(0.007575757576,0.007575757576) contrib=(-0.01515151515,1.192412519E-69)
COSET 9 c=1 d=85 gcd=1 a0=(-1.000000000,1.000000000) 
rho=(0.007575757576,0.007575757576) contrib=(-0.01515151515,-8.981524693E-70)
COSET 9 c=1 d=86 gcd=1 a0=(-1.000000000,1.000000000) 
rho=(0.007575757576,0.007575757576) contrib=(-0.01515151515,-2.020305629E-70)
COSET 9 c=1 d=87 gcd=1 a0=(-1.000000000,1.000000000) 
rho=(0.007575757576,0.007575757576) contrib=(-0.01515151515,7.440032614E-70)
COSET 9 c=1 d=88 gcd=1 a0=(-1.000000000,1.000000000) 
rho=(0.007575757576,0.007575757576) contrib=(-0.01515151515,-4.447576864E-70)
COSET 9 c=1 d=89 gcd=1 a0=(-1.000000000,1.000000000) 
rho=(0.007575757576,0.007575757576) contrib=(-0.01515151515,-7.205620339E-72)
COSET 9 c=1 d=90 gcd=1 a0=(-1.000000000,1.000000000) 
rho=(0.007575757576,0.007575757576) contrib=(-0.01515151515,8.138652454E-71)
COSET 9 c=1 d=91 gcd=1 a0=(-1.000000000,1.000000000) 
rho=(0.007575757576,0.007575757576) contrib=(-0.01515151515,1.289039791E-69)
COSET 9 c=1 d=92 gcd=1 a0=(-1.000000000,1.000000000) 
rho=(0.007575757576,0.007575757576) contrib=(-0.01515151515,4.361695779E-70)
COSET 9 c=1 d=93 gcd=1 a0=(-1.000000000,1.000000000) 
rho=(0.007575757576,0.007575757576) contrib=(-0.01515151515,-4.979879612E-70)
COSET 9 c=1 d=94 gcd=1 a0=(-1.000000000,1.000000000) 
rho=(0.007575757576,0.007575757576) contrib=(-0.01515151515,-3.019923532E-70)
COSET 9 c=1 d=95 gcd=1 a0=(-1.000000000,1.000000000) 
rho=(0.007575757576,0.007575757576) contrib=(-0.01515151515,-3.895623250E-70)
COSET 9 c=1 d=96 gcd=1 a0=(-1.000000000,1.000000000) 
rho=(0.007575757576,0.007575757576) contrib=(-0.01515151515,2.862531847E-70)
COSET 9 c=1 d=97 gcd=1 a0=(-1.000000000,1.000000000) 
rho=(0.007575757576,0.007575757576) contrib=(-0.01515151515,-1.259269402E-69)
COSET 9 c=1 d=98 gcd=1 a0=(-1.000000000,1.000000000) 
rho=(0.007575757576,0.007575757576) contrib=(-0.01515151515,-4.353733268E-70)
COSET 9 c=1 d=99 gcd=1 a0=(-1.000000000,1.000000000) 
rho=(0.007575757576,0.007575757576) contrib=(-0.01515151515,1.424279557E-70)
COSET 9 c=1 d=100 gcd=1 a0=(-1.000000000,1.000000000) 
rho=(0.007575757576,0.007575757576) contrib=(-0.01515151515,1.427751783E-70)
COSET 9 c=1 d=101 gcd=1 a0=(-1.000000000,1.000000000) 
rho=(0.007575757576,0.007575757576) contrib=(-0.01515151515,1.954043274E-69)
COSET 9 c=1 d=102 gcd=1 a0=(-1.000000000,1.000000000) 
rho=(0.007575757576,0.007575757576) contrib=(-0.01515151515,-8.094149208E-70)
COSET 9 c=1 d=103 gcd=1 a0=(-1.000000000,1.000000000) 
rho=(0.007575757576,0.007575757576) contrib=(-0.01515151515,-2.449776100E-70)
COSET 9 c=1 d=104 gcd=1 a0=(-1.000000000,1.000000000) 
rho=(0.007575757576,0.007575757576) contrib=(-0.01515151515,2.087606080E-70)
COSET 9 c=1 d=105 gcd=1 a0=(-1.000000000,1.000000000) 
rho=(0.007575757576,0.007575757576) contrib=(-0.01515151515,4.312650653E-70)
COSET 9 c=1 d=106 gcd=1 a0=(-1.000000000,1.000000000) 
rho=(0.007575757576,0.007575757576) contrib=(-0.01515151515,3.193115632E-70)
COSET 9 c=1 d=107 gcd=1 a0=(-1.000000000,1.000000000) 
rho=(0.007575757576,0.007575757576) contrib=(-0.01515151515,-5.820307853E-70)
COSET 9 c=1 d=108 gcd=1 a0=(-1.000000000,1.000000000) 
rho=(0.007575757576,0.007575757576) contrib=(-0.01515151515,-1.204285058E-69)
COSET 9 c=1 d=109 gcd=1 a0=(-1.000000000,1.000000000) 
rho=(0.007575757576,0.007575757576) contrib=(-0.01515151515,1.560014708E-69)
COSET 9 c=1 d=110 gcd=1 a0=(-1.000000000,1.000000000) 
rho=(0.007575757576,0.007575757576) contrib=(-0.01515151515,7.192881840E-70)
COSET 9 c=1 d=111 gcd=1 a0=(-1.000000000,1.000000000) 
rho=(0.007575757576,0.007575757576) contrib=(-0.01515151515,9.919455249E-70)
COSET 9 c=1 d=112 gcd=1 a0=(-1.000000000,1.000000000) 
rho=(0.007575757576,0.007575757576) contrib=(-0.01515151515,-8.554562538E-70)
COSET 9 c=1 d=113 gcd=1 a0=(-1.000000000,1.000000000) 
rho=(0.007575757576,0.007575757576) contrib=(-0.01515151515,3.850544624E-70)
COSET 9 c=1 d=114 gcd=1 a0=(-1.000000000,1.000000000) 
rho=(0.007575757576,0.007575757576) contrib=(-0.01515151515,-1.817089682E-71)
COSET 9 c=1 d=115 gcd=1 a0=(-1.000000000,1.000000000) 
rho=(0.007575757576,0.007575757576) contrib=(-0.01515151515,2.027144913E-69)
COSET 9 c=1 d=116 gcd=1 a0=(-1.000000000,1.000000000) 
rho=(0.007575757576,0.007575757576) contrib=(-0.01515151515,2.792847447E-70)
COSET 9 c=1 d=117 gcd=1 a0=(-1.000000000,1.000000000) 
rho=(0.007575757576,0.007575757576) contrib=(-0.01515151515,8.781179979E-71)
COSET 9 c=1 d=118 gcd=1 a0=(-1.000000000,1.000000000) 
rho=(0.007575757576,0.007575757576) contrib=(-0.01515151515,1.034579815E-69)
COSET 9 c=1 d=119 gcd=1 a0=(-1.000000000,1.000000000) 
rho=(0.007575757576,0.007575757576) contrib=(-0.01515151515,3.515115341E-69)
COSET 9 c=1 d=120 gcd=1 a0=(-1.000000000,1.000000000) 
rho=(0.007575757576,0.007575757576) contrib=(-0.01515151515,9.925205149E-70)
COSET 9 c=1 d=121 gcd=1 a0=(-1.000000000,1.000000000) 
rho=(0.007575757576,0.007575757576) contrib=(-0.01515151515,6.989034036E-70)
COSET 9 c=1 d=122 gcd=1 a0=(-1.000000000,1.000000000) 
rho=(0.007575757576,0.007575757576) contrib=(-0.01515151515,-3.000558921E-70)
COSET 9 c=1 d=123 gcd=1 a0=(-1.000000000,1.000000000) 
rho=(0.007575757576,0.007575757576) contrib=(-0.01515151515,4.314553434E-70)
COSET 9 c=1 d=124 gcd=1 a0=(-1.000000000,1.000000000) 
rho=(0.007575757576,0.007575757576) contrib=(-0.01515151515,-1.737931813E-69)
COSET 9 c=1 d=125 gcd=1 a0=(-1.000000000,1.000000000) 
rho=(0.007575757576,0.007575757576) contrib=(-0.01515151515,3.650209387E-70)
COSET 9 c=1 d=126 gcd=1 a0=(-1.000000000,1.000000000) 
rho=(0.007575757576,0.007575757576) contrib=(-0.01515151515,1.475844805E-69)
COSET 9 c=1 d=127 gcd=1 a0=(-1.000000000,1.000000000) 
rho=(0.007575757576,0.007575757576) contrib=(-0.01515151515,1.243181136E-69)
COSET 9 c=1 d=128 gcd=1 a0=(-1.000000000,1.000000000) 
rho=(0.007575757576,0.007575757576) contrib=(-0.01515151515,7.857414016E-71)
COSET 9 c=1 d=129 gcd=1 a0=(-1.000000000,1.000000000) 
rho=(0.007575757576,0.007575757576) contrib=(-0.01515151515,-4.754295658E-70)
COSET 9 c=1 d=130 gcd=1 a0=(-1.000000000,1.000000000) 
rho=(0.007575757576,0.007575757576) contrib=(-0.01515151515,-1.239232071E-69)
COSET 9 c=1 d=131 gcd=1 a0=(-1.000000000,1.000000000) 
rho=(0.007575757576,0.007575757576) contrib=(-0.01515151515,1.439086657E-65)
COSET 9 c=3 d=1 gcd=3 a0=(761353.0000,761353.0000) 
rho=(0.02272727273,-0.02272727273) contrib=(34606.95454,-4.840253839E-71)
COSET 9 c=3 d=2 gcd=3 a0=(761353.0000,761353.0000) 
rho=(0.02272727273,-0.02272727273) contrib=(34606.95454,-2.742450414E-71)
COSET 9 c=3 d=4 gcd=3 a0=(761353.0000,761353.0000) 
rho=(0.02272727273,-0.02272727273) contrib=(34606.95454,-2.658135858E-71)
COSET 9 c=3 d=5 gcd=3 a0=(761353.0000,761353.0000) 
rho=(0.02272727273,-0.02272727273) contrib=(34606.95454,-7.319732803E-71)
COSET 9 c=3 d=7 gcd=3 a0=(761353.0000,761353.0000) 
rho=(0.02272727273,-0.02272727273) contrib=(34606.95454,-1.733594758E-71)
COSET 9 c=3 d=8 gcd=3 a0=(761353.0000,761353.0000) 
rho=(0.02272727273,-0.02272727273) contrib=(34606.95454,-3.326679993E-71)
COSET 9 c=3 d=10 gcd=3 a0=(761353.0000,761353.0000) 
rho=(0.02272727273,-0.02272727273) contrib=(34606.95454,-2.535051299E-71)
COSET 9 c=3 d=11 gcd=3 a0=(761353.0000,761353.0000) 
rho=(0.02272727273,-0.02272727273) contrib=(34606.95454,-3.216418418E-71)
COSET 9 c=3 d=13 gcd=3 a0=(761353.0000,761353.0000) 
rho=(0.02272727273,-0.02272727273) contrib=(34606.95454,-9.698636920E-71)
COSET 9 c=3 d=14 gcd=3 a0=(761353.0000,761353.0000) 
rho=(0.02272727273,-0.02272727273) contrib=(34606.95454,-4.121463759E-71)
COSET 9 c=3 d=16 gcd=3 a0=(761353.0000,761353.0000) 
rho=(0.02272727273,-0.02272727273) contrib=(34606.95454,-1.792998711E-70)
COSET 9 c=3 d=17 gcd=3 a0=(761353.0000,761353.0000) 
rho=(0.02272727273,-0.02272727273) contrib=(34606.95454,6.350188139E-72)
COSET 9 c=3 d=19 gcd=3 a0=(761353.0000,761353.0000) 
rho=(0.02272727273,-0.02272727273) contrib=(34606.95454,3.733779525E-71)
COSET 9 c=3 d=20 gcd=3 a0=(761353.0000,761353.0000) 
rho=(0.02272727273,-0.02272727273) contrib=(34606.95454,1.202721424E-70)
COSET 9 c=3 d=22 gcd=3 a0=(761353.0000,761353.0000) 
rho=(0.02272727273,-0.02272727273) contrib=(34606.95454,-8.870730464E-71)
COSET 9 c=3 d=23 gcd=3 a0=(761353.0000,761353.0000) 
rho=(0.02272727273,-0.02272727273) contrib=(34606.95454,3.296280427E-70)
COSET 9 c=3 d=25 gcd=3 a0=(761353.0000,761353.0000) 
rho=(0.02272727273,-0.02272727273) contrib=(34606.95454,1.691986606E-70)
COSET 9 c=3 d=26 gcd=3 a0=(761353.0000,761353.0000) 
rho=(0.02272727273,-0.02272727273) contrib=(34606.95454,-2.705076637E-70)
COSET 9 c=3 d=28 gcd=3 a0=(761353.0000,761353.0000) 
rho=(0.02272727273,-0.02272727273) contrib=(34606.95454,-1.160930159E-70)
COSET 9 c=3 d=29 gcd=3 a0=(761353.0000,761353.0000) 
rho=(0.02272727273,-0.02272727273) contrib=(34606.95454,-4.685311020E-70)
COSET 9 c=3 d=31 gcd=3 a0=(761353.0000,761353.0000) 
rho=(0.02272727273,-0.02272727273) contrib=(34606.95454,1.498817813E-70)
COSET 9 c=3 d=32 gcd=3 a0=(761353.0000,761353.0000) 
rho=(0.02272727273,-0.02272727273) contrib=(34606.95454,-1.979010394E-70)
COSET 9 c=3 d=34 gcd=3 a0=(761353.0000,761353.0000) 
rho=(0.02272727273,-0.02272727273) contrib=(34606.95454,-4.953027932E-70)
COSET 9 c=3 d=35 gcd=3 a0=(761353.0000,761353.0000) 
rho=(0.02272727273,-0.02272727273) contrib=(34606.95454,-3.864656183E-70)
COSET 9 c=3 d=37 gcd=3 a0=(761353.0000,761353.0000) 
rho=(0.02272727273,-0.02272727273) contrib=(34606.95454,8.312581200E-70)
COSET 9 c=3 d=38 gcd=3 a0=(761353.0000,761353.0000) 
rho=(0.02272727273,-0.02272727273) contrib=(34606.95454,2.765774724E-70)
COSET 9 c=3 d=40 gcd=3 a0=(761353.0000,761353.0000) 
rho=(0.02272727273,-0.02272727273) contrib=(34606.95454,1.134848475E-69)
COSET 9 c=3 d=41 gcd=3 a0=(761353.0000,761353.0000) 
rho=(0.02272727273,-0.02272727273) contrib=(34606.95454,2.384767318E-70)
COSET 9 c=3 d=43 gcd=3 a0=(761353.0000,761353.0000) 
rho=(0.02272727273,-0.02272727273) contrib=(34606.95454,3.553152155E-70)
COSET 9 c=3 d=44 gcd=3 a0=(761353.0000,761353.0000) 
rho=(0.02272727273,-0.02272727273) contrib=(34606.95454,-7.055633411E-70)
COSET 9 c=3 d=47 gcd=3 a0=(761353.0000,761353.0000) 
rho=(0.02272727273,-0.02272727273) contrib=(34606.95454,1.475618442E-69)
COSET 9 c=3 d=50 gcd=3 a0=(761353.0000,761353.0000) 
rho=(0.02272727273,-0.02272727273) contrib=(34606.95454,-1.125412327E-69)
COSET 9 c=3 d=53 gcd=3 a0=(761353.0000,761353.0000) 
rho=(0.02272727273,-0.02272727273) contrib=(34606.95454,9.532298081E-70)
COSET 9 c=3 d=56 gcd=3 a0=(761353.0000,761353.0000) 
rho=(0.02272727273,-0.02272727273) contrib=(34606.95454,1.203469720E-69)
COSET 9 c=3 d=59 gcd=3 a0=(761353.0000,761353.0000) 
rho=(0.02272727273,-0.02272727273) contrib=(34606.95454,-1.898507163E-69)
COSET 9 c=3 d=62 gcd=3 a0=(761353.0000,761353.0000) 
rho=(0.02272727273,-0.02272727273) contrib=(34606.95454,1.513048287E-69)
COSET 9 c=3 d=65 gcd=3 a0=(761353.0000,761353.0000) 
rho=(0.02272727273,-0.02272727273) contrib=(34606.95454,1.462420819E-69)
COSET 9 c=3 d=68 gcd=3 a0=(761353.0000,761353.0000) 
rho=(0.02272727273,-0.02272727273) contrib=(34606.95454,1.613068359E-69)
COSET 9 c=3 d=71 gcd=3 a0=(761353.0000,761353.0000) 
rho=(0.02272727273,-0.02272727273) contrib=(34606.95454,-6.472875058E-70)
COSET 9 c=3 d=74 gcd=3 a0=(761353.0000,761353.0000) 
rho=(0.02272727273,-0.02272727273) contrib=(34606.95454,-1.377252097E-69)
COSET 9 c=3 d=77 gcd=3 a0=(761353.0000,761353.0000) 
rho=(0.02272727273,-0.02272727273) contrib=(34606.95454,1.421900192E-69)
COSET 9 c=3 d=80 gcd=3 a0=(761353.0000,761353.0000) 
rho=(0.02272727273,-0.02272727273) contrib=(34606.95454,-6.467946852E-70)
COSET 9 c=3 d=83 gcd=3 a0=(761353.0000,761353.0000) 
rho=(0.02272727273,-0.02272727273) contrib=(34606.95454,-2.555549580E-69)
COSET 9 c=3 d=86 gcd=3 a0=(761353.0000,761353.0000) 
rho=(0.02272727273,-0.02272727273) contrib=(34606.95454,-2.589676804E-69)
COSET 9 c=4 d=1 gcd=4 a0=(-4745000.000,-3.493104833E-70) 
rho=(1.964682344E-81,-4.791908156E-83) contrib=(-9.322417723E-75,2.273760420E-7\
6)
COSET 9 c=4 d=3 gcd=4 a0=(-4.206704977E-70,-4745000.000) 
rho=(9.264355768E-82,5.430829243E-82) contrib=(2.576928476E-75,-4.395936812E-75\
)
COSET 9 c=4 d=5 gcd=4 a0=(-4745000.000,2.644666686E-70) 
rho=(1.964682344E-81,-4.791908156E-83) contrib=(-9.322417723E-75,2.273760420E-7\
6)
COSET 9 c=4 d=7 gcd=4 a0=(3.526318052E-69,-4745000.000) 
rho=(9.264355768E-82,5.430829243E-82) contrib=(2.576928476E-75,-4.395936812E-75\
)
COSET 9 c=4 d=9 gcd=4 a0=(-4745000.000,-4.420155291E-70) 
rho=(1.964682344E-81,-4.791908156E-83) contrib=(-9.322417723E-75,2.273760420E-7\
6)
COSET 9 c=4 d=11 gcd=4 a0=(-2.768392294E-69,-4745000.000) 
rho=(9.264355768E-82,5.430829243E-82) contrib=(2.576928476E-75,-4.395936812E-75\
)
COSET 9 c=4 d=13 gcd=4 a0=(-4745000.000,7.494679828E-70) 
rho=(1.964682344E-81,-4.791908156E-83) contrib=(-9.322417723E-75,2.273760420E-7\
6)
COSET 9 c=4 d=15 gcd=4 a0=(-1.040181984E-68,-4745000.000) 
rho=(9.264355768E-82,5.430829243E-82) contrib=(2.576928476E-75,-4.395936812E-75\
)
COSET 9 c=4 d=17 gcd=4 a0=(-4745000.000,1.434957664E-69) 
rho=(1.964682344E-81,-4.791908156E-83) contrib=(-9.322417723E-75,2.273760420E-7\
6)
COSET 9 c=4 d=19 gcd=4 a0=(4.460792116E-70,-4745000.000) 
rho=(9.264355768E-82,5.430829243E-82) contrib=(2.576928476E-75,-4.395936812E-75\
)
COSET 9 c=4 d=21 gcd=4 a0=(-4745000.000,-1.384436539E-69) 
rho=(1.964682344E-81,-4.791908156E-83) contrib=(-9.322417723E-75,2.273760420E-7\
6)
COSET 9 c=4 d=23 gcd=4 a0=(6.375356358E-69,-4745000.000) 
rho=(9.264355768E-82,5.430829243E-82) contrib=(2.576928476E-75,-4.395936812E-75\
)
COSET 9 c=4 d=25 gcd=4 a0=(-4745000.000,9.997129474E-69) 
rho=(1.964682344E-81,-4.791908156E-83) contrib=(-9.322417723E-75,2.273760420E-7\
6)
COSET 9 c=4 d=27 gcd=4 a0=(1.721140071E-69,-4745000.000) 
rho=(9.264355768E-82,5.430829243E-82) contrib=(2.576928476E-75,-4.395936812E-75\
)
COSET 9 c=4 d=29 gcd=4 a0=(-4745000.000,2.500031915E-70) 
rho=(1.964682344E-81,-4.791908156E-83) contrib=(-9.322417723E-75,2.273760420E-7\
6)
COSET 9 c=4 d=31 gcd=4 a0=(6.783904660E-69,-4745000.000) 
rho=(9.264355768E-82,5.430829243E-82) contrib=(2.576928476E-75,-4.395936812E-75\
)
COSET 9 c=4 d=33 gcd=4 a0=(-4745000.000,-4.328190715E-69) 
rho=(1.964682344E-81,-4.791908156E-83) contrib=(-9.322417723E-75,2.273760420E-7\
6)
COSET 9 c=4 d=35 gcd=4 a0=(1.476067934E-68,-4745000.000) 
rho=(9.264355768E-82,5.430829243E-82) contrib=(2.576928476E-75,-4.395936812E-75\
)
COSET 9 c=4 d=37 gcd=4 a0=(-4745000.000,3.846742866E-69) 
rho=(1.964682344E-81,-4.791908156E-83) contrib=(-9.322417723E-75,2.273760420E-7\
6)
COSET 9 c=4 d=39 gcd=4 a0=(-1.432072959E-70,-4745000.000) 
rho=(9.264355768E-82,5.430829243E-82) contrib=(2.576928476E-75,-4.395936812E-75\
)
COSET 9 c=4 d=41 gcd=4 a0=(-4745000.000,-2.031064336E-68) 
rho=(1.964682344E-81,-4.791908156E-83) contrib=(-9.322417723E-75,2.273760420E-7\
6)
COSET 9 c=4 d=43 gcd=4 a0=(1.295331279E-69,-4745000.000) 
rho=(9.264355768E-82,5.430829243E-82) contrib=(2.576928476E-75,-4.395936812E-75\
)
COSET 9 c=4 d=45 gcd=4 a0=(-4745000.000,-2.373329011E-69) 
rho=(1.964682344E-81,-4.791908156E-83) contrib=(-9.322417723E-75,2.273760420E-7\
6)
COSET 9 c=4 d=47 gcd=4 a0=(1.495472690E-68,-4745000.000) 
rho=(9.264355768E-82,5.430829243E-82) contrib=(2.576928476E-75,-4.395936812E-75\
)
COSET 9 c=4 d=49 gcd=4 a0=(-4745000.000,-4.356373289E-69) 
rho=(1.964682344E-81,-4.791908156E-83) contrib=(-9.322417723E-75,2.273760420E-7\
6)
COSET 9 c=4 d=51 gcd=4 a0=(-4.507351615E-69,-4745000.000) 
rho=(9.264355768E-82,5.430829243E-82) contrib=(2.576928476E-75,-4.395936812E-75\
)
COSET 9 c=4 d=53 gcd=4 a0=(-4745000.000,-4.313729719E-68) 
rho=(1.964682344E-81,-4.791908156E-83) contrib=(-9.322417723E-75,2.273760420E-7\
6)
COSET 9 c=4 d=55 gcd=4 a0=(-6.829812845E-68,-4745000.000) 
rho=(9.264355768E-82,5.430829243E-82) contrib=(2.576928476E-75,-4.395936812E-75\
)
COSET 9 c=4 d=57 gcd=4 a0=(-4745000.000,2.527114237E-68) 
rho=(1.964682344E-81,-4.791908156E-83) contrib=(-9.322417723E-75,2.273760420E-7\
6)
COSET 9 c=4 d=59 gcd=4 a0=(-3.680736184E-69,-4745000.000) 
rho=(9.264355768E-82,5.430829243E-82) contrib=(2.576928476E-75,-4.395936812E-75\
)
COSET 9 c=4 d=61 gcd=4 a0=(-4745000.000,1.190151661E-68) 
rho=(1.964682344E-81,-4.791908156E-83) contrib=(-9.322417723E-75,2.273760420E-7\
6)
COSET 9 c=4 d=63 gcd=4 a0=(7.721083584E-69,-4745000.000) 
rho=(9.264355768E-82,5.430829243E-82) contrib=(2.576928476E-75,-4.395936812E-75\
)
COSET 9 c=4 d=65 gcd=4 a0=(-4745000.000,6.434406262E-68) 
rho=(1.964682344E-81,-4.791908156E-83) contrib=(-9.322417723E-75,2.273760420E-7\
6)
COSET 9 c=11 d=1 gcd=11 a0=(-1.000000000,-1.000000000) 
rho=(0.08333333334,-0.08333333334) contrib=(-0.1666666667,2.909513672E-71)
COSET 9 c=11 d=2 gcd=11 a0=(1.000000000,1.000000000) 
rho=(-0.08333333334,0.08333333334) contrib=(-0.1666666667,3.686119976E-71)
COSET 9 c=11 d=3 gcd=11 a0=(-1.000000000,-1.000000000) 
rho=(0.08333333334,-0.08333333334) contrib=(-0.1666666667,-1.984901860E-71)
COSET 9 c=11 d=4 gcd=11 a0=(-1.000000000,-1.000000000) 
rho=(0.08333333334,-0.08333333334) contrib=(-0.1666666667,1.000718046E-71)
COSET 9 c=11 d=5 gcd=11 a0=(1.000000000,1.000000000) 
rho=(-0.08333333334,0.08333333334) contrib=(-0.1666666667,3.614795300E-71)
COSET 9 c=11 d=6 gcd=11 a0=(1.000000000,1.000000000) 
rho=(-0.08333333334,0.08333333334) contrib=(-0.1666666667,-1.687635439E-71)
COSET 9 c=11 d=7 gcd=11 a0=(-1.000000000,-1.000000000) 
rho=(0.08333333334,-0.08333333334) contrib=(-0.1666666667,-5.308629787E-72)
COSET 9 c=11 d=8 gcd=11 a0=(-1.000000000,-1.000000000) 
rho=(0.08333333334,-0.08333333334) contrib=(-0.1666666667,-7.070451352E-72)
COSET 9 c=11 d=9 gcd=11 a0=(-1.000000000,-1.000000000) 
rho=(0.08333333334,-0.08333333334) contrib=(-0.1666666667,4.465652505E-71)
COSET 9 c=11 d=10 gcd=11 a0=(-1.000000000,-1.000000000) 
rho=(0.08333333334,-0.08333333334) contrib=(-0.1666666667,2.025524083E-72)
COSET 9 c=11 d=12 gcd=11 a0=(-1.000000000,-1.000000000) 
rho=(0.08333333334,-0.08333333334) contrib=(-0.1666666667,-7.904398069E-71)
COSET 9 c=11 d=23 gcd=11 a0=(-1.000000000,-1.000000000) 
rho=(0.08333333334,-0.08333333334) contrib=(-0.1666666667,-3.066699135E-71)
COSET 9 c=12 d=1 gcd=12 a0=(761406.0000,8.987291875E-72) 
rho=(-1.108528087E-80,4.152987069E-82) contrib=(-8.440399364E-75,3.162109272E-7\
6)
COSET 9 c=12 d=5 gcd=12 a0=(-761406.0000,1.884621765E-71) 
rho=(-1.277842175E-82,-1.725086936E-81) contrib=(9.729566990E-77,1.313491544E-7\
5)
COSET 9 c=12 d=7 gcd=12 a0=(-1.084854865E-71,761406.0000) 
rho=(-1.900790235E-81,-9.104625497E-82) contrib=(6.932316481E-76,-1.447273090E-\
75)
COSET 9 c=12 d=11 gcd=12 a0=(-5.849869746E-72,761406.0000) 
rho=(-4.568285776E-81,1.619664957E-80) contrib=(-1.233222616E-74,-3.478320199E-\
75)
COSET 9 c=12 d=13 gcd=12 a0=(761406.0000,-5.330472080E-71) 
rho=(-1.108528087E-80,4.152987069E-82) contrib=(-8.440399364E-75,3.162109272E-7\
6)
COSET 9 c=12 d=17 gcd=12 a0=(-761406.0000,-1.211526920E-71) 
rho=(-1.277842175E-82,-1.725086936E-81) contrib=(9.729566990E-77,1.313491544E-7\
5)
COSET 9 c=12 d=19 gcd=12 a0=(-5.026300954E-71,761406.0000) 
rho=(-1.900790235E-81,-9.104625497E-82) contrib=(6.932316481E-76,-1.447273090E-\
75)
COSET 9 c=12 d=25 gcd=12 a0=(761406.0000,-4.127815587E-72) 
rho=(-1.108528087E-80,4.152987069E-82) contrib=(-8.440399364E-75,3.162109272E-7\
6)
COSET 9 c=12 d=31 gcd=12 a0=(8.025606889E-71,761406.0000) 
rho=(-1.900790235E-81,-9.104625497E-82) contrib=(6.932316481E-76,-1.447273090E-\
75)
COSET 9 c=12 d=37 gcd=12 a0=(761406.0000,1.139872500E-70) 
rho=(-1.108528087E-80,4.152987069E-82) contrib=(-8.440399364E-75,3.162109272E-7\
6)
COSET 9 c=12 d=43 gcd=12 a0=(2.330682726E-70,761406.0000) 
rho=(-1.900790235E-81,-9.104625497E-82) contrib=(6.932316481E-76,-1.447273090E-\
75)
COSET 9 c=33 d=1 gcd=33 a0=(761347.0000,-761347.0000) 
rho=(-0.2500000000,-0.2500000000) contrib=(-380673.5000,4.919292255E-71)
COSET 9 c=33 d=2 gcd=33 a0=(761347.0000,-761347.0000) 
rho=(-0.2500000000,-0.2500000000) contrib=(-380673.5000,-6.024227821E-71)
COSET 9 c=33 d=4 gcd=33 a0=(761347.0000,-761347.0000) 
rho=(-0.2500000000,-0.2500000000) contrib=(-380673.5000,-1.442975669E-70)
COSET 9 c=33 d=7 gcd=33 a0=(-761347.0000,761347.0000) 
rho=(0.2500000000,0.2500000000) contrib=(-380673.5000,5.036879281E-71)
COSET 9 c=44 d=1 gcd=44 a0=(-4744998.000,1.184842709E-68) 
rho=(-5.520278196E-80,1.993433793E-80) contrib=(2.619370900E-73,-9.458839361E-7\
4)
COSET 9 c=44 d=3 gcd=44 a0=(2.582484654E-68,-4744998.000) 
rho=(-8.916947779E-81,4.276366487E-81) contrib=(2.029135043E-74,4.231089937E-74\
)
COSET 9 c=44 d=5 gcd=44 a0=(-4744998.000,8.796648521E-69) 
rho=(1.517437583E-80,-7.060078016E-81) contrib=(-7.200238295E-74,3.350005607E-7\
4)
FORM 10:
  c_eta(0)[1] (trivial) = -1.35903802663E-63 + 6.81101660130E-64 i   (half: 
-6.79519013317E-64)
  c_eta(0)[2] = 8.00000000000 + 6.81100232621E-64 i   (half: 4.00000000000)
  c_eta(0)[3] = 8.00000000000 + 6.81100232649E-64 i   (half: 4.00000000000)
COSET 10 c=0 d=1 gcd=132 a0=(-761416.0000,1.478131279E-69) 
rho=(0.0000000000,0.0000000000) contrib=(-0.0000000000,0.0000000000)
COSET 10 c=1 d=0 gcd=1 a0=(-3.000000000,3.000000000) 
rho=(0.007575757576,0.007575757576) contrib=(-0.04545454546,6.667001934E-64)
COSET 10 c=1 d=1 gcd=1 a0=(-3.000000000,3.000000000) 
rho=(0.007575757576,0.007575757576) contrib=(-0.04545454546,9.519652492E-69)
COSET 10 c=1 d=2 gcd=1 a0=(-3.000000000,3.000000000) 
rho=(0.007575757576,0.007575757576) contrib=(-0.04545454546,1.147410441E-70)
COSET 10 c=1 d=3 gcd=1 a0=(-3.000000000,3.000000000) 
rho=(0.007575757576,0.007575757576) contrib=(-0.04545454546,-2.604988341E-70)
COSET 10 c=1 d=4 gcd=1 a0=(-3.000000000,3.000000000) 
rho=(0.007575757576,0.007575757576) contrib=(-0.04545454546,2.478366408E-71)
COSET 10 c=1 d=5 gcd=1 a0=(-3.000000000,3.000000000) 
rho=(0.007575757576,0.007575757576) contrib=(-0.04545454546,-4.161246264E-70)
COSET 10 c=1 d=6 gcd=1 a0=(-3.000000000,3.000000000) 
rho=(0.007575757576,0.007575757576) contrib=(-0.04545454546,-2.080366204E-70)
COSET 10 c=1 d=7 gcd=1 a0=(-3.000000000,3.000000000) 
rho=(0.007575757576,0.007575757576) contrib=(-0.04545454546,-2.121740088E-70)
COSET 10 c=1 d=8 gcd=1 a0=(-3.000000000,3.000000000) 
rho=(0.007575757576,0.007575757576) contrib=(-0.04545454546,-3.777073979E-70)
COSET 10 c=1 d=9 gcd=1 a0=(-3.000000000,3.000000000) 
rho=(0.007575757576,0.007575757576) contrib=(-0.04545454546,-2.396543850E-70)
COSET 10 c=1 d=10 gcd=1 a0=(-3.000000000,3.000000000) 
rho=(0.007575757576,0.007575757576) contrib=(-0.04545454546,3.201380326E-70)
COSET 10 c=1 d=11 gcd=1 a0=(-3.000000000,3.000000000) 
rho=(0.007575757576,0.007575757576) contrib=(-0.04545454546,-3.182556535E-70)
COSET 10 c=1 d=12 gcd=1 a0=(-3.000000000,3.000000000) 
rho=(0.007575757576,0.007575757576) contrib=(-0.04545454546,-1.473064634E-70)
COSET 10 c=1 d=13 gcd=1 a0=(-3.000000000,3.000000000) 
rho=(0.007575757576,0.007575757576) contrib=(-0.04545454546,-3.692294901E-70)
COSET 10 c=1 d=14 gcd=1 a0=(-3.000000000,3.000000000) 
rho=(0.007575757576,0.007575757576) contrib=(-0.04545454546,-4.010833477E-71)
COSET 10 c=1 d=15 gcd=1 a0=(-3.000000000,3.000000000) 
rho=(0.007575757576,0.007575757576) contrib=(-0.04545454546,-1.186834749E-70)
COSET 10 c=1 d=16 gcd=1 a0=(-3.000000000,3.000000000) 
rho=(0.007575757576,0.007575757576) contrib=(-0.04545454546,3.399188574E-70)
COSET 10 c=1 d=17 gcd=1 a0=(-3.000000000,3.000000000) 
rho=(0.007575757576,0.007575757576) contrib=(-0.04545454546,6.510826107E-71)
COSET 10 c=1 d=18 gcd=1 a0=(-3.000000000,3.000000000) 
rho=(0.007575757576,0.007575757576) contrib=(-0.04545454546,-1.310289124E-71)
COSET 10 c=1 d=19 gcd=1 a0=(-3.000000000,3.000000000) 
rho=(0.007575757576,0.007575757576) contrib=(-0.04545454546,7.976317543E-71)
COSET 10 c=1 d=20 gcd=1 a0=(-3.000000000,3.000000000) 
rho=(0.007575757576,0.007575757576) contrib=(-0.04545454546,-1.789316646E-70)
COSET 10 c=1 d=21 gcd=1 a0=(-3.000000000,3.000000000) 
rho=(0.007575757576,0.007575757576) contrib=(-0.04545454546,-5.192619427E-70)
COSET 10 c=1 d=22 gcd=1 a0=(-3.000000000,3.000000000) 
rho=(0.007575757576,0.007575757576) contrib=(-0.04545454546,2.106694186E-71)
COSET 10 c=1 d=23 gcd=1 a0=(-3.000000000,3.000000000) 
rho=(0.007575757576,0.007575757576) contrib=(-0.04545454546,1.902403431E-70)
COSET 10 c=1 d=24 gcd=1 a0=(-3.000000000,3.000000000) 
rho=(0.007575757576,0.007575757576) contrib=(-0.04545454546,2.775157500E-70)
COSET 10 c=1 d=25 gcd=1 a0=(-3.000000000,3.000000000) 
rho=(0.007575757576,0.007575757576) contrib=(-0.04545454546,-2.924091691E-70)
COSET 10 c=1 d=26 gcd=1 a0=(-3.000000000,3.000000000) 
rho=(0.007575757576,0.007575757576) contrib=(-0.04545454546,2.873353144E-70)
COSET 10 c=1 d=27 gcd=1 a0=(-3.000000000,3.000000000) 
rho=(0.007575757576,0.007575757576) contrib=(-0.04545454546,-3.867735954E-70)
COSET 10 c=1 d=28 gcd=1 a0=(-3.000000000,3.000000000) 
rho=(0.007575757576,0.007575757576) contrib=(-0.04545454546,2.526711198E-70)
COSET 10 c=1 d=29 gcd=1 a0=(-3.000000000,3.000000000) 
rho=(0.007575757576,0.007575757576) contrib=(-0.04545454546,3.812546210E-71)
COSET 10 c=1 d=30 gcd=1 a0=(-3.000000000,3.000000000) 
rho=(0.007575757576,0.007575757576) contrib=(-0.04545454546,-5.967313853E-70)
COSET 10 c=1 d=31 gcd=1 a0=(-3.000000000,3.000000000) 
rho=(0.007575757576,0.007575757576) contrib=(-0.04545454546,-3.232152805E-70)
COSET 10 c=1 d=32 gcd=1 a0=(-3.000000000,3.000000000) 
rho=(0.007575757576,0.007575757576) contrib=(-0.04545454546,2.844913456E-71)
COSET 10 c=1 d=33 gcd=1 a0=(-3.000000000,3.000000000) 
rho=(0.007575757576,0.007575757576) contrib=(-0.04545454546,-1.098569212E-70)
COSET 10 c=1 d=34 gcd=1 a0=(-3.000000000,3.000000000) 
rho=(0.007575757576,0.007575757576) contrib=(-0.04545454546,8.891961609E-71)
COSET 10 c=1 d=35 gcd=1 a0=(-3.000000000,3.000000000) 
rho=(0.007575757576,0.007575757576) contrib=(-0.04545454546,4.278809705E-70)
COSET 10 c=1 d=36 gcd=1 a0=(-3.000000000,3.000000000) 
rho=(0.007575757576,0.007575757576) contrib=(-0.04545454546,-8.776065693E-71)
COSET 10 c=1 d=37 gcd=1 a0=(-3.000000000,3.000000000) 
rho=(0.007575757576,0.007575757576) contrib=(-0.04545454546,5.311658114E-70)
COSET 10 c=1 d=38 gcd=1 a0=(-3.000000000,3.000000000) 
rho=(0.007575757576,0.007575757576) contrib=(-0.04545454546,-2.504403629E-70)
COSET 10 c=1 d=39 gcd=1 a0=(-3.000000000,3.000000000) 
rho=(0.007575757576,0.007575757576) contrib=(-0.04545454546,-3.277991955E-70)
COSET 10 c=1 d=40 gcd=1 a0=(-3.000000000,3.000000000) 
rho=(0.007575757576,0.007575757576) contrib=(-0.04545454546,-2.046225179E-70)
COSET 10 c=1 d=41 gcd=1 a0=(-3.000000000,3.000000000) 
rho=(0.007575757576,0.007575757576) contrib=(-0.04545454546,5.263030602E-71)
COSET 10 c=1 d=42 gcd=1 a0=(-3.000000000,3.000000000) 
rho=(0.007575757576,0.007575757576) contrib=(-0.04545454546,8.368088484E-71)
COSET 10 c=1 d=43 gcd=1 a0=(-3.000000000,3.000000000) 
rho=(0.007575757576,0.007575757576) contrib=(-0.04545454546,2.861206818E-71)
COSET 10 c=1 d=44 gcd=1 a0=(-3.000000000,3.000000000) 
rho=(0.007575757576,0.007575757576) contrib=(-0.04545454546,-4.456045573E-70)
COSET 10 c=1 d=45 gcd=1 a0=(-3.000000000,3.000000000) 
rho=(0.007575757576,0.007575757576) contrib=(-0.04545454546,-1.412755746E-70)
COSET 10 c=1 d=46 gcd=1 a0=(-3.000000000,3.000000000) 
rho=(0.007575757576,0.007575757576) contrib=(-0.04545454546,4.000155027E-70)
COSET 10 c=1 d=47 gcd=1 a0=(-3.000000000,3.000000000) 
rho=(0.007575757576,0.007575757576) contrib=(-0.04545454546,1.677881305E-71)
COSET 10 c=1 d=48 gcd=1 a0=(-3.000000000,3.000000000) 
rho=(0.007575757576,0.007575757576) contrib=(-0.04545454546,6.466257866E-70)
COSET 10 c=1 d=49 gcd=1 a0=(-3.000000000,3.000000000) 
rho=(0.007575757576,0.007575757576) contrib=(-0.04545454546,3.483816912E-70)
COSET 10 c=1 d=50 gcd=1 a0=(-3.000000000,3.000000000) 
rho=(0.007575757576,0.007575757576) contrib=(-0.04545454546,2.033159671E-71)
COSET 10 c=1 d=51 gcd=1 a0=(-3.000000000,3.000000000) 
rho=(0.007575757576,0.007575757576) contrib=(-0.04545454546,4.810879088E-70)
COSET 10 c=1 d=52 gcd=1 a0=(-3.000000000,3.000000000) 
rho=(0.007575757576,0.007575757576) contrib=(-0.04545454546,3.786714665E-70)
COSET 10 c=1 d=53 gcd=1 a0=(-3.000000000,3.000000000) 
rho=(0.007575757576,0.007575757576) contrib=(-0.04545454546,1.901310061E-70)
COSET 10 c=1 d=54 gcd=1 a0=(-3.000000000,3.000000000) 
rho=(0.007575757576,0.007575757576) contrib=(-0.04545454546,-2.260348897E-70)
COSET 10 c=1 d=55 gcd=1 a0=(-3.000000000,3.000000000) 
rho=(0.007575757576,0.007575757576) contrib=(-0.04545454546,-7.030170320E-71)
COSET 10 c=1 d=56 gcd=1 a0=(-3.000000000,3.000000000) 
rho=(0.007575757576,0.007575757576) contrib=(-0.04545454546,-7.904303831E-71)
COSET 10 c=1 d=57 gcd=1 a0=(-3.000000000,3.000000000) 
rho=(0.007575757576,0.007575757576) contrib=(-0.04545454546,1.272948383E-70)
COSET 10 c=1 d=58 gcd=1 a0=(-3.000000000,3.000000000) 
rho=(0.007575757576,0.007575757576) contrib=(-0.04545454546,9.881520056E-70)
COSET 10 c=1 d=59 gcd=1 a0=(-3.000000000,3.000000000) 
rho=(0.007575757576,0.007575757576) contrib=(-0.04545454546,2.722180625E-70)
COSET 10 c=1 d=60 gcd=1 a0=(-3.000000000,3.000000000) 
rho=(0.007575757576,0.007575757576) contrib=(-0.04545454546,4.547999225E-70)
COSET 10 c=1 d=61 gcd=1 a0=(-3.000000000,3.000000000) 
rho=(0.007575757576,0.007575757576) contrib=(-0.04545454546,2.804468132E-71)
COSET 10 c=1 d=62 gcd=1 a0=(-3.000000000,3.000000000) 
rho=(0.007575757576,0.007575757576) contrib=(-0.04545454546,-1.777347858E-70)
COSET 10 c=1 d=63 gcd=1 a0=(-3.000000000,3.000000000) 
rho=(0.007575757576,0.007575757576) contrib=(-0.04545454546,5.841553485E-70)
COSET 10 c=1 d=64 gcd=1 a0=(-3.000000000,3.000000000) 
rho=(0.007575757576,0.007575757576) contrib=(-0.04545454546,-4.387916274E-70)
COSET 10 c=1 d=65 gcd=1 a0=(-3.000000000,3.000000000) 
rho=(0.007575757576,0.007575757576) contrib=(-0.04545454546,3.062389373E-69)
COSET 10 c=1 d=66 gcd=1 a0=(-3.000000000,3.000000000) 
rho=(0.007575757576,0.007575757576) contrib=(-0.04545454546,-1.507399484E-68)
COSET 10 c=1 d=67 gcd=1 a0=(-3.000000000,3.000000000) 
rho=(0.007575757576,0.007575757576) contrib=(-0.04545454546,-4.277664078E-70)
COSET 10 c=1 d=68 gcd=1 a0=(-3.000000000,3.000000000) 
rho=(0.007575757576,0.007575757576) contrib=(-0.04545454546,3.563992044E-70)
COSET 10 c=1 d=69 gcd=1 a0=(-3.000000000,3.000000000) 
rho=(0.007575757576,0.007575757576) contrib=(-0.04545454546,-4.611897074E-70)
COSET 10 c=1 d=70 gcd=1 a0=(-3.000000000,3.000000000) 
rho=(0.007575757576,0.007575757576) contrib=(-0.04545454546,4.709412042E-70)
COSET 10 c=1 d=71 gcd=1 a0=(-3.000000000,3.000000000) 
rho=(0.007575757576,0.007575757576) contrib=(-0.04545454546,1.500572344E-69)
COSET 10 c=1 d=72 gcd=1 a0=(-3.000000000,3.000000000) 
rho=(0.007575757576,0.007575757576) contrib=(-0.04545454546,-2.868790065E-70)
COSET 10 c=1 d=73 gcd=1 a0=(-3.000000000,3.000000000) 
rho=(0.007575757576,0.007575757576) contrib=(-0.04545454546,-7.945949717E-70)
COSET 10 c=1 d=74 gcd=1 a0=(-3.000000000,3.000000000) 
rho=(0.007575757576,0.007575757576) contrib=(-0.04545454546,-2.251863218E-70)
COSET 10 c=1 d=75 gcd=1 a0=(-3.000000000,3.000000000) 
rho=(0.007575757576,0.007575757576) contrib=(-0.04545454546,-3.646619890E-70)
COSET 10 c=1 d=76 gcd=1 a0=(-3.000000000,3.000000000) 
rho=(0.007575757576,0.007575757576) contrib=(-0.04545454546,3.171973889E-70)
COSET 10 c=1 d=77 gcd=1 a0=(-3.000000000,3.000000000) 
rho=(0.007575757576,0.007575757576) contrib=(-0.04545454546,5.864136406E-71)
COSET 10 c=1 d=78 gcd=1 a0=(-3.000000000,3.000000000) 
rho=(0.007575757576,0.007575757576) contrib=(-0.04545454546,1.029970071E-69)
COSET 10 c=1 d=79 gcd=1 a0=(-3.000000000,3.000000000) 
rho=(0.007575757576,0.007575757576) contrib=(-0.04545454546,-6.978482443E-70)
COSET 10 c=1 d=80 gcd=1 a0=(-3.000000000,3.000000000) 
rho=(0.007575757576,0.007575757576) contrib=(-0.04545454546,1.970716969E-70)
COSET 10 c=1 d=81 gcd=1 a0=(-3.000000000,3.000000000) 
rho=(0.007575757576,0.007575757576) contrib=(-0.04545454546,-1.742443752E-70)
COSET 10 c=1 d=82 gcd=1 a0=(-3.000000000,3.000000000) 
rho=(0.007575757576,0.007575757576) contrib=(-0.04545454546,-7.440016709E-70)
COSET 10 c=1 d=83 gcd=1 a0=(-3.000000000,3.000000000) 
rho=(0.007575757576,0.007575757576) contrib=(-0.04545454546,2.282079633E-70)
COSET 10 c=1 d=84 gcd=1 a0=(-3.000000000,3.000000000) 
rho=(0.007575757576,0.007575757576) contrib=(-0.04545454546,1.191997708E-69)
COSET 10 c=1 d=85 gcd=1 a0=(-3.000000000,3.000000000) 
rho=(0.007575757576,0.007575757576) contrib=(-0.04545454546,-8.981345304E-70)
COSET 10 c=1 d=86 gcd=1 a0=(-3.000000000,3.000000000) 
rho=(0.007575757576,0.007575757576) contrib=(-0.04545454546,-2.018214933E-70)
COSET 10 c=1 d=87 gcd=1 a0=(-3.000000000,3.000000000) 
rho=(0.007575757576,0.007575757576) contrib=(-0.04545454546,7.442110997E-70)
COSET 10 c=1 d=88 gcd=1 a0=(-3.000000000,3.000000000) 
rho=(0.007575757576,0.007575757576) contrib=(-0.04545454546,-4.448121988E-70)
COSET 10 c=1 d=89 gcd=1 a0=(-3.000000000,3.000000000) 
rho=(0.007575757576,0.007575757576) contrib=(-0.04545454546,-7.242104619E-72)
COSET 10 c=1 d=90 gcd=1 a0=(-3.000000000,3.000000000) 
rho=(0.007575757576,0.007575757576) contrib=(-0.04545454546,8.146379509E-71)
COSET 10 c=1 d=91 gcd=1 a0=(-3.000000000,3.000000000) 
rho=(0.007575757576,0.007575757576) contrib=(-0.04545454546,1.289371649E-69)
COSET 10 c=1 d=92 gcd=1 a0=(-3.000000000,3.000000000) 
rho=(0.007575757576,0.007575757576) contrib=(-0.04545454546,4.364010857E-70)
COSET 10 c=1 d=93 gcd=1 a0=(-3.000000000,3.000000000) 
rho=(0.007575757576,0.007575757576) contrib=(-0.04545454546,-4.981413373E-70)
COSET 10 c=1 d=94 gcd=1 a0=(-3.000000000,3.000000000) 
rho=(0.007575757576,0.007575757576) contrib=(-0.04545454546,-3.021378203E-70)
COSET 10 c=1 d=95 gcd=1 a0=(-3.000000000,3.000000000) 
rho=(0.007575757576,0.007575757576) contrib=(-0.04545454546,-3.897829096E-70)
COSET 10 c=1 d=96 gcd=1 a0=(-3.000000000,3.000000000) 
rho=(0.007575757576,0.007575757576) contrib=(-0.04545454546,2.857449697E-70)
COSET 10 c=1 d=97 gcd=1 a0=(-3.000000000,3.000000000) 
rho=(0.007575757576,0.007575757576) contrib=(-0.04545454546,-1.259587357E-69)
COSET 10 c=1 d=98 gcd=1 a0=(-3.000000000,3.000000000) 
rho=(0.007575757576,0.007575757576) contrib=(-0.04545454546,-4.352514389E-70)
COSET 10 c=1 d=99 gcd=1 a0=(-3.000000000,3.000000000) 
rho=(0.007575757576,0.007575757576) contrib=(-0.04545454546,1.424383525E-70)
COSET 10 c=1 d=100 gcd=1 a0=(-3.000000000,3.000000000) 
rho=(0.007575757576,0.007575757576) contrib=(-0.04545454546,1.430199425E-70)
COSET 10 c=1 d=101 gcd=1 a0=(-3.000000000,3.000000000) 
rho=(0.007575757576,0.007575757576) contrib=(-0.04545454546,1.954042937E-69)
COSET 10 c=1 d=102 gcd=1 a0=(-3.000000000,3.000000000) 
rho=(0.007575757576,0.007575757576) contrib=(-0.04545454546,-8.094642055E-70)
COSET 10 c=1 d=103 gcd=1 a0=(-3.000000000,3.000000000) 
rho=(0.007575757576,0.007575757576) contrib=(-0.04545454546,-2.451602283E-70)
COSET 10 c=1 d=104 gcd=1 a0=(-3.000000000,3.000000000) 
rho=(0.007575757576,0.007575757576) contrib=(-0.04545454546,2.088206044E-70)
COSET 10 c=1 d=105 gcd=1 a0=(-3.000000000,3.000000000) 
rho=(0.007575757576,0.007575757576) contrib=(-0.04545454546,4.307734442E-70)
COSET 10 c=1 d=106 gcd=1 a0=(-3.000000000,3.000000000) 
rho=(0.007575757576,0.007575757576) contrib=(-0.04545454546,3.191204344E-70)
COSET 10 c=1 d=107 gcd=1 a0=(-3.000000000,3.000000000) 
rho=(0.007575757576,0.007575757576) contrib=(-0.04545454546,-5.819181600E-70)
COSET 10 c=1 d=108 gcd=1 a0=(-3.000000000,3.000000000) 
rho=(0.007575757576,0.007575757576) contrib=(-0.04545454546,-1.204305795E-69)
COSET 10 c=1 d=109 gcd=1 a0=(-3.000000000,3.000000000) 
rho=(0.007575757576,0.007575757576) contrib=(-0.04545454546,1.560688217E-69)
COSET 10 c=1 d=110 gcd=1 a0=(-3.000000000,3.000000000) 
rho=(0.007575757576,0.007575757576) contrib=(-0.04545454546,7.194137014E-70)
COSET 10 c=1 d=111 gcd=1 a0=(-3.000000000,3.000000000) 
rho=(0.007575757576,0.007575757576) contrib=(-0.04545454546,9.920963793E-70)
COSET 10 c=1 d=112 gcd=1 a0=(-3.000000000,3.000000000) 
rho=(0.007575757576,0.007575757576) contrib=(-0.04545454546,-8.554289052E-70)
COSET 10 c=1 d=113 gcd=1 a0=(-3.000000000,3.000000000) 
rho=(0.007575757576,0.007575757576) contrib=(-0.04545454546,3.853847738E-70)
COSET 10 c=1 d=114 gcd=1 a0=(-3.000000000,3.000000000) 
rho=(0.007575757576,0.007575757576) contrib=(-0.04545454546,-1.831140741E-71)
COSET 10 c=1 d=115 gcd=1 a0=(-3.000000000,3.000000000) 
rho=(0.007575757576,0.007575757576) contrib=(-0.04545454546,2.027109655E-69)
COSET 10 c=1 d=116 gcd=1 a0=(-3.000000000,3.000000000) 
rho=(0.007575757576,0.007575757576) contrib=(-0.04545454546,2.793688519E-70)
COSET 10 c=1 d=117 gcd=1 a0=(-3.000000000,3.000000000) 
rho=(0.007575757576,0.007575757576) contrib=(-0.04545454546,8.746259291E-71)
COSET 10 c=1 d=118 gcd=1 a0=(-3.000000000,3.000000000) 
rho=(0.007575757576,0.007575757576) contrib=(-0.04545454546,1.034568725E-69)
COSET 10 c=1 d=119 gcd=1 a0=(-3.000000000,3.000000000) 
rho=(0.007575757576,0.007575757576) contrib=(-0.04545454546,3.515306581E-69)
COSET 10 c=1 d=120 gcd=1 a0=(-3.000000000,3.000000000) 
rho=(0.007575757576,0.007575757576) contrib=(-0.04545454546,9.923828530E-70)
COSET 10 c=1 d=121 gcd=1 a0=(-3.000000000,3.000000000) 
rho=(0.007575757576,0.007575757576) contrib=(-0.04545454546,6.990550384E-70)
COSET 10 c=1 d=122 gcd=1 a0=(-3.000000000,3.000000000) 
rho=(0.007575757576,0.007575757576) contrib=(-0.04545454546,-2.997224232E-70)
COSET 10 c=1 d=123 gcd=1 a0=(-3.000000000,3.000000000) 
rho=(0.007575757576,0.007575757576) contrib=(-0.04545454546,4.317074987E-70)
COSET 10 c=1 d=124 gcd=1 a0=(-3.000000000,3.000000000) 
rho=(0.007575757576,0.007575757576) contrib=(-0.04545454546,-1.738093250E-69)
COSET 10 c=1 d=125 gcd=1 a0=(-3.000000000,3.000000000) 
rho=(0.007575757576,0.007575757576) contrib=(-0.04545454546,3.648566116E-70)
COSET 10 c=1 d=126 gcd=1 a0=(-3.000000000,3.000000000) 
rho=(0.007575757576,0.007575757576) contrib=(-0.04545454546,1.475869711E-69)
COSET 10 c=1 d=127 gcd=1 a0=(-3.000000000,3.000000000) 
rho=(0.007575757576,0.007575757576) contrib=(-0.04545454546,1.242914129E-69)
COSET 10 c=1 d=128 gcd=1 a0=(-3.000000000,3.000000000) 
rho=(0.007575757576,0.007575757576) contrib=(-0.04545454546,7.872668446E-71)
COSET 10 c=1 d=129 gcd=1 a0=(-3.000000000,3.000000000) 
rho=(0.007575757576,0.007575757576) contrib=(-0.04545454546,-4.757681127E-70)
COSET 10 c=1 d=130 gcd=1 a0=(-3.000000000,3.000000000) 
rho=(0.007575757576,0.007575757576) contrib=(-0.04545454546,-1.239319641E-69)
COSET 10 c=1 d=131 gcd=1 a0=(-3.000000000,3.000000000) 
rho=(0.007575757576,0.007575757576) contrib=(-0.04545454546,1.439082304E-65)
COSET 10 c=3 d=1 gcd=3 a0=(761353.0000,761353.0000) 
rho=(0.02272727273,-0.02272727273) contrib=(34606.95454,-1.407511357E-72)
COSET 10 c=3 d=2 gcd=3 a0=(761353.0000,761353.0000) 
rho=(0.02272727273,-0.02272727273) contrib=(34606.95454,-7.902839545E-73)
COSET 10 c=3 d=4 gcd=3 a0=(761353.0000,761353.0000) 
rho=(0.02272727273,-0.02272727273) contrib=(34606.95454,-9.132838431E-73)
COSET 10 c=3 d=5 gcd=3 a0=(761353.0000,761353.0000) 
rho=(0.02272727273,-0.02272727273) contrib=(34606.95454,-2.130667561E-72)
COSET 10 c=3 d=7 gcd=3 a0=(761353.0000,761353.0000) 
rho=(0.02272727273,-0.02272727273) contrib=(34606.95454,-6.497896299E-73)
COSET 10 c=3 d=8 gcd=3 a0=(761353.0000,761353.0000) 
rho=(0.02272727273,-0.02272727273) contrib=(34606.95454,-1.211553116E-72)
COSET 10 c=3 d=10 gcd=3 a0=(761353.0000,761353.0000) 
rho=(0.02272727273,-0.02272727273) contrib=(34606.95454,-6.859673250E-73)
COSET 10 c=3 d=11 gcd=3 a0=(761353.0000,761353.0000) 
rho=(0.02272727273,-0.02272727273) contrib=(34606.95454,-6.817508689E-73)
COSET 10 c=3 d=13 gcd=3 a0=(761353.0000,761353.0000) 
rho=(0.02272727273,-0.02272727273) contrib=(34606.95454,-3.074298169E-72)
COSET 10 c=3 d=14 gcd=3 a0=(761353.0000,761353.0000) 
rho=(0.02272727273,-0.02272727273) contrib=(34606.95454,-1.426006454E-72)
COSET 10 c=3 d=16 gcd=3 a0=(761353.0000,761353.0000) 
rho=(0.02272727273,-0.02272727273) contrib=(34606.95454,-4.974833089E-72)
COSET 10 c=3 d=17 gcd=3 a0=(761353.0000,761353.0000) 
rho=(0.02272727273,-0.02272727273) contrib=(34606.95454,2.289221137E-73)
COSET 10 c=3 d=19 gcd=3 a0=(761353.0000,761353.0000) 
rho=(0.02272727273,-0.02272727273) contrib=(34606.95454,2.860250752E-72)
COSET 10 c=3 d=20 gcd=3 a0=(761353.0000,761353.0000) 
rho=(0.02272727273,-0.02272727273) contrib=(34606.95454,4.107974986E-72)
COSET 10 c=3 d=22 gcd=3 a0=(761353.0000,761353.0000) 
rho=(0.02272727273,-0.02272727273) contrib=(34606.95454,-2.933808119E-72)
COSET 10 c=3 d=23 gcd=3 a0=(761353.0000,761353.0000) 
rho=(0.02272727273,-0.02272727273) contrib=(34606.95454,1.187713503E-71)
COSET 10 c=3 d=25 gcd=3 a0=(761353.0000,761353.0000) 
rho=(0.02272727273,-0.02272727273) contrib=(34606.95454,3.372768100E-72)
COSET 10 c=3 d=26 gcd=3 a0=(761353.0000,761353.0000) 
rho=(0.02272727273,-0.02272727273) contrib=(34606.95454,-1.148420966E-71)
COSET 10 c=3 d=28 gcd=3 a0=(761353.0000,761353.0000) 
rho=(0.02272727273,-0.02272727273) contrib=(34606.95454,-4.789723882E-72)
COSET 10 c=3 d=29 gcd=3 a0=(761353.0000,761353.0000) 
rho=(0.02272727273,-0.02272727273) contrib=(34606.95454,-1.612781783E-71)
COSET 10 c=3 d=31 gcd=3 a0=(761353.0000,761353.0000) 
rho=(0.02272727273,-0.02272727273) contrib=(34606.95454,4.227164668E-72)
COSET 10 c=3 d=32 gcd=3 a0=(761353.0000,761353.0000) 
rho=(0.02272727273,-0.02272727273) contrib=(34606.95454,-5.522326484E-72)
COSET 10 c=3 d=34 gcd=3 a0=(761353.0000,761353.0000) 
rho=(0.02272727273,-0.02272727273) contrib=(34606.95454,-1.490018376E-71)
COSET 10 c=3 d=35 gcd=3 a0=(761353.0000,761353.0000) 
rho=(0.02272727273,-0.02272727273) contrib=(34606.95454,-1.285916307E-71)
COSET 10 c=3 d=37 gcd=3 a0=(761353.0000,761353.0000) 
rho=(0.02272727273,-0.02272727273) contrib=(34606.95454,2.856128738E-71)
COSET 10 c=3 d=38 gcd=3 a0=(761353.0000,761353.0000) 
rho=(0.02272727273,-0.02272727273) contrib=(34606.95454,3.474262359E-72)
COSET 10 c=3 d=40 gcd=3 a0=(761353.0000,761353.0000) 
rho=(0.02272727273,-0.02272727273) contrib=(34606.95454,4.209757401E-71)
COSET 10 c=3 d=41 gcd=3 a0=(761353.0000,761353.0000) 
rho=(0.02272727273,-0.02272727273) contrib=(34606.95454,1.527763739E-71)
COSET 10 c=3 d=43 gcd=3 a0=(761353.0000,761353.0000) 
rho=(0.02272727273,-0.02272727273) contrib=(34606.95454,1.410588631E-71)
COSET 10 c=3 d=44 gcd=3 a0=(761353.0000,761353.0000) 
rho=(0.02272727273,-0.02272727273) contrib=(34606.95454,-3.025601175E-71)
COSET 10 c=3 d=47 gcd=3 a0=(761353.0000,761353.0000) 
rho=(0.02272727273,-0.02272727273) contrib=(34606.95454,4.531336486E-71)
COSET 10 c=3 d=50 gcd=3 a0=(761353.0000,761353.0000) 
rho=(0.02272727273,-0.02272727273) contrib=(34606.95454,-4.574127121E-71)
COSET 10 c=3 d=53 gcd=3 a0=(761353.0000,761353.0000) 
rho=(0.02272727273,-0.02272727273) contrib=(34606.95454,2.395425461E-71)
COSET 10 c=3 d=56 gcd=3 a0=(761353.0000,761353.0000) 
rho=(0.02272727273,-0.02272727273) contrib=(34606.95454,3.937680607E-71)
COSET 10 c=3 d=59 gcd=3 a0=(761353.0000,761353.0000) 
rho=(0.02272727273,-0.02272727273) contrib=(34606.95454,-7.964419331E-71)
COSET 10 c=3 d=62 gcd=3 a0=(761353.0000,761353.0000) 
rho=(0.02272727273,-0.02272727273) contrib=(34606.95454,4.833018267E-71)
COSET 10 c=3 d=65 gcd=3 a0=(761353.0000,761353.0000) 
rho=(0.02272727273,-0.02272727273) contrib=(34606.95454,5.627379959E-71)
COSET 10 c=3 d=68 gcd=3 a0=(761353.0000,761353.0000) 
rho=(0.02272727273,-0.02272727273) contrib=(34606.95454,4.692387526E-71)
COSET 10 c=3 d=71 gcd=3 a0=(761353.0000,761353.0000) 
rho=(0.02272727273,-0.02272727273) contrib=(34606.95454,-2.572294654E-71)
COSET 10 c=3 d=74 gcd=3 a0=(761353.0000,761353.0000) 
rho=(0.02272727273,-0.02272727273) contrib=(34606.95454,-4.260185121E-71)
COSET 10 c=3 d=77 gcd=3 a0=(761353.0000,761353.0000) 
rho=(0.02272727273,-0.02272727273) contrib=(34606.95454,4.385982547E-71)
COSET 10 c=3 d=80 gcd=3 a0=(761353.0000,761353.0000) 
rho=(0.02272727273,-0.02272727273) contrib=(34606.95454,-2.649493836E-71)
COSET 10 c=3 d=83 gcd=3 a0=(761353.0000,761353.0000) 
rho=(0.02272727273,-0.02272727273) contrib=(34606.95454,-1.031594942E-70)
COSET 10 c=3 d=86 gcd=3 a0=(761353.0000,761353.0000) 
rho=(0.02272727273,-0.02272727273) contrib=(34606.95454,-8.659473251E-71)
COSET 10 c=4 d=1 gcd=4 a0=(-4745002.000,-1.952544983E-72) 
rho=(1.964682344E-81,-4.791908156E-83) contrib=(-9.322421651E-75,2.273761378E-7\
6)
COSET 10 c=4 d=3 gcd=4 a0=(-2.387982172E-72,-4745002.000) 
rho=(9.264355768E-82,5.430829243E-82) contrib=(2.576929562E-75,-4.395938665E-75\
)
COSET 10 c=4 d=5 gcd=4 a0=(-4745002.000,6.865888597E-73) 
rho=(1.964682344E-81,-4.791908156E-83) contrib=(-9.322421651E-75,2.273761378E-7\
6)
COSET 10 c=4 d=7 gcd=4 a0=(1.516298762E-71,-4745002.000) 
rho=(9.264355768E-82,5.430829243E-82) contrib=(2.576929562E-75,-4.395938665E-75\
)
COSET 10 c=4 d=9 gcd=4 a0=(-4745002.000,-1.469179326E-72) 
rho=(1.964682344E-81,-4.791908156E-83) contrib=(-9.322421651E-75,2.273761378E-7\
6)
COSET 10 c=4 d=11 gcd=4 a0=(-1.417311033E-71,-4745002.000) 
rho=(9.264355768E-82,5.430829243E-82) contrib=(2.576929562E-75,-4.395938665E-75\
)
COSET 10 c=4 d=13 gcd=4 a0=(-4745002.000,1.360672964E-72) 
rho=(1.964682344E-81,-4.791908156E-83) contrib=(-9.322421651E-75,2.273761378E-7\
6)
COSET 10 c=4 d=15 gcd=4 a0=(-4.737665568E-71,-4745002.000) 
rho=(9.264355768E-82,5.430829243E-82) contrib=(2.576929562E-75,-4.395938665E-75\
)
COSET 10 c=4 d=17 gcd=4 a0=(-4745002.000,7.574603828E-72) 
rho=(1.964682344E-81,-4.791908156E-83) contrib=(-9.322421651E-75,2.273761378E-7\
6)
COSET 10 c=4 d=19 gcd=4 a0=(2.243303062E-72,-4745002.000) 
rho=(9.264355768E-82,5.430829243E-82) contrib=(2.576929562E-75,-4.395938665E-75\
)
COSET 10 c=4 d=21 gcd=4 a0=(-4745002.000,-3.873358007E-72) 
rho=(1.964682344E-81,-4.791908156E-83) contrib=(-9.322421651E-75,2.273761378E-7\
6)
COSET 10 c=4 d=23 gcd=4 a0=(2.492478745E-71,-4745002.000) 
rho=(9.264355768E-82,5.430829243E-82) contrib=(2.576929562E-75,-4.395938665E-75\
)
COSET 10 c=4 d=25 gcd=4 a0=(-4745002.000,5.245886035E-71) 
rho=(1.964682344E-81,-4.791908156E-83) contrib=(-9.322421651E-75,2.273761378E-7\
6)
COSET 10 c=4 d=27 gcd=4 a0=(1.526552457E-71,-4745002.000) 
rho=(9.264355768E-82,5.430829243E-82) contrib=(2.576929562E-75,-4.395938665E-75\
)
COSET 10 c=4 d=29 gcd=4 a0=(-4745002.000,7.021173697E-72) 
rho=(1.964682344E-81,-4.791908156E-83) contrib=(-9.322421651E-75,2.273761378E-7\
6)
COSET 10 c=4 d=31 gcd=4 a0=(2.759362072E-71,-4745002.000) 
rho=(9.264355768E-82,5.430829243E-82) contrib=(2.576929562E-75,-4.395938665E-75\
)
COSET 10 c=4 d=33 gcd=4 a0=(-4745002.000,-2.209846865E-71) 
rho=(1.964682344E-81,-4.791908156E-83) contrib=(-9.322421651E-75,2.273761378E-7\
6)
COSET 10 c=4 d=35 gcd=4 a0=(7.119595992E-71,-4745002.000) 
rho=(9.264355768E-82,5.430829243E-82) contrib=(2.576929562E-75,-4.395938665E-75\
)
COSET 10 c=4 d=37 gcd=4 a0=(-4745002.000,1.315262028E-71) 
rho=(1.964682344E-81,-4.791908156E-83) contrib=(-9.322421651E-75,2.273761378E-7\
6)
COSET 10 c=4 d=39 gcd=4 a0=(-2.460506202E-71,-4745002.000) 
rho=(9.264355768E-82,5.430829243E-82) contrib=(2.576929562E-75,-4.395938665E-75\
)
COSET 10 c=4 d=41 gcd=4 a0=(-4745002.000,-9.986720816E-71) 
rho=(1.964682344E-81,-4.791908156E-83) contrib=(-9.322421651E-75,2.273761378E-7\
6)
COSET 10 c=4 d=43 gcd=4 a0=(-1.921041638E-71,-4745002.000) 
rho=(9.264355768E-82,5.430829243E-82) contrib=(2.576929562E-75,-4.395938665E-75\
)
COSET 10 c=4 d=45 gcd=4 a0=(-4745002.000,-9.275879295E-72) 
rho=(1.964682344E-81,-4.791908156E-83) contrib=(-9.322421651E-75,2.273761378E-7\
6)
COSET 10 c=4 d=47 gcd=4 a0=(8.225866229E-71,-4745002.000) 
rho=(9.264355768E-82,5.430829243E-82) contrib=(2.576929562E-75,-4.395938665E-75\
)
COSET 10 c=4 d=49 gcd=4 a0=(-4745002.000,-1.633752634E-71) 
rho=(1.964682344E-81,-4.791908156E-83) contrib=(-9.322421651E-75,2.273761378E-7\
6)
COSET 10 c=4 d=51 gcd=4 a0=(-3.248928945E-71,-4745002.000) 
rho=(9.264355768E-82,5.430829243E-82) contrib=(2.576929562E-75,-4.395938665E-75\
)
COSET 10 c=4 d=53 gcd=4 a0=(-4745002.000,-1.800691272E-70) 
rho=(1.964682344E-81,-4.791908156E-83) contrib=(-9.322421651E-75,2.273761378E-7\
6)
COSET 10 c=4 d=55 gcd=4 a0=(-3.410124629E-70,-4745002.000) 
rho=(9.264355768E-82,5.430829243E-82) contrib=(2.576929562E-75,-4.395938665E-75\
)
COSET 10 c=4 d=57 gcd=4 a0=(-4745002.000,1.304792560E-70) 
rho=(1.964682344E-81,-4.791908156E-83) contrib=(-9.322421651E-75,2.273761378E-7\
6)
COSET 10 c=4 d=59 gcd=4 a0=(6.368423062E-72,-4745002.000) 
rho=(9.264355768E-82,5.430829243E-82) contrib=(2.576929562E-75,-4.395938665E-75\
)
COSET 10 c=4 d=61 gcd=4 a0=(-4745002.000,4.312948214E-71) 
rho=(1.964682344E-81,-4.791908156E-83) contrib=(-9.322421651E-75,2.273761378E-7\
6)
COSET 10 c=4 d=63 gcd=4 a0=(1.103982316E-70,-4745002.000) 
rho=(9.264355768E-82,5.430829243E-82) contrib=(2.576929562E-75,-4.395938665E-75\
)
COSET 10 c=4 d=65 gcd=4 a0=(-4745002.000,3.982239414E-70) 
rho=(1.964682344E-81,-4.791908156E-83) contrib=(-9.322421651E-75,2.273761378E-7\
6)
COSET 10 c=11 d=1 gcd=11 a0=(1.000000000,1.000000000) 
rho=(0.08333333334,-0.08333333334) contrib=(0.1666666667,1.692343225E-72)
COSET 10 c=11 d=2 gcd=11 a0=(-1.000000000,-1.000000000) 
rho=(-0.08333333334,0.08333333334) contrib=(0.1666666667,1.947743168E-72)
COSET 10 c=11 d=3 gcd=11 a0=(1.000000000,1.000000000) 
rho=(0.08333333334,-0.08333333334) contrib=(0.1666666667,-9.528050860E-73)
COSET 10 c=11 d=4 gcd=11 a0=(1.000000000,1.000000000) 
rho=(0.08333333334,-0.08333333334) contrib=(0.1666666667,6.259728876E-73)
COSET 10 c=11 d=5 gcd=11 a0=(-1.000000000,-1.000000000) 
rho=(-0.08333333334,0.08333333334) contrib=(0.1666666667,2.280867538E-72)
COSET 10 c=11 d=6 gcd=11 a0=(-1.000000000,-1.000000000) 
rho=(-0.08333333334,0.08333333334) contrib=(0.1666666667,-1.022413325E-72)
COSET 10 c=11 d=7 gcd=11 a0=(1.000000000,1.000000000) 
rho=(0.08333333334,-0.08333333334) contrib=(0.1666666667,3.169858952E-73)
COSET 10 c=11 d=8 gcd=11 a0=(1.000000000,1.000000000) 
rho=(0.08333333334,-0.08333333334) contrib=(0.1666666667,2.498724291E-73)
COSET 10 c=11 d=9 gcd=11 a0=(1.000000000,1.000000000) 
rho=(0.08333333334,-0.08333333334) contrib=(0.1666666667,2.976992010E-72)
COSET 10 c=11 d=10 gcd=11 a0=(1.000000000,1.000000000) 
rho=(0.08333333334,-0.08333333334) contrib=(0.1666666667,9.906406173E-74)
COSET 10 c=11 d=12 gcd=11 a0=(1.000000000,1.000000000) 
rho=(0.08333333334,-0.08333333334) contrib=(0.1666666667,-4.667071494E-72)
COSET 10 c=11 d=23 gcd=11 a0=(1.000000000,1.000000000) 
rho=(0.08333333334,-0.08333333334) contrib=(0.1666666667,-1.697005327E-72)
COSET 10 c=12 d=1 gcd=12 a0=(761406.0000,4.435229086E-72) 
rho=(-1.108528087E-80,4.152987069E-82) contrib=(-8.440399364E-75,3.162109272E-7\
6)
COSET 10 c=12 d=5 gcd=12 a0=(-761406.0000,1.045494962E-71) 
rho=(-1.277842175E-82,-1.725086936E-81) contrib=(9.729566990E-77,1.313491544E-7\
5)
COSET 10 c=12 d=7 gcd=12 a0=(-6.955648442E-72,761406.0000) 
rho=(-1.900790235E-81,-9.104625497E-82) contrib=(6.932316481E-76,-1.447273090E-\
75)
COSET 10 c=12 d=11 gcd=12 a0=(-1.928345497E-72,761406.0000) 
rho=(-4.568285776E-81,1.619664957E-80) contrib=(-1.233222616E-74,-3.478320199E-\
75)
COSET 10 c=12 d=13 gcd=12 a0=(761406.0000,-1.342540964E-71) 
rho=(-1.108528087E-80,4.152987069E-82) contrib=(-8.440399364E-75,3.162109272E-7\
6)
COSET 10 c=12 d=17 gcd=12 a0=(-761406.0000,-4.848976791E-73) 
rho=(-1.277842175E-82,-1.725086936E-81) contrib=(9.729566990E-77,1.313491544E-7\
5)
COSET 10 c=12 d=19 gcd=12 a0=(8.573074521E-72,761406.0000) 
rho=(-1.900790235E-81,-9.104625497E-82) contrib=(6.932316481E-76,-1.447273090E-\
75)
COSET 10 c=12 d=25 gcd=12 a0=(761406.0000,-6.168589941E-72) 
rho=(-1.108528087E-80,4.152987069E-82) contrib=(-8.440399364E-75,3.162109272E-7\
6)
COSET 10 c=12 d=31 gcd=12 a0=(-9.566447505E-72,761406.0000) 
rho=(-1.900790235E-81,-9.104625497E-82) contrib=(6.932316481E-76,-1.447273090E-\
75)
COSET 10 c=12 d=37 gcd=12 a0=(761406.0000,3.035212835E-71) 
rho=(-1.108528087E-80,4.152987069E-82) contrib=(-8.440399364E-75,3.162109272E-7\
6)
COSET 10 c=12 d=43 gcd=12 a0=(7.780249303E-72,761406.0000) 
rho=(-1.900790235E-81,-9.104625497E-82) contrib=(6.932316481E-76,-1.447273090E-\
75)
COSET 10 c=33 d=1 gcd=33 a0=(761347.0000,-761347.0000) 
rho=(-0.2500000000,-0.2500000000) contrib=(-380673.5000,2.212165611E-72)
COSET 10 c=33 d=2 gcd=33 a0=(761347.0000,-761347.0000) 
rho=(-0.2500000000,-0.2500000000) contrib=(-380673.5000,-3.854315587E-72)
COSET 10 c=33 d=4 gcd=33 a0=(761347.0000,-761347.0000) 
rho=(-0.2500000000,-0.2500000000) contrib=(-380673.5000,-7.642151994E-72)
COSET 10 c=33 d=7 gcd=33 a0=(-761347.0000,761347.0000) 
rho=(0.2500000000,0.2500000000) contrib=(-380673.5000,3.721875599E-72)
COSET 10 c=44 d=1 gcd=44 a0=(-4745000.000,6.825933000E-70) 
rho=(-5.520278196E-80,1.993433793E-80) contrib=(2.619372004E-73,-9.458843348E-7\
4)
COSET 10 c=44 d=3 gcd=44 a0=(1.581118601E-69,-4745000.000) 
rho=(-8.916947779E-81,4.276366487E-81) contrib=(2.029135898E-74,4.231091721E-74\
)
COSET 10 c=44 d=5 gcd=44 a0=(-4745000.000,7.822557820E-70) 
rho=(1.517437583E-80,-7.060078016E-81) contrib=(-7.200241330E-74,3.350007019E-7\
4)
FORM 11:
  c_eta(0)[1] (trivial) = -1.69879218920E-63 + 8.51374227541E-64 i   (half: 
-8.49396094600E-64)
  c_eta(0)[2] = 12.0000000000 + 8.51376575596E-64 i   (half: 6.00000000000)
  c_eta(0)[3] = 12.0000000000 + 8.51376575631E-64 i   (half: 6.00000000000)
COSET 11 c=0 d=1 gcd=132 a0=(-951770.0000,1.642969448E-69) 
rho=(0.0000000000,0.0000000000) contrib=(-0.0000000000,0.0000000000)
COSET 11 c=1 d=0 gcd=1 a0=(-1.500000000,1.500000000) 
rho=(0.007575757576,0.007575757576) contrib=(-0.02272727273,8.333773025E-64)
COSET 11 c=1 d=1 gcd=1 a0=(-1.500000000,1.500000000) 
rho=(0.007575757576,0.007575757576) contrib=(-0.02272727273,1.189964032E-68)
COSET 11 c=1 d=2 gcd=1 a0=(-1.500000000,1.500000000) 
rho=(0.007575757576,0.007575757576) contrib=(-0.02272727273,1.433295186E-70)
COSET 11 c=1 d=3 gcd=1 a0=(-1.500000000,1.500000000) 
rho=(0.007575757576,0.007575757576) contrib=(-0.02272727273,-3.256480568E-70)
COSET 11 c=1 d=4 gcd=1 a0=(-1.500000000,1.500000000) 
rho=(0.007575757576,0.007575757576) contrib=(-0.02272727273,3.061789827E-71)
COSET 11 c=1 d=5 gcd=1 a0=(-1.500000000,1.500000000) 
rho=(0.007575757576,0.007575757576) contrib=(-0.02272727273,-5.201122989E-70)
COSET 11 c=1 d=6 gcd=1 a0=(-1.500000000,1.500000000) 
rho=(0.007575757576,0.007575757576) contrib=(-0.02272727273,-2.602977255E-70)
COSET 11 c=1 d=7 gcd=1 a0=(-1.500000000,1.500000000) 
rho=(0.007575757576,0.007575757576) contrib=(-0.02272727273,-2.652718989E-70)
COSET 11 c=1 d=8 gcd=1 a0=(-1.500000000,1.500000000) 
rho=(0.007575757576,0.007575757576) contrib=(-0.02272727273,-4.722017280E-70)
COSET 11 c=1 d=9 gcd=1 a0=(-1.500000000,1.500000000) 
rho=(0.007575757576,0.007575757576) contrib=(-0.02272727273,-2.995931113E-70)
COSET 11 c=1 d=10 gcd=1 a0=(-1.500000000,1.500000000) 
rho=(0.007575757576,0.007575757576) contrib=(-0.02272727273,4.008446993E-70)
COSET 11 c=1 d=11 gcd=1 a0=(-1.500000000,1.500000000) 
rho=(0.007575757576,0.007575757576) contrib=(-0.02272727273,-3.971323514E-70)
COSET 11 c=1 d=12 gcd=1 a0=(-1.500000000,1.500000000) 
rho=(0.007575757576,0.007575757576) contrib=(-0.02272727273,-1.841165814E-70)
COSET 11 c=1 d=13 gcd=1 a0=(-1.500000000,1.500000000) 
rho=(0.007575757576,0.007575757576) contrib=(-0.02272727273,-4.618712665E-70)
COSET 11 c=1 d=14 gcd=1 a0=(-1.500000000,1.500000000) 
rho=(0.007575757576,0.007575757576) contrib=(-0.02272727273,-4.970976998E-71)
COSET 11 c=1 d=15 gcd=1 a0=(-1.500000000,1.500000000) 
rho=(0.007575757576,0.007575757576) contrib=(-0.02272727273,-1.481697820E-70)
COSET 11 c=1 d=16 gcd=1 a0=(-1.500000000,1.500000000) 
rho=(0.007575757576,0.007575757576) contrib=(-0.02272727273,4.241105887E-70)
COSET 11 c=1 d=17 gcd=1 a0=(-1.500000000,1.500000000) 
rho=(0.007575757576,0.007575757576) contrib=(-0.02272727273,8.108639412E-71)
COSET 11 c=1 d=18 gcd=1 a0=(-1.500000000,1.500000000) 
rho=(0.007575757576,0.007575757576) contrib=(-0.02272727273,-1.619675649E-71)
COSET 11 c=1 d=19 gcd=1 a0=(-1.500000000,1.500000000) 
rho=(0.007575757576,0.007575757576) contrib=(-0.02272727273,9.966175818E-71)
COSET 11 c=1 d=20 gcd=1 a0=(-1.500000000,1.500000000) 
rho=(0.007575757576,0.007575757576) contrib=(-0.02272727273,-2.235918024E-70)
COSET 11 c=1 d=21 gcd=1 a0=(-1.500000000,1.500000000) 
rho=(0.007575757576,0.007575757576) contrib=(-0.02272727273,-6.491461269E-70)
COSET 11 c=1 d=22 gcd=1 a0=(-1.500000000,1.500000000) 
rho=(0.007575757576,0.007575757576) contrib=(-0.02272727273,2.661533288E-71)
COSET 11 c=1 d=23 gcd=1 a0=(-1.500000000,1.500000000) 
rho=(0.007575757576,0.007575757576) contrib=(-0.02272727273,2.375157079E-70)
COSET 11 c=1 d=24 gcd=1 a0=(-1.500000000,1.500000000) 
rho=(0.007575757576,0.007575757576) contrib=(-0.02272727273,3.469633950E-70)
COSET 11 c=1 d=25 gcd=1 a0=(-1.500000000,1.500000000) 
rho=(0.007575757576,0.007575757576) contrib=(-0.02272727273,-3.662761465E-70)
COSET 11 c=1 d=26 gcd=1 a0=(-1.500000000,1.500000000) 
rho=(0.007575757576,0.007575757576) contrib=(-0.02272727273,3.586660541E-70)
COSET 11 c=1 d=27 gcd=1 a0=(-1.500000000,1.500000000) 
rho=(0.007575757576,0.007575757576) contrib=(-0.02272727273,-4.833220381E-70)
COSET 11 c=1 d=28 gcd=1 a0=(-1.500000000,1.500000000) 
rho=(0.007575757576,0.007575757576) contrib=(-0.02272727273,3.157029362E-70)
COSET 11 c=1 d=29 gcd=1 a0=(-1.500000000,1.500000000) 
rho=(0.007575757576,0.007575757576) contrib=(-0.02272727273,4.766886356E-71)
COSET 11 c=1 d=30 gcd=1 a0=(-1.500000000,1.500000000) 
rho=(0.007575757576,0.007575757576) contrib=(-0.02272727273,-7.462683331E-70)
COSET 11 c=1 d=31 gcd=1 a0=(-1.500000000,1.500000000) 
rho=(0.007575757576,0.007575757576) contrib=(-0.02272727273,-4.042210813E-70)
COSET 11 c=1 d=32 gcd=1 a0=(-1.500000000,1.500000000) 
rho=(0.007575757576,0.007575757576) contrib=(-0.02272727273,3.620091090E-71)
COSET 11 c=1 d=33 gcd=1 a0=(-1.500000000,1.500000000) 
rho=(0.007575757576,0.007575757576) contrib=(-0.02272727273,-1.374641595E-70)
COSET 11 c=1 d=34 gcd=1 a0=(-1.500000000,1.500000000) 
rho=(0.007575757576,0.007575757576) contrib=(-0.02272727273,1.113819236E-70)
COSET 11 c=1 d=35 gcd=1 a0=(-1.500000000,1.500000000) 
rho=(0.007575757576,0.007575757576) contrib=(-0.02272727273,5.349441130E-70)
COSET 11 c=1 d=36 gcd=1 a0=(-1.500000000,1.500000000) 
rho=(0.007575757576,0.007575757576) contrib=(-0.02272727273,-1.100380417E-70)
COSET 11 c=1 d=37 gcd=1 a0=(-1.500000000,1.500000000) 
rho=(0.007575757576,0.007575757576) contrib=(-0.02272727273,6.643651119E-70)
COSET 11 c=1 d=38 gcd=1 a0=(-1.500000000,1.500000000) 
rho=(0.007575757576,0.007575757576) contrib=(-0.02272727273,-3.130811573E-70)
COSET 11 c=1 d=39 gcd=1 a0=(-1.500000000,1.500000000) 
rho=(0.007575757576,0.007575757576) contrib=(-0.02272727273,-4.102382490E-70)
COSET 11 c=1 d=40 gcd=1 a0=(-1.500000000,1.500000000) 
rho=(0.007575757576,0.007575757576) contrib=(-0.02272727273,-2.559982575E-70)
COSET 11 c=1 d=41 gcd=1 a0=(-1.500000000,1.500000000) 
rho=(0.007575757576,0.007575757576) contrib=(-0.02272727273,6.540815582E-71)
COSET 11 c=1 d=42 gcd=1 a0=(-1.500000000,1.500000000) 
rho=(0.007575757576,0.007575757576) contrib=(-0.02272727273,1.041750276E-70)
COSET 11 c=1 d=43 gcd=1 a0=(-1.500000000,1.500000000) 
rho=(0.007575757576,0.007575757576) contrib=(-0.02272727273,3.544429238E-71)
COSET 11 c=1 d=44 gcd=1 a0=(-1.500000000,1.500000000) 
rho=(0.007575757576,0.007575757576) contrib=(-0.02272727273,-5.567610196E-70)
COSET 11 c=1 d=45 gcd=1 a0=(-1.500000000,1.500000000) 
rho=(0.007575757576,0.007575757576) contrib=(-0.02272727273,-1.764782834E-70)
COSET 11 c=1 d=46 gcd=1 a0=(-1.500000000,1.500000000) 
rho=(0.007575757576,0.007575757576) contrib=(-0.02272727273,5.003516261E-70)
COSET 11 c=1 d=47 gcd=1 a0=(-1.500000000,1.500000000) 
rho=(0.007575757576,0.007575757576) contrib=(-0.02272727273,2.158059186E-71)
COSET 11 c=1 d=48 gcd=1 a0=(-1.500000000,1.500000000) 
rho=(0.007575757576,0.007575757576) contrib=(-0.02272727273,8.078993632E-70)
COSET 11 c=1 d=49 gcd=1 a0=(-1.500000000,1.500000000) 
rho=(0.007575757576,0.007575757576) contrib=(-0.02272727273,4.352897526E-70)
COSET 11 c=1 d=50 gcd=1 a0=(-1.500000000,1.500000000) 
rho=(0.007575757576,0.007575757576) contrib=(-0.02272727273,2.575264847E-71)
COSET 11 c=1 d=51 gcd=1 a0=(-1.500000000,1.500000000) 
rho=(0.007575757576,0.007575757576) contrib=(-0.02272727273,6.012399235E-70)
COSET 11 c=1 d=52 gcd=1 a0=(-1.500000000,1.500000000) 
rho=(0.007575757576,0.007575757576) contrib=(-0.02272727273,4.732915783E-70)
COSET 11 c=1 d=53 gcd=1 a0=(-1.500000000,1.500000000) 
rho=(0.007575757576,0.007575757576) contrib=(-0.02272727273,2.378661656E-70)
COSET 11 c=1 d=54 gcd=1 a0=(-1.500000000,1.500000000) 
rho=(0.007575757576,0.007575757576) contrib=(-0.02272727273,-2.817229282E-70)
COSET 11 c=1 d=55 gcd=1 a0=(-1.500000000,1.500000000) 
rho=(0.007575757576,0.007575757576) contrib=(-0.02272727273,-8.758308003E-71)
COSET 11 c=1 d=56 gcd=1 a0=(-1.500000000,1.500000000) 
rho=(0.007575757576,0.007575757576) contrib=(-0.02272727273,-9.914644612E-71)
COSET 11 c=1 d=57 gcd=1 a0=(-1.500000000,1.500000000) 
rho=(0.007575757576,0.007575757576) contrib=(-0.02272727273,1.590708631E-70)
COSET 11 c=1 d=58 gcd=1 a0=(-1.500000000,1.500000000) 
rho=(0.007575757576,0.007575757576) contrib=(-0.02272727273,1.235054076E-69)
COSET 11 c=1 d=59 gcd=1 a0=(-1.500000000,1.500000000) 
rho=(0.007575757576,0.007575757576) contrib=(-0.02272727273,3.399136403E-70)
COSET 11 c=1 d=60 gcd=1 a0=(-1.500000000,1.500000000) 
rho=(0.007575757576,0.007575757576) contrib=(-0.02272727273,5.685282100E-70)
COSET 11 c=1 d=61 gcd=1 a0=(-1.500000000,1.500000000) 
rho=(0.007575757576,0.007575757576) contrib=(-0.02272727273,3.548799022E-71)
COSET 11 c=1 d=62 gcd=1 a0=(-1.500000000,1.500000000) 
rho=(0.007575757576,0.007575757576) contrib=(-0.02272727273,-2.218000925E-70)
COSET 11 c=1 d=63 gcd=1 a0=(-1.500000000,1.500000000) 
rho=(0.007575757576,0.007575757576) contrib=(-0.02272727273,7.299536496E-70)
COSET 11 c=1 d=64 gcd=1 a0=(-1.500000000,1.500000000) 
rho=(0.007575757576,0.007575757576) contrib=(-0.02272727273,-5.488694617E-70)
COSET 11 c=1 d=65 gcd=1 a0=(-1.500000000,1.500000000) 
rho=(0.007575757576,0.007575757576) contrib=(-0.02272727273,3.828018749E-69)
COSET 11 c=1 d=66 gcd=1 a0=(-1.500000000,1.500000000) 
rho=(0.007575757576,0.007575757576) contrib=(-0.02272727273,-1.884245595E-68)
COSET 11 c=1 d=67 gcd=1 a0=(-1.500000000,1.500000000) 
rho=(0.007575757576,0.007575757576) contrib=(-0.02272727273,-5.345231003E-70)
COSET 11 c=1 d=68 gcd=1 a0=(-1.500000000,1.500000000) 
rho=(0.007575757576,0.007575757576) contrib=(-0.02272727273,4.456366522E-70)
COSET 11 c=1 d=69 gcd=1 a0=(-1.500000000,1.500000000) 
rho=(0.007575757576,0.007575757576) contrib=(-0.02272727273,-5.765529817E-70)
COSET 11 c=1 d=70 gcd=1 a0=(-1.500000000,1.500000000) 
rho=(0.007575757576,0.007575757576) contrib=(-0.02272727273,5.889749165E-70)
COSET 11 c=1 d=71 gcd=1 a0=(-1.500000000,1.500000000) 
rho=(0.007575757576,0.007575757576) contrib=(-0.02272727273,1.875957669E-69)
COSET 11 c=1 d=72 gcd=1 a0=(-1.500000000,1.500000000) 
rho=(0.007575757576,0.007575757576) contrib=(-0.02272727273,-3.586721012E-70)
COSET 11 c=1 d=73 gcd=1 a0=(-1.500000000,1.500000000) 
rho=(0.007575757576,0.007575757576) contrib=(-0.02272727273,-9.935531158E-70)
COSET 11 c=1 d=74 gcd=1 a0=(-1.500000000,1.500000000) 
rho=(0.007575757576,0.007575757576) contrib=(-0.02272727273,-2.808183858E-70)
COSET 11 c=1 d=75 gcd=1 a0=(-1.500000000,1.500000000) 
rho=(0.007575757576,0.007575757576) contrib=(-0.02272727273,-4.558830770E-70)
COSET 11 c=1 d=76 gcd=1 a0=(-1.500000000,1.500000000) 
rho=(0.007575757576,0.007575757576) contrib=(-0.02272727273,3.963921801E-70)
COSET 11 c=1 d=77 gcd=1 a0=(-1.500000000,1.500000000) 
rho=(0.007575757576,0.007575757576) contrib=(-0.02272727273,7.325386371E-71)
COSET 11 c=1 d=78 gcd=1 a0=(-1.500000000,1.500000000) 
rho=(0.007575757576,0.007575757576) contrib=(-0.02272727273,1.287291878E-69)
COSET 11 c=1 d=79 gcd=1 a0=(-1.500000000,1.500000000) 
rho=(0.007575757576,0.007575757576) contrib=(-0.02272727273,-8.726171050E-70)
COSET 11 c=1 d=80 gcd=1 a0=(-1.500000000,1.500000000) 
rho=(0.007575757576,0.007575757576) contrib=(-0.02272727273,2.466476204E-70)
COSET 11 c=1 d=81 gcd=1 a0=(-1.500000000,1.500000000) 
rho=(0.007575757576,0.007575757576) contrib=(-0.02272727273,-2.179115214E-70)
COSET 11 c=1 d=82 gcd=1 a0=(-1.500000000,1.500000000) 
rho=(0.007575757576,0.007575757576) contrib=(-0.02272727273,-9.305219277E-70)
COSET 11 c=1 d=83 gcd=1 a0=(-1.500000000,1.500000000) 
rho=(0.007575757576,0.007575757576) contrib=(-0.02272727273,2.850906988E-70)
COSET 11 c=1 d=84 gcd=1 a0=(-1.500000000,1.500000000) 
rho=(0.007575757576,0.007575757576) contrib=(-0.02272727273,1.490344815E-69)
COSET 11 c=1 d=85 gcd=1 a0=(-1.500000000,1.500000000) 
rho=(0.007575757576,0.007575757576) contrib=(-0.02272727273,-1.122722034E-69)
COSET 11 c=1 d=86 gcd=1 a0=(-1.500000000,1.500000000) 
rho=(0.007575757576,0.007575757576) contrib=(-0.02272727273,-2.524341317E-70)
COSET 11 c=1 d=87 gcd=1 a0=(-1.500000000,1.500000000) 
rho=(0.007575757576,0.007575757576) contrib=(-0.02272727273,9.304125876E-70)
COSET 11 c=1 d=88 gcd=1 a0=(-1.500000000,1.500000000) 
rho=(0.007575757576,0.007575757576) contrib=(-0.02272727273,-5.560007514E-70)
COSET 11 c=1 d=89 gcd=1 a0=(-1.500000000,1.500000000) 
rho=(0.007575757576,0.007575757576) contrib=(-0.02272727273,-9.249526518E-72)
COSET 11 c=1 d=90 gcd=1 a0=(-1.500000000,1.500000000) 
rho=(0.007575757576,0.007575757576) contrib=(-0.02272727273,1.016836836E-70)
COSET 11 c=1 d=91 gcd=1 a0=(-1.500000000,1.500000000) 
rho=(0.007575757576,0.007575757576) contrib=(-0.02272727273,1.611644073E-69)
COSET 11 c=1 d=92 gcd=1 a0=(-1.500000000,1.500000000) 
rho=(0.007575757576,0.007575757576) contrib=(-0.02272727273,5.448325010E-70)
COSET 11 c=1 d=93 gcd=1 a0=(-1.500000000,1.500000000) 
rho=(0.007575757576,0.007575757576) contrib=(-0.02272727273,-6.226561642E-70)
COSET 11 c=1 d=94 gcd=1 a0=(-1.500000000,1.500000000) 
rho=(0.007575757576,0.007575757576) contrib=(-0.02272727273,-3.779707406E-70)
COSET 11 c=1 d=95 gcd=1 a0=(-1.500000000,1.500000000) 
rho=(0.007575757576,0.007575757576) contrib=(-0.02272727273,-4.872927428E-70)
COSET 11 c=1 d=96 gcd=1 a0=(-1.500000000,1.500000000) 
rho=(0.007575757576,0.007575757576) contrib=(-0.02272727273,3.579212005E-70)
COSET 11 c=1 d=97 gcd=1 a0=(-1.500000000,1.500000000) 
rho=(0.007575757576,0.007575757576) contrib=(-0.02272727273,-1.574892193E-69)
COSET 11 c=1 d=98 gcd=1 a0=(-1.500000000,1.500000000) 
rho=(0.007575757576,0.007575757576) contrib=(-0.02272727273,-5.439076148E-70)
COSET 11 c=1 d=99 gcd=1 a0=(-1.500000000,1.500000000) 
rho=(0.007575757576,0.007575757576) contrib=(-0.02272727273,1.778102798E-70)
COSET 11 c=1 d=100 gcd=1 a0=(-1.500000000,1.500000000) 
rho=(0.007575757576,0.007575757576) contrib=(-0.02272727273,1.785381667E-70)
COSET 11 c=1 d=101 gcd=1 a0=(-1.500000000,1.500000000) 
rho=(0.007575757576,0.007575757576) contrib=(-0.02272727273,2.442587140E-69)
COSET 11 c=1 d=102 gcd=1 a0=(-1.500000000,1.500000000) 
rho=(0.007575757576,0.007575757576) contrib=(-0.02272727273,-1.011390972E-69)
COSET 11 c=1 d=103 gcd=1 a0=(-1.500000000,1.500000000) 
rho=(0.007575757576,0.007575757576) contrib=(-0.02272727273,-3.066344562E-70)
COSET 11 c=1 d=104 gcd=1 a0=(-1.500000000,1.500000000) 
rho=(0.007575757576,0.007575757576) contrib=(-0.02272727273,2.612598031E-70)
COSET 11 c=1 d=105 gcd=1 a0=(-1.500000000,1.500000000) 
rho=(0.007575757576,0.007575757576) contrib=(-0.02272727273,5.390459271E-70)
COSET 11 c=1 d=106 gcd=1 a0=(-1.500000000,1.500000000) 
rho=(0.007575757576,0.007575757576) contrib=(-0.02272727273,3.985379052E-70)
COSET 11 c=1 d=107 gcd=1 a0=(-1.500000000,1.500000000) 
rho=(0.007575757576,0.007575757576) contrib=(-0.02272727273,-7.278824945E-70)
COSET 11 c=1 d=108 gcd=1 a0=(-1.500000000,1.500000000) 
rho=(0.007575757576,0.007575757576) contrib=(-0.02272727273,-1.505596490E-69)
COSET 11 c=1 d=109 gcd=1 a0=(-1.500000000,1.500000000) 
rho=(0.007575757576,0.007575757576) contrib=(-0.02272727273,1.950566063E-69)
COSET 11 c=1 d=110 gcd=1 a0=(-1.500000000,1.500000000) 
rho=(0.007575757576,0.007575757576) contrib=(-0.02272727273,8.997616888E-70)
COSET 11 c=1 d=111 gcd=1 a0=(-1.500000000,1.500000000) 
rho=(0.007575757576,0.007575757576) contrib=(-0.02272727273,1.240202767E-69)
COSET 11 c=1 d=112 gcd=1 a0=(-1.500000000,1.500000000) 
rho=(0.007575757576,0.007575757576) contrib=(-0.02272727273,-1.069128827E-69)
COSET 11 c=1 d=113 gcd=1 a0=(-1.500000000,1.500000000) 
rho=(0.007575757576,0.007575757576) contrib=(-0.02272727273,4.815592679E-70)
COSET 11 c=1 d=114 gcd=1 a0=(-1.500000000,1.500000000) 
rho=(0.007575757576,0.007575757576) contrib=(-0.02272727273,-2.281383450E-71)
COSET 11 c=1 d=115 gcd=1 a0=(-1.500000000,1.500000000) 
rho=(0.007575757576,0.007575757576) contrib=(-0.02272727273,2.534049498E-69)
COSET 11 c=1 d=116 gcd=1 a0=(-1.500000000,1.500000000) 
rho=(0.007575757576,0.007575757576) contrib=(-0.02272727273,3.490019729E-70)
COSET 11 c=1 d=117 gcd=1 a0=(-1.500000000,1.500000000) 
rho=(0.007575757576,0.007575757576) contrib=(-0.02272727273,1.101251283E-70)
COSET 11 c=1 d=118 gcd=1 a0=(-1.500000000,1.500000000) 
rho=(0.007575757576,0.007575757576) contrib=(-0.02272727273,1.293090753E-69)
COSET 11 c=1 d=119 gcd=1 a0=(-1.500000000,1.500000000) 
rho=(0.007575757576,0.007575757576) contrib=(-0.02272727273,4.394168473E-69)
COSET 11 c=1 d=120 gcd=1 a0=(-1.500000000,1.500000000) 
rho=(0.007575757576,0.007575757576) contrib=(-0.02272727273,1.241062215E-69)
COSET 11 c=1 d=121 gcd=1 a0=(-1.500000000,1.500000000) 
rho=(0.007575757576,0.007575757576) contrib=(-0.02272727273,8.736810606E-70)
COSET 11 c=1 d=122 gcd=1 a0=(-1.500000000,1.500000000) 
rho=(0.007575757576,0.007575757576) contrib=(-0.02272727273,-3.753820065E-70)
COSET 11 c=1 d=123 gcd=1 a0=(-1.500000000,1.500000000) 
rho=(0.007575757576,0.007575757576) contrib=(-0.02272727273,5.392863118E-70)
COSET 11 c=1 d=124 gcd=1 a0=(-1.500000000,1.500000000) 
rho=(0.007575757576,0.007575757576) contrib=(-0.02272727273,-2.172912725E-69)
COSET 11 c=1 d=125 gcd=1 a0=(-1.500000000,1.500000000) 
rho=(0.007575757576,0.007575757576) contrib=(-0.02272727273,4.557275342E-70)
COSET 11 c=1 d=126 gcd=1 a0=(-1.500000000,1.500000000) 
rho=(0.007575757576,0.007575757576) contrib=(-0.02272727273,1.844977491E-69)
COSET 11 c=1 d=127 gcd=1 a0=(-1.500000000,1.500000000) 
rho=(0.007575757576,0.007575757576) contrib=(-0.02272727273,1.553942311E-69)
COSET 11 c=1 d=128 gcd=1 a0=(-1.500000000,1.500000000) 
rho=(0.007575757576,0.007575757576) contrib=(-0.02272727273,9.859461628E-71)
COSET 11 c=1 d=129 gcd=1 a0=(-1.500000000,1.500000000) 
rho=(0.007575757576,0.007575757576) contrib=(-0.02272727273,-5.944966505E-70)
COSET 11 c=1 d=130 gcd=1 a0=(-1.500000000,1.500000000) 
rho=(0.007575757576,0.007575757576) contrib=(-0.02272727273,-1.549210479E-69)
COSET 11 c=1 d=131 gcd=1 a0=(-1.500000000,1.500000000) 
rho=(0.007575757576,0.007575757576) contrib=(-0.02272727273,1.798857289E-65)
COSET 11 c=3 d=1 gcd=3 a0=(951691.5000,951691.5000) 
rho=(0.02272727273,-0.02272727273) contrib=(43258.70454,-4.776289615E-71)
COSET 11 c=3 d=2 gcd=3 a0=(951691.5000,951691.5000) 
rho=(0.02272727273,-0.02272727273) contrib=(43258.70454,-2.722095493E-71)
COSET 11 c=3 d=4 gcd=3 a0=(951691.5000,951691.5000) 
rho=(0.02272727273,-0.02272727273) contrib=(43258.70454,-2.653261869E-71)
COSET 11 c=3 d=5 gcd=3 a0=(951691.5000,951691.5000) 
rho=(0.02272727273,-0.02272727273) contrib=(43258.70454,-7.220309520E-71)
COSET 11 c=3 d=7 gcd=3 a0=(951691.5000,951691.5000) 
rho=(0.02272727273,-0.02272727273) contrib=(43258.70454,-1.605013151E-71)
COSET 11 c=3 d=8 gcd=3 a0=(951691.5000,951691.5000) 
rho=(0.02272727273,-0.02272727273) contrib=(43258.70454,-3.254631166E-71)
COSET 11 c=3 d=10 gcd=3 a0=(951691.5000,951691.5000) 
rho=(0.02272727273,-0.02272727273) contrib=(43258.70454,-2.494120207E-71)
COSET 11 c=3 d=11 gcd=3 a0=(951691.5000,951691.5000) 
rho=(0.02272727273,-0.02272727273) contrib=(43258.70454,-3.175281421E-71)
COSET 11 c=3 d=13 gcd=3 a0=(951691.5000,951691.5000) 
rho=(0.02272727273,-0.02272727273) contrib=(43258.70454,-9.568286625E-71)
COSET 11 c=3 d=14 gcd=3 a0=(951691.5000,951691.5000) 
rho=(0.02272727273,-0.02272727273) contrib=(43258.70454,-4.029597594E-71)
COSET 11 c=3 d=16 gcd=3 a0=(951691.5000,951691.5000) 
rho=(0.02272727273,-0.02272727273) contrib=(43258.70454,-1.781382652E-70)
COSET 11 c=3 d=17 gcd=3 a0=(951691.5000,951691.5000) 
rho=(0.02272727273,-0.02272727273) contrib=(43258.70454,6.709904397E-72)
COSET 11 c=3 d=19 gcd=3 a0=(951691.5000,951691.5000) 
rho=(0.02272727273,-0.02272727273) contrib=(43258.70454,3.571432167E-71)
COSET 11 c=3 d=20 gcd=3 a0=(951691.5000,951691.5000) 
rho=(0.02272727273,-0.02272727273) contrib=(43258.70454,1.177283976E-70)
COSET 11 c=3 d=22 gcd=3 a0=(951691.5000,951691.5000) 
rho=(0.02272727273,-0.02272727273) contrib=(43258.70454,-8.728341036E-71)
COSET 11 c=3 d=23 gcd=3 a0=(951691.5000,951691.5000) 
rho=(0.02272727273,-0.02272727273) contrib=(43258.70454,3.235123535E-70)
COSET 11 c=3 d=25 gcd=3 a0=(951691.5000,951691.5000) 
rho=(0.02272727273,-0.02272727273) contrib=(43258.70454,1.674491681E-70)
COSET 11 c=3 d=26 gcd=3 a0=(951691.5000,951691.5000) 
rho=(0.02272727273,-0.02272727273) contrib=(43258.70454,-2.653853549E-70)
COSET 11 c=3 d=28 gcd=3 a0=(951691.5000,951691.5000) 
rho=(0.02272727273,-0.02272727273) contrib=(43258.70454,-1.139668724E-70)
COSET 11 c=3 d=29 gcd=3 a0=(951691.5000,951691.5000) 
rho=(0.02272727273,-0.02272727273) contrib=(43258.70454,-4.609657938E-70)
COSET 11 c=3 d=31 gcd=3 a0=(951691.5000,951691.5000) 
rho=(0.02272727273,-0.02272727273) contrib=(43258.70454,1.468692852E-70)
COSET 11 c=3 d=32 gcd=3 a0=(951691.5000,951691.5000) 
rho=(0.02272727273,-0.02272727273) contrib=(43258.70454,-1.953632249E-70)
COSET 11 c=3 d=34 gcd=3 a0=(951691.5000,951691.5000) 
rho=(0.02272727273,-0.02272727273) contrib=(43258.70454,-4.879383203E-70)
COSET 11 c=3 d=35 gcd=3 a0=(951691.5000,951691.5000) 
rho=(0.02272727273,-0.02272727273) contrib=(43258.70454,-3.804987612E-70)
COSET 11 c=3 d=37 gcd=3 a0=(951691.5000,951691.5000) 
rho=(0.02272727273,-0.02272727273) contrib=(43258.70454,8.174471849E-70)
COSET 11 c=3 d=38 gcd=3 a0=(951691.5000,951691.5000) 
rho=(0.02272727273,-0.02272727273) contrib=(43258.70454,2.750563505E-70)
COSET 11 c=3 d=40 gcd=3 a0=(951691.5000,951691.5000) 
rho=(0.02272727273,-0.02272727273) contrib=(43258.70454,1.115578526E-69)
COSET 11 c=3 d=41 gcd=3 a0=(951691.5000,951691.5000) 
rho=(0.02272727273,-0.02272727273) contrib=(43258.70454,2.313428414E-70)
COSET 11 c=3 d=43 gcd=3 a0=(951691.5000,951691.5000) 
rho=(0.02272727273,-0.02272727273) contrib=(43258.70454,3.493381583E-70)
COSET 11 c=3 d=44 gcd=3 a0=(951691.5000,951691.5000) 
rho=(0.02272727273,-0.02272727273) contrib=(43258.70454,-6.904959848E-70)
COSET 11 c=3 d=47 gcd=3 a0=(951691.5000,951691.5000) 
rho=(0.02272727273,-0.02272727273) contrib=(43258.70454,1.454637539E-69)
COSET 11 c=3 d=50 gcd=3 a0=(951691.5000,951691.5000) 
rho=(0.02272727273,-0.02272727273) contrib=(43258.70454,-1.104273550E-69)
COSET 11 c=3 d=53 gcd=3 a0=(951691.5000,951691.5000) 
rho=(0.02272727273,-0.02272727273) contrib=(43258.70454,9.430674427E-70)
COSET 11 c=3 d=56 gcd=3 a0=(951691.5000,951691.5000) 
rho=(0.02272727273,-0.02272727273) contrib=(43258.70454,1.184859863E-69)
COSET 11 c=3 d=59 gcd=3 a0=(951691.5000,951691.5000) 
rho=(0.02272727273,-0.02272727273) contrib=(43258.70454,-1.860376325E-69)
COSET 11 c=3 d=62 gcd=3 a0=(951691.5000,951691.5000) 
rho=(0.02272727273,-0.02272727273) contrib=(43258.70454,1.490404215E-69)
COSET 11 c=3 d=65 gcd=3 a0=(951691.5000,951691.5000) 
rho=(0.02272727273,-0.02272727273) contrib=(43258.70454,1.436150535E-69)
COSET 11 c=3 d=68 gcd=3 a0=(951691.5000,951691.5000) 
rho=(0.02272727273,-0.02272727273) contrib=(43258.70454,1.592192371E-69)
COSET 11 c=3 d=71 gcd=3 a0=(951691.5000,951691.5000) 
rho=(0.02272727273,-0.02272727273) contrib=(43258.70454,-6.358523901E-70)
COSET 11 c=3 d=74 gcd=3 a0=(951691.5000,951691.5000) 
rho=(0.02272727273,-0.02272727273) contrib=(43258.70454,-1.357987927E-69)
COSET 11 c=3 d=77 gcd=3 a0=(951691.5000,951691.5000) 
rho=(0.02272727273,-0.02272727273) contrib=(43258.70454,1.402635518E-69)
COSET 11 c=3 d=80 gcd=3 a0=(951691.5000,951691.5000) 
rho=(0.02272727273,-0.02272727273) contrib=(43258.70454,-6.351280323E-70)
COSET 11 c=3 d=83 gcd=3 a0=(951691.5000,951691.5000) 
rho=(0.02272727273,-0.02272727273) contrib=(43258.70454,-2.506570860E-69)
COSET 11 c=3 d=86 gcd=3 a0=(951691.5000,951691.5000) 
rho=(0.02272727273,-0.02272727273) contrib=(43258.70454,-2.549246069E-69)
COSET 11 c=4 d=1 gcd=4 a0=(-5931245.000,-3.539468846E-70) 
rho=(1.964682344E-81,-4.791908156E-83) contrib=(-1.165301233E-74,2.842198129E-7\
6)
COSET 11 c=4 d=3 gcd=4 a0=(-4.265682793E-70,-5931245.000) 
rho=(9.264355768E-82,5.430829243E-82) contrib=(3.221157880E-75,-5.494916383E-75\
)
COSET 11 c=4 d=5 gcd=4 a0=(-5931245.000,2.682376521E-70) 
rho=(1.964682344E-81,-4.791908156E-83) contrib=(-1.165301233E-74,2.842198129E-7\
6)
COSET 11 c=4 d=7 gcd=4 a0=(3.572750791E-69,-5931245.000) 
rho=(9.264355768E-82,5.430829243E-82) contrib=(3.221157880E-75,-5.494916383E-75\
)
COSET 11 c=4 d=9 gcd=4 a0=(-5931245.000,-4.462477763E-70) 
rho=(1.964682344E-81,-4.791908156E-83) contrib=(-1.165301233E-74,2.842198129E-7\
6)
COSET 11 c=4 d=11 gcd=4 a0=(-2.806883633E-69,-5931245.000) 
rho=(9.264355768E-82,5.430829243E-82) contrib=(3.221157880E-75,-5.494916383E-75\
)
COSET 11 c=4 d=13 gcd=4 a0=(-5931245.000,7.594757293E-70) 
rho=(1.964682344E-81,-4.791908156E-83) contrib=(-1.165301233E-74,2.842198129E-7\
6)
COSET 11 c=4 d=15 gcd=4 a0=(-1.054355205E-68,-5931245.000) 
rho=(9.264355768E-82,5.430829243E-82) contrib=(3.221157880E-75,-5.494916383E-75\
)
COSET 11 c=4 d=17 gcd=4 a0=(-5931245.000,1.454014255E-69) 
rho=(1.964682344E-81,-4.791908156E-83) contrib=(-1.165301233E-74,2.842198129E-7\
6)
COSET 11 c=4 d=19 gcd=4 a0=(4.531380337E-70,-5931245.000) 
rho=(9.264355768E-82,5.430829243E-82) contrib=(3.221157880E-75,-5.494916383E-75\
)
COSET 11 c=4 d=21 gcd=4 a0=(-5931245.000,-1.402114723E-69) 
rho=(1.964682344E-81,-4.791908156E-83) contrib=(-1.165301233E-74,2.842198129E-7\
6)
COSET 11 c=4 d=23 gcd=4 a0=(6.460756301E-69,-5931245.000) 
rho=(9.264355768E-82,5.430829243E-82) contrib=(3.221157880E-75,-5.494916383E-75\
)
COSET 11 c=4 d=25 gcd=4 a0=(-5931245.000,1.013540397E-68) 
rho=(1.964682344E-81,-4.791908156E-83) contrib=(-1.165301233E-74,2.842198129E-7\
6)
COSET 11 c=4 d=27 gcd=4 a0=(1.748470490E-69,-5931245.000) 
rho=(9.264355768E-82,5.430829243E-82) contrib=(3.221157880E-75,-5.494916383E-75\
)
COSET 11 c=4 d=29 gcd=4 a0=(-5931245.000,2.571365555E-70) 
rho=(1.964682344E-81,-4.791908156E-83) contrib=(-1.165301233E-74,2.842198129E-7\
6)
COSET 11 c=4 d=31 gcd=4 a0=(6.876324468E-69,-5931245.000) 
rho=(9.264355768E-82,5.430829243E-82) contrib=(3.221157880E-75,-5.494916383E-75\
)
COSET 11 c=4 d=33 gcd=4 a0=(-5931245.000,-4.390677915E-69) 
rho=(1.964682344E-81,-4.791908156E-83) contrib=(-1.165301233E-74,2.842198129E-7\
6)
COSET 11 c=4 d=35 gcd=4 a0=(1.496481257E-68,-5931245.000) 
rho=(9.264355768E-82,5.430829243E-82) contrib=(3.221157880E-75,-5.494916383E-75\
)
COSET 11 c=4 d=37 gcd=4 a0=(-5931245.000,3.894871099E-69) 
rho=(1.964682344E-81,-4.791908156E-83) contrib=(-1.165301233E-74,2.842198129E-7\
6)
COSET 11 c=4 d=39 gcd=4 a0=(-1.525603420E-70,-5931245.000) 
rho=(9.264355768E-82,5.430829243E-82) contrib=(3.221157880E-75,-5.494916383E-75\
)
COSET 11 c=4 d=41 gcd=4 a0=(-5931245.000,-2.059337298E-68) 
rho=(1.964682344E-81,-4.791908156E-83) contrib=(-1.165301233E-74,2.842198129E-7\
6)
COSET 11 c=4 d=43 gcd=4 a0=(1.304015229E-69,-5931245.000) 
rho=(9.264355768E-82,5.430829243E-82) contrib=(3.221157880E-75,-5.494916383E-75\
)
COSET 11 c=4 d=45 gcd=4 a0=(-5931245.000,-2.406427919E-69) 
rho=(1.964682344E-81,-4.791908156E-83) contrib=(-1.165301233E-74,2.842198129E-7\
6)
COSET 11 c=4 d=47 gcd=4 a0=(1.516657941E-68,-5931245.000) 
rho=(9.264355768E-82,5.430829243E-82) contrib=(3.221157880E-75,-5.494916383E-75\
)
COSET 11 c=4 d=49 gcd=4 a0=(-5931245.000,-4.411418980E-69) 
rho=(1.964682344E-81,-4.791908156E-83) contrib=(-1.165301233E-74,2.842198129E-7\
6)
COSET 11 c=4 d=51 gcd=4 a0=(-4.584553782E-69,-5931245.000) 
rho=(9.264355768E-82,5.430829243E-82) contrib=(3.221157880E-75,-5.494916383E-75\
)
COSET 11 c=4 d=53 gcd=4 a0=(-5931245.000,-4.372591915E-68) 
rho=(1.964682344E-81,-4.791908156E-83) contrib=(-1.165301233E-74,2.842198129E-7\
6)
COSET 11 c=4 d=55 gcd=4 a0=(-6.925143949E-68,-5931245.000) 
rho=(9.264355768E-82,5.430829243E-82) contrib=(3.221157880E-75,-5.494916383E-75\
)
COSET 11 c=4 d=57 gcd=4 a0=(-5931245.000,2.561641138E-68) 
rho=(1.964682344E-81,-4.791908156E-83) contrib=(-1.165301233E-74,2.842198129E-7\
6)
COSET 11 c=4 d=59 gcd=4 a0=(-3.718259868E-69,-5931245.000) 
rho=(9.264355768E-82,5.430829243E-82) contrib=(3.221157880E-75,-5.494916383E-75\
)
COSET 11 c=4 d=61 gcd=4 a0=(-5931245.000,1.205568843E-68) 
rho=(1.964682344E-81,-4.791908156E-83) contrib=(-1.165301233E-74,2.842198129E-7\
6)
COSET 11 c=4 d=63 gcd=4 a0=(7.851639594E-69,-5931245.000) 
rho=(9.264355768E-82,5.430829243E-82) contrib=(3.221157880E-75,-5.494916383E-75\
)
COSET 11 c=4 d=65 gcd=4 a0=(-5931245.000,6.526189798E-68) 
rho=(1.964682344E-81,-4.791908156E-83) contrib=(-1.165301233E-74,2.842198129E-7\
6)
COSET 11 c=11 d=1 gcd=11 a0=(2.500000000,2.500000000) 
rho=(0.08333333334,-0.08333333334) contrib=(0.4166666667,2.876133151E-71)
COSET 11 c=11 d=2 gcd=11 a0=(-2.500000000,-2.500000000) 
rho=(-0.08333333334,0.08333333334) contrib=(0.4166666667,3.627235990E-71)
COSET 11 c=11 d=3 gcd=11 a0=(2.500000000,2.500000000) 
rho=(0.08333333334,-0.08333333334) contrib=(0.4166666667,-1.964932160E-71)
COSET 11 c=11 d=4 gcd=11 a0=(2.500000000,2.500000000) 
rho=(0.08333333334,-0.08333333334) contrib=(0.4166666667,9.848712531E-72)
COSET 11 c=11 d=5 gcd=11 a0=(-2.500000000,-2.500000000) 
rho=(-0.08333333334,0.08333333334) contrib=(0.4166666667,3.612804953E-71)
COSET 11 c=11 d=6 gcd=11 a0=(-2.500000000,-2.500000000) 
rho=(-0.08333333334,0.08333333334) contrib=(0.4166666667,-1.679157024E-71)
COSET 11 c=11 d=7 gcd=11 a0=(2.500000000,2.500000000) 
rho=(0.08333333334,-0.08333333334) contrib=(0.4166666667,-4.629849947E-72)
COSET 11 c=11 d=8 gcd=11 a0=(2.500000000,2.500000000) 
rho=(0.08333333334,-0.08333333334) contrib=(0.4166666667,-6.860310323E-72)
COSET 11 c=11 d=9 gcd=11 a0=(2.500000000,2.500000000) 
rho=(0.08333333334,-0.08333333334) contrib=(0.4166666667,4.448338713E-71)
COSET 11 c=11 d=10 gcd=11 a0=(2.500000000,2.500000000) 
rho=(0.08333333334,-0.08333333334) contrib=(0.4166666667,1.923099164E-72)
COSET 11 c=11 d=12 gcd=11 a0=(2.500000000,2.500000000) 
rho=(0.08333333334,-0.08333333334) contrib=(0.4166666667,-7.844482061E-71)
COSET 11 c=11 d=23 gcd=11 a0=(2.500000000,2.500000000) 
rho=(0.08333333334,-0.08333333334) contrib=(0.4166666667,-3.040304127E-71)
COSET 11 c=12 d=1 gcd=12 a0=(951762.0000,1.002440232E-71) 
rho=(-1.108528087E-80,4.152987069E-82) contrib=(-1.055054909E-74,3.952655278E-7\
6)
COSET 11 c=12 d=5 gcd=12 a0=(-951762.0000,2.132752000E-71) 
rho=(-1.277842175E-82,-1.725086936E-81) contrib=(1.216201624E-76,1.641872193E-7\
5)
COSET 11 c=12 d=7 gcd=12 a0=(-1.252553159E-71,951762.0000) 
rho=(-1.900790235E-81,-9.104625497E-82) contrib=(8.665436571E-76,-1.809099916E-\
75)
COSET 11 c=12 d=11 gcd=12 a0=(-6.270240771E-72,951762.0000) 
rho=(-4.568285776E-81,1.619664957E-80) contrib=(-1.541535559E-74,-4.347920806E-\
75)
COSET 11 c=12 d=13 gcd=12 a0=(951762.0000,-5.603412901E-71) 
rho=(-1.108528087E-80,4.152987069E-82) contrib=(-1.055054909E-74,3.952655278E-7\
6)
COSET 11 c=12 d=17 gcd=12 a0=(-951762.0000,-1.205339572E-71) 
rho=(-1.277842175E-82,-1.725086936E-81) contrib=(1.216201624E-76,1.641872193E-7\
5)
COSET 11 c=12 d=19 gcd=12 a0=(-4.719774673E-71,951762.0000) 
rho=(-1.900790235E-81,-9.104625497E-82) contrib=(8.665436571E-76,-1.809099916E-\
75)
COSET 11 c=12 d=25 gcd=12 a0=(951762.0000,-5.701319078E-72) 
rho=(-1.108528087E-80,4.152987069E-82) contrib=(-1.055054909E-74,3.952655278E-7\
6)
COSET 11 c=12 d=31 gcd=12 a0=(7.645597420E-71,951762.0000) 
rho=(-1.900790235E-81,-9.104625497E-82) contrib=(8.665436571E-76,-1.809099916E-\
75)
COSET 11 c=12 d=37 gcd=12 a0=(951762.0000,1.202610737E-70) 
rho=(-1.108528087E-80,4.152987069E-82) contrib=(-1.055054909E-74,3.952655278E-7\
6)
COSET 11 c=12 d=43 gcd=12 a0=(2.314775053E-70,951762.0000) 
rho=(-1.900790235E-81,-9.104625497E-82) contrib=(8.665436571E-76,-1.809099916E-\
75)
COSET 11 c=33 d=1 gcd=33 a0=(951686.5000,-951686.5000) 
rho=(-0.2500000000,-0.2500000000) contrib=(-475843.2500,4.927670932E-71)
COSET 11 c=33 d=2 gcd=33 a0=(951686.5000,-951686.5000) 
rho=(-0.2500000000,-0.2500000000) contrib=(-475843.2500,-6.062937562E-71)
COSET 11 c=33 d=4 gcd=33 a0=(951686.5000,-951686.5000) 
rho=(-0.2500000000,-0.2500000000) contrib=(-475843.2500,-1.448545064E-70)
COSET 11 c=33 d=7 gcd=33 a0=(-951686.5000,951686.5000) 
rho=(0.2500000000,0.2500000000) contrib=(-475843.2500,5.078744782E-71)
COSET 11 c=44 d=1 gcd=44 a0=(-5931249.000,1.178640296E-68) 
rho=(-5.520278196E-80,1.993433793E-80) contrib=(3.274214453E-73,-1.182355219E-7\
3)
COSET 11 c=44 d=3 gcd=44 a0=(2.571494141E-68,-5931249.000) 
rho=(-8.916947779E-81,4.276366487E-81) contrib=(2.536419445E-74,5.288863759E-74\
)
COSET 11 c=44 d=5 gcd=44 a0=(-5931249.000,8.825195535E-69) 
rho=(1.517437583E-80,-7.060078016E-81) contrib=(-9.000300145E-74,4.187508067E-7\
4)
FORM 12:
  c_eta(0)[1] (trivial) = -1.69879218037E-63 + 8.51374113523E-64 i   (half: 
-8.49396090187E-64)
  c_eta(0)[2] = 12.0000000000 + 8.51376491905E-64 i   (half: 6.00000000000)
  c_eta(0)[3] = 12.0000000000 + 8.51376491941E-64 i   (half: 6.00000000000)
COSET 12 c=0 d=1 gcd=132 a0=(-951770.0000,1.641906913E-69) 
rho=(0.0000000000,0.0000000000) contrib=(-0.0000000000,0.0000000000)
COSET 12 c=1 d=0 gcd=1 a0=(-2.500000000,2.500000000) 
rho=(0.007575757576,0.007575757576) contrib=(-0.03787878788,8.333772881E-64)
COSET 12 c=1 d=1 gcd=1 a0=(-2.500000000,2.500000000) 
rho=(0.007575757576,0.007575757576) contrib=(-0.03787878788,1.189964012E-68)
COSET 12 c=1 d=2 gcd=1 a0=(-2.500000000,2.500000000) 
rho=(0.007575757576,0.007575757576) contrib=(-0.03787878788,1.433295153E-70)
COSET 12 c=1 d=3 gcd=1 a0=(-2.500000000,2.500000000) 
rho=(0.007575757576,0.007575757576) contrib=(-0.03787878788,-3.256480566E-70)
COSET 12 c=1 d=4 gcd=1 a0=(-2.500000000,2.500000000) 
rho=(0.007575757576,0.007575757576) contrib=(-0.03787878788,3.061789801E-71)
COSET 12 c=1 d=5 gcd=1 a0=(-2.500000000,2.500000000) 
rho=(0.007575757576,0.007575757576) contrib=(-0.03787878788,-5.201122988E-70)
COSET 12 c=1 d=6 gcd=1 a0=(-2.500000000,2.500000000) 
rho=(0.007575757576,0.007575757576) contrib=(-0.03787878788,-2.602977255E-70)
COSET 12 c=1 d=7 gcd=1 a0=(-2.500000000,2.500000000) 
rho=(0.007575757576,0.007575757576) contrib=(-0.03787878788,-2.652718987E-70)
COSET 12 c=1 d=8 gcd=1 a0=(-2.500000000,2.500000000) 
rho=(0.007575757576,0.007575757576) contrib=(-0.03787878788,-4.722017281E-70)
COSET 12 c=1 d=9 gcd=1 a0=(-2.500000000,2.500000000) 
rho=(0.007575757576,0.007575757576) contrib=(-0.03787878788,-2.995931114E-70)
COSET 12 c=1 d=10 gcd=1 a0=(-2.500000000,2.500000000) 
rho=(0.007575757576,0.007575757576) contrib=(-0.03787878788,4.008446995E-70)
COSET 12 c=1 d=11 gcd=1 a0=(-2.500000000,2.500000000) 
rho=(0.007575757576,0.007575757576) contrib=(-0.03787878788,-3.971323514E-70)
COSET 12 c=1 d=12 gcd=1 a0=(-2.500000000,2.500000000) 
rho=(0.007575757576,0.007575757576) contrib=(-0.03787878788,-1.841165815E-70)
COSET 12 c=1 d=13 gcd=1 a0=(-2.500000000,2.500000000) 
rho=(0.007575757576,0.007575757576) contrib=(-0.03787878788,-4.618712664E-70)
COSET 12 c=1 d=14 gcd=1 a0=(-2.500000000,2.500000000) 
rho=(0.007575757576,0.007575757576) contrib=(-0.03787878788,-4.970976985E-71)
COSET 12 c=1 d=15 gcd=1 a0=(-2.500000000,2.500000000) 
rho=(0.007575757576,0.007575757576) contrib=(-0.03787878788,-1.481697820E-70)
COSET 12 c=1 d=16 gcd=1 a0=(-2.500000000,2.500000000) 
rho=(0.007575757576,0.007575757576) contrib=(-0.03787878788,4.241105885E-70)
COSET 12 c=1 d=17 gcd=1 a0=(-2.500000000,2.500000000) 
rho=(0.007575757576,0.007575757576) contrib=(-0.03787878788,8.108639426E-71)
COSET 12 c=1 d=18 gcd=1 a0=(-2.500000000,2.500000000) 
rho=(0.007575757576,0.007575757576) contrib=(-0.03787878788,-1.619675636E-71)
COSET 12 c=1 d=19 gcd=1 a0=(-2.500000000,2.500000000) 
rho=(0.007575757576,0.007575757576) contrib=(-0.03787878788,9.966175831E-71)
COSET 12 c=1 d=20 gcd=1 a0=(-2.500000000,2.500000000) 
rho=(0.007575757576,0.007575757576) contrib=(-0.03787878788,-2.235918028E-70)
COSET 12 c=1 d=21 gcd=1 a0=(-2.500000000,2.500000000) 
rho=(0.007575757576,0.007575757576) contrib=(-0.03787878788,-6.491461275E-70)
COSET 12 c=1 d=22 gcd=1 a0=(-2.500000000,2.500000000) 
rho=(0.007575757576,0.007575757576) contrib=(-0.03787878788,2.661533236E-71)
COSET 12 c=1 d=23 gcd=1 a0=(-2.500000000,2.500000000) 
rho=(0.007575757576,0.007575757576) contrib=(-0.03787878788,2.375157074E-70)
COSET 12 c=1 d=24 gcd=1 a0=(-2.500000000,2.500000000) 
rho=(0.007575757576,0.007575757576) contrib=(-0.03787878788,3.469633951E-70)
COSET 12 c=1 d=25 gcd=1 a0=(-2.500000000,2.500000000) 
rho=(0.007575757576,0.007575757576) contrib=(-0.03787878788,-3.662761476E-70)
COSET 12 c=1 d=26 gcd=1 a0=(-2.500000000,2.500000000) 
rho=(0.007575757576,0.007575757576) contrib=(-0.03787878788,3.586660544E-70)
COSET 12 c=1 d=27 gcd=1 a0=(-2.500000000,2.500000000) 
rho=(0.007575757576,0.007575757576) contrib=(-0.03787878788,-4.833220383E-70)
COSET 12 c=1 d=28 gcd=1 a0=(-2.500000000,2.500000000) 
rho=(0.007575757576,0.007575757576) contrib=(-0.03787878788,3.157029359E-70)
COSET 12 c=1 d=29 gcd=1 a0=(-2.500000000,2.500000000) 
rho=(0.007575757576,0.007575757576) contrib=(-0.03787878788,4.766886264E-71)
COSET 12 c=1 d=30 gcd=1 a0=(-2.500000000,2.500000000) 
rho=(0.007575757576,0.007575757576) contrib=(-0.03787878788,-7.462683318E-70)
COSET 12 c=1 d=31 gcd=1 a0=(-2.500000000,2.500000000) 
rho=(0.007575757576,0.007575757576) contrib=(-0.03787878788,-4.042210807E-70)
COSET 12 c=1 d=32 gcd=1 a0=(-2.500000000,2.500000000) 
rho=(0.007575757576,0.007575757576) contrib=(-0.03787878788,3.620091090E-71)
COSET 12 c=1 d=33 gcd=1 a0=(-2.500000000,2.500000000) 
rho=(0.007575757576,0.007575757576) contrib=(-0.03787878788,-1.374641584E-70)
COSET 12 c=1 d=34 gcd=1 a0=(-2.500000000,2.500000000) 
rho=(0.007575757576,0.007575757576) contrib=(-0.03787878788,1.113819232E-70)
COSET 12 c=1 d=35 gcd=1 a0=(-2.500000000,2.500000000) 
rho=(0.007575757576,0.007575757576) contrib=(-0.03787878788,5.349441103E-70)
COSET 12 c=1 d=36 gcd=1 a0=(-2.500000000,2.500000000) 
rho=(0.007575757576,0.007575757576) contrib=(-0.03787878788,-1.100380446E-70)
COSET 12 c=1 d=37 gcd=1 a0=(-2.500000000,2.500000000) 
rho=(0.007575757576,0.007575757576) contrib=(-0.03787878788,6.643651125E-70)
COSET 12 c=1 d=38 gcd=1 a0=(-2.500000000,2.500000000) 
rho=(0.007575757576,0.007575757576) contrib=(-0.03787878788,-3.130811572E-70)
COSET 12 c=1 d=39 gcd=1 a0=(-2.500000000,2.500000000) 
rho=(0.007575757576,0.007575757576) contrib=(-0.03787878788,-4.102382484E-70)
COSET 12 c=1 d=40 gcd=1 a0=(-2.500000000,2.500000000) 
rho=(0.007575757576,0.007575757576) contrib=(-0.03787878788,-2.559982584E-70)
COSET 12 c=1 d=41 gcd=1 a0=(-2.500000000,2.500000000) 
rho=(0.007575757576,0.007575757576) contrib=(-0.03787878788,6.540815451E-71)
COSET 12 c=1 d=42 gcd=1 a0=(-2.500000000,2.500000000) 
rho=(0.007575757576,0.007575757576) contrib=(-0.03787878788,1.041750281E-70)
COSET 12 c=1 d=43 gcd=1 a0=(-2.500000000,2.500000000) 
rho=(0.007575757576,0.007575757576) contrib=(-0.03787878788,3.544429121E-71)
COSET 12 c=1 d=44 gcd=1 a0=(-2.500000000,2.500000000) 
rho=(0.007575757576,0.007575757576) contrib=(-0.03787878788,-5.567610186E-70)
COSET 12 c=1 d=45 gcd=1 a0=(-2.500000000,2.500000000) 
rho=(0.007575757576,0.007575757576) contrib=(-0.03787878788,-1.764782836E-70)
COSET 12 c=1 d=46 gcd=1 a0=(-2.500000000,2.500000000) 
rho=(0.007575757576,0.007575757576) contrib=(-0.03787878788,5.003516255E-70)
COSET 12 c=1 d=47 gcd=1 a0=(-2.500000000,2.500000000) 
rho=(0.007575757576,0.007575757576) contrib=(-0.03787878788,2.158059238E-71)
COSET 12 c=1 d=48 gcd=1 a0=(-2.500000000,2.500000000) 
rho=(0.007575757576,0.007575757576) contrib=(-0.03787878788,8.078993589E-70)
COSET 12 c=1 d=49 gcd=1 a0=(-2.500000000,2.500000000) 
rho=(0.007575757576,0.007575757576) contrib=(-0.03787878788,4.352897526E-70)
COSET 12 c=1 d=50 gcd=1 a0=(-2.500000000,2.500000000) 
rho=(0.007575757576,0.007575757576) contrib=(-0.03787878788,2.575264821E-71)
COSET 12 c=1 d=51 gcd=1 a0=(-2.500000000,2.500000000) 
rho=(0.007575757576,0.007575757576) contrib=(-0.03787878788,6.012399233E-70)
COSET 12 c=1 d=52 gcd=1 a0=(-2.500000000,2.500000000) 
rho=(0.007575757576,0.007575757576) contrib=(-0.03787878788,4.732915781E-70)
COSET 12 c=1 d=53 gcd=1 a0=(-2.500000000,2.500000000) 
rho=(0.007575757576,0.007575757576) contrib=(-0.03787878788,2.378661646E-70)
COSET 12 c=1 d=54 gcd=1 a0=(-2.500000000,2.500000000) 
rho=(0.007575757576,0.007575757576) contrib=(-0.03787878788,-2.817229242E-70)
COSET 12 c=1 d=55 gcd=1 a0=(-2.500000000,2.500000000) 
rho=(0.007575757576,0.007575757576) contrib=(-0.03787878788,-8.758308186E-71)
COSET 12 c=1 d=56 gcd=1 a0=(-2.500000000,2.500000000) 
rho=(0.007575757576,0.007575757576) contrib=(-0.03787878788,-9.914644625E-71)
COSET 12 c=1 d=57 gcd=1 a0=(-2.500000000,2.500000000) 
rho=(0.007575757576,0.007575757576) contrib=(-0.03787878788,1.590708622E-70)
COSET 12 c=1 d=58 gcd=1 a0=(-2.500000000,2.500000000) 
rho=(0.007575757576,0.007575757576) contrib=(-0.03787878788,1.235054073E-69)
COSET 12 c=1 d=59 gcd=1 a0=(-2.500000000,2.500000000) 
rho=(0.007575757576,0.007575757576) contrib=(-0.03787878788,3.399136405E-70)
COSET 12 c=1 d=60 gcd=1 a0=(-2.500000000,2.500000000) 
rho=(0.007575757576,0.007575757576) contrib=(-0.03787878788,5.685282073E-70)
COSET 12 c=1 d=61 gcd=1 a0=(-2.500000000,2.500000000) 
rho=(0.007575757576,0.007575757576) contrib=(-0.03787878788,3.548798839E-71)
COSET 12 c=1 d=62 gcd=1 a0=(-2.500000000,2.500000000) 
rho=(0.007575757576,0.007575757576) contrib=(-0.03787878788,-2.218000925E-70)
COSET 12 c=1 d=63 gcd=1 a0=(-2.500000000,2.500000000) 
rho=(0.007575757576,0.007575757576) contrib=(-0.03787878788,7.299536475E-70)
COSET 12 c=1 d=64 gcd=1 a0=(-2.500000000,2.500000000) 
rho=(0.007575757576,0.007575757576) contrib=(-0.03787878788,-5.488694595E-70)
COSET 12 c=1 d=65 gcd=1 a0=(-2.500000000,2.500000000) 
rho=(0.007575757576,0.007575757576) contrib=(-0.03787878788,3.828018736E-69)
COSET 12 c=1 d=66 gcd=1 a0=(-2.500000000,2.500000000) 
rho=(0.007575757576,0.007575757576) contrib=(-0.03787878788,-1.884245587E-68)
COSET 12 c=1 d=67 gcd=1 a0=(-2.500000000,2.500000000) 
rho=(0.007575757576,0.007575757576) contrib=(-0.03787878788,-5.345230940E-70)
COSET 12 c=1 d=68 gcd=1 a0=(-2.500000000,2.500000000) 
rho=(0.007575757576,0.007575757576) contrib=(-0.03787878788,4.456366519E-70)
COSET 12 c=1 d=69 gcd=1 a0=(-2.500000000,2.500000000) 
rho=(0.007575757576,0.007575757576) contrib=(-0.03787878788,-5.765529813E-70)
COSET 12 c=1 d=70 gcd=1 a0=(-2.500000000,2.500000000) 
rho=(0.007575757576,0.007575757576) contrib=(-0.03787878788,5.889749161E-70)
COSET 12 c=1 d=71 gcd=1 a0=(-2.500000000,2.500000000) 
rho=(0.007575757576,0.007575757576) contrib=(-0.03787878788,1.875957658E-69)
COSET 12 c=1 d=72 gcd=1 a0=(-2.500000000,2.500000000) 
rho=(0.007575757576,0.007575757576) contrib=(-0.03787878788,-3.586720964E-70)
COSET 12 c=1 d=73 gcd=1 a0=(-2.500000000,2.500000000) 
rho=(0.007575757576,0.007575757576) contrib=(-0.03787878788,-9.935531097E-70)
COSET 12 c=1 d=74 gcd=1 a0=(-2.500000000,2.500000000) 
rho=(0.007575757576,0.007575757576) contrib=(-0.03787878788,-2.808183853E-70)
COSET 12 c=1 d=75 gcd=1 a0=(-2.500000000,2.500000000) 
rho=(0.007575757576,0.007575757576) contrib=(-0.03787878788,-4.558830777E-70)
COSET 12 c=1 d=76 gcd=1 a0=(-2.500000000,2.500000000) 
rho=(0.007575757576,0.007575757576) contrib=(-0.03787878788,3.963921780E-70)
COSET 12 c=1 d=77 gcd=1 a0=(-2.500000000,2.500000000) 
rho=(0.007575757576,0.007575757576) contrib=(-0.03787878788,7.325386423E-71)
COSET 12 c=1 d=78 gcd=1 a0=(-2.500000000,2.500000000) 
rho=(0.007575757576,0.007575757576) contrib=(-0.03787878788,1.287291872E-69)
COSET 12 c=1 d=79 gcd=1 a0=(-2.500000000,2.500000000) 
rho=(0.007575757576,0.007575757576) contrib=(-0.03787878788,-8.726171027E-70)
COSET 12 c=1 d=80 gcd=1 a0=(-2.500000000,2.500000000) 
rho=(0.007575757576,0.007575757576) contrib=(-0.03787878788,2.466476195E-70)
COSET 12 c=1 d=81 gcd=1 a0=(-2.500000000,2.500000000) 
rho=(0.007575757576,0.007575757576) contrib=(-0.03787878788,-2.179115209E-70)
COSET 12 c=1 d=82 gcd=1 a0=(-2.500000000,2.500000000) 
rho=(0.007575757576,0.007575757576) contrib=(-0.03787878788,-9.305219237E-70)
COSET 12 c=1 d=83 gcd=1 a0=(-2.500000000,2.500000000) 
rho=(0.007575757576,0.007575757576) contrib=(-0.03787878788,2.850906996E-70)
COSET 12 c=1 d=84 gcd=1 a0=(-2.500000000,2.500000000) 
rho=(0.007575757576,0.007575757576) contrib=(-0.03787878788,1.490344814E-69)
COSET 12 c=1 d=85 gcd=1 a0=(-2.500000000,2.500000000) 
rho=(0.007575757576,0.007575757576) contrib=(-0.03787878788,-1.122722025E-69)
COSET 12 c=1 d=86 gcd=1 a0=(-2.500000000,2.500000000) 
rho=(0.007575757576,0.007575757576) contrib=(-0.03787878788,-2.524341319E-70)
COSET 12 c=1 d=87 gcd=1 a0=(-2.500000000,2.500000000) 
rho=(0.007575757576,0.007575757576) contrib=(-0.03787878788,9.304125876E-70)
COSET 12 c=1 d=88 gcd=1 a0=(-2.500000000,2.500000000) 
rho=(0.007575757576,0.007575757576) contrib=(-0.03787878788,-5.560007498E-70)
COSET 12 c=1 d=89 gcd=1 a0=(-2.500000000,2.500000000) 
rho=(0.007575757576,0.007575757576) contrib=(-0.03787878788,-9.249525341E-72)
COSET 12 c=1 d=90 gcd=1 a0=(-2.500000000,2.500000000) 
rho=(0.007575757576,0.007575757576) contrib=(-0.03787878788,1.016836841E-70)
COSET 12 c=1 d=91 gcd=1 a0=(-2.500000000,2.500000000) 
rho=(0.007575757576,0.007575757576) contrib=(-0.03787878788,1.611644066E-69)
COSET 12 c=1 d=92 gcd=1 a0=(-2.500000000,2.500000000) 
rho=(0.007575757576,0.007575757576) contrib=(-0.03787878788,5.448325001E-70)
COSET 12 c=1 d=93 gcd=1 a0=(-2.500000000,2.500000000) 
rho=(0.007575757576,0.007575757576) contrib=(-0.03787878788,-6.226561642E-70)
COSET 12 c=1 d=94 gcd=1 a0=(-2.500000000,2.500000000) 
rho=(0.007575757576,0.007575757576) contrib=(-0.03787878788,-3.779707379E-70)
COSET 12 c=1 d=95 gcd=1 a0=(-2.500000000,2.500000000) 
rho=(0.007575757576,0.007575757576) contrib=(-0.03787878788,-4.872927488E-70)
COSET 12 c=1 d=96 gcd=1 a0=(-2.500000000,2.500000000) 
rho=(0.007575757576,0.007575757576) contrib=(-0.03787878788,3.579212003E-70)
COSET 12 c=1 d=97 gcd=1 a0=(-2.500000000,2.500000000) 
rho=(0.007575757576,0.007575757576) contrib=(-0.03787878788,-1.574892186E-69)
COSET 12 c=1 d=98 gcd=1 a0=(-2.500000000,2.500000000) 
rho=(0.007575757576,0.007575757576) contrib=(-0.03787878788,-5.439076159E-70)
COSET 12 c=1 d=99 gcd=1 a0=(-2.500000000,2.500000000) 
rho=(0.007575757576,0.007575757576) contrib=(-0.03787878788,1.778102777E-70)
COSET 12 c=1 d=100 gcd=1 a0=(-2.500000000,2.500000000) 
rho=(0.007575757576,0.007575757576) contrib=(-0.03787878788,1.785381699E-70)
COSET 12 c=1 d=101 gcd=1 a0=(-2.500000000,2.500000000) 
rho=(0.007575757576,0.007575757576) contrib=(-0.03787878788,2.442587132E-69)
COSET 12 c=1 d=102 gcd=1 a0=(-2.500000000,2.500000000) 
rho=(0.007575757576,0.007575757576) contrib=(-0.03787878788,-1.011390971E-69)
COSET 12 c=1 d=103 gcd=1 a0=(-2.500000000,2.500000000) 
rho=(0.007575757576,0.007575757576) contrib=(-0.03787878788,-3.066344484E-70)
COSET 12 c=1 d=104 gcd=1 a0=(-2.500000000,2.500000000) 
rho=(0.007575757576,0.007575757576) contrib=(-0.03787878788,2.612598018E-70)
COSET 12 c=1 d=105 gcd=1 a0=(-2.500000000,2.500000000) 
rho=(0.007575757576,0.007575757576) contrib=(-0.03787878788,5.390459213E-70)
COSET 12 c=1 d=106 gcd=1 a0=(-2.500000000,2.500000000) 
rho=(0.007575757576,0.007575757576) contrib=(-0.03787878788,3.985379019E-70)
COSET 12 c=1 d=107 gcd=1 a0=(-2.500000000,2.500000000) 
rho=(0.007575757576,0.007575757576) contrib=(-0.03787878788,-7.278825043E-70)
COSET 12 c=1 d=108 gcd=1 a0=(-2.500000000,2.500000000) 
rho=(0.007575757576,0.007575757576) contrib=(-0.03787878788,-1.505596483E-69)
COSET 12 c=1 d=109 gcd=1 a0=(-2.500000000,2.500000000) 
rho=(0.007575757576,0.007575757576) contrib=(-0.03787878788,1.950566053E-69)
COSET 12 c=1 d=110 gcd=1 a0=(-2.500000000,2.500000000) 
rho=(0.007575757576,0.007575757576) contrib=(-0.03787878788,8.997616888E-70)
COSET 12 c=1 d=111 gcd=1 a0=(-2.500000000,2.500000000) 
rho=(0.007575757576,0.007575757576) contrib=(-0.03787878788,1.240202763E-69)
COSET 12 c=1 d=112 gcd=1 a0=(-2.500000000,2.500000000) 
rho=(0.007575757576,0.007575757576) contrib=(-0.03787878788,-1.069128821E-69)
COSET 12 c=1 d=113 gcd=1 a0=(-2.500000000,2.500000000) 
rho=(0.007575757576,0.007575757576) contrib=(-0.03787878788,4.815592679E-70)
COSET 12 c=1 d=114 gcd=1 a0=(-2.500000000,2.500000000) 
rho=(0.007575757576,0.007575757576) contrib=(-0.03787878788,-2.281383607E-71)
COSET 12 c=1 d=115 gcd=1 a0=(-2.500000000,2.500000000) 
rho=(0.007575757576,0.007575757576) contrib=(-0.03787878788,2.534049485E-69)
COSET 12 c=1 d=116 gcd=1 a0=(-2.500000000,2.500000000) 
rho=(0.007575757576,0.007575757576) contrib=(-0.03787878788,3.490019776E-70)
COSET 12 c=1 d=117 gcd=1 a0=(-2.500000000,2.500000000) 
rho=(0.007575757576,0.007575757576) contrib=(-0.03787878788,1.101251325E-70)
COSET 12 c=1 d=118 gcd=1 a0=(-2.500000000,2.500000000) 
rho=(0.007575757576,0.007575757576) contrib=(-0.03787878788,1.293090748E-69)
COSET 12 c=1 d=119 gcd=1 a0=(-2.500000000,2.500000000) 
rho=(0.007575757576,0.007575757576) contrib=(-0.03787878788,4.394168469E-69)
COSET 12 c=1 d=120 gcd=1 a0=(-2.500000000,2.500000000) 
rho=(0.007575757576,0.007575757576) contrib=(-0.03787878788,1.241062219E-69)
COSET 12 c=1 d=121 gcd=1 a0=(-2.500000000,2.500000000) 
rho=(0.007575757576,0.007575757576) contrib=(-0.03787878788,8.736810618E-70)
COSET 12 c=1 d=122 gcd=1 a0=(-2.500000000,2.500000000) 
rho=(0.007575757576,0.007575757576) contrib=(-0.03787878788,-3.753820062E-70)
COSET 12 c=1 d=123 gcd=1 a0=(-2.500000000,2.500000000) 
rho=(0.007575757576,0.007575757576) contrib=(-0.03787878788,5.392863113E-70)
COSET 12 c=1 d=124 gcd=1 a0=(-2.500000000,2.500000000) 
rho=(0.007575757576,0.007575757576) contrib=(-0.03787878788,-2.172912718E-69)
COSET 12 c=1 d=125 gcd=1 a0=(-2.500000000,2.500000000) 
rho=(0.007575757576,0.007575757576) contrib=(-0.03787878788,4.557275305E-70)
COSET 12 c=1 d=126 gcd=1 a0=(-2.500000000,2.500000000) 
rho=(0.007575757576,0.007575757576) contrib=(-0.03787878788,1.844977481E-69)
COSET 12 c=1 d=127 gcd=1 a0=(-2.500000000,2.500000000) 
rho=(0.007575757576,0.007575757576) contrib=(-0.03787878788,1.553942308E-69)
COSET 12 c=1 d=128 gcd=1 a0=(-2.500000000,2.500000000) 
rho=(0.007575757576,0.007575757576) contrib=(-0.03787878788,9.859461209E-71)
COSET 12 c=1 d=129 gcd=1 a0=(-2.500000000,2.500000000) 
rho=(0.007575757576,0.007575757576) contrib=(-0.03787878788,-5.944966567E-70)
COSET 12 c=1 d=130 gcd=1 a0=(-2.500000000,2.500000000) 
rho=(0.007575757576,0.007575757576) contrib=(-0.03787878788,-1.549210466E-69)
COSET 12 c=1 d=131 gcd=1 a0=(-2.500000000,2.500000000) 
rho=(0.007575757576,0.007575757576) contrib=(-0.03787878788,1.798857258E-65)
COSET 12 c=3 d=1 gcd=3 a0=(951692.5000,951692.5000) 
rho=(0.02272727273,-0.02272727273) contrib=(43258.75000,-4.845831184E-71)
COSET 12 c=3 d=2 gcd=3 a0=(951692.5000,951692.5000) 
rho=(0.02272727273,-0.02272727273) contrib=(43258.75000,-2.791556667E-71)
COSET 12 c=3 d=4 gcd=3 a0=(951692.5000,951692.5000) 
rho=(0.02272727273,-0.02272727273) contrib=(43258.75000,-2.740691299E-71)
COSET 12 c=3 d=5 gcd=3 a0=(951692.5000,951692.5000) 
rho=(0.02272727273,-0.02272727273) contrib=(43258.75000,-7.325707205E-71)
COSET 12 c=3 d=7 gcd=3 a0=(951692.5000,951692.5000) 
rho=(0.02272727273,-0.02272727273) contrib=(43258.75000,-1.702773323E-71)
COSET 12 c=3 d=8 gcd=3 a0=(951692.5000,951692.5000) 
rho=(0.02272727273,-0.02272727273) contrib=(43258.75000,-3.403723467E-71)
COSET 12 c=3 d=10 gcd=3 a0=(951692.5000,951692.5000) 
rho=(0.02272727273,-0.02272727273) contrib=(43258.75000,-2.568847247E-71)
COSET 12 c=3 d=11 gcd=3 a0=(951692.5000,951692.5000) 
rho=(0.02272727273,-0.02272727273) contrib=(43258.75000,-3.255033140E-71)
COSET 12 c=3 d=13 gcd=3 a0=(951692.5000,951692.5000) 
rho=(0.02272727273,-0.02272727273) contrib=(43258.75000,-9.789533330E-71)
COSET 12 c=3 d=14 gcd=3 a0=(951692.5000,951692.5000) 
rho=(0.02272727273,-0.02272727273) contrib=(43258.75000,-4.166108097E-71)
COSET 12 c=3 d=16 gcd=3 a0=(951692.5000,951692.5000) 
rho=(0.02272727273,-0.02272727273) contrib=(43258.75000,-1.805062963E-70)
COSET 12 c=3 d=17 gcd=3 a0=(951692.5000,951692.5000) 
rho=(0.02272727273,-0.02272727273) contrib=(43258.75000,6.812005894E-72)
COSET 12 c=3 d=19 gcd=3 a0=(951692.5000,951692.5000) 
rho=(0.02272727273,-0.02272727273) contrib=(43258.75000,3.797904539E-71)
COSET 12 c=3 d=20 gcd=3 a0=(951692.5000,951692.5000) 
rho=(0.02272727273,-0.02272727273) contrib=(43258.75000,1.203251522E-70)
COSET 12 c=3 d=22 gcd=3 a0=(951692.5000,951692.5000) 
rho=(0.02272727273,-0.02272727273) contrib=(43258.75000,-8.964943163E-71)
COSET 12 c=3 d=23 gcd=3 a0=(951692.5000,951692.5000) 
rho=(0.02272727273,-0.02272727273) contrib=(43258.75000,3.310976102E-70)
COSET 12 c=3 d=25 gcd=3 a0=(951692.5000,951692.5000) 
rho=(0.02272727273,-0.02272727273) contrib=(43258.75000,1.688299501E-70)
COSET 12 c=3 d=26 gcd=3 a0=(951692.5000,951692.5000) 
rho=(0.02272727273,-0.02272727273) contrib=(43258.75000,-2.724842226E-70)
COSET 12 c=3 d=28 gcd=3 a0=(951692.5000,951692.5000) 
rho=(0.02272727273,-0.02272727273) contrib=(43258.75000,-1.176248394E-70)
COSET 12 c=3 d=29 gcd=3 a0=(951692.5000,951692.5000) 
rho=(0.02272727273,-0.02272727273) contrib=(43258.75000,-4.721559569E-70)
COSET 12 c=3 d=31 gcd=3 a0=(951692.5000,951692.5000) 
rho=(0.02272727273,-0.02272727273) contrib=(43258.75000,1.509605805E-70)
COSET 12 c=3 d=32 gcd=3 a0=(951692.5000,951692.5000) 
rho=(0.02272727273,-0.02272727273) contrib=(43258.75000,-1.980841895E-70)
COSET 12 c=3 d=34 gcd=3 a0=(951692.5000,951692.5000) 
rho=(0.02272727273,-0.02272727273) contrib=(43258.75000,-4.984109592E-70)
COSET 12 c=3 d=35 gcd=3 a0=(951692.5000,951692.5000) 
rho=(0.02272727273,-0.02272727273) contrib=(43258.75000,-3.881189897E-70)
COSET 12 c=3 d=37 gcd=3 a0=(951692.5000,951692.5000) 
rho=(0.02272727273,-0.02272727273) contrib=(43258.75000,8.366816595E-70)
COSET 12 c=3 d=38 gcd=3 a0=(951692.5000,951692.5000) 
rho=(0.02272727273,-0.02272727273) contrib=(43258.75000,2.778058554E-70)
COSET 12 c=3 d=40 gcd=3 a0=(951692.5000,951692.5000) 
rho=(0.02272727273,-0.02272727273) contrib=(43258.75000,1.143302298E-69)
COSET 12 c=3 d=41 gcd=3 a0=(951692.5000,951692.5000) 
rho=(0.02272727273,-0.02272727273) contrib=(43258.75000,2.414054664E-70)
COSET 12 c=3 d=43 gcd=3 a0=(951692.5000,951692.5000) 
rho=(0.02272727273,-0.02272727273) contrib=(43258.75000,3.587182307E-70)
COSET 12 c=3 d=44 gcd=3 a0=(951692.5000,951692.5000) 
rho=(0.02272727273,-0.02272727273) contrib=(43258.75000,-7.108620174E-70)
COSET 12 c=3 d=47 gcd=3 a0=(951692.5000,951692.5000) 
rho=(0.02272727273,-0.02272727273) contrib=(43258.75000,1.484868827E-69)
COSET 12 c=3 d=50 gcd=3 a0=(951692.5000,951692.5000) 
rho=(0.02272727273,-0.02272727273) contrib=(43258.75000,-1.134160748E-69)
COSET 12 c=3 d=53 gcd=3 a0=(951692.5000,951692.5000) 
rho=(0.02272727273,-0.02272727273) contrib=(43258.75000,9.578339720E-70)
COSET 12 c=3 d=56 gcd=3 a0=(951692.5000,951692.5000) 
rho=(0.02272727273,-0.02272727273) contrib=(43258.75000,1.210994630E-69)
COSET 12 c=3 d=59 gcd=3 a0=(951692.5000,951692.5000) 
rho=(0.02272727273,-0.02272727273) contrib=(43258.75000,-1.913629490E-69)
COSET 12 c=3 d=62 gcd=3 a0=(951692.5000,951692.5000) 
rho=(0.02272727273,-0.02272727273) contrib=(43258.75000,1.521588584E-69)
COSET 12 c=3 d=65 gcd=3 a0=(951692.5000,951692.5000) 
rho=(0.02272727273,-0.02272727273) contrib=(43258.75000,1.473153484E-69)
COSET 12 c=3 d=68 gcd=3 a0=(951692.5000,951692.5000) 
rho=(0.02272727273,-0.02272727273) contrib=(43258.75000,1.622652785E-69)
COSET 12 c=3 d=71 gcd=3 a0=(951692.5000,951692.5000) 
rho=(0.02272727273,-0.02272727273) contrib=(43258.75000,-6.533808854E-70)
COSET 12 c=3 d=74 gcd=3 a0=(951692.5000,951692.5000) 
rho=(0.02272727273,-0.02272727273) contrib=(43258.75000,-1.386757234E-69)
COSET 12 c=3 d=77 gcd=3 a0=(951692.5000,951692.5000) 
rho=(0.02272727273,-0.02272727273) contrib=(43258.75000,1.431104551E-69)
COSET 12 c=3 d=80 gcd=3 a0=(951692.5000,951692.5000) 
rho=(0.02272727273,-0.02272727273) contrib=(43258.75000,-6.522605828E-70)
COSET 12 c=3 d=83 gcd=3 a0=(951692.5000,951692.5000) 
rho=(0.02272727273,-0.02272727273) contrib=(43258.75000,-2.575184673E-69)
COSET 12 c=3 d=86 gcd=3 a0=(951692.5000,951692.5000) 
rho=(0.02272727273,-0.02272727273) contrib=(43258.75000,-2.606992504E-69)
COSET 12 c=4 d=1 gcd=4 a0=(-5931247.000,-3.514183769E-70) 
rho=(1.964682344E-81,-4.791908156E-83) contrib=(-1.165301626E-74,2.842199087E-7\
6)
COSET 12 c=4 d=3 gcd=4 a0=(-4.235498178E-70,-5931247.000) 
rho=(9.264355768E-82,5.430829243E-82) contrib=(3.221158966E-75,-5.494918236E-75\
)
COSET 12 c=4 d=5 gcd=4 a0=(-5931247.000,2.659690047E-70) 
rho=(1.964682344E-81,-4.791908156E-83) contrib=(-1.165301626E-74,2.842199087E-7\
6)
COSET 12 c=4 d=7 gcd=4 a0=(3.548189108E-69,-5931247.000) 
rho=(9.264355768E-82,5.430829243E-82) contrib=(3.221158966E-75,-5.494918236E-75\
)
COSET 12 c=4 d=9 gcd=4 a0=(-5931247.000,-4.441786300E-70) 
rho=(1.964682344E-81,-4.791908156E-83) contrib=(-1.165301626E-74,2.842199087E-7\
6)
COSET 12 c=4 d=11 gcd=4 a0=(-2.786753905E-69,-5931247.000) 
rho=(9.264355768E-82,5.430829243E-82) contrib=(3.221158966E-75,-5.494918236E-75\
)
COSET 12 c=4 d=13 gcd=4 a0=(-5931247.000,7.536607210E-70) 
rho=(1.964682344E-81,-4.791908156E-83) contrib=(-1.165301626E-74,2.842199087E-7\
6)
COSET 12 c=4 d=15 gcd=4 a0=(-1.046810549E-68,-5931247.000) 
rho=(9.264355768E-82,5.430829243E-82) contrib=(3.221158966E-75,-5.494918236E-75\
)
COSET 12 c=4 d=17 gcd=4 a0=(-5931247.000,1.444220549E-69) 
rho=(1.964682344E-81,-4.791908156E-83) contrib=(-1.165301626E-74,2.842199087E-7\
6)
COSET 12 c=4 d=19 gcd=4 a0=(4.492960155E-70,-5931247.000) 
rho=(9.264355768E-82,5.430829243E-82) contrib=(3.221158966E-75,-5.494918236E-75\
)
COSET 12 c=4 d=21 gcd=4 a0=(-5931247.000,-1.392510448E-69) 
rho=(1.964682344E-81,-4.791908156E-83) contrib=(-1.165301626E-74,2.842199087E-7\
6)
COSET 12 c=4 d=23 gcd=4 a0=(6.414889854E-69,-5931247.000) 
rho=(9.264355768E-82,5.430829243E-82) contrib=(3.221158966E-75,-5.494918236E-75\
)
COSET 12 c=4 d=25 gcd=4 a0=(-5931247.000,1.006296516E-68) 
rho=(1.964682344E-81,-4.791908156E-83) contrib=(-1.165301626E-74,2.842199087E-7\
6)
COSET 12 c=4 d=27 gcd=4 a0=(1.734940261E-69,-5931247.000) 
rho=(9.264355768E-82,5.430829243E-82) contrib=(3.221158966E-75,-5.494918236E-75\
)
COSET 12 c=4 d=29 gcd=4 a0=(-5931247.000,2.540184664E-70) 
rho=(1.964682344E-81,-4.791908156E-83) contrib=(-1.165301626E-74,2.842199087E-7\
6)
COSET 12 c=4 d=31 gcd=4 a0=(6.826777588E-69,-5931247.000) 
rho=(9.264355768E-82,5.430829243E-82) contrib=(3.221158966E-75,-5.494918236E-75\
)
COSET 12 c=4 d=33 gcd=4 a0=(-5931247.000,-4.357872278E-69) 
rho=(1.964682344E-81,-4.791908156E-83) contrib=(-1.165301626E-74,2.842199087E-7\
6)
COSET 12 c=4 d=35 gcd=4 a0=(1.485701557E-68,-5931247.000) 
rho=(9.264355768E-82,5.430829243E-82) contrib=(3.221158966E-75,-5.494918236E-75\
)
COSET 12 c=4 d=37 gcd=4 a0=(-5931247.000,3.868656543E-69) 
rho=(1.964682344E-81,-4.791908156E-83) contrib=(-1.165301626E-74,2.842199087E-7\
6)
COSET 12 c=4 d=39 gcd=4 a0=(-1.506992282E-70,-5931247.000) 
rho=(9.264355768E-82,5.430829243E-82) contrib=(3.221158966E-75,-5.494918236E-75\
)
COSET 12 c=4 d=41 gcd=4 a0=(-5931247.000,-2.044421753E-68) 
rho=(1.964682344E-81,-4.791908156E-83) contrib=(-1.165301626E-74,2.842199087E-7\
6)
COSET 12 c=4 d=43 gcd=4 a0=(1.296207923E-69,-5931247.000) 
rho=(9.264355768E-82,5.430829243E-82) contrib=(3.221158966E-75,-5.494918236E-75\
)
COSET 12 c=4 d=45 gcd=4 a0=(-5931247.000,-2.388690668E-69) 
rho=(1.964682344E-81,-4.791908156E-83) contrib=(-1.165301626E-74,2.842199087E-7\
6)
COSET 12 c=4 d=47 gcd=4 a0=(1.505585130E-68,-5931247.000) 
rho=(9.264355768E-82,5.430829243E-82) contrib=(3.221158966E-75,-5.494918236E-75\
)
COSET 12 c=4 d=49 gcd=4 a0=(-5931247.000,-4.381967640E-69) 
rho=(1.964682344E-81,-4.791908156E-83) contrib=(-1.165301626E-74,2.842199087E-7\
6)
COSET 12 c=4 d=51 gcd=4 a0=(-4.544670027E-69,-5931247.000) 
rho=(9.264355768E-82,5.430829243E-82) contrib=(3.221158966E-75,-5.494918236E-75\
)
COSET 12 c=4 d=53 gcd=4 a0=(-5931247.000,-4.341103720E-68) 
rho=(1.964682344E-81,-4.791908156E-83) contrib=(-1.165301626E-74,2.842199087E-7\
6)
COSET 12 c=4 d=55 gcd=4 a0=(-6.874857403E-68,-5931247.000) 
rho=(9.264355768E-82,5.430829243E-82) contrib=(3.221158966E-75,-5.494918236E-75\
)
COSET 12 c=4 d=57 gcd=4 a0=(-5931247.000,2.543524696E-68) 
rho=(1.964682344E-81,-4.791908156E-83) contrib=(-1.165301626E-74,2.842199087E-7\
6)
COSET 12 c=4 d=59 gcd=4 a0=(-3.695492829E-69,-5931247.000) 
rho=(9.264355768E-82,5.430829243E-82) contrib=(3.221158966E-75,-5.494918236E-75\
)
COSET 12 c=4 d=61 gcd=4 a0=(-5931247.000,1.197239708E-68) 
rho=(1.964682344E-81,-4.791908156E-83) contrib=(-1.165301626E-74,2.842199087E-7\
6)
COSET 12 c=4 d=63 gcd=4 a0=(7.792196932E-69,-5931247.000) 
rho=(9.264355768E-82,5.430829243E-82) contrib=(3.221158966E-75,-5.494918236E-75\
)
COSET 12 c=4 d=65 gcd=4 a0=(-5931247.000,6.478797247E-68) 
rho=(1.964682344E-81,-4.791908156E-83) contrib=(-1.165301626E-74,2.842199087E-7\
6)
COSET 12 c=11 d=1 gcd=11 a0=(1.500000000,1.500000000) 
rho=(0.08333333334,-0.08333333334) contrib=(0.2500000000,2.952774254E-71)
COSET 12 c=11 d=2 gcd=11 a0=(-1.500000000,-1.500000000) 
rho=(-0.08333333334,0.08333333334) contrib=(0.2500000000,3.740435433E-71)
COSET 12 c=11 d=3 gcd=11 a0=(1.500000000,1.500000000) 
rho=(0.08333333334,-0.08333333334) contrib=(0.2500000000,-2.009742935E-71)
COSET 12 c=11 d=4 gcd=11 a0=(1.500000000,1.500000000) 
rho=(0.08333333334,-0.08333333334) contrib=(0.2500000000,1.006098955E-71)
COSET 12 c=11 d=5 gcd=11 a0=(-1.500000000,-1.500000000) 
rho=(-0.08333333334,0.08333333334) contrib=(0.2500000000,3.694163130E-71)
COSET 12 c=11 d=6 gcd=11 a0=(-1.500000000,-1.500000000) 
rho=(-0.08333333334,0.08333333334) contrib=(0.2500000000,-1.764052576E-71)
COSET 12 c=11 d=7 gcd=11 a0=(1.500000000,1.500000000) 
rho=(0.08333333334,-0.08333333334) contrib=(0.2500000000,-4.948297154E-72)
COSET 12 c=11 d=8 gcd=11 a0=(1.500000000,1.500000000) 
rho=(0.08333333334,-0.08333333334) contrib=(0.2500000000,-7.108064732E-72)
COSET 12 c=11 d=9 gcd=11 a0=(1.500000000,1.500000000) 
rho=(0.08333333334,-0.08333333334) contrib=(0.2500000000,4.557993297E-71)
COSET 12 c=11 d=10 gcd=11 a0=(1.500000000,1.500000000) 
rho=(0.08333333334,-0.08333333334) contrib=(0.2500000000,2.111744740E-72)
COSET 12 c=11 d=12 gcd=11 a0=(1.500000000,1.500000000) 
rho=(0.08333333334,-0.08333333334) contrib=(0.2500000000,-8.090913691E-71)
COSET 12 c=11 d=23 gcd=11 a0=(1.500000000,1.500000000) 
rho=(0.08333333334,-0.08333333334) contrib=(0.2500000000,-3.134640738E-71)
COSET 12 c=12 d=1 gcd=12 a0=(951760.0000,1.011768403E-71) 
rho=(-1.108528087E-80,4.152987069E-82) contrib=(-1.055052692E-74,3.952646972E-7\
6)
COSET 12 c=12 d=5 gcd=12 a0=(-951760.0000,2.149286541E-71) 
rho=(-1.277842175E-82,-1.725086936E-81) contrib=(1.216199068E-76,1.641868742E-7\
5)
COSET 12 c=12 d=7 gcd=12 a0=(-1.259058592E-71,951760.0000) 
rho=(-1.900790235E-81,-9.104625497E-82) contrib=(8.665418363E-76,-1.809096114E-\
75)
COSET 12 c=12 d=11 gcd=12 a0=(-6.354356561E-72,951760.0000) 
rho=(-4.568285776E-81,1.619664957E-80) contrib=(-1.541532319E-74,-4.347911670E-\
75)
COSET 12 c=12 d=13 gcd=12 a0=(951760.0000,-5.689042261E-71) 
rho=(-1.108528087E-80,4.152987069E-82) contrib=(-1.055052692E-74,3.952646972E-7\
6)
COSET 12 c=12 d=17 gcd=12 a0=(-951760.0000,-1.230237171E-71) 
rho=(-1.277842175E-82,-1.725086936E-81) contrib=(1.216199068E-76,1.641868742E-7\
5)
COSET 12 c=12 d=19 gcd=12 a0=(-4.854478578E-71,951760.0000) 
rho=(-1.900790235E-81,-9.104625497E-82) contrib=(8.665418363E-76,-1.809096114E-\
75)
COSET 12 c=12 d=25 gcd=12 a0=(951760.0000,-5.637078992E-72) 
rho=(-1.108528087E-80,4.152987069E-82) contrib=(-1.055052692E-74,3.952646972E-7\
6)
COSET 12 c=12 d=31 gcd=12 a0=(7.848246723E-71,951760.0000) 
rho=(-1.900790235E-81,-9.104625497E-82) contrib=(8.665418363E-76,-1.809096114E-\
75)
COSET 12 c=12 d=37 gcd=12 a0=(951760.0000,1.220750667E-70) 
rho=(-1.108528087E-80,4.152987069E-82) contrib=(-1.055052692E-74,3.952646972E-7\
6)
COSET 12 c=12 d=43 gcd=12 a0=(2.364844524E-70,951760.0000) 
rho=(-1.900790235E-81,-9.104625497E-82) contrib=(8.665418363E-76,-1.809096114E-\
75)
COSET 12 c=33 d=1 gcd=33 a0=(951685.5000,-951685.5000) 
rho=(-0.2500000000,-0.2500000000) contrib=(-475842.7500,5.008588369E-71)
COSET 12 c=33 d=2 gcd=33 a0=(951685.5000,-951685.5000) 
rho=(-0.2500000000,-0.2500000000) contrib=(-475842.7500,-6.156014731E-71)
COSET 12 c=33 d=4 gcd=33 a0=(951685.5000,-951685.5000) 
rho=(-0.2500000000,-0.2500000000) contrib=(-475842.7500,-1.471626433E-70)
COSET 12 c=33 d=7 gcd=33 a0=(-951685.5000,951685.5000) 
rho=(0.2500000000,0.2500000000) contrib=(-475842.7500,5.160988743E-71)
COSET 12 c=44 d=1 gcd=44 a0=(-5931249.000,1.208602535E-68) 
rho=(-5.520278196E-80,1.993433793E-80) contrib=(3.274214453E-73,-1.182355219E-7\
3)
COSET 12 c=44 d=3 gcd=44 a0=(2.636545629E-68,-5931249.000) 
rho=(-8.916947779E-81,4.276366487E-81) contrib=(2.536419445E-74,5.288863759E-74\
)
COSET 12 c=44 d=5 gcd=44 a0=(-5931249.000,9.040143049E-69) 
rho=(1.517437583E-80,-7.060078016E-81) contrib=(-9.000300145E-74,4.187508067E-7\
4)
FORM 13:
  c_eta(0)[1] (trivial) = -1.35903814395E-63 + 6.81101749956E-64 i   (half: 
-6.79519071976E-64)
  c_eta(0)[2] = 8.00000000000 + 6.81100304819E-64 i   (half: 4.00000000000)
  c_eta(0)[3] = 8.00000000000 + 6.81100304846E-64 i   (half: 4.00000000000)
COSET 13 c=0 d=1 gcd=132 a0=(-761416.0000,1.479572735E-69) 
rho=(0.0000000000,0.0000000000) contrib=(-0.0000000000,0.0000000000)
COSET 13 c=1 d=0 gcd=1 a0=(-3.000000000,3.000000000) 
rho=(0.007575757576,0.007575757576) contrib=(-0.04545454546,6.667002108E-64)
COSET 13 c=1 d=1 gcd=1 a0=(-3.000000000,3.000000000) 
rho=(0.007575757576,0.007575757576) contrib=(-0.04545454546,9.519358014E-69)
COSET 13 c=1 d=2 gcd=1 a0=(-3.000000000,3.000000000) 
rho=(0.007575757576,0.007575757576) contrib=(-0.04545454546,1.147055386E-70)
COSET 13 c=1 d=3 gcd=1 a0=(-3.000000000,3.000000000) 
rho=(0.007575757576,0.007575757576) contrib=(-0.04545454546,-2.602575156E-70)
COSET 13 c=1 d=4 gcd=1 a0=(-3.000000000,3.000000000) 
rho=(0.007575757576,0.007575757576) contrib=(-0.04545454546,2.482513465E-71)
COSET 13 c=1 d=5 gcd=1 a0=(-3.000000000,3.000000000) 
rho=(0.007575757576,0.007575757576) contrib=(-0.04545454546,-4.159659137E-70)
COSET 13 c=1 d=6 gcd=1 a0=(-3.000000000,3.000000000) 
rho=(0.007575757576,0.007575757576) contrib=(-0.04545454546,-2.078415289E-70)
COSET 13 c=1 d=7 gcd=1 a0=(-3.000000000,3.000000000) 
rho=(0.007575757576,0.007575757576) contrib=(-0.04545454546,-2.125335078E-70)
COSET 13 c=1 d=8 gcd=1 a0=(-3.000000000,3.000000000) 
rho=(0.007575757576,0.007575757576) contrib=(-0.04545454546,-3.778846017E-70)
COSET 13 c=1 d=9 gcd=1 a0=(-3.000000000,3.000000000) 
rho=(0.007575757576,0.007575757576) contrib=(-0.04545454546,-2.397154182E-70)
COSET 13 c=1 d=10 gcd=1 a0=(-3.000000000,3.000000000) 
rho=(0.007575757576,0.007575757576) contrib=(-0.04545454546,3.202930607E-70)
COSET 13 c=1 d=11 gcd=1 a0=(-3.000000000,3.000000000) 
rho=(0.007575757576,0.007575757576) contrib=(-0.04545454546,-3.182538446E-70)
COSET 13 c=1 d=12 gcd=1 a0=(-3.000000000,3.000000000) 
rho=(0.007575757576,0.007575757576) contrib=(-0.04545454546,-1.475162939E-70)
COSET 13 c=1 d=13 gcd=1 a0=(-3.000000000,3.000000000) 
rho=(0.007575757576,0.007575757576) contrib=(-0.04545454546,-3.692358545E-70)
COSET 13 c=1 d=14 gcd=1 a0=(-3.000000000,3.000000000) 
rho=(0.007575757576,0.007575757576) contrib=(-0.04545454546,-4.023455475E-71)
COSET 13 c=1 d=15 gcd=1 a0=(-3.000000000,3.000000000) 
rho=(0.007575757576,0.007575757576) contrib=(-0.04545454546,-1.187547583E-70)
COSET 13 c=1 d=16 gcd=1 a0=(-3.000000000,3.000000000) 
rho=(0.007575757576,0.007575757576) contrib=(-0.04545454546,3.397270486E-70)
COSET 13 c=1 d=17 gcd=1 a0=(-3.000000000,3.000000000) 
rho=(0.007575757576,0.007575757576) contrib=(-0.04545454546,6.511569775E-71)
COSET 13 c=1 d=18 gcd=1 a0=(-3.000000000,3.000000000) 
rho=(0.007575757576,0.007575757576) contrib=(-0.04545454546,-1.290351172E-71)
COSET 13 c=1 d=19 gcd=1 a0=(-3.000000000,3.000000000) 
rho=(0.007575757576,0.007575757576) contrib=(-0.04545454546,7.948293252E-71)
COSET 13 c=1 d=20 gcd=1 a0=(-3.000000000,3.000000000) 
rho=(0.007575757576,0.007575757576) contrib=(-0.04545454546,-1.790935264E-70)
COSET 13 c=1 d=21 gcd=1 a0=(-3.000000000,3.000000000) 
rho=(0.007575757576,0.007575757576) contrib=(-0.04545454546,-5.192785578E-70)
COSET 13 c=1 d=22 gcd=1 a0=(-3.000000000,3.000000000) 
rho=(0.007575757576,0.007575757576) contrib=(-0.04545454546,2.116743563E-71)
COSET 13 c=1 d=23 gcd=1 a0=(-3.000000000,3.000000000) 
rho=(0.007575757576,0.007575757576) contrib=(-0.04545454546,1.900818981E-70)
COSET 13 c=1 d=24 gcd=1 a0=(-3.000000000,3.000000000) 
rho=(0.007575757576,0.007575757576) contrib=(-0.04545454546,2.776525557E-70)
COSET 13 c=1 d=25 gcd=1 a0=(-3.000000000,3.000000000) 
rho=(0.007575757576,0.007575757576) contrib=(-0.04545454546,-2.928569686E-70)
COSET 13 c=1 d=26 gcd=1 a0=(-3.000000000,3.000000000) 
rho=(0.007575757576,0.007575757576) contrib=(-0.04545454546,2.874128951E-70)
COSET 13 c=1 d=27 gcd=1 a0=(-3.000000000,3.000000000) 
rho=(0.007575757576,0.007575757576) contrib=(-0.04545454546,-3.862999353E-70)
COSET 13 c=1 d=28 gcd=1 a0=(-3.000000000,3.000000000) 
rho=(0.007575757576,0.007575757576) contrib=(-0.04545454546,2.523938244E-70)
COSET 13 c=1 d=29 gcd=1 a0=(-3.000000000,3.000000000) 
rho=(0.007575757576,0.007575757576) contrib=(-0.04545454546,3.816250985E-71)
COSET 13 c=1 d=30 gcd=1 a0=(-3.000000000,3.000000000) 
rho=(0.007575757576,0.007575757576) contrib=(-0.04545454546,-5.970557771E-70)
COSET 13 c=1 d=31 gcd=1 a0=(-3.000000000,3.000000000) 
rho=(0.007575757576,0.007575757576) contrib=(-0.04545454546,-3.232123328E-70)
COSET 13 c=1 d=32 gcd=1 a0=(-3.000000000,3.000000000) 
rho=(0.007575757576,0.007575757576) contrib=(-0.04545454546,2.846796086E-71)
COSET 13 c=1 d=33 gcd=1 a0=(-3.000000000,3.000000000) 
rho=(0.007575757576,0.007575757576) contrib=(-0.04545454546,-1.099985507E-70)
COSET 13 c=1 d=34 gcd=1 a0=(-3.000000000,3.000000000) 
rho=(0.007575757576,0.007575757576) contrib=(-0.04545454546,8.888618519E-71)
COSET 13 c=1 d=35 gcd=1 a0=(-3.000000000,3.000000000) 
rho=(0.007575757576,0.007575757576) contrib=(-0.04545454546,4.278334013E-70)
COSET 13 c=1 d=36 gcd=1 a0=(-3.000000000,3.000000000) 
rho=(0.007575757576,0.007575757576) contrib=(-0.04545454546,-8.800438866E-71)
COSET 13 c=1 d=37 gcd=1 a0=(-3.000000000,3.000000000) 
rho=(0.007575757576,0.007575757576) contrib=(-0.04545454546,5.310099120E-70)
COSET 13 c=1 d=38 gcd=1 a0=(-3.000000000,3.000000000) 
rho=(0.007575757576,0.007575757576) contrib=(-0.04545454546,-2.505874861E-70)
COSET 13 c=1 d=39 gcd=1 a0=(-3.000000000,3.000000000) 
rho=(0.007575757576,0.007575757576) contrib=(-0.04545454546,-3.280413848E-70)
COSET 13 c=1 d=40 gcd=1 a0=(-3.000000000,3.000000000) 
rho=(0.007575757576,0.007575757576) contrib=(-0.04545454546,-2.047708470E-70)
COSET 13 c=1 d=41 gcd=1 a0=(-3.000000000,3.000000000) 
rho=(0.007575757576,0.007575757576) contrib=(-0.04545454546,5.218953924E-71)
COSET 13 c=1 d=42 gcd=1 a0=(-3.000000000,3.000000000) 
rho=(0.007575757576,0.007575757576) contrib=(-0.04545454546,8.383684902E-71)
COSET 13 c=1 d=43 gcd=1 a0=(-3.000000000,3.000000000) 
rho=(0.007575757576,0.007575757576) contrib=(-0.04545454546,2.821739495E-71)
COSET 13 c=1 d=44 gcd=1 a0=(-3.000000000,3.000000000) 
rho=(0.007575757576,0.007575757576) contrib=(-0.04545454546,-4.454353249E-70)
COSET 13 c=1 d=45 gcd=1 a0=(-3.000000000,3.000000000) 
rho=(0.007575757576,0.007575757576) contrib=(-0.04545454546,-1.410445070E-70)
COSET 13 c=1 d=46 gcd=1 a0=(-3.000000000,3.000000000) 
rho=(0.007575757576,0.007575757576) contrib=(-0.04545454546,3.996907740E-70)
COSET 13 c=1 d=47 gcd=1 a0=(-3.000000000,3.000000000) 
rho=(0.007575757576,0.007575757576) contrib=(-0.04545454546,1.688158434E-71)
COSET 13 c=1 d=48 gcd=1 a0=(-3.000000000,3.000000000) 
rho=(0.007575757576,0.007575757576) contrib=(-0.04545454546,6.469106496E-70)
COSET 13 c=1 d=49 gcd=1 a0=(-3.000000000,3.000000000) 
rho=(0.007575757576,0.007575757576) contrib=(-0.04545454546,3.483984402E-70)
COSET 13 c=1 d=50 gcd=1 a0=(-3.000000000,3.000000000) 
rho=(0.007575757576,0.007575757576) contrib=(-0.04545454546,2.028764750E-71)
COSET 13 c=1 d=51 gcd=1 a0=(-3.000000000,3.000000000) 
rho=(0.007575757576,0.007575757576) contrib=(-0.04545454546,4.813475833E-70)
COSET 13 c=1 d=52 gcd=1 a0=(-3.000000000,3.000000000) 
rho=(0.007575757576,0.007575757576) contrib=(-0.04545454546,3.791028503E-70)
COSET 13 c=1 d=53 gcd=1 a0=(-3.000000000,3.000000000) 
rho=(0.007575757576,0.007575757576) contrib=(-0.04545454546,1.899193661E-70)
COSET 13 c=1 d=54 gcd=1 a0=(-3.000000000,3.000000000) 
rho=(0.007575757576,0.007575757576) contrib=(-0.04545454546,-2.256788692E-70)
COSET 13 c=1 d=55 gcd=1 a0=(-3.000000000,3.000000000) 
rho=(0.007575757576,0.007575757576) contrib=(-0.04545454546,-7.015873575E-71)
COSET 13 c=1 d=56 gcd=1 a0=(-3.000000000,3.000000000) 
rho=(0.007575757576,0.007575757576) contrib=(-0.04545454546,-7.931745309E-71)
COSET 13 c=1 d=57 gcd=1 a0=(-3.000000000,3.000000000) 
rho=(0.007575757576,0.007575757576) contrib=(-0.04545454546,1.274063185E-70)
COSET 13 c=1 d=58 gcd=1 a0=(-3.000000000,3.000000000) 
rho=(0.007575757576,0.007575757576) contrib=(-0.04545454546,9.881808780E-70)
COSET 13 c=1 d=59 gcd=1 a0=(-3.000000000,3.000000000) 
rho=(0.007575757576,0.007575757576) contrib=(-0.04545454546,2.721875782E-70)
COSET 13 c=1 d=60 gcd=1 a0=(-3.000000000,3.000000000) 
rho=(0.007575757576,0.007575757576) contrib=(-0.04545454546,4.546843506E-70)
COSET 13 c=1 d=61 gcd=1 a0=(-3.000000000,3.000000000) 
rho=(0.007575757576,0.007575757576) contrib=(-0.04545454546,2.807308465E-71)
COSET 13 c=1 d=62 gcd=1 a0=(-3.000000000,3.000000000) 
rho=(0.007575757576,0.007575757576) contrib=(-0.04545454546,-1.778814397E-70)
COSET 13 c=1 d=63 gcd=1 a0=(-3.000000000,3.000000000) 
rho=(0.007575757576,0.007575757576) contrib=(-0.04545454546,5.838503854E-70)
COSET 13 c=1 d=64 gcd=1 a0=(-3.000000000,3.000000000) 
rho=(0.007575757576,0.007575757576) contrib=(-0.04545454546,-4.390779667E-70)
COSET 13 c=1 d=65 gcd=1 a0=(-3.000000000,3.000000000) 
rho=(0.007575757576,0.007575757576) contrib=(-0.04545454546,3.062728783E-69)
COSET 13 c=1 d=66 gcd=1 a0=(-3.000000000,3.000000000) 
rho=(0.007575757576,0.007575757576) contrib=(-0.04545454546,-1.507405416E-68)
COSET 13 c=1 d=67 gcd=1 a0=(-3.000000000,3.000000000) 
rho=(0.007575757576,0.007575757576) contrib=(-0.04545454546,-4.276998175E-70)
COSET 13 c=1 d=68 gcd=1 a0=(-3.000000000,3.000000000) 
rho=(0.007575757576,0.007575757576) contrib=(-0.04545454546,3.565101468E-70)
COSET 13 c=1 d=69 gcd=1 a0=(-3.000000000,3.000000000) 
rho=(0.007575757576,0.007575757576) contrib=(-0.04545454546,-4.610226865E-70)
COSET 13 c=1 d=70 gcd=1 a0=(-3.000000000,3.000000000) 
rho=(0.007575757576,0.007575757576) contrib=(-0.04545454546,4.711658401E-70)
COSET 13 c=1 d=71 gcd=1 a0=(-3.000000000,3.000000000) 
rho=(0.007575757576,0.007575757576) contrib=(-0.04545454546,1.500656954E-69)
COSET 13 c=1 d=72 gcd=1 a0=(-3.000000000,3.000000000) 
rho=(0.007575757576,0.007575757576) contrib=(-0.04545454546,-2.867172109E-70)
COSET 13 c=1 d=73 gcd=1 a0=(-3.000000000,3.000000000) 
rho=(0.007575757576,0.007575757576) contrib=(-0.04545454546,-7.950746556E-70)
COSET 13 c=1 d=74 gcd=1 a0=(-3.000000000,3.000000000) 
rho=(0.007575757576,0.007575757576) contrib=(-0.04545454546,-2.247390575E-70)
COSET 13 c=1 d=75 gcd=1 a0=(-3.000000000,3.000000000) 
rho=(0.007575757576,0.007575757576) contrib=(-0.04545454546,-3.644337339E-70)
COSET 13 c=1 d=76 gcd=1 a0=(-3.000000000,3.000000000) 
rho=(0.007575757576,0.007575757576) contrib=(-0.04545454546,3.172352387E-70)
COSET 13 c=1 d=77 gcd=1 a0=(-3.000000000,3.000000000) 
rho=(0.007575757576,0.007575757576) contrib=(-0.04545454546,5.858843770E-71)
COSET 13 c=1 d=78 gcd=1 a0=(-3.000000000,3.000000000) 
rho=(0.007575757576,0.007575757576) contrib=(-0.04545454546,1.029736852E-69)
COSET 13 c=1 d=79 gcd=1 a0=(-3.000000000,3.000000000) 
rho=(0.007575757576,0.007575757576) contrib=(-0.04545454546,-6.980111069E-70)
COSET 13 c=1 d=80 gcd=1 a0=(-3.000000000,3.000000000) 
rho=(0.007575757576,0.007575757576) contrib=(-0.04545454546,1.966320690E-70)
COSET 13 c=1 d=81 gcd=1 a0=(-3.000000000,3.000000000) 
rho=(0.007575757576,0.007575757576) contrib=(-0.04545454546,-1.742864505E-70)
COSET 13 c=1 d=82 gcd=1 a0=(-3.000000000,3.000000000) 
rho=(0.007575757576,0.007575757576) contrib=(-0.04545454546,-7.445791692E-70)
COSET 13 c=1 d=83 gcd=1 a0=(-3.000000000,3.000000000) 
rho=(0.007575757576,0.007575757576) contrib=(-0.04545454546,2.282110439E-70)
COSET 13 c=1 d=84 gcd=1 a0=(-3.000000000,3.000000000) 
rho=(0.007575757576,0.007575757576) contrib=(-0.04545454546,1.192411334E-69)
COSET 13 c=1 d=85 gcd=1 a0=(-3.000000000,3.000000000) 
rho=(0.007575757576,0.007575757576) contrib=(-0.04545454546,-8.981505355E-70)
COSET 13 c=1 d=86 gcd=1 a0=(-3.000000000,3.000000000) 
rho=(0.007575757576,0.007575757576) contrib=(-0.04545454546,-2.020315252E-70)
COSET 13 c=1 d=87 gcd=1 a0=(-3.000000000,3.000000000) 
rho=(0.007575757576,0.007575757576) contrib=(-0.04545454546,7.440036808E-70)
COSET 13 c=1 d=88 gcd=1 a0=(-3.000000000,3.000000000) 
rho=(0.007575757576,0.007575757576) contrib=(-0.04545454546,-4.447585366E-70)
COSET 13 c=1 d=89 gcd=1 a0=(-3.000000000,3.000000000) 
rho=(0.007575757576,0.007575757576) contrib=(-0.04545454546,-7.206595473E-72)
COSET 13 c=1 d=90 gcd=1 a0=(-3.000000000,3.000000000) 
rho=(0.007575757576,0.007575757576) contrib=(-0.04545454546,8.138802035E-71)
COSET 13 c=1 d=91 gcd=1 a0=(-3.000000000,3.000000000) 
rho=(0.007575757576,0.007575757576) contrib=(-0.04545454546,1.289040615E-69)
COSET 13 c=1 d=92 gcd=1 a0=(-3.000000000,3.000000000) 
rho=(0.007575757576,0.007575757576) contrib=(-0.04545454546,4.361687422E-70)
COSET 13 c=1 d=93 gcd=1 a0=(-3.000000000,3.000000000) 
rho=(0.007575757576,0.007575757576) contrib=(-0.04545454546,-4.979875810E-70)
COSET 13 c=1 d=94 gcd=1 a0=(-3.000000000,3.000000000) 
rho=(0.007575757576,0.007575757576) contrib=(-0.04545454546,-3.019937107E-70)
COSET 13 c=1 d=95 gcd=1 a0=(-3.000000000,3.000000000) 
rho=(0.007575757576,0.007575757576) contrib=(-0.04545454546,-3.895611498E-70)
COSET 13 c=1 d=96 gcd=1 a0=(-3.000000000,3.000000000) 
rho=(0.007575757576,0.007575757576) contrib=(-0.04545454546,2.862530682E-70)
COSET 13 c=1 d=97 gcd=1 a0=(-3.000000000,3.000000000) 
rho=(0.007575757576,0.007575757576) contrib=(-0.04545454546,-1.259270794E-69)
COSET 13 c=1 d=98 gcd=1 a0=(-3.000000000,3.000000000) 
rho=(0.007575757576,0.007575757576) contrib=(-0.04545454546,-4.353714904E-70)
COSET 13 c=1 d=99 gcd=1 a0=(-3.000000000,3.000000000) 
rho=(0.007575757576,0.007575757576) contrib=(-0.04545454546,1.424270307E-70)
COSET 13 c=1 d=100 gcd=1 a0=(-3.000000000,3.000000000) 
rho=(0.007575757576,0.007575757576) contrib=(-0.04545454546,1.427771499E-70)
COSET 13 c=1 d=101 gcd=1 a0=(-3.000000000,3.000000000) 
rho=(0.007575757576,0.007575757576) contrib=(-0.04545454546,1.954043328E-69)
COSET 13 c=1 d=102 gcd=1 a0=(-3.000000000,3.000000000) 
rho=(0.007575757576,0.007575757576) contrib=(-0.04545454546,-8.094144233E-70)
COSET 13 c=1 d=103 gcd=1 a0=(-3.000000000,3.000000000) 
rho=(0.007575757576,0.007575757576) contrib=(-0.04545454546,-2.449772558E-70)
COSET 13 c=1 d=104 gcd=1 a0=(-3.000000000,3.000000000) 
rho=(0.007575757576,0.007575757576) contrib=(-0.04545454546,2.087609750E-70)
COSET 13 c=1 d=105 gcd=1 a0=(-3.000000000,3.000000000) 
rho=(0.007575757576,0.007575757576) contrib=(-0.04545454546,4.312625101E-70)
COSET 13 c=1 d=106 gcd=1 a0=(-3.000000000,3.000000000) 
rho=(0.007575757576,0.007575757576) contrib=(-0.04545454546,3.193109031E-70)
COSET 13 c=1 d=107 gcd=1 a0=(-3.000000000,3.000000000) 
rho=(0.007575757576,0.007575757576) contrib=(-0.04545454546,-5.820318534E-70)
COSET 13 c=1 d=108 gcd=1 a0=(-3.000000000,3.000000000) 
rho=(0.007575757576,0.007575757576) contrib=(-0.04545454546,-1.204285790E-69)
COSET 13 c=1 d=109 gcd=1 a0=(-3.000000000,3.000000000) 
rho=(0.007575757576,0.007575757576) contrib=(-0.04545454546,1.560015301E-69)
COSET 13 c=1 d=110 gcd=1 a0=(-3.000000000,3.000000000) 
rho=(0.007575757576,0.007575757576) contrib=(-0.04545454546,7.192886882E-70)
COSET 13 c=1 d=111 gcd=1 a0=(-3.000000000,3.000000000) 
rho=(0.007575757576,0.007575757576) contrib=(-0.04545454546,9.919450982E-70)
COSET 13 c=1 d=112 gcd=1 a0=(-3.000000000,3.000000000) 
rho=(0.007575757576,0.007575757576) contrib=(-0.04545454546,-8.554542924E-70)
COSET 13 c=1 d=113 gcd=1 a0=(-3.000000000,3.000000000) 
rho=(0.007575757576,0.007575757576) contrib=(-0.04545454546,3.850552882E-70)
COSET 13 c=1 d=114 gcd=1 a0=(-3.000000000,3.000000000) 
rho=(0.007575757576,0.007575757576) contrib=(-0.04545454546,-1.817058472E-71)
COSET 13 c=1 d=115 gcd=1 a0=(-3.000000000,3.000000000) 
rho=(0.007575757576,0.007575757576) contrib=(-0.04545454546,2.027144510E-69)
COSET 13 c=1 d=116 gcd=1 a0=(-3.000000000,3.000000000) 
rho=(0.007575757576,0.007575757576) contrib=(-0.04545454546,2.792860458E-70)
COSET 13 c=1 d=117 gcd=1 a0=(-3.000000000,3.000000000) 
rho=(0.007575757576,0.007575757576) contrib=(-0.04545454546,8.781318622E-71)
COSET 13 c=1 d=118 gcd=1 a0=(-3.000000000,3.000000000) 
rho=(0.007575757576,0.007575757576) contrib=(-0.04545454546,1.034577561E-69)
COSET 13 c=1 d=119 gcd=1 a0=(-3.000000000,3.000000000) 
rho=(0.007575757576,0.007575757576) contrib=(-0.04545454546,3.515118230E-69)
COSET 13 c=1 d=120 gcd=1 a0=(-3.000000000,3.000000000) 
rho=(0.007575757576,0.007575757576) contrib=(-0.04545454546,9.925211327E-70)
COSET 13 c=1 d=121 gcd=1 a0=(-3.000000000,3.000000000) 
rho=(0.007575757576,0.007575757576) contrib=(-0.04545454546,6.989018803E-70)
COSET 13 c=1 d=122 gcd=1 a0=(-3.000000000,3.000000000) 
rho=(0.007575757576,0.007575757576) contrib=(-0.04545454546,-3.000573997E-70)
COSET 13 c=1 d=123 gcd=1 a0=(-3.000000000,3.000000000) 
rho=(0.007575757576,0.007575757576) contrib=(-0.04545454546,4.314562601E-70)
COSET 13 c=1 d=124 gcd=1 a0=(-3.000000000,3.000000000) 
rho=(0.007575757576,0.007575757576) contrib=(-0.04545454546,-1.737931445E-69)
COSET 13 c=1 d=125 gcd=1 a0=(-3.000000000,3.000000000) 
rho=(0.007575757576,0.007575757576) contrib=(-0.04545454546,3.650211500E-70)
COSET 13 c=1 d=126 gcd=1 a0=(-3.000000000,3.000000000) 
rho=(0.007575757576,0.007575757576) contrib=(-0.04545454546,1.475844679E-69)
COSET 13 c=1 d=127 gcd=1 a0=(-3.000000000,3.000000000) 
rho=(0.007575757576,0.007575757576) contrib=(-0.04545454546,1.243179625E-69)
COSET 13 c=1 d=128 gcd=1 a0=(-3.000000000,3.000000000) 
rho=(0.007575757576,0.007575757576) contrib=(-0.04545454546,7.857528083E-71)
COSET 13 c=1 d=129 gcd=1 a0=(-3.000000000,3.000000000) 
rho=(0.007575757576,0.007575757576) contrib=(-0.04545454546,-4.754302501E-70)
COSET 13 c=1 d=130 gcd=1 a0=(-3.000000000,3.000000000) 
rho=(0.007575757576,0.007575757576) contrib=(-0.04545454546,-1.239231165E-69)
COSET 13 c=1 d=131 gcd=1 a0=(-3.000000000,3.000000000) 
rho=(0.007575757576,0.007575757576) contrib=(-0.04545454546,1.439082293E-65)
COSET 13 c=3 d=1 gcd=3 a0=(761353.0000,761353.0000) 
rho=(0.02272727273,-0.02272727273) contrib=(34606.95454,-5.344229797E-73)
COSET 13 c=3 d=2 gcd=3 a0=(761353.0000,761353.0000) 
rho=(0.02272727273,-0.02272727273) contrib=(34606.95454,-2.902278122E-73)
COSET 13 c=3 d=4 gcd=3 a0=(761353.0000,761353.0000) 
rho=(0.02272727273,-0.02272727273) contrib=(34606.95454,-3.432841568E-73)
COSET 13 c=3 d=5 gcd=3 a0=(761353.0000,761353.0000) 
rho=(0.02272727273,-0.02272727273) contrib=(34606.95454,-8.340991631E-73)
COSET 13 c=3 d=7 gcd=3 a0=(761353.0000,761353.0000) 
rho=(0.02272727273,-0.02272727273) contrib=(34606.95454,-2.413836487E-73)
COSET 13 c=3 d=8 gcd=3 a0=(761353.0000,761353.0000) 
rho=(0.02272727273,-0.02272727273) contrib=(34606.95454,-4.616698899E-73)
COSET 13 c=3 d=10 gcd=3 a0=(761353.0000,761353.0000) 
rho=(0.02272727273,-0.02272727273) contrib=(34606.95454,-2.711297536E-73)
COSET 13 c=3 d=11 gcd=3 a0=(761353.0000,761353.0000) 
rho=(0.02272727273,-0.02272727273) contrib=(34606.95454,-2.596777585E-73)
COSET 13 c=3 d=13 gcd=3 a0=(761353.0000,761353.0000) 
rho=(0.02272727273,-0.02272727273) contrib=(34606.95454,-1.208333046E-72)
COSET 13 c=3 d=14 gcd=3 a0=(761353.0000,761353.0000) 
rho=(0.02272727273,-0.02272727273) contrib=(34606.95454,-5.645753340E-73)
COSET 13 c=3 d=16 gcd=3 a0=(761353.0000,761353.0000) 
rho=(0.02272727273,-0.02272727273) contrib=(34606.95454,-1.993590019E-72)
COSET 13 c=3 d=17 gcd=3 a0=(761353.0000,761353.0000) 
rho=(0.02272727273,-0.02272727273) contrib=(34606.95454,8.079455067E-74)
COSET 13 c=3 d=19 gcd=3 a0=(761353.0000,761353.0000) 
rho=(0.02272727273,-0.02272727273) contrib=(34606.95454,1.122314473E-72)
COSET 13 c=3 d=20 gcd=3 a0=(761353.0000,761353.0000) 
rho=(0.02272727273,-0.02272727273) contrib=(34606.95454,1.604880454E-72)
COSET 13 c=3 d=22 gcd=3 a0=(761353.0000,761353.0000) 
rho=(0.02272727273,-0.02272727273) contrib=(34606.95454,-1.190445186E-72)
COSET 13 c=3 d=23 gcd=3 a0=(761353.0000,761353.0000) 
rho=(0.02272727273,-0.02272727273) contrib=(34606.95454,4.702696097E-72)
COSET 13 c=3 d=25 gcd=3 a0=(761353.0000,761353.0000) 
rho=(0.02272727273,-0.02272727273) contrib=(34606.95454,1.272451907E-72)
COSET 13 c=3 d=26 gcd=3 a0=(761353.0000,761353.0000) 
rho=(0.02272727273,-0.02272727273) contrib=(34606.95454,-4.503522391E-72)
COSET 13 c=3 d=28 gcd=3 a0=(761353.0000,761353.0000) 
rho=(0.02272727273,-0.02272727273) contrib=(34606.95454,-1.933896822E-72)
COSET 13 c=3 d=29 gcd=3 a0=(761353.0000,761353.0000) 
rho=(0.02272727273,-0.02272727273) contrib=(34606.95454,-6.340545357E-72)
COSET 13 c=3 d=31 gcd=3 a0=(761353.0000,761353.0000) 
rho=(0.02272727273,-0.02272727273) contrib=(34606.95454,1.677642094E-72)
COSET 13 c=3 d=32 gcd=3 a0=(761353.0000,761353.0000) 
rho=(0.02272727273,-0.02272727273) contrib=(34606.95454,-2.198199259E-72)
COSET 13 c=3 d=34 gcd=3 a0=(761353.0000,761353.0000) 
rho=(0.02272727273,-0.02272727273) contrib=(34606.95454,-5.955449616E-72)
COSET 13 c=3 d=35 gcd=3 a0=(761353.0000,761353.0000) 
rho=(0.02272727273,-0.02272727273) contrib=(34606.95454,-5.060256922E-72)
COSET 13 c=3 d=37 gcd=3 a0=(761353.0000,761353.0000) 
rho=(0.02272727273,-0.02272727273) contrib=(34606.95454,1.126613823E-71)
COSET 13 c=3 d=38 gcd=3 a0=(761353.0000,761353.0000) 
rho=(0.02272727273,-0.02272727273) contrib=(34606.95454,1.413741631E-72)
COSET 13 c=3 d=40 gcd=3 a0=(761353.0000,761353.0000) 
rho=(0.02272727273,-0.02272727273) contrib=(34606.95454,1.654144915E-71)
COSET 13 c=3 d=41 gcd=3 a0=(761353.0000,761353.0000) 
rho=(0.02272727273,-0.02272727273) contrib=(34606.95454,5.932134772E-72)
COSET 13 c=3 d=43 gcd=3 a0=(761353.0000,761353.0000) 
rho=(0.02272727273,-0.02272727273) contrib=(34606.95454,5.440323380E-72)
COSET 13 c=3 d=44 gcd=3 a0=(761353.0000,761353.0000) 
rho=(0.02272727273,-0.02272727273) contrib=(34606.95454,-1.190186106E-71)
COSET 13 c=3 d=47 gcd=3 a0=(761353.0000,761353.0000) 
rho=(0.02272727273,-0.02272727273) contrib=(34606.95454,1.796945890E-71)
COSET 13 c=3 d=50 gcd=3 a0=(761353.0000,761353.0000) 
rho=(0.02272727273,-0.02272727273) contrib=(34606.95454,-1.789429429E-71)
COSET 13 c=3 d=53 gcd=3 a0=(761353.0000,761353.0000) 
rho=(0.02272727273,-0.02272727273) contrib=(34606.95454,9.488000235E-72)
COSET 13 c=3 d=56 gcd=3 a0=(761353.0000,761353.0000) 
rho=(0.02272727273,-0.02272727273) contrib=(34606.95454,1.572603982E-71)
COSET 13 c=3 d=59 gcd=3 a0=(761353.0000,761353.0000) 
rho=(0.02272727273,-0.02272727273) contrib=(34606.95454,-3.137872622E-71)
COSET 13 c=3 d=62 gcd=3 a0=(761353.0000,761353.0000) 
rho=(0.02272727273,-0.02272727273) contrib=(34606.95454,1.917518108E-71)
COSET 13 c=3 d=65 gcd=3 a0=(761353.0000,761353.0000) 
rho=(0.02272727273,-0.02272727273) contrib=(34606.95454,2.270532018E-71)
COSET 13 c=3 d=68 gcd=3 a0=(761353.0000,761353.0000) 
rho=(0.02272727273,-0.02272727273) contrib=(34606.95454,1.863553046E-71)
COSET 13 c=3 d=71 gcd=3 a0=(761353.0000,761353.0000) 
rho=(0.02272727273,-0.02272727273) contrib=(34606.95454,-1.006202427E-71)
COSET 13 c=3 d=74 gcd=3 a0=(761353.0000,761353.0000) 
rho=(0.02272727273,-0.02272727273) contrib=(34606.95454,-1.685117074E-71)
COSET 13 c=3 d=77 gcd=3 a0=(761353.0000,761353.0000) 
rho=(0.02272727273,-0.02272727273) contrib=(34606.95454,1.734539365E-71)
COSET 13 c=3 d=80 gcd=3 a0=(761353.0000,761353.0000) 
rho=(0.02272727273,-0.02272727273) contrib=(34606.95454,-1.050500005E-71)
COSET 13 c=3 d=83 gcd=3 a0=(761353.0000,761353.0000) 
rho=(0.02272727273,-0.02272727273) contrib=(34606.95454,-4.075317099E-71)
COSET 13 c=3 d=86 gcd=3 a0=(761353.0000,761353.0000) 
rho=(0.02272727273,-0.02272727273) contrib=(34606.95454,-3.460617860E-71)
COSET 13 c=4 d=1 gcd=4 a0=(-4745004.000,-4.967304349E-72) 
rho=(1.964682344E-81,-4.791908156E-83) contrib=(-9.322425581E-75,2.273762337E-7\
6)
COSET 13 c=4 d=3 gcd=4 a0=(-6.162195760E-72,-4745004.000) 
rho=(9.264355768E-82,5.430829243E-82) contrib=(2.576930648E-75,-4.395940518E-75\
)
COSET 13 c=4 d=5 gcd=4 a0=(-4745004.000,3.279247561E-72) 
rho=(1.964682344E-81,-4.791908156E-83) contrib=(-9.322425581E-75,2.273762337E-7\
6)
COSET 13 c=4 d=7 gcd=4 a0=(4.543121166E-71,-4745004.000) 
rho=(9.264355768E-82,5.430829243E-82) contrib=(2.576930648E-75,-4.395940518E-75\
)
COSET 13 c=4 d=9 gcd=4 a0=(-4745004.000,-3.954442862E-72) 
rho=(1.964682344E-81,-4.791908156E-83) contrib=(-9.322425581E-75,2.273762337E-7\
6)
COSET 13 c=4 d=11 gcd=4 a0=(-3.934366132E-71,-4745004.000) 
rho=(9.264355768E-82,5.430829243E-82) contrib=(2.576930648E-75,-4.395940518E-75\
)
COSET 13 c=4 d=13 gcd=4 a0=(-4745004.000,8.349864991E-72) 
rho=(1.964682344E-81,-4.791908156E-83) contrib=(-9.322425581E-75,2.273762337E-7\
6)
COSET 13 c=4 d=15 gcd=4 a0=(-1.403334559E-70,-4745004.000) 
rho=(9.264355768E-82,5.430829243E-82) contrib=(2.576930648E-75,-4.395940518E-75\
)
COSET 13 c=4 d=17 gcd=4 a0=(-4745004.000,1.977134886E-71) 
rho=(1.964682344E-81,-4.791908156E-83) contrib=(-9.322425581E-75,2.273762337E-7\
6)
COSET 13 c=4 d=19 gcd=4 a0=(7.135595674E-72,-4745004.000) 
rho=(9.264355768E-82,5.430829243E-82) contrib=(2.576930648E-75,-4.395940518E-75\
)
COSET 13 c=4 d=21 gcd=4 a0=(-4745004.000,-1.569884977E-71) 
rho=(1.964682344E-81,-4.791908156E-83) contrib=(-9.322425581E-75,2.273762337E-7\
6)
COSET 13 c=4 d=23 gcd=4 a0=(8.139266031E-71,-4745004.000) 
rho=(9.264355768E-82,5.430829243E-82) contrib=(2.576930648E-75,-4.395940518E-75\
)
COSET 13 c=4 d=25 gcd=4 a0=(-4745004.000,1.422111775E-70) 
rho=(1.964682344E-81,-4.791908156E-83) contrib=(-9.322425581E-75,2.273762337E-7\
6)
COSET 13 c=4 d=27 gcd=4 a0=(3.279157788E-71,-4745004.000) 
rho=(9.264355768E-82,5.430829243E-82) contrib=(2.576930648E-75,-4.395940518E-75\
)
COSET 13 c=4 d=29 gcd=4 a0=(-4745004.000,1.161854108E-71) 
rho=(1.964682344E-81,-4.791908156E-83) contrib=(-9.322425581E-75,2.273762337E-7\
6)
COSET 13 c=4 d=31 gcd=4 a0=(8.891885678E-71,-4745004.000) 
rho=(9.264355768E-82,5.430829243E-82) contrib=(2.576930648E-75,-4.395940518E-75\
)
COSET 13 c=4 d=33 gcd=4 a0=(-4745004.000,-6.376920896E-71) 
rho=(1.964682344E-81,-4.791908156E-83) contrib=(-9.322425581E-75,2.273762337E-7\
6)
COSET 13 c=4 d=35 gcd=4 a0=(2.051529336E-70,-4745004.000) 
rho=(9.264355768E-82,5.430829243E-82) contrib=(2.576930648E-75,-4.395940518E-75\
)
COSET 13 c=4 d=37 gcd=4 a0=(-4745004.000,4.427368658E-71) 
rho=(1.964682344E-81,-4.791908156E-83) contrib=(-9.322425581E-75,2.273762337E-7\
6)
COSET 13 c=4 d=39 gcd=4 a0=(-2.738904674E-71,-4745004.000) 
rho=(9.264355768E-82,5.430829243E-82) contrib=(2.576930648E-75,-4.395940518E-75\
)
COSET 13 c=4 d=41 gcd=4 a0=(-4745004.000,-2.857401728E-70) 
rho=(1.964682344E-81,-4.791908156E-83) contrib=(-9.322425581E-75,2.273762337E-7\
6)
COSET 13 c=4 d=43 gcd=4 a0=(-1.026159800E-71,-4745004.000) 
rho=(9.264355768E-82,5.430829243E-82) contrib=(2.576930648E-75,-4.395940518E-75\
)
COSET 13 c=4 d=45 gcd=4 a0=(-4745004.000,-3.158178817E-71) 
rho=(1.964682344E-81,-4.791908156E-83) contrib=(-9.322425581E-75,2.273762337E-7\
6)
COSET 13 c=4 d=47 gcd=4 a0=(2.206267553E-70,-4745004.000) 
rho=(9.264355768E-82,5.430829243E-82) contrib=(2.576930648E-75,-4.395940518E-75\
)
COSET 13 c=4 d=49 gcd=4 a0=(-4745004.000,-5.203212504E-71) 
rho=(1.964682344E-81,-4.791908156E-83) contrib=(-9.322425581E-75,2.273762337E-7\
6)
COSET 13 c=4 d=51 gcd=4 a0=(-8.540656580E-71,-4745004.000) 
rho=(9.264355768E-82,5.430829243E-82) contrib=(2.576930648E-75,-4.395940518E-75\
)
COSET 13 c=4 d=53 gcd=4 a0=(-4745004.000,-5.706741706E-70) 
rho=(1.964682344E-81,-4.791908156E-83) contrib=(-9.322425581E-75,2.273762337E-7\
6)
COSET 13 c=4 d=55 gcd=4 a0=(-9.667896662E-70,-4745004.000) 
rho=(9.264355768E-82,5.430829243E-82) contrib=(2.576930648E-75,-4.395940518E-75\
)
COSET 13 c=4 d=57 gcd=4 a0=(-4745004.000,3.536558757E-70) 
rho=(1.964682344E-81,-4.791908156E-83) contrib=(-9.322425581E-75,2.273762337E-7\
6)
COSET 13 c=4 d=59 gcd=4 a0=(-1.961492521E-71,-4745004.000) 
rho=(9.264355768E-82,5.430829243E-82) contrib=(2.576930648E-75,-4.395940518E-75\
)
COSET 13 c=4 d=61 gcd=4 a0=(-4745004.000,1.443710892E-70) 
rho=(1.964682344E-81,-4.791908156E-83) contrib=(-9.322425581E-75,2.273762337E-7\
6)
COSET 13 c=4 d=63 gcd=4 a0=(1.862540960E-70,-4745004.000) 
rho=(9.264355768E-82,5.430829243E-82) contrib=(2.576930648E-75,-4.395940518E-75\
)
COSET 13 c=4 d=65 gcd=4 a0=(-4745004.000,9.884533164E-70) 
rho=(1.964682344E-81,-4.791908156E-83) contrib=(-9.322425581E-75,2.273762337E-7\
6)
COSET 13 c=11 d=1 gcd=11 a0=(-1.000000000,-1.000000000) 
rho=(0.08333333334,-0.08333333334) contrib=(-0.1666666667,1.137915833E-72)
COSET 13 c=11 d=2 gcd=11 a0=(1.000000000,1.000000000) 
rho=(-0.08333333334,0.08333333334) contrib=(-0.1666666667,1.279906352E-72)
COSET 13 c=11 d=3 gcd=11 a0=(-1.000000000,-1.000000000) 
rho=(0.08333333334,-0.08333333334) contrib=(-0.1666666667,-6.004913774E-73)
COSET 13 c=11 d=4 gcd=11 a0=(-1.000000000,-1.000000000) 
rho=(0.08333333334,-0.08333333334) contrib=(-0.1666666667,4.522203259E-73)
COSET 13 c=11 d=5 gcd=11 a0=(1.000000000,1.000000000) 
rho=(-0.08333333334,0.08333333334) contrib=(-0.1666666667,1.613368812E-72)
COSET 13 c=11 d=6 gcd=11 a0=(1.000000000,1.000000000) 
rho=(-0.08333333334,0.08333333334) contrib=(-0.1666666667,-6.945148503E-73)
COSET 13 c=11 d=7 gcd=11 a0=(-1.000000000,-1.000000000) 
rho=(0.08333333334,-0.08333333334) contrib=(-0.1666666667,3.285111194E-73)
COSET 13 c=11 d=8 gcd=11 a0=(-1.000000000,-1.000000000) 
rho=(0.08333333334,-0.08333333334) contrib=(-0.1666666667,2.583252934E-73)
COSET 13 c=11 d=9 gcd=11 a0=(-1.000000000,-1.000000000) 
rho=(0.08333333334,-0.08333333334) contrib=(-0.1666666667,2.084353409E-72)
COSET 13 c=11 d=10 gcd=11 a0=(-1.000000000,-1.000000000) 
rho=(0.08333333334,-0.08333333334) contrib=(-0.1666666667,4.255682302E-74)
COSET 13 c=11 d=12 gcd=11 a0=(-1.000000000,-1.000000000) 
rho=(0.08333333334,-0.08333333334) contrib=(-0.1666666667,-3.160407947E-72)
COSET 13 c=11 d=23 gcd=11 a0=(-1.000000000,-1.000000000) 
rho=(0.08333333334,-0.08333333334) contrib=(-0.1666666667,-1.164874454E-72)
COSET 13 c=12 d=1 gcd=12 a0=(761404.0000,4.368791243E-72) 
rho=(-1.108528087E-80,4.152987069E-82) contrib=(-8.440377194E-75,3.162100966E-7\
6)
COSET 13 c=12 d=5 gcd=12 a0=(-761404.0000,1.033999233E-71) 
rho=(-1.277842175E-82,-1.725086936E-81) contrib=(9.729541433E-77,1.313488094E-7\
5)
COSET 13 c=12 d=7 gcd=12 a0=(-6.915590917E-72,761404.0000) 
rho=(-1.900790235E-81,-9.104625497E-82) contrib=(6.932298272E-76,-1.447269288E-\
75)
COSET 13 c=12 d=11 gcd=12 a0=(-1.866863201E-72,761404.0000) 
rho=(-4.568285776E-81,1.619664957E-80) contrib=(-1.233219377E-74,-3.478311062E-\
75)
COSET 13 c=12 d=13 gcd=12 a0=(761404.0000,-1.279896591E-71) 
rho=(-1.108528087E-80,4.152987069E-82) contrib=(-8.440377194E-75,3.162100966E-7\
6)
COSET 13 c=12 d=17 gcd=12 a0=(-761404.0000,-3.031456091E-73) 
rho=(-1.277842175E-82,-1.725086936E-81) contrib=(9.729541433E-77,1.313488094E-7\
5)
COSET 13 c=12 d=19 gcd=12 a0=(9.592497476E-72,761404.0000) 
rho=(-1.900790235E-81,-9.104625497E-82) contrib=(6.932298272E-76,-1.447269288E-\
75)
COSET 13 c=12 d=25 gcd=12 a0=(761404.0000,-6.223875667E-72) 
rho=(-1.108528087E-80,4.152987069E-82) contrib=(-8.440377194E-75,3.162100966E-7\
6)
COSET 13 c=12 d=31 gcd=12 a0=(-1.108871079E-71,761404.0000) 
rho=(-1.900790235E-81,-9.104625497E-82) contrib=(6.932298272E-76,-1.447269288E-\
75)
COSET 13 c=12 d=37 gcd=12 a0=(761404.0000,2.901768673E-71) 
rho=(-1.108528087E-80,4.152987069E-82) contrib=(-8.440377194E-75,3.162100966E-7\
6)
COSET 13 c=12 d=43 gcd=12 a0=(4.048880329E-72,761404.0000) 
rho=(-1.900790235E-81,-9.104625497E-82) contrib=(6.932298272E-76,-1.447269288E-\
75)
COSET 13 c=33 d=1 gcd=33 a0=(761345.0000,-761345.0000) 
rho=(-0.2500000000,-0.2500000000) contrib=(-380672.5000,1.668294100E-72)
COSET 13 c=33 d=2 gcd=33 a0=(761345.0000,-761345.0000) 
rho=(-0.2500000000,-0.2500000000) contrib=(-380672.5000,-3.219798986E-72)
COSET 13 c=33 d=4 gcd=33 a0=(761345.0000,-761345.0000) 
rho=(-0.2500000000,-0.2500000000) contrib=(-380672.5000,-6.063598586E-72)
COSET 13 c=33 d=7 gcd=33 a0=(-761345.0000,761345.0000) 
rho=(0.2500000000,0.2500000000) contrib=(-380672.5000,3.208956268E-72)
COSET 13 c=44 d=1 gcd=44 a0=(-4745000.000,4.433393777E-70) 
rho=(-5.520278196E-80,1.993433793E-80) contrib=(2.619372004E-73,-9.458843348E-7\
4)
COSET 13 c=44 d=3 gcd=44 a0=(1.061686766E-69,-4745000.000) 
rho=(-8.916947779E-81,4.276366487E-81) contrib=(2.029135898E-74,4.231091721E-74\
)
COSET 13 c=44 d=5 gcd=44 a0=(-4745000.000,6.106793925E-70) 
rho=(1.517437583E-80,-7.060078016E-81) contrib=(-7.200241330E-74,3.350007019E-7\
4)
FORM 14:
  c_eta(0)[1] (trivial) = 1.26636610399E-71 + -1.08614193348E-70 i   (half: 
6.33183051996E-72)
  c_eta(0)[2] = -4.22112618607E-71 + -7.93486308695E-71 i   (half: 
-2.11056309304E-71)
  c_eta(0)[3] = -4.22112619450E-71 + -7.93486308341E-71 i   (half: 
-2.11056309725E-71)
COSET 14 c=1 d=0 gcd=1 a0=(-1.000000000,1.000000000) 
rho=(0.007575757576,0.007575757576) contrib=(-0.01515151515,-1.442996410E-71)
COSET 14 c=1 d=1 gcd=1 a0=(-1.000000000,1.000000000) 
rho=(0.007575757576,0.007575757576) contrib=(-0.01515151515,-2.022701490E-76)
COSET 14 c=1 d=2 gcd=1 a0=(-1.000000000,1.000000000) 
rho=(0.007575757576,0.007575757576) contrib=(-0.01515151515,-3.169048594E-78)
COSET 14 c=1 d=3 gcd=1 a0=(-1.000000000,1.000000000) 
rho=(0.007575757576,0.007575757576) contrib=(-0.01515151515,1.788979045E-79)
COSET 14 c=1 d=4 gcd=1 a0=(-1.000000000,1.000000000) 
rho=(0.007575757576,0.007575757576) contrib=(-0.01515151515,-3.148603119E-79)
COSET 14 c=1 d=5 gcd=1 a0=(-1.000000000,1.000000000) 
rho=(0.007575757576,0.007575757576) contrib=(-0.01515151515,3.291721443E-79)
COSET 14 c=1 d=6 gcd=1 a0=(-1.000000000,1.000000000) 
rho=(0.007575757576,0.007575757576) contrib=(-0.01515151515,4.498004456E-80)
COSET 14 c=1 d=7 gcd=1 a0=(-1.000000000,1.000000000) 
rho=(0.007575757576,0.007575757576) contrib=(-0.01515151515,1.932097368E-79)
COSET 14 c=1 d=8 gcd=1 a0=(-1.000000000,1.000000000) 
rho=(0.007575757576,0.007575757576) contrib=(-0.01515151515,-3.680185464E-80)
COSET 14 c=1 d=9 gcd=1 a0=(-1.000000000,1.000000000) 
rho=(0.007575757576,0.007575757576) contrib=(-0.01515151515,-8.996008912E-80)
COSET 14 c=1 d=10 gcd=1 a0=(-1.000000000,1.000000000) 
rho=(0.007575757576,0.007575757576) contrib=(-0.01515151515,7.769280423E-80)
COSET 14 c=1 d=11 gcd=1 a0=(-1.000000000,1.000000000) 
rho=(0.007575757576,0.007575757576) contrib=(-0.01515151515,7.258143554E-80)
COSET 14 c=1 d=12 gcd=1 a0=(-1.000000000,1.000000000) 
rho=(0.007575757576,0.007575757576) contrib=(-0.01515151515,-1.063164690E-79)
COSET 14 c=1 d=13 gcd=1 a0=(-1.000000000,1.000000000) 
rho=(0.007575757576,0.007575757576) contrib=(-0.01515151515,1.533410610E-79)
COSET 14 c=1 d=14 gcd=1 a0=(-1.000000000,1.000000000) 
rho=(0.007575757576,0.007575757576) contrib=(-0.01515151515,8.075962546E-80)
COSET 14 c=1 d=15 gcd=1 a0=(-1.000000000,1.000000000) 
rho=(0.007575757576,0.007575757576) contrib=(-0.01515151515,1.175614801E-79)
COSET 14 c=1 d=16 gcd=1 a0=(-1.000000000,1.000000000) 
rho=(0.007575757576,0.007575757576) contrib=(-0.01515151515,-4.293549708E-80)
COSET 14 c=1 d=17 gcd=1 a0=(-1.000000000,1.000000000) 
rho=(0.007575757576,0.007575757576) contrib=(-0.01515151515,1.758310833E-79)
COSET 14 c=1 d=18 gcd=1 a0=(-1.000000000,1.000000000) 
rho=(0.007575757576,0.007575757576) contrib=(-0.01515151515,9.609373155E-80)
COSET 14 c=1 d=19 gcd=1 a0=(-1.000000000,1.000000000) 
rho=(0.007575757576,0.007575757576) contrib=(-0.01515151515,2.545461612E-79)
COSET 14 c=1 d=20 gcd=1 a0=(-1.000000000,1.000000000) 
rho=(0.007575757576,0.007575757576) contrib=(-0.01515151515,-2.300115915E-79)
COSET 14 c=1 d=21 gcd=1 a0=(-1.000000000,1.000000000) 
rho=(0.007575757576,0.007575757576) contrib=(-0.01515151515,-3.761967363E-79)
COSET 14 c=1 d=22 gcd=1 a0=(-1.000000000,1.000000000) 
rho=(0.007575757576,0.007575757576) contrib=(-0.01515151515,-5.694064732E-79)
COSET 14 c=1 d=23 gcd=1 a0=(-1.000000000,1.000000000) 
rho=(0.007575757576,0.007575757576) contrib=(-0.01515151515,-2.903257422E-79)
COSET 14 c=1 d=24 gcd=1 a0=(-1.000000000,1.000000000) 
rho=(0.007575757576,0.007575757576) contrib=(-0.01515151515,1.380069549E-79)
COSET 14 c=1 d=25 gcd=1 a0=(-1.000000000,1.000000000) 
rho=(0.007575757576,0.007575757576) contrib=(-0.01515151515,-9.047122599E-79)
COSET 14 c=1 d=26 gcd=1 a0=(-1.000000000,1.000000000) 
rho=(0.007575757576,0.007575757576) contrib=(-0.01515151515,3.475730716E-80)
COSET 14 c=1 d=27 gcd=1 a0=(-1.000000000,1.000000000) 
rho=(0.007575757576,0.007575757576) contrib=(-0.01515151515,-3.158825856E-79)
COSET 14 c=1 d=28 gcd=1 a0=(-1.000000000,1.000000000) 
rho=(0.007575757576,0.007575757576) contrib=(-0.01515151515,-1.840092732E-79)
COSET 14 c=1 d=29 gcd=1 a0=(-1.000000000,1.000000000) 
rho=(0.007575757576,0.007575757576) contrib=(-0.01515151515,-8.178189920E-79)
COSET 14 c=1 d=30 gcd=1 a0=(-1.000000000,1.000000000) 
rho=(0.007575757576,0.007575757576) contrib=(-0.01515151515,1.060097868E-78)
COSET 14 c=1 d=31 gcd=1 a0=(-1.000000000,1.000000000) 
rho=(0.007575757576,0.007575757576) contrib=(-0.01515151515,4.457113506E-79)
COSET 14 c=1 d=32 gcd=1 a0=(-1.000000000,1.000000000) 
rho=(0.007575757576,0.007575757576) contrib=(-0.01515151515,-1.369846812E-79)
COSET 14 c=1 d=33 gcd=1 a0=(-1.000000000,1.000000000) 
rho=(0.007575757576,0.007575757576) contrib=(-0.01515151515,1.318733125E-78)
COSET 14 c=1 d=34 gcd=1 a0=(-1.000000000,1.000000000) 
rho=(0.007575757576,0.007575757576) contrib=(-0.01515151515,-3.966422111E-79)
COSET 14 c=1 d=35 gcd=1 a0=(-1.000000000,1.000000000) 
rho=(0.007575757576,0.007575757576) contrib=(-0.01515151515,-2.568973908E-78)
COSET 14 c=1 d=36 gcd=1 a0=(-1.000000000,1.000000000) 
rho=(0.007575757576,0.007575757576) contrib=(-0.01515151515,-3.045353471E-78)
COSET 14 c=1 d=37 gcd=1 a0=(-1.000000000,1.000000000) 
rho=(0.007575757576,0.007575757576) contrib=(-0.01515151515,5.356714397E-79)
COSET 14 c=1 d=38 gcd=1 a0=(-1.000000000,1.000000000) 
rho=(0.007575757576,0.007575757576) contrib=(-0.01515151515,2.535238875E-79)
COSET 14 c=1 d=39 gcd=1 a0=(-1.000000000,1.000000000) 
rho=(0.007575757576,0.007575757576) contrib=(-0.01515151515,6.890125007E-79)
COSET 14 c=1 d=40 gcd=1 a0=(-1.000000000,1.000000000) 
rho=(0.007575757576,0.007575757576) contrib=(-0.01515151515,-8.147521708E-79)
COSET 14 c=1 d=41 gcd=1 a0=(-1.000000000,1.000000000) 
rho=(0.007575757576,0.007575757576) contrib=(-0.01515151515,-1.401537298E-78)
COSET 14 c=1 d=42 gcd=1 a0=(-1.000000000,1.000000000) 
rho=(0.007575757576,0.007575757576) contrib=(-0.01515151515,3.945976636E-79)
COSET 14 c=1 d=43 gcd=1 a0=(-1.000000000,1.000000000) 
rho=(0.007575757576,0.007575757576) contrib=(-0.01515151515,-1.032496477E-78)
COSET 14 c=1 d=44 gcd=1 a0=(-1.000000000,1.000000000) 
rho=(0.007575757576,0.007575757576) contrib=(-0.01515151515,1.203216192E-78)
COSET 14 c=1 d=45 gcd=1 a0=(-1.000000000,1.000000000) 
rho=(0.007575757576,0.007575757576) contrib=(-0.01515151515,-1.962765581E-79)
COSET 14 c=1 d=46 gcd=1 a0=(-1.000000000,1.000000000) 
rho=(0.007575757576,0.007575757576) contrib=(-0.01515151515,-4.058426748E-79)
COSET 14 c=1 d=47 gcd=1 a0=(-1.000000000,1.000000000) 
rho=(0.007575757576,0.007575757576) contrib=(-0.01515151515,5.786069368E-79)
COSET 14 c=1 d=48 gcd=1 a0=(-1.000000000,1.000000000) 
rho=(0.007575757576,0.007575757576) contrib=(-0.01515151515,-4.236302378E-78)
COSET 14 c=1 d=49 gcd=1 a0=(-1.000000000,1.000000000) 
rho=(0.007575757576,0.007575757576) contrib=(-0.01515151515,7.155916179E-80)
COSET 14 c=1 d=50 gcd=1 a0=(-1.000000000,1.000000000) 
rho=(0.007575757576,0.007575757576) contrib=(-0.01515151515,-2.269447703E-79)
COSET 14 c=1 d=51 gcd=1 a0=(-1.000000000,1.000000000) 
rho=(0.007575757576,0.007575757576) contrib=(-0.01515151515,-2.586352562E-79)
COSET 14 c=1 d=52 gcd=1 a0=(-1.000000000,1.000000000) 
rho=(0.007575757576,0.007575757576) contrib=(-0.01515151515,-2.606798037E-79)
COSET 14 c=1 d=53 gcd=1 a0=(-1.000000000,1.000000000) 
rho=(0.007575757576,0.007575757576) contrib=(-0.01515151515,-1.013073276E-78)
COSET 14 c=1 d=54 gcd=1 a0=(-1.000000000,1.000000000) 
rho=(0.007575757576,0.007575757576) contrib=(-0.01515151515,3.898952044E-78)
COSET 14 c=1 d=55 gcd=1 a0=(-1.000000000,1.000000000) 
rho=(0.007575757576,0.007575757576) contrib=(-0.01515151515,-1.959698759E-78)
COSET 14 c=1 d=56 gcd=1 a0=(-1.000000000,1.000000000) 
rho=(0.007575757576,0.007575757576) contrib=(-0.01515151515,-1.063164690E-79)
COSET 14 c=1 d=57 gcd=1 a0=(-1.000000000,1.000000000) 
rho=(0.007575757576,0.007575757576) contrib=(-0.01515151515,-9.548036731E-79)
COSET 14 c=1 d=58 gcd=1 a0=(-1.000000000,1.000000000) 
rho=(0.007575757576,0.007575757576) contrib=(-0.01515151515,-2.831698260E-78)
COSET 14 c=1 d=59 gcd=1 a0=(-1.000000000,1.000000000) 
rho=(0.007575757576,0.007575757576) contrib=(-0.01515151515,1.042719215E-79)
COSET 14 c=1 d=60 gcd=1 a0=(-1.000000000,1.000000000) 
rho=(0.007575757576,0.007575757576) contrib=(-0.01515151515,-2.754005455E-78)
COSET 14 c=1 d=61 gcd=1 a0=(-1.000000000,1.000000000) 
rho=(0.007575757576,0.007575757576) contrib=(-0.01515151515,-1.685729397E-78)
COSET 14 c=1 d=62 gcd=1 a0=(-1.000000000,1.000000000) 
rho=(0.007575757576,0.007575757576) contrib=(-0.01515151515,-3.680185464E-80)
COSET 14 c=1 d=63 gcd=1 a0=(-1.000000000,1.000000000) 
rho=(0.007575757576,0.007575757576) contrib=(-0.01515151515,-2.214244921E-78)
COSET 14 c=1 d=64 gcd=1 a0=(-1.000000000,1.000000000) 
rho=(0.007575757576,0.007575757576) contrib=(-0.01515151515,2.128373927E-78)
COSET 14 c=1 d=65 gcd=1 a0=(-1.000000000,1.000000000) 
rho=(0.007575757576,0.007575757576) contrib=(-0.01515151515,-1.277535493E-77)
COSET 14 c=1 d=66 gcd=1 a0=(-1.000000000,1.000000000) 
rho=(0.007575757576,0.007575757576) contrib=(-0.01515151515,7.363642203E-77)
COSET 14 c=1 d=67 gcd=1 a0=(-1.000000000,1.000000000) 
rho=(0.007575757576,0.007575757576) contrib=(-0.01515151515,6.319696260E-78)
COSET 14 c=1 d=68 gcd=1 a0=(-1.000000000,1.000000000) 
rho=(0.007575757576,0.007575757576) contrib=(-0.01515151515,-3.332612392E-79)
COSET 14 c=1 d=69 gcd=1 a0=(-1.000000000,1.000000000) 
rho=(0.007575757576,0.007575757576) contrib=(-0.01515151515,5.571391883E-79)
COSET 14 c=1 d=70 gcd=1 a0=(-1.000000000,1.000000000) 
rho=(0.007575757576,0.007575757576) contrib=(-0.01515151515,-4.947804901E-79)
COSET 14 c=1 d=71 gcd=1 a0=(-1.000000000,1.000000000) 
rho=(0.007575757576,0.007575757576) contrib=(-0.01515151515,-1.128590209E-77)
COSET 14 c=1 d=72 gcd=1 a0=(-1.000000000,1.000000000) 
rho=(0.007575757576,0.007575757576) contrib=(-0.01515151515,4.899758036E-78)
COSET 14 c=1 d=73 gcd=1 a0=(-1.000000000,1.000000000) 
rho=(0.007575757576,0.007575757576) contrib=(-0.01515151515,6.355475841E-78)
COSET 14 c=1 d=74 gcd=1 a0=(-1.000000000,1.000000000) 
rho=(0.007575757576,0.007575757576) contrib=(-0.01515151515,3.843749262E-79)
COSET 14 c=1 d=75 gcd=1 a0=(-1.000000000,1.000000000) 
rho=(0.007575757576,0.007575757576) contrib=(-0.01515151515,-6.389210875E-79)
COSET 14 c=1 d=76 gcd=1 a0=(-1.000000000,1.000000000) 
rho=(0.007575757576,0.007575757576) contrib=(-0.01515151515,-2.140641211E-78)
COSET 14 c=1 d=77 gcd=1 a0=(-1.000000000,1.000000000) 
rho=(0.007575757576,0.007575757576) contrib=(-0.01515151515,7.196807129E-79)
COSET 14 c=1 d=78 gcd=1 a0=(-1.000000000,1.000000000) 
rho=(0.007575757576,0.007575757576) contrib=(-0.01515151515,-5.636817402E-78)
COSET 14 c=1 d=79 gcd=1 a0=(-1.000000000,1.000000000) 
rho=(0.007575757576,0.007575757576) contrib=(-0.01515151515,2.291937725E-78)
COSET 14 c=1 d=80 gcd=1 a0=(-1.000000000,1.000000000) 
rho=(0.007575757576,0.007575757576) contrib=(-0.01515151515,-8.300862768E-79)
COSET 14 c=1 d=81 gcd=1 a0=(-1.000000000,1.000000000) 
rho=(0.007575757576,0.007575757576) contrib=(-0.01515151515,4.927359427E-79)
COSET 14 c=1 d=82 gcd=1 a0=(-1.000000000,1.000000000) 
rho=(0.007575757576,0.007575757576) contrib=(-0.01515151515,3.871350653E-78)
COSET 14 c=1 d=83 gcd=1 a0=(-1.000000000,1.000000000) 
rho=(0.007575757576,0.007575757576) contrib=(-0.01515151515,6.603888360E-79)
COSET 14 c=1 d=84 gcd=1 a0=(-1.000000000,1.000000000) 
rho=(0.007575757576,0.007575757576) contrib=(-0.01515151515,-1.806357699E-78)
COSET 14 c=1 d=85 gcd=1 a0=(-1.000000000,1.000000000) 
rho=(0.007575757576,0.007575757576) contrib=(-0.01515151515,8.607544891E-78)
COSET 14 c=1 d=86 gcd=1 a0=(-1.000000000,1.000000000) 
rho=(0.007575757576,0.007575757576) contrib=(-0.01515151515,-3.005484795E-79)
COSET 14 c=1 d=87 gcd=1 a0=(-1.000000000,1.000000000) 
rho=(0.007575757576,0.007575757576) contrib=(-0.01515151515,1.308510387E-79)
COSET 14 c=1 d=88 gcd=1 a0=(-1.000000000,1.000000000) 
rho=(0.007575757576,0.007575757576) contrib=(-0.01515151515,1.473096459E-78)
COSET 14 c=1 d=89 gcd=1 a0=(-1.000000000,1.000000000) 
rho=(0.007575757576,0.007575757576) contrib=(-0.01515151515,1.306465840E-78)
COSET 14 c=1 d=90 gcd=1 a0=(-1.000000000,1.000000000) 
rho=(0.007575757576,0.007575757576) contrib=(-0.01515151515,5.213596074E-79)
COSET 14 c=1 d=91 gcd=1 a0=(-1.000000000,1.000000000) 
rho=(0.007575757576,0.007575757576) contrib=(-0.01515151515,-6.110130144E-78)
COSET 14 c=1 d=92 gcd=1 a0=(-1.000000000,1.000000000) 
rho=(0.007575757576,0.007575757576) contrib=(-0.01515151515,-1.034541025E-78)
COSET 14 c=1 d=93 gcd=1 a0=(-1.000000000,1.000000000) 
rho=(0.007575757576,0.007575757576) contrib=(-0.01515151515,1.584524297E-79)
COSET 14 c=1 d=94 gcd=1 a0=(-1.000000000,1.000000000) 
rho=(0.007575757576,0.007575757576) contrib=(-0.01515151515,2.782629120E-78)
COSET 14 c=1 d=95 gcd=1 a0=(-1.000000000,1.000000000) 
rho=(0.007575757576,0.007575757576) contrib=(-0.01515151515,-5.973145463E-78)
COSET 14 c=1 d=96 gcd=1 a0=(-1.000000000,1.000000000) 
rho=(0.007575757576,0.007575757576) contrib=(-0.01515151515,-8.280417294E-80)
COSET 14 c=1 d=97 gcd=1 a0=(-1.000000000,1.000000000) 
rho=(0.007575757576,0.007575757576) contrib=(-0.01515151515,6.766429885E-78)
COSET 14 c=1 d=98 gcd=1 a0=(-1.000000000,1.000000000) 
rho=(0.007575757576,0.007575757576) contrib=(-0.01515151515,-1.091788354E-78)
COSET 14 c=1 d=99 gcd=1 a0=(-1.000000000,1.000000000) 
rho=(0.007575757576,0.007575757576) contrib=(-0.01515151515,-2.042502932E-78)
COSET 14 c=1 d=100 gcd=1 a0=(-1.000000000,1.000000000) 
rho=(0.007575757576,0.007575757576) contrib=(-0.01515151515,3.150647666E-78)
COSET 14 c=1 d=101 gcd=1 a0=(-1.000000000,1.000000000) 
rho=(0.007575757576,0.007575757576) contrib=(-0.01515151515,-7.903198283E-78)
COSET 14 c=1 d=102 gcd=1 a0=(-1.000000000,1.000000000) 
rho=(0.007575757576,0.007575757576) contrib=(-0.01515151515,1.083610164E-78)
COSET 14 c=1 d=103 gcd=1 a0=(-1.000000000,1.000000000) 
rho=(0.007575757576,0.007575757576) contrib=(-0.01515151515,7.739634485E-78)
COSET 14 c=1 d=104 gcd=1 a0=(-1.000000000,1.000000000) 
rho=(0.007575757576,0.007575757576) contrib=(-0.01515151515,-1.371891359E-78)
COSET 14 c=1 d=105 gcd=1 a0=(-1.000000000,1.000000000) 
rho=(0.007575757576,0.007575757576) contrib=(-0.01515151515,-5.713487932E-78)
COSET 14 c=1 d=106 gcd=1 a0=(-1.000000000,1.000000000) 
rho=(0.007575757576,0.007575757576) contrib=(-0.01515151515,-3.473686168E-78)
COSET 14 c=1 d=107 gcd=1 a0=(-1.000000000,1.000000000) 
rho=(0.007575757576,0.007575757576) contrib=(-0.01515151515,-9.803605166E-78)
COSET 14 c=1 d=108 gcd=1 a0=(-1.000000000,1.000000000) 
rho=(0.007575757576,0.007575757576) contrib=(-0.01515151515,7.762124508E-78)
COSET 14 c=1 d=109 gcd=1 a0=(-1.000000000,1.000000000) 
rho=(0.007575757576,0.007575757576) contrib=(-0.01515151515,-1.015117824E-77)
COSET 14 c=1 d=110 gcd=1 a0=(-1.000000000,1.000000000) 
rho=(0.007575757576,0.007575757576) contrib=(-0.01515151515,-2.044547480E-81)
COSET 14 c=1 d=111 gcd=1 a0=(-1.000000000,1.000000000) 
rho=(0.007575757576,0.007575757576) contrib=(-0.01515151515,-4.109540435E-78)
COSET 14 c=1 d=112 gcd=1 a0=(-1.000000000,1.000000000) 
rho=(0.007575757576,0.007575757576) contrib=(-0.01515151515,5.588770536E-78)
COSET 14 c=1 d=113 gcd=1 a0=(-1.000000000,1.000000000) 
rho=(0.007575757576,0.007575757576) contrib=(-0.01515151515,-2.044547480E-80)
COSET 14 c=1 d=114 gcd=1 a0=(-1.000000000,1.000000000) 
rho=(0.007575757576,0.007575757576) contrib=(-0.01515151515,-1.554878358E-78)
COSET 14 c=1 d=115 gcd=1 a0=(-1.000000000,1.000000000) 
rho=(0.007575757576,0.007575757576) contrib=(-0.01515151515,-1.344085513E-77)
COSET 14 c=1 d=116 gcd=1 a0=(-1.000000000,1.000000000) 
rho=(0.007575757576,0.007575757576) contrib=(-0.01515151515,4.550140416E-78)
COSET 14 c=1 d=117 gcd=1 a0=(-1.000000000,1.000000000) 
rho=(0.007575757576,0.007575757576) contrib=(-0.01515151515,4.262881496E-78)
COSET 14 c=1 d=118 gcd=1 a0=(-1.000000000,1.000000000) 
rho=(0.007575757576,0.007575757576) contrib=(-0.01515151515,-4.795486114E-78)
COSET 14 c=1 d=119 gcd=1 a0=(-1.000000000,1.000000000) 
rho=(0.007575757576,0.007575757576) contrib=(-0.01515151515,-4.372264786E-78)
COSET 14 c=1 d=120 gcd=1 a0=(-1.000000000,1.000000000) 
rho=(0.007575757576,0.007575757576) contrib=(-0.01515151515,4.353863859E-78)
COSET 14 c=1 d=121 gcd=1 a0=(-1.000000000,1.000000000) 
rho=(0.007575757576,0.007575757576) contrib=(-0.01515151515,1.122456566E-78)
COSET 14 c=1 d=122 gcd=1 a0=(-1.000000000,1.000000000) 
rho=(0.007575757576,0.007575757576) contrib=(-0.01515151515,4.273104233E-79)
COSET 14 c=1 d=123 gcd=1 a0=(-1.000000000,1.000000000) 
rho=(0.007575757576,0.007575757576) contrib=(-0.01515151515,-5.305600710E-79)
COSET 14 c=1 d=124 gcd=1 a0=(-1.000000000,1.000000000) 
rho=(0.007575757576,0.007575757576) contrib=(-0.01515151515,6.768474432E-78)
COSET 14 c=1 d=125 gcd=1 a0=(-1.000000000,1.000000000) 
rho=(0.007575757576,0.007575757576) contrib=(-0.01515151515,-3.875439748E-78)
COSET 14 c=1 d=126 gcd=1 a0=(-1.000000000,1.000000000) 
rho=(0.007575757576,0.007575757576) contrib=(-0.01515151515,-1.013277731E-77)
COSET 14 c=1 d=127 gcd=1 a0=(-1.000000000,1.000000000) 
rho=(0.007575757576,0.007575757576) contrib=(-0.01515151515,-3.177226784E-78)
COSET 14 c=1 d=128 gcd=1 a0=(-1.000000000,1.000000000) 
rho=(0.007575757576,0.007575757576) contrib=(-0.01515151515,-4.184166418E-78)
COSET 14 c=1 d=129 gcd=1 a0=(-1.000000000,1.000000000) 
rho=(0.007575757576,0.007575757576) contrib=(-0.01515151515,-6.082528753E-78)
COSET 14 c=1 d=130 gcd=1 a0=(-1.000000000,1.000000000) 
rho=(0.007575757576,0.007575757576) contrib=(-0.01515151515,1.382931915E-77)
COSET 14 c=1 d=131 gcd=1 a0=(-1.000000000,1.000000000) 
rho=(0.007575757576,0.007575757576) contrib=(-0.01515151515,-3.114563264E-73)
COSET 14 c=3 d=1 gcd=3 a0=(1.000000000,1.000000000) 
rho=(0.02272727273,-0.02272727273) contrib=(0.04545454546,-9.244406071E-73)
COSET 14 c=3 d=2 gcd=3 a0=(1.000000000,1.000000000) 
rho=(0.02272727273,-0.02272727273) contrib=(0.04545454546,-5.121153722E-73)
COSET 14 c=3 d=4 gcd=3 a0=(1.000000000,1.000000000) 
rho=(0.02272727273,-0.02272727273) contrib=(0.04545454546,-6.116040374E-73)
COSET 14 c=3 d=5 gcd=3 a0=(1.000000000,1.000000000) 
rho=(0.02272727273,-0.02272727273) contrib=(0.04545454546,-1.412337021E-72)
COSET 14 c=3 d=7 gcd=3 a0=(1.000000000,1.000000000) 
rho=(0.02272727273,-0.02272727273) contrib=(0.04545454546,-4.315195103E-73)
COSET 14 c=3 d=8 gcd=3 a0=(1.000000000,1.000000000) 
rho=(0.02272727273,-0.02272727273) contrib=(0.04545454546,-8.140986334E-73)
COSET 14 c=3 d=10 gcd=3 a0=(1.000000000,1.000000000) 
rho=(0.02272727273,-0.02272727273) contrib=(0.04545454546,-4.449856523E-73)
COSET 14 c=3 d=11 gcd=3 a0=(1.000000000,1.000000000) 
rho=(0.02272727273,-0.02272727273) contrib=(0.04545454546,-4.637779517E-73)
COSET 14 c=3 d=13 gcd=3 a0=(1.000000000,1.000000000) 
rho=(0.02272727273,-0.02272727273) contrib=(0.04545454546,-2.026352906E-72)
COSET 14 c=3 d=14 gcd=3 a0=(1.000000000,1.000000000) 
rho=(0.02272727273,-0.02272727273) contrib=(0.04545454546,-9.207223406E-73)
COSET 14 c=3 d=16 gcd=3 a0=(1.000000000,1.000000000) 
rho=(0.02272727273,-0.02272727273) contrib=(0.04545454546,-3.234486938E-72)
COSET 14 c=3 d=17 gcd=3 a0=(1.000000000,1.000000000) 
rho=(0.02272727273,-0.02272727273) contrib=(0.04545454546,1.711405988E-73)
COSET 14 c=3 d=19 gcd=3 a0=(1.000000000,1.000000000) 
rho=(0.02272727273,-0.02272727273) contrib=(0.04545454546,1.917116362E-72)
COSET 14 c=3 d=20 gcd=3 a0=(1.000000000,1.000000000) 
rho=(0.02272727273,-0.02272727273) contrib=(0.04545454546,2.753926554E-72)
COSET 14 c=3 d=22 gcd=3 a0=(1.000000000,1.000000000) 
rho=(0.02272727273,-0.02272727273) contrib=(0.04545454546,-1.903549730E-72)
COSET 14 c=3 d=23 gcd=3 a0=(1.000000000,1.000000000) 
rho=(0.02272727273,-0.02272727273) contrib=(0.04545454546,7.846238632E-72)
COSET 14 c=3 d=25 gcd=3 a0=(1.000000000,1.000000000) 
rho=(0.02272727273,-0.02272727273) contrib=(0.04545454546,2.231560830E-72)
COSET 14 c=3 d=26 gcd=3 a0=(1.000000000,1.000000000) 
rho=(0.02272727273,-0.02272727273) contrib=(0.04545454546,-7.661531396E-72)
COSET 14 c=3 d=28 gcd=3 a0=(1.000000000,1.000000000) 
rho=(0.02272727273,-0.02272727273) contrib=(0.04545454546,-3.149770835E-72)
COSET 14 c=3 d=29 gcd=3 a0=(1.000000000,1.000000000) 
rho=(0.02272727273,-0.02272727273) contrib=(0.04545454546,-1.071100962E-71)
COSET 14 c=3 d=31 gcd=3 a0=(1.000000000,1.000000000) 
rho=(0.02272727273,-0.02272727273) contrib=(0.04545454546,2.752921615E-72)
COSET 14 c=3 d=32 gcd=3 a0=(1.000000000,1.000000000) 
rho=(0.02272727273,-0.02272727273) contrib=(0.04545454546,-3.603298439E-72)
COSET 14 c=3 d=34 gcd=3 a0=(1.000000000,1.000000000) 
rho=(0.02272727273,-0.02272727273) contrib=(0.04545454546,-9.707480555E-72)
COSET 14 c=3 d=35 gcd=3 a0=(1.000000000,1.000000000) 
rho=(0.02272727273,-0.02272727273) contrib=(0.04545454546,-8.524469919E-72)
COSET 14 c=3 d=37 gcd=3 a0=(1.000000000,1.000000000) 
rho=(0.02272727273,-0.02272727273) contrib=(0.04545454546,1.888847515E-71)
COSET 14 c=3 d=38 gcd=3 a0=(1.000000000,1.000000000) 
rho=(0.02272727273,-0.02272727273) contrib=(0.04545454546,2.114083817E-72)
COSET 14 c=3 d=40 gcd=3 a0=(1.000000000,1.000000000) 
rho=(0.02272727273,-0.02272727273) contrib=(0.04545454546,2.797379984E-71)
COSET 14 c=3 d=41 gcd=3 a0=(1.000000000,1.000000000) 
rho=(0.02272727273,-0.02272727273) contrib=(0.04545454546,1.037234620E-71)
COSET 14 c=3 d=43 gcd=3 a0=(1.000000000,1.000000000) 
rho=(0.02272727273,-0.02272727273) contrib=(0.04545454546,9.536942917E-72)
COSET 14 c=3 d=44 gcd=3 a0=(1.000000000,1.000000000) 
rho=(0.02272727273,-0.02272727273) contrib=(0.04545454546,-2.020112252E-71)
COSET 14 c=3 d=47 gcd=3 a0=(1.000000000,1.000000000) 
rho=(0.02272727273,-0.02272727273) contrib=(0.04545454546,2.977655449E-71)
COSET 14 c=3 d=50 gcd=3 a0=(1.000000000,1.000000000) 
rho=(0.02272727273,-0.02272727273) contrib=(0.04545454546,-3.058783930E-71)
COSET 14 c=3 d=53 gcd=3 a0=(1.000000000,1.000000000) 
rho=(0.02272727273,-0.02272727273) contrib=(0.04545454546,1.561590114E-71)
COSET 14 c=3 d=56 gcd=3 a0=(1.000000000,1.000000000) 
rho=(0.02272727273,-0.02272727273) contrib=(0.04545454546,2.580936873E-71)
COSET 14 c=3 d=59 gcd=3 a0=(1.000000000,1.000000000) 
rho=(0.02272727273,-0.02272727273) contrib=(0.04545454546,-5.307167390E-71)
COSET 14 c=3 d=62 gcd=3 a0=(1.000000000,1.000000000) 
rho=(0.02272727273,-0.02272727273) contrib=(0.04545454546,3.176220749E-71)
COSET 14 c=3 d=65 gcd=3 a0=(1.000000000,1.000000000) 
rho=(0.02272727273,-0.02272727273) contrib=(0.04545454546,3.680909646E-71)
COSET 14 c=3 d=68 gcd=3 a0=(1.000000000,1.000000000) 
rho=(0.02272727273,-0.02272727273) contrib=(0.04545454546,3.071405926E-71)
COSET 14 c=3 d=71 gcd=3 a0=(1.000000000,1.000000000) 
rho=(0.02272727273,-0.02272727273) contrib=(0.04545454546,-1.717626523E-71)
COSET 14 c=3 d=74 gcd=3 a0=(1.000000000,1.000000000) 
rho=(0.02272727273,-0.02272727273) contrib=(0.04545454546,-2.803128218E-71)
COSET 14 c=3 d=77 gcd=3 a0=(1.000000000,1.000000000) 
rho=(0.02272727273,-0.02272727273) contrib=(0.04545454546,2.886085683E-71)
COSET 14 c=3 d=80 gcd=3 a0=(1.000000000,1.000000000) 
rho=(0.02272727273,-0.02272727273) contrib=(0.04545454546,-1.758235986E-71)
COSET 14 c=3 d=83 gcd=3 a0=(1.000000000,1.000000000) 
rho=(0.02272727273,-0.02272727273) contrib=(0.04545454546,-6.852859416E-71)
COSET 14 c=3 d=86 gcd=3 a0=(1.000000000,1.000000000) 
rho=(0.02272727273,-0.02272727273) contrib=(0.04545454546,-5.672672654E-71)
COSET 14 c=4 d=1 gcd=4 a0=(-2.000000000,2.528507672E-72) 
rho=(1.964682344E-81,-4.791908156E-83) contrib=(-3.929364688E-81,9.583816312E-8\
3)
COSET 14 c=4 d=3 gcd=4 a0=(3.018461424E-72,-2.000000000) 
rho=(9.264355768E-82,5.430829243E-82) contrib=(1.086165849E-81,-1.852871154E-81\
)
COSET 14 c=4 d=5 gcd=4 a0=(-2.000000000,-2.268647436E-72) 
rho=(1.964682344E-81,-4.791908156E-83) contrib=(-3.929364688E-81,9.583816312E-8\
3)
COSET 14 c=4 d=7 gcd=4 a0=(-2.456168310E-71,-2.000000000) 
rho=(9.264355768E-82,5.430829243E-82) contrib=(1.086165849E-81,-1.852871154E-81\
)
COSET 14 c=4 d=9 gcd=4 a0=(-2.000000000,2.069146373E-72) 
rho=(1.964682344E-81,-4.791908156E-83) contrib=(-3.929364688E-81,9.583816312E-8\
3)
COSET 14 c=4 d=11 gcd=4 a0=(2.012972843E-71,-2.000000000) 
rho=(9.264355768E-82,5.430829243E-82) contrib=(1.086165849E-81,-1.852871154E-81\
)
COSET 14 c=4 d=13 gcd=4 a0=(-2.000000000,-5.815008349E-72) 
rho=(1.964682344E-81,-4.791908156E-83) contrib=(-3.929364688E-81,9.583816312E-8\
3)
COSET 14 c=4 d=15 gcd=4 a0=(7.544656601E-71,-2.000000000) 
rho=(9.264355768E-82,5.430829243E-82) contrib=(1.086165849E-81,-1.852871154E-81\
)
COSET 14 c=4 d=17 gcd=4 a0=(-2.000000000,-9.793706376E-72) 
rho=(1.964682344E-81,-4.791908156E-83) contrib=(-3.929364688E-81,9.583816312E-8\
3)
COSET 14 c=4 d=19 gcd=4 a0=(-3.842018187E-72,-2.000000000) 
rho=(9.264355768E-82,5.430829243E-82) contrib=(1.086165849E-81,-1.852871154E-81\
)
COSET 14 c=4 d=21 gcd=4 a0=(-2.000000000,9.604275108E-72) 
rho=(1.964682344E-81,-4.791908156E-83) contrib=(-3.929364688E-81,9.583816312E-8\
3)
COSET 14 c=4 d=23 gcd=4 a0=(-4.586644718E-71,-2.000000000) 
rho=(9.264355768E-82,5.430829243E-82) contrib=(1.086165849E-81,-1.852871154E-81\
)
COSET 14 c=4 d=25 gcd=4 a0=(-2.000000000,-7.243881387E-71) 
rho=(1.964682344E-81,-4.791908156E-83) contrib=(-3.929364688E-81,9.583816312E-8\
3)
COSET 14 c=4 d=27 gcd=4 a0=(-1.353022896E-71,-2.000000000) 
rho=(9.264355768E-82,5.430829243E-82) contrib=(1.086165849E-81,-1.852871154E-81\
)
COSET 14 c=4 d=29 gcd=4 a0=(-2.000000000,-3.118089101E-72) 
rho=(1.964682344E-81,-4.791908156E-83) contrib=(-3.929364688E-81,9.583816312E-8\
3)
COSET 14 c=4 d=31 gcd=4 a0=(-4.954688052E-71,-2.000000000) 
rho=(9.264355768E-82,5.430829243E-82) contrib=(1.086165849E-81,-1.852871154E-81\
)
COSET 14 c=4 d=33 gcd=4 a0=(-2.000000000,3.280563684E-71) 
rho=(1.964682344E-81,-4.791908156E-83) contrib=(-3.929364688E-81,9.583816312E-8\
3)
COSET 14 c=4 d=35 gcd=4 a0=(-1.077969930E-70,-2.000000000) 
rho=(9.264355768E-82,5.430829243E-82) contrib=(1.086165849E-81,-1.852871154E-81\
)
COSET 14 c=4 d=37 gcd=4 a0=(-2.000000000,-2.621455522E-71) 
rho=(1.964682344E-81,-4.791908156E-83) contrib=(-3.929364688E-81,9.583816312E-8\
3)
COSET 14 c=4 d=39 gcd=4 a0=(1.861113806E-72,-2.000000000) 
rho=(9.264355768E-82,5.430829243E-82) contrib=(1.086165849E-81,-1.852871154E-81\
)
COSET 14 c=4 d=41 gcd=4 a0=(-2.000000000,1.491554487E-70) 
rho=(1.964682344E-81,-4.791908156E-83) contrib=(-3.929364688E-81,9.583816312E-8\
3)
COSET 14 c=4 d=43 gcd=4 a0=(-7.807305517E-72,-2.000000000) 
rho=(9.264355768E-82,5.430829243E-82) contrib=(1.086165849E-81,-1.852871154E-81\
)
COSET 14 c=4 d=45 gcd=4 a0=(-2.000000000,1.773725098E-71) 
rho=(1.964682344E-81,-4.791908156E-83) contrib=(-3.929364688E-81,9.583816312E-8\
3)
COSET 14 c=4 d=47 gcd=4 a0=(-1.107281051E-70,-2.000000000) 
rho=(9.264355768E-82,5.430829243E-82) contrib=(1.086165849E-81,-1.852871154E-81\
)
COSET 14 c=4 d=49 gcd=4 a0=(-2.000000000,2.945133984E-71) 
rho=(1.964682344E-81,-4.791908156E-83) contrib=(-3.929364688E-81,9.583816312E-8\
3)
COSET 14 c=4 d=51 gcd=4 a0=(3.988375565E-71,-2.000000000) 
rho=(9.264355768E-82,5.430829243E-82) contrib=(1.086165849E-81,-1.852871154E-81\
)
COSET 14 c=4 d=53 gcd=4 a0=(-2.000000000,3.148819547E-70) 
rho=(1.964682344E-81,-4.791908156E-83) contrib=(-3.929364688E-81,9.583816312E-8\
3)
COSET 14 c=4 d=55 gcd=4 a0=(5.028654542E-70,-2.000000000) 
rho=(9.264355768E-82,5.430829243E-82) contrib=(1.086165849E-81,-1.852871154E-81\
)
COSET 14 c=4 d=57 gcd=4 a0=(-2.000000000,-1.811644207E-70) 
rho=(1.964682344E-81,-4.791908156E-83) contrib=(-3.929364688E-81,9.583816312E-8\
3)
COSET 14 c=4 d=59 gcd=4 a0=(2.276703919E-71,-2.000000000) 
rho=(9.264355768E-82,5.430829243E-82) contrib=(1.086165849E-81,-1.852871154E-81\
)
COSET 14 c=4 d=61 gcd=4 a0=(-2.000000000,-8.329134350E-71) 
rho=(1.964682344E-81,-4.791908156E-83) contrib=(-3.929364688E-81,9.583816312E-8\
3)
COSET 14 c=4 d=63 gcd=4 a0=(-5.944266188E-71,-2.000000000) 
rho=(9.264355768E-82,5.430829243E-82) contrib=(1.086165849E-81,-1.852871154E-81\
)
COSET 14 c=4 d=65 gcd=4 a0=(-2.000000000,-4.739255063E-70) 
rho=(1.964682344E-81,-4.791908156E-83) contrib=(-3.929364688E-81,9.583816312E-8\
3)
COSET 14 c=11 d=1 gcd=11 a0=(-1.000000000,-1.000000000) 
rho=(0.08333333334,-0.08333333334) contrib=(-0.1666666667,6.937952423E-73)
COSET 14 c=11 d=2 gcd=11 a0=(1.000000000,1.000000000) 
rho=(-0.08333333334,0.08333333334) contrib=(-0.1666666667,8.848042494E-73)
COSET 14 c=11 d=3 gcd=11 a0=(-1.000000000,-1.000000000) 
rho=(0.08333333334,-0.08333333334) contrib=(-0.1666666667,-4.621156230E-73)
COSET 14 c=11 d=4 gcd=11 a0=(-1.000000000,-1.000000000) 
rho=(0.08333333334,-0.08333333334) contrib=(-0.1666666667,2.301135888E-73)
COSET 14 c=11 d=5 gcd=11 a0=(1.000000000,1.000000000) 
rho=(-0.08333333334,0.08333333334) contrib=(-0.1666666667,8.711475871E-73)
COSET 14 c=11 d=6 gcd=11 a0=(1.000000000,1.000000000) 
rho=(-0.08333333334,0.08333333334) contrib=(-0.1666666667,-4.181978261E-73)
COSET 14 c=11 d=7 gcd=11 a0=(-1.000000000,-1.000000000) 
rho=(0.08333333334,-0.08333333334) contrib=(-0.1666666667,-7.622858744E-74)
COSET 14 c=11 d=8 gcd=11 a0=(-1.000000000,-1.000000000) 
rho=(0.08333333334,-0.08333333334) contrib=(-0.1666666667,-9.467544242E-74)
COSET 14 c=11 d=9 gcd=11 a0=(-1.000000000,-1.000000000) 
rho=(0.08333333334,-0.08333333334) contrib=(-0.1666666667,1.116599024E-72)
COSET 14 c=11 d=10 gcd=11 a0=(-1.000000000,-1.000000000) 
rho=(0.08333333334,-0.08333333334) contrib=(-0.1666666667,5.920956002E-74)
COSET 14 c=11 d=12 gcd=11 a0=(-1.000000000,-1.000000000) 
rho=(0.08333333334,-0.08333333334) contrib=(-0.1666666667,-1.925266808E-72)
COSET 14 c=11 d=23 gcd=11 a0=(-1.000000000,-1.000000000) 
rho=(0.08333333334,-0.08333333334) contrib=(-0.1666666667,-7.248854386E-73)
COSET 14 c=12 d=1 gcd=12 a0=(-2.000000000,9.328171019E-74) 
rho=(-1.108528087E-80,4.152987069E-82) contrib=(2.217056174E-80,-8.305974137E-8\
2)
COSET 14 c=12 d=5 gcd=12 a0=(2.000000000,1.653454150E-73) 
rho=(-1.277842175E-82,-1.725086936E-81) contrib=(-2.555684350E-82,-3.450173872E\
-81)
COSET 14 c=12 d=7 gcd=12 a0=(-6.505432968E-74,-2.000000000) 
rho=(-1.900790235E-81,-9.104625497E-82) contrib=(-1.820925099E-81,3.801580470E-\
81)
COSET 14 c=12 d=11 gcd=12 a0=(-8.411578941E-74,-2.000000000) 
rho=(-4.568285776E-81,1.619664957E-80) contrib=(3.239329913E-80,9.136571551E-81\
)
COSET 14 c=12 d=13 gcd=12 a0=(-2.000000000,-8.562936013E-73) 
rho=(-1.108528087E-80,4.152987069E-82) contrib=(2.217056174E-80,-8.305974137E-8\
2)
COSET 14 c=12 d=17 gcd=12 a0=(2.000000000,-2.489759916E-73) 
rho=(-1.277842175E-82,-1.725086936E-81) contrib=(-2.555684350E-82,-3.450173872E\
-81)
COSET 14 c=12 d=19 gcd=12 a0=(-1.347039047E-72,-2.000000000) 
rho=(-1.900790235E-81,-9.104625497E-82) contrib=(-1.820925099E-81,3.801580470E-\
81)
COSET 14 c=12 d=25 gcd=12 a0=(-2.000000000,6.424008697E-74) 
rho=(-1.108528087E-80,4.152987069E-82) contrib=(2.217056174E-80,-8.305974137E-8\
2)
COSET 14 c=12 d=31 gcd=12 a0=(2.026493031E-72,-2.000000000) 
rho=(-1.900790235E-81,-9.104625497E-82) contrib=(-1.820925099E-81,3.801580470E-\
81)
COSET 14 c=12 d=37 gcd=12 a0=(-2.000000000,1.813992991E-72) 
rho=(-1.108528087E-80,4.152987069E-82) contrib=(2.217056174E-80,-8.305974137E-8\
2)
COSET 14 c=12 d=43 gcd=12 a0=(5.006947131E-72,-2.000000000) 
rho=(-1.900790235E-81,-9.104625497E-82) contrib=(-1.820925099E-81,3.801580470E-\
81)
COSET 14 c=33 d=1 gcd=33 a0=(-1.000000000,1.000000000) 
rho=(-0.2500000000,-0.2500000000) contrib=(0.5000000000,7.995018600E-73)
COSET 14 c=33 d=2 gcd=33 a0=(-1.000000000,1.000000000) 
rho=(-0.2500000000,-0.2500000000) contrib=(0.5000000000,-9.466622397E-73)
COSET 14 c=33 d=4 gcd=33 a0=(-1.000000000,1.000000000) 
rho=(-0.2500000000,-0.2500000000) contrib=(0.5000000000,-2.329347395E-72)
COSET 14 c=33 d=7 gcd=33 a0=(1.000000000,-1.000000000) 
rho=(0.2500000000,0.2500000000) contrib=(0.5000000000,7.720043753E-73)
FORM 15:
  c_eta(0)[1] (trivial) = -1.35903245799E-63 + 6.81098827771E-64 i   (half: 
-6.79516228997E-64)
  c_eta(0)[2] = 8.00000000000 + 6.81101511370E-64 i   (half: 4.00000000000)
  c_eta(0)[3] = 8.00000000000 + 6.81101511397E-64 i   (half: 4.00000000000)
COSET 15 c=0 d=1 gcd=132 a0=(-761416.0000,1.272659091E-69) 
rho=(0.0000000000,0.0000000000) contrib=(-0.0000000000,0.0000000000)
COSET 15 c=3 d=1 gcd=3 a0=(761352.0000,761352.0000) 
rho=(0.02272727273,-0.02272727273) contrib=(34606.90909,-4.683202444E-71)
COSET 15 c=3 d=2 gcd=3 a0=(761352.0000,761352.0000) 
rho=(0.02272727273,-0.02272727273) contrib=(34606.90909,-2.757805836E-71)
COSET 15 c=3 d=4 gcd=3 a0=(761352.0000,761352.0000) 
rho=(0.02272727273,-0.02272727273) contrib=(34606.90909,-2.565480760E-71)
COSET 15 c=3 d=5 gcd=3 a0=(761352.0000,761352.0000) 
rho=(0.02272727273,-0.02272727273) contrib=(34606.90909,-7.132010763E-71)
COSET 15 c=3 d=7 gcd=3 a0=(761352.0000,761352.0000) 
rho=(0.02272727273,-0.02272727273) contrib=(34606.90909,-1.730981925E-71)
COSET 15 c=3 d=8 gcd=3 a0=(761352.0000,761352.0000) 
rho=(0.02272727273,-0.02272727273) contrib=(34606.90909,-3.221282308E-71)
COSET 15 c=3 d=10 gcd=3 a0=(761352.0000,761352.0000) 
rho=(0.02272727273,-0.02272727273) contrib=(34606.90909,-2.496461757E-71)
COSET 15 c=3 d=11 gcd=3 a0=(761352.0000,761352.0000) 
rho=(0.02272727273,-0.02272727273) contrib=(34606.90909,-3.175256241E-71)
COSET 15 c=3 d=13 gcd=3 a0=(761352.0000,761352.0000) 
rho=(0.02272727273,-0.02272727273) contrib=(34606.90909,-9.559754768E-71)
COSET 15 c=3 d=14 gcd=3 a0=(761352.0000,761352.0000) 
rho=(0.02272727273,-0.02272727273) contrib=(34606.90909,-3.979968774E-71)
COSET 15 c=3 d=16 gcd=3 a0=(761352.0000,761352.0000) 
rho=(0.02272727273,-0.02272727273) contrib=(34606.90909,-1.764936879E-70)
COSET 15 c=3 d=17 gcd=3 a0=(761352.0000,761352.0000) 
rho=(0.02272727273,-0.02272727273) contrib=(34606.90909,7.095850632E-72)
COSET 15 c=3 d=19 gcd=3 a0=(761352.0000,761352.0000) 
rho=(0.02272727273,-0.02272727273) contrib=(34606.90909,3.468757809E-71)
COSET 15 c=3 d=20 gcd=3 a0=(761352.0000,761352.0000) 
rho=(0.02272727273,-0.02272727273) contrib=(34606.90909,1.177011142E-70)
COSET 15 c=3 d=22 gcd=3 a0=(761352.0000,761352.0000) 
rho=(0.02272727273,-0.02272727273) contrib=(34606.90909,-8.675169923E-71)
COSET 15 c=3 d=23 gcd=3 a0=(761352.0000,761352.0000) 
rho=(0.02272727273,-0.02272727273) contrib=(34606.90909,3.212444648E-70)
COSET 15 c=3 d=25 gcd=3 a0=(761352.0000,761352.0000) 
rho=(0.02272727273,-0.02272727273) contrib=(34606.90909,1.661452632E-70)
COSET 15 c=3 d=26 gcd=3 a0=(761352.0000,761352.0000) 
rho=(0.02272727273,-0.02272727273) contrib=(34606.90909,-2.629979782E-70)
COSET 15 c=3 d=28 gcd=3 a0=(761352.0000,761352.0000) 
rho=(0.02272727273,-0.02272727273) contrib=(34606.90909,-1.128462688E-70)
COSET 15 c=3 d=29 gcd=3 a0=(761352.0000,761352.0000) 
rho=(0.02272727273,-0.02272727273) contrib=(34606.90909,-4.577525607E-70)
COSET 15 c=3 d=31 gcd=3 a0=(761352.0000,761352.0000) 
rho=(0.02272727273,-0.02272727273) contrib=(34606.90909,1.470245473E-70)
COSET 15 c=3 d=32 gcd=3 a0=(761352.0000,761352.0000) 
rho=(0.02272727273,-0.02272727273) contrib=(34606.90909,-1.938668244E-70)
COSET 15 c=3 d=34 gcd=3 a0=(761352.0000,761352.0000) 
rho=(0.02272727273,-0.02272727273) contrib=(34606.90909,-4.843924043E-70)
COSET 15 c=3 d=35 gcd=3 a0=(761352.0000,761352.0000) 
rho=(0.02272727273,-0.02272727273) contrib=(34606.90909,-3.771993046E-70)
COSET 15 c=3 d=37 gcd=3 a0=(761352.0000,761352.0000) 
rho=(0.02272727273,-0.02272727273) contrib=(34606.90909,8.124348652E-70)
COSET 15 c=3 d=38 gcd=3 a0=(761352.0000,761352.0000) 
rho=(0.02272727273,-0.02272727273) contrib=(34606.90909,2.746246808E-70)
COSET 15 c=3 d=40 gcd=3 a0=(761352.0000,761352.0000) 
rho=(0.02272727273,-0.02272727273) contrib=(34606.90909,1.107510598E-69)
COSET 15 c=3 d=41 gcd=3 a0=(761352.0000,761352.0000) 
rho=(0.02272727273,-0.02272727273) contrib=(34606.90909,2.275916672E-70)
COSET 15 c=3 d=43 gcd=3 a0=(761352.0000,761352.0000) 
rho=(0.02272727273,-0.02272727273) contrib=(34606.90909,3.463463629E-70)
COSET 15 c=3 d=44 gcd=3 a0=(761352.0000,761352.0000) 
rho=(0.02272727273,-0.02272727273) contrib=(34606.90909,-6.847350381E-70)
COSET 15 c=3 d=47 gcd=3 a0=(761352.0000,761352.0000) 
rho=(0.02272727273,-0.02272727273) contrib=(34606.90909,1.445362633E-69)
COSET 15 c=3 d=50 gcd=3 a0=(761352.0000,761352.0000) 
rho=(0.02272727273,-0.02272727273) contrib=(34606.90909,-1.095140440E-69)
COSET 15 c=3 d=53 gcd=3 a0=(761352.0000,761352.0000) 
rho=(0.02272727273,-0.02272727273) contrib=(34606.90909,9.380516571E-70)
COSET 15 c=3 d=56 gcd=3 a0=(761352.0000,761352.0000) 
rho=(0.02272727273,-0.02272727273) contrib=(34606.90909,1.177334953E-69)
COSET 15 c=3 d=59 gcd=3 a0=(761352.0000,761352.0000) 
rho=(0.02272727273,-0.02272727273) contrib=(34606.90909,-1.844867700E-69)
COSET 15 c=3 d=62 gcd=3 a0=(761352.0000,761352.0000) 
rho=(0.02272727273,-0.02272727273) contrib=(34606.90909,1.481091323E-69)
COSET 15 c=3 d=65 gcd=3 a0=(761352.0000,761352.0000) 
rho=(0.02272727273,-0.02272727273) contrib=(34606.90909,1.425288434E-69)
COSET 15 c=3 d=68 gcd=3 a0=(761352.0000,761352.0000) 
rho=(0.02272727273,-0.02272727273) contrib=(34606.90909,1.582659398E-69)
COSET 15 c=3 d=71 gcd=3 a0=(761352.0000,761352.0000) 
rho=(0.02272727273,-0.02272727273) contrib=(34606.90909,-6.301441020E-70)
COSET 15 c=3 d=74 gcd=3 a0=(761352.0000,761352.0000) 
rho=(0.02272727273,-0.02272727273) contrib=(34606.90909,-1.349665399E-69)
COSET 15 c=3 d=77 gcd=3 a0=(761352.0000,761352.0000) 
rho=(0.02272727273,-0.02272727273) contrib=(34606.90909,1.393045666E-69)
COSET 15 c=3 d=80 gcd=3 a0=(761352.0000,761352.0000) 
rho=(0.02272727273,-0.02272727273) contrib=(34606.90909,-6.301231993E-70)
COSET 15 c=3 d=83 gcd=3 a0=(761352.0000,761352.0000) 
rho=(0.02272727273,-0.02272727273) contrib=(34606.90909,-2.486551078E-69)
COSET 15 c=3 d=86 gcd=3 a0=(761352.0000,761352.0000) 
rho=(0.02272727273,-0.02272727273) contrib=(34606.90909,-2.533165636E-69)
COSET 15 c=4 d=1 gcd=4 a0=(-4744998.000,-3.518389910E-70) 
rho=(1.964682344E-81,-4.791908156E-83) contrib=(-9.322413793E-75,2.273759462E-7\
6)
COSET 15 c=4 d=3 gcd=4 a0=(-4.236889591E-70,-4744998.000) 
rho=(9.264355768E-82,5.430829243E-82) contrib=(2.576927390E-75,-4.395934959E-75\
)
COSET 15 c=4 d=5 gcd=4 a0=(-4744998.000,2.667353161E-70) 
rho=(1.964682344E-81,-4.791908156E-83) contrib=(-9.322413793E-75,2.273759462E-7\
6)
COSET 15 c=4 d=7 gcd=4 a0=(3.550879735E-69,-4744998.000) 
rho=(9.264355768E-82,5.430829243E-82) contrib=(2.576927390E-75,-4.395934959E-75\
)
COSET 15 c=4 d=9 gcd=4 a0=(-4744998.000,-4.440846755E-70) 
rho=(1.964682344E-81,-4.791908156E-83) contrib=(-9.322413793E-75,2.273759462E-7\
6)
COSET 15 c=4 d=11 gcd=4 a0=(-2.788522023E-69,-4744998.000) 
rho=(9.264355768E-82,5.430829243E-82) contrib=(2.576927390E-75,-4.395934959E-75\
)
COSET 15 c=4 d=13 gcd=4 a0=(-4744998.000,7.552829912E-70) 
rho=(1.964682344E-81,-4.791908156E-83) contrib=(-9.322413793E-75,2.273759462E-7\
6)
COSET 15 c=4 d=15 gcd=4 a0=(-1.047726641E-68,-4744998.000) 
rho=(9.264355768E-82,5.430829243E-82) contrib=(2.576927390E-75,-4.395934959E-75\
)
COSET 15 c=4 d=17 gcd=4 a0=(-4744998.000,1.444751370E-69) 
rho=(1.964682344E-81,-4.791908156E-83) contrib=(-9.322413793E-75,2.273759462E-7\
6)
COSET 15 c=4 d=19 gcd=4 a0=(4.499212297E-70,-4744998.000) 
rho=(9.264355768E-82,5.430829243E-82) contrib=(2.576927390E-75,-4.395934959E-75\
)
COSET 15 c=4 d=21 gcd=4 a0=(-4744998.000,-1.394040814E-69) 
rho=(1.964682344E-81,-4.791908156E-83) contrib=(-9.322413793E-75,2.273759462E-7\
6)
COSET 15 c=4 d=23 gcd=4 a0=(6.421222805E-69,-4744998.000) 
rho=(9.264355768E-82,5.430829243E-82) contrib=(2.576927390E-75,-4.395934959E-75\
)
COSET 15 c=4 d=25 gcd=4 a0=(-4744998.000,1.006956829E-68) 
rho=(1.964682344E-81,-4.791908156E-83) contrib=(-9.322413793E-75,2.273759462E-7\
6)
COSET 15 c=4 d=27 gcd=4 a0=(1.734670300E-69,-4744998.000) 
rho=(9.264355768E-82,5.430829243E-82) contrib=(2.576927390E-75,-4.395934959E-75\
)
COSET 15 c=4 d=29 gcd=4 a0=(-4744998.000,2.531212806E-70) 
rho=(1.964682344E-81,-4.791908156E-83) contrib=(-9.322413793E-75,2.273759462E-7\
6)
COSET 15 c=4 d=31 gcd=4 a0=(6.833451541E-69,-4744998.000) 
rho=(9.264355768E-82,5.430829243E-82) contrib=(2.576927390E-75,-4.395934959E-75\
)
COSET 15 c=4 d=33 gcd=4 a0=(-4744998.000,-4.360996352E-69) 
rho=(1.964682344E-81,-4.791908156E-83) contrib=(-9.322413793E-75,2.273759462E-7\
6)
COSET 15 c=4 d=35 gcd=4 a0=(1.486847633E-68,-4744998.000) 
rho=(9.264355768E-82,5.430829243E-82) contrib=(2.576927390E-75,-4.395934959E-75\
)
COSET 15 c=4 d=37 gcd=4 a0=(-4744998.000,3.872957422E-69) 
rho=(1.964682344E-81,-4.791908156E-83) contrib=(-9.322413793E-75,2.273759462E-7\
6)
COSET 15 c=4 d=39 gcd=4 a0=(-1.450684097E-70,-4744998.000) 
rho=(9.264355768E-82,5.430829243E-82) contrib=(2.576927390E-75,-4.395934959E-75\
)
COSET 15 c=4 d=41 gcd=4 a0=(-4744998.000,-2.045979881E-68) 
rho=(1.964682344E-81,-4.791908156E-83) contrib=(-9.322413793E-75,2.273759462E-7\
6)
COSET 15 c=4 d=43 gcd=4 a0=(1.303138585E-69,-4744998.000) 
rho=(9.264355768E-82,5.430829243E-82) contrib=(2.576927390E-75,-4.395934959E-75\
)
COSET 15 c=4 d=45 gcd=4 a0=(-4744998.000,-2.391066262E-69) 
rho=(1.964682344E-81,-4.791908156E-83) contrib=(-9.322413793E-75,2.273759462E-7\
6)
COSET 15 c=4 d=47 gcd=4 a0=(1.506545500E-68,-4744998.000) 
rho=(9.264355768E-82,5.430829243E-82) contrib=(2.576927390E-75,-4.395934959E-75\
)
COSET 15 c=4 d=49 gcd=4 a0=(-4744998.000,-4.385824629E-69) 
rho=(1.964682344E-81,-4.791908156E-83) contrib=(-9.322413793E-75,2.273759462E-7\
6)
COSET 15 c=4 d=51 gcd=4 a0=(-4.547235371E-69,-4744998.000) 
rho=(9.264355768E-82,5.430829243E-82) contrib=(2.576927390E-75,-4.395934959E-75\
)
COSET 15 c=4 d=53 gcd=4 a0=(-4744998.000,-4.345217915E-68) 
rho=(1.964682344E-81,-4.791908156E-83) contrib=(-9.322413793E-75,2.273759462E-7\
6)
COSET 15 c=4 d=55 gcd=4 a0=(-6.880099391E-68,-4744998.000) 
rho=(9.264355768E-82,5.430829243E-82) contrib=(2.576927390E-75,-4.395934959E-75\
)
COSET 15 c=4 d=57 gcd=4 a0=(-4744998.000,2.545230679E-68) 
rho=(1.964682344E-81,-4.791908156E-83) contrib=(-9.322413793E-75,2.273759462E-7\
6)
COSET 15 c=4 d=59 gcd=4 a0=(-3.703503224E-69,-4744998.000) 
rho=(9.264355768E-82,5.430829243E-82) contrib=(2.576927390E-75,-4.395934959E-75\
)
COSET 15 c=4 d=61 gcd=4 a0=(-4744998.000,1.198480796E-68) 
rho=(1.964682344E-81,-4.791908156E-83) contrib=(-9.322413793E-75,2.273759462E-7\
6)
COSET 15 c=4 d=63 gcd=4 a0=(7.780526246E-69,-4744998.000) 
rho=(9.264355768E-82,5.430829243E-82) contrib=(2.576927390E-75,-4.395934959E-75\
)
COSET 15 c=4 d=65 gcd=4 a0=(-4744998.000,6.481798813E-68) 
rho=(1.964682344E-81,-4.791908156E-83) contrib=(-9.322413793E-75,2.273759462E-7\
6)
COSET 15 c=12 d=1 gcd=12 a0=(761408.0000,8.894010164E-72) 
rho=(-1.108528087E-80,4.152987069E-82) contrib=(-8.440421535E-75,3.162117578E-7\
6)
COSET 15 c=12 d=5 gcd=12 a0=(-761408.0000,1.868087224E-71) 
rho=(-1.277842175E-82,-1.725086936E-81) contrib=(9.729592547E-77,1.313494994E-7\
5)
COSET 15 c=12 d=7 gcd=12 a0=(-1.078349432E-71,761408.0000) 
rho=(-1.900790235E-81,-9.104625497E-82) contrib=(6.932334690E-76,-1.447276891E-\
75)
COSET 15 c=12 d=11 gcd=12 a0=(-5.765753957E-72,761408.0000) 
rho=(-4.568285776E-81,1.619664957E-80) contrib=(-1.233225855E-74,-3.478329336E-\
75)
COSET 15 c=12 d=13 gcd=12 a0=(761408.0000,-5.244842720E-71) 
rho=(-1.108528087E-80,4.152987069E-82) contrib=(-8.440421535E-75,3.162117578E-7\
6)
COSET 15 c=12 d=17 gcd=12 a0=(-761408.0000,-1.186629320E-71) 
rho=(-1.277842175E-82,-1.725086936E-81) contrib=(9.729592547E-77,1.313494994E-7\
5)
COSET 15 c=12 d=19 gcd=12 a0=(-4.891597049E-71,761408.0000) 
rho=(-1.900790235E-81,-9.104625497E-82) contrib=(6.932334690E-76,-1.447276891E-\
75)
COSET 15 c=12 d=25 gcd=12 a0=(761408.0000,-4.192055674E-72) 
rho=(-1.108528087E-80,4.152987069E-82) contrib=(-8.440421535E-75,3.162117578E-7\
6)
COSET 15 c=12 d=31 gcd=12 a0=(7.822957585E-71,761408.0000) 
rho=(-1.900790235E-81,-9.104625497E-82) contrib=(6.932334690E-76,-1.447276891E-\
75)
COSET 15 c=12 d=37 gcd=12 a0=(761408.0000,1.121732570E-70) 
rho=(-1.108528087E-80,4.152987069E-82) contrib=(-8.440421535E-75,3.162117578E-7\
6)
COSET 15 c=12 d=43 gcd=12 a0=(2.280613254E-70,761408.0000) 
rho=(-1.900790235E-81,-9.104625497E-82) contrib=(6.932334690E-76,-1.447276891E-\
75)
COSET 15 c=33 d=1 gcd=33 a0=(761348.0000,-761348.0000) 
rho=(-0.2500000000,-0.2500000000) contrib=(-380674.0000,4.839701334E-71)
COSET 15 c=33 d=2 gcd=33 a0=(761348.0000,-761348.0000) 
rho=(-0.2500000000,-0.2500000000) contrib=(-380674.0000,-5.930266308E-71)
COSET 15 c=33 d=4 gcd=33 a0=(761348.0000,-761348.0000) 
rho=(-0.2500000000,-0.2500000000) contrib=(-380674.0000,-1.419894300E-70)
COSET 15 c=33 d=7 gcd=33 a0=(-761348.0000,761348.0000) 
rho=(0.2500000000,0.2500000000) contrib=(-380674.0000,4.958172695E-71)
COSET 15 c=44 d=1 gcd=44 a0=(-4744998.000,1.154880470E-68) 
rho=(-5.520278196E-80,1.993433793E-80) contrib=(2.619370900E-73,-9.458839361E-7\
4)
COSET 15 c=44 d=3 gcd=44 a0=(2.517433166E-68,-4744998.000) 
rho=(-8.916947779E-81,4.276366487E-81) contrib=(2.029135043E-74,4.231089937E-74\
)
COSET 15 c=44 d=5 gcd=44 a0=(-4744998.000,8.581701006E-69) 
rho=(1.517437583E-80,-7.060078016E-81) contrib=(-7.200238295E-74,3.350005607E-7\
4)
