BASE 10 7  M = 140  ds = [ 1, 2, 4, 5, 7, 10, 14, 20, 28, 35, 70, 140 ]
#isotropic = 13 (2N-1 = 13)
#cosets = 288
#monomials = 144
a0 table built
FORM -2:
  c_eta(0)[1] (trivial) = -2.42715658425E-70 + -7.60840574698E-71 i   (half: 
-1.21357829213E-70)
  c_eta(0)[2] = -8.00000000000 + -7.42358246275E-71 i   (half: -4.00000000000)
  c_eta(0)[3] = -8.00000000000 + -7.42358245865E-71 i   (half: -4.00000000000)
  c_eta(0)[4] = -8.00000000000 + -7.42358245691E-71 i   (half: -4.00000000000)
  c_eta(0)[5] = -8.00000000000 + -7.42358245673E-71 i   (half: -4.00000000000)
  c_eta(0)[6] = -8.00000000000 + -7.42358245772E-71 i   (half: -4.00000000000)
  c_eta(0)[7] = -8.00000000000 + -7.42358245616E-71 i   (half: -4.00000000000)
  c_eta(0)[8] = -8.00000000000 + -7.42358245914E-71 i   (half: -4.00000000000)
  c_eta(0)[9] = -8.00000000000 + -7.42358245628E-71 i   (half: -4.00000000000)
  c_eta(0)[10] = -8.00000000000 + -7.42358245422E-71 i   (half: -4.00000000000)
  c_eta(0)[11] = -8.00000000000 + -7.42358245504E-71 i   (half: -4.00000000000)
  c_eta(0)[12] = -8.00000000000 + -7.42358245525E-71 i   (half: -4.00000000000)
  c_eta(0)[13] = -8.00000000000 + -7.42358245592E-71 i   (half: -4.00000000000)
COSET -2 c=1 d=0 gcd=1 a0=(-3.000000000,3.000000000) 
rho=(0.007142857143,0.007142857143) contrib=(-0.04285714286,1.367980367E-71)
COSET -2 c=1 d=1 gcd=1 a0=(-3.000000000,3.000000000) 
rho=(0.007142857143,0.007142857143) contrib=(-0.04285714286,4.711213080E-76)
COSET -2 c=1 d=2 gcd=1 a0=(-3.000000000,3.000000000) 
rho=(0.007142857143,0.007142857143) contrib=(-0.04285714286,-5.491581511E-78)
COSET -2 c=1 d=3 gcd=1 a0=(-3.000000000,3.000000000) 
rho=(0.007142857143,0.007142857143) contrib=(-0.04285714286,-4.920495588E-79)
COSET -2 c=1 d=4 gcd=1 a0=(-3.000000000,3.000000000) 
rho=(0.007142857143,0.007142857143) contrib=(-0.04285714286,3.549407445E-79)
COSET -2 c=1 d=5 gcd=1 a0=(-3.000000000,3.000000000) 
rho=(0.007142857143,0.007142857143) contrib=(-0.04285714286,-6.628934067E-79)
COSET -2 c=1 d=6 gcd=1 a0=(-3.000000000,3.000000000) 
rho=(0.007142857143,0.007142857143) contrib=(-0.04285714286,-3.462660216E-79)
COSET -2 c=1 d=7 gcd=1 a0=(-3.000000000,3.000000000) 
rho=(0.007142857143,0.007142857143) contrib=(-0.04285714286,3.012056555E-80)
COSET -2 c=1 d=8 gcd=1 a0=(-3.000000000,3.000000000) 
rho=(0.007142857143,0.007142857143) contrib=(-0.04285714286,1.325304884E-80)
COSET -2 c=1 d=9 gcd=1 a0=(-3.000000000,3.000000000) 
rho=(0.007142857143,0.007142857143) contrib=(-0.04285714286,2.086752781E-79)
COSET -2 c=1 d=10 gcd=1 a0=(-3.000000000,3.000000000) 
rho=(0.007142857143,0.007142857143) contrib=(-0.04285714286,3.339768309E-79)
COSET -2 c=1 d=11 gcd=1 a0=(-3.000000000,3.000000000) 
rho=(0.007142857143,0.007142857143) contrib=(-0.04285714286,7.927732854E-80)
COSET -2 c=1 d=12 gcd=1 a0=(-3.000000000,3.000000000) 
rho=(0.007142857143,0.007142857143) contrib=(-0.04285714286,-4.674711773E-80)
COSET -2 c=1 d=13 gcd=1 a0=(-3.000000000,3.000000000) 
rho=(0.007142857143,0.007142857143) contrib=(-0.04285714286,1.060243907E-80)
COSET -2 c=1 d=14 gcd=1 a0=(-3.000000000,3.000000000) 
rho=(0.007142857143,0.007142857143) contrib=(-0.04285714286,2.481934601E-80)
COSET -2 c=1 d=15 gcd=1 a0=(-3.000000000,3.000000000) 
rho=(0.007142857143,0.007142857143) contrib=(-0.04285714286,1.332533820E-79)
COSET -2 c=1 d=16 gcd=1 a0=(-3.000000000,3.000000000) 
rho=(0.007142857143,0.007142857143) contrib=(-0.04285714286,-7.469900257E-81)
COSET -2 c=1 d=17 gcd=1 a0=(-3.000000000,3.000000000) 
rho=(0.007142857143,0.007142857143) contrib=(-0.04285714286,-2.650609769E-80)
COSET -2 c=1 d=18 gcd=1 a0=(-3.000000000,3.000000000) 
rho=(0.007142857143,0.007142857143) contrib=(-0.04285714286,2.416874180E-79)
COSET -2 c=1 d=19 gcd=1 a0=(-3.000000000,3.000000000) 
rho=(0.007142857143,0.007142857143) contrib=(-0.04285714286,-1.115665748E-79)
COSET -2 c=1 d=20 gcd=1 a0=(-3.000000000,3.000000000) 
rho=(0.007142857143,0.007142857143) contrib=(-0.04285714286,5.975920206E-79)
COSET -2 c=1 d=21 gcd=1 a0=(-3.000000000,3.000000000) 
rho=(0.007142857143,0.007142857143) contrib=(-0.04285714286,6.932549368E-79)
COSET -2 c=1 d=22 gcd=1 a0=(-3.000000000,3.000000000) 
rho=(0.007142857143,0.007142857143) contrib=(-0.04285714286,7.180742828E-80)
COSET -2 c=1 d=23 gcd=1 a0=(-3.000000000,3.000000000) 
rho=(0.007142857143,0.007142857143) contrib=(-0.04285714286,-1.359039918E-79)
COSET -2 c=1 d=24 gcd=1 a0=(-3.000000000,3.000000000) 
rho=(0.007142857143,0.007142857143) contrib=(-0.04285714286,-4.785555455E-79)
COSET -2 c=1 d=25 gcd=1 a0=(-3.000000000,3.000000000) 
rho=(0.007142857143,0.007142857143) contrib=(-0.04285714286,2.628922961E-79)
COSET -2 c=1 d=26 gcd=1 a0=(-3.000000000,3.000000000) 
rho=(0.007142857143,0.007142857143) contrib=(-0.04285714286,-2.602416864E-80)
COSET -2 c=1 d=27 gcd=1 a0=(-3.000000000,3.000000000) 
rho=(0.007142857143,0.007142857143) contrib=(-0.04285714286,4.498807671E-79)
COSET -2 c=1 d=28 gcd=1 a0=(-3.000000000,3.000000000) 
rho=(0.007142857143,0.007142857143) contrib=(-0.04285714286,1.944583712E-79)
COSET -2 c=1 d=29 gcd=1 a0=(-3.000000000,3.000000000) 
rho=(0.007142857143,0.007142857143) contrib=(-0.04285714286,-3.414467311E-79)
COSET -2 c=1 d=30 gcd=1 a0=(-3.000000000,3.000000000) 
rho=(0.007142857143,0.007142857143) contrib=(-0.04285714286,4.720495033E-79)
COSET -2 c=1 d=31 gcd=1 a0=(-3.000000000,3.000000000) 
rho=(0.007142857143,0.007142857143) contrib=(-0.04285714286,-7.284357573E-79)
COSET -2 c=1 d=32 gcd=1 a0=(-3.000000000,3.000000000) 
rho=(0.007142857143,0.007142857143) contrib=(-0.04285714286,-4.322903568E-79)
COSET -2 c=1 d=33 gcd=1 a0=(-3.000000000,3.000000000) 
rho=(0.007142857143,0.007142857143) contrib=(-0.04285714286,1.132533265E-80)
COSET -2 c=1 d=34 gcd=1 a0=(-3.000000000,3.000000000) 
rho=(0.007142857143,0.007142857143) contrib=(-0.04285714286,-9.607255588E-79)
COSET -2 c=1 d=35 gcd=1 a0=(-3.000000000,3.000000000) 
rho=(0.007142857143,0.007142857143) contrib=(-0.04285714286,-1.291569851E-79)
COSET -2 c=1 d=36 gcd=1 a0=(-3.000000000,3.000000000) 
rho=(0.007142857143,0.007142857143) contrib=(-0.04285714286,2.424103116E-79)
COSET -2 c=1 d=37 gcd=1 a0=(-3.000000000,3.000000000) 
rho=(0.007142857143,0.007142857143) contrib=(-0.04285714286,-2.332536596E-79)
COSET -2 c=1 d=38 gcd=1 a0=(-3.000000000,3.000000000) 
rho=(0.007142857143,0.007142857143) contrib=(-0.04285714286,7.067489501E-79)
COSET -2 c=1 d=39 gcd=1 a0=(-3.000000000,3.000000000) 
rho=(0.007142857143,0.007142857143) contrib=(-0.04285714286,2.250367694E-78)
COSET -2 c=1 d=40 gcd=1 a0=(-3.000000000,3.000000000) 
rho=(0.007142857143,0.007142857143) contrib=(-0.04285714286,3.614467866E-81)
COSET -2 c=1 d=41 gcd=1 a0=(-3.000000000,3.000000000) 
rho=(0.007142857143,0.007142857143) contrib=(-0.04285714286,-1.349642301E-78)
COSET -2 c=1 d=42 gcd=1 a0=(-3.000000000,3.000000000) 
rho=(0.007142857143,0.007142857143) contrib=(-0.04285714286,5.301219537E-79)
COSET -2 c=1 d=43 gcd=1 a0=(-3.000000000,3.000000000) 
rho=(0.007142857143,0.007142857143) contrib=(-0.04285714286,1.395184596E-79)
COSET -2 c=1 d=44 gcd=1 a0=(-3.000000000,3.000000000) 
rho=(0.007142857143,0.007142857143) contrib=(-0.04285714286,9.375929645E-79)
COSET -2 c=1 d=45 gcd=1 a0=(-3.000000000,3.000000000) 
rho=(0.007142857143,0.007142857143) contrib=(-0.04285714286,6.212065439E-79)
COSET -2 c=1 d=46 gcd=1 a0=(-3.000000000,3.000000000) 
rho=(0.007142857143,0.007142857143) contrib=(-0.04285714286,-3.542178509E-80)
COSET -2 c=1 d=47 gcd=1 a0=(-3.000000000,3.000000000) 
rho=(0.007142857143,0.007142857143) contrib=(-0.04285714286,9.759063239E-80)
COSET -2 c=1 d=48 gcd=1 a0=(-3.000000000,3.000000000) 
rho=(0.007142857143,0.007142857143) contrib=(-0.04285714286,-3.800010550E-79)
COSET -2 c=1 d=49 gcd=1 a0=(-3.000000000,3.000000000) 
rho=(0.007142857143,0.007142857143) contrib=(-0.04285714286,6.990380853E-79)
COSET -2 c=1 d=50 gcd=1 a0=(-3.000000000,3.000000000) 
rho=(0.007142857143,0.007142857143) contrib=(-0.04285714286,3.821697357E-79)
COSET -2 c=1 d=51 gcd=1 a0=(-3.000000000,3.000000000) 
rho=(0.007142857143,0.007142857143) contrib=(-0.04285714286,2.080487704E-78)
COSET -2 c=1 d=52 gcd=1 a0=(-3.000000000,3.000000000) 
rho=(0.007142857143,0.007142857143) contrib=(-0.04285714286,3.021695136E-79)
COSET -2 c=1 d=53 gcd=1 a0=(-3.000000000,3.000000000) 
rho=(0.007142857143,0.007142857143) contrib=(-0.04285714286,-6.747006684E-81)
COSET -2 c=1 d=54 gcd=1 a0=(-3.000000000,3.000000000) 
rho=(0.007142857143,0.007142857143) contrib=(-0.04285714286,4.616880288E-79)
COSET -2 c=1 d=55 gcd=1 a0=(-3.000000000,3.000000000) 
rho=(0.007142857143,0.007142857143) contrib=(-0.04285714286,-5.992787722E-79)
COSET -2 c=1 d=56 gcd=1 a0=(-3.000000000,3.000000000) 
rho=(0.007142857143,0.007142857143) contrib=(-0.04285714286,-9.691593172E-79)
COSET -2 c=1 d=57 gcd=1 a0=(-3.000000000,3.000000000) 
rho=(0.007142857143,0.007142857143) contrib=(-0.04285714286,4.477120864E-79)
COSET -2 c=1 d=58 gcd=1 a0=(-3.000000000,3.000000000) 
rho=(0.007142857143,0.007142857143) contrib=(-0.04285714286,-2.440970632E-78)
COSET -2 c=1 d=59 gcd=1 a0=(-3.000000000,3.000000000) 
rho=(0.007142857143,0.007142857143) contrib=(-0.04285714286,3.267478951E-78)
COSET -2 c=1 d=60 gcd=1 a0=(-3.000000000,3.000000000) 
rho=(0.007142857143,0.007142857143) contrib=(-0.04285714286,2.933984049E-78)
COSET -2 c=1 d=61 gcd=1 a0=(-3.000000000,3.000000000) 
rho=(0.007142857143,0.007142857143) contrib=(-0.04285714286,-1.076388531E-78)
COSET -2 c=1 d=62 gcd=1 a0=(-3.000000000,3.000000000) 
rho=(0.007142857143,0.007142857143) contrib=(-0.04285714286,9.802436853E-79)
COSET -2 c=1 d=63 gcd=1 a0=(-3.000000000,3.000000000) 
rho=(0.007142857143,0.007142857143) contrib=(-0.04285714286,-7.831347043E-80)
COSET -2 c=1 d=64 gcd=1 a0=(-3.000000000,3.000000000) 
rho=(0.007142857143,0.007142857143) contrib=(-0.04285714286,-8.469903033E-79)
COSET -2 c=1 d=65 gcd=1 a0=(-3.000000000,3.000000000) 
rho=(0.007142857143,0.007142857143) contrib=(-0.04285714286,-3.638564319E-79)
COSET -2 c=1 d=66 gcd=1 a0=(-3.000000000,3.000000000) 
rho=(0.007142857143,0.007142857143) contrib=(-0.04285714286,9.277134190E-79)
COSET -2 c=1 d=67 gcd=1 a0=(-3.000000000,3.000000000) 
rho=(0.007142857143,0.007142857143) contrib=(-0.04285714286,-8.884362015E-79)
COSET -2 c=1 d=68 gcd=1 a0=(-3.000000000,3.000000000) 
rho=(0.007142857143,0.007142857143) contrib=(-0.04285714286,1.207473232E-78)
COSET -2 c=1 d=69 gcd=1 a0=(-3.000000000,3.000000000) 
rho=(0.007142857143,0.007142857143) contrib=(-0.04285714286,7.262670766E-79)
COSET -2 c=1 d=70 gcd=1 a0=(-3.000000000,3.000000000) 
rho=(0.007142857143,0.007142857143) contrib=(-0.04285714286,-3.690371692E-77)
COSET -2 c=1 d=71 gcd=1 a0=(-3.000000000,3.000000000) 
rho=(0.007142857143,0.007142857143) contrib=(-0.04285714286,-2.128680609E-78)
COSET -2 c=1 d=72 gcd=1 a0=(-3.000000000,3.000000000) 
rho=(0.007142857143,0.007142857143) contrib=(-0.04285714286,-9.424122550E-79)
COSET -2 c=1 d=73 gcd=1 a0=(-3.000000000,3.000000000) 
rho=(0.007142857143,0.007142857143) contrib=(-0.04285714286,-4.238565984E-79)
COSET -2 c=1 d=74 gcd=1 a0=(-3.000000000,3.000000000) 
rho=(0.007142857143,0.007142857143) contrib=(-0.04285714286,3.219045082E-78)
COSET -2 c=1 d=75 gcd=1 a0=(-3.000000000,3.000000000) 
rho=(0.007142857143,0.007142857143) contrib=(-0.04285714286,-2.756875124E-78)
COSET -2 c=1 d=76 gcd=1 a0=(-3.000000000,3.000000000) 
rho=(0.007142857143,0.007142857143) contrib=(-0.04285714286,-8.609662458E-79)
COSET -2 c=1 d=77 gcd=1 a0=(-3.000000000,3.000000000) 
rho=(0.007142857143,0.007142857143) contrib=(-0.04285714286,-3.221695691E-79)
COSET -2 c=1 d=78 gcd=1 a0=(-3.000000000,3.000000000) 
rho=(0.007142857143,0.007142857143) contrib=(-0.04285714286,-8.363878642E-79)
COSET -2 c=1 d=79 gcd=1 a0=(-3.000000000,3.000000000) 
rho=(0.007142857143,0.007142857143) contrib=(-0.04285714286,3.274707887E-78)
COSET -2 c=1 d=80 gcd=1 a0=(-3.000000000,3.000000000) 
rho=(0.007142857143,0.007142857143) contrib=(-0.04285714286,-1.280003554E-78)
COSET -2 c=1 d=81 gcd=1 a0=(-3.000000000,3.000000000) 
rho=(0.007142857143,0.007142857143) contrib=(-0.04285714286,-2.062656329E-79)
COSET -2 c=1 d=82 gcd=1 a0=(-3.000000000,3.000000000) 
rho=(0.007142857143,0.007142857143) contrib=(-0.04285714286,-2.209644689E-79)
COSET -2 c=1 d=83 gcd=1 a0=(-3.000000000,3.000000000) 
rho=(0.007142857143,0.007142857143) contrib=(-0.04285714286,1.340967578E-78)
COSET -2 c=1 d=84 gcd=1 a0=(-3.000000000,3.000000000) 
rho=(0.007142857143,0.007142857143) contrib=(-0.04285714286,4.433747249E-79)
COSET -2 c=1 d=85 gcd=1 a0=(-3.000000000,3.000000000) 
rho=(0.007142857143,0.007142857143) contrib=(-0.04285714286,1.846270186E-78)
COSET -2 c=1 d=86 gcd=1 a0=(-3.000000000,3.000000000) 
rho=(0.007142857143,0.007142857143) contrib=(-0.04285714286,2.255427949E-79)
COSET -2 c=1 d=87 gcd=1 a0=(-3.000000000,3.000000000) 
rho=(0.007142857143,0.007142857143) contrib=(-0.04285714286,-1.979764533E-78)
COSET -2 c=1 d=88 gcd=1 a0=(-3.000000000,3.000000000) 
rho=(0.007142857143,0.007142857143) contrib=(-0.04285714286,4.431096639E-78)
COSET -2 c=1 d=89 gcd=1 a0=(-3.000000000,3.000000000) 
rho=(0.007142857143,0.007142857143) contrib=(-0.04285714286,-5.927727301E-80)
COSET -2 c=1 d=90 gcd=1 a0=(-3.000000000,3.000000000) 
rho=(0.007142857143,0.007142857143) contrib=(-0.04285714286,-2.558320356E-78)
COSET -2 c=1 d=91 gcd=1 a0=(-3.000000000,3.000000000) 
rho=(0.007142857143,0.007142857143) contrib=(-0.04285714286,3.928203677E-78)
COSET -2 c=1 d=92 gcd=1 a0=(-3.000000000,3.000000000) 
rho=(0.007142857143,0.007142857143) contrib=(-0.04285714286,-2.629886820E-78)
COSET -2 c=1 d=93 gcd=1 a0=(-3.000000000,3.000000000) 
rho=(0.007142857143,0.007142857143) contrib=(-0.04285714286,-1.451811260E-78)
COSET -2 c=1 d=94 gcd=1 a0=(-3.000000000,3.000000000) 
rho=(0.007142857143,0.007142857143) contrib=(-0.04285714286,3.527479673E-78)
COSET -2 c=1 d=95 gcd=1 a0=(-3.000000000,3.000000000) 
rho=(0.007142857143,0.007142857143) contrib=(-0.04285714286,6.530138611E-79)
COSET -2 c=1 d=96 gcd=1 a0=(-3.000000000,3.000000000) 
rho=(0.007142857143,0.007142857143) contrib=(-0.04285714286,-3.660733055E-78)
COSET -2 c=1 d=97 gcd=1 a0=(-3.000000000,3.000000000) 
rho=(0.007142857143,0.007142857143) contrib=(-0.04285714286,7.655442941E-79)
COSET -2 c=1 d=98 gcd=1 a0=(-3.000000000,3.000000000) 
rho=(0.007142857143,0.007142857143) contrib=(-0.04285714286,1.881932936E-78)
COSET -2 c=1 d=99 gcd=1 a0=(-3.000000000,3.000000000) 
rho=(0.007142857143,0.007142857143) contrib=(-0.04285714286,4.520735443E-78)
COSET -2 c=1 d=100 gcd=1 a0=(-3.000000000,3.000000000) 
rho=(0.007142857143,0.007142857143) contrib=(-0.04285714286,1.153352600E-77)
COSET -2 c=1 d=101 gcd=1 a0=(-3.000000000,3.000000000) 
rho=(0.007142857143,0.007142857143) contrib=(-0.04285714286,-1.716872236E-78)
COSET -2 c=1 d=102 gcd=1 a0=(-3.000000000,3.000000000) 
rho=(0.007142857143,0.007142857143) contrib=(-0.04285714286,-2.857839260E-78)
COSET -2 c=1 d=103 gcd=1 a0=(-3.000000000,3.000000000) 
rho=(0.007142857143,0.007142857143) contrib=(-0.04285714286,1.368678499E-78)
COSET -2 c=1 d=104 gcd=1 a0=(-3.000000000,3.000000000) 
rho=(0.007142857143,0.007142857143) contrib=(-0.04285714286,5.029170589E-78)
COSET -2 c=1 d=105 gcd=1 a0=(-3.000000000,3.000000000) 
rho=(0.007142857143,0.007142857143) contrib=(-0.04285714286,-5.736160504E-78)
COSET -2 c=1 d=106 gcd=1 a0=(-3.000000000,3.000000000) 
rho=(0.007142857143,0.007142857143) contrib=(-0.04285714286,-4.072300463E-79)
COSET -2 c=1 d=107 gcd=1 a0=(-3.000000000,3.000000000) 
rho=(0.007142857143,0.007142857143) contrib=(-0.04285714286,-6.915681851E-80)
COSET -2 c=1 d=108 gcd=1 a0=(-3.000000000,3.000000000) 
rho=(0.007142857143,0.007142857143) contrib=(-0.04285714286,5.876883786E-78)
COSET -2 c=1 d=109 gcd=1 a0=(-3.000000000,3.000000000) 
rho=(0.007142857143,0.007142857143) contrib=(-0.04285714286,1.592269481E-77)
COSET -2 c=1 d=110 gcd=1 a0=(-3.000000000,3.000000000) 
rho=(0.007142857143,0.007142857143) contrib=(-0.04285714286,-6.974959124E-78)
COSET -2 c=1 d=111 gcd=1 a0=(-3.000000000,3.000000000) 
rho=(0.007142857143,0.007142857143) contrib=(-0.04285714286,-1.189424989E-77)
COSET -2 c=1 d=112 gcd=1 a0=(-3.000000000,3.000000000) 
rho=(0.007142857143,0.007142857143) contrib=(-0.04285714286,-4.718808282E-78)
COSET -2 c=1 d=113 gcd=1 a0=(-3.000000000,3.000000000) 
rho=(0.007142857143,0.007142857143) contrib=(-0.04285714286,-3.524588099E-78)
COSET -2 c=1 d=114 gcd=1 a0=(-3.000000000,3.000000000) 
rho=(0.007142857143,0.007142857143) contrib=(-0.04285714286,4.371096473E-79)
COSET -2 c=1 d=115 gcd=1 a0=(-3.000000000,3.000000000) 
rho=(0.007142857143,0.007142857143) contrib=(-0.04285714286,2.823863262E-78)
COSET -2 c=1 d=116 gcd=1 a0=(-3.000000000,3.000000000) 
rho=(0.007142857143,0.007142857143) contrib=(-0.04285714286,5.159291432E-78)
COSET -2 c=1 d=117 gcd=1 a0=(-3.000000000,3.000000000) 
rho=(0.007142857143,0.007142857143) contrib=(-0.04285714286,6.501222869E-79)
COSET -2 c=1 d=118 gcd=1 a0=(-3.000000000,3.000000000) 
rho=(0.007142857143,0.007142857143) contrib=(-0.04285714286,-1.382654441E-78)
COSET -2 c=1 d=119 gcd=1 a0=(-3.000000000,3.000000000) 
rho=(0.007142857143,0.007142857143) contrib=(-0.04285714286,-6.588452027E-78)
COSET -2 c=1 d=120 gcd=1 a0=(-3.000000000,3.000000000) 
rho=(0.007142857143,0.007142857143) contrib=(-0.04285714286,1.155665859E-78)
COSET -2 c=1 d=121 gcd=1 a0=(-3.000000000,3.000000000) 
rho=(0.007142857143,0.007142857143) contrib=(-0.04285714286,1.319979568E-77)
COSET -2 c=1 d=122 gcd=1 a0=(-3.000000000,3.000000000) 
rho=(0.007142857143,0.007142857143) contrib=(-0.04285714286,-1.058557156E-78)
COSET -2 c=1 d=123 gcd=1 a0=(-3.000000000,3.000000000) 
rho=(0.007142857143,0.007142857143) contrib=(-0.04285714286,1.006749783E-78)
COSET -2 c=1 d=124 gcd=1 a0=(-3.000000000,3.000000000) 
rho=(0.007142857143,0.007142857143) contrib=(-0.04285714286,2.048198457E-78)
COSET -2 c=1 d=125 gcd=1 a0=(-3.000000000,3.000000000) 
rho=(0.007142857143,0.007142857143) contrib=(-0.04285714286,-6.339535673E-78)
COSET -2 c=1 d=126 gcd=1 a0=(-3.000000000,3.000000000) 
rho=(0.007142857143,0.007142857143) contrib=(-0.04285714286,-4.416397804E-78)
COSET -2 c=1 d=127 gcd=1 a0=(-3.000000000,3.000000000) 
rho=(0.007142857143,0.007142857143) contrib=(-0.04285714286,1.216870848E-78)
COSET -2 c=1 d=128 gcd=1 a0=(-3.000000000,3.000000000) 
rho=(0.007142857143,0.007142857143) contrib=(-0.04285714286,9.175929090E-79)
COSET -2 c=1 d=129 gcd=1 a0=(-3.000000000,3.000000000) 
rho=(0.007142857143,0.007142857143) contrib=(-0.04285714286,1.210027456E-77)
COSET -2 c=1 d=130 gcd=1 a0=(-3.000000000,3.000000000) 
rho=(0.007142857143,0.007142857143) contrib=(-0.04285714286,-4.646759889E-78)
COSET -2 c=1 d=131 gcd=1 a0=(-3.000000000,3.000000000) 
rho=(0.007142857143,0.007142857143) contrib=(-0.04285714286,8.783397879E-78)
COSET -2 c=1 d=132 gcd=1 a0=(-3.000000000,3.000000000) 
rho=(0.007142857143,0.007142857143) contrib=(-0.04285714286,-3.507479617E-78)
COSET -2 c=1 d=133 gcd=1 a0=(-3.000000000,3.000000000) 
rho=(0.007142857143,0.007142857143) contrib=(-0.04285714286,1.387714696E-78)
COSET -2 c=1 d=134 gcd=1 a0=(-3.000000000,3.000000000) 
rho=(0.007142857143,0.007142857143) contrib=(-0.04285714286,-8.100504417E-78)
COSET -2 c=1 d=135 gcd=1 a0=(-3.000000000,3.000000000) 
rho=(0.007142857143,0.007142857143) contrib=(-0.04285714286,5.080496033E-78)
COSET -2 c=1 d=136 gcd=1 a0=(-3.000000000,3.000000000) 
rho=(0.007142857143,0.007142857143) contrib=(-0.04285714286,-8.778337625E-79)
COSET -2 c=1 d=137 gcd=1 a0=(-3.000000000,3.000000000) 
rho=(0.007142857143,0.007142857143) contrib=(-0.04285714286,3.471334939E-78)
COSET -2 c=1 d=138 gcd=1 a0=(-3.000000000,3.000000000) 
rho=(0.007142857143,0.007142857143) contrib=(-0.04285714286,-3.313045343E-77)
COSET -2 c=1 d=139 gcd=1 a0=(-3.000000000,3.000000000) 
rho=(0.007142857143,0.007142857143) contrib=(-0.04285714286,-1.792703240E-72)
COSET -2 c=4 d=1 gcd=4 a0=(2.000000000,9.356467706E-72) 
rho=(0.02857142857,-2.409645244E-81) contrib=(0.05714285714,2.673276439E-73)
COSET -2 c=4 d=3 gcd=4 a0=(-1.592146383E-71,2.000000000) 
rho=(3.855432391E-81,-0.02857142857) contrib=(0.05714285714,4.548989742E-73)
COSET -2 c=4 d=5 gcd=4 a0=(2.000000000,2.189083630E-71) 
rho=(0.02857142857,-2.409645244E-81) contrib=(0.05714285714,6.254524608E-73)
COSET -2 c=4 d=7 gcd=4 a0=(-3.360690478E-71,2.000000000) 
rho=(3.855432391E-81,-0.02857142857) contrib=(0.05714285714,9.601972872E-73)
COSET -2 c=4 d=9 gcd=4 a0=(2.000000000,-7.286739201E-72) 
rho=(0.02857142857,-2.409645244E-81) contrib=(0.05714285714,-2.081925534E-73)
COSET -2 c=4 d=11 gcd=4 a0=(1.564803943E-71,2.000000000) 
rho=(3.855432391E-81,-0.02857142857) contrib=(0.05714285714,-4.470868332E-73)
COSET -2 c=4 d=13 gcd=4 a0=(2.000000000,-4.396462679E-71) 
rho=(0.02857142857,-2.409645244E-81) contrib=(0.05714285714,-1.256132199E-72)
COSET -2 c=4 d=15 gcd=4 a0=(6.531644235E-71,2.000000000) 
rho=(3.855432391E-81,-0.02857142857) contrib=(0.05714285714,-1.866184059E-72)
COSET -2 c=4 d=17 gcd=4 a0=(2.000000000,-1.756282747E-71) 
rho=(0.02857142857,-2.409645244E-81) contrib=(0.05714285714,-5.017950753E-73)
COSET -2 c=4 d=19 gcd=4 a0=(2.771243830E-72,2.000000000) 
rho=(3.855432391E-81,-0.02857142857) contrib=(0.05714285714,-7.917838743E-74)
COSET -2 c=4 d=21 gcd=4 a0=(2.000000000,-4.253908915E-71) 
rho=(0.02857142857,-2.409645244E-81) contrib=(0.05714285714,-1.215402552E-72)
COSET -2 c=4 d=23 gcd=4 a0=(-7.544569549E-71,2.000000000) 
rho=(3.855432391E-81,-0.02857142857) contrib=(0.05714285714,2.155591307E-72)
COSET -2 c=4 d=25 gcd=4 a0=(2.000000000,-4.608288627E-71) 
rho=(0.02857142857,-2.409645244E-81) contrib=(0.05714285714,-1.316653898E-72)
COSET -2 c=4 d=27 gcd=4 a0=(1.452525708E-70,2.000000000) 
rho=(3.855432391E-81,-0.02857142857) contrib=(0.05714285714,-4.150073444E-72)
COSET -2 c=4 d=29 gcd=4 a0=(2.000000000,-4.576232070E-70) 
rho=(0.02857142857,-2.409645244E-81) contrib=(0.05714285714,-1.307494878E-71)
COSET -2 c=4 d=31 gcd=4 a0=(-8.872903669E-71,2.000000000) 
rho=(3.855432391E-81,-0.02857142857) contrib=(0.05714285714,2.535115341E-72)
COSET -2 c=4 d=33 gcd=4 a0=(2.000000000,-2.882804114E-69) 
rho=(0.02857142857,-2.409645244E-81) contrib=(0.05714285714,-8.236583184E-71)
COSET -2 c=4 d=35 gcd=4 a0=(-7.965087067E-71,2.000000000) 
rho=(3.855432391E-81,-0.02857142857) contrib=(0.05714285714,2.275739170E-72)
COSET -2 c=4 d=37 gcd=4 a0=(2.000000000,-9.798124760E-71) 
rho=(0.02857142857,-2.409645244E-81) contrib=(0.05714285714,-2.799464222E-72)
COSET -2 c=4 d=39 gcd=4 a0=(1.022013557E-70,2.000000000) 
rho=(3.855432391E-81,-0.02857142857) contrib=(0.05714285714,-2.920038725E-72)
COSET -2 c=4 d=41 gcd=4 a0=(2.000000000,4.336075165E-70) 
rho=(0.02857142857,-2.409645244E-81) contrib=(0.05714285714,1.238878618E-71)
COSET -2 c=4 d=43 gcd=4 a0=(2.539217096E-70,2.000000000) 
rho=(3.855432391E-81,-0.02857142857) contrib=(0.05714285714,-7.254905981E-72)
COSET -2 c=4 d=45 gcd=4 a0=(2.000000000,-1.609100788E-70) 
rho=(0.02857142857,-2.409645244E-81) contrib=(0.05714285714,-4.597430829E-72)
COSET -2 c=4 d=47 gcd=4 a0=(1.194289056E-70,2.000000000) 
rho=(3.855432391E-81,-0.02857142857) contrib=(0.05714285714,-3.412254438E-72)
COSET -2 c=4 d=49 gcd=4 a0=(2.000000000,-6.245735305E-70) 
rho=(0.02857142857,-2.409645244E-81) contrib=(0.05714285714,-1.784495802E-71)
COSET -2 c=4 d=51 gcd=4 a0=(2.853512419E-71,2.000000000) 
rho=(3.855432391E-81,-0.02857142857) contrib=(0.05714285714,-8.152892549E-73)
COSET -2 c=4 d=53 gcd=4 a0=(2.000000000,-5.464396796E-70) 
rho=(0.02857142857,-2.409645244E-81) contrib=(0.05714285714,-1.561256228E-71)
COSET -2 c=4 d=55 gcd=4 a0=(3.225979695E-70,2.000000000) 
rho=(3.855432391E-81,-0.02857142857) contrib=(0.05714285714,-9.217084834E-72)
COSET -2 c=4 d=57 gcd=4 a0=(2.000000000,-4.748148989E-70) 
rho=(0.02857142857,-2.409645244E-81) contrib=(0.05714285714,-1.356613997E-71)
COSET -2 c=4 d=59 gcd=4 a0=(-5.486425262E-71,2.000000000) 
rho=(3.855432391E-81,-0.02857142857) contrib=(0.05714285714,1.567550083E-72)
COSET -2 c=4 d=61 gcd=4 a0=(2.000000000,8.659566672E-71) 
rho=(0.02857142857,-2.409645244E-81) contrib=(0.05714285714,2.474161902E-72)
COSET -2 c=4 d=63 gcd=4 a0=(6.855140917E-70,2.000000000) 
rho=(3.855432391E-81,-0.02857142857) contrib=(0.05714285714,-1.958611690E-71)
COSET -2 c=4 d=65 gcd=4 a0=(2.000000000,-1.657234397E-70) 
rho=(0.02857142857,-2.409645244E-81) contrib=(0.05714285714,-4.734955425E-72)
COSET -2 c=4 d=67 gcd=4 a0=(-5.382750832E-71,2.000000000) 
rho=(3.855432391E-81,-0.02857142857) contrib=(0.05714285714,1.537928817E-72)
COSET -2 c=4 d=69 gcd=4 a0=(2.000000000,4.708240749E-70) 
rho=(0.02857142857,-2.409645244E-81) contrib=(0.05714285714,1.345211642E-71)
COSET -2 c=7 d=1 gcd=7 a0=(1.000000000,1.000000000) 
rho=(-5.805268376E-82,1.302243826E-81) contrib=(-1.882770664E-81,7.217169887E-8\
2)
COSET -2 c=7 d=2 gcd=7 a0=(1.000000000,1.000000000) 
rho=(1.082988338E-81,1.074172843E-81) contrib=(8.815495229E-84,2.157161180E-81)
COSET -2 c=7 d=3 gcd=7 a0=(1.000000000,1.000000000) 
rho=(-2.263170400E-81,-2.783299996E-82) contrib=(-1.984840400E-81,-2.541500399E\
-81)
COSET -2 c=7 d=4 gcd=7 a0=(1.000000000,1.000000000) 
rho=(2.758838011E-82,2.979771173E-81) contrib=(-2.703887372E-81,3.255654974E-81\
)
COSET -2 c=7 d=5 gcd=7 a0=(-1.000000000,-1.000000000) 
rho=(1.333512021E-81,9.834758726E-83) contrib=(-1.235164433E-81,-1.431859608E-8\
1)
COSET -2 c=7 d=6 gcd=7 a0=(1.000000000,1.000000000) 
rho=(-3.642705897E-82,2.895574681E-81) contrib=(-3.259845270E-81,2.531304091E-8\
1)
COSET -2 c=7 d=8 gcd=7 a0=(1.000000000,1.000000000) 
rho=(-5.805268376E-82,1.302243826E-81) contrib=(-1.882770664E-81,7.217169887E-8\
2)
COSET -2 c=7 d=9 gcd=7 a0=(1.000000000,1.000000000) 
rho=(1.082988338E-81,1.074172843E-81) contrib=(8.815495229E-84,2.157161180E-81)
COSET -2 c=7 d=10 gcd=7 a0=(1.000000000,1.000000000) 
rho=(-2.263170400E-81,-2.783299996E-82) contrib=(-1.984840400E-81,-2.541500399E\
-81)
COSET -2 c=7 d=11 gcd=7 a0=(1.000000000,1.000000000) 
rho=(2.758838011E-82,2.979771173E-81) contrib=(-2.703887372E-81,3.255654974E-81\
)
COSET -2 c=7 d=12 gcd=7 a0=(-1.000000000,-1.000000000) 
rho=(1.333512021E-81,9.834758726E-83) contrib=(-1.235164433E-81,-1.431859608E-8\
1)
COSET -2 c=7 d=13 gcd=7 a0=(1.000000000,1.000000000) 
rho=(-3.642705897E-82,2.895574681E-81) contrib=(-3.259845270E-81,2.531304091E-8\
1)
COSET -2 c=7 d=15 gcd=7 a0=(1.000000000,1.000000000) 
rho=(-5.805268376E-82,1.302243826E-81) contrib=(-1.882770664E-81,7.217169887E-8\
2)
COSET -2 c=7 d=16 gcd=7 a0=(1.000000000,1.000000000) 
rho=(1.082988338E-81,1.074172843E-81) contrib=(8.815495229E-84,2.157161180E-81)
COSET -2 c=7 d=17 gcd=7 a0=(1.000000000,1.000000000) 
rho=(-2.263170400E-81,-2.783299996E-82) contrib=(-1.984840400E-81,-2.541500399E\
-81)
COSET -2 c=7 d=18 gcd=7 a0=(1.000000000,1.000000000) 
rho=(2.758838011E-82,2.979771173E-81) contrib=(-2.703887372E-81,3.255654974E-81\
)
COSET -2 c=7 d=19 gcd=7 a0=(-1.000000000,-1.000000000) 
rho=(1.333512021E-81,9.834758726E-83) contrib=(-1.235164433E-81,-1.431859608E-8\
1)
COSET -2 c=7 d=20 gcd=7 a0=(1.000000000,1.000000000) 
rho=(-3.642705897E-82,2.895574681E-81) contrib=(-3.259845270E-81,2.531304091E-8\
1)
COSET -2 c=7 d=27 gcd=7 a0=(1.000000000,1.000000000) 
rho=(-3.642705897E-82,2.895574681E-81) contrib=(-3.259845270E-81,2.531304091E-8\
1)
COSET -2 c=7 d=34 gcd=7 a0=(1.000000000,1.000000000) 
rho=(-3.642705897E-82,2.895574681E-81) contrib=(-3.259845270E-81,2.531304091E-8\
1)
COSET -2 c=20 d=1 gcd=20 a0=(4.000000000,1.834904143E-72) 
rho=(-0.1428571429,2.602416864E-80) contrib=(-0.5714285714,-2.621290592E-73)
COSET -2 c=20 d=3 gcd=20 a0=(-2.154417268E-72,4.000000000) 
rho=(5.783148586E-81,0.1428571429) contrib=(-0.5714285714,-3.077738723E-73)
COSET -2 c=20 d=7 gcd=20 a0=(8.691305562E-73,4.000000000) 
rho=(7.710864781E-81,0.1428571429) contrib=(-0.5714285714,1.241615389E-73)
COSET -2 c=20 d=9 gcd=20 a0=(4.000000000,1.006096714E-72) 
rho=(-0.1428571429,-4.819290488E-81) contrib=(-0.5714285714,-1.437281213E-73)
COSET -2 c=20 d=11 gcd=20 a0=(-2.715815158E-72,-4.000000000) 
rho=(-1.927716195E-81,-0.1428571429) contrib=(-0.5714285714,3.879736017E-73)
COSET -2 c=20 d=13 gcd=20 a0=(4.000000000,-1.062847916E-72) 
rho=(-0.1428571429,-2.024102005E-80) contrib=(-0.5714285714,1.518353357E-73)
COSET -2 c=20 d=19 gcd=20 a0=(7.730668814E-73,4.000000000) 
rho=(-2.891574293E-80,0.1428571429) contrib=(-0.5714285714,1.104380102E-73)
COSET -2 c=28 d=1 gcd=28 a0=(6.000000000,7.552840357E-73) 
rho=(1.367850183E-80,7.240230945E-81) contrib=(8.207101099E-80,4.344138567E-80)
COSET -2 c=28 d=3 gcd=28 a0=(-4.001727387E-72,-6.000000000) 
rho=(4.785404852E-81,2.927342465E-81) contrib=(1.756405479E-80,-2.871242911E-80\
)
COSET -2 c=28 d=5 gcd=28 a0=(-6.000000000,-4.397075567E-72) 
rho=(5.628093312E-82,1.985504322E-81) contrib=(-3.376855987E-81,-1.191302593E-8\
0)
COSET -2 c=28 d=9 gcd=28 a0=(6.000000000,6.770936870E-73) 
rho=(3.714242240E-81,2.123499872E-81) contrib=(2.228545344E-80,1.274099923E-80)
COSET -2 c=28 d=17 gcd=28 a0=(6.000000000,6.238832501E-72) 
rho=(-5.075785929E-81,-2.558836170E-81) contrib=(-3.045471558E-80,-1.535301702E\
-80)
COSET -2 c=35 d=1 gcd=35 a0=(2.000000000,2.000000000) 
rho=(1.512617151E-80,-2.772974566E-81) contrib=(3.579829216E-80,2.470639389E-80\
)
COSET -2 c=35 d=2 gcd=35 a0=(-2.000000000,-2.000000000) 
rho=(5.161413766E-81,4.461858628E-81) contrib=(-1.399110276E-81,-1.924654479E-8\
0)
COSET -2 c=35 d=3 gcd=35 a0=(2.000000000,2.000000000) 
rho=(-3.915673522E-82,6.515454836E-81) contrib=(-1.381404438E-80,1.224777497E-8\
0)
COSET -2 c=35 d=4 gcd=35 a0=(2.000000000,2.000000000) 
rho=(-1.063161232E-81,-4.362753213E-81) contrib=(6.599183961E-81,-1.085182889E-\
80)
FORM -1:
  c_eta(0)[1] (trivial) = -1.52320109593E-70 + 6.71084848711E-72 i   (half: 
-7.61600547966E-71)
  c_eta(0)[2] = -6.00000000000 + 6.68218275608E-72 i   (half: -3.00000000000)
  c_eta(0)[3] = -6.00000000000 + 6.68218280031E-72 i   (half: -3.00000000000)
  c_eta(0)[4] = -6.00000000000 + 6.68218281341E-72 i   (half: -3.00000000000)
  c_eta(0)[5] = -6.00000000000 + 6.68218280255E-72 i   (half: -3.00000000000)
  c_eta(0)[6] = -6.00000000000 + 6.68218280404E-72 i   (half: -3.00000000000)
  c_eta(0)[7] = -6.00000000000 + 6.68218281089E-72 i   (half: -3.00000000000)
  c_eta(0)[8] = -6.00000000000 + 6.68218278361E-72 i   (half: -3.00000000000)
  c_eta(0)[9] = -6.00000000000 + 6.68218280787E-72 i   (half: -3.00000000000)
  c_eta(0)[10] = -6.00000000000 + 6.68218283442E-72 i   (half: -3.00000000000)
  c_eta(0)[11] = -6.00000000000 + 6.68218283455E-72 i   (half: -3.00000000000)
  c_eta(0)[12] = -6.00000000000 + 6.68218281643E-72 i   (half: -3.00000000000)
  c_eta(0)[13] = -6.00000000000 + 6.68218282220E-72 i   (half: -3.00000000000)
COSET -1 c=1 d=0 gcd=1 a0=(-2.000000000,2.000000000) 
rho=(0.007142857143,0.007142857143) contrib=(-0.02857142857,9.119869114E-72)
COSET -1 c=1 d=1 gcd=1 a0=(-2.000000000,2.000000000) 
rho=(0.007142857143,0.007142857143) contrib=(-0.02857142857,3.140807515E-76)
COSET -1 c=1 d=2 gcd=1 a0=(-2.000000000,2.000000000) 
rho=(0.007142857143,0.007142857143) contrib=(-0.02857142857,-3.660974019E-78)
COSET -1 c=1 d=3 gcd=1 a0=(-2.000000000,2.000000000) 
rho=(0.007142857143,0.007142857143) contrib=(-0.02857142857,-3.280732000E-79)
COSET -1 c=1 d=4 gcd=1 a0=(-2.000000000,2.000000000) 
rho=(0.007142857143,0.007142857143) contrib=(-0.02857142857,2.363861985E-79)
COSET -1 c=1 d=5 gcd=1 a0=(-2.000000000,2.000000000) 
rho=(0.007142857143,0.007142857143) contrib=(-0.02857142857,-4.420494201E-79)
COSET -1 c=1 d=6 gcd=1 a0=(-2.000000000,2.000000000) 
rho=(0.007142857143,0.007142857143) contrib=(-0.02857142857,-2.308440144E-79)
COSET -1 c=1 d=7 gcd=1 a0=(-2.000000000,2.000000000) 
rho=(0.007142857143,0.007142857143) contrib=(-0.02857142857,2.000005553E-80)
COSET -1 c=1 d=8 gcd=1 a0=(-2.000000000,2.000000000) 
rho=(0.007142857143,0.007142857143) contrib=(-0.02857142857,8.795205141E-81)
COSET -1 c=1 d=9 gcd=1 a0=(-2.000000000,2.000000000) 
rho=(0.007142857143,0.007142857143) contrib=(-0.02857142857,1.390365306E-79)
COSET -1 c=1 d=10 gcd=1 a0=(-2.000000000,2.000000000) 
rho=(0.007142857143,0.007142857143) contrib=(-0.02857142857,2.226512206E-79)
COSET -1 c=1 d=11 gcd=1 a0=(-2.000000000,2.000000000) 
rho=(0.007142857143,0.007142857143) contrib=(-0.02857142857,5.289171311E-80)
COSET -1 c=1 d=12 gcd=1 a0=(-2.000000000,2.000000000) 
rho=(0.007142857143,0.007142857143) contrib=(-0.02857142857,-3.108442365E-80)
COSET -1 c=1 d=13 gcd=1 a0=(-2.000000000,2.000000000) 
rho=(0.007142857143,0.007142857143) contrib=(-0.02857142857,6.747006684E-81)
COSET -1 c=1 d=14 gcd=1 a0=(-2.000000000,2.000000000) 
rho=(0.007142857143,0.007142857143) contrib=(-0.02857142857,1.638558766E-80)
COSET -1 c=1 d=15 gcd=1 a0=(-2.000000000,2.000000000) 
rho=(0.007142857143,0.007142857143) contrib=(-0.02857142857,8.891590951E-80)
COSET -1 c=1 d=16 gcd=1 a0=(-2.000000000,2.000000000) 
rho=(0.007142857143,0.007142857143) contrib=(-0.02857142857,-5.060255013E-81)
COSET -1 c=1 d=17 gcd=1 a0=(-2.000000000,2.000000000) 
rho=(0.007142857143,0.007142857143) contrib=(-0.02857142857,-1.771089255E-80)
COSET -1 c=1 d=18 gcd=1 a0=(-2.000000000,2.000000000) 
rho=(0.007142857143,0.007142857143) contrib=(-0.02857142857,1.610847846E-79)
COSET -1 c=1 d=19 gcd=1 a0=(-2.000000000,2.000000000) 
rho=(0.007142857143,0.007142857143) contrib=(-0.02857142857,-7.421707352E-80)
COSET -1 c=1 d=20 gcd=1 a0=(-2.000000000,2.000000000) 
rho=(0.007142857143,0.007142857143) contrib=(-0.02857142857,3.984348411E-79)
COSET -1 c=1 d=21 gcd=1 a0=(-2.000000000,2.000000000) 
rho=(0.007142857143,0.007142857143) contrib=(-0.02857142857,4.621699578E-79)
COSET -1 c=1 d=22 gcd=1 a0=(-2.000000000,2.000000000) 
rho=(0.007142857143,0.007142857143) contrib=(-0.02857142857,4.807242262E-80)
COSET -1 c=1 d=23 gcd=1 a0=(-2.000000000,2.000000000) 
rho=(0.007142857143,0.007142857143) contrib=(-0.02857142857,-9.060266118E-80)
COSET -1 c=1 d=24 gcd=1 a0=(-2.000000000,2.000000000) 
rho=(0.007142857143,0.007142857143) contrib=(-0.02857142857,-3.189165481E-79)
COSET -1 c=1 d=25 gcd=1 a0=(-2.000000000,2.000000000) 
rho=(0.007142857143,0.007142857143) contrib=(-0.02857142857,1.751812093E-79)
COSET -1 c=1 d=26 gcd=1 a0=(-2.000000000,2.000000000) 
rho=(0.007142857143,0.007142857143) contrib=(-0.02857142857,-1.734944576E-80)
COSET -1 c=1 d=27 gcd=1 a0=(-2.000000000,2.000000000) 
rho=(0.007142857143,0.007142857143) contrib=(-0.02857142857,3.000008329E-79)
COSET -1 c=1 d=28 gcd=1 a0=(-2.000000000,2.000000000) 
rho=(0.007142857143,0.007142857143) contrib=(-0.02857142857,1.296389141E-79)
COSET -1 c=1 d=29 gcd=1 a0=(-2.000000000,2.000000000) 
rho=(0.007142857143,0.007142857143) contrib=(-0.02857142857,-2.277114756E-79)
COSET -1 c=1 d=30 gcd=1 a0=(-2.000000000,2.000000000) 
rho=(0.007142857143,0.007142857143) contrib=(-0.02857142857,3.148201511E-79)
COSET -1 c=1 d=31 gcd=1 a0=(-2.000000000,2.000000000) 
rho=(0.007142857143,0.007142857143) contrib=(-0.02857142857,-4.855435167E-79)
COSET -1 c=1 d=32 gcd=1 a0=(-2.000000000,2.000000000) 
rho=(0.007142857143,0.007142857143) contrib=(-0.02857142857,-2.880730890E-79)
COSET -1 c=1 d=33 gcd=1 a0=(-2.000000000,2.000000000) 
rho=(0.007142857143,0.007142857143) contrib=(-0.02857142857,7.469900257E-81)
COSET -1 c=1 d=34 gcd=1 a0=(-2.000000000,2.000000000) 
rho=(0.007142857143,0.007142857143) contrib=(-0.02857142857,-6.404837059E-79)
COSET -1 c=1 d=35 gcd=1 a0=(-2.000000000,2.000000000) 
rho=(0.007142857143,0.007142857143) contrib=(-0.02857142857,-8.602433522E-80)
COSET -1 c=1 d=36 gcd=1 a0=(-2.000000000,2.000000000) 
rho=(0.007142857143,0.007142857143) contrib=(-0.02857142857,1.614462314E-79)
COSET -1 c=1 d=37 gcd=1 a0=(-2.000000000,2.000000000) 
rho=(0.007142857143,0.007142857143) contrib=(-0.02857142857,-1.556630828E-79)
COSET -1 c=1 d=38 gcd=1 a0=(-2.000000000,2.000000000) 
rho=(0.007142857143,0.007142857143) contrib=(-0.02857142857,4.713266098E-79)
COSET -1 c=1 d=39 gcd=1 a0=(-2.000000000,2.000000000) 
rho=(0.007142857143,0.007142857143) contrib=(-0.02857142857,1.500365611E-78)
COSET -1 c=1 d=40 gcd=1 a0=(-2.000000000,2.000000000) 
rho=(0.007142857143,0.007142857143) contrib=(-0.02857142857,2.168680720E-81)
COSET -1 c=1 d=41 gcd=1 a0=(-2.000000000,2.000000000) 
rho=(0.007142857143,0.007142857143) contrib=(-0.02857142857,-8.998820165E-79)
COSET -1 c=1 d=42 gcd=1 a0=(-2.000000000,2.000000000) 
rho=(0.007142857143,0.007142857143) contrib=(-0.02857142857,3.534949573E-79)
COSET -1 c=1 d=43 gcd=1 a0=(-2.000000000,2.000000000) 
rho=(0.007142857143,0.007142857143) contrib=(-0.02857142857,9.301230643E-80)
COSET -1 c=1 d=44 gcd=1 a0=(-2.000000000,2.000000000) 
rho=(0.007142857143,0.007142857143) contrib=(-0.02857142857,6.250619763E-79)
COSET -1 c=1 d=45 gcd=1 a0=(-2.000000000,2.000000000) 
rho=(0.007142857143,0.007142857143) contrib=(-0.02857142857,4.142180175E-79)
COSET -1 c=1 d=46 gcd=1 a0=(-2.000000000,2.000000000) 
rho=(0.007142857143,0.007142857143) contrib=(-0.02857142857,-2.361452339E-80)
COSET -1 c=1 d=47 gcd=1 a0=(-2.000000000,2.000000000) 
rho=(0.007142857143,0.007142857143) contrib=(-0.02857142857,6.506042159E-80)
COSET -1 c=1 d=48 gcd=1 a0=(-2.000000000,2.000000000) 
rho=(0.007142857143,0.007142857143) contrib=(-0.02857142857,-2.532537152E-79)
COSET -1 c=1 d=49 gcd=1 a0=(-2.000000000,2.000000000) 
rho=(0.007142857143,0.007142857143) contrib=(-0.02857142857,4.660253902E-79)
COSET -1 c=1 d=50 gcd=1 a0=(-2.000000000,2.000000000) 
rho=(0.007142857143,0.007142857143) contrib=(-0.02857142857,2.546995023E-79)
COSET -1 c=1 d=51 gcd=1 a0=(-2.000000000,2.000000000) 
rho=(0.007142857143,0.007142857143) contrib=(-0.02857142857,1.387112285E-78)
COSET -1 c=1 d=52 gcd=1 a0=(-2.000000000,2.000000000) 
rho=(0.007142857143,0.007142857143) contrib=(-0.02857142857,2.014463424E-79)
COSET -1 c=1 d=53 gcd=1 a0=(-2.000000000,2.000000000) 
rho=(0.007142857143,0.007142857143) contrib=(-0.02857142857,-4.457843702E-81)
COSET -1 c=1 d=54 gcd=1 a0=(-2.000000000,2.000000000) 
rho=(0.007142857143,0.007142857143) contrib=(-0.02857142857,3.077116977E-79)
COSET -1 c=1 d=55 gcd=1 a0=(-2.000000000,2.000000000) 
rho=(0.007142857143,0.007142857143) contrib=(-0.02857142857,-3.996396637E-79)
COSET -1 c=1 d=56 gcd=1 a0=(-2.000000000,2.000000000) 
rho=(0.007142857143,0.007142857143) contrib=(-0.02857142857,-6.461463722E-79)
COSET -1 c=1 d=57 gcd=1 a0=(-2.000000000,2.000000000) 
rho=(0.007142857143,0.007142857143) contrib=(-0.02857142857,2.983140812E-79)
COSET -1 c=1 d=58 gcd=1 a0=(-2.000000000,2.000000000) 
rho=(0.007142857143,0.007142857143) contrib=(-0.02857142857,-1.627233433E-78)
COSET -1 c=1 d=59 gcd=1 a0=(-2.000000000,2.000000000) 
rho=(0.007142857143,0.007142857143) contrib=(-0.02857142857,2.178319301E-78)
COSET -1 c=1 d=60 gcd=1 a0=(-2.000000000,2.000000000) 
rho=(0.007142857143,0.007142857143) contrib=(-0.02857142857,1.956029527E-78)
COSET -1 c=1 d=61 gcd=1 a0=(-2.000000000,2.000000000) 
rho=(0.007142857143,0.007142857143) contrib=(-0.02857142857,-7.177128360E-79)
COSET -1 c=1 d=62 gcd=1 a0=(-2.000000000,2.000000000) 
rho=(0.007142857143,0.007142857143) contrib=(-0.02857142857,6.537367547E-79)
COSET -1 c=1 d=63 gcd=1 a0=(-2.000000000,2.000000000) 
rho=(0.007142857143,0.007142857143) contrib=(-0.02857142857,-5.228930180E-80)
COSET -1 c=1 d=64 gcd=1 a0=(-2.000000000,2.000000000) 
rho=(0.007142857143,0.007142857143) contrib=(-0.02857142857,-5.647003630E-79)
COSET -1 c=1 d=65 gcd=1 a0=(-2.000000000,2.000000000) 
rho=(0.007142857143,0.007142857143) contrib=(-0.02857142857,-2.424103116E-79)
COSET -1 c=1 d=66 gcd=1 a0=(-2.000000000,2.000000000) 
rho=(0.007142857143,0.007142857143) contrib=(-0.02857142857,6.185559342E-79)
COSET -1 c=1 d=67 gcd=1 a0=(-2.000000000,2.000000000) 
rho=(0.007142857143,0.007142857143) contrib=(-0.02857142857,-5.920498365E-79)
COSET -1 c=1 d=68 gcd=1 a0=(-2.000000000,2.000000000) 
rho=(0.007142857143,0.007142857143) contrib=(-0.02857142857,8.050624761E-79)
COSET -1 c=1 d=69 gcd=1 a0=(-2.000000000,2.000000000) 
rho=(0.007142857143,0.007142857143) contrib=(-0.02857142857,4.842182118E-79)
COSET -1 c=1 d=70 gcd=1 a0=(-2.000000000,2.000000000) 
rho=(0.007142857143,0.007142857143) contrib=(-0.02857142857,-2.460259843E-77)
COSET -1 c=1 d=71 gcd=1 a0=(-2.000000000,2.000000000) 
rho=(0.007142857143,0.007142857143) contrib=(-0.02857142857,-1.419040084E-78)
COSET -1 c=1 d=72 gcd=1 a0=(-2.000000000,2.000000000) 
rho=(0.007142857143,0.007142857143) contrib=(-0.02857142857,-6.281945152E-79)
COSET -1 c=1 d=73 gcd=1 a0=(-2.000000000,2.000000000) 
rho=(0.007142857143,0.007142857143) contrib=(-0.02857142857,-2.824104226E-79)
COSET -1 c=1 d=74 gcd=1 a0=(-2.000000000,2.000000000) 
rho=(0.007142857143,0.007142857143) contrib=(-0.02857142857,2.146030054E-78)
COSET -1 c=1 d=75 gcd=1 a0=(-2.000000000,2.000000000) 
rho=(0.007142857143,0.007142857143) contrib=(-0.02857142857,-1.837956910E-78)
COSET -1 c=1 d=76 gcd=1 a0=(-2.000000000,2.000000000) 
rho=(0.007142857143,0.007142857143) contrib=(-0.02857142857,-5.738570149E-79)
COSET -1 c=1 d=77 gcd=1 a0=(-2.000000000,2.000000000) 
rho=(0.007142857143,0.007142857143) contrib=(-0.02857142857,-2.146993913E-79)
COSET -1 c=1 d=78 gcd=1 a0=(-2.000000000,2.000000000) 
rho=(0.007142857143,0.007142857143) contrib=(-0.02857142857,-5.574714273E-79)
COSET -1 c=1 d=79 gcd=1 a0=(-2.000000000,2.000000000) 
rho=(0.007142857143,0.007142857143) contrib=(-0.02857142857,2.183018109E-78)
COSET -1 c=1 d=80 gcd=1 a0=(-2.000000000,2.000000000) 
rho=(0.007142857143,0.007142857143) contrib=(-0.02857142857,-8.534963455E-79)
COSET -1 c=1 d=81 gcd=1 a0=(-2.000000000,2.000000000) 
rho=(0.007142857143,0.007142857143) contrib=(-0.02857142857,-1.375907434E-79)
COSET -1 c=1 d=82 gcd=1 a0=(-2.000000000,2.000000000) 
rho=(0.007142857143,0.007142857143) contrib=(-0.02857142857,-1.472293244E-79)
COSET -1 c=1 d=83 gcd=1 a0=(-2.000000000,2.000000000) 
rho=(0.007142857143,0.007142857143) contrib=(-0.02857142857,8.939783856E-79)
COSET -1 c=1 d=84 gcd=1 a0=(-2.000000000,2.000000000) 
rho=(0.007142857143,0.007142857143) contrib=(-0.02857142857,2.955429892E-79)
COSET -1 c=1 d=85 gcd=1 a0=(-2.000000000,2.000000000) 
rho=(0.007142857143,0.007142857143) contrib=(-0.02857142857,1.230846791E-78)
COSET -1 c=1 d=86 gcd=1 a0=(-2.000000000,2.000000000) 
rho=(0.007142857143,0.007142857143) contrib=(-0.02857142857,1.504823455E-79)
COSET -1 c=1 d=87 gcd=1 a0=(-2.000000000,2.000000000) 
rho=(0.007142857143,0.007142857143) contrib=(-0.02857142857,-1.319762700E-78)
COSET -1 c=1 d=88 gcd=1 a0=(-2.000000000,2.000000000) 
rho=(0.007142857143,0.007142857143) contrib=(-0.02857142857,2.954104587E-78)
COSET -1 c=1 d=89 gcd=1 a0=(-2.000000000,2.000000000) 
rho=(0.007142857143,0.007142857143) contrib=(-0.02857142857,-3.951818201E-80)
COSET -1 c=1 d=90 gcd=1 a0=(-2.000000000,2.000000000) 
rho=(0.007142857143,0.007142857143) contrib=(-0.02857142857,-1.705426422E-78)
COSET -1 c=1 d=91 gcd=1 a0=(-2.000000000,2.000000000) 
rho=(0.007142857143,0.007142857143) contrib=(-0.02857142857,2.618802451E-78)
COSET -1 c=1 d=92 gcd=1 a0=(-2.000000000,2.000000000) 
rho=(0.007142857143,0.007142857143) contrib=(-0.02857142857,-1.753378362E-78)
COSET -1 c=1 d=93 gcd=1 a0=(-2.000000000,2.000000000) 
rho=(0.007142857143,0.007142857143) contrib=(-0.02857142857,-9.677135301E-79)
COSET -1 c=1 d=94 gcd=1 a0=(-2.000000000,2.000000000) 
rho=(0.007142857143,0.007142857143) contrib=(-0.02857142857,2.351693276E-78)
COSET -1 c=1 d=95 gcd=1 a0=(-2.000000000,2.000000000) 
rho=(0.007142857143,0.007142857143) contrib=(-0.02857142857,4.353024134E-79)
COSET -1 c=1 d=96 gcd=1 a0=(-2.000000000,2.000000000) 
rho=(0.007142857143,0.007142857143) contrib=(-0.02857142857,-2.440609186E-78)
COSET -1 c=1 d=97 gcd=1 a0=(-2.000000000,2.000000000) 
rho=(0.007142857143,0.007142857143) contrib=(-0.02857142857,5.103628627E-79)
COSET -1 c=1 d=98 gcd=1 a0=(-2.000000000,2.000000000) 
rho=(0.007142857143,0.007142857143) contrib=(-0.02857142857,1.254581796E-78)
COSET -1 c=1 d=99 gcd=1 a0=(-2.000000000,2.000000000) 
rho=(0.007142857143,0.007142857143) contrib=(-0.02857142857,3.013984271E-78)
COSET -1 c=1 d=100 gcd=1 a0=(-2.000000000,2.000000000) 
rho=(0.007142857143,0.007142857143) contrib=(-0.02857142857,7.688937010E-78)
COSET -1 c=1 d=101 gcd=1 a0=(-2.000000000,2.000000000) 
rho=(0.007142857143,0.007142857143) contrib=(-0.02857142857,-1.144461009E-78)
COSET -1 c=1 d=102 gcd=1 a0=(-2.000000000,2.000000000) 
rho=(0.007142857143,0.007142857143) contrib=(-0.02857142857,-1.905306495E-78)
COSET -1 c=1 d=103 gcd=1 a0=(-2.000000000,2.000000000) 
rho=(0.007142857143,0.007142857143) contrib=(-0.02857142857,9.122916894E-79)
COSET -1 c=1 d=104 gcd=1 a0=(-2.000000000,2.000000000) 
rho=(0.007142857143,0.007142857143) contrib=(-0.02857142857,3.352659910E-78)
COSET -1 c=1 d=105 gcd=1 a0=(-2.000000000,2.000000000) 
rho=(0.007142857143,0.007142857143) contrib=(-0.02857142857,-3.824107003E-78)
COSET -1 c=1 d=106 gcd=1 a0=(-2.000000000,2.000000000) 
rho=(0.007142857143,0.007142857143) contrib=(-0.02857142857,-2.715670190E-79)
COSET -1 c=1 d=107 gcd=1 a0=(-2.000000000,2.000000000) 
rho=(0.007142857143,0.007142857143) contrib=(-0.02857142857,-4.614470642E-80)
COSET -1 c=1 d=108 gcd=1 a0=(-2.000000000,2.000000000) 
rho=(0.007142857143,0.007142857143) contrib=(-0.02857142857,3.917842202E-78)
COSET -1 c=1 d=109 gcd=1 a0=(-2.000000000,2.000000000) 
rho=(0.007142857143,0.007142857143) contrib=(-0.02857142857,1.061521019E-77)
COSET -1 c=1 d=110 gcd=1 a0=(-2.000000000,2.000000000) 
rho=(0.007142857143,0.007142857143) contrib=(-0.02857142857,-4.650133392E-78)
COSET -1 c=1 d=111 gcd=1 a0=(-2.000000000,2.000000000) 
rho=(0.007142857143,0.007142857143) contrib=(-0.02857142857,-7.929540087E-78)
COSET -1 c=1 d=112 gcd=1 a0=(-2.000000000,2.000000000) 
rho=(0.007142857143,0.007142857143) contrib=(-0.02857142857,-3.146032831E-78)
COSET -1 c=1 d=113 gcd=1 a0=(-2.000000000,2.000000000) 
rho=(0.007142857143,0.007142857143) contrib=(-0.02857142857,-2.349404113E-78)
COSET -1 c=1 d=114 gcd=1 a0=(-2.000000000,2.000000000) 
rho=(0.007142857143,0.007142857143) contrib=(-0.02857142857,2.915670745E-79)
COSET -1 c=1 d=115 gcd=1 a0=(-2.000000000,2.000000000) 
rho=(0.007142857143,0.007142857143) contrib=(-0.02857142857,1.882535347E-78)
COSET -1 c=1 d=116 gcd=1 a0=(-2.000000000,2.000000000) 
rho=(0.007142857143,0.007142857143) contrib=(-0.02857142857,3.439527622E-78)
COSET -1 c=1 d=117 gcd=1 a0=(-2.000000000,2.000000000) 
rho=(0.007142857143,0.007142857143) contrib=(-0.02857142857,4.334951794E-79)
COSET -1 c=1 d=118 gcd=1 a0=(-2.000000000,2.000000000) 
rho=(0.007142857143,0.007142857143) contrib=(-0.02857142857,-9.216893059E-79)
COSET -1 c=1 d=119 gcd=1 a0=(-2.000000000,2.000000000) 
rho=(0.007142857143,0.007142857143) contrib=(-0.02857142857,-4.392421833E-78)
COSET -1 c=1 d=120 gcd=1 a0=(-2.000000000,2.000000000) 
rho=(0.007142857143,0.007142857143) contrib=(-0.02857142857,7.704840668E-79)
COSET -1 c=1 d=121 gcd=1 a0=(-2.000000000,2.000000000) 
rho=(0.007142857143,0.007142857143) contrib=(-0.02857142857,8.799783467E-78)
COSET -1 c=1 d=122 gcd=1 a0=(-2.000000000,2.000000000) 
rho=(0.007142857143,0.007142857143) contrib=(-0.02857142857,-7.057850920E-79)
COSET -1 c=1 d=123 gcd=1 a0=(-2.000000000,2.000000000) 
rho=(0.007142857143,0.007142857143) contrib=(-0.02857142857,6.712066828E-79)
COSET -1 c=1 d=124 gcd=1 a0=(-2.000000000,2.000000000) 
rho=(0.007142857143,0.007142857143) contrib=(-0.02857142857,1.365786924E-78)
COSET -1 c=1 d=125 gcd=1 a0=(-2.000000000,2.000000000) 
rho=(0.007142857143,0.007142857143) contrib=(-0.02857142857,-4.226276794E-78)
COSET -1 c=1 d=126 gcd=1 a0=(-2.000000000,2.000000000) 
rho=(0.007142857143,0.007142857143) contrib=(-0.02857142857,-2.944345524E-78)
COSET -1 c=1 d=127 gcd=1 a0=(-2.000000000,2.000000000) 
rho=(0.007142857143,0.007142857143) contrib=(-0.02857142857,8.113275537E-79)
COSET -1 c=1 d=128 gcd=1 a0=(-2.000000000,2.000000000) 
rho=(0.007142857143,0.007142857143) contrib=(-0.02857142857,6.116884452E-79)
COSET -1 c=1 d=129 gcd=1 a0=(-2.000000000,2.000000000) 
rho=(0.007142857143,0.007142857143) contrib=(-0.02857142857,8.066889866E-78)
COSET -1 c=1 d=130 gcd=1 a0=(-2.000000000,2.000000000) 
rho=(0.007142857143,0.007142857143) contrib=(-0.02857142857,-3.098080891E-78)
COSET -1 c=1 d=131 gcd=1 a0=(-2.000000000,2.000000000) 
rho=(0.007142857143,0.007142857143) contrib=(-0.02857142857,5.855678908E-78)
COSET -1 c=1 d=132 gcd=1 a0=(-2.000000000,2.000000000) 
rho=(0.007142857143,0.007142857143) contrib=(-0.02857142857,-2.338319745E-78)
COSET -1 c=1 d=133 gcd=1 a0=(-2.000000000,2.000000000) 
rho=(0.007142857143,0.007142857143) contrib=(-0.02857142857,9.251832915E-79)
COSET -1 c=1 d=134 gcd=1 a0=(-2.000000000,2.000000000) 
rho=(0.007142857143,0.007142857143) contrib=(-0.02857142857,-5.400255957E-78)
COSET -1 c=1 d=135 gcd=1 a0=(-2.000000000,2.000000000) 
rho=(0.007142857143,0.007142857143) contrib=(-0.02857142857,3.386997355E-78)
COSET -1 c=1 d=136 gcd=1 a0=(-2.000000000,2.000000000) 
rho=(0.007142857143,0.007142857143) contrib=(-0.02857142857,-5.851823475E-79)
COSET -1 c=1 d=137 gcd=1 a0=(-2.000000000,2.000000000) 
rho=(0.007142857143,0.007142857143) contrib=(-0.02857142857,2.314223293E-78)
COSET -1 c=1 d=138 gcd=1 a0=(-2.000000000,2.000000000) 
rho=(0.007142857143,0.007142857143) contrib=(-0.02857142857,-2.208716976E-77)
COSET -1 c=1 d=139 gcd=1 a0=(-2.000000000,2.000000000) 
rho=(0.007142857143,0.007142857143) contrib=(-0.02857142857,-1.195135494E-72)
COSET -1 c=4 d=1 gcd=4 a0=(2.000000000,8.401306601E-74) 
rho=(0.02857142857,-2.409645244E-81) contrib=(0.05714285714,2.400368495E-75)
COSET -1 c=4 d=3 gcd=4 a0=(-1.396284305E-73,2.000000000) 
rho=(3.855432391E-81,-0.02857142857) contrib=(0.05714285714,3.989391439E-75)
COSET -1 c=4 d=5 gcd=4 a0=(2.000000000,2.791579705E-73) 
rho=(0.02857142857,-2.409645244E-81) contrib=(0.05714285714,7.975937194E-75)
COSET -1 c=4 d=7 gcd=4 a0=(-2.749420404E-73,2.000000000) 
rho=(3.855432391E-81,-0.02857142857) contrib=(0.05714285714,7.855494579E-75)
COSET -1 c=4 d=9 gcd=4 a0=(2.000000000,-8.289836602E-74) 
rho=(0.02857142857,-2.409645244E-81) contrib=(0.05714285714,-2.368529563E-75)
COSET -1 c=4 d=11 gcd=4 a0=(2.441894298E-74,2.000000000) 
rho=(3.855432391E-81,-0.02857142857) contrib=(0.05714285714,-6.976763741E-76)
COSET -1 c=4 d=13 gcd=4 a0=(2.000000000,-4.694271059E-73) 
rho=(0.02857142857,-2.409645244E-81) contrib=(0.05714285714,-1.341220784E-74)
COSET -1 c=4 d=15 gcd=4 a0=(5.707199738E-73,2.000000000) 
rho=(3.855432391E-81,-0.02857142857) contrib=(0.05714285714,-1.630627725E-74)
COSET -1 c=4 d=17 gcd=4 a0=(2.000000000,-1.765168639E-73) 
rho=(0.02857142857,-2.409645244E-81) contrib=(0.05714285714,-5.043343788E-75)
COSET -1 c=4 d=19 gcd=4 a0=(4.546874991E-74,2.000000000) 
rho=(3.855432391E-81,-0.02857142857) contrib=(0.05714285714,-1.299099429E-75)
COSET -1 c=4 d=21 gcd=4 a0=(2.000000000,-7.349377307E-73) 
rho=(0.02857142857,-2.409645244E-81) contrib=(0.05714285714,-2.099822570E-74)
COSET -1 c=4 d=23 gcd=4 a0=(-5.452807114E-73,2.000000000) 
rho=(3.855432391E-81,-0.02857142857) contrib=(0.05714285714,1.557945661E-74)
COSET -1 c=4 d=25 gcd=4 a0=(2.000000000,-2.428479097E-73) 
rho=(0.02857142857,-2.409645244E-81) contrib=(0.05714285714,-6.938516526E-75)
COSET -1 c=4 d=27 gcd=4 a0=(1.966487507E-72,2.000000000) 
rho=(3.855432391E-81,-0.02857142857) contrib=(0.05714285714,-5.618534962E-74)
COSET -1 c=4 d=29 gcd=4 a0=(2.000000000,-5.249348045E-72) 
rho=(0.02857142857,-2.409645244E-81) contrib=(0.05714285714,-1.499813775E-73)
COSET -1 c=4 d=31 gcd=4 a0=(-8.728335249E-73,2.000000000) 
rho=(3.855432391E-81,-0.02857142857) contrib=(0.05714285714,2.493810842E-74)
COSET -1 c=4 d=33 gcd=4 a0=(2.000000000,-3.252870836E-71) 
rho=(0.02857142857,-2.409645244E-81) contrib=(0.05714285714,-9.293916723E-73)
COSET -1 c=4 d=35 gcd=4 a0=(-4.659391401E-73,2.000000000) 
rho=(3.855432391E-81,-0.02857142857) contrib=(0.05714285714,1.331255457E-74)
COSET -1 c=4 d=37 gcd=4 a0=(2.000000000,-1.407691795E-72) 
rho=(0.02857142857,-2.409645244E-81) contrib=(0.05714285714,-4.021977038E-74)
COSET -1 c=4 d=39 gcd=4 a0=(4.228307340E-73,2.000000000) 
rho=(3.855432391E-81,-0.02857142857) contrib=(0.05714285714,-1.208087040E-74)
COSET -1 c=4 d=41 gcd=4 a0=(2.000000000,3.669697754E-72) 
rho=(0.02857142857,-2.409645244E-81) contrib=(0.05714285714,1.048485025E-73)
COSET -1 c=4 d=43 gcd=4 a0=(2.488489174E-72,2.000000000) 
rho=(3.855432391E-81,-0.02857142857) contrib=(0.05714285714,-7.109968297E-74)
COSET -1 c=4 d=45 gcd=4 a0=(2.000000000,-1.560075319E-72) 
rho=(0.02857142857,-2.409645244E-81) contrib=(0.05714285714,-4.457358536E-74)
COSET -1 c=4 d=47 gcd=4 a0=(2.062727144E-72,2.000000000) 
rho=(3.855432391E-81,-0.02857142857) contrib=(0.05714285714,-5.893505355E-74)
COSET -1 c=4 d=49 gcd=4 a0=(2.000000000,-6.861295002E-72) 
rho=(0.02857142857,-2.409645244E-81) contrib=(0.05714285714,-1.960370049E-73)
COSET -1 c=4 d=51 gcd=4 a0=(2.781518377E-73,2.000000000) 
rho=(3.855432391E-81,-0.02857142857) contrib=(0.05714285714,-7.947187652E-75)
COSET -1 c=4 d=53 gcd=4 a0=(2.000000000,-6.779094325E-72) 
rho=(0.02857142857,-2.409645244E-81) contrib=(0.05714285714,-1.936884141E-73)
COSET -1 c=4 d=55 gcd=4 a0=(1.369200100E-72,2.000000000) 
rho=(3.855432391E-81,-0.02857142857) contrib=(0.05714285714,-3.911999514E-74)
COSET -1 c=4 d=57 gcd=4 a0=(2.000000000,-4.084079502E-72) 
rho=(0.02857142857,-2.409645244E-81) contrib=(0.05714285714,-1.166879906E-73)
COSET -1 c=4 d=59 gcd=4 a0=(-1.816746486E-73,2.000000000) 
rho=(3.855432391E-81,-0.02857142857) contrib=(0.05714285714,5.190711956E-75)
COSET -1 c=4 d=61 gcd=4 a0=(2.000000000,3.245321555E-73) 
rho=(0.02857142857,-2.409645244E-81) contrib=(0.05714285714,9.272342481E-75)
COSET -1 c=4 d=63 gcd=4 a0=(7.839484515E-72,2.000000000) 
rho=(3.855432391E-81,-0.02857142857) contrib=(0.05714285714,-2.239852642E-73)
COSET -1 c=4 d=65 gcd=4 a0=(2.000000000,7.039556411E-73) 
rho=(0.02857142857,-2.409645244E-81) contrib=(0.05714285714,2.011301350E-74)
COSET -1 c=4 d=67 gcd=4 a0=(3.100772497E-72,2.000000000) 
rho=(3.855432391E-81,-0.02857142857) contrib=(0.05714285714,-8.859349220E-74)
COSET -1 c=4 d=69 gcd=4 a0=(2.000000000,-3.689951149E-72) 
rho=(0.02857142857,-2.409645244E-81) contrib=(0.05714285714,-1.054271805E-73)
COSET -1 c=5 d=1 gcd=5 a0=(-1.000000000,1.000000000) 
rho=(0.03571428571,0.03571428571) contrib=(-0.07142857143,-1.617739326E-74)
COSET -1 c=5 d=2 gcd=5 a0=(-1.000000000,1.000000000) 
rho=(0.03571428571,0.03571428571) contrib=(-0.07142857143,9.539259240E-75)
COSET -1 c=5 d=3 gcd=5 a0=(1.000000000,-1.000000000) 
rho=(-0.03571428571,-0.03571428571) contrib=(-0.07142857143,-8.201890015E-75)
COSET -1 c=5 d=4 gcd=5 a0=(1.000000000,-1.000000000) 
rho=(-0.03571428571,-0.03571428571) contrib=(-0.07142857143,-2.111546374E-75)
COSET -1 c=5 d=6 gcd=5 a0=(-1.000000000,1.000000000) 
rho=(0.03571428571,0.03571428571) contrib=(-0.07142857143,1.581776063E-74)
COSET -1 c=5 d=7 gcd=5 a0=(-1.000000000,1.000000000) 
rho=(0.03571428571,0.03571428571) contrib=(-0.07142857143,-1.466545374E-74)
COSET -1 c=5 d=8 gcd=5 a0=(1.000000000,-1.000000000) 
rho=(-0.03571428571,-0.03571428571) contrib=(-0.07142857143,-4.493272490E-75)
COSET -1 c=5 d=9 gcd=5 a0=(1.000000000,-1.000000000) 
rho=(-0.03571428571,-0.03571428571) contrib=(-0.07142857143,8.114667032E-74)
COSET -1 c=5 d=11 gcd=5 a0=(-1.000000000,1.000000000) 
rho=(0.03571428571,0.03571428571) contrib=(-0.07142857143,1.873061691E-74)
COSET -1 c=5 d=12 gcd=5 a0=(-1.000000000,1.000000000) 
rho=(0.03571428571,0.03571428571) contrib=(-0.07142857143,4.112044172E-75)
COSET -1 c=5 d=13 gcd=5 a0=(1.000000000,-1.000000000) 
rho=(-0.03571428571,-0.03571428571) contrib=(-0.07142857143,-2.498628360E-74)
COSET -1 c=5 d=14 gcd=5 a0=(1.000000000,-1.000000000) 
rho=(-0.03571428571,-0.03571428571) contrib=(-0.07142857143,3.473528363E-74)
COSET -1 c=5 d=16 gcd=5 a0=(-1.000000000,1.000000000) 
rho=(0.03571428571,0.03571428571) contrib=(-0.07142857143,-2.484748962E-74)
COSET -1 c=5 d=17 gcd=5 a0=(-1.000000000,1.000000000) 
rho=(0.03571428571,0.03571428571) contrib=(-0.07142857143,7.428831611E-74)
COSET -1 c=5 d=18 gcd=5 a0=(1.000000000,-1.000000000) 
rho=(-0.03571428571,-0.03571428571) contrib=(-0.07142857143,-7.093070032E-74)
COSET -1 c=5 d=19 gcd=5 a0=(1.000000000,-1.000000000) 
rho=(-0.03571428571,-0.03571428571) contrib=(-0.07142857143,7.115582857E-75)
COSET -1 c=5 d=21 gcd=5 a0=(-1.000000000,1.000000000) 
rho=(0.03571428571,0.03571428571) contrib=(-0.07142857143,-2.132454971E-74)
COSET -1 c=5 d=22 gcd=5 a0=(-1.000000000,1.000000000) 
rho=(0.03571428571,0.03571428571) contrib=(-0.07142857143,-2.354220128E-74)
COSET -1 c=5 d=23 gcd=5 a0=(1.000000000,-1.000000000) 
rho=(-0.03571428571,-0.03571428571) contrib=(-0.07142857143,-5.906707220E-74)
COSET -1 c=5 d=24 gcd=5 a0=(1.000000000,-1.000000000) 
rho=(-0.03571428571,-0.03571428571) contrib=(-0.07142857143,8.383128500E-74)
COSET -1 c=5 d=26 gcd=5 a0=(-1.000000000,1.000000000) 
rho=(0.03571428571,0.03571428571) contrib=(-0.07142857143,6.191577777E-74)
COSET -1 c=5 d=27 gcd=5 a0=(-1.000000000,1.000000000) 
rho=(0.03571428571,0.03571428571) contrib=(-0.07142857143,3.057450358E-73)
COSET -1 c=5 d=28 gcd=5 a0=(1.000000000,-1.000000000) 
rho=(-0.03571428571,-0.03571428571) contrib=(-0.07142857143,1.620947177E-73)
COSET -1 c=5 d=33 gcd=5 a0=(1.000000000,-1.000000000) 
rho=(-0.03571428571,-0.03571428571) contrib=(-0.07142857143,3.459852716E-73)
COSET -1 c=5 d=38 gcd=5 a0=(1.000000000,-1.000000000) 
rho=(-0.03571428571,-0.03571428571) contrib=(-0.07142857143,3.360191331E-73)
COSET -1 c=5 d=43 gcd=5 a0=(1.000000000,-1.000000000) 
rho=(-0.03571428571,-0.03571428571) contrib=(-0.07142857143,-8.455548995E-74)
COSET -1 c=5 d=48 gcd=5 a0=(1.000000000,-1.000000000) 
rho=(-0.03571428571,-0.03571428571) contrib=(-0.07142857143,-2.732570066E-73)
COSET -1 c=5 d=53 gcd=5 a0=(1.000000000,-1.000000000) 
rho=(-0.03571428571,-0.03571428571) contrib=(-0.07142857143,2.301539183E-74)
COSET -1 c=20 d=1 gcd=20 a0=(2.000000000,2.072833794E-74) 
rho=(-0.1428571429,2.602416864E-80) contrib=(-0.2857142857,-2.961139086E-75)
COSET -1 c=20 d=3 gcd=20 a0=(-3.118505883E-74,2.000000000) 
rho=(5.783148586E-81,0.1428571429) contrib=(-0.2857142857,-4.454996838E-75)
COSET -1 c=20 d=7 gcd=20 a0=(1.636924553E-74,2.000000000) 
rho=(7.710864781E-81,0.1428571429) contrib=(-0.2857142857,2.338479069E-75)
COSET -1 c=20 d=9 gcd=20 a0=(2.000000000,1.193817655E-74) 
rho=(-0.1428571429,-4.819290488E-81) contrib=(-0.2857142857,-1.705463431E-75)
COSET -1 c=20 d=11 gcd=20 a0=(-5.671268652E-74,-2.000000000) 
rho=(-1.927716195E-81,-0.1428571429) contrib=(-0.2857142857,8.101816215E-75)
COSET -1 c=20 d=13 gcd=20 a0=(2.000000000,3.467400691E-77) 
rho=(-0.1428571429,-2.024102005E-80) contrib=(-0.2857142857,-4.993911599E-78)
COSET -1 c=20 d=19 gcd=20 a0=(3.817679843E-74,2.000000000) 
rho=(-2.891574293E-80,0.1428571429) contrib=(-0.2857142857,5.453770516E-75)
COSET -1 c=28 d=1 gcd=28 a0=(4.000000000,-1.076546263E-74) 
rho=(1.367850183E-80,7.240230945E-81) contrib=(5.471400732E-80,2.896092378E-80)
COSET -1 c=28 d=3 gcd=28 a0=(-7.052938815E-74,-4.000000000) 
rho=(4.785404852E-81,2.927342465E-81) contrib=(1.170936986E-80,-1.914161941E-80\
)
COSET -1 c=28 d=5 gcd=28 a0=(-4.000000000,-3.007704120E-74) 
rho=(5.628093312E-82,1.985504322E-81) contrib=(-2.251237325E-81,-7.942017289E-8\
1)
COSET -1 c=28 d=9 gcd=28 a0=(4.000000000,-8.368364251E-75) 
rho=(3.714242240E-81,2.123499872E-81) contrib=(1.485696896E-80,8.493999486E-81)
COSET -1 c=28 d=17 gcd=28 a0=(4.000000000,1.481469192E-73) 
rho=(-5.075785929E-81,-2.558836170E-81) contrib=(-2.030314372E-80,-1.023534468E\
-80)
COSET -1 c=35 d=1 gcd=35 a0=(1.000000000,1.000000000) 
rho=(1.512617151E-80,-2.772974566E-81) contrib=(1.789914608E-80,1.235319695E-80\
)
COSET -1 c=35 d=2 gcd=35 a0=(-1.000000000,-1.000000000) 
rho=(5.161413766E-81,4.461858628E-81) contrib=(-6.995551379E-82,-9.623272395E-8\
1)
COSET -1 c=35 d=3 gcd=35 a0=(1.000000000,1.000000000) 
rho=(-3.915673522E-82,6.515454836E-81) contrib=(-6.907022188E-81,6.123887484E-8\
1)
COSET -1 c=35 d=4 gcd=35 a0=(1.000000000,1.000000000) 
rho=(-1.063161232E-81,-4.362753213E-81) contrib=(3.299591980E-81,-5.425914445E-\
81)
FORM 9:
  c_eta(0)[1] (trivial) = 2.01792939924E-66 + 5.34255349740E-67 i   (half: 
1.00896469962E-66)
  c_eta(0)[2] = -16.0000000000 + 4.19924692847E-67 i   (half: -8.00000000000)
  c_eta(0)[3] = -16.0000000000 + 4.19924692847E-67 i   (half: -8.00000000000)
  c_eta(0)[4] = -16.0000000000 + 4.19924692847E-67 i   (half: -8.00000000000)
  c_eta(0)[5] = -16.0000000000 + 4.19924692847E-67 i   (half: -8.00000000000)
  c_eta(0)[6] = -16.0000000000 + 4.19924692847E-67 i   (half: -8.00000000000)
  c_eta(0)[7] = -16.0000000000 + 4.19924692847E-67 i   (half: -8.00000000000)
  c_eta(0)[8] = -16.0000000000 + 4.19924692847E-67 i   (half: -8.00000000000)
  c_eta(0)[9] = -16.0000000000 + 4.19924692847E-67 i   (half: -8.00000000000)
  c_eta(0)[10] = -16.0000000000 + 4.19924692847E-67 i   (half: -8.00000000000)
  c_eta(0)[11] = -16.0000000000 + 4.19924692847E-67 i   (half: -8.00000000000)
  c_eta(0)[12] = -16.0000000000 + 4.19924692847E-67 i   (half: -8.00000000000)
  c_eta(0)[13] = -16.0000000000 + 4.19924692847E-67 i   (half: -8.00000000000)
COSET 9 c=1 d=0 gcd=1 a0=(-7.000000000,7.000000000) 
rho=(0.007142857143,0.007142857143) contrib=(-0.1000000000,-1.321833150E-67)
COSET 9 c=1 d=1 gcd=1 a0=(-7.000000000,7.000000000) 
rho=(0.007142857143,0.007142857143) contrib=(-0.1000000000,-4.554117180E-72)
COSET 9 c=1 d=2 gcd=1 a0=(-7.000000000,7.000000000) 
rho=(0.007142857143,0.007142857143) contrib=(-0.1000000000,5.317511052E-74)
COSET 9 c=1 d=3 gcd=1 a0=(-7.000000000,7.000000000) 
rho=(0.007142857143,0.007142857143) contrib=(-0.1000000000,5.677170460E-75)
COSET 9 c=1 d=4 gcd=1 a0=(-7.000000000,7.000000000) 
rho=(0.007142857143,0.007142857143) contrib=(-0.1000000000,-3.549218528E-75)
COSET 9 c=1 d=5 gcd=1 a0=(-7.000000000,7.000000000) 
rho=(0.007142857143,0.007142857143) contrib=(-0.1000000000,6.435179312E-75)
COSET 9 c=1 d=6 gcd=1 a0=(-7.000000000,7.000000000) 
rho=(0.007142857143,0.007142857143) contrib=(-0.1000000000,3.659761486E-75)
COSET 9 c=1 d=7 gcd=1 a0=(-7.000000000,7.000000000) 
rho=(0.007142857143,0.007142857143) contrib=(-0.1000000000,-3.553166491E-76)
COSET 9 c=1 d=8 gcd=1 a0=(-7.000000000,7.000000000) 
rho=(0.007142857143,0.007142857143) contrib=(-0.1000000000,7.343210748E-76)
COSET 9 c=1 d=9 gcd=1 a0=(-7.000000000,7.000000000) 
rho=(0.007142857143,0.007142857143) contrib=(-0.1000000000,-1.188336793E-75)
COSET 9 c=1 d=10 gcd=1 a0=(-7.000000000,7.000000000) 
rho=(0.007142857143,0.007142857143) contrib=(-0.1000000000,3.158370214E-76)
COSET 9 c=1 d=11 gcd=1 a0=(-7.000000000,7.000000000) 
rho=(0.007142857143,0.007142857143) contrib=(-0.1000000000,2.566175799E-76)
COSET 9 c=1 d=12 gcd=1 a0=(-7.000000000,7.000000000) 
rho=(0.007142857143,0.007142857143) contrib=(-0.1000000000,-2.289818405E-76)
COSET 9 c=1 d=13 gcd=1 a0=(-7.000000000,7.000000000) 
rho=(0.007142857143,0.007142857143) contrib=(-0.1000000000,3.790044257E-76)
COSET 9 c=1 d=14 gcd=1 a0=(-7.000000000,7.000000000) 
rho=(0.007142857143,0.007142857143) contrib=(-0.1000000000,9.080314367E-77)
COSET 9 c=1 d=15 gcd=1 a0=(-7.000000000,7.000000000) 
rho=(0.007142857143,0.007142857143) contrib=(-0.1000000000,-1.539705480E-76)
COSET 9 c=1 d=16 gcd=1 a0=(-7.000000000,7.000000000) 
rho=(0.007142857143,0.007142857143) contrib=(-0.1000000000,1.342307341E-76)
COSET 9 c=1 d=17 gcd=1 a0=(-7.000000000,7.000000000) 
rho=(0.007142857143,0.007142857143) contrib=(-0.1000000000,9.948866176E-76)
COSET 9 c=1 d=18 gcd=1 a0=(-7.000000000,7.000000000) 
rho=(0.007142857143,0.007142857143) contrib=(-0.1000000000,-7.895925536E-77)
COSET 9 c=1 d=19 gcd=1 a0=(-7.000000000,7.000000000) 
rho=(0.007142857143,0.007142857143) contrib=(-0.1000000000,-2.408257289E-75)
COSET 9 c=1 d=20 gcd=1 a0=(-7.000000000,7.000000000) 
rho=(0.007142857143,0.007142857143) contrib=(-0.1000000000,1.050158096E-75)
COSET 9 c=1 d=21 gcd=1 a0=(-7.000000000,7.000000000) 
rho=(0.007142857143,0.007142857143) contrib=(-0.1000000000,4.461197928E-76)
COSET 9 c=1 d=22 gcd=1 a0=(-7.000000000,7.000000000) 
rho=(0.007142857143,0.007142857143) contrib=(-0.1000000000,-9.672508782E-76)
COSET 9 c=1 d=23 gcd=1 a0=(-7.000000000,7.000000000) 
rho=(0.007142857143,0.007142857143) contrib=(-0.1000000000,2.447736916E-76)
COSET 9 c=1 d=24 gcd=1 a0=(-7.000000000,7.000000000) 
rho=(0.007142857143,0.007142857143) contrib=(-0.1000000000,1.476538075E-75)
COSET 9 c=1 d=25 gcd=1 a0=(-7.000000000,7.000000000) 
rho=(0.007142857143,0.007142857143) contrib=(-0.1000000000,2.684614682E-76)
COSET 9 c=1 d=26 gcd=1 a0=(-7.000000000,7.000000000) 
rho=(0.007142857143,0.007142857143) contrib=(-0.1000000000,-4.026922023E-76)
COSET 9 c=1 d=27 gcd=1 a0=(-7.000000000,7.000000000) 
rho=(0.007142857143,0.007142857143) contrib=(-0.1000000000,-1.958189533E-75)
COSET 9 c=1 d=28 gcd=1 a0=(-7.000000000,7.000000000) 
rho=(0.007142857143,0.007142857143) contrib=(-0.1000000000,-1.681832139E-75)
COSET 9 c=1 d=29 gcd=1 a0=(-7.000000000,7.000000000) 
rho=(0.007142857143,0.007142857143) contrib=(-0.1000000000,-1.697623990E-75)
COSET 9 c=1 d=30 gcd=1 a0=(-7.000000000,7.000000000) 
rho=(0.007142857143,0.007142857143) contrib=(-0.1000000000,4.026922023E-76)
COSET 9 c=1 d=31 gcd=1 a0=(-7.000000000,7.000000000) 
rho=(0.007142857143,0.007142857143) contrib=(-0.1000000000,-9.080314366E-76)
COSET 9 c=1 d=32 gcd=1 a0=(-7.000000000,7.000000000) 
rho=(0.007142857143,0.007142857143) contrib=(-0.1000000000,8.803956973E-76)
COSET 9 c=1 d=33 gcd=1 a0=(-7.000000000,7.000000000) 
rho=(0.007142857143,0.007142857143) contrib=(-0.1000000000,-3.829523885E-76)
COSET 9 c=1 d=34 gcd=1 a0=(-7.000000000,7.000000000) 
rho=(0.007142857143,0.007142857143) contrib=(-0.1000000000,1.023706746E-74)
COSET 9 c=1 d=35 gcd=1 a0=(-7.000000000,7.000000000) 
rho=(0.007142857143,0.007142857143) contrib=(-0.1000000000,-3.616333895E-75)
COSET 9 c=1 d=36 gcd=1 a0=(-7.000000000,7.000000000) 
rho=(0.007142857143,0.007142857143) contrib=(-0.1000000000,-4.188788497E-75)
COSET 9 c=1 d=37 gcd=1 a0=(-7.000000000,7.000000000) 
rho=(0.007142857143,0.007142857143) contrib=(-0.1000000000,-1.425214559E-75)
COSET 9 c=1 d=38 gcd=1 a0=(-7.000000000,7.000000000) 
rho=(0.007142857143,0.007142857143) contrib=(-0.1000000000,1.717363804E-75)
COSET 9 c=1 d=39 gcd=1 a0=(-7.000000000,7.000000000) 
rho=(0.007142857143,0.007142857143) contrib=(-0.1000000000,-5.057340306E-75)
COSET 9 c=1 d=40 gcd=1 a0=(-7.000000000,7.000000000) 
rho=(0.007142857143,0.007142857143) contrib=(-0.1000000000,3.091254847E-75)
COSET 9 c=1 d=41 gcd=1 a0=(-7.000000000,7.000000000) 
rho=(0.007142857143,0.007142857143) contrib=(-0.1000000000,-3.359716316E-75)
COSET 9 c=1 d=42 gcd=1 a0=(-7.000000000,7.000000000) 
rho=(0.007142857143,0.007142857143) contrib=(-0.1000000000,-1.504173815E-75)
COSET 9 c=1 d=43 gcd=1 a0=(-7.000000000,7.000000000) 
rho=(0.007142857143,0.007142857143) contrib=(-0.1000000000,2.147691746E-75)
COSET 9 c=1 d=44 gcd=1 a0=(-7.000000000,7.000000000) 
rho=(0.007142857143,0.007142857143) contrib=(-0.1000000000,-4.962589200E-75)
COSET 9 c=1 d=45 gcd=1 a0=(-7.000000000,7.000000000) 
rho=(0.007142857143,0.007142857143) contrib=(-0.1000000000,1.358099192E-75)
COSET 9 c=1 d=46 gcd=1 a0=(-7.000000000,7.000000000) 
rho=(0.007142857143,0.007142857143) contrib=(-0.1000000000,-4.342759045E-76)
COSET 9 c=1 d=47 gcd=1 a0=(-7.000000000,7.000000000) 
rho=(0.007142857143,0.007142857143) contrib=(-0.1000000000,1.172544942E-75)
COSET 9 c=1 d=48 gcd=1 a0=(-7.000000000,7.000000000) 
rho=(0.007142857143,0.007142857143) contrib=(-0.1000000000,-1.148857165E-75)
COSET 9 c=1 d=49 gcd=1 a0=(-7.000000000,7.000000000) 
rho=(0.007142857143,0.007142857143) contrib=(-0.1000000000,6.940518546E-75)
COSET 9 c=1 d=50 gcd=1 a0=(-7.000000000,7.000000000) 
rho=(0.007142857143,0.007142857143) contrib=(-0.1000000000,-1.065949947E-75)
COSET 9 c=1 d=51 gcd=1 a0=(-7.000000000,7.000000000) 
rho=(0.007142857143,0.007142857143) contrib=(-0.1000000000,5.602159168E-75)
COSET 9 c=1 d=52 gcd=1 a0=(-7.000000000,7.000000000) 
rho=(0.007142857143,0.007142857143) contrib=(-0.1000000000,-1.393630857E-75)
COSET 9 c=1 d=53 gcd=1 a0=(-7.000000000,7.000000000) 
rho=(0.007142857143,0.007142857143) contrib=(-0.1000000000,1.381786969E-76)
COSET 9 c=1 d=54 gcd=1 a0=(-7.000000000,7.000000000) 
rho=(0.007142857143,0.007142857143) contrib=(-0.1000000000,-1.816062873E-75)
COSET 9 c=1 d=55 gcd=1 a0=(-7.000000000,7.000000000) 
rho=(0.007142857143,0.007142857143) contrib=(-0.1000000000,1.331253045E-74)
COSET 9 c=1 d=56 gcd=1 a0=(-7.000000000,7.000000000) 
rho=(0.007142857143,0.007142857143) contrib=(-0.1000000000,1.389682894E-74)
COSET 9 c=1 d=57 gcd=1 a0=(-7.000000000,7.000000000) 
rho=(0.007142857143,0.007142857143) contrib=(-0.1000000000,4.405926449E-75)
COSET 9 c=1 d=58 gcd=1 a0=(-7.000000000,7.000000000) 
rho=(0.007142857143,0.007142857143) contrib=(-0.1000000000,1.867386389E-75)
COSET 9 c=1 d=59 gcd=1 a0=(-7.000000000,7.000000000) 
rho=(0.007142857143,0.007142857143) contrib=(-0.1000000000,7.540608887E-76)
COSET 9 c=1 d=60 gcd=1 a0=(-7.000000000,7.000000000) 
rho=(0.007142857143,0.007142857143) contrib=(-0.1000000000,9.277712505E-76)
COSET 9 c=1 d=61 gcd=1 a0=(-7.000000000,7.000000000) 
rho=(0.007142857143,0.007142857143) contrib=(-0.1000000000,-3.553166491E-76)
COSET 9 c=1 d=62 gcd=1 a0=(-7.000000000,7.000000000) 
rho=(0.007142857143,0.007142857143) contrib=(-0.1000000000,-8.448640324E-76)
COSET 9 c=1 d=63 gcd=1 a0=(-7.000000000,7.000000000) 
rho=(0.007142857143,0.007142857143) contrib=(-0.1000000000,-1.326515490E-75)
COSET 9 c=1 d=64 gcd=1 a0=(-7.000000000,7.000000000) 
rho=(0.007142857143,0.007142857143) contrib=(-0.1000000000,5.527147875E-77)
COSET 9 c=1 d=65 gcd=1 a0=(-7.000000000,7.000000000) 
rho=(0.007142857143,0.007142857143) contrib=(-0.1000000000,1.658144363E-75)
COSET 9 c=1 d=66 gcd=1 a0=(-7.000000000,7.000000000) 
rho=(0.007142857143,0.007142857143) contrib=(-0.1000000000,2.262182666E-75)
COSET 9 c=1 d=67 gcd=1 a0=(-7.000000000,7.000000000) 
rho=(0.007142857143,0.007142857143) contrib=(-0.1000000000,6.924726695E-75)
COSET 9 c=1 d=68 gcd=1 a0=(-7.000000000,7.000000000) 
rho=(0.007142857143,0.007142857143) contrib=(-0.1000000000,9.704092484E-75)
COSET 9 c=1 d=69 gcd=1 a0=(-7.000000000,7.000000000) 
rho=(0.007142857143,0.007142857143) contrib=(-0.1000000000,5.445030250E-74)
COSET 9 c=1 d=70 gcd=1 a0=(-7.000000000,7.000000000) 
rho=(0.007142857143,0.007142857143) contrib=(-0.1000000000,2.494836112E-73)
COSET 9 c=1 d=71 gcd=1 a0=(-7.000000000,7.000000000) 
rho=(0.007142857143,0.007142857143) contrib=(-0.1000000000,9.135585845E-75)
COSET 9 c=1 d=72 gcd=1 a0=(-7.000000000,7.000000000) 
rho=(0.007142857143,0.007142857143) contrib=(-0.1000000000,-2.617499315E-75)
COSET 9 c=1 d=73 gcd=1 a0=(-7.000000000,7.000000000) 
rho=(0.007142857143,0.007142857143) contrib=(-0.1000000000,-2.424049139E-75)
COSET 9 c=1 d=74 gcd=1 a0=(-7.000000000,7.000000000) 
rho=(0.007142857143,0.007142857143) contrib=(-0.1000000000,-7.607724254E-75)
COSET 9 c=1 d=75 gcd=1 a0=(-7.000000000,7.000000000) 
rho=(0.007142857143,0.007142857143) contrib=(-0.1000000000,5.823245083E-75)
COSET 9 c=1 d=76 gcd=1 a0=(-7.000000000,7.000000000) 
rho=(0.007142857143,0.007142857143) contrib=(-0.1000000000,4.583584774E-75)
COSET 9 c=1 d=77 gcd=1 a0=(-7.000000000,7.000000000) 
rho=(0.007142857143,0.007142857143) contrib=(-0.1000000000,-4.445406077E-75)
COSET 9 c=1 d=78 gcd=1 a0=(-7.000000000,7.000000000) 
rho=(0.007142857143,0.007142857143) contrib=(-0.1000000000,-3.908483140E-76)
COSET 9 c=1 d=79 gcd=1 a0=(-7.000000000,7.000000000) 
rho=(0.007142857143,0.007142857143) contrib=(-0.1000000000,7.935405164E-75)
COSET 9 c=1 d=80 gcd=1 a0=(-7.000000000,7.000000000) 
rho=(0.007142857143,0.007142857143) contrib=(-0.1000000000,8.914499930E-75)
COSET 9 c=1 d=81 gcd=1 a0=(-7.000000000,7.000000000) 
rho=(0.007142857143,0.007142857143) contrib=(-0.1000000000,2.455632842E-75)
COSET 9 c=1 d=82 gcd=1 a0=(-7.000000000,7.000000000) 
rho=(0.007142857143,0.007142857143) contrib=(-0.1000000000,-4.244059976E-75)
COSET 9 c=1 d=83 gcd=1 a0=(-7.000000000,7.000000000) 
rho=(0.007142857143,0.007142857143) contrib=(-0.1000000000,1.390867283E-74)
COSET 9 c=1 d=84 gcd=1 a0=(-7.000000000,7.000000000) 
rho=(0.007142857143,0.007142857143) contrib=(-0.1000000000,9.475110643E-77)
COSET 9 c=1 d=85 gcd=1 a0=(-7.000000000,7.000000000) 
rho=(0.007142857143,0.007142857143) contrib=(-0.1000000000,2.516431468E-74)
COSET 9 c=1 d=86 gcd=1 a0=(-7.000000000,7.000000000) 
rho=(0.007142857143,0.007142857143) contrib=(-0.1000000000,-3.762408518E-75)
COSET 9 c=1 d=87 gcd=1 a0=(-7.000000000,7.000000000) 
rho=(0.007142857143,0.007142857143) contrib=(-0.1000000000,2.112160081E-75)
COSET 9 c=1 d=88 gcd=1 a0=(-7.000000000,7.000000000) 
rho=(0.007142857143,0.007142857143) contrib=(-0.1000000000,8.950031595E-75)
COSET 9 c=1 d=89 gcd=1 a0=(-7.000000000,7.000000000) 
rho=(0.007142857143,0.007142857143) contrib=(-0.1000000000,1.377839006E-75)
COSET 9 c=1 d=90 gcd=1 a0=(-7.000000000,7.000000000) 
rho=(0.007142857143,0.007142857143) contrib=(-0.1000000000,8.685518090E-77)
COSET 9 c=1 d=91 gcd=1 a0=(-7.000000000,7.000000000) 
rho=(0.007142857143,0.007142857143) contrib=(-0.1000000000,1.674725806E-74)
COSET 9 c=1 d=92 gcd=1 a0=(-7.000000000,7.000000000) 
rho=(0.007142857143,0.007142857143) contrib=(-0.1000000000,1.490355945E-74)
COSET 9 c=1 d=93 gcd=1 a0=(-7.000000000,7.000000000) 
rho=(0.007142857143,0.007142857143) contrib=(-0.1000000000,7.635359993E-75)
COSET 9 c=1 d=94 gcd=1 a0=(-7.000000000,7.000000000) 
rho=(0.007142857143,0.007142857143) contrib=(-0.1000000000,-3.283520634E-74)
COSET 9 c=1 d=95 gcd=1 a0=(-7.000000000,7.000000000) 
rho=(0.007142857143,0.007142857143) contrib=(-0.1000000000,-5.329749737E-76)
COSET 9 c=1 d=96 gcd=1 a0=(-7.000000000,7.000000000) 
rho=(0.007142857143,0.007142857143) contrib=(-0.1000000000,-1.253872975E-74)
COSET 9 c=1 d=97 gcd=1 a0=(-7.000000000,7.000000000) 
rho=(0.007142857143,0.007142857143) contrib=(-0.1000000000,-7.106332982E-76)
COSET 9 c=1 d=98 gcd=1 a0=(-7.000000000,7.000000000) 
rho=(0.007142857143,0.007142857143) contrib=(-0.1000000000,1.045025745E-74)
COSET 9 c=1 d=99 gcd=1 a0=(-7.000000000,7.000000000) 
rho=(0.007142857143,0.007142857143) contrib=(-0.1000000000,2.246390815E-75)
COSET 9 c=1 d=100 gcd=1 a0=(-7.000000000,7.000000000) 
rho=(0.007142857143,0.007142857143) contrib=(-0.1000000000,-4.030869986E-75)
COSET 9 c=1 d=101 gcd=1 a0=(-7.000000000,7.000000000) 
rho=(0.007142857143,0.007142857143) contrib=(-0.1000000000,-2.192698521E-74)
COSET 9 c=1 d=102 gcd=1 a0=(-7.000000000,7.000000000) 
rho=(0.007142857143,0.007142857143) contrib=(-0.1000000000,-7.031321690E-75)
COSET 9 c=1 d=103 gcd=1 a0=(-7.000000000,7.000000000) 
rho=(0.007142857143,0.007142857143) contrib=(-0.1000000000,-1.926211035E-74)
COSET 9 c=1 d=104 gcd=1 a0=(-7.000000000,7.000000000) 
rho=(0.007142857143,0.007142857143) contrib=(-0.1000000000,-2.187171373E-75)
COSET 9 c=1 d=105 gcd=1 a0=(-7.000000000,7.000000000) 
rho=(0.007142857143,0.007142857143) contrib=(-0.1000000000,2.194277706E-74)
COSET 9 c=1 d=106 gcd=1 a0=(-7.000000000,7.000000000) 
rho=(0.007142857143,0.007142857143) contrib=(-0.1000000000,5.408708992E-76)
COSET 9 c=1 d=107 gcd=1 a0=(-7.000000000,7.000000000) 
rho=(0.007142857143,0.007142857143) contrib=(-0.1000000000,4.086141465E-75)
COSET 9 c=1 d=108 gcd=1 a0=(-7.000000000,7.000000000) 
rho=(0.007142857143,0.007142857143) contrib=(-0.1000000000,3.163502566E-74)
COSET 9 c=1 d=109 gcd=1 a0=(-7.000000000,7.000000000) 
rho=(0.007142857143,0.007142857143) contrib=(-0.1000000000,1.121616222E-74)
COSET 9 c=1 d=110 gcd=1 a0=(-7.000000000,7.000000000) 
rho=(0.007142857143,0.007142857143) contrib=(-0.1000000000,-2.562622633E-74)
COSET 9 c=1 d=111 gcd=1 a0=(-7.000000000,7.000000000) 
rho=(0.007142857143,0.007142857143) contrib=(-0.1000000000,-5.128798432E-74)
COSET 9 c=1 d=112 gcd=1 a0=(-7.000000000,7.000000000) 
rho=(0.007142857143,0.007142857143) contrib=(-0.1000000000,1.176887701E-74)
COSET 9 c=1 d=113 gcd=1 a0=(-7.000000000,7.000000000) 
rho=(0.007142857143,0.007142857143) contrib=(-0.1000000000,4.448169651E-74)
COSET 9 c=1 d=114 gcd=1 a0=(-7.000000000,7.000000000) 
rho=(0.007142857143,0.007142857143) contrib=(-0.1000000000,-8.172282930E-76)
COSET 9 c=1 d=115 gcd=1 a0=(-7.000000000,7.000000000) 
rho=(0.007142857143,0.007142857143) contrib=(-0.1000000000,2.472214285E-74)
COSET 9 c=1 d=116 gcd=1 a0=(-7.000000000,7.000000000) 
rho=(0.007142857143,0.007142857143) contrib=(-0.1000000000,-2.606445020E-74)
COSET 9 c=1 d=117 gcd=1 a0=(-7.000000000,7.000000000) 
rho=(0.007142857143,0.007142857143) contrib=(-0.1000000000,-1.964901070E-74)
COSET 9 c=1 d=118 gcd=1 a0=(-7.000000000,7.000000000) 
rho=(0.007142857143,0.007142857143) contrib=(-0.1000000000,1.510095759E-74)
COSET 9 c=1 d=119 gcd=1 a0=(-7.000000000,7.000000000) 
rho=(0.007142857143,0.007142857143) contrib=(-0.1000000000,1.195048330E-74)
COSET 9 c=1 d=120 gcd=1 a0=(-7.000000000,7.000000000) 
rho=(0.007142857143,0.007142857143) contrib=(-0.1000000000,-6.293052652E-75)
COSET 9 c=1 d=121 gcd=1 a0=(-7.000000000,7.000000000) 
rho=(0.007142857143,0.007142857143) contrib=(-0.1000000000,5.051418362E-74)
COSET 9 c=1 d=122 gcd=1 a0=(-7.000000000,7.000000000) 
rho=(0.007142857143,0.007142857143) contrib=(-0.1000000000,1.399158005E-74)
COSET 9 c=1 d=123 gcd=1 a0=(-7.000000000,7.000000000) 
rho=(0.007142857143,0.007142857143) contrib=(-0.1000000000,-4.133517018E-75)
COSET 9 c=1 d=124 gcd=1 a0=(-7.000000000,7.000000000) 
rho=(0.007142857143,0.007142857143) contrib=(-0.1000000000,-1.156753091E-75)
COSET 9 c=1 d=125 gcd=1 a0=(-7.000000000,7.000000000) 
rho=(0.007142857143,0.007142857143) contrib=(-0.1000000000,9.601445452E-75)
COSET 9 c=1 d=126 gcd=1 a0=(-7.000000000,7.000000000) 
rho=(0.007142857143,0.007142857143) contrib=(-0.1000000000,1.446138762E-74)
COSET 9 c=1 d=127 gcd=1 a0=(-7.000000000,7.000000000) 
rho=(0.007142857143,0.007142857143) contrib=(-0.1000000000,6.790495961E-76)
COSET 9 c=1 d=128 gcd=1 a0=(-7.000000000,7.000000000) 
rho=(0.007142857143,0.007142857143) contrib=(-0.1000000000,-1.231369587E-74)
COSET 9 c=1 d=129 gcd=1 a0=(-7.000000000,7.000000000) 
rho=(0.007142857143,0.007142857143) contrib=(-0.1000000000,2.755678012E-75)
COSET 9 c=1 d=130 gcd=1 a0=(-7.000000000,7.000000000) 
rho=(0.007142857143,0.007142857143) contrib=(-0.1000000000,1.196232719E-75)
COSET 9 c=1 d=131 gcd=1 a0=(-7.000000000,7.000000000) 
rho=(0.007142857143,0.007142857143) contrib=(-0.1000000000,2.290213202E-74)
COSET 9 c=1 d=132 gcd=1 a0=(-7.000000000,7.000000000) 
rho=(0.007142857143,0.007142857143) contrib=(-0.1000000000,-7.789330541E-75)
COSET 9 c=1 d=133 gcd=1 a0=(-7.000000000,7.000000000) 
rho=(0.007142857143,0.007142857143) contrib=(-0.1000000000,-1.620638716E-74)
COSET 9 c=1 d=134 gcd=1 a0=(-7.000000000,7.000000000) 
rho=(0.007142857143,0.007142857143) contrib=(-0.1000000000,1.413370671E-75)
COSET 9 c=1 d=135 gcd=1 a0=(-7.000000000,7.000000000) 
rho=(0.007142857143,0.007142857143) contrib=(-0.1000000000,-1.683016528E-74)
COSET 9 c=1 d=136 gcd=1 a0=(-7.000000000,7.000000000) 
rho=(0.007142857143,0.007142857143) contrib=(-0.1000000000,-3.224695989E-74)
COSET 9 c=1 d=137 gcd=1 a0=(-7.000000000,7.000000000) 
rho=(0.007142857143,0.007142857143) contrib=(-0.1000000000,-1.634456586E-74)
COSET 9 c=1 d=138 gcd=1 a0=(-7.000000000,7.000000000) 
rho=(0.007142857143,0.007142857143) contrib=(-0.1000000000,3.613846679E-73)
COSET 9 c=1 d=139 gcd=1 a0=(-7.000000000,7.000000000) 
rho=(0.007142857143,0.007142857143) contrib=(-0.1000000000,1.732221584E-68)
COSET 9 c=4 d=1 gcd=4 a0=(8.000000000,-1.366290329E-68) 
rho=(0.02857142857,-2.409645244E-81) contrib=(0.2285714286,-3.903686655E-70)
COSET 9 c=4 d=3 gcd=4 a0=(2.326131078E-68,8.000000000) 
rho=(3.855432391E-81,-0.02857142857) contrib=(0.2285714286,-6.646088795E-70)
COSET 9 c=4 d=5 gcd=4 a0=(8.000000000,-3.163985677E-68) 
rho=(0.02857142857,-2.409645244E-81) contrib=(0.2285714286,-9.039959078E-70)
COSET 9 c=4 d=7 gcd=4 a0=(4.918277406E-68,8.000000000) 
rho=(3.855432391E-81,-0.02857142857) contrib=(0.2285714286,-1.405222116E-69)
COSET 9 c=4 d=9 gcd=4 a0=(8.000000000,1.057128691E-68) 
rho=(0.02857142857,-2.409645244E-81) contrib=(0.2285714286,3.020367689E-70)
COSET 9 c=4 d=11 gcd=4 a0=(-2.331018020E-68,8.000000000) 
rho=(3.855432391E-81,-0.02857142857) contrib=(0.2285714286,6.660051486E-70)
COSET 9 c=4 d=13 gcd=4 a0=(8.000000000,6.390221184E-68) 
rho=(0.02857142857,-2.409645244E-81) contrib=(0.2285714286,1.825777481E-69)
COSET 9 c=4 d=15 gcd=4 a0=(-9.544321553E-68,8.000000000) 
rho=(3.855432391E-81,-0.02857142857) contrib=(0.2285714286,2.726949015E-69)
COSET 9 c=4 d=17 gcd=4 a0=(8.000000000,2.556879459E-68) 
rho=(0.02857142857,-2.409645244E-81) contrib=(0.2285714286,7.305369882E-70)
COSET 9 c=4 d=19 gcd=4 a0=(-3.962213317E-69,8.000000000) 
rho=(3.855432391E-81,-0.02857142857) contrib=(0.2285714286,1.132060948E-70)
COSET 9 c=4 d=21 gcd=4 a0=(8.000000000,6.075269628E-68) 
rho=(0.02857142857,-2.409645244E-81) contrib=(0.2285714286,1.735791322E-69)
COSET 9 c=4 d=23 gcd=4 a0=(1.106971384E-67,8.000000000) 
rho=(3.855432391E-81,-0.02857142857) contrib=(0.2285714286,-3.162775384E-69)
COSET 9 c=4 d=25 gcd=4 a0=(8.000000000,6.796781040E-68) 
rho=(0.02857142857,-2.409645244E-81) contrib=(0.2285714286,1.941937440E-69)
COSET 9 c=4 d=27 gcd=4 a0=(-2.094758669E-67,8.000000000) 
rho=(3.855432391E-81,-0.02857142857) contrib=(0.2285714286,5.985024770E-69)
COSET 9 c=4 d=29 gcd=4 a0=(8.000000000,6.637569818E-67) 
rho=(0.02857142857,-2.409645244E-81) contrib=(0.2285714286,1.896448519E-68)
COSET 9 c=4 d=31 gcd=4 a0=(1.293792421E-67,8.000000000) 
rho=(3.855432391E-81,-0.02857142857) contrib=(0.2285714286,-3.696549774E-69)
COSET 9 c=4 d=33 gcd=4 a0=(8.000000000,4.183488369E-66) 
rho=(0.02857142857,-2.409645244E-81) contrib=(0.2285714286,1.195282391E-67)
COSET 9 c=4 d=35 gcd=4 a0=(1.171666098E-67,8.000000000) 
rho=(3.855432391E-81,-0.02857142857) contrib=(0.2285714286,-3.347617422E-69)
COSET 9 c=4 d=37 gcd=4 a0=(8.000000000,1.409913193E-67) 
rho=(0.02857142857,-2.409645244E-81) contrib=(0.2285714286,4.028323407E-69)
COSET 9 c=4 d=39 gcd=4 a0=(-1.512811355E-67,8.000000000) 
rho=(3.855432391E-81,-0.02857142857) contrib=(0.2285714286,4.322318158E-69)
COSET 9 c=4 d=41 gcd=4 a0=(8.000000000,-6.340668005E-67) 
rho=(0.02857142857,-2.409645244E-81) contrib=(0.2285714286,-1.811619430E-68)
COSET 9 c=4 d=43 gcd=4 a0=(-3.699556615E-67,8.000000000) 
rho=(3.855432391E-81,-0.02857142857) contrib=(0.2285714286,1.057016176E-68)
COSET 9 c=4 d=45 gcd=4 a0=(8.000000000,2.344979405E-67) 
rho=(0.02857142857,-2.409645244E-81) contrib=(0.2285714286,6.699941157E-69)
COSET 9 c=4 d=47 gcd=4 a0=(-1.704250156E-67,8.000000000) 
rho=(3.855432391E-81,-0.02857142857) contrib=(0.2285714286,4.869286162E-69)
COSET 9 c=4 d=49 gcd=4 a0=(8.000000000,9.071578381E-67) 
rho=(0.02857142857,-2.409645244E-81) contrib=(0.2285714286,2.591879537E-68)
COSET 9 c=4 d=51 gcd=4 a0=(-4.156122214E-68,8.000000000) 
rho=(3.855432391E-81,-0.02857142857) contrib=(0.2285714286,1.187463490E-69)
COSET 9 c=4 d=53 gcd=4 a0=(8.000000000,7.906580939E-67) 
rho=(0.02857142857,-2.409645244E-81) contrib=(0.2285714286,2.259023125E-68)
COSET 9 c=4 d=55 gcd=4 a0=(-4.770795971E-67,8.000000000) 
rho=(3.855432391E-81,-0.02857142857) contrib=(0.2285714286,1.363084563E-68)
COSET 9 c=4 d=57 gcd=4 a0=(8.000000000,6.940412464E-67) 
rho=(0.02857142857,-2.409645244E-81) contrib=(0.2285714286,1.982974990E-68)
COSET 9 c=4 d=59 gcd=4 a0=(8.125147161E-68,8.000000000) 
rho=(3.855432391E-81,-0.02857142857) contrib=(0.2285714286,-2.321470617E-69)
COSET 9 c=4 d=61 gcd=4 a0=(8.000000000,-1.282437173E-67) 
rho=(0.02857142857,-2.409645244E-81) contrib=(0.2285714286,-3.664106208E-69)
COSET 9 c=4 d=63 gcd=4 a0=(-9.944720205E-67,8.000000000) 
rho=(3.855432391E-81,-0.02857142857) contrib=(0.2285714286,2.841348630E-68)
COSET 9 c=4 d=65 gcd=4 a0=(8.000000000,2.506054012E-67) 
rho=(0.02857142857,-2.409645244E-81) contrib=(0.2285714286,7.160154321E-69)
COSET 9 c=4 d=67 gcd=4 a0=(9.270331851E-68,8.000000000) 
rho=(3.855432391E-81,-0.02857142857) contrib=(0.2285714286,-2.648666243E-69)
COSET 9 c=4 d=69 gcd=4 a0=(8.000000000,-7.185681638E-67) 
rho=(0.02857142857,-2.409645244E-81) contrib=(0.2285714286,-2.053051896E-68)
COSET 9 c=5 d=1 gcd=5 a0=(-1.000000000,1.000000000) 
rho=(0.03571428571,0.03571428571) contrib=(-0.07142857143,-3.612569118E-69)
COSET 9 c=5 d=2 gcd=5 a0=(-1.000000000,1.000000000) 
rho=(0.03571428571,0.03571428571) contrib=(-0.07142857143,2.103019757E-70)
COSET 9 c=5 d=3 gcd=5 a0=(1.000000000,-1.000000000) 
rho=(-0.03571428571,-0.03571428571) contrib=(-0.07142857143,-2.897655597E-69)
COSET 9 c=5 d=4 gcd=5 a0=(1.000000000,-1.000000000) 
rho=(-0.03571428571,-0.03571428571) contrib=(-0.07142857143,-1.283561655E-69)
COSET 9 c=5 d=6 gcd=5 a0=(-1.000000000,1.000000000) 
rho=(0.03571428571,0.03571428571) contrib=(-0.07142857143,3.768941291E-69)
COSET 9 c=5 d=7 gcd=5 a0=(-1.000000000,1.000000000) 
rho=(0.03571428571,0.03571428571) contrib=(-0.07142857143,-3.848421046E-69)
COSET 9 c=5 d=8 gcd=5 a0=(1.000000000,-1.000000000) 
rho=(-0.03571428571,-0.03571428571) contrib=(-0.07142857143,8.497784564E-70)
COSET 9 c=5 d=9 gcd=5 a0=(1.000000000,-1.000000000) 
rho=(-0.03571428571,-0.03571428571) contrib=(-0.07142857143,1.733240805E-68)
COSET 9 c=5 d=11 gcd=5 a0=(-1.000000000,1.000000000) 
rho=(0.03571428571,0.03571428571) contrib=(-0.07142857143,3.803627776E-69)
COSET 9 c=5 d=12 gcd=5 a0=(-1.000000000,1.000000000) 
rho=(0.03571428571,0.03571428571) contrib=(-0.07142857143,5.563016854E-69)
COSET 9 c=5 d=13 gcd=5 a0=(1.000000000,-1.000000000) 
rho=(-0.03571428571,-0.03571428571) contrib=(-0.07142857143,-7.664581235E-69)
COSET 9 c=5 d=14 gcd=5 a0=(1.000000000,-1.000000000) 
rho=(-0.03571428571,-0.03571428571) contrib=(-0.07142857143,6.110076895E-69)
COSET 9 c=5 d=16 gcd=5 a0=(-1.000000000,1.000000000) 
rho=(0.03571428571,0.03571428571) contrib=(-0.07142857143,-2.870811976E-69)
COSET 9 c=5 d=17 gcd=5 a0=(-1.000000000,1.000000000) 
rho=(0.03571428571,0.03571428571) contrib=(-0.07142857143,1.375404029E-68)
COSET 9 c=5 d=18 gcd=5 a0=(1.000000000,-1.000000000) 
rho=(-0.03571428571,-0.03571428571) contrib=(-0.07142857143,-1.607213243E-68)
COSET 9 c=5 d=19 gcd=5 a0=(1.000000000,-1.000000000) 
rho=(-0.03571428571,-0.03571428571) contrib=(-0.07142857143,1.430918576E-68)
COSET 9 c=5 d=21 gcd=5 a0=(-1.000000000,1.000000000) 
rho=(0.03571428571,0.03571428571) contrib=(-0.07142857143,-4.077481214E-69)
COSET 9 c=5 d=22 gcd=5 a0=(-1.000000000,1.000000000) 
rho=(0.03571428571,0.03571428571) contrib=(-0.07142857143,-1.494324500E-68)
COSET 9 c=5 d=23 gcd=5 a0=(1.000000000,-1.000000000) 
rho=(-0.03571428571,-0.03571428571) contrib=(-0.07142857143,7.176302253E-69)
COSET 9 c=5 d=24 gcd=5 a0=(1.000000000,-1.000000000) 
rho=(-0.03571428571,-0.03571428571) contrib=(-0.07142857143,2.557008440E-68)
COSET 9 c=5 d=26 gcd=5 a0=(-1.000000000,1.000000000) 
rho=(0.03571428571,0.03571428571) contrib=(-0.07142857143,9.449196848E-69)
COSET 9 c=5 d=27 gcd=5 a0=(-1.000000000,1.000000000) 
rho=(0.03571428571,0.03571428571) contrib=(-0.07142857143,7.531349556E-68)
COSET 9 c=5 d=28 gcd=5 a0=(1.000000000,-1.000000000) 
rho=(-0.03571428571,-0.03571428571) contrib=(-0.07142857143,3.395257077E-68)
COSET 9 c=5 d=33 gcd=5 a0=(1.000000000,-1.000000000) 
rho=(-0.03571428571,-0.03571428571) contrib=(-0.07142857143,7.667047290E-68)
COSET 9 c=5 d=38 gcd=5 a0=(1.000000000,-1.000000000) 
rho=(-0.03571428571,-0.03571428571) contrib=(-0.07142857143,9.620357267E-68)
COSET 9 c=5 d=43 gcd=5 a0=(1.000000000,-1.000000000) 
rho=(-0.03571428571,-0.03571428571) contrib=(-0.07142857143,-2.813890565E-69)
COSET 9 c=5 d=48 gcd=5 a0=(1.000000000,-1.000000000) 
rho=(-0.03571428571,-0.03571428571) contrib=(-0.07142857143,-6.819007201E-68)
COSET 9 c=5 d=53 gcd=5 a0=(1.000000000,-1.000000000) 
rho=(-0.03571428571,-0.03571428571) contrib=(-0.07142857143,3.020327707E-68)
COSET 9 c=7 d=1 gcd=7 a0=(3.000000000,3.000000000) 
rho=(-5.805268376E-82,1.302243826E-81) contrib=(-5.648311992E-81,2.165150966E-8\
1)
COSET 9 c=7 d=2 gcd=7 a0=(3.000000000,3.000000000) 
rho=(1.082988338E-81,1.074172843E-81) contrib=(2.644648569E-83,6.471483541E-81)
COSET 9 c=7 d=3 gcd=7 a0=(3.000000000,3.000000000) 
rho=(-2.263170400E-81,-2.783299996E-82) contrib=(-5.954521200E-81,-7.624501198E\
-81)
COSET 9 c=7 d=4 gcd=7 a0=(3.000000000,3.000000000) 
rho=(2.758838011E-82,2.979771173E-81) contrib=(-8.111662117E-81,9.766964924E-81\
)
COSET 9 c=7 d=5 gcd=7 a0=(-3.000000000,-3.000000000) 
rho=(1.333512021E-81,9.834758726E-83) contrib=(-3.705493300E-81,-4.295578824E-8\
1)
COSET 9 c=7 d=6 gcd=7 a0=(3.000000000,3.000000000) 
rho=(-3.642705897E-82,2.895574681E-81) contrib=(-9.779535811E-81,7.593912273E-8\
1)
COSET 9 c=7 d=8 gcd=7 a0=(3.000000000,3.000000000) 
rho=(-5.805268376E-82,1.302243826E-81) contrib=(-5.648311992E-81,2.165150966E-8\
1)
COSET 9 c=7 d=9 gcd=7 a0=(3.000000000,3.000000000) 
rho=(1.082988338E-81,1.074172843E-81) contrib=(2.644648569E-83,6.471483541E-81)
COSET 9 c=7 d=10 gcd=7 a0=(3.000000000,3.000000000) 
rho=(-2.263170400E-81,-2.783299996E-82) contrib=(-5.954521200E-81,-7.624501198E\
-81)
COSET 9 c=7 d=11 gcd=7 a0=(3.000000000,3.000000000) 
rho=(2.758838011E-82,2.979771173E-81) contrib=(-8.111662117E-81,9.766964924E-81\
)
COSET 9 c=7 d=12 gcd=7 a0=(-3.000000000,-3.000000000) 
rho=(1.333512021E-81,9.834758726E-83) contrib=(-3.705493300E-81,-4.295578824E-8\
1)
COSET 9 c=7 d=13 gcd=7 a0=(3.000000000,3.000000000) 
rho=(-3.642705897E-82,2.895574681E-81) contrib=(-9.779535811E-81,7.593912273E-8\
1)
COSET 9 c=7 d=15 gcd=7 a0=(3.000000000,3.000000000) 
rho=(-5.805268376E-82,1.302243826E-81) contrib=(-5.648311992E-81,2.165150966E-8\
1)
COSET 9 c=7 d=16 gcd=7 a0=(3.000000000,3.000000000) 
rho=(1.082988338E-81,1.074172843E-81) contrib=(2.644648569E-83,6.471483541E-81)
COSET 9 c=7 d=17 gcd=7 a0=(3.000000000,3.000000000) 
rho=(-2.263170400E-81,-2.783299996E-82) contrib=(-5.954521200E-81,-7.624501198E\
-81)
COSET 9 c=7 d=18 gcd=7 a0=(3.000000000,3.000000000) 
rho=(2.758838011E-82,2.979771173E-81) contrib=(-8.111662117E-81,9.766964924E-81\
)
COSET 9 c=7 d=19 gcd=7 a0=(-3.000000000,-3.000000000) 
rho=(1.333512021E-81,9.834758726E-83) contrib=(-3.705493300E-81,-4.295578824E-8\
1)
COSET 9 c=7 d=20 gcd=7 a0=(3.000000000,3.000000000) 
rho=(-3.642705897E-82,2.895574681E-81) contrib=(-9.779535811E-81,7.593912273E-8\
1)
COSET 9 c=7 d=27 gcd=7 a0=(3.000000000,3.000000000) 
rho=(-3.642705897E-82,2.895574681E-81) contrib=(-9.779535811E-81,7.593912273E-8\
1)
COSET 9 c=7 d=34 gcd=7 a0=(3.000000000,3.000000000) 
rho=(-3.642705897E-82,2.895574681E-81) contrib=(-9.779535811E-81,7.593912273E-8\
1)
COSET 9 c=20 d=1 gcd=20 a0=(8.000000000,-2.663487637E-69) 
rho=(-0.1428571429,2.602416864E-80) contrib=(-1.142857143,3.804982340E-70)
COSET 9 c=20 d=3 gcd=20 a0=(3.101760659E-69,8.000000000) 
rho=(5.783148586E-81,0.1428571429) contrib=(-1.142857143,4.431086657E-70)
COSET 9 c=20 d=7 gcd=20 a0=(-1.237594243E-69,8.000000000) 
rho=(7.710864781E-81,0.1428571429) contrib=(-1.142857143,-1.767991775E-70)
COSET 9 c=20 d=9 gcd=20 a0=(8.000000000,-1.459479079E-69) 
rho=(-0.1428571429,-4.819290488E-81) contrib=(-1.142857143,2.084970113E-70)
COSET 9 c=20 d=11 gcd=20 a0=(3.843947260E-69,-8.000000000) 
rho=(-1.927716195E-81,-0.1428571429) contrib=(-1.142857143,-5.491353229E-70)
COSET 9 c=20 d=13 gcd=20 a0=(8.000000000,1.586867639E-69) 
rho=(-0.1428571429,-2.024102005E-80) contrib=(-1.142857143,-2.266953772E-70)
COSET 9 c=20 d=19 gcd=20 a0=(-1.011944609E-69,8.000000000) 
rho=(-2.891574293E-80,0.1428571429) contrib=(-1.142857143,-1.445635158E-70)
COSET 9 c=28 d=1 gcd=28 a0=(16.00000000,-1.173403102E-69) 
rho=(1.367850183E-80,7.240230945E-81) contrib=(2.188560293E-79,1.158436951E-79)
COSET 9 c=28 d=3 gcd=28 a0=(5.708826447E-69,-16.00000000) 
rho=(4.785404852E-81,2.927342465E-81) contrib=(4.683747943E-80,-7.656647763E-80\
)
COSET 9 c=28 d=5 gcd=28 a0=(-16.00000000,6.455469476E-69) 
rho=(5.628093312E-82,1.985504322E-81) contrib=(-9.004949298E-81,-3.176806916E-8\
0)
COSET 9 c=28 d=9 gcd=28 a0=(16.00000000,-1.045676730E-69) 
rho=(3.714242240E-81,2.123499872E-81) contrib=(5.942787583E-80,3.397599794E-80)
COSET 9 c=28 d=17 gcd=28 a0=(16.00000000,-8.741929783E-69) 
rho=(-5.075785929E-81,-2.558836170E-81) contrib=(-8.121257487E-80,-4.094137873E\
-80)
COSET 9 c=35 d=1 gcd=35 a0=(3.000000000,3.000000000) 
rho=(1.512617151E-80,-2.772974566E-81) contrib=(5.369743824E-80,3.705959084E-80\
)
COSET 9 c=35 d=2 gcd=35 a0=(-3.000000000,-3.000000000) 
rho=(5.161413766E-81,4.461858628E-81) contrib=(-2.098665414E-81,-2.886981718E-8\
0)
COSET 9 c=35 d=3 gcd=35 a0=(3.000000000,3.000000000) 
rho=(-3.915673522E-82,6.515454836E-81) contrib=(-2.072106656E-80,1.837166245E-8\
0)
COSET 9 c=35 d=4 gcd=35 a0=(3.000000000,3.000000000) 
rho=(-1.063161232E-81,-4.362753213E-81) contrib=(9.898775941E-81,-1.627774333E-\
80)
FORM 10:
  c_eta(0)[1] (trivial) = 2.21804054326E-69 + -5.96608979749E-70 i   (half: 
1.10902027163E-69)
  c_eta(0)[2] = -6.00000000000 + -5.54790273173E-70 i   (half: -3.00000000000)
  c_eta(0)[3] = -6.00000000000 + -5.54790273091E-70 i   (half: -3.00000000000)
  c_eta(0)[4] = -6.00000000000 + -5.54790273094E-70 i   (half: -3.00000000000)
  c_eta(0)[5] = -6.00000000000 + -5.54790273095E-70 i   (half: -3.00000000000)
  c_eta(0)[6] = -6.00000000000 + -5.54790273081E-70 i   (half: -3.00000000000)
  c_eta(0)[7] = -6.00000000000 + -5.54790273085E-70 i   (half: -3.00000000000)
  c_eta(0)[8] = -6.00000000000 + -5.54790273137E-70 i   (half: -3.00000000000)
  c_eta(0)[9] = -6.00000000000 + -5.54790273098E-70 i   (half: -3.00000000000)
  c_eta(0)[10] = -6.00000000000 + -5.54790273050E-70 i   (half: -3.00000000000)
  c_eta(0)[11] = -6.00000000000 + -5.54790273057E-70 i   (half: -3.00000000000)
  c_eta(0)[12] = -6.00000000000 + -5.54790273092E-70 i   (half: -3.00000000000)
  c_eta(0)[13] = -6.00000000000 + -5.54790273068E-70 i   (half: -3.00000000000)
COSET 10 c=1 d=0 gcd=1 a0=(-3.000000000,3.000000000) 
rho=(0.007142857143,0.007142857143) contrib=(-0.04285714286,-1.231181627E-70)
COSET 10 c=1 d=1 gcd=1 a0=(-3.000000000,3.000000000) 
rho=(0.007142857143,0.007142857143) contrib=(-0.04285714286,-4.241947199E-75)
COSET 10 c=1 d=2 gcd=1 a0=(-3.000000000,3.000000000) 
rho=(0.007142857143,0.007142857143) contrib=(-0.04285714286,4.952688449E-77)
COSET 10 c=1 d=3 gcd=1 a0=(-3.000000000,3.000000000) 
rho=(0.007142857143,0.007142857143) contrib=(-0.04285714286,5.389894482E-78)
COSET 10 c=1 d=4 gcd=1 a0=(-3.000000000,3.000000000) 
rho=(0.007142857143,0.007142857143) contrib=(-0.04285714286,-3.292539262E-78)
COSET 10 c=1 d=5 gcd=1 a0=(-3.000000000,3.000000000) 
rho=(0.007142857143,0.007142857143) contrib=(-0.04285714286,6.022185394E-78)
COSET 10 c=1 d=6 gcd=1 a0=(-3.000000000,3.000000000) 
rho=(0.007142857143,0.007142857143) contrib=(-0.04285714286,3.408202233E-78)
COSET 10 c=1 d=7 gcd=1 a0=(-3.000000000,3.000000000) 
rho=(0.007142857143,0.007142857143) contrib=(-0.04285714286,-2.853019969E-79)
COSET 10 c=1 d=8 gcd=1 a0=(-3.000000000,3.000000000) 
rho=(0.007142857143,0.007142857143) contrib=(-0.04285714286,7.556647486E-79)
COSET 10 c=1 d=9 gcd=1 a0=(-3.000000000,3.000000000) 
rho=(0.007142857143,0.007142857143) contrib=(-0.04285714286,-1.002412422E-78)
COSET 10 c=1 d=10 gcd=1 a0=(-3.000000000,3.000000000) 
rho=(0.007142857143,0.007142857143) contrib=(-0.04285714286,6.939778303E-79)
COSET 10 c=1 d=11 gcd=1 a0=(-3.000000000,3.000000000) 
rho=(0.007142857143,0.007142857143) contrib=(-0.04285714286,3.701215095E-79)
COSET 10 c=1 d=12 gcd=1 a0=(-3.000000000,3.000000000) 
rho=(0.007142857143,0.007142857143) contrib=(-0.04285714286,-3.007237265E-79)
COSET 10 c=1 d=13 gcd=1 a0=(-3.000000000,3.000000000) 
rho=(0.007142857143,0.007142857143) contrib=(-0.04285714286,4.009649686E-79)
COSET 10 c=1 d=14 gcd=1 a0=(-3.000000000,3.000000000) 
rho=(0.007142857143,0.007142857143) contrib=(-0.04285714286,1.542172956E-79)
COSET 10 c=1 d=15 gcd=1 a0=(-3.000000000,3.000000000) 
rho=(0.007142857143,0.007142857143) contrib=(-0.04285714286,-3.084345912E-80)
COSET 10 c=1 d=16 gcd=1 a0=(-3.000000000,3.000000000) 
rho=(0.007142857143,0.007142857143) contrib=(-0.04285714286,1.310847013E-79)
COSET 10 c=1 d=17 gcd=1 a0=(-3.000000000,3.000000000) 
rho=(0.007142857143,0.007142857143) contrib=(-0.04285714286,1.025545016E-78)
COSET 10 c=1 d=18 gcd=1 a0=(-3.000000000,3.000000000) 
rho=(0.007142857143,0.007142857143) contrib=(-0.04285714286,1.850607547E-79)
COSET 10 c=1 d=19 gcd=1 a0=(-3.000000000,3.000000000) 
rho=(0.007142857143,0.007142857143) contrib=(-0.04285714286,-2.613983161E-78)
COSET 10 c=1 d=20 gcd=1 a0=(-3.000000000,3.000000000) 
rho=(0.007142857143,0.007142857143) contrib=(-0.04285714286,1.665546793E-78)
COSET 10 c=1 d=21 gcd=1 a0=(-3.000000000,3.000000000) 
rho=(0.007142857143,0.007142857143) contrib=(-0.04285714286,1.172051447E-78)
COSET 10 c=1 d=22 gcd=1 a0=(-3.000000000,3.000000000) 
rho=(0.007142857143,0.007142857143) contrib=(-0.04285714286,-9.407255033E-79)
COSET 10 c=1 d=23 gcd=1 a0=(-3.000000000,3.000000000) 
rho=(0.007142857143,0.007142857143) contrib=(-0.04285714286,1.310847013E-79)
COSET 10 c=1 d=24 gcd=1 a0=(-3.000000000,3.000000000) 
rho=(0.007142857143,0.007142857143) contrib=(-0.04285714286,1.048677610E-78)
COSET 10 c=1 d=25 gcd=1 a0=(-3.000000000,3.000000000) 
rho=(0.007142857143,0.007142857143) contrib=(-0.04285714286,5.397605347E-79)
COSET 10 c=1 d=26 gcd=1 a0=(-3.000000000,3.000000000) 
rho=(0.007142857143,0.007142857143) contrib=(-0.04285714286,-4.549410221E-79)
COSET 10 c=1 d=27 gcd=1 a0=(-3.000000000,3.000000000) 
rho=(0.007142857143,0.007142857143) contrib=(-0.04285714286,-1.573016415E-78)
COSET 10 c=1 d=28 gcd=1 a0=(-3.000000000,3.000000000) 
rho=(0.007142857143,0.007142857143) contrib=(-0.04285714286,-1.565305551E-78)
COSET 10 c=1 d=29 gcd=1 a0=(-3.000000000,3.000000000) 
rho=(0.007142857143,0.007142857143) contrib=(-0.04285714286,-2.089644356E-78)
COSET 10 c=1 d=30 gcd=1 a0=(-3.000000000,3.000000000) 
rho=(0.007142857143,0.007142857143) contrib=(-0.04285714286,9.021711794E-79)
COSET 10 c=1 d=31 gcd=1 a0=(-3.000000000,3.000000000) 
rho=(0.007142857143,0.007142857143) contrib=(-0.04285714286,-1.688679387E-78)
COSET 10 c=1 d=32 gcd=1 a0=(-3.000000000,3.000000000) 
rho=(0.007142857143,0.007142857143) contrib=(-0.04285714286,4.549410221E-79)
COSET 10 c=1 d=33 gcd=1 a0=(-3.000000000,3.000000000) 
rho=(0.007142857143,0.007142857143) contrib=(-0.04285714286,-4.240975630E-79)
COSET 10 c=1 d=34 gcd=1 a0=(-3.000000000,3.000000000) 
rho=(0.007142857143,0.007142857143) contrib=(-0.04285714286,9.615448382E-78)
COSET 10 c=1 d=35 gcd=1 a0=(-3.000000000,3.000000000) 
rho=(0.007142857143,0.007142857143) contrib=(-0.04285714286,-3.909408444E-78)
COSET 10 c=1 d=36 gcd=1 a0=(-3.000000000,3.000000000) 
rho=(0.007142857143,0.007142857143) contrib=(-0.04285714286,-4.102180064E-78)
COSET 10 c=1 d=37 gcd=1 a0=(-3.000000000,3.000000000) 
rho=(0.007142857143,0.007142857143) contrib=(-0.04285714286,-1.665546793E-78)
COSET 10 c=1 d=38 gcd=1 a0=(-3.000000000,3.000000000) 
rho=(0.007142857143,0.007142857143) contrib=(-0.04285714286,2.498320189E-78)
COSET 10 c=1 d=39 gcd=1 a0=(-3.000000000,3.000000000) 
rho=(0.007142857143,0.007142857143) contrib=(-0.04285714286,-3.014948130E-78)
COSET 10 c=1 d=40 gcd=1 a0=(-3.000000000,3.000000000) 
rho=(0.007142857143,0.007142857143) contrib=(-0.04285714286,3.192298019E-78)
COSET 10 c=1 d=41 gcd=1 a0=(-3.000000000,3.000000000) 
rho=(0.007142857143,0.007142857143) contrib=(-0.04285714286,-4.834712218E-78)
COSET 10 c=1 d=42 gcd=1 a0=(-3.000000000,3.000000000) 
rho=(0.007142857143,0.007142857143) contrib=(-0.04285714286,-1.002412422E-78)
COSET 10 c=1 d=43 gcd=1 a0=(-3.000000000,3.000000000) 
rho=(0.007142857143,0.007142857143) contrib=(-0.04285714286,2.336392029E-78)
COSET 10 c=1 d=44 gcd=1 a0=(-3.000000000,3.000000000) 
rho=(0.007142857143,0.007142857143) contrib=(-0.04285714286,-4.202421306E-78)
COSET 10 c=1 d=45 gcd=1 a0=(-3.000000000,3.000000000) 
rho=(0.007142857143,0.007142857143) contrib=(-0.04285714286,2.012535708E-78)
COSET 10 c=1 d=46 gcd=1 a0=(-3.000000000,3.000000000) 
rho=(0.007142857143,0.007142857143) contrib=(-0.04285714286,-4.549410221E-79)
COSET 10 c=1 d=47 gcd=1 a0=(-3.000000000,3.000000000) 
rho=(0.007142857143,0.007142857143) contrib=(-0.04285714286,1.295425283E-78)
COSET 10 c=1 d=48 gcd=1 a0=(-3.000000000,3.000000000) 
rho=(0.007142857143,0.007142857143) contrib=(-0.04285714286,-1.588438145E-78)
COSET 10 c=1 d=49 gcd=1 a0=(-3.000000000,3.000000000) 
rho=(0.007142857143,0.007142857143) contrib=(-0.04285714286,7.841949483E-78)
COSET 10 c=1 d=50 gcd=1 a0=(-3.000000000,3.000000000) 
rho=(0.007142857143,0.007142857143) contrib=(-0.04285714286,-7.171104246E-79)
COSET 10 c=1 d=51 gcd=1 a0=(-3.000000000,3.000000000) 
rho=(0.007142857143,0.007142857143) contrib=(-0.04285714286,7.880503806E-78)
COSET 10 c=1 d=52 gcd=1 a0=(-3.000000000,3.000000000) 
rho=(0.007142857143,0.007142857143) contrib=(-0.04285714286,-1.164340582E-78)
COSET 10 c=1 d=53 gcd=1 a0=(-3.000000000,3.000000000) 
rho=(0.007142857143,0.007142857143) contrib=(-0.04285714286,1.387955661E-79)
COSET 10 c=1 d=54 gcd=1 a0=(-3.000000000,3.000000000) 
rho=(0.007142857143,0.007142857143) contrib=(-0.04285714286,-1.418799120E-78)
COSET 10 c=1 d=55 gcd=1 a0=(-3.000000000,3.000000000) 
rho=(0.007142857143,0.007142857143) contrib=(-0.04285714286,1.320871137E-77)
COSET 10 c=1 d=56 gcd=1 a0=(-3.000000000,3.000000000) 
rho=(0.007142857143,0.007142857143) contrib=(-0.04285714286,1.343232645E-77)
COSET 10 c=1 d=57 gcd=1 a0=(-3.000000000,3.000000000) 
rho=(0.007142857143,0.007142857143) contrib=(-0.04285714286,4.996640378E-78)
COSET 10 c=1 d=58 gcd=1 a0=(-3.000000000,3.000000000) 
rho=(0.007142857143,0.007142857143) contrib=(-0.04285714286,-4.857844812E-79)
COSET 10 c=1 d=59 gcd=1 a0=(-3.000000000,3.000000000) 
rho=(0.007142857143,0.007142857143) contrib=(-0.04285714286,4.032782281E-78)
COSET 10 c=1 d=60 gcd=1 a0=(-3.000000000,3.000000000) 
rho=(0.007142857143,0.007142857143) contrib=(-0.04285714286,3.909408444E-78)
COSET 10 c=1 d=61 gcd=1 a0=(-3.000000000,3.000000000) 
rho=(0.007142857143,0.007142857143) contrib=(-0.04285714286,-1.472775173E-78)
COSET 10 c=1 d=62 gcd=1 a0=(-3.000000000,3.000000000) 
rho=(0.007142857143,0.007142857143) contrib=(-0.04285714286,1.002412422E-79)
COSET 10 c=1 d=63 gcd=1 a0=(-3.000000000,3.000000000) 
rho=(0.007142857143,0.007142857143) contrib=(-0.04285714286,-1.472775173E-78)
COSET 10 c=1 d=64 gcd=1 a0=(-3.000000000,3.000000000) 
rho=(0.007142857143,0.007142857143) contrib=(-0.04285714286,-8.019299373E-79)
COSET 10 c=1 d=65 gcd=1 a0=(-3.000000000,3.000000000) 
rho=(0.007142857143,0.007142857143) contrib=(-0.04285714286,1.349401337E-78)
COSET 10 c=1 d=66 gcd=1 a0=(-3.000000000,3.000000000) 
rho=(0.007142857143,0.007142857143) contrib=(-0.04285714286,3.238563208E-78)
COSET 10 c=1 d=67 gcd=1 a0=(-3.000000000,3.000000000) 
rho=(0.007142857143,0.007142857143) contrib=(-0.04285714286,6.253511337E-78)
COSET 10 c=1 d=68 gcd=1 a0=(-3.000000000,3.000000000) 
rho=(0.007142857143,0.007142857143) contrib=(-0.04285714286,1.121930826E-77)
COSET 10 c=1 d=69 gcd=1 a0=(-3.000000000,3.000000000) 
rho=(0.007142857143,0.007142857143) contrib=(-0.04285714286,5.705268852E-77)
COSET 10 c=1 d=70 gcd=1 a0=(-3.000000000,3.000000000) 
rho=(0.007142857143,0.007142857143) contrib=(-0.04285714286,2.213480844E-76)
COSET 10 c=1 d=71 gcd=1 a0=(-3.000000000,3.000000000) 
rho=(0.007142857143,0.007142857143) contrib=(-0.04285714286,7.333032407E-78)
COSET 10 c=1 d=72 gcd=1 a0=(-3.000000000,3.000000000) 
rho=(0.007142857143,0.007142857143) contrib=(-0.04285714286,-3.624106447E-78)
COSET 10 c=1 d=73 gcd=1 a0=(-3.000000000,3.000000000) 
rho=(0.007142857143,0.007142857143) contrib=(-0.04285714286,-2.945550347E-78)
COSET 10 c=1 d=74 gcd=1 a0=(-3.000000000,3.000000000) 
rho=(0.007142857143,0.007142857143) contrib=(-0.04285714286,-4.657362328E-78)
COSET 10 c=1 d=75 gcd=1 a0=(-3.000000000,3.000000000) 
rho=(0.007142857143,0.007142857143) contrib=(-0.04285714286,3.323382721E-78)
COSET 10 c=1 d=76 gcd=1 a0=(-3.000000000,3.000000000) 
rho=(0.007142857143,0.007142857143) contrib=(-0.04285714286,3.855432391E-78)
COSET 10 c=1 d=77 gcd=1 a0=(-3.000000000,3.000000000) 
rho=(0.007142857143,0.007142857143) contrib=(-0.04285714286,-4.927242595E-78)
COSET 10 c=1 d=78 gcd=1 a0=(-3.000000000,3.000000000) 
rho=(0.007142857143,0.007142857143) contrib=(-0.04285714286,-1.264581824E-78)
COSET 10 c=1 d=79 gcd=1 a0=(-3.000000000,3.000000000) 
rho=(0.007142857143,0.007142857143) contrib=(-0.04285714286,1.148147766E-77)
COSET 10 c=1 d=80 gcd=1 a0=(-3.000000000,3.000000000) 
rho=(0.007142857143,0.007142857143) contrib=(-0.04285714286,7.919058130E-78)
COSET 10 c=1 d=81 gcd=1 a0=(-3.000000000,3.000000000) 
rho=(0.007142857143,0.007142857143) contrib=(-0.04285714286,2.344102894E-78)
COSET 10 c=1 d=82 gcd=1 a0=(-3.000000000,3.000000000) 
rho=(0.007142857143,0.007142857143) contrib=(-0.04285714286,-4.595675410E-78)
COSET 10 c=1 d=83 gcd=1 a0=(-3.000000000,3.000000000) 
rho=(0.007142857143,0.007142857143) contrib=(-0.04285714286,1.573787502E-77)
COSET 10 c=1 d=84 gcd=1 a0=(-3.000000000,3.000000000) 
rho=(0.007142857143,0.007142857143) contrib=(-0.04285714286,5.474713995E-79)
COSET 10 c=1 d=85 gcd=1 a0=(-3.000000000,3.000000000) 
rho=(0.007142857143,0.007142857143) contrib=(-0.04285714286,2.788248705E-77)
COSET 10 c=1 d=86 gcd=1 a0=(-3.000000000,3.000000000) 
rho=(0.007142857143,0.007142857143) contrib=(-0.04285714286,-3.654949906E-78)
COSET 10 c=1 d=87 gcd=1 a0=(-3.000000000,3.000000000) 
rho=(0.007142857143,0.007142857143) contrib=(-0.04285714286,2.390368082E-79)
COSET 10 c=1 d=88 gcd=1 a0=(-3.000000000,3.000000000) 
rho=(0.007142857143,0.007142857143) contrib=(-0.04285714286,1.370220672E-77)
COSET 10 c=1 d=89 gcd=1 a0=(-3.000000000,3.000000000) 
rho=(0.007142857143,0.007142857143) contrib=(-0.04285714286,1.349401337E-78)
COSET 10 c=1 d=90 gcd=1 a0=(-3.000000000,3.000000000) 
rho=(0.007142857143,0.007142857143) contrib=(-0.04285714286,-2.475187595E-78)
COSET 10 c=1 d=91 gcd=1 a0=(-3.000000000,3.000000000) 
rho=(0.007142857143,0.007142857143) contrib=(-0.04285714286,2.126656507E-77)
COSET 10 c=1 d=92 gcd=1 a0=(-3.000000000,3.000000000) 
rho=(0.007142857143,0.007142857143) contrib=(-0.04285714286,1.280774640E-77)
COSET 10 c=1 d=93 gcd=1 a0=(-3.000000000,3.000000000) 
rho=(0.007142857143,0.007142857143) contrib=(-0.04285714286,6.446282957E-78)
COSET 10 c=1 d=94 gcd=1 a0=(-3.000000000,3.000000000) 
rho=(0.007142857143,0.007142857143) contrib=(-0.04285714286,-3.048104848E-77)
COSET 10 c=1 d=95 gcd=1 a0=(-3.000000000,3.000000000) 
rho=(0.007142857143,0.007142857143) contrib=(-0.04285714286,1.156629717E-79)
COSET 10 c=1 d=96 gcd=1 a0=(-3.000000000,3.000000000) 
rho=(0.007142857143,0.007142857143) contrib=(-0.04285714286,-1.660149187E-77)
COSET 10 c=1 d=97 gcd=1 a0=(-3.000000000,3.000000000) 
rho=(0.007142857143,0.007142857143) contrib=(-0.04285714286,3.855432391E-80)
COSET 10 c=1 d=98 gcd=1 a0=(-3.000000000,3.000000000) 
rho=(0.007142857143,0.007142857143) contrib=(-0.04285714286,1.270750516E-77)
COSET 10 c=1 d=99 gcd=1 a0=(-3.000000000,3.000000000) 
rho=(0.007142857143,0.007142857143) contrib=(-0.04285714286,6.862669656E-78)
COSET 10 c=1 d=100 gcd=1 a0=(-3.000000000,3.000000000) 
rho=(0.007142857143,0.007142857143) contrib=(-0.04285714286,7.325321542E-78)
COSET 10 c=1 d=101 gcd=1 a0=(-3.000000000,3.000000000) 
rho=(0.007142857143,0.007142857143) contrib=(-0.04285714286,-2.438175444E-77)
COSET 10 c=1 d=102 gcd=1 a0=(-3.000000000,3.000000000) 
rho=(0.007142857143,0.007142857143) contrib=(-0.04285714286,-1.011665459E-77)
COSET 10 c=1 d=103 gcd=1 a0=(-3.000000000,3.000000000) 
rho=(0.007142857143,0.007142857143) contrib=(-0.04285714286,-1.858318412E-77)
COSET 10 c=1 d=104 gcd=1 a0=(-3.000000000,3.000000000) 
rho=(0.007142857143,0.007142857143) contrib=(-0.04285714286,2.729646133E-78)
COSET 10 c=1 d=105 gcd=1 a0=(-3.000000000,3.000000000) 
rho=(0.007142857143,0.007142857143) contrib=(-0.04285714286,1.701787857E-77)
COSET 10 c=1 d=106 gcd=1 a0=(-3.000000000,3.000000000) 
rho=(0.007142857143,0.007142857143) contrib=(-0.04285714286,1.465064308E-79)
COSET 10 c=1 d=107 gcd=1 a0=(-3.000000000,3.000000000) 
rho=(0.007142857143,0.007142857143) contrib=(-0.04285714286,4.171577847E-78)
COSET 10 c=1 d=108 gcd=1 a0=(-3.000000000,3.000000000) 
rho=(0.007142857143,0.007142857143) contrib=(-0.04285714286,3.860058909E-77)
COSET 10 c=1 d=109 gcd=1 a0=(-3.000000000,3.000000000) 
rho=(0.007142857143,0.007142857143) contrib=(-0.04285714286,2.749694381E-77)
COSET 10 c=1 d=110 gcd=1 a0=(-3.000000000,3.000000000) 
rho=(0.007142857143,0.007142857143) contrib=(-0.04285714286,-3.348057488E-77)
COSET 10 c=1 d=111 gcd=1 a0=(-3.000000000,3.000000000) 
rho=(0.007142857143,0.007142857143) contrib=(-0.04285714286,-6.492548146E-77)
COSET 10 c=1 d=112 gcd=1 a0=(-3.000000000,3.000000000) 
rho=(0.007142857143,0.007142857143) contrib=(-0.04285714286,7.487249703E-78)
COSET 10 c=1 d=113 gcd=1 a0=(-3.000000000,3.000000000) 
rho=(0.007142857143,0.007142857143) contrib=(-0.04285714286,4.250228667E-77)
COSET 10 c=1 d=114 gcd=1 a0=(-3.000000000,3.000000000) 
rho=(0.007142857143,0.007142857143) contrib=(-0.04285714286,-4.163866982E-79)
COSET 10 c=1 d=115 gcd=1 a0=(-3.000000000,3.000000000) 
rho=(0.007142857143,0.007142857143) contrib=(-0.04285714286,2.839140413E-77)
COSET 10 c=1 d=116 gcd=1 a0=(-3.000000000,3.000000000) 
rho=(0.007142857143,0.007142857143) contrib=(-0.04285714286,-2.184487993E-77)
COSET 10 c=1 d=117 gcd=1 a0=(-3.000000000,3.000000000) 
rho=(0.007142857143,0.007142857143) contrib=(-0.04285714286,-1.967812692E-77)
COSET 10 c=1 d=118 gcd=1 a0=(-3.000000000,3.000000000) 
rho=(0.007142857143,0.007142857143) contrib=(-0.04285714286,1.424967812E-77)
COSET 10 c=1 d=119 gcd=1 a0=(-3.000000000,3.000000000) 
rho=(0.007142857143,0.007142857143) contrib=(-0.04285714286,5.790859451E-78)
COSET 10 c=1 d=120 gcd=1 a0=(-3.000000000,3.000000000) 
rho=(0.007142857143,0.007142857143) contrib=(-0.04285714286,-5.397605347E-78)
COSET 10 c=1 d=121 gcd=1 a0=(-3.000000000,3.000000000) 
rho=(0.007142857143,0.007142857143) contrib=(-0.04285714286,6.548066373E-77)
COSET 10 c=1 d=122 gcd=1 a0=(-3.000000000,3.000000000) 
rho=(0.007142857143,0.007142857143) contrib=(-0.04285714286,1.340148299E-77)
COSET 10 c=1 d=123 gcd=1 a0=(-3.000000000,3.000000000) 
rho=(0.007142857143,0.007142857143) contrib=(-0.04285714286,-3.284828397E-78)
COSET 10 c=1 d=124 gcd=1 a0=(-3.000000000,3.000000000) 
rho=(0.007142857143,0.007142857143) contrib=(-0.04285714286,8.327733964E-79)
COSET 10 c=1 d=125 gcd=1 a0=(-3.000000000,3.000000000) 
rho=(0.007142857143,0.007142857143) contrib=(-0.04285714286,3.554708664E-78)
COSET 10 c=1 d=126 gcd=1 a0=(-3.000000000,3.000000000) 
rho=(0.007142857143,0.007142857143) contrib=(-0.04285714286,1.056388475E-77)
COSET 10 c=1 d=127 gcd=1 a0=(-3.000000000,3.000000000) 
rho=(0.007142857143,0.007142857143) contrib=(-0.04285714286,1.904583601E-78)
COSET 10 c=1 d=128 gcd=1 a0=(-3.000000000,3.000000000) 
rho=(0.007142857143,0.007142857143) contrib=(-0.04285714286,-1.186702090E-77)
COSET 10 c=1 d=129 gcd=1 a0=(-3.000000000,3.000000000) 
rho=(0.007142857143,0.007142857143) contrib=(-0.04285714286,1.495136681E-77)
COSET 10 c=1 d=130 gcd=1 a0=(-3.000000000,3.000000000) 
rho=(0.007142857143,0.007142857143) contrib=(-0.04285714286,-3.385069639E-78)
COSET 10 c=1 d=131 gcd=1 a0=(-3.000000000,3.000000000) 
rho=(0.007142857143,0.007142857143) contrib=(-0.04285714286,3.246274073E-77)
COSET 10 c=1 d=132 gcd=1 a0=(-3.000000000,3.000000000) 
rho=(0.007142857143,0.007142857143) contrib=(-0.04285714286,-1.155858631E-77)
COSET 10 c=1 d=133 gcd=1 a0=(-3.000000000,3.000000000) 
rho=(0.007142857143,0.007142857143) contrib=(-0.04285714286,-1.540630783E-77)
COSET 10 c=1 d=134 gcd=1 a0=(-3.000000000,3.000000000) 
rho=(0.007142857143,0.007142857143) contrib=(-0.04285714286,-6.615921982E-78)
COSET 10 c=1 d=135 gcd=1 a0=(-3.000000000,3.000000000) 
rho=(0.007142857143,0.007142857143) contrib=(-0.04285714286,-1.233738365E-77)
COSET 10 c=1 d=136 gcd=1 a0=(-3.000000000,3.000000000) 
rho=(0.007142857143,0.007142857143) contrib=(-0.04285714286,-3.421310703E-77)
COSET 10 c=1 d=137 gcd=1 a0=(-3.000000000,3.000000000) 
rho=(0.007142857143,0.007142857143) contrib=(-0.04285714286,-1.349401337E-77)
COSET 10 c=1 d=138 gcd=1 a0=(-3.000000000,3.000000000) 
rho=(0.007142857143,0.007142857143) contrib=(-0.04285714286,3.408896211E-76)
COSET 10 c=1 d=139 gcd=1 a0=(-3.000000000,3.000000000) 
rho=(0.007142857143,0.007142857143) contrib=(-0.04285714286,1.613424849E-71)
COSET 10 c=4 d=1 gcd=4 a0=(4.000000000,-7.548050111E-72) 
rho=(0.02857142857,-2.409645244E-81) contrib=(0.1142857143,-2.156585842E-73)
COSET 10 c=4 d=3 gcd=4 a0=(1.288138248E-71,4.000000000) 
rho=(3.855432391E-81,-0.02857142857) contrib=(0.1142857143,-3.680394838E-73)
COSET 10 c=4 d=5 gcd=4 a0=(4.000000000,-1.709344648E-71) 
rho=(0.02857142857,-2.409645244E-81) contrib=(0.1142857143,-4.883841947E-73)
COSET 10 c=4 d=7 gcd=4 a0=(2.731090917E-71,4.000000000) 
rho=(3.855432391E-81,-0.02857142857) contrib=(0.1142857143,-7.803116753E-73)
COSET 10 c=4 d=9 gcd=4 a0=(4.000000000,5.762755491E-72) 
rho=(0.02857142857,-2.409645244E-81) contrib=(0.1142857143,1.646501472E-73)
COSET 10 c=4 d=11 gcd=4 a0=(-1.346148971E-71,4.000000000) 
rho=(3.855432391E-81,-0.02857142857) contrib=(0.1142857143,3.846140070E-73)
COSET 10 c=4 d=13 gcd=4 a0=(4.000000000,3.494641210E-71) 
rho=(0.02857142857,-2.409645244E-81) contrib=(0.1142857143,9.984689075E-73)
COSET 10 c=4 d=15 gcd=4 a0=(-5.286266194E-71,4.000000000) 
rho=(3.855432391E-81,-0.02857142857) contrib=(0.1142857143,1.510361785E-72)
COSET 10 c=4 d=17 gcd=4 a0=(4.000000000,1.402349190E-71) 
rho=(0.02857142857,-2.409645244E-81) contrib=(0.1142857143,4.006711874E-73)
COSET 10 c=4 d=19 gcd=4 a0=(-2.141851088E-72,4.000000000) 
rho=(3.855432391E-81,-0.02857142857) contrib=(0.1142857143,6.119576078E-74)
COSET 10 c=4 d=21 gcd=4 a0=(4.000000000,3.176405053E-71) 
rho=(0.02857142857,-2.409645244E-81) contrib=(0.1142857143,9.075442911E-73)
COSET 10 c=4 d=23 gcd=4 a0=(6.184626909E-71,4.000000000) 
rho=(3.855432391E-81,-0.02857142857) contrib=(0.1142857143,-1.767036244E-72)
COSET 10 c=4 d=25 gcd=4 a0=(4.000000000,3.835268344E-71) 
rho=(0.02857142857,-2.409645244E-81) contrib=(0.1142857143,1.095790946E-72)
COSET 10 c=4 d=27 gcd=4 a0=(-1.124895864E-70,4.000000000) 
rho=(3.855432391E-81,-0.02857142857) contrib=(0.1142857143,3.213988198E-72)
COSET 10 c=4 d=29 gcd=4 a0=(4.000000000,3.614025714E-70) 
rho=(0.02857142857,-2.409645244E-81) contrib=(0.1142857143,1.032578774E-71)
COSET 10 c=4 d=31 gcd=4 a0=(7.119055111E-71,4.000000000) 
rho=(3.855432391E-81,-0.02857142857) contrib=(0.1142857143,-2.034015731E-72)
COSET 10 c=4 d=33 gcd=4 a0=(4.000000000,2.280181442E-69) 
rho=(0.02857142857,-2.409645244E-81) contrib=(0.1142857143,6.514804118E-71)
COSET 10 c=4 d=35 gcd=4 a0=(6.595481978E-71,4.000000000) 
rho=(3.855432391E-81,-0.02857142857) contrib=(0.1142857143,-1.884423407E-72)
COSET 10 c=4 d=37 gcd=4 a0=(4.000000000,7.543460310E-71) 
rho=(0.02857142857,-2.409645244E-81) contrib=(0.1142857143,2.155274365E-72)
COSET 10 c=4 d=39 gcd=4 a0=(-8.610529344E-71,4.000000000) 
rho=(3.855432391E-81,-0.02857142857) contrib=(0.1142857143,2.460151257E-72)
COSET 10 c=4 d=41 gcd=4 a0=(4.000000000,-3.517679994E-70) 
rho=(0.02857142857,-2.409645244E-81) contrib=(0.1142857143,-1.005051428E-71)
COSET 10 c=4 d=43 gcd=4 a0=(-2.035401016E-70,4.000000000) 
rho=(3.855432391E-81,-0.02857142857) contrib=(0.1142857143,5.815431489E-72)
COSET 10 c=4 d=45 gcd=4 a0=(4.000000000,1.292133821E-70) 
rho=(0.02857142857,-2.409645244E-81) contrib=(0.1142857143,3.691810906E-72)
COSET 10 c=4 d=47 gcd=4 a0=(-8.906918211E-71,4.000000000) 
rho=(3.855432391E-81,-0.02857142857) contrib=(0.1142857143,2.544833790E-72)
COSET 10 c=4 d=49 gcd=4 a0=(4.000000000,4.954360063E-70) 
rho=(0.02857142857,-2.409645244E-81) contrib=(0.1142857143,1.415531446E-71)
COSET 10 c=4 d=51 gcd=4 a0=(-2.298259595E-71,4.000000000) 
rho=(3.855432391E-81,-0.02857142857) contrib=(0.1142857143,6.566456141E-73)
COSET 10 c=4 d=53 gcd=4 a0=(4.000000000,4.275375525E-70) 
rho=(0.02857142857,-2.409645244E-81) contrib=(0.1142857143,1.221535863E-71)
COSET 10 c=4 d=55 gcd=4 a0=(-2.712791466E-70,4.000000000) 
rho=(3.855432391E-81,-0.02857142857) contrib=(0.1142857143,7.750832777E-72)
COSET 10 c=4 d=57 gcd=4 a0=(4.000000000,3.843620298E-70) 
rho=(0.02857142857,-2.409645244E-81) contrib=(0.1142857143,1.098177227E-71)
COSET 10 c=4 d=59 gcd=4 a0=(4.654181494E-71,4.000000000) 
rho=(3.855432391E-81,-0.02857142857) contrib=(0.1142857143,-1.329766126E-72)
COSET 10 c=4 d=61 gcd=4 a0=(4.000000000,-7.327905999E-71) 
rho=(0.02857142857,-2.409645244E-81) contrib=(0.1142857143,-2.093687438E-72)
COSET 10 c=4 d=63 gcd=4 a0=(-5.408453306E-70,4.000000000) 
rho=(3.855432391E-81,-0.02857142857) contrib=(0.1142857143,1.545272375E-71)
COSET 10 c=4 d=65 gcd=4 a0=(4.000000000,1.491800914E-70) 
rho=(0.02857142857,-2.409645244E-81) contrib=(0.1142857143,4.262288317E-72)
COSET 10 c=4 d=67 gcd=4 a0=(6.758847392E-71,4.000000000) 
rho=(3.855432391E-81,-0.02857142857) contrib=(0.1142857143,-1.931099240E-72)
COSET 10 c=4 d=69 gcd=4 a0=(4.000000000,-4.354435630E-70) 
rho=(0.02857142857,-2.409645244E-81) contrib=(0.1142857143,-1.244124467E-71)
COSET 10 c=5 d=1 gcd=5 a0=(-1.000000000,1.000000000) 
rho=(0.03571428571,0.03571428571) contrib=(-0.07142857143,7.133337049E-72)
COSET 10 c=5 d=2 gcd=5 a0=(-1.000000000,1.000000000) 
rho=(0.03571428571,0.03571428571) contrib=(-0.07142857143,-5.970898948E-73)
COSET 10 c=5 d=3 gcd=5 a0=(1.000000000,-1.000000000) 
rho=(-0.03571428571,-0.03571428571) contrib=(-0.07142857143,5.716018417E-72)
COSET 10 c=5 d=4 gcd=5 a0=(1.000000000,-1.000000000) 
rho=(-0.03571428571,-0.03571428571) contrib=(-0.07142857143,2.503797984E-72)
COSET 10 c=5 d=6 gcd=5 a0=(-1.000000000,1.000000000) 
rho=(0.03571428571,0.03571428571) contrib=(-0.07142857143,-7.845865367E-72)
COSET 10 c=5 d=7 gcd=5 a0=(-1.000000000,1.000000000) 
rho=(0.03571428571,0.03571428571) contrib=(-0.07142857143,7.555137384E-72)
COSET 10 c=5 d=8 gcd=5 a0=(1.000000000,-1.000000000) 
rho=(-0.03571428571,-0.03571428571) contrib=(-0.07142857143,-2.189066393E-72)
COSET 10 c=5 d=9 gcd=5 a0=(1.000000000,-1.000000000) 
rho=(-0.03571428571,-0.03571428571) contrib=(-0.07142857143,-3.392136986E-71)
COSET 10 c=5 d=11 gcd=5 a0=(-1.000000000,1.000000000) 
rho=(0.03571428571,0.03571428571) contrib=(-0.07142857143,-7.752535527E-72)
COSET 10 c=5 d=12 gcd=5 a0=(-1.000000000,1.000000000) 
rho=(0.03571428571,0.03571428571) contrib=(-0.07142857143,-1.124648258E-71)
COSET 10 c=5 d=13 gcd=5 a0=(1.000000000,-1.000000000) 
rho=(-0.03571428571,-0.03571428571) contrib=(-0.07142857143,1.558197737E-71)
COSET 10 c=5 d=14 gcd=5 a0=(1.000000000,-1.000000000) 
rho=(-0.03571428571,-0.03571428571) contrib=(-0.07142857143,-1.229743027E-71)
COSET 10 c=5 d=16 gcd=5 a0=(-1.000000000,1.000000000) 
rho=(0.03571428571,0.03571428571) contrib=(-0.07142857143,5.400970986E-72)
COSET 10 c=5 d=17 gcd=5 a0=(-1.000000000,1.000000000) 
rho=(0.03571428571,0.03571428571) contrib=(-0.07142857143,-2.665996090E-71)
COSET 10 c=5 d=18 gcd=5 a0=(1.000000000,-1.000000000) 
rho=(-0.03571428571,-0.03571428571) contrib=(-0.07142857143,3.191438351E-71)
COSET 10 c=5 d=19 gcd=5 a0=(1.000000000,-1.000000000) 
rho=(-0.03571428571,-0.03571428571) contrib=(-0.07142857143,-2.830973558E-71)
COSET 10 c=5 d=21 gcd=5 a0=(-1.000000000,1.000000000) 
rho=(0.03571428571,0.03571428571) contrib=(-0.07142857143,7.980254022E-72)
COSET 10 c=5 d=22 gcd=5 a0=(-1.000000000,1.000000000) 
rho=(0.03571428571,0.03571428571) contrib=(-0.07142857143,2.941137511E-71)
COSET 10 c=5 d=23 gcd=5 a0=(1.000000000,-1.000000000) 
rho=(-0.03571428571,-0.03571428571) contrib=(-0.07142857143,-1.444906997E-71)
COSET 10 c=5 d=24 gcd=5 a0=(1.000000000,-1.000000000) 
rho=(-0.03571428571,-0.03571428571) contrib=(-0.07142857143,-5.034047326E-71)
COSET 10 c=5 d=26 gcd=5 a0=(-1.000000000,1.000000000) 
rho=(0.03571428571,0.03571428571) contrib=(-0.07142857143,-1.838471510E-71)
COSET 10 c=5 d=27 gcd=5 a0=(-1.000000000,1.000000000) 
rho=(0.03571428571,0.03571428571) contrib=(-0.07142857143,-1.481465133E-70)
COSET 10 c=5 d=28 gcd=5 a0=(1.000000000,-1.000000000) 
rho=(-0.03571428571,-0.03571428571) contrib=(-0.07142857143,-6.690470376E-71)
COSET 10 c=5 d=33 gcd=5 a0=(1.000000000,-1.000000000) 
rho=(-0.03571428571,-0.03571428571) contrib=(-0.07142857143,-1.512233975E-70)
COSET 10 c=5 d=38 gcd=5 a0=(1.000000000,-1.000000000) 
rho=(-0.03571428571,-0.03571428571) contrib=(-0.07142857143,-1.903167565E-70)
COSET 10 c=5 d=43 gcd=5 a0=(1.000000000,-1.000000000) 
rho=(-0.03571428571,-0.03571428571) contrib=(-0.07142857143,4.752241746E-72)
COSET 10 c=5 d=48 gcd=5 a0=(1.000000000,-1.000000000) 
rho=(-0.03571428571,-0.03571428571) contrib=(-0.07142857143,1.342615282E-70)
COSET 10 c=5 d=53 gcd=5 a0=(1.000000000,-1.000000000) 
rho=(-0.03571428571,-0.03571428571) contrib=(-0.07142857143,-6.039103895E-71)
COSET 10 c=7 d=1 gcd=7 a0=(1.000000000,1.000000000) 
rho=(-5.805268376E-82,1.302243826E-81) contrib=(-1.882770664E-81,7.217169887E-8\
2)
COSET 10 c=7 d=2 gcd=7 a0=(1.000000000,1.000000000) 
rho=(1.082988338E-81,1.074172843E-81) contrib=(8.815495229E-84,2.157161180E-81)
COSET 10 c=7 d=3 gcd=7 a0=(1.000000000,1.000000000) 
rho=(-2.263170400E-81,-2.783299996E-82) contrib=(-1.984840400E-81,-2.541500399E\
-81)
COSET 10 c=7 d=4 gcd=7 a0=(1.000000000,1.000000000) 
rho=(2.758838011E-82,2.979771173E-81) contrib=(-2.703887372E-81,3.255654974E-81\
)
COSET 10 c=7 d=5 gcd=7 a0=(-1.000000000,-1.000000000) 
rho=(1.333512021E-81,9.834758726E-83) contrib=(-1.235164433E-81,-1.431859608E-8\
1)
COSET 10 c=7 d=6 gcd=7 a0=(1.000000000,1.000000000) 
rho=(-3.642705897E-82,2.895574681E-81) contrib=(-3.259845270E-81,2.531304091E-8\
1)
COSET 10 c=7 d=8 gcd=7 a0=(1.000000000,1.000000000) 
rho=(-5.805268376E-82,1.302243826E-81) contrib=(-1.882770664E-81,7.217169887E-8\
2)
COSET 10 c=7 d=9 gcd=7 a0=(1.000000000,1.000000000) 
rho=(1.082988338E-81,1.074172843E-81) contrib=(8.815495229E-84,2.157161180E-81)
COSET 10 c=7 d=10 gcd=7 a0=(1.000000000,1.000000000) 
rho=(-2.263170400E-81,-2.783299996E-82) contrib=(-1.984840400E-81,-2.541500399E\
-81)
COSET 10 c=7 d=11 gcd=7 a0=(1.000000000,1.000000000) 
rho=(2.758838011E-82,2.979771173E-81) contrib=(-2.703887372E-81,3.255654974E-81\
)
COSET 10 c=7 d=12 gcd=7 a0=(-1.000000000,-1.000000000) 
rho=(1.333512021E-81,9.834758726E-83) contrib=(-1.235164433E-81,-1.431859608E-8\
1)
COSET 10 c=7 d=13 gcd=7 a0=(1.000000000,1.000000000) 
rho=(-3.642705897E-82,2.895574681E-81) contrib=(-3.259845270E-81,2.531304091E-8\
1)
COSET 10 c=7 d=15 gcd=7 a0=(1.000000000,1.000000000) 
rho=(-5.805268376E-82,1.302243826E-81) contrib=(-1.882770664E-81,7.217169887E-8\
2)
COSET 10 c=7 d=16 gcd=7 a0=(1.000000000,1.000000000) 
rho=(1.082988338E-81,1.074172843E-81) contrib=(8.815495229E-84,2.157161180E-81)
COSET 10 c=7 d=17 gcd=7 a0=(1.000000000,1.000000000) 
rho=(-2.263170400E-81,-2.783299996E-82) contrib=(-1.984840400E-81,-2.541500399E\
-81)
COSET 10 c=7 d=18 gcd=7 a0=(1.000000000,1.000000000) 
rho=(2.758838011E-82,2.979771173E-81) contrib=(-2.703887372E-81,3.255654974E-81\
)
COSET 10 c=7 d=19 gcd=7 a0=(-1.000000000,-1.000000000) 
rho=(1.333512021E-81,9.834758726E-83) contrib=(-1.235164433E-81,-1.431859608E-8\
1)
COSET 10 c=7 d=20 gcd=7 a0=(1.000000000,1.000000000) 
rho=(-3.642705897E-82,2.895574681E-81) contrib=(-3.259845270E-81,2.531304091E-8\
1)
COSET 10 c=7 d=27 gcd=7 a0=(1.000000000,1.000000000) 
rho=(-3.642705897E-82,2.895574681E-81) contrib=(-3.259845270E-81,2.531304091E-8\
1)
COSET 10 c=7 d=34 gcd=7 a0=(1.000000000,1.000000000) 
rho=(-3.642705897E-82,2.895574681E-81) contrib=(-3.259845270E-81,2.531304091E-8\
1)
COSET 10 c=20 d=1 gcd=20 a0=(2.000000000,-1.452431778E-72) 
rho=(-0.1428571429,2.602416864E-80) contrib=(-0.2857142857,2.074903060E-73)
COSET 10 c=20 d=3 gcd=20 a0=(1.660950178E-72,2.000000000) 
rho=(5.783148586E-81,0.1428571429) contrib=(-0.2857142857,2.372786084E-73)
COSET 10 c=20 d=7 gcd=20 a0=(-6.462696210E-73,2.000000000) 
rho=(7.710864781E-81,0.1428571429) contrib=(-0.2857142857,-9.232421614E-74)
COSET 10 c=20 d=9 gcd=20 a0=(2.000000000,-7.960795871E-73) 
rho=(-0.1428571429,-4.819290488E-81) contrib=(-0.2857142857,1.137256457E-73)
COSET 10 c=20 d=11 gcd=20 a0=(1.976624460E-72,-2.000000000) 
rho=(-1.927716195E-81,-0.1428571429) contrib=(-0.2857142857,-2.823749190E-73)
COSET 10 c=20 d=13 gcd=20 a0=(2.000000000,9.175882244E-73) 
rho=(-0.1428571429,-2.024102005E-80) contrib=(-0.2857142857,-1.310840725E-73)
COSET 10 c=20 d=19 gcd=20 a0=(-4.190766554E-73,2.000000000) 
rho=(-2.891574293E-80,0.1428571429) contrib=(-0.2857142857,-5.986815146E-74)
COSET 10 c=28 d=1 gcd=28 a0=(6.000000000,-7.343123358E-73) 
rho=(1.367850183E-80,7.240230945E-81) contrib=(8.207101099E-80,4.344138567E-80)
COSET 10 c=28 d=3 gcd=28 a0=(2.988556750E-72,-6.000000000) 
rho=(4.785404852E-81,2.927342465E-81) contrib=(1.756405479E-80,-2.871242911E-80\
)
COSET 10 c=28 d=5 gcd=28 a0=(-6.000000000,3.607213260E-72) 
rho=(5.628093312E-82,1.985504322E-81) contrib=(-3.376855987E-81,-1.191302593E-8\
0)
COSET 10 c=28 d=9 gcd=28 a0=(6.000000000,-6.471215870E-73) 
rho=(3.714242240E-81,2.123499872E-81) contrib=(2.228545344E-80,1.274099923E-80)
COSET 10 c=28 d=17 gcd=28 a0=(6.000000000,-4.376864857E-72) 
rho=(-5.075785929E-81,-2.558836170E-81) contrib=(-3.045471558E-80,-1.535301702E\
-80)
COSET 10 c=35 d=1 gcd=35 a0=(1.000000000,1.000000000) 
rho=(1.512617151E-80,-2.772974566E-81) contrib=(1.789914608E-80,1.235319695E-80\
)
COSET 10 c=35 d=2 gcd=35 a0=(-1.000000000,-1.000000000) 
rho=(5.161413766E-81,4.461858628E-81) contrib=(-6.995551379E-82,-9.623272395E-8\
1)
COSET 10 c=35 d=3 gcd=35 a0=(1.000000000,1.000000000) 
rho=(-3.915673522E-82,6.515454836E-81) contrib=(-6.907022188E-81,6.123887484E-8\
1)
COSET 10 c=35 d=4 gcd=35 a0=(1.000000000,1.000000000) 
rho=(-1.063161232E-81,-4.362753213E-81) contrib=(3.299591980E-81,-5.425914445E-\
81)
FORM 11:
  c_eta(0)[1] (trivial) = 2.01591482245E-66 + 5.34522854902E-67 i   (half: 
1.00795741122E-66)
  c_eta(0)[2] = -10.0000000000 + 4.20252353147E-67 i   (half: -5.00000000000)
  c_eta(0)[3] = -10.0000000000 + 4.20252353147E-67 i   (half: -5.00000000000)
  c_eta(0)[4] = -10.0000000000 + 4.20252353147E-67 i   (half: -5.00000000000)
  c_eta(0)[5] = -10.0000000000 + 4.20252353147E-67 i   (half: -5.00000000000)
  c_eta(0)[6] = -10.0000000000 + 4.20252353147E-67 i   (half: -5.00000000000)
  c_eta(0)[7] = -10.0000000000 + 4.20252353147E-67 i   (half: -5.00000000000)
  c_eta(0)[8] = -10.0000000000 + 4.20252353147E-67 i   (half: -5.00000000000)
  c_eta(0)[9] = -10.0000000000 + 4.20252353147E-67 i   (half: -5.00000000000)
  c_eta(0)[10] = -10.0000000000 + 4.20252353147E-67 i   (half: -5.00000000000)
  c_eta(0)[11] = -10.0000000000 + 4.20252353147E-67 i   (half: -5.00000000000)
  c_eta(0)[12] = -10.0000000000 + 4.20252353147E-67 i   (half: -5.00000000000)
  c_eta(0)[13] = -10.0000000000 + 4.20252353147E-67 i   (half: -5.00000000000)
COSET 11 c=1 d=0 gcd=1 a0=(-4.000000000,4.000000000) 
rho=(0.007142857143,0.007142857143) contrib=(-0.05714285714,-1.320601968E-67)
COSET 11 c=1 d=1 gcd=1 a0=(-4.000000000,4.000000000) 
rho=(0.007142857143,0.007142857143) contrib=(-0.05714285714,-4.549877068E-72)
COSET 11 c=1 d=2 gcd=1 a0=(-4.000000000,4.000000000) 
rho=(0.007142857143,0.007142857143) contrib=(-0.05714285714,5.312773497E-74)
COSET 11 c=1 d=3 gcd=1 a0=(-4.000000000,4.000000000) 
rho=(0.007142857143,0.007142857143) contrib=(-0.05714285714,5.669274535E-75)
COSET 11 c=1 d=4 gcd=1 a0=(-4.000000000,4.000000000) 
rho=(0.007142857143,0.007142857143) contrib=(-0.05714285714,-3.541322603E-75)
COSET 11 c=1 d=5 gcd=1 a0=(-4.000000000,4.000000000) 
rho=(0.007142857143,0.007142857143) contrib=(-0.05714285714,6.431231349E-75)
COSET 11 c=1 d=6 gcd=1 a0=(-4.000000000,4.000000000) 
rho=(0.007142857143,0.007142857143) contrib=(-0.05714285714,3.659761486E-75)
COSET 11 c=1 d=7 gcd=1 a0=(-4.000000000,4.000000000) 
rho=(0.007142857143,0.007142857143) contrib=(-0.05714285714,-3.592646119E-76)
COSET 11 c=1 d=8 gcd=1 a0=(-4.000000000,4.000000000) 
rho=(0.007142857143,0.007142857143) contrib=(-0.05714285714,7.303731121E-76)
COSET 11 c=1 d=9 gcd=1 a0=(-4.000000000,4.000000000) 
rho=(0.007142857143,0.007142857143) contrib=(-0.05714285714,-1.188336793E-75)
COSET 11 c=1 d=10 gcd=1 a0=(-4.000000000,4.000000000) 
rho=(0.007142857143,0.007142857143) contrib=(-0.05714285714,3.197849842E-76)
COSET 11 c=1 d=11 gcd=1 a0=(-4.000000000,4.000000000) 
rho=(0.007142857143,0.007142857143) contrib=(-0.05714285714,2.526696172E-76)
COSET 11 c=1 d=12 gcd=1 a0=(-4.000000000,4.000000000) 
rho=(0.007142857143,0.007142857143) contrib=(-0.05714285714,-2.329298033E-76)
COSET 11 c=1 d=13 gcd=1 a0=(-4.000000000,4.000000000) 
rho=(0.007142857143,0.007142857143) contrib=(-0.05714285714,3.790044257E-76)
COSET 11 c=1 d=14 gcd=1 a0=(-4.000000000,4.000000000) 
rho=(0.007142857143,0.007142857143) contrib=(-0.05714285714,9.080314367E-77)
COSET 11 c=1 d=15 gcd=1 a0=(-4.000000000,4.000000000) 
rho=(0.007142857143,0.007142857143) contrib=(-0.05714285714,-1.500225852E-76)
COSET 11 c=1 d=16 gcd=1 a0=(-4.000000000,4.000000000) 
rho=(0.007142857143,0.007142857143) contrib=(-0.05714285714,1.342307341E-76)
COSET 11 c=1 d=17 gcd=1 a0=(-4.000000000,4.000000000) 
rho=(0.007142857143,0.007142857143) contrib=(-0.05714285714,9.948866176E-76)
COSET 11 c=1 d=18 gcd=1 a0=(-4.000000000,4.000000000) 
rho=(0.007142857143,0.007142857143) contrib=(-0.05714285714,-7.501129259E-77)
COSET 11 c=1 d=19 gcd=1 a0=(-4.000000000,4.000000000) 
rho=(0.007142857143,0.007142857143) contrib=(-0.05714285714,-2.408257289E-75)
COSET 11 c=1 d=20 gcd=1 a0=(-4.000000000,4.000000000) 
rho=(0.007142857143,0.007142857143) contrib=(-0.05714285714,1.050158096E-75)
COSET 11 c=1 d=21 gcd=1 a0=(-4.000000000,4.000000000) 
rho=(0.007142857143,0.007142857143) contrib=(-0.05714285714,4.461197928E-76)
COSET 11 c=1 d=22 gcd=1 a0=(-4.000000000,4.000000000) 
rho=(0.007142857143,0.007142857143) contrib=(-0.05714285714,-9.672508782E-76)
COSET 11 c=1 d=23 gcd=1 a0=(-4.000000000,4.000000000) 
rho=(0.007142857143,0.007142857143) contrib=(-0.05714285714,2.487216544E-76)
COSET 11 c=1 d=24 gcd=1 a0=(-4.000000000,4.000000000) 
rho=(0.007142857143,0.007142857143) contrib=(-0.05714285714,1.476538075E-75)
COSET 11 c=1 d=25 gcd=1 a0=(-4.000000000,4.000000000) 
rho=(0.007142857143,0.007142857143) contrib=(-0.05714285714,2.724094310E-76)
COSET 11 c=1 d=26 gcd=1 a0=(-4.000000000,4.000000000) 
rho=(0.007142857143,0.007142857143) contrib=(-0.05714285714,-4.026922023E-76)
COSET 11 c=1 d=27 gcd=1 a0=(-4.000000000,4.000000000) 
rho=(0.007142857143,0.007142857143) contrib=(-0.05714285714,-1.950293607E-75)
COSET 11 c=1 d=28 gcd=1 a0=(-4.000000000,4.000000000) 
rho=(0.007142857143,0.007142857143) contrib=(-0.05714285714,-1.685780102E-75)
COSET 11 c=1 d=29 gcd=1 a0=(-4.000000000,4.000000000) 
rho=(0.007142857143,0.007142857143) contrib=(-0.05714285714,-1.697623990E-75)
COSET 11 c=1 d=30 gcd=1 a0=(-4.000000000,4.000000000) 
rho=(0.007142857143,0.007142857143) contrib=(-0.05714285714,3.987442396E-76)
COSET 11 c=1 d=31 gcd=1 a0=(-4.000000000,4.000000000) 
rho=(0.007142857143,0.007142857143) contrib=(-0.05714285714,-9.040834739E-76)
COSET 11 c=1 d=32 gcd=1 a0=(-4.000000000,4.000000000) 
rho=(0.007142857143,0.007142857143) contrib=(-0.05714285714,8.803956973E-76)
COSET 11 c=1 d=33 gcd=1 a0=(-4.000000000,4.000000000) 
rho=(0.007142857143,0.007142857143) contrib=(-0.05714285714,-3.829523885E-76)
COSET 11 c=1 d=34 gcd=1 a0=(-4.000000000,4.000000000) 
rho=(0.007142857143,0.007142857143) contrib=(-0.05714285714,1.022917153E-74)
COSET 11 c=1 d=35 gcd=1 a0=(-4.000000000,4.000000000) 
rho=(0.007142857143,0.007142857143) contrib=(-0.05714285714,-3.612385933E-75)
COSET 11 c=1 d=36 gcd=1 a0=(-4.000000000,4.000000000) 
rho=(0.007142857143,0.007142857143) contrib=(-0.05714285714,-4.184840534E-75)
COSET 11 c=1 d=37 gcd=1 a0=(-4.000000000,4.000000000) 
rho=(0.007142857143,0.007142857143) contrib=(-0.05714285714,-1.417318634E-75)
COSET 11 c=1 d=38 gcd=1 a0=(-4.000000000,4.000000000) 
rho=(0.007142857143,0.007142857143) contrib=(-0.05714285714,1.717363804E-75)
COSET 11 c=1 d=39 gcd=1 a0=(-4.000000000,4.000000000) 
rho=(0.007142857143,0.007142857143) contrib=(-0.05714285714,-5.057340306E-75)
COSET 11 c=1 d=40 gcd=1 a0=(-4.000000000,4.000000000) 
rho=(0.007142857143,0.007142857143) contrib=(-0.05714285714,3.087306885E-75)
COSET 11 c=1 d=41 gcd=1 a0=(-4.000000000,4.000000000) 
rho=(0.007142857143,0.007142857143) contrib=(-0.05714285714,-3.355768353E-75)
COSET 11 c=1 d=42 gcd=1 a0=(-4.000000000,4.000000000) 
rho=(0.007142857143,0.007142857143) contrib=(-0.05714285714,-1.500225852E-75)
COSET 11 c=1 d=43 gcd=1 a0=(-4.000000000,4.000000000) 
rho=(0.007142857143,0.007142857143) contrib=(-0.05714285714,2.147691746E-75)
COSET 11 c=1 d=44 gcd=1 a0=(-4.000000000,4.000000000) 
rho=(0.007142857143,0.007142857143) contrib=(-0.05714285714,-4.958641237E-75)
COSET 11 c=1 d=45 gcd=1 a0=(-4.000000000,4.000000000) 
rho=(0.007142857143,0.007142857143) contrib=(-0.05714285714,1.358099192E-75)
COSET 11 c=1 d=46 gcd=1 a0=(-4.000000000,4.000000000) 
rho=(0.007142857143,0.007142857143) contrib=(-0.05714285714,-4.382238673E-76)
COSET 11 c=1 d=47 gcd=1 a0=(-4.000000000,4.000000000) 
rho=(0.007142857143,0.007142857143) contrib=(-0.05714285714,1.168596979E-75)
COSET 11 c=1 d=48 gcd=1 a0=(-4.000000000,4.000000000) 
rho=(0.007142857143,0.007142857143) contrib=(-0.05714285714,-1.148857165E-75)
COSET 11 c=1 d=49 gcd=1 a0=(-4.000000000,4.000000000) 
rho=(0.007142857143,0.007142857143) contrib=(-0.05714285714,6.936570583E-75)
COSET 11 c=1 d=50 gcd=1 a0=(-4.000000000,4.000000000) 
rho=(0.007142857143,0.007142857143) contrib=(-0.05714285714,-1.065949947E-75)
COSET 11 c=1 d=51 gcd=1 a0=(-4.000000000,4.000000000) 
rho=(0.007142857143,0.007142857143) contrib=(-0.05714285714,5.590315279E-75)
COSET 11 c=1 d=52 gcd=1 a0=(-4.000000000,4.000000000) 
rho=(0.007142857143,0.007142857143) contrib=(-0.05714285714,-1.393630857E-75)
COSET 11 c=1 d=53 gcd=1 a0=(-4.000000000,4.000000000) 
rho=(0.007142857143,0.007142857143) contrib=(-0.05714285714,1.421266597E-76)
COSET 11 c=1 d=54 gcd=1 a0=(-4.000000000,4.000000000) 
rho=(0.007142857143,0.007142857143) contrib=(-0.05714285714,-1.812114910E-75)
COSET 11 c=1 d=55 gcd=1 a0=(-4.000000000,4.000000000) 
rho=(0.007142857143,0.007142857143) contrib=(-0.05714285714,1.329673860E-74)
COSET 11 c=1 d=56 gcd=1 a0=(-4.000000000,4.000000000) 
rho=(0.007142857143,0.007142857143) contrib=(-0.05714285714,1.388103709E-74)
COSET 11 c=1 d=57 gcd=1 a0=(-4.000000000,4.000000000) 
rho=(0.007142857143,0.007142857143) contrib=(-0.05714285714,4.401978486E-75)
COSET 11 c=1 d=58 gcd=1 a0=(-4.000000000,4.000000000) 
rho=(0.007142857143,0.007142857143) contrib=(-0.05714285714,1.867386389E-75)
COSET 11 c=1 d=59 gcd=1 a0=(-4.000000000,4.000000000) 
rho=(0.007142857143,0.007142857143) contrib=(-0.05714285714,7.461649631E-76)
COSET 11 c=1 d=60 gcd=1 a0=(-4.000000000,4.000000000) 
rho=(0.007142857143,0.007142857143) contrib=(-0.05714285714,9.198753249E-76)
COSET 11 c=1 d=61 gcd=1 a0=(-4.000000000,4.000000000) 
rho=(0.007142857143,0.007142857143) contrib=(-0.05714285714,-3.553166491E-76)
COSET 11 c=1 d=62 gcd=1 a0=(-4.000000000,4.000000000) 
rho=(0.007142857143,0.007142857143) contrib=(-0.05714285714,-8.409160696E-76)
COSET 11 c=1 d=63 gcd=1 a0=(-4.000000000,4.000000000) 
rho=(0.007142857143,0.007142857143) contrib=(-0.05714285714,-1.322567527E-75)
COSET 11 c=1 d=64 gcd=1 a0=(-4.000000000,4.000000000) 
rho=(0.007142857143,0.007142857143) contrib=(-0.05714285714,5.527147875E-77)
COSET 11 c=1 d=65 gcd=1 a0=(-4.000000000,4.000000000) 
rho=(0.007142857143,0.007142857143) contrib=(-0.05714285714,1.658144363E-75)
COSET 11 c=1 d=66 gcd=1 a0=(-4.000000000,4.000000000) 
rho=(0.007142857143,0.007142857143) contrib=(-0.05714285714,2.258234703E-75)
COSET 11 c=1 d=67 gcd=1 a0=(-4.000000000,4.000000000) 
rho=(0.007142857143,0.007142857143) contrib=(-0.05714285714,6.916830770E-75)
COSET 11 c=1 d=68 gcd=1 a0=(-4.000000000,4.000000000) 
rho=(0.007142857143,0.007142857143) contrib=(-0.05714285714,9.696196558E-75)
COSET 11 c=1 d=69 gcd=1 a0=(-4.000000000,4.000000000) 
rho=(0.007142857143,0.007142857143) contrib=(-0.05714285714,5.439503102E-74)
COSET 11 c=1 d=70 gcd=1 a0=(-4.000000000,4.000000000) 
rho=(0.007142857143,0.007142857143) contrib=(-0.05714285714,2.492704212E-73)
COSET 11 c=1 d=71 gcd=1 a0=(-4.000000000,4.000000000) 
rho=(0.007142857143,0.007142857143) contrib=(-0.05714285714,9.123741957E-75)
COSET 11 c=1 d=72 gcd=1 a0=(-4.000000000,4.000000000) 
rho=(0.007142857143,0.007142857143) contrib=(-0.05714285714,-2.613551352E-75)
COSET 11 c=1 d=73 gcd=1 a0=(-4.000000000,4.000000000) 
rho=(0.007142857143,0.007142857143) contrib=(-0.05714285714,-2.427997102E-75)
COSET 11 c=1 d=74 gcd=1 a0=(-4.000000000,4.000000000) 
rho=(0.007142857143,0.007142857143) contrib=(-0.05714285714,-7.603776291E-75)
COSET 11 c=1 d=75 gcd=1 a0=(-4.000000000,4.000000000) 
rho=(0.007142857143,0.007142857143) contrib=(-0.05714285714,5.819297120E-75)
COSET 11 c=1 d=76 gcd=1 a0=(-4.000000000,4.000000000) 
rho=(0.007142857143,0.007142857143) contrib=(-0.05714285714,4.579636811E-75)
COSET 11 c=1 d=77 gcd=1 a0=(-4.000000000,4.000000000) 
rho=(0.007142857143,0.007142857143) contrib=(-0.05714285714,-4.433562188E-75)
COSET 11 c=1 d=78 gcd=1 a0=(-4.000000000,4.000000000) 
rho=(0.007142857143,0.007142857143) contrib=(-0.05714285714,-3.908483140E-76)
COSET 11 c=1 d=79 gcd=1 a0=(-4.000000000,4.000000000) 
rho=(0.007142857143,0.007142857143) contrib=(-0.05714285714,7.919613313E-75)
COSET 11 c=1 d=80 gcd=1 a0=(-4.000000000,4.000000000) 
rho=(0.007142857143,0.007142857143) contrib=(-0.05714285714,8.902656041E-75)
COSET 11 c=1 d=81 gcd=1 a0=(-4.000000000,4.000000000) 
rho=(0.007142857143,0.007142857143) contrib=(-0.05714285714,2.455632842E-75)
COSET 11 c=1 d=82 gcd=1 a0=(-4.000000000,4.000000000) 
rho=(0.007142857143,0.007142857143) contrib=(-0.05714285714,-4.236164050E-75)
COSET 11 c=1 d=83 gcd=1 a0=(-4.000000000,4.000000000) 
rho=(0.007142857143,0.007142857143) contrib=(-0.05714285714,1.389288098E-74)
COSET 11 c=1 d=84 gcd=1 a0=(-4.000000000,4.000000000) 
rho=(0.007142857143,0.007142857143) contrib=(-0.05714285714,9.475110643E-77)
COSET 11 c=1 d=85 gcd=1 a0=(-4.000000000,4.000000000) 
rho=(0.007142857143,0.007142857143) contrib=(-0.05714285714,2.513667894E-74)
COSET 11 c=1 d=86 gcd=1 a0=(-4.000000000,4.000000000) 
rho=(0.007142857143,0.007142857143) contrib=(-0.05714285714,-3.754512592E-75)
COSET 11 c=1 d=87 gcd=1 a0=(-4.000000000,4.000000000) 
rho=(0.007142857143,0.007142857143) contrib=(-0.05714285714,2.108212118E-75)
COSET 11 c=1 d=88 gcd=1 a0=(-4.000000000,4.000000000) 
rho=(0.007142857143,0.007142857143) contrib=(-0.05714285714,8.934239744E-75)
COSET 11 c=1 d=89 gcd=1 a0=(-4.000000000,4.000000000) 
rho=(0.007142857143,0.007142857143) contrib=(-0.05714285714,1.373891043E-75)
COSET 11 c=1 d=90 gcd=1 a0=(-4.000000000,4.000000000) 
rho=(0.007142857143,0.007142857143) contrib=(-0.05714285714,8.290721813E-77)
COSET 11 c=1 d=91 gcd=1 a0=(-4.000000000,4.000000000) 
rho=(0.007142857143,0.007142857143) contrib=(-0.05714285714,1.673146621E-74)
COSET 11 c=1 d=92 gcd=1 a0=(-4.000000000,4.000000000) 
rho=(0.007142857143,0.007142857143) contrib=(-0.05714285714,1.489171556E-74)
COSET 11 c=1 d=93 gcd=1 a0=(-4.000000000,4.000000000) 
rho=(0.007142857143,0.007142857143) contrib=(-0.05714285714,7.627464068E-75)
COSET 11 c=1 d=94 gcd=1 a0=(-4.000000000,4.000000000) 
rho=(0.007142857143,0.007142857143) contrib=(-0.05714285714,-3.280757060E-74)
COSET 11 c=1 d=95 gcd=1 a0=(-4.000000000,4.000000000) 
rho=(0.007142857143,0.007142857143) contrib=(-0.05714285714,-5.369229365E-76)
COSET 11 c=1 d=96 gcd=1 a0=(-4.000000000,4.000000000) 
rho=(0.007142857143,0.007142857143) contrib=(-0.05714285714,-1.253083383E-74)
COSET 11 c=1 d=97 gcd=1 a0=(-4.000000000,4.000000000) 
rho=(0.007142857143,0.007142857143) contrib=(-0.05714285714,-7.106332982E-76)
COSET 11 c=1 d=98 gcd=1 a0=(-4.000000000,4.000000000) 
rho=(0.007142857143,0.007142857143) contrib=(-0.05714285714,1.044236152E-74)
COSET 11 c=1 d=99 gcd=1 a0=(-4.000000000,4.000000000) 
rho=(0.007142857143,0.007142857143) contrib=(-0.05714285714,2.238494889E-75)
COSET 11 c=1 d=100 gcd=1 a0=(-4.000000000,4.000000000) 
rho=(0.007142857143,0.007142857143) contrib=(-0.05714285714,-4.042713874E-75)
COSET 11 c=1 d=101 gcd=1 a0=(-4.000000000,4.000000000) 
rho=(0.007142857143,0.007142857143) contrib=(-0.05714285714,-2.190329744E-74)
COSET 11 c=1 d=102 gcd=1 a0=(-4.000000000,4.000000000) 
rho=(0.007142857143,0.007142857143) contrib=(-0.05714285714,-7.023425764E-75)
COSET 11 c=1 d=103 gcd=1 a0=(-4.000000000,4.000000000) 
rho=(0.007142857143,0.007142857143) contrib=(-0.05714285714,-1.924631849E-74)
COSET 11 c=1 d=104 gcd=1 a0=(-4.000000000,4.000000000) 
rho=(0.007142857143,0.007142857143) contrib=(-0.05714285714,-2.191119336E-75)
COSET 11 c=1 d=105 gcd=1 a0=(-4.000000000,4.000000000) 
rho=(0.007142857143,0.007142857143) contrib=(-0.05714285714,2.191514132E-74)
COSET 11 c=1 d=106 gcd=1 a0=(-4.000000000,4.000000000) 
rho=(0.007142857143,0.007142857143) contrib=(-0.05714285714,5.408708992E-76)
COSET 11 c=1 d=107 gcd=1 a0=(-4.000000000,4.000000000) 
rho=(0.007142857143,0.007142857143) contrib=(-0.05714285714,4.078245539E-75)
COSET 11 c=1 d=108 gcd=1 a0=(-4.000000000,4.000000000) 
rho=(0.007142857143,0.007142857143) contrib=(-0.05714285714,3.159949400E-74)
COSET 11 c=1 d=109 gcd=1 a0=(-4.000000000,4.000000000) 
rho=(0.007142857143,0.007142857143) contrib=(-0.05714285714,1.118457852E-74)
COSET 11 c=1 d=110 gcd=1 a0=(-4.000000000,4.000000000) 
rho=(0.007142857143,0.007142857143) contrib=(-0.05714285714,-2.559464263E-74)
COSET 11 c=1 d=111 gcd=1 a0=(-4.000000000,4.000000000) 
rho=(0.007142857143,0.007142857143) contrib=(-0.05714285714,-5.122086895E-74)
COSET 11 c=1 d=112 gcd=1 a0=(-4.000000000,4.000000000) 
rho=(0.007142857143,0.007142857143) contrib=(-0.05714285714,1.175703312E-74)
COSET 11 c=1 d=113 gcd=1 a0=(-4.000000000,4.000000000) 
rho=(0.007142857143,0.007142857143) contrib=(-0.05714285714,4.444221688E-74)
COSET 11 c=1 d=114 gcd=1 a0=(-4.000000000,4.000000000) 
rho=(0.007142857143,0.007142857143) contrib=(-0.05714285714,-8.172282930E-76)
COSET 11 c=1 d=115 gcd=1 a0=(-4.000000000,4.000000000) 
rho=(0.007142857143,0.007142857143) contrib=(-0.05714285714,2.469450711E-74)
COSET 11 c=1 d=116 gcd=1 a0=(-4.000000000,4.000000000) 
rho=(0.007142857143,0.007142857143) contrib=(-0.05714285714,-2.604471038E-74)
COSET 11 c=1 d=117 gcd=1 a0=(-4.000000000,4.000000000) 
rho=(0.007142857143,0.007142857143) contrib=(-0.05714285714,-1.962532292E-74)
COSET 11 c=1 d=118 gcd=1 a0=(-4.000000000,4.000000000) 
rho=(0.007142857143,0.007142857143) contrib=(-0.05714285714,1.508516574E-74)
COSET 11 c=1 d=119 gcd=1 a0=(-4.000000000,4.000000000) 
rho=(0.007142857143,0.007142857143) contrib=(-0.05714285714,1.195048330E-74)
COSET 11 c=1 d=120 gcd=1 a0=(-4.000000000,4.000000000) 
rho=(0.007142857143,0.007142857143) contrib=(-0.05714285714,-6.293052652E-75)
COSET 11 c=1 d=121 gcd=1 a0=(-4.000000000,4.000000000) 
rho=(0.007142857143,0.007142857143) contrib=(-0.05714285714,5.044706825E-74)
COSET 11 c=1 d=122 gcd=1 a0=(-4.000000000,4.000000000) 
rho=(0.007142857143,0.007142857143) contrib=(-0.05714285714,1.397578820E-74)
COSET 11 c=1 d=123 gcd=1 a0=(-4.000000000,4.000000000) 
rho=(0.007142857143,0.007142857143) contrib=(-0.05714285714,-4.125621092E-75)
COSET 11 c=1 d=124 gcd=1 a0=(-4.000000000,4.000000000) 
rho=(0.007142857143,0.007142857143) contrib=(-0.05714285714,-1.160701054E-75)
COSET 11 c=1 d=125 gcd=1 a0=(-4.000000000,4.000000000) 
rho=(0.007142857143,0.007142857143) contrib=(-0.05714285714,9.597497489E-75)
COSET 11 c=1 d=126 gcd=1 a0=(-4.000000000,4.000000000) 
rho=(0.007142857143,0.007142857143) contrib=(-0.05714285714,1.444954373E-74)
COSET 11 c=1 d=127 gcd=1 a0=(-4.000000000,4.000000000) 
rho=(0.007142857143,0.007142857143) contrib=(-0.05714285714,6.751016333E-76)
COSET 11 c=1 d=128 gcd=1 a0=(-4.000000000,4.000000000) 
rho=(0.007142857143,0.007142857143) contrib=(-0.05714285714,-1.230185198E-74)
COSET 11 c=1 d=129 gcd=1 a0=(-4.000000000,4.000000000) 
rho=(0.007142857143,0.007142857143) contrib=(-0.05714285714,2.735938198E-75)
COSET 11 c=1 d=130 gcd=1 a0=(-4.000000000,4.000000000) 
rho=(0.007142857143,0.007142857143) contrib=(-0.05714285714,1.200180681E-75)
COSET 11 c=1 d=131 gcd=1 a0=(-4.000000000,4.000000000) 
rho=(0.007142857143,0.007142857143) contrib=(-0.05714285714,2.287054832E-74)
COSET 11 c=1 d=132 gcd=1 a0=(-4.000000000,4.000000000) 
rho=(0.007142857143,0.007142857143) contrib=(-0.05714285714,-7.781434616E-75)
COSET 11 c=1 d=133 gcd=1 a0=(-4.000000000,4.000000000) 
rho=(0.007142857143,0.007142857143) contrib=(-0.05714285714,-1.619059531E-74)
COSET 11 c=1 d=134 gcd=1 a0=(-4.000000000,4.000000000) 
rho=(0.007142857143,0.007142857143) contrib=(-0.05714285714,1.417318634E-75)
COSET 11 c=1 d=135 gcd=1 a0=(-4.000000000,4.000000000) 
rho=(0.007142857143,0.007142857143) contrib=(-0.05714285714,-1.682226935E-74)
COSET 11 c=1 d=136 gcd=1 a0=(-4.000000000,4.000000000) 
rho=(0.007142857143,0.007142857143) contrib=(-0.05714285714,-3.221537619E-74)
COSET 11 c=1 d=137 gcd=1 a0=(-4.000000000,4.000000000) 
rho=(0.007142857143,0.007142857143) contrib=(-0.05714285714,-1.633272197E-74)
COSET 11 c=1 d=138 gcd=1 a0=(-4.000000000,4.000000000) 
rho=(0.007142857143,0.007142857143) contrib=(-0.05714285714,3.610411951E-73)
COSET 11 c=1 d=139 gcd=1 a0=(-4.000000000,4.000000000) 
rho=(0.007142857143,0.007142857143) contrib=(-0.05714285714,1.730608160E-68)
COSET 11 c=4 d=1 gcd=4 a0=(4.000000000,-1.365535524E-68) 
rho=(0.02857142857,-2.409645244E-81) contrib=(0.1142857143,-3.901530069E-70)
COSET 11 c=4 d=3 gcd=4 a0=(2.324842940E-68,4.000000000) 
rho=(3.855432391E-81,-0.02857142857) contrib=(0.1142857143,-6.642408400E-70)
COSET 11 c=4 d=5 gcd=4 a0=(4.000000000,-3.162276333E-68) 
rho=(0.02857142857,-2.409645244E-81) contrib=(0.1142857143,-9.035075236E-70)
COSET 11 c=4 d=7 gcd=4 a0=(4.915546315E-68,4.000000000) 
rho=(3.855432391E-81,-0.02857142857) contrib=(0.1142857143,-1.404441804E-69)
COSET 11 c=4 d=9 gcd=4 a0=(4.000000000,1.056552415E-68) 
rho=(0.02857142857,-2.409645244E-81) contrib=(0.1142857143,3.018721187E-70)
COSET 11 c=4 d=11 gcd=4 a0=(-2.329671871E-68,4.000000000) 
rho=(3.855432391E-81,-0.02857142857) contrib=(0.1142857143,6.656205345E-70)
COSET 11 c=4 d=13 gcd=4 a0=(4.000000000,6.386726543E-68) 
rho=(0.02857142857,-2.409645244E-81) contrib=(0.1142857143,1.824779012E-69)
COSET 11 c=4 d=15 gcd=4 a0=(-9.539035287E-68,4.000000000) 
rho=(3.855432391E-81,-0.02857142857) contrib=(0.1142857143,2.725438654E-69)
COSET 11 c=4 d=17 gcd=4 a0=(4.000000000,2.555477110E-68) 
rho=(0.02857142857,-2.409645244E-81) contrib=(0.1142857143,7.301363170E-70)
COSET 11 c=4 d=19 gcd=4 a0=(-3.960071466E-69,4.000000000) 
rho=(3.855432391E-81,-0.02857142857) contrib=(0.1142857143,1.131448991E-70)
COSET 11 c=4 d=21 gcd=4 a0=(4.000000000,6.072093223E-68) 
rho=(0.02857142857,-2.409645244E-81) contrib=(0.1142857143,1.734883778E-69)
COSET 11 c=4 d=23 gcd=4 a0=(1.106352922E-67,4.000000000) 
rho=(3.855432391E-81,-0.02857142857) contrib=(0.1142857143,-3.161008348E-69)
COSET 11 c=4 d=25 gcd=4 a0=(4.000000000,6.792945772E-68) 
rho=(0.02857142857,-2.409645244E-81) contrib=(0.1142857143,1.940841649E-69)
COSET 11 c=4 d=27 gcd=4 a0=(-2.093633774E-67,4.000000000) 
rho=(3.855432391E-81,-0.02857142857) contrib=(0.1142857143,5.981810782E-69)
COSET 11 c=4 d=29 gcd=4 a0=(4.000000000,6.633955792E-67) 
rho=(0.02857142857,-2.409645244E-81) contrib=(0.1142857143,1.895415941E-68)
COSET 11 c=4 d=31 gcd=4 a0=(1.293080515E-67,4.000000000) 
rho=(3.855432391E-81,-0.02857142857) contrib=(0.1142857143,-3.694515759E-69)
COSET 11 c=4 d=33 gcd=4 a0=(4.000000000,4.181208188E-66) 
rho=(0.02857142857,-2.409645244E-81) contrib=(0.1142857143,1.194630911E-67)
COSET 11 c=4 d=35 gcd=4 a0=(1.171006549E-67,4.000000000) 
rho=(3.855432391E-81,-0.02857142857) contrib=(0.1142857143,-3.345732998E-69)
COSET 11 c=4 d=37 gcd=4 a0=(4.000000000,1.409158846E-67) 
rho=(0.02857142857,-2.409645244E-81) contrib=(0.1142857143,4.026168133E-69)
COSET 11 c=4 d=39 gcd=4 a0=(-1.511950302E-67,4.000000000) 
rho=(3.855432391E-81,-0.02857142857) contrib=(0.1142857143,4.319858007E-69)
COSET 11 c=4 d=41 gcd=4 a0=(4.000000000,-6.337150325E-67) 
rho=(0.02857142857,-2.409645244E-81) contrib=(0.1142857143,-1.810614378E-68)
COSET 11 c=4 d=43 gcd=4 a0=(-3.697521214E-67,4.000000000) 
rho=(3.855432391E-81,-0.02857142857) contrib=(0.1142857143,1.056434633E-68)
COSET 11 c=4 d=45 gcd=4 a0=(4.000000000,2.343687271E-67) 
rho=(0.02857142857,-2.409645244E-81) contrib=(0.1142857143,6.696249346E-69)
COSET 11 c=4 d=47 gcd=4 a0=(-1.703359465E-67,4.000000000) 
rho=(3.855432391E-81,-0.02857142857) contrib=(0.1142857143,4.866741328E-69)
COSET 11 c=4 d=49 gcd=4 a0=(4.000000000,9.066624020E-67) 
rho=(0.02857142857,-2.409645244E-81) contrib=(0.1142857143,2.590464006E-68)
COSET 11 c=4 d=51 gcd=4 a0=(-4.153823954E-68,4.000000000) 
rho=(3.855432391E-81,-0.02857142857) contrib=(0.1142857143,1.186806844E-69)
COSET 11 c=4 d=53 gcd=4 a0=(4.000000000,7.902305563E-67) 
rho=(0.02857142857,-2.409645244E-81) contrib=(0.1142857143,2.257801589E-68)
COSET 11 c=4 d=55 gcd=4 a0=(-4.768083180E-67,4.000000000) 
rho=(3.855432391E-81,-0.02857142857) contrib=(0.1142857143,1.362309480E-68)
COSET 11 c=4 d=57 gcd=4 a0=(4.000000000,6.936568844E-67) 
rho=(0.02857142857,-2.409645244E-81) contrib=(0.1142857143,1.981876812E-68)
COSET 11 c=4 d=59 gcd=4 a0=(8.120492979E-68,4.000000000) 
rho=(3.855432391E-81,-0.02857142857) contrib=(0.1142857143,-2.320140851E-69)
COSET 11 c=4 d=61 gcd=4 a0=(4.000000000,-1.281704382E-67) 
rho=(0.02857142857,-2.409645244E-81) contrib=(0.1142857143,-3.662012521E-69)
COSET 11 c=4 d=63 gcd=4 a0=(-9.939311752E-67,4.000000000) 
rho=(3.855432391E-81,-0.02857142857) contrib=(0.1142857143,2.839803358E-68)
COSET 11 c=4 d=65 gcd=4 a0=(4.000000000,2.504562211E-67) 
rho=(0.02857142857,-2.409645244E-81) contrib=(0.1142857143,7.155892033E-69)
COSET 11 c=4 d=67 gcd=4 a0=(9.263573003E-68,4.000000000) 
rho=(3.855432391E-81,-0.02857142857) contrib=(0.1142857143,-2.646735144E-69)
COSET 11 c=4 d=69 gcd=4 a0=(4.000000000,-7.181327202E-67) 
rho=(0.02857142857,-2.409645244E-81) contrib=(0.1142857143,-2.051807772E-68)
COSET 11 c=7 d=1 gcd=7 a0=(2.000000000,2.000000000) 
rho=(-5.805268376E-82,1.302243826E-81) contrib=(-3.765541328E-81,1.443433977E-8\
1)
COSET 11 c=7 d=2 gcd=7 a0=(2.000000000,2.000000000) 
rho=(1.082988338E-81,1.074172843E-81) contrib=(1.763099046E-83,4.314322361E-81)
COSET 11 c=7 d=3 gcd=7 a0=(2.000000000,2.000000000) 
rho=(-2.263170400E-81,-2.783299996E-82) contrib=(-3.969680800E-81,-5.083000799E\
-81)
COSET 11 c=7 d=4 gcd=7 a0=(2.000000000,2.000000000) 
rho=(2.758838011E-82,2.979771173E-81) contrib=(-5.407774745E-81,6.511309949E-81\
)
COSET 11 c=7 d=5 gcd=7 a0=(-2.000000000,-2.000000000) 
rho=(1.333512021E-81,9.834758726E-83) contrib=(-2.470328867E-81,-2.863719216E-8\
1)
COSET 11 c=7 d=6 gcd=7 a0=(2.000000000,2.000000000) 
rho=(-3.642705897E-82,2.895574681E-81) contrib=(-6.519690541E-81,5.062608182E-8\
1)
COSET 11 c=7 d=8 gcd=7 a0=(2.000000000,2.000000000) 
rho=(-5.805268376E-82,1.302243826E-81) contrib=(-3.765541328E-81,1.443433977E-8\
1)
COSET 11 c=7 d=9 gcd=7 a0=(2.000000000,2.000000000) 
rho=(1.082988338E-81,1.074172843E-81) contrib=(1.763099046E-83,4.314322361E-81)
COSET 11 c=7 d=10 gcd=7 a0=(2.000000000,2.000000000) 
rho=(-2.263170400E-81,-2.783299996E-82) contrib=(-3.969680800E-81,-5.083000799E\
-81)
COSET 11 c=7 d=11 gcd=7 a0=(2.000000000,2.000000000) 
rho=(2.758838011E-82,2.979771173E-81) contrib=(-5.407774745E-81,6.511309949E-81\
)
COSET 11 c=7 d=12 gcd=7 a0=(-2.000000000,-2.000000000) 
rho=(1.333512021E-81,9.834758726E-83) contrib=(-2.470328867E-81,-2.863719216E-8\
1)
COSET 11 c=7 d=13 gcd=7 a0=(2.000000000,2.000000000) 
rho=(-3.642705897E-82,2.895574681E-81) contrib=(-6.519690541E-81,5.062608182E-8\
1)
COSET 11 c=7 d=15 gcd=7 a0=(2.000000000,2.000000000) 
rho=(-5.805268376E-82,1.302243826E-81) contrib=(-3.765541328E-81,1.443433977E-8\
1)
COSET 11 c=7 d=16 gcd=7 a0=(2.000000000,2.000000000) 
rho=(1.082988338E-81,1.074172843E-81) contrib=(1.763099046E-83,4.314322361E-81)
COSET 11 c=7 d=17 gcd=7 a0=(2.000000000,2.000000000) 
rho=(-2.263170400E-81,-2.783299996E-82) contrib=(-3.969680800E-81,-5.083000799E\
-81)
COSET 11 c=7 d=18 gcd=7 a0=(2.000000000,2.000000000) 
rho=(2.758838011E-82,2.979771173E-81) contrib=(-5.407774745E-81,6.511309949E-81\
)
COSET 11 c=7 d=19 gcd=7 a0=(-2.000000000,-2.000000000) 
rho=(1.333512021E-81,9.834758726E-83) contrib=(-2.470328867E-81,-2.863719216E-8\
1)
COSET 11 c=7 d=20 gcd=7 a0=(2.000000000,2.000000000) 
rho=(-3.642705897E-82,2.895574681E-81) contrib=(-6.519690541E-81,5.062608182E-8\
1)
COSET 11 c=7 d=27 gcd=7 a0=(2.000000000,2.000000000) 
rho=(-3.642705897E-82,2.895574681E-81) contrib=(-6.519690541E-81,5.062608182E-8\
1)
COSET 11 c=7 d=34 gcd=7 a0=(2.000000000,2.000000000) 
rho=(-3.642705897E-82,2.895574681E-81) contrib=(-6.519690541E-81,5.062608182E-8\
1)
COSET 11 c=20 d=1 gcd=20 a0=(6.000000000,-2.662035205E-69) 
rho=(-0.1428571429,2.602416864E-80) contrib=(-0.8571428572,3.802907437E-70)
COSET 11 c=20 d=3 gcd=20 a0=(3.100099709E-69,6.000000000) 
rho=(5.783148586E-81,0.1428571429) contrib=(-0.8571428572,4.428713871E-70)
COSET 11 c=20 d=7 gcd=20 a0=(-1.236947973E-69,6.000000000) 
rho=(7.710864781E-81,0.1428571429) contrib=(-0.8571428572,-1.767068532E-70)
COSET 11 c=20 d=9 gcd=20 a0=(6.000000000,-1.458683000E-69) 
rho=(-0.1428571429,-4.819290488E-81) contrib=(-0.8571428572,2.083832856E-70)
COSET 11 c=20 d=11 gcd=20 a0=(3.841970636E-69,-6.000000000) 
rho=(-1.927716195E-81,-0.1428571429) contrib=(-0.8571428572,-5.488529480E-70)
COSET 11 c=20 d=13 gcd=20 a0=(6.000000000,1.585950051E-69) 
rho=(-0.1428571429,-2.024102005E-80) contrib=(-0.8571428572,-2.265642931E-70)
COSET 11 c=20 d=19 gcd=20 a0=(-1.011525532E-69,6.000000000) 
rho=(-2.891574293E-80,0.1428571429) contrib=(-0.8571428572,-1.445036476E-70)
COSET 11 c=28 d=1 gcd=28 a0=(10.00000000,-1.172668789E-69) 
rho=(1.367850183E-80,7.240230945E-81) contrib=(1.367850183E-79,7.240230944E-80)
COSET 11 c=28 d=3 gcd=28 a0=(5.705837890E-69,-10.00000000) 
rho=(4.785404852E-81,2.927342465E-81) contrib=(2.927342465E-80,-4.785404852E-80\
)
COSET 11 c=28 d=5 gcd=28 a0=(-10.00000000,6.451862263E-69) 
rho=(5.628093312E-82,1.985504322E-81) contrib=(-5.628093312E-81,-1.985504322E-8\
0)
COSET 11 c=28 d=9 gcd=28 a0=(10.00000000,-1.045029609E-69) 
rho=(3.714242240E-81,2.123499872E-81) contrib=(3.714242240E-80,2.123499872E-80)
COSET 11 c=28 d=17 gcd=28 a0=(10.00000000,-8.737552918E-69) 
rho=(-5.075785929E-81,-2.558836170E-81) contrib=(-5.075785929E-80,-2.558836170E\
-80)
COSET 11 c=35 d=1 gcd=35 a0=(2.000000000,2.000000000) 
rho=(1.512617151E-80,-2.772974566E-81) contrib=(3.579829216E-80,2.470639389E-80\
)
COSET 11 c=35 d=2 gcd=35 a0=(-2.000000000,-2.000000000) 
rho=(5.161413766E-81,4.461858628E-81) contrib=(-1.399110276E-81,-1.924654479E-8\
0)
COSET 11 c=35 d=3 gcd=35 a0=(2.000000000,2.000000000) 
rho=(-3.915673522E-82,6.515454836E-81) contrib=(-1.381404438E-80,1.224777497E-8\
0)
COSET 11 c=35 d=4 gcd=35 a0=(2.000000000,2.000000000) 
rho=(-1.063161232E-81,-4.362753213E-81) contrib=(6.599183961E-81,-1.085182889E-\
80)
FORM 12:
  c_eta(0)[1] (trivial) = 2.01661566630E-66 + 5.34659429781E-67 i   (half: 
1.00830783315E-66)
  c_eta(0)[2] = -2.00000000000 + 4.20448045977E-67 i   (half: -1.00000000000)
  c_eta(0)[3] = -2.00000000000 + 4.20448045977E-67 i   (half: -1.00000000000)
  c_eta(0)[4] = -2.00000000000 + 4.20448045977E-67 i   (half: -1.00000000000)
  c_eta(0)[5] = -2.00000000000 + 4.20448045977E-67 i   (half: -1.00000000000)
  c_eta(0)[6] = -2.00000000000 + 4.20448045977E-67 i   (half: -1.00000000000)
  c_eta(0)[7] = -2.00000000000 + 4.20448045977E-67 i   (half: -1.00000000000)
  c_eta(0)[8] = -2.00000000000 + 4.20448045977E-67 i   (half: -1.00000000000)
  c_eta(0)[9] = -2.00000000000 + 4.20448045977E-67 i   (half: -1.00000000000)
  c_eta(0)[10] = -2.00000000000 + 4.20448045977E-67 i   (half: -1.00000000000)
  c_eta(0)[11] = -2.00000000000 + 4.20448045977E-67 i   (half: -1.00000000000)
  c_eta(0)[12] = -2.00000000000 + 4.20448045977E-67 i   (half: -1.00000000000)
  c_eta(0)[13] = -2.00000000000 + 4.20448045977E-67 i   (half: -1.00000000000)
COSET 12 c=1 d=0 gcd=1 a0=(-2.000000000,2.000000000) 
rho=(0.007142857143,0.007142857143) contrib=(-0.02857142857,-1.322061146E-67)
COSET 12 c=1 d=1 gcd=1 a0=(-2.000000000,2.000000000) 
rho=(0.007142857143,0.007142857143) contrib=(-0.02857142857,-4.554906772E-72)
COSET 12 c=1 d=2 gcd=1 a0=(-2.000000000,2.000000000) 
rho=(0.007142857143,0.007142857143) contrib=(-0.02857142857,5.318695441E-74)
COSET 12 c=1 d=3 gcd=1 a0=(-2.000000000,2.000000000) 
rho=(0.007142857143,0.007142857143) contrib=(-0.02857142857,5.681118423E-75)
COSET 12 c=1 d=4 gcd=1 a0=(-2.000000000,2.000000000) 
rho=(0.007142857143,0.007142857143) contrib=(-0.02857142857,-3.549218528E-75)
COSET 12 c=1 d=5 gcd=1 a0=(-2.000000000,2.000000000) 
rho=(0.007142857143,0.007142857143) contrib=(-0.02857142857,6.435179312E-75)
COSET 12 c=1 d=6 gcd=1 a0=(-2.000000000,2.000000000) 
rho=(0.007142857143,0.007142857143) contrib=(-0.02857142857,3.659761486E-75)
COSET 12 c=1 d=7 gcd=1 a0=(-2.000000000,2.000000000) 
rho=(0.007142857143,0.007142857143) contrib=(-0.02857142857,-3.553166491E-76)
COSET 12 c=1 d=8 gcd=1 a0=(-2.000000000,2.000000000) 
rho=(0.007142857143,0.007142857143) contrib=(-0.02857142857,7.303731121E-76)
COSET 12 c=1 d=9 gcd=1 a0=(-2.000000000,2.000000000) 
rho=(0.007142857143,0.007142857143) contrib=(-0.02857142857,-1.188336793E-75)
COSET 12 c=1 d=10 gcd=1 a0=(-2.000000000,2.000000000) 
rho=(0.007142857143,0.007142857143) contrib=(-0.02857142857,3.197849842E-76)
COSET 12 c=1 d=11 gcd=1 a0=(-2.000000000,2.000000000) 
rho=(0.007142857143,0.007142857143) contrib=(-0.02857142857,2.605655427E-76)
COSET 12 c=1 d=12 gcd=1 a0=(-2.000000000,2.000000000) 
rho=(0.007142857143,0.007142857143) contrib=(-0.02857142857,-2.289818405E-76)
COSET 12 c=1 d=13 gcd=1 a0=(-2.000000000,2.000000000) 
rho=(0.007142857143,0.007142857143) contrib=(-0.02857142857,3.790044257E-76)
COSET 12 c=1 d=14 gcd=1 a0=(-2.000000000,2.000000000) 
rho=(0.007142857143,0.007142857143) contrib=(-0.02857142857,9.080314367E-77)
COSET 12 c=1 d=15 gcd=1 a0=(-2.000000000,2.000000000) 
rho=(0.007142857143,0.007142857143) contrib=(-0.02857142857,-1.539705480E-76)
COSET 12 c=1 d=16 gcd=1 a0=(-2.000000000,2.000000000) 
rho=(0.007142857143,0.007142857143) contrib=(-0.02857142857,1.342307341E-76)
COSET 12 c=1 d=17 gcd=1 a0=(-2.000000000,2.000000000) 
rho=(0.007142857143,0.007142857143) contrib=(-0.02857142857,9.948866176E-76)
COSET 12 c=1 d=18 gcd=1 a0=(-2.000000000,2.000000000) 
rho=(0.007142857143,0.007142857143) contrib=(-0.02857142857,-7.895925536E-77)
COSET 12 c=1 d=19 gcd=1 a0=(-2.000000000,2.000000000) 
rho=(0.007142857143,0.007142857143) contrib=(-0.02857142857,-2.408257289E-75)
COSET 12 c=1 d=20 gcd=1 a0=(-2.000000000,2.000000000) 
rho=(0.007142857143,0.007142857143) contrib=(-0.02857142857,1.050158096E-75)
COSET 12 c=1 d=21 gcd=1 a0=(-2.000000000,2.000000000) 
rho=(0.007142857143,0.007142857143) contrib=(-0.02857142857,4.461197928E-76)
COSET 12 c=1 d=22 gcd=1 a0=(-2.000000000,2.000000000) 
rho=(0.007142857143,0.007142857143) contrib=(-0.02857142857,-9.672508782E-76)
COSET 12 c=1 d=23 gcd=1 a0=(-2.000000000,2.000000000) 
rho=(0.007142857143,0.007142857143) contrib=(-0.02857142857,2.447736916E-76)
COSET 12 c=1 d=24 gcd=1 a0=(-2.000000000,2.000000000) 
rho=(0.007142857143,0.007142857143) contrib=(-0.02857142857,1.480486038E-75)
COSET 12 c=1 d=25 gcd=1 a0=(-2.000000000,2.000000000) 
rho=(0.007142857143,0.007142857143) contrib=(-0.02857142857,2.684614682E-76)
COSET 12 c=1 d=26 gcd=1 a0=(-2.000000000,2.000000000) 
rho=(0.007142857143,0.007142857143) contrib=(-0.02857142857,-4.066401651E-76)
COSET 12 c=1 d=27 gcd=1 a0=(-2.000000000,2.000000000) 
rho=(0.007142857143,0.007142857143) contrib=(-0.02857142857,-1.958189533E-75)
COSET 12 c=1 d=28 gcd=1 a0=(-2.000000000,2.000000000) 
rho=(0.007142857143,0.007142857143) contrib=(-0.02857142857,-1.681832139E-75)
COSET 12 c=1 d=29 gcd=1 a0=(-2.000000000,2.000000000) 
rho=(0.007142857143,0.007142857143) contrib=(-0.02857142857,-1.697623990E-75)
COSET 12 c=1 d=30 gcd=1 a0=(-2.000000000,2.000000000) 
rho=(0.007142857143,0.007142857143) contrib=(-0.02857142857,4.026922023E-76)
COSET 12 c=1 d=31 gcd=1 a0=(-2.000000000,2.000000000) 
rho=(0.007142857143,0.007142857143) contrib=(-0.02857142857,-9.080314366E-76)
COSET 12 c=1 d=32 gcd=1 a0=(-2.000000000,2.000000000) 
rho=(0.007142857143,0.007142857143) contrib=(-0.02857142857,8.803956973E-76)
COSET 12 c=1 d=33 gcd=1 a0=(-2.000000000,2.000000000) 
rho=(0.007142857143,0.007142857143) contrib=(-0.02857142857,-3.869003513E-76)
COSET 12 c=1 d=34 gcd=1 a0=(-2.000000000,2.000000000) 
rho=(0.007142857143,0.007142857143) contrib=(-0.02857142857,1.024101542E-74)
COSET 12 c=1 d=35 gcd=1 a0=(-2.000000000,2.000000000) 
rho=(0.007142857143,0.007142857143) contrib=(-0.02857142857,-3.616333895E-75)
COSET 12 c=1 d=36 gcd=1 a0=(-2.000000000,2.000000000) 
rho=(0.007142857143,0.007142857143) contrib=(-0.02857142857,-4.188788497E-75)
COSET 12 c=1 d=37 gcd=1 a0=(-2.000000000,2.000000000) 
rho=(0.007142857143,0.007142857143) contrib=(-0.02857142857,-1.425214559E-75)
COSET 12 c=1 d=38 gcd=1 a0=(-2.000000000,2.000000000) 
rho=(0.007142857143,0.007142857143) contrib=(-0.02857142857,1.717363804E-75)
COSET 12 c=1 d=39 gcd=1 a0=(-2.000000000,2.000000000) 
rho=(0.007142857143,0.007142857143) contrib=(-0.02857142857,-5.061288269E-75)
COSET 12 c=1 d=40 gcd=1 a0=(-2.000000000,2.000000000) 
rho=(0.007142857143,0.007142857143) contrib=(-0.02857142857,3.091254847E-75)
COSET 12 c=1 d=41 gcd=1 a0=(-2.000000000,2.000000000) 
rho=(0.007142857143,0.007142857143) contrib=(-0.02857142857,-3.359716316E-75)
COSET 12 c=1 d=42 gcd=1 a0=(-2.000000000,2.000000000) 
rho=(0.007142857143,0.007142857143) contrib=(-0.02857142857,-1.504173815E-75)
COSET 12 c=1 d=43 gcd=1 a0=(-2.000000000,2.000000000) 
rho=(0.007142857143,0.007142857143) contrib=(-0.02857142857,2.147691746E-75)
COSET 12 c=1 d=44 gcd=1 a0=(-2.000000000,2.000000000) 
rho=(0.007142857143,0.007142857143) contrib=(-0.02857142857,-4.962589200E-75)
COSET 12 c=1 d=45 gcd=1 a0=(-2.000000000,2.000000000) 
rho=(0.007142857143,0.007142857143) contrib=(-0.02857142857,1.358099192E-75)
COSET 12 c=1 d=46 gcd=1 a0=(-2.000000000,2.000000000) 
rho=(0.007142857143,0.007142857143) contrib=(-0.02857142857,-4.382238673E-76)
COSET 12 c=1 d=47 gcd=1 a0=(-2.000000000,2.000000000) 
rho=(0.007142857143,0.007142857143) contrib=(-0.02857142857,1.172544942E-75)
COSET 12 c=1 d=48 gcd=1 a0=(-2.000000000,2.000000000) 
rho=(0.007142857143,0.007142857143) contrib=(-0.02857142857,-1.148857165E-75)
COSET 12 c=1 d=49 gcd=1 a0=(-2.000000000,2.000000000) 
rho=(0.007142857143,0.007142857143) contrib=(-0.02857142857,6.940518546E-75)
COSET 12 c=1 d=50 gcd=1 a0=(-2.000000000,2.000000000) 
rho=(0.007142857143,0.007142857143) contrib=(-0.02857142857,-1.065949947E-75)
COSET 12 c=1 d=51 gcd=1 a0=(-2.000000000,2.000000000) 
rho=(0.007142857143,0.007142857143) contrib=(-0.02857142857,5.598211205E-75)
COSET 12 c=1 d=52 gcd=1 a0=(-2.000000000,2.000000000) 
rho=(0.007142857143,0.007142857143) contrib=(-0.02857142857,-1.393630857E-75)
COSET 12 c=1 d=53 gcd=1 a0=(-2.000000000,2.000000000) 
rho=(0.007142857143,0.007142857143) contrib=(-0.02857142857,1.421266597E-76)
COSET 12 c=1 d=54 gcd=1 a0=(-2.000000000,2.000000000) 
rho=(0.007142857143,0.007142857143) contrib=(-0.02857142857,-1.816062873E-75)
COSET 12 c=1 d=55 gcd=1 a0=(-2.000000000,2.000000000) 
rho=(0.007142857143,0.007142857143) contrib=(-0.02857142857,1.331253045E-74)
COSET 12 c=1 d=56 gcd=1 a0=(-2.000000000,2.000000000) 
rho=(0.007142857143,0.007142857143) contrib=(-0.02857142857,1.389682894E-74)
COSET 12 c=1 d=57 gcd=1 a0=(-2.000000000,2.000000000) 
rho=(0.007142857143,0.007142857143) contrib=(-0.02857142857,4.405926449E-75)
COSET 12 c=1 d=58 gcd=1 a0=(-2.000000000,2.000000000) 
rho=(0.007142857143,0.007142857143) contrib=(-0.02857142857,1.867386389E-75)
COSET 12 c=1 d=59 gcd=1 a0=(-2.000000000,2.000000000) 
rho=(0.007142857143,0.007142857143) contrib=(-0.02857142857,7.461649631E-76)
COSET 12 c=1 d=60 gcd=1 a0=(-2.000000000,2.000000000) 
rho=(0.007142857143,0.007142857143) contrib=(-0.02857142857,9.198753249E-76)
COSET 12 c=1 d=61 gcd=1 a0=(-2.000000000,2.000000000) 
rho=(0.007142857143,0.007142857143) contrib=(-0.02857142857,-3.553166491E-76)
COSET 12 c=1 d=62 gcd=1 a0=(-2.000000000,2.000000000) 
rho=(0.007142857143,0.007142857143) contrib=(-0.02857142857,-8.448640324E-76)
COSET 12 c=1 d=63 gcd=1 a0=(-2.000000000,2.000000000) 
rho=(0.007142857143,0.007142857143) contrib=(-0.02857142857,-1.326515490E-75)
COSET 12 c=1 d=64 gcd=1 a0=(-2.000000000,2.000000000) 
rho=(0.007142857143,0.007142857143) contrib=(-0.02857142857,5.527147875E-77)
COSET 12 c=1 d=65 gcd=1 a0=(-2.000000000,2.000000000) 
rho=(0.007142857143,0.007142857143) contrib=(-0.02857142857,1.658144363E-75)
COSET 12 c=1 d=66 gcd=1 a0=(-2.000000000,2.000000000) 
rho=(0.007142857143,0.007142857143) contrib=(-0.02857142857,2.258234703E-75)
COSET 12 c=1 d=67 gcd=1 a0=(-2.000000000,2.000000000) 
rho=(0.007142857143,0.007142857143) contrib=(-0.02857142857,6.924726695E-75)
COSET 12 c=1 d=68 gcd=1 a0=(-2.000000000,2.000000000) 
rho=(0.007142857143,0.007142857143) contrib=(-0.02857142857,9.704092484E-75)
COSET 12 c=1 d=69 gcd=1 a0=(-2.000000000,2.000000000) 
rho=(0.007142857143,0.007142857143) contrib=(-0.02857142857,5.445030250E-74)
COSET 12 c=1 d=70 gcd=1 a0=(-2.000000000,2.000000000) 
rho=(0.007142857143,0.007142857143) contrib=(-0.02857142857,2.495467786E-73)
COSET 12 c=1 d=71 gcd=1 a0=(-2.000000000,2.000000000) 
rho=(0.007142857143,0.007142857143) contrib=(-0.02857142857,9.139533808E-75)
COSET 12 c=1 d=72 gcd=1 a0=(-2.000000000,2.000000000) 
rho=(0.007142857143,0.007142857143) contrib=(-0.02857142857,-2.617499315E-75)
COSET 12 c=1 d=73 gcd=1 a0=(-2.000000000,2.000000000) 
rho=(0.007142857143,0.007142857143) contrib=(-0.02857142857,-2.424049139E-75)
COSET 12 c=1 d=74 gcd=1 a0=(-2.000000000,2.000000000) 
rho=(0.007142857143,0.007142857143) contrib=(-0.02857142857,-7.615620180E-75)
COSET 12 c=1 d=75 gcd=1 a0=(-2.000000000,2.000000000) 
rho=(0.007142857143,0.007142857143) contrib=(-0.02857142857,5.827193046E-75)
COSET 12 c=1 d=76 gcd=1 a0=(-2.000000000,2.000000000) 
rho=(0.007142857143,0.007142857143) contrib=(-0.02857142857,4.583584774E-75)
COSET 12 c=1 d=77 gcd=1 a0=(-2.000000000,2.000000000) 
rho=(0.007142857143,0.007142857143) contrib=(-0.02857142857,-4.445406077E-75)
COSET 12 c=1 d=78 gcd=1 a0=(-2.000000000,2.000000000) 
rho=(0.007142857143,0.007142857143) contrib=(-0.02857142857,-3.908483140E-76)
COSET 12 c=1 d=79 gcd=1 a0=(-2.000000000,2.000000000) 
rho=(0.007142857143,0.007142857143) contrib=(-0.02857142857,7.931457201E-75)
COSET 12 c=1 d=80 gcd=1 a0=(-2.000000000,2.000000000) 
rho=(0.007142857143,0.007142857143) contrib=(-0.02857142857,8.918447893E-75)
COSET 12 c=1 d=81 gcd=1 a0=(-2.000000000,2.000000000) 
rho=(0.007142857143,0.007142857143) contrib=(-0.02857142857,2.455632842E-75)
COSET 12 c=1 d=82 gcd=1 a0=(-2.000000000,2.000000000) 
rho=(0.007142857143,0.007142857143) contrib=(-0.02857142857,-4.244059976E-75)
COSET 12 c=1 d=83 gcd=1 a0=(-2.000000000,2.000000000) 
rho=(0.007142857143,0.007142857143) contrib=(-0.02857142857,1.390472487E-74)
COSET 12 c=1 d=84 gcd=1 a0=(-2.000000000,2.000000000) 
rho=(0.007142857143,0.007142857143) contrib=(-0.02857142857,9.475110643E-77)
COSET 12 c=1 d=85 gcd=1 a0=(-2.000000000,2.000000000) 
rho=(0.007142857143,0.007142857143) contrib=(-0.02857142857,2.516431468E-74)
COSET 12 c=1 d=86 gcd=1 a0=(-2.000000000,2.000000000) 
rho=(0.007142857143,0.007142857143) contrib=(-0.02857142857,-3.762408518E-75)
COSET 12 c=1 d=87 gcd=1 a0=(-2.000000000,2.000000000) 
rho=(0.007142857143,0.007142857143) contrib=(-0.02857142857,2.116108044E-75)
COSET 12 c=1 d=88 gcd=1 a0=(-2.000000000,2.000000000) 
rho=(0.007142857143,0.007142857143) contrib=(-0.02857142857,8.942135670E-75)
COSET 12 c=1 d=89 gcd=1 a0=(-2.000000000,2.000000000) 
rho=(0.007142857143,0.007142857143) contrib=(-0.02857142857,1.377839006E-75)
COSET 12 c=1 d=90 gcd=1 a0=(-2.000000000,2.000000000) 
rho=(0.007142857143,0.007142857143) contrib=(-0.02857142857,8.685518090E-77)
COSET 12 c=1 d=91 gcd=1 a0=(-2.000000000,2.000000000) 
rho=(0.007142857143,0.007142857143) contrib=(-0.02857142857,1.673936214E-74)
COSET 12 c=1 d=92 gcd=1 a0=(-2.000000000,2.000000000) 
rho=(0.007142857143,0.007142857143) contrib=(-0.02857142857,1.490750741E-74)
COSET 12 c=1 d=93 gcd=1 a0=(-2.000000000,2.000000000) 
rho=(0.007142857143,0.007142857143) contrib=(-0.02857142857,7.635359993E-75)
COSET 12 c=1 d=94 gcd=1 a0=(-2.000000000,2.000000000) 
rho=(0.007142857143,0.007142857143) contrib=(-0.02857142857,-3.283915431E-74)
COSET 12 c=1 d=95 gcd=1 a0=(-2.000000000,2.000000000) 
rho=(0.007142857143,0.007142857143) contrib=(-0.02857142857,-5.369229365E-76)
COSET 12 c=1 d=96 gcd=1 a0=(-2.000000000,2.000000000) 
rho=(0.007142857143,0.007142857143) contrib=(-0.02857142857,-1.253478179E-74)
COSET 12 c=1 d=97 gcd=1 a0=(-2.000000000,2.000000000) 
rho=(0.007142857143,0.007142857143) contrib=(-0.02857142857,-7.145812610E-76)
COSET 12 c=1 d=98 gcd=1 a0=(-2.000000000,2.000000000) 
rho=(0.007142857143,0.007142857143) contrib=(-0.02857142857,1.045025745E-74)
COSET 12 c=1 d=99 gcd=1 a0=(-2.000000000,2.000000000) 
rho=(0.007142857143,0.007142857143) contrib=(-0.02857142857,2.242442852E-75)
COSET 12 c=1 d=100 gcd=1 a0=(-2.000000000,2.000000000) 
rho=(0.007142857143,0.007142857143) contrib=(-0.02857142857,-4.054557763E-75)
COSET 12 c=1 d=101 gcd=1 a0=(-2.000000000,2.000000000) 
rho=(0.007142857143,0.007142857143) contrib=(-0.02857142857,-2.192303725E-74)
COSET 12 c=1 d=102 gcd=1 a0=(-2.000000000,2.000000000) 
rho=(0.007142857143,0.007142857143) contrib=(-0.02857142857,-7.027373727E-75)
COSET 12 c=1 d=103 gcd=1 a0=(-2.000000000,2.000000000) 
rho=(0.007142857143,0.007142857143) contrib=(-0.02857142857,-1.926211035E-74)
COSET 12 c=1 d=104 gcd=1 a0=(-2.000000000,2.000000000) 
rho=(0.007142857143,0.007142857143) contrib=(-0.02857142857,-2.195067299E-75)
COSET 12 c=1 d=105 gcd=1 a0=(-2.000000000,2.000000000) 
rho=(0.007142857143,0.007142857143) contrib=(-0.02857142857,2.195067299E-74)
COSET 12 c=1 d=106 gcd=1 a0=(-2.000000000,2.000000000) 
rho=(0.007142857143,0.007142857143) contrib=(-0.02857142857,5.448188620E-76)
COSET 12 c=1 d=107 gcd=1 a0=(-2.000000000,2.000000000) 
rho=(0.007142857143,0.007142857143) contrib=(-0.02857142857,4.086141465E-75)
COSET 12 c=1 d=108 gcd=1 a0=(-2.000000000,2.000000000) 
rho=(0.007142857143,0.007142857143) contrib=(-0.02857142857,3.162712974E-74)
COSET 12 c=1 d=109 gcd=1 a0=(-2.000000000,2.000000000) 
rho=(0.007142857143,0.007142857143) contrib=(-0.02857142857,1.118457852E-74)
COSET 12 c=1 d=110 gcd=1 a0=(-2.000000000,2.000000000) 
rho=(0.007142857143,0.007142857143) contrib=(-0.02857142857,-2.561438244E-74)
COSET 12 c=1 d=111 gcd=1 a0=(-2.000000000,2.000000000) 
rho=(0.007142857143,0.007142857143) contrib=(-0.02857142857,-5.126429654E-74)
COSET 12 c=1 d=112 gcd=1 a0=(-2.000000000,2.000000000) 
rho=(0.007142857143,0.007142857143) contrib=(-0.02857142857,1.177677294E-74)
COSET 12 c=1 d=113 gcd=1 a0=(-2.000000000,2.000000000) 
rho=(0.007142857143,0.007142857143) contrib=(-0.02857142857,4.448564447E-74)
COSET 12 c=1 d=114 gcd=1 a0=(-2.000000000,2.000000000) 
rho=(0.007142857143,0.007142857143) contrib=(-0.02857142857,-8.172282930E-76)
COSET 12 c=1 d=115 gcd=1 a0=(-2.000000000,2.000000000) 
rho=(0.007142857143,0.007142857143) contrib=(-0.02857142857,2.472214285E-74)
COSET 12 c=1 d=116 gcd=1 a0=(-2.000000000,2.000000000) 
rho=(0.007142857143,0.007142857143) contrib=(-0.02857142857,-2.607234612E-74)
COSET 12 c=1 d=117 gcd=1 a0=(-2.000000000,2.000000000) 
rho=(0.007142857143,0.007142857143) contrib=(-0.02857142857,-1.964901070E-74)
COSET 12 c=1 d=118 gcd=1 a0=(-2.000000000,2.000000000) 
rho=(0.007142857143,0.007142857143) contrib=(-0.02857142857,1.510095759E-74)
COSET 12 c=1 d=119 gcd=1 a0=(-2.000000000,2.000000000) 
rho=(0.007142857143,0.007142857143) contrib=(-0.02857142857,1.196232719E-74)
COSET 12 c=1 d=120 gcd=1 a0=(-2.000000000,2.000000000) 
rho=(0.007142857143,0.007142857143) contrib=(-0.02857142857,-6.300948578E-75)
COSET 12 c=1 d=121 gcd=1 a0=(-2.000000000,2.000000000) 
rho=(0.007142857143,0.007142857143) contrib=(-0.02857142857,5.049049584E-74)
COSET 12 c=1 d=122 gcd=1 a0=(-2.000000000,2.000000000) 
rho=(0.007142857143,0.007142857143) contrib=(-0.02857142857,1.399158005E-74)
COSET 12 c=1 d=123 gcd=1 a0=(-2.000000000,2.000000000) 
rho=(0.007142857143,0.007142857143) contrib=(-0.02857142857,-4.137464981E-75)
COSET 12 c=1 d=124 gcd=1 a0=(-2.000000000,2.000000000) 
rho=(0.007142857143,0.007142857143) contrib=(-0.02857142857,-1.160701054E-75)
COSET 12 c=1 d=125 gcd=1 a0=(-2.000000000,2.000000000) 
rho=(0.007142857143,0.007142857143) contrib=(-0.02857142857,9.613289341E-75)
COSET 12 c=1 d=126 gcd=1 a0=(-2.000000000,2.000000000) 
rho=(0.007142857143,0.007142857143) contrib=(-0.02857142857,1.446533558E-74)
COSET 12 c=1 d=127 gcd=1 a0=(-2.000000000,2.000000000) 
rho=(0.007142857143,0.007142857143) contrib=(-0.02857142857,6.790495961E-76)
COSET 12 c=1 d=128 gcd=1 a0=(-2.000000000,2.000000000) 
rho=(0.007142857143,0.007142857143) contrib=(-0.02857142857,-1.231764384E-74)
COSET 12 c=1 d=129 gcd=1 a0=(-2.000000000,2.000000000) 
rho=(0.007142857143,0.007142857143) contrib=(-0.02857142857,2.731990236E-75)
COSET 12 c=1 d=130 gcd=1 a0=(-2.000000000,2.000000000) 
rho=(0.007142857143,0.007142857143) contrib=(-0.02857142857,1.200180681E-75)
COSET 12 c=1 d=131 gcd=1 a0=(-2.000000000,2.000000000) 
rho=(0.007142857143,0.007142857143) contrib=(-0.02857142857,2.288634017E-74)
COSET 12 c=1 d=132 gcd=1 a0=(-2.000000000,2.000000000) 
rho=(0.007142857143,0.007142857143) contrib=(-0.02857142857,-7.785382578E-75)
COSET 12 c=1 d=133 gcd=1 a0=(-2.000000000,2.000000000) 
rho=(0.007142857143,0.007142857143) contrib=(-0.02857142857,-1.621033513E-74)
COSET 12 c=1 d=134 gcd=1 a0=(-2.000000000,2.000000000) 
rho=(0.007142857143,0.007142857143) contrib=(-0.02857142857,1.421266596E-75)
COSET 12 c=1 d=135 gcd=1 a0=(-2.000000000,2.000000000) 
rho=(0.007142857143,0.007142857143) contrib=(-0.02857142857,-1.684200917E-74)
COSET 12 c=1 d=136 gcd=1 a0=(-2.000000000,2.000000000) 
rho=(0.007142857143,0.007142857143) contrib=(-0.02857142857,-3.224695989E-74)
COSET 12 c=1 d=137 gcd=1 a0=(-2.000000000,2.000000000) 
rho=(0.007142857143,0.007142857143) contrib=(-0.02857142857,-1.635246179E-74)
COSET 12 c=1 d=138 gcd=1 a0=(-2.000000000,2.000000000) 
rho=(0.007142857143,0.007142857143) contrib=(-0.02857142857,3.614399394E-73)
COSET 12 c=1 d=139 gcd=1 a0=(-2.000000000,2.000000000) 
rho=(0.007142857143,0.007142857143) contrib=(-0.02857142857,1.732520368E-68)
COSET 12 c=4 d=1 gcd=4 a0=(4.000000000,-1.367234377E-68) 
rho=(0.02857142857,-2.409645244E-81) contrib=(0.1142857143,-3.906383935E-70)
COSET 12 c=4 d=3 gcd=4 a0=(2.327737188E-68,4.000000000) 
rho=(3.855432391E-81,-0.02857142857) contrib=(0.1142857143,-6.650677679E-70)
COSET 12 c=4 d=5 gcd=4 a0=(4.000000000,-3.166202677E-68) 
rho=(0.02857142857,-2.409645244E-81) contrib=(0.1142857143,-9.046293362E-70)
COSET 12 c=4 d=7 gcd=4 a0=(4.921665591E-68,4.000000000) 
rho=(3.855432391E-81,-0.02857142857) contrib=(0.1142857143,-1.406190169E-69)
COSET 12 c=4 d=9 gcd=4 a0=(4.000000000,1.057865655E-68) 
rho=(0.02857142857,-2.409645244E-81) contrib=(0.1142857143,3.022473299E-70)
COSET 12 c=4 d=11 gcd=4 a0=(-2.332585266E-68,4.000000000) 
rho=(3.855432391E-81,-0.02857142857) contrib=(0.1142857143,6.664529330E-70)
COSET 12 c=4 d=13 gcd=4 a0=(4.000000000,6.394664590E-68) 
rho=(0.02857142857,-2.409645244E-81) contrib=(0.1142857143,1.827047026E-69)
COSET 12 c=4 d=15 gcd=4 a0=(-9.550910269E-68,4.000000000) 
rho=(3.855432391E-81,-0.02857142857) contrib=(0.1142857143,2.728831506E-69)
COSET 12 c=4 d=17 gcd=4 a0=(4.000000000,2.558653393E-68) 
rho=(0.02857142857,-2.409645244E-81) contrib=(0.1142857143,7.310438267E-70)
COSET 12 c=4 d=19 gcd=4 a0=(-3.965030030E-69,4.000000000) 
rho=(3.855432391E-81,-0.02857142857) contrib=(0.1142857143,1.132865723E-70)
COSET 12 c=4 d=21 gcd=4 a0=(4.000000000,6.079597031E-68) 
rho=(0.02857142857,-2.409645244E-81) contrib=(0.1142857143,1.737027723E-69)
COSET 12 c=4 d=23 gcd=4 a0=(1.107731294E-67,4.000000000) 
rho=(3.855432391E-81,-0.02857142857) contrib=(0.1142857143,-3.164946555E-69)
COSET 12 c=4 d=25 gcd=4 a0=(4.000000000,6.801413613E-68) 
rho=(0.02857142857,-2.409645244E-81) contrib=(0.1142857143,1.943261032E-69)
COSET 12 c=4 d=27 gcd=4 a0=(-2.096230860E-67,4.000000000) 
rho=(3.855432391E-81,-0.02857142857) contrib=(0.1142857143,5.989231029E-69)
COSET 12 c=4 d=29 gcd=4 a0=(4.000000000,6.642198543E-67) 
rho=(0.02857142857,-2.409645244E-81) contrib=(0.1142857143,1.897771012E-68)
COSET 12 c=4 d=31 gcd=4 a0=(1.294688440E-67,4.000000000) 
rho=(3.855432391E-81,-0.02857142857) contrib=(0.1142857143,-3.699109828E-69)
COSET 12 c=4 d=33 gcd=4 a0=(4.000000000,4.186403702E-66) 
rho=(0.02857142857,-2.409645244E-81) contrib=(0.1142857143,1.196115344E-67)
COSET 12 c=4 d=35 gcd=4 a0=(1.172467266E-67,4.000000000) 
rho=(3.855432391E-81,-0.02857142857) contrib=(0.1142857143,-3.349906473E-69)
COSET 12 c=4 d=37 gcd=4 a0=(4.000000000,1.410907082E-67) 
rho=(0.02857142857,-2.409645244E-81) contrib=(0.1142857143,4.031163091E-69)
COSET 12 c=4 d=39 gcd=4 a0=(-1.513837597E-67,4.000000000) 
rho=(3.855432391E-81,-0.02857142857) contrib=(0.1142857143,4.325250277E-69)
COSET 12 c=4 d=41 gcd=4 a0=(4.000000000,-6.345040777E-67) 
rho=(0.02857142857,-2.409645244E-81) contrib=(0.1142857143,-1.812868793E-68)
COSET 12 c=4 d=43 gcd=4 a0=(-3.702120717E-67,4.000000000) 
rho=(3.855432391E-81,-0.02857142857) contrib=(0.1142857143,1.057748776E-68)
COSET 12 c=4 d=45 gcd=4 a0=(4.000000000,2.346604107E-67) 
rho=(0.02857142857,-2.409645244E-81) contrib=(0.1142857143,6.704583162E-69)
COSET 12 c=4 d=47 gcd=4 a0=(-1.705465073E-67,4.000000000) 
rho=(3.855432391E-81,-0.02857142857) contrib=(0.1142857143,4.872757351E-69)
COSET 12 c=4 d=49 gcd=4 a0=(4.000000000,9.077892728E-67) 
rho=(0.02857142857,-2.409645244E-81) contrib=(0.1142857143,2.593683637E-68)
COSET 12 c=4 d=51 gcd=4 a0=(-4.159003542E-68,4.000000000) 
rho=(3.855432391E-81,-0.02857142857) contrib=(0.1142857143,1.188286726E-69)
COSET 12 c=4 d=53 gcd=4 a0=(4.000000000,7.912113127E-67) 
rho=(0.02857142857,-2.409645244E-81) contrib=(0.1142857143,2.260603750E-68)
COSET 12 c=4 d=55 gcd=4 a0=(-4.774035643E-67,4.000000000) 
rho=(3.855432391E-81,-0.02857142857) contrib=(0.1142857143,1.364010184E-68)
COSET 12 c=4 d=57 gcd=4 a0=(4.000000000,6.945201454E-67) 
rho=(0.02857142857,-2.409645244E-81) contrib=(0.1142857143,1.984343273E-68)
COSET 12 c=4 d=59 gcd=4 a0=(8.130651753E-68,4.000000000) 
rho=(3.855432391E-81,-0.02857142857) contrib=(0.1142857143,-2.323043358E-69)
COSET 12 c=4 d=61 gcd=4 a0=(4.000000000,-1.283306375E-67) 
rho=(0.02857142857,-2.409645244E-81) contrib=(0.1142857143,-3.666589643E-69)
COSET 12 c=4 d=63 gcd=4 a0=(-9.951653741E-67,4.000000000) 
rho=(3.855432391E-81,-0.02857142857) contrib=(0.1142857143,2.843329640E-68)
COSET 12 c=4 d=65 gcd=4 a0=(4.000000000,2.507704207E-67) 
rho=(0.02857142857,-2.409645244E-81) contrib=(0.1142857143,7.164869163E-69)
COSET 12 c=4 d=67 gcd=4 a0=(9.275404524E-68,4.000000000) 
rho=(3.855432391E-81,-0.02857142857) contrib=(0.1142857143,-2.650115578E-69)
COSET 12 c=4 d=69 gcd=4 a0=(4.000000000,-7.190352979E-67) 
rho=(0.02857142857,-2.409645244E-81) contrib=(0.1142857143,-2.054386566E-68)
COSET 12 c=7 d=1 gcd=7 a0=(2.000000000,2.000000000) 
rho=(-5.805268376E-82,1.302243826E-81) contrib=(-3.765541328E-81,1.443433977E-8\
1)
COSET 12 c=7 d=2 gcd=7 a0=(2.000000000,2.000000000) 
rho=(1.082988338E-81,1.074172843E-81) contrib=(1.763099046E-83,4.314322361E-81)
COSET 12 c=7 d=3 gcd=7 a0=(2.000000000,2.000000000) 
rho=(-2.263170400E-81,-2.783299996E-82) contrib=(-3.969680800E-81,-5.083000799E\
-81)
COSET 12 c=7 d=4 gcd=7 a0=(2.000000000,2.000000000) 
rho=(2.758838011E-82,2.979771173E-81) contrib=(-5.407774745E-81,6.511309949E-81\
)
COSET 12 c=7 d=5 gcd=7 a0=(-2.000000000,-2.000000000) 
rho=(1.333512021E-81,9.834758726E-83) contrib=(-2.470328867E-81,-2.863719216E-8\
1)
COSET 12 c=7 d=6 gcd=7 a0=(2.000000000,2.000000000) 
rho=(-3.642705897E-82,2.895574681E-81) contrib=(-6.519690541E-81,5.062608182E-8\
1)
COSET 12 c=7 d=8 gcd=7 a0=(2.000000000,2.000000000) 
rho=(-5.805268376E-82,1.302243826E-81) contrib=(-3.765541328E-81,1.443433977E-8\
1)
COSET 12 c=7 d=9 gcd=7 a0=(2.000000000,2.000000000) 
rho=(1.082988338E-81,1.074172843E-81) contrib=(1.763099046E-83,4.314322361E-81)
COSET 12 c=7 d=10 gcd=7 a0=(2.000000000,2.000000000) 
rho=(-2.263170400E-81,-2.783299996E-82) contrib=(-3.969680800E-81,-5.083000799E\
-81)
COSET 12 c=7 d=11 gcd=7 a0=(2.000000000,2.000000000) 
rho=(2.758838011E-82,2.979771173E-81) contrib=(-5.407774745E-81,6.511309949E-81\
)
COSET 12 c=7 d=12 gcd=7 a0=(-2.000000000,-2.000000000) 
rho=(1.333512021E-81,9.834758726E-83) contrib=(-2.470328867E-81,-2.863719216E-8\
1)
COSET 12 c=7 d=13 gcd=7 a0=(2.000000000,2.000000000) 
rho=(-3.642705897E-82,2.895574681E-81) contrib=(-6.519690541E-81,5.062608182E-8\
1)
COSET 12 c=7 d=15 gcd=7 a0=(2.000000000,2.000000000) 
rho=(-5.805268376E-82,1.302243826E-81) contrib=(-3.765541328E-81,1.443433977E-8\
1)
COSET 12 c=7 d=16 gcd=7 a0=(2.000000000,2.000000000) 
rho=(1.082988338E-81,1.074172843E-81) contrib=(1.763099046E-83,4.314322361E-81)
COSET 12 c=7 d=17 gcd=7 a0=(2.000000000,2.000000000) 
rho=(-2.263170400E-81,-2.783299996E-82) contrib=(-3.969680800E-81,-5.083000799E\
-81)
COSET 12 c=7 d=18 gcd=7 a0=(2.000000000,2.000000000) 
rho=(2.758838011E-82,2.979771173E-81) contrib=(-5.407774745E-81,6.511309949E-81\
)
COSET 12 c=7 d=19 gcd=7 a0=(-2.000000000,-2.000000000) 
rho=(1.333512021E-81,9.834758726E-83) contrib=(-2.470328867E-81,-2.863719216E-8\
1)
COSET 12 c=7 d=20 gcd=7 a0=(2.000000000,2.000000000) 
rho=(-3.642705897E-82,2.895574681E-81) contrib=(-6.519690541E-81,5.062608182E-8\
1)
COSET 12 c=7 d=27 gcd=7 a0=(2.000000000,2.000000000) 
rho=(-3.642705897E-82,2.895574681E-81) contrib=(-6.519690541E-81,5.062608182E-8\
1)
COSET 12 c=7 d=34 gcd=7 a0=(2.000000000,2.000000000) 
rho=(-3.642705897E-82,2.895574681E-81) contrib=(-6.519690541E-81,5.062608182E-8\
1)
COSET 12 c=20 d=1 gcd=20 a0=(2.000000000,-2.665343269E-69) 
rho=(-0.1428571429,2.602416864E-80) contrib=(-0.2857142857,3.807633242E-70)
COSET 12 c=20 d=3 gcd=20 a0=(3.103946262E-69,2.000000000) 
rho=(5.783148586E-81,0.1428571429) contrib=(-0.2857142857,4.434208945E-70)
COSET 12 c=20 d=7 gcd=20 a0=(-1.238479742E-69,2.000000000) 
rho=(7.710864781E-81,0.1428571429) contrib=(-0.2857142857,-1.769256775E-70)
COSET 12 c=20 d=9 gcd=20 a0=(2.000000000,-1.460497114E-69) 
rho=(-0.1428571429,-4.819290488E-81) contrib=(-0.2857142857,2.086424449E-70)
COSET 12 c=20 d=11 gcd=20 a0=(3.846719788E-69,-2.000000000) 
rho=(-1.927716195E-81,-0.1428571429) contrib=(-0.2857142857,-5.495313983E-70)
COSET 12 c=20 d=13 gcd=20 a0=(2.000000000,1.587930452E-69) 
rho=(-0.1428571429,-2.024102005E-80) contrib=(-0.2857142857,-2.268472075E-70)
COSET 12 c=20 d=19 gcd=20 a0=(-1.012755853E-69,2.000000000) 
rho=(-2.891574293E-80,0.1428571429) contrib=(-0.2857142857,-1.446794076E-70)
COSET 12 c=28 d=1 gcd=28 a0=(6.000000000,-1.174147620E-69) 
rho=(1.367850183E-80,7.240230945E-81) contrib=(8.207101099E-80,4.344138567E-80)
COSET 12 c=28 d=3 gcd=28 a0=(5.712898704E-69,-6.000000000) 
rho=(4.785404852E-81,2.927342465E-81) contrib=(1.756405479E-80,-2.871242911E-80\
)
COSET 12 c=28 d=5 gcd=28 a0=(-6.000000000,6.459896629E-69) 
rho=(5.628093312E-82,1.985504322E-81) contrib=(-3.376855987E-81,-1.191302593E-8\
0)
COSET 12 c=28 d=9 gcd=28 a0=(6.000000000,-1.046345456E-69) 
rho=(3.714242240E-81,2.123499872E-81) contrib=(2.228545344E-80,1.274099923E-80)
COSET 12 c=28 d=17 gcd=28 a0=(6.000000000,-8.748316763E-69) 
rho=(-5.075785929E-81,-2.558836170E-81) contrib=(-3.045471558E-80,-1.535301702E\
-80)
FORM 13:
  c_eta(0)[1] (trivial) = -3.82296000285E-70 + -6.19756174202E-71 i   (half: 
-1.91148000143E-70)
  c_eta(0)[2] = -14.0000000000 + -6.01523646082E-71 i   (half: -7.00000000000)
  c_eta(0)[3] = -14.0000000000 + -6.01523645230E-71 i   (half: -7.00000000000)
  c_eta(0)[4] = -14.0000000000 + -6.01523644924E-71 i   (half: -7.00000000000)
  c_eta(0)[5] = -14.0000000000 + -6.01523645015E-71 i   (half: -7.00000000000)
  c_eta(0)[6] = -14.0000000000 + -6.01523645098E-71 i   (half: -7.00000000000)
  c_eta(0)[7] = -14.0000000000 + -6.01523644874E-71 i   (half: -7.00000000000)
  c_eta(0)[8] = -14.0000000000 + -6.01523645445E-71 i   (half: -7.00000000000)
  c_eta(0)[9] = -14.0000000000 + -6.01523644916E-71 i   (half: -7.00000000000)
  c_eta(0)[10] = -14.0000000000 + -6.01523644446E-71 i   (half: -7.00000000000)
  c_eta(0)[11] = -14.0000000000 + -6.01523644526E-71 i   (half: -7.00000000000)
  c_eta(0)[12] = -14.0000000000 + -6.01523644729E-71 i   (half: -7.00000000000)
  c_eta(0)[13] = -14.0000000000 + -6.01523644737E-71 i   (half: -7.00000000000)
COSET 13 c=1 d=0 gcd=1 a0=(-5.000000000,5.000000000) 
rho=(0.007142857143,0.007142857143) contrib=(-0.07142857143,2.279967279E-71)
COSET 13 c=1 d=1 gcd=1 a0=(-5.000000000,5.000000000) 
rho=(0.007142857143,0.007142857143) contrib=(-0.07142857143,7.852016980E-76)
COSET 13 c=1 d=2 gcd=1 a0=(-5.000000000,5.000000000) 
rho=(0.007142857143,0.007142857143) contrib=(-0.07142857143,-9.152796496E-78)
COSET 13 c=1 d=3 gcd=1 a0=(-5.000000000,5.000000000) 
rho=(0.007142857143,0.007142857143) contrib=(-0.07142857143,-8.202432411E-79)
COSET 13 c=1 d=4 gcd=1 a0=(-5.000000000,5.000000000) 
rho=(0.007142857143,0.007142857143) contrib=(-0.07142857143,5.913269429E-79)
COSET 13 c=1 d=5 gcd=1 a0=(-5.000000000,5.000000000) 
rho=(0.007142857143,0.007142857143) contrib=(-0.07142857143,-1.105063309E-78)
COSET 13 c=1 d=6 gcd=1 a0=(-5.000000000,5.000000000) 
rho=(0.007142857143,0.007142857143) contrib=(-0.07142857143,-5.773510005E-79)
COSET 13 c=1 d=7 gcd=1 a0=(-5.000000000,5.000000000) 
rho=(0.007142857143,0.007142857143) contrib=(-0.07142857143,5.012062108E-80)
COSET 13 c=1 d=8 gcd=1 a0=(-5.000000000,5.000000000) 
rho=(0.007142857143,0.007142857143) contrib=(-0.07142857143,2.216873625E-80)
COSET 13 c=1 d=9 gcd=1 a0=(-5.000000000,5.000000000) 
rho=(0.007142857143,0.007142857143) contrib=(-0.07142857143,3.479527733E-79)
COSET 13 c=1 d=10 gcd=1 a0=(-5.000000000,5.000000000) 
rho=(0.007142857143,0.007142857143) contrib=(-0.07142857143,5.566280514E-79)
COSET 13 c=1 d=11 gcd=1 a0=(-5.000000000,5.000000000) 
rho=(0.007142857143,0.007142857143) contrib=(-0.07142857143,1.320485594E-79)
COSET 13 c=1 d=12 gcd=1 a0=(-5.000000000,5.000000000) 
rho=(0.007142857143,0.007142857143) contrib=(-0.07142857143,-7.759057686E-80)
COSET 13 c=1 d=13 gcd=1 a0=(-5.000000000,5.000000000) 
rho=(0.007142857143,0.007142857143) contrib=(-0.07142857143,1.686751671E-80)
COSET 13 c=1 d=14 gcd=1 a0=(-5.000000000,5.000000000) 
rho=(0.007142857143,0.007142857143) contrib=(-0.07142857143,4.144589820E-80)
COSET 13 c=1 d=15 gcd=1 a0=(-5.000000000,5.000000000) 
rho=(0.007142857143,0.007142857143) contrib=(-0.07142857143,2.221692915E-79)
COSET 13 c=1 d=16 gcd=1 a0=(-5.000000000,5.000000000) 
rho=(0.007142857143,0.007142857143) contrib=(-0.07142857143,-1.301208432E-80)
COSET 13 c=1 d=17 gcd=1 a0=(-5.000000000,5.000000000) 
rho=(0.007142857143,0.007142857143) contrib=(-0.07142857143,-4.433747249E-80)
COSET 13 c=1 d=18 gcd=1 a0=(-5.000000000,5.000000000) 
rho=(0.007142857143,0.007142857143) contrib=(-0.07142857143,4.028926848E-79)
COSET 13 c=1 d=19 gcd=1 a0=(-5.000000000,5.000000000) 
rho=(0.007142857143,0.007142857143) contrib=(-0.07142857143,-1.855426838E-79)
COSET 13 c=1 d=20 gcd=1 a0=(-5.000000000,5.000000000) 
rho=(0.007142857143,0.007142857143) contrib=(-0.07142857143,9.961473439E-79)
COSET 13 c=1 d=21 gcd=1 a0=(-5.000000000,5.000000000) 
rho=(0.007142857143,0.007142857143) contrib=(-0.07142857143,1.155183930E-78)
COSET 13 c=1 d=22 gcd=1 a0=(-5.000000000,5.000000000) 
rho=(0.007142857143,0.007142857143) contrib=(-0.07142857143,1.200003332E-79)
COSET 13 c=1 d=23 gcd=1 a0=(-5.000000000,5.000000000) 
rho=(0.007142857143,0.007142857143) contrib=(-0.07142857143,-2.265066529E-79)
COSET 13 c=1 d=24 gcd=1 a0=(-5.000000000,5.000000000) 
rho=(0.007142857143,0.007142857143) contrib=(-0.07142857143,-7.975925758E-79)
COSET 13 c=1 d=25 gcd=1 a0=(-5.000000000,5.000000000) 
rho=(0.007142857143,0.007142857143) contrib=(-0.07142857143,4.385554344E-79)
COSET 13 c=1 d=26 gcd=1 a0=(-5.000000000,5.000000000) 
rho=(0.007142857143,0.007142857143) contrib=(-0.07142857143,-4.289168535E-80)
COSET 13 c=1 d=27 gcd=1 a0=(-5.000000000,5.000000000) 
rho=(0.007142857143,0.007142857143) contrib=(-0.07142857143,7.498816000E-79)
COSET 13 c=1 d=28 gcd=1 a0=(-5.000000000,5.000000000) 
rho=(0.007142857143,0.007142857143) contrib=(-0.07142857143,3.238563208E-79)
COSET 13 c=1 d=29 gcd=1 a0=(-5.000000000,5.000000000) 
rho=(0.007142857143,0.007142857143) contrib=(-0.07142857143,-5.691582067E-79)
COSET 13 c=1 d=30 gcd=1 a0=(-5.000000000,5.000000000) 
rho=(0.007142857143,0.007142857143) contrib=(-0.07142857143,7.869901368E-79)
COSET 13 c=1 d=31 gcd=1 a0=(-5.000000000,5.000000000) 
rho=(0.007142857143,0.007142857143) contrib=(-0.07142857143,-1.213979274E-78)
COSET 13 c=1 d=32 gcd=1 a0=(-5.000000000,5.000000000) 
rho=(0.007142857143,0.007142857143) contrib=(-0.07142857143,-7.204839280E-79)
COSET 13 c=1 d=33 gcd=1 a0=(-5.000000000,5.000000000) 
rho=(0.007142857143,0.007142857143) contrib=(-0.07142857143,1.879523291E-80)
COSET 13 c=1 d=34 gcd=1 a0=(-5.000000000,5.000000000) 
rho=(0.007142857143,0.007142857143) contrib=(-0.07142857143,-1.601450229E-78)
COSET 13 c=1 d=35 gcd=1 a0=(-5.000000000,5.000000000) 
rho=(0.007142857143,0.007142857143) contrib=(-0.07142857143,-2.154222848E-79)
COSET 13 c=1 d=36 gcd=1 a0=(-5.000000000,5.000000000) 
rho=(0.007142857143,0.007142857143) contrib=(-0.07142857143,4.033746139E-79)
COSET 13 c=1 d=37 gcd=1 a0=(-5.000000000,5.000000000) 
rho=(0.007142857143,0.007142857143) contrib=(-0.07142857143,-3.884348134E-79)
COSET 13 c=1 d=38 gcd=1 a0=(-5.000000000,5.000000000) 
rho=(0.007142857143,0.007142857143) contrib=(-0.07142857143,1.177834595E-78)
COSET 13 c=1 d=39 gcd=1 a0=(-5.000000000,5.000000000) 
rho=(0.007142857143,0.007142857143) contrib=(-0.07142857143,3.750371858E-78)
COSET 13 c=1 d=40 gcd=1 a0=(-5.000000000,5.000000000) 
rho=(0.007142857143,0.007142857143) contrib=(-0.07142857143,5.783148586E-81)
COSET 13 c=1 d=41 gcd=1 a0=(-5.000000000,5.000000000) 
rho=(0.007142857143,0.007142857143) contrib=(-0.07142857143,-2.249644800E-78)
COSET 13 c=1 d=42 gcd=1 a0=(-5.000000000,5.000000000) 
rho=(0.007142857143,0.007142857143) contrib=(-0.07142857143,8.838578755E-79)
COSET 13 c=1 d=43 gcd=1 a0=(-5.000000000,5.000000000) 
rho=(0.007142857143,0.007142857143) contrib=(-0.07142857143,2.327717306E-79)
COSET 13 c=1 d=44 gcd=1 a0=(-5.000000000,5.000000000) 
rho=(0.007142857143,0.007142857143) contrib=(-0.07142857143,1.562895905E-78)
COSET 13 c=1 d=45 gcd=1 a0=(-5.000000000,5.000000000) 
rho=(0.007142857143,0.007142857143) contrib=(-0.07142857143,1.035183597E-78)
COSET 13 c=1 d=46 gcd=1 a0=(-5.000000000,5.000000000) 
rho=(0.007142857143,0.007142857143) contrib=(-0.07142857143,-5.879534396E-80)
COSET 13 c=1 d=47 gcd=1 a0=(-5.000000000,5.000000000) 
rho=(0.007142857143,0.007142857143) contrib=(-0.07142857143,1.624100895E-79)
COSET 13 c=1 d=48 gcd=1 a0=(-5.000000000,5.000000000) 
rho=(0.007142857143,0.007142857143) contrib=(-0.07142857143,-6.332547702E-79)
COSET 13 c=1 d=49 gcd=1 a0=(-5.000000000,5.000000000) 
rho=(0.007142857143,0.007142857143) contrib=(-0.07142857143,1.164822511E-78)
COSET 13 c=1 d=50 gcd=1 a0=(-5.000000000,5.000000000) 
rho=(0.007142857143,0.007142857143) contrib=(-0.07142857143,6.371102025E-79)
COSET 13 c=1 d=51 gcd=1 a0=(-5.000000000,5.000000000) 
rho=(0.007142857143,0.007142857143) contrib=(-0.07142857143,3.467479506E-78)
COSET 13 c=1 d=52 gcd=1 a0=(-5.000000000,5.000000000) 
rho=(0.007142857143,0.007142857143) contrib=(-0.07142857143,5.036158560E-79)
COSET 13 c=1 d=53 gcd=1 a0=(-5.000000000,5.000000000) 
rho=(0.007142857143,0.007142857143) contrib=(-0.07142857143,-1.108436812E-80)
COSET 13 c=1 d=54 gcd=1 a0=(-5.000000000,5.000000000) 
rho=(0.007142857143,0.007142857143) contrib=(-0.07142857143,7.696406910E-79)
COSET 13 c=1 d=55 gcd=1 a0=(-5.000000000,5.000000000) 
rho=(0.007142857143,0.007142857143) contrib=(-0.07142857143,-9.985569892E-79)
COSET 13 c=1 d=56 gcd=1 a0=(-5.000000000,5.000000000) 
rho=(0.007142857143,0.007142857143) contrib=(-0.07142857143,-1.615426172E-78)
COSET 13 c=1 d=57 gcd=1 a0=(-5.000000000,5.000000000) 
rho=(0.007142857143,0.007142857143) contrib=(-0.07142857143,7.455442385E-79)
COSET 13 c=1 d=58 gcd=1 a0=(-5.000000000,5.000000000) 
rho=(0.007142857143,0.007142857143) contrib=(-0.07142857143,-4.068445030E-78)
COSET 13 c=1 d=59 gcd=1 a0=(-5.000000000,5.000000000) 
rho=(0.007142857143,0.007142857143) contrib=(-0.07142857143,5.445316323E-78)
COSET 13 c=1 d=60 gcd=1 a0=(-5.000000000,5.000000000) 
rho=(0.007142857143,0.007142857143) contrib=(-0.07142857143,4.890134059E-78)
COSET 13 c=1 d=61 gcd=1 a0=(-5.000000000,5.000000000) 
rho=(0.007142857143,0.007142857143) contrib=(-0.07142857143,-1.794221849E-78)
COSET 13 c=1 d=62 gcd=1 a0=(-5.000000000,5.000000000) 
rho=(0.007142857143,0.007142857143) contrib=(-0.07142857143,1.634221405E-78)
COSET 13 c=1 d=63 gcd=1 a0=(-5.000000000,5.000000000) 
rho=(0.007142857143,0.007142857143) contrib=(-0.07142857143,-1.306027722E-79)
COSET 13 c=1 d=64 gcd=1 a0=(-5.000000000,5.000000000) 
rho=(0.007142857143,0.007142857143) contrib=(-0.07142857143,-1.412052113E-78)
COSET 13 c=1 d=65 gcd=1 a0=(-5.000000000,5.000000000) 
rho=(0.007142857143,0.007142857143) contrib=(-0.07142857143,-6.062667434E-79)
COSET 13 c=1 d=66 gcd=1 a0=(-5.000000000,5.000000000) 
rho=(0.007142857143,0.007142857143) contrib=(-0.07142857143,1.546510318E-78)
COSET 13 c=1 d=67 gcd=1 a0=(-5.000000000,5.000000000) 
rho=(0.007142857143,0.007142857143) contrib=(-0.07142857143,-1.480004109E-78)
COSET 13 c=1 d=68 gcd=1 a0=(-5.000000000,5.000000000) 
rho=(0.007142857143,0.007142857143) contrib=(-0.07142857143,2.013017637E-78)
COSET 13 c=1 d=69 gcd=1 a0=(-5.000000000,5.000000000) 
rho=(0.007142857143,0.007142857143) contrib=(-0.07142857143,1.210605771E-78)
COSET 13 c=1 d=70 gcd=1 a0=(-5.000000000,5.000000000) 
rho=(0.007142857143,0.007142857143) contrib=(-0.07142857143,-6.150619486E-77)
COSET 13 c=1 d=71 gcd=1 a0=(-5.000000000,5.000000000) 
rho=(0.007142857143,0.007142857143) contrib=(-0.07142857143,-3.547479728E-78)
COSET 13 c=1 d=72 gcd=1 a0=(-5.000000000,5.000000000) 
rho=(0.007142857143,0.007142857143) contrib=(-0.07142857143,-1.570124841E-78)
COSET 13 c=1 d=73 gcd=1 a0=(-5.000000000,5.000000000) 
rho=(0.007142857143,0.007142857143) contrib=(-0.07142857143,-7.065079856E-79)
COSET 13 c=1 d=74 gcd=1 a0=(-5.000000000,5.000000000) 
rho=(0.007142857143,0.007142857143) contrib=(-0.07142857143,5.365316101E-78)
COSET 13 c=1 d=75 gcd=1 a0=(-5.000000000,5.000000000) 
rho=(0.007142857143,0.007142857143) contrib=(-0.07142857143,-4.595193481E-78)
COSET 13 c=1 d=76 gcd=1 a0=(-5.000000000,5.000000000) 
rho=(0.007142857143,0.007142857143) contrib=(-0.07142857143,-1.434702778E-78)
COSET 13 c=1 d=77 gcd=1 a0=(-5.000000000,5.000000000) 
rho=(0.007142857143,0.007142857143) contrib=(-0.07142857143,-5.373508894E-79)
COSET 13 c=1 d=78 gcd=1 a0=(-5.000000000,5.000000000) 
rho=(0.007142857143,0.007142857143) contrib=(-0.07142857143,-1.393738809E-78)
COSET 13 c=1 d=79 gcd=1 a0=(-5.000000000,5.000000000) 
rho=(0.007142857143,0.007142857143) contrib=(-0.07142857143,5.457364549E-78)
COSET 13 c=1 d=80 gcd=1 a0=(-5.000000000,5.000000000) 
rho=(0.007142857143,0.007142857143) contrib=(-0.07142857143,-2.133499899E-78)
COSET 13 c=1 d=81 gcd=1 a0=(-5.000000000,5.000000000) 
rho=(0.007142857143,0.007142857143) contrib=(-0.07142857143,-3.436154118E-79)
COSET 13 c=1 d=82 gcd=1 a0=(-5.000000000,5.000000000) 
rho=(0.007142857143,0.007142857143) contrib=(-0.07142857143,-3.681937933E-79)
COSET 13 c=1 d=83 gcd=1 a0=(-5.000000000,5.000000000) 
rho=(0.007142857143,0.007142857143) contrib=(-0.07142857143,2.234704999E-78)
COSET 13 c=1 d=84 gcd=1 a0=(-5.000000000,5.000000000) 
rho=(0.007142857143,0.007142857143) contrib=(-0.07142857143,7.387972319E-79)
COSET 13 c=1 d=85 gcd=1 a0=(-5.000000000,5.000000000) 
rho=(0.007142857143,0.007142857143) contrib=(-0.07142857143,3.077598906E-78)
COSET 13 c=1 d=86 gcd=1 a0=(-5.000000000,5.000000000) 
rho=(0.007142857143,0.007142857143) contrib=(-0.07142857143,3.763865871E-79)
COSET 13 c=1 d=87 gcd=1 a0=(-5.000000000,5.000000000) 
rho=(0.007142857143,0.007142857143) contrib=(-0.07142857143,-3.299768197E-78)
COSET 13 c=1 d=88 gcd=1 a0=(-5.000000000,5.000000000) 
rho=(0.007142857143,0.007142857143) contrib=(-0.07142857143,7.385080744E-78)
COSET 13 c=1 d=89 gcd=1 a0=(-5.000000000,5.000000000) 
rho=(0.007142857143,0.007142857143) contrib=(-0.07142857143,-9.879545501E-80)
COSET 13 c=1 d=90 gcd=1 a0=(-5.000000000,5.000000000) 
rho=(0.007142857143,0.007142857143) contrib=(-0.07142857143,-4.264108224E-78)
COSET 13 c=1 d=91 gcd=1 a0=(-5.000000000,5.000000000) 
rho=(0.007142857143,0.007142857143) contrib=(-0.07142857143,6.547006128E-78)
COSET 13 c=1 d=92 gcd=1 a0=(-5.000000000,5.000000000) 
rho=(0.007142857143,0.007142857143) contrib=(-0.07142857143,-4.383144699E-78)
COSET 13 c=1 d=93 gcd=1 a0=(-5.000000000,5.000000000) 
rho=(0.007142857143,0.007142857143) contrib=(-0.07142857143,-2.419283825E-78)
COSET 13 c=1 d=94 gcd=1 a0=(-5.000000000,5.000000000) 
rho=(0.007142857143,0.007142857143) contrib=(-0.07142857143,5.879052467E-78)
COSET 13 c=1 d=95 gcd=1 a0=(-5.000000000,5.000000000) 
rho=(0.007142857143,0.007142857143) contrib=(-0.07142857143,1.088677721E-78)
COSET 13 c=1 d=96 gcd=1 a0=(-5.000000000,5.000000000) 
rho=(0.007142857143,0.007142857143) contrib=(-0.07142857143,-6.101221758E-78)
COSET 13 c=1 d=97 gcd=1 a0=(-5.000000000,5.000000000) 
rho=(0.007142857143,0.007142857143) contrib=(-0.07142857143,1.276148121E-78)
COSET 13 c=1 d=98 gcd=1 a0=(-5.000000000,5.000000000) 
rho=(0.007142857143,0.007142857143) contrib=(-0.07142857143,3.136876179E-78)
COSET 13 c=1 d=99 gcd=1 a0=(-5.000000000,5.000000000) 
rho=(0.007142857143,0.007142857143) contrib=(-0.07142857143,7.534478749E-78)
COSET 13 c=1 d=100 gcd=1 a0=(-5.000000000,5.000000000) 
rho=(0.007142857143,0.007142857143) contrib=(-0.07142857143,1.922222204E-77)
COSET 13 c=1 d=101 gcd=1 a0=(-5.000000000,5.000000000) 
rho=(0.007142857143,0.007142857143) contrib=(-0.07142857143,-2.861694692E-78)
COSET 13 c=1 d=102 gcd=1 a0=(-5.000000000,5.000000000) 
rho=(0.007142857143,0.007142857143) contrib=(-0.07142857143,-4.762904790E-78)
COSET 13 c=1 d=103 gcd=1 a0=(-5.000000000,5.000000000) 
rho=(0.007142857143,0.007142857143) contrib=(-0.07142857143,2.280970188E-78)
COSET 13 c=1 d=104 gcd=1 a0=(-5.000000000,5.000000000) 
rho=(0.007142857143,0.007142857143) contrib=(-0.07142857143,8.381710017E-78)
COSET 13 c=1 d=105 gcd=1 a0=(-5.000000000,5.000000000) 
rho=(0.007142857143,0.007142857143) contrib=(-0.07142857143,-9.560508471E-78)
COSET 13 c=1 d=106 gcd=1 a0=(-5.000000000,5.000000000) 
rho=(0.007142857143,0.007142857143) contrib=(-0.07142857143,-6.785561008E-79)
COSET 13 c=1 d=107 gcd=1 a0=(-5.000000000,5.000000000) 
rho=(0.007142857143,0.007142857143) contrib=(-0.07142857143,-1.151810427E-79)
COSET 13 c=1 d=108 gcd=1 a0=(-5.000000000,5.000000000) 
rho=(0.007142857143,0.007142857143) contrib=(-0.07142857143,9.794725989E-78)
COSET 13 c=1 d=109 gcd=1 a0=(-5.000000000,5.000000000) 
rho=(0.007142857143,0.007142857143) contrib=(-0.07142857143,2.653790500E-77)
COSET 13 c=1 d=110 gcd=1 a0=(-5.000000000,5.000000000) 
rho=(0.007142857143,0.007142857143) contrib=(-0.07142857143,-1.162461059E-77)
COSET 13 c=1 d=111 gcd=1 a0=(-5.000000000,5.000000000) 
rho=(0.007142857143,0.007142857143) contrib=(-0.07142857143,-1.982366950E-77)
COSET 13 c=1 d=112 gcd=1 a0=(-5.000000000,5.000000000) 
rho=(0.007142857143,0.007142857143) contrib=(-0.07142857143,-7.864600148E-78)
COSET 13 c=1 d=113 gcd=1 a0=(-5.000000000,5.000000000) 
rho=(0.007142857143,0.007142857143) contrib=(-0.07142857143,-5.874233176E-78)
COSET 13 c=1 d=114 gcd=1 a0=(-5.000000000,5.000000000) 
rho=(0.007142857143,0.007142857143) contrib=(-0.07142857143,7.286767218E-79)
COSET 13 c=1 d=115 gcd=1 a0=(-5.000000000,5.000000000) 
rho=(0.007142857143,0.007142857143) contrib=(-0.07142857143,4.706519091E-78)
COSET 13 c=1 d=116 gcd=1 a0=(-5.000000000,5.000000000) 
rho=(0.007142857143,0.007142857143) contrib=(-0.07142857143,8.599060019E-78)
COSET 13 c=1 d=117 gcd=1 a0=(-5.000000000,5.000000000) 
rho=(0.007142857143,0.007142857143) contrib=(-0.07142857143,1.083376502E-78)
COSET 13 c=1 d=118 gcd=1 a0=(-5.000000000,5.000000000) 
rho=(0.007142857143,0.007142857143) contrib=(-0.07142857143,-2.304102782E-78)
COSET 13 c=1 d=119 gcd=1 a0=(-5.000000000,5.000000000) 
rho=(0.007142857143,0.007142857143) contrib=(-0.07142857143,-1.098075338E-77)
COSET 13 c=1 d=120 gcd=1 a0=(-5.000000000,5.000000000) 
rho=(0.007142857143,0.007142857143) contrib=(-0.07142857143,1.926270408E-78)
COSET 13 c=1 d=121 gcd=1 a0=(-5.000000000,5.000000000) 
rho=(0.007142857143,0.007142857143) contrib=(-0.07142857143,2.199957915E-77)
COSET 13 c=1 d=122 gcd=1 a0=(-5.000000000,5.000000000) 
rho=(0.007142857143,0.007142857143) contrib=(-0.07142857143,-1.764342248E-78)
COSET 13 c=1 d=123 gcd=1 a0=(-5.000000000,5.000000000) 
rho=(0.007142857143,0.007142857143) contrib=(-0.07142857143,1.677595019E-78)
COSET 13 c=1 d=124 gcd=1 a0=(-5.000000000,5.000000000) 
rho=(0.007142857143,0.007142857143) contrib=(-0.07142857143,3.414467311E-78)
COSET 13 c=1 d=125 gcd=1 a0=(-5.000000000,5.000000000) 
rho=(0.007142857143,0.007142857143) contrib=(-0.07142857143,-1.056581247E-77)
COSET 13 c=1 d=126 gcd=1 a0=(-5.000000000,5.000000000) 
rho=(0.007142857143,0.007142857143) contrib=(-0.07142857143,-7.360984292E-78)
COSET 13 c=1 d=127 gcd=1 a0=(-5.000000000,5.000000000) 
rho=(0.007142857143,0.007142857143) contrib=(-0.07142857143,2.027957438E-78)
COSET 13 c=1 d=128 gcd=1 a0=(-5.000000000,5.000000000) 
rho=(0.007142857143,0.007142857143) contrib=(-0.07142857143,1.529160872E-78)
COSET 13 c=1 d=129 gcd=1 a0=(-5.000000000,5.000000000) 
rho=(0.007142857143,0.007142857143) contrib=(-0.07142857143,2.016776684E-77)
COSET 13 c=1 d=130 gcd=1 a0=(-5.000000000,5.000000000) 
rho=(0.007142857143,0.007142857143) contrib=(-0.07142857143,-7.745081744E-78)
COSET 13 c=1 d=131 gcd=1 a0=(-5.000000000,5.000000000) 
rho=(0.007142857143,0.007142857143) contrib=(-0.07142857143,1.463907679E-77)
COSET 13 c=1 d=132 gcd=1 a0=(-5.000000000,5.000000000) 
rho=(0.007142857143,0.007142857143) contrib=(-0.07142857143,-5.845799362E-78)
COSET 13 c=1 d=133 gcd=1 a0=(-5.000000000,5.000000000) 
rho=(0.007142857143,0.007142857143) contrib=(-0.07142857143,2.313259435E-78)
COSET 13 c=1 d=134 gcd=1 a0=(-5.000000000,5.000000000) 
rho=(0.007142857143,0.007142857143) contrib=(-0.07142857143,-1.350076037E-77)
COSET 13 c=1 d=135 gcd=1 a0=(-5.000000000,5.000000000) 
rho=(0.007142857143,0.007142857143) contrib=(-0.07142857143,8.467493388E-78)
COSET 13 c=1 d=136 gcd=1 a0=(-5.000000000,5.000000000) 
rho=(0.007142857143,0.007142857143) contrib=(-0.07142857143,-1.463136592E-78)
COSET 13 c=1 d=137 gcd=1 a0=(-5.000000000,5.000000000) 
rho=(0.007142857143,0.007142857143) contrib=(-0.07142857143,5.785558231E-78)
COSET 13 c=1 d=138 gcd=1 a0=(-5.000000000,5.000000000) 
rho=(0.007142857143,0.007142857143) contrib=(-0.07142857143,-5.521750270E-77)
COSET 13 c=1 d=139 gcd=1 a0=(-5.000000000,5.000000000) 
rho=(0.007142857143,0.007142857143) contrib=(-0.07142857143,-2.987838734E-72)
COSET 13 c=4 d=1 gcd=4 a0=(4.000000000,9.440480773E-72) 
rho=(0.02857142857,-2.409645244E-81) contrib=(0.1142857143,2.697280124E-73)
COSET 13 c=4 d=3 gcd=4 a0=(-1.606109226E-71,4.000000000) 
rho=(3.855432391E-81,-0.02857142857) contrib=(0.1142857143,4.588883656E-73)
COSET 13 c=4 d=5 gcd=4 a0=(4.000000000,2.216999427E-71) 
rho=(0.02857142857,-2.409645244E-81) contrib=(0.1142857143,6.334283980E-73)
COSET 13 c=4 d=7 gcd=4 a0=(-3.388184682E-71,4.000000000) 
rho=(3.855432391E-81,-0.02857142857) contrib=(0.1142857143,9.680527819E-73)
COSET 13 c=4 d=9 gcd=4 a0=(4.000000000,-7.369637567E-72) 
rho=(0.02857142857,-2.409645244E-81) contrib=(0.1142857143,-2.105610830E-73)
COSET 13 c=4 d=11 gcd=4 a0=(1.567245838E-71,4.000000000) 
rho=(3.855432391E-81,-0.02857142857) contrib=(0.1142857143,-4.477845096E-73)
COSET 13 c=4 d=13 gcd=4 a0=(4.000000000,-4.443405390E-71) 
rho=(0.02857142857,-2.409645244E-81) contrib=(0.1142857143,-1.269544407E-72)
COSET 13 c=4 d=15 gcd=4 a0=(6.588716233E-71,4.000000000) 
rho=(3.855432391E-81,-0.02857142857) contrib=(0.1142857143,-1.882490337E-72)
COSET 13 c=4 d=17 gcd=4 a0=(4.000000000,-1.773934433E-71) 
rho=(0.02857142857,-2.409645244E-81) contrib=(0.1142857143,-5.068384192E-73)
COSET 13 c=4 d=19 gcd=4 a0=(2.816712580E-72,4.000000000) 
rho=(3.855432391E-81,-0.02857142857) contrib=(0.1142857143,-8.047748686E-74)
COSET 13 c=4 d=21 gcd=4 a0=(4.000000000,-4.327402688E-71) 
rho=(0.02857142857,-2.409645244E-81) contrib=(0.1142857143,-1.236400778E-72)
COSET 13 c=4 d=23 gcd=4 a0=(-7.599097620E-71,4.000000000) 
rho=(3.855432391E-81,-0.02857142857) contrib=(0.1142857143,2.171170764E-72)
COSET 13 c=4 d=25 gcd=4 a0=(4.000000000,-4.632573418E-71) 
rho=(0.02857142857,-2.409645244E-81) contrib=(0.1142857143,-1.323592415E-72)
COSET 13 c=4 d=27 gcd=4 a0=(1.472190583E-70,4.000000000) 
rho=(3.855432391E-81,-0.02857142857) contrib=(0.1142857143,-4.206258793E-72)
COSET 13 c=4 d=29 gcd=4 a0=(4.000000000,-4.628725550E-70) 
rho=(0.02857142857,-2.409645244E-81) contrib=(0.1142857143,-1.322493015E-71)
COSET 13 c=4 d=31 gcd=4 a0=(-8.960187021E-71,4.000000000) 
rho=(3.855432391E-81,-0.02857142857) contrib=(0.1142857143,2.560053450E-72)
COSET 13 c=4 d=33 gcd=4 a0=(4.000000000,-2.915332823E-69) 
rho=(0.02857142857,-2.409645244E-81) contrib=(0.1142857143,-8.329522351E-71)
COSET 13 c=4 d=35 gcd=4 a0=(-8.011680981E-71,4.000000000) 
rho=(3.855432391E-81,-0.02857142857) contrib=(0.1142857143,2.289051724E-72)
COSET 13 c=4 d=37 gcd=4 a0=(4.000000000,-9.938893940E-71) 
rho=(0.02857142857,-2.409645244E-81) contrib=(0.1142857143,-2.839683993E-72)
COSET 13 c=4 d=39 gcd=4 a0=(1.026241864E-70,4.000000000) 
rho=(3.855432391E-81,-0.02857142857) contrib=(0.1142857143,-2.932119596E-72)
COSET 13 c=4 d=41 gcd=4 a0=(4.000000000,4.372772143E-70) 
rho=(0.02857142857,-2.409645244E-81) contrib=(0.1142857143,1.249363468E-71)
COSET 13 c=4 d=43 gcd=4 a0=(2.564101988E-70,4.000000000) 
rho=(3.855432391E-81,-0.02857142857) contrib=(0.1142857143,-7.326005664E-72)
COSET 13 c=4 d=45 gcd=4 a0=(4.000000000,-1.624701542E-70) 
rho=(0.02857142857,-2.409645244E-81) contrib=(0.1142857143,-4.642004414E-72)
COSET 13 c=4 d=47 gcd=4 a0=(1.214916328E-70,4.000000000) 
rho=(3.855432391E-81,-0.02857142857) contrib=(0.1142857143,-3.471189492E-72)
COSET 13 c=4 d=49 gcd=4 a0=(4.000000000,-6.314348255E-70) 
rho=(0.02857142857,-2.409645244E-81) contrib=(0.1142857143,-1.804099502E-71)
COSET 13 c=4 d=51 gcd=4 a0=(2.881327603E-71,4.000000000) 
rho=(3.855432391E-81,-0.02857142857) contrib=(0.1142857143,-8.232364425E-73)
COSET 13 c=4 d=53 gcd=4 a0=(4.000000000,-5.532187739E-70) 
rho=(0.02857142857,-2.409645244E-81) contrib=(0.1142857143,-1.580625069E-71)
COSET 13 c=4 d=55 gcd=4 a0=(3.239671695E-70,4.000000000) 
rho=(3.855432391E-81,-0.02857142857) contrib=(0.1142857143,-9.256204829E-72)
COSET 13 c=4 d=57 gcd=4 a0=(4.000000000,-4.788989784E-70) 
rho=(0.02857142857,-2.409645244E-81) contrib=(0.1142857143,-1.368282796E-71)
COSET 13 c=4 d=59 gcd=4 a0=(-5.504592727E-71,4.000000000) 
rho=(3.855432391E-81,-0.02857142857) contrib=(0.1142857143,1.572740795E-72)
COSET 13 c=4 d=61 gcd=4 a0=(4.000000000,8.692019888E-71) 
rho=(0.02857142857,-2.409645244E-81) contrib=(0.1142857143,2.483434244E-72)
COSET 13 c=4 d=63 gcd=4 a0=(6.933535762E-70,4.000000000) 
rho=(3.855432391E-81,-0.02857142857) contrib=(0.1142857143,-1.981010216E-71)
COSET 13 c=4 d=65 gcd=4 a0=(4.000000000,-1.650194841E-70) 
rho=(0.02857142857,-2.409645244E-81) contrib=(0.1142857143,-4.714842411E-72)
COSET 13 c=4 d=67 gcd=4 a0=(-5.072673582E-71,4.000000000) 
rho=(3.855432391E-81,-0.02857142857) contrib=(0.1142857143,1.449335325E-72)
COSET 13 c=4 d=69 gcd=4 a0=(4.000000000,4.671341238E-70) 
rho=(0.02857142857,-2.409645244E-81) contrib=(0.1142857143,1.334668924E-71)
COSET 13 c=5 d=1 gcd=5 a0=(-1.000000000,1.000000000) 
rho=(0.03571428571,0.03571428571) contrib=(-0.07142857143,-1.134703718E-72)
COSET 13 c=5 d=2 gcd=5 a0=(-1.000000000,1.000000000) 
rho=(0.03571428571,0.03571428571) contrib=(-0.07142857143,2.050966600E-73)
COSET 13 c=5 d=3 gcd=5 a0=(1.000000000,-1.000000000) 
rho=(-0.03571428571,-0.03571428571) contrib=(-0.07142857143,-8.674266370E-73)
COSET 13 c=5 d=4 gcd=5 a0=(1.000000000,-1.000000000) 
rho=(-0.03571428571,-0.03571428571) contrib=(-0.07142857143,-3.020586345E-73)
COSET 13 c=5 d=6 gcd=5 a0=(-1.000000000,1.000000000) 
rho=(0.03571428571,0.03571428571) contrib=(-0.07142857143,1.274204984E-72)
COSET 13 c=5 d=7 gcd=5 a0=(-1.000000000,1.000000000) 
rho=(0.03571428571,0.03571428571) contrib=(-0.07142857143,-1.097375737E-72)
COSET 13 c=5 d=8 gcd=5 a0=(1.000000000,-1.000000000) 
rho=(-0.03571428571,-0.03571428571) contrib=(-0.07142857143,3.447361116E-73)
COSET 13 c=5 d=9 gcd=5 a0=(1.000000000,-1.000000000) 
rho=(-0.03571428571,-0.03571428571) contrib=(-0.07142857143,5.382237899E-72)
COSET 13 c=5 d=11 gcd=5 a0=(-1.000000000,1.000000000) 
rho=(0.03571428571,0.03571428571) contrib=(-0.07142857143,1.252353011E-72)
COSET 13 c=5 d=12 gcd=5 a0=(-1.000000000,1.000000000) 
rho=(0.03571428571,0.03571428571) contrib=(-0.07142857143,1.647247980E-72)
COSET 13 c=5 d=13 gcd=5 a0=(1.000000000,-1.000000000) 
rho=(-0.03571428571,-0.03571428571) contrib=(-0.07142857143,-2.490749968E-72)
COSET 13 c=5 d=14 gcd=5 a0=(1.000000000,-1.000000000) 
rho=(-0.03571428571,-0.03571428571) contrib=(-0.07142857143,1.949681670E-72)
COSET 13 c=5 d=16 gcd=5 a0=(-1.000000000,1.000000000) 
rho=(0.03571428571,0.03571428571) contrib=(-0.07142857143,-8.365535697E-73)
COSET 13 c=5 d=17 gcd=5 a0=(-1.000000000,1.000000000) 
rho=(0.03571428571,0.03571428571) contrib=(-0.07142857143,4.238552562E-72)
COSET 13 c=5 d=18 gcd=5 a0=(1.000000000,-1.000000000) 
rho=(-0.03571428571,-0.03571428571) contrib=(-0.07142857143,-5.026684372E-72)
COSET 13 c=5 d=19 gcd=5 a0=(1.000000000,-1.000000000) 
rho=(-0.03571428571,-0.03571428571) contrib=(-0.07142857143,4.204580345E-72)
COSET 13 c=5 d=21 gcd=5 a0=(-1.000000000,1.000000000) 
rho=(0.03571428571,0.03571428571) contrib=(-0.07142857143,-1.232396057E-72)
COSET 13 c=5 d=22 gcd=5 a0=(-1.000000000,1.000000000) 
rho=(0.03571428571,0.03571428571) contrib=(-0.07142857143,-4.419823284E-72)
COSET 13 c=5 d=23 gcd=5 a0=(1.000000000,-1.000000000) 
rho=(-0.03571428571,-0.03571428571) contrib=(-0.07142857143,1.874157148E-72)
COSET 13 c=5 d=24 gcd=5 a0=(1.000000000,-1.000000000) 
rho=(-0.03571428571,-0.03571428571) contrib=(-0.07142857143,7.886272764E-72)
COSET 13 c=5 d=26 gcd=5 a0=(-1.000000000,1.000000000) 
rho=(0.03571428571,0.03571428571) contrib=(-0.07142857143,2.961662971E-72)
COSET 13 c=5 d=27 gcd=5 a0=(-1.000000000,1.000000000) 
rho=(0.03571428571,0.03571428571) contrib=(-0.07142857143,2.320257198E-71)
COSET 13 c=5 d=28 gcd=5 a0=(1.000000000,-1.000000000) 
rho=(-0.03571428571,-0.03571428571) contrib=(-0.07142857143,1.060241193E-71)
COSET 13 c=5 d=33 gcd=5 a0=(1.000000000,-1.000000000) 
rho=(-0.03571428571,-0.03571428571) contrib=(-0.07142857143,2.392947089E-71)
COSET 13 c=5 d=38 gcd=5 a0=(1.000000000,-1.000000000) 
rho=(-0.03571428571,-0.03571428571) contrib=(-0.07142857143,2.972979805E-71)
COSET 13 c=5 d=43 gcd=5 a0=(1.000000000,-1.000000000) 
rho=(-0.03571428571,-0.03571428571) contrib=(-0.07142857143,-1.006691024E-72)
COSET 13 c=5 d=48 gcd=5 a0=(1.000000000,-1.000000000) 
rho=(-0.03571428571,-0.03571428571) contrib=(-0.07142857143,-2.111386280E-71)
COSET 13 c=5 d=53 gcd=5 a0=(1.000000000,-1.000000000) 
rho=(-0.03571428571,-0.03571428571) contrib=(-0.07142857143,9.144172667E-72)
COSET 13 c=7 d=1 gcd=7 a0=(1.000000000,1.000000000) 
rho=(-5.805268376E-82,1.302243826E-81) contrib=(-1.882770664E-81,7.217169887E-8\
2)
COSET 13 c=7 d=2 gcd=7 a0=(1.000000000,1.000000000) 
rho=(1.082988338E-81,1.074172843E-81) contrib=(8.815495229E-84,2.157161180E-81)
COSET 13 c=7 d=3 gcd=7 a0=(1.000000000,1.000000000) 
rho=(-2.263170400E-81,-2.783299996E-82) contrib=(-1.984840400E-81,-2.541500399E\
-81)
COSET 13 c=7 d=4 gcd=7 a0=(1.000000000,1.000000000) 
rho=(2.758838011E-82,2.979771173E-81) contrib=(-2.703887372E-81,3.255654974E-81\
)
COSET 13 c=7 d=5 gcd=7 a0=(-1.000000000,-1.000000000) 
rho=(1.333512021E-81,9.834758726E-83) contrib=(-1.235164433E-81,-1.431859608E-8\
1)
COSET 13 c=7 d=6 gcd=7 a0=(1.000000000,1.000000000) 
rho=(-3.642705897E-82,2.895574681E-81) contrib=(-3.259845270E-81,2.531304091E-8\
1)
COSET 13 c=7 d=8 gcd=7 a0=(1.000000000,1.000000000) 
rho=(-5.805268376E-82,1.302243826E-81) contrib=(-1.882770664E-81,7.217169887E-8\
2)
COSET 13 c=7 d=9 gcd=7 a0=(1.000000000,1.000000000) 
rho=(1.082988338E-81,1.074172843E-81) contrib=(8.815495229E-84,2.157161180E-81)
COSET 13 c=7 d=10 gcd=7 a0=(1.000000000,1.000000000) 
rho=(-2.263170400E-81,-2.783299996E-82) contrib=(-1.984840400E-81,-2.541500399E\
-81)
COSET 13 c=7 d=11 gcd=7 a0=(1.000000000,1.000000000) 
rho=(2.758838011E-82,2.979771173E-81) contrib=(-2.703887372E-81,3.255654974E-81\
)
COSET 13 c=7 d=12 gcd=7 a0=(-1.000000000,-1.000000000) 
rho=(1.333512021E-81,9.834758726E-83) contrib=(-1.235164433E-81,-1.431859608E-8\
1)
COSET 13 c=7 d=13 gcd=7 a0=(1.000000000,1.000000000) 
rho=(-3.642705897E-82,2.895574681E-81) contrib=(-3.259845270E-81,2.531304091E-8\
1)
COSET 13 c=7 d=15 gcd=7 a0=(1.000000000,1.000000000) 
rho=(-5.805268376E-82,1.302243826E-81) contrib=(-1.882770664E-81,7.217169887E-8\
2)
COSET 13 c=7 d=16 gcd=7 a0=(1.000000000,1.000000000) 
rho=(1.082988338E-81,1.074172843E-81) contrib=(8.815495229E-84,2.157161180E-81)
COSET 13 c=7 d=17 gcd=7 a0=(1.000000000,1.000000000) 
rho=(-2.263170400E-81,-2.783299996E-82) contrib=(-1.984840400E-81,-2.541500399E\
-81)
COSET 13 c=7 d=18 gcd=7 a0=(1.000000000,1.000000000) 
rho=(2.758838011E-82,2.979771173E-81) contrib=(-2.703887372E-81,3.255654974E-81\
)
COSET 13 c=7 d=19 gcd=7 a0=(-1.000000000,-1.000000000) 
rho=(1.333512021E-81,9.834758726E-83) contrib=(-1.235164433E-81,-1.431859608E-8\
1)
COSET 13 c=7 d=20 gcd=7 a0=(1.000000000,1.000000000) 
rho=(-3.642705897E-82,2.895574681E-81) contrib=(-3.259845270E-81,2.531304091E-8\
1)
COSET 13 c=7 d=27 gcd=7 a0=(1.000000000,1.000000000) 
rho=(-3.642705897E-82,2.895574681E-81) contrib=(-3.259845270E-81,2.531304091E-8\
1)
COSET 13 c=7 d=34 gcd=7 a0=(1.000000000,1.000000000) 
rho=(-3.642705897E-82,2.895574681E-81) contrib=(-3.259845270E-81,2.531304091E-8\
1)
COSET 13 c=20 d=1 gcd=20 a0=(6.000000000,1.855632481E-72) 
rho=(-0.1428571429,2.602416864E-80) contrib=(-0.8571428572,-2.650901983E-73)
COSET 13 c=20 d=3 gcd=20 a0=(-2.185602327E-72,6.000000000) 
rho=(5.783148586E-81,0.1428571429) contrib=(-0.8571428572,-3.122288692E-73)
COSET 13 c=20 d=7 gcd=20 a0=(8.854998017E-73,6.000000000) 
rho=(7.710864781E-81,0.1428571429) contrib=(-0.8571428572,1.265000179E-73)
COSET 13 c=20 d=9 gcd=20 a0=(6.000000000,1.018034891E-72) 
rho=(-0.1428571429,-4.819290488E-81) contrib=(-0.8571428572,-1.454335847E-73)
COSET 13 c=20 d=11 gcd=20 a0=(-2.772527844E-72,-6.000000000) 
rho=(-1.927716195E-81,-0.1428571429) contrib=(-0.8571428572,3.960754179E-73)
COSET 13 c=20 d=13 gcd=20 a0=(6.000000000,-1.062813242E-72) 
rho=(-0.1428571429,-2.024102005E-80) contrib=(-0.8571428572,1.518303418E-73)
COSET 13 c=20 d=19 gcd=20 a0=(8.112436798E-73,6.000000000) 
rho=(-2.891574293E-80,0.1428571429) contrib=(-0.8571428572,1.158917808E-73)
COSET 13 c=28 d=1 gcd=28 a0=(10.00000000,7.445185731E-73) 
rho=(1.367850183E-80,7.240230945E-81) contrib=(1.367850183E-79,7.240230944E-80)
COSET 13 c=28 d=3 gcd=28 a0=(-4.072256775E-72,-10.00000000) 
rho=(4.785404852E-81,2.927342465E-81) contrib=(2.927342465E-80,-4.785404852E-80\
)
COSET 13 c=28 d=5 gcd=28 a0=(-10.00000000,-4.427152608E-72) 
rho=(5.628093312E-82,1.985504322E-81) contrib=(-5.628093312E-81,-1.985504322E-8\
0)
COSET 13 c=28 d=9 gcd=28 a0=(10.00000000,6.687253228E-73) 
rho=(3.714242240E-81,2.123499872E-81) contrib=(3.714242240E-80,2.123499872E-80)
COSET 13 c=28 d=17 gcd=28 a0=(10.00000000,6.386979420E-72) 
rho=(-5.075785929E-81,-2.558836170E-81) contrib=(-5.075785929E-80,-2.558836170E\
-80)
COSET 13 c=35 d=1 gcd=35 a0=(3.000000000,3.000000000) 
rho=(1.512617151E-80,-2.772974566E-81) contrib=(5.369743824E-80,3.705959084E-80\
)
COSET 13 c=35 d=2 gcd=35 a0=(-3.000000000,-3.000000000) 
rho=(5.161413766E-81,4.461858628E-81) contrib=(-2.098665414E-81,-2.886981718E-8\
0)
COSET 13 c=35 d=3 gcd=35 a0=(3.000000000,3.000000000) 
rho=(-3.915673522E-82,6.515454836E-81) contrib=(-2.072106656E-80,1.837166245E-8\
0)
COSET 13 c=35 d=4 gcd=35 a0=(3.000000000,3.000000000) 
rho=(-1.063161232E-81,-4.362753213E-81) contrib=(9.898775941E-81,-1.627774333E-\
80)
FORM 14:
  c_eta(0)[1] (trivial) = 2.11902171557E-69 + -6.65072246590E-70 i   (half: 
1.05951085778E-69)
  c_eta(0)[2] = -8.00000000000 + -6.29798724935E-70 i   (half: -4.00000000000)
  c_eta(0)[3] = -8.00000000000 + -6.29798724856E-70 i   (half: -4.00000000000)
  c_eta(0)[4] = -8.00000000000 + -6.29798724853E-70 i   (half: -4.00000000000)
  c_eta(0)[5] = -8.00000000000 + -6.29798724843E-70 i   (half: -4.00000000000)
  c_eta(0)[6] = -8.00000000000 + -6.29798724839E-70 i   (half: -4.00000000000)
  c_eta(0)[7] = -8.00000000000 + -6.29798724834E-70 i   (half: -4.00000000000)
  c_eta(0)[8] = -8.00000000000 + -6.29798724889E-70 i   (half: -4.00000000000)
  c_eta(0)[9] = -8.00000000000 + -6.29798724846E-70 i   (half: -4.00000000000)
  c_eta(0)[10] = -8.00000000000 + -6.29798724805E-70 i   (half: -4.00000000000)
  c_eta(0)[11] = -8.00000000000 + -6.29798724820E-70 i   (half: -4.00000000000)
  c_eta(0)[12] = -8.00000000000 + -6.29798724839E-70 i   (half: -4.00000000000)
  c_eta(0)[13] = -8.00000000000 + -6.29798724827E-70 i   (half: -4.00000000000)
COSET 14 c=1 d=0 gcd=1 a0=(-4.000000000,4.000000000) 
rho=(0.007142857143,0.007142857143) contrib=(-0.05714285714,-1.185582282E-70)
COSET 14 c=1 d=1 gcd=1 a0=(-4.000000000,4.000000000) 
rho=(0.007142857143,0.007142857143) contrib=(-0.05714285714,-4.084907727E-75)
COSET 14 c=1 d=2 gcd=1 a0=(-4.000000000,4.000000000) 
rho=(0.007142857143,0.007142857143) contrib=(-0.05714285714,4.769169867E-77)
COSET 14 c=1 d=3 gcd=1 a0=(-4.000000000,4.000000000) 
rho=(0.007142857143,0.007142857143) contrib=(-0.05714285714,5.227966322E-78)
COSET 14 c=1 d=4 gcd=1 a0=(-4.000000000,4.000000000) 
rho=(0.007142857143,0.007142857143) contrib=(-0.05714285714,-3.169165425E-78)
COSET 14 c=1 d=5 gcd=1 a0=(-4.000000000,4.000000000) 
rho=(0.007142857143,0.007142857143) contrib=(-0.05714285714,5.806281180E-78)
COSET 14 c=1 d=6 gcd=1 a0=(-4.000000000,4.000000000) 
rho=(0.007142857143,0.007142857143) contrib=(-0.05714285714,3.300250127E-78)
COSET 14 c=1 d=7 gcd=1 a0=(-4.000000000,4.000000000) 
rho=(0.007142857143,0.007142857143) contrib=(-0.05714285714,-2.853019969E-79)
COSET 14 c=1 d=8 gcd=1 a0=(-4.000000000,4.000000000) 
rho=(0.007142857143,0.007142857143) contrib=(-0.05714285714,7.556647486E-79)
COSET 14 c=1 d=9 gcd=1 a0=(-4.000000000,4.000000000) 
rho=(0.007142857143,0.007142857143) contrib=(-0.05714285714,-9.330146385E-79)
COSET 14 c=1 d=10 gcd=1 a0=(-4.000000000,4.000000000) 
rho=(0.007142857143,0.007142857143) contrib=(-0.05714285714,8.096408020E-79)
COSET 14 c=1 d=11 gcd=1 a0=(-4.000000000,4.000000000) 
rho=(0.007142857143,0.007142857143) contrib=(-0.05714285714,4.009649686E-79)
COSET 14 c=1 d=12 gcd=1 a0=(-4.000000000,4.000000000) 
rho=(0.007142857143,0.007142857143) contrib=(-0.05714285714,-3.238563208E-79)
COSET 14 c=1 d=13 gcd=1 a0=(-4.000000000,4.000000000) 
rho=(0.007142857143,0.007142857143) contrib=(-0.05714285714,4.009649686E-79)
COSET 14 c=1 d=14 gcd=1 a0=(-4.000000000,4.000000000) 
rho=(0.007142857143,0.007142857143) contrib=(-0.05714285714,1.696390252E-79)
COSET 14 c=1 d=15 gcd=1 a0=(-4.000000000,4.000000000) 
rho=(0.007142857143,0.007142857143) contrib=(-0.05714285714,1.542172956E-80)
COSET 14 c=1 d=16 gcd=1 a0=(-4.000000000,4.000000000) 
rho=(0.007142857143,0.007142857143) contrib=(-0.05714285714,1.310847013E-79)
COSET 14 c=1 d=17 gcd=1 a0=(-4.000000000,4.000000000) 
rho=(0.007142857143,0.007142857143) contrib=(-0.05714285714,1.010123286E-78)
COSET 14 c=1 d=18 gcd=1 a0=(-4.000000000,4.000000000) 
rho=(0.007142857143,0.007142857143) contrib=(-0.05714285714,2.621694026E-79)
COSET 14 c=1 d=19 gcd=1 a0=(-4.000000000,4.000000000) 
rho=(0.007142857143,0.007142857143) contrib=(-0.05714285714,-2.644826620E-78)
COSET 14 c=1 d=20 gcd=1 a0=(-4.000000000,4.000000000) 
rho=(0.007142857143,0.007142857143) contrib=(-0.05714285714,1.866029277E-78)
COSET 14 c=1 d=21 gcd=1 a0=(-4.000000000,4.000000000) 
rho=(0.007142857143,0.007142857143) contrib=(-0.05714285714,1.411088255E-78)
COSET 14 c=1 d=22 gcd=1 a0=(-4.000000000,4.000000000) 
rho=(0.007142857143,0.007142857143) contrib=(-0.05714285714,-9.098820442E-79)
COSET 14 c=1 d=23 gcd=1 a0=(-4.000000000,4.000000000) 
rho=(0.007142857143,0.007142857143) contrib=(-0.05714285714,8.481951260E-80)
COSET 14 c=1 d=24 gcd=1 a0=(-4.000000000,4.000000000) 
rho=(0.007142857143,0.007142857143) contrib=(-0.05714285714,8.944603146E-79)
COSET 14 c=1 d=25 gcd=1 a0=(-4.000000000,4.000000000) 
rho=(0.007142857143,0.007142857143) contrib=(-0.05714285714,6.245800473E-79)
COSET 14 c=1 d=26 gcd=1 a0=(-4.000000000,4.000000000) 
rho=(0.007142857143,0.007142857143) contrib=(-0.05714285714,-4.626518869E-79)
COSET 14 c=1 d=27 gcd=1 a0=(-4.000000000,4.000000000) 
rho=(0.007142857143,0.007142857143) contrib=(-0.05714285714,-1.418799120E-78)
COSET 14 c=1 d=28 gcd=1 a0=(-4.000000000,4.000000000) 
rho=(0.007142857143,0.007142857143) contrib=(-0.05714285714,-1.495907768E-78)
COSET 14 c=1 d=29 gcd=1 a0=(-4.000000000,4.000000000) 
rho=(0.007142857143,0.007142857143) contrib=(-0.05714285714,-2.197596463E-78)
COSET 14 c=1 d=30 gcd=1 a0=(-4.000000000,4.000000000) 
rho=(0.007142857143,0.007142857143) contrib=(-0.05714285714,1.064099340E-78)
COSET 14 c=1 d=31 gcd=1 a0=(-4.000000000,4.000000000) 
rho=(0.007142857143,0.007142857143) contrib=(-0.05714285714,-1.943137925E-78)
COSET 14 c=1 d=32 gcd=1 a0=(-4.000000000,4.000000000) 
rho=(0.007142857143,0.007142857143) contrib=(-0.05714285714,3.161454560E-79)
COSET 14 c=1 d=33 gcd=1 a0=(-4.000000000,4.000000000) 
rho=(0.007142857143,0.007142857143) contrib=(-0.05714285714,-4.240975630E-79)
COSET 14 c=1 d=34 gcd=1 a0=(-4.000000000,4.000000000) 
rho=(0.007142857143,0.007142857143) contrib=(-0.05714285714,9.291592062E-78)
COSET 14 c=1 d=35 gcd=1 a0=(-4.000000000,4.000000000) 
rho=(0.007142857143,0.007142857143) contrib=(-0.05714285714,-3.947962768E-78)
COSET 14 c=1 d=36 gcd=1 a0=(-4.000000000,4.000000000) 
rho=(0.007142857143,0.007142857143) contrib=(-0.05714285714,-4.017360551E-78)
COSET 14 c=1 d=37 gcd=1 a0=(-4.000000000,4.000000000) 
rho=(0.007142857143,0.007142857143) contrib=(-0.05714285714,-1.742655441E-78)
COSET 14 c=1 d=38 gcd=1 a0=(-4.000000000,4.000000000) 
rho=(0.007142857143,0.007142857143) contrib=(-0.05714285714,2.721935268E-78)
COSET 14 c=1 d=39 gcd=1 a0=(-4.000000000,4.000000000) 
rho=(0.007142857143,0.007142857143) contrib=(-0.05714285714,-2.266994246E-78)
COSET 14 c=1 d=40 gcd=1 a0=(-4.000000000,4.000000000) 
rho=(0.007142857143,0.007142857143) contrib=(-0.05714285714,3.192298019E-78)
COSET 14 c=1 d=41 gcd=1 a0=(-4.000000000,4.000000000) 
rho=(0.007142857143,0.007142857143) contrib=(-0.05714285714,-5.281942375E-78)
COSET 14 c=1 d=42 gcd=1 a0=(-4.000000000,4.000000000) 
rho=(0.007142857143,0.007142857143) contrib=(-0.05714285714,-8.250625316E-79)
COSET 14 c=1 d=43 gcd=1 a0=(-4.000000000,4.000000000) 
rho=(0.007142857143,0.007142857143) contrib=(-0.05714285714,2.374946353E-78)
COSET 14 c=1 d=44 gcd=1 a0=(-4.000000000,4.000000000) 
rho=(0.007142857143,0.007142857143) contrib=(-0.05714285714,-3.878564985E-78)
COSET 14 c=1 d=45 gcd=1 a0=(-4.000000000,4.000000000) 
rho=(0.007142857143,0.007142857143) contrib=(-0.05714285714,2.220729057E-78)
COSET 14 c=1 d=46 gcd=1 a0=(-4.000000000,4.000000000) 
rho=(0.007142857143,0.007142857143) contrib=(-0.05714285714,-4.626518869E-79)
COSET 14 c=1 d=47 gcd=1 a0=(-4.000000000,4.000000000) 
rho=(0.007142857143,0.007142857143) contrib=(-0.05714285714,1.326268742E-78)
COSET 14 c=1 d=48 gcd=1 a0=(-4.000000000,4.000000000) 
rho=(0.007142857143,0.007142857143) contrib=(-0.05714285714,-1.719522846E-78)
COSET 14 c=1 d=49 gcd=1 a0=(-4.000000000,4.000000000) 
rho=(0.007142857143,0.007142857143) contrib=(-0.05714285714,8.065564561E-78)
COSET 14 c=1 d=50 gcd=1 a0=(-4.000000000,4.000000000) 
rho=(0.007142857143,0.007142857143) contrib=(-0.05714285714,-5.937365882E-79)
COSET 14 c=1 d=51 gcd=1 a0=(-4.000000000,4.000000000) 
rho=(0.007142857143,0.007142857143) contrib=(-0.05714285714,8.582192502E-78)
COSET 14 c=1 d=52 gcd=1 a0=(-4.000000000,4.000000000) 
rho=(0.007142857143,0.007142857143) contrib=(-0.05714285714,-1.064099340E-78)
COSET 14 c=1 d=53 gcd=1 a0=(-4.000000000,4.000000000) 
rho=(0.007142857143,0.007142857143) contrib=(-0.05714285714,1.387955661E-79)
COSET 14 c=1 d=54 gcd=1 a0=(-4.000000000,4.000000000) 
rho=(0.007142857143,0.007142857143) contrib=(-0.05714285714,-1.264581824E-78)
COSET 14 c=1 d=55 gcd=1 a0=(-4.000000000,4.000000000) 
rho=(0.007142857143,0.007142857143) contrib=(-0.05714285714,1.300051802E-77)
COSET 14 c=1 d=56 gcd=1 a0=(-4.000000000,4.000000000) 
rho=(0.007142857143,0.007142857143) contrib=(-0.05714285714,1.310847013E-77)
COSET 14 c=1 d=57 gcd=1 a0=(-4.000000000,4.000000000) 
rho=(0.007142857143,0.007142857143) contrib=(-0.05714285714,5.150857674E-78)
COSET 14 c=1 d=58 gcd=1 a0=(-4.000000000,4.000000000) 
rho=(0.007142857143,0.007142857143) contrib=(-0.05714285714,-1.303136148E-78)
COSET 14 c=1 d=59 gcd=1 a0=(-4.000000000,4.000000000) 
rho=(0.007142857143,0.007142857143) contrib=(-0.05714285714,5.120014215E-78)
COSET 14 c=1 d=60 gcd=1 a0=(-4.000000000,4.000000000) 
rho=(0.007142857143,0.007142857143) contrib=(-0.05714285714,4.888688272E-78)
COSET 14 c=1 d=61 gcd=1 a0=(-4.000000000,4.000000000) 
rho=(0.007142857143,0.007142857143) contrib=(-0.05714285714,-1.842896683E-78)
COSET 14 c=1 d=62 gcd=1 a0=(-4.000000000,4.000000000) 
rho=(0.007142857143,0.007142857143) contrib=(-0.05714285714,4.240975630E-79)
COSET 14 c=1 d=63 gcd=1 a0=(-4.000000000,4.000000000) 
rho=(0.007142857143,0.007142857143) contrib=(-0.05714285714,-1.503618632E-78)
COSET 14 c=1 d=64 gcd=1 a0=(-4.000000000,4.000000000) 
rho=(0.007142857143,0.007142857143) contrib=(-0.05714285714,-1.087231934E-78)
COSET 14 c=1 d=65 gcd=1 a0=(-4.000000000,4.000000000) 
rho=(0.007142857143,0.007142857143) contrib=(-0.05714285714,1.226027500E-78)
COSET 14 c=1 d=66 gcd=1 a0=(-4.000000000,4.000000000) 
rho=(0.007142857143,0.007142857143) contrib=(-0.05714285714,3.546997799E-78)
COSET 14 c=1 d=67 gcd=1 a0=(-4.000000000,4.000000000) 
rho=(0.007142857143,0.007142857143) contrib=(-0.05714285714,5.960498476E-78)
COSET 14 c=1 d=68 gcd=1 a0=(-4.000000000,4.000000000) 
rho=(0.007142857143,0.007142857143) contrib=(-0.05714285714,1.162027323E-77)
COSET 14 c=1 d=69 gcd=1 a0=(-4.000000000,4.000000000) 
rho=(0.007142857143,0.007142857143) contrib=(-0.05714285714,5.729172532E-77)
COSET 14 c=1 d=70 gcd=1 a0=(-4.000000000,4.000000000) 
rho=(0.007142857143,0.007142857143) contrib=(-0.05714285714,2.090415442E-76)
COSET 14 c=1 d=71 gcd=1 a0=(-4.000000000,4.000000000) 
rho=(0.007142857143,0.007142857143) contrib=(-0.05714285714,6.631343712E-78)
COSET 14 c=1 d=72 gcd=1 a0=(-4.000000000,4.000000000) 
rho=(0.007142857143,0.007142857143) contrib=(-0.05714285714,-3.932541039E-78)
COSET 14 c=1 d=73 gcd=1 a0=(-4.000000000,4.000000000) 
rho=(0.007142857143,0.007142857143) contrib=(-0.05714285714,-3.084345912E-78)
COSET 14 c=1 d=74 gcd=1 a0=(-4.000000000,4.000000000) 
rho=(0.007142857143,0.007142857143) contrib=(-0.05714285714,-3.577841258E-78)
COSET 14 c=1 d=75 gcd=1 a0=(-4.000000000,4.000000000) 
rho=(0.007142857143,0.007142857143) contrib=(-0.05714285714,2.398078947E-78)
COSET 14 c=1 d=76 gcd=1 a0=(-4.000000000,4.000000000) 
rho=(0.007142857143,0.007142857143) contrib=(-0.05714285714,3.562419529E-78)
COSET 14 c=1 d=77 gcd=1 a0=(-4.000000000,4.000000000) 
rho=(0.007142857143,0.007142857143) contrib=(-0.05714285714,-5.027483837E-78)
COSET 14 c=1 d=78 gcd=1 a0=(-4.000000000,4.000000000) 
rho=(0.007142857143,0.007142857143) contrib=(-0.05714285714,-1.542172956E-78)
COSET 14 c=1 d=79 gcd=1 a0=(-4.000000000,4.000000000) 
rho=(0.007142857143,0.007142857143) contrib=(-0.05714285714,1.256870959E-77)
COSET 14 c=1 d=80 gcd=1 a0=(-4.000000000,4.000000000) 
rho=(0.007142857143,0.007142857143) contrib=(-0.05714285714,7.494960568E-78)
COSET 14 c=1 d=81 gcd=1 a0=(-4.000000000,4.000000000) 
rho=(0.007142857143,0.007142857143) contrib=(-0.05714285714,2.274705110E-78)
COSET 14 c=1 d=82 gcd=1 a0=(-4.000000000,4.000000000) 
rho=(0.007142857143,0.007142857143) contrib=(-0.05714285714,-4.672784057E-78)
COSET 14 c=1 d=83 gcd=1 a0=(-4.000000000,4.000000000) 
rho=(0.007142857143,0.007142857143) contrib=(-0.05714285714,1.619281604E-77)
COSET 14 c=1 d=84 gcd=1 a0=(-4.000000000,4.000000000) 
rho=(0.007142857143,0.007142857143) contrib=(-0.05714285714,6.939778303E-79)
COSET 14 c=1 d=85 gcd=1 a0=(-4.000000000,4.000000000) 
rho=(0.007142857143,0.007142857143) contrib=(-0.05714285714,2.849935623E-77)
COSET 14 c=1 d=86 gcd=1 a0=(-4.000000000,4.000000000) 
rho=(0.007142857143,0.007142857143) contrib=(-0.05714285714,-3.577841258E-78)
COSET 14 c=1 d=87 gcd=1 a0=(-4.000000000,4.000000000) 
rho=(0.007142857143,0.007142857143) contrib=(-0.05714285714,-4.240975630E-79)
COSET 14 c=1 d=88 gcd=1 a0=(-4.000000000,4.000000000) 
rho=(0.007142857143,0.007142857143) contrib=(-0.05714285714,1.518269275E-77)
COSET 14 c=1 d=89 gcd=1 a0=(-4.000000000,4.000000000) 
rho=(0.007142857143,0.007142857143) contrib=(-0.05714285714,1.326268742E-78)
COSET 14 c=1 d=90 gcd=1 a0=(-4.000000000,4.000000000) 
rho=(0.007142857143,0.007142857143) contrib=(-0.05714285714,-3.331093586E-78)
COSET 14 c=1 d=91 gcd=1 a0=(-4.000000000,4.000000000) 
rho=(0.007142857143,0.007142857143) contrib=(-0.05714285714,2.258512294E-77)
COSET 14 c=1 d=92 gcd=1 a0=(-4.000000000,4.000000000) 
rho=(0.007142857143,0.007142857143) contrib=(-0.05714285714,1.192099695E-77)
COSET 14 c=1 d=93 gcd=1 a0=(-4.000000000,4.000000000) 
rho=(0.007142857143,0.007142857143) contrib=(-0.05714285714,5.968209341E-78)
COSET 14 c=1 d=94 gcd=1 a0=(-4.000000000,4.000000000) 
rho=(0.007142857143,0.007142857143) contrib=(-0.05714285714,-2.929357530E-77)
COSET 14 c=1 d=95 gcd=1 a0=(-4.000000000,4.000000000) 
rho=(0.007142857143,0.007142857143) contrib=(-0.05714285714,3.315671856E-79)
COSET 14 c=1 d=96 gcd=1 a0=(-4.000000000,4.000000000) 
rho=(0.007142857143,0.007142857143) contrib=(-0.05714285714,-1.782751937E-77)
COSET 14 c=1 d=97 gcd=1 a0=(-4.000000000,4.000000000) 
rho=(0.007142857143,0.007142857143) contrib=(-0.05714285714,3.007237265E-79)
COSET 14 c=1 d=98 gcd=1 a0=(-4.000000000,4.000000000) 
rho=(0.007142857143,0.007142857143) contrib=(-0.05714285714,1.333979607E-77)
COSET 14 c=1 d=99 gcd=1 a0=(-4.000000000,4.000000000) 
rho=(0.007142857143,0.007142857143) contrib=(-0.05714285714,8.373999153E-78)
COSET 14 c=1 d=100 gcd=1 a0=(-4.000000000,4.000000000) 
rho=(0.007142857143,0.007142857143) contrib=(-0.05714285714,1.117304307E-77)
COSET 14 c=1 d=101 gcd=1 a0=(-4.000000000,4.000000000) 
rho=(0.007142857143,0.007142857143) contrib=(-0.05714285714,-2.494464757E-77)
COSET 14 c=1 d=102 gcd=1 a0=(-4.000000000,4.000000000) 
rho=(0.007142857143,0.007142857143) contrib=(-0.05714285714,-1.107280183E-77)
COSET 14 c=1 d=103 gcd=1 a0=(-4.000000000,4.000000000) 
rho=(0.007142857143,0.007142857143) contrib=(-0.05714285714,-1.812824310E-77)
COSET 14 c=1 d=104 gcd=1 a0=(-4.000000000,4.000000000) 
rho=(0.007142857143,0.007142857143) contrib=(-0.05714285714,4.410614655E-78)
COSET 14 c=1 d=105 gcd=1 a0=(-4.000000000,4.000000000) 
rho=(0.007142857143,0.007142857143) contrib=(-0.05714285714,1.509787324E-77)
COSET 14 c=1 d=106 gcd=1 a0=(-4.000000000,4.000000000) 
rho=(0.007142857143,0.007142857143) contrib=(-0.05714285714,1.542172956E-80)
COSET 14 c=1 d=107 gcd=1 a0=(-4.000000000,4.000000000) 
rho=(0.007142857143,0.007142857143) contrib=(-0.05714285714,4.156156117E-78)
COSET 14 c=1 d=108 gcd=1 a0=(-4.000000000,4.000000000) 
rho=(0.007142857143,0.007142857143) contrib=(-0.05714285714,4.055914875E-77)
COSET 14 c=1 d=109 gcd=1 a0=(-4.000000000,4.000000000) 
rho=(0.007142857143,0.007142857143) contrib=(-0.05714285714,3.280972965E-77)
COSET 14 c=1 d=110 gcd=1 a0=(-4.000000000,4.000000000) 
rho=(0.007142857143,0.007142857143) contrib=(-0.05714285714,-3.580925605E-77)
COSET 14 c=1 d=111 gcd=1 a0=(-4.000000000,4.000000000) 
rho=(0.007142857143,0.007142857143) contrib=(-0.05714285714,-6.888115509E-77)
COSET 14 c=1 d=112 gcd=1 a0=(-4.000000000,4.000000000) 
rho=(0.007142857143,0.007142857143) contrib=(-0.05714285714,5.914233287E-78)
COSET 14 c=1 d=113 gcd=1 a0=(-4.000000000,4.000000000) 
rho=(0.007142857143,0.007142857143) contrib=(-0.05714285714,4.132252436E-77)
COSET 14 c=1 d=114 gcd=1 a0=(-4.000000000,4.000000000) 
rho=(0.007142857143,0.007142857143) contrib=(-0.05714285714,-2.621694026E-79)
COSET 14 c=1 d=115 gcd=1 a0=(-4.000000000,4.000000000) 
rho=(0.007142857143,0.007142857143) contrib=(-0.05714285714,2.933212963E-77)
COSET 14 c=1 d=116 gcd=1 a0=(-4.000000000,4.000000000) 
rho=(0.007142857143,0.007142857143) contrib=(-0.05714285714,-2.011764621E-77)
COSET 14 c=1 d=117 gcd=1 a0=(-4.000000000,4.000000000) 
rho=(0.007142857143,0.007142857143) contrib=(-0.05714285714,-1.946222271E-77)
COSET 14 c=1 d=118 gcd=1 a0=(-4.000000000,4.000000000) 
rho=(0.007142857143,0.007142857143) contrib=(-0.05714285714,1.378702623E-77)
COSET 14 c=1 d=119 gcd=1 a0=(-4.000000000,4.000000000) 
rho=(0.007142857143,0.007142857143) contrib=(-0.05714285714,3.593262988E-78)
COSET 14 c=1 d=120 gcd=1 a0=(-4.000000000,4.000000000) 
rho=(0.007142857143,0.007142857143) contrib=(-0.05714285714,-5.012062108E-78)
COSET 14 c=1 d=121 gcd=1 a0=(-4.000000000,4.000000000) 
rho=(0.007142857143,0.007142857143) contrib=(-0.05714285714,6.987585665E-77)
COSET 14 c=1 d=122 gcd=1 a0=(-4.000000000,4.000000000) 
rho=(0.007142857143,0.007142857143) contrib=(-0.05714285714,1.305449407E-77)
COSET 14 c=1 d=123 gcd=1 a0=(-4.000000000,4.000000000) 
rho=(0.007142857143,0.007142857143) contrib=(-0.05714285714,-2.953261211E-78)
COSET 14 c=1 d=124 gcd=1 a0=(-4.000000000,4.000000000) 
rho=(0.007142857143,0.007142857143) contrib=(-0.05714285714,1.519040362E-78)
COSET 14 c=1 d=125 gcd=1 a0=(-4.000000000,4.000000000) 
rho=(0.007142857143,0.007142857143) contrib=(-0.05714285714,1.449642579E-78)
COSET 14 c=1 d=126 gcd=1 a0=(-4.000000000,4.000000000) 
rho=(0.007142857143,0.007142857143) contrib=(-0.05714285714,9.091109577E-78)
COSET 14 c=1 d=127 gcd=1 a0=(-4.000000000,4.000000000) 
rho=(0.007142857143,0.007142857143) contrib=(-0.05714285714,2.305548570E-78)
COSET 14 c=1 d=128 gcd=1 a0=(-4.000000000,4.000000000) 
rho=(0.007142857143,0.007142857143) contrib=(-0.05714285714,-1.155858631E-77)
COSET 14 c=1 d=129 gcd=1 a0=(-4.000000000,4.000000000) 
rho=(0.007142857143,0.007142857143) contrib=(-0.05714285714,1.899185996E-77)
COSET 14 c=1 d=130 gcd=1 a0=(-4.000000000,4.000000000) 
rho=(0.007142857143,0.007142857143) contrib=(-0.05714285714,-4.934953460E-78)
COSET 14 c=1 d=131 gcd=1 a0=(-4.000000000,4.000000000) 
rho=(0.007142857143,0.007142857143) contrib=(-0.05714285714,3.538515848E-77)
COSET 14 c=1 d=132 gcd=1 a0=(-4.000000000,4.000000000) 
rho=(0.007142857143,0.007142857143) contrib=(-0.05714285714,-1.273063775E-77)
COSET 14 c=1 d=133 gcd=1 a0=(-4.000000000,4.000000000) 
rho=(0.007142857143,0.007142857143) contrib=(-0.05714285714,-1.495136681E-77)
COSET 14 c=1 d=134 gcd=1 a0=(-4.000000000,4.000000000) 
rho=(0.007142857143,0.007142857143) contrib=(-0.05714285714,-9.314724656E-78)
COSET 14 c=1 d=135 gcd=1 a0=(-4.000000000,4.000000000) 
rho=(0.007142857143,0.007142857143) contrib=(-0.05714285714,-1.064870426E-77)
COSET 14 c=1 d=136 gcd=1 a0=(-4.000000000,4.000000000) 
rho=(0.007142857143,0.007142857143) contrib=(-0.05714285714,-3.451383076E-77)
COSET 14 c=1 d=137 gcd=1 a0=(-4.000000000,4.000000000) 
rho=(0.007142857143,0.007142857143) contrib=(-0.05714285714,-1.232967279E-77)
COSET 14 c=1 d=138 gcd=1 a0=(-4.000000000,4.000000000) 
rho=(0.007142857143,0.007142857143) contrib=(-0.05714285714,3.298476628E-76)
COSET 14 c=1 d=139 gcd=1 a0=(-4.000000000,4.000000000) 
rho=(0.007142857143,0.007142857143) contrib=(-0.05714285714,1.553668074E-71)
COSET 14 c=4 d=1 gcd=4 a0=(4.000000000,1.724404530E-72) 
rho=(0.02857142857,-2.409645244E-81) contrib=(0.1142857143,4.926869121E-74)
COSET 14 c=4 d=3 gcd=4 a0=(-2.900452921E-72,4.000000000) 
rho=(3.855432391E-81,-0.02857142857) contrib=(0.1142857143,8.287009888E-74)
COSET 14 c=4 d=5 gcd=4 a0=(4.000000000,4.518231850E-72) 
rho=(0.02857142857,-2.409645244E-81) contrib=(0.1142857143,1.290923289E-73)
COSET 14 c=4 d=7 gcd=4 a0=(-6.021053570E-72,4.000000000) 
rho=(3.855432391E-81,-0.02857142857) contrib=(0.1142857143,1.720301174E-73)
COSET 14 c=4 d=9 gcd=4 a0=(4.000000000,-1.441085344E-72) 
rho=(0.02857142857,-2.409645244E-81) contrib=(0.1142857143,-4.117387661E-74)
COSET 14 c=4 d=11 gcd=4 a0=(2.162130786E-72,4.000000000) 
rho=(3.855432391E-81,-0.02857142857) contrib=(0.1142857143,-6.177514988E-74)
COSET 14 c=4 d=13 gcd=4 a0=(4.000000000,-8.548787583E-72) 
rho=(0.02857142857,-2.409645244E-81) contrib=(0.1142857143,-2.442510834E-73)
COSET 14 c=4 d=15 gcd=4 a0=(1.188306044E-71,4.000000000) 
rho=(3.855432391E-81,-0.02857142857) contrib=(0.1142857143,-3.395159972E-73)
COSET 14 c=4 d=17 gcd=4 a0=(4.000000000,-3.362818709E-72) 
rho=(0.02857142857,-2.409645244E-81) contrib=(0.1142857143,-9.608054418E-74)
COSET 14 c=4 d=19 gcd=4 a0=(5.839239922E-73,4.000000000) 
rho=(3.855432391E-81,-0.02857142857) contrib=(0.1142857143,-1.668352721E-74)
COSET 14 c=4 d=21 gcd=4 a0=(4.000000000,-1.004010089E-71) 
rho=(0.02857142857,-2.409645244E-81) contrib=(0.1142857143,-2.868600351E-73)
COSET 14 c=4 d=23 gcd=4 a0=(-1.305414569E-71,4.000000000) 
rho=(3.855432391E-81,-0.02857142857) contrib=(0.1142857143,3.729756066E-73)
COSET 14 c=4 d=25 gcd=4 a0=(4.000000000,-7.487354916E-72) 
rho=(0.02857142857,-2.409645244E-81) contrib=(0.1142857143,-2.139244358E-73)
COSET 14 c=4 d=27 gcd=4 a0=(3.079649689E-71,4.000000000) 
rho=(3.855432391E-81,-0.02857142857) contrib=(0.1142857143,-8.798998956E-73)
COSET 14 c=4 d=29 gcd=4 a0=(4.000000000,-9.097128751E-71) 
rho=(0.02857142857,-2.409645244E-81) contrib=(0.1142857143,-2.599179653E-72)
COSET 14 c=4 d=31 gcd=4 a0=(-1.666565205E-71,4.000000000) 
rho=(3.855432391E-81,-0.02857142857) contrib=(0.1142857143,4.761615025E-73)
COSET 14 c=4 d=33 gcd=4 a0=(4.000000000,-5.700939644E-70) 
rho=(0.02857142857,-2.409645244E-81) contrib=(0.1142857143,-1.628839899E-71)
COSET 14 c=4 d=35 gcd=4 a0=(-1.323011175E-71,4.000000000) 
rho=(3.855432391E-81,-0.02857142857) contrib=(0.1142857143,3.780032082E-73)
COSET 14 c=4 d=37 gcd=4 a0=(4.000000000,-2.113895271E-71) 
rho=(0.02857142857,-2.409645244E-81) contrib=(0.1142857143,-6.039700870E-73)
COSET 14 c=4 d=39 gcd=4 a0=(1.567323149E-71,4.000000000) 
rho=(3.855432391E-81,-0.02857142857) contrib=(0.1142857143,-4.478065985E-73)
COSET 14 c=4 d=41 gcd=4 a0=(4.000000000,7.816981935E-71) 
rho=(0.02857142857,-2.409645244E-81) contrib=(0.1142857143,2.233423400E-72)
COSET 14 c=4 d=43 gcd=4 a0=(4.789311886E-71,4.000000000) 
rho=(3.855432391E-81,-0.02857142857) contrib=(0.1142857143,-1.368374809E-72)
COSET 14 c=4 d=45 gcd=4 a0=(4.000000000,-3.013662146E-71) 
rho=(0.02857142857,-2.409645244E-81) contrib=(0.1142857143,-8.610463370E-73)
COSET 14 c=4 d=47 gcd=4 a0=(2.829699635E-71,4.000000000) 
rho=(3.855432391E-81,-0.02857142857) contrib=(0.1142857143,-8.084855946E-73)
COSET 14 c=4 d=49 gcd=4 a0=(4.000000000,-1.222762291E-70) 
rho=(0.02857142857,-2.409645244E-81) contrib=(0.1142857143,-3.493606557E-72)
COSET 14 c=4 d=51 gcd=4 a0=(5.274376400E-72,4.000000000) 
rho=(3.855432391E-81,-0.02857142857) contrib=(0.1142857143,-1.506964532E-73)
COSET 14 c=4 d=53 gcd=4 a0=(4.000000000,-1.121230328E-70) 
rho=(0.02857142857,-2.409645244E-81) contrib=(0.1142857143,-3.203515232E-72)
COSET 14 c=4 d=55 gcd=4 a0=(4.994962272E-71,4.000000000) 
rho=(3.855432391E-81,-0.02857142857) contrib=(0.1142857143,-1.427132062E-72)
COSET 14 c=4 d=57 gcd=4 a0=(4.000000000,-8.636878955E-71) 
rho=(0.02857142857,-2.409645244E-81) contrib=(0.1142857143,-2.467679711E-72)
COSET 14 c=4 d=59 gcd=4 a0=(-8.140763038E-72,4.000000000) 
rho=(3.855432391E-81,-0.02857142857) contrib=(0.1142857143,2.325932451E-73)
COSET 14 c=4 d=61 gcd=4 a0=(4.000000000,1.299207458E-71) 
rho=(0.02857142857,-2.409645244E-81) contrib=(0.1142857143,3.712021211E-73)
COSET 14 c=4 d=63 gcd=4 a0=(1.368292766E-70,4.000000000) 
rho=(3.855432391E-81,-0.02857142857) contrib=(0.1142857143,-3.909407888E-72)
COSET 14 c=4 d=65 gcd=4 a0=(4.000000000,-1.724730389E-71) 
rho=(0.02857142857,-2.409645244E-81) contrib=(0.1142857143,-4.927801208E-73)
COSET 14 c=4 d=67 gcd=4 a0=(1.066019311E-71,4.000000000) 
rho=(3.855432391E-81,-0.02857142857) contrib=(0.1142857143,-3.045769306E-73)
COSET 14 c=4 d=69 gcd=4 a0=(4.000000000,3.907046307E-71) 
rho=(0.02857142857,-2.409645244E-81) contrib=(0.1142857143,1.116298935E-72)
COSET 14 c=7 d=1 gcd=7 a0=(2.000000000,2.000000000) 
rho=(-5.805268376E-82,1.302243826E-81) contrib=(-3.765541328E-81,1.443433977E-8\
1)
COSET 14 c=7 d=2 gcd=7 a0=(2.000000000,2.000000000) 
rho=(1.082988338E-81,1.074172843E-81) contrib=(1.763099046E-83,4.314322361E-81)
COSET 14 c=7 d=3 gcd=7 a0=(2.000000000,2.000000000) 
rho=(-2.263170400E-81,-2.783299996E-82) contrib=(-3.969680800E-81,-5.083000799E\
-81)
COSET 14 c=7 d=4 gcd=7 a0=(2.000000000,2.000000000) 
rho=(2.758838011E-82,2.979771173E-81) contrib=(-5.407774745E-81,6.511309949E-81\
)
COSET 14 c=7 d=5 gcd=7 a0=(-2.000000000,-2.000000000) 
rho=(1.333512021E-81,9.834758726E-83) contrib=(-2.470328867E-81,-2.863719216E-8\
1)
COSET 14 c=7 d=6 gcd=7 a0=(2.000000000,2.000000000) 
rho=(-3.642705897E-82,2.895574681E-81) contrib=(-6.519690541E-81,5.062608182E-8\
1)
COSET 14 c=7 d=8 gcd=7 a0=(2.000000000,2.000000000) 
rho=(-5.805268376E-82,1.302243826E-81) contrib=(-3.765541328E-81,1.443433977E-8\
1)
COSET 14 c=7 d=9 gcd=7 a0=(2.000000000,2.000000000) 
rho=(1.082988338E-81,1.074172843E-81) contrib=(1.763099046E-83,4.314322361E-81)
COSET 14 c=7 d=10 gcd=7 a0=(2.000000000,2.000000000) 
rho=(-2.263170400E-81,-2.783299996E-82) contrib=(-3.969680800E-81,-5.083000799E\
-81)
COSET 14 c=7 d=11 gcd=7 a0=(2.000000000,2.000000000) 
rho=(2.758838011E-82,2.979771173E-81) contrib=(-5.407774745E-81,6.511309949E-81\
)
COSET 14 c=7 d=12 gcd=7 a0=(-2.000000000,-2.000000000) 
rho=(1.333512021E-81,9.834758726E-83) contrib=(-2.470328867E-81,-2.863719216E-8\
1)
COSET 14 c=7 d=13 gcd=7 a0=(2.000000000,2.000000000) 
rho=(-3.642705897E-82,2.895574681E-81) contrib=(-6.519690541E-81,5.062608182E-8\
1)
COSET 14 c=7 d=15 gcd=7 a0=(2.000000000,2.000000000) 
rho=(-5.805268376E-82,1.302243826E-81) contrib=(-3.765541328E-81,1.443433977E-8\
1)
COSET 14 c=7 d=16 gcd=7 a0=(2.000000000,2.000000000) 
rho=(1.082988338E-81,1.074172843E-81) contrib=(1.763099046E-83,4.314322361E-81)
COSET 14 c=7 d=17 gcd=7 a0=(2.000000000,2.000000000) 
rho=(-2.263170400E-81,-2.783299996E-82) contrib=(-3.969680800E-81,-5.083000799E\
-81)
COSET 14 c=7 d=18 gcd=7 a0=(2.000000000,2.000000000) 
rho=(2.758838011E-82,2.979771173E-81) contrib=(-5.407774745E-81,6.511309949E-81\
)
COSET 14 c=7 d=19 gcd=7 a0=(-2.000000000,-2.000000000) 
rho=(1.333512021E-81,9.834758726E-83) contrib=(-2.470328867E-81,-2.863719216E-8\
1)
COSET 14 c=7 d=20 gcd=7 a0=(2.000000000,2.000000000) 
rho=(-3.642705897E-82,2.895574681E-81) contrib=(-6.519690541E-81,5.062608182E-8\
1)
COSET 14 c=7 d=27 gcd=7 a0=(2.000000000,2.000000000) 
rho=(-3.642705897E-82,2.895574681E-81) contrib=(-6.519690541E-81,5.062608182E-8\
1)
COSET 14 c=7 d=34 gcd=7 a0=(2.000000000,2.000000000) 
rho=(-3.642705897E-82,2.895574681E-81) contrib=(-6.519690541E-81,5.062608182E-8\
1)
COSET 14 c=20 d=1 gcd=20 a0=(4.000000000,3.617440274E-73) 
rho=(-0.1428571429,2.602416864E-80) contrib=(-0.5714285714,-5.167761410E-74)
COSET 14 c=20 d=3 gcd=20 a0=(-4.622820317E-73,4.000000000) 
rho=(5.783148586E-81,0.1428571429) contrib=(-0.5714285714,-6.604026711E-74)
COSET 14 c=20 d=7 gcd=20 a0=(2.064916897E-73,4.000000000) 
rho=(7.710864781E-81,0.1428571429) contrib=(-0.5714285714,2.949884366E-74)
COSET 14 c=20 d=9 gcd=20 a0=(4.000000000,1.980789505E-73) 
rho=(-0.1428571429,-4.819290488E-81) contrib=(-0.5714285714,-2.829701221E-74)
COSET 14 c=20 d=11 gcd=20 a0=(-6.824780117E-73,-4.000000000) 
rho=(-1.927716195E-81,-0.1428571429) contrib=(-0.5714285714,9.749686652E-74)
COSET 14 c=20 d=13 gcd=20 a0=(4.000000000,-1.452943662E-73) 
rho=(-0.1428571429,-2.024102005E-80) contrib=(-0.5714285714,2.075625706E-74)
COSET 14 c=20 d=19 gcd=20 a0=(3.158134275E-73,4.000000000) 
rho=(-2.891574293E-80,0.1428571429) contrib=(-0.5714285714,4.511608827E-74)
COSET 14 c=28 d=1 gcd=28 a0=(8.000000000,3.173716262E-74) 
rho=(1.367850183E-80,7.240230945E-81) contrib=(1.094280146E-79,5.792184756E-80)
COSET 14 c=28 d=3 gcd=28 a0=(-9.426412494E-73,-8.000000000) 
rho=(4.785404852E-81,2.927342465E-81) contrib=(2.341873972E-80,-3.828323882E-80\
)
COSET 14 c=28 d=5 gcd=28 a0=(-8.000000000,-7.597852665E-73) 
rho=(5.628093312E-82,1.985504322E-81) contrib=(-4.502474649E-81,-1.588403458E-8\
0)
COSET 14 c=28 d=9 gcd=28 a0=(8.000000000,3.834046432E-74) 
rho=(3.714242240E-81,2.123499872E-81) contrib=(2.971393792E-80,1.698799897E-80)
COSET 14 c=28 d=17 gcd=28 a0=(8.000000000,1.713820725E-72) 
rho=(-5.075785929E-81,-2.558836170E-81) contrib=(-4.060628743E-80,-2.047068936E\
-80)
COSET 14 c=35 d=1 gcd=35 a0=(2.000000000,2.000000000) 
rho=(1.512617151E-80,-2.772974566E-81) contrib=(3.579829216E-80,2.470639389E-80\
)
COSET 14 c=35 d=2 gcd=35 a0=(-2.000000000,-2.000000000) 
rho=(5.161413766E-81,4.461858628E-81) contrib=(-1.399110276E-81,-1.924654479E-8\
0)
COSET 14 c=35 d=3 gcd=35 a0=(2.000000000,2.000000000) 
rho=(-3.915673522E-82,6.515454836E-81) contrib=(-1.381404438E-80,1.224777497E-8\
0)
COSET 14 c=35 d=4 gcd=35 a0=(2.000000000,2.000000000) 
rho=(-1.063161232E-81,-4.362753213E-81) contrib=(6.599183961E-81,-1.085182889E-\
80)
FORM 15:
  c_eta(0)[1] (trivial) = 2.01227825405E-66 + 5.34653321810E-67 i   (half: 
1.00613912702E-66)
  c_eta(0)[2] = -8.00000000000 + 4.20250488152E-67 i   (half: -4.00000000000)
  c_eta(0)[3] = -8.00000000000 + 4.20250488152E-67 i   (half: -4.00000000000)
  c_eta(0)[4] = -8.00000000000 + 4.20250488152E-67 i   (half: -4.00000000000)
  c_eta(0)[5] = -8.00000000000 + 4.20250488152E-67 i   (half: -4.00000000000)
  c_eta(0)[6] = -8.00000000000 + 4.20250488152E-67 i   (half: -4.00000000000)
  c_eta(0)[7] = -8.00000000000 + 4.20250488152E-67 i   (half: -4.00000000000)
  c_eta(0)[8] = -8.00000000000 + 4.20250488152E-67 i   (half: -4.00000000000)
  c_eta(0)[9] = -8.00000000000 + 4.20250488152E-67 i   (half: -4.00000000000)
  c_eta(0)[10] = -8.00000000000 + 4.20250488152E-67 i   (half: -4.00000000000)
  c_eta(0)[11] = -8.00000000000 + 4.20250488152E-67 i   (half: -4.00000000000)
  c_eta(0)[12] = -8.00000000000 + 4.20250488152E-67 i   (half: -4.00000000000)
  c_eta(0)[13] = -8.00000000000 + 4.20250488152E-67 i   (half: -4.00000000000)
COSET 15 c=1 d=0 gcd=1 a0=(-3.000000000,3.000000000) 
rho=(0.007142857143,0.007142857143) contrib=(-0.04285714286,-1.320647567E-67)
COSET 15 c=1 d=1 gcd=1 a0=(-3.000000000,3.000000000) 
rho=(0.007142857143,0.007142857143) contrib=(-0.04285714286,-4.550034986E-72)
COSET 15 c=1 d=2 gcd=1 a0=(-3.000000000,3.000000000) 
rho=(0.007142857143,0.007142857143) contrib=(-0.04285714286,5.313168293E-74)
COSET 15 c=1 d=3 gcd=1 a0=(-3.000000000,3.000000000) 
rho=(0.007142857143,0.007142857143) contrib=(-0.04285714286,5.673222498E-75)
COSET 15 c=1 d=4 gcd=1 a0=(-3.000000000,3.000000000) 
rho=(0.007142857143,0.007142857143) contrib=(-0.04285714286,-3.541322603E-75)
COSET 15 c=1 d=5 gcd=1 a0=(-3.000000000,3.000000000) 
rho=(0.007142857143,0.007142857143) contrib=(-0.04285714286,6.431231349E-75)
COSET 15 c=1 d=6 gcd=1 a0=(-3.000000000,3.000000000) 
rho=(0.007142857143,0.007142857143) contrib=(-0.04285714286,3.659761486E-75)
COSET 15 c=1 d=7 gcd=1 a0=(-3.000000000,3.000000000) 
rho=(0.007142857143,0.007142857143) contrib=(-0.04285714286,-3.592646119E-76)
COSET 15 c=1 d=8 gcd=1 a0=(-3.000000000,3.000000000) 
rho=(0.007142857143,0.007142857143) contrib=(-0.04285714286,7.303731121E-76)
COSET 15 c=1 d=9 gcd=1 a0=(-3.000000000,3.000000000) 
rho=(0.007142857143,0.007142857143) contrib=(-0.04285714286,-1.188336793E-75)
COSET 15 c=1 d=10 gcd=1 a0=(-3.000000000,3.000000000) 
rho=(0.007142857143,0.007142857143) contrib=(-0.04285714286,3.197849842E-76)
COSET 15 c=1 d=11 gcd=1 a0=(-3.000000000,3.000000000) 
rho=(0.007142857143,0.007142857143) contrib=(-0.04285714286,2.526696172E-76)
COSET 15 c=1 d=12 gcd=1 a0=(-3.000000000,3.000000000) 
rho=(0.007142857143,0.007142857143) contrib=(-0.04285714286,-2.329298033E-76)
COSET 15 c=1 d=13 gcd=1 a0=(-3.000000000,3.000000000) 
rho=(0.007142857143,0.007142857143) contrib=(-0.04285714286,3.790044257E-76)
COSET 15 c=1 d=14 gcd=1 a0=(-3.000000000,3.000000000) 
rho=(0.007142857143,0.007142857143) contrib=(-0.04285714286,9.080314367E-77)
COSET 15 c=1 d=15 gcd=1 a0=(-3.000000000,3.000000000) 
rho=(0.007142857143,0.007142857143) contrib=(-0.04285714286,-1.500225852E-76)
COSET 15 c=1 d=16 gcd=1 a0=(-3.000000000,3.000000000) 
rho=(0.007142857143,0.007142857143) contrib=(-0.04285714286,1.342307341E-76)
COSET 15 c=1 d=17 gcd=1 a0=(-3.000000000,3.000000000) 
rho=(0.007142857143,0.007142857143) contrib=(-0.04285714286,9.948866176E-76)
COSET 15 c=1 d=18 gcd=1 a0=(-3.000000000,3.000000000) 
rho=(0.007142857143,0.007142857143) contrib=(-0.04285714286,-7.501129259E-77)
COSET 15 c=1 d=19 gcd=1 a0=(-3.000000000,3.000000000) 
rho=(0.007142857143,0.007142857143) contrib=(-0.04285714286,-2.404309326E-75)
COSET 15 c=1 d=20 gcd=1 a0=(-3.000000000,3.000000000) 
rho=(0.007142857143,0.007142857143) contrib=(-0.04285714286,1.050158096E-75)
COSET 15 c=1 d=21 gcd=1 a0=(-3.000000000,3.000000000) 
rho=(0.007142857143,0.007142857143) contrib=(-0.04285714286,4.461197928E-76)
COSET 15 c=1 d=22 gcd=1 a0=(-3.000000000,3.000000000) 
rho=(0.007142857143,0.007142857143) contrib=(-0.04285714286,-9.672508782E-76)
COSET 15 c=1 d=23 gcd=1 a0=(-3.000000000,3.000000000) 
rho=(0.007142857143,0.007142857143) contrib=(-0.04285714286,2.487216544E-76)
COSET 15 c=1 d=24 gcd=1 a0=(-3.000000000,3.000000000) 
rho=(0.007142857143,0.007142857143) contrib=(-0.04285714286,1.476538075E-75)
COSET 15 c=1 d=25 gcd=1 a0=(-3.000000000,3.000000000) 
rho=(0.007142857143,0.007142857143) contrib=(-0.04285714286,2.684614682E-76)
COSET 15 c=1 d=26 gcd=1 a0=(-3.000000000,3.000000000) 
rho=(0.007142857143,0.007142857143) contrib=(-0.04285714286,-4.026922023E-76)
COSET 15 c=1 d=27 gcd=1 a0=(-3.000000000,3.000000000) 
rho=(0.007142857143,0.007142857143) contrib=(-0.04285714286,-1.950293607E-75)
COSET 15 c=1 d=28 gcd=1 a0=(-3.000000000,3.000000000) 
rho=(0.007142857143,0.007142857143) contrib=(-0.04285714286,-1.685780102E-75)
COSET 15 c=1 d=29 gcd=1 a0=(-3.000000000,3.000000000) 
rho=(0.007142857143,0.007142857143) contrib=(-0.04285714286,-1.697623990E-75)
COSET 15 c=1 d=30 gcd=1 a0=(-3.000000000,3.000000000) 
rho=(0.007142857143,0.007142857143) contrib=(-0.04285714286,3.987442396E-76)
COSET 15 c=1 d=31 gcd=1 a0=(-3.000000000,3.000000000) 
rho=(0.007142857143,0.007142857143) contrib=(-0.04285714286,-9.040834739E-76)
COSET 15 c=1 d=32 gcd=1 a0=(-3.000000000,3.000000000) 
rho=(0.007142857143,0.007142857143) contrib=(-0.04285714286,8.803956973E-76)
COSET 15 c=1 d=33 gcd=1 a0=(-3.000000000,3.000000000) 
rho=(0.007142857143,0.007142857143) contrib=(-0.04285714286,-3.869003513E-76)
COSET 15 c=1 d=34 gcd=1 a0=(-3.000000000,3.000000000) 
rho=(0.007142857143,0.007142857143) contrib=(-0.04285714286,1.022917153E-74)
COSET 15 c=1 d=35 gcd=1 a0=(-3.000000000,3.000000000) 
rho=(0.007142857143,0.007142857143) contrib=(-0.04285714286,-3.612385933E-75)
COSET 15 c=1 d=36 gcd=1 a0=(-3.000000000,3.000000000) 
rho=(0.007142857143,0.007142857143) contrib=(-0.04285714286,-4.184840534E-75)
COSET 15 c=1 d=37 gcd=1 a0=(-3.000000000,3.000000000) 
rho=(0.007142857143,0.007142857143) contrib=(-0.04285714286,-1.417318634E-75)
COSET 15 c=1 d=38 gcd=1 a0=(-3.000000000,3.000000000) 
rho=(0.007142857143,0.007142857143) contrib=(-0.04285714286,1.717363804E-75)
COSET 15 c=1 d=39 gcd=1 a0=(-3.000000000,3.000000000) 
rho=(0.007142857143,0.007142857143) contrib=(-0.04285714286,-5.057340306E-75)
COSET 15 c=1 d=40 gcd=1 a0=(-3.000000000,3.000000000) 
rho=(0.007142857143,0.007142857143) contrib=(-0.04285714286,3.087306885E-75)
COSET 15 c=1 d=41 gcd=1 a0=(-3.000000000,3.000000000) 
rho=(0.007142857143,0.007142857143) contrib=(-0.04285714286,-3.359716316E-75)
COSET 15 c=1 d=42 gcd=1 a0=(-3.000000000,3.000000000) 
rho=(0.007142857143,0.007142857143) contrib=(-0.04285714286,-1.496277889E-75)
COSET 15 c=1 d=43 gcd=1 a0=(-3.000000000,3.000000000) 
rho=(0.007142857143,0.007142857143) contrib=(-0.04285714286,2.147691746E-75)
COSET 15 c=1 d=44 gcd=1 a0=(-3.000000000,3.000000000) 
rho=(0.007142857143,0.007142857143) contrib=(-0.04285714286,-4.958641237E-75)
COSET 15 c=1 d=45 gcd=1 a0=(-3.000000000,3.000000000) 
rho=(0.007142857143,0.007142857143) contrib=(-0.04285714286,1.358099192E-75)
COSET 15 c=1 d=46 gcd=1 a0=(-3.000000000,3.000000000) 
rho=(0.007142857143,0.007142857143) contrib=(-0.04285714286,-4.382238673E-76)
COSET 15 c=1 d=47 gcd=1 a0=(-3.000000000,3.000000000) 
rho=(0.007142857143,0.007142857143) contrib=(-0.04285714286,1.168596979E-75)
COSET 15 c=1 d=48 gcd=1 a0=(-3.000000000,3.000000000) 
rho=(0.007142857143,0.007142857143) contrib=(-0.04285714286,-1.144909203E-75)
COSET 15 c=1 d=49 gcd=1 a0=(-3.000000000,3.000000000) 
rho=(0.007142857143,0.007142857143) contrib=(-0.04285714286,6.936570583E-75)
COSET 15 c=1 d=50 gcd=1 a0=(-3.000000000,3.000000000) 
rho=(0.007142857143,0.007142857143) contrib=(-0.04285714286,-1.062001985E-75)
COSET 15 c=1 d=51 gcd=1 a0=(-3.000000000,3.000000000) 
rho=(0.007142857143,0.007142857143) contrib=(-0.04285714286,5.590315279E-75)
COSET 15 c=1 d=52 gcd=1 a0=(-3.000000000,3.000000000) 
rho=(0.007142857143,0.007142857143) contrib=(-0.04285714286,-1.393630857E-75)
COSET 15 c=1 d=53 gcd=1 a0=(-3.000000000,3.000000000) 
rho=(0.007142857143,0.007142857143) contrib=(-0.04285714286,1.421266597E-76)
COSET 15 c=1 d=54 gcd=1 a0=(-3.000000000,3.000000000) 
rho=(0.007142857143,0.007142857143) contrib=(-0.04285714286,-1.812114910E-75)
COSET 15 c=1 d=55 gcd=1 a0=(-3.000000000,3.000000000) 
rho=(0.007142857143,0.007142857143) contrib=(-0.04285714286,1.329673860E-74)
COSET 15 c=1 d=56 gcd=1 a0=(-3.000000000,3.000000000) 
rho=(0.007142857143,0.007142857143) contrib=(-0.04285714286,1.388103709E-74)
COSET 15 c=1 d=57 gcd=1 a0=(-3.000000000,3.000000000) 
rho=(0.007142857143,0.007142857143) contrib=(-0.04285714286,4.401978486E-75)
COSET 15 c=1 d=58 gcd=1 a0=(-3.000000000,3.000000000) 
rho=(0.007142857143,0.007142857143) contrib=(-0.04285714286,1.867386389E-75)
COSET 15 c=1 d=59 gcd=1 a0=(-3.000000000,3.000000000) 
rho=(0.007142857143,0.007142857143) contrib=(-0.04285714286,7.461649631E-76)
COSET 15 c=1 d=60 gcd=1 a0=(-3.000000000,3.000000000) 
rho=(0.007142857143,0.007142857143) contrib=(-0.04285714286,9.198753249E-76)
COSET 15 c=1 d=61 gcd=1 a0=(-3.000000000,3.000000000) 
rho=(0.007142857143,0.007142857143) contrib=(-0.04285714286,-3.592646119E-76)
COSET 15 c=1 d=62 gcd=1 a0=(-3.000000000,3.000000000) 
rho=(0.007142857143,0.007142857143) contrib=(-0.04285714286,-8.448640324E-76)
COSET 15 c=1 d=63 gcd=1 a0=(-3.000000000,3.000000000) 
rho=(0.007142857143,0.007142857143) contrib=(-0.04285714286,-1.322567527E-75)
COSET 15 c=1 d=64 gcd=1 a0=(-3.000000000,3.000000000) 
rho=(0.007142857143,0.007142857143) contrib=(-0.04285714286,5.527147875E-77)
COSET 15 c=1 d=65 gcd=1 a0=(-3.000000000,3.000000000) 
rho=(0.007142857143,0.007142857143) contrib=(-0.04285714286,1.658144363E-75)
COSET 15 c=1 d=66 gcd=1 a0=(-3.000000000,3.000000000) 
rho=(0.007142857143,0.007142857143) contrib=(-0.04285714286,2.254286741E-75)
COSET 15 c=1 d=67 gcd=1 a0=(-3.000000000,3.000000000) 
rho=(0.007142857143,0.007142857143) contrib=(-0.04285714286,6.916830770E-75)
COSET 15 c=1 d=68 gcd=1 a0=(-3.000000000,3.000000000) 
rho=(0.007142857143,0.007142857143) contrib=(-0.04285714286,9.692248595E-75)
COSET 15 c=1 d=69 gcd=1 a0=(-3.000000000,3.000000000) 
rho=(0.007142857143,0.007142857143) contrib=(-0.04285714286,5.439503102E-74)
COSET 15 c=1 d=70 gcd=1 a0=(-3.000000000,3.000000000) 
rho=(0.007142857143,0.007142857143) contrib=(-0.04285714286,2.492783171E-73)
COSET 15 c=1 d=71 gcd=1 a0=(-3.000000000,3.000000000) 
rho=(0.007142857143,0.007142857143) contrib=(-0.04285714286,9.123741957E-75)
COSET 15 c=1 d=72 gcd=1 a0=(-3.000000000,3.000000000) 
rho=(0.007142857143,0.007142857143) contrib=(-0.04285714286,-2.613551352E-75)
COSET 15 c=1 d=73 gcd=1 a0=(-3.000000000,3.000000000) 
rho=(0.007142857143,0.007142857143) contrib=(-0.04285714286,-2.424049139E-75)
COSET 15 c=1 d=74 gcd=1 a0=(-3.000000000,3.000000000) 
rho=(0.007142857143,0.007142857143) contrib=(-0.04285714286,-7.603776291E-75)
COSET 15 c=1 d=75 gcd=1 a0=(-3.000000000,3.000000000) 
rho=(0.007142857143,0.007142857143) contrib=(-0.04285714286,5.819297120E-75)
COSET 15 c=1 d=76 gcd=1 a0=(-3.000000000,3.000000000) 
rho=(0.007142857143,0.007142857143) contrib=(-0.04285714286,4.579636811E-75)
COSET 15 c=1 d=77 gcd=1 a0=(-3.000000000,3.000000000) 
rho=(0.007142857143,0.007142857143) contrib=(-0.04285714286,-4.437510151E-75)
COSET 15 c=1 d=78 gcd=1 a0=(-3.000000000,3.000000000) 
rho=(0.007142857143,0.007142857143) contrib=(-0.04285714286,-3.908483140E-76)
COSET 15 c=1 d=79 gcd=1 a0=(-3.000000000,3.000000000) 
rho=(0.007142857143,0.007142857143) contrib=(-0.04285714286,7.919613313E-75)
COSET 15 c=1 d=80 gcd=1 a0=(-3.000000000,3.000000000) 
rho=(0.007142857143,0.007142857143) contrib=(-0.04285714286,8.906604005E-75)
COSET 15 c=1 d=81 gcd=1 a0=(-3.000000000,3.000000000) 
rho=(0.007142857143,0.007142857143) contrib=(-0.04285714286,2.459580805E-75)
COSET 15 c=1 d=82 gcd=1 a0=(-3.000000000,3.000000000) 
rho=(0.007142857143,0.007142857143) contrib=(-0.04285714286,-4.236164050E-75)
COSET 15 c=1 d=83 gcd=1 a0=(-3.000000000,3.000000000) 
rho=(0.007142857143,0.007142857143) contrib=(-0.04285714286,1.389288098E-74)
COSET 15 c=1 d=84 gcd=1 a0=(-3.000000000,3.000000000) 
rho=(0.007142857143,0.007142857143) contrib=(-0.04285714286,9.475110643E-77)
COSET 15 c=1 d=85 gcd=1 a0=(-3.000000000,3.000000000) 
rho=(0.007142857143,0.007142857143) contrib=(-0.04285714286,2.513667894E-74)
COSET 15 c=1 d=86 gcd=1 a0=(-3.000000000,3.000000000) 
rho=(0.007142857143,0.007142857143) contrib=(-0.04285714286,-3.754512592E-75)
COSET 15 c=1 d=87 gcd=1 a0=(-3.000000000,3.000000000) 
rho=(0.007142857143,0.007142857143) contrib=(-0.04285714286,2.108212118E-75)
COSET 15 c=1 d=88 gcd=1 a0=(-3.000000000,3.000000000) 
rho=(0.007142857143,0.007142857143) contrib=(-0.04285714286,8.934239744E-75)
COSET 15 c=1 d=89 gcd=1 a0=(-3.000000000,3.000000000) 
rho=(0.007142857143,0.007142857143) contrib=(-0.04285714286,1.377839006E-75)
COSET 15 c=1 d=90 gcd=1 a0=(-3.000000000,3.000000000) 
rho=(0.007142857143,0.007142857143) contrib=(-0.04285714286,8.685518090E-77)
COSET 15 c=1 d=91 gcd=1 a0=(-3.000000000,3.000000000) 
rho=(0.007142857143,0.007142857143) contrib=(-0.04285714286,1.672751825E-74)
COSET 15 c=1 d=92 gcd=1 a0=(-3.000000000,3.000000000) 
rho=(0.007142857143,0.007142857143) contrib=(-0.04285714286,1.489171556E-74)
COSET 15 c=1 d=93 gcd=1 a0=(-3.000000000,3.000000000) 
rho=(0.007142857143,0.007142857143) contrib=(-0.04285714286,7.627464068E-75)
COSET 15 c=1 d=94 gcd=1 a0=(-3.000000000,3.000000000) 
rho=(0.007142857143,0.007142857143) contrib=(-0.04285714286,-3.280757060E-74)
COSET 15 c=1 d=95 gcd=1 a0=(-3.000000000,3.000000000) 
rho=(0.007142857143,0.007142857143) contrib=(-0.04285714286,-5.369229365E-76)
COSET 15 c=1 d=96 gcd=1 a0=(-3.000000000,3.000000000) 
rho=(0.007142857143,0.007142857143) contrib=(-0.04285714286,-1.252293790E-74)
COSET 15 c=1 d=97 gcd=1 a0=(-3.000000000,3.000000000) 
rho=(0.007142857143,0.007142857143) contrib=(-0.04285714286,-7.106332982E-76)
COSET 15 c=1 d=98 gcd=1 a0=(-3.000000000,3.000000000) 
rho=(0.007142857143,0.007142857143) contrib=(-0.04285714286,1.044236152E-74)
COSET 15 c=1 d=99 gcd=1 a0=(-3.000000000,3.000000000) 
rho=(0.007142857143,0.007142857143) contrib=(-0.04285714286,2.238494889E-75)
COSET 15 c=1 d=100 gcd=1 a0=(-3.000000000,3.000000000) 
rho=(0.007142857143,0.007142857143) contrib=(-0.04285714286,-4.046661837E-75)
COSET 15 c=1 d=101 gcd=1 a0=(-3.000000000,3.000000000) 
rho=(0.007142857143,0.007142857143) contrib=(-0.04285714286,-2.190329744E-74)
COSET 15 c=1 d=102 gcd=1 a0=(-3.000000000,3.000000000) 
rho=(0.007142857143,0.007142857143) contrib=(-0.04285714286,-7.023425764E-75)
COSET 15 c=1 d=103 gcd=1 a0=(-3.000000000,3.000000000) 
rho=(0.007142857143,0.007142857143) contrib=(-0.04285714286,-1.925026646E-74)
COSET 15 c=1 d=104 gcd=1 a0=(-3.000000000,3.000000000) 
rho=(0.007142857143,0.007142857143) contrib=(-0.04285714286,-2.195067299E-75)
COSET 15 c=1 d=105 gcd=1 a0=(-3.000000000,3.000000000) 
rho=(0.007142857143,0.007142857143) contrib=(-0.04285714286,2.192303725E-74)
COSET 15 c=1 d=106 gcd=1 a0=(-3.000000000,3.000000000) 
rho=(0.007142857143,0.007142857143) contrib=(-0.04285714286,5.408708992E-76)
COSET 15 c=1 d=107 gcd=1 a0=(-3.000000000,3.000000000) 
rho=(0.007142857143,0.007142857143) contrib=(-0.04285714286,4.082193502E-75)
COSET 15 c=1 d=108 gcd=1 a0=(-3.000000000,3.000000000) 
rho=(0.007142857143,0.007142857143) contrib=(-0.04285714286,3.159949400E-74)
COSET 15 c=1 d=109 gcd=1 a0=(-3.000000000,3.000000000) 
rho=(0.007142857143,0.007142857143) contrib=(-0.04285714286,1.117668260E-74)
COSET 15 c=1 d=110 gcd=1 a0=(-3.000000000,3.000000000) 
rho=(0.007142857143,0.007142857143) contrib=(-0.04285714286,-2.559069466E-74)
COSET 15 c=1 d=111 gcd=1 a0=(-3.000000000,3.000000000) 
rho=(0.007142857143,0.007142857143) contrib=(-0.04285714286,-5.121297303E-74)
COSET 15 c=1 d=112 gcd=1 a0=(-3.000000000,3.000000000) 
rho=(0.007142857143,0.007142857143) contrib=(-0.04285714286,1.176098109E-74)
COSET 15 c=1 d=113 gcd=1 a0=(-3.000000000,3.000000000) 
rho=(0.007142857143,0.007142857143) contrib=(-0.04285714286,4.443826892E-74)
COSET 15 c=1 d=114 gcd=1 a0=(-3.000000000,3.000000000) 
rho=(0.007142857143,0.007142857143) contrib=(-0.04285714286,-8.172282930E-76)
COSET 15 c=1 d=115 gcd=1 a0=(-3.000000000,3.000000000) 
rho=(0.007142857143,0.007142857143) contrib=(-0.04285714286,2.469055915E-74)
COSET 15 c=1 d=116 gcd=1 a0=(-3.000000000,3.000000000) 
rho=(0.007142857143,0.007142857143) contrib=(-0.04285714286,-2.604471038E-74)
COSET 15 c=1 d=117 gcd=1 a0=(-3.000000000,3.000000000) 
rho=(0.007142857143,0.007142857143) contrib=(-0.04285714286,-1.962532292E-74)
COSET 15 c=1 d=118 gcd=1 a0=(-3.000000000,3.000000000) 
rho=(0.007142857143,0.007142857143) contrib=(-0.04285714286,1.508516574E-74)
COSET 15 c=1 d=119 gcd=1 a0=(-3.000000000,3.000000000) 
rho=(0.007142857143,0.007142857143) contrib=(-0.04285714286,1.195048330E-74)
COSET 15 c=1 d=120 gcd=1 a0=(-3.000000000,3.000000000) 
rho=(0.007142857143,0.007142857143) contrib=(-0.04285714286,-6.293052652E-75)
COSET 15 c=1 d=121 gcd=1 a0=(-3.000000000,3.000000000) 
rho=(0.007142857143,0.007142857143) contrib=(-0.04285714286,5.044312029E-74)
COSET 15 c=1 d=122 gcd=1 a0=(-3.000000000,3.000000000) 
rho=(0.007142857143,0.007142857143) contrib=(-0.04285714286,1.397578820E-74)
COSET 15 c=1 d=123 gcd=1 a0=(-3.000000000,3.000000000) 
rho=(0.007142857143,0.007142857143) contrib=(-0.04285714286,-4.125621092E-75)
COSET 15 c=1 d=124 gcd=1 a0=(-3.000000000,3.000000000) 
rho=(0.007142857143,0.007142857143) contrib=(-0.04285714286,-1.160701054E-75)
COSET 15 c=1 d=125 gcd=1 a0=(-3.000000000,3.000000000) 
rho=(0.007142857143,0.007142857143) contrib=(-0.04285714286,9.601445452E-75)
COSET 15 c=1 d=126 gcd=1 a0=(-3.000000000,3.000000000) 
rho=(0.007142857143,0.007142857143) contrib=(-0.04285714286,1.445349169E-74)
COSET 15 c=1 d=127 gcd=1 a0=(-3.000000000,3.000000000) 
rho=(0.007142857143,0.007142857143) contrib=(-0.04285714286,6.751016333E-76)
COSET 15 c=1 d=128 gcd=1 a0=(-3.000000000,3.000000000) 
rho=(0.007142857143,0.007142857143) contrib=(-0.04285714286,-1.230185198E-74)
COSET 15 c=1 d=129 gcd=1 a0=(-3.000000000,3.000000000) 
rho=(0.007142857143,0.007142857143) contrib=(-0.04285714286,2.731990236E-75)
COSET 15 c=1 d=130 gcd=1 a0=(-3.000000000,3.000000000) 
rho=(0.007142857143,0.007142857143) contrib=(-0.04285714286,1.200180681E-75)
COSET 15 c=1 d=131 gcd=1 a0=(-3.000000000,3.000000000) 
rho=(0.007142857143,0.007142857143) contrib=(-0.04285714286,2.286660035E-74)
COSET 15 c=1 d=132 gcd=1 a0=(-3.000000000,3.000000000) 
rho=(0.007142857143,0.007142857143) contrib=(-0.04285714286,-7.781434616E-75)
COSET 15 c=1 d=133 gcd=1 a0=(-3.000000000,3.000000000) 
rho=(0.007142857143,0.007142857143) contrib=(-0.04285714286,-1.619059531E-74)
COSET 15 c=1 d=134 gcd=1 a0=(-3.000000000,3.000000000) 
rho=(0.007142857143,0.007142857143) contrib=(-0.04285714286,1.417318634E-75)
COSET 15 c=1 d=135 gcd=1 a0=(-3.000000000,3.000000000) 
rho=(0.007142857143,0.007142857143) contrib=(-0.04285714286,-1.682226935E-74)
COSET 15 c=1 d=136 gcd=1 a0=(-3.000000000,3.000000000) 
rho=(0.007142857143,0.007142857143) contrib=(-0.04285714286,-3.221142822E-74)
COSET 15 c=1 d=137 gcd=1 a0=(-3.000000000,3.000000000) 
rho=(0.007142857143,0.007142857143) contrib=(-0.04285714286,-1.633666993E-74)
COSET 15 c=1 d=138 gcd=1 a0=(-3.000000000,3.000000000) 
rho=(0.007142857143,0.007142857143) contrib=(-0.04285714286,3.610530390E-73)
COSET 15 c=1 d=139 gcd=1 a0=(-3.000000000,3.000000000) 
rho=(0.007142857143,0.007142857143) contrib=(-0.04285714286,1.730667917E-68)
COSET 15 c=4 d=1 gcd=4 a0=(4.000000000,-1.366462770E-68) 
rho=(0.02857142857,-2.409645244E-81) contrib=(0.1142857143,-3.904179342E-70)
COSET 15 c=4 d=3 gcd=4 a0=(2.326421124E-68,4.000000000) 
rho=(3.855432391E-81,-0.02857142857) contrib=(0.1142857143,-6.646917496E-70)
COSET 15 c=4 d=5 gcd=4 a0=(4.000000000,-3.164437500E-68) 
rho=(0.02857142857,-2.409645244E-81) contrib=(0.1142857143,-9.041250001E-70)
COSET 15 c=4 d=7 gcd=4 a0=(4.918879512E-68,4.000000000) 
rho=(3.855432391E-81,-0.02857142857) contrib=(0.1142857143,-1.405394146E-69)
COSET 15 c=4 d=9 gcd=4 a0=(4.000000000,1.057272800E-68) 
rho=(0.02857142857,-2.409645244E-81) contrib=(0.1142857143,3.020779427E-70)
COSET 15 c=4 d=11 gcd=4 a0=(-2.331234233E-68,4.000000000) 
rho=(3.855432391E-81,-0.02857142857) contrib=(0.1142857143,6.660669237E-70)
COSET 15 c=4 d=13 gcd=4 a0=(4.000000000,6.391076063E-68) 
rho=(0.02857142857,-2.409645244E-81) contrib=(0.1142857143,1.826021732E-69)
COSET 15 c=4 d=15 gcd=4 a0=(-9.545509860E-68,4.000000000) 
rho=(3.855432391E-81,-0.02857142857) contrib=(0.1142857143,2.727288531E-69)
COSET 15 c=4 d=17 gcd=4 a0=(4.000000000,2.557215741E-68) 
rho=(0.02857142857,-2.409645244E-81) contrib=(0.1142857143,7.306330688E-70)
COSET 15 c=4 d=19 gcd=4 a0=(-3.962797241E-69,4.000000000) 
rho=(3.855432391E-81,-0.02857142857) contrib=(0.1142857143,1.132227783E-70)
COSET 15 c=4 d=21 gcd=4 a0=(4.000000000,6.076273638E-68) 
rho=(0.02857142857,-2.409645244E-81) contrib=(0.1142857143,1.736078182E-69)
COSET 15 c=4 d=23 gcd=4 a0=(1.107101926E-67,4.000000000) 
rho=(3.855432391E-81,-0.02857142857) contrib=(0.1142857143,-3.163148360E-69)
COSET 15 c=4 d=25 gcd=4 a0=(4.000000000,6.797529775E-68) 
rho=(0.02857142857,-2.409645244E-81) contrib=(0.1142857143,1.942151364E-69)
COSET 15 c=4 d=27 gcd=4 a0=(-2.095066634E-67,4.000000000) 
rho=(3.855432391E-81,-0.02857142857) contrib=(0.1142857143,5.985904670E-69)
COSET 15 c=4 d=29 gcd=4 a0=(4.000000000,6.638479530E-67) 
rho=(0.02857142857,-2.409645244E-81) contrib=(0.1142857143,1.896708437E-68)
COSET 15 c=4 d=31 gcd=4 a0=(1.293959077E-67,4.000000000) 
rho=(3.855432391E-81,-0.02857142857) contrib=(0.1142857143,-3.697025936E-69)
COSET 15 c=4 d=33 gcd=4 a0=(4.000000000,4.184058463E-66) 
rho=(0.02857142857,-2.409645244E-81) contrib=(0.1142857143,1.195445275E-67)
COSET 15 c=4 d=35 gcd=4 a0=(1.171798399E-67,4.000000000) 
rho=(3.855432391E-81,-0.02857142857) contrib=(0.1142857143,-3.347995425E-69)
COSET 15 c=4 d=37 gcd=4 a0=(4.000000000,1.410124582E-67) 
rho=(0.02857142857,-2.409645244E-81) contrib=(0.1142857143,4.028927377E-69)
COSET 15 c=4 d=39 gcd=4 a0=(-1.512968087E-67,4.000000000) 
rho=(3.855432391E-81,-0.02857142857) contrib=(0.1142857143,4.322765964E-69)
COSET 15 c=4 d=41 gcd=4 a0=(4.000000000,-6.341449703E-67) 
rho=(0.02857142857,-2.409645244E-81) contrib=(0.1142857143,-1.811842772E-68)
COSET 15 c=4 d=43 gcd=4 a0=(-3.700035546E-67,4.000000000) 
rho=(3.855432391E-81,-0.02857142857) contrib=(0.1142857143,1.057153013E-68)
COSET 15 c=4 d=45 gcd=4 a0=(4.000000000,2.345280771E-67) 
rho=(0.02857142857,-2.409645244E-81) contrib=(0.1142857143,6.700802204E-69)
COSET 15 c=4 d=47 gcd=4 a0=(-1.704533127E-67,4.000000000) 
rho=(3.855432391E-81,-0.02857142857) contrib=(0.1142857143,4.870094647E-69)
COSET 15 c=4 d=49 gcd=4 a0=(4.000000000,9.072801142E-67) 
rho=(0.02857142857,-2.409645244E-81) contrib=(0.1142857143,2.592228898E-68)
COSET 15 c=4 d=51 gcd=4 a0=(-4.156649652E-68,4.000000000) 
rho=(3.855432391E-81,-0.02857142857) contrib=(0.1142857143,1.187614186E-69)
COSET 15 c=4 d=53 gcd=4 a0=(4.000000000,7.907702169E-67) 
rho=(0.02857142857,-2.409645244E-81) contrib=(0.1142857143,2.259343477E-68)
COSET 15 c=4 d=55 gcd=4 a0=(-4.771295467E-67,4.000000000) 
rho=(3.855432391E-81,-0.02857142857) contrib=(0.1142857143,1.363227276E-68)
COSET 15 c=4 d=57 gcd=4 a0=(4.000000000,6.941276152E-67) 
rho=(0.02857142857,-2.409645244E-81) contrib=(0.1142857143,1.983221758E-68)
COSET 15 c=4 d=59 gcd=4 a0=(8.125961236E-68,4.000000000) 
rho=(3.855432391E-81,-0.02857142857) contrib=(0.1142857143,-2.321703210E-69)
COSET 15 c=4 d=61 gcd=4 a0=(4.000000000,-1.282567094E-67) 
rho=(0.02857142857,-2.409645244E-81) contrib=(0.1142857143,-3.664477411E-69)
COSET 15 c=4 d=63 gcd=4 a0=(-9.946088498E-67,4.000000000) 
rho=(3.855432391E-81,-0.02857142857) contrib=(0.1142857143,2.841739571E-68)
COSET 15 c=4 d=65 gcd=4 a0=(4.000000000,2.506226485E-67) 
rho=(0.02857142857,-2.409645244E-81) contrib=(0.1142857143,7.160647101E-69)
COSET 15 c=4 d=67 gcd=4 a0=(9.269265831E-68,4.000000000) 
rho=(3.855432391E-81,-0.02857142857) contrib=(0.1142857143,-2.648361666E-69)
COSET 15 c=4 d=69 gcd=4 a0=(4.000000000,-7.186072342E-67) 
rho=(0.02857142857,-2.409645244E-81) contrib=(0.1142857143,-2.053163526E-68)
COSET 15 c=5 d=1 gcd=5 a0=(-1.000000000,1.000000000) 
rho=(0.03571428571,0.03571428571) contrib=(-0.07142857143,-3.612326555E-69)
COSET 15 c=5 d=2 gcd=5 a0=(-1.000000000,1.000000000) 
rho=(0.03571428571,0.03571428571) contrib=(-0.07142857143,1.068893548E-70)
COSET 15 c=5 d=3 gcd=5 a0=(1.000000000,-1.000000000) 
rho=(-0.03571428571,-0.03571428571) contrib=(-0.07142857143,-2.939214695E-69)
COSET 15 c=5 d=4 gcd=5 a0=(1.000000000,-1.000000000) 
rho=(-0.03571428571,-0.03571428571) contrib=(-0.07142857143,-1.221303862E-69)
COSET 15 c=5 d=6 gcd=5 a0=(-1.000000000,1.000000000) 
rho=(0.03571428571,0.03571428571) contrib=(-0.07142857143,3.872192203E-69)
COSET 15 c=5 d=7 gcd=5 a0=(-1.000000000,1.000000000) 
rho=(0.03571428571,0.03571428571) contrib=(-0.07142857143,-3.848501900E-69)
COSET 15 c=5 d=8 gcd=5 a0=(1.000000000,-1.000000000) 
rho=(-0.03571428571,-0.03571428571) contrib=(-0.07142857143,8.290797613E-70)
COSET 15 c=5 d=9 gcd=5 a0=(1.000000000,-1.000000000) 
rho=(-0.03571428571,-0.03571428571) contrib=(-0.07142857143,1.733232719E-68)
COSET 15 c=5 d=11 gcd=5 a0=(-1.000000000,1.000000000) 
rho=(0.03571428571,0.03571428571) contrib=(-0.07142857143,3.700134301E-69)
COSET 15 c=5 d=12 gcd=5 a0=(-1.000000000,1.000000000) 
rho=(0.03571428571,0.03571428571) contrib=(-0.07142857143,5.583877257E-69)
COSET 15 c=5 d=13 gcd=5 a0=(1.000000000,-1.000000000) 
rho=(-0.03571428571,-0.03571428571) contrib=(-0.07142857143,-7.871487331E-69)
COSET 15 c=5 d=14 gcd=5 a0=(1.000000000,-1.000000000) 
rho=(-0.03571428571,-0.03571428571) contrib=(-0.07142857143,6.068841214E-69)
COSET 15 c=5 d=16 gcd=5 a0=(-1.000000000,1.000000000) 
rho=(0.03571428571,0.03571428571) contrib=(-0.07142857143,-2.911966804E-69)
COSET 15 c=5 d=17 gcd=5 a0=(-1.000000000,1.000000000) 
rho=(0.03571428571,0.03571428571) contrib=(-0.07142857143,1.377473898E-68)
COSET 15 c=5 d=18 gcd=5 a0=(1.000000000,-1.000000000) 
rho=(-0.03571428571,-0.03571428571) contrib=(-0.07142857143,-1.615492721E-68)
COSET 15 c=5 d=19 gcd=5 a0=(1.000000000,-1.000000000) 
rho=(-0.03571428571,-0.03571428571) contrib=(-0.07142857143,1.437144355E-68)
COSET 15 c=5 d=21 gcd=5 a0=(-1.000000000,1.000000000) 
rho=(0.03571428571,0.03571428571) contrib=(-0.07142857143,-4.180893835E-69)
COSET 15 c=5 d=22 gcd=5 a0=(-1.000000000,1.000000000) 
rho=(0.03571428571,0.03571428571) contrib=(-0.07142857143,-1.479819243E-68)
COSET 15 c=5 d=23 gcd=5 a0=(1.000000000,-1.000000000) 
rho=(-0.03571428571,-0.03571428571) contrib=(-0.07142857143,7.197324365E-69)
COSET 15 c=5 d=24 gcd=5 a0=(1.000000000,-1.000000000) 
rho=(-0.03571428571,-0.03571428571) contrib=(-0.07142857143,2.552884872E-68)
COSET 15 c=5 d=26 gcd=5 a0=(-1.000000000,1.000000000) 
rho=(0.03571428571,0.03571428571) contrib=(-0.07142857143,9.324762114E-69)
COSET 15 c=5 d=27 gcd=5 a0=(-1.000000000,1.000000000) 
rho=(0.03571428571,0.03571428571) contrib=(-0.07142857143,7.545846728E-68)
COSET 15 c=5 d=28 gcd=5 a0=(1.000000000,-1.000000000) 
rho=(-0.03571428571,-0.03571428571) contrib=(-0.07142857143,3.399388730E-68)
COSET 15 c=5 d=33 gcd=5 a0=(1.000000000,-1.000000000) 
rho=(-0.03571428571,-0.03571428571) contrib=(-0.07142857143,7.679474592E-68)
COSET 15 c=5 d=38 gcd=5 a0=(1.000000000,-1.000000000) 
rho=(-0.03571428571,-0.03571428571) contrib=(-0.07142857143,9.643150088E-68)
COSET 15 c=5 d=43 gcd=5 a0=(1.000000000,-1.000000000) 
rho=(-0.03571428571,-0.03571428571) contrib=(-0.07142857143,-2.751632772E-69)
COSET 15 c=5 d=48 gcd=5 a0=(1.000000000,-1.000000000) 
rho=(-0.03571428571,-0.03571428571) contrib=(-0.07142857143,-6.819015286E-68)
COSET 15 c=5 d=53 gcd=5 a0=(1.000000000,-1.000000000) 
rho=(-0.03571428571,-0.03571428571) contrib=(-0.07142857143,3.026529230E-68)
COSET 15 c=7 d=1 gcd=7 a0=(1.000000000,1.000000000) 
rho=(-5.805268376E-82,1.302243826E-81) contrib=(-1.882770664E-81,7.217169887E-8\
2)
COSET 15 c=7 d=2 gcd=7 a0=(1.000000000,1.000000000) 
rho=(1.082988338E-81,1.074172843E-81) contrib=(8.815495229E-84,2.157161180E-81)
COSET 15 c=7 d=3 gcd=7 a0=(1.000000000,1.000000000) 
rho=(-2.263170400E-81,-2.783299996E-82) contrib=(-1.984840400E-81,-2.541500399E\
-81)
COSET 15 c=7 d=4 gcd=7 a0=(1.000000000,1.000000000) 
rho=(2.758838011E-82,2.979771173E-81) contrib=(-2.703887372E-81,3.255654974E-81\
)
COSET 15 c=7 d=5 gcd=7 a0=(-1.000000000,-1.000000000) 
rho=(1.333512021E-81,9.834758726E-83) contrib=(-1.235164433E-81,-1.431859608E-8\
1)
COSET 15 c=7 d=6 gcd=7 a0=(1.000000000,1.000000000) 
rho=(-3.642705897E-82,2.895574681E-81) contrib=(-3.259845270E-81,2.531304091E-8\
1)
COSET 15 c=7 d=8 gcd=7 a0=(1.000000000,1.000000000) 
rho=(-5.805268376E-82,1.302243826E-81) contrib=(-1.882770664E-81,7.217169887E-8\
2)
COSET 15 c=7 d=9 gcd=7 a0=(1.000000000,1.000000000) 
rho=(1.082988338E-81,1.074172843E-81) contrib=(8.815495229E-84,2.157161180E-81)
COSET 15 c=7 d=10 gcd=7 a0=(1.000000000,1.000000000) 
rho=(-2.263170400E-81,-2.783299996E-82) contrib=(-1.984840400E-81,-2.541500399E\
-81)
COSET 15 c=7 d=11 gcd=7 a0=(1.000000000,1.000000000) 
rho=(2.758838011E-82,2.979771173E-81) contrib=(-2.703887372E-81,3.255654974E-81\
)
COSET 15 c=7 d=12 gcd=7 a0=(-1.000000000,-1.000000000) 
rho=(1.333512021E-81,9.834758726E-83) contrib=(-1.235164433E-81,-1.431859608E-8\
1)
COSET 15 c=7 d=13 gcd=7 a0=(1.000000000,1.000000000) 
rho=(-3.642705897E-82,2.895574681E-81) contrib=(-3.259845270E-81,2.531304091E-8\
1)
COSET 15 c=7 d=15 gcd=7 a0=(1.000000000,1.000000000) 
rho=(-5.805268376E-82,1.302243826E-81) contrib=(-1.882770664E-81,7.217169887E-8\
2)
COSET 15 c=7 d=16 gcd=7 a0=(1.000000000,1.000000000) 
rho=(1.082988338E-81,1.074172843E-81) contrib=(8.815495229E-84,2.157161180E-81)
COSET 15 c=7 d=17 gcd=7 a0=(1.000000000,1.000000000) 
rho=(-2.263170400E-81,-2.783299996E-82) contrib=(-1.984840400E-81,-2.541500399E\
-81)
COSET 15 c=7 d=18 gcd=7 a0=(1.000000000,1.000000000) 
rho=(2.758838011E-82,2.979771173E-81) contrib=(-2.703887372E-81,3.255654974E-81\
)
COSET 15 c=7 d=19 gcd=7 a0=(-1.000000000,-1.000000000) 
rho=(1.333512021E-81,9.834758726E-83) contrib=(-1.235164433E-81,-1.431859608E-8\
1)
COSET 15 c=7 d=20 gcd=7 a0=(1.000000000,1.000000000) 
rho=(-3.642705897E-82,2.895574681E-81) contrib=(-3.259845270E-81,2.531304091E-8\
1)
COSET 15 c=7 d=27 gcd=7 a0=(1.000000000,1.000000000) 
rho=(-3.642705897E-82,2.895574681E-81) contrib=(-3.259845270E-81,2.531304091E-8\
1)
COSET 15 c=7 d=34 gcd=7 a0=(1.000000000,1.000000000) 
rho=(-3.642705897E-82,2.895574681E-81) contrib=(-3.259845270E-81,2.531304091E-8\
1)
COSET 15 c=20 d=1 gcd=20 a0=(4.000000000,-2.663849381E-69) 
rho=(-0.1428571429,2.602416864E-80) contrib=(-0.5714285714,3.805499116E-70)
COSET 15 c=20 d=3 gcd=20 a0=(3.102222941E-69,4.000000000) 
rho=(5.783148586E-81,0.1428571429) contrib=(-0.5714285714,4.431747059E-70)
COSET 15 c=20 d=7 gcd=20 a0=(-1.237800734E-69,4.000000000) 
rho=(7.710864781E-81,0.1428571429) contrib=(-0.5714285714,-1.768286763E-70)
COSET 15 c=20 d=9 gcd=20 a0=(4.000000000,-1.459677158E-69) 
rho=(-0.1428571429,-4.819290488E-81) contrib=(-0.5714285714,2.085253083E-70)
COSET 15 c=20 d=11 gcd=20 a0=(3.844629738E-69,-4.000000000) 
rho=(-1.927716195E-81,-0.1428571429) contrib=(-0.5714285714,-5.492328197E-70)
COSET 15 c=20 d=13 gcd=20 a0=(4.000000000,1.587012934E-69) 
rho=(-0.1428571429,-2.024102005E-80) contrib=(-0.5714285714,-2.267161334E-70)
COSET 15 c=20 d=19 gcd=20 a0=(-1.012260422E-69,4.000000000) 
rho=(-2.891574293E-80,0.1428571429) contrib=(-0.5714285714,-1.446086319E-70)
COSET 15 c=28 d=1 gcd=28 a0=(8.000000000,-1.173434839E-69) 
rho=(1.367850183E-80,7.240230945E-81) contrib=(1.094280146E-79,5.792184756E-80)
COSET 15 c=28 d=3 gcd=28 a0=(5.709769088E-69,-8.000000000) 
rho=(4.785404852E-81,2.927342465E-81) contrib=(2.341873972E-80,-3.828323882E-80\
)
COSET 15 c=28 d=5 gcd=28 a0=(-8.000000000,6.456229261E-69) 
rho=(5.628093312E-82,1.985504322E-81) contrib=(-4.502474649E-81,-1.588403458E-8\
0)
COSET 15 c=28 d=9 gcd=28 a0=(8.000000000,-1.045715071E-69) 
rho=(3.714242240E-81,2.123499872E-81) contrib=(2.971393792E-80,1.698799897E-80)
COSET 15 c=28 d=17 gcd=28 a0=(8.000000000,-8.743643604E-69) 
rho=(-5.075785929E-81,-2.558836170E-81) contrib=(-4.060628743E-80,-2.047068936E\
-80)
COSET 15 c=35 d=1 gcd=35 a0=(1.000000000,1.000000000) 
rho=(1.512617151E-80,-2.772974566E-81) contrib=(1.789914608E-80,1.235319695E-80\
)
COSET 15 c=35 d=2 gcd=35 a0=(-1.000000000,-1.000000000) 
rho=(5.161413766E-81,4.461858628E-81) contrib=(-6.995551379E-82,-9.623272395E-8\
1)
COSET 15 c=35 d=3 gcd=35 a0=(1.000000000,1.000000000) 
rho=(-3.915673522E-82,6.515454836E-81) contrib=(-6.907022188E-81,6.123887484E-8\
1)
COSET 15 c=35 d=4 gcd=35 a0=(1.000000000,1.000000000) 
rho=(-1.063161232E-81,-4.362753213E-81) contrib=(3.299591980E-81,-5.425914445E-\
81)
