BASE 21 2  M = 84  ds = [ 1, 2, 3, 4, 6, 7, 12, 14, 21, 28, 42, 84 ]
#isotropic = 3 (2N-1 = 3)
#cosets = 192
#monomials = 101
a0 table built
FORM -2:
  c_eta(0)[1] (trivial) = -1.05438998419E-71 + 4.39516663363E-72 i   (half: 
-5.27194992097E-72)
  c_eta(0)[2] = 4.00000000000 + 2.90217403494E-72 i   (half: 2.00000000000)
  c_eta(0)[3] = 4.00000000000 + 2.90217382890E-72 i   (half: 2.00000000000)
COSET -2 c=0 d=1 gcd=84 a0=(-14.00000000,2.210238828E-74) 
rho=(0.0000000000,0.0000000000) contrib=(-0.0000000000,0.0000000000)
COSET -2 c=1 d=0 gcd=1 a0=(3.000000000,-3.000000000) 
rho=(0.01190476190,0.01190476190) contrib=(0.07142857143,7.471083618E-73)
COSET -2 c=1 d=1 gcd=1 a0=(3.000000000,-3.000000000) 
rho=(0.01190476190,0.01190476190) contrib=(0.07142857143,-1.277330454E-75)
COSET -2 c=1 d=2 gcd=1 a0=(3.000000000,-3.000000000) 
rho=(0.01190476190,0.01190476190) contrib=(0.07142857143,-4.811579623E-76)
COSET -2 c=1 d=3 gcd=1 a0=(3.000000000,-3.000000000) 
rho=(0.01190476190,0.01190476190) contrib=(0.07142857143,-8.348296270E-77)
COSET -2 c=1 d=4 gcd=1 a0=(3.000000000,-3.000000000) 
rho=(0.01190476190,0.01190476190) contrib=(0.07142857143,-1.007552998E-76)
COSET -2 c=1 d=5 gcd=1 a0=(3.000000000,-3.000000000) 
rho=(0.01190476190,0.01190476190) contrib=(0.07142857143,1.899957082E-76)
COSET -2 c=1 d=6 gcd=1 a0=(3.000000000,-3.000000000) 
rho=(0.01190476190,0.01190476190) contrib=(0.07142857143,5.387324194E-77)
COSET -2 c=1 d=7 gcd=1 a0=(3.000000000,-3.000000000) 
rho=(0.01190476190,0.01190476190) contrib=(0.07142857143,6.361977502E-76)
COSET -2 c=1 d=8 gcd=1 a0=(3.000000000,-3.000000000) 
rho=(0.01190476190,0.01190476190) contrib=(0.07142857143,4.318084278E-77)
COSET -2 c=1 d=9 gcd=1 a0=(3.000000000,-3.000000000) 
rho=(0.01190476190,0.01190476190) contrib=(0.07142857143,1.209063598E-76)
COSET -2 c=1 d=10 gcd=1 a0=(3.000000000,-3.000000000) 
rho=(0.01190476190,0.01190476190) contrib=(0.07142857143,1.200838675E-76)
COSET -2 c=1 d=11 gcd=1 a0=(3.000000000,-3.000000000) 
rho=(0.01190476190,0.01190476190) contrib=(0.07142857143,-1.052790071E-76)
COSET -2 c=1 d=12 gcd=1 a0=(3.000000000,-3.000000000) 
rho=(0.01190476190,0.01190476190) contrib=(0.07142857143,6.481238877E-76)
COSET -2 c=1 d=13 gcd=1 a0=(3.000000000,-3.000000000) 
rho=(0.01190476190,0.01190476190) contrib=(0.07142857143,1.191791261E-75)
COSET -2 c=1 d=14 gcd=1 a0=(3.000000000,-3.000000000) 
rho=(0.01190476190,0.01190476190) contrib=(0.07142857143,-2.257741208E-76)
COSET -2 c=1 d=15 gcd=1 a0=(3.000000000,-3.000000000) 
rho=(0.01190476190,0.01190476190) contrib=(0.07142857143,3.067896068E-76)
COSET -2 c=1 d=16 gcd=1 a0=(3.000000000,-3.000000000) 
rho=(0.01190476190,0.01190476190) contrib=(0.07142857143,4.749892705E-76)
COSET -2 c=1 d=17 gcd=1 a0=(3.000000000,-3.000000000) 
rho=(0.01190476190,0.01190476190) contrib=(0.07142857143,1.513385728E-76)
COSET -2 c=1 d=18 gcd=1 a0=(3.000000000,-3.000000000) 
rho=(0.01190476190,0.01190476190) contrib=(0.07142857143,3.915063078E-76)
COSET -2 c=1 d=19 gcd=1 a0=(3.000000000,-3.000000000) 
rho=(0.01190476190,0.01190476190) contrib=(0.07142857143,2.952747154E-76)
COSET -2 c=1 d=20 gcd=1 a0=(3.000000000,-3.000000000) 
rho=(0.01190476190,0.01190476190) contrib=(0.07142857143,-2.928072386E-76)
COSET -2 c=1 d=21 gcd=1 a0=(3.000000000,-3.000000000) 
rho=(0.01190476190,0.01190476190) contrib=(0.07142857143,-7.978174760E-76)
COSET -2 c=1 d=22 gcd=1 a0=(3.000000000,-3.000000000) 
rho=(0.01190476190,0.01190476190) contrib=(0.07142857143,1.538882987E-75)
COSET -2 c=1 d=23 gcd=1 a0=(3.000000000,-3.000000000) 
rho=(0.01190476190,0.01190476190) contrib=(0.07142857143,-5.687533863E-76)
COSET -2 c=1 d=24 gcd=1 a0=(3.000000000,-3.000000000) 
rho=(0.01190476190,0.01190476190) contrib=(0.07142857143,1.470204885E-75)
COSET -2 c=1 d=25 gcd=1 a0=(3.000000000,-3.000000000) 
rho=(0.01190476190,0.01190476190) contrib=(0.07142857143,9.976830912E-76)
COSET -2 c=1 d=26 gcd=1 a0=(3.000000000,-3.000000000) 
rho=(0.01190476190,0.01190476190) contrib=(0.07142857143,-1.836213933E-75)
COSET -2 c=1 d=27 gcd=1 a0=(3.000000000,-3.000000000) 
rho=(0.01190476190,0.01190476190) contrib=(0.07142857143,-2.532042371E-75)
COSET -2 c=1 d=28 gcd=1 a0=(3.000000000,-3.000000000) 
rho=(0.01190476190,0.01190476190) contrib=(0.07142857143,-6.180206717E-75)
COSET -2 c=1 d=29 gcd=1 a0=(3.000000000,-3.000000000) 
rho=(0.01190476190,0.01190476190) contrib=(0.07142857143,4.795129779E-76)
COSET -2 c=1 d=30 gcd=1 a0=(3.000000000,-3.000000000) 
rho=(0.01190476190,0.01190476190) contrib=(0.07142857143,3.078177221E-75)
COSET -2 c=1 d=31 gcd=1 a0=(3.000000000,-3.000000000) 
rho=(0.01190476190,0.01190476190) contrib=(0.07142857143,3.680652789E-76)
COSET -2 c=1 d=32 gcd=1 a0=(3.000000000,-3.000000000) 
rho=(0.01190476190,0.01190476190) contrib=(0.07142857143,8.249597201E-76)
COSET -2 c=1 d=33 gcd=1 a0=(3.000000000,-3.000000000) 
rho=(0.01190476190,0.01190476190) contrib=(0.07142857143,-7.690302475E-77)
COSET -2 c=1 d=34 gcd=1 a0=(3.000000000,-3.000000000) 
rho=(0.01190476190,0.01190476190) contrib=(0.07142857143,1.486654730E-75)
COSET -2 c=1 d=35 gcd=1 a0=(3.000000000,-3.000000000) 
rho=(0.01190476190,0.01190476190) contrib=(0.07142857143,-3.850908683E-75)
COSET -2 c=1 d=36 gcd=1 a0=(3.000000000,-3.000000000) 
rho=(0.01190476190,0.01190476190) contrib=(0.07142857143,-4.433233192E-76)
COSET -2 c=1 d=37 gcd=1 a0=(3.000000000,-3.000000000) 
rho=(0.01190476190,0.01190476190) contrib=(0.07142857143,-1.119000697E-75)
COSET -2 c=1 d=38 gcd=1 a0=(3.000000000,-3.000000000) 
rho=(0.01190476190,0.01190476190) contrib=(0.07142857143,-9.072089444E-76)
COSET -2 c=1 d=39 gcd=1 a0=(3.000000000,-3.000000000) 
rho=(0.01190476190,0.01190476190) contrib=(0.07142857143,-2.808811011E-76)
COSET -2 c=1 d=40 gcd=1 a0=(3.000000000,-3.000000000) 
rho=(0.01190476190,0.01190476190) contrib=(0.07142857143,2.560418354E-75)
COSET -2 c=1 d=41 gcd=1 a0=(3.000000000,-3.000000000) 
rho=(0.01190476190,0.01190476190) contrib=(0.07142857143,-4.602255348E-75)
COSET -2 c=1 d=42 gcd=1 a0=(3.000000000,-3.000000000) 
rho=(0.01190476190,0.01190476190) contrib=(0.07142857143,-7.488380629E-75)
COSET -2 c=1 d=43 gcd=1 a0=(3.000000000,-3.000000000) 
rho=(0.01190476190,0.01190476190) contrib=(0.07142857143,-3.419511502E-75)
COSET -2 c=1 d=44 gcd=1 a0=(3.000000000,-3.000000000) 
rho=(0.01190476190,0.01190476190) contrib=(0.07142857143,8.841791616E-76)
COSET -2 c=1 d=45 gcd=1 a0=(3.000000000,-3.000000000) 
rho=(0.01190476190,0.01190476190) contrib=(0.07142857143,-7.805451389E-76)
COSET -2 c=1 d=46 gcd=1 a0=(3.000000000,-3.000000000) 
rho=(0.01190476190,0.01190476190) contrib=(0.07142857143,-3.791689242E-76)
COSET -2 c=1 d=47 gcd=1 a0=(3.000000000,-3.000000000) 
rho=(0.01190476190,0.01190476190) contrib=(0.07142857143,3.368105736E-76)
COSET -2 c=1 d=48 gcd=1 a0=(3.000000000,-3.000000000) 
rho=(0.01190476190,0.01190476190) contrib=(0.07142857143,-3.922054262E-75)
COSET -2 c=1 d=49 gcd=1 a0=(3.000000000,-3.000000000) 
rho=(0.01190476190,0.01190476190) contrib=(0.07142857143,-2.929306125E-75)
COSET -2 c=1 d=50 gcd=1 a0=(3.000000000,-3.000000000) 
rho=(0.01190476190,0.01190476190) contrib=(0.07142857143,-3.187568689E-75)
COSET -2 c=1 d=51 gcd=1 a0=(3.000000000,-3.000000000) 
rho=(0.01190476190,0.01190476190) contrib=(0.07142857143,-4.499032571E-76)
COSET -2 c=1 d=52 gcd=1 a0=(3.000000000,-3.000000000) 
rho=(0.01190476190,0.01190476190) contrib=(0.07142857143,-4.536867214E-75)
COSET -2 c=1 d=53 gcd=1 a0=(3.000000000,-3.000000000) 
rho=(0.01190476190,0.01190476190) contrib=(0.07142857143,-1.586176291E-75)
COSET -2 c=1 d=54 gcd=1 a0=(3.000000000,-3.000000000) 
rho=(0.01190476190,0.01190476190) contrib=(0.07142857143,1.350655637E-74)
COSET -2 c=1 d=55 gcd=1 a0=(3.000000000,-3.000000000) 
rho=(0.01190476190,0.01190476190) contrib=(0.07142857143,4.333711630E-75)
COSET -2 c=1 d=56 gcd=1 a0=(3.000000000,-3.000000000) 
rho=(0.01190476190,0.01190476190) contrib=(0.07142857143,7.940340117E-75)
COSET -2 c=1 d=57 gcd=1 a0=(3.000000000,-3.000000000) 
rho=(0.01190476190,0.01190476190) contrib=(0.07142857143,-2.132722387E-75)
COSET -2 c=1 d=58 gcd=1 a0=(3.000000000,-3.000000000) 
rho=(0.01190476190,0.01190476190) contrib=(0.07142857143,-4.897118817E-75)
COSET -2 c=1 d=59 gcd=1 a0=(3.000000000,-3.000000000) 
rho=(0.01190476190,0.01190476190) contrib=(0.07142857143,-3.582364966E-75)
COSET -2 c=1 d=60 gcd=1 a0=(3.000000000,-3.000000000) 
rho=(0.01190476190,0.01190476190) contrib=(0.07142857143,-8.639458524E-75)
COSET -2 c=1 d=61 gcd=1 a0=(3.000000000,-3.000000000) 
rho=(0.01190476190,0.01190476190) contrib=(0.07142857143,-7.365418039E-75)
COSET -2 c=1 d=62 gcd=1 a0=(3.000000000,-3.000000000) 
rho=(0.01190476190,0.01190476190) contrib=(0.07142857143,2.467476730E-77)
COSET -2 c=1 d=63 gcd=1 a0=(3.000000000,-3.000000000) 
rho=(0.01190476190,0.01190476190) contrib=(0.07142857143,-4.147417137E-75)
COSET -2 c=1 d=64 gcd=1 a0=(3.000000000,-3.000000000) 
rho=(0.01190476190,0.01190476190) contrib=(0.07142857143,3.135340432E-75)
COSET -2 c=1 d=65 gcd=1 a0=(3.000000000,-3.000000000) 
rho=(0.01190476190,0.01190476190) contrib=(0.07142857143,7.670562661E-75)
COSET -2 c=1 d=66 gcd=1 a0=(3.000000000,-3.000000000) 
rho=(0.01190476190,0.01190476190) contrib=(0.07142857143,-8.385308421E-76)
COSET -2 c=1 d=67 gcd=1 a0=(3.000000000,-3.000000000) 
rho=(0.01190476190,0.01190476190) contrib=(0.07142857143,-4.010883425E-75)
COSET -2 c=1 d=68 gcd=1 a0=(3.000000000,-3.000000000) 
rho=(0.01190476190,0.01190476190) contrib=(0.07142857143,-7.681666306E-75)
COSET -2 c=1 d=69 gcd=1 a0=(3.000000000,-3.000000000) 
rho=(0.01190476190,0.01190476190) contrib=(0.07142857143,-1.677185058E-74)
COSET -2 c=1 d=70 gcd=1 a0=(3.000000000,-3.000000000) 
rho=(0.01190476190,0.01190476190) contrib=(0.07142857143,-3.282566543E-75)
COSET -2 c=1 d=71 gcd=1 a0=(3.000000000,-3.000000000) 
rho=(0.01190476190,0.01190476190) contrib=(0.07142857143,9.101699165E-75)
COSET -2 c=1 d=72 gcd=1 a0=(3.000000000,-3.000000000) 
rho=(0.01190476190,0.01190476190) contrib=(0.07142857143,-1.759722155E-75)
COSET -2 c=1 d=73 gcd=1 a0=(3.000000000,-3.000000000) 
rho=(0.01190476190,0.01190476190) contrib=(0.07142857143,1.069322166E-74)
COSET -2 c=1 d=74 gcd=1 a0=(3.000000000,-3.000000000) 
rho=(0.01190476190,0.01190476190) contrib=(0.07142857143,1.804547982E-75)
COSET -2 c=1 d=75 gcd=1 a0=(3.000000000,-3.000000000) 
rho=(0.01190476190,0.01190476190) contrib=(0.07142857143,-4.719049246E-75)
COSET -2 c=1 d=76 gcd=1 a0=(3.000000000,-3.000000000) 
rho=(0.01190476190,0.01190476190) contrib=(0.07142857143,8.496344874E-76)
COSET -2 c=1 d=77 gcd=1 a0=(3.000000000,-3.000000000) 
rho=(0.01190476190,0.01190476190) contrib=(0.07142857143,5.034886268E-75)
COSET -2 c=1 d=78 gcd=1 a0=(3.000000000,-3.000000000) 
rho=(0.01190476190,0.01190476190) contrib=(0.07142857143,-1.450917442E-74)
COSET -2 c=1 d=79 gcd=1 a0=(3.000000000,-3.000000000) 
rho=(0.01190476190,0.01190476190) contrib=(0.07142857143,1.180399743E-74)
COSET -2 c=1 d=80 gcd=1 a0=(3.000000000,-3.000000000) 
rho=(0.01190476190,0.01190476190) contrib=(0.07142857143,-5.455591050E-75)
COSET -2 c=1 d=81 gcd=1 a0=(3.000000000,-3.000000000) 
rho=(0.01190476190,0.01190476190) contrib=(0.07142857143,-7.682077553E-75)
COSET -2 c=1 d=82 gcd=1 a0=(3.000000000,-3.000000000) 
rho=(0.01190476190,0.01190476190) contrib=(0.07142857143,5.638184328E-76)
COSET -2 c=1 d=83 gcd=1 a0=(3.000000000,-3.000000000) 
rho=(0.01190476190,0.01190476190) contrib=(0.07142857143,1.118984247E-73)
COSET -2 c=3 d=1 gcd=3 a0=(-4.000000000,-4.000000000) 
rho=(0.03571428571,-0.03571428571) contrib=(-0.2857142857,-2.412205884E-74)
COSET -2 c=3 d=2 gcd=3 a0=(-4.000000000,-4.000000000) 
rho=(0.03571428571,-0.03571428571) contrib=(-0.2857142857,-1.606821057E-74)
COSET -2 c=3 d=4 gcd=3 a0=(-4.000000000,-4.000000000) 
rho=(0.03571428571,-0.03571428571) contrib=(-0.2857142857,-3.114943257E-74)
COSET -2 c=3 d=5 gcd=3 a0=(-4.000000000,-4.000000000) 
rho=(0.03571428571,-0.03571428571) contrib=(-0.2857142857,-2.029253074E-74)
COSET -2 c=3 d=7 gcd=3 a0=(-4.000000000,-4.000000000) 
rho=(0.03571428571,-0.03571428571) contrib=(-0.2857142857,3.474206603E-74)
COSET -2 c=3 d=8 gcd=3 a0=(-4.000000000,-4.000000000) 
rho=(0.03571428571,-0.03571428571) contrib=(-0.2857142857,4.200632174E-74)
COSET -2 c=3 d=10 gcd=3 a0=(-4.000000000,-4.000000000) 
rho=(0.03571428571,-0.03571428571) contrib=(-0.2857142857,6.553617563E-74)
COSET -2 c=3 d=11 gcd=3 a0=(-4.000000000,-4.000000000) 
rho=(0.03571428571,-0.03571428571) contrib=(-0.2857142857,-2.318243759E-73)
COSET -2 c=3 d=13 gcd=3 a0=(-4.000000000,-4.000000000) 
rho=(0.03571428571,-0.03571428571) contrib=(-0.2857142857,3.237328837E-74)
COSET -2 c=3 d=14 gcd=3 a0=(-4.000000000,-4.000000000) 
rho=(0.03571428571,-0.03571428571) contrib=(-0.2857142857,1.114509868E-73)
COSET -2 c=3 d=16 gcd=3 a0=(-4.000000000,-4.000000000) 
rho=(0.03571428571,-0.03571428571) contrib=(-0.2857142857,-8.464432808E-74)
COSET -2 c=3 d=17 gcd=3 a0=(-4.000000000,-4.000000000) 
rho=(0.03571428571,-0.03571428571) contrib=(-0.2857142857,1.812509686E-73)
COSET -2 c=3 d=19 gcd=3 a0=(-4.000000000,-4.000000000) 
rho=(0.03571428571,-0.03571428571) contrib=(-0.2857142857,9.096105585E-74)
COSET -2 c=3 d=20 gcd=3 a0=(-4.000000000,-4.000000000) 
rho=(0.03571428571,-0.03571428571) contrib=(-0.2857142857,5.104715838E-73)
COSET -2 c=3 d=22 gcd=3 a0=(-4.000000000,-4.000000000) 
rho=(0.03571428571,-0.03571428571) contrib=(-0.2857142857,2.633290534E-74)
COSET -2 c=3 d=23 gcd=3 a0=(-4.000000000,-4.000000000) 
rho=(0.03571428571,-0.03571428571) contrib=(-0.2857142857,3.640021461E-74)
COSET -2 c=3 d=25 gcd=3 a0=(-4.000000000,-4.000000000) 
rho=(0.03571428571,-0.03571428571) contrib=(-0.2857142857,-1.887915859E-73)
COSET -2 c=3 d=26 gcd=3 a0=(-4.000000000,-4.000000000) 
rho=(0.03571428571,-0.03571428571) contrib=(-0.2857142857,1.019877220E-72)
COSET -2 c=3 d=28 gcd=3 a0=(-4.000000000,-4.000000000) 
rho=(0.03571428571,-0.03571428571) contrib=(-0.2857142857,1.744209888E-73)
COSET -2 c=3 d=31 gcd=3 a0=(-4.000000000,-4.000000000) 
rho=(0.03571428571,-0.03571428571) contrib=(-0.2857142857,1.585106988E-73)
COSET -2 c=3 d=34 gcd=3 a0=(-4.000000000,-4.000000000) 
rho=(0.03571428571,-0.03571428571) contrib=(-0.2857142857,-3.695688010E-73)
COSET -2 c=3 d=37 gcd=3 a0=(-4.000000000,-4.000000000) 
rho=(0.03571428571,-0.03571428571) contrib=(-0.2857142857,7.394533632E-74)
COSET -2 c=3 d=40 gcd=3 a0=(-4.000000000,-4.000000000) 
rho=(0.03571428571,-0.03571428571) contrib=(-0.2857142857,-1.840816606E-72)
COSET -2 c=3 d=43 gcd=3 a0=(-4.000000000,-4.000000000) 
rho=(0.03571428571,-0.03571428571) contrib=(-0.2857142857,-7.648783130E-73)
COSET -2 c=3 d=46 gcd=3 a0=(-4.000000000,-4.000000000) 
rho=(0.03571428571,-0.03571428571) contrib=(-0.2857142857,-2.404862047E-72)
COSET -2 c=3 d=49 gcd=3 a0=(-4.000000000,-4.000000000) 
rho=(0.03571428571,-0.03571428571) contrib=(-0.2857142857,2.387569957E-72)
COSET -2 c=3 d=52 gcd=3 a0=(-4.000000000,-4.000000000) 
rho=(0.03571428571,-0.03571428571) contrib=(-0.2857142857,-8.346782948E-73)
COSET -2 c=3 d=55 gcd=3 a0=(-4.000000000,-4.000000000) 
rho=(0.03571428571,-0.03571428571) contrib=(-0.2857142857,4.159692005E-72)
COSET -2 c=4 d=1 gcd=4 a0=(4.000000000,1.220856676E-73) 
rho=(6.240604675E-81,2.563973923E-81) contrib=(2.496241870E-80,1.025589569E-80)
COSET -2 c=4 d=3 gcd=4 a0=(-8.403249624E-73,4.000000000) 
rho=(-4.549460422E-82,-6.127652555E-81) contrib=(2.451061022E-80,-1.819784169E-\
81)
COSET -2 c=4 d=5 gcd=4 a0=(4.000000000,-6.727975405E-73) 
rho=(6.240604675E-81,2.563973923E-81) contrib=(2.496241870E-80,1.025589569E-80)
COSET -2 c=4 d=7 gcd=4 a0=(4.691451681E-72,4.000000000) 
rho=(-4.549460422E-82,-6.127652555E-81) contrib=(2.451061022E-80,-1.819784169E-\
81)
COSET -2 c=4 d=9 gcd=4 a0=(4.000000000,1.314645773E-72) 
rho=(6.240604675E-81,2.563973923E-81) contrib=(2.496241870E-80,1.025589569E-80)
COSET -2 c=4 d=11 gcd=4 a0=(-3.164514831E-72,4.000000000) 
rho=(-4.549460422E-82,-6.127652555E-81) contrib=(2.451061022E-80,-1.819784169E-\
81)
COSET -2 c=4 d=13 gcd=4 a0=(4.000000000,1.159398817E-72) 
rho=(6.240604675E-81,2.563973923E-81) contrib=(2.496241870E-80,1.025589569E-80)
COSET -2 c=4 d=15 gcd=4 a0=(-1.061457869E-71,4.000000000) 
rho=(-4.549460422E-82,-6.127652555E-81) contrib=(2.451061022E-80,-1.819784169E-\
81)
COSET -2 c=4 d=17 gcd=4 a0=(4.000000000,6.590899546E-72) 
rho=(6.240604675E-81,2.563973923E-81) contrib=(2.496241870E-80,1.025589569E-80)
COSET -2 c=4 d=19 gcd=4 a0=(1.218661521E-71,4.000000000) 
rho=(-4.549460422E-82,-6.127652555E-81) contrib=(2.451061022E-80,-1.819784169E-\
81)
COSET -2 c=4 d=21 gcd=4 a0=(4.000000000,8.439022804E-72) 
rho=(6.240604675E-81,2.563973923E-81) contrib=(2.496241870E-80,1.025589569E-80)
COSET -2 c=4 d=23 gcd=4 a0=(1.653720204E-72,4.000000000) 
rho=(-4.549460422E-82,-6.127652555E-81) contrib=(2.451061022E-80,-1.819784169E-\
81)
COSET -2 c=4 d=25 gcd=4 a0=(4.000000000,1.610710121E-71) 
rho=(6.240604675E-81,2.563973923E-81) contrib=(2.496241870E-80,1.025589569E-80)
COSET -2 c=4 d=27 gcd=4 a0=(5.081599066E-72,4.000000000) 
rho=(-4.549460422E-82,-6.127652555E-81) contrib=(2.451061022E-80,-1.819784169E-\
81)
COSET -2 c=4 d=29 gcd=4 a0=(4.000000000,-9.561018944E-72) 
rho=(6.240604675E-81,2.563973923E-81) contrib=(2.496241870E-80,1.025589569E-80)
COSET -2 c=4 d=31 gcd=4 a0=(8.252757570E-72,4.000000000) 
rho=(-4.549460422E-82,-6.127652555E-81) contrib=(2.451061022E-80,-1.819784169E-\
81)
COSET -2 c=4 d=33 gcd=4 a0=(4.000000000,-6.643234972E-72) 
rho=(6.240604675E-81,2.563973923E-81) contrib=(2.496241870E-80,1.025589569E-80)
COSET -2 c=4 d=35 gcd=4 a0=(8.692245383E-72,4.000000000) 
rho=(-4.549460422E-82,-6.127652555E-81) contrib=(2.451061022E-80,-1.819784169E-\
81)
COSET -2 c=4 d=37 gcd=4 a0=(4.000000000,2.493080134E-71) 
rho=(6.240604675E-81,2.563973923E-81) contrib=(2.496241870E-80,1.025589569E-80)
COSET -2 c=4 d=39 gcd=4 a0=(-2.948378863E-72,4.000000000) 
rho=(-4.549460422E-82,-6.127652555E-81) contrib=(2.451061022E-80,-1.819784169E-\
81)
COSET -2 c=4 d=41 gcd=4 a0=(4.000000000,-4.926729121E-71) 
rho=(6.240604675E-81,2.563973923E-81) contrib=(2.496241870E-80,1.025589569E-80)
COSET -2 c=7 d=1 gcd=7 a0=(-2.000000000,-2.000000000) 
rho=(0.08333333334,-0.08333333334) contrib=(-0.3333333333,-3.921108186E-74)
COSET -2 c=7 d=2 gcd=7 a0=(-2.000000000,-2.000000000) 
rho=(0.08333333334,-0.08333333334) contrib=(-0.3333333333,-4.209556848E-74)
COSET -2 c=7 d=3 gcd=7 a0=(-2.000000000,-2.000000000) 
rho=(0.08333333334,-0.08333333334) contrib=(-0.3333333333,-6.957887892E-75)
COSET -2 c=7 d=4 gcd=7 a0=(-2.000000000,-2.000000000) 
rho=(0.08333333334,-0.08333333334) contrib=(-0.3333333333,2.155011716E-74)
COSET -2 c=7 d=5 gcd=7 a0=(2.000000000,2.000000000) 
rho=(-0.08333333334,0.08333333334) contrib=(-0.3333333333,-3.076203239E-74)
COSET -2 c=7 d=6 gcd=7 a0=(-2.000000000,-2.000000000) 
rho=(0.08333333334,-0.08333333334) contrib=(-0.3333333333,4.411642138E-74)
COSET -2 c=7 d=8 gcd=7 a0=(-2.000000000,-2.000000000) 
rho=(0.08333333334,-0.08333333334) contrib=(-0.3333333333,-3.748096942E-74)
COSET -2 c=7 d=9 gcd=7 a0=(-2.000000000,-2.000000000) 
rho=(0.08333333334,-0.08333333334) contrib=(-0.3333333333,6.567230020E-74)
COSET -2 c=7 d=10 gcd=7 a0=(-2.000000000,-2.000000000) 
rho=(0.08333333334,-0.08333333334) contrib=(-0.3333333333,1.232294744E-73)
COSET -2 c=7 d=11 gcd=7 a0=(-2.000000000,-2.000000000) 
rho=(0.08333333334,-0.08333333334) contrib=(-0.3333333333,6.433945363E-74)
COSET -2 c=7 d=12 gcd=7 a0=(2.000000000,2.000000000) 
rho=(-0.08333333334,0.08333333334) contrib=(-0.3333333333,-6.494110881E-74)
COSET -2 c=7 d=19 gcd=7 a0=(2.000000000,2.000000000) 
rho=(-0.08333333334,0.08333333334) contrib=(-0.3333333333,-2.822328671E-73)
COSET -2 c=12 d=1 gcd=12 a0=(10.00000000,-9.799612332E-75) 
rho=(8.492587585E-81,-2.066749275E-80) contrib=(8.492587584E-80,-2.066749275E-7\
9)
COSET -2 c=12 d=5 gcd=12 a0=(-10.00000000,-1.750125622E-74) 
rho=(-6.229328028E-82,-3.390706985E-82) contrib=(6.229328028E-81,3.390706985E-8\
1)
COSET -2 c=12 d=7 gcd=12 a0=(2.102097387E-74,10.00000000) 
rho=(2.264342556E-82,-1.237556563E-81) contrib=(1.237556563E-80,2.264342556E-81\
)
COSET -2 c=12 d=11 gcd=12 a0=(2.994206561E-74,10.00000000) 
rho=(2.434431960E-80,-1.362641835E-80) contrib=(1.362641835E-79,2.434431960E-79\
)
COSET -2 c=12 d=13 gcd=12 a0=(10.00000000,3.994782842E-74) 
rho=(8.492587585E-81,-2.066749275E-80) contrib=(8.492587584E-80,-2.066749275E-7\
9)
COSET -2 c=12 d=17 gcd=12 a0=(-10.00000000,4.059075119E-74) 
rho=(-6.229328028E-82,-3.390706985E-82) contrib=(6.229328028E-81,3.390706985E-8\
1)
COSET -2 c=12 d=23 gcd=12 a0=(3.490644062E-74,10.00000000) 
rho=(2.434431960E-80,-1.362641835E-80) contrib=(1.362641835E-79,2.434431960E-79\
)
COSET -2 c=21 d=1 gcd=21 a0=(-5.000000000,5.000000000) 
rho=(-0.2500000000,-0.2500000000) contrib=(2.500000000,-5.455381863E-74)
COSET -2 c=21 d=2 gcd=21 a0=(5.000000000,-5.000000000) 
rho=(0.2500000000,0.2500000000) contrib=(2.500000000,1.679993447E-73)
COSET -2 c=21 d=4 gcd=21 a0=(-5.000000000,5.000000000) 
rho=(-0.2500000000,-0.2500000000) contrib=(2.500000000,-1.797175987E-73)
COSET -2 c=21 d=11 gcd=21 a0=(5.000000000,-5.000000000) 
rho=(0.2500000000,0.2500000000) contrib=(2.500000000,5.717234668E-74)
COSET -2 c=28 d=1 gcd=28 a0=(4.000000000,-8.416481769E-74) 
rho=(-5.717573605E-80,-5.722907455E-81) contrib=(-2.287029442E-79,-2.289162982E\
-80)
COSET -2 c=28 d=3 gcd=28 a0=(-1.083836661E-73,-4.000000000) 
rho=(6.942592176E-81,1.101500784E-81) contrib=(4.406003135E-81,-2.777036870E-80\
)
COSET -2 c=28 d=5 gcd=28 a0=(-4.000000000,-2.859985717E-73) 
rho=(-1.546110593E-80,-3.245020304E-81) contrib=(6.184442371E-80,1.298008122E-8\
0)
FORM -1:
  c_eta(0)[1] (trivial) = -6.86148773403E-72 + -6.57603015220E-72 i   (half: 
-3.43074386702E-72)
  c_eta(0)[2] = 4.00000000000 + -3.74178895512E-72 i   (half: 2.00000000000)
  c_eta(0)[3] = 4.00000000000 + -3.74169591058E-72 i   (half: 2.00000000000)
COSET -1 c=0 d=1 gcd=84 a0=(-4904.000000,-8.686970484E-73) 
rho=(0.0000000000,0.0000000000) contrib=(0.0000000000,-0.0000000000)
COSET -1 c=1 d=0 gcd=1 a0=(-2443.000000,2443.000000) 
rho=(0.01190476190,0.01190476190) contrib=(-58.16666667,7.844931017E-73)
COSET -1 c=1 d=1 gcd=1 a0=(-2443.000000,2443.000000) 
rho=(0.01190476190,0.01190476190) contrib=(-58.16666667,-1.832512718E-75)
COSET -1 c=1 d=2 gcd=1 a0=(-2443.000000,2443.000000) 
rho=(0.01190476190,0.01190476190) contrib=(-58.16666667,-7.303731121E-76)
COSET -1 c=1 d=3 gcd=1 a0=(-2443.000000,2443.000000) 
rho=(0.01190476190,0.01190476190) contrib=(-58.16666667,-7.237931741E-77)
COSET -1 c=1 d=4 gcd=1 a0=(-2443.000000,2443.000000) 
rho=(0.01190476190,0.01190476190) contrib=(-58.16666667,1.480486038E-77)
COSET -1 c=1 d=5 gcd=1 a0=(-2443.000000,2443.000000) 
rho=(0.01190476190,0.01190476190) contrib=(-58.16666667,2.048005686E-76)
COSET -1 c=1 d=6 gcd=1 a0=(-2443.000000,2443.000000) 
rho=(0.01190476190,0.01190476190) contrib=(-58.16666667,1.644984487E-76)
COSET -1 c=1 d=7 gcd=1 a0=(-2443.000000,2443.000000) 
rho=(0.01190476190,0.01190476190) contrib=(-58.16666667,6.514138567E-76)
COSET -1 c=1 d=8 gcd=1 a0=(-2443.000000,2443.000000) 
rho=(0.01190476190,0.01190476190) contrib=(-58.16666667,1.521610650E-76)
COSET -1 c=1 d=9 gcd=1 a0=(-2443.000000,2443.000000) 
rho=(0.01190476190,0.01190476190) contrib=(-58.16666667,1.250188210E-76)
COSET -1 c=1 d=10 gcd=1 a0=(-2443.000000,2443.000000) 
rho=(0.01190476190,0.01190476190) contrib=(-58.16666667,1.834157703E-76)
COSET -1 c=1 d=11 gcd=1 a0=(-2443.000000,2443.000000) 
rho=(0.01190476190,0.01190476190) contrib=(-58.16666667,6.662187171E-77)
COSET -1 c=1 d=12 gcd=1 a0=(-2443.000000,2443.000000) 
rho=(0.01190476190,0.01190476190) contrib=(-58.16666667,5.469573418E-76)
COSET -1 c=1 d=13 gcd=1 a0=(-2443.000000,2443.000000) 
rho=(0.01190476190,0.01190476190) contrib=(-58.16666667,1.786453152E-75)
COSET -1 c=1 d=14 gcd=1 a0=(-2443.000000,2443.000000) 
rho=(0.01190476190,0.01190476190) contrib=(-58.16666667,-5.099451909E-76)
COSET -1 c=1 d=15 gcd=1 a0=(-2443.000000,2443.000000) 
rho=(0.01190476190,0.01190476190) contrib=(-58.16666667,1.891732160E-76)
COSET -1 c=1 d=16 gcd=1 a0=(-2443.000000,2443.000000) 
rho=(0.01190476190,0.01190476190) contrib=(-58.16666667,6.267390895E-76)
COSET -1 c=1 d=17 gcd=1 a0=(-2443.000000,2443.000000) 
rho=(0.01190476190,0.01190476190) contrib=(-58.16666667,-6.004193376E-77)
COSET -1 c=1 d=18 gcd=1 a0=(-2443.000000,2443.000000) 
rho=(0.01190476190,0.01190476190) contrib=(-58.16666667,2.681324713E-76)
COSET -1 c=1 d=19 gcd=1 a0=(-2443.000000,2443.000000) 
rho=(0.01190476190,0.01190476190) contrib=(-58.16666667,1.776583246E-76)
COSET -1 c=1 d=20 gcd=1 a0=(-2443.000000,2443.000000) 
rho=(0.01190476190,0.01190476190) contrib=(-58.16666667,-3.289968974E-76)
COSET -1 c=1 d=21 gcd=1 a0=(-2443.000000,2443.000000) 
rho=(0.01190476190,0.01190476190) contrib=(-58.16666667,-5.658746634E-76)
COSET -1 c=1 d=22 gcd=1 a0=(-2443.000000,2443.000000) 
rho=(0.01190476190,0.01190476190) contrib=(-58.16666667,1.246075749E-75)
COSET -1 c=1 d=23 gcd=1 a0=(-2443.000000,2443.000000) 
rho=(0.01190476190,0.01190476190) contrib=(-58.16666667,-4.786904856E-76)
COSET -1 c=1 d=24 gcd=1 a0=(-2443.000000,2443.000000) 
rho=(0.01190476190,0.01190476190) contrib=(-58.16666667,1.325035004E-75)
COSET -1 c=1 d=25 gcd=1 a0=(-2443.000000,2443.000000) 
rho=(0.01190476190,0.01190476190) contrib=(-58.16666667,1.405639244E-75)
COSET -1 c=1 d=26 gcd=1 a0=(-2443.000000,2443.000000) 
rho=(0.01190476190,0.01190476190) contrib=(-58.16666667,-3.164950152E-75)
COSET -1 c=1 d=27 gcd=1 a0=(-2443.000000,2443.000000) 
rho=(0.01190476190,0.01190476190) contrib=(-58.16666667,-3.447064992E-75)
COSET -1 c=1 d=28 gcd=1 a0=(-2443.000000,2443.000000) 
rho=(0.01190476190,0.01190476190) contrib=(-58.16666667,-9.906919071E-75)
COSET -1 c=1 d=29 gcd=1 a0=(-2443.000000,2443.000000) 
rho=(0.01190476190,0.01190476190) contrib=(-58.16666667,2.127787434E-75)
COSET -1 c=1 d=30 gcd=1 a0=(-2443.000000,2443.000000) 
rho=(0.01190476190,0.01190476190) contrib=(-58.16666667,2.467476730E-75)
COSET -1 c=1 d=31 gcd=1 a0=(-2443.000000,2443.000000) 
rho=(0.01190476190,0.01190476190) contrib=(-58.16666667,4.211160286E-76)
COSET -1 c=1 d=32 gcd=1 a0=(-2443.000000,2443.000000) 
rho=(0.01190476190,0.01190476190) contrib=(-58.16666667,8.109773519E-76)
COSET -1 c=1 d=33 gcd=1 a0=(-2443.000000,2443.000000) 
rho=(0.01190476190,0.01190476190) contrib=(-58.16666667,-1.447586348E-76)
COSET -1 c=1 d=34 gcd=1 a0=(-2443.000000,2443.000000) 
rho=(0.01190476190,0.01190476190) contrib=(-58.16666667,1.534770526E-75)
COSET -1 c=1 d=35 gcd=1 a0=(-2443.000000,2443.000000) 
rho=(0.01190476190,0.01190476190) contrib=(-58.16666667,-4.398688517E-75)
COSET -1 c=1 d=36 gcd=1 a0=(-2443.000000,2443.000000) 
rho=(0.01190476190,0.01190476190) contrib=(-58.16666667,-9.779432773E-76)
COSET -1 c=1 d=37 gcd=1 a0=(-2443.000000,2443.000000) 
rho=(0.01190476190,0.01190476190) contrib=(-58.16666667,-1.141619234E-75)
COSET -1 c=1 d=38 gcd=1 a0=(-2443.000000,2443.000000) 
rho=(0.01190476190,0.01190476190) contrib=(-58.16666667,-7.879475691E-76)
COSET -1 c=1 d=39 gcd=1 a0=(-2443.000000,2443.000000) 
rho=(0.01190476190,0.01190476190) contrib=(-58.16666667,-9.121438979E-76)
COSET -1 c=1 d=40 gcd=1 a0=(-2443.000000,2443.000000) 
rho=(0.01190476190,0.01190476190) contrib=(-58.16666667,5.128239137E-75)
COSET -1 c=1 d=41 gcd=1 a0=(-2443.000000,2443.000000) 
rho=(0.01190476190,0.01190476190) contrib=(-58.16666667,-2.057053101E-75)
COSET -1 c=1 d=42 gcd=1 a0=(-2443.000000,2443.000000) 
rho=(0.01190476190,0.01190476190) contrib=(-58.16666667,-7.974884791E-75)
COSET -1 c=1 d=43 gcd=1 a0=(-2443.000000,2443.000000) 
rho=(0.01190476190,0.01190476190) contrib=(-58.16666667,-2.492973989E-75)
COSET -1 c=1 d=44 gcd=1 a0=(-2443.000000,2443.000000) 
rho=(0.01190476190,0.01190476190) contrib=(-58.16666667,-5.379099272E-76)
COSET -1 c=1 d=45 gcd=1 a0=(-2443.000000,2443.000000) 
rho=(0.01190476190,0.01190476190) contrib=(-58.16666667,-2.631975179E-76)
COSET -1 c=1 d=46 gcd=1 a0=(-2443.000000,2443.000000) 
rho=(0.01190476190,0.01190476190) contrib=(-58.16666667,-6.102892445E-76)
COSET -1 c=1 d=47 gcd=1 a0=(-2443.000000,2443.000000) 
rho=(0.01190476190,0.01190476190) contrib=(-58.16666667,7.863025846E-76)
COSET -1 c=1 d=48 gcd=1 a0=(-2443.000000,2443.000000) 
rho=(0.01190476190,0.01190476190) contrib=(-58.16666667,-3.326158632E-75)
COSET -1 c=1 d=49 gcd=1 a0=(-2443.000000,2443.000000) 
rho=(0.01190476190,0.01190476190) contrib=(-58.16666667,-5.225293222E-75)
COSET -1 c=1 d=50 gcd=1 a0=(-2443.000000,2443.000000) 
rho=(0.01190476190,0.01190476190) contrib=(-58.16666667,-4.499855063E-75)
COSET -1 c=1 d=51 gcd=1 a0=(-2443.000000,2443.000000) 
rho=(0.01190476190,0.01190476190) contrib=(-58.16666667,-2.631975179E-77)
COSET -1 c=1 d=52 gcd=1 a0=(-2443.000000,2443.000000) 
rho=(0.01190476190,0.01190476190) contrib=(-58.16666667,-4.927551030E-75)
COSET -1 c=1 d=53 gcd=1 a0=(-2443.000000,2443.000000) 
rho=(0.01190476190,0.01190476190) contrib=(-58.16666667,-1.538882987E-75)
COSET -1 c=1 d=54 gcd=1 a0=(-2443.000000,2443.000000) 
rho=(0.01190476190,0.01190476190) contrib=(-58.16666667,1.348558282E-74)
COSET -1 c=1 d=55 gcd=1 a0=(-2443.000000,2443.000000) 
rho=(0.01190476190,0.01190476190) contrib=(-58.16666667,9.864149474E-75)
COSET -1 c=1 d=56 gcd=1 a0=(-2443.000000,2443.000000) 
rho=(0.01190476190,0.01190476190) contrib=(-58.16666667,9.694716072E-75)
COSET -1 c=1 d=57 gcd=1 a0=(-2443.000000,2443.000000) 
rho=(0.01190476190,0.01190476190) contrib=(-58.16666667,-2.916557495E-75)
COSET -1 c=1 d=58 gcd=1 a0=(-2443.000000,2443.000000) 
rho=(0.01190476190,0.01190476190) contrib=(-58.16666667,-3.722599893E-75)
COSET -1 c=1 d=59 gcd=1 a0=(-2443.000000,2443.000000) 
rho=(0.01190476190,0.01190476190) contrib=(-58.16666667,-3.800736656E-75)
COSET -1 c=1 d=60 gcd=1 a0=(-2443.000000,2443.000000) 
rho=(0.01190476190,0.01190476190) contrib=(-58.16666667,-8.043151647E-75)
COSET -1 c=1 d=61 gcd=1 a0=(-2443.000000,2443.000000) 
rho=(0.01190476190,0.01190476190) contrib=(-58.16666667,-7.908262920E-75)
COSET -1 c=1 d=62 gcd=1 a0=(-2443.000000,2443.000000) 
rho=(0.01190476190,0.01190476190) contrib=(-58.16666667,8.850016538E-76)
COSET -1 c=1 d=63 gcd=1 a0=(-2443.000000,2443.000000) 
rho=(0.01190476190,0.01190476190) contrib=(-58.16666667,-7.343210748E-75)
COSET -1 c=1 d=64 gcd=1 a0=(-2443.000000,2443.000000) 
rho=(0.01190476190,0.01190476190) contrib=(-58.16666667,1.932856772E-75)
COSET -1 c=1 d=65 gcd=1 a0=(-2443.000000,2443.000000) 
rho=(0.01190476190,0.01190476190) contrib=(-58.16666667,6.839845496E-75)
COSET -1 c=1 d=66 gcd=1 a0=(-2443.000000,2443.000000) 
rho=(0.01190476190,0.01190476190) contrib=(-58.16666667,-1.123524404E-75)
COSET -1 c=1 d=67 gcd=1 a0=(-2443.000000,2443.000000) 
rho=(0.01190476190,0.01190476190) contrib=(-58.16666667,-6.165401856E-75)
COSET -1 c=1 d=68 gcd=1 a0=(-2443.000000,2443.000000) 
rho=(0.01190476190,0.01190476190) contrib=(-58.16666667,-9.998215710E-75)
COSET -1 c=1 d=69 gcd=1 a0=(-2443.000000,2443.000000) 
rho=(0.01190476190,0.01190476190) contrib=(-58.16666667,-3.120124325E-74)
COSET -1 c=1 d=70 gcd=1 a0=(-2443.000000,2443.000000) 
rho=(0.01190476190,0.01190476190) contrib=(-58.16666667,-3.707795033E-75)
COSET -1 c=1 d=71 gcd=1 a0=(-2443.000000,2443.000000) 
rho=(0.01190476190,0.01190476190) contrib=(-58.16666667,2.129432418E-74)
COSET -1 c=1 d=72 gcd=1 a0=(-2443.000000,2443.000000) 
rho=(0.01190476190,0.01190476190) contrib=(-58.16666667,-4.350983967E-75)
COSET -1 c=1 d=73 gcd=1 a0=(-2443.000000,2443.000000) 
rho=(0.01190476190,0.01190476190) contrib=(-58.16666667,9.356671761E-75)
COSET -1 c=1 d=74 gcd=1 a0=(-2443.000000,2443.000000) 
rho=(0.01190476190,0.01190476190) contrib=(-58.16666667,2.069390484E-75)
COSET -1 c=1 d=75 gcd=1 a0=(-2443.000000,2443.000000) 
rho=(0.01190476190,0.01190476190) contrib=(-58.16666667,-7.033953665E-75)
COSET -1 c=1 d=76 gcd=1 a0=(-2443.000000,2443.000000) 
rho=(0.01190476190,0.01190476190) contrib=(-58.16666667,6.448339188E-75)
COSET -1 c=1 d=77 gcd=1 a0=(-2443.000000,2443.000000) 
rho=(0.01190476190,0.01190476190) contrib=(-58.16666667,9.977653404E-75)
COSET -1 c=1 d=78 gcd=1 a0=(-2443.000000,2443.000000) 
rho=(0.01190476190,0.01190476190) contrib=(-58.16666667,-9.438098492E-75)
COSET -1 c=1 d=79 gcd=1 a0=(-2443.000000,2443.000000) 
rho=(0.01190476190,0.01190476190) contrib=(-58.16666667,1.114476990E-74)
COSET -1 c=1 d=80 gcd=1 a0=(-2443.000000,2443.000000) 
rho=(0.01190476190,0.01190476190) contrib=(-58.16666667,-4.740845291E-75)
COSET -1 c=1 d=81 gcd=1 a0=(-2443.000000,2443.000000) 
rho=(0.01190476190,0.01190476190) contrib=(-58.16666667,-7.421347512E-75)
COSET -1 c=1 d=82 gcd=1 a0=(-2443.000000,2443.000000) 
rho=(0.01190476190,0.01190476190) contrib=(-58.16666667,-1.395604839E-74)
COSET -1 c=1 d=83 gcd=1 a0=(-2443.000000,2443.000000) 
rho=(0.01190476190,0.01190476190) contrib=(-58.16666667,1.408312344E-73)
COSET -1 c=3 d=1 gcd=3 a0=(2444.000000,2444.000000) 
rho=(0.03571428571,-0.03571428571) contrib=(174.5714286,3.900973692E-74)
COSET -1 c=3 d=2 gcd=3 a0=(2444.000000,2444.000000) 
rho=(0.03571428571,-0.03571428571) contrib=(174.5714286,3.067695896E-74)
COSET -1 c=3 d=4 gcd=3 a0=(2444.000000,2444.000000) 
rho=(0.03571428571,-0.03571428571) contrib=(174.5714286,7.383076853E-74)
COSET -1 c=3 d=5 gcd=3 a0=(2444.000000,2444.000000) 
rho=(0.03571428571,-0.03571428571) contrib=(174.5714286,2.953204976E-74)
COSET -1 c=3 d=7 gcd=3 a0=(2444.000000,2444.000000) 
rho=(0.03571428571,-0.03571428571) contrib=(174.5714286,-6.865120777E-74)
COSET -1 c=3 d=8 gcd=3 a0=(2444.000000,2444.000000) 
rho=(0.03571428571,-0.03571428571) contrib=(174.5714286,-3.083230096E-74)
COSET -1 c=3 d=10 gcd=3 a0=(2444.000000,2444.000000) 
rho=(0.03571428571,-0.03571428571) contrib=(174.5714286,-8.325867001E-74)
COSET -1 c=3 d=11 gcd=3 a0=(2444.000000,2444.000000) 
rho=(0.03571428571,-0.03571428571) contrib=(174.5714286,2.697261046E-73)
COSET -1 c=3 d=13 gcd=3 a0=(2444.000000,2444.000000) 
rho=(0.03571428571,-0.03571428571) contrib=(174.5714286,-2.676332280E-74)
COSET -1 c=3 d=14 gcd=3 a0=(2444.000000,2444.000000) 
rho=(0.03571428571,-0.03571428571) contrib=(174.5714286,-1.748934624E-73)
COSET -1 c=3 d=16 gcd=3 a0=(2444.000000,2444.000000) 
rho=(0.03571428571,-0.03571428571) contrib=(174.5714286,1.306024731E-73)
COSET -1 c=3 d=17 gcd=3 a0=(2444.000000,2444.000000) 
rho=(0.03571428571,-0.03571428571) contrib=(174.5714286,-2.162681122E-73)
COSET -1 c=3 d=19 gcd=3 a0=(2444.000000,2444.000000) 
rho=(0.03571428571,-0.03571428571) contrib=(174.5714286,-1.619415680E-73)
COSET -1 c=3 d=20 gcd=3 a0=(2444.000000,2444.000000) 
rho=(0.03571428571,-0.03571428571) contrib=(174.5714286,-6.193156312E-73)
COSET -1 c=3 d=22 gcd=3 a0=(2444.000000,2444.000000) 
rho=(0.03571428571,-0.03571428571) contrib=(174.5714286,-5.996568968E-74)
COSET -1 c=3 d=23 gcd=3 a0=(2444.000000,2444.000000) 
rho=(0.03571428571,-0.03571428571) contrib=(174.5714286,-8.685389264E-74)
COSET -1 c=3 d=25 gcd=3 a0=(2444.000000,2444.000000) 
rho=(0.03571428571,-0.03571428571) contrib=(174.5714286,2.029686307E-73)
COSET -1 c=3 d=26 gcd=3 a0=(2444.000000,2444.000000) 
rho=(0.03571428571,-0.03571428571) contrib=(174.5714286,-1.157146599E-72)
COSET -1 c=3 d=28 gcd=3 a0=(2444.000000,2444.000000) 
rho=(0.03571428571,-0.03571428571) contrib=(174.5714286,-1.028800450E-73)
COSET -1 c=3 d=31 gcd=3 a0=(2444.000000,2444.000000) 
rho=(0.03571428571,-0.03571428571) contrib=(174.5714286,-1.288971196E-73)
COSET -1 c=3 d=34 gcd=3 a0=(2444.000000,2444.000000) 
rho=(0.03571428571,-0.03571428571) contrib=(174.5714286,5.736428549E-73)
COSET -1 c=3 d=37 gcd=3 a0=(2444.000000,2444.000000) 
rho=(0.03571428571,-0.03571428571) contrib=(174.5714286,-4.347852749E-73)
COSET -1 c=3 d=40 gcd=3 a0=(2444.000000,2444.000000) 
rho=(0.03571428571,-0.03571428571) contrib=(174.5714286,2.064867352E-72)
COSET -1 c=3 d=43 gcd=3 a0=(2444.000000,2444.000000) 
rho=(0.03571428571,-0.03571428571) contrib=(174.5714286,9.949694416E-73)
COSET -1 c=3 d=46 gcd=3 a0=(2444.000000,2444.000000) 
rho=(0.03571428571,-0.03571428571) contrib=(174.5714286,3.053476708E-72)
COSET -1 c=3 d=49 gcd=3 a0=(2444.000000,2444.000000) 
rho=(0.03571428571,-0.03571428571) contrib=(174.5714286,-3.045730972E-72)
COSET -1 c=3 d=52 gcd=3 a0=(2444.000000,2444.000000) 
rho=(0.03571428571,-0.03571428571) contrib=(174.5714286,9.293543004E-73)
COSET -1 c=3 d=55 gcd=3 a0=(2444.000000,2444.000000) 
rho=(0.03571428571,-0.03571428571) contrib=(174.5714286,-5.554582352E-72)
COSET -1 c=4 d=1 gcd=4 a0=(4896.000000,-4.818714141E-74) 
rho=(6.240604675E-81,2.563973923E-81) contrib=(3.055400049E-77,1.255321633E-77)
COSET -1 c=4 d=3 gcd=4 a0=(1.050494160E-72,4896.000000) 
rho=(-4.549460422E-82,-6.127652555E-81) contrib=(3.000098691E-77,-2.227415823E-\
78)
COSET -1 c=4 d=5 gcd=4 a0=(4896.000000,9.604297342E-73) 
rho=(6.240604675E-81,2.563973923E-81) contrib=(3.055400049E-77,1.255321633E-77)
COSET -1 c=4 d=7 gcd=4 a0=(-5.985960650E-72,4896.000000) 
rho=(-4.549460422E-82,-6.127652555E-81) contrib=(3.000098691E-77,-2.227415823E-\
78)
COSET -1 c=4 d=9 gcd=4 a0=(4896.000000,-1.913142174E-72) 
rho=(6.240604675E-81,2.563973923E-81) contrib=(3.055400049E-77,1.255321633E-77)
COSET -1 c=4 d=11 gcd=4 a0=(4.527823285E-72,4896.000000) 
rho=(-4.549460422E-82,-6.127652555E-81) contrib=(3.000098691E-77,-2.227415823E-\
78)
COSET -1 c=4 d=13 gcd=4 a0=(4896.000000,-1.457845492E-72) 
rho=(6.240604675E-81,2.563973923E-81) contrib=(3.055400049E-77,1.255321633E-77)
COSET -1 c=4 d=15 gcd=4 a0=(1.395015597E-71,4896.000000) 
rho=(-4.549460422E-82,-6.127652555E-81) contrib=(3.000098691E-77,-2.227415823E-\
78)
COSET -1 c=4 d=17 gcd=4 a0=(4896.000000,-8.446400744E-72) 
rho=(6.240604675E-81,2.563973923E-81) contrib=(3.055400049E-77,1.255321633E-77)
COSET -1 c=4 d=19 gcd=4 a0=(-1.578063322E-71,4896.000000) 
rho=(-4.549460422E-82,-6.127652555E-81) contrib=(3.000098691E-77,-2.227415823E-\
78)
COSET -1 c=4 d=21 gcd=4 a0=(4896.000000,-1.076541458E-71) 
rho=(6.240604675E-81,2.563973923E-81) contrib=(3.055400049E-77,1.255321633E-77)
COSET -1 c=4 d=23 gcd=4 a0=(-2.746475470E-72,4896.000000) 
rho=(-4.549460422E-82,-6.127652555E-81) contrib=(3.000098691E-77,-2.227415823E-\
78)
COSET -1 c=4 d=25 gcd=4 a0=(4896.000000,-2.128245680E-71) 
rho=(6.240604675E-81,2.563973923E-81) contrib=(3.055400049E-77,1.255321633E-77)
COSET -1 c=4 d=27 gcd=4 a0=(-6.915960257E-72,4896.000000) 
rho=(-4.549460422E-82,-6.127652555E-81) contrib=(3.000098691E-77,-2.227415823E-\
78)
COSET -1 c=4 d=29 gcd=4 a0=(4896.000000,1.310898716E-71) 
rho=(6.240604675E-81,2.563973923E-81) contrib=(3.055400049E-77,1.255321633E-77)
COSET -1 c=4 d=31 gcd=4 a0=(-1.101061041E-71,4896.000000) 
rho=(-4.549460422E-82,-6.127652555E-81) contrib=(3.000098691E-77,-2.227415823E-\
78)
COSET -1 c=4 d=33 gcd=4 a0=(4896.000000,9.336047152E-72) 
rho=(6.240604675E-81,2.563973923E-81) contrib=(3.055400049E-77,1.255321633E-77)
COSET -1 c=4 d=35 gcd=4 a0=(-1.169314969E-71,4896.000000) 
rho=(-4.549460422E-82,-6.127652555E-81) contrib=(3.000098691E-77,-2.227415823E-\
78)
COSET -1 c=4 d=37 gcd=4 a0=(4896.000000,-3.307975074E-71) 
rho=(6.240604675E-81,2.563973923E-81) contrib=(3.055400049E-77,1.255321633E-77)
COSET -1 c=4 d=39 gcd=4 a0=(3.815663637E-72,4896.000000) 
rho=(-4.549460422E-82,-6.127652555E-81) contrib=(3.000098691E-77,-2.227415823E-\
78)
COSET -1 c=4 d=41 gcd=4 a0=(4896.000000,6.566489745E-71) 
rho=(6.240604675E-81,2.563973923E-81) contrib=(3.055400049E-77,1.255321633E-77)
COSET -1 c=7 d=1 gcd=7 a0=(2444.000000,2444.000000) 
rho=(0.08333333334,-0.08333333334) contrib=(407.3333333,-2.547695489E-73)
COSET -1 c=7 d=2 gcd=7 a0=(2444.000000,2444.000000) 
rho=(0.08333333334,-0.08333333334) contrib=(407.3333333,-1.888620958E-73)
COSET -1 c=7 d=3 gcd=7 a0=(2444.000000,2444.000000) 
rho=(0.08333333334,-0.08333333334) contrib=(407.3333333,-9.486466960E-74)
COSET -1 c=7 d=4 gcd=7 a0=(2444.000000,2444.000000) 
rho=(0.08333333334,-0.08333333334) contrib=(407.3333333,1.764452575E-73)
COSET -1 c=7 d=5 gcd=7 a0=(-2444.000000,-2444.000000) 
rho=(-0.08333333334,0.08333333334) contrib=(407.3333333,-2.751483302E-73)
COSET -1 c=7 d=6 gcd=7 a0=(2444.000000,2444.000000) 
rho=(0.08333333334,-0.08333333334) contrib=(407.3333333,2.284286304E-73)
COSET -1 c=7 d=8 gcd=7 a0=(2444.000000,2444.000000) 
rho=(0.08333333334,-0.08333333334) contrib=(407.3333333,-2.361039099E-73)
COSET -1 c=7 d=9 gcd=7 a0=(2444.000000,2444.000000) 
rho=(0.08333333334,-0.08333333334) contrib=(407.3333333,2.976650959E-73)
COSET -1 c=7 d=10 gcd=7 a0=(2444.000000,2444.000000) 
rho=(0.08333333334,-0.08333333334) contrib=(407.3333333,7.523089210E-73)
COSET -1 c=7 d=11 gcd=7 a0=(2444.000000,2444.000000) 
rho=(0.08333333334,-0.08333333334) contrib=(407.3333333,3.594053671E-73)
COSET -1 c=7 d=12 gcd=7 a0=(-2444.000000,-2444.000000) 
rho=(-0.08333333334,0.08333333334) contrib=(407.3333333,-3.937517116E-73)
COSET -1 c=7 d=19 gcd=7 a0=(-2444.000000,-2444.000000) 
rho=(-0.08333333334,0.08333333334) contrib=(407.3333333,-1.095780096E-72)
COSET -1 c=12 d=1 gcd=12 a0=(4900.000000,-1.318396166E-73) 
rho=(8.492587585E-81,-2.066749275E-80) contrib=(4.161367916E-77,-1.012707145E-7\
6)
COSET -1 c=12 d=5 gcd=12 a0=(-4900.000000,-2.196169103E-73) 
rho=(-6.229328028E-82,-3.390706985E-82) contrib=(3.052370734E-78,1.661446423E-7\
8)
COSET -1 c=12 d=7 gcd=12 a0=(1.754381794E-73,4900.000000) 
rho=(2.264342556E-82,-1.237556563E-81) contrib=(6.064027159E-78,1.109527853E-78\
)
COSET -1 c=12 d=11 gcd=12 a0=(2.700430799E-73,4900.000000) 
rho=(2.434431960E-80,-1.362641835E-80) contrib=(6.676944993E-77,1.192871660E-76\
)
COSET -1 c=12 d=13 gcd=12 a0=(4900.000000,1.656997520E-73) 
rho=(8.492587585E-81,-2.066749275E-80) contrib=(4.161367916E-77,-1.012707145E-7\
6)
COSET -1 c=12 d=17 gcd=12 a0=(-4900.000000,9.494536474E-74) 
rho=(-6.229328028E-82,-3.390706985E-82) contrib=(3.052370734E-78,1.661446423E-7\
8)
COSET -1 c=12 d=23 gcd=12 a0=(6.189812326E-73,4900.000000) 
rho=(2.434431960E-80,-1.362641835E-80) contrib=(6.676944993E-77,1.192871660E-76\
)
COSET -1 c=21 d=1 gcd=21 a0=(2443.000000,-2443.000000) 
rho=(-0.2500000000,-0.2500000000) contrib=(-1221.500000,-3.704698234E-73)
COSET -1 c=21 d=2 gcd=21 a0=(-2443.000000,2443.000000) 
rho=(0.2500000000,0.2500000000) contrib=(-1221.500000,1.122092076E-72)
COSET -1 c=21 d=4 gcd=21 a0=(2443.000000,-2443.000000) 
rho=(-0.2500000000,-0.2500000000) contrib=(-1221.500000,-1.366210806E-72)
COSET -1 c=21 d=11 gcd=21 a0=(-2443.000000,2443.000000) 
rho=(0.2500000000,0.2500000000) contrib=(-1221.500000,3.029096651E-73)
COSET -1 c=28 d=1 gcd=28 a0=(4896.000000,-4.877493597E-73) 
rho=(-5.717573605E-80,-5.722907455E-81) contrib=(-2.799324037E-76,-2.801935490E\
-77)
COSET -1 c=28 d=3 gcd=28 a0=(-3.997116982E-73,-4896.000000) 
rho=(6.942592176E-81,1.101500784E-81) contrib=(5.392947837E-78,-3.399093129E-77\
)
COSET -1 c=28 d=5 gcd=28 a0=(-4896.000000,-1.502932310E-72) 
rho=(-1.546110593E-80,-3.245020304E-81) contrib=(7.569757462E-77,1.588761941E-7\
7)
FORM 9:
  c_eta(0)[1] (trivial) = -9.60903830670E-72 + 4.99442654712E-72 i   (half: 
-4.80451915335E-72)
  c_eta(0)[2] = 8.00000000000 + 3.58363403272E-72 i   (half: 4.00000000000)
  c_eta(0)[3] = 8.00000000000 + 3.58363372049E-72 i   (half: 4.00000000000)
COSET 9 c=0 d=1 gcd=84 a0=(-28.00000000,8.079667659E-75) 
rho=(0.0000000000,0.0000000000) contrib=(-0.0000000000,0.0000000000)
COSET 9 c=1 d=0 gcd=1 a0=(5.000000000,-5.000000000) 
rho=(0.01190476190,0.01190476190) contrib=(0.1190476190,1.531614212E-72)
COSET 9 c=1 d=1 gcd=1 a0=(5.000000000,-5.000000000) 
rho=(0.01190476190,0.01190476190) contrib=(0.1190476190,-2.011404781E-75)
COSET 9 c=1 d=2 gcd=1 a0=(5.000000000,-5.000000000) 
rho=(0.01190476190,0.01190476190) contrib=(0.1190476190,-8.808891926E-76)
COSET 9 c=1 d=3 gcd=1 a0=(5.000000000,-5.000000000) 
rho=(0.01190476190,0.01190476190) contrib=(0.1190476190,-1.747796017E-76)
COSET 9 c=1 d=4 gcd=1 a0=(5.000000000,-5.000000000) 
rho=(0.01190476190,0.01190476190) contrib=(0.1190476190,-3.405117887E-76)
COSET 9 c=1 d=5 gcd=1 a0=(5.000000000,-5.000000000) 
rho=(0.01190476190,0.01190476190) contrib=(0.1190476190,4.021987070E-76)
COSET 9 c=1 d=6 gcd=1 a0=(5.000000000,-5.000000000) 
rho=(0.01190476190,0.01190476190) contrib=(0.1190476190,-8.471670107E-77)
COSET 9 c=1 d=7 gcd=1 a0=(5.000000000,-5.000000000) 
rho=(0.01190476190,0.01190476190) contrib=(0.1190476190,1.401526783E-75)
COSET 9 c=1 d=8 gcd=1 a0=(5.000000000,-5.000000000) 
rho=(0.01190476190,0.01190476190) contrib=(0.1190476190,-7.114557905E-77)
COSET 9 c=1 d=9 gcd=1 a0=(5.000000000,-5.000000000) 
rho=(0.01190476190,0.01190476190) contrib=(0.1190476190,1.809482935E-76)
COSET 9 c=1 d=10 gcd=1 a0=(5.000000000,-5.000000000) 
rho=(0.01190476190,0.01190476190) contrib=(0.1190476190,2.393452428E-76)
COSET 9 c=1 d=11 gcd=1 a0=(5.000000000,-5.000000000) 
rho=(0.01190476190,0.01190476190) contrib=(0.1190476190,-3.479142189E-76)
COSET 9 c=1 d=12 gcd=1 a0=(5.000000000,-5.000000000) 
rho=(0.01190476190,0.01190476190) contrib=(0.1190476190,1.427435288E-75)
COSET 9 c=1 d=13 gcd=1 a0=(5.000000000,-5.000000000) 
rho=(0.01190476190,0.01190476190) contrib=(0.1190476190,2.031967087E-75)
COSET 9 c=1 d=14 gcd=1 a0=(5.000000000,-5.000000000) 
rho=(0.01190476190,0.01190476190) contrib=(0.1190476190,-1.628534642E-76)
COSET 9 c=1 d=15 gcd=1 a0=(5.000000000,-5.000000000) 
rho=(0.01190476190,0.01190476190) contrib=(0.1190476190,8.261934584E-76)
COSET 9 c=1 d=16 gcd=1 a0=(5.000000000,-5.000000000) 
rho=(0.01190476190,0.01190476190) contrib=(0.1190476190,7.928825226E-76)
COSET 9 c=1 d=17 gcd=1 a0=(5.000000000,-5.000000000) 
rho=(0.01190476190,0.01190476190) contrib=(0.1190476190,7.135120211E-76)
COSET 9 c=1 d=18 gcd=1 a0=(5.000000000,-5.000000000) 
rho=(0.01190476190,0.01190476190) contrib=(0.1190476190,1.100083375E-75)
COSET 9 c=1 d=19 gcd=1 a0=(5.000000000,-5.000000000) 
rho=(0.01190476190,0.01190476190) contrib=(0.1190476190,1.034283996E-75)
COSET 9 c=1 d=20 gcd=1 a0=(5.000000000,-5.000000000) 
rho=(0.01190476190,0.01190476190) contrib=(0.1190476190,-7.447667264E-76)
COSET 9 c=1 d=21 gcd=1 a0=(5.000000000,-5.000000000) 
rho=(0.01190476190,0.01190476190) contrib=(0.1190476190,-2.108870112E-75)
COSET 9 c=1 d=22 gcd=1 a0=(5.000000000,-5.000000000) 
rho=(0.01190476190,0.01190476190) contrib=(0.1190476190,3.102029496E-75)
COSET 9 c=1 d=23 gcd=1 a0=(5.000000000,-5.000000000) 
rho=(0.01190476190,0.01190476190) contrib=(0.1190476190,-1.549575386E-75)
COSET 9 c=1 d=24 gcd=1 a0=(5.000000000,-5.000000000) 
rho=(0.01190476190,0.01190476190) contrib=(0.1190476190,3.534249170E-75)
COSET 9 c=1 d=25 gcd=1 a0=(5.000000000,-5.000000000) 
rho=(0.01190476190,0.01190476190) contrib=(0.1190476190,1.115299482E-75)
COSET 9 c=1 d=26 gcd=1 a0=(5.000000000,-5.000000000) 
rho=(0.01190476190,0.01190476190) contrib=(0.1190476190,-2.761106461E-75)
COSET 9 c=1 d=27 gcd=1 a0=(5.000000000,-5.000000000) 
rho=(0.01190476190,0.01190476190) contrib=(0.1190476190,-4.137135984E-75)
COSET 9 c=1 d=28 gcd=1 a0=(5.000000000,-5.000000000) 
rho=(0.01190476190,0.01190476190) contrib=(0.1190476190,-8.900599812E-75)
COSET 9 c=1 d=29 gcd=1 a0=(5.000000000,-5.000000000) 
rho=(0.01190476190,0.01190476190) contrib=(0.1190476190,-1.776583246E-75)
COSET 9 c=1 d=30 gcd=1 a0=(5.000000000,-5.000000000) 
rho=(0.01190476190,0.01190476190) contrib=(0.1190476190,8.600390143E-75)
COSET 9 c=1 d=31 gcd=1 a0=(5.000000000,-5.000000000) 
rho=(0.01190476190,0.01190476190) contrib=(0.1190476190,8.965165452E-76)
COSET 9 c=1 d=32 gcd=1 a0=(5.000000000,-5.000000000) 
rho=(0.01190476190,0.01190476190) contrib=(0.1190476190,2.128198680E-75)
COSET 9 c=1 d=33 gcd=1 a0=(5.000000000,-5.000000000) 
rho=(0.01190476190,0.01190476190) contrib=(0.1190476190,6.415439498E-77)
COSET 9 c=1 d=34 gcd=1 a0=(5.000000000,-5.000000000) 
rho=(0.01190476190,0.01190476190) contrib=(0.1190476190,2.595785520E-75)
COSET 9 c=1 d=35 gcd=1 a0=(5.000000000,-5.000000000) 
rho=(0.01190476190,0.01190476190) contrib=(0.1190476190,-1.044770772E-74)
COSET 9 c=1 d=36 gcd=1 a0=(5.000000000,-5.000000000) 
rho=(0.01190476190,0.01190476190) contrib=(0.1190476190,-3.341374739E-75)
COSET 9 c=1 d=37 gcd=1 a0=(5.000000000,-5.000000000) 
rho=(0.01190476190,0.01190476190) contrib=(0.1190476190,-2.131488649E-75)
COSET 9 c=1 d=38 gcd=1 a0=(5.000000000,-5.000000000) 
rho=(0.01190476190,0.01190476190) contrib=(0.1190476190,-2.295575851E-75)
COSET 9 c=1 d=39 gcd=1 a0=(5.000000000,-5.000000000) 
rho=(0.01190476190,0.01190476190) contrib=(0.1190476190,6.892484999E-76)
COSET 9 c=1 d=40 gcd=1 a0=(5.000000000,-5.000000000) 
rho=(0.01190476190,0.01190476190) contrib=(0.1190476190,1.815240381E-75)
COSET 9 c=1 d=41 gcd=1 a0=(5.000000000,-5.000000000) 
rho=(0.01190476190,0.01190476190) contrib=(0.1190476190,-1.365912869E-74)
COSET 9 c=1 d=42 gcd=1 a0=(5.000000000,-5.000000000) 
rho=(0.01190476190,0.01190476190) contrib=(0.1190476190,-1.559239670E-74)
COSET 9 c=1 d=43 gcd=1 a0=(5.000000000,-5.000000000) 
rho=(0.01190476190,0.01190476190) contrib=(0.1190476190,-9.757225483E-75)
COSET 9 c=1 d=44 gcd=1 a0=(5.000000000,-5.000000000) 
rho=(0.01190476190,0.01190476190) contrib=(0.1190476190,4.724395446E-75)
COSET 9 c=1 d=45 gcd=1 a0=(5.000000000,-5.000000000) 
rho=(0.01190476190,0.01190476190) contrib=(0.1190476190,-2.562474584E-75)
COSET 9 c=1 d=46 gcd=1 a0=(5.000000000,-5.000000000) 
rho=(0.01190476190,0.01190476190) contrib=(0.1190476190,-1.088979730E-75)
COSET 9 c=1 d=47 gcd=1 a0=(5.000000000,-5.000000000) 
rho=(0.01190476190,0.01190476190) contrib=(0.1190476190,4.716993016E-76)
COSET 9 c=1 d=48 gcd=1 a0=(5.000000000,-5.000000000) 
rho=(0.01190476190,0.01190476190) contrib=(0.1190476190,-1.331573817E-74)
COSET 9 c=1 d=49 gcd=1 a0=(5.000000000,-5.000000000) 
rho=(0.01190476190,0.01190476190) contrib=(0.1190476190,-3.707383787E-75)
COSET 9 c=1 d=50 gcd=1 a0=(5.000000000,-5.000000000) 
rho=(0.01190476190,0.01190476190) contrib=(0.1190476190,-5.046401159E-75)
COSET 9 c=1 d=51 gcd=1 a0=(5.000000000,-5.000000000) 
rho=(0.01190476190,0.01190476190) contrib=(0.1190476190,-2.163154600E-75)
COSET 9 c=1 d=52 gcd=1 a0=(5.000000000,-5.000000000) 
rho=(0.01190476190,0.01190476190) contrib=(0.1190476190,-1.045469890E-74)
COSET 9 c=1 d=53 gcd=1 a0=(5.000000000,-5.000000000) 
rho=(0.01190476190,0.01190476190) contrib=(0.1190476190,-4.366611320E-75)
COSET 9 c=1 d=54 gcd=1 a0=(5.000000000,-5.000000000) 
rho=(0.01190476190,0.01190476190) contrib=(0.1190476190,3.349517412E-74)
COSET 9 c=1 d=55 gcd=1 a0=(5.000000000,-5.000000000) 
rho=(0.01190476190,0.01190476190) contrib=(0.1190476190,1.099672129E-75)
COSET 9 c=1 d=56 gcd=1 a0=(5.000000000,-5.000000000) 
rho=(0.01190476190,0.01190476190) contrib=(0.1190476190,1.335110534E-74)
COSET 9 c=1 d=57 gcd=1 a0=(5.000000000,-5.000000000) 
rho=(0.01190476190,0.01190476190) contrib=(0.1190476190,-4.775389965E-75)
COSET 9 c=1 d=58 gcd=1 a0=(5.000000000,-5.000000000) 
rho=(0.01190476190,0.01190476190) contrib=(0.1190476190,-1.459347987E-74)
COSET 9 c=1 d=59 gcd=1 a0=(5.000000000,-5.000000000) 
rho=(0.01190476190,0.01190476190) contrib=(0.1190476190,-7.980230991E-75)
COSET 9 c=1 d=60 gcd=1 a0=(5.000000000,-5.000000000) 
rho=(0.01190476190,0.01190476190) contrib=(0.1190476190,-2.348009732E-74)
COSET 9 c=1 d=61 gcd=1 a0=(5.000000000,-5.000000000) 
rho=(0.01190476190,0.01190476190) contrib=(0.1190476190,-1.786823274E-74)
COSET 9 c=1 d=62 gcd=1 a0=(5.000000000,-5.000000000) 
rho=(0.01190476190,0.01190476190) contrib=(0.1190476190,-7.254381586E-76)
COSET 9 c=1 d=63 gcd=1 a0=(5.000000000,-5.000000000) 
rho=(0.01190476190,0.01190476190) contrib=(0.1190476190,-4.885603926E-75)
COSET 9 c=1 d=64 gcd=1 a0=(5.000000000,-5.000000000) 
rho=(0.01190476190,0.01190476190) contrib=(0.1190476190,8.371737299E-75)
COSET 9 c=1 d=65 gcd=1 a0=(5.000000000,-5.000000000) 
rho=(0.01190476190,0.01190476190) contrib=(0.1190476190,2.214807113E-74)
COSET 9 c=1 d=66 gcd=1 a0=(5.000000000,-5.000000000) 
rho=(0.01190476190,0.01190476190) contrib=(0.1190476190,-1.188912538E-75)
COSET 9 c=1 d=67 gcd=1 a0=(5.000000000,-5.000000000) 
rho=(0.01190476190,0.01190476190) contrib=(0.1190476190,-5.677252709E-75)
COSET 9 c=1 d=68 gcd=1 a0=(5.000000000,-5.000000000) 
rho=(0.01190476190,0.01190476190) contrib=(0.1190476190,-1.563475505E-74)
COSET 9 c=1 d=69 gcd=1 a0=(5.000000000,-5.000000000) 
rho=(0.01190476190,0.01190476190) contrib=(0.1190476190,-1.943137925E-74)
COSET 9 c=1 d=70 gcd=1 a0=(5.000000000,-5.000000000) 
rho=(0.01190476190,0.01190476190) contrib=(0.1190476190,-6.949236964E-75)
COSET 9 c=1 d=71 gcd=1 a0=(5.000000000,-5.000000000) 
rho=(0.01190476190,0.01190476190) contrib=(0.1190476190,-4.703010648E-75)
COSET 9 c=1 d=72 gcd=1 a0=(5.000000000,-5.000000000) 
rho=(0.01190476190,0.01190476190) contrib=(0.1190476190,1.562735262E-75)
COSET 9 c=1 d=73 gcd=1 a0=(5.000000000,-5.000000000) 
rho=(0.01190476190,0.01190476190) contrib=(0.1190476190,3.062220871E-74)
COSET 9 c=1 d=74 gcd=1 a0=(5.000000000,-5.000000000) 
rho=(0.01190476190,0.01190476190) contrib=(0.1190476190,3.906426910E-75)
COSET 9 c=1 d=75 gcd=1 a0=(5.000000000,-5.000000000) 
rho=(0.01190476190,0.01190476190) contrib=(0.1190476190,-6.534289627E-75)
COSET 9 c=1 d=76 gcd=1 a0=(5.000000000,-5.000000000) 
rho=(0.01190476190,0.01190476190) contrib=(0.1190476190,-6.931553381E-75)
COSET 9 c=1 d=77 gcd=1 a0=(5.000000000,-5.000000000) 
rho=(0.01190476190,0.01190476190) contrib=(0.1190476190,6.542103304E-75)
COSET 9 c=1 d=78 gcd=1 a0=(5.000000000,-5.000000000) 
rho=(0.01190476190,0.01190476190) contrib=(0.1190476190,-4.288803554E-74)
COSET 9 c=1 d=79 gcd=1 a0=(5.000000000,-5.000000000) 
rho=(0.01190476190,0.01190476190) contrib=(0.1190476190,2.873417777E-74)
COSET 9 c=1 d=80 gcd=1 a0=(5.000000000,-5.000000000) 
rho=(0.01190476190,0.01190476190) contrib=(0.1190476190,-1.330874699E-74)
COSET 9 c=1 d=81 gcd=1 a0=(5.000000000,-5.000000000) 
rho=(0.01190476190,0.01190476190) contrib=(0.1190476190,-1.664148556E-74)
COSET 9 c=1 d=82 gcd=1 a0=(5.000000000,-5.000000000) 
rho=(0.01190476190,0.01190476190) contrib=(0.1190476190,2.011774903E-74)
COSET 9 c=1 d=83 gcd=1 a0=(5.000000000,-5.000000000) 
rho=(0.01190476190,0.01190476190) contrib=(0.1190476190,2.033357099E-73)
COSET 9 c=3 d=1 gcd=3 a0=(-5.000000000,-5.000000000) 
rho=(0.03571428571,-0.03571428571) contrib=(-0.3571428571,-2.167432350E-74)
COSET 9 c=3 d=2 gcd=3 a0=(-5.000000000,-5.000000000) 
rho=(0.03571428571,-0.03571428571) contrib=(-0.3571428571,-1.792375360E-74)
COSET 9 c=3 d=4 gcd=3 a0=(-5.000000000,-5.000000000) 
rho=(0.03571428571,-0.03571428571) contrib=(-0.3571428571,-3.434728399E-74)
COSET 9 c=3 d=5 gcd=3 a0=(-5.000000000,-5.000000000) 
rho=(0.03571428571,-0.03571428571) contrib=(-0.3571428571,-1.642352775E-74)
COSET 9 c=3 d=7 gcd=3 a0=(-5.000000000,-5.000000000) 
rho=(0.03571428571,-0.03571428571) contrib=(-0.3571428571,3.035982578E-74)
COSET 9 c=3 d=8 gcd=3 a0=(-5.000000000,-5.000000000) 
rho=(0.03571428571,-0.03571428571) contrib=(-0.3571428571,4.275643414E-74)
COSET 9 c=3 d=10 gcd=3 a0=(-5.000000000,-5.000000000) 
rho=(0.03571428571,-0.03571428571) contrib=(-0.3571428571,6.233832420E-74)
COSET 9 c=3 d=11 gcd=3 a0=(-5.000000000,-5.000000000) 
rho=(0.03571428571,-0.03571428571) contrib=(-0.3571428571,-2.227440620E-73)
COSET 9 c=3 d=13 gcd=3 a0=(-5.000000000,-5.000000000) 
rho=(0.03571428571,-0.03571428571) contrib=(-0.3571428571,2.787260924E-74)
COSET 9 c=3 d=14 gcd=3 a0=(-5.000000000,-5.000000000) 
rho=(0.03571428571,-0.03571428571) contrib=(-0.3571428571,1.083320957E-73)
COSET 9 c=3 d=16 gcd=3 a0=(-5.000000000,-5.000000000) 
rho=(0.03571428571,-0.03571428571) contrib=(-0.3571428571,-7.323471725E-74)
COSET 9 c=3 d=17 gcd=3 a0=(-5.000000000,-5.000000000) 
rho=(0.03571428571,-0.03571428571) contrib=(-0.3571428571,1.779741589E-73)
COSET 9 c=3 d=19 gcd=3 a0=(-5.000000000,-5.000000000) 
rho=(0.03571428571,-0.03571428571) contrib=(-0.3571428571,8.428899719E-74)
COSET 9 c=3 d=20 gcd=3 a0=(-5.000000000,-5.000000000) 
rho=(0.03571428571,-0.03571428571) contrib=(-0.3571428571,4.943244156E-73)
COSET 9 c=3 d=22 gcd=3 a0=(-5.000000000,-5.000000000) 
rho=(0.03571428571,-0.03571428571) contrib=(-0.3571428571,2.534591306E-74)
COSET 9 c=3 d=23 gcd=3 a0=(-5.000000000,-5.000000000) 
rho=(0.03571428571,-0.03571428571) contrib=(-0.3571428571,3.110994398E-74)
COSET 9 c=3 d=25 gcd=3 a0=(-5.000000000,-5.000000000) 
rho=(0.03571428571,-0.03571428571) contrib=(-0.3571428571,-1.752500752E-73)
COSET 9 c=3 d=26 gcd=3 a0=(-5.000000000,-5.000000000) 
rho=(0.03571428571,-0.03571428571) contrib=(-0.3571428571,9.802396730E-73)
COSET 9 c=3 d=28 gcd=3 a0=(-5.000000000,-5.000000000) 
rho=(0.03571428571,-0.03571428571) contrib=(-0.3571428571,1.707888614E-73)
COSET 9 c=3 d=31 gcd=3 a0=(-5.000000000,-5.000000000) 
rho=(0.03571428571,-0.03571428571) contrib=(-0.3571428571,1.518781198E-73)
COSET 9 c=3 d=34 gcd=3 a0=(-5.000000000,-5.000000000) 
rho=(0.03571428571,-0.03571428571) contrib=(-0.3571428571,-3.436306872E-73)
COSET 9 c=3 d=37 gcd=3 a0=(-5.000000000,-5.000000000) 
rho=(0.03571428571,-0.03571428571) contrib=(-0.3571428571,5.661377819E-74)
COSET 9 c=3 d=40 gcd=3 a0=(-5.000000000,-5.000000000) 
rho=(0.03571428571,-0.03571428571) contrib=(-0.3571428571,-1.789216734E-72)
COSET 9 c=3 d=43 gcd=3 a0=(-5.000000000,-5.000000000) 
rho=(0.03571428571,-0.03571428571) contrib=(-0.3571428571,-7.362555845E-73)
COSET 9 c=3 d=46 gcd=3 a0=(-5.000000000,-5.000000000) 
rho=(0.03571428571,-0.03571428571) contrib=(-0.3571428571,-2.301622822E-72)
COSET 9 c=3 d=49 gcd=3 a0=(-5.000000000,-5.000000000) 
rho=(0.03571428571,-0.03571428571) contrib=(-0.3571428571,2.286186272E-72)
COSET 9 c=3 d=52 gcd=3 a0=(-5.000000000,-5.000000000) 
rho=(0.03571428571,-0.03571428571) contrib=(-0.3571428571,-8.066872403E-73)
COSET 9 c=3 d=55 gcd=3 a0=(-5.000000000,-5.000000000) 
rho=(0.03571428571,-0.03571428571) contrib=(-0.3571428571,3.985192049E-72)
COSET 9 c=4 d=1 gcd=4 a0=(10.00000000,1.183736900E-73) 
rho=(6.240604675E-81,2.563973923E-81) contrib=(6.240604675E-80,2.563973923E-80)
COSET 9 c=4 d=3 gcd=4 a0=(-8.074376333E-73,10.00000000) 
rho=(-4.549460422E-82,-6.127652555E-81) contrib=(6.127652555E-80,-4.549460422E-\
81)
COSET 9 c=4 d=5 gcd=4 a0=(10.00000000,-6.413204239E-73) 
rho=(6.240604675E-81,2.563973923E-81) contrib=(6.240604675E-80,2.563973923E-80)
COSET 9 c=4 d=7 gcd=4 a0=(4.495168219E-72,10.00000000) 
rho=(-4.549460422E-82,-6.127652555E-81) contrib=(6.127652555E-80,-4.549460422E-\
81)
COSET 9 c=4 d=9 gcd=4 a0=(10.00000000,1.248843652E-72) 
rho=(6.240604675E-81,2.563973923E-81) contrib=(6.240604675E-80,2.563973923E-80)
COSET 9 c=4 d=11 gcd=4 a0=(-3.014441347E-72,10.00000000) 
rho=(-4.549460422E-82,-6.127652555E-81) contrib=(6.127652555E-80,-4.549460422E-\
81)
COSET 9 c=4 d=13 gcd=4 a0=(10.00000000,1.110955868E-72) 
rho=(6.240604675E-81,2.563973923E-81) contrib=(6.240604675E-80,2.563973923E-80)
COSET 9 c=4 d=15 gcd=4 a0=(-1.013468546E-71,10.00000000) 
rho=(-4.549460422E-82,-6.127652555E-81) contrib=(6.127652555E-80,-4.549460422E-\
81)
COSET 9 c=4 d=17 gcd=4 a0=(10.00000000,6.312339252E-72) 
rho=(6.240604675E-81,2.563973923E-81) contrib=(6.240604675E-80,2.563973923E-80)
COSET 9 c=4 d=19 gcd=4 a0=(1.168297898E-71,10.00000000) 
rho=(-4.549460422E-82,-6.127652555E-81) contrib=(6.127652555E-80,-4.549460422E-\
81)
COSET 9 c=4 d=21 gcd=4 a0=(10.00000000,8.101861126E-72) 
rho=(6.240604675E-81,2.563973923E-81) contrib=(6.240604675E-80,2.563973923E-80)
COSET 9 c=4 d=23 gcd=4 a0=(1.562015594E-72,10.00000000) 
rho=(-4.549460422E-82,-6.127652555E-81) contrib=(6.127652555E-80,-4.549460422E-\
81)
COSET 9 c=4 d=25 gcd=4 a0=(10.00000000,1.540436001E-71) 
rho=(6.240604675E-81,2.563973923E-81) contrib=(6.240604675E-80,2.563973923E-80)
COSET 9 c=4 d=27 gcd=4 a0=(4.821715797E-72,10.00000000) 
rho=(-4.549460422E-82,-6.127652555E-81) contrib=(6.127652555E-80,-4.549460422E-\
81)
COSET 9 c=4 d=29 gcd=4 a0=(10.00000000,-9.138459989E-72) 
rho=(6.240604675E-81,2.563973923E-81) contrib=(6.240604675E-80,2.563973923E-80)
COSET 9 c=4 d=31 gcd=4 a0=(7.902730736E-72,10.00000000) 
rho=(-4.549460422E-82,-6.127652555E-81) contrib=(6.127652555E-80,-4.549460422E-\
81)
COSET 9 c=4 d=33 gcd=4 a0=(10.00000000,-6.337304779E-72) 
rho=(6.240604675E-81,2.563973923E-81) contrib=(6.240604675E-80,2.563973923E-80)
COSET 9 c=4 d=35 gcd=4 a0=(8.286578729E-72,10.00000000) 
rho=(-4.549460422E-82,-6.127652555E-81) contrib=(6.127652555E-80,-4.549460422E-\
81)
COSET 9 c=4 d=37 gcd=4 a0=(10.00000000,2.382162103E-71) 
rho=(6.240604675E-81,2.563973923E-81) contrib=(6.240604675E-80,2.563973923E-80)
COSET 9 c=4 d=39 gcd=4 a0=(-2.816877113E-72,10.00000000) 
rho=(-4.549460422E-82,-6.127652555E-81) contrib=(6.127652555E-80,-4.549460422E-\
81)
COSET 9 c=4 d=41 gcd=4 a0=(10.00000000,-4.704415583E-71) 
rho=(6.240604675E-81,2.563973923E-81) contrib=(6.240604675E-80,2.563973923E-80)
COSET 9 c=7 d=1 gcd=7 a0=(-3.000000000,-3.000000000) 
rho=(0.08333333334,-0.08333333334) contrib=(-0.5000000000,-4.067347201E-74)
COSET 9 c=7 d=2 gcd=7 a0=(-3.000000000,-3.000000000) 
rho=(0.08333333334,-0.08333333334) contrib=(-0.5000000000,-4.355796179E-74)
COSET 9 c=7 d=3 gcd=7 a0=(-3.000000000,-3.000000000) 
rho=(0.08333333334,-0.08333333334) contrib=(-0.5000000000,-7.320614351E-75)
COSET 9 c=7 d=4 gcd=7 a0=(-3.000000000,-3.000000000) 
rho=(0.08333333334,-0.08333333334) contrib=(-0.5000000000,2.191859263E-74)
COSET 9 c=7 d=5 gcd=7 a0=(3.000000000,3.000000000) 
rho=(-0.08333333334,0.08333333334) contrib=(-0.5000000000,-3.186458325E-74)
COSET 9 c=7 d=6 gcd=7 a0=(-3.000000000,-3.000000000) 
rho=(0.08333333334,-0.08333333334) contrib=(-0.5000000000,4.523624140E-74)
COSET 9 c=7 d=8 gcd=7 a0=(-3.000000000,-3.000000000) 
rho=(0.08333333334,-0.08333333334) contrib=(-0.5000000000,-3.932047227E-74)
COSET 9 c=7 d=9 gcd=7 a0=(-3.000000000,-3.000000000) 
rho=(0.08333333334,-0.08333333334) contrib=(-0.5000000000,6.786012746E-74)
COSET 9 c=7 d=10 gcd=7 a0=(-3.000000000,-3.000000000) 
rho=(0.08333333334,-0.08333333334) contrib=(-0.5000000000,1.291279701E-73)
COSET 9 c=7 d=11 gcd=7 a0=(-3.000000000,-3.000000000) 
rho=(0.08333333334,-0.08333333334) contrib=(-0.5000000000,6.579896506E-74)
COSET 9 c=7 d=12 gcd=7 a0=(3.000000000,3.000000000) 
rho=(-0.08333333334,0.08333333334) contrib=(-0.5000000000,-6.457838973E-74)
COSET 9 c=7 d=19 gcd=7 a0=(3.000000000,3.000000000) 
rho=(-0.08333333334,0.08333333334) contrib=(-0.5000000000,-2.887934765E-73)
COSET 9 c=12 d=1 gcd=12 a0=(20.00000000,-1.032042576E-74) 
rho=(8.492587585E-81,-2.066749275E-80) contrib=(1.698517517E-79,-4.133498549E-7\
9)
COSET 9 c=12 d=5 gcd=12 a0=(-20.00000000,-1.844903326E-74) 
rho=(-6.229328028E-82,-3.390706985E-82) contrib=(1.245865606E-80,6.781413970E-8\
1)
COSET 9 c=12 d=7 gcd=12 a0=(2.176343560E-74,20.00000000) 
rho=(2.264342556E-82,-1.237556563E-81) contrib=(2.475113126E-80,4.528685112E-81\
)
COSET 9 c=12 d=11 gcd=12 a0=(3.086498196E-74,20.00000000) 
rho=(2.434431960E-80,-1.362641835E-80) contrib=(2.725283671E-79,4.868863919E-79\
)
COSET 9 c=12 d=13 gcd=12 a0=(20.00000000,4.080709223E-74) 
rho=(8.492587585E-81,-2.066749275E-80) contrib=(1.698517517E-79,-4.133498549E-7\
9)
COSET 9 c=12 d=17 gcd=12 a0=(-20.00000000,4.082892853E-74) 
rho=(-6.229328028E-82,-3.390706985E-82) contrib=(1.245865606E-80,6.781413970E-8\
1)
COSET 9 c=12 d=23 gcd=12 a0=(3.682626096E-74,20.00000000) 
rho=(2.434431960E-80,-1.362641835E-80) contrib=(2.725283671E-79,4.868863919E-79\
)
COSET 9 c=21 d=1 gcd=21 a0=(-7.000000000,7.000000000) 
rho=(-0.2500000000,-0.2500000000) contrib=(3.500000000,-5.735202579E-74)
COSET 9 c=21 d=2 gcd=21 a0=(7.000000000,-7.000000000) 
rho=(0.2500000000,0.2500000000) contrib=(3.500000000,1.758409689E-73)
COSET 9 c=21 d=4 gcd=21 a0=(-7.000000000,7.000000000) 
rho=(-0.2500000000,-0.2500000000) contrib=(3.500000000,-1.894883481E-73)
COSET 9 c=21 d=11 gcd=21 a0=(7.000000000,-7.000000000) 
rho=(0.2500000000,0.2500000000) contrib=(3.500000000,5.960120162E-74)
COSET 9 c=28 d=1 gcd=28 a0=(10.00000000,-8.808753846E-74) 
rho=(-5.717573605E-80,-5.722907455E-81) contrib=(-5.717573604E-79,-5.722907455E\
-80)
COSET 9 c=28 d=3 gcd=28 a0=(-1.124844559E-73,-10.00000000) 
rho=(6.942592176E-81,1.101500784E-81) contrib=(1.101500784E-80,-6.942592175E-80\
)
COSET 9 c=28 d=5 gcd=28 a0=(-10.00000000,-2.977701492E-73) 
rho=(-1.546110593E-80,-3.245020304E-81) contrib=(1.546110593E-79,3.245020304E-8\
0)
FORM 10:
  c_eta(0)[1] (trivial) = -6.86148773403E-72 + -6.57603015220E-72 i   (half: 
-3.43074386702E-72)
  c_eta(0)[2] = 4.00000000000 + -3.74178895512E-72 i   (half: 2.00000000000)
  c_eta(0)[3] = 4.00000000000 + -3.74169591058E-72 i   (half: 2.00000000000)
COSET 10 c=0 d=1 gcd=84 a0=(-4904.000000,-8.686970484E-73) 
rho=(0.0000000000,0.0000000000) contrib=(0.0000000000,-0.0000000000)
COSET 10 c=1 d=0 gcd=1 a0=(-2443.000000,2443.000000) 
rho=(0.01190476190,0.01190476190) contrib=(-58.16666667,7.844931017E-73)
COSET 10 c=1 d=1 gcd=1 a0=(-2443.000000,2443.000000) 
rho=(0.01190476190,0.01190476190) contrib=(-58.16666667,-1.832512718E-75)
COSET 10 c=1 d=2 gcd=1 a0=(-2443.000000,2443.000000) 
rho=(0.01190476190,0.01190476190) contrib=(-58.16666667,-7.303731121E-76)
COSET 10 c=1 d=3 gcd=1 a0=(-2443.000000,2443.000000) 
rho=(0.01190476190,0.01190476190) contrib=(-58.16666667,-7.237931741E-77)
COSET 10 c=1 d=4 gcd=1 a0=(-2443.000000,2443.000000) 
rho=(0.01190476190,0.01190476190) contrib=(-58.16666667,1.480486038E-77)
COSET 10 c=1 d=5 gcd=1 a0=(-2443.000000,2443.000000) 
rho=(0.01190476190,0.01190476190) contrib=(-58.16666667,2.048005686E-76)
COSET 10 c=1 d=6 gcd=1 a0=(-2443.000000,2443.000000) 
rho=(0.01190476190,0.01190476190) contrib=(-58.16666667,1.644984487E-76)
COSET 10 c=1 d=7 gcd=1 a0=(-2443.000000,2443.000000) 
rho=(0.01190476190,0.01190476190) contrib=(-58.16666667,6.514138567E-76)
COSET 10 c=1 d=8 gcd=1 a0=(-2443.000000,2443.000000) 
rho=(0.01190476190,0.01190476190) contrib=(-58.16666667,1.521610650E-76)
COSET 10 c=1 d=9 gcd=1 a0=(-2443.000000,2443.000000) 
rho=(0.01190476190,0.01190476190) contrib=(-58.16666667,1.250188210E-76)
COSET 10 c=1 d=10 gcd=1 a0=(-2443.000000,2443.000000) 
rho=(0.01190476190,0.01190476190) contrib=(-58.16666667,1.834157703E-76)
COSET 10 c=1 d=11 gcd=1 a0=(-2443.000000,2443.000000) 
rho=(0.01190476190,0.01190476190) contrib=(-58.16666667,6.662187171E-77)
COSET 10 c=1 d=12 gcd=1 a0=(-2443.000000,2443.000000) 
rho=(0.01190476190,0.01190476190) contrib=(-58.16666667,5.469573418E-76)
COSET 10 c=1 d=13 gcd=1 a0=(-2443.000000,2443.000000) 
rho=(0.01190476190,0.01190476190) contrib=(-58.16666667,1.786453152E-75)
COSET 10 c=1 d=14 gcd=1 a0=(-2443.000000,2443.000000) 
rho=(0.01190476190,0.01190476190) contrib=(-58.16666667,-5.099451909E-76)
COSET 10 c=1 d=15 gcd=1 a0=(-2443.000000,2443.000000) 
rho=(0.01190476190,0.01190476190) contrib=(-58.16666667,1.891732160E-76)
COSET 10 c=1 d=16 gcd=1 a0=(-2443.000000,2443.000000) 
rho=(0.01190476190,0.01190476190) contrib=(-58.16666667,6.267390895E-76)
COSET 10 c=1 d=17 gcd=1 a0=(-2443.000000,2443.000000) 
rho=(0.01190476190,0.01190476190) contrib=(-58.16666667,-6.004193376E-77)
COSET 10 c=1 d=18 gcd=1 a0=(-2443.000000,2443.000000) 
rho=(0.01190476190,0.01190476190) contrib=(-58.16666667,2.681324713E-76)
COSET 10 c=1 d=19 gcd=1 a0=(-2443.000000,2443.000000) 
rho=(0.01190476190,0.01190476190) contrib=(-58.16666667,1.776583246E-76)
COSET 10 c=1 d=20 gcd=1 a0=(-2443.000000,2443.000000) 
rho=(0.01190476190,0.01190476190) contrib=(-58.16666667,-3.289968974E-76)
COSET 10 c=1 d=21 gcd=1 a0=(-2443.000000,2443.000000) 
rho=(0.01190476190,0.01190476190) contrib=(-58.16666667,-5.658746634E-76)
COSET 10 c=1 d=22 gcd=1 a0=(-2443.000000,2443.000000) 
rho=(0.01190476190,0.01190476190) contrib=(-58.16666667,1.246075749E-75)
COSET 10 c=1 d=23 gcd=1 a0=(-2443.000000,2443.000000) 
rho=(0.01190476190,0.01190476190) contrib=(-58.16666667,-4.786904856E-76)
COSET 10 c=1 d=24 gcd=1 a0=(-2443.000000,2443.000000) 
rho=(0.01190476190,0.01190476190) contrib=(-58.16666667,1.325035004E-75)
COSET 10 c=1 d=25 gcd=1 a0=(-2443.000000,2443.000000) 
rho=(0.01190476190,0.01190476190) contrib=(-58.16666667,1.405639244E-75)
COSET 10 c=1 d=26 gcd=1 a0=(-2443.000000,2443.000000) 
rho=(0.01190476190,0.01190476190) contrib=(-58.16666667,-3.164950152E-75)
COSET 10 c=1 d=27 gcd=1 a0=(-2443.000000,2443.000000) 
rho=(0.01190476190,0.01190476190) contrib=(-58.16666667,-3.447064992E-75)
COSET 10 c=1 d=28 gcd=1 a0=(-2443.000000,2443.000000) 
rho=(0.01190476190,0.01190476190) contrib=(-58.16666667,-9.906919071E-75)
COSET 10 c=1 d=29 gcd=1 a0=(-2443.000000,2443.000000) 
rho=(0.01190476190,0.01190476190) contrib=(-58.16666667,2.127787434E-75)
COSET 10 c=1 d=30 gcd=1 a0=(-2443.000000,2443.000000) 
rho=(0.01190476190,0.01190476190) contrib=(-58.16666667,2.467476730E-75)
COSET 10 c=1 d=31 gcd=1 a0=(-2443.000000,2443.000000) 
rho=(0.01190476190,0.01190476190) contrib=(-58.16666667,4.211160286E-76)
COSET 10 c=1 d=32 gcd=1 a0=(-2443.000000,2443.000000) 
rho=(0.01190476190,0.01190476190) contrib=(-58.16666667,8.109773519E-76)
COSET 10 c=1 d=33 gcd=1 a0=(-2443.000000,2443.000000) 
rho=(0.01190476190,0.01190476190) contrib=(-58.16666667,-1.447586348E-76)
COSET 10 c=1 d=34 gcd=1 a0=(-2443.000000,2443.000000) 
rho=(0.01190476190,0.01190476190) contrib=(-58.16666667,1.534770526E-75)
COSET 10 c=1 d=35 gcd=1 a0=(-2443.000000,2443.000000) 
rho=(0.01190476190,0.01190476190) contrib=(-58.16666667,-4.398688517E-75)
COSET 10 c=1 d=36 gcd=1 a0=(-2443.000000,2443.000000) 
rho=(0.01190476190,0.01190476190) contrib=(-58.16666667,-9.779432773E-76)
COSET 10 c=1 d=37 gcd=1 a0=(-2443.000000,2443.000000) 
rho=(0.01190476190,0.01190476190) contrib=(-58.16666667,-1.141619234E-75)
COSET 10 c=1 d=38 gcd=1 a0=(-2443.000000,2443.000000) 
rho=(0.01190476190,0.01190476190) contrib=(-58.16666667,-7.879475691E-76)
COSET 10 c=1 d=39 gcd=1 a0=(-2443.000000,2443.000000) 
rho=(0.01190476190,0.01190476190) contrib=(-58.16666667,-9.121438979E-76)
COSET 10 c=1 d=40 gcd=1 a0=(-2443.000000,2443.000000) 
rho=(0.01190476190,0.01190476190) contrib=(-58.16666667,5.128239137E-75)
COSET 10 c=1 d=41 gcd=1 a0=(-2443.000000,2443.000000) 
rho=(0.01190476190,0.01190476190) contrib=(-58.16666667,-2.057053101E-75)
COSET 10 c=1 d=42 gcd=1 a0=(-2443.000000,2443.000000) 
rho=(0.01190476190,0.01190476190) contrib=(-58.16666667,-7.974884791E-75)
COSET 10 c=1 d=43 gcd=1 a0=(-2443.000000,2443.000000) 
rho=(0.01190476190,0.01190476190) contrib=(-58.16666667,-2.492973989E-75)
COSET 10 c=1 d=44 gcd=1 a0=(-2443.000000,2443.000000) 
rho=(0.01190476190,0.01190476190) contrib=(-58.16666667,-5.379099272E-76)
COSET 10 c=1 d=45 gcd=1 a0=(-2443.000000,2443.000000) 
rho=(0.01190476190,0.01190476190) contrib=(-58.16666667,-2.631975179E-76)
COSET 10 c=1 d=46 gcd=1 a0=(-2443.000000,2443.000000) 
rho=(0.01190476190,0.01190476190) contrib=(-58.16666667,-6.102892445E-76)
COSET 10 c=1 d=47 gcd=1 a0=(-2443.000000,2443.000000) 
rho=(0.01190476190,0.01190476190) contrib=(-58.16666667,7.863025846E-76)
COSET 10 c=1 d=48 gcd=1 a0=(-2443.000000,2443.000000) 
rho=(0.01190476190,0.01190476190) contrib=(-58.16666667,-3.326158632E-75)
COSET 10 c=1 d=49 gcd=1 a0=(-2443.000000,2443.000000) 
rho=(0.01190476190,0.01190476190) contrib=(-58.16666667,-5.225293222E-75)
COSET 10 c=1 d=50 gcd=1 a0=(-2443.000000,2443.000000) 
rho=(0.01190476190,0.01190476190) contrib=(-58.16666667,-4.499855063E-75)
COSET 10 c=1 d=51 gcd=1 a0=(-2443.000000,2443.000000) 
rho=(0.01190476190,0.01190476190) contrib=(-58.16666667,-2.631975179E-77)
COSET 10 c=1 d=52 gcd=1 a0=(-2443.000000,2443.000000) 
rho=(0.01190476190,0.01190476190) contrib=(-58.16666667,-4.927551030E-75)
COSET 10 c=1 d=53 gcd=1 a0=(-2443.000000,2443.000000) 
rho=(0.01190476190,0.01190476190) contrib=(-58.16666667,-1.538882987E-75)
COSET 10 c=1 d=54 gcd=1 a0=(-2443.000000,2443.000000) 
rho=(0.01190476190,0.01190476190) contrib=(-58.16666667,1.348558282E-74)
COSET 10 c=1 d=55 gcd=1 a0=(-2443.000000,2443.000000) 
rho=(0.01190476190,0.01190476190) contrib=(-58.16666667,9.864149474E-75)
COSET 10 c=1 d=56 gcd=1 a0=(-2443.000000,2443.000000) 
rho=(0.01190476190,0.01190476190) contrib=(-58.16666667,9.694716072E-75)
COSET 10 c=1 d=57 gcd=1 a0=(-2443.000000,2443.000000) 
rho=(0.01190476190,0.01190476190) contrib=(-58.16666667,-2.916557495E-75)
COSET 10 c=1 d=58 gcd=1 a0=(-2443.000000,2443.000000) 
rho=(0.01190476190,0.01190476190) contrib=(-58.16666667,-3.722599893E-75)
COSET 10 c=1 d=59 gcd=1 a0=(-2443.000000,2443.000000) 
rho=(0.01190476190,0.01190476190) contrib=(-58.16666667,-3.800736656E-75)
COSET 10 c=1 d=60 gcd=1 a0=(-2443.000000,2443.000000) 
rho=(0.01190476190,0.01190476190) contrib=(-58.16666667,-8.043151647E-75)
COSET 10 c=1 d=61 gcd=1 a0=(-2443.000000,2443.000000) 
rho=(0.01190476190,0.01190476190) contrib=(-58.16666667,-7.908262920E-75)
COSET 10 c=1 d=62 gcd=1 a0=(-2443.000000,2443.000000) 
rho=(0.01190476190,0.01190476190) contrib=(-58.16666667,8.850016538E-76)
COSET 10 c=1 d=63 gcd=1 a0=(-2443.000000,2443.000000) 
rho=(0.01190476190,0.01190476190) contrib=(-58.16666667,-7.343210748E-75)
COSET 10 c=1 d=64 gcd=1 a0=(-2443.000000,2443.000000) 
rho=(0.01190476190,0.01190476190) contrib=(-58.16666667,1.932856772E-75)
COSET 10 c=1 d=65 gcd=1 a0=(-2443.000000,2443.000000) 
rho=(0.01190476190,0.01190476190) contrib=(-58.16666667,6.839845496E-75)
COSET 10 c=1 d=66 gcd=1 a0=(-2443.000000,2443.000000) 
rho=(0.01190476190,0.01190476190) contrib=(-58.16666667,-1.123524404E-75)
COSET 10 c=1 d=67 gcd=1 a0=(-2443.000000,2443.000000) 
rho=(0.01190476190,0.01190476190) contrib=(-58.16666667,-6.165401856E-75)
COSET 10 c=1 d=68 gcd=1 a0=(-2443.000000,2443.000000) 
rho=(0.01190476190,0.01190476190) contrib=(-58.16666667,-9.998215710E-75)
COSET 10 c=1 d=69 gcd=1 a0=(-2443.000000,2443.000000) 
rho=(0.01190476190,0.01190476190) contrib=(-58.16666667,-3.120124325E-74)
COSET 10 c=1 d=70 gcd=1 a0=(-2443.000000,2443.000000) 
rho=(0.01190476190,0.01190476190) contrib=(-58.16666667,-3.707795033E-75)
COSET 10 c=1 d=71 gcd=1 a0=(-2443.000000,2443.000000) 
rho=(0.01190476190,0.01190476190) contrib=(-58.16666667,2.129432418E-74)
COSET 10 c=1 d=72 gcd=1 a0=(-2443.000000,2443.000000) 
rho=(0.01190476190,0.01190476190) contrib=(-58.16666667,-4.350983967E-75)
COSET 10 c=1 d=73 gcd=1 a0=(-2443.000000,2443.000000) 
rho=(0.01190476190,0.01190476190) contrib=(-58.16666667,9.356671761E-75)
COSET 10 c=1 d=74 gcd=1 a0=(-2443.000000,2443.000000) 
rho=(0.01190476190,0.01190476190) contrib=(-58.16666667,2.069390484E-75)
COSET 10 c=1 d=75 gcd=1 a0=(-2443.000000,2443.000000) 
rho=(0.01190476190,0.01190476190) contrib=(-58.16666667,-7.033953665E-75)
COSET 10 c=1 d=76 gcd=1 a0=(-2443.000000,2443.000000) 
rho=(0.01190476190,0.01190476190) contrib=(-58.16666667,6.448339188E-75)
COSET 10 c=1 d=77 gcd=1 a0=(-2443.000000,2443.000000) 
rho=(0.01190476190,0.01190476190) contrib=(-58.16666667,9.977653404E-75)
COSET 10 c=1 d=78 gcd=1 a0=(-2443.000000,2443.000000) 
rho=(0.01190476190,0.01190476190) contrib=(-58.16666667,-9.438098492E-75)
COSET 10 c=1 d=79 gcd=1 a0=(-2443.000000,2443.000000) 
rho=(0.01190476190,0.01190476190) contrib=(-58.16666667,1.114476990E-74)
COSET 10 c=1 d=80 gcd=1 a0=(-2443.000000,2443.000000) 
rho=(0.01190476190,0.01190476190) contrib=(-58.16666667,-4.740845291E-75)
COSET 10 c=1 d=81 gcd=1 a0=(-2443.000000,2443.000000) 
rho=(0.01190476190,0.01190476190) contrib=(-58.16666667,-7.421347512E-75)
COSET 10 c=1 d=82 gcd=1 a0=(-2443.000000,2443.000000) 
rho=(0.01190476190,0.01190476190) contrib=(-58.16666667,-1.395604839E-74)
COSET 10 c=1 d=83 gcd=1 a0=(-2443.000000,2443.000000) 
rho=(0.01190476190,0.01190476190) contrib=(-58.16666667,1.408312344E-73)
COSET 10 c=3 d=1 gcd=3 a0=(2444.000000,2444.000000) 
rho=(0.03571428571,-0.03571428571) contrib=(174.5714286,3.900973692E-74)
COSET 10 c=3 d=2 gcd=3 a0=(2444.000000,2444.000000) 
rho=(0.03571428571,-0.03571428571) contrib=(174.5714286,3.067695896E-74)
COSET 10 c=3 d=4 gcd=3 a0=(2444.000000,2444.000000) 
rho=(0.03571428571,-0.03571428571) contrib=(174.5714286,7.383076853E-74)
COSET 10 c=3 d=5 gcd=3 a0=(2444.000000,2444.000000) 
rho=(0.03571428571,-0.03571428571) contrib=(174.5714286,2.953204976E-74)
COSET 10 c=3 d=7 gcd=3 a0=(2444.000000,2444.000000) 
rho=(0.03571428571,-0.03571428571) contrib=(174.5714286,-6.865120777E-74)
COSET 10 c=3 d=8 gcd=3 a0=(2444.000000,2444.000000) 
rho=(0.03571428571,-0.03571428571) contrib=(174.5714286,-3.083230096E-74)
COSET 10 c=3 d=10 gcd=3 a0=(2444.000000,2444.000000) 
rho=(0.03571428571,-0.03571428571) contrib=(174.5714286,-8.325867001E-74)
COSET 10 c=3 d=11 gcd=3 a0=(2444.000000,2444.000000) 
rho=(0.03571428571,-0.03571428571) contrib=(174.5714286,2.697261046E-73)
COSET 10 c=3 d=13 gcd=3 a0=(2444.000000,2444.000000) 
rho=(0.03571428571,-0.03571428571) contrib=(174.5714286,-2.676332280E-74)
COSET 10 c=3 d=14 gcd=3 a0=(2444.000000,2444.000000) 
rho=(0.03571428571,-0.03571428571) contrib=(174.5714286,-1.748934624E-73)
COSET 10 c=3 d=16 gcd=3 a0=(2444.000000,2444.000000) 
rho=(0.03571428571,-0.03571428571) contrib=(174.5714286,1.306024731E-73)
COSET 10 c=3 d=17 gcd=3 a0=(2444.000000,2444.000000) 
rho=(0.03571428571,-0.03571428571) contrib=(174.5714286,-2.162681122E-73)
COSET 10 c=3 d=19 gcd=3 a0=(2444.000000,2444.000000) 
rho=(0.03571428571,-0.03571428571) contrib=(174.5714286,-1.619415680E-73)
COSET 10 c=3 d=20 gcd=3 a0=(2444.000000,2444.000000) 
rho=(0.03571428571,-0.03571428571) contrib=(174.5714286,-6.193156312E-73)
COSET 10 c=3 d=22 gcd=3 a0=(2444.000000,2444.000000) 
rho=(0.03571428571,-0.03571428571) contrib=(174.5714286,-5.996568968E-74)
COSET 10 c=3 d=23 gcd=3 a0=(2444.000000,2444.000000) 
rho=(0.03571428571,-0.03571428571) contrib=(174.5714286,-8.685389264E-74)
COSET 10 c=3 d=25 gcd=3 a0=(2444.000000,2444.000000) 
rho=(0.03571428571,-0.03571428571) contrib=(174.5714286,2.029686307E-73)
COSET 10 c=3 d=26 gcd=3 a0=(2444.000000,2444.000000) 
rho=(0.03571428571,-0.03571428571) contrib=(174.5714286,-1.157146599E-72)
COSET 10 c=3 d=28 gcd=3 a0=(2444.000000,2444.000000) 
rho=(0.03571428571,-0.03571428571) contrib=(174.5714286,-1.028800450E-73)
COSET 10 c=3 d=31 gcd=3 a0=(2444.000000,2444.000000) 
rho=(0.03571428571,-0.03571428571) contrib=(174.5714286,-1.288971196E-73)
COSET 10 c=3 d=34 gcd=3 a0=(2444.000000,2444.000000) 
rho=(0.03571428571,-0.03571428571) contrib=(174.5714286,5.736428549E-73)
COSET 10 c=3 d=37 gcd=3 a0=(2444.000000,2444.000000) 
rho=(0.03571428571,-0.03571428571) contrib=(174.5714286,-4.347852749E-73)
COSET 10 c=3 d=40 gcd=3 a0=(2444.000000,2444.000000) 
rho=(0.03571428571,-0.03571428571) contrib=(174.5714286,2.064867352E-72)
COSET 10 c=3 d=43 gcd=3 a0=(2444.000000,2444.000000) 
rho=(0.03571428571,-0.03571428571) contrib=(174.5714286,9.949694416E-73)
COSET 10 c=3 d=46 gcd=3 a0=(2444.000000,2444.000000) 
rho=(0.03571428571,-0.03571428571) contrib=(174.5714286,3.053476708E-72)
COSET 10 c=3 d=49 gcd=3 a0=(2444.000000,2444.000000) 
rho=(0.03571428571,-0.03571428571) contrib=(174.5714286,-3.045730972E-72)
COSET 10 c=3 d=52 gcd=3 a0=(2444.000000,2444.000000) 
rho=(0.03571428571,-0.03571428571) contrib=(174.5714286,9.293543004E-73)
COSET 10 c=3 d=55 gcd=3 a0=(2444.000000,2444.000000) 
rho=(0.03571428571,-0.03571428571) contrib=(174.5714286,-5.554582352E-72)
COSET 10 c=4 d=1 gcd=4 a0=(4896.000000,-4.818714141E-74) 
rho=(6.240604675E-81,2.563973923E-81) contrib=(3.055400049E-77,1.255321633E-77)
COSET 10 c=4 d=3 gcd=4 a0=(1.050494160E-72,4896.000000) 
rho=(-4.549460422E-82,-6.127652555E-81) contrib=(3.000098691E-77,-2.227415823E-\
78)
COSET 10 c=4 d=5 gcd=4 a0=(4896.000000,9.604297342E-73) 
rho=(6.240604675E-81,2.563973923E-81) contrib=(3.055400049E-77,1.255321633E-77)
COSET 10 c=4 d=7 gcd=4 a0=(-5.985960650E-72,4896.000000) 
rho=(-4.549460422E-82,-6.127652555E-81) contrib=(3.000098691E-77,-2.227415823E-\
78)
COSET 10 c=4 d=9 gcd=4 a0=(4896.000000,-1.913142174E-72) 
rho=(6.240604675E-81,2.563973923E-81) contrib=(3.055400049E-77,1.255321633E-77)
COSET 10 c=4 d=11 gcd=4 a0=(4.527823285E-72,4896.000000) 
rho=(-4.549460422E-82,-6.127652555E-81) contrib=(3.000098691E-77,-2.227415823E-\
78)
COSET 10 c=4 d=13 gcd=4 a0=(4896.000000,-1.457845492E-72) 
rho=(6.240604675E-81,2.563973923E-81) contrib=(3.055400049E-77,1.255321633E-77)
COSET 10 c=4 d=15 gcd=4 a0=(1.395015597E-71,4896.000000) 
rho=(-4.549460422E-82,-6.127652555E-81) contrib=(3.000098691E-77,-2.227415823E-\
78)
COSET 10 c=4 d=17 gcd=4 a0=(4896.000000,-8.446400744E-72) 
rho=(6.240604675E-81,2.563973923E-81) contrib=(3.055400049E-77,1.255321633E-77)
COSET 10 c=4 d=19 gcd=4 a0=(-1.578063322E-71,4896.000000) 
rho=(-4.549460422E-82,-6.127652555E-81) contrib=(3.000098691E-77,-2.227415823E-\
78)
COSET 10 c=4 d=21 gcd=4 a0=(4896.000000,-1.076541458E-71) 
rho=(6.240604675E-81,2.563973923E-81) contrib=(3.055400049E-77,1.255321633E-77)
COSET 10 c=4 d=23 gcd=4 a0=(-2.746475470E-72,4896.000000) 
rho=(-4.549460422E-82,-6.127652555E-81) contrib=(3.000098691E-77,-2.227415823E-\
78)
COSET 10 c=4 d=25 gcd=4 a0=(4896.000000,-2.128245680E-71) 
rho=(6.240604675E-81,2.563973923E-81) contrib=(3.055400049E-77,1.255321633E-77)
COSET 10 c=4 d=27 gcd=4 a0=(-6.915960257E-72,4896.000000) 
rho=(-4.549460422E-82,-6.127652555E-81) contrib=(3.000098691E-77,-2.227415823E-\
78)
COSET 10 c=4 d=29 gcd=4 a0=(4896.000000,1.310898716E-71) 
rho=(6.240604675E-81,2.563973923E-81) contrib=(3.055400049E-77,1.255321633E-77)
COSET 10 c=4 d=31 gcd=4 a0=(-1.101061041E-71,4896.000000) 
rho=(-4.549460422E-82,-6.127652555E-81) contrib=(3.000098691E-77,-2.227415823E-\
78)
COSET 10 c=4 d=33 gcd=4 a0=(4896.000000,9.336047152E-72) 
rho=(6.240604675E-81,2.563973923E-81) contrib=(3.055400049E-77,1.255321633E-77)
COSET 10 c=4 d=35 gcd=4 a0=(-1.169314969E-71,4896.000000) 
rho=(-4.549460422E-82,-6.127652555E-81) contrib=(3.000098691E-77,-2.227415823E-\
78)
COSET 10 c=4 d=37 gcd=4 a0=(4896.000000,-3.307975074E-71) 
rho=(6.240604675E-81,2.563973923E-81) contrib=(3.055400049E-77,1.255321633E-77)
COSET 10 c=4 d=39 gcd=4 a0=(3.815663637E-72,4896.000000) 
rho=(-4.549460422E-82,-6.127652555E-81) contrib=(3.000098691E-77,-2.227415823E-\
78)
COSET 10 c=4 d=41 gcd=4 a0=(4896.000000,6.566489745E-71) 
rho=(6.240604675E-81,2.563973923E-81) contrib=(3.055400049E-77,1.255321633E-77)
COSET 10 c=7 d=1 gcd=7 a0=(2444.000000,2444.000000) 
rho=(0.08333333334,-0.08333333334) contrib=(407.3333333,-2.547695489E-73)
COSET 10 c=7 d=2 gcd=7 a0=(2444.000000,2444.000000) 
rho=(0.08333333334,-0.08333333334) contrib=(407.3333333,-1.888620958E-73)
COSET 10 c=7 d=3 gcd=7 a0=(2444.000000,2444.000000) 
rho=(0.08333333334,-0.08333333334) contrib=(407.3333333,-9.486466960E-74)
COSET 10 c=7 d=4 gcd=7 a0=(2444.000000,2444.000000) 
rho=(0.08333333334,-0.08333333334) contrib=(407.3333333,1.764452575E-73)
COSET 10 c=7 d=5 gcd=7 a0=(-2444.000000,-2444.000000) 
rho=(-0.08333333334,0.08333333334) contrib=(407.3333333,-2.751483302E-73)
COSET 10 c=7 d=6 gcd=7 a0=(2444.000000,2444.000000) 
rho=(0.08333333334,-0.08333333334) contrib=(407.3333333,2.284286304E-73)
COSET 10 c=7 d=8 gcd=7 a0=(2444.000000,2444.000000) 
rho=(0.08333333334,-0.08333333334) contrib=(407.3333333,-2.361039099E-73)
COSET 10 c=7 d=9 gcd=7 a0=(2444.000000,2444.000000) 
rho=(0.08333333334,-0.08333333334) contrib=(407.3333333,2.976650959E-73)
COSET 10 c=7 d=10 gcd=7 a0=(2444.000000,2444.000000) 
rho=(0.08333333334,-0.08333333334) contrib=(407.3333333,7.523089210E-73)
COSET 10 c=7 d=11 gcd=7 a0=(2444.000000,2444.000000) 
rho=(0.08333333334,-0.08333333334) contrib=(407.3333333,3.594053671E-73)
COSET 10 c=7 d=12 gcd=7 a0=(-2444.000000,-2444.000000) 
rho=(-0.08333333334,0.08333333334) contrib=(407.3333333,-3.937517116E-73)
COSET 10 c=7 d=19 gcd=7 a0=(-2444.000000,-2444.000000) 
rho=(-0.08333333334,0.08333333334) contrib=(407.3333333,-1.095780096E-72)
COSET 10 c=12 d=1 gcd=12 a0=(4900.000000,-1.318396166E-73) 
rho=(8.492587585E-81,-2.066749275E-80) contrib=(4.161367916E-77,-1.012707145E-7\
6)
COSET 10 c=12 d=5 gcd=12 a0=(-4900.000000,-2.196169103E-73) 
rho=(-6.229328028E-82,-3.390706985E-82) contrib=(3.052370734E-78,1.661446423E-7\
8)
COSET 10 c=12 d=7 gcd=12 a0=(1.754381794E-73,4900.000000) 
rho=(2.264342556E-82,-1.237556563E-81) contrib=(6.064027159E-78,1.109527853E-78\
)
COSET 10 c=12 d=11 gcd=12 a0=(2.700430799E-73,4900.000000) 
rho=(2.434431960E-80,-1.362641835E-80) contrib=(6.676944993E-77,1.192871660E-76\
)
COSET 10 c=12 d=13 gcd=12 a0=(4900.000000,1.656997520E-73) 
rho=(8.492587585E-81,-2.066749275E-80) contrib=(4.161367916E-77,-1.012707145E-7\
6)
COSET 10 c=12 d=17 gcd=12 a0=(-4900.000000,9.494536474E-74) 
rho=(-6.229328028E-82,-3.390706985E-82) contrib=(3.052370734E-78,1.661446423E-7\
8)
COSET 10 c=12 d=23 gcd=12 a0=(6.189812326E-73,4900.000000) 
rho=(2.434431960E-80,-1.362641835E-80) contrib=(6.676944993E-77,1.192871660E-76\
)
COSET 10 c=21 d=1 gcd=21 a0=(2443.000000,-2443.000000) 
rho=(-0.2500000000,-0.2500000000) contrib=(-1221.500000,-3.704698234E-73)
COSET 10 c=21 d=2 gcd=21 a0=(-2443.000000,2443.000000) 
rho=(0.2500000000,0.2500000000) contrib=(-1221.500000,1.122092076E-72)
COSET 10 c=21 d=4 gcd=21 a0=(2443.000000,-2443.000000) 
rho=(-0.2500000000,-0.2500000000) contrib=(-1221.500000,-1.366210806E-72)
COSET 10 c=21 d=11 gcd=21 a0=(-2443.000000,2443.000000) 
rho=(0.2500000000,0.2500000000) contrib=(-1221.500000,3.029096651E-73)
COSET 10 c=28 d=1 gcd=28 a0=(4896.000000,-4.877493597E-73) 
rho=(-5.717573605E-80,-5.722907455E-81) contrib=(-2.799324037E-76,-2.801935490E\
-77)
COSET 10 c=28 d=3 gcd=28 a0=(-3.997116982E-73,-4896.000000) 
rho=(6.942592176E-81,1.101500784E-81) contrib=(5.392947837E-78,-3.399093129E-77\
)
COSET 10 c=28 d=5 gcd=28 a0=(-4896.000000,-1.502932310E-72) 
rho=(-1.546110593E-80,-3.245020304E-81) contrib=(7.569757462E-77,1.588761941E-7\
7)
FORM 11:
  c_eta(0)[1] (trivial) = -1.05438998419E-71 + 4.39516663363E-72 i   (half: 
-5.27194992097E-72)
  c_eta(0)[2] = 4.00000000000 + 2.90217403494E-72 i   (half: 2.00000000000)
  c_eta(0)[3] = 4.00000000000 + 2.90217382890E-72 i   (half: 2.00000000000)
COSET 11 c=0 d=1 gcd=84 a0=(-14.00000000,2.210238828E-74) 
rho=(0.0000000000,0.0000000000) contrib=(-0.0000000000,0.0000000000)
COSET 11 c=1 d=0 gcd=1 a0=(3.000000000,-3.000000000) 
rho=(0.01190476190,0.01190476190) contrib=(0.07142857143,7.471083618E-73)
COSET 11 c=1 d=1 gcd=1 a0=(3.000000000,-3.000000000) 
rho=(0.01190476190,0.01190476190) contrib=(0.07142857143,-1.277330454E-75)
COSET 11 c=1 d=2 gcd=1 a0=(3.000000000,-3.000000000) 
rho=(0.01190476190,0.01190476190) contrib=(0.07142857143,-4.811579623E-76)
COSET 11 c=1 d=3 gcd=1 a0=(3.000000000,-3.000000000) 
rho=(0.01190476190,0.01190476190) contrib=(0.07142857143,-8.348296270E-77)
COSET 11 c=1 d=4 gcd=1 a0=(3.000000000,-3.000000000) 
rho=(0.01190476190,0.01190476190) contrib=(0.07142857143,-1.007552998E-76)
COSET 11 c=1 d=5 gcd=1 a0=(3.000000000,-3.000000000) 
rho=(0.01190476190,0.01190476190) contrib=(0.07142857143,1.899957082E-76)
COSET 11 c=1 d=6 gcd=1 a0=(3.000000000,-3.000000000) 
rho=(0.01190476190,0.01190476190) contrib=(0.07142857143,5.387324194E-77)
COSET 11 c=1 d=7 gcd=1 a0=(3.000000000,-3.000000000) 
rho=(0.01190476190,0.01190476190) contrib=(0.07142857143,6.361977502E-76)
COSET 11 c=1 d=8 gcd=1 a0=(3.000000000,-3.000000000) 
rho=(0.01190476190,0.01190476190) contrib=(0.07142857143,4.318084278E-77)
COSET 11 c=1 d=9 gcd=1 a0=(3.000000000,-3.000000000) 
rho=(0.01190476190,0.01190476190) contrib=(0.07142857143,1.209063598E-76)
COSET 11 c=1 d=10 gcd=1 a0=(3.000000000,-3.000000000) 
rho=(0.01190476190,0.01190476190) contrib=(0.07142857143,1.200838675E-76)
COSET 11 c=1 d=11 gcd=1 a0=(3.000000000,-3.000000000) 
rho=(0.01190476190,0.01190476190) contrib=(0.07142857143,-1.052790071E-76)
COSET 11 c=1 d=12 gcd=1 a0=(3.000000000,-3.000000000) 
rho=(0.01190476190,0.01190476190) contrib=(0.07142857143,6.481238877E-76)
COSET 11 c=1 d=13 gcd=1 a0=(3.000000000,-3.000000000) 
rho=(0.01190476190,0.01190476190) contrib=(0.07142857143,1.191791261E-75)
COSET 11 c=1 d=14 gcd=1 a0=(3.000000000,-3.000000000) 
rho=(0.01190476190,0.01190476190) contrib=(0.07142857143,-2.257741208E-76)
COSET 11 c=1 d=15 gcd=1 a0=(3.000000000,-3.000000000) 
rho=(0.01190476190,0.01190476190) contrib=(0.07142857143,3.067896068E-76)
COSET 11 c=1 d=16 gcd=1 a0=(3.000000000,-3.000000000) 
rho=(0.01190476190,0.01190476190) contrib=(0.07142857143,4.749892705E-76)
COSET 11 c=1 d=17 gcd=1 a0=(3.000000000,-3.000000000) 
rho=(0.01190476190,0.01190476190) contrib=(0.07142857143,1.513385728E-76)
COSET 11 c=1 d=18 gcd=1 a0=(3.000000000,-3.000000000) 
rho=(0.01190476190,0.01190476190) contrib=(0.07142857143,3.915063078E-76)
COSET 11 c=1 d=19 gcd=1 a0=(3.000000000,-3.000000000) 
rho=(0.01190476190,0.01190476190) contrib=(0.07142857143,2.952747154E-76)
COSET 11 c=1 d=20 gcd=1 a0=(3.000000000,-3.000000000) 
rho=(0.01190476190,0.01190476190) contrib=(0.07142857143,-2.928072386E-76)
COSET 11 c=1 d=21 gcd=1 a0=(3.000000000,-3.000000000) 
rho=(0.01190476190,0.01190476190) contrib=(0.07142857143,-7.978174760E-76)
COSET 11 c=1 d=22 gcd=1 a0=(3.000000000,-3.000000000) 
rho=(0.01190476190,0.01190476190) contrib=(0.07142857143,1.538882987E-75)
COSET 11 c=1 d=23 gcd=1 a0=(3.000000000,-3.000000000) 
rho=(0.01190476190,0.01190476190) contrib=(0.07142857143,-5.687533863E-76)
COSET 11 c=1 d=24 gcd=1 a0=(3.000000000,-3.000000000) 
rho=(0.01190476190,0.01190476190) contrib=(0.07142857143,1.470204885E-75)
COSET 11 c=1 d=25 gcd=1 a0=(3.000000000,-3.000000000) 
rho=(0.01190476190,0.01190476190) contrib=(0.07142857143,9.976830912E-76)
COSET 11 c=1 d=26 gcd=1 a0=(3.000000000,-3.000000000) 
rho=(0.01190476190,0.01190476190) contrib=(0.07142857143,-1.836213933E-75)
COSET 11 c=1 d=27 gcd=1 a0=(3.000000000,-3.000000000) 
rho=(0.01190476190,0.01190476190) contrib=(0.07142857143,-2.532042371E-75)
COSET 11 c=1 d=28 gcd=1 a0=(3.000000000,-3.000000000) 
rho=(0.01190476190,0.01190476190) contrib=(0.07142857143,-6.180206717E-75)
COSET 11 c=1 d=29 gcd=1 a0=(3.000000000,-3.000000000) 
rho=(0.01190476190,0.01190476190) contrib=(0.07142857143,4.795129779E-76)
COSET 11 c=1 d=30 gcd=1 a0=(3.000000000,-3.000000000) 
rho=(0.01190476190,0.01190476190) contrib=(0.07142857143,3.078177221E-75)
COSET 11 c=1 d=31 gcd=1 a0=(3.000000000,-3.000000000) 
rho=(0.01190476190,0.01190476190) contrib=(0.07142857143,3.680652789E-76)
COSET 11 c=1 d=32 gcd=1 a0=(3.000000000,-3.000000000) 
rho=(0.01190476190,0.01190476190) contrib=(0.07142857143,8.249597201E-76)
COSET 11 c=1 d=33 gcd=1 a0=(3.000000000,-3.000000000) 
rho=(0.01190476190,0.01190476190) contrib=(0.07142857143,-7.690302475E-77)
COSET 11 c=1 d=34 gcd=1 a0=(3.000000000,-3.000000000) 
rho=(0.01190476190,0.01190476190) contrib=(0.07142857143,1.486654730E-75)
COSET 11 c=1 d=35 gcd=1 a0=(3.000000000,-3.000000000) 
rho=(0.01190476190,0.01190476190) contrib=(0.07142857143,-3.850908683E-75)
COSET 11 c=1 d=36 gcd=1 a0=(3.000000000,-3.000000000) 
rho=(0.01190476190,0.01190476190) contrib=(0.07142857143,-4.433233192E-76)
COSET 11 c=1 d=37 gcd=1 a0=(3.000000000,-3.000000000) 
rho=(0.01190476190,0.01190476190) contrib=(0.07142857143,-1.119000697E-75)
COSET 11 c=1 d=38 gcd=1 a0=(3.000000000,-3.000000000) 
rho=(0.01190476190,0.01190476190) contrib=(0.07142857143,-9.072089444E-76)
COSET 11 c=1 d=39 gcd=1 a0=(3.000000000,-3.000000000) 
rho=(0.01190476190,0.01190476190) contrib=(0.07142857143,-2.808811011E-76)
COSET 11 c=1 d=40 gcd=1 a0=(3.000000000,-3.000000000) 
rho=(0.01190476190,0.01190476190) contrib=(0.07142857143,2.560418354E-75)
COSET 11 c=1 d=41 gcd=1 a0=(3.000000000,-3.000000000) 
rho=(0.01190476190,0.01190476190) contrib=(0.07142857143,-4.602255348E-75)
COSET 11 c=1 d=42 gcd=1 a0=(3.000000000,-3.000000000) 
rho=(0.01190476190,0.01190476190) contrib=(0.07142857143,-7.488380629E-75)
COSET 11 c=1 d=43 gcd=1 a0=(3.000000000,-3.000000000) 
rho=(0.01190476190,0.01190476190) contrib=(0.07142857143,-3.419511502E-75)
COSET 11 c=1 d=44 gcd=1 a0=(3.000000000,-3.000000000) 
rho=(0.01190476190,0.01190476190) contrib=(0.07142857143,8.841791616E-76)
COSET 11 c=1 d=45 gcd=1 a0=(3.000000000,-3.000000000) 
rho=(0.01190476190,0.01190476190) contrib=(0.07142857143,-7.805451389E-76)
COSET 11 c=1 d=46 gcd=1 a0=(3.000000000,-3.000000000) 
rho=(0.01190476190,0.01190476190) contrib=(0.07142857143,-3.791689242E-76)
COSET 11 c=1 d=47 gcd=1 a0=(3.000000000,-3.000000000) 
rho=(0.01190476190,0.01190476190) contrib=(0.07142857143,3.368105736E-76)
COSET 11 c=1 d=48 gcd=1 a0=(3.000000000,-3.000000000) 
rho=(0.01190476190,0.01190476190) contrib=(0.07142857143,-3.922054262E-75)
COSET 11 c=1 d=49 gcd=1 a0=(3.000000000,-3.000000000) 
rho=(0.01190476190,0.01190476190) contrib=(0.07142857143,-2.929306125E-75)
COSET 11 c=1 d=50 gcd=1 a0=(3.000000000,-3.000000000) 
rho=(0.01190476190,0.01190476190) contrib=(0.07142857143,-3.187568689E-75)
COSET 11 c=1 d=51 gcd=1 a0=(3.000000000,-3.000000000) 
rho=(0.01190476190,0.01190476190) contrib=(0.07142857143,-4.499032571E-76)
COSET 11 c=1 d=52 gcd=1 a0=(3.000000000,-3.000000000) 
rho=(0.01190476190,0.01190476190) contrib=(0.07142857143,-4.536867214E-75)
COSET 11 c=1 d=53 gcd=1 a0=(3.000000000,-3.000000000) 
rho=(0.01190476190,0.01190476190) contrib=(0.07142857143,-1.586176291E-75)
COSET 11 c=1 d=54 gcd=1 a0=(3.000000000,-3.000000000) 
rho=(0.01190476190,0.01190476190) contrib=(0.07142857143,1.350655637E-74)
COSET 11 c=1 d=55 gcd=1 a0=(3.000000000,-3.000000000) 
rho=(0.01190476190,0.01190476190) contrib=(0.07142857143,4.333711630E-75)
COSET 11 c=1 d=56 gcd=1 a0=(3.000000000,-3.000000000) 
rho=(0.01190476190,0.01190476190) contrib=(0.07142857143,7.940340117E-75)
COSET 11 c=1 d=57 gcd=1 a0=(3.000000000,-3.000000000) 
rho=(0.01190476190,0.01190476190) contrib=(0.07142857143,-2.132722387E-75)
COSET 11 c=1 d=58 gcd=1 a0=(3.000000000,-3.000000000) 
rho=(0.01190476190,0.01190476190) contrib=(0.07142857143,-4.897118817E-75)
COSET 11 c=1 d=59 gcd=1 a0=(3.000000000,-3.000000000) 
rho=(0.01190476190,0.01190476190) contrib=(0.07142857143,-3.582364966E-75)
COSET 11 c=1 d=60 gcd=1 a0=(3.000000000,-3.000000000) 
rho=(0.01190476190,0.01190476190) contrib=(0.07142857143,-8.639458524E-75)
COSET 11 c=1 d=61 gcd=1 a0=(3.000000000,-3.000000000) 
rho=(0.01190476190,0.01190476190) contrib=(0.07142857143,-7.365418039E-75)
COSET 11 c=1 d=62 gcd=1 a0=(3.000000000,-3.000000000) 
rho=(0.01190476190,0.01190476190) contrib=(0.07142857143,2.467476730E-77)
COSET 11 c=1 d=63 gcd=1 a0=(3.000000000,-3.000000000) 
rho=(0.01190476190,0.01190476190) contrib=(0.07142857143,-4.147417137E-75)
COSET 11 c=1 d=64 gcd=1 a0=(3.000000000,-3.000000000) 
rho=(0.01190476190,0.01190476190) contrib=(0.07142857143,3.135340432E-75)
COSET 11 c=1 d=65 gcd=1 a0=(3.000000000,-3.000000000) 
rho=(0.01190476190,0.01190476190) contrib=(0.07142857143,7.670562661E-75)
COSET 11 c=1 d=66 gcd=1 a0=(3.000000000,-3.000000000) 
rho=(0.01190476190,0.01190476190) contrib=(0.07142857143,-8.385308421E-76)
COSET 11 c=1 d=67 gcd=1 a0=(3.000000000,-3.000000000) 
rho=(0.01190476190,0.01190476190) contrib=(0.07142857143,-4.010883425E-75)
COSET 11 c=1 d=68 gcd=1 a0=(3.000000000,-3.000000000) 
rho=(0.01190476190,0.01190476190) contrib=(0.07142857143,-7.681666306E-75)
COSET 11 c=1 d=69 gcd=1 a0=(3.000000000,-3.000000000) 
rho=(0.01190476190,0.01190476190) contrib=(0.07142857143,-1.677185058E-74)
COSET 11 c=1 d=70 gcd=1 a0=(3.000000000,-3.000000000) 
rho=(0.01190476190,0.01190476190) contrib=(0.07142857143,-3.282566543E-75)
COSET 11 c=1 d=71 gcd=1 a0=(3.000000000,-3.000000000) 
rho=(0.01190476190,0.01190476190) contrib=(0.07142857143,9.101699165E-75)
COSET 11 c=1 d=72 gcd=1 a0=(3.000000000,-3.000000000) 
rho=(0.01190476190,0.01190476190) contrib=(0.07142857143,-1.759722155E-75)
COSET 11 c=1 d=73 gcd=1 a0=(3.000000000,-3.000000000) 
rho=(0.01190476190,0.01190476190) contrib=(0.07142857143,1.069322166E-74)
COSET 11 c=1 d=74 gcd=1 a0=(3.000000000,-3.000000000) 
rho=(0.01190476190,0.01190476190) contrib=(0.07142857143,1.804547982E-75)
COSET 11 c=1 d=75 gcd=1 a0=(3.000000000,-3.000000000) 
rho=(0.01190476190,0.01190476190) contrib=(0.07142857143,-4.719049246E-75)
COSET 11 c=1 d=76 gcd=1 a0=(3.000000000,-3.000000000) 
rho=(0.01190476190,0.01190476190) contrib=(0.07142857143,8.496344874E-76)
COSET 11 c=1 d=77 gcd=1 a0=(3.000000000,-3.000000000) 
rho=(0.01190476190,0.01190476190) contrib=(0.07142857143,5.034886268E-75)
COSET 11 c=1 d=78 gcd=1 a0=(3.000000000,-3.000000000) 
rho=(0.01190476190,0.01190476190) contrib=(0.07142857143,-1.450917442E-74)
COSET 11 c=1 d=79 gcd=1 a0=(3.000000000,-3.000000000) 
rho=(0.01190476190,0.01190476190) contrib=(0.07142857143,1.180399743E-74)
COSET 11 c=1 d=80 gcd=1 a0=(3.000000000,-3.000000000) 
rho=(0.01190476190,0.01190476190) contrib=(0.07142857143,-5.455591050E-75)
COSET 11 c=1 d=81 gcd=1 a0=(3.000000000,-3.000000000) 
rho=(0.01190476190,0.01190476190) contrib=(0.07142857143,-7.682077553E-75)
COSET 11 c=1 d=82 gcd=1 a0=(3.000000000,-3.000000000) 
rho=(0.01190476190,0.01190476190) contrib=(0.07142857143,5.638184328E-76)
COSET 11 c=1 d=83 gcd=1 a0=(3.000000000,-3.000000000) 
rho=(0.01190476190,0.01190476190) contrib=(0.07142857143,1.118984247E-73)
COSET 11 c=3 d=1 gcd=3 a0=(-4.000000000,-4.000000000) 
rho=(0.03571428571,-0.03571428571) contrib=(-0.2857142857,-2.412205884E-74)
COSET 11 c=3 d=2 gcd=3 a0=(-4.000000000,-4.000000000) 
rho=(0.03571428571,-0.03571428571) contrib=(-0.2857142857,-1.606821057E-74)
COSET 11 c=3 d=4 gcd=3 a0=(-4.000000000,-4.000000000) 
rho=(0.03571428571,-0.03571428571) contrib=(-0.2857142857,-3.114943257E-74)
COSET 11 c=3 d=5 gcd=3 a0=(-4.000000000,-4.000000000) 
rho=(0.03571428571,-0.03571428571) contrib=(-0.2857142857,-2.029253074E-74)
COSET 11 c=3 d=7 gcd=3 a0=(-4.000000000,-4.000000000) 
rho=(0.03571428571,-0.03571428571) contrib=(-0.2857142857,3.474206603E-74)
COSET 11 c=3 d=8 gcd=3 a0=(-4.000000000,-4.000000000) 
rho=(0.03571428571,-0.03571428571) contrib=(-0.2857142857,4.200632174E-74)
COSET 11 c=3 d=10 gcd=3 a0=(-4.000000000,-4.000000000) 
rho=(0.03571428571,-0.03571428571) contrib=(-0.2857142857,6.553617563E-74)
COSET 11 c=3 d=11 gcd=3 a0=(-4.000000000,-4.000000000) 
rho=(0.03571428571,-0.03571428571) contrib=(-0.2857142857,-2.318243759E-73)
COSET 11 c=3 d=13 gcd=3 a0=(-4.000000000,-4.000000000) 
rho=(0.03571428571,-0.03571428571) contrib=(-0.2857142857,3.237328837E-74)
COSET 11 c=3 d=14 gcd=3 a0=(-4.000000000,-4.000000000) 
rho=(0.03571428571,-0.03571428571) contrib=(-0.2857142857,1.114509868E-73)
COSET 11 c=3 d=16 gcd=3 a0=(-4.000000000,-4.000000000) 
rho=(0.03571428571,-0.03571428571) contrib=(-0.2857142857,-8.464432808E-74)
COSET 11 c=3 d=17 gcd=3 a0=(-4.000000000,-4.000000000) 
rho=(0.03571428571,-0.03571428571) contrib=(-0.2857142857,1.812509686E-73)
COSET 11 c=3 d=19 gcd=3 a0=(-4.000000000,-4.000000000) 
rho=(0.03571428571,-0.03571428571) contrib=(-0.2857142857,9.096105585E-74)
COSET 11 c=3 d=20 gcd=3 a0=(-4.000000000,-4.000000000) 
rho=(0.03571428571,-0.03571428571) contrib=(-0.2857142857,5.104715838E-73)
COSET 11 c=3 d=22 gcd=3 a0=(-4.000000000,-4.000000000) 
rho=(0.03571428571,-0.03571428571) contrib=(-0.2857142857,2.633290534E-74)
COSET 11 c=3 d=23 gcd=3 a0=(-4.000000000,-4.000000000) 
rho=(0.03571428571,-0.03571428571) contrib=(-0.2857142857,3.640021461E-74)
COSET 11 c=3 d=25 gcd=3 a0=(-4.000000000,-4.000000000) 
rho=(0.03571428571,-0.03571428571) contrib=(-0.2857142857,-1.887915859E-73)
COSET 11 c=3 d=26 gcd=3 a0=(-4.000000000,-4.000000000) 
rho=(0.03571428571,-0.03571428571) contrib=(-0.2857142857,1.019877220E-72)
COSET 11 c=3 d=28 gcd=3 a0=(-4.000000000,-4.000000000) 
rho=(0.03571428571,-0.03571428571) contrib=(-0.2857142857,1.744209888E-73)
COSET 11 c=3 d=31 gcd=3 a0=(-4.000000000,-4.000000000) 
rho=(0.03571428571,-0.03571428571) contrib=(-0.2857142857,1.585106988E-73)
COSET 11 c=3 d=34 gcd=3 a0=(-4.000000000,-4.000000000) 
rho=(0.03571428571,-0.03571428571) contrib=(-0.2857142857,-3.695688010E-73)
COSET 11 c=3 d=37 gcd=3 a0=(-4.000000000,-4.000000000) 
rho=(0.03571428571,-0.03571428571) contrib=(-0.2857142857,7.394533632E-74)
COSET 11 c=3 d=40 gcd=3 a0=(-4.000000000,-4.000000000) 
rho=(0.03571428571,-0.03571428571) contrib=(-0.2857142857,-1.840816606E-72)
COSET 11 c=3 d=43 gcd=3 a0=(-4.000000000,-4.000000000) 
rho=(0.03571428571,-0.03571428571) contrib=(-0.2857142857,-7.648783130E-73)
COSET 11 c=3 d=46 gcd=3 a0=(-4.000000000,-4.000000000) 
rho=(0.03571428571,-0.03571428571) contrib=(-0.2857142857,-2.404862047E-72)
COSET 11 c=3 d=49 gcd=3 a0=(-4.000000000,-4.000000000) 
rho=(0.03571428571,-0.03571428571) contrib=(-0.2857142857,2.387569957E-72)
COSET 11 c=3 d=52 gcd=3 a0=(-4.000000000,-4.000000000) 
rho=(0.03571428571,-0.03571428571) contrib=(-0.2857142857,-8.346782948E-73)
COSET 11 c=3 d=55 gcd=3 a0=(-4.000000000,-4.000000000) 
rho=(0.03571428571,-0.03571428571) contrib=(-0.2857142857,4.159692005E-72)
COSET 11 c=4 d=1 gcd=4 a0=(4.000000000,1.220856676E-73) 
rho=(6.240604675E-81,2.563973923E-81) contrib=(2.496241870E-80,1.025589569E-80)
COSET 11 c=4 d=3 gcd=4 a0=(-8.403249624E-73,4.000000000) 
rho=(-4.549460422E-82,-6.127652555E-81) contrib=(2.451061022E-80,-1.819784169E-\
81)
COSET 11 c=4 d=5 gcd=4 a0=(4.000000000,-6.727975405E-73) 
rho=(6.240604675E-81,2.563973923E-81) contrib=(2.496241870E-80,1.025589569E-80)
COSET 11 c=4 d=7 gcd=4 a0=(4.691451681E-72,4.000000000) 
rho=(-4.549460422E-82,-6.127652555E-81) contrib=(2.451061022E-80,-1.819784169E-\
81)
COSET 11 c=4 d=9 gcd=4 a0=(4.000000000,1.314645773E-72) 
rho=(6.240604675E-81,2.563973923E-81) contrib=(2.496241870E-80,1.025589569E-80)
COSET 11 c=4 d=11 gcd=4 a0=(-3.164514831E-72,4.000000000) 
rho=(-4.549460422E-82,-6.127652555E-81) contrib=(2.451061022E-80,-1.819784169E-\
81)
COSET 11 c=4 d=13 gcd=4 a0=(4.000000000,1.159398817E-72) 
rho=(6.240604675E-81,2.563973923E-81) contrib=(2.496241870E-80,1.025589569E-80)
COSET 11 c=4 d=15 gcd=4 a0=(-1.061457869E-71,4.000000000) 
rho=(-4.549460422E-82,-6.127652555E-81) contrib=(2.451061022E-80,-1.819784169E-\
81)
COSET 11 c=4 d=17 gcd=4 a0=(4.000000000,6.590899546E-72) 
rho=(6.240604675E-81,2.563973923E-81) contrib=(2.496241870E-80,1.025589569E-80)
COSET 11 c=4 d=19 gcd=4 a0=(1.218661521E-71,4.000000000) 
rho=(-4.549460422E-82,-6.127652555E-81) contrib=(2.451061022E-80,-1.819784169E-\
81)
COSET 11 c=4 d=21 gcd=4 a0=(4.000000000,8.439022804E-72) 
rho=(6.240604675E-81,2.563973923E-81) contrib=(2.496241870E-80,1.025589569E-80)
COSET 11 c=4 d=23 gcd=4 a0=(1.653720204E-72,4.000000000) 
rho=(-4.549460422E-82,-6.127652555E-81) contrib=(2.451061022E-80,-1.819784169E-\
81)
COSET 11 c=4 d=25 gcd=4 a0=(4.000000000,1.610710121E-71) 
rho=(6.240604675E-81,2.563973923E-81) contrib=(2.496241870E-80,1.025589569E-80)
COSET 11 c=4 d=27 gcd=4 a0=(5.081599066E-72,4.000000000) 
rho=(-4.549460422E-82,-6.127652555E-81) contrib=(2.451061022E-80,-1.819784169E-\
81)
COSET 11 c=4 d=29 gcd=4 a0=(4.000000000,-9.561018944E-72) 
rho=(6.240604675E-81,2.563973923E-81) contrib=(2.496241870E-80,1.025589569E-80)
COSET 11 c=4 d=31 gcd=4 a0=(8.252757570E-72,4.000000000) 
rho=(-4.549460422E-82,-6.127652555E-81) contrib=(2.451061022E-80,-1.819784169E-\
81)
COSET 11 c=4 d=33 gcd=4 a0=(4.000000000,-6.643234972E-72) 
rho=(6.240604675E-81,2.563973923E-81) contrib=(2.496241870E-80,1.025589569E-80)
COSET 11 c=4 d=35 gcd=4 a0=(8.692245383E-72,4.000000000) 
rho=(-4.549460422E-82,-6.127652555E-81) contrib=(2.451061022E-80,-1.819784169E-\
81)
COSET 11 c=4 d=37 gcd=4 a0=(4.000000000,2.493080134E-71) 
rho=(6.240604675E-81,2.563973923E-81) contrib=(2.496241870E-80,1.025589569E-80)
COSET 11 c=4 d=39 gcd=4 a0=(-2.948378863E-72,4.000000000) 
rho=(-4.549460422E-82,-6.127652555E-81) contrib=(2.451061022E-80,-1.819784169E-\
81)
COSET 11 c=4 d=41 gcd=4 a0=(4.000000000,-4.926729121E-71) 
rho=(6.240604675E-81,2.563973923E-81) contrib=(2.496241870E-80,1.025589569E-80)
COSET 11 c=7 d=1 gcd=7 a0=(-2.000000000,-2.000000000) 
rho=(0.08333333334,-0.08333333334) contrib=(-0.3333333333,-3.921108186E-74)
COSET 11 c=7 d=2 gcd=7 a0=(-2.000000000,-2.000000000) 
rho=(0.08333333334,-0.08333333334) contrib=(-0.3333333333,-4.209556848E-74)
COSET 11 c=7 d=3 gcd=7 a0=(-2.000000000,-2.000000000) 
rho=(0.08333333334,-0.08333333334) contrib=(-0.3333333333,-6.957887892E-75)
COSET 11 c=7 d=4 gcd=7 a0=(-2.000000000,-2.000000000) 
rho=(0.08333333334,-0.08333333334) contrib=(-0.3333333333,2.155011716E-74)
COSET 11 c=7 d=5 gcd=7 a0=(2.000000000,2.000000000) 
rho=(-0.08333333334,0.08333333334) contrib=(-0.3333333333,-3.076203239E-74)
COSET 11 c=7 d=6 gcd=7 a0=(-2.000000000,-2.000000000) 
rho=(0.08333333334,-0.08333333334) contrib=(-0.3333333333,4.411642138E-74)
COSET 11 c=7 d=8 gcd=7 a0=(-2.000000000,-2.000000000) 
rho=(0.08333333334,-0.08333333334) contrib=(-0.3333333333,-3.748096942E-74)
COSET 11 c=7 d=9 gcd=7 a0=(-2.000000000,-2.000000000) 
rho=(0.08333333334,-0.08333333334) contrib=(-0.3333333333,6.567230020E-74)
COSET 11 c=7 d=10 gcd=7 a0=(-2.000000000,-2.000000000) 
rho=(0.08333333334,-0.08333333334) contrib=(-0.3333333333,1.232294744E-73)
COSET 11 c=7 d=11 gcd=7 a0=(-2.000000000,-2.000000000) 
rho=(0.08333333334,-0.08333333334) contrib=(-0.3333333333,6.433945363E-74)
COSET 11 c=7 d=12 gcd=7 a0=(2.000000000,2.000000000) 
rho=(-0.08333333334,0.08333333334) contrib=(-0.3333333333,-6.494110881E-74)
COSET 11 c=7 d=19 gcd=7 a0=(2.000000000,2.000000000) 
rho=(-0.08333333334,0.08333333334) contrib=(-0.3333333333,-2.822328671E-73)
COSET 11 c=12 d=1 gcd=12 a0=(10.00000000,-9.799612332E-75) 
rho=(8.492587585E-81,-2.066749275E-80) contrib=(8.492587584E-80,-2.066749275E-7\
9)
COSET 11 c=12 d=5 gcd=12 a0=(-10.00000000,-1.750125622E-74) 
rho=(-6.229328028E-82,-3.390706985E-82) contrib=(6.229328028E-81,3.390706985E-8\
1)
COSET 11 c=12 d=7 gcd=12 a0=(2.102097387E-74,10.00000000) 
rho=(2.264342556E-82,-1.237556563E-81) contrib=(1.237556563E-80,2.264342556E-81\
)
COSET 11 c=12 d=11 gcd=12 a0=(2.994206561E-74,10.00000000) 
rho=(2.434431960E-80,-1.362641835E-80) contrib=(1.362641835E-79,2.434431960E-79\
)
COSET 11 c=12 d=13 gcd=12 a0=(10.00000000,3.994782842E-74) 
rho=(8.492587585E-81,-2.066749275E-80) contrib=(8.492587584E-80,-2.066749275E-7\
9)
COSET 11 c=12 d=17 gcd=12 a0=(-10.00000000,4.059075119E-74) 
rho=(-6.229328028E-82,-3.390706985E-82) contrib=(6.229328028E-81,3.390706985E-8\
1)
COSET 11 c=12 d=23 gcd=12 a0=(3.490644062E-74,10.00000000) 
rho=(2.434431960E-80,-1.362641835E-80) contrib=(1.362641835E-79,2.434431960E-79\
)
COSET 11 c=21 d=1 gcd=21 a0=(-5.000000000,5.000000000) 
rho=(-0.2500000000,-0.2500000000) contrib=(2.500000000,-5.455381863E-74)
COSET 11 c=21 d=2 gcd=21 a0=(5.000000000,-5.000000000) 
rho=(0.2500000000,0.2500000000) contrib=(2.500000000,1.679993447E-73)
COSET 11 c=21 d=4 gcd=21 a0=(-5.000000000,5.000000000) 
rho=(-0.2500000000,-0.2500000000) contrib=(2.500000000,-1.797175987E-73)
COSET 11 c=21 d=11 gcd=21 a0=(5.000000000,-5.000000000) 
rho=(0.2500000000,0.2500000000) contrib=(2.500000000,5.717234668E-74)
COSET 11 c=28 d=1 gcd=28 a0=(4.000000000,-8.416481769E-74) 
rho=(-5.717573605E-80,-5.722907455E-81) contrib=(-2.287029442E-79,-2.289162982E\
-80)
COSET 11 c=28 d=3 gcd=28 a0=(-1.083836661E-73,-4.000000000) 
rho=(6.942592176E-81,1.101500784E-81) contrib=(4.406003135E-81,-2.777036870E-80\
)
COSET 11 c=28 d=5 gcd=28 a0=(-4.000000000,-2.859985717E-73) 
rho=(-1.546110593E-80,-3.245020304E-81) contrib=(6.184442371E-80,1.298008122E-8\
0)
FORM 12:
  c_eta(0)[1] (trivial) = -8.54385607712E-72 + 5.77360205606E-72 i   (half: 
-4.27192803856E-72)
  c_eta(0)[2] = 4.00000000000 + 4.37234825129E-72 i   (half: 2.00000000000)
  c_eta(0)[3] = 4.00000000000 + 4.37234773587E-72 i   (half: 2.00000000000)
COSET 12 c=0 d=1 gcd=84 a0=(-42.00000000,9.264736640E-75) 
rho=(0.0000000000,0.0000000000) contrib=(-0.0000000000,0.0000000000)
COSET 12 c=1 d=0 gcd=1 a0=(6.000000000,-6.000000000) 
rho=(0.01190476190,0.01190476190) contrib=(0.1428571429,2.318728596E-72)
COSET 12 c=1 d=1 gcd=1 a0=(6.000000000,-6.000000000) 
rho=(0.01190476190,0.01190476190) contrib=(0.1428571429,-2.789071197E-75)
COSET 12 c=1 d=2 gcd=1 a0=(6.000000000,-6.000000000) 
rho=(0.01190476190,0.01190476190) contrib=(0.1428571429,-1.277741700E-75)
COSET 12 c=1 d=3 gcd=1 a0=(6.000000000,-6.000000000) 
rho=(0.01190476190,0.01190476190) contrib=(0.1428571429,-2.915735003E-76)
COSET 12 c=1 d=4 gcd=1 a0=(6.000000000,-6.000000000) 
rho=(0.01190476190,0.01190476190) contrib=(0.1428571429,-5.872594617E-76)
COSET 12 c=1 d=5 gcd=1 a0=(6.000000000,-6.000000000) 
rho=(0.01190476190,0.01190476190) contrib=(0.1428571429,5.897269385E-76)
COSET 12 c=1 d=6 gcd=1 a0=(6.000000000,-6.000000000) 
rho=(0.01190476190,0.01190476190) contrib=(0.1428571429,-2.385227506E-76)
COSET 12 c=1 d=7 gcd=1 a0=(6.000000000,-6.000000000) 
rho=(0.01190476190,0.01190476190) contrib=(0.1428571429,2.155340924E-75)
COSET 12 c=1 d=8 gcd=1 a0=(6.000000000,-6.000000000) 
rho=(0.01190476190,0.01190476190) contrib=(0.1428571429,-1.509273266E-76)
COSET 12 c=1 d=9 gcd=1 a0=(6.000000000,-6.000000000) 
rho=(0.01190476190,0.01190476190) contrib=(0.1428571429,2.154929677E-76)
COSET 12 c=1 d=10 gcd=1 a0=(6.000000000,-6.000000000) 
rho=(0.01190476190,0.01190476190) contrib=(0.1428571429,3.380443120E-76)
COSET 12 c=1 d=11 gcd=1 a0=(6.000000000,-6.000000000) 
rho=(0.01190476190,0.01190476190) contrib=(0.1428571429,-5.642296790E-76)
COSET 12 c=1 d=12 gcd=1 a0=(6.000000000,-6.000000000) 
rho=(0.01190476190,0.01190476190) contrib=(0.1428571429,2.191119336E-75)
COSET 12 c=1 d=13 gcd=1 a0=(6.000000000,-6.000000000) 
rho=(0.01190476190,0.01190476190) contrib=(0.1428571429,2.887770266E-75)
COSET 12 c=1 d=14 gcd=1 a0=(6.000000000,-6.000000000) 
rho=(0.01190476190,0.01190476190) contrib=(0.1428571429,-9.911031532E-77)
COSET 12 c=1 d=15 gcd=1 a0=(6.000000000,-6.000000000) 
rho=(0.01190476190,0.01190476190) contrib=(0.1428571429,1.334082419E-75)
COSET 12 c=1 d=16 gcd=1 a0=(6.000000000,-6.000000000) 
rho=(0.01190476190,0.01190476190) contrib=(0.1428571429,1.125169389E-75)
COSET 12 c=1 d=17 gcd=1 a0=(6.000000000,-6.000000000) 
rho=(0.01190476190,0.01190476190) contrib=(0.1428571429,1.245253256E-75)
COSET 12 c=1 d=18 gcd=1 a0=(6.000000000,-6.000000000) 
rho=(0.01190476190,0.01190476190) contrib=(0.1428571429,1.834568949E-75)
COSET 12 c=1 d=19 gcd=1 a0=(6.000000000,-6.000000000) 
rho=(0.01190476190,0.01190476190) contrib=(0.1428571429,1.756432186E-75)
COSET 12 c=1 d=20 gcd=1 a0=(6.000000000,-6.000000000) 
rho=(0.01190476190,0.01190476190) contrib=(0.1428571429,-1.178220139E-75)
COSET 12 c=1 d=21 gcd=1 a0=(6.000000000,-6.000000000) 
rho=(0.01190476190,0.01190476190) contrib=(0.1428571429,-3.398949196E-75)
COSET 12 c=1 d=22 gcd=1 a0=(6.000000000,-6.000000000) 
rho=(0.01190476190,0.01190476190) contrib=(0.1428571429,4.705478124E-75)
COSET 12 c=1 d=23 gcd=1 a0=(6.000000000,-6.000000000) 
rho=(0.01190476190,0.01190476190) contrib=(0.1428571429,-2.532042371E-75)
COSET 12 c=1 d=24 gcd=1 a0=(6.000000000,-6.000000000) 
rho=(0.01190476190,0.01190476190) contrib=(0.1428571429,5.596237224E-75)
COSET 12 c=1 d=25 gcd=1 a0=(6.000000000,-6.000000000) 
rho=(0.01190476190,0.01190476190) contrib=(0.1428571429,1.225924689E-75)
COSET 12 c=1 d=26 gcd=1 a0=(6.000000000,-6.000000000) 
rho=(0.01190476190,0.01190476190) contrib=(0.1428571429,-3.664614190E-75)
COSET 12 c=1 d=27 gcd=1 a0=(6.000000000,-6.000000000) 
rho=(0.01190476190,0.01190476190) contrib=(0.1428571429,-5.714264861E-75)
COSET 12 c=1 d=28 gcd=1 a0=(6.000000000,-6.000000000) 
rho=(0.01190476190,0.01190476190) contrib=(0.1428571429,-1.167363241E-74)
COSET 12 c=1 d=29 gcd=1 a0=(6.000000000,-6.000000000) 
rho=(0.01190476190,0.01190476190) contrib=(0.1428571429,-3.991966103E-75)
COSET 12 c=1 d=30 gcd=1 a0=(6.000000000,-6.000000000) 
rho=(0.01190476190,0.01190476190) contrib=(0.1428571429,1.412136933E-74)
COSET 12 c=1 d=31 gcd=1 a0=(6.000000000,-6.000000000) 
rho=(0.01190476190,0.01190476190) contrib=(0.1428571429,1.418387874E-75)
COSET 12 c=1 d=32 gcd=1 a0=(6.000000000,-6.000000000) 
rho=(0.01190476190,0.01190476190) contrib=(0.1428571429,3.409641595E-75)
COSET 12 c=1 d=33 gcd=1 a0=(6.000000000,-6.000000000) 
rho=(0.01190476190,0.01190476190) contrib=(0.1428571429,1.850607548E-76)
COSET 12 c=1 d=34 gcd=1 a0=(6.000000000,-6.000000000) 
rho=(0.01190476190,0.01190476190) contrib=(0.1428571429,3.708617525E-75)
COSET 12 c=1 d=35 gcd=1 a0=(6.000000000,-6.000000000) 
rho=(0.01190476190,0.01190476190) contrib=(0.1428571429,-1.702805691E-74)
COSET 12 c=1 d=36 gcd=1 a0=(6.000000000,-6.000000000) 
rho=(0.01190476190,0.01190476190) contrib=(0.1428571429,-6.180617963E-75)
COSET 12 c=1 d=37 gcd=1 a0=(6.000000000,-6.000000000) 
rho=(0.01190476190,0.01190476190) contrib=(0.1428571429,-3.116423110E-75)
COSET 12 c=1 d=38 gcd=1 a0=(6.000000000,-6.000000000) 
rho=(0.01190476190,0.01190476190) contrib=(0.1428571429,-3.716431202E-75)
COSET 12 c=1 d=39 gcd=1 a0=(6.000000000,-6.000000000) 
rho=(0.01190476190,0.01190476190) contrib=(0.1428571429,1.620720966E-75)
COSET 12 c=1 d=40 gcd=1 a0=(6.000000000,-6.000000000) 
rho=(0.01190476190,0.01190476190) contrib=(0.1428571429,1.084456023E-75)
COSET 12 c=1 d=41 gcd=1 a0=(6.000000000,-6.000000000) 
rho=(0.01190476190,0.01190476190) contrib=(0.1428571429,-2.268515856E-74)
COSET 12 c=1 d=42 gcd=1 a0=(6.000000000,-6.000000000) 
rho=(0.01190476190,0.01190476190) contrib=(0.1428571429,-2.368530913E-74)
COSET 12 c=1 d=43 gcd=1 a0=(6.000000000,-6.000000000) 
rho=(0.01190476190,0.01190476190) contrib=(0.1428571429,-1.603900999E-74)
COSET 12 c=1 d=44 gcd=1 a0=(6.000000000,-6.000000000) 
rho=(0.01190476190,0.01190476190) contrib=(0.1428571429,8.545283162E-75)
COSET 12 c=1 d=45 gcd=1 a0=(6.000000000,-6.000000000) 
rho=(0.01190476190,0.01190476190) contrib=(0.1428571429,-4.325075462E-75)
COSET 12 c=1 d=46 gcd=1 a0=(6.000000000,-6.000000000) 
rho=(0.01190476190,0.01190476190) contrib=(0.1428571429,-1.783985676E-75)
COSET 12 c=1 d=47 gcd=1 a0=(6.000000000,-6.000000000) 
rho=(0.01190476190,0.01190476190) contrib=(0.1428571429,6.144017058E-76)
COSET 12 c=1 d=48 gcd=1 a0=(6.000000000,-6.000000000) 
rho=(0.01190476190,0.01190476190) contrib=(0.1428571429,-2.265719383E-74)
COSET 12 c=1 d=49 gcd=1 a0=(6.000000000,-6.000000000) 
rho=(0.01190476190,0.01190476190) contrib=(0.1428571429,-4.490396403E-75)
COSET 12 c=1 d=50 gcd=1 a0=(6.000000000,-6.000000000) 
rho=(0.01190476190,0.01190476190) contrib=(0.1428571429,-6.934432104E-75)
COSET 12 c=1 d=51 gcd=1 a0=(6.000000000,-6.000000000) 
rho=(0.01190476190,0.01190476190) contrib=(0.1428571429,-3.848029960E-75)
COSET 12 c=1 d=52 gcd=1 a0=(6.000000000,-6.000000000) 
rho=(0.01190476190,0.01190476190) contrib=(0.1428571429,-1.634127589E-74)
COSET 12 c=1 d=53 gcd=1 a0=(6.000000000,-6.000000000) 
rho=(0.01190476190,0.01190476190) contrib=(0.1428571429,-7.155682517E-75)
COSET 12 c=1 d=54 gcd=1 a0=(6.000000000,-6.000000000) 
rho=(0.01190476190,0.01190476190) contrib=(0.1428571429,5.342950737E-74)
COSET 12 c=1 d=55 gcd=1 a0=(6.000000000,-6.000000000) 
rho=(0.01190476190,0.01190476190) contrib=(0.1428571429,-2.081316622E-75)
COSET 12 c=1 d=56 gcd=1 a0=(6.000000000,-6.000000000) 
rho=(0.01190476190,0.01190476190) contrib=(0.1428571429,1.874459823E-74)
COSET 12 c=1 d=57 gcd=1 a0=(6.000000000,-6.000000000) 
rho=(0.01190476190,0.01190476190) contrib=(0.1428571429,-7.405720159E-75)
COSET 12 c=1 d=58 gcd=1 a0=(6.000000000,-6.000000000) 
rho=(0.01190476190,0.01190476190) contrib=(0.1428571429,-2.424830507E-74)
COSET 12 c=1 d=59 gcd=1 a0=(6.000000000,-6.000000000) 
rho=(0.01190476190,0.01190476190) contrib=(0.1428571429,-1.234190736E-74)
COSET 12 c=1 d=60 gcd=1 a0=(6.000000000,-6.000000000) 
rho=(0.01190476190,0.01190476190) contrib=(0.1428571429,-3.833800845E-74)
COSET 12 c=1 d=61 gcd=1 a0=(6.000000000,-6.000000000) 
rho=(0.01190476190,0.01190476190) contrib=(0.1428571429,-2.833691401E-74)
COSET 12 c=1 d=62 gcd=1 a0=(6.000000000,-6.000000000) 
rho=(0.01190476190,0.01190476190) contrib=(0.1428571429,-1.491178437E-75)
COSET 12 c=1 d=63 gcd=1 a0=(6.000000000,-6.000000000) 
rho=(0.01190476190,0.01190476190) contrib=(0.1428571429,-5.645998005E-75)
COSET 12 c=1 d=64 gcd=1 a0=(6.000000000,-6.000000000) 
rho=(0.01190476190,0.01190476190) contrib=(0.1428571429,1.359456304E-74)
COSET 12 c=1 d=65 gcd=1 a0=(6.000000000,-6.000000000) 
rho=(0.01190476190,0.01190476190) contrib=(0.1428571429,3.653346046E-74)
COSET 12 c=1 d=66 gcd=1 a0=(6.000000000,-6.000000000) 
rho=(0.01190476190,0.01190476190) contrib=(0.1428571429,-1.556977817E-75)
COSET 12 c=1 d=67 gcd=1 a0=(6.000000000,-6.000000000) 
rho=(0.01190476190,0.01190476190) contrib=(0.1428571429,-7.358426855E-75)
COSET 12 c=1 d=68 gcd=1 a0=(6.000000000,-6.000000000) 
rho=(0.01190476190,0.01190476190) contrib=(0.1428571429,-2.357879639E-74)
COSET 12 c=1 d=69 gcd=1 a0=(6.000000000,-6.000000000) 
rho=(0.01190476190,0.01190476190) contrib=(0.1428571429,-2.219536443E-74)
COSET 12 c=1 d=70 gcd=1 a0=(6.000000000,-6.000000000) 
rho=(0.01190476190,0.01190476190) contrib=(0.1428571429,-1.065045206E-74)
COSET 12 c=1 d=71 gcd=1 a0=(6.000000000,-6.000000000) 
rho=(0.01190476190,0.01190476190) contrib=(0.1428571429,-1.835021320E-74)
COSET 12 c=1 d=72 gcd=1 a0=(6.000000000,-6.000000000) 
rho=(0.01190476190,0.01190476190) contrib=(0.1428571429,4.799242240E-75)
COSET 12 c=1 d=73 gcd=1 a0=(6.000000000,-6.000000000) 
rho=(0.01190476190,0.01190476190) contrib=(0.1428571429,5.047018028E-74)
COSET 12 c=1 d=74 gcd=1 a0=(6.000000000,-6.000000000) 
rho=(0.01190476190,0.01190476190) contrib=(0.1428571429,5.979929855E-75)
COSET 12 c=1 d=75 gcd=1 a0=(6.000000000,-6.000000000) 
rho=(0.01190476190,0.01190476190) contrib=(0.1428571429,-8.374616022E-75)
COSET 12 c=1 d=76 gcd=1 a0=(6.000000000,-6.000000000) 
rho=(0.01190476190,0.01190476190) contrib=(0.1428571429,-1.462062212E-74)
COSET 12 c=1 d=77 gcd=1 a0=(6.000000000,-6.000000000) 
rho=(0.01190476190,0.01190476190) contrib=(0.1428571429,8.070293891E-75)
COSET 12 c=1 d=78 gcd=1 a0=(6.000000000,-6.000000000) 
rho=(0.01190476190,0.01190476190) contrib=(0.1428571429,-7.116449637E-74)
COSET 12 c=1 d=79 gcd=1 a0=(6.000000000,-6.000000000) 
rho=(0.01190476190,0.01190476190) contrib=(0.1428571429,4.562816845E-74)
COSET 12 c=1 d=80 gcd=1 a0=(6.000000000,-6.000000000) 
rho=(0.01190476190,0.01190476190) contrib=(0.1428571429,-2.116519290E-74)
COSET 12 c=1 d=81 gcd=1 a0=(6.000000000,-6.000000000) 
rho=(0.01190476190,0.01190476190) contrib=(0.1428571429,-2.556223643E-74)
COSET 12 c=1 d=82 gcd=1 a0=(6.000000000,-6.000000000) 
rho=(0.01190476190,0.01190476190) contrib=(0.1428571429,3.954789454E-74)
COSET 12 c=1 d=83 gcd=1 a0=(6.000000000,-6.000000000) 
rho=(0.01190476190,0.01190476190) contrib=(0.1428571429,2.952233096E-73)
COSET 12 c=3 d=1 gcd=3 a0=(-7.000000000,-7.000000000) 
rho=(0.03571428571,-0.03571428571) contrib=(-0.5000000000,-2.100317300E-74)
COSET 12 c=3 d=2 gcd=3 a0=(-7.000000000,-7.000000000) 
rho=(0.03571428571,-0.03571428571) contrib=(-0.5000000000,-1.914762311E-74)
COSET 12 c=3 d=4 gcd=3 a0=(-7.000000000,-7.000000000) 
rho=(0.03571428571,-0.03571428571) contrib=(-0.5000000000,-2.988608922E-74)
COSET 12 c=3 d=5 gcd=3 a0=(-7.000000000,-7.000000000) 
rho=(0.03571428571,-0.03571428571) contrib=(-0.5000000000,-1.567341588E-74)
COSET 12 c=3 d=7 gcd=3 a0=(-7.000000000,-7.000000000) 
rho=(0.03571428571,-0.03571428571) contrib=(-0.5000000000,2.976762820E-74)
COSET 12 c=3 d=8 gcd=3 a0=(-7.000000000,-7.000000000) 
rho=(0.03571428571,-0.03571428571) contrib=(-0.5000000000,3.884794995E-74)
COSET 12 c=3 d=10 gcd=3 a0=(-7.000000000,-7.000000000) 
rho=(0.03571428571,-0.03571428571) contrib=(-0.5000000000,6.553617088E-74)
COSET 12 c=3 d=11 gcd=3 a0=(-7.000000000,-7.000000000) 
rho=(0.03571428571,-0.03571428571) contrib=(-0.5000000000,-2.214412353E-73)
COSET 12 c=3 d=13 gcd=3 a0=(-7.000000000,-7.000000000) 
rho=(0.03571428571,-0.03571428571) contrib=(-0.5000000000,2.854375974E-74)
COSET 12 c=3 d=14 gcd=3 a0=(-7.000000000,-7.000000000) 
rho=(0.03571428571,-0.03571428571) contrib=(-0.5000000000,1.076214614E-73)
COSET 12 c=3 d=16 gcd=3 a0=(-7.000000000,-7.000000000) 
rho=(0.03571428571,-0.03571428571) contrib=(-0.5000000000,-7.457702776E-74)
COSET 12 c=3 d=17 gcd=3 a0=(-7.000000000,-7.000000000) 
rho=(0.03571428571,-0.03571428571) contrib=(-0.5000000000,1.780136375E-73)
COSET 12 c=3 d=19 gcd=3 a0=(-7.000000000,-7.000000000) 
rho=(0.03571428571,-0.03571428571) contrib=(-0.5000000000,8.432847365E-74)
COSET 12 c=3 d=20 gcd=3 a0=(-7.000000000,-7.000000000) 
rho=(0.03571428571,-0.03571428571) contrib=(-0.5000000000,4.923504331E-73)
COSET 12 c=3 d=22 gcd=3 a0=(-7.000000000,-7.000000000) 
rho=(0.03571428571,-0.03571428571) contrib=(-0.5000000000,2.783312645E-74)
COSET 12 c=3 d=23 gcd=3 a0=(-7.000000000,-7.000000000) 
rho=(0.03571428571,-0.03571428571) contrib=(-0.5000000000,3.103098367E-74)
COSET 12 c=3 d=25 gcd=3 a0=(-7.000000000,-7.000000000) 
rho=(0.03571428571,-0.03571428571) contrib=(-0.5000000000,-1.777372949E-73)
COSET 12 c=3 d=26 gcd=3 a0=(-7.000000000,-7.000000000) 
rho=(0.03571428571,-0.03571428571) contrib=(-0.5000000000,9.802396720E-73)
COSET 12 c=3 d=28 gcd=3 a0=(-7.000000000,-7.000000000) 
rho=(0.03571428571,-0.03571428571) contrib=(-0.5000000000,1.681437232E-73)
COSET 12 c=3 d=31 gcd=3 a0=(-7.000000000,-7.000000000) 
rho=(0.03571428571,-0.03571428571) contrib=(-0.5000000000,1.513254018E-73)
COSET 12 c=3 d=34 gcd=3 a0=(-7.000000000,-7.000000000) 
rho=(0.03571428571,-0.03571428571) contrib=(-0.5000000000,-3.398801258E-73)
COSET 12 c=3 d=37 gcd=3 a0=(-7.000000000,-7.000000000) 
rho=(0.03571428571,-0.03571428571) contrib=(-0.5000000000,5.799556199E-74)
COSET 12 c=3 d=40 gcd=3 a0=(-7.000000000,-7.000000000) 
rho=(0.03571428571,-0.03571428571) contrib=(-0.5000000000,-1.781834047E-72)
COSET 12 c=3 d=43 gcd=3 a0=(-7.000000000,-7.000000000) 
rho=(0.03571428571,-0.03571428571) contrib=(-0.5000000000,-7.332156563E-73)
COSET 12 c=3 d=46 gcd=3 a0=(-7.000000000,-7.000000000) 
rho=(0.03571428571,-0.03571428571) contrib=(-0.5000000000,-2.289107783E-72)
COSET 12 c=3 d=49 gcd=3 a0=(-7.000000000,-7.000000000) 
rho=(0.03571428571,-0.03571428571) contrib=(-0.5000000000,2.271539327E-72)
COSET 12 c=3 d=52 gcd=3 a0=(-7.000000000,-7.000000000) 
rho=(0.03571428571,-0.03571428571) contrib=(-0.5000000000,-8.062529676E-73)
COSET 12 c=3 d=55 gcd=3 a0=(-7.000000000,-7.000000000) 
rho=(0.03571428571,-0.03571428571) contrib=(-0.5000000000,3.965373273E-72)
COSET 12 c=4 d=1 gcd=4 a0=(14.00000000,1.180760767E-73) 
rho=(6.240604675E-81,2.563973923E-81) contrib=(8.736846545E-80,3.589563493E-80)
COSET 12 c=4 d=3 gcd=4 a0=(-8.028124605E-73,14.00000000) 
rho=(-4.549460422E-82,-6.127652555E-81) contrib=(8.578713576E-80,-6.369244591E-\
81)
COSET 12 c=4 d=5 gcd=4 a0=(14.00000000,-6.365947988E-73) 
rho=(6.240604675E-81,2.563973923E-81) contrib=(8.736846545E-80,3.589563493E-80)
COSET 12 c=4 d=7 gcd=4 a0=(4.466813965E-72,14.00000000) 
rho=(-4.549460422E-82,-6.127652555E-81) contrib=(8.578713576E-80,-6.369244591E-\
81)
COSET 12 c=4 d=9 gcd=4 a0=(14.00000000,1.239931823E-72) 
rho=(6.240604675E-81,2.563973923E-81) contrib=(8.736846545E-80,3.589563493E-80)
COSET 12 c=4 d=11 gcd=4 a0=(-2.992250290E-72,14.00000000) 
rho=(-4.549460422E-82,-6.127652555E-81) contrib=(8.578713576E-80,-6.369244591E-\
81)
COSET 12 c=4 d=13 gcd=4 a0=(14.00000000,1.104383116E-72) 
rho=(6.240604675E-81,2.563973923E-81) contrib=(8.736846545E-80,3.589563493E-80)
COSET 12 c=4 d=15 gcd=4 a0=(-1.006573597E-71,14.00000000) 
rho=(-4.549460422E-82,-6.127652555E-81) contrib=(8.578713576E-80,-6.369244591E-\
81)
COSET 12 c=4 d=17 gcd=4 a0=(14.00000000,6.272769674E-72) 
rho=(6.240604675E-81,2.563973923E-81) contrib=(8.736846545E-80,3.589563493E-80)
COSET 12 c=4 d=19 gcd=4 a0=(1.161188722E-71,14.00000000) 
rho=(-4.549460422E-82,-6.127652555E-81) contrib=(8.578713576E-80,-6.369244591E-\
81)
COSET 12 c=4 d=21 gcd=4 a0=(14.00000000,8.055646453E-72) 
rho=(6.240604675E-81,2.563973923E-81) contrib=(8.736846545E-80,3.589563493E-80)
COSET 12 c=4 d=23 gcd=4 a0=(1.547462290E-72,14.00000000) 
rho=(-4.549460422E-82,-6.127652555E-81) contrib=(8.578713576E-80,-6.369244591E-\
81)
COSET 12 c=4 d=25 gcd=4 a0=(14.00000000,1.530347990E-71) 
rho=(6.240604675E-81,2.563973923E-81) contrib=(8.736846545E-80,3.589563493E-80)
COSET 12 c=4 d=27 gcd=4 a0=(4.783314772E-72,14.00000000) 
rho=(-4.549460422E-82,-6.127652555E-81) contrib=(8.578713576E-80,-6.369244591E-\
81)
COSET 12 c=4 d=29 gcd=4 a0=(14.00000000,-9.078544403E-72) 
rho=(6.240604675E-81,2.563973923E-81) contrib=(8.736846545E-80,3.589563493E-80)
COSET 12 c=4 d=31 gcd=4 a0=(7.853713842E-72,14.00000000) 
rho=(-4.549460422E-82,-6.127652555E-81) contrib=(8.578713576E-80,-6.369244591E-\
81)
COSET 12 c=4 d=33 gcd=4 a0=(14.00000000,-6.291213371E-72) 
rho=(6.240604675E-81,2.563973923E-81) contrib=(8.736846545E-80,3.589563493E-80)
COSET 12 c=4 d=35 gcd=4 a0=(8.226257744E-72,14.00000000) 
rho=(-4.549460422E-82,-6.127652555E-81) contrib=(8.578713576E-80,-6.369244591E-\
81)
COSET 12 c=4 d=37 gcd=4 a0=(14.00000000,2.366375041E-71) 
rho=(6.240604675E-81,2.563973923E-81) contrib=(8.736846545E-80,3.589563493E-80)
COSET 12 c=4 d=39 gcd=4 a0=(-2.798175716E-72,14.00000000) 
rho=(-4.549460422E-82,-6.127652555E-81) contrib=(8.578713576E-80,-6.369244591E-\
81)
COSET 12 c=4 d=41 gcd=4 a0=(14.00000000,-4.672164291E-71) 
rho=(6.240604675E-81,2.563973923E-81) contrib=(8.736846545E-80,3.589563493E-80)
COSET 12 c=7 d=1 gcd=7 a0=(-5.000000000,-5.000000000) 
rho=(0.08333333334,-0.08333333334) contrib=(-0.8333333333,-4.177602075E-74)
COSET 12 c=7 d=2 gcd=7 a0=(-5.000000000,-5.000000000) 
rho=(0.08333333334,-0.08333333334) contrib=(-0.8333333333,-4.613442296E-74)
COSET 12 c=7 d=3 gcd=7 a0=(-5.000000000,-5.000000000) 
rho=(0.08333333334,-0.08333333334) contrib=(-0.8333333333,-7.306235495E-75)
COSET 12 c=7 d=4 gcd=7 a0=(-5.000000000,-5.000000000) 
rho=(0.08333333334,-0.08333333334) contrib=(-0.8333333333,2.155011400E-74)
COSET 12 c=7 d=5 gcd=7 a0=(5.000000000,5.000000000) 
rho=(-0.08333333334,0.08333333334) contrib=(-0.8333333333,-3.404665517E-74)
COSET 12 c=7 d=6 gcd=7 a0=(-5.000000000,-5.000000000) 
rho=(0.08333333334,-0.08333333334) contrib=(-0.8333333333,4.709589004E-74)
COSET 12 c=7 d=8 gcd=7 a0=(-5.000000000,-5.000000000) 
rho=(0.08333333334,-0.08333333334) contrib=(-0.8333333333,-4.005742321E-74)
COSET 12 c=7 d=9 gcd=7 a0=(-5.000000000,-5.000000000) 
rho=(0.08333333334,-0.08333333334) contrib=(-0.8333333333,6.972265693E-74)
COSET 12 c=7 d=10 gcd=7 a0=(-5.000000000,-5.000000000) 
rho=(0.08333333334,-0.08333333334) contrib=(-0.8333333333,1.328213568E-73)
COSET 12 c=7 d=11 gcd=7 a0=(-5.000000000,-5.000000000) 
rho=(0.08333333334,-0.08333333334) contrib=(-0.8333333333,6.839844969E-74)
COSET 12 c=7 d=12 gcd=7 a0=(5.000000000,5.000000000) 
rho=(-0.08333333334,0.08333333334) contrib=(-0.8333333333,-6.762983595E-74)
COSET 12 c=7 d=19 gcd=7 a0=(5.000000000,5.000000000) 
rho=(-0.08333333334,0.08333333334) contrib=(-0.8333333333,-2.969690494E-73)
COSET 12 c=12 d=1 gcd=12 a0=(34.00000000,-1.091362272E-74) 
rho=(8.492587585E-81,-2.066749275E-80) contrib=(2.887479779E-79,-7.026947533E-7\
9)
COSET 12 c=12 d=5 gcd=12 a0=(-34.00000000,-1.950572006E-74) 
rho=(-6.229328028E-82,-3.390706985E-82) contrib=(2.117971529E-80,1.152840375E-8\
0)
COSET 12 c=12 d=7 gcd=12 a0=(2.305506474E-74,34.00000000) 
rho=(2.264342556E-82,-1.237556563E-81) contrib=(4.207692315E-80,7.698764691E-81\
)
COSET 12 c=12 d=11 gcd=12 a0=(3.261000232E-74,34.00000000) 
rho=(2.434431960E-80,-1.362641835E-80) contrib=(4.632982240E-79,8.277068663E-79\
)
COSET 12 c=12 d=13 gcd=12 a0=(34.00000000,4.320541435E-74) 
rho=(8.492587585E-81,-2.066749275E-80) contrib=(2.887479779E-79,-7.026947533E-7\
9)
COSET 12 c=12 d=17 gcd=12 a0=(-34.00000000,4.335044615E-74) 
rho=(-6.229328028E-82,-3.390706985E-82) contrib=(2.117971529E-80,1.152840375E-8\
0)
COSET 12 c=12 d=23 gcd=12 a0=(3.877315795E-74,34.00000000) 
rho=(2.434431960E-80,-1.362641835E-80) contrib=(4.632982240E-79,8.277068663E-79\
)
COSET 12 c=21 d=1 gcd=21 a0=(-8.000000000,8.000000000) 
rho=(-0.2500000000,-0.2500000000) contrib=(4.000000000,-5.905663384E-74)
COSET 12 c=21 d=2 gcd=21 a0=(8.000000000,-8.000000000) 
rho=(0.2500000000,0.2500000000) contrib=(4.000000000,1.805282410E-73)
COSET 12 c=21 d=4 gcd=21 a0=(-8.000000000,8.000000000) 
rho=(-0.2500000000,-0.2500000000) contrib=(4.000000000,-1.945199979E-73)
COSET 12 c=21 d=11 gcd=21 a0=(8.000000000,-8.000000000) 
rho=(0.2500000000,0.2500000000) contrib=(4.000000000,6.094085353E-74)
COSET 12 c=28 d=1 gcd=28 a0=(18.00000000,-9.065460488E-74) 
rho=(-5.717573605E-80,-5.722907455E-81) contrib=(-1.029163249E-78,-1.030123342E\
-79)
COSET 12 c=28 d=3 gcd=28 a0=(-1.151991287E-73,-18.00000000) 
rho=(6.942592176E-81,1.101500784E-81) contrib=(1.982701411E-80,-1.249666592E-79\
)
COSET 12 c=28 d=5 gcd=28 a0=(-18.00000000,-3.043280748E-73) 
rho=(-1.546110593E-80,-3.245020304E-81) contrib=(2.782999067E-79,5.841036548E-8\
0)
FORM 13:
  c_eta(0)[1] (trivial) = -1.47703108867E-74 + -3.76078229910E-74 i   (half: 
-7.38515544333E-75)
  c_eta(0)[2] = -8.00000000000 + -2.60870132893E-74 i   (half: -4.00000000000)
  c_eta(0)[3] = -8.00000000000 + -2.60871382380E-74 i   (half: -4.00000000000)
COSET 13 c=1 d=0 gcd=1 a0=(-1.000000000,1.000000000) 
rho=(0.01190476190,0.01190476190) contrib=(-0.02380952381,-8.835365895E-81)
COSET 13 c=1 d=1 gcd=1 a0=(-1.000000000,1.000000000) 
rho=(0.01190476190,0.01190476190) contrib=(-0.02380952381,-5.582344816E-79)
COSET 13 c=1 d=2 gcd=1 a0=(-1.000000000,1.000000000) 
rho=(0.01190476190,0.01190476190) contrib=(-0.02380952381,-1.526108655E-79)
COSET 13 c=1 d=3 gcd=1 a0=(-1.000000000,1.000000000) 
rho=(0.01190476190,0.01190476190) contrib=(-0.02380952381,1.204822622E-80)
COSET 13 c=1 d=4 gcd=1 a0=(-1.000000000,1.000000000) 
rho=(0.01190476190,0.01190476190) contrib=(-0.02380952381,1.212854773E-79)
COSET 13 c=1 d=5 gcd=1 a0=(-1.000000000,1.000000000) 
rho=(0.01190476190,0.01190476190) contrib=(-0.02380952381,-1.606430163E-81)
COSET 13 c=1 d=6 gcd=1 a0=(-1.000000000,1.000000000) 
rho=(0.01190476190,0.01190476190) contrib=(-0.02380952381,1.526108655E-79)
COSET 13 c=1 d=7 gcd=1 a0=(-1.000000000,1.000000000) 
rho=(0.01190476190,0.01190476190) contrib=(-0.02380952381,-6.104434618E-80)
COSET 13 c=1 d=8 gcd=1 a0=(-1.000000000,1.000000000) 
rho=(0.01190476190,0.01190476190) contrib=(-0.02380952381,1.309240583E-79)
COSET 13 c=1 d=9 gcd=1 a0=(-1.000000000,1.000000000) 
rho=(0.01190476190,0.01190476190) contrib=(-0.02380952381,3.614467866E-80)
COSET 13 c=1 d=10 gcd=1 a0=(-1.000000000,1.000000000) 
rho=(0.01190476190,0.01190476190) contrib=(-0.02380952381,2.409645244E-80)
COSET 13 c=1 d=11 gcd=1 a0=(-1.000000000,1.000000000) 
rho=(0.01190476190,0.01190476190) contrib=(-0.02380952381,1.638558766E-79)
COSET 13 c=1 d=12 gcd=1 a0=(-1.000000000,1.000000000) 
rho=(0.01190476190,0.01190476190) contrib=(-0.02380952381,-1.244983376E-79)
COSET 13 c=1 d=13 gcd=1 a0=(-1.000000000,1.000000000) 
rho=(0.01190476190,0.01190476190) contrib=(-0.02380952381,4.795194036E-79)
COSET 13 c=1 d=14 gcd=1 a0=(-1.000000000,1.000000000) 
rho=(0.01190476190,0.01190476190) contrib=(-0.02380952381,-2.899606444E-79)
COSET 13 c=1 d=15 gcd=1 a0=(-1.000000000,1.000000000) 
rho=(0.01190476190,0.01190476190) contrib=(-0.02380952381,-1.678719520E-79)
COSET 13 c=1 d=16 gcd=1 a0=(-1.000000000,1.000000000) 
rho=(0.01190476190,0.01190476190) contrib=(-0.02380952381,1.453819297E-79)
COSET 13 c=1 d=17 gcd=1 a0=(-1.000000000,1.000000000) 
rho=(0.01190476190,0.01190476190) contrib=(-0.02380952381,-3.204828175E-79)
COSET 13 c=1 d=18 gcd=1 a0=(-1.000000000,1.000000000) 
rho=(0.01190476190,0.01190476190) contrib=(-0.02380952381,-2.136552117E-79)
COSET 13 c=1 d=19 gcd=1 a0=(-1.000000000,1.000000000) 
rho=(0.01190476190,0.01190476190) contrib=(-0.02380952381,-2.915670745E-79)
COSET 13 c=1 d=20 gcd=1 a0=(-1.000000000,1.000000000) 
rho=(0.01190476190,0.01190476190) contrib=(-0.02380952381,5.301219537E-80)
COSET 13 c=1 d=21 gcd=1 a0=(-1.000000000,1.000000000) 
rho=(0.01190476190,0.01190476190) contrib=(-0.02380952381,3.590371414E-79)
COSET 13 c=1 d=22 gcd=1 a0=(-1.000000000,1.000000000) 
rho=(0.01190476190,0.01190476190) contrib=(-0.02380952381,-1.036147455E-79)
COSET 13 c=1 d=23 gcd=1 a0=(-1.000000000,1.000000000) 
rho=(0.01190476190,0.01190476190) contrib=(-0.02380952381,2.915670745E-79)
COSET 13 c=1 d=24 gcd=1 a0=(-1.000000000,1.000000000) 
rho=(0.01190476190,0.01190476190) contrib=(-0.02380952381,-3.791175184E-79)
COSET 13 c=1 d=25 gcd=1 a0=(-1.000000000,1.000000000) 
rho=(0.01190476190,0.01190476190) contrib=(-0.02380952381,6.554235064E-79)
COSET 13 c=1 d=26 gcd=1 a0=(-1.000000000,1.000000000) 
rho=(0.01190476190,0.01190476190) contrib=(-0.02380952381,-1.110043242E-78)
COSET 13 c=1 d=27 gcd=1 a0=(-1.000000000,1.000000000) 
rho=(0.01190476190,0.01190476190) contrib=(-0.02380952381,-9.871513350E-79)
COSET 13 c=1 d=28 gcd=1 a0=(-1.000000000,1.000000000) 
rho=(0.01190476190,0.01190476190) contrib=(-0.02380952381,-3.640170749E-78)
COSET 13 c=1 d=29 gcd=1 a0=(-1.000000000,1.000000000) 
rho=(0.01190476190,0.01190476190) contrib=(-0.02380952381,2.249805443E-78)
COSET 13 c=1 d=30 gcd=1 a0=(-1.000000000,1.000000000) 
rho=(0.01190476190,0.01190476190) contrib=(-0.02380952381,-1.566269409E-78)
COSET 13 c=1 d=31 gcd=1 a0=(-1.000000000,1.000000000) 
rho=(0.01190476190,0.01190476190) contrib=(-0.02380952381,-9.317294944E-80)
COSET 13 c=1 d=32 gcd=1 a0=(-1.000000000,1.000000000) 
rho=(0.01190476190,0.01190476190) contrib=(-0.02380952381,-2.746995578E-79)
COSET 13 c=1 d=33 gcd=1 a0=(-1.000000000,1.000000000) 
rho=(0.01190476190,0.01190476190) contrib=(-0.02380952381,-1.389562091E-79)
COSET 13 c=1 d=34 gcd=1 a0=(-1.000000000,1.000000000) 
rho=(0.01190476190,0.01190476190) contrib=(-0.02380952381,2.433741697E-79)
COSET 13 c=1 d=35 gcd=1 a0=(-1.000000000,1.000000000) 
rho=(0.01190476190,0.01190476190) contrib=(-0.02380952381,1.187955105E-78)
COSET 13 c=1 d=36 gcd=1 a0=(-1.000000000,1.000000000) 
rho=(0.01190476190,0.01190476190) contrib=(-0.02380952381,1.136549340E-78)
COSET 13 c=1 d=37 gcd=1 a0=(-1.000000000,1.000000000) 
rho=(0.01190476190,0.01190476190) contrib=(-0.02380952381,-1.012051003E-79)
COSET 13 c=1 d=38 gcd=1 a0=(-1.000000000,1.000000000) 
rho=(0.01190476190,0.01190476190) contrib=(-0.02380952381,2.787156332E-79)
COSET 13 c=1 d=39 gcd=1 a0=(-1.000000000,1.000000000) 
rho=(0.01190476190,0.01190476190) contrib=(-0.02380952381,-9.469905809E-79)
COSET 13 c=1 d=40 gcd=1 a0=(-1.000000000,1.000000000) 
rho=(0.01190476190,0.01190476190) contrib=(-0.02380952381,2.982337597E-78)
COSET 13 c=1 d=41 gcd=1 a0=(-1.000000000,1.000000000) 
rho=(0.01190476190,0.01190476190) contrib=(-0.02380952381,3.551817090E-78)
COSET 13 c=1 d=42 gcd=1 a0=(-1.000000000,1.000000000) 
rho=(0.01190476190,0.01190476190) contrib=(-0.02380952381,5.943791602E-80)
COSET 13 c=1 d=43 gcd=1 a0=(-1.000000000,1.000000000) 
rho=(0.01190476190,0.01190476190) contrib=(-0.02380952381,1.955025508E-78)
COSET 13 c=1 d=44 gcd=1 a0=(-1.000000000,1.000000000) 
rho=(0.01190476190,0.01190476190) contrib=(-0.02380952381,-2.240166862E-78)
COSET 13 c=1 d=45 gcd=1 a0=(-1.000000000,1.000000000) 
rho=(0.01190476190,0.01190476190) contrib=(-0.02380952381,7.469900257E-79)
COSET 13 c=1 d=46 gcd=1 a0=(-1.000000000,1.000000000) 
rho=(0.01190476190,0.01190476190) contrib=(-0.02380952381,4.337361439E-80)
COSET 13 c=1 d=47 gcd=1 a0=(-1.000000000,1.000000000) 
rho=(0.01190476190,0.01190476190) contrib=(-0.02380952381,3.188763873E-79)
COSET 13 c=1 d=48 gcd=1 a0=(-1.000000000,1.000000000) 
rho=(0.01190476190,0.01190476190) contrib=(-0.02380952381,3.214466756E-78)
COSET 13 c=1 d=49 gcd=1 a0=(-1.000000000,1.000000000) 
rho=(0.01190476190,0.01190476190) contrib=(-0.02380952381,-2.275508326E-78)
COSET 13 c=1 d=50 gcd=1 a0=(-1.000000000,1.000000000) 
rho=(0.01190476190,0.01190476190) contrib=(-0.02380952381,-1.465064308E-78)
COSET 13 c=1 d=51 gcd=1 a0=(-1.000000000,1.000000000) 
rho=(0.01190476190,0.01190476190) contrib=(-0.02380952381,8.353436846E-79)
COSET 13 c=1 d=52 gcd=1 a0=(-1.000000000,1.000000000) 
rho=(0.01190476190,0.01190476190) contrib=(-0.02380952381,5.919695150E-79)
COSET 13 c=1 d=53 gcd=1 a0=(-1.000000000,1.000000000) 
rho=(0.01190476190,0.01190476190) contrib=(-0.02380952381,7.397610900E-79)
COSET 13 c=1 d=54 gcd=1 a0=(-1.000000000,1.000000000) 
rho=(0.01190476190,0.01190476190) contrib=(-0.02380952381,-3.328523297E-78)
COSET 13 c=1 d=55 gcd=1 a0=(-1.000000000,1.000000000) 
rho=(0.01190476190,0.01190476190) contrib=(-0.02380952381,6.751022759E-78)
COSET 13 c=1 d=56 gcd=1 a0=(-1.000000000,1.000000000) 
rho=(0.01190476190,0.01190476190) contrib=(-0.02380952381,2.306030499E-78)
COSET 13 c=1 d=57 gcd=1 a0=(-1.000000000,1.000000000) 
rho=(0.01190476190,0.01190476190) contrib=(-0.02380952381,-3.694789374E-80)
COSET 13 c=1 d=58 gcd=1 a0=(-1.000000000,1.000000000) 
rho=(0.01190476190,0.01190476190) contrib=(-0.02380952381,2.988763318E-78)
COSET 13 c=1 d=59 gcd=1 a0=(-1.000000000,1.000000000) 
rho=(0.01190476190,0.01190476190) contrib=(-0.02380952381,3.365471191E-79)
COSET 13 c=1 d=60 gcd=1 a0=(-1.000000000,1.000000000) 
rho=(0.01190476190,0.01190476190) contrib=(-0.02380952381,3.792781614E-78)
COSET 13 c=1 d=61 gcd=1 a0=(-1.000000000,1.000000000) 
rho=(0.01190476190,0.01190476190) contrib=(-0.02380952381,1.562253333E-78)
COSET 13 c=1 d=62 gcd=1 a0=(-1.000000000,1.000000000) 
rho=(0.01190476190,0.01190476190) contrib=(-0.02380952381,7.855443496E-79)
COSET 13 c=1 d=63 gcd=1 a0=(-1.000000000,1.000000000) 
rho=(0.01190476190,0.01190476190) contrib=(-0.02380952381,-3.481937378E-78)
COSET 13 c=1 d=64 gcd=1 a0=(-1.000000000,1.000000000) 
rho=(0.01190476190,0.01190476190) contrib=(-0.02380952381,-1.543779386E-78)
COSET 13 c=1 d=65 gcd=1 a0=(-1.000000000,1.000000000) 
rho=(0.01190476190,0.01190476190) contrib=(-0.02380952381,-4.212059887E-78)
COSET 13 c=1 d=66 gcd=1 a0=(-1.000000000,1.000000000) 
rho=(0.01190476190,0.01190476190) contrib=(-0.02380952381,-4.698808226E-79)
COSET 13 c=1 d=67 gcd=1 a0=(-1.000000000,1.000000000) 
rho=(0.01190476190,0.01190476190) contrib=(-0.02380952381,-2.420087040E-78)
COSET 13 c=1 d=68 gcd=1 a0=(-1.000000000,1.000000000) 
rho=(0.01190476190,0.01190476190) contrib=(-0.02380952381,-9.140587626E-79)
COSET 13 c=1 d=69 gcd=1 a0=(-1.000000000,1.000000000) 
rho=(0.01190476190,0.01190476190) contrib=(-0.02380952381,-1.448759042E-77)
COSET 13 c=1 d=70 gcd=1 a0=(-1.000000000,1.000000000) 
rho=(0.01190476190,0.01190476190) contrib=(-0.02380952381,-1.285144130E-79)
COSET 13 c=1 d=71 gcd=1 a0=(-1.000000000,1.000000000) 
rho=(0.01190476190,0.01190476190) contrib=(-0.02380952381,1.820005053E-77)
COSET 13 c=1 d=72 gcd=1 a0=(-1.000000000,1.000000000) 
rho=(0.01190476190,0.01190476190) contrib=(-0.02380952381,-3.632941813E-78)
COSET 13 c=1 d=73 gcd=1 a0=(-1.000000000,1.000000000) 
rho=(0.01190476190,0.01190476190) contrib=(-0.02380952381,-5.354231733E-78)
COSET 13 c=1 d=74 gcd=1 a0=(-1.000000000,1.000000000) 
rho=(0.01190476190,0.01190476190) contrib=(-0.02380952381,1.534140805E-79)
COSET 13 c=1 d=75 gcd=1 a0=(-1.000000000,1.000000000) 
rho=(0.01190476190,0.01190476190) contrib=(-0.02380952381,-2.947799349E-78)
COSET 13 c=1 d=76 gcd=1 a0=(-1.000000000,1.000000000) 
rho=(0.01190476190,0.01190476190) contrib=(-0.02380952381,7.261064336E-78)
COSET 13 c=1 d=77 gcd=1 a0=(-1.000000000,1.000000000) 
rho=(0.01190476190,0.01190476190) contrib=(-0.02380952381,4.146196250E-78)
COSET 13 c=1 d=78 gcd=1 a0=(-1.000000000,1.000000000) 
rho=(0.01190476190,0.01190476190) contrib=(-0.02380952381,9.708460689E-78)
COSET 13 c=1 d=79 gcd=1 a0=(-1.000000000,1.000000000) 
rho=(0.01190476190,0.01190476190) contrib=(-0.02380952381,-2.943783273E-78)
COSET 13 c=1 d=80 gcd=1 a0=(-1.000000000,1.000000000) 
rho=(0.01190476190,0.01190476190) contrib=(-0.02380952381,1.358236703E-78)
COSET 13 c=1 d=81 gcd=1 a0=(-1.000000000,1.000000000) 
rho=(0.01190476190,0.01190476190) contrib=(-0.02380952381,5.293187386E-79)
COSET 13 c=1 d=82 gcd=1 a0=(-1.000000000,1.000000000) 
rho=(0.01190476190,0.01190476190) contrib=(-0.02380952381,-1.687876172E-77)
COSET 13 c=1 d=83 gcd=1 a0=(-1.000000000,1.000000000) 
rho=(0.01190476190,0.01190476190) contrib=(-0.02380952381,2.529083327E-77)
COSET 13 c=3 d=1 gcd=3 a0=(1.000000000,1.000000000) 
rho=(0.03571428571,-0.03571428571) contrib=(0.07142857143,2.492167311E-76)
COSET 13 c=3 d=2 gcd=3 a0=(1.000000000,1.000000000) 
rho=(0.03571428571,-0.03571428571) contrib=(0.07142857143,1.085695032E-76)
COSET 13 c=3 d=4 gcd=3 a0=(1.000000000,1.000000000) 
rho=(0.03571428571,-0.03571428571) contrib=(0.07142857143,4.194726254E-76)
COSET 13 c=3 d=5 gcd=3 a0=(1.000000000,1.000000000) 
rho=(0.03571428571,-0.03571428571) contrib=(0.07142857143,2.405795083E-76)
COSET 13 c=3 d=7 gcd=3 a0=(1.000000000,1.000000000) 
rho=(0.03571428571,-0.03571428571) contrib=(0.07142857143,-3.022643181E-76)
COSET 13 c=3 d=8 gcd=3 a0=(1.000000000,1.000000000) 
rho=(0.03571428571,-0.03571428571) contrib=(0.07142857143,-6.168639114E-77)
COSET 13 c=3 d=10 gcd=3 a0=(1.000000000,1.000000000) 
rho=(0.03571428571,-0.03571428571) contrib=(0.07142857143,-3.429776841E-76)
COSET 13 c=3 d=11 gcd=3 a0=(1.000000000,1.000000000) 
rho=(0.03571428571,-0.03571428571) contrib=(0.07142857143,1.344775345E-75)
COSET 13 c=3 d=13 gcd=3 a0=(1.000000000,1.000000000) 
rho=(0.03571428571,-0.03571428571) contrib=(0.07142857143,7.155840650E-77)
COSET 13 c=3 d=14 gcd=3 a0=(1.000000000,1.000000000) 
rho=(0.03571428571,-0.03571428571) contrib=(0.07142857143,-6.316735158E-76)
COSET 13 c=3 d=16 gcd=3 a0=(1.000000000,1.000000000) 
rho=(0.03571428571,-0.03571428571) contrib=(0.07142857143,9.894597501E-76)
COSET 13 c=3 d=17 gcd=3 a0=(1.000000000,1.000000000) 
rho=(0.03571428571,-0.03571428571) contrib=(0.07142857143,-9.906913800E-76)
COSET 13 c=3 d=19 gcd=3 a0=(1.000000000,1.000000000) 
rho=(0.03571428571,-0.03571428571) contrib=(0.07142857143,-1.090623133E-75)
COSET 13 c=3 d=20 gcd=3 a0=(1.000000000,1.000000000) 
rho=(0.03571428571,-0.03571428571) contrib=(0.07142857143,-3.116422583E-75)
COSET 13 c=3 d=22 gcd=3 a0=(1.000000000,1.000000000) 
rho=(0.03571428571,-0.03571428571) contrib=(0.07142857143,-7.649019730E-77)
COSET 13 c=3 d=23 gcd=3 a0=(1.000000000,1.000000000) 
rho=(0.03571428571,-0.03571428571) contrib=(0.07142857143,-1.217699239E-75)
COSET 13 c=3 d=25 gcd=3 a0=(1.000000000,1.000000000) 
rho=(0.03571428571,-0.03571428571) contrib=(0.07142857143,1.258414714E-75)
COSET 13 c=3 d=26 gcd=3 a0=(1.000000000,1.000000000) 
rho=(0.03571428571,-0.03571428571) contrib=(0.07142857143,-4.831318910E-75)
COSET 13 c=3 d=28 gcd=3 a0=(1.000000000,1.000000000) 
rho=(0.03571428571,-0.03571428571) contrib=(0.07142857143,2.430480392E-76)
COSET 13 c=3 d=31 gcd=3 a0=(1.000000000,1.000000000) 
rho=(0.03571428571,-0.03571428571) contrib=(0.07142857143,-7.390076993E-76)
COSET 13 c=3 d=34 gcd=3 a0=(1.000000000,1.000000000) 
rho=(0.03571428571,-0.03571428571) contrib=(0.07142857143,3.956600518E-75)
COSET 13 c=3 d=37 gcd=3 a0=(1.000000000,1.000000000) 
rho=(0.03571428571,-0.03571428571) contrib=(0.07142857143,-3.928221373E-75)
COSET 13 c=3 d=40 gcd=3 a0=(1.000000000,1.000000000) 
rho=(0.03571428571,-0.03571428571) contrib=(0.07142857143,6.495634073E-75)
COSET 13 c=3 d=43 gcd=3 a0=(1.000000000,1.000000000) 
rho=(0.03571428571,-0.03571428571) contrib=(0.07142857143,4.157699871E-75)
COSET 13 c=3 d=46 gcd=3 a0=(1.000000000,1.000000000) 
rho=(0.03571428571,-0.03571428571) contrib=(0.07142857143,1.582516359E-74)
COSET 13 c=3 d=49 gcd=3 a0=(1.000000000,1.000000000) 
rho=(0.03571428571,-0.03571428571) contrib=(0.07142857143,-1.595963791E-74)
COSET 13 c=3 d=52 gcd=3 a0=(1.000000000,1.000000000) 
rho=(0.03571428571,-0.03571428571) contrib=(0.07142857143,3.487779939E-75)
COSET 13 c=3 d=55 gcd=3 a0=(1.000000000,1.000000000) 
rho=(0.03571428571,-0.03571428571) contrib=(0.07142857143,-2.609109736E-74)
COSET 13 c=4 d=1 gcd=4 a0=(-2.000000000,-3.143101286E-76) 
rho=(6.240604675E-81,2.563973923E-81) contrib=(-1.248120935E-80,-5.127947846E-8\
1)
COSET 13 c=4 d=3 gcd=4 a0=(4.961139987E-75,-2.000000000) 
rho=(-4.549460422E-82,-6.127652555E-81) contrib=(-1.225530511E-80,9.098920844E-\
82)
COSET 13 c=4 d=5 gcd=4 a0=(-2.000000000,5.120106382E-75) 
rho=(6.240604675E-81,2.563973923E-81) contrib=(-1.248120935E-80,-5.127947846E-8\
1)
COSET 13 c=4 d=7 gcd=4 a0=(-3.072977113E-74,-2.000000000) 
rho=(-4.549460422E-82,-6.127652555E-81) contrib=(-1.225530511E-80,9.098920844E-\
82)
COSET 13 c=4 d=9 gcd=4 a0=(-2.000000000,-9.574162827E-75) 
rho=(6.240604675E-81,2.563973923E-81) contrib=(-1.248120935E-80,-5.127947846E-8\
1)
COSET 13 c=4 d=11 gcd=4 a0=(2.413269677E-74,-2.000000000) 
rho=(-4.549460422E-82,-6.127652555E-81) contrib=(-1.225530511E-80,9.098920844E-\
82)
COSET 13 c=4 d=13 gcd=4 a0=(-2.000000000,-7.007698633E-75) 
rho=(6.240604675E-81,2.563973923E-81) contrib=(-1.248120935E-80,-5.127947846E-8\
1)
COSET 13 c=4 d=15 gcd=4 a0=(7.495028594E-74,-2.000000000) 
rho=(-4.549460422E-82,-6.127652555E-81) contrib=(-1.225530511E-80,9.098920844E-\
82)
COSET 13 c=4 d=17 gcd=4 a0=(-2.000000000,-4.271001337E-74) 
rho=(6.240604675E-81,2.563973923E-81) contrib=(-1.248120935E-80,-5.127947846E-8\
1)
COSET 13 c=4 d=19 gcd=4 a0=(-7.707467033E-74,-2.000000000) 
rho=(-4.549460422E-82,-6.127652555E-81) contrib=(-1.225530511E-80,9.098920844E-\
82)
COSET 13 c=4 d=21 gcd=4 a0=(-2.000000000,-4.920117977E-74) 
rho=(6.240604675E-81,2.563973923E-81) contrib=(-1.248120935E-80,-5.127947846E-8\
1)
COSET 13 c=4 d=23 gcd=4 a0=(-1.597445264E-74,-2.000000000) 
rho=(-4.549460422E-82,-6.127652555E-81) contrib=(-1.225530511E-80,9.098920844E-\
82)
COSET 13 c=4 d=25 gcd=4 a0=(-2.000000000,-1.090193768E-73) 
rho=(6.240604675E-81,2.563973923E-81) contrib=(-1.248120935E-80,-5.127947846E-8\
1)
COSET 13 c=4 d=27 gcd=4 a0=(-4.182998720E-74,-2.000000000) 
rho=(-4.549460422E-82,-6.127652555E-81) contrib=(-1.225530511E-80,9.098920844E-\
82)
COSET 13 c=4 d=29 gcd=4 a0=(-2.000000000,6.460444021E-74) 
rho=(6.240604675E-81,2.563973923E-81) contrib=(-1.248120935E-80,-5.127947846E-8\
1)
COSET 13 c=4 d=31 gcd=4 a0=(-5.273737090E-74,-2.000000000) 
rho=(-4.549460422E-82,-6.127652555E-81) contrib=(-1.225530511E-80,9.098920844E-\
82)
COSET 13 c=4 d=33 gcd=4 a0=(-2.000000000,5.044615095E-74) 
rho=(6.240604675E-81,2.563973923E-81) contrib=(-1.248120935E-80,-5.127947846E-8\
1)
COSET 13 c=4 d=35 gcd=4 a0=(-6.643056448E-74,-2.000000000) 
rho=(-4.549460422E-82,-6.127652555E-81) contrib=(-1.225530511E-80,9.098920844E-\
82)
COSET 13 c=4 d=37 gcd=4 a0=(-2.000000000,-1.708409596E-73) 
rho=(6.240604675E-81,2.563973923E-81) contrib=(-1.248120935E-80,-5.127947846E-8\
1)
COSET 13 c=4 d=39 gcd=4 a0=(2.002175152E-74,-2.000000000) 
rho=(-4.549460422E-82,-6.127652555E-81) contrib=(-1.225530511E-80,9.098920844E-\
82)
COSET 13 c=4 d=41 gcd=4 a0=(-2.000000000,3.511910904E-73) 
rho=(6.240604675E-81,2.563973923E-81) contrib=(-1.248120935E-80,-5.127947846E-8\
1)
COSET 13 c=7 d=1 gcd=7 a0=(-3.000000000,-3.000000000) 
rho=(0.08333333334,-0.08333333334) contrib=(-0.5000000000,-1.193497340E-75)
COSET 13 c=7 d=2 gcd=7 a0=(-3.000000000,-3.000000000) 
rho=(0.08333333334,-0.08333333334) contrib=(-0.5000000000,-1.279598633E-75)
COSET 13 c=7 d=3 gcd=7 a0=(-3.000000000,-3.000000000) 
rho=(0.08333333334,-0.08333333334) contrib=(-0.5000000000,-1.629398600E-76)
COSET 13 c=7 d=4 gcd=7 a0=(-3.000000000,-3.000000000) 
rho=(0.08333333334,-0.08333333334) contrib=(-0.5000000000,7.509836613E-76)
COSET 13 c=7 d=5 gcd=7 a0=(3.000000000,3.000000000) 
rho=(-0.08333333334,0.08333333334) contrib=(-0.5000000000,-8.783703101E-76)
COSET 13 c=7 d=6 gcd=7 a0=(-3.000000000,-3.000000000) 
rho=(0.08333333334,-0.08333333334) contrib=(-0.5000000000,1.322763662E-75)
COSET 13 c=7 d=8 gcd=7 a0=(-3.000000000,-3.000000000) 
rho=(0.08333333334,-0.08333333334) contrib=(-0.5000000000,-1.134213641E-75)
COSET 13 c=7 d=9 gcd=7 a0=(-3.000000000,-3.000000000) 
rho=(0.08333333334,-0.08333333334) contrib=(-0.5000000000,1.944660921E-75)
COSET 13 c=7 d=10 gcd=7 a0=(-3.000000000,-3.000000000) 
rho=(0.08333333334,-0.08333333334) contrib=(-0.5000000000,3.762468628E-75)
COSET 13 c=7 d=11 gcd=7 a0=(-3.000000000,-3.000000000) 
rho=(0.08333333334,-0.08333333334) contrib=(-0.5000000000,1.942235161E-75)
COSET 13 c=7 d=12 gcd=7 a0=(3.000000000,3.000000000) 
rho=(-0.08333333334,0.08333333334) contrib=(-0.5000000000,-1.962029544E-75)
COSET 13 c=7 d=19 gcd=7 a0=(3.000000000,3.000000000) 
rho=(-0.08333333334,0.08333333334) contrib=(-0.5000000000,-8.389318071E-75)
COSET 13 c=12 d=1 gcd=12 a0=(2.000000000,-5.745273699E-76) 
rho=(8.492587585E-81,-2.066749275E-80) contrib=(1.698517517E-80,-4.133498549E-8\
0)
COSET 13 c=12 d=5 gcd=12 a0=(-2.000000000,-1.022260378E-75) 
rho=(-6.229328028E-82,-3.390706985E-82) contrib=(1.245865606E-81,6.781413969E-8\
2)
COSET 13 c=12 d=7 gcd=12 a0=(1.333107194E-75,2.000000000) 
rho=(2.264342556E-82,-1.237556563E-81) contrib=(2.475113126E-81,4.528685112E-82\
)
COSET 13 c=12 d=11 gcd=12 a0=(1.909695475E-75,2.000000000) 
rho=(2.434431960E-80,-1.362641835E-80) contrib=(2.725283671E-80,4.868863919E-80\
)
COSET 13 c=12 d=13 gcd=12 a0=(2.000000000,2.649714722E-75) 
rho=(8.492587585E-81,-2.066749275E-80) contrib=(1.698517517E-80,-4.133498549E-8\
0)
COSET 13 c=12 d=17 gcd=12 a0=(-2.000000000,2.927777802E-75) 
rho=(-6.229328028E-82,-3.390706985E-82) contrib=(1.245865606E-81,6.781413969E-8\
2)
COSET 13 c=12 d=23 gcd=12 a0=(2.005718173E-75,2.000000000) 
rho=(2.434431960E-80,-1.362641835E-80) contrib=(2.725283671E-80,4.868863919E-80\
)
COSET 13 c=21 d=1 gcd=21 a0=(1.000000000,-1.000000000) 
rho=(-0.2500000000,-0.2500000000) contrib=(-0.5000000000,-1.651751574E-75)
COSET 13 c=21 d=2 gcd=21 a0=(-1.000000000,1.000000000) 
rho=(0.2500000000,0.2500000000) contrib=(-0.5000000000,5.089539130E-75)
COSET 13 c=21 d=4 gcd=21 a0=(1.000000000,-1.000000000) 
rho=(-0.2500000000,-0.2500000000) contrib=(-0.5000000000,-5.460738354E-75)
COSET 13 c=21 d=11 gcd=21 a0=(-1.000000000,1.000000000) 
rho=(0.2500000000,0.2500000000) contrib=(-0.5000000000,1.717062598E-75)
COSET 13 c=28 d=1 gcd=28 a0=(4.000000000,-2.502461657E-75) 
rho=(-5.717573605E-80,-5.722907455E-81) contrib=(-2.287029442E-79,-2.289162982E\
-80)
COSET 13 c=28 d=3 gcd=28 a0=(-3.392861024E-75,-4.000000000) 
rho=(6.942592176E-81,1.101500784E-81) contrib=(4.406003135E-81,-2.777036870E-80\
)
COSET 13 c=28 d=5 gcd=28 a0=(-4.000000000,-8.282240402E-75) 
rho=(-1.546110593E-80,-3.245020304E-81) contrib=(6.184442371E-80,1.298008122E-8\
0)
FORM 14:
  c_eta(0)[1] (trivial) = -2.28745184468E-73 + -3.03057887629E-73 i   (half: 
-1.14372592234E-73)
  c_eta(0)[2] = -8.00000000000 + -2.06100222640E-73 i   (half: -4.00000000000)
  c_eta(0)[3] = -8.00000000000 + -2.06100136359E-73 i   (half: -4.00000000000)
COSET 14 c=1 d=0 gcd=1 a0=(1.000000000,-1.000000000) 
rho=(0.01190476190,0.01190476190) contrib=(0.02380952381,-7.045732011E-75)
COSET 14 c=1 d=1 gcd=1 a0=(1.000000000,-1.000000000) 
rho=(0.01190476190,0.01190476190) contrib=(0.02380952381,-4.491578735E-78)
COSET 14 c=1 d=2 gcd=1 a0=(1.000000000,-1.000000000) 
rho=(0.01190476190,0.01190476190) contrib=(0.02380952381,3.167880281E-78)
COSET 14 c=1 d=3 gcd=1 a0=(1.000000000,-1.000000000) 
rho=(0.01190476190,0.01190476190) contrib=(0.02380952381,-7.518093162E-79)
COSET 14 c=1 d=4 gcd=1 a0=(1.000000000,-1.000000000) 
rho=(0.01190476190,0.01190476190) contrib=(0.02380952381,1.394381381E-78)
COSET 14 c=1 d=5 gcd=1 a0=(1.000000000,-1.000000000) 
rho=(0.01190476190,0.01190476190) contrib=(0.02380952381,-2.891574293E-79)
COSET 14 c=1 d=6 gcd=1 a0=(1.000000000,-1.000000000) 
rho=(0.01190476190,0.01190476190) contrib=(0.02380952381,6.425720651E-80)
COSET 14 c=1 d=7 gcd=1 a0=(1.000000000,-1.000000000) 
rho=(0.01190476190,0.01190476190) contrib=(0.02380952381,-1.285144130E-80)
COSET 14 c=1 d=8 gcd=1 a0=(1.000000000,-1.000000000) 
rho=(0.01190476190,0.01190476190) contrib=(0.02380952381,-7.068292716E-80)
COSET 14 c=1 d=9 gcd=1 a0=(1.000000000,-1.000000000) 
rho=(0.01190476190,0.01190476190) contrib=(0.02380952381,-2.570288260E-80)
COSET 14 c=1 d=10 gcd=1 a0=(1.000000000,-1.000000000) 
rho=(0.01190476190,0.01190476190) contrib=(0.02380952381,0.0000000000)
COSET 14 c=1 d=11 gcd=1 a0=(1.000000000,-1.000000000) 
rho=(0.01190476190,0.01190476190) contrib=(0.02380952381,4.755033282E-79)
COSET 14 c=1 d=12 gcd=1 a0=(1.000000000,-1.000000000) 
rho=(0.01190476190,0.01190476190) contrib=(0.02380952381,-4.626518869E-79)
COSET 14 c=1 d=13 gcd=1 a0=(1.000000000,-1.000000000) 
rho=(0.01190476190,0.01190476190) contrib=(0.02380952381,5.461862553E-79)
COSET 14 c=1 d=14 gcd=1 a0=(1.000000000,-1.000000000) 
rho=(0.01190476190,0.01190476190) contrib=(0.02380952381,-1.542172956E-79)
COSET 14 c=1 d=15 gcd=1 a0=(1.000000000,-1.000000000) 
rho=(0.01190476190,0.01190476190) contrib=(0.02380952381,8.996008912E-80)
COSET 14 c=1 d=16 gcd=1 a0=(1.000000000,-1.000000000) 
rho=(0.01190476190,0.01190476190) contrib=(0.02380952381,-3.726917978E-79)
COSET 14 c=1 d=17 gcd=1 a0=(1.000000000,-1.000000000) 
rho=(0.01190476190,0.01190476190) contrib=(0.02380952381,3.662660771E-79)
COSET 14 c=1 d=18 gcd=1 a0=(1.000000000,-1.000000000) 
rho=(0.01190476190,0.01190476190) contrib=(0.02380952381,-1.349401337E-79)
COSET 14 c=1 d=19 gcd=1 a0=(1.000000000,-1.000000000) 
rho=(0.01190476190,0.01190476190) contrib=(0.02380952381,0.0000000000)
COSET 14 c=1 d=20 gcd=1 a0=(1.000000000,-1.000000000) 
rho=(0.01190476190,0.01190476190) contrib=(0.02380952381,-1.850607548E-78)
COSET 14 c=1 d=21 gcd=1 a0=(1.000000000,-1.000000000) 
rho=(0.01190476190,0.01190476190) contrib=(0.02380952381,3.020088706E-79)
COSET 14 c=1 d=22 gcd=1 a0=(1.000000000,-1.000000000) 
rho=(0.01190476190,0.01190476190) contrib=(0.02380952381,-7.903636401E-79)
COSET 14 c=1 d=23 gcd=1 a0=(1.000000000,-1.000000000) 
rho=(0.01190476190,0.01190476190) contrib=(0.02380952381,1.349401337E-79)
COSET 14 c=1 d=24 gcd=1 a0=(1.000000000,-1.000000000) 
rho=(0.01190476190,0.01190476190) contrib=(0.02380952381,-3.212860326E-80)
COSET 14 c=1 d=25 gcd=1 a0=(1.000000000,-1.000000000) 
rho=(0.01190476190,0.01190476190) contrib=(0.02380952381,-1.465064308E-78)
COSET 14 c=1 d=26 gcd=1 a0=(1.000000000,-1.000000000) 
rho=(0.01190476190,0.01190476190) contrib=(0.02380952381,-3.662660771E-79)
COSET 14 c=1 d=27 gcd=1 a0=(1.000000000,-1.000000000) 
rho=(0.01190476190,0.01190476190) contrib=(0.02380952381,2.081933491E-78)
COSET 14 c=1 d=28 gcd=1 a0=(1.000000000,-1.000000000) 
rho=(0.01190476190,0.01190476190) contrib=(0.02380952381,-6.200820428E-78)
COSET 14 c=1 d=29 gcd=1 a0=(1.000000000,-1.000000000) 
rho=(0.01190476190,0.01190476190) contrib=(0.02380952381,-2.236150787E-78)
COSET 14 c=1 d=30 gcd=1 a0=(1.000000000,-1.000000000) 
rho=(0.01190476190,0.01190476190) contrib=(0.02380952381,1.188758320E-78)
COSET 14 c=1 d=31 gcd=1 a0=(1.000000000,-1.000000000) 
rho=(0.01190476190,0.01190476190) contrib=(0.02380952381,2.827317086E-79)
COSET 14 c=1 d=32 gcd=1 a0=(1.000000000,-1.000000000) 
rho=(0.01190476190,0.01190476190) contrib=(0.02380952381,-3.662660771E-79)
COSET 14 c=1 d=33 gcd=1 a0=(1.000000000,-1.000000000) 
rho=(0.01190476190,0.01190476190) contrib=(0.02380952381,1.060243907E-78)
COSET 14 c=1 d=34 gcd=1 a0=(1.000000000,-1.000000000) 
rho=(0.01190476190,0.01190476190) contrib=(0.02380952381,-1.130926835E-78)
COSET 14 c=1 d=35 gcd=1 a0=(1.000000000,-1.000000000) 
rho=(0.01190476190,0.01190476190) contrib=(0.02380952381,-4.446598690E-78)
COSET 14 c=1 d=36 gcd=1 a0=(1.000000000,-1.000000000) 
rho=(0.01190476190,0.01190476190) contrib=(0.02380952381,-7.595201810E-78)
COSET 14 c=1 d=37 gcd=1 a0=(1.000000000,-1.000000000) 
rho=(0.01190476190,0.01190476190) contrib=(0.02380952381,8.867494498E-79)
COSET 14 c=1 d=38 gcd=1 a0=(1.000000000,-1.000000000) 
rho=(0.01190476190,0.01190476190) contrib=(0.02380952381,1.195184041E-78)
COSET 14 c=1 d=39 gcd=1 a0=(1.000000000,-1.000000000) 
rho=(0.01190476190,0.01190476190) contrib=(0.02380952381,3.855432391E-78)
COSET 14 c=1 d=40 gcd=1 a0=(1.000000000,-1.000000000) 
rho=(0.01190476190,0.01190476190) contrib=(0.02380952381,-3.129325957E-78)
COSET 14 c=1 d=41 gcd=1 a0=(1.000000000,-1.000000000) 
rho=(0.01190476190,0.01190476190) contrib=(0.02380952381,4.324509998E-78)
COSET 14 c=1 d=42 gcd=1 a0=(1.000000000,-1.000000000) 
rho=(0.01190476190,0.01190476190) contrib=(0.02380952381,4.478727294E-78)
COSET 14 c=1 d=43 gcd=1 a0=(1.000000000,-1.000000000) 
rho=(0.01190476190,0.01190476190) contrib=(0.02380952381,3.861858111E-78)
COSET 14 c=1 d=44 gcd=1 a0=(1.000000000,-1.000000000) 
rho=(0.01190476190,0.01190476190) contrib=(0.02380952381,2.795188483E-78)
COSET 14 c=1 d=45 gcd=1 a0=(1.000000000,-1.000000000) 
rho=(0.01190476190,0.01190476190) contrib=(0.02380952381,3.855432391E-80)
COSET 14 c=1 d=46 gcd=1 a0=(1.000000000,-1.000000000) 
rho=(0.01190476190,0.01190476190) contrib=(0.02380952381,-1.465064308E-78)
COSET 14 c=1 d=47 gcd=1 a0=(1.000000000,-1.000000000) 
rho=(0.01190476190,0.01190476190) contrib=(0.02380952381,1.600004442E-78)
COSET 14 c=1 d=48 gcd=1 a0=(1.000000000,-1.000000000) 
rho=(0.01190476190,0.01190476190) contrib=(0.02380952381,-7.049015554E-78)
COSET 14 c=1 d=49 gcd=1 a0=(1.000000000,-1.000000000) 
rho=(0.01190476190,0.01190476190) contrib=(0.02380952381,1.040966745E-78)
COSET 14 c=1 d=50 gcd=1 a0=(1.000000000,-1.000000000) 
rho=(0.01190476190,0.01190476190) contrib=(0.02380952381,-5.783148586E-79)
COSET 14 c=1 d=51 gcd=1 a0=(1.000000000,-1.000000000) 
rho=(0.01190476190,0.01190476190) contrib=(0.02380952381,-7.325321542E-79)
COSET 14 c=1 d=52 gcd=1 a0=(1.000000000,-1.000000000) 
rho=(0.01190476190,0.01190476190) contrib=(0.02380952381,8.610465673E-79)
COSET 14 c=1 d=53 gcd=1 a0=(1.000000000,-1.000000000) 
rho=(0.01190476190,0.01190476190) contrib=(0.02380952381,1.317272734E-78)
COSET 14 c=1 d=54 gcd=1 a0=(1.000000000,-1.000000000) 
rho=(0.01190476190,0.01190476190) contrib=(0.02380952381,1.522895794E-78)
COSET 14 c=1 d=55 gcd=1 a0=(1.000000000,-1.000000000) 
rho=(0.01190476190,0.01190476190) contrib=(0.02380952381,8.996008912E-80)
COSET 14 c=1 d=56 gcd=1 a0=(1.000000000,-1.000000000) 
rho=(0.01190476190,0.01190476190) contrib=(0.02380952381,9.195206252E-78)
COSET 14 c=1 d=57 gcd=1 a0=(1.000000000,-1.000000000) 
rho=(0.01190476190,0.01190476190) contrib=(0.02380952381,-6.747006684E-79)
COSET 14 c=1 d=58 gcd=1 a0=(1.000000000,-1.000000000) 
rho=(0.01190476190,0.01190476190) contrib=(0.02380952381,-5.609654128E-78)
COSET 14 c=1 d=59 gcd=1 a0=(1.000000000,-1.000000000) 
rho=(0.01190476190,0.01190476190) contrib=(0.02380952381,2.358239479E-78)
COSET 14 c=1 d=60 gcd=1 a0=(1.000000000,-1.000000000) 
rho=(0.01190476190,0.01190476190) contrib=(0.02380952381,-1.927716195E-80)
COSET 14 c=1 d=61 gcd=1 a0=(1.000000000,-1.000000000) 
rho=(0.01190476190,0.01190476190) contrib=(0.02380952381,5.269090934E-79)
COSET 14 c=1 d=62 gcd=1 a0=(1.000000000,-1.000000000) 
rho=(0.01190476190,0.01190476190) contrib=(0.02380952381,-1.895587592E-78)
COSET 14 c=1 d=63 gcd=1 a0=(1.000000000,-1.000000000) 
rho=(0.01190476190,0.01190476190) contrib=(0.02380952381,1.522895794E-78)
COSET 14 c=1 d=64 gcd=1 a0=(1.000000000,-1.000000000) 
rho=(0.01190476190,0.01190476190) contrib=(0.02380952381,-2.229725066E-78)
COSET 14 c=1 d=65 gcd=1 a0=(1.000000000,-1.000000000) 
rho=(0.01190476190,0.01190476190) contrib=(0.02380952381,3.669086492E-78)
COSET 14 c=1 d=66 gcd=1 a0=(1.000000000,-1.000000000) 
rho=(0.01190476190,0.01190476190) contrib=(0.02380952381,-4.690776075E-79)
COSET 14 c=1 d=67 gcd=1 a0=(1.000000000,-1.000000000) 
rho=(0.01190476190,0.01190476190) contrib=(0.02380952381,-2.570288260E-80)
COSET 14 c=1 d=68 gcd=1 a0=(1.000000000,-1.000000000) 
rho=(0.01190476190,0.01190476190) contrib=(0.02380952381,4.086758334E-78)
COSET 14 c=1 d=69 gcd=1 a0=(1.000000000,-1.000000000) 
rho=(0.01190476190,0.01190476190) contrib=(0.02380952381,-2.962257220E-78)
COSET 14 c=1 d=70 gcd=1 a0=(1.000000000,-1.000000000) 
rho=(0.01190476190,0.01190476190) contrib=(0.02380952381,-2.159042139E-78)
COSET 14 c=1 d=71 gcd=1 a0=(1.000000000,-1.000000000) 
rho=(0.01190476190,0.01190476190) contrib=(0.02380952381,-2.018961428E-77)
COSET 14 c=1 d=72 gcd=1 a0=(1.000000000,-1.000000000) 
rho=(0.01190476190,0.01190476190) contrib=(0.02380952381,1.143778276E-77)
COSET 14 c=1 d=73 gcd=1 a0=(1.000000000,-1.000000000) 
rho=(0.01190476190,0.01190476190) contrib=(0.02380952381,1.106509096E-77)
COSET 14 c=1 d=74 gcd=1 a0=(1.000000000,-1.000000000) 
rho=(0.01190476190,0.01190476190) contrib=(0.02380952381,1.163055438E-78)
COSET 14 c=1 d=75 gcd=1 a0=(1.000000000,-1.000000000) 
rho=(0.01190476190,0.01190476190) contrib=(0.02380952381,-3.161454560E-78)
COSET 14 c=1 d=76 gcd=1 a0=(1.000000000,-1.000000000) 
rho=(0.01190476190,0.01190476190) contrib=(0.02380952381,-3.598403565E-78)
COSET 14 c=1 d=77 gcd=1 a0=(1.000000000,-1.000000000) 
rho=(0.01190476190,0.01190476190) contrib=(0.02380952381,2.499605333E-78)
COSET 14 c=1 d=78 gcd=1 a0=(1.000000000,-1.000000000) 
rho=(0.01190476190,0.01190476190) contrib=(0.02380952381,-4.748607561E-78)
COSET 14 c=1 d=79 gcd=1 a0=(1.000000000,-1.000000000) 
rho=(0.01190476190,0.01190476190) contrib=(0.02380952381,-3.855432391E-79)
COSET 14 c=1 d=80 gcd=1 a0=(1.000000000,-1.000000000) 
rho=(0.01190476190,0.01190476190) contrib=(0.02380952381,3.174306002E-78)
COSET 14 c=1 d=81 gcd=1 a0=(1.000000000,-1.000000000) 
rho=(0.01190476190,0.01190476190) contrib=(0.02380952381,1.154059429E-77)
COSET 14 c=1 d=82 gcd=1 a0=(1.000000000,-1.000000000) 
rho=(0.01190476190,0.01190476190) contrib=(0.02380952381,-8.507654142E-78)
COSET 14 c=1 d=83 gcd=1 a0=(1.000000000,-1.000000000) 
rho=(0.01190476190,0.01190476190) contrib=(0.02380952381,-7.320180966E-76)
COSET 14 c=3 d=1 gcd=3 a0=(1.000000000,1.000000000) 
rho=(0.03571428571,-0.03571428571) contrib=(0.07142857143,2.437868591E-75)
COSET 14 c=3 d=2 gcd=3 a0=(1.000000000,1.000000000) 
rho=(0.03571428571,-0.03571428571) contrib=(0.07142857143,9.869912191E-76)
COSET 14 c=3 d=4 gcd=3 a0=(1.000000000,1.000000000) 
rho=(0.03571428571,-0.03571428571) contrib=(0.07142857143,4.125622674E-75)
COSET 14 c=3 d=5 gcd=3 a0=(1.000000000,1.000000000) 
rho=(0.03571428571,-0.03571428571) contrib=(0.07142857143,2.349038374E-75)
COSET 14 c=3 d=7 gcd=3 a0=(1.000000000,1.000000000) 
rho=(0.03571428571,-0.03571428571) contrib=(0.07142857143,-3.207718168E-75)
COSET 14 c=3 d=8 gcd=3 a0=(1.000000000,1.000000000) 
rho=(0.03571428571,-0.03571428571) contrib=(0.07142857143,-1.026469793E-75)
COSET 14 c=3 d=10 gcd=3 a0=(1.000000000,1.000000000) 
rho=(0.03571428571,-0.03571428571) contrib=(0.07142857143,-3.780172769E-75)
COSET 14 c=3 d=11 gcd=3 a0=(1.000000000,1.000000000) 
rho=(0.03571428571,-0.03571428571) contrib=(0.07142857143,1.259400176E-74)
COSET 14 c=3 d=13 gcd=3 a0=(1.000000000,1.000000000) 
rho=(0.03571428571,-0.03571428571) contrib=(0.07142857143,5.922102285E-77)
COSET 14 c=3 d=14 gcd=3 a0=(1.000000000,1.000000000) 
rho=(0.03571428571,-0.03571428571) contrib=(0.07142857143,-6.474658413E-75)
COSET 14 c=3 d=16 gcd=3 a0=(1.000000000,1.000000000) 
rho=(0.03571428571,-0.03571428571) contrib=(0.07142857143,8.083455349E-75)
COSET 14 c=3 d=17 gcd=3 a0=(1.000000000,1.000000000) 
rho=(0.03571428571,-0.03571428571) contrib=(0.07142857143,-9.090183746E-75)
COSET 14 c=3 d=19 gcd=3 a0=(1.000000000,1.000000000) 
rho=(0.03571428571,-0.03571428571) contrib=(0.07142857143,-8.991483623E-75)
COSET 14 c=3 d=20 gcd=3 a0=(1.000000000,1.000000000) 
rho=(0.03571428571,-0.03571428571) contrib=(0.07142857143,-2.810949438E-74)
COSET 14 c=3 d=22 gcd=3 a0=(1.000000000,1.000000000) 
rho=(0.03571428571,-0.03571428571) contrib=(0.07142857143,-4.737539508E-76)
COSET 14 c=3 d=23 gcd=3 a0=(1.000000000,1.000000000) 
rho=(0.03571428571,-0.03571428571) contrib=(0.07142857143,-9.139533281E-75)
COSET 14 c=3 d=25 gcd=3 a0=(1.000000000,1.000000000) 
rho=(0.03571428571,-0.03571428571) contrib=(0.07142857143,1.118260612E-74)
COSET 14 c=3 d=26 gcd=3 a0=(1.000000000,1.000000000) 
rho=(0.03571428571,-0.03571428571) contrib=(0.07142857143,-4.676361846E-74)
COSET 14 c=3 d=28 gcd=3 a0=(1.000000000,1.000000000) 
rho=(0.03571428571,-0.03571428571) contrib=(0.07142857143,3.948120901E-77)
COSET 14 c=3 d=31 gcd=3 a0=(1.000000000,1.000000000) 
rho=(0.03571428571,-0.03571428571) contrib=(0.07142857143,-7.678786002E-75)
COSET 14 c=3 d=34 gcd=3 a0=(1.000000000,1.000000000) 
rho=(0.03571428571,-0.03571428571) contrib=(0.07142857143,3.253121479E-74)
COSET 14 c=3 d=37 gcd=3 a0=(1.000000000,1.000000000) 
rho=(0.03571428571,-0.03571428571) contrib=(0.07142857143,-2.928401225E-74)
COSET 14 c=3 d=40 gcd=3 a0=(1.000000000,1.000000000) 
rho=(0.03571428571,-0.03571428571) contrib=(0.07142857143,6.902026067E-74)
COSET 14 c=3 d=43 gcd=3 a0=(1.000000000,1.000000000) 
rho=(0.03571428571,-0.03571428571) contrib=(0.07142857143,3.956845843E-74)
COSET 14 c=3 d=46 gcd=3 a0=(1.000000000,1.000000000) 
rho=(0.03571428571,-0.03571428571) contrib=(0.07142857143,1.426892459E-73)
COSET 14 c=3 d=49 gcd=3 a0=(1.000000000,1.000000000) 
rho=(0.03571428571,-0.03571428571) contrib=(0.07142857143,-1.430741691E-73)
COSET 14 c=3 d=52 gcd=3 a0=(1.000000000,1.000000000) 
rho=(0.03571428571,-0.03571428571) contrib=(0.07142857143,3.521582947E-74)
COSET 14 c=3 d=55 gcd=3 a0=(1.000000000,1.000000000) 
rho=(0.03571428571,-0.03571428571) contrib=(0.07142857143,-2.397301676E-73)
COSET 14 c=4 d=1 gcd=4 a0=(6.000000000,-4.574612275E-75) 
rho=(6.240604675E-81,2.563973923E-81) contrib=(3.744362805E-80,1.538384354E-80)
COSET 14 c=4 d=3 gcd=4 a0=(4.553901686E-74,6.000000000) 
rho=(-4.549460422E-82,-6.127652555E-81) contrib=(3.676591533E-80,-2.729676253E-\
81)
COSET 14 c=4 d=5 gcd=4 a0=(6.000000000,4.461729825E-74) 
rho=(6.240604675E-81,2.563973923E-81) contrib=(3.744362805E-80,1.538384354E-80)
COSET 14 c=4 d=7 gcd=4 a0=(-2.749526997E-73,6.000000000) 
rho=(-4.549460422E-82,-6.127652555E-81) contrib=(3.676591533E-80,-2.729676253E-\
81)
COSET 14 c=4 d=9 gcd=4 a0=(6.000000000,-9.045454632E-74) 
rho=(6.240604675E-81,2.563973923E-81) contrib=(3.744362805E-80,1.538384354E-80)
COSET 14 c=4 d=11 gcd=4 a0=(2.120317512E-73,6.000000000) 
rho=(-4.549460422E-82,-6.127652555E-81) contrib=(3.676591533E-80,-2.729676253E-\
81)
COSET 14 c=4 d=13 gcd=4 a0=(6.000000000,-6.632110259E-74) 
rho=(6.240604675E-81,2.563973923E-81) contrib=(3.744362805E-80,1.538384354E-80)
COSET 14 c=4 d=15 gcd=4 a0=(6.715107623E-73,6.000000000) 
rho=(-4.549460422E-82,-6.127652555E-81) contrib=(3.676591533E-80,-2.729676253E-\
81)
COSET 14 c=4 d=17 gcd=4 a0=(6.000000000,-3.877840310E-73) 
rho=(6.240604675E-81,2.563973923E-81) contrib=(3.744362805E-80,1.538384354E-80)
COSET 14 c=4 d=19 gcd=4 a0=(-6.995873578E-73,6.000000000) 
rho=(-4.549460422E-82,-6.127652555E-81) contrib=(3.676591533E-80,-2.729676253E-\
81)
COSET 14 c=4 d=21 gcd=4 a0=(6.000000000,-4.633270056E-73) 
rho=(6.240604675E-81,2.563973923E-81) contrib=(3.744362805E-80,1.538384354E-80)
COSET 14 c=4 d=23 gcd=4 a0=(-1.330262986E-73,6.000000000) 
rho=(-4.549460422E-82,-6.127652555E-81) contrib=(3.676591533E-80,-2.729676253E-\
81)
COSET 14 c=4 d=25 gcd=4 a0=(6.000000000,-9.821544005E-73) 
rho=(6.240604675E-81,2.563973923E-81) contrib=(3.744362805E-80,1.538384354E-80)
COSET 14 c=4 d=27 gcd=4 a0=(-3.679506828E-73,6.000000000) 
rho=(-4.549460422E-82,-6.127652555E-81) contrib=(3.676591533E-80,-2.729676253E-\
81)
COSET 14 c=4 d=29 gcd=4 a0=(6.000000000,5.881967365E-73) 
rho=(6.240604675E-81,2.563973923E-81) contrib=(3.744362805E-80,1.538384354E-80)
COSET 14 c=4 d=31 gcd=4 a0=(-4.847446501E-73,6.000000000) 
rho=(-4.549460422E-82,-6.127652555E-81) contrib=(3.676591533E-80,-2.729676253E-\
81)
COSET 14 c=4 d=33 gcd=4 a0=(6.000000000,4.356984238E-73) 
rho=(6.240604675E-81,2.563973923E-81) contrib=(3.744362805E-80,1.538384354E-80)
COSET 14 c=4 d=35 gcd=4 a0=(-5.756106333E-73,6.000000000) 
rho=(-4.549460422E-82,-6.127652555E-81) contrib=(3.676591533E-80,-2.729676253E-\
81)
COSET 14 c=4 d=37 gcd=4 a0=(6.000000000,-1.547076084E-72) 
rho=(6.240604675E-81,2.563973923E-81) contrib=(3.744362805E-80,1.538384354E-80)
COSET 14 c=4 d=39 gcd=4 a0=(1.815206965E-73,6.000000000) 
rho=(-4.549460422E-82,-6.127652555E-81) contrib=(3.676591533E-80,-2.729676253E-\
81)
COSET 14 c=4 d=41 gcd=4 a0=(6.000000000,3.120830225E-72) 
rho=(6.240604675E-81,2.563973923E-81) contrib=(3.744362805E-80,1.538384354E-80)
COSET 14 c=7 d=1 gcd=7 a0=(1.000000000,1.000000000) 
rho=(0.08333333334,-0.08333333334) contrib=(0.1666666667,-4.820422470E-75)
COSET 14 c=7 d=2 gcd=7 a0=(1.000000000,1.000000000) 
rho=(0.08333333334,-0.08333333334) contrib=(0.1666666667,-4.636720805E-75)
COSET 14 c=7 d=3 gcd=7 a0=(1.000000000,1.000000000) 
rho=(0.08333333334,-0.08333333334) contrib=(0.1666666667,-1.083831774E-75)
COSET 14 c=7 d=4 gcd=7 a0=(1.000000000,1.000000000) 
rho=(0.08333333334,-0.08333333334) contrib=(0.1666666667,3.054326000E-75)
COSET 14 c=7 d=5 gcd=7 a0=(-1.000000000,-1.000000000) 
rho=(-0.08333333334,0.08333333334) contrib=(0.1666666667,-4.344352623E-75)
COSET 14 c=7 d=6 gcd=7 a0=(1.000000000,1.000000000) 
rho=(0.08333333334,-0.08333333334) contrib=(0.1666666667,5.082028517E-75)
COSET 14 c=7 d=8 gcd=7 a0=(1.000000000,1.000000000) 
rho=(0.08333333334,-0.08333333334) contrib=(0.1666666667,-4.556119728E-75)
COSET 14 c=7 d=9 gcd=7 a0=(1.000000000,1.000000000) 
rho=(0.08333333334,-0.08333333334) contrib=(0.1666666667,7.138335180E-75)
COSET 14 c=7 d=10 gcd=7 a0=(1.000000000,1.000000000) 
rho=(0.08333333334,-0.08333333334) contrib=(0.1666666667,1.495587220E-74)
COSET 14 c=7 d=11 gcd=7 a0=(1.000000000,1.000000000) 
rho=(0.08333333334,-0.08333333334) contrib=(0.1666666667,7.469747094E-75)
COSET 14 c=7 d=12 gcd=7 a0=(-1.000000000,-1.000000000) 
rho=(-0.08333333334,0.08333333334) contrib=(0.1666666667,-7.640670209E-75)
COSET 14 c=7 d=19 gcd=7 a0=(-1.000000000,-1.000000000) 
rho=(-0.08333333334,0.08333333334) contrib=(0.1666666667,-2.976779349E-74)
COSET 14 c=12 d=1 gcd=12 a0=(8.000000000,-1.977005660E-75) 
rho=(8.492587585E-81,-2.066749275E-80) contrib=(6.794070068E-80,-1.653399420E-7\
9)
COSET 14 c=12 d=5 gcd=12 a0=(-8.000000000,-3.540018522E-75) 
rho=(-6.229328028E-82,-3.390706985E-82) contrib=(4.983462422E-81,2.712565588E-8\
1)
COSET 14 c=12 d=7 gcd=12 a0=(3.910309797E-75,8.000000000) 
rho=(2.264342556E-82,-1.237556563E-81) contrib=(9.900452505E-81,1.811474045E-81\
)
COSET 14 c=12 d=11 gcd=12 a0=(5.522265209E-75,8.000000000) 
rho=(2.434431960E-80,-1.362641835E-80) contrib=(1.090113468E-79,1.947545568E-79\
)
COSET 14 c=12 d=13 gcd=12 a0=(8.000000000,6.904188829E-75) 
rho=(8.492587585E-81,-2.066749275E-80) contrib=(6.794070068E-80,-1.653399420E-7\
9)
COSET 14 c=12 d=17 gcd=12 a0=(-8.000000000,6.788379010E-75) 
rho=(-6.229328028E-82,-3.390706985E-82) contrib=(4.983462422E-81,2.712565588E-8\
1)
COSET 14 c=12 d=23 gcd=12 a0=(7.315898998E-75,8.000000000) 
rho=(2.434431960E-80,-1.362641835E-80) contrib=(1.090113468E-79,1.947545568E-79\
)
COSET 14 c=21 d=1 gcd=21 a0=(7.000000000,-7.000000000) 
rho=(-0.2500000000,-0.2500000000) contrib=(-3.500000000,-6.792104098E-75)
COSET 14 c=21 d=2 gcd=21 a0=(-7.000000000,7.000000000) 
rho=(0.2500000000,0.2500000000) contrib=(-3.500000000,2.083987593E-74)
COSET 14 c=21 d=4 gcd=21 a0=(7.000000000,-7.000000000) 
rho=(-0.2500000000,-0.2500000000) contrib=(-3.500000000,-2.368528473E-74)
COSET 14 c=21 d=11 gcd=21 a0=(-7.000000000,7.000000000) 
rho=(0.2500000000,0.2500000000) contrib=(-3.500000000,6.406991282E-75)
COSET 14 c=28 d=1 gcd=28 a0=(6.000000000,-1.020161337E-74) 
rho=(-5.717573605E-80,-5.722907455E-81) contrib=(-3.430544163E-79,-3.433744473E\
-80)
COSET 14 c=28 d=3 gcd=28 a0=(-1.239092901E-74,-6.000000000) 
rho=(6.942592176E-81,1.101500784E-81) contrib=(6.609004703E-81,-4.165555305E-80\
)
COSET 14 c=28 d=5 gcd=28 a0=(-6.000000000,-3.430855627E-74) 
rho=(-1.546110593E-80,-3.245020304E-81) contrib=(9.276663556E-80,1.947012183E-8\
0)
FORM 15:
  c_eta(0)[1] (trivial) = -9.54020868428E-72 + 5.19322039577E-72 i   (half: 
-4.77010434214E-72)
  c_eta(0)[2] = 3.23381134376E-72 + 3.70976650672E-72 i   (half: 
1.61690567188E-72)
  c_eta(0)[3] = 3.23381078861E-72 + 3.70976609748E-72 i   (half: 
1.61690539430E-72)
COSET 15 c=0 d=1 gcd=84 a0=(-28.00000000,2.328745727E-74) 
rho=(0.0000000000,0.0000000000) contrib=(-0.0000000000,0.0000000000)
COSET 15 c=1 d=0 gcd=1 a0=(4.000000000,-4.000000000) 
rho=(0.01190476190,0.01190476190) contrib=(0.09523809524,1.534168050E-72)
COSET 15 c=1 d=1 gcd=1 a0=(4.000000000,-4.000000000) 
rho=(0.01190476190,0.01190476190) contrib=(0.09523809524,-2.013872258E-75)
COSET 15 c=1 d=2 gcd=1 a0=(4.000000000,-4.000000000) 
rho=(0.01190476190,0.01190476190) contrib=(0.09523809524,-8.841791616E-76)
COSET 15 c=1 d=3 gcd=1 a0=(4.000000000,-4.000000000) 
rho=(0.01190476190,0.01190476190) contrib=(0.09523809524,-1.747796017E-76)
COSET 15 c=1 d=4 gcd=1 a0=(4.000000000,-4.000000000) 
rho=(0.01190476190,0.01190476190) contrib=(0.09523809524,-3.405117887E-76)
COSET 15 c=1 d=5 gcd=1 a0=(4.000000000,-4.000000000) 
rho=(0.01190476190,0.01190476190) contrib=(0.09523809524,4.021987070E-76)
COSET 15 c=1 d=6 gcd=1 a0=(4.000000000,-4.000000000) 
rho=(0.01190476190,0.01190476190) contrib=(0.09523809524,-8.389420882E-77)
COSET 15 c=1 d=7 gcd=1 a0=(4.000000000,-4.000000000) 
rho=(0.01190476190,0.01190476190) contrib=(0.09523809524,1.401115537E-75)
COSET 15 c=1 d=8 gcd=1 a0=(4.000000000,-4.000000000) 
rho=(0.01190476190,0.01190476190) contrib=(0.09523809524,-6.950059456E-77)
COSET 15 c=1 d=9 gcd=1 a0=(4.000000000,-4.000000000) 
rho=(0.01190476190,0.01190476190) contrib=(0.09523809524,1.809482935E-76)
COSET 15 c=1 d=10 gcd=1 a0=(4.000000000,-4.000000000) 
rho=(0.01190476190,0.01190476190) contrib=(0.09523809524,2.389339967E-76)
COSET 15 c=1 d=11 gcd=1 a0=(4.000000000,-4.000000000) 
rho=(0.01190476190,0.01190476190) contrib=(0.09523809524,-3.466804806E-76)
COSET 15 c=1 d=12 gcd=1 a0=(4.000000000,-4.000000000) 
rho=(0.01190476190,0.01190476190) contrib=(0.09523809524,1.424556565E-75)
COSET 15 c=1 d=13 gcd=1 a0=(4.000000000,-4.000000000) 
rho=(0.01190476190,0.01190476190) contrib=(0.09523809524,2.035257056E-75)
COSET 15 c=1 d=14 gcd=1 a0=(4.000000000,-4.000000000) 
rho=(0.01190476190,0.01190476190) contrib=(0.09523809524,-1.665546793E-76)
COSET 15 c=1 d=15 gcd=1 a0=(4.000000000,-4.000000000) 
rho=(0.01190476190,0.01190476190) contrib=(0.09523809524,8.249597201E-76)
COSET 15 c=1 d=16 gcd=1 a0=(4.000000000,-4.000000000) 
rho=(0.01190476190,0.01190476190) contrib=(0.09523809524,7.945275071E-76)
COSET 15 c=1 d=17 gcd=1 a0=(4.000000000,-4.000000000) 
rho=(0.01190476190,0.01190476190) contrib=(0.09523809524,7.098108060E-76)
COSET 15 c=1 d=18 gcd=1 a0=(4.000000000,-4.000000000) 
rho=(0.01190476190,0.01190476190) contrib=(0.09523809524,1.098438391E-75)
COSET 15 c=1 d=19 gcd=1 a0=(4.000000000,-4.000000000) 
rho=(0.01190476190,0.01190476190) contrib=(0.09523809524,1.031816519E-75)
COSET 15 c=1 d=20 gcd=1 a0=(4.000000000,-4.000000000) 
rho=(0.01190476190,0.01190476190) contrib=(0.09523809524,-7.422992496E-76)
COSET 15 c=1 d=21 gcd=1 a0=(4.000000000,-4.000000000) 
rho=(0.01190476190,0.01190476190) contrib=(0.09523809524,-2.105168897E-75)
COSET 15 c=1 d=22 gcd=1 a0=(4.000000000,-4.000000000) 
rho=(0.01190476190,0.01190476190) contrib=(0.09523809524,3.100795757E-75)
COSET 15 c=1 d=23 gcd=1 a0=(4.000000000,-4.000000000) 
rho=(0.01190476190,0.01190476190) contrib=(0.09523809524,-1.547519156E-75)
COSET 15 c=1 d=24 gcd=1 a0=(4.000000000,-4.000000000) 
rho=(0.01190476190,0.01190476190) contrib=(0.09523809524,3.529725462E-75)
COSET 15 c=1 d=25 gcd=1 a0=(4.000000000,-4.000000000) 
rho=(0.01190476190,0.01190476190) contrib=(0.09523809524,1.121056928E-75)
COSET 15 c=1 d=26 gcd=1 a0=(4.000000000,-4.000000000) 
rho=(0.01190476190,0.01190476190) contrib=(0.09523809524,-2.768097645E-75)
COSET 15 c=1 d=27 gcd=1 a0=(4.000000000,-4.000000000) 
rho=(0.01190476190,0.01190476190) contrib=(0.09523809524,-4.142893430E-75)
COSET 15 c=1 d=28 gcd=1 a0=(4.000000000,-4.000000000) 
rho=(0.01190476190,0.01190476190) contrib=(0.09523809524,-8.923218348E-75)
COSET 15 c=1 d=29 gcd=1 a0=(4.000000000,-4.000000000) 
rho=(0.01190476190,0.01190476190) contrib=(0.09523809524,-1.755609693E-75)
COSET 15 c=1 d=30 gcd=1 a0=(4.000000000,-4.000000000) 
rho=(0.01190476190,0.01190476190) contrib=(0.09523809524,8.582295313E-75)
COSET 15 c=1 d=31 gcd=1 a0=(4.000000000,-4.000000000) 
rho=(0.01190476190,0.01190476190) contrib=(0.09523809524,8.952828069E-76)
COSET 15 c=1 d=32 gcd=1 a0=(4.000000000,-4.000000000) 
rho=(0.01190476190,0.01190476190) contrib=(0.09523809524,2.124497465E-75)
COSET 15 c=1 d=33 gcd=1 a0=(4.000000000,-4.000000000) 
rho=(0.01190476190,0.01190476190) contrib=(0.09523809524,6.086442601E-77)
COSET 15 c=1 d=34 gcd=1 a0=(4.000000000,-4.000000000) 
rho=(0.01190476190,0.01190476190) contrib=(0.09523809524,2.600309227E-75)
COSET 15 c=1 d=35 gcd=1 a0=(4.000000000,-4.000000000) 
rho=(0.01190476190,0.01190476190) contrib=(0.09523809524,-1.042550043E-74)
COSET 15 c=1 d=36 gcd=1 a0=(4.000000000,-4.000000000) 
rho=(0.01190476190,0.01190476190) contrib=(0.09523809524,-3.321634925E-75)
COSET 15 c=1 d=37 gcd=1 a0=(4.000000000,-4.000000000) 
rho=(0.01190476190,0.01190476190) contrib=(0.09523809524,-2.134778618E-75)
COSET 15 c=1 d=38 gcd=1 a0=(4.000000000,-4.000000000) 
rho=(0.01190476190,0.01190476190) contrib=(0.09523809524,-2.293108374E-75)
COSET 15 c=1 d=39 gcd=1 a0=(4.000000000,-4.000000000) 
rho=(0.01190476190,0.01190476190) contrib=(0.09523809524,6.769111163E-76)
COSET 15 c=1 d=40 gcd=1 a0=(4.000000000,-4.000000000) 
rho=(0.01190476190,0.01190476190) contrib=(0.09523809524,1.841560133E-75)
COSET 15 c=1 d=41 gcd=1 a0=(4.000000000,-4.000000000) 
rho=(0.01190476190,0.01190476190) contrib=(0.09523809524,-1.362787398E-74)
COSET 15 c=1 d=42 gcd=1 a0=(4.000000000,-4.000000000) 
rho=(0.01190476190,0.01190476190) contrib=(0.09523809524,-1.559075172E-74)
COSET 15 c=1 d=43 gcd=1 a0=(4.000000000,-4.000000000) 
rho=(0.01190476190,0.01190476190) contrib=(0.09523809524,-9.736663177E-75)
COSET 15 c=1 d=44 gcd=1 a0=(4.000000000,-4.000000000) 
rho=(0.01190476190,0.01190476190) contrib=(0.09523809524,4.700954417E-75)
COSET 15 c=1 d=45 gcd=1 a0=(4.000000000,-4.000000000) 
rho=(0.01190476190,0.01190476190) contrib=(0.09523809524,-2.553838415E-75)
COSET 15 c=1 d=46 gcd=1 a0=(4.000000000,-4.000000000) 
rho=(0.01190476190,0.01190476190) contrib=(0.09523809524,-1.084867269E-75)
COSET 15 c=1 d=47 gcd=1 a0=(4.000000000,-4.000000000) 
rho=(0.01190476190,0.01190476190) contrib=(0.09523809524,4.725217938E-76)
COSET 15 c=1 d=48 gcd=1 a0=(4.000000000,-4.000000000) 
rho=(0.01190476190,0.01190476190) contrib=(0.09523809524,-1.327379107E-74)
COSET 15 c=1 d=49 gcd=1 a0=(4.000000000,-4.000000000) 
rho=(0.01190476190,0.01190476190) contrib=(0.09523809524,-3.723422386E-75)
COSET 15 c=1 d=50 gcd=1 a0=(4.000000000,-4.000000000) 
rho=(0.01190476190,0.01190476190) contrib=(0.09523809524,-5.058327297E-75)
COSET 15 c=1 d=51 gcd=1 a0=(4.000000000,-4.000000000) 
rho=(0.01190476190,0.01190476190) contrib=(0.09523809524,-2.152873447E-75)
COSET 15 c=1 d=52 gcd=1 a0=(4.000000000,-4.000000000) 
rho=(0.01190476190,0.01190476190) contrib=(0.09523809524,-1.044482900E-74)
COSET 15 c=1 d=53 gcd=1 a0=(4.000000000,-4.000000000) 
rho=(0.01190476190,0.01190476190) contrib=(0.09523809524,-4.357563905E-75)
COSET 15 c=1 d=54 gcd=1 a0=(4.000000000,-4.000000000) 
rho=(0.01190476190,0.01190476190) contrib=(0.09523809524,3.344705832E-74)
COSET 15 c=1 d=55 gcd=1 a0=(4.000000000,-4.000000000) 
rho=(0.01190476190,0.01190476190) contrib=(0.09523809524,1.158069079E-75)
COSET 15 c=1 d=56 gcd=1 a0=(4.000000000,-4.000000000) 
rho=(0.01190476190,0.01190476190) contrib=(0.09523809524,1.336549895E-74)
COSET 15 c=1 d=57 gcd=1 a0=(4.000000000,-4.000000000) 
rho=(0.01190476190,0.01190476190) contrib=(0.09523809524,-4.771277503E-75)
COSET 15 c=1 d=58 gcd=1 a0=(4.000000000,-4.000000000) 
rho=(0.01190476190,0.01190476190) contrib=(0.09523809524,-1.455729022E-74)
COSET 15 c=1 d=59 gcd=1 a0=(4.000000000,-4.000000000) 
rho=(0.01190476190,0.01190476190) contrib=(0.09523809524,-7.974062299E-75)
COSET 15 c=1 d=60 gcd=1 a0=(4.000000000,-4.000000000) 
rho=(0.01190476190,0.01190476190) contrib=(0.09523809524,-2.343280401E-74)
COSET 15 c=1 d=61 gcd=1 a0=(4.000000000,-4.000000000) 
rho=(0.01190476190,0.01190476190) contrib=(0.09523809524,-1.784725919E-74)
COSET 15 c=1 d=62 gcd=1 a0=(4.000000000,-4.000000000) 
rho=(0.01190476190,0.01190476190) contrib=(0.09523809524,-7.196807129E-76)
COSET 15 c=1 d=63 gcd=1 a0=(4.000000000,-4.000000000) 
rho=(0.01190476190,0.01190476190) contrib=(0.09523809524,-4.911923677E-75)
COSET 15 c=1 d=64 gcd=1 a0=(4.000000000,-4.000000000) 
rho=(0.01190476190,0.01190476190) contrib=(0.09523809524,8.355698700E-75)
COSET 15 c=1 d=65 gcd=1 a0=(4.000000000,-4.000000000) 
rho=(0.01190476190,0.01190476190) contrib=(0.09523809524,2.209625412E-74)
COSET 15 c=1 d=66 gcd=1 a0=(4.000000000,-4.000000000) 
rho=(0.01190476190,0.01190476190) contrib=(0.09523809524,-1.192202507E-75)
COSET 15 c=1 d=67 gcd=1 a0=(4.000000000,-4.000000000) 
rho=(0.01190476190,0.01190476190) contrib=(0.09523809524,-5.695347539E-75)
COSET 15 c=1 d=68 gcd=1 a0=(4.000000000,-4.000000000) 
rho=(0.01190476190,0.01190476190) contrib=(0.09523809524,-1.563681128E-74)
COSET 15 c=1 d=69 gcd=1 a0=(4.000000000,-4.000000000) 
rho=(0.01190476190,0.01190476190) contrib=(0.09523809524,-1.953789199E-74)
COSET 15 c=1 d=70 gcd=1 a0=(4.000000000,-4.000000000) 
rho=(0.01190476190,0.01190476190) contrib=(0.09523809524,-6.946358241E-75)
COSET 15 c=1 d=71 gcd=1 a0=(4.000000000,-4.000000000) 
rho=(0.01190476190,0.01190476190) contrib=(0.09523809524,-4.524529831E-75)
COSET 15 c=1 d=72 gcd=1 a0=(4.000000000,-4.000000000) 
rho=(0.01190476190,0.01190476190) contrib=(0.09523809524,1.520788158E-75)
COSET 15 c=1 d=73 gcd=1 a0=(4.000000000,-4.000000000) 
rho=(0.01190476190,0.01190476190) contrib=(0.09523809524,3.054900690E-74)
COSET 15 c=1 d=74 gcd=1 a0=(4.000000000,-4.000000000) 
rho=(0.01190476190,0.01190476190) contrib=(0.09523809524,3.903548187E-75)
COSET 15 c=1 d=75 gcd=1 a0=(4.000000000,-4.000000000) 
rho=(0.01190476190,0.01190476190) contrib=(0.09523809524,-6.554029441E-75)
COSET 15 c=1 d=76 gcd=1 a0=(4.000000000,-4.000000000) 
rho=(0.01190476190,0.01190476190) contrib=(0.09523809524,-6.865342755E-75)
COSET 15 c=1 d=77 gcd=1 a0=(4.000000000,-4.000000000) 
rho=(0.01190476190,0.01190476190) contrib=(0.09523809524,6.568834302E-75)
COSET 15 c=1 d=78 gcd=1 a0=(4.000000000,-4.000000000) 
rho=(0.01190476190,0.01190476190) contrib=(0.09523809524,-4.278481276E-74)
COSET 15 c=1 d=79 gcd=1 a0=(4.000000000,-4.000000000) 
rho=(0.01190476190,0.01190476190) contrib=(0.09523809524,2.869552063E-74)
COSET 15 c=1 d=80 gcd=1 a0=(4.000000000,-4.000000000) 
rho=(0.01190476190,0.01190476190) contrib=(0.09523809524,-1.329229715E-74)
COSET 15 c=1 d=81 gcd=1 a0=(4.000000000,-4.000000000) 
rho=(0.01190476190,0.01190476190) contrib=(0.09523809524,-1.663737310E-74)
COSET 15 c=1 d=82 gcd=1 a0=(4.000000000,-4.000000000) 
rho=(0.01190476190,0.01190476190) contrib=(0.09523809524,1.997957033E-74)
COSET 15 c=1 d=83 gcd=1 a0=(4.000000000,-4.000000000) 
rho=(0.01190476190,0.01190476190) contrib=(0.09523809524,2.037827344E-73)
COSET 15 c=3 d=1 gcd=3 a0=(-6.000000000,-6.000000000) 
rho=(0.03571428571,-0.03571428571) contrib=(-0.4285714286,-2.479321567E-74)
COSET 15 c=3 d=2 gcd=3 a0=(-6.000000000,-6.000000000) 
rho=(0.03571428571,-0.03571428571) contrib=(-0.4285714286,-1.666040604E-74)
COSET 15 c=3 d=4 gcd=3 a0=(-6.000000000,-6.000000000) 
rho=(0.03571428571,-0.03571428571) contrib=(-0.4285714286,-3.308393748E-74)
COSET 15 c=3 d=5 gcd=3 a0=(-6.000000000,-6.000000000) 
rho=(0.03571428571,-0.03571428571) contrib=(-0.4285714286,-1.768687636E-74)
COSET 15 c=3 d=7 gcd=3 a0=(-6.000000000,-6.000000000) 
rho=(0.03571428571,-0.03571428571) contrib=(-0.4285714286,3.474206287E-74)
COSET 15 c=3 d=8 gcd=3 a0=(-6.000000000,-6.000000000) 
rho=(0.03571428571,-0.03571428571) contrib=(-0.4285714286,4.208527994E-74)
COSET 15 c=3 d=10 gcd=3 a0=(-6.000000000,-6.000000000) 
rho=(0.03571428571,-0.03571428571) contrib=(-0.4285714286,6.806286863E-74)
COSET 15 c=3 d=11 gcd=3 a0=(-6.000000000,-6.000000000) 
rho=(0.03571428571,-0.03571428571) contrib=(-0.4285714286,-2.285870474E-73)
COSET 15 c=3 d=13 gcd=3 a0=(-6.000000000,-6.000000000) 
rho=(0.03571428571,-0.03571428571) contrib=(-0.4285714286,2.791208728E-74)
COSET 15 c=3 d=14 gcd=3 a0=(-6.000000000,-6.000000000) 
rho=(0.03571428571,-0.03571428571) contrib=(-0.4285714286,1.095559637E-73)
COSET 15 c=3 d=16 gcd=3 a0=(-6.000000000,-6.000000000) 
rho=(0.03571428571,-0.03571428571) contrib=(-0.4285714286,-8.156492027E-74)
COSET 15 c=3 d=17 gcd=3 a0=(-6.000000000,-6.000000000) 
rho=(0.03571428571,-0.03571428571) contrib=(-0.4285714286,1.793559454E-73)
COSET 15 c=3 d=19 gcd=3 a0=(-6.000000000,-6.000000000) 
rho=(0.03571428571,-0.03571428571) contrib=(-0.4285714286,8.977666386E-74)
COSET 15 c=3 d=20 gcd=3 a0=(-6.000000000,-6.000000000) 
rho=(0.03571428571,-0.03571428571) contrib=(-0.4285714286,5.077474884E-73)
COSET 15 c=3 d=22 gcd=3 a0=(-6.000000000,-6.000000000) 
rho=(0.03571428571,-0.03571428571) contrib=(-0.4285714286,3.079410010E-74)
COSET 15 c=3 d=23 gcd=3 a0=(-6.000000000,-6.000000000) 
rho=(0.03571428571,-0.03571428571) contrib=(-0.4285714286,3.762408202E-74)
COSET 15 c=3 d=25 gcd=3 a0=(-6.000000000,-6.000000000) 
rho=(0.03571428571,-0.03571428571) contrib=(-0.4285714286,-1.854753003E-73)
COSET 15 c=3 d=26 gcd=3 a0=(-6.000000000,-6.000000000) 
rho=(0.03571428571,-0.03571428571) contrib=(-0.4285714286,1.011704936E-72)
COSET 15 c=3 d=28 gcd=3 a0=(-6.000000000,-6.000000000) 
rho=(0.03571428571,-0.03571428571) contrib=(-0.4285714286,1.767897633E-73)
COSET 15 c=3 d=31 gcd=3 a0=(-6.000000000,-6.000000000) 
rho=(0.03571428571,-0.03571428571) contrib=(-0.4285714286,1.590634104E-73)
COSET 15 c=3 d=34 gcd=3 a0=(-6.000000000,-6.000000000) 
rho=(0.03571428571,-0.03571428571) contrib=(-0.4285714286,-3.657787599E-73)
COSET 15 c=3 d=37 gcd=3 a0=(-6.000000000,-6.000000000) 
rho=(0.03571428571,-0.03571428571) contrib=(-0.4285714286,7.406377204E-74)
COSET 15 c=3 d=40 gcd=3 a0=(-6.000000000,-6.000000000) 
rho=(0.03571428571,-0.03571428571) contrib=(-0.4285714286,-1.834776226E-72)
COSET 15 c=3 d=43 gcd=3 a0=(-6.000000000,-6.000000000) 
rho=(0.03571428571,-0.03571428571) contrib=(-0.4285714286,-7.579693813E-73)
COSET 15 c=3 d=46 gcd=3 a0=(-6.000000000,-6.000000000) 
rho=(0.03571428571,-0.03571428571) contrib=(-0.4285714286,-2.385398593E-72)
COSET 15 c=3 d=49 gcd=3 a0=(-6.000000000,-6.000000000) 
rho=(0.03571428571,-0.03571428571) contrib=(-0.4285714286,2.378173803E-72)
COSET 15 c=3 d=52 gcd=3 a0=(-6.000000000,-6.000000000) 
rho=(0.03571428571,-0.03571428571) contrib=(-0.4285714286,-8.304539777E-73)
COSET 15 c=3 d=55 gcd=3 a0=(-6.000000000,-6.000000000) 
rho=(0.03571428571,-0.03571428571) contrib=(-0.4285714286,4.134819836E-72)
COSET 15 c=4 d=1 gcd=4 a0=(8.000000000,1.217880543E-73) 
rho=(6.240604675E-81,2.563973923E-81) contrib=(4.992483740E-80,2.051179139E-80)
COSET 15 c=4 d=3 gcd=4 a0=(-8.356997897E-73,8.000000000) 
rho=(-4.549460422E-82,-6.127652555E-81) contrib=(4.902122044E-80,-3.639568338E-\
81)
COSET 15 c=4 d=5 gcd=4 a0=(8.000000000,-6.680719153E-73) 
rho=(6.240604675E-81,2.563973923E-81) contrib=(4.992483740E-80,2.051179139E-80)
COSET 15 c=4 d=7 gcd=4 a0=(4.663097428E-72,8.000000000) 
rho=(-4.549460422E-82,-6.127652555E-81) contrib=(4.902122044E-80,-3.639568338E-\
81)
COSET 15 c=4 d=9 gcd=4 a0=(8.000000000,1.305733944E-72) 
rho=(6.240604675E-81,2.563973923E-81) contrib=(4.992483740E-80,2.051179139E-80)
COSET 15 c=4 d=11 gcd=4 a0=(-3.142323774E-72,8.000000000) 
rho=(-4.549460422E-82,-6.127652555E-81) contrib=(4.902122044E-80,-3.639568338E-\
81)
COSET 15 c=4 d=13 gcd=4 a0=(8.000000000,1.152826065E-72) 
rho=(6.240604675E-81,2.563973923E-81) contrib=(4.992483740E-80,2.051179139E-80)
COSET 15 c=4 d=15 gcd=4 a0=(-1.054562919E-71,8.000000000) 
rho=(-4.549460422E-82,-6.127652555E-81) contrib=(4.902122044E-80,-3.639568338E-\
81)
COSET 15 c=4 d=17 gcd=4 a0=(8.000000000,6.551329967E-72) 
rho=(6.240604675E-81,2.563973923E-81) contrib=(4.992483740E-80,2.051179139E-80)
COSET 15 c=4 d=19 gcd=4 a0=(1.211552345E-71,8.000000000) 
rho=(-4.549460422E-82,-6.127652555E-81) contrib=(4.902122044E-80,-3.639568338E-\
81)
COSET 15 c=4 d=21 gcd=4 a0=(8.000000000,8.392808131E-72) 
rho=(6.240604675E-81,2.563973923E-81) contrib=(4.992483740E-80,2.051179139E-80)
COSET 15 c=4 d=23 gcd=4 a0=(1.639166899E-72,8.000000000) 
rho=(-4.549460422E-82,-6.127652555E-81) contrib=(4.902122044E-80,-3.639568338E-\
81)
COSET 15 c=4 d=25 gcd=4 a0=(8.000000000,1.600622111E-71) 
rho=(6.240604675E-81,2.563973923E-81) contrib=(4.992483740E-80,2.051179139E-80)
COSET 15 c=4 d=27 gcd=4 a0=(5.043198041E-72,8.000000000) 
rho=(-4.549460422E-82,-6.127652555E-81) contrib=(4.902122044E-80,-3.639568338E-\
81)
COSET 15 c=4 d=29 gcd=4 a0=(8.000000000,-9.501103358E-72) 
rho=(6.240604675E-81,2.563973923E-81) contrib=(4.992483740E-80,2.051179139E-80)
COSET 15 c=4 d=31 gcd=4 a0=(8.203740676E-72,8.000000000) 
rho=(-4.549460422E-82,-6.127652555E-81) contrib=(4.902122044E-80,-3.639568338E-\
81)
COSET 15 c=4 d=33 gcd=4 a0=(8.000000000,-6.597143565E-72) 
rho=(6.240604675E-81,2.563973923E-81) contrib=(4.992483740E-80,2.051179139E-80)
COSET 15 c=4 d=35 gcd=4 a0=(8.631924397E-72,8.000000000) 
rho=(-4.549460422E-82,-6.127652555E-81) contrib=(4.902122044E-80,-3.639568338E-\
81)
COSET 15 c=4 d=37 gcd=4 a0=(8.000000000,2.477293071E-71) 
rho=(6.240604675E-81,2.563973923E-81) contrib=(4.992483740E-80,2.051179139E-80)
COSET 15 c=4 d=39 gcd=4 a0=(-2.929677466E-72,8.000000000) 
rho=(-4.549460422E-82,-6.127652555E-81) contrib=(4.902122044E-80,-3.639568338E-\
81)
COSET 15 c=4 d=41 gcd=4 a0=(8.000000000,-4.894477829E-71) 
rho=(6.240604675E-81,2.563973923E-81) contrib=(4.992483740E-80,2.051179139E-80)
COSET 15 c=7 d=1 gcd=7 a0=(-4.000000000,-4.000000000) 
rho=(0.08333333334,-0.08333333334) contrib=(-0.6666666667,-3.994227535E-74)
COSET 15 c=7 d=2 gcd=7 a0=(-4.000000000,-4.000000000) 
rho=(0.08333333334,-0.08333333334) contrib=(-0.6666666667,-4.283252574E-74)
COSET 15 c=7 d=3 gcd=7 a0=(-4.000000000,-4.000000000) 
rho=(0.08333333334,-0.08333333334) contrib=(-0.6666666667,-6.209434709E-75)
COSET 15 c=7 d=4 gcd=7 a0=(-4.000000000,-4.000000000) 
rho=(0.08333333334,-0.08333333334) contrib=(-0.6666666667,2.191571285E-74)
COSET 15 c=7 d=5 gcd=7 a0=(4.000000000,4.000000000) 
rho=(-0.08333333334,0.08333333334) contrib=(-0.6666666667,-3.110460041E-74)
COSET 15 c=7 d=6 gcd=7 a0=(-4.000000000,-4.000000000) 
rho=(0.08333333334,-0.08333333334) contrib=(-0.6666666667,4.450216391E-74)
COSET 15 c=7 d=8 gcd=7 a0=(-4.000000000,-4.000000000) 
rho=(0.08333333334,-0.08333333334) contrib=(-0.6666666667,-3.969182646E-74)
COSET 15 c=7 d=9 gcd=7 a0=(-4.000000000,-4.000000000) 
rho=(0.08333333334,-0.08333333334) contrib=(-0.6666666667,6.789179130E-74)
COSET 15 c=7 d=10 gcd=7 a0=(-4.000000000,-4.000000000) 
rho=(0.08333333334,-0.08333333334) contrib=(-0.6666666667,1.269142248E-73)
COSET 15 c=7 d=11 gcd=7 a0=(-4.000000000,-4.000000000) 
rho=(0.08333333334,-0.08333333334) contrib=(-0.6666666667,6.582487251E-74)
COSET 15 c=7 d=12 gcd=7 a0=(4.000000000,4.000000000) 
rho=(-0.08333333334,0.08333333334) contrib=(-0.6666666667,-6.651289149E-74)
COSET 15 c=7 d=19 gcd=7 a0=(4.000000000,4.000000000) 
rho=(-0.08333333334,0.08333333334) contrib=(-0.6666666667,-2.889374126E-73)
COSET 15 c=12 d=1 gcd=12 a0=(24.00000000,-1.039280928E-74) 
rho=(8.492587585E-81,-2.066749275E-80) contrib=(2.038221020E-79,-4.960198259E-7\
9)
COSET 15 c=12 d=5 gcd=12 a0=(-24.00000000,-1.855794302E-74) 
rho=(-6.229328028E-82,-3.390706985E-82) contrib=(1.495038727E-80,8.137696764E-8\
1)
COSET 15 c=12 d=7 gcd=12 a0=(2.231260301E-74,24.00000000) 
rho=(2.264342556E-82,-1.237556563E-81) contrib=(2.970135751E-80,5.434422135E-81\
)
COSET 15 c=12 d=11 gcd=12 a0=(3.168708598E-74,24.00000000) 
rho=(2.434431960E-80,-1.362641835E-80) contrib=(3.270340405E-79,5.842636703E-79\
)
COSET 15 c=12 d=13 gcd=12 a0=(24.00000000,4.234615055E-74) 
rho=(8.492587585E-81,-2.066749275E-80) contrib=(2.038221020E-79,-4.960198259E-7\
9)
COSET 15 c=12 d=17 gcd=12 a0=(-24.00000000,4.311226881E-74) 
rho=(-6.229328028E-82,-3.390706985E-82) contrib=(1.495038727E-80,8.137696764E-8\
1)
COSET 15 c=12 d=23 gcd=12 a0=(3.685333762E-74,24.00000000) 
rho=(2.434431960E-80,-1.362641835E-80) contrib=(3.270340405E-79,5.842636703E-79\
)
COSET 15 c=21 d=1 gcd=21 a0=(-6.000000000,6.000000000) 
rho=(-0.2500000000,-0.2500000000) contrib=(3.000000000,-5.625842667E-74)
COSET 15 c=21 d=2 gcd=21 a0=(6.000000000,-6.000000000) 
rho=(0.2500000000,0.2500000000) contrib=(3.000000000,1.731011529E-73)
COSET 15 c=21 d=4 gcd=21 a0=(-6.000000000,6.000000000) 
rho=(-0.2500000000,-0.2500000000) contrib=(3.000000000,-1.853019633E-73)
COSET 15 c=21 d=11 gcd=21 a0=(6.000000000,-6.000000000) 
rho=(0.2500000000,0.2500000000) contrib=(3.000000000,5.865017729E-74)
COSET 15 c=28 d=1 gcd=28 a0=(12.00000000,-8.673188411E-74) 
rho=(-5.717573605E-80,-5.722907455E-81) contrib=(-6.861088326E-79,-6.867488946E\
-80)
COSET 15 c=28 d=3 gcd=28 a0=(-1.110983390E-73,-12.00000000) 
rho=(6.942592176E-81,1.101500784E-81) contrib=(1.321800941E-80,-8.331110611E-80\
)
COSET 15 c=28 d=5 gcd=28 a0=(-12.00000000,-2.925564973E-73) 
rho=(-1.546110593E-80,-3.245020304E-81) contrib=(1.855332711E-79,3.894024365E-8\
0)
