BASE 15 2  M = 60  ds = [ 1, 2, 3, 4, 5, 6, 10, 12, 15, 20, 30, 60 ]
#isotropic = 3 (2N-1 = 3)
#cosets = 144
#monomials = 86
a0 table built
FORM -2:
  c_eta(0)[1] (trivial) = -1.24484830429E-72 + -2.58813041355E-71 i   (half: 
-6.22424152146E-73)
  c_eta(0)[2] = 4.00000000000 + -1.84663814849E-71 i   (half: 2.00000000000)
  c_eta(0)[3] = 4.00000000000 + -1.84663813585E-71 i   (half: 2.00000000000)
COSET -2 c=0 d=1 gcd=60 a0=(-18.00000000,-7.536656696E-72) 
rho=(0.0000000000,0.0000000000) contrib=(0.0000000000,-0.0000000000)
COSET -2 c=1 d=0 gcd=1 a0=(2.000000000,-2.000000000) 
rho=(0.01666666667,0.01666666667) contrib=(0.06666666667,-5.339372238E-72)
COSET -2 c=1 d=1 gcd=1 a0=(2.000000000,-2.000000000) 
rho=(0.01666666667,0.01666666667) contrib=(0.06666666667,1.273501794E-72)
COSET -2 c=1 d=2 gcd=1 a0=(2.000000000,-2.000000000) 
rho=(0.01666666667,0.01666666667) contrib=(0.06666666667,1.467135344E-73)
COSET -2 c=1 d=3 gcd=1 a0=(2.000000000,-2.000000000) 
rho=(0.01666666667,0.01666666667) contrib=(0.06666666667,8.507799107E-74)
COSET -2 c=1 d=4 gcd=1 a0=(2.000000000,-2.000000000) 
rho=(0.01666666667,0.01666666667) contrib=(0.06666666667,-1.011581051E-73)
COSET -2 c=1 d=5 gcd=1 a0=(2.000000000,-2.000000000) 
rho=(0.01666666667,0.01666666667) contrib=(0.06666666667,-8.561055479E-74)
COSET -2 c=1 d=6 gcd=1 a0=(2.000000000,-2.000000000) 
rho=(0.01666666667,0.01666666667) contrib=(0.06666666667,7.845440962E-74)
COSET -2 c=1 d=7 gcd=1 a0=(2.000000000,-2.000000000) 
rho=(0.01666666667,0.01666666667) contrib=(0.06666666667,-5.196677689E-74)
COSET -2 c=1 d=8 gcd=1 a0=(2.000000000,-2.000000000) 
rho=(0.01666666667,0.01666666667) contrib=(0.06666666667,4.685107047E-74)
COSET -2 c=1 d=9 gcd=1 a0=(2.000000000,-2.000000000) 
rho=(0.01666666667,0.01666666667) contrib=(0.06666666667,-2.788448982E-73)
COSET -2 c=1 d=10 gcd=1 a0=(2.000000000,-2.000000000) 
rho=(0.01666666667,0.01666666667) contrib=(0.06666666667,-2.850064446E-73)
COSET -2 c=1 d=11 gcd=1 a0=(2.000000000,-2.000000000) 
rho=(0.01666666667,0.01666666667) contrib=(0.06666666667,-2.241864435E-73)
COSET -2 c=1 d=12 gcd=1 a0=(2.000000000,-2.000000000) 
rho=(0.01666666667,0.01666666667) contrib=(0.06666666667,6.172197698E-75)
COSET -2 c=1 d=13 gcd=1 a0=(2.000000000,-2.000000000) 
rho=(0.01666666667,0.01666666667) contrib=(0.06666666667,-2.155042153E-73)
COSET -2 c=1 d=14 gcd=1 a0=(2.000000000,-2.000000000) 
rho=(0.01666666667,0.01666666667) contrib=(0.06666666667,6.793210186E-75)
COSET -2 c=1 d=15 gcd=1 a0=(2.000000000,-2.000000000) 
rho=(0.01666666667,0.01666666667) contrib=(0.06666666667,-7.535618415E-74)
COSET -2 c=1 d=16 gcd=1 a0=(2.000000000,-2.000000000) 
rho=(0.01666666667,0.01666666667) contrib=(0.06666666667,4.188664095E-74)
COSET -2 c=1 d=17 gcd=1 a0=(2.000000000,-2.000000000) 
rho=(0.01666666667,0.01666666667) contrib=(0.06666666667,-2.250856125E-73)
COSET -2 c=1 d=18 gcd=1 a0=(2.000000000,-2.000000000) 
rho=(0.01666666667,0.01666666667) contrib=(0.06666666667,-2.587049213E-73)
COSET -2 c=1 d=19 gcd=1 a0=(2.000000000,-2.000000000) 
rho=(0.01666666667,0.01666666667) contrib=(0.06666666667,3.979933658E-73)
COSET -2 c=1 d=20 gcd=1 a0=(2.000000000,-2.000000000) 
rho=(0.01666666667,0.01666666667) contrib=(0.06666666667,-1.447614940E-72)
COSET -2 c=1 d=21 gcd=1 a0=(2.000000000,-2.000000000) 
rho=(0.01666666667,0.01666666667) contrib=(0.06666666667,-7.109653795E-73)
COSET -2 c=1 d=22 gcd=1 a0=(2.000000000,-2.000000000) 
rho=(0.01666666667,0.01666666667) contrib=(0.06666666667,2.412338803E-73)
COSET -2 c=1 d=23 gcd=1 a0=(2.000000000,-2.000000000) 
rho=(0.01666666667,0.01666666667) contrib=(0.06666666667,3.131949707E-74)
COSET -2 c=1 d=24 gcd=1 a0=(2.000000000,-2.000000000) 
rho=(0.01666666667,0.01666666667) contrib=(0.06666666667,-4.743750950E-73)
COSET -2 c=1 d=25 gcd=1 a0=(2.000000000,-2.000000000) 
rho=(0.01666666667,0.01666666667) contrib=(0.06666666667,1.615830735E-73)
COSET -2 c=1 d=26 gcd=1 a0=(2.000000000,-2.000000000) 
rho=(0.01666666667,0.01666666667) contrib=(0.06666666667,2.861611723E-73)
COSET -2 c=1 d=27 gcd=1 a0=(2.000000000,-2.000000000) 
rho=(0.01666666667,0.01666666667) contrib=(0.06666666667,-1.226079729E-73)
COSET -2 c=1 d=28 gcd=1 a0=(2.000000000,-2.000000000) 
rho=(0.01666666667,0.01666666667) contrib=(0.06666666667,4.542135277E-73)
COSET -2 c=1 d=29 gcd=1 a0=(2.000000000,-2.000000000) 
rho=(0.01666666667,0.01666666667) contrib=(0.06666666667,1.810318186E-72)
COSET -2 c=1 d=30 gcd=1 a0=(2.000000000,-2.000000000) 
rho=(0.01666666667,0.01666666667) contrib=(0.06666666667,-1.207018841E-72)
COSET -2 c=1 d=31 gcd=1 a0=(2.000000000,-2.000000000) 
rho=(0.01666666667,0.01666666667) contrib=(0.06666666667,3.689030798E-73)
COSET -2 c=1 d=32 gcd=1 a0=(2.000000000,-2.000000000) 
rho=(0.01666666667,0.01666666667) contrib=(0.06666666667,5.811806067E-73)
COSET -2 c=1 d=33 gcd=1 a0=(2.000000000,-2.000000000) 
rho=(0.01666666667,0.01666666667) contrib=(0.06666666667,-1.266595594E-73)
COSET -2 c=1 d=34 gcd=1 a0=(2.000000000,-2.000000000) 
rho=(0.01666666667,0.01666666667) contrib=(0.06666666667,3.714760822E-73)
COSET -2 c=1 d=35 gcd=1 a0=(2.000000000,-2.000000000) 
rho=(0.01666666667,0.01666666667) contrib=(0.06666666667,9.321223990E-73)
COSET -2 c=1 d=36 gcd=1 a0=(2.000000000,-2.000000000) 
rho=(0.01666666667,0.01666666667) contrib=(0.06666666667,8.899948089E-73)
COSET -2 c=1 d=37 gcd=1 a0=(2.000000000,-2.000000000) 
rho=(0.01666666667,0.01666666667) contrib=(0.06666666667,1.614360715E-72)
COSET -2 c=1 d=38 gcd=1 a0=(2.000000000,-2.000000000) 
rho=(0.01666666667,0.01666666667) contrib=(0.06666666667,-2.501915015E-72)
COSET -2 c=1 d=39 gcd=1 a0=(2.000000000,-2.000000000) 
rho=(0.01666666667,0.01666666667) contrib=(0.06666666667,-8.569295823E-74)
COSET -2 c=1 d=40 gcd=1 a0=(2.000000000,-2.000000000) 
rho=(0.01666666667,0.01666666667) contrib=(0.06666666667,4.535427853E-73)
COSET -2 c=1 d=41 gcd=1 a0=(2.000000000,-2.000000000) 
rho=(0.01666666667,0.01666666667) contrib=(0.06666666667,4.220748541E-72)
COSET -2 c=1 d=42 gcd=1 a0=(2.000000000,-2.000000000) 
rho=(0.01666666667,0.01666666667) contrib=(0.06666666667,-1.026645264E-72)
COSET -2 c=1 d=43 gcd=1 a0=(2.000000000,-2.000000000) 
rho=(0.01666666667,0.01666666667) contrib=(0.06666666667,1.316010886E-72)
COSET -2 c=1 d=44 gcd=1 a0=(2.000000000,-2.000000000) 
rho=(0.01666666667,0.01666666667) contrib=(0.06666666667,-2.254011350E-72)
COSET -2 c=1 d=45 gcd=1 a0=(2.000000000,-2.000000000) 
rho=(0.01666666667,0.01666666667) contrib=(0.06666666667,-4.885840392E-73)
COSET -2 c=1 d=46 gcd=1 a0=(2.000000000,-2.000000000) 
rho=(0.01666666667,0.01666666667) contrib=(0.06666666667,1.769025570E-73)
COSET -2 c=1 d=47 gcd=1 a0=(2.000000000,-2.000000000) 
rho=(0.01666666667,0.01666666667) contrib=(0.06666666667,-6.469713705E-73)
COSET -2 c=1 d=48 gcd=1 a0=(2.000000000,-2.000000000) 
rho=(0.01666666667,0.01666666667) contrib=(0.06666666667,3.573799912E-72)
COSET -2 c=1 d=49 gcd=1 a0=(2.000000000,-2.000000000) 
rho=(0.01666666667,0.01666666667) contrib=(0.06666666667,-1.106302188E-72)
COSET -2 c=1 d=50 gcd=1 a0=(2.000000000,-2.000000000) 
rho=(0.01666666667,0.01666666667) contrib=(0.06666666667,-4.011723395E-74)
COSET -2 c=1 d=51 gcd=1 a0=(2.000000000,-2.000000000) 
rho=(0.01666666667,0.01666666667) contrib=(0.06666666667,-1.662268133E-72)
COSET -2 c=1 d=52 gcd=1 a0=(2.000000000,-2.000000000) 
rho=(0.01666666667,0.01666666667) contrib=(0.06666666667,-4.578022156E-73)
COSET -2 c=1 d=53 gcd=1 a0=(2.000000000,-2.000000000) 
rho=(0.01666666667,0.01666666667) contrib=(0.06666666667,-4.457925437E-74)
COSET -2 c=1 d=54 gcd=1 a0=(2.000000000,-2.000000000) 
rho=(0.01666666667,0.01666666667) contrib=(0.06666666667,-3.326114526E-72)
COSET -2 c=1 d=55 gcd=1 a0=(2.000000000,-2.000000000) 
rho=(0.01666666667,0.01666666667) contrib=(0.06666666667,6.777370013E-73)
COSET -2 c=1 d=56 gcd=1 a0=(2.000000000,-2.000000000) 
rho=(0.01666666667,0.01666666667) contrib=(0.06666666667,-1.278211672E-72)
COSET -2 c=1 d=57 gcd=1 a0=(2.000000000,-2.000000000) 
rho=(0.01666666667,0.01666666667) contrib=(0.06666666667,-8.201868593E-73)
COSET -2 c=1 d=58 gcd=1 a0=(2.000000000,-2.000000000) 
rho=(0.01666666667,0.01666666667) contrib=(0.06666666667,1.218671839E-72)
COSET -2 c=1 d=59 gcd=1 a0=(2.000000000,-2.000000000) 
rho=(0.01666666667,0.01666666667) contrib=(0.06666666667,-1.273360758E-71)
COSET -2 c=3 d=1 gcd=3 a0=(-1.000000000,-1.000000000) 
rho=(0.05000000000,-0.05000000000) contrib=(-0.1000000000,9.327114750E-77)
COSET -2 c=3 d=2 gcd=3 a0=(-1.000000000,-1.000000000) 
rho=(0.05000000000,-0.05000000000) contrib=(-0.1000000000,-1.679750597E-76)
COSET -2 c=3 d=4 gcd=3 a0=(-1.000000000,-1.000000000) 
rho=(0.05000000000,-0.05000000000) contrib=(-0.1000000000,-3.454462151E-76)
COSET -2 c=3 d=5 gcd=3 a0=(-1.000000000,-1.000000000) 
rho=(0.05000000000,-0.05000000000) contrib=(-0.1000000000,-4.322418175E-76)
COSET -2 c=3 d=7 gcd=3 a0=(-1.000000000,-1.000000000) 
rho=(0.05000000000,-0.05000000000) contrib=(-0.1000000000,-8.415940986E-76)
COSET -2 c=3 d=8 gcd=3 a0=(-1.000000000,-1.000000000) 
rho=(0.05000000000,-0.05000000000) contrib=(-0.1000000000,3.346499502E-76)
COSET -2 c=3 d=10 gcd=3 a0=(-1.000000000,-1.000000000) 
rho=(0.05000000000,-0.05000000000) contrib=(-0.1000000000,-6.144628656E-76)
COSET -2 c=3 d=11 gcd=3 a0=(-1.000000000,-1.000000000) 
rho=(0.05000000000,-0.05000000000) contrib=(-0.1000000000,8.620355258E-79)
COSET -2 c=3 d=13 gcd=3 a0=(-1.000000000,-1.000000000) 
rho=(0.05000000000,-0.05000000000) contrib=(-0.1000000000,-5.717138313E-76)
COSET -2 c=3 d=14 gcd=3 a0=(-1.000000000,-1.000000000) 
rho=(0.05000000000,-0.05000000000) contrib=(-0.1000000000,1.848124258E-76)
COSET -2 c=3 d=16 gcd=3 a0=(-1.000000000,-1.000000000) 
rho=(0.05000000000,-0.05000000000) contrib=(-0.1000000000,-8.407304817E-76)
COSET -2 c=3 d=17 gcd=3 a0=(-1.000000000,-1.000000000) 
rho=(0.05000000000,-0.05000000000) contrib=(-0.1000000000,-9.996380916E-76)
COSET -2 c=3 d=19 gcd=3 a0=(-1.000000000,-1.000000000) 
rho=(0.05000000000,-0.05000000000) contrib=(-0.1000000000,2.045908858E-75)
COSET -2 c=3 d=20 gcd=3 a0=(-1.000000000,-1.000000000) 
rho=(0.05000000000,-0.05000000000) contrib=(-0.1000000000,-2.862459649E-75)
COSET -2 c=3 d=23 gcd=3 a0=(-1.000000000,-1.000000000) 
rho=(0.05000000000,-0.05000000000) contrib=(-0.1000000000,1.671528842E-75)
COSET -2 c=3 d=26 gcd=3 a0=(-1.000000000,-1.000000000) 
rho=(0.05000000000,-0.05000000000) contrib=(-0.1000000000,-7.016902764E-76)
COSET -2 c=3 d=29 gcd=3 a0=(-1.000000000,-1.000000000) 
rho=(0.05000000000,-0.05000000000) contrib=(-0.1000000000,5.439057375E-75)
COSET -2 c=3 d=32 gcd=3 a0=(-1.000000000,-1.000000000) 
rho=(0.05000000000,-0.05000000000) contrib=(-0.1000000000,-1.493195125E-75)
COSET -2 c=3 d=35 gcd=3 a0=(-1.000000000,-1.000000000) 
rho=(0.05000000000,-0.05000000000) contrib=(-0.1000000000,-3.153498529E-75)
COSET -2 c=3 d=38 gcd=3 a0=(-1.000000000,-1.000000000) 
rho=(0.05000000000,-0.05000000000) contrib=(-0.1000000000,5.125550224E-76)
COSET -2 c=4 d=1 gcd=4 a0=(12.00000000,3.900137696E-75) 
rho=(-7.920649814E-81,-1.435001788E-81) contrib=(-9.504779777E-80,-1.722002145E\
-80)
COSET -2 c=4 d=3 gcd=4 a0=(3.881556577E-75,12.00000000) 
rho=(8.543572917E-82,4.552911737E-81) contrib=(-5.463494084E-80,1.025228750E-80\
)
COSET -2 c=4 d=5 gcd=4 a0=(12.00000000,-7.065012308E-75) 
rho=(-7.920649814E-81,-1.435001788E-81) contrib=(-9.504779777E-80,-1.722002145E\
-80)
COSET -2 c=4 d=7 gcd=4 a0=(2.288102021E-74,12.00000000) 
rho=(8.543572917E-82,4.552911737E-81) contrib=(-5.463494084E-80,1.025228750E-80\
)
COSET -2 c=4 d=9 gcd=4 a0=(12.00000000,2.398591718E-74) 
rho=(-7.920649814E-81,-1.435001788E-81) contrib=(-9.504779777E-80,-1.722002145E\
-80)
COSET -2 c=4 d=11 gcd=4 a0=(-6.886427490E-74,12.00000000) 
rho=(8.543572917E-82,4.552911737E-81) contrib=(-5.463494084E-80,1.025228750E-80\
)
COSET -2 c=4 d=13 gcd=4 a0=(12.00000000,-2.485379846E-74) 
rho=(-7.920649814E-81,-1.435001788E-81) contrib=(-9.504779777E-80,-1.722002145E\
-80)
COSET -2 c=4 d=15 gcd=4 a0=(-1.496847842E-73,12.00000000) 
rho=(8.543572917E-82,4.552911737E-81) contrib=(-5.463494084E-80,1.025228750E-80\
)
COSET -2 c=4 d=17 gcd=4 a0=(12.00000000,-1.745492626E-74) 
rho=(-7.920649814E-81,-1.435001788E-81) contrib=(-9.504779777E-80,-1.722002145E\
-80)
COSET -2 c=4 d=19 gcd=4 a0=(2.367273438E-74,12.00000000) 
rho=(8.543572917E-82,4.552911737E-81) contrib=(-5.463494084E-80,1.025228750E-80\
)
COSET -2 c=4 d=21 gcd=4 a0=(12.00000000,2.430235366E-74) 
rho=(-7.920649814E-81,-1.435001788E-81) contrib=(-9.504779777E-80,-1.722002145E\
-80)
COSET -2 c=4 d=23 gcd=4 a0=(-7.403993665E-74,12.00000000) 
rho=(8.543572917E-82,4.552911737E-81) contrib=(-5.463494084E-80,1.025228750E-80\
)
COSET -2 c=4 d=25 gcd=4 a0=(12.00000000,1.382685456E-73) 
rho=(-7.920649814E-81,-1.435001788E-81) contrib=(-9.504779777E-80,-1.722002145E\
-80)
COSET -2 c=4 d=27 gcd=4 a0=(2.758845621E-73,12.00000000) 
rho=(8.543572917E-82,4.552911737E-81) contrib=(-5.463494084E-80,1.025228750E-80\
)
COSET -2 c=4 d=29 gcd=4 a0=(12.00000000,-1.311781446E-74) 
rho=(-7.920649814E-81,-1.435001788E-81) contrib=(-9.504779777E-80,-1.722002145E\
-80)
COSET -2 c=5 d=1 gcd=5 a0=(-3.000000000,3.000000000) 
rho=(0.08333333334,0.08333333334) contrib=(-0.5000000000,3.859192943E-76)
COSET -2 c=5 d=2 gcd=5 a0=(-3.000000000,3.000000000) 
rho=(0.08333333334,0.08333333334) contrib=(-0.5000000000,5.640339455E-76)
COSET -2 c=5 d=3 gcd=5 a0=(3.000000000,-3.000000000) 
rho=(-0.08333333334,-0.08333333334) contrib=(-0.5000000000,-7.225689237E-76)
COSET -2 c=5 d=4 gcd=5 a0=(3.000000000,-3.000000000) 
rho=(-0.08333333334,-0.08333333334) contrib=(-0.5000000000,5.681847602E-76)
COSET -2 c=5 d=6 gcd=5 a0=(-3.000000000,3.000000000) 
rho=(0.08333333334,0.08333333334) contrib=(-0.5000000000,-7.425400635E-76)
COSET -2 c=5 d=7 gcd=5 a0=(-3.000000000,3.000000000) 
rho=(0.08333333334,0.08333333334) contrib=(-0.5000000000,1.334849589E-76)
COSET -2 c=5 d=8 gcd=5 a0=(3.000000000,-3.000000000) 
rho=(-0.08333333334,-0.08333333334) contrib=(-0.5000000000,-2.462936808E-75)
COSET -2 c=5 d=9 gcd=5 a0=(3.000000000,-3.000000000) 
rho=(-0.08333333334,-0.08333333334) contrib=(-0.5000000000,7.304442970E-77)
COSET -2 c=5 d=11 gcd=5 a0=(-3.000000000,3.000000000) 
rho=(0.08333333334,0.08333333334) contrib=(-0.5000000000,2.112168013E-76)
COSET -2 c=5 d=12 gcd=5 a0=(-3.000000000,3.000000000) 
rho=(0.08333333334,0.08333333334) contrib=(-0.5000000000,2.346323231E-75)
COSET -2 c=5 d=17 gcd=5 a0=(-3.000000000,3.000000000) 
rho=(0.08333333334,0.08333333334) contrib=(-0.5000000000,-3.442068743E-75)
COSET -2 c=5 d=22 gcd=5 a0=(-3.000000000,3.000000000) 
rho=(0.08333333334,0.08333333334) contrib=(-0.5000000000,-1.326567287E-75)
COSET -2 c=12 d=1 gcd=12 a0=(10.00000000,-7.405013038E-75) 
rho=(-1.020781260E-80,-1.277747335E-80) contrib=(-1.020781260E-79,-1.277747335E\
-79)
COSET -2 c=12 d=5 gcd=12 a0=(-10.00000000,-1.527154437E-74) 
rho=(2.302811363E-81,2.270965140E-81) contrib=(-2.302811363E-80,-2.270965140E-8\
0)
COSET -2 c=12 d=7 gcd=12 a0=(3.112262585E-75,10.00000000) 
rho=(9.713098001E-82,2.674533655E-81) contrib=(-2.674533655E-80,9.713098001E-81\
)
COSET -2 c=12 d=13 gcd=12 a0=(10.00000000,-3.855595002E-75) 
rho=(-1.020781260E-80,-1.277747335E-80) contrib=(-1.020781260E-79,-1.277747335E\
-79)
COSET -2 c=12 d=19 gcd=12 a0=(-4.175433968E-74,10.00000000) 
rho=(9.713098001E-82,2.674533655E-81) contrib=(-2.674533655E-80,9.713098001E-81\
)
COSET -2 c=15 d=1 gcd=15 a0=(-4.000000000,-4.000000000) 
rho=(-0.2500000000,0.2500000000) contrib=(2.000000000,1.544561035E-74)
COSET -2 c=15 d=2 gcd=15 a0=(-4.000000000,-4.000000000) 
rho=(-0.2500000000,0.2500000000) contrib=(2.000000000,-9.918580549E-75)
COSET -2 c=15 d=4 gcd=15 a0=(-4.000000000,-4.000000000) 
rho=(-0.2500000000,0.2500000000) contrib=(2.000000000,2.905929285E-73)
COSET -2 c=15 d=7 gcd=15 a0=(-4.000000000,-4.000000000) 
rho=(-0.2500000000,0.2500000000) contrib=(2.000000000,-5.160217989E-73)
COSET -2 c=20 d=1 gcd=20 a0=(16.00000000,3.045587763E-73) 
rho=(-3.204388916E-81,1.629867728E-80) contrib=(-5.127022266E-80,2.607788364E-7\
9)
COSET -2 c=20 d=3 gcd=20 a0=(7.122379465E-73,16.00000000) 
rho=(-2.440344386E-81,-1.101922641E-81) contrib=(1.763076226E-80,-3.904551018E-\
80)
COSET -2 c=20 d=11 gcd=20 a0=(7.661386905E-73,-16.00000000) 
rho=(-4.678100337E-82,-1.319971034E-81) contrib=(-2.111953655E-80,7.484960540E-\
81)
FORM -1:
  c_eta(0)[1] (trivial) = 4.35834049162E-70 + 8.57092153850E-69 i   (half: 
2.17917024581E-70)
  c_eta(0)[2] = 8.00000000000 + 5.18186877127E-69 i   (half: 4.00000000000)
  c_eta(0)[3] = 8.00000000000 + 5.18186877139E-69 i   (half: 4.00000000000)
COSET -1 c=0 d=1 gcd=60 a0=(-22.00000000,3.379490499E-69) 
rho=(0.0000000000,0.0000000000) contrib=(-0.0000000000,0.0000000000)
COSET -1 c=1 d=0 gcd=1 a0=(2.000000000,-2.000000000) 
rho=(0.01666666667,0.01666666667) contrib=(0.06666666667,1.305799445E-69)
COSET -1 c=1 d=1 gcd=1 a0=(2.000000000,-2.000000000) 
rho=(0.01666666667,0.01666666667) contrib=(0.06666666667,-2.587271186E-70)
COSET -1 c=1 d=2 gcd=1 a0=(2.000000000,-2.000000000) 
rho=(0.01666666667,0.01666666667) contrib=(0.06666666667,1.747698897E-71)
COSET -1 c=1 d=3 gcd=1 a0=(2.000000000,-2.000000000) 
rho=(0.01666666667,0.01666666667) contrib=(0.06666666667,1.471783675E-71)
COSET -1 c=1 d=4 gcd=1 a0=(2.000000000,-2.000000000) 
rho=(0.01666666667,0.01666666667) contrib=(0.06666666667,-3.233867896E-71)
COSET -1 c=1 d=5 gcd=1 a0=(2.000000000,-2.000000000) 
rho=(0.01666666667,0.01666666667) contrib=(0.06666666667,1.702656327E-72)
COSET -1 c=1 d=6 gcd=1 a0=(2.000000000,-2.000000000) 
rho=(0.01666666667,0.01666666667) contrib=(0.06666666667,4.424901937E-71)
COSET -1 c=1 d=7 gcd=1 a0=(2.000000000,-2.000000000) 
rho=(0.01666666667,0.01666666667) contrib=(0.06666666667,6.752848188E-71)
COSET -1 c=1 d=8 gcd=1 a0=(2.000000000,-2.000000000) 
rho=(0.01666666667,0.01666666667) contrib=(0.06666666667,1.404337732E-72)
COSET -1 c=1 d=9 gcd=1 a0=(2.000000000,-2.000000000) 
rho=(0.01666666667,0.01666666667) contrib=(0.06666666667,1.645398023E-70)
COSET -1 c=1 d=10 gcd=1 a0=(2.000000000,-2.000000000) 
rho=(0.01666666667,0.01666666667) contrib=(0.06666666667,1.330890043E-70)
COSET -1 c=1 d=11 gcd=1 a0=(2.000000000,-2.000000000) 
rho=(0.01666666667,0.01666666667) contrib=(0.06666666667,1.115534675E-70)
COSET -1 c=1 d=12 gcd=1 a0=(2.000000000,-2.000000000) 
rho=(0.01666666667,0.01666666667) contrib=(0.06666666667,-9.111097948E-71)
COSET -1 c=1 d=13 gcd=1 a0=(2.000000000,-2.000000000) 
rho=(0.01666666667,0.01666666667) contrib=(0.06666666667,1.486852891E-70)
COSET -1 c=1 d=14 gcd=1 a0=(2.000000000,-2.000000000) 
rho=(0.01666666667,0.01666666667) contrib=(0.06666666667,-2.593838911E-71)
COSET -1 c=1 d=15 gcd=1 a0=(2.000000000,-2.000000000) 
rho=(0.01666666667,0.01666666667) contrib=(0.06666666667,1.866790510E-71)
COSET -1 c=1 d=16 gcd=1 a0=(2.000000000,-2.000000000) 
rho=(0.01666666667,0.01666666667) contrib=(0.06666666667,-6.338032055E-71)
COSET -1 c=1 d=17 gcd=1 a0=(2.000000000,-2.000000000) 
rho=(0.01666666667,0.01666666667) contrib=(0.06666666667,-1.076411312E-70)
COSET -1 c=1 d=18 gcd=1 a0=(2.000000000,-2.000000000) 
rho=(0.01666666667,0.01666666667) contrib=(0.06666666667,1.028149730E-70)
COSET -1 c=1 d=19 gcd=1 a0=(2.000000000,-2.000000000) 
rho=(0.01666666667,0.01666666667) contrib=(0.06666666667,-2.256255458E-71)
COSET -1 c=1 d=20 gcd=1 a0=(2.000000000,-2.000000000) 
rho=(0.01666666667,0.01666666667) contrib=(0.06666666667,3.966517140E-70)
COSET -1 c=1 d=21 gcd=1 a0=(2.000000000,-2.000000000) 
rho=(0.01666666667,0.01666666667) contrib=(0.06666666667,2.486621086E-70)
COSET -1 c=1 d=22 gcd=1 a0=(2.000000000,-2.000000000) 
rho=(0.01666666667,0.01666666667) contrib=(0.06666666667,-6.182977133E-71)
COSET -1 c=1 d=23 gcd=1 a0=(2.000000000,-2.000000000) 
rho=(0.01666666667,0.01666666667) contrib=(0.06666666667,-7.224498140E-72)
COSET -1 c=1 d=24 gcd=1 a0=(2.000000000,-2.000000000) 
rho=(0.01666666667,0.01666666667) contrib=(0.06666666667,1.534513119E-70)
COSET -1 c=1 d=25 gcd=1 a0=(2.000000000,-2.000000000) 
rho=(0.01666666667,0.01666666667) contrib=(0.06666666667,-1.271096621E-72)
COSET -1 c=1 d=26 gcd=1 a0=(2.000000000,-2.000000000) 
rho=(0.01666666667,0.01666666667) contrib=(0.06666666667,-1.034363718E-70)
COSET -1 c=1 d=27 gcd=1 a0=(2.000000000,-2.000000000) 
rho=(0.01666666667,0.01666666667) contrib=(0.06666666667,9.471674336E-71)
COSET -1 c=1 d=28 gcd=1 a0=(2.000000000,-2.000000000) 
rho=(0.01666666667,0.01666666667) contrib=(0.06666666667,-8.707247677E-71)
COSET -1 c=1 d=29 gcd=1 a0=(2.000000000,-2.000000000) 
rho=(0.01666666667,0.01666666667) contrib=(0.06666666667,-4.519703578E-70)
COSET -1 c=1 d=30 gcd=1 a0=(2.000000000,-2.000000000) 
rho=(0.01666666667,0.01666666667) contrib=(0.06666666667,3.596802534E-70)
COSET -1 c=1 d=31 gcd=1 a0=(2.000000000,-2.000000000) 
rho=(0.01666666667,0.01666666667) contrib=(0.06666666667,-5.597305806E-71)
COSET -1 c=1 d=32 gcd=1 a0=(2.000000000,-2.000000000) 
rho=(0.01666666667,0.01666666667) contrib=(0.06666666667,-1.284267446E-70)
COSET -1 c=1 d=33 gcd=1 a0=(2.000000000,-2.000000000) 
rho=(0.01666666667,0.01666666667) contrib=(0.06666666667,1.044209411E-70)
COSET -1 c=1 d=34 gcd=1 a0=(2.000000000,-2.000000000) 
rho=(0.01666666667,0.01666666667) contrib=(0.06666666667,9.477805786E-72)
COSET -1 c=1 d=35 gcd=1 a0=(2.000000000,-2.000000000) 
rho=(0.01666666667,0.01666666667) contrib=(0.06666666667,-2.697307119E-70)
COSET -1 c=1 d=36 gcd=1 a0=(2.000000000,-2.000000000) 
rho=(0.01666666667,0.01666666667) contrib=(0.06666666667,-2.846230592E-70)
COSET -1 c=1 d=37 gcd=1 a0=(2.000000000,-2.000000000) 
rho=(0.01666666667,0.01666666667) contrib=(0.06666666667,-3.418943337E-70)
COSET -1 c=1 d=38 gcd=1 a0=(2.000000000,-2.000000000) 
rho=(0.01666666667,0.01666666667) contrib=(0.06666666667,5.671932619E-70)
COSET -1 c=1 d=39 gcd=1 a0=(2.000000000,-2.000000000) 
rho=(0.01666666667,0.01666666667) contrib=(0.06666666667,-7.180988432E-71)
COSET -1 c=1 d=40 gcd=1 a0=(2.000000000,-2.000000000) 
rho=(0.01666666667,0.01666666667) contrib=(0.06666666667,-7.033833647E-71)
COSET -1 c=1 d=41 gcd=1 a0=(2.000000000,-2.000000000) 
rho=(0.01666666667,0.01666666667) contrib=(0.06666666667,-1.036021568E-69)
COSET -1 c=1 d=42 gcd=1 a0=(2.000000000,-2.000000000) 
rho=(0.01666666667,0.01666666667) contrib=(0.06666666667,6.850597641E-71)
COSET -1 c=1 d=43 gcd=1 a0=(2.000000000,-2.000000000) 
rho=(0.01666666667,0.01666666667) contrib=(0.06666666667,-2.957740431E-70)
COSET -1 c=1 d=44 gcd=1 a0=(2.000000000,-2.000000000) 
rho=(0.01666666667,0.01666666667) contrib=(0.06666666667,6.264525410E-70)
COSET -1 c=1 d=45 gcd=1 a0=(2.000000000,-2.000000000) 
rho=(0.01666666667,0.01666666667) contrib=(0.06666666667,1.031510236E-70)
COSET -1 c=1 d=46 gcd=1 a0=(2.000000000,-2.000000000) 
rho=(0.01666666667,0.01666666667) contrib=(0.06666666667,-8.199162766E-71)
COSET -1 c=1 d=47 gcd=1 a0=(2.000000000,-2.000000000) 
rho=(0.01666666667,0.01666666667) contrib=(0.06666666667,2.903500687E-70)
COSET -1 c=1 d=48 gcd=1 a0=(2.000000000,-2.000000000) 
rho=(0.01666666667,0.01666666667) contrib=(0.06666666667,-9.496683575E-70)
COSET -1 c=1 d=49 gcd=1 a0=(2.000000000,-2.000000000) 
rho=(0.01666666667,0.01666666667) contrib=(0.06666666667,4.296365534E-70)
COSET -1 c=1 d=50 gcd=1 a0=(2.000000000,-2.000000000) 
rho=(0.01666666667,0.01666666667) contrib=(0.06666666667,6.089826268E-71)
COSET -1 c=1 d=51 gcd=1 a0=(2.000000000,-2.000000000) 
rho=(0.01666666667,0.01666666667) contrib=(0.06666666667,4.133882126E-70)
COSET -1 c=1 d=52 gcd=1 a0=(2.000000000,-2.000000000) 
rho=(0.01666666667,0.01666666667) contrib=(0.06666666667,-2.507291145E-71)
COSET -1 c=1 d=53 gcd=1 a0=(2.000000000,-2.000000000) 
rho=(0.01666666667,0.01666666667) contrib=(0.06666666667,3.597863747E-71)
COSET -1 c=1 d=54 gcd=1 a0=(2.000000000,-2.000000000) 
rho=(0.01666666667,0.01666666667) contrib=(0.06666666667,1.108880874E-69)
COSET -1 c=1 d=55 gcd=1 a0=(2.000000000,-2.000000000) 
rho=(0.01666666667,0.01666666667) contrib=(0.06666666667,-1.664771044E-70)
COSET -1 c=1 d=56 gcd=1 a0=(2.000000000,-2.000000000) 
rho=(0.01666666667,0.01666666667) contrib=(0.06666666667,3.026294752E-70)
COSET -1 c=1 d=57 gcd=1 a0=(2.000000000,-2.000000000) 
rho=(0.01666666667,0.01666666667) contrib=(0.06666666667,2.066888002E-70)
COSET -1 c=1 d=58 gcd=1 a0=(2.000000000,-2.000000000) 
rho=(0.01666666667,0.01666666667) contrib=(0.06666666667,-5.470691376E-70)
COSET -1 c=1 d=59 gcd=1 a0=(2.000000000,-2.000000000) 
rho=(0.01666666667,0.01666666667) contrib=(0.06666666667,3.101152674E-69)
COSET -1 c=3 d=1 gcd=3 a0=(2.000000000,2.000000000) 
rho=(0.05000000000,-0.05000000000) contrib=(0.2000000000,1.185573114E-74)
COSET -1 c=3 d=2 gcd=3 a0=(2.000000000,2.000000000) 
rho=(0.05000000000,-0.05000000000) contrib=(0.2000000000,-1.962134333E-75)
COSET -1 c=3 d=4 gcd=3 a0=(2.000000000,2.000000000) 
rho=(0.05000000000,-0.05000000000) contrib=(0.2000000000,1.431531194E-74)
COSET -1 c=3 d=5 gcd=3 a0=(2.000000000,2.000000000) 
rho=(0.05000000000,-0.05000000000) contrib=(0.2000000000,2.169405857E-74)
COSET -1 c=3 d=7 gcd=3 a0=(2.000000000,2.000000000) 
rho=(0.05000000000,-0.05000000000) contrib=(0.2000000000,-1.707888799E-74)
COSET -1 c=3 d=8 gcd=3 a0=(2.000000000,2.000000000) 
rho=(0.05000000000,-0.05000000000) contrib=(0.2000000000,2.810555011E-74)
COSET -1 c=3 d=10 gcd=3 a0=(2.000000000,2.000000000) 
rho=(0.05000000000,-0.05000000000) contrib=(0.2000000000,1.680252849E-74)
COSET -1 c=3 d=11 gcd=3 a0=(2.000000000,2.000000000) 
rho=(0.05000000000,-0.05000000000) contrib=(0.2000000000,-9.810684316E-75)
COSET -1 c=3 d=13 gcd=3 a0=(2.000000000,2.000000000) 
rho=(0.05000000000,-0.05000000000) contrib=(0.2000000000,6.336874933E-74)
COSET -1 c=3 d=14 gcd=3 a0=(2.000000000,2.000000000) 
rho=(0.05000000000,-0.05000000000) contrib=(0.2000000000,-2.606049907E-74)
COSET -1 c=3 d=16 gcd=3 a0=(2.000000000,2.000000000) 
rho=(0.05000000000,-0.05000000000) contrib=(0.2000000000,1.706783253E-73)
COSET -1 c=3 d=17 gcd=3 a0=(2.000000000,2.000000000) 
rho=(0.05000000000,-0.05000000000) contrib=(0.2000000000,1.632166799E-73)
COSET -1 c=3 d=19 gcd=3 a0=(2.000000000,2.000000000) 
rho=(0.05000000000,-0.05000000000) contrib=(0.2000000000,-2.382200840E-74)
COSET -1 c=3 d=20 gcd=3 a0=(2.000000000,2.000000000) 
rho=(0.05000000000,-0.05000000000) contrib=(0.2000000000,2.724883934E-73)
COSET -1 c=3 d=23 gcd=3 a0=(2.000000000,2.000000000) 
rho=(0.05000000000,-0.05000000000) contrib=(0.2000000000,-1.102665969E-73)
COSET -1 c=3 d=26 gcd=3 a0=(2.000000000,2.000000000) 
rho=(0.05000000000,-0.05000000000) contrib=(0.2000000000,1.309105006E-73)
COSET -1 c=3 d=29 gcd=3 a0=(2.000000000,2.000000000) 
rho=(0.05000000000,-0.05000000000) contrib=(0.2000000000,2.592232385E-73)
COSET -1 c=3 d=32 gcd=3 a0=(2.000000000,2.000000000) 
rho=(0.05000000000,-0.05000000000) contrib=(0.2000000000,1.417160747E-73)
COSET -1 c=3 d=35 gcd=3 a0=(2.000000000,2.000000000) 
rho=(0.05000000000,-0.05000000000) contrib=(0.2000000000,3.045182153E-73)
COSET -1 c=3 d=38 gcd=3 a0=(2.000000000,2.000000000) 
rho=(0.05000000000,-0.05000000000) contrib=(0.2000000000,-2.188197812E-73)
COSET -1 c=4 d=1 gcd=4 a0=(8.000000000,5.903821279E-74) 
rho=(-7.920649814E-81,-1.435001788E-81) contrib=(-6.336519851E-80,-1.148001430E\
-80)
COSET -1 c=4 d=3 gcd=4 a0=(7.359425144E-74,8.000000000) 
rho=(8.543572917E-82,4.552911737E-81) contrib=(-3.642329389E-80,6.834858333E-81\
)
COSET -1 c=4 d=5 gcd=4 a0=(8.000000000,-7.306545153E-74) 
rho=(-7.920649814E-81,-1.435001788E-81) contrib=(-6.336519851E-80,-1.148001430E\
-80)
COSET -1 c=4 d=7 gcd=4 a0=(2.107541137E-73,8.000000000) 
rho=(8.543572917E-82,4.552911737E-81) contrib=(-3.642329389E-80,6.834858333E-81\
)
COSET -1 c=4 d=9 gcd=4 a0=(8.000000000,3.190151486E-73) 
rho=(-7.920649814E-81,-1.435001788E-81) contrib=(-6.336519851E-80,-1.148001430E\
-80)
COSET -1 c=4 d=11 gcd=4 a0=(-1.034853887E-72,8.000000000) 
rho=(8.543572917E-82,4.552911737E-81) contrib=(-3.642329389E-80,6.834858333E-81\
)
COSET -1 c=4 d=13 gcd=4 a0=(8.000000000,-3.989023435E-73) 
rho=(-7.920649814E-81,-1.435001788E-81) contrib=(-6.336519851E-80,-1.148001430E\
-80)
COSET -1 c=4 d=15 gcd=4 a0=(-1.935453489E-72,8.000000000) 
rho=(8.543572917E-82,4.552911737E-81) contrib=(-3.642329389E-80,6.834858333E-81\
)
COSET -1 c=4 d=17 gcd=4 a0=(8.000000000,-4.119750016E-73) 
rho=(-7.920649814E-81,-1.435001788E-81) contrib=(-6.336519851E-80,-1.148001430E\
-80)
COSET -1 c=4 d=19 gcd=4 a0=(4.731432970E-73,8.000000000) 
rho=(8.543572917E-82,4.552911737E-81) contrib=(-3.642329389E-80,6.834858333E-81\
)
COSET -1 c=4 d=21 gcd=4 a0=(8.000000000,3.674967987E-73) 
rho=(-7.920649814E-81,-1.435001788E-81) contrib=(-6.336519851E-80,-1.148001430E\
-80)
COSET -1 c=4 d=23 gcd=4 a0=(-1.386531247E-72,8.000000000) 
rho=(8.543572917E-82,4.552911737E-81) contrib=(-3.642329389E-80,6.834858333E-81\
)
COSET -1 c=4 d=25 gcd=4 a0=(8.000000000,1.796261618E-72) 
rho=(-7.920649814E-81,-1.435001788E-81) contrib=(-6.336519851E-80,-1.148001430E\
-80)
COSET -1 c=4 d=27 gcd=4 a0=(4.109182356E-72,8.000000000) 
rho=(8.543572917E-82,4.552911737E-81) contrib=(-3.642329389E-80,6.834858333E-81\
)
COSET -1 c=4 d=29 gcd=4 a0=(8.000000000,-2.167166728E-73) 
rho=(-7.920649814E-81,-1.435001788E-81) contrib=(-6.336519851E-80,-1.148001430E\
-80)
COSET -1 c=5 d=1 gcd=5 a0=(-1.000000000,1.000000000) 
rho=(0.08333333334,0.08333333334) contrib=(-0.1666666667,-2.395100575E-75)
COSET -1 c=5 d=2 gcd=5 a0=(-1.000000000,1.000000000) 
rho=(0.08333333334,0.08333333334) contrib=(-0.1666666667,-2.993877037E-75)
COSET -1 c=5 d=3 gcd=5 a0=(1.000000000,-1.000000000) 
rho=(-0.08333333334,-0.08333333334) contrib=(-0.1666666667,3.270225997E-75)
COSET -1 c=5 d=4 gcd=5 a0=(1.000000000,-1.000000000) 
rho=(-0.08333333334,-0.08333333334) contrib=(-0.1666666667,-3.039932386E-75)
COSET -1 c=5 d=6 gcd=5 a0=(-1.000000000,1.000000000) 
rho=(0.08333333334,0.08333333334) contrib=(-0.1666666667,4.559893834E-75)
COSET -1 c=5 d=7 gcd=5 a0=(-1.000000000,1.000000000) 
rho=(0.08333333334,0.08333333334) contrib=(-0.1666666667,-1.473911371E-75)
COSET -1 c=5 d=8 gcd=5 a0=(1.000000000,-1.000000000) 
rho=(-0.08333333334,-0.08333333334) contrib=(-0.1666666667,1.211366260E-74)
COSET -1 c=5 d=9 gcd=5 a0=(1.000000000,-1.000000000) 
rho=(-0.08333333334,-0.08333333334) contrib=(-0.1666666667,1.658143308E-75)
COSET -1 c=5 d=11 gcd=5 a0=(-1.000000000,1.000000000) 
rho=(0.08333333334,0.08333333334) contrib=(-0.1666666667,-1.842414252E-76)
COSET -1 c=5 d=12 gcd=5 a0=(-1.000000000,1.000000000) 
rho=(0.08333333334,0.08333333334) contrib=(-0.1666666667,-1.298880278E-74)
COSET -1 c=5 d=17 gcd=5 a0=(-1.000000000,1.000000000) 
rho=(0.08333333334,0.08333333334) contrib=(-0.1666666667,1.906865490E-74)
COSET -1 c=5 d=22 gcd=5 a0=(-1.000000000,1.000000000) 
rho=(0.08333333334,0.08333333334) contrib=(-0.1666666667,1.612079526E-75)
COSET -1 c=12 d=1 gcd=12 a0=(10.00000000,-1.862765531E-72) 
rho=(-1.020781260E-80,-1.277747335E-80) contrib=(-1.020781260E-79,-1.277747335E\
-79)
COSET -1 c=12 d=5 gcd=12 a0=(-10.00000000,-4.039682970E-72) 
rho=(2.302811363E-81,2.270965140E-81) contrib=(-2.302811363E-80,-2.270965140E-8\
0)
COSET -1 c=12 d=7 gcd=12 a0=(7.642909847E-73,10.00000000) 
rho=(9.713098001E-82,2.674533655E-81) contrib=(-2.674533655E-80,9.713098001E-81\
)
COSET -1 c=12 d=13 gcd=12 a0=(10.00000000,-1.345628583E-72) 
rho=(-1.020781260E-80,-1.277747335E-80) contrib=(-1.020781260E-79,-1.277747335E\
-79)
COSET -1 c=12 d=19 gcd=12 a0=(-1.267222404E-71,10.00000000) 
rho=(9.713098001E-82,2.674533655E-81) contrib=(-2.674533655E-80,9.713098001E-81\
)
COSET -1 c=15 d=1 gcd=15 a0=(-1.000000000,-1.000000000) 
rho=(-0.2500000000,0.2500000000) contrib=(0.5000000000,-5.571365501E-73)
COSET -1 c=15 d=2 gcd=15 a0=(-1.000000000,-1.000000000) 
rho=(-0.2500000000,0.2500000000) contrib=(0.5000000000,2.918334226E-73)
COSET -1 c=15 d=4 gcd=15 a0=(-1.000000000,-1.000000000) 
rho=(-0.2500000000,0.2500000000) contrib=(0.5000000000,-7.932562658E-72)
COSET -1 c=15 d=7 gcd=15 a0=(-1.000000000,-1.000000000) 
rho=(-0.2500000000,0.2500000000) contrib=(0.5000000000,1.403453390E-71)
COSET -1 c=20 d=1 gcd=20 a0=(12.00000000,1.131846749E-71) 
rho=(-3.204388916E-81,1.629867728E-80) contrib=(-3.845266700E-80,1.955841273E-7\
9)
COSET -1 c=20 d=3 gcd=20 a0=(2.693923921E-71,12.00000000) 
rho=(-2.440344386E-81,-1.101922641E-81) contrib=(1.322307169E-80,-2.928413263E-\
80)
COSET -1 c=20 d=11 gcd=20 a0=(3.685030882E-71,-12.00000000) 
rho=(-4.678100337E-82,-1.319971034E-81) contrib=(-1.583965241E-80,5.613720405E-\
81)
FORM 9:
  c_eta(0)[1] (trivial) = -4.94554159547E-72 + -1.03481533774E-70 i   (half: 
-2.47277079774E-72)
  c_eta(0)[2] = 1.70017682062E-71 + -7.38352453708E-71 i   (half: 
8.50088410309E-72)
  c_eta(0)[3] = 1.70017684458E-71 + -7.38352448495E-71 i   (half: 
8.50088422288E-72)
COSET 9 c=0 d=1 gcd=60 a0=(-72.00000000,-3.014505900E-71) 
rho=(0.0000000000,0.0000000000) contrib=(0.0000000000,-0.0000000000)
COSET 9 c=1 d=0 gcd=1 a0=(4.000000000,-4.000000000) 
rho=(0.01666666667,0.01666666667) contrib=(0.1333333333,-2.135654891E-71)
COSET 9 c=1 d=1 gcd=1 a0=(4.000000000,-4.000000000) 
rho=(0.01666666667,0.01666666667) contrib=(0.1333333333,5.093746362E-72)
COSET 9 c=1 d=2 gcd=1 a0=(4.000000000,-4.000000000) 
rho=(0.01666666667,0.01666666667) contrib=(0.1333333333,5.868542815E-73)
COSET 9 c=1 d=3 gcd=1 a0=(4.000000000,-4.000000000) 
rho=(0.01666666667,0.01666666667) contrib=(0.1333333333,3.402934685E-73)
COSET 9 c=1 d=4 gcd=1 a0=(4.000000000,-4.000000000) 
rho=(0.01666666667,0.01666666667) contrib=(0.1333333333,-4.046258713E-73)
COSET 9 c=1 d=5 gcd=1 a0=(4.000000000,-4.000000000) 
rho=(0.01666666667,0.01666666667) contrib=(0.1333333333,-3.424107691E-73)
COSET 9 c=1 d=6 gcd=1 a0=(4.000000000,-4.000000000) 
rho=(0.01666666667,0.01666666667) contrib=(0.1333333333,3.138140401E-73)
COSET 9 c=1 d=7 gcd=1 a0=(4.000000000,-4.000000000) 
rho=(0.01666666667,0.01666666667) contrib=(0.1333333333,-2.078598388E-73)
COSET 9 c=1 d=8 gcd=1 a0=(4.000000000,-4.000000000) 
rho=(0.01666666667,0.01666666667) contrib=(0.1333333333,1.874061531E-73)
COSET 9 c=1 d=9 gcd=1 a0=(4.000000000,-4.000000000) 
rho=(0.01666666667,0.01666666667) contrib=(0.1333333333,-1.115378873E-72)
COSET 9 c=1 d=10 gcd=1 a0=(4.000000000,-4.000000000) 
rho=(0.01666666667,0.01666666667) contrib=(0.1333333333,-1.140033911E-72)
COSET 9 c=1 d=11 gcd=1 a0=(4.000000000,-4.000000000) 
rho=(0.01666666667,0.01666666667) contrib=(0.1333333333,-8.967296530E-73)
COSET 9 c=1 d=12 gcd=1 a0=(4.000000000,-4.000000000) 
rho=(0.01666666667,0.01666666667) contrib=(0.1333333333,2.467418127E-74)
COSET 9 c=1 d=13 gcd=1 a0=(4.000000000,-4.000000000) 
rho=(0.01666666667,0.01666666667) contrib=(0.1333333333,-8.620145584E-73)
COSET 9 c=1 d=14 gcd=1 a0=(4.000000000,-4.000000000) 
rho=(0.01666666667,0.01666666667) contrib=(0.1333333333,2.718824191E-74)
COSET 9 c=1 d=15 gcd=1 a0=(4.000000000,-4.000000000) 
rho=(0.01666666667,0.01666666667) contrib=(0.1333333333,-3.014168201E-73)
COSET 9 c=1 d=16 gcd=1 a0=(4.000000000,-4.000000000) 
rho=(0.01666666667,0.01666666667) contrib=(0.1333333333,1.675788775E-73)
COSET 9 c=1 d=17 gcd=1 a0=(4.000000000,-4.000000000) 
rho=(0.01666666667,0.01666666667) contrib=(0.1333333333,-9.003374124E-73)
COSET 9 c=1 d=18 gcd=1 a0=(4.000000000,-4.000000000) 
rho=(0.01666666667,0.01666666667) contrib=(0.1333333333,-1.034813784E-72)
COSET 9 c=1 d=19 gcd=1 a0=(4.000000000,-4.000000000) 
rho=(0.01666666667,0.01666666667) contrib=(0.1333333333,1.591987281E-72)
COSET 9 c=1 d=20 gcd=1 a0=(4.000000000,-4.000000000) 
rho=(0.01666666667,0.01666666667) contrib=(0.1333333333,-5.790438530E-72)
COSET 9 c=1 d=21 gcd=1 a0=(4.000000000,-4.000000000) 
rho=(0.01666666667,0.01666666667) contrib=(0.1333333333,-2.843884404E-72)
COSET 9 c=1 d=22 gcd=1 a0=(4.000000000,-4.000000000) 
rho=(0.01666666667,0.01666666667) contrib=(0.1333333333,9.648840642E-73)
COSET 9 c=1 d=23 gcd=1 a0=(4.000000000,-4.000000000) 
rho=(0.01666666667,0.01666666667) contrib=(0.1333333333,1.252856169E-73)
COSET 9 c=1 d=24 gcd=1 a0=(4.000000000,-4.000000000) 
rho=(0.01666666667,0.01666666667) contrib=(0.1333333333,-1.897504698E-72)
COSET 9 c=1 d=25 gcd=1 a0=(4.000000000,-4.000000000) 
rho=(0.01666666667,0.01666666667) contrib=(0.1333333333,6.462662993E-73)
COSET 9 c=1 d=26 gcd=1 a0=(4.000000000,-4.000000000) 
rho=(0.01666666667,0.01666666667) contrib=(0.1333333333,1.144637492E-72)
COSET 9 c=1 d=27 gcd=1 a0=(4.000000000,-4.000000000) 
rho=(0.01666666667,0.01666666667) contrib=(0.1333333333,-4.904126040E-73)
COSET 9 c=1 d=28 gcd=1 a0=(4.000000000,-4.000000000) 
rho=(0.01666666667,0.01666666667) contrib=(0.1333333333,1.816772787E-72)
COSET 9 c=1 d=29 gcd=1 a0=(4.000000000,-4.000000000) 
rho=(0.01666666667,0.01666666667) contrib=(0.1333333333,7.241216539E-72)
COSET 9 c=1 d=30 gcd=1 a0=(4.000000000,-4.000000000) 
rho=(0.01666666667,0.01666666667) contrib=(0.1333333333,-4.828044129E-72)
COSET 9 c=1 d=31 gcd=1 a0=(4.000000000,-4.000000000) 
rho=(0.01666666667,0.01666666667) contrib=(0.1333333333,1.475653989E-72)
COSET 9 c=1 d=32 gcd=1 a0=(4.000000000,-4.000000000) 
rho=(0.01666666667,0.01666666667) contrib=(0.1333333333,2.324687162E-72)
COSET 9 c=1 d=33 gcd=1 a0=(4.000000000,-4.000000000) 
rho=(0.01666666667,0.01666666667) contrib=(0.1333333333,-5.066230522E-73)
COSET 9 c=1 d=34 gcd=1 a0=(4.000000000,-4.000000000) 
rho=(0.01666666667,0.01666666667) contrib=(0.1333333333,1.485853591E-72)
COSET 9 c=1 d=35 gcd=1 a0=(4.000000000,-4.000000000) 
rho=(0.01666666667,0.01666666667) contrib=(0.1333333333,3.728333425E-72)
COSET 9 c=1 d=36 gcd=1 a0=(4.000000000,-4.000000000) 
rho=(0.01666666667,0.01666666667) contrib=(0.1333333333,3.559770025E-72)
COSET 9 c=1 d=37 gcd=1 a0=(4.000000000,-4.000000000) 
rho=(0.01666666667,0.01666666667) contrib=(0.1333333333,6.457474383E-72)
COSET 9 c=1 d=38 gcd=1 a0=(4.000000000,-4.000000000) 
rho=(0.01666666667,0.01666666667) contrib=(0.1333333333,-1.000760292E-71)
COSET 9 c=1 d=39 gcd=1 a0=(4.000000000,-4.000000000) 
rho=(0.01666666667,0.01666666667) contrib=(0.1333333333,-3.427755753E-73)
COSET 9 c=1 d=40 gcd=1 a0=(4.000000000,-4.000000000) 
rho=(0.01666666667,0.01666666667) contrib=(0.1333333333,1.814151134E-72)
COSET 9 c=1 d=41 gcd=1 a0=(4.000000000,-4.000000000) 
rho=(0.01666666667,0.01666666667) contrib=(0.1333333333,1.688292140E-71)
COSET 9 c=1 d=42 gcd=1 a0=(4.000000000,-4.000000000) 
rho=(0.01666666667,0.01666666667) contrib=(0.1333333333,-4.106608115E-72)
COSET 9 c=1 d=43 gcd=1 a0=(4.000000000,-4.000000000) 
rho=(0.01666666667,0.01666666667) contrib=(0.1333333333,5.263950131E-72)
COSET 9 c=1 d=44 gcd=1 a0=(4.000000000,-4.000000000) 
rho=(0.01666666667,0.01666666667) contrib=(0.1333333333,-9.015979188E-72)
COSET 9 c=1 d=45 gcd=1 a0=(4.000000000,-4.000000000) 
rho=(0.01666666667,0.01666666667) contrib=(0.1333333333,-1.954357459E-72)
COSET 9 c=1 d=46 gcd=1 a0=(4.000000000,-4.000000000) 
rho=(0.01666666667,0.01666666667) contrib=(0.1333333333,7.075634488E-73)
COSET 9 c=1 d=47 gcd=1 a0=(4.000000000,-4.000000000) 
rho=(0.01666666667,0.01666666667) contrib=(0.1333333333,-2.587842733E-72)
COSET 9 c=1 d=48 gcd=1 a0=(4.000000000,-4.000000000) 
rho=(0.01666666667,0.01666666667) contrib=(0.1333333333,1.429494380E-71)
COSET 9 c=1 d=49 gcd=1 a0=(4.000000000,-4.000000000) 
rho=(0.01666666667,0.01666666667) contrib=(0.1333333333,-4.425154560E-72)
COSET 9 c=1 d=50 gcd=1 a0=(4.000000000,-4.000000000) 
rho=(0.01666666667,0.01666666667) contrib=(0.1333333333,-1.605042721E-73)
COSET 9 c=1 d=51 gcd=1 a0=(4.000000000,-4.000000000) 
rho=(0.01666666667,0.01666666667) contrib=(0.1333333333,-6.649101607E-72)
COSET 9 c=1 d=52 gcd=1 a0=(4.000000000,-4.000000000) 
rho=(0.01666666667,0.01666666667) contrib=(0.1333333333,-1.831188208E-72)
COSET 9 c=1 d=53 gcd=1 a0=(4.000000000,-4.000000000) 
rho=(0.01666666667,0.01666666667) contrib=(0.1333333333,-1.783073018E-73)
COSET 9 c=1 d=54 gcd=1 a0=(4.000000000,-4.000000000) 
rho=(0.01666666667,0.01666666667) contrib=(0.1333333333,-1.330433417E-71)
COSET 9 c=1 d=55 gcd=1 a0=(4.000000000,-4.000000000) 
rho=(0.01666666667,0.01666666667) contrib=(0.1333333333,2.710855310E-72)
COSET 9 c=1 d=56 gcd=1 a0=(4.000000000,-4.000000000) 
rho=(0.01666666667,0.01666666667) contrib=(0.1333333333,-5.112760471E-72)
COSET 9 c=1 d=57 gcd=1 a0=(4.000000000,-4.000000000) 
rho=(0.01666666667,0.01666666667) contrib=(0.1333333333,-3.280905191E-72)
COSET 9 c=1 d=58 gcd=1 a0=(4.000000000,-4.000000000) 
rho=(0.01666666667,0.01666666667) contrib=(0.1333333333,4.874806031E-72)
COSET 9 c=1 d=59 gcd=1 a0=(4.000000000,-4.000000000) 
rho=(0.01666666667,0.01666666667) contrib=(0.1333333333,-5.093284651E-71)
COSET 9 c=3 d=1 gcd=3 a0=(-4.000000000,-4.000000000) 
rho=(0.05000000000,-0.05000000000) contrib=(-0.4000000000,2.279969583E-76)
COSET 9 c=3 d=2 gcd=3 a0=(-4.000000000,-4.000000000) 
rho=(0.05000000000,-0.05000000000) contrib=(-0.4000000000,-1.191854514E-76)
COSET 9 c=3 d=4 gcd=3 a0=(-4.000000000,-4.000000000) 
rho=(0.05000000000,-0.05000000000) contrib=(-0.4000000000,-2.556284808E-76)
COSET 9 c=3 d=5 gcd=3 a0=(-4.000000000,-4.000000000) 
rho=(0.05000000000,-0.05000000000) contrib=(-0.4000000000,-1.468211908E-76)
COSET 9 c=3 d=7 gcd=3 a0=(-4.000000000,-4.000000000) 
rho=(0.05000000000,-0.05000000000) contrib=(-0.4000000000,-1.044974287E-75)
COSET 9 c=3 d=8 gcd=3 a0=(-4.000000000,-4.000000000) 
rho=(0.05000000000,-0.05000000000) contrib=(-0.4000000000,6.338884466E-76)
COSET 9 c=3 d=10 gcd=3 a0=(-4.000000000,-4.000000000) 
rho=(0.05000000000,-0.05000000000) contrib=(-0.4000000000,-4.818960969E-76)
COSET 9 c=3 d=11 gcd=3 a0=(-4.000000000,-4.000000000) 
rho=(0.05000000000,-0.05000000000) contrib=(-0.4000000000,-7.945907603E-77)
COSET 9 c=3 d=13 gcd=3 a0=(-4.000000000,-4.000000000) 
rho=(0.05000000000,-0.05000000000) contrib=(-0.4000000000,1.381808053E-76)
COSET 9 c=3 d=14 gcd=3 a0=(-4.000000000,-4.000000000) 
rho=(0.05000000000,-0.05000000000) contrib=(-0.4000000000,-8.291354344E-77)
COSET 9 c=3 d=16 gcd=3 a0=(-4.000000000,-4.000000000) 
rho=(0.05000000000,-0.05000000000) contrib=(-0.4000000000,9.827980900E-76)
COSET 9 c=3 d=17 gcd=3 a0=(-4.000000000,-4.000000000) 
rho=(0.05000000000,-0.05000000000) contrib=(-0.4000000000,7.064322625E-76)
COSET 9 c=3 d=19 gcd=3 a0=(-4.000000000,-4.000000000) 
rho=(0.05000000000,-0.05000000000) contrib=(-0.4000000000,1.779052831E-75)
COSET 9 c=3 d=20 gcd=3 a0=(-4.000000000,-4.000000000) 
rho=(0.05000000000,-0.05000000000) contrib=(-0.4000000000,-3.627823325E-77)
COSET 9 c=3 d=23 gcd=3 a0=(-4.000000000,-4.000000000) 
rho=(0.05000000000,-0.05000000000) contrib=(-0.4000000000,4.058935968E-76)
COSET 9 c=3 d=26 gcd=3 a0=(-4.000000000,-4.000000000) 
rho=(0.05000000000,-0.05000000000) contrib=(-0.4000000000,9.378815798E-76)
COSET 9 c=3 d=29 gcd=3 a0=(-4.000000000,-4.000000000) 
rho=(0.05000000000,-0.05000000000) contrib=(-0.4000000000,8.532528207E-75)
COSET 9 c=3 d=32 gcd=3 a0=(-4.000000000,-4.000000000) 
rho=(0.05000000000,-0.05000000000) contrib=(-0.4000000000,1.692625784E-76)
COSET 9 c=3 d=35 gcd=3 a0=(-4.000000000,-4.000000000) 
rho=(0.05000000000,-0.05000000000) contrib=(-0.4000000000,2.573514976E-76)
COSET 9 c=3 d=38 gcd=3 a0=(-4.000000000,-4.000000000) 
rho=(0.05000000000,-0.05000000000) contrib=(-0.4000000000,-1.860237032E-75)
COSET 9 c=4 d=1 gcd=4 a0=(46.00000000,1.577583632E-74) 
rho=(-7.920649814E-81,-1.435001788E-81) contrib=(-3.643498915E-79,-6.601008223E\
-80)
COSET 9 c=4 d=3 gcd=4 a0=(1.868066347E-74,46.00000000) 
rho=(8.543572917E-82,4.552911737E-81) contrib=(-2.094339399E-79,3.930043541E-80\
)
COSET 9 c=4 d=5 gcd=4 a0=(46.00000000,-2.202392493E-74) 
rho=(-7.920649814E-81,-1.435001788E-81) contrib=(-3.643498915E-79,-6.601008223E\
-80)
COSET 9 c=4 d=7 gcd=4 a0=(6.446873448E-74,46.00000000) 
rho=(8.543572917E-82,4.552911737E-81) contrib=(-2.094339399E-79,3.930043541E-80\
)
COSET 9 c=4 d=9 gcd=4 a0=(46.00000000,8.449282342E-74) 
rho=(-7.920649814E-81,-1.435001788E-81) contrib=(-3.643498915E-79,-6.601008223E\
-80)
COSET 9 c=4 d=11 gcd=4 a0=(-2.698757647E-73,46.00000000) 
rho=(8.543572917E-82,4.552911737E-81) contrib=(-2.094339399E-79,3.930043541E-80\
)
COSET 9 c=4 d=13 gcd=4 a0=(46.00000000,-9.927606176E-74) 
rho=(-7.920649814E-81,-1.435001788E-81) contrib=(-3.643498915E-79,-6.601008223E\
-80)
COSET 9 c=4 d=15 gcd=4 a0=(-5.175805061E-73,46.00000000) 
rho=(8.543572917E-82,4.552911737E-81) contrib=(-2.094339399E-79,3.930043541E-80\
)
COSET 9 c=4 d=17 gcd=4 a0=(46.00000000,-9.354078172E-74) 
rho=(-7.920649814E-81,-1.435001788E-81) contrib=(-3.643498915E-79,-6.601008223E\
-80)
COSET 9 c=4 d=19 gcd=4 a0=(1.124995969E-73,46.00000000) 
rho=(8.543572917E-82,4.552911737E-81) contrib=(-2.094339399E-79,3.930043541E-80\
)
COSET 9 c=4 d=21 gcd=4 a0=(46.00000000,9.160080122E-74) 
rho=(-7.920649814E-81,-1.435001788E-81) contrib=(-3.643498915E-79,-6.601008223E\
-80)
COSET 9 c=4 d=23 gcd=4 a0=(-3.318351389E-73,46.00000000) 
rho=(8.543572917E-82,4.552911737E-81) contrib=(-2.094339399E-79,3.930043541E-80\
)
COSET 9 c=4 d=25 gcd=4 a0=(46.00000000,4.836617451E-73) 
rho=(-7.920649814E-81,-1.435001788E-81) contrib=(-3.643498915E-79,-6.601008223E\
-80)
COSET 9 c=4 d=27 gcd=4 a0=(1.053923096E-72,46.00000000) 
rho=(8.543572917E-82,4.552911737E-81) contrib=(-2.094339399E-79,3.930043541E-80\
)
COSET 9 c=4 d=29 gcd=4 a0=(46.00000000,-5.241191999E-74) 
rho=(-7.920649814E-81,-1.435001788E-81) contrib=(-3.643498915E-79,-6.601008223E\
-80)
COSET 9 c=5 d=1 gcd=5 a0=(-10.00000000,10.00000000) 
rho=(0.08333333334,0.08333333334) contrib=(-1.666666667,1.658472576E-75)
COSET 9 c=5 d=2 gcd=5 a0=(-10.00000000,10.00000000) 
rho=(0.08333333334,0.08333333334) contrib=(-1.666666667,2.274138342E-75)
COSET 9 c=5 d=3 gcd=5 a0=(10.00000000,-10.00000000) 
rho=(-0.08333333334,-0.08333333334) contrib=(-1.666666667,-2.510277953E-75)
COSET 9 c=5 d=4 gcd=5 a0=(10.00000000,-10.00000000) 
rho=(-0.08333333334,-0.08333333334) contrib=(-1.666666667,2.120168838E-75)
COSET 9 c=5 d=6 gcd=5 a0=(-10.00000000,10.00000000) 
rho=(0.08333333334,0.08333333334) contrib=(-1.666666667,-3.232837389E-75)
COSET 9 c=5 d=7 gcd=5 a0=(-10.00000000,10.00000000) 
rho=(0.08333333334,0.08333333334) contrib=(-1.666666667,9.268960473E-76)
COSET 9 c=5 d=8 gcd=5 a0=(10.00000000,-10.00000000) 
rho=(-0.08333333334,-0.08333333334) contrib=(-1.666666667,-9.081682543E-75)
COSET 9 c=5 d=9 gcd=5 a0=(10.00000000,-10.00000000) 
rho=(-0.08333333334,-0.08333333334) contrib=(-1.666666667,-7.988561335E-76)
COSET 9 c=5 d=11 gcd=5 a0=(-10.00000000,10.00000000) 
rho=(0.08333333334,0.08333333334) contrib=(-1.666666667,3.259837364E-76)
COSET 9 c=5 d=12 gcd=5 a0=(-10.00000000,10.00000000) 
rho=(0.08333333334,0.08333333334) contrib=(-1.666666667,9.353277674E-75)
COSET 9 c=5 d=17 gcd=5 a0=(-10.00000000,10.00000000) 
rho=(0.08333333334,0.08333333334) contrib=(-1.666666667,-1.375818890E-74)
COSET 9 c=5 d=22 gcd=5 a0=(-10.00000000,10.00000000) 
rho=(0.08333333334,0.08333333334) contrib=(-1.666666667,-2.253013183E-75)
COSET 9 c=12 d=1 gcd=12 a0=(48.00000000,-3.002747148E-74) 
rho=(-1.020781260E-80,-1.277747335E-80) contrib=(-4.899750049E-79,-6.133187208E\
-79)
COSET 9 c=12 d=5 gcd=12 a0=(-48.00000000,-6.155082681E-74) 
rho=(2.302811363E-81,2.270965140E-81) contrib=(-1.105349454E-79,-1.090063267E-7\
9)
COSET 9 c=12 d=7 gcd=12 a0=(9.869110944E-75,48.00000000) 
rho=(9.713098001E-82,2.674533655E-81) contrib=(-1.283776155E-79,4.662287041E-80\
)
COSET 9 c=12 d=13 gcd=12 a0=(48.00000000,-2.541847147E-74) 
rho=(-1.020781260E-80,-1.277747335E-80) contrib=(-4.899750049E-79,-6.133187208E\
-79)
COSET 9 c=12 d=19 gcd=12 a0=(-2.016436867E-73,48.00000000) 
rho=(9.713098001E-82,2.674533655E-81) contrib=(-1.283776155E-79,4.662287041E-80\
)
COSET 9 c=15 d=1 gcd=15 a0=(-10.00000000,-10.00000000) 
rho=(-0.2500000000,0.2500000000) contrib=(5.000000000,6.483019505E-74)
COSET 9 c=15 d=2 gcd=15 a0=(-10.00000000,-10.00000000) 
rho=(-0.2500000000,0.2500000000) contrib=(5.000000000,-3.851068704E-74)
COSET 9 c=15 d=4 gcd=15 a0=(-10.00000000,-10.00000000) 
rho=(-0.2500000000,0.2500000000) contrib=(5.000000000,1.162808005E-72)
COSET 9 c=15 d=7 gcd=15 a0=(-10.00000000,-10.00000000) 
rho=(-0.2500000000,0.2500000000) contrib=(5.000000000,-2.064283770E-72)
COSET 9 c=20 d=1 gcd=20 a0=(70.00000000,1.216512820E-72) 
rho=(-3.204388916E-81,1.629867728E-80) contrib=(-2.243072241E-79,1.140907409E-7\
8)
COSET 9 c=20 d=3 gcd=20 a0=(2.873228222E-72,70.00000000) 
rho=(-2.440344386E-81,-1.101922641E-81) contrib=(7.713458489E-80,-1.708241070E-\
79)
COSET 9 c=20 d=11 gcd=20 a0=(3.089909192E-72,-70.00000000) 
rho=(-4.678100337E-82,-1.319971034E-81) contrib=(-9.239797239E-80,3.274670236E-\
80)
FORM 10:
  c_eta(0)[1] (trivial) = -4.86773700356E-72 + -1.03474444884E-70 i   (half: 
-2.43386850178E-72)
  c_eta(0)[2] = 1.69767748577E-71 + -7.38329598932E-71 i   (half: 
8.48838742883E-72)
  c_eta(0)[3] = 1.69767747590E-71 + -7.38329593585E-71 i   (half: 
8.48838737951E-72)
COSET 10 c=0 d=1 gcd=60 a0=(-72.00000000,-3.014453357E-71) 
rho=(0.0000000000,0.0000000000) contrib=(0.0000000000,-0.0000000000)
COSET 10 c=1 d=0 gcd=1 a0=(4.000000000,-4.000000000) 
rho=(0.01666666667,0.01666666667) contrib=(0.1333333333,-2.135785743E-71)
COSET 10 c=1 d=1 gcd=1 a0=(4.000000000,-4.000000000) 
rho=(0.01666666667,0.01666666667) contrib=(0.1333333333,5.091000636E-72)
COSET 10 c=1 d=2 gcd=1 a0=(4.000000000,-4.000000000) 
rho=(0.01666666667,0.01666666667) contrib=(0.1333333333,5.870015282E-73)
COSET 10 c=1 d=3 gcd=1 a0=(4.000000000,-4.000000000) 
rho=(0.01666666667,0.01666666667) contrib=(0.1333333333,3.364559150E-73)
COSET 10 c=1 d=4 gcd=1 a0=(4.000000000,-4.000000000) 
rho=(0.01666666667,0.01666666667) contrib=(0.1333333333,-4.030027754E-73)
COSET 10 c=1 d=5 gcd=1 a0=(4.000000000,-4.000000000) 
rho=(0.01666666667,0.01666666667) contrib=(0.1333333333,-3.429963733E-73)
COSET 10 c=1 d=6 gcd=1 a0=(4.000000000,-4.000000000) 
rho=(0.01666666667,0.01666666667) contrib=(0.1333333333,3.121917358E-73)
COSET 10 c=1 d=7 gcd=1 a0=(4.000000000,-4.000000000) 
rho=(0.01666666667,0.01666666667) contrib=(0.1333333333,-2.062363110E-73)
COSET 10 c=1 d=8 gcd=1 a0=(4.000000000,-4.000000000) 
rho=(0.01666666667,0.01666666667) contrib=(0.1333333333,1.871123794E-73)
COSET 10 c=1 d=9 gcd=1 a0=(4.000000000,-4.000000000) 
rho=(0.01666666667,0.01666666667) contrib=(0.1333333333,-1.116852347E-72)
COSET 10 c=1 d=10 gcd=1 a0=(4.000000000,-4.000000000) 
rho=(0.01666666667,0.01666666667) contrib=(0.1333333333,-1.137818662E-72)
COSET 10 c=1 d=11 gcd=1 a0=(4.000000000,-4.000000000) 
rho=(0.01666666667,0.01666666667) contrib=(0.1333333333,-8.959875183E-73)
COSET 10 c=1 d=12 gcd=1 a0=(4.000000000,-4.000000000) 
rho=(0.01666666667,0.01666666667) contrib=(0.1333333333,2.452211274E-74)
COSET 10 c=1 d=13 gcd=1 a0=(4.000000000,-4.000000000) 
rho=(0.01666666667,0.01666666667) contrib=(0.1333333333,-8.611296390E-73)
COSET 10 c=1 d=14 gcd=1 a0=(4.000000000,-4.000000000) 
rho=(0.01666666667,0.01666666667) contrib=(0.1333333333,2.807791121E-74)
COSET 10 c=1 d=15 gcd=1 a0=(4.000000000,-4.000000000) 
rho=(0.01666666667,0.01666666667) contrib=(0.1333333333,-2.997925007E-73)
COSET 10 c=1 d=16 gcd=1 a0=(4.000000000,-4.000000000) 
rho=(0.01666666667,0.01666666667) contrib=(0.1333333333,1.677305142E-73)
COSET 10 c=1 d=17 gcd=1 a0=(4.000000000,-4.000000000) 
rho=(0.01666666667,0.01666666667) contrib=(0.1333333333,-8.993038070E-73)
COSET 10 c=1 d=18 gcd=1 a0=(4.000000000,-4.000000000) 
rho=(0.01666666667,0.01666666667) contrib=(0.1333333333,-1.033189752E-72)
COSET 10 c=1 d=19 gcd=1 a0=(4.000000000,-4.000000000) 
rho=(0.01666666667,0.01666666667) contrib=(0.1333333333,1.592721356E-72)
COSET 10 c=1 d=20 gcd=1 a0=(4.000000000,-4.000000000) 
rho=(0.01666666667,0.01666666667) contrib=(0.1333333333,-5.789392618E-72)
COSET 10 c=1 d=21 gcd=1 a0=(4.000000000,-4.000000000) 
rho=(0.01666666667,0.01666666667) contrib=(0.1333333333,-2.845209912E-72)
COSET 10 c=1 d=22 gcd=1 a0=(4.000000000,-4.000000000) 
rho=(0.01666666667,0.01666666667) contrib=(0.1333333333,9.647268139E-73)
COSET 10 c=1 d=23 gcd=1 a0=(4.000000000,-4.000000000) 
rho=(0.01666666667,0.01666666667) contrib=(0.1333333333,1.227763781E-73)
COSET 10 c=1 d=24 gcd=1 a0=(4.000000000,-4.000000000) 
rho=(0.01666666667,0.01666666667) contrib=(0.1333333333,-1.893674557E-72)
COSET 10 c=1 d=25 gcd=1 a0=(4.000000000,-4.000000000) 
rho=(0.01666666667,0.01666666667) contrib=(0.1333333333,6.461051628E-73)
COSET 10 c=1 d=26 gcd=1 a0=(4.000000000,-4.000000000) 
rho=(0.01666666667,0.01666666667) contrib=(0.1333333333,1.144045915E-72)
COSET 10 c=1 d=27 gcd=1 a0=(4.000000000,-4.000000000) 
rho=(0.01666666667,0.01666666667) contrib=(0.1333333333,-4.878997668E-73)
COSET 10 c=1 d=28 gcd=1 a0=(4.000000000,-4.000000000) 
rho=(0.01666666667,0.01666666667) contrib=(0.1333333333,1.815870739E-72)
COSET 10 c=1 d=29 gcd=1 a0=(4.000000000,-4.000000000) 
rho=(0.01666666667,0.01666666667) contrib=(0.1333333333,7.239126658E-72)
COSET 10 c=1 d=30 gcd=1 a0=(4.000000000,-4.000000000) 
rho=(0.01666666667,0.01666666667) contrib=(0.1333333333,-4.831261534E-72)
COSET 10 c=1 d=31 gcd=1 a0=(4.000000000,-4.000000000) 
rho=(0.01666666667,0.01666666667) contrib=(0.1333333333,1.473021756E-72)
COSET 10 c=1 d=32 gcd=1 a0=(4.000000000,-4.000000000) 
rho=(0.01666666667,0.01666666667) contrib=(0.1333333333,2.326008064E-72)
COSET 10 c=1 d=33 gcd=1 a0=(4.000000000,-4.000000000) 
rho=(0.01666666667,0.01666666667) contrib=(0.1333333333,-5.083870616E-73)
COSET 10 c=1 d=34 gcd=1 a0=(4.000000000,-4.000000000) 
rho=(0.01666666667,0.01666666667) contrib=(0.1333333333,1.487171255E-72)
COSET 10 c=1 d=35 gcd=1 a0=(4.000000000,-4.000000000) 
rho=(0.01666666667,0.01666666667) contrib=(0.1333333333,3.727858580E-72)
COSET 10 c=1 d=36 gcd=1 a0=(4.000000000,-4.000000000) 
rho=(0.01666666667,0.01666666667) contrib=(0.1333333333,3.559704318E-72)
COSET 10 c=1 d=37 gcd=1 a0=(4.000000000,-4.000000000) 
rho=(0.01666666667,0.01666666667) contrib=(0.1333333333,6.457919577E-72)
COSET 10 c=1 d=38 gcd=1 a0=(4.000000000,-4.000000000) 
rho=(0.01666666667,0.01666666667) contrib=(0.1333333333,-1.000684596E-71)
COSET 10 c=1 d=39 gcd=1 a0=(4.000000000,-4.000000000) 
rho=(0.01666666667,0.01666666667) contrib=(0.1333333333,-3.450045704E-73)
COSET 10 c=1 d=40 gcd=1 a0=(4.000000000,-4.000000000) 
rho=(0.01666666667,0.01666666667) contrib=(0.1333333333,1.811780650E-72)
COSET 10 c=1 d=41 gcd=1 a0=(4.000000000,-4.000000000) 
rho=(0.01666666667,0.01666666667) contrib=(0.1333333333,1.688022282E-71)
COSET 10 c=1 d=42 gcd=1 a0=(4.000000000,-4.000000000) 
rho=(0.01666666667,0.01666666667) contrib=(0.1333333333,-4.109121240E-72)
COSET 10 c=1 d=43 gcd=1 a0=(4.000000000,-4.000000000) 
rho=(0.01666666667,0.01666666667) contrib=(0.1333333333,5.266745515E-72)
COSET 10 c=1 d=44 gcd=1 a0=(4.000000000,-4.000000000) 
rho=(0.01666666667,0.01666666667) contrib=(0.1333333333,-9.019642075E-72)
COSET 10 c=1 d=45 gcd=1 a0=(4.000000000,-4.000000000) 
rho=(0.01666666667,0.01666666667) contrib=(0.1333333333,-1.956739315E-72)
COSET 10 c=1 d=46 gcd=1 a0=(4.000000000,-4.000000000) 
rho=(0.01666666667,0.01666666667) contrib=(0.1333333333,7.084329670E-73)
COSET 10 c=1 d=47 gcd=1 a0=(4.000000000,-4.000000000) 
rho=(0.01666666667,0.01666666667) contrib=(0.1333333333,-2.587829059E-72)
COSET 10 c=1 d=48 gcd=1 a0=(4.000000000,-4.000000000) 
rho=(0.01666666667,0.01666666667) contrib=(0.1333333333,1.429530472E-71)
COSET 10 c=1 d=49 gcd=1 a0=(4.000000000,-4.000000000) 
rho=(0.01666666667,0.01666666667) contrib=(0.1333333333,-4.425587304E-72)
COSET 10 c=1 d=50 gcd=1 a0=(4.000000000,-4.000000000) 
rho=(0.01666666667,0.01666666667) contrib=(0.1333333333,-1.582975152E-73)
COSET 10 c=1 d=51 gcd=1 a0=(4.000000000,-4.000000000) 
rho=(0.01666666667,0.01666666667) contrib=(0.1333333333,-6.648661451E-72)
COSET 10 c=1 d=52 gcd=1 a0=(4.000000000,-4.000000000) 
rho=(0.01666666667,0.01666666667) contrib=(0.1333333333,-1.828233127E-72)
COSET 10 c=1 d=53 gcd=1 a0=(4.000000000,-4.000000000) 
rho=(0.01666666667,0.01666666667) contrib=(0.1333333333,-1.779925854E-73)
COSET 10 c=1 d=54 gcd=1 a0=(4.000000000,-4.000000000) 
rho=(0.01666666667,0.01666666667) contrib=(0.1333333333,-1.330767709E-71)
COSET 10 c=1 d=55 gcd=1 a0=(4.000000000,-4.000000000) 
rho=(0.01666666667,0.01666666667) contrib=(0.1333333333,2.710826523E-72)
COSET 10 c=1 d=56 gcd=1 a0=(4.000000000,-4.000000000) 
rho=(0.01666666667,0.01666666667) contrib=(0.1333333333,-5.110824673E-72)
COSET 10 c=1 d=57 gcd=1 a0=(4.000000000,-4.000000000) 
rho=(0.01666666667,0.01666666667) contrib=(0.1333333333,-3.277543419E-72)
COSET 10 c=1 d=58 gcd=1 a0=(4.000000000,-4.000000000) 
rho=(0.01666666667,0.01666666667) contrib=(0.1333333333,4.873065196E-72)
COSET 10 c=1 d=59 gcd=1 a0=(4.000000000,-4.000000000) 
rho=(0.01666666667,0.01666666667) contrib=(0.1333333333,-5.093202284E-71)
COSET 10 c=3 d=1 gcd=3 a0=(-2.000000000,-2.000000000) 
rho=(0.05000000000,-0.05000000000) contrib=(-0.2000000000,1.554520882E-76)
COSET 10 c=3 d=2 gcd=3 a0=(-2.000000000,-2.000000000) 
rho=(0.05000000000,-0.05000000000) contrib=(-0.2000000000,4.663214754E-77)
COSET 10 c=3 d=4 gcd=3 a0=(-2.000000000,-2.000000000) 
rho=(0.05000000000,-0.05000000000) contrib=(-0.2000000000,1.399069848E-76)
COSET 10 c=3 d=5 gcd=3 a0=(-2.000000000,-2.000000000) 
rho=(0.05000000000,-0.05000000000) contrib=(-0.2000000000,3.868971886E-76)
COSET 10 c=3 d=7 gcd=3 a0=(-2.000000000,-2.000000000) 
rho=(0.05000000000,-0.05000000000) contrib=(-0.2000000000,-2.763563395E-76)
COSET 10 c=3 d=8 gcd=3 a0=(-2.000000000,-2.000000000) 
rho=(0.05000000000,-0.05000000000) contrib=(-0.2000000000,4.335324988E-76)
COSET 10 c=3 d=10 gcd=3 a0=(-2.000000000,-2.000000000) 
rho=(0.05000000000,-0.05000000000) contrib=(-0.2000000000,1.692699579E-76)
COSET 10 c=3 d=11 gcd=3 a0=(-2.000000000,-2.000000000) 
rho=(0.05000000000,-0.05000000000) contrib=(-0.2000000000,-9.845548419E-77)
COSET 10 c=3 d=13 gcd=3 a0=(-2.000000000,-2.000000000) 
rho=(0.05000000000,-0.05000000000) contrib=(-0.2000000000,9.637974650E-76)
COSET 10 c=3 d=14 gcd=3 a0=(-2.000000000,-2.000000000) 
rho=(0.05000000000,-0.05000000000) contrib=(-0.2000000000,-3.886307476E-76)
COSET 10 c=3 d=16 gcd=3 a0=(-2.000000000,-2.000000000) 
rho=(0.05000000000,-0.05000000000) contrib=(-0.2000000000,2.447491223E-75)
COSET 10 c=3 d=17 gcd=3 a0=(-2.000000000,-2.000000000) 
rho=(0.05000000000,-0.05000000000) contrib=(-0.2000000000,2.338671282E-75)
COSET 10 c=3 d=19 gcd=3 a0=(-2.000000000,-2.000000000) 
rho=(0.05000000000,-0.05000000000) contrib=(-0.2000000000,-3.661724925E-76)
COSET 10 c=3 d=20 gcd=3 a0=(-2.000000000,-2.000000000) 
rho=(0.05000000000,-0.05000000000) contrib=(-0.2000000000,3.843091844E-75)
COSET 10 c=3 d=23 gcd=3 a0=(-2.000000000,-2.000000000) 
rho=(0.05000000000,-0.05000000000) contrib=(-0.2000000000,-1.699601134E-75)
COSET 10 c=3 d=26 gcd=3 a0=(-2.000000000,-2.000000000) 
rho=(0.05000000000,-0.05000000000) contrib=(-0.2000000000,2.150402808E-75)
COSET 10 c=3 d=29 gcd=3 a0=(-2.000000000,-2.000000000) 
rho=(0.05000000000,-0.05000000000) contrib=(-0.2000000000,4.095267966E-75)
COSET 10 c=3 d=32 gcd=3 a0=(-2.000000000,-2.000000000) 
rho=(0.05000000000,-0.05000000000) contrib=(-0.2000000000,2.186674716E-75)
COSET 10 c=3 d=35 gcd=3 a0=(-2.000000000,-2.000000000) 
rho=(0.05000000000,-0.05000000000) contrib=(-0.2000000000,4.590984041E-75)
COSET 10 c=3 d=38 gcd=3 a0=(-2.000000000,-2.000000000) 
rho=(0.05000000000,-0.05000000000) contrib=(-0.2000000000,-3.145295750E-75)
COSET 10 c=4 d=1 gcd=4 a0=(48.00000000,1.583208715E-74) 
rho=(-7.920649814E-81,-1.435001788E-81) contrib=(-3.801911911E-79,-6.888008581E\
-80)
COSET 10 c=4 d=3 gcd=4 a0=(1.971974593E-74,48.00000000) 
rho=(8.543572917E-82,4.552911737E-81) contrib=(-2.185397634E-79,4.100915000E-80\
)
COSET 10 c=4 d=5 gcd=4 a0=(48.00000000,-1.995709298E-74) 
rho=(-7.920649814E-81,-1.435001788E-81) contrib=(-3.801911911E-79,-6.888008581E\
-80)
COSET 10 c=4 d=7 gcd=4 a0=(5.553327864E-74,48.00000000) 
rho=(8.543572917E-82,4.552911737E-81) contrib=(-2.185397634E-79,4.100915000E-80\
)
COSET 10 c=4 d=9 gcd=4 a0=(48.00000000,8.068052596E-74) 
rho=(-7.920649814E-81,-1.435001788E-81) contrib=(-3.801911911E-79,-6.888008581E\
-80)
COSET 10 c=4 d=11 gcd=4 a0=(-2.680200704E-73,48.00000000) 
rho=(8.543572917E-82,4.552911737E-81) contrib=(-2.185397634E-79,4.100915000E-80\
)
COSET 10 c=4 d=13 gcd=4 a0=(48.00000000,-9.922642041E-74) 
rho=(-7.920649814E-81,-1.435001788E-81) contrib=(-3.801911911E-79,-6.888008581E\
-80)
COSET 10 c=4 d=15 gcd=4 a0=(-4.907940116E-73,48.00000000) 
rho=(8.543572917E-82,4.552911737E-81) contrib=(-2.185397634E-79,4.100915000E-80\
)
COSET 10 c=4 d=17 gcd=4 a0=(48.00000000,-1.014010506E-73) 
rho=(-7.920649814E-81,-1.435001788E-81) contrib=(-3.801911911E-79,-6.888008581E\
-80)
COSET 10 c=4 d=19 gcd=4 a0=(1.184006404E-73,48.00000000) 
rho=(8.543572917E-82,4.552911737E-81) contrib=(-2.185397634E-79,4.100915000E-80\
)
COSET 10 c=4 d=21 gcd=4 a0=(48.00000000,8.967900828E-74) 
rho=(-7.920649814E-81,-1.435001788E-81) contrib=(-3.801911911E-79,-6.888008581E\
-80)
COSET 10 c=4 d=23 gcd=4 a0=(-3.435504181E-73,48.00000000) 
rho=(8.543572917E-82,4.552911737E-81) contrib=(-2.185397634E-79,4.100915000E-80\
)
COSET 10 c=4 d=25 gcd=4 a0=(48.00000000,4.606673363E-73) 
rho=(-7.920649814E-81,-1.435001788E-81) contrib=(-3.801911911E-79,-6.888008581E\
-80)
COSET 10 c=4 d=27 gcd=4 a0=(1.037448957E-72,48.00000000) 
rho=(8.543572917E-82,4.552911737E-81) contrib=(-2.185397634E-79,4.100915000E-80\
)
COSET 10 c=4 d=29 gcd=4 a0=(48.00000000,-5.232753915E-74) 
rho=(-7.920649814E-81,-1.435001788E-81) contrib=(-3.801911911E-79,-6.888008581E\
-80)
COSET 10 c=5 d=1 gcd=5 a0=(-10.00000000,10.00000000) 
rho=(0.08333333334,0.08333333334) contrib=(-1.666666667,1.721444639E-75)
COSET 10 c=5 d=2 gcd=5 a0=(-10.00000000,10.00000000) 
rho=(0.08333333334,0.08333333334) contrib=(-1.666666667,2.256866005E-75)
COSET 10 c=5 d=3 gcd=5 a0=(10.00000000,-10.00000000) 
rho=(-0.08333333334,-0.08333333334) contrib=(-1.666666667,-2.360584365E-75)
COSET 10 c=5 d=4 gcd=5 a0=(10.00000000,-10.00000000) 
rho=(-0.08333333334,-0.08333333334) contrib=(-1.666666667,2.089942248E-75)
COSET 10 c=5 d=6 gcd=5 a0=(-10.00000000,10.00000000) 
rho=(0.08333333334,0.08333333334) contrib=(-1.666666667,-3.322077797E-75)
COSET 10 c=5 d=7 gcd=5 a0=(-10.00000000,10.00000000) 
rho=(0.08333333334,0.08333333334) contrib=(-1.666666667,1.065074744E-75)
COSET 10 c=5 d=8 gcd=5 a0=(10.00000000,-10.00000000) 
rho=(-0.08333333334,-0.08333333334) contrib=(-1.666666667,-8.860740564E-75)
COSET 10 c=5 d=9 gcd=5 a0=(10.00000000,-10.00000000) 
rho=(-0.08333333334,-0.08333333334) contrib=(-1.666666667,-1.214831586E-75)
COSET 10 c=5 d=11 gcd=5 a0=(-10.00000000,10.00000000) 
rho=(0.08333333334,0.08333333334) contrib=(-1.666666667,1.496619617E-76)
COSET 10 c=5 d=12 gcd=5 a0=(-10.00000000,10.00000000) 
rho=(0.08333333334,0.08333333334) contrib=(-1.666666667,9.338524220E-75)
COSET 10 c=5 d=17 gcd=5 a0=(-10.00000000,10.00000000) 
rho=(0.08333333334,0.08333333334) contrib=(-1.666666667,-1.380640751E-74)
COSET 10 c=5 d=22 gcd=5 a0=(-10.00000000,10.00000000) 
rho=(0.08333333334,0.08333333334) contrib=(-1.666666667,-1.180329080E-75)
COSET 10 c=12 d=1 gcd=12 a0=(48.00000000,-3.019222077E-74) 
rho=(-1.020781260E-80,-1.277747335E-80) contrib=(-4.899750049E-79,-6.133187208E\
-79)
COSET 10 c=12 d=5 gcd=12 a0=(-48.00000000,-6.171744378E-74) 
rho=(2.302811363E-81,2.270965140E-81) contrib=(-1.105349454E-79,-1.090063267E-7\
9)
COSET 10 c=12 d=7 gcd=12 a0=(8.823242736E-75,48.00000000) 
rho=(9.713098001E-82,2.674533655E-81) contrib=(-1.283776155E-79,4.662287041E-80\
)
COSET 10 c=12 d=13 gcd=12 a0=(48.00000000,-2.946678939E-74) 
rho=(-1.020781260E-80,-1.277747335E-80) contrib=(-4.899750049E-79,-6.133187208E\
-79)
COSET 10 c=12 d=19 gcd=12 a0=(-2.156308728E-73,48.00000000) 
rho=(9.713098001E-82,2.674533655E-81) contrib=(-1.283776155E-79,4.662287041E-80\
)
COSET 10 c=15 d=1 gcd=15 a0=(-8.000000000,-8.000000000) 
rho=(-0.2500000000,0.2500000000) contrib=(4.000000000,6.553089278E-74)
COSET 10 c=15 d=2 gcd=15 a0=(-8.000000000,-8.000000000) 
rho=(-0.2500000000,0.2500000000) contrib=(4.000000000,-3.830992564E-74)
COSET 10 c=15 d=4 gcd=15 a0=(-8.000000000,-8.000000000) 
rho=(-0.2500000000,0.2500000000) contrib=(4.000000000,1.163533498E-72)
COSET 10 c=15 d=7 gcd=15 a0=(-8.000000000,-8.000000000) 
rho=(-0.2500000000,0.2500000000) contrib=(4.000000000,-2.063076899E-72)
COSET 10 c=20 d=1 gcd=20 a0=(72.00000000,1.215904506E-72) 
rho=(-3.204388916E-81,1.629867728E-80) contrib=(-2.307160020E-79,1.173504764E-7\
8)
COSET 10 c=20 d=3 gcd=20 a0=(2.881599356E-72,72.00000000) 
rho=(-2.440344386E-81,-1.101922641E-81) contrib=(7.933843017E-80,-1.757047958E-\
79)
COSET 10 c=20 d=11 gcd=20 a0=(3.098572749E-72,-72.00000000) 
rho=(-4.678100337E-82,-1.319971034E-81) contrib=(-9.503791446E-80,3.368232243E-\
80)
FORM 11:
  c_eta(0)[1] (trivial) = -2.48077693081E-72 + -5.17495346243E-71 i   (half: 
-1.24038846540E-72)
  c_eta(0)[2] = 8.00000000000 + -3.69244927354E-71 i   (half: 4.00000000000)
  c_eta(0)[3] = 8.00000000000 + -3.69244924693E-71 i   (half: 4.00000000000)
COSET 11 c=0 d=1 gcd=60 a0=(-36.00000000,-1.507278797E-71) 
rho=(0.0000000000,0.0000000000) contrib=(0.0000000000,-0.0000000000)
COSET 11 c=1 d=0 gcd=1 a0=(4.000000000,-4.000000000) 
rho=(0.01666666667,0.01666666667) contrib=(0.1333333333,-1.067843127E-71)
COSET 11 c=1 d=1 gcd=1 a0=(4.000000000,-4.000000000) 
rho=(0.01666666667,0.01666666667) contrib=(0.1333333333,2.546915210E-72)
COSET 11 c=1 d=2 gcd=1 a0=(4.000000000,-4.000000000) 
rho=(0.01666666667,0.01666666667) contrib=(0.1333333333,2.934270688E-73)
COSET 11 c=1 d=3 gcd=1 a0=(4.000000000,-4.000000000) 
rho=(0.01666666667,0.01666666667) contrib=(0.1333333333,1.701500088E-73)
COSET 11 c=1 d=4 gcd=1 a0=(4.000000000,-4.000000000) 
rho=(0.01666666667,0.01666666667) contrib=(0.1333333333,-2.023141231E-73)
COSET 11 c=1 d=5 gcd=1 a0=(4.000000000,-4.000000000) 
rho=(0.01666666667,0.01666666667) contrib=(0.1333333333,-1.712076516E-73)
COSET 11 c=1 d=6 gcd=1 a0=(4.000000000,-4.000000000) 
rho=(0.01666666667,0.01666666667) contrib=(0.1333333333,1.569076677E-73)
COSET 11 c=1 d=7 gcd=1 a0=(4.000000000,-4.000000000) 
rho=(0.01666666667,0.01666666667) contrib=(0.1333333333,-1.039311788E-73)
COSET 11 c=1 d=8 gcd=1 a0=(4.000000000,-4.000000000) 
rho=(0.01666666667,0.01666666667) contrib=(0.1333333333,9.370286063E-74)
COSET 11 c=1 d=9 gcd=1 a0=(4.000000000,-4.000000000) 
rho=(0.01666666667,0.01666666667) contrib=(0.1333333333,-5.576895085E-73)
COSET 11 c=1 d=10 gcd=1 a0=(4.000000000,-4.000000000) 
rho=(0.01666666667,0.01666666667) contrib=(0.1333333333,-5.700092188E-73)
COSET 11 c=1 d=11 gcd=1 a0=(4.000000000,-4.000000000) 
rho=(0.01666666667,0.01666666667) contrib=(0.1333333333,-4.483675613E-73)
COSET 11 c=1 d=12 gcd=1 a0=(4.000000000,-4.000000000) 
rho=(0.01666666667,0.01666666667) contrib=(0.1333333333,1.233957354E-74)
COSET 11 c=1 d=13 gcd=1 a0=(4.000000000,-4.000000000) 
rho=(0.01666666667,0.01666666667) contrib=(0.1333333333,-4.310077110E-73)
COSET 11 c=1 d=14 gcd=1 a0=(4.000000000,-4.000000000) 
rho=(0.01666666667,0.01666666667) contrib=(0.1333333333,1.359160207E-74)
COSET 11 c=1 d=15 gcd=1 a0=(4.000000000,-4.000000000) 
rho=(0.01666666667,0.01666666667) contrib=(0.1333333333,-1.507096335E-73)
COSET 11 c=1 d=16 gcd=1 a0=(4.000000000,-4.000000000) 
rho=(0.01666666667,0.01666666667) contrib=(0.1333333333,8.378702780E-74)
COSET 11 c=1 d=17 gcd=1 a0=(4.000000000,-4.000000000) 
rho=(0.01666666667,0.01666666667) contrib=(0.1333333333,-4.501694978E-73)
COSET 11 c=1 d=18 gcd=1 a0=(4.000000000,-4.000000000) 
rho=(0.01666666667,0.01666666667) contrib=(0.1333333333,-5.174076836E-73)
COSET 11 c=1 d=19 gcd=1 a0=(4.000000000,-4.000000000) 
rho=(0.01666666667,0.01666666667) contrib=(0.1333333333,7.959940724E-73)
COSET 11 c=1 d=20 gcd=1 a0=(4.000000000,-4.000000000) 
rho=(0.01666666667,0.01666666667) contrib=(0.1333333333,-2.895216422E-72)
COSET 11 c=1 d=21 gcd=1 a0=(4.000000000,-4.000000000) 
rho=(0.01666666667,0.01666666667) contrib=(0.1333333333,-1.421931623E-72)
COSET 11 c=1 d=22 gcd=1 a0=(4.000000000,-4.000000000) 
rho=(0.01666666667,0.01666666667) contrib=(0.1333333333,4.824478255E-73)
COSET 11 c=1 d=23 gcd=1 a0=(4.000000000,-4.000000000) 
rho=(0.01666666667,0.01666666667) contrib=(0.1333333333,6.264460766E-74)
COSET 11 c=1 d=24 gcd=1 a0=(4.000000000,-4.000000000) 
rho=(0.01666666667,0.01666666667) contrib=(0.1333333333,-9.487517733E-73)
COSET 11 c=1 d=25 gcd=1 a0=(4.000000000,-4.000000000) 
rho=(0.01666666667,0.01666666667) contrib=(0.1333333333,3.231508178E-73)
COSET 11 c=1 d=26 gcd=1 a0=(4.000000000,-4.000000000) 
rho=(0.01666666667,0.01666666667) contrib=(0.1333333333,5.723200416E-73)
COSET 11 c=1 d=27 gcd=1 a0=(4.000000000,-4.000000000) 
rho=(0.01666666667,0.01666666667) contrib=(0.1333333333,-2.452093246E-73)
COSET 11 c=1 d=28 gcd=1 a0=(4.000000000,-4.000000000) 
rho=(0.01666666667,0.01666666667) contrib=(0.1333333333,9.083976925E-73)
COSET 11 c=1 d=29 gcd=1 a0=(4.000000000,-4.000000000) 
rho=(0.01666666667,0.01666666667) contrib=(0.1333333333,3.620611112E-72)
COSET 11 c=1 d=30 gcd=1 a0=(4.000000000,-4.000000000) 
rho=(0.01666666667,0.01666666667) contrib=(0.1333333333,-2.414023576E-72)
COSET 11 c=1 d=31 gcd=1 a0=(4.000000000,-4.000000000) 
rho=(0.01666666667,0.01666666667) contrib=(0.1333333333,7.378125647E-73)
COSET 11 c=1 d=32 gcd=1 a0=(4.000000000,-4.000000000) 
rho=(0.01666666667,0.01666666667) contrib=(0.1333333333,1.162355600E-72)
COSET 11 c=1 d=33 gcd=1 a0=(4.000000000,-4.000000000) 
rho=(0.01666666667,0.01666666667) contrib=(0.1333333333,-2.533141529E-73)
COSET 11 c=1 d=34 gcd=1 a0=(4.000000000,-4.000000000) 
rho=(0.01666666667,0.01666666667) contrib=(0.1333333333,7.429418731E-73)
COSET 11 c=1 d=35 gcd=1 a0=(4.000000000,-4.000000000) 
rho=(0.01666666667,0.01666666667) contrib=(0.1333333333,1.864192981E-72)
COSET 11 c=1 d=36 gcd=1 a0=(4.000000000,-4.000000000) 
rho=(0.01666666667,0.01666666667) contrib=(0.1333333333,1.779920888E-72)
COSET 11 c=1 d=37 gcd=1 a0=(4.000000000,-4.000000000) 
rho=(0.01666666667,0.01666666667) contrib=(0.1333333333,3.228734672E-72)
COSET 11 c=1 d=38 gcd=1 a0=(4.000000000,-4.000000000) 
rho=(0.01666666667,0.01666666667) contrib=(0.1333333333,-5.003810742E-72)
COSET 11 c=1 d=39 gcd=1 a0=(4.000000000,-4.000000000) 
rho=(0.01666666667,0.01666666667) contrib=(0.1333333333,-1.713913860E-73)
COSET 11 c=1 d=40 gcd=1 a0=(4.000000000,-4.000000000) 
rho=(0.01666666667,0.01666666667) contrib=(0.1333333333,9.070729042E-73)
COSET 11 c=1 d=41 gcd=1 a0=(4.000000000,-4.000000000) 
rho=(0.01666666667,0.01666666667) contrib=(0.1333333333,8.441472108E-72)
COSET 11 c=1 d=42 gcd=1 a0=(4.000000000,-4.000000000) 
rho=(0.01666666667,0.01666666667) contrib=(0.1333333333,-2.053299164E-72)
COSET 11 c=1 d=43 gcd=1 a0=(4.000000000,-4.000000000) 
rho=(0.01666666667,0.01666666667) contrib=(0.1333333333,2.631997160E-72)
COSET 11 c=1 d=44 gcd=1 a0=(4.000000000,-4.000000000) 
rho=(0.01666666667,0.01666666667) contrib=(0.1333333333,-4.508000677E-72)
COSET 11 c=1 d=45 gcd=1 a0=(4.000000000,-4.000000000) 
rho=(0.01666666667,0.01666666667) contrib=(0.1333333333,-9.771746994E-73)
COSET 11 c=1 d=46 gcd=1 a0=(4.000000000,-4.000000000) 
rho=(0.01666666667,0.01666666667) contrib=(0.1333333333,3.537897128E-73)
COSET 11 c=1 d=47 gcd=1 a0=(4.000000000,-4.000000000) 
rho=(0.01666666667,0.01666666667) contrib=(0.1333333333,-1.293928635E-72)
COSET 11 c=1 d=48 gcd=1 a0=(4.000000000,-4.000000000) 
rho=(0.01666666667,0.01666666667) contrib=(0.1333333333,7.147515550E-72)
COSET 11 c=1 d=49 gcd=1 a0=(4.000000000,-4.000000000) 
rho=(0.01666666667,0.01666666667) contrib=(0.1333333333,-2.212579259E-72)
COSET 11 c=1 d=50 gcd=1 a0=(4.000000000,-4.000000000) 
rho=(0.01666666667,0.01666666667) contrib=(0.1333333333,-8.023972157E-74)
COSET 11 c=1 d=51 gcd=1 a0=(4.000000000,-4.000000000) 
rho=(0.01666666667,0.01666666667) contrib=(0.1333333333,-3.324553251E-72)
COSET 11 c=1 d=52 gcd=1 a0=(4.000000000,-4.000000000) 
rho=(0.01666666667,0.01666666667) contrib=(0.1333333333,-9.155974503E-73)
COSET 11 c=1 d=53 gcd=1 a0=(4.000000000,-4.000000000) 
rho=(0.01666666667,0.01666666667) contrib=(0.1333333333,-8.915570198E-74)
COSET 11 c=1 d=54 gcd=1 a0=(4.000000000,-4.000000000) 
rho=(0.01666666667,0.01666666667) contrib=(0.1333333333,-6.652181697E-72)
COSET 11 c=1 d=55 gcd=1 a0=(4.000000000,-4.000000000) 
rho=(0.01666666667,0.01666666667) contrib=(0.1333333333,1.355443632E-72)
COSET 11 c=1 d=56 gcd=1 a0=(4.000000000,-4.000000000) 
rho=(0.01666666667,0.01666666667) contrib=(0.1333333333,-2.556392254E-72)
COSET 11 c=1 d=57 gcd=1 a0=(4.000000000,-4.000000000) 
rho=(0.01666666667,0.01666666667) contrib=(0.1333333333,-1.640424816E-72)
COSET 11 c=1 d=58 gcd=1 a0=(4.000000000,-4.000000000) 
rho=(0.01666666667,0.01666666667) contrib=(0.1333333333,2.437380310E-72)
COSET 11 c=1 d=59 gcd=1 a0=(4.000000000,-4.000000000) 
rho=(0.01666666667,0.01666666667) contrib=(0.1333333333,-2.546668698E-71)
COSET 11 c=4 d=1 gcd=4 a0=(26.00000000,7.856526223E-75) 
rho=(-7.920649814E-81,-1.435001788E-81) contrib=(-2.059368952E-79,-3.731004648E\
-80)
COSET 11 c=4 d=3 gcd=4 a0=(8.802195611E-75,26.00000000) 
rho=(8.543572917E-82,4.552911737E-81) contrib=(-1.183757052E-79,2.221328958E-80\
)
COSET 11 c=4 d=5 gcd=4 a0=(26.00000000,-1.206319267E-74) 
rho=(-7.920649814E-81,-1.435001788E-81) contrib=(-2.059368952E-79,-3.731004648E\
-80)
COSET 11 c=4 d=7 gcd=4 a0=(3.682658458E-74,26.00000000) 
rho=(8.543572917E-82,4.552911737E-81) contrib=(-1.183757052E-79,2.221328958E-80\
)
COSET 11 c=4 d=9 gcd=4 a0=(26.00000000,4.415953690E-74) 
rho=(-7.920649814E-81,-1.435001788E-81) contrib=(-2.059368952E-79,-3.731004648E\
-80)
COSET 11 c=4 d=11 gcd=4 a0=(-1.358728556E-73,26.00000000) 
rho=(8.543572917E-82,4.552911737E-81) contrib=(-1.183757052E-79,2.221328958E-80\
)
COSET 11 c=4 d=13 gcd=4 a0=(26.00000000,-4.965795556E-74) 
rho=(-7.920649814E-81,-1.435001788E-81) contrib=(-2.059368952E-79,-3.731004648E\
-80)
COSET 11 c=4 d=15 gcd=4 a0=(-2.725830740E-73,26.00000000) 
rho=(8.543572917E-82,4.552911737E-81) contrib=(-1.183757052E-79,2.221328958E-80\
)
COSET 11 c=4 d=17 gcd=4 a0=(26.00000000,-4.277012138E-74) 
rho=(-7.920649814E-81,-1.435001788E-81) contrib=(-2.059368952E-79,-3.731004648E\
-80)
COSET 11 c=4 d=19 gcd=4 a0=(5.324651231E-74,26.00000000) 
rho=(8.543572917E-82,4.552911737E-81) contrib=(-1.183757052E-79,2.221328958E-80\
)
COSET 11 c=4 d=21 gcd=4 a0=(26.00000000,4.668291439E-74) 
rho=(-7.920649814E-81,-1.435001788E-81) contrib=(-2.059368952E-79,-3.731004648E\
-80)
COSET 11 c=4 d=23 gcd=4 a0=(-1.597951524E-73,26.00000000) 
rho=(8.543572917E-82,4.552911737E-81) contrib=(-1.183757052E-79,2.221328958E-80\
)
COSET 11 c=4 d=25 gcd=4 a0=(26.00000000,2.535426823E-73) 
rho=(-7.920649814E-81,-1.435001788E-81) contrib=(-2.059368952E-79,-3.731004648E\
-80)
COSET 11 c=4 d=27 gcd=4 a0=(5.352949849E-73,26.00000000) 
rho=(8.543572917E-82,4.552911737E-81) contrib=(-1.183757052E-79,2.221328958E-80\
)
COSET 11 c=4 d=29 gcd=4 a0=(26.00000000,-2.615124808E-74) 
rho=(-7.920649814E-81,-1.435001788E-81) contrib=(-2.059368952E-79,-3.731004648E\
-80)
COSET 11 c=5 d=1 gcd=5 a0=(-6.000000000,6.000000000) 
rho=(0.08333333334,0.08333333334) contrib=(-1.000000000,8.080025445E-76)
COSET 11 c=5 d=2 gcd=5 a0=(-6.000000000,6.000000000) 
rho=(0.08333333334,0.08333333334) contrib=(-1.000000000,1.134005257E-75)
COSET 11 c=5 d=3 gcd=5 a0=(6.000000000,-6.000000000) 
rho=(-0.08333333334,-0.08333333334) contrib=(-1.000000000,-1.315595319E-75)
COSET 11 c=5 d=4 gcd=5 a0=(6.000000000,-6.000000000) 
rho=(-0.08333333334,-0.08333333334) contrib=(-1.000000000,1.085272190E-75)
COSET 11 c=5 d=6 gcd=5 a0=(-6.000000000,6.000000000) 
rho=(0.08333333334,0.08333333334) contrib=(-1.000000000,-1.574860296E-75)
COSET 11 c=5 d=7 gcd=5 a0=(-6.000000000,6.000000000) 
rho=(0.08333333334,0.08333333334) contrib=(-1.000000000,4.008305305E-76)
COSET 11 c=5 d=8 gcd=5 a0=(6.000000000,-6.000000000) 
rho=(-0.08333333334,-0.08333333334) contrib=(-1.000000000,-4.654733907E-75)
COSET 11 c=5 d=9 gcd=5 a0=(6.000000000,-6.000000000) 
rho=(-0.08333333334,-0.08333333334) contrib=(-1.000000000,-2.223876656E-76)
COSET 11 c=5 d=11 gcd=5 a0=(-6.000000000,6.000000000) 
rho=(0.08333333334,0.08333333334) contrib=(-1.000000000,2.230820451E-76)
COSET 11 c=5 d=12 gcd=5 a0=(-6.000000000,6.000000000) 
rho=(0.08333333334,0.08333333334) contrib=(-1.000000000,4.676993407E-75)
COSET 11 c=5 d=17 gcd=5 a0=(-6.000000000,6.000000000) 
rho=(0.08333333334,0.08333333334) contrib=(-1.000000000,-6.881438683E-75)
COSET 11 c=5 d=22 gcd=5 a0=(-6.000000000,6.000000000) 
rho=(0.08333333334,0.08333333334) contrib=(-1.000000000,-1.601501133E-75)
COSET 11 c=12 d=1 gcd=12 a0=(20.00000000,-1.497477537E-74) 
rho=(-1.020781260E-80,-1.277747335E-80) contrib=(-2.041562520E-79,-2.555494670E\
-79)
COSET 11 c=12 d=5 gcd=12 a0=(-20.00000000,-3.070970571E-74) 
rho=(2.302811363E-81,2.270965140E-81) contrib=(-4.605622726E-80,-4.541930280E-8\
0)
COSET 11 c=12 d=7 gcd=12 a0=(5.178656962E-75,20.00000000) 
rho=(9.713098001E-82,2.674533655E-81) contrib=(-5.349067310E-80,1.942619600E-80\
)
COSET 11 c=12 d=13 gcd=12 a0=(20.00000000,-1.175950792E-74) 
rho=(-1.020781260E-80,-1.277747335E-80) contrib=(-2.041562520E-79,-2.555494670E\
-79)
COSET 11 c=12 d=19 gcd=12 a0=(-9.749586547E-74,20.00000000) 
rho=(9.713098001E-82,2.674533655E-81) contrib=(-5.349067310E-80,1.942619600E-80\
)
COSET 11 c=15 d=1 gcd=15 a0=(-6.000000000,-6.000000000) 
rho=(-0.2500000000,0.2500000000) contrib=(3.000000000,3.184992397E-74)
COSET 11 c=15 d=2 gcd=15 a0=(-6.000000000,-6.000000000) 
rho=(-0.2500000000,0.2500000000) contrib=(3.000000000,-1.974003372E-74)
COSET 11 c=15 d=4 gcd=15 a0=(-6.000000000,-6.000000000) 
rho=(-0.2500000000,0.2500000000) contrib=(3.000000000,5.814439173E-73)
COSET 11 c=15 d=7 gcd=15 a0=(-6.000000000,-6.000000000) 
rho=(-0.2500000000,0.2500000000) contrib=(3.000000000,-1.032032836E-72)
COSET 11 c=20 d=1 gcd=20 a0=(34.00000000,6.085092380E-73) 
rho=(-3.204388916E-81,1.629867728E-80) contrib=(-1.089492232E-79,5.541550274E-7\
9)
COSET 11 c=20 d=3 gcd=20 a0=(1.432847027E-72,34.00000000) 
rho=(-2.440344386E-81,-1.101922641E-81) contrib=(3.746536980E-80,-8.297170912E-\
80)
COSET 11 c=20 d=11 gcd=20 a0=(1.540940939E-72,-34.00000000) 
rho=(-4.678100337E-82,-1.319971034E-81) contrib=(-4.487901516E-80,1.590554115E-\
80)
FORM 12:
  c_eta(0)[1] (trivial) = -7.64100045243E-72 + -1.29365622895E-70 i   (half: 
-3.82050022621E-72)
  c_eta(0)[2] = 4.00000000000 + -9.23092152535E-71 i   (half: 2.00000000000)
  c_eta(0)[3] = 4.00000000000 + -9.23092145925E-71 i   (half: 2.00000000000)
COSET 12 c=0 d=1 gcd=60 a0=(-90.00000000,-3.768119027E-71) 
rho=(0.0000000000,0.0000000000) contrib=(0.0000000000,-0.0000000000)
COSET 12 c=1 d=0 gcd=1 a0=(6.000000000,-6.000000000) 
rho=(0.01666666667,0.01666666667) contrib=(0.2000000000,-2.670319855E-71)
COSET 12 c=1 d=1 gcd=1 a0=(6.000000000,-6.000000000) 
rho=(0.01666666667,0.01666666667) contrib=(0.2000000000,6.363258534E-72)
COSET 12 c=1 d=2 gcd=1 a0=(6.000000000,-6.000000000) 
rho=(0.01666666667,0.01666666667) contrib=(0.2000000000,7.434199570E-73)
COSET 12 c=1 d=3 gcd=1 a0=(6.000000000,-6.000000000) 
rho=(0.01666666667,0.01666666667) contrib=(0.2000000000,4.205476556E-73)
COSET 12 c=1 d=4 gcd=1 a0=(6.000000000,-6.000000000) 
rho=(0.01666666667,0.01666666667) contrib=(0.2000000000,-4.948657723E-73)
COSET 12 c=1 d=5 gcd=1 a0=(6.000000000,-6.000000000) 
rho=(0.01666666667,0.01666666667) contrib=(0.2000000000,-4.251521728E-73)
COSET 12 c=1 d=6 gcd=1 a0=(6.000000000,-6.000000000) 
rho=(0.01666666667,0.01666666667) contrib=(0.2000000000,3.888358606E-73)
COSET 12 c=1 d=7 gcd=1 a0=(6.000000000,-6.000000000) 
rho=(0.01666666667,0.01666666667) contrib=(0.2000000000,-2.540299474E-73)
COSET 12 c=1 d=8 gcd=1 a0=(6.000000000,-6.000000000) 
rho=(0.01666666667,0.01666666667) contrib=(0.2000000000,2.258566785E-73)
COSET 12 c=1 d=9 gcd=1 a0=(6.000000000,-6.000000000) 
rho=(0.01666666667,0.01666666667) contrib=(0.2000000000,-1.402495781E-72)
COSET 12 c=1 d=10 gcd=1 a0=(6.000000000,-6.000000000) 
rho=(0.01666666667,0.01666666667) contrib=(0.2000000000,-1.423484478E-72)
COSET 12 c=1 d=11 gcd=1 a0=(6.000000000,-6.000000000) 
rho=(0.01666666667,0.01666666667) contrib=(0.2000000000,-1.124098093E-72)
COSET 12 c=1 d=12 gcd=1 a0=(6.000000000,-6.000000000) 
rho=(0.01666666667,0.01666666667) contrib=(0.2000000000,2.036300593E-74)
COSET 12 c=1 d=13 gcd=1 a0=(6.000000000,-6.000000000) 
rho=(0.01666666667,0.01666666667) contrib=(0.2000000000,-1.076652134E-72)
COSET 12 c=1 d=14 gcd=1 a0=(6.000000000,-6.000000000) 
rho=(0.01666666667,0.01666666667) contrib=(0.2000000000,3.072561655E-74)
COSET 12 c=1 d=15 gcd=1 a0=(6.000000000,-6.000000000) 
rho=(0.01666666667,0.01666666667) contrib=(0.2000000000,-3.815604643E-73)
COSET 12 c=1 d=16 gcd=1 a0=(6.000000000,-6.000000000) 
rho=(0.01666666667,0.01666666667) contrib=(0.2000000000,2.133252380E-73)
COSET 12 c=1 d=17 gcd=1 a0=(6.000000000,-6.000000000) 
rho=(0.01666666667,0.01666666667) contrib=(0.2000000000,-1.135996574E-72)
COSET 12 c=1 d=18 gcd=1 a0=(6.000000000,-6.000000000) 
rho=(0.01666666667,0.01666666667) contrib=(0.2000000000,-1.299508896E-72)
COSET 12 c=1 d=19 gcd=1 a0=(6.000000000,-6.000000000) 
rho=(0.01666666667,0.01666666667) contrib=(0.2000000000,1.985004343E-72)
COSET 12 c=1 d=20 gcd=1 a0=(6.000000000,-6.000000000) 
rho=(0.01666666667,0.01666666667) contrib=(0.2000000000,-7.240983219E-72)
COSET 12 c=1 d=21 gcd=1 a0=(6.000000000,-6.000000000) 
rho=(0.01666666667,0.01666666667) contrib=(0.2000000000,-3.562782104E-72)
COSET 12 c=1 d=22 gcd=1 a0=(6.000000000,-6.000000000) 
rho=(0.01666666667,0.01666666667) contrib=(0.2000000000,1.214619029E-72)
COSET 12 c=1 d=23 gcd=1 a0=(6.000000000,-6.000000000) 
rho=(0.01666666667,0.01666666667) contrib=(0.2000000000,1.588722522E-73)
COSET 12 c=1 d=24 gcd=1 a0=(6.000000000,-6.000000000) 
rho=(0.01666666667,0.01666666667) contrib=(0.2000000000,-2.361656153E-72)
COSET 12 c=1 d=25 gcd=1 a0=(6.000000000,-6.000000000) 
rho=(0.01666666667,0.01666666667) contrib=(0.2000000000,8.179210885E-73)
COSET 12 c=1 d=26 gcd=1 a0=(6.000000000,-6.000000000) 
rho=(0.01666666667,0.01666666667) contrib=(0.2000000000,1.429082946E-72)
COSET 12 c=1 d=27 gcd=1 a0=(6.000000000,-6.000000000) 
rho=(0.01666666667,0.01666666667) contrib=(0.2000000000,-6.067222191E-73)
COSET 12 c=1 d=28 gcd=1 a0=(6.000000000,-6.000000000) 
rho=(0.01666666667,0.01666666667) contrib=(0.2000000000,2.279966203E-72)
COSET 12 c=1 d=29 gcd=1 a0=(6.000000000,-6.000000000) 
rho=(0.01666666667,0.01666666667) contrib=(0.2000000000,9.051210078E-72)
COSET 12 c=1 d=30 gcd=1 a0=(6.000000000,-6.000000000) 
rho=(0.01666666667,0.01666666667) contrib=(0.2000000000,-6.036204960E-72)
COSET 12 c=1 d=31 gcd=1 a0=(6.000000000,-6.000000000) 
rho=(0.01666666667,0.01666666667) contrib=(0.2000000000,1.847704736E-72)
COSET 12 c=1 d=32 gcd=1 a0=(6.000000000,-6.000000000) 
rho=(0.01666666667,0.01666666667) contrib=(0.2000000000,2.905958880E-72)
COSET 12 c=1 d=33 gcd=1 a0=(6.000000000,-6.000000000) 
rho=(0.01666666667,0.01666666667) contrib=(0.2000000000,-6.257330889E-73)
COSET 12 c=1 d=34 gcd=1 a0=(6.000000000,-6.000000000) 
rho=(0.01666666667,0.01666666667) contrib=(0.2000000000,1.854477507E-72)
COSET 12 c=1 d=35 gcd=1 a0=(6.000000000,-6.000000000) 
rho=(0.01666666667,0.01666666667) contrib=(0.2000000000,4.676515643E-72)
COSET 12 c=1 d=36 gcd=1 a0=(6.000000000,-6.000000000) 
rho=(0.01666666667,0.01666666667) contrib=(0.2000000000,4.444813790E-72)
COSET 12 c=1 d=37 gcd=1 a0=(6.000000000,-6.000000000) 
rho=(0.01666666667,0.01666666667) contrib=(0.2000000000,8.070240861E-72)
COSET 12 c=1 d=38 gcd=1 a0=(6.000000000,-6.000000000) 
rho=(0.01666666667,0.01666666667) contrib=(0.2000000000,-1.251716756E-71)
COSET 12 c=1 d=39 gcd=1 a0=(6.000000000,-6.000000000) 
rho=(0.01666666667,0.01666666667) contrib=(0.2000000000,-4.285200626E-73)
COSET 12 c=1 d=40 gcd=1 a0=(6.000000000,-6.000000000) 
rho=(0.01666666667,0.01666666667) contrib=(0.2000000000,2.266842969E-72)
COSET 12 c=1 d=41 gcd=1 a0=(6.000000000,-6.000000000) 
rho=(0.01666666667,0.01666666667) contrib=(0.2000000000,2.110223555E-71)
COSET 12 c=1 d=42 gcd=1 a0=(6.000000000,-6.000000000) 
rho=(0.01666666667,0.01666666667) contrib=(0.2000000000,-5.135394573E-72)
COSET 12 c=1 d=43 gcd=1 a0=(6.000000000,-6.000000000) 
rho=(0.01666666667,0.01666666667) contrib=(0.2000000000,6.585749122E-72)
COSET 12 c=1 d=44 gcd=1 a0=(6.000000000,-6.000000000) 
rho=(0.01666666667,0.01666666667) contrib=(0.2000000000,-1.127109237E-71)
COSET 12 c=1 d=45 gcd=1 a0=(6.000000000,-6.000000000) 
rho=(0.01666666667,0.01666666667) contrib=(0.2000000000,-2.446715792E-72)
COSET 12 c=1 d=46 gcd=1 a0=(6.000000000,-6.000000000) 
rho=(0.01666666667,0.01666666667) contrib=(0.2000000000,8.715907739E-73)
COSET 12 c=1 d=47 gcd=1 a0=(6.000000000,-6.000000000) 
rho=(0.01666666667,0.01666666667) contrib=(0.2000000000,-3.239880368E-72)
COSET 12 c=1 d=48 gcd=1 a0=(6.000000000,-6.000000000) 
rho=(0.01666666667,0.01666666667) contrib=(0.2000000000,1.787185597E-71)
COSET 12 c=1 d=49 gcd=1 a0=(6.000000000,-6.000000000) 
rho=(0.01666666667,0.01666666667) contrib=(0.2000000000,-5.525978178E-72)
COSET 12 c=1 d=50 gcd=1 a0=(6.000000000,-6.000000000) 
rho=(0.01666666667,0.01666666667) contrib=(0.2000000000,-2.084430680E-73)
COSET 12 c=1 d=51 gcd=1 a0=(6.000000000,-6.000000000) 
rho=(0.01666666667,0.01666666667) contrib=(0.2000000000,-8.306029997E-72)
COSET 12 c=1 d=52 gcd=1 a0=(6.000000000,-6.000000000) 
rho=(0.01666666667,0.01666666667) contrib=(0.2000000000,-2.296445092E-72)
COSET 12 c=1 d=53 gcd=1 a0=(6.000000000,-6.000000000) 
rho=(0.01666666667,0.01666666667) contrib=(0.2000000000,-2.176605947E-73)
COSET 12 c=1 d=54 gcd=1 a0=(6.000000000,-6.000000000) 
rho=(0.01666666667,0.01666666667) contrib=(0.2000000000,-1.664455545E-71)
COSET 12 c=1 d=55 gcd=1 a0=(6.000000000,-6.000000000) 
rho=(0.01666666667,0.01666666667) contrib=(0.2000000000,3.382827525E-72)
COSET 12 c=1 d=56 gcd=1 a0=(6.000000000,-6.000000000) 
rho=(0.01666666667,0.01666666667) contrib=(0.2000000000,-6.386878599E-72)
COSET 12 c=1 d=57 gcd=1 a0=(6.000000000,-6.000000000) 
rho=(0.01666666667,0.01666666667) contrib=(0.2000000000,-4.087445033E-72)
COSET 12 c=1 d=58 gcd=1 a0=(6.000000000,-6.000000000) 
rho=(0.01666666667,0.01666666667) contrib=(0.2000000000,6.105425506E-72)
COSET 12 c=1 d=59 gcd=1 a0=(6.000000000,-6.000000000) 
rho=(0.01666666667,0.01666666667) contrib=(0.2000000000,-6.367540958E-71)
COSET 12 c=3 d=1 gcd=3 a0=(-3.000000000,-3.000000000) 
rho=(0.05000000000,-0.05000000000) contrib=(-0.3000000000,2.314508986E-76)
COSET 12 c=3 d=2 gcd=3 a0=(-3.000000000,-3.000000000) 
rho=(0.05000000000,-0.05000000000) contrib=(-0.3000000000,-1.589102454E-76)
COSET 12 c=3 d=4 gcd=3 a0=(-3.000000000,-3.000000000) 
rho=(0.05000000000,-0.05000000000) contrib=(-0.3000000000,-1.485405178E-76)
COSET 12 c=3 d=5 gcd=3 a0=(-3.000000000,-3.000000000) 
rho=(0.05000000000,-0.05000000000) contrib=(-0.3000000000,-4.836728790E-77)
COSET 12 c=3 d=7 gcd=3 a0=(-3.000000000,-3.000000000) 
rho=(0.05000000000,-0.05000000000) contrib=(-0.3000000000,-1.136518200E-75)
COSET 12 c=3 d=8 gcd=3 a0=(-3.000000000,-3.000000000) 
rho=(0.05000000000,-0.05000000000) contrib=(-0.3000000000,7.047066101E-76)
COSET 12 c=3 d=10 gcd=3 a0=(-3.000000000,-3.000000000) 
rho=(0.05000000000,-0.05000000000) contrib=(-0.3000000000,-4.387157813E-76)
COSET 12 c=3 d=11 gcd=3 a0=(-3.000000000,-3.000000000) 
rho=(0.05000000000,-0.05000000000) contrib=(-0.3000000000,-1.036387667E-76)
COSET 12 c=3 d=13 gcd=3 a0=(-3.000000000,-3.000000000) 
rho=(0.05000000000,-0.05000000000) contrib=(-0.3000000000,4.179921394E-76)
COSET 12 c=3 d=14 gcd=3 a0=(-3.000000000,-3.000000000) 
rho=(0.05000000000,-0.05000000000) contrib=(-0.3000000000,-1.761825825E-76)
COSET 12 c=3 d=16 gcd=3 a0=(-3.000000000,-3.000000000) 
rho=(0.05000000000,-0.05000000000) contrib=(-0.3000000000,1.640873607E-75)
COSET 12 c=3 d=17 gcd=3 a0=(-3.000000000,-3.000000000) 
rho=(0.05000000000,-0.05000000000) contrib=(-0.3000000000,1.371418823E-75)
COSET 12 c=3 d=19 gcd=3 a0=(-3.000000000,-3.000000000) 
rho=(0.05000000000,-0.05000000000) contrib=(-0.3000000000,1.751416564E-75)
COSET 12 c=3 d=20 gcd=3 a0=(-3.000000000,-3.000000000) 
rho=(0.05000000000,-0.05000000000) contrib=(-0.3000000000,8.601576441E-76)
COSET 12 c=3 d=23 gcd=3 a0=(-3.000000000,-3.000000000) 
rho=(0.05000000000,-0.05000000000) contrib=(-0.3000000000,-8.291196211E-77)
COSET 12 c=3 d=26 gcd=3 a0=(-3.000000000,-3.000000000) 
rho=(0.05000000000,-0.05000000000) contrib=(-0.3000000000,1.523415389E-75)
COSET 12 c=3 d=29 gcd=3 a0=(-3.000000000,-3.000000000) 
rho=(0.05000000000,-0.05000000000) contrib=(-0.3000000000,9.506689601E-75)
COSET 12 c=3 d=32 gcd=3 a0=(-3.000000000,-3.000000000) 
rho=(0.05000000000,-0.05000000000) contrib=(-0.3000000000,6.390717291E-76)
COSET 12 c=3 d=35 gcd=3 a0=(-3.000000000,-3.000000000) 
rho=(0.05000000000,-0.05000000000) contrib=(-0.3000000000,1.423235834E-75)
COSET 12 c=3 d=38 gcd=3 a0=(-3.000000000,-3.000000000) 
rho=(0.05000000000,-0.05000000000) contrib=(-0.3000000000,-2.677216996E-75)
COSET 12 c=4 d=1 gcd=4 a0=(60.00000000,1.973222485E-74) 
rho=(-7.920649814E-81,-1.435001788E-81) contrib=(-4.752389888E-79,-8.610010726E\
-80)
COSET 12 c=4 d=3 gcd=4 a0=(2.360130251E-74,60.00000000) 
rho=(8.543572917E-82,4.552911737E-81) contrib=(-2.731747042E-79,5.126143750E-80\
)
COSET 12 c=4 d=5 gcd=4 a0=(60.00000000,-2.702210529E-74) 
rho=(-7.920649814E-81,-1.435001788E-81) contrib=(-4.752389888E-79,-8.610010726E\
-80)
COSET 12 c=4 d=7 gcd=4 a0=(7.841429885E-74,60.00000000) 
rho=(8.543572917E-82,4.552911737E-81) contrib=(-2.731747042E-79,5.126143750E-80\
)
COSET 12 c=4 d=9 gcd=4 a0=(60.00000000,1.046664432E-73) 
rho=(-7.920649814E-81,-1.435001788E-81) contrib=(-4.752389888E-79,-8.610010726E\
-80)
COSET 12 c=4 d=11 gcd=4 a0=(-3.368843453E-73,60.00000000) 
rho=(8.543572917E-82,4.552911737E-81) contrib=(-2.731747042E-79,5.126143750E-80\
)
COSET 12 c=4 d=13 gcd=4 a0=(60.00000000,-1.240802189E-73) 
rho=(-7.920649814E-81,-1.435001788E-81) contrib=(-4.752389888E-79,-8.610010726E\
-80)
COSET 12 c=4 d=15 gcd=4 a0=(-6.404787959E-73,60.00000000) 
rho=(8.543572917E-82,4.552911737E-81) contrib=(-2.731747042E-79,5.126143750E-80\
)
COSET 12 c=4 d=17 gcd=4 a0=(60.00000000,-1.188559768E-73) 
rho=(-7.920649814E-81,-1.435001788E-81) contrib=(-4.752389888E-79,-8.610010726E\
-80)
COSET 12 c=4 d=19 gcd=4 a0=(1.420733748E-73,60.00000000) 
rho=(8.543572917E-82,4.552911737E-81) contrib=(-2.731747042E-79,5.126143750E-80\
)
COSET 12 c=4 d=21 gcd=4 a0=(60.00000000,1.139813619E-73) 
rho=(-7.920649814E-81,-1.435001788E-81) contrib=(-4.752389888E-79,-8.610010726E\
-80)
COSET 12 c=4 d=23 gcd=4 a0=(-4.175903547E-73,60.00000000) 
rho=(8.543572917E-82,4.552911737E-81) contrib=(-2.731747042E-79,5.126143750E-80\
)
COSET 12 c=4 d=25 gcd=4 a0=(60.00000000,5.989358819E-73) 
rho=(-7.920649814E-81,-1.435001788E-81) contrib=(-4.752389888E-79,-8.610010726E\
-80)
COSET 12 c=4 d=27 gcd=4 a0=(1.313333519E-72,60.00000000) 
rho=(8.543572917E-82,4.552911737E-81) contrib=(-2.731747042E-79,5.126143750E-80\
)
COSET 12 c=4 d=29 gcd=4 a0=(60.00000000,-6.544535361E-74) 
rho=(-7.920649814E-81,-1.435001788E-81) contrib=(-4.752389888E-79,-8.610010726E\
-80)
COSET 12 c=5 d=1 gcd=5 a0=(-13.00000000,13.00000000) 
rho=(0.08333333334,0.08333333334) contrib=(-2.166666667,2.158461264E-75)
COSET 12 c=5 d=2 gcd=5 a0=(-13.00000000,13.00000000) 
rho=(0.08333333334,0.08333333334) contrib=(-2.166666667,2.791752881E-75)
COSET 12 c=5 d=3 gcd=5 a0=(13.00000000,-13.00000000) 
rho=(-0.08333333334,-0.08333333334) contrib=(-2.166666667,-3.078835204E-75)
COSET 12 c=5 d=4 gcd=5 a0=(13.00000000,-13.00000000) 
rho=(-0.08333333334,-0.08333333334) contrib=(-2.166666667,2.723977793E-75)
COSET 12 c=5 d=6 gcd=5 a0=(-13.00000000,13.00000000) 
rho=(0.08333333334,0.08333333334) contrib=(-2.166666667,-4.027554304E-75)
COSET 12 c=5 d=7 gcd=5 a0=(-13.00000000,13.00000000) 
rho=(0.08333333334,0.08333333334) contrib=(-2.166666667,1.187404652E-75)
COSET 12 c=5 d=8 gcd=5 a0=(13.00000000,-13.00000000) 
rho=(-0.08333333334,-0.08333333334) contrib=(-2.166666667,-1.128373509E-74)
COSET 12 c=5 d=9 gcd=5 a0=(13.00000000,-13.00000000) 
rho=(-0.08333333334,-0.08333333334) contrib=(-2.166666667,-1.104723599E-75)
COSET 12 c=5 d=11 gcd=5 a0=(-13.00000000,13.00000000) 
rho=(0.08333333334,0.08333333334) contrib=(-2.166666667,3.194971220E-76)
COSET 12 c=5 d=12 gcd=5 a0=(-13.00000000,13.00000000) 
rho=(0.08333333334,0.08333333334) contrib=(-2.166666667,1.166181767E-74)
COSET 12 c=5 d=17 gcd=5 a0=(-13.00000000,13.00000000) 
rho=(0.08333333334,0.08333333334) contrib=(-2.166666667,-1.727114619E-74)
COSET 12 c=5 d=22 gcd=5 a0=(-13.00000000,13.00000000) 
rho=(0.08333333334,0.08333333334) contrib=(-2.166666667,-2.477749299E-75)
COSET 12 c=12 d=1 gcd=12 a0=(58.00000000,-3.759723381E-74) 
rho=(-1.020781260E-80,-1.277747335E-80) contrib=(-5.920531309E-79,-7.410934543E\
-79)
COSET 12 c=12 d=5 gcd=12 a0=(-58.00000000,-7.698898815E-74) 
rho=(2.302811363E-81,2.270965140E-81) contrib=(-1.335630591E-79,-1.317159781E-7\
9)
COSET 12 c=12 d=7 gcd=12 a0=(1.193550532E-74,58.00000000) 
rho=(9.713098001E-82,2.674533655E-81) contrib=(-1.551229520E-79,5.633596840E-80\
)
COSET 12 c=12 d=13 gcd=12 a0=(58.00000000,-3.332238439E-74) 
rho=(-1.020781260E-80,-1.277747335E-80) contrib=(-5.920531309E-79,-7.410934543E\
-79)
COSET 12 c=12 d=19 gcd=12 a0=(-2.573852125E-73,58.00000000) 
rho=(9.713098001E-82,2.674533655E-81) contrib=(-1.551229520E-79,5.633596840E-80\
)
COSET 12 c=15 d=1 gcd=15 a0=(-12.00000000,-12.00000000) 
rho=(-0.2500000000,0.2500000000) contrib=(6.000000000,8.247703742E-74)
COSET 12 c=15 d=2 gcd=15 a0=(-12.00000000,-12.00000000) 
rho=(-0.2500000000,0.2500000000) contrib=(6.000000000,-4.819288199E-74)
COSET 12 c=15 d=4 gcd=15 a0=(-12.00000000,-12.00000000) 
rho=(-0.2500000000,0.2500000000) contrib=(6.000000000,1.454074609E-72)
COSET 12 c=15 d=7 gcd=15 a0=(-12.00000000,-12.00000000) 
rho=(-0.2500000000,0.2500000000) contrib=(6.000000000,-2.580778433E-72)
COSET 12 c=20 d=1 gcd=20 a0=(88.00000000,1.520463282E-72) 
rho=(-3.204388916E-81,1.629867728E-80) contrib=(-2.819862246E-79,1.434283600E-7\
8)
COSET 12 c=20 d=3 gcd=20 a0=(3.593837303E-72,88.00000000) 
rho=(-2.440344386E-81,-1.101922641E-81) contrib=(9.696919243E-80,-2.147503060E-\
79)
COSET 12 c=20 d=11 gcd=20 a0=(3.864711440E-72,-88.00000000) 
rho=(-4.678100337E-82,-1.319971034E-81) contrib=(-1.161574510E-79,4.116728297E-\
80)
FORM 13:
  c_eta(0)[1] (trivial) = 4.35834049162E-70 + 8.57092153850E-69 i   (half: 
2.17917024581E-70)
  c_eta(0)[2] = 8.00000000000 + 5.18186877127E-69 i   (half: 4.00000000000)
  c_eta(0)[3] = 8.00000000000 + 5.18186877139E-69 i   (half: 4.00000000000)
COSET 13 c=0 d=1 gcd=60 a0=(-22.00000000,3.379490499E-69) 
rho=(0.0000000000,0.0000000000) contrib=(-0.0000000000,0.0000000000)
COSET 13 c=1 d=0 gcd=1 a0=(2.000000000,-2.000000000) 
rho=(0.01666666667,0.01666666667) contrib=(0.06666666667,1.305799445E-69)
COSET 13 c=1 d=1 gcd=1 a0=(2.000000000,-2.000000000) 
rho=(0.01666666667,0.01666666667) contrib=(0.06666666667,-2.587271186E-70)
COSET 13 c=1 d=2 gcd=1 a0=(2.000000000,-2.000000000) 
rho=(0.01666666667,0.01666666667) contrib=(0.06666666667,1.747698897E-71)
COSET 13 c=1 d=3 gcd=1 a0=(2.000000000,-2.000000000) 
rho=(0.01666666667,0.01666666667) contrib=(0.06666666667,1.471783675E-71)
COSET 13 c=1 d=4 gcd=1 a0=(2.000000000,-2.000000000) 
rho=(0.01666666667,0.01666666667) contrib=(0.06666666667,-3.233867896E-71)
COSET 13 c=1 d=5 gcd=1 a0=(2.000000000,-2.000000000) 
rho=(0.01666666667,0.01666666667) contrib=(0.06666666667,1.702656327E-72)
COSET 13 c=1 d=6 gcd=1 a0=(2.000000000,-2.000000000) 
rho=(0.01666666667,0.01666666667) contrib=(0.06666666667,4.424901937E-71)
COSET 13 c=1 d=7 gcd=1 a0=(2.000000000,-2.000000000) 
rho=(0.01666666667,0.01666666667) contrib=(0.06666666667,6.752848188E-71)
COSET 13 c=1 d=8 gcd=1 a0=(2.000000000,-2.000000000) 
rho=(0.01666666667,0.01666666667) contrib=(0.06666666667,1.404337732E-72)
COSET 13 c=1 d=9 gcd=1 a0=(2.000000000,-2.000000000) 
rho=(0.01666666667,0.01666666667) contrib=(0.06666666667,1.645398023E-70)
COSET 13 c=1 d=10 gcd=1 a0=(2.000000000,-2.000000000) 
rho=(0.01666666667,0.01666666667) contrib=(0.06666666667,1.330890043E-70)
COSET 13 c=1 d=11 gcd=1 a0=(2.000000000,-2.000000000) 
rho=(0.01666666667,0.01666666667) contrib=(0.06666666667,1.115534675E-70)
COSET 13 c=1 d=12 gcd=1 a0=(2.000000000,-2.000000000) 
rho=(0.01666666667,0.01666666667) contrib=(0.06666666667,-9.111097948E-71)
COSET 13 c=1 d=13 gcd=1 a0=(2.000000000,-2.000000000) 
rho=(0.01666666667,0.01666666667) contrib=(0.06666666667,1.486852891E-70)
COSET 13 c=1 d=14 gcd=1 a0=(2.000000000,-2.000000000) 
rho=(0.01666666667,0.01666666667) contrib=(0.06666666667,-2.593838911E-71)
COSET 13 c=1 d=15 gcd=1 a0=(2.000000000,-2.000000000) 
rho=(0.01666666667,0.01666666667) contrib=(0.06666666667,1.866790510E-71)
COSET 13 c=1 d=16 gcd=1 a0=(2.000000000,-2.000000000) 
rho=(0.01666666667,0.01666666667) contrib=(0.06666666667,-6.338032055E-71)
COSET 13 c=1 d=17 gcd=1 a0=(2.000000000,-2.000000000) 
rho=(0.01666666667,0.01666666667) contrib=(0.06666666667,-1.076411312E-70)
COSET 13 c=1 d=18 gcd=1 a0=(2.000000000,-2.000000000) 
rho=(0.01666666667,0.01666666667) contrib=(0.06666666667,1.028149730E-70)
COSET 13 c=1 d=19 gcd=1 a0=(2.000000000,-2.000000000) 
rho=(0.01666666667,0.01666666667) contrib=(0.06666666667,-2.256255458E-71)
COSET 13 c=1 d=20 gcd=1 a0=(2.000000000,-2.000000000) 
rho=(0.01666666667,0.01666666667) contrib=(0.06666666667,3.966517140E-70)
COSET 13 c=1 d=21 gcd=1 a0=(2.000000000,-2.000000000) 
rho=(0.01666666667,0.01666666667) contrib=(0.06666666667,2.486621086E-70)
COSET 13 c=1 d=22 gcd=1 a0=(2.000000000,-2.000000000) 
rho=(0.01666666667,0.01666666667) contrib=(0.06666666667,-6.182977133E-71)
COSET 13 c=1 d=23 gcd=1 a0=(2.000000000,-2.000000000) 
rho=(0.01666666667,0.01666666667) contrib=(0.06666666667,-7.224498140E-72)
COSET 13 c=1 d=24 gcd=1 a0=(2.000000000,-2.000000000) 
rho=(0.01666666667,0.01666666667) contrib=(0.06666666667,1.534513119E-70)
COSET 13 c=1 d=25 gcd=1 a0=(2.000000000,-2.000000000) 
rho=(0.01666666667,0.01666666667) contrib=(0.06666666667,-1.271096621E-72)
COSET 13 c=1 d=26 gcd=1 a0=(2.000000000,-2.000000000) 
rho=(0.01666666667,0.01666666667) contrib=(0.06666666667,-1.034363718E-70)
COSET 13 c=1 d=27 gcd=1 a0=(2.000000000,-2.000000000) 
rho=(0.01666666667,0.01666666667) contrib=(0.06666666667,9.471674336E-71)
COSET 13 c=1 d=28 gcd=1 a0=(2.000000000,-2.000000000) 
rho=(0.01666666667,0.01666666667) contrib=(0.06666666667,-8.707247677E-71)
COSET 13 c=1 d=29 gcd=1 a0=(2.000000000,-2.000000000) 
rho=(0.01666666667,0.01666666667) contrib=(0.06666666667,-4.519703578E-70)
COSET 13 c=1 d=30 gcd=1 a0=(2.000000000,-2.000000000) 
rho=(0.01666666667,0.01666666667) contrib=(0.06666666667,3.596802534E-70)
COSET 13 c=1 d=31 gcd=1 a0=(2.000000000,-2.000000000) 
rho=(0.01666666667,0.01666666667) contrib=(0.06666666667,-5.597305806E-71)
COSET 13 c=1 d=32 gcd=1 a0=(2.000000000,-2.000000000) 
rho=(0.01666666667,0.01666666667) contrib=(0.06666666667,-1.284267446E-70)
COSET 13 c=1 d=33 gcd=1 a0=(2.000000000,-2.000000000) 
rho=(0.01666666667,0.01666666667) contrib=(0.06666666667,1.044209411E-70)
COSET 13 c=1 d=34 gcd=1 a0=(2.000000000,-2.000000000) 
rho=(0.01666666667,0.01666666667) contrib=(0.06666666667,9.477805786E-72)
COSET 13 c=1 d=35 gcd=1 a0=(2.000000000,-2.000000000) 
rho=(0.01666666667,0.01666666667) contrib=(0.06666666667,-2.697307119E-70)
COSET 13 c=1 d=36 gcd=1 a0=(2.000000000,-2.000000000) 
rho=(0.01666666667,0.01666666667) contrib=(0.06666666667,-2.846230592E-70)
COSET 13 c=1 d=37 gcd=1 a0=(2.000000000,-2.000000000) 
rho=(0.01666666667,0.01666666667) contrib=(0.06666666667,-3.418943337E-70)
COSET 13 c=1 d=38 gcd=1 a0=(2.000000000,-2.000000000) 
rho=(0.01666666667,0.01666666667) contrib=(0.06666666667,5.671932619E-70)
COSET 13 c=1 d=39 gcd=1 a0=(2.000000000,-2.000000000) 
rho=(0.01666666667,0.01666666667) contrib=(0.06666666667,-7.180988432E-71)
COSET 13 c=1 d=40 gcd=1 a0=(2.000000000,-2.000000000) 
rho=(0.01666666667,0.01666666667) contrib=(0.06666666667,-7.033833647E-71)
COSET 13 c=1 d=41 gcd=1 a0=(2.000000000,-2.000000000) 
rho=(0.01666666667,0.01666666667) contrib=(0.06666666667,-1.036021568E-69)
COSET 13 c=1 d=42 gcd=1 a0=(2.000000000,-2.000000000) 
rho=(0.01666666667,0.01666666667) contrib=(0.06666666667,6.850597641E-71)
COSET 13 c=1 d=43 gcd=1 a0=(2.000000000,-2.000000000) 
rho=(0.01666666667,0.01666666667) contrib=(0.06666666667,-2.957740431E-70)
COSET 13 c=1 d=44 gcd=1 a0=(2.000000000,-2.000000000) 
rho=(0.01666666667,0.01666666667) contrib=(0.06666666667,6.264525410E-70)
COSET 13 c=1 d=45 gcd=1 a0=(2.000000000,-2.000000000) 
rho=(0.01666666667,0.01666666667) contrib=(0.06666666667,1.031510236E-70)
COSET 13 c=1 d=46 gcd=1 a0=(2.000000000,-2.000000000) 
rho=(0.01666666667,0.01666666667) contrib=(0.06666666667,-8.199162766E-71)
COSET 13 c=1 d=47 gcd=1 a0=(2.000000000,-2.000000000) 
rho=(0.01666666667,0.01666666667) contrib=(0.06666666667,2.903500687E-70)
COSET 13 c=1 d=48 gcd=1 a0=(2.000000000,-2.000000000) 
rho=(0.01666666667,0.01666666667) contrib=(0.06666666667,-9.496683575E-70)
COSET 13 c=1 d=49 gcd=1 a0=(2.000000000,-2.000000000) 
rho=(0.01666666667,0.01666666667) contrib=(0.06666666667,4.296365534E-70)
COSET 13 c=1 d=50 gcd=1 a0=(2.000000000,-2.000000000) 
rho=(0.01666666667,0.01666666667) contrib=(0.06666666667,6.089826268E-71)
COSET 13 c=1 d=51 gcd=1 a0=(2.000000000,-2.000000000) 
rho=(0.01666666667,0.01666666667) contrib=(0.06666666667,4.133882126E-70)
COSET 13 c=1 d=52 gcd=1 a0=(2.000000000,-2.000000000) 
rho=(0.01666666667,0.01666666667) contrib=(0.06666666667,-2.507291145E-71)
COSET 13 c=1 d=53 gcd=1 a0=(2.000000000,-2.000000000) 
rho=(0.01666666667,0.01666666667) contrib=(0.06666666667,3.597863747E-71)
COSET 13 c=1 d=54 gcd=1 a0=(2.000000000,-2.000000000) 
rho=(0.01666666667,0.01666666667) contrib=(0.06666666667,1.108880874E-69)
COSET 13 c=1 d=55 gcd=1 a0=(2.000000000,-2.000000000) 
rho=(0.01666666667,0.01666666667) contrib=(0.06666666667,-1.664771044E-70)
COSET 13 c=1 d=56 gcd=1 a0=(2.000000000,-2.000000000) 
rho=(0.01666666667,0.01666666667) contrib=(0.06666666667,3.026294752E-70)
COSET 13 c=1 d=57 gcd=1 a0=(2.000000000,-2.000000000) 
rho=(0.01666666667,0.01666666667) contrib=(0.06666666667,2.066888002E-70)
COSET 13 c=1 d=58 gcd=1 a0=(2.000000000,-2.000000000) 
rho=(0.01666666667,0.01666666667) contrib=(0.06666666667,-5.470691376E-70)
COSET 13 c=1 d=59 gcd=1 a0=(2.000000000,-2.000000000) 
rho=(0.01666666667,0.01666666667) contrib=(0.06666666667,3.101152674E-69)
COSET 13 c=3 d=1 gcd=3 a0=(2.000000000,2.000000000) 
rho=(0.05000000000,-0.05000000000) contrib=(0.2000000000,1.185573114E-74)
COSET 13 c=3 d=2 gcd=3 a0=(2.000000000,2.000000000) 
rho=(0.05000000000,-0.05000000000) contrib=(0.2000000000,-1.962134333E-75)
COSET 13 c=3 d=4 gcd=3 a0=(2.000000000,2.000000000) 
rho=(0.05000000000,-0.05000000000) contrib=(0.2000000000,1.431531194E-74)
COSET 13 c=3 d=5 gcd=3 a0=(2.000000000,2.000000000) 
rho=(0.05000000000,-0.05000000000) contrib=(0.2000000000,2.169405857E-74)
COSET 13 c=3 d=7 gcd=3 a0=(2.000000000,2.000000000) 
rho=(0.05000000000,-0.05000000000) contrib=(0.2000000000,-1.707888799E-74)
COSET 13 c=3 d=8 gcd=3 a0=(2.000000000,2.000000000) 
rho=(0.05000000000,-0.05000000000) contrib=(0.2000000000,2.810555011E-74)
COSET 13 c=3 d=10 gcd=3 a0=(2.000000000,2.000000000) 
rho=(0.05000000000,-0.05000000000) contrib=(0.2000000000,1.680252849E-74)
COSET 13 c=3 d=11 gcd=3 a0=(2.000000000,2.000000000) 
rho=(0.05000000000,-0.05000000000) contrib=(0.2000000000,-9.810684316E-75)
COSET 13 c=3 d=13 gcd=3 a0=(2.000000000,2.000000000) 
rho=(0.05000000000,-0.05000000000) contrib=(0.2000000000,6.336874933E-74)
COSET 13 c=3 d=14 gcd=3 a0=(2.000000000,2.000000000) 
rho=(0.05000000000,-0.05000000000) contrib=(0.2000000000,-2.606049907E-74)
COSET 13 c=3 d=16 gcd=3 a0=(2.000000000,2.000000000) 
rho=(0.05000000000,-0.05000000000) contrib=(0.2000000000,1.706783253E-73)
COSET 13 c=3 d=17 gcd=3 a0=(2.000000000,2.000000000) 
rho=(0.05000000000,-0.05000000000) contrib=(0.2000000000,1.632166799E-73)
COSET 13 c=3 d=19 gcd=3 a0=(2.000000000,2.000000000) 
rho=(0.05000000000,-0.05000000000) contrib=(0.2000000000,-2.382200840E-74)
COSET 13 c=3 d=20 gcd=3 a0=(2.000000000,2.000000000) 
rho=(0.05000000000,-0.05000000000) contrib=(0.2000000000,2.724883934E-73)
COSET 13 c=3 d=23 gcd=3 a0=(2.000000000,2.000000000) 
rho=(0.05000000000,-0.05000000000) contrib=(0.2000000000,-1.102665969E-73)
COSET 13 c=3 d=26 gcd=3 a0=(2.000000000,2.000000000) 
rho=(0.05000000000,-0.05000000000) contrib=(0.2000000000,1.309105006E-73)
COSET 13 c=3 d=29 gcd=3 a0=(2.000000000,2.000000000) 
rho=(0.05000000000,-0.05000000000) contrib=(0.2000000000,2.592232385E-73)
COSET 13 c=3 d=32 gcd=3 a0=(2.000000000,2.000000000) 
rho=(0.05000000000,-0.05000000000) contrib=(0.2000000000,1.417160747E-73)
COSET 13 c=3 d=35 gcd=3 a0=(2.000000000,2.000000000) 
rho=(0.05000000000,-0.05000000000) contrib=(0.2000000000,3.045182153E-73)
COSET 13 c=3 d=38 gcd=3 a0=(2.000000000,2.000000000) 
rho=(0.05000000000,-0.05000000000) contrib=(0.2000000000,-2.188197812E-73)
COSET 13 c=4 d=1 gcd=4 a0=(8.000000000,5.903821279E-74) 
rho=(-7.920649814E-81,-1.435001788E-81) contrib=(-6.336519851E-80,-1.148001430E\
-80)
COSET 13 c=4 d=3 gcd=4 a0=(7.359425144E-74,8.000000000) 
rho=(8.543572917E-82,4.552911737E-81) contrib=(-3.642329389E-80,6.834858333E-81\
)
COSET 13 c=4 d=5 gcd=4 a0=(8.000000000,-7.306545153E-74) 
rho=(-7.920649814E-81,-1.435001788E-81) contrib=(-6.336519851E-80,-1.148001430E\
-80)
COSET 13 c=4 d=7 gcd=4 a0=(2.107541137E-73,8.000000000) 
rho=(8.543572917E-82,4.552911737E-81) contrib=(-3.642329389E-80,6.834858333E-81\
)
COSET 13 c=4 d=9 gcd=4 a0=(8.000000000,3.190151486E-73) 
rho=(-7.920649814E-81,-1.435001788E-81) contrib=(-6.336519851E-80,-1.148001430E\
-80)
COSET 13 c=4 d=11 gcd=4 a0=(-1.034853887E-72,8.000000000) 
rho=(8.543572917E-82,4.552911737E-81) contrib=(-3.642329389E-80,6.834858333E-81\
)
COSET 13 c=4 d=13 gcd=4 a0=(8.000000000,-3.989023435E-73) 
rho=(-7.920649814E-81,-1.435001788E-81) contrib=(-6.336519851E-80,-1.148001430E\
-80)
COSET 13 c=4 d=15 gcd=4 a0=(-1.935453489E-72,8.000000000) 
rho=(8.543572917E-82,4.552911737E-81) contrib=(-3.642329389E-80,6.834858333E-81\
)
COSET 13 c=4 d=17 gcd=4 a0=(8.000000000,-4.119750016E-73) 
rho=(-7.920649814E-81,-1.435001788E-81) contrib=(-6.336519851E-80,-1.148001430E\
-80)
COSET 13 c=4 d=19 gcd=4 a0=(4.731432970E-73,8.000000000) 
rho=(8.543572917E-82,4.552911737E-81) contrib=(-3.642329389E-80,6.834858333E-81\
)
COSET 13 c=4 d=21 gcd=4 a0=(8.000000000,3.674967987E-73) 
rho=(-7.920649814E-81,-1.435001788E-81) contrib=(-6.336519851E-80,-1.148001430E\
-80)
COSET 13 c=4 d=23 gcd=4 a0=(-1.386531247E-72,8.000000000) 
rho=(8.543572917E-82,4.552911737E-81) contrib=(-3.642329389E-80,6.834858333E-81\
)
COSET 13 c=4 d=25 gcd=4 a0=(8.000000000,1.796261618E-72) 
rho=(-7.920649814E-81,-1.435001788E-81) contrib=(-6.336519851E-80,-1.148001430E\
-80)
COSET 13 c=4 d=27 gcd=4 a0=(4.109182356E-72,8.000000000) 
rho=(8.543572917E-82,4.552911737E-81) contrib=(-3.642329389E-80,6.834858333E-81\
)
COSET 13 c=4 d=29 gcd=4 a0=(8.000000000,-2.167166728E-73) 
rho=(-7.920649814E-81,-1.435001788E-81) contrib=(-6.336519851E-80,-1.148001430E\
-80)
COSET 13 c=5 d=1 gcd=5 a0=(-1.000000000,1.000000000) 
rho=(0.08333333334,0.08333333334) contrib=(-0.1666666667,-2.395100575E-75)
COSET 13 c=5 d=2 gcd=5 a0=(-1.000000000,1.000000000) 
rho=(0.08333333334,0.08333333334) contrib=(-0.1666666667,-2.993877037E-75)
COSET 13 c=5 d=3 gcd=5 a0=(1.000000000,-1.000000000) 
rho=(-0.08333333334,-0.08333333334) contrib=(-0.1666666667,3.270225997E-75)
COSET 13 c=5 d=4 gcd=5 a0=(1.000000000,-1.000000000) 
rho=(-0.08333333334,-0.08333333334) contrib=(-0.1666666667,-3.039932386E-75)
COSET 13 c=5 d=6 gcd=5 a0=(-1.000000000,1.000000000) 
rho=(0.08333333334,0.08333333334) contrib=(-0.1666666667,4.559893834E-75)
COSET 13 c=5 d=7 gcd=5 a0=(-1.000000000,1.000000000) 
rho=(0.08333333334,0.08333333334) contrib=(-0.1666666667,-1.473911371E-75)
COSET 13 c=5 d=8 gcd=5 a0=(1.000000000,-1.000000000) 
rho=(-0.08333333334,-0.08333333334) contrib=(-0.1666666667,1.211366260E-74)
COSET 13 c=5 d=9 gcd=5 a0=(1.000000000,-1.000000000) 
rho=(-0.08333333334,-0.08333333334) contrib=(-0.1666666667,1.658143308E-75)
COSET 13 c=5 d=11 gcd=5 a0=(-1.000000000,1.000000000) 
rho=(0.08333333334,0.08333333334) contrib=(-0.1666666667,-1.842414252E-76)
COSET 13 c=5 d=12 gcd=5 a0=(-1.000000000,1.000000000) 
rho=(0.08333333334,0.08333333334) contrib=(-0.1666666667,-1.298880278E-74)
COSET 13 c=5 d=17 gcd=5 a0=(-1.000000000,1.000000000) 
rho=(0.08333333334,0.08333333334) contrib=(-0.1666666667,1.906865490E-74)
COSET 13 c=5 d=22 gcd=5 a0=(-1.000000000,1.000000000) 
rho=(0.08333333334,0.08333333334) contrib=(-0.1666666667,1.612079526E-75)
COSET 13 c=12 d=1 gcd=12 a0=(10.00000000,-1.862765531E-72) 
rho=(-1.020781260E-80,-1.277747335E-80) contrib=(-1.020781260E-79,-1.277747335E\
-79)
COSET 13 c=12 d=5 gcd=12 a0=(-10.00000000,-4.039682970E-72) 
rho=(2.302811363E-81,2.270965140E-81) contrib=(-2.302811363E-80,-2.270965140E-8\
0)
COSET 13 c=12 d=7 gcd=12 a0=(7.642909847E-73,10.00000000) 
rho=(9.713098001E-82,2.674533655E-81) contrib=(-2.674533655E-80,9.713098001E-81\
)
COSET 13 c=12 d=13 gcd=12 a0=(10.00000000,-1.345628583E-72) 
rho=(-1.020781260E-80,-1.277747335E-80) contrib=(-1.020781260E-79,-1.277747335E\
-79)
COSET 13 c=12 d=19 gcd=12 a0=(-1.267222404E-71,10.00000000) 
rho=(9.713098001E-82,2.674533655E-81) contrib=(-2.674533655E-80,9.713098001E-81\
)
COSET 13 c=15 d=1 gcd=15 a0=(-1.000000000,-1.000000000) 
rho=(-0.2500000000,0.2500000000) contrib=(0.5000000000,-5.571365501E-73)
COSET 13 c=15 d=2 gcd=15 a0=(-1.000000000,-1.000000000) 
rho=(-0.2500000000,0.2500000000) contrib=(0.5000000000,2.918334226E-73)
COSET 13 c=15 d=4 gcd=15 a0=(-1.000000000,-1.000000000) 
rho=(-0.2500000000,0.2500000000) contrib=(0.5000000000,-7.932562658E-72)
COSET 13 c=15 d=7 gcd=15 a0=(-1.000000000,-1.000000000) 
rho=(-0.2500000000,0.2500000000) contrib=(0.5000000000,1.403453390E-71)
COSET 13 c=20 d=1 gcd=20 a0=(12.00000000,1.131846749E-71) 
rho=(-3.204388916E-81,1.629867728E-80) contrib=(-3.845266700E-80,1.955841273E-7\
9)
COSET 13 c=20 d=3 gcd=20 a0=(2.693923921E-71,12.00000000) 
rho=(-2.440344386E-81,-1.101922641E-81) contrib=(1.322307169E-80,-2.928413263E-\
80)
COSET 13 c=20 d=11 gcd=20 a0=(3.685030882E-71,-12.00000000) 
rho=(-4.678100337E-82,-1.319971034E-81) contrib=(-1.583965241E-80,5.613720405E-\
81)
FORM 14:
  c_eta(0)[1] (trivial) = -4.85505020207E-72 + -7.76187710965E-71 i   (half: 
-2.42752510104E-72)
  c_eta(0)[2] = -4.00000000000 + -5.53874053439E-71 i   (half: -2.00000000000)
  c_eta(0)[3] = -4.00000000000 + -5.53874049490E-71 i   (half: -2.00000000000)
COSET 14 c=0 d=1 gcd=60 a0=(-54.00000000,-2.260840230E-71) 
rho=(0.0000000000,0.0000000000) contrib=(0.0000000000,-0.0000000000)
COSET 14 c=1 d=0 gcd=1 a0=(2.000000000,-2.000000000) 
rho=(0.01666666667,0.01666666667) contrib=(0.06666666667,-1.602065920E-71)
COSET 14 c=1 d=1 gcd=1 a0=(2.000000000,-2.000000000) 
rho=(0.01666666667,0.01666666667) contrib=(0.06666666667,3.814155782E-72)
COSET 14 c=1 d=2 gcd=1 a0=(2.000000000,-2.000000000) 
rho=(0.01666666667,0.01666666667) contrib=(0.06666666667,4.448801325E-73)
COSET 14 c=1 d=3 gcd=1 a0=(2.000000000,-2.000000000) 
rho=(0.01666666667,0.01666666667) contrib=(0.06666666667,2.584310108E-73)
COSET 14 c=1 d=4 gcd=1 a0=(2.000000000,-2.000000000) 
rho=(0.01666666667,0.01666666667) contrib=(0.06666666667,-3.012295592E-73)
COSET 14 c=1 d=5 gcd=1 a0=(2.000000000,-2.000000000) 
rho=(0.01666666667,0.01666666667) contrib=(0.06666666667,-2.592969307E-73)
COSET 14 c=1 d=6 gcd=1 a0=(2.000000000,-2.000000000) 
rho=(0.01666666667,0.01666666667) contrib=(0.06666666667,2.342405270E-73)
COSET 14 c=1 d=7 gcd=1 a0=(2.000000000,-2.000000000) 
rho=(0.01666666667,0.01666666667) contrib=(0.06666666667,-1.490303305E-73)
COSET 14 c=1 d=8 gcd=1 a0=(2.000000000,-2.000000000) 
rho=(0.01666666667,0.01666666667) contrib=(0.06666666667,1.377181012E-73)
COSET 14 c=1 d=9 gcd=1 a0=(2.000000000,-2.000000000) 
rho=(0.01666666667,0.01666666667) contrib=(0.06666666667,-8.334570519E-73)
COSET 14 c=1 d=10 gcd=1 a0=(2.000000000,-2.000000000) 
rho=(0.01666666667,0.01666666667) contrib=(0.06666666667,-8.546444521E-73)
COSET 14 c=1 d=11 gcd=1 a0=(2.000000000,-2.000000000) 
rho=(0.01666666667,0.01666666667) contrib=(0.06666666667,-6.781994681E-73)
COSET 14 c=1 d=12 gcd=1 a0=(2.000000000,-2.000000000) 
rho=(0.01666666667,0.01666666667) contrib=(0.06666666667,2.015566592E-74)
COSET 14 c=1 d=13 gcd=1 a0=(2.000000000,-2.000000000) 
rho=(0.01666666667,0.01666666667) contrib=(0.06666666667,-6.472474400E-73)
COSET 14 c=1 d=14 gcd=1 a0=(2.000000000,-2.000000000) 
rho=(0.01666666667,0.01666666667) contrib=(0.06666666667,2.174011498E-74)
COSET 14 c=1 d=15 gcd=1 a0=(2.000000000,-2.000000000) 
rho=(0.01666666667,0.01666666667) contrib=(0.06666666667,-2.273500159E-73)
COSET 14 c=1 d=16 gcd=1 a0=(2.000000000,-2.000000000) 
rho=(0.01666666667,0.01666666667) contrib=(0.06666666667,1.175992830E-73)
COSET 14 c=1 d=17 gcd=1 a0=(2.000000000,-2.000000000) 
rho=(0.01666666667,0.01666666667) contrib=(0.06666666667,-6.764123569E-73)
COSET 14 c=1 d=18 gcd=1 a0=(2.000000000,-2.000000000) 
rho=(0.01666666667,0.01666666667) contrib=(0.06666666667,-7.708897380E-73)
COSET 14 c=1 d=19 gcd=1 a0=(2.000000000,-2.000000000) 
rho=(0.01666666667,0.01666666667) contrib=(0.06666666667,1.190547652E-72)
COSET 14 c=1 d=20 gcd=1 a0=(2.000000000,-2.000000000) 
rho=(0.01666666667,0.01666666667) contrib=(0.06666666667,-4.348907339E-72)
COSET 14 c=1 d=21 gcd=1 a0=(2.000000000,-2.000000000) 
rho=(0.01666666667,0.01666666667) contrib=(0.06666666667,-2.136039992E-72)
COSET 14 c=1 d=22 gcd=1 a0=(2.000000000,-2.000000000) 
rho=(0.01666666667,0.01666666667) contrib=(0.06666666667,7.270410315E-73)
COSET 14 c=1 d=23 gcd=1 a0=(2.000000000,-2.000000000) 
rho=(0.01666666667,0.01666666667) contrib=(0.06666666667,9.014778184E-74)
COSET 14 c=1 d=24 gcd=1 a0=(2.000000000,-2.000000000) 
rho=(0.01666666667,0.01666666667) contrib=(0.06666666667,-1.423461664E-72)
COSET 14 c=1 d=25 gcd=1 a0=(2.000000000,-2.000000000) 
rho=(0.01666666667,0.01666666667) contrib=(0.06666666667,4.839202203E-73)
COSET 14 c=1 d=26 gcd=1 a0=(2.000000000,-2.000000000) 
rho=(0.01666666667,0.01666666667) contrib=(0.06666666667,8.535205987E-73)
COSET 14 c=1 d=27 gcd=1 a0=(2.000000000,-2.000000000) 
rho=(0.01666666667,0.01666666667) contrib=(0.06666666667,-3.673158240E-73)
COSET 14 c=1 d=28 gcd=1 a0=(2.000000000,-2.000000000) 
rho=(0.01666666667,0.01666666667) contrib=(0.06666666667,1.367545351E-72)
COSET 14 c=1 d=29 gcd=1 a0=(2.000000000,-2.000000000) 
rho=(0.01666666667,0.01666666667) contrib=(0.06666666667,5.433923314E-72)
COSET 14 c=1 d=30 gcd=1 a0=(2.000000000,-2.000000000) 
rho=(0.01666666667,0.01666666667) contrib=(0.06666666667,-3.627503998E-72)
COSET 14 c=1 d=31 gcd=1 a0=(2.000000000,-2.000000000) 
rho=(0.01666666667,0.01666666667) contrib=(0.06666666667,1.109630207E-72)
COSET 14 c=1 d=32 gcd=1 a0=(2.000000000,-2.000000000) 
rho=(0.01666666667,0.01666666667) contrib=(0.06666666667,1.747113020E-72)
COSET 14 c=1 d=33 gcd=1 a0=(2.000000000,-2.000000000) 
rho=(0.01666666667,0.01666666667) contrib=(0.06666666667,-3.768409421E-73)
COSET 14 c=1 d=34 gcd=1 a0=(2.000000000,-2.000000000) 
rho=(0.01666666667,0.01666666667) contrib=(0.06666666667,1.109998684E-72)
COSET 14 c=1 d=35 gcd=1 a0=(2.000000000,-2.000000000) 
rho=(0.01666666667,0.01666666667) contrib=(0.06666666667,2.798229155E-72)
COSET 14 c=1 d=36 gcd=1 a0=(2.000000000,-2.000000000) 
rho=(0.01666666667,0.01666666667) contrib=(0.06666666667,2.668249061E-72)
COSET 14 c=1 d=37 gcd=1 a0=(2.000000000,-2.000000000) 
rho=(0.01666666667,0.01666666667) contrib=(0.06666666667,4.831795825E-72)
COSET 14 c=1 d=38 gcd=1 a0=(2.000000000,-2.000000000) 
rho=(0.01666666667,0.01666666667) contrib=(0.06666666667,-7.511762439E-72)
COSET 14 c=1 d=39 gcd=1 a0=(2.000000000,-2.000000000) 
rho=(0.01666666667,0.01666666667) contrib=(0.06666666667,-2.571781906E-73)
COSET 14 c=1 d=40 gcd=1 a0=(2.000000000,-2.000000000) 
rho=(0.01666666667,0.01666666667) contrib=(0.06666666667,1.360765383E-72)
COSET 14 c=1 d=41 gcd=1 a0=(2.000000000,-2.000000000) 
rho=(0.01666666667,0.01666666667) contrib=(0.06666666667,1.266275105E-71)
COSET 14 c=1 d=42 gcd=1 a0=(2.000000000,-2.000000000) 
rho=(0.01666666667,0.01666666667) contrib=(0.06666666667,-3.079653101E-72)
COSET 14 c=1 d=43 gcd=1 a0=(2.000000000,-2.000000000) 
rho=(0.01666666667,0.01666666667) contrib=(0.06666666667,3.954932238E-72)
COSET 14 c=1 d=44 gcd=1 a0=(2.000000000,-2.000000000) 
rho=(0.01666666667,0.01666666667) contrib=(0.06666666667,-6.764160417E-72)
COSET 14 c=1 d=45 gcd=1 a0=(2.000000000,-2.000000000) 
rho=(0.01666666667,0.01666666667) contrib=(0.06666666667,-1.469410686E-72)
COSET 14 c=1 d=46 gcd=1 a0=(2.000000000,-2.000000000) 
rho=(0.01666666667,0.01666666667) contrib=(0.06666666667,5.291507138E-73)
COSET 14 c=1 d=47 gcd=1 a0=(2.000000000,-2.000000000) 
rho=(0.01666666667,0.01666666667) contrib=(0.06666666667,-1.944395351E-72)
COSET 14 c=1 d=48 gcd=1 a0=(2.000000000,-2.000000000) 
rho=(0.01666666667,0.01666666667) contrib=(0.06666666667,1.072953896E-71)
COSET 14 c=1 d=49 gcd=1 a0=(2.000000000,-2.000000000) 
rho=(0.01666666667,0.01666666667) contrib=(0.06666666667,-3.314225257E-72)
COSET 14 c=1 d=50 gcd=1 a0=(2.000000000,-2.000000000) 
rho=(0.01666666667,0.01666666667) contrib=(0.06666666667,-1.240844698E-73)
COSET 14 c=1 d=51 gcd=1 a0=(2.000000000,-2.000000000) 
rho=(0.01666666667,0.01666666667) contrib=(0.06666666667,-4.982908048E-72)
COSET 14 c=1 d=52 gcd=1 a0=(2.000000000,-2.000000000) 
rho=(0.01666666667,0.01666666667) contrib=(0.06666666667,-1.375007001E-72)
COSET 14 c=1 d=53 gcd=1 a0=(2.000000000,-2.000000000) 
rho=(0.01666666667,0.01666666667) contrib=(0.06666666667,-1.271796726E-73)
COSET 14 c=1 d=54 gcd=1 a0=(2.000000000,-2.000000000) 
rho=(0.01666666667,0.01666666667) contrib=(0.06666666667,-9.983760902E-72)
COSET 14 c=1 d=55 gcd=1 a0=(2.000000000,-2.000000000) 
rho=(0.01666666667,0.01666666667) contrib=(0.06666666667,2.030139838E-72)
COSET 14 c=1 d=56 gcd=1 a0=(2.000000000,-2.000000000) 
rho=(0.01666666667,0.01666666667) contrib=(0.06666666667,-3.830645106E-72)
COSET 14 c=1 d=57 gcd=1 a0=(2.000000000,-2.000000000) 
rho=(0.01666666667,0.01666666667) contrib=(0.06666666667,-2.460815201E-72)
COSET 14 c=1 d=58 gcd=1 a0=(2.000000000,-2.000000000) 
rho=(0.01666666667,0.01666666667) contrib=(0.06666666667,3.660519495E-72)
COSET 14 c=1 d=59 gcd=1 a0=(2.000000000,-2.000000000) 
rho=(0.01666666667,0.01666666667) contrib=(0.06666666667,-3.820053249E-71)
COSET 14 c=3 d=1 gcd=3 a0=(-3.000000000,-3.000000000) 
rho=(0.05000000000,-0.05000000000) contrib=(-0.3000000000,1.399075119E-76)
COSET 14 c=3 d=2 gcd=3 a0=(-3.000000000,-3.000000000) 
rho=(0.05000000000,-0.05000000000) contrib=(-0.3000000000,3.972163137E-77)
COSET 14 c=3 d=4 gcd=3 a0=(-3.000000000,-3.000000000) 
rho=(0.05000000000,-0.05000000000) contrib=(-0.3000000000,1.226351748E-76)
COSET 14 c=3 d=5 gcd=3 a0=(-3.000000000,-3.000000000) 
rho=(0.05000000000,-0.05000000000) contrib=(-0.3000000000,2.642620138E-76)
COSET 14 c=3 d=7 gcd=3 a0=(-3.000000000,-3.000000000) 
rho=(0.05000000000,-0.05000000000) contrib=(-0.3000000000,-2.314477360E-76)
COSET 14 c=3 d=8 gcd=3 a0=(-3.000000000,-3.000000000) 
rho=(0.05000000000,-0.05000000000) contrib=(-0.3000000000,2.677164812E-76)
COSET 14 c=3 d=10 gcd=3 a0=(-3.000000000,-3.000000000) 
rho=(0.05000000000,-0.05000000000) contrib=(-0.3000000000,1.606343165E-76)
COSET 14 c=3 d=11 gcd=3 a0=(-3.000000000,-3.000000000) 
rho=(0.05000000000,-0.05000000000) contrib=(-0.3000000000,-1.070932341E-76)
COSET 14 c=3 d=13 gcd=3 a0=(-3.000000000,-3.000000000) 
rho=(0.05000000000,-0.05000000000) contrib=(-0.3000000000,7.548027130E-76)
COSET 14 c=3 d=14 gcd=3 a0=(-3.000000000,-3.000000000) 
rho=(0.05000000000,-0.05000000000) contrib=(-0.3000000000,-2.383629961E-76)
COSET 14 c=3 d=16 gcd=3 a0=(-3.000000000,-3.000000000) 
rho=(0.05000000000,-0.05000000000) contrib=(-0.3000000000,1.832596549E-75)
COSET 14 c=3 d=17 gcd=3 a0=(-3.000000000,-3.000000000) 
rho=(0.05000000000,-0.05000000000) contrib=(-0.3000000000,1.720320032E-75)
COSET 14 c=3 d=19 gcd=3 a0=(-3.000000000,-3.000000000) 
rho=(0.05000000000,-0.05000000000) contrib=(-0.3000000000,-2.539017742E-76)
COSET 14 c=3 d=20 gcd=3 a0=(-3.000000000,-3.000000000) 
rho=(0.05000000000,-0.05000000000) contrib=(-0.3000000000,2.846476412E-75)
COSET 14 c=3 d=23 gcd=3 a0=(-3.000000000,-3.000000000) 
rho=(0.05000000000,-0.05000000000) contrib=(-0.3000000000,-1.278157690E-75)
COSET 14 c=3 d=26 gcd=3 a0=(-3.000000000,-3.000000000) 
rho=(0.05000000000,-0.05000000000) contrib=(-0.3000000000,1.602868140E-75)
COSET 14 c=3 d=29 gcd=3 a0=(-3.000000000,-3.000000000) 
rho=(0.05000000000,-0.05000000000) contrib=(-0.3000000000,3.169469116E-75)
COSET 14 c=3 d=32 gcd=3 a0=(-3.000000000,-3.000000000) 
rho=(0.05000000000,-0.05000000000) contrib=(-0.3000000000,1.613231542E-75)
COSET 14 c=3 d=35 gcd=3 a0=(-3.000000000,-3.000000000) 
rho=(0.05000000000,-0.05000000000) contrib=(-0.3000000000,3.416463536E-75)
COSET 14 c=3 d=38 gcd=3 a0=(-3.000000000,-3.000000000) 
rho=(0.05000000000,-0.05000000000) contrib=(-0.3000000000,-2.368042162E-75)
COSET 14 c=4 d=1 gcd=4 a0=(34.00000000,1.187569862E-74) 
rho=(-7.920649814E-81,-1.435001788E-81) contrib=(-2.693020937E-79,-4.879006078E\
-80)
COSET 14 c=4 d=3 gcd=4 a0=(1.479910690E-74,34.00000000) 
rho=(8.543572917E-82,4.552911737E-81) contrib=(-1.547989991E-79,2.904814792E-80\
)
COSET 14 c=4 d=5 gcd=4 a0=(34.00000000,-1.495891262E-74) 
rho=(-7.920649814E-81,-1.435001788E-81) contrib=(-2.693020937E-79,-4.879006078E\
-80)
COSET 14 c=4 d=7 gcd=4 a0=(4.158771426E-74,34.00000000) 
rho=(8.543572917E-82,4.552911737E-81) contrib=(-1.547989991E-79,2.904814792E-80\
)
COSET 14 c=4 d=9 gcd=4 a0=(34.00000000,6.050690625E-74) 
rho=(-7.920649814E-81,-1.435001788E-81) contrib=(-2.693020937E-79,-4.879006078E\
-80)
COSET 14 c=4 d=11 gcd=4 a0=(-2.010114898E-73,34.00000000) 
rho=(8.543572917E-82,4.552911737E-81) contrib=(-1.547989991E-79,2.904814792E-80\
)
COSET 14 c=4 d=13 gcd=4 a0=(34.00000000,-7.442226330E-74) 
rho=(-7.920649814E-81,-1.435001788E-81) contrib=(-2.693020937E-79,-4.879006078E\
-80)
COSET 14 c=4 d=15 gcd=4 a0=(-3.678957219E-73,34.00000000) 
rho=(8.543572917E-82,4.552911737E-81) contrib=(-1.547989991E-79,2.904814792E-80\
)
COSET 14 c=4 d=17 gcd=4 a0=(34.00000000,-7.608585545E-74) 
rho=(-7.920649814E-81,-1.435001788E-81) contrib=(-2.693020937E-79,-4.879006078E\
-80)
COSET 14 c=4 d=19 gcd=4 a0=(8.882686250E-74,34.00000000) 
rho=(8.543572917E-82,4.552911737E-81) contrib=(-1.547989991E-79,2.904814792E-80\
)
COSET 14 c=4 d=21 gcd=4 a0=(34.00000000,6.729844756E-74) 
rho=(-7.920649814E-81,-1.435001788E-81) contrib=(-2.693020937E-79,-4.879006078E\
-80)
COSET 14 c=4 d=23 gcd=4 a0=(-2.577952023E-73,34.00000000) 
rho=(8.543572917E-82,4.552911737E-81) contrib=(-1.547989991E-79,2.904814792E-80\
)
COSET 14 c=4 d=25 gcd=4 a0=(34.00000000,3.453931996E-73) 
rho=(-7.920649814E-81,-1.435001788E-81) contrib=(-2.693020937E-79,-4.879006078E\
-80)
COSET 14 c=4 d=27 gcd=4 a0=(7.780385340E-73,34.00000000) 
rho=(8.543572917E-82,4.552911737E-81) contrib=(-1.547989991E-79,2.904814792E-80\
)
COSET 14 c=4 d=29 gcd=4 a0=(34.00000000,-3.929410554E-74) 
rho=(-7.920649814E-81,-1.435001788E-81) contrib=(-2.693020937E-79,-4.879006078E\
-80)
COSET 14 c=5 d=1 gcd=5 a0=(-7.000000000,7.000000000) 
rho=(0.08333333334,0.08333333334) contrib=(-1.166666667,1.312675482E-75)
COSET 14 c=5 d=2 gcd=5 a0=(-7.000000000,7.000000000) 
rho=(0.08333333334,0.08333333334) contrib=(-1.166666667,1.698409585E-75)
COSET 14 c=5 d=3 gcd=5 a0=(7.000000000,-7.000000000) 
rho=(-0.08333333334,-0.08333333334) contrib=(-1.166666667,-1.756043078E-75)
COSET 14 c=5 d=4 gcd=5 a0=(7.000000000,-7.000000000) 
rho=(-0.08333333334,-0.08333333334) contrib=(-1.166666667,1.583290189E-75)
COSET 14 c=5 d=6 gcd=5 a0=(-7.000000000,7.000000000) 
rho=(0.08333333334,0.08333333334) contrib=(-1.166666667,-2.510268465E-75)
COSET 14 c=5 d=7 gcd=5 a0=(-7.000000000,7.000000000) 
rho=(0.08333333334,0.08333333334) contrib=(-1.166666667,7.772182723E-76)
COSET 14 c=5 d=8 gcd=5 a0=(7.000000000,-7.000000000) 
rho=(-0.08333333334,-0.08333333334) contrib=(-1.166666667,-6.621084698E-75)
COSET 14 c=5 d=9 gcd=5 a0=(7.000000000,-7.000000000) 
rho=(-0.08333333334,-0.08333333334) contrib=(-1.166666667,-8.521093436E-76)
COSET 14 c=5 d=11 gcd=5 a0=(-7.000000000,7.000000000) 
rho=(0.08333333334,0.08333333334) contrib=(-1.166666667,1.151267754E-76)
COSET 14 c=5 d=12 gcd=5 a0=(-7.000000000,7.000000000) 
rho=(0.08333333334,0.08333333334) contrib=(-1.166666667,7.041319197E-75)
COSET 14 c=5 d=17 gcd=5 a0=(-7.000000000,7.000000000) 
rho=(0.08333333334,0.08333333334) contrib=(-1.166666667,-1.034616683E-74)
COSET 14 c=5 d=22 gcd=5 a0=(-7.000000000,7.000000000) 
rho=(0.08333333334,0.08333333334) contrib=(-1.166666667,-9.097133189E-76)
COSET 14 c=12 d=1 gcd=12 a0=(38.00000000,-2.262245844E-74) 
rho=(-1.020781260E-80,-1.277747335E-80) contrib=(-3.878968789E-79,-4.855439873E\
-79)
COSET 14 c=12 d=5 gcd=12 a0=(-38.00000000,-4.627928244E-74) 
rho=(2.302811363E-81,2.270965140E-81) contrib=(-8.750683180E-80,-8.629667533E-8\
0)
COSET 14 c=12 d=7 gcd=12 a0=(6.756848359E-75,38.00000000) 
rho=(9.713098001E-82,2.674533655E-81) contrib=(-1.016322789E-79,3.690977240E-80\
)
COSET 14 c=12 d=13 gcd=12 a0=(38.00000000,-2.156287647E-74) 
rho=(-1.020781260E-80,-1.277747335E-80) contrib=(-3.878968789E-79,-4.855439873E\
-79)
COSET 14 c=12 d=19 gcd=12 a0=(-1.598893470E-73,38.00000000) 
rho=(9.713098001E-82,2.674533655E-81) contrib=(-1.016322789E-79,3.690977240E-80\
)
COSET 14 c=15 d=1 gcd=15 a0=(-6.000000000,-6.000000000) 
rho=(-0.2500000000,0.2500000000) contrib=(3.000000000,5.060768207E-74)
COSET 14 c=15 d=2 gcd=15 a0=(-6.000000000,-6.000000000) 
rho=(-0.2500000000,0.2500000000) contrib=(3.000000000,-2.901743779E-74)
COSET 14 c=15 d=4 gcd=15 a0=(-6.000000000,-6.000000000) 
rho=(-0.2500000000,0.2500000000) contrib=(3.000000000,8.722528596E-73)
COSET 14 c=15 d=7 gcd=15 a0=(-6.000000000,-6.000000000) 
rho=(-0.2500000000,0.2500000000) contrib=(3.000000000,-1.548430376E-72)
COSET 14 c=20 d=1 gcd=20 a0=(54.00000000,9.119540442E-73) 
rho=(-3.204388916E-81,1.629867728E-80) contrib=(-1.730370015E-79,8.801285731E-7\
9)
COSET 14 c=20 d=3 gcd=20 a0=(2.160990276E-72,54.00000000) 
rho=(-2.440344386E-81,-1.101922641E-81) contrib=(5.950382263E-80,-1.317785968E-\
79)
COSET 14 c=20 d=11 gcd=20 a0=(2.323770501E-72,-54.00000000) 
rho=(-4.678100337E-82,-1.319971034E-81) contrib=(-7.127843584E-80,2.526174182E-\
80)
FORM 15:
  c_eta(0)[1] (trivial) = -1.24484830429E-72 + -2.58813041355E-71 i   (half: 
-6.22424152146E-73)
  c_eta(0)[2] = 4.00000000000 + -1.84663814849E-71 i   (half: 2.00000000000)
  c_eta(0)[3] = 4.00000000000 + -1.84663813585E-71 i   (half: 2.00000000000)
COSET 15 c=0 d=1 gcd=60 a0=(-18.00000000,-7.536656696E-72) 
rho=(0.0000000000,0.0000000000) contrib=(0.0000000000,-0.0000000000)
COSET 15 c=1 d=0 gcd=1 a0=(2.000000000,-2.000000000) 
rho=(0.01666666667,0.01666666667) contrib=(0.06666666667,-5.339372238E-72)
COSET 15 c=1 d=1 gcd=1 a0=(2.000000000,-2.000000000) 
rho=(0.01666666667,0.01666666667) contrib=(0.06666666667,1.273501794E-72)
COSET 15 c=1 d=2 gcd=1 a0=(2.000000000,-2.000000000) 
rho=(0.01666666667,0.01666666667) contrib=(0.06666666667,1.467135344E-73)
COSET 15 c=1 d=3 gcd=1 a0=(2.000000000,-2.000000000) 
rho=(0.01666666667,0.01666666667) contrib=(0.06666666667,8.507799107E-74)
COSET 15 c=1 d=4 gcd=1 a0=(2.000000000,-2.000000000) 
rho=(0.01666666667,0.01666666667) contrib=(0.06666666667,-1.011581051E-73)
COSET 15 c=1 d=5 gcd=1 a0=(2.000000000,-2.000000000) 
rho=(0.01666666667,0.01666666667) contrib=(0.06666666667,-8.561055479E-74)
COSET 15 c=1 d=6 gcd=1 a0=(2.000000000,-2.000000000) 
rho=(0.01666666667,0.01666666667) contrib=(0.06666666667,7.845440962E-74)
COSET 15 c=1 d=7 gcd=1 a0=(2.000000000,-2.000000000) 
rho=(0.01666666667,0.01666666667) contrib=(0.06666666667,-5.196677689E-74)
COSET 15 c=1 d=8 gcd=1 a0=(2.000000000,-2.000000000) 
rho=(0.01666666667,0.01666666667) contrib=(0.06666666667,4.685107047E-74)
COSET 15 c=1 d=9 gcd=1 a0=(2.000000000,-2.000000000) 
rho=(0.01666666667,0.01666666667) contrib=(0.06666666667,-2.788448982E-73)
COSET 15 c=1 d=10 gcd=1 a0=(2.000000000,-2.000000000) 
rho=(0.01666666667,0.01666666667) contrib=(0.06666666667,-2.850064446E-73)
COSET 15 c=1 d=11 gcd=1 a0=(2.000000000,-2.000000000) 
rho=(0.01666666667,0.01666666667) contrib=(0.06666666667,-2.241864435E-73)
COSET 15 c=1 d=12 gcd=1 a0=(2.000000000,-2.000000000) 
rho=(0.01666666667,0.01666666667) contrib=(0.06666666667,6.172197698E-75)
COSET 15 c=1 d=13 gcd=1 a0=(2.000000000,-2.000000000) 
rho=(0.01666666667,0.01666666667) contrib=(0.06666666667,-2.155042153E-73)
COSET 15 c=1 d=14 gcd=1 a0=(2.000000000,-2.000000000) 
rho=(0.01666666667,0.01666666667) contrib=(0.06666666667,6.793210186E-75)
COSET 15 c=1 d=15 gcd=1 a0=(2.000000000,-2.000000000) 
rho=(0.01666666667,0.01666666667) contrib=(0.06666666667,-7.535618415E-74)
COSET 15 c=1 d=16 gcd=1 a0=(2.000000000,-2.000000000) 
rho=(0.01666666667,0.01666666667) contrib=(0.06666666667,4.188664095E-74)
COSET 15 c=1 d=17 gcd=1 a0=(2.000000000,-2.000000000) 
rho=(0.01666666667,0.01666666667) contrib=(0.06666666667,-2.250856125E-73)
COSET 15 c=1 d=18 gcd=1 a0=(2.000000000,-2.000000000) 
rho=(0.01666666667,0.01666666667) contrib=(0.06666666667,-2.587049213E-73)
COSET 15 c=1 d=19 gcd=1 a0=(2.000000000,-2.000000000) 
rho=(0.01666666667,0.01666666667) contrib=(0.06666666667,3.979933658E-73)
COSET 15 c=1 d=20 gcd=1 a0=(2.000000000,-2.000000000) 
rho=(0.01666666667,0.01666666667) contrib=(0.06666666667,-1.447614940E-72)
COSET 15 c=1 d=21 gcd=1 a0=(2.000000000,-2.000000000) 
rho=(0.01666666667,0.01666666667) contrib=(0.06666666667,-7.109653795E-73)
COSET 15 c=1 d=22 gcd=1 a0=(2.000000000,-2.000000000) 
rho=(0.01666666667,0.01666666667) contrib=(0.06666666667,2.412338803E-73)
COSET 15 c=1 d=23 gcd=1 a0=(2.000000000,-2.000000000) 
rho=(0.01666666667,0.01666666667) contrib=(0.06666666667,3.131949707E-74)
COSET 15 c=1 d=24 gcd=1 a0=(2.000000000,-2.000000000) 
rho=(0.01666666667,0.01666666667) contrib=(0.06666666667,-4.743750950E-73)
COSET 15 c=1 d=25 gcd=1 a0=(2.000000000,-2.000000000) 
rho=(0.01666666667,0.01666666667) contrib=(0.06666666667,1.615830735E-73)
COSET 15 c=1 d=26 gcd=1 a0=(2.000000000,-2.000000000) 
rho=(0.01666666667,0.01666666667) contrib=(0.06666666667,2.861611723E-73)
COSET 15 c=1 d=27 gcd=1 a0=(2.000000000,-2.000000000) 
rho=(0.01666666667,0.01666666667) contrib=(0.06666666667,-1.226079729E-73)
COSET 15 c=1 d=28 gcd=1 a0=(2.000000000,-2.000000000) 
rho=(0.01666666667,0.01666666667) contrib=(0.06666666667,4.542135277E-73)
COSET 15 c=1 d=29 gcd=1 a0=(2.000000000,-2.000000000) 
rho=(0.01666666667,0.01666666667) contrib=(0.06666666667,1.810318186E-72)
COSET 15 c=1 d=30 gcd=1 a0=(2.000000000,-2.000000000) 
rho=(0.01666666667,0.01666666667) contrib=(0.06666666667,-1.207018841E-72)
COSET 15 c=1 d=31 gcd=1 a0=(2.000000000,-2.000000000) 
rho=(0.01666666667,0.01666666667) contrib=(0.06666666667,3.689030798E-73)
COSET 15 c=1 d=32 gcd=1 a0=(2.000000000,-2.000000000) 
rho=(0.01666666667,0.01666666667) contrib=(0.06666666667,5.811806067E-73)
COSET 15 c=1 d=33 gcd=1 a0=(2.000000000,-2.000000000) 
rho=(0.01666666667,0.01666666667) contrib=(0.06666666667,-1.266595594E-73)
COSET 15 c=1 d=34 gcd=1 a0=(2.000000000,-2.000000000) 
rho=(0.01666666667,0.01666666667) contrib=(0.06666666667,3.714760822E-73)
COSET 15 c=1 d=35 gcd=1 a0=(2.000000000,-2.000000000) 
rho=(0.01666666667,0.01666666667) contrib=(0.06666666667,9.321223990E-73)
COSET 15 c=1 d=36 gcd=1 a0=(2.000000000,-2.000000000) 
rho=(0.01666666667,0.01666666667) contrib=(0.06666666667,8.899948089E-73)
COSET 15 c=1 d=37 gcd=1 a0=(2.000000000,-2.000000000) 
rho=(0.01666666667,0.01666666667) contrib=(0.06666666667,1.614360715E-72)
COSET 15 c=1 d=38 gcd=1 a0=(2.000000000,-2.000000000) 
rho=(0.01666666667,0.01666666667) contrib=(0.06666666667,-2.501915015E-72)
COSET 15 c=1 d=39 gcd=1 a0=(2.000000000,-2.000000000) 
rho=(0.01666666667,0.01666666667) contrib=(0.06666666667,-8.569295823E-74)
COSET 15 c=1 d=40 gcd=1 a0=(2.000000000,-2.000000000) 
rho=(0.01666666667,0.01666666667) contrib=(0.06666666667,4.535427853E-73)
COSET 15 c=1 d=41 gcd=1 a0=(2.000000000,-2.000000000) 
rho=(0.01666666667,0.01666666667) contrib=(0.06666666667,4.220748541E-72)
COSET 15 c=1 d=42 gcd=1 a0=(2.000000000,-2.000000000) 
rho=(0.01666666667,0.01666666667) contrib=(0.06666666667,-1.026645264E-72)
COSET 15 c=1 d=43 gcd=1 a0=(2.000000000,-2.000000000) 
rho=(0.01666666667,0.01666666667) contrib=(0.06666666667,1.316010886E-72)
COSET 15 c=1 d=44 gcd=1 a0=(2.000000000,-2.000000000) 
rho=(0.01666666667,0.01666666667) contrib=(0.06666666667,-2.254011350E-72)
COSET 15 c=1 d=45 gcd=1 a0=(2.000000000,-2.000000000) 
rho=(0.01666666667,0.01666666667) contrib=(0.06666666667,-4.885840392E-73)
COSET 15 c=1 d=46 gcd=1 a0=(2.000000000,-2.000000000) 
rho=(0.01666666667,0.01666666667) contrib=(0.06666666667,1.769025570E-73)
COSET 15 c=1 d=47 gcd=1 a0=(2.000000000,-2.000000000) 
rho=(0.01666666667,0.01666666667) contrib=(0.06666666667,-6.469713705E-73)
COSET 15 c=1 d=48 gcd=1 a0=(2.000000000,-2.000000000) 
rho=(0.01666666667,0.01666666667) contrib=(0.06666666667,3.573799912E-72)
COSET 15 c=1 d=49 gcd=1 a0=(2.000000000,-2.000000000) 
rho=(0.01666666667,0.01666666667) contrib=(0.06666666667,-1.106302188E-72)
COSET 15 c=1 d=50 gcd=1 a0=(2.000000000,-2.000000000) 
rho=(0.01666666667,0.01666666667) contrib=(0.06666666667,-4.011723395E-74)
COSET 15 c=1 d=51 gcd=1 a0=(2.000000000,-2.000000000) 
rho=(0.01666666667,0.01666666667) contrib=(0.06666666667,-1.662268133E-72)
COSET 15 c=1 d=52 gcd=1 a0=(2.000000000,-2.000000000) 
rho=(0.01666666667,0.01666666667) contrib=(0.06666666667,-4.578022156E-73)
COSET 15 c=1 d=53 gcd=1 a0=(2.000000000,-2.000000000) 
rho=(0.01666666667,0.01666666667) contrib=(0.06666666667,-4.457925437E-74)
COSET 15 c=1 d=54 gcd=1 a0=(2.000000000,-2.000000000) 
rho=(0.01666666667,0.01666666667) contrib=(0.06666666667,-3.326114526E-72)
COSET 15 c=1 d=55 gcd=1 a0=(2.000000000,-2.000000000) 
rho=(0.01666666667,0.01666666667) contrib=(0.06666666667,6.777370013E-73)
COSET 15 c=1 d=56 gcd=1 a0=(2.000000000,-2.000000000) 
rho=(0.01666666667,0.01666666667) contrib=(0.06666666667,-1.278211672E-72)
COSET 15 c=1 d=57 gcd=1 a0=(2.000000000,-2.000000000) 
rho=(0.01666666667,0.01666666667) contrib=(0.06666666667,-8.201868593E-73)
COSET 15 c=1 d=58 gcd=1 a0=(2.000000000,-2.000000000) 
rho=(0.01666666667,0.01666666667) contrib=(0.06666666667,1.218671839E-72)
COSET 15 c=1 d=59 gcd=1 a0=(2.000000000,-2.000000000) 
rho=(0.01666666667,0.01666666667) contrib=(0.06666666667,-1.273360758E-71)
COSET 15 c=3 d=1 gcd=3 a0=(-1.000000000,-1.000000000) 
rho=(0.05000000000,-0.05000000000) contrib=(-0.1000000000,9.327114750E-77)
COSET 15 c=3 d=2 gcd=3 a0=(-1.000000000,-1.000000000) 
rho=(0.05000000000,-0.05000000000) contrib=(-0.1000000000,-1.679750597E-76)
COSET 15 c=3 d=4 gcd=3 a0=(-1.000000000,-1.000000000) 
rho=(0.05000000000,-0.05000000000) contrib=(-0.1000000000,-3.454462151E-76)
COSET 15 c=3 d=5 gcd=3 a0=(-1.000000000,-1.000000000) 
rho=(0.05000000000,-0.05000000000) contrib=(-0.1000000000,-4.322418175E-76)
COSET 15 c=3 d=7 gcd=3 a0=(-1.000000000,-1.000000000) 
rho=(0.05000000000,-0.05000000000) contrib=(-0.1000000000,-8.415940986E-76)
COSET 15 c=3 d=8 gcd=3 a0=(-1.000000000,-1.000000000) 
rho=(0.05000000000,-0.05000000000) contrib=(-0.1000000000,3.346499502E-76)
COSET 15 c=3 d=10 gcd=3 a0=(-1.000000000,-1.000000000) 
rho=(0.05000000000,-0.05000000000) contrib=(-0.1000000000,-6.144628656E-76)
COSET 15 c=3 d=11 gcd=3 a0=(-1.000000000,-1.000000000) 
rho=(0.05000000000,-0.05000000000) contrib=(-0.1000000000,8.620355258E-79)
COSET 15 c=3 d=13 gcd=3 a0=(-1.000000000,-1.000000000) 
rho=(0.05000000000,-0.05000000000) contrib=(-0.1000000000,-5.717138313E-76)
COSET 15 c=3 d=14 gcd=3 a0=(-1.000000000,-1.000000000) 
rho=(0.05000000000,-0.05000000000) contrib=(-0.1000000000,1.848124258E-76)
COSET 15 c=3 d=16 gcd=3 a0=(-1.000000000,-1.000000000) 
rho=(0.05000000000,-0.05000000000) contrib=(-0.1000000000,-8.407304817E-76)
COSET 15 c=3 d=17 gcd=3 a0=(-1.000000000,-1.000000000) 
rho=(0.05000000000,-0.05000000000) contrib=(-0.1000000000,-9.996380916E-76)
COSET 15 c=3 d=19 gcd=3 a0=(-1.000000000,-1.000000000) 
rho=(0.05000000000,-0.05000000000) contrib=(-0.1000000000,2.045908858E-75)
COSET 15 c=3 d=20 gcd=3 a0=(-1.000000000,-1.000000000) 
rho=(0.05000000000,-0.05000000000) contrib=(-0.1000000000,-2.862459649E-75)
COSET 15 c=3 d=23 gcd=3 a0=(-1.000000000,-1.000000000) 
rho=(0.05000000000,-0.05000000000) contrib=(-0.1000000000,1.671528842E-75)
COSET 15 c=3 d=26 gcd=3 a0=(-1.000000000,-1.000000000) 
rho=(0.05000000000,-0.05000000000) contrib=(-0.1000000000,-7.016902764E-76)
COSET 15 c=3 d=29 gcd=3 a0=(-1.000000000,-1.000000000) 
rho=(0.05000000000,-0.05000000000) contrib=(-0.1000000000,5.439057375E-75)
COSET 15 c=3 d=32 gcd=3 a0=(-1.000000000,-1.000000000) 
rho=(0.05000000000,-0.05000000000) contrib=(-0.1000000000,-1.493195125E-75)
COSET 15 c=3 d=35 gcd=3 a0=(-1.000000000,-1.000000000) 
rho=(0.05000000000,-0.05000000000) contrib=(-0.1000000000,-3.153498529E-75)
COSET 15 c=3 d=38 gcd=3 a0=(-1.000000000,-1.000000000) 
rho=(0.05000000000,-0.05000000000) contrib=(-0.1000000000,5.125550224E-76)
COSET 15 c=4 d=1 gcd=4 a0=(12.00000000,3.900137696E-75) 
rho=(-7.920649814E-81,-1.435001788E-81) contrib=(-9.504779777E-80,-1.722002145E\
-80)
COSET 15 c=4 d=3 gcd=4 a0=(3.881556577E-75,12.00000000) 
rho=(8.543572917E-82,4.552911737E-81) contrib=(-5.463494084E-80,1.025228750E-80\
)
COSET 15 c=4 d=5 gcd=4 a0=(12.00000000,-7.065012308E-75) 
rho=(-7.920649814E-81,-1.435001788E-81) contrib=(-9.504779777E-80,-1.722002145E\
-80)
COSET 15 c=4 d=7 gcd=4 a0=(2.288102021E-74,12.00000000) 
rho=(8.543572917E-82,4.552911737E-81) contrib=(-5.463494084E-80,1.025228750E-80\
)
COSET 15 c=4 d=9 gcd=4 a0=(12.00000000,2.398591718E-74) 
rho=(-7.920649814E-81,-1.435001788E-81) contrib=(-9.504779777E-80,-1.722002145E\
-80)
COSET 15 c=4 d=11 gcd=4 a0=(-6.886427490E-74,12.00000000) 
rho=(8.543572917E-82,4.552911737E-81) contrib=(-5.463494084E-80,1.025228750E-80\
)
COSET 15 c=4 d=13 gcd=4 a0=(12.00000000,-2.485379846E-74) 
rho=(-7.920649814E-81,-1.435001788E-81) contrib=(-9.504779777E-80,-1.722002145E\
-80)
COSET 15 c=4 d=15 gcd=4 a0=(-1.496847842E-73,12.00000000) 
rho=(8.543572917E-82,4.552911737E-81) contrib=(-5.463494084E-80,1.025228750E-80\
)
COSET 15 c=4 d=17 gcd=4 a0=(12.00000000,-1.745492626E-74) 
rho=(-7.920649814E-81,-1.435001788E-81) contrib=(-9.504779777E-80,-1.722002145E\
-80)
COSET 15 c=4 d=19 gcd=4 a0=(2.367273438E-74,12.00000000) 
rho=(8.543572917E-82,4.552911737E-81) contrib=(-5.463494084E-80,1.025228750E-80\
)
COSET 15 c=4 d=21 gcd=4 a0=(12.00000000,2.430235366E-74) 
rho=(-7.920649814E-81,-1.435001788E-81) contrib=(-9.504779777E-80,-1.722002145E\
-80)
COSET 15 c=4 d=23 gcd=4 a0=(-7.403993665E-74,12.00000000) 
rho=(8.543572917E-82,4.552911737E-81) contrib=(-5.463494084E-80,1.025228750E-80\
)
COSET 15 c=4 d=25 gcd=4 a0=(12.00000000,1.382685456E-73) 
rho=(-7.920649814E-81,-1.435001788E-81) contrib=(-9.504779777E-80,-1.722002145E\
-80)
COSET 15 c=4 d=27 gcd=4 a0=(2.758845621E-73,12.00000000) 
rho=(8.543572917E-82,4.552911737E-81) contrib=(-5.463494084E-80,1.025228750E-80\
)
COSET 15 c=4 d=29 gcd=4 a0=(12.00000000,-1.311781446E-74) 
rho=(-7.920649814E-81,-1.435001788E-81) contrib=(-9.504779777E-80,-1.722002145E\
-80)
COSET 15 c=5 d=1 gcd=5 a0=(-3.000000000,3.000000000) 
rho=(0.08333333334,0.08333333334) contrib=(-0.5000000000,3.859192943E-76)
COSET 15 c=5 d=2 gcd=5 a0=(-3.000000000,3.000000000) 
rho=(0.08333333334,0.08333333334) contrib=(-0.5000000000,5.640339455E-76)
COSET 15 c=5 d=3 gcd=5 a0=(3.000000000,-3.000000000) 
rho=(-0.08333333334,-0.08333333334) contrib=(-0.5000000000,-7.225689237E-76)
COSET 15 c=5 d=4 gcd=5 a0=(3.000000000,-3.000000000) 
rho=(-0.08333333334,-0.08333333334) contrib=(-0.5000000000,5.681847602E-76)
COSET 15 c=5 d=6 gcd=5 a0=(-3.000000000,3.000000000) 
rho=(0.08333333334,0.08333333334) contrib=(-0.5000000000,-7.425400635E-76)
COSET 15 c=5 d=7 gcd=5 a0=(-3.000000000,3.000000000) 
rho=(0.08333333334,0.08333333334) contrib=(-0.5000000000,1.334849589E-76)
COSET 15 c=5 d=8 gcd=5 a0=(3.000000000,-3.000000000) 
rho=(-0.08333333334,-0.08333333334) contrib=(-0.5000000000,-2.462936808E-75)
COSET 15 c=5 d=9 gcd=5 a0=(3.000000000,-3.000000000) 
rho=(-0.08333333334,-0.08333333334) contrib=(-0.5000000000,7.304442970E-77)
COSET 15 c=5 d=11 gcd=5 a0=(-3.000000000,3.000000000) 
rho=(0.08333333334,0.08333333334) contrib=(-0.5000000000,2.112168013E-76)
COSET 15 c=5 d=12 gcd=5 a0=(-3.000000000,3.000000000) 
rho=(0.08333333334,0.08333333334) contrib=(-0.5000000000,2.346323231E-75)
COSET 15 c=5 d=17 gcd=5 a0=(-3.000000000,3.000000000) 
rho=(0.08333333334,0.08333333334) contrib=(-0.5000000000,-3.442068743E-75)
COSET 15 c=5 d=22 gcd=5 a0=(-3.000000000,3.000000000) 
rho=(0.08333333334,0.08333333334) contrib=(-0.5000000000,-1.326567287E-75)
COSET 15 c=12 d=1 gcd=12 a0=(10.00000000,-7.405013038E-75) 
rho=(-1.020781260E-80,-1.277747335E-80) contrib=(-1.020781260E-79,-1.277747335E\
-79)
COSET 15 c=12 d=5 gcd=12 a0=(-10.00000000,-1.527154437E-74) 
rho=(2.302811363E-81,2.270965140E-81) contrib=(-2.302811363E-80,-2.270965140E-8\
0)
COSET 15 c=12 d=7 gcd=12 a0=(3.112262585E-75,10.00000000) 
rho=(9.713098001E-82,2.674533655E-81) contrib=(-2.674533655E-80,9.713098001E-81\
)
COSET 15 c=12 d=13 gcd=12 a0=(10.00000000,-3.855595002E-75) 
rho=(-1.020781260E-80,-1.277747335E-80) contrib=(-1.020781260E-79,-1.277747335E\
-79)
COSET 15 c=12 d=19 gcd=12 a0=(-4.175433968E-74,10.00000000) 
rho=(9.713098001E-82,2.674533655E-81) contrib=(-2.674533655E-80,9.713098001E-81\
)
COSET 15 c=15 d=1 gcd=15 a0=(-4.000000000,-4.000000000) 
rho=(-0.2500000000,0.2500000000) contrib=(2.000000000,1.544561035E-74)
COSET 15 c=15 d=2 gcd=15 a0=(-4.000000000,-4.000000000) 
rho=(-0.2500000000,0.2500000000) contrib=(2.000000000,-9.918580549E-75)
COSET 15 c=15 d=4 gcd=15 a0=(-4.000000000,-4.000000000) 
rho=(-0.2500000000,0.2500000000) contrib=(2.000000000,2.905929285E-73)
COSET 15 c=15 d=7 gcd=15 a0=(-4.000000000,-4.000000000) 
rho=(-0.2500000000,0.2500000000) contrib=(2.000000000,-5.160217989E-73)
COSET 15 c=20 d=1 gcd=20 a0=(16.00000000,3.045587763E-73) 
rho=(-3.204388916E-81,1.629867728E-80) contrib=(-5.127022266E-80,2.607788364E-7\
9)
COSET 15 c=20 d=3 gcd=20 a0=(7.122379465E-73,16.00000000) 
rho=(-2.440344386E-81,-1.101922641E-81) contrib=(1.763076226E-80,-3.904551018E-\
80)
COSET 15 c=20 d=11 gcd=20 a0=(7.661386905E-73,-16.00000000) 
rho=(-4.678100337E-82,-1.319971034E-81) contrib=(-2.111953655E-80,7.484960540E-\
81)
