BASE 15 2  M = 60  ds = [ 1, 2, 3, 4, 5, 6, 10, 12, 15, 20, 30, 60 ]
#isotropic = 3 (2N-1 = 3)
#cosets = 144
#monomials = 86
MONO 1 [ -21, 8, 3, 1, 20, 8, -9, -4, -6, 0, 2, -1 ]
MONO 2 [ -21, 10, 7, 0, 16, -4, -1, 1, -6, -3, 4, -2 ]
MONO 3 [ -21, 11, 6, -1, 17, -2, -9, 0, -4, 4, 3, -3 ]
MONO 4 [ -21, 13, 8, -1, 17, -5, -6, 1, -6, -1, 3, -1 ]
MONO 5 [ -20, 9, 6, 2, 18, -2, -7, 0, -6, -1, 3, -1 ]
MONO 6 [ -20, 10, 7, 1, 19, -4, -9, 1, -6, 0, 4, -2 ]
MONO 7 [ -20, 14, 6, -2, 18, -3, -9, 0, -6, 0, 3, 0 ]
MONO 8 [ -16, 6, 3, 1, 10, 4, 1, -3, -3, -3, -2, 3 ]
MONO 9 [ -16, 8, 4, -1, 11, 0, -5, 0, -3, 4, 2, -3 ]
MONO 10 [ -15, 5, 1, 1, 14, 9, -6, -4, -4, 0, 1, -1 ]
MONO 11 [ -15, 7, 5, 0, 10, -3, 2, 1, -4, -3, 3, -2 ]
MONO 12 [ -15, 8, 4, -1, 11, -1, -6, 0, -2, 4, 2, -3 ]
MONO 13 [ -15, 10, 6, -1, 11, -4, -3, 1, -4, -1, 2, -1 ]
MONO 14 [ -14, 6, 4, 2, 12, -1, -4, 0, -4, -1, 2, -1 ]
MONO 15 [ -14, 7, 5, 1, 13, -3, -6, 1, -4, 0, 3, -2 ]
MONO 16 [ -14, 11, 4, -2, 12, -2, -6, 0, -4, 0, 2, 0 ]
MONO 17 [ -10, 3, 1, 1, 4, 5, 4, -3, -1, -3, -3, 3 ]
MONO 18 [ -10, 5, 2, -1, 5, 1, -2, 0, -1, 4, 1, -3 ]
MONO 19 [ -9, 2, -1, 1, 8, 10, -3, -4, -2, 0, 0, -1 ]
MONO 20 [ -9, 4, 3, 0, 4, -2, 5, 1, -2, -3, 2, -2 ]
MONO 21 [ -9, 5, 2, -1, 5, 0, -3, 0, 0, 4, 1, -3 ]
MONO 22 [ -9, 7, 4, -1, 5, -3, 0, 1, -2, -1, 1, -1 ]
MONO 23 [ -8, 3, 2, 2, 6, 0, -1, 0, -2, -1, 1, -1 ]
MONO 24 [ -8, 4, 3, 1, 7, -2, -3, 1, -2, 0, 2, -2 ]
MONO 25 [ -8, 8, 2, -2, 6, -1, -3, 0, -2, 0, 1, 0 ]
MONO 26 [ -4, 0, -1, 1, -2, 6, 7, -3, 1, -3, -4, 3 ]
MONO 27 [ -4, 2, 0, -1, -1, 2, 1, 0, 1, 4, 0, -3 ]
MONO 28 [ -3, -1, -3, 1, 2, 11, 0, -4, 0, 0, -1, -1 ]
MONO 29 [ -3, 1, 1, 0, -2, -1, 8, 1, 0, -3, 1, -2 ]
MONO 30 [ -3, 2, 0, -1, -1, 1, 0, 0, 2, 4, 0, -3 ]
MONO 31 [ -3, 4, 2, -1, -1, -2, 3, 1, 0, -1, 0, -1 ]
MONO 32 [ -2, 0, 0, 2, 0, 1, 2, 0, 0, -1, 0, -1 ]
MONO 33 [ -2, 1, 1, 1, 1, -1, 0, 1, 0, 0, 1, -2 ]
MONO 34 [ -2, 5, 0, -2, 0, 0, 0, 0, 0, 0, 0, 0 ]
MONO 35 [ 1, -2, -1, 0, -6, 1, 14, 2, 2, -4, -2, -4 ]
MONO 36 [ 1, -1, -1, -2, -6, -2, 13, 8, 2, -2, 1, -10 ]
MONO 37 [ 1, 0, -2, -1, -3, 1, 2, 2, 6, 2, 0, -7 ]
MONO 38 [ 1, 0, -1, -4, -6, -5, 12, 14, 2, 0, 4, -16 ]
MONO 39 [ 1, 1, -2, -3, -3, -2, 1, 8, 6, 4, 3, -13 ]
MONO 40 [ 1, 1, -1, -6, -6, -8, 11, 20, 2, 2, 7, -22 ]
MONO 41 [ 1, 2, -2, -5, -3, -5, 0, 14, 6, 6, 6, -19 ]
MONO 42 [ 1, 3, -2, -7, -3, -8, -1, 20, 6, 8, 9, -25 ]
MONO 43 [ 2, -2, -2, 0, -4, 3, 7, 0, 2, 0, 1, -6 ]
MONO 44 [ 2, -1, -2, -2, -4, 0, 6, 6, 2, 2, 4, -12 ]
MONO 45 [ 2, 0, -2, -4, -4, -3, 5, 12, 2, 4, 7, -18 ]
MONO 46 [ 2, 0, -1, -1, 0, 0, -1, 1, 1, 3, 2, -5 ]
MONO 47 [ 2, 1, -2, -6, -4, -6, 4, 18, 2, 6, 10, -24 ]
MONO 48 [ 2, 1, -1, -3, 0, -3, -2, 7, 1, 5, 5, -11 ]
MONO 49 [ 2, 2, -1, -5, 0, -6, -3, 13, 1, 7, 8, -17 ]
MONO 50 [ 2, 3, -1, -7, 0, -9, -4, 19, 1, 9, 11, -23 ]
MONO 51 [ 3, -4, -5, 1, -1, 12, 1, -4, 1, 1, 0, -4 ]
MONO 52 [ 3, -3, -5, -1, -1, 9, 0, 2, 1, 3, 3, -10 ]
MONO 53 [ 3, -2, -5, -3, -1, 6, -1, 8, 1, 5, 6, -16 ]
MONO 54 [ 3, -2, -2, 1, 0, 2, -1, 1, -1, 2, 6, -8 ]
MONO 55 [ 3, -1, -5, -5, -1, 3, -2, 14, 1, 7, 9, -22 ]
MONO 56 [ 3, -1, -2, -1, 0, -1, -2, 7, -1, 4, 9, -14 ]
MONO 57 [ 3, 0, -2, -3, 0, -4, -3, 13, -1, 6, 12, -20 ]
MONO 58 [ 3, 1, -2, -5, 0, -7, -4, 19, -1, 8, 15, -26 ]
MONO 59 [ 4, -3, -2, 0, -3, 4, 5, 0, 1, 0, 1, -6 ]
MONO 60 [ 4, -2, -2, -2, -3, 1, 4, 6, 1, 2, 4, -12 ]
MONO 61 [ 4, -2, -1, 0, -2, 1, 2, 1, 1, 1, 2, -6 ]
MONO 62 [ 4, -1, -2, -4, -3, -2, 3, 12, 1, 4, 7, -18 ]
MONO 63 [ 4, -1, -1, -2, -2, -2, 1, 7, 1, 3, 5, -12 ]
MONO 64 [ 4, -1, 0, -1, -1, -1, 0, 2, 1, 2, 3, -7 ]
MONO 65 [ 4, 0, -2, -6, -3, -5, 2, 18, 1, 6, 10, -24 ]
MONO 66 [ 4, 0, -1, -4, -2, -5, 0, 13, 1, 5, 8, -18 ]
MONO 67 [ 4, 0, 0, -3, -1, -4, -1, 8, 1, 4, 6, -13 ]
MONO 68 [ 4, 1, -1, -6, -2, -8, -1, 19, 1, 7, 11, -24 ]
MONO 69 [ 4, 1, 0, -5, -1, -7, -2, 14, 1, 6, 9, -19 ]
MONO 70 [ 4, 2, 0, -7, -1, -10, -3, 20, 1, 8, 12, -25 ]
MONO 71 [ -33, 16, 11, 0, 28, -6, -7, 1, -10, -3, 6, -2 ]
MONO 72 [ -33, 17, 10, -1, 29, -4, -15, 0, -8, 4, 5, -3 ]
MONO 73 [ -33, 19, 12, -1, 29, -7, -12, 1, -10, -1, 5, -1 ]
MONO 74 [ -32, 15, 10, 2, 30, -4, -13, 0, -10, -1, 5, -1 ]
MONO 75 [ -32, 16, 11, 1, 31, -6, -15, 1, -10, 0, 6, -2 ]
MONO 76 [ -32, 20, 10, -2, 30, -5, -15, 0, -10, 0, 5, 0 ]
MONO 77 [ -28, 14, 8, -1, 23, -2, -11, 0, -7, 4, 4, -3 ]
MONO 78 [ -27, 11, 5, 1, 26, 7, -12, -4, -8, 0, 3, -1 ]
MONO 79 [ -27, 13, 9, 0, 22, -5, -4, 1, -8, -3, 5, -2 ]
MONO 80 [ -27, 14, 8, -1, 23, -3, -12, 0, -6, 4, 4, -3 ]
MONO 81 [ -27, 16, 10, -1, 23, -6, -9, 1, -8, -1, 4, -1 ]
MONO 82 [ -26, 12, 8, 2, 24, -3, -10, 0, -8, -1, 4, -1 ]
MONO 83 [ -26, 13, 9, 1, 25, -5, -12, 1, -8, 0, 5, -2 ]
MONO 84 [ -26, 17, 8, -2, 24, -4, -12, 0, -8, 0, 4, 0 ]
MONO 85 [ -22, 9, 5, 1, 16, 3, -2, -3, -5, -3, -1, 3 ]
MONO 86 [ -22, 11, 6, -1, 17, -1, -8, 0, -5, 4, 3, -3 ]
FORMC -2 [ <1, -750>, <2, 3750>, <3, -5000>, <4, -3000>, <5, 5000>, <6, 2750>, 
<7, -1500>, <8, 15000>, <9, 3000>, <10, -5550>, <11, -2000>, <12, 500>, <13, 
-1650>, <14, -3200>, <15, 3700>, <16, 23800>, <17, -273600>, <18, -268400>, <19,
189180>, <20, 260750>, <21, -127200>, <22, -77050>, <23, 290100>, <24, -54840>, 
<25, -72330>, <26, -43800>, <27, -42200>, <28, 30360>, <29, 42000>, <30, 
-21880>, <31, -12720>, <32, 47324>, <33, -8172>, <34, -12414>, <35, -6>, <36, 
134/3>, <37, -67>, <38, -46/3>, <39, 166>, <40, 4/3>, <41, -37/2>, <42, 1>, <43,
-24>, <44, -137>, <45, 66>, <46, 250>, <47, -6>, <48, -1024>, <49, 39>, <50, 
10>, <51, 228/5>, <52, -1163/5>, <53, 103/5>, <54, 396/5>, <55, 4/5>, <56, 
-3658/15>, <57, 38/15>, <58, 34/15>, <59, -59/5>, <60, -218/15>, <61, 159/5>, 
<62, 298/15>, <63, -377/15>, <64, -102/5>, <65, -31/15>, <66, -211/30>, <67, 
542/5>, <68, 11/15>, <69, -39/10>, <70, -6/5> ]
FORMC -1 [ <71, -93750>, <72, 125000>, <73, 112500>, <74, -137500>, <75, 
-62500>, <76, 131250>, <77, 725000>, <78, -127500>, <79, -37500>, <80, 
-1237500>, <81, -370000>, <82, 545000>, <83, 681250>, <84, -1110000>, <85, 
11355000>, <86, 10740000>, <1, -7581750>, <2, -10493750>, <3, 5420000>, <4, 
3172250>, <5, -11798000>, <6, 1959000>, <7, 2376250>, <8, 7473000>, <9, 
7101000>, <10, -5297250>, <11, -7580750>, <12, 4734500>, <13, 2525950>, <14, 
-8776700>, <15, 1029500>, <16, 3191250>, <17, -10860000>, <18, -10765200>, <19, 
7577520>, <20, 10755100>, <21, -5471600>, <22, -3248810>, <23, 11920100>, <24, 
-2098730>, <25, -3102880>, <26, 242280>, <27, 245080>, <28, -169296>, <29, 
-242200>, <30, 114340>, <31, 71038>, <32, -263244>, <33, 51986>, <34, 67594>, 
<35, 2/3>, <37, 7/2>, <46, -29>, <51, -27/5>, <54, -112/15>, <59, 13/15>, <61, 
-31/30>, <64, 31/10> ]
FORMC 9 [ <1, -3000>, <2, 15000>, <3, -20000>, <4, -12000>, <5, 20000>, <6, 
11000>, <7, -6000>, <8, 60000>, <9, 12000>, <10, -22200>, <11, -8000>, <12, 
2000>, <13, -6600>, <14, -12800>, <15, 14800>, <16, 95200>, <17, -1094400>, <18,
-1073600>, <19, 756720>, <20, 1043000>, <21, -508800>, <22, -308200>, <23, 
1160400>, <24, -219360>, <25, -289320>, <26, -175200>, <27, -168800>, <28, 
121440>, <29, 168000>, <30, -87520>, <31, -50880>, <32, 189296>, <33, -32688>, 
<34, -49656>, <35, -7>, <36, 45>, <37, -147/2>, <38, -46/3>, <39, 169>, <40, 
4/3>, <41, -37/2>, <42, 1>, <43, -23>, <44, -144>, <45, 66>, <46, 307>, <47, 
-6>, <48, -1036>, <49, 39>, <50, 10>, <51, 284/5>, <52, -1188/5>, <53, 103/5>, 
<54, 463/5>, <55, 4/5>, <56, -1231/5>, <57, 38/15>, <58, 34/15>, <59, -62/5>, 
<60, -81/5>, <61, 349/10>, <62, 298/15>, <63, -124/5>, <64, -267/10>, <65, 
-31/15>, <66, -211/30>, <67, 547/5>, <68, 11/15>, <69, -39/10>, <70, -6/5> ]
FORMC 10 [ <1, -3000>, <2, 15000>, <3, -20000>, <4, -12000>, <5, 20000>, <6, 
11000>, <7, -6000>, <8, 60000>, <9, 12000>, <10, -22200>, <11, -8000>, <12, 
2000>, <13, -6600>, <14, -12800>, <15, 14800>, <16, 95200>, <17, -1094400>, <18,
-1073600>, <19, 756720>, <20, 1043000>, <21, -508800>, <22, -308200>, <23, 
1160400>, <24, -219360>, <25, -289320>, <26, -175200>, <27, -168800>, <28, 
121440>, <29, 168000>, <30, -87520>, <31, -50880>, <32, 189296>, <33, -32688>, 
<34, -49656>, <35, -1/3>, <36, 1/3>, <37, -3>, <39, 3>, <43, 1>, <44, -7>, <46, 
28>, <48, -12>, <51, 29/5>, <52, -5>, <54, 89/15>, <56, -7/3>, <59, 4/15>, <60, 
-5/3>, <61, 31/15>, <63, 1/3>, <64, -16/5>, <67, 1> ]
FORMC 11 [ <1, -1500>, <2, 7500>, <3, -10000>, <4, -6000>, <5, 10000>, <6, 
5500>, <7, -3000>, <8, 30000>, <9, 6000>, <10, -11100>, <11, -4000>, <12, 1000>,
<13, -3300>, <14, -6400>, <15, 7400>, <16, 47600>, <17, -547200>, <18, -536800>,
<19, 378360>, <20, 521500>, <21, -254400>, <22, -154100>, <23, 580200>, <24, 
-109680>, <25, -144660>, <26, -87600>, <27, -84400>, <28, 60720>, <29, 84000>, 
<30, -43760>, <31, -25440>, <32, 94648>, <33, -16344>, <34, -24828>, <35, 
-16/3>, <36, 134/3>, <37, -127/2>, <38, -46/3>, <39, 166>, <40, 4/3>, <41, 
-37/2>, <42, 1>, <43, -24>, <44, -137>, <45, 66>, <46, 221>, <47, -6>, <48, 
-1024>, <49, 39>, <50, 10>, <51, 201/5>, <52, -1163/5>, <53, 103/5>, <54, 
1076/15>, <55, 4/5>, <56, -3658/15>, <57, 38/15>, <58, 34/15>, <59, -164/15>, 
<60, -218/15>, <61, 923/30>, <62, 298/15>, <63, -377/15>, <64, -173/10>, <65, 
-31/15>, <66, -211/30>, <67, 542/5>, <68, 11/15>, <69, -39/10>, <70, -6/5> ]
FORMC 12 [ <1, -3750>, <2, 18750>, <3, -25000>, <4, -15000>, <5, 25000>, <6, 
13750>, <7, -7500>, <8, 75000>, <9, 15000>, <10, -27750>, <11, -10000>, <12, 
2500>, <13, -8250>, <14, -16000>, <15, 18500>, <16, 119000>, <17, -1368000>, 
<18, -1342000>, <19, 945900>, <20, 1303750>, <21, -636000>, <22, -385250>, <23, 
1450500>, <24, -274200>, <25, -361650>, <26, -219000>, <27, -211000>, <28, 
151800>, <29, 210000>, <30, -109400>, <31, -63600>, <32, 236620>, <33, -40860>, 
<34, -62070>, <35, -19/3>, <36, 45>, <37, -70>, <38, -46/3>, <39, 169>, <40, 
4/3>, <41, -37/2>, <42, 1>, <43, -23>, <44, -144>, <45, 66>, <46, 278>, <47, 
-6>, <48, -1036>, <49, 39>, <50, 10>, <51, 257/5>, <52, -1188/5>, <53, 103/5>, 
<54, 1277/15>, <55, 4/5>, <56, -1231/5>, <57, 38/15>, <58, 34/15>, <59, 
-173/15>, <60, -81/5>, <61, 508/15>, <62, 298/15>, <63, -124/5>, <64, -118/5>, 
<65, -31/15>, <66, -211/30>, <67, 547/5>, <68, 11/15>, <69, -39/10>, <70, -6/5> 
]
FORMC 13 [ <71, -93750>, <72, 125000>, <73, 112500>, <74, -137500>, <75, 
-62500>, <76, 131250>, <77, 725000>, <78, -127500>, <79, -37500>, <80, 
-1237500>, <81, -370000>, <82, 545000>, <83, 681250>, <84, -1110000>, <85, 
11355000>, <86, 10740000>, <1, -7581750>, <2, -10493750>, <3, 5420000>, <4, 
3172250>, <5, -11798000>, <6, 1959000>, <7, 2376250>, <8, 7473000>, <9, 
7101000>, <10, -5297250>, <11, -7580750>, <12, 4734500>, <13, 2525950>, <14, 
-8776700>, <15, 1029500>, <16, 3191250>, <17, -10860000>, <18, -10765200>, <19, 
7577520>, <20, 10755100>, <21, -5471600>, <22, -3248810>, <23, 11920100>, <24, 
-2098730>, <25, -3102880>, <26, 242280>, <27, 245080>, <28, -169296>, <29, 
-242200>, <30, 114340>, <31, 71038>, <32, -263244>, <33, 51986>, <34, 67594>, 
<35, 2/3>, <37, 7/2>, <46, -29>, <51, -27/5>, <54, -112/15>, <59, 13/15>, <61, 
-31/30>, <64, 31/10> ]
FORMC 14 [ <1, -2250>, <2, 11250>, <3, -15000>, <4, -9000>, <5, 15000>, <6, 
8250>, <7, -4500>, <8, 45000>, <9, 9000>, <10, -16650>, <11, -6000>, <12, 1500>,
<13, -4950>, <14, -9600>, <15, 11100>, <16, 71400>, <17, -820800>, <18, 
-805200>, <19, 567540>, <20, 782250>, <21, -381600>, <22, -231150>, <23, 
870300>, <24, -164520>, <25, -216990>, <26, -131400>, <27, -126600>, <28, 
91080>, <29, 126000>, <30, -65640>, <31, -38160>, <32, 141972>, <33, -24516>, 
<34, -37242>, <35, -1>, <36, 1/3>, <37, -13/2>, <39, 3>, <43, 1>, <44, -7>, <46,
57>, <48, -12>, <51, 56/5>, <52, -5>, <54, 67/5>, <56, -7/3>, <59, -3/5>, <60, 
-5/3>, <61, 31/10>, <63, 1/3>, <64, -63/10>, <67, 1> ]
FORMC 15 [ <1, -750>, <2, 3750>, <3, -5000>, <4, -3000>, <5, 5000>, <6, 2750>, 
<7, -1500>, <8, 15000>, <9, 3000>, <10, -5550>, <11, -2000>, <12, 500>, <13, 
-1650>, <14, -3200>, <15, 3700>, <16, 23800>, <17, -273600>, <18, -268400>, <19,
189180>, <20, 260750>, <21, -127200>, <22, -77050>, <23, 290100>, <24, -54840>, 
<25, -72330>, <26, -43800>, <27, -42200>, <28, 30360>, <29, 42000>, <30, 
-21880>, <31, -12720>, <32, 47324>, <33, -8172>, <34, -12414>, <35, -6>, <36, 
134/3>, <37, -67>, <38, -46/3>, <39, 166>, <40, 4/3>, <41, -37/2>, <42, 1>, <43,
-24>, <44, -137>, <45, 66>, <46, 250>, <47, -6>, <48, -1024>, <49, 39>, <50, 
10>, <51, 228/5>, <52, -1163/5>, <53, 103/5>, <54, 396/5>, <55, 4/5>, <56, 
-3658/15>, <57, 38/15>, <58, 34/15>, <59, -59/5>, <60, -218/15>, <61, 159/5>, 
<62, 298/15>, <63, -377/15>, <64, -102/5>, <65, -31/15>, <66, -211/30>, <67, 
542/5>, <68, 11/15>, <69, -39/10>, <70, -6/5> ]
6.6994098812746666422445667648237418867059611134345E-80
1.4068760750676799948713590206129857962082518338212E-78
1.6346560110310186607076742906169930203562545116780E-77
1.3814183175188362616308296669066555770387691815902E-76
3.6465315550768054871055665978294674479252840128490E-80
7.6577162656612915229216898554418816406430964269829E-79
8.8246063632858692787954711667473112239791873110946E-78
7.3514076150348398620048222612242063750173725699036E-77
1.2416625563739610398706687974991192620287212245994E-79
2.6074913683853181837284044747481504502603145716587E-78
2.9924067608612461060883118019728774214892181512846E-77
2.4783584625224262355818549198082420470093275643004E-76
3.0497382281441665959461561544383862258107599311744E-80
6.4044502791027498514869279243206110742025958554662E-79
7.2888743652645581643113132091077430796877162355068E-78
3.0480578083369262263731638720532889560352934903051E-80
6.0961156166738524527463277441065779120705869806102E-79
6.7362077564246069602846921572377685928379986135742E-78
8.4355548175061220097044911550149804423305891914924E-80
1.6871109635012244019408982310029960884661178382985E-78
1.8558220598513468421349880541032956973127296221283E-77
1.4787527595088231883011972994741260715405522852686E-76
5.2831479279498930850262100076860556867408372352217E-80
9.9464233916819213461734879350973661502981711461827E-80
1.5914277426691074153877580696155785840477073833892E-78
1.4322849684021966738489822626540207256429366450503E-77
9.5087807624479168069418544659530820396850516157507E-77
4.7765003783906272663802464987837690842316139050181E-80
7.1647505675859408995703697481756536263474208575271E-79
6.2094504919078154462943204484188998095010980765235E-78
4.0313663193616894128249280449735011070914821358353E-77
3.7106659872125457164860687604087178577863216066933E-80
5.5659989808188185747291031406130767866794824100399E-79
4.7496524636320585171021680133231588579664916565674E-78
3.0056394496421620303537156959310614648069205014215E-77
1.1357993706560229141296474321431953298569630485440E-79
1.7036990559840343711944711482147929947854445728160E-78
1.4424652007331491009446522388218580689183430716509E-77
9.0409629904219423964719935598598348256614258664105E-77
2.8899464748653551875756881386992099337886164008540E-80
4.3349197122980327813635322080488149006829246012811E-79
3.6124330935816939844696101733740124172357705010676E-78
8.3381678559525590450390207688604119381684845948376E-81
1.1673434998333582663054629076404576713435878432773E-79
9.4221296772263917208940934688122654901303875921665E-79
4.9490672017921593611953606958843679559494227830210E-80
6.9286940825090231056735049742381151383291918962294E-79
5.5429552660072184845388039793904921106633535169835E-78
3.3010278235953702939173055841548734266182649962750E-77
3.7292438009756525638679942283927486111646935251566E-80
7.5548829525803498059080988698423692179221784390621E-80
7.5548829525803498059080988698423692179221784390621E-79
4.5329297715482098835448593219054215307533070634373E-78
2.1002574608173372460424514858161786425823656060593E-77
3.8274239419547891600361318705591306915738741322289E-80
3.4446815477593102440325186835032176224164867190061E-79
1.9902604498164903632187885726907479596184145487591E-78
9.1092689818523982008859938519307310459458204347049E-78
-6.4615930302209382233360827614446272128527190406611E-81
-5.8154337271988444010024744853001644915674471365950E-80
-3.2307965151104691116680413807223136064263595203306E-79
-1.3957040945277226562405938764720394779761873127828E-78
8.5728776786840286135420252656382674397164166126567E-80
7.7155899108156257521878227390744406957447749513911E-79
4.2007100625551740206355923801627510454610441402018E-78
1.7831585571662779516167412552527596274610146554326E-77
-6.8574543913365708706106917955108249053183347028802E-81
-6.1717089522029137835496226159597424147865012325922E-80
-3.2230035639281883091870251438900877054996173103537E-79
-5.4362669123937443646809801742804112498015423071338E-81
-4.3490135299149954917447841394243289998412338457070E-80
-2.2288694340814351895192018714549686124186323459248E-79
4.0666810987224498926211851481872840933522249617217E-80
3.2533448789779599140969481185498272746817799693773E-79
1.6266724394889799570484740592749136373408899846887E-78
6.3846893249942463314152606826540360265629931899030E-78
3.0694753628278621811734891372059809937451049136504E-80
7.0697340734822103403977286169759498574027081656034E-80
2.8278936293928841361590914467903799429610832662414E-79
8.4836808881786524084772743403711398288832497987240E-79
2.2623149035143073089272731574323039543688666129931E-78
2.3055893522444226777951987612490725308437226709510E-80
6.9167680567332680333855962837472175925311680128531E-80
2.3055893522444226777951987612490725308437226709510E-79
6.4556501862843834978265565314974030863624234786629E-79
-5.9460873742300566527497643756337822785425586349862E-81
-1.7838262122690169958249293126901346835627675904959E-80
-4.7568698993840453221998115005070258228340469079890E-80
-1.0702957273614101974949575876140808101376605542975E-79
6.5481094371884313953240775267638627874540581127125E-80
1.9644328311565294185972232580291588362362174338138E-79
4.5836766060319019767268542687347039512178406788988E-79
1.0476975099501490232518524042822180459926492980340E-78
-1.4184925832715009652857773382604388941982820885519E-80
-4.2554777498145028958573320147813166825948462656557E-80
-7.0924629163575048264288866913021944709914104427595E-80
-2.7461765216151257852745256185967492191915644296564E-80
-5.4923530432302515705490512371934984383831288593129E-80
-1.3730882608075628926372628092983746095957822148282E-79
2.0657095156267644366776157437373785567991181982101E-80
4.1314190312535288733552314874747571135982363964202E-80
8.2628380625070577467104629749495142271964727928404E-80
1.4459966609387351056743310206161649897593827387471E-79
-6.1163195886318344037119000984130907649511124455008E-81
-2.0952753331022930773519366749386579711854305166283E-79
2.0952753331022930773519366749386579711854305166283E-79
-2.0952753331022930773519366749386579711854305166283E-79
2.0952753331022930773519366749386579711854305166283E-79
-4.1905506662045861547038733498773159423708610332566E-79
-6.2858259993068792320558100248159739135562915498849E-79
4.1905506662045861547038733498773159423708610332566E-79
-2.0952753331022930773519366749386579711854305166283E-79
-2.0952753331022930773519366749386579711854305166283E-79
-8.3811013324091723094077466997546318847417220665132E-79
1.3892526705608399692227822806869866624850798152109E-80
-1.3892526705608399692227822806869866624850798152109E-80
2.7785053411216799384455645613739733249701596304217E-80
4.1677580116825199076683468420609599874552394456326E-80
-2.7785053411216799384455645613739733249701596304217E-80
-5.5570106822433598768911291227479466499403192608434E-80
8.3355160233650398153366936841219199749104788912651E-80
6.9462633528041998461139114034349333124253990760542E-80
5.5570106822433598768911291227479466499403192608434E-80
-2.7785053411216799384455645613739733249701596304217E-80
-8.3355160233650398153366936841219199749104788912651E-80
2.0838790058412599538341734210304799937276197228163E-79
1.3892526705608399692227822806869866624850798152108E-79
-5.5570106822433598768911291227479466499403192608434E-80
5.5570106822433598768911291227479466499403192608434E-80
5.5570106822433598768911291227479466499403192608434E-80
-9.3190234447862733250301683880303954192487982243665E-80
9.3190234447862733250301683880303954192487982243665E-80
9.3190234447862733250301683880303954192487982243665E-80
-1.8638046889572546650060336776060790838497596448733E-79
9.3190234447862733250301683880303954192487982243665E-80
-9.3190234447862733250301683880303954192487982243665E-80
3.7276093779145093300120673552121581676995192897466E-79
-3.7276093779145093300120673552121581676995192897466E-79
-1.8638046889572546650060336776060790838497596448733E-79
2.7957070334358819975090505164091186257746394673100E-79
9.3190234447862733250301683880303954192487982243665E-80
-3.0485634887327031343867745449873071699992613784667E-79
3.0485634887327031343867745449873071699992613784667E-79
3.0485634887327031343867745449873071699992613784667E-79
-3.0485634887327031343867745449873071699992613784667E-79
-9.1456904661981094031603236349619215099977841354001E-79
-6.0971269774654062687735490899746143399985227569334E-79
9.1456904661981094031603236349619215099977841354001E-79
2.4388507909861625075094196359898457359994091027734E-78
-3.0485634887327031343867745449873071699992613784667E-78
-3.6582761864792437612641294539847686039991136541601E-78
6.0971269774654062687735490899746143399985227569334E-79
2.4388507909861625075094196359898457359994091027734E-78
1.5242817443663515671933872724936535849996306892334E-78
-5.1825579308455953284575167264784221889987443433934E-78
-7.9262650707050281494056138169669986419980795840135E-78
4.8777015819723250150188392719796914719988182055467E-78
1.2194253954930812537547098179949228679997045513867E-78
-6.7068396752119468956509039989720757739983750326268E-78
-3.6582761864792437612641294539847686039991136541601E-78
-5.1825579308455953284575167264784221889987443433934E-78
-6.0971269774654062687735490899746143399985227569334E-79
-3.6582761864792437612641294539847686039991136541601E-78
-1.2194253954930812537547098179949228679997045513867E-77
9.1456904661981094031603236349619215099977841354001E-79
-4.5728452330990547015801618174809607549988920677001E-78
-1.6462242839156596925688582542931458717996011443720E-77
-1.3568383950688873225701151500548927443076766457020E-79
1.3568383950688873225701151500548927443076766457020E-79
2.7136767901377746451402303001097854886153532914039E-79
-4.0705151852066619677103454501646782329230299371059E-79
-1.3568383950688873225701151500548927443076766457020E-79
2.7136767901377746451402303001097854886153532914039E-79
-1.3568383950688873225701151500548927443076766457020E-79
5.4273535802755492902804606002195709772307065828079E-79
-2.7136767901377746451402303001097854886153532914039E-79
-1.2211545555619985903131036350494034698769089811318E-78
1.0854707160551098580560921200439141954461413165616E-78
8.1410303704133239354206909003293564658460598742118E-79
-8.1410303704133239354206909003293564658460598742118E-79
-1.3568383950688873225701151500548927443076766457020E-79
-6.7841919753444366128505757502744637215383832285098E-79
4.0705151852066619677103454501646782329230299371059E-79
1.4925222345757760548271266650603820187384443102722E-78
-4.0705151852066619677103454501646782329230299371059E-79
-1.4925222345757760548271266650603820187384443102722E-78
-1.3568383950688873225701151500548927443076766457020E-79
-8.1762374621189608961066461634367173865596439185640E-80
8.1762374621189608961066461634367173865596439185640E-80
1.6352474924237921792213292326873434773119287837128E-79
-1.6352474924237921792213292326873434773119287837128E-79
-4.0881187310594804480533230817183586932798219592820E-79
4.9057424772713765376639876980620304319357863511384E-79
8.1762374621189608961066461634367173865596439185640E-79
-1.2264356193178441344159969245155076079839465877846E-78
-1.8805346162873610061045286175904449989087181012697E-78
9.8114849545427530753279753961240608638715727022768E-79
2.1258217401509298329877280024935465205055074188266E-78
-4.0881187310594804480533230817183586932798219592820E-79
-2.2893464893933090509098609257622808682367002971979E-78
-3.1069702356052051405205255421059526068926646890543E-78
2.2893464893933090509098609257622808682367002971979E-78
2.6163959878780674867541267722997495636990860539405E-78
-3.8428316071959116211701236968152571716830326417251E-78
-2.6163959878780674867541267722997495636990860539405E-78
8.1762374621189608961066461634367173865596439185640E-79
-2.2075841147721194419487944641279136943711038580123E-78
-1.4717227431814129612991963094186091295807359053415E-78
-3.4340197340899635763647913886434213023550504457969E-78
3.2704949848475843584426584653746869546238575674256E-79
8.1762374621189608961066461634367173865596439185640E-80
-1.0383821576891080338055440627564631080930747776576E-77
-7.6856632143918232423402473936305143433660652834502E-78
2.7799207371204467046762596955684839114302789323118E-78
2.1258217401509298329877280024935465205055074188266E-78
-8.5032869606037193319509120099741860820220296753065E-78
-2.0440593655297402240266615408591793466399109796410E-77
-6.3774652204527894989631840074806395615165222564799E-78
1.1446732446966545254549304628811404341183501485990E-78
-7.6856632143918232423402473936305143433660652834502E-78
7.7087068959831502552856910360461450619108110685237E-80
-7.7087068959831502552856910360461450619108110685237E-80
-2.3126120687949450765857073108138435185732433205571E-79
3.0834827583932601021142764144184580247643244274095E-79
3.0834827583932601021142764144184580247643244274095E-79
-4.6252241375898901531714146216276870371464866411142E-79
-7.7087068959831502552856910360461450619108110685237E-80
1.0792189654376410357399967450464603086675135495933E-78
-6.1669655167865202042285528288369160495286488548190E-79
-1.6188284481564615536099951175696904630012703243900E-78
1.3875672412769670459514243864883061111439459923343E-78
8.4795775855814652808142601396507595681018921753761E-79
-6.9378362063848352297571219324415305557197299616713E-79
1.5417413791966300510571382072092290123821622137047E-79
-1.1563060343974725382928536554069217592866216602786E-78
-2.3126120687949450765857073108138435185732433205571E-79
2.3126120687949450765857073108138435185732433205571E-78
-1.5417413791966300510571382072092290123821622137047E-79
-2.3126120687949450765857073108138435185732433205571E-78
6.9378362063848352297571219324415305557197299616713E-79
1.8500896550359560612685658486510748148585946564457E-78
-2.5438732756744395842442780418952278704305676526128E-78
5.3960948271882051786999837252323015433375677479666E-79
3.3918310342325861123257040558603038272407568701504E-78
-4.8564853444693846608299853527090713890038109731699E-78
8.4795775855814652808142601396507595681018921753761E-79
3.0736859874114070648090585325158285926943989172520E-79
-3.0736859874114070648090585325158285926943989172520E-79
-1.2294743949645628259236234130063314370777595669008E-78
1.5368429937057035324045292662579142963471994586260E-78
2.4589487899291256518472468260126628741555191338016E-78
-3.3810545861525477712899643857674114519638388089772E-78
-2.1515801911879849453663409727610800148860792420764E-78
2.7663173886702663583281526792642457334249590255268E-78
6.1473719748228141296181170650316571853887978345041E-79
3.6884231848936884777708702390189943112332787007024E-78
-1.5368429937057035324045292662579142963471994586260E-78
-1.2602112548386768965717139983314897230047035560733E-77
7.9915835672696583685035521845411543410054371848553E-78
1.3831586943351331791640763396321228667124795127634E-77
-1.1680006752163346846274422423560148652238715885558E-77
-3.6884231848936884777708702390189943112332787007024E-78
3.0736859874114070648090585325158285926943989172520E-78
-7.0694777710462362490608346247864057631971175096796E-78
1.4446324140833613204602575102824394385663674911085E-77
6.7621091723050955425799287715348229039276776179544E-78
-2.3667382103067834399029750700371880163746871662841E-77
3.9957917836348291842517760922705771705027185924276E-78
1.9978958918174145921258880461352885852513592962138E-77
-2.3052644905585552986067938993868714445207991879390E-77
-3.3810545861525477712899643857674114519638388089772E-78
4.3031603823759698907326819455221600297721584841528E-77
-2.8277911084184944996243338499145623052788470038719E-77
-3.3810545861525477712899643857674114519638388089772E-77
5.1330555989770497982311277493014337497996461918109E-77
-2.8277911084184944996243338499145623052788470038719E-77
-5.8400033760816734231372112117800743261193579427789E-78
8.4526364653813694282249109644185286299095970224431E-77
-1.0173900618331757384517983742627392641818460416104E-76
-5.2252661785993920101753995052769086075804781593284E-77
1.3954534382847788074233125737621861810832571084324E-76
-3.7191600447678025484189608243441525971602226898750E-77
-7.3747344609282465930653343808581383322527698196751E-82
1.4749468921856493186130668761716276664505539639350E-81
-7.3747344609282465930653343808581383322527698196751E-82
-1.4749468921856493186130668761716276664505539639350E-81
3.6873672304641232965326671904290691661263849098375E-81
-1.4749468921856493186130668761716276664505539639350E-81
-2.2124203382784739779196003142574414996758309459025E-81
1.4749468921856493186130668761716276664505539639350E-81
-3.1987677445467021467438964230760722206579854771739E-79
6.3975354890934042934877928461521444413159709543479E-79
-6.3975354890934042934877928461521444413159709543479E-79
9.5963032336401064402316892692282166619739564315218E-79
6.3975354890934042934877928461521444413159709543479E-79
-2.8788909700920319320695067807684649985921869294565E-78
6.3975354890934042934877928461521444413159709543479E-79
2.5590141956373617173951171384608577765263883817391E-78
-6.3975354890934042934877928461521444413159709543479E-79
-6.3975354890934042934877928461521444413159709543479E-79
-2.5590141956373617173951171384608577765263883817391E-78
9.5963032336401064402316892692282166619739564315218E-79
4.4782748423653830054414549923065011089211796680435E-78
-1.9192606467280212880463378538456433323947912863044E-78
-2.5590141956373617173951171384608577765263883817391E-78
-9.5963032336401064402316892692282166619739564315218E-79
-9.3443456682402498799058626686121887569972021925765E-80
1.8688691336480499759811725337224377513994404385153E-79
9.3443456682402498799058626686121887569972021925765E-80
-3.7377382672960999519623450674448755027988808770306E-79
-9.3443456682402498799058626686121887569972021925765E-80
3.7377382672960999519623450674448755027988808770306E-79
1.8688691336480499759811725337224377513994404385153E-79
1.8688691336480499759811725337224377513994404385153E-79
-1.1213214801888299855887035202334626508396642631092E-78
-1.8688691336480499759811725337224377513994404385153E-79
1.8688691336480499759811725337224377513994404385153E-78
-1.8688691336480499759811725337224377513994404385153E-79
-1.5885387636008424795839966536640720886895243727380E-78
3.7377382672960999519623450674448755027988808770306E-79
1.8688691336480499759811725337224377513994404385153E-78
-4.6721728341201249399529313343060943784986010962882E-79
-2.6164167871072699663736415472114128519592166139214E-78
6.5410419677681749159341038680285321298980415348035E-79
1.6819822202832449783830552803501939762594963946638E-78
1.8688691336480499759811725337224377513994404385153E-79
-1.1213214801888299855887035202334626508396642631092E-78
-5.6066074009441499279435176011673132541983213155459E-79
1.4950953069184399807849380269779502011195523508122E-78
-1.5885387636008424795839966536640720886895243727380E-78
9.3443456682402498799058626686121887569972021925765E-79
1.4016518502360374819858794002918283135495803288865E-78
-5.7489747262428051571034759534072009800796810883732E-80
1.1497949452485610314206951906814401960159362176746E-79
5.7489747262428051571034759534072009800796810883732E-80
-1.7246924178728415471310427860221602940239043265120E-79
5.7489747262428051571034759534072009800796810883732E-80
-5.7489747262428051571034759534072009800796810883732E-80
1.2220425690252762425124966503179279761162806530379E-79
-2.4440851380505524850249933006358559522325613060757E-79
-2.4440851380505524850249933006358559522325613060757E-79
7.3322554141516574550749799019075678566976839182272E-79
3.6661277070758287275374899509537839283488419591136E-79
-1.2220425690252762425124966503179279761162806530379E-78
-3.6661277070758287275374899509537839283488419591136E-79
4.8881702761011049700499866012717119044651226121515E-79
1.7108595966353867395174953104450991665627929142530E-78
4.8881702761011049700499866012717119044651226121515E-79
-4.0327404777834116002912389460491623211837261550250E-78
-7.3322554141516574550749799019075678566976839182272E-79
5.8658043313213259640599839215260542853581471345818E-78
-4.8881702761011049700499866012717119044651226121515E-79
-3.6661277070758287275374899509537839283488419591136E-78
-1.4664510828303314910149959803815135713395367836454E-78
1.0998383121227486182612469852861351785046525877341E-78
5.1325787899061602185524859313352974996883787427591E-78
-3.6661277070758287275374899509537839283488419591136E-79
-7.3322554141516574550749799019075678566976839182272E-78
2.3218808811480248607737436356040631546209332407720E-78
4.1549447346859392245424886110809551187953542203288E-78
-1.7108595966353867395174953104450991665627929142530E-78
-3.6661277070758287275374899509537839283488419591136E-78
4.8881702761011049700499866012717119044651226121515E-78
2.1996766242454972365224939705722703570093051754682E-78
-8.4320937262744060733362268871937030352023365059613E-78
3.1773106794657182305324912908266127379023296978985E-78
2.5662893949530801092762429656676487498441893713795E-78
-4.3993532484909944730449879411445407140186103509363E-78
1.3809081029985621540391212148592586130113971379328E-77
-1.4420102314498259661647460473751550118172111705847E-77
-1.2342629947155290049376216168211072558774434595682E-77
2.9329021656606629820299919607630271426790735672909E-77
-1.2098221433350234800873716838147486963551178465075E-77
5.1192672884176224689157467202792106165113413070000E-80
-1.0238534576835244937831493440558421233022682614000E-79
-1.0238534576835244937831493440558421233022682614000E-79
2.5596336442088112344578733601396053082556706535000E-79
1.0238534576835244937831493440558421233022682614000E-79
-3.0715603730505734813494480321675263699068047842000E-79
5.1192672884176224689157467202792106165113413070000E-80
1.0238534576835244937831493440558421233022682614000E-79
-1.5357801865252867406747240160837631849534023921000E-79
1.0238534576835244937831493440558421233022682614000E-79
-5.1192672884176224689157467202792106165113413070000E-80
2.5596336442088112344578733601396053082556706535000E-79
-1.0238534576835244937831493440558421233022682614000E-79
-3.5834871018923357282410227041954474315579389149000E-79
2.5596336442088112344578733601396053082556706535000E-79
1.1210013309803891047734106313589187559171464767077E-80
-2.2420026619607782095468212627178375118342929534154E-80
-3.3630039929411673143202318940767562677514394301231E-80
7.8470093168627237334138744195124312914200253369540E-80
5.6050066549019455238670531567945937795857323835386E-80
-1.4573017302745058362054338207665943826922904197200E-79
-2.2420026619607782095468212627178375118342929534154E-80
1.2331014640784280152507516944948106315088611243785E-79
-4.4840053239215564190936425254356750236685859068309E-80
-1.1210013309803891047734106313589187559171464767077E-80
6.7260079858823346286404637881535125355028788602463E-80
-7.8470093168627237334138744195124312914200253369540E-80
4.4840053239215564190936425254356750236685859068309E-80
1.1210013309803891047734106313589187559171464767077E-80
-1.9057022626666614781147980733101618850591490104031E-79
1.4573017302745058362054338207665943826922904197200E-79
2.4662029281568560305015033889896212630177222487570E-79
-3.1388037267450894933655497678049725165680101347816E-79
-1.9057022626666614781147980733101618850591490104031E-79
4.1477049246274396876616193360279993968934419638185E-79
6.7260079858823346286404637881535125355028788602463E-80
-2.5783030612548949409788444521255131386094368964277E-79
1.5694018633725447466827748839024862582840050673908E-79
-3.0267035936470505828882087046690806409762954871108E-79
2.3876254980399411220913621317461952602615623660718E-79
-4.7752509960798822441827242634923905205231247321436E-79
-9.5505019921597644883654485269847810410462494642872E-79
2.1488629482359470098822259185715757342354061294646E-78
2.1488629482359470098822259185715757342354061294646E-78
-5.2527760956878704686009966898416295725754372053580E-78
-2.1488629482359470098822259185715757342354061294646E-78
6.9241139443158292540649501820639662547585308616083E-78
-4.2977258964718940197644518371431514684708122589293E-78
3.1039131474519234587187707712700538383400310758933E-78
-1.9101003984319528976730897053969562082092498928574E-78
-1.6713378486279587854639534922223366821830936562503E-78
3.8202007968639057953461794107939124164184997857149E-78
-5.2527760956878704686009966898416295725754372053580E-78
2.6263880478439352343004983449208147862877186026790E-78
1.3370702789023670283711627937778693457464749250002E-77
-1.5280803187455623181384717643175649665673999142860E-77
-1.4325752988239646732548172790477171561569374196431E-77
2.4831305179615387669750166170160430706720248607147E-77
7.8791641435318057029014950347624443588631558080369E-78
-2.3876254980399411220913621317461952602615623660718E-77
5.0140135458838763563918604766670100465492809687508E-78
1.6713378486279587854639534922223366821830936562503E-78
-1.6474615936475593742430398709048747295804780325895E-77
3.4381807171775152158115614697145211747766498071434E-77
1.1699364940395711498247674445556356775281655593752E-77
-4.8946322709818793002872923700797002835362028504472E-77
2.2682442231379440659867940251588854972484842477682E-77
8.1179266933357998151106312479370638848893120446441E-78
-6.1361975299626486837748006785877218188722152808045E-77
6.1361975299626486837748006785877218188722152808045E-77
-4.7972049787867905484762503120641176000677642422288E-80
1.4391614936360371645428750936192352800203292726686E-79
-1.9188819915147162193905001248256470400271056968915E-79
9.5944099575735810969525006241282352001355284844576E-80
9.5944099575735810969525006241282352001355284844576E-80
-9.5944099575735810969525006241282352001355284844576E-80
4.7972049787867905484762503120641176000677642422288E-80
-9.5944099575735810969525006241282352001355284844576E-80
1.4391614936360371645428750936192352800203292726686E-79
-9.1031510492235632118201813987748143363705585876815E-80
2.7309453147670689635460544196324443009111675763045E-79
-2.7309453147670689635460544196324443009111675763045E-79
-9.1031510492235632118201813987748143363705585876815E-80
4.5515755246117816059100906993874071681852792938408E-79
-9.1031510492235632118201813987748143363705585876815E-80
-5.4618906295341379270921088392648886018223351526089E-79
4.5515755246117816059100906993874071681852792938408E-79
-1.8206302098447126423640362797549628672741117175363E-79
-4.5515755246117816059100906993874071681852792938408E-79
8.1928359443012068906381632588973329027335027289134E-79
2.7309453147670689635460544196324443009111675763045E-79
-6.3722057344564942482741269791423700354593910113771E-79
-5.4618906295341379270921088392648886018223351526089E-79
5.4618906295341379270921088392648886018223351526089E-79
1.3602005336485452468315778064293408276269397577690E-79
-4.0806016009456357404947334192880224828808192733070E-79
2.7204010672970904936631556128586816552538795155380E-79
5.4408021345941809873263112257173633105077590310760E-79
-9.5214037355398167278210446450053857933885783043829E-79
-4.0806016009456357404947334192880224828808192733070E-79
2.0403008004728178702473667096440112414404096366535E-78
-1.0881604269188361974652622451434726621015518062152E-78
-1.0881604269188361974652622451434726621015518062152E-78
9.5214037355398167278210446450053857933885783043829E-79
4.0806016009456357404947334192880224828808192733070E-79
1.3602005336485452468315778064293408276269397577690E-79
-5.4408021345941809873263112257173633105077590310760E-79
-2.1763208538376723949305244902869453242031036124304E-78
2.8564211206619450183463133935016157380165734913149E-78
2.0403008004728178702473667096440112414404096366535E-78
-3.1284612273916540677126289547874839035419614428687E-78
-2.5843810139322359689799978322157475724911855397611E-78
3.5365213874862176417621022967162861518300433701994E-78
3.4005013341213631170789445160733520690673493944225E-78
-5.4408021345941809873263112257173633105077590310760E-78
-2.5843810139322359689799978322157475724911855397611E-78
5.5768221879590355120094690063602973932704530068529E-78
-1.0024718207252915621605200817993907522395807910076E-79
3.0074154621758746864815602453981722567187423730228E-79
-2.0049436414505831243210401635987815044791615820152E-79
-1.0024718207252915621605200817993907522395807910076E-79
2.0049436414505831243210401635987815044791615820152E-79
-2.0049436414505831243210401635987815044791615820152E-79
-2.0049436414505831243210401635987815044791615820152E-79
5.0123591036264578108026004089969537611979039550380E-79
-2.0049436414505831243210401635987815044791615820152E-79
-3.0074154621758746864815602453981722567187423730228E-79
8.0197745658023324972841606543951260179166463280608E-79
-1.0024718207252915621605200817993907522395807910076E-79
-1.8512488055650203266262630667330972556062866087105E-79
5.5537464166950609798787892001992917668188598261313E-79
-1.8512488055650203266262630667330972556062866087105E-79
-1.2958741638955142286383841467131680789244006260973E-78
1.4809990444520162613010104533864778044850292869684E-78
1.8512488055650203266262630667330972556062866087105E-78
-4.6281220139125508165656576668327431390157165217761E-78
7.4049952222600813065050522669323890224251464348418E-79
5.1834966555820569145535365868526723156976025043893E-78
-2.9619980889040325226020209067729556089700585739367E-78
-3.5173727305735386205898998267928847856519445565499E-78
3.1471229694605345552646472134462653345306872348078E-78
-1.8512488055650203266262630667330972556062866087105E-79
3.8876224916865426859151524401395042367732018782920E-78
-4.0727473722430447185777787468128139623338305391630E-78
-7.9603698639295874044929311869523181991070324174549E-78
9.2562440278251016331313153336654862780314330435523E-78
1.0737243072277117894432325787051964082516462330521E-77
-1.5735614847302672776323236067231326672653436174039E-77
-7.9603698639295874044929311869523181991070324174549E-78
1.6846364130641684972298993907271185026017208139265E-77
8.1454947444860894371555574936256279246676610783260E-78
-2.1844735905667239854189904187450547616154181982783E-77
5.5537464166950609798787892001992917668188598261313E-79
1.1292617713946623992420204707071893259198348313134E-77
-2.0363736861215223592888893734064069811669152695815E-78
9.4413689083816036657939416403387960035920617044233E-78
-1.2958741638955142286383841467131680789244006260973E-77
-1.8697612936206705298925256974004282281623494747976E-77
4.1838223005769459381753545308167997976702077356856E-77
-5.7388712972515630125414155068726014923794884870024E-78
-4.9428343108586042720921223881773696724687852452569E-77
3.2952228739057361813947482587849131149791901635046E-77
-1.2254562875916937374435448894838618610982115847549E-79
3.6763688627750812123306346684515855832946347542647E-79
-1.2254562875916937374435448894838618610982115847549E-79
-4.9018251503667749497741795579354474443928463390195E-79
3.6763688627750812123306346684515855832946347542647E-79
2.4509125751833874748870897789677237221964231695098E-79
-8.5781940131418561621048142263870330276874810932842E-79
1.1029106588325243636991904005354756749883904262794E-78
-1.3480019163508631111878993784322480472080327432304E-78
1.2254562875916937374435448894838618610982115847549E-78
6.1272814379584686872177244474193093054910579237744E-79
-2.2058213176650487273983808010709513499767808525588E-78
8.5781940131418561621048142263870330276874810932842E-79
1.1029106588325243636991904005354756749883904262794E-78
-1.7156388026283712324209628452774066055374962186568E-78
1.5930931738692018586766083563290204194276750601814E-78
1.3480019163508631111878993784322480472080327432304E-78
-3.3087319764975730910975712016064270249651712788382E-78
6.1272814379584686872177244474193093054910579237744E-79
7.5882414708920189313212091464660163579258799637955E-80
-2.2764724412676056793963627439398049073777639891387E-79
5.3117690296244132519248464025262114505481159746569E-79
-2.2764724412676056793963627439398049073777639891387E-79
-6.8294173238028170381890882318194147221332919674160E-79
9.1058897650704227175854509757592196295110559565547E-79
-4.5529448825352113587927254878796098147555279782773E-79
-6.8294173238028170381890882318194147221332919674160E-79
1.6694131235962441648906660122225235987436935920350E-78
-4.5529448825352113587927254878796098147555279782773E-79
-2.0488251971408451114567264695458244166399875902248E-78
2.7317669295211268152756352927277658888533167869664E-78
-2.2764724412676056793963627439398049073777639891387E-79
-2.7317669295211268152756352927277658888533167869664E-78
2.3523548559765258687095748354044650709570227887766E-78
2.2764724412676056793963627439398049073777639891387E-79
-3.4147086619014085190945441159097073610666459837080E-78
4.4011800531173709801663013049502894875970103790014E-78
9.1058897650704227175854509757592196295110559565547E-79
-5.9188283472957747664305431342434927591821863717606E-78
4.2494152236995306015398771220209691604384927797255E-78
2.2764724412676056793963627439398049073777639891387E-78
-9.3335370091971832855250872501532001202488323554686E-78
5.9947107620046949557437552257081529227614451713985E-78
6.1464755914225353343701794086374732499199627706744E-78
-1.2292951182845070668740358817274946499839925541349E-77
7.2088293973474179847551486891427155400295859656058E-78
3.1098374199184393694350279517589105003842939432616E-79
-9.3295122597553181083050838552767315011528818297847E-79
-3.1098374199184393694350279517589105003842939432616E-79
3.1098374199184393694350279517589105003842939432616E-78
-6.2196748398368787388700559035178210007685878865232E-79
-5.9086910978450348019265531083419299507301584921970E-78
4.9757398718695029910960447228142568006148703092185E-78
2.1768861939429075586045195662312373502690057602831E-78
-7.4636098078042544866440670842213852009223054638278E-78
8.0855772917879423605310726745731673009991642524801E-78
3.7318049039021272433220335421106926004611527319139E-78
-1.9902959487478011964384178891257027202459481236874E-77
1.4305252131624821099401128578090988301767752139003E-77
1.1506398453698225666909603421507968851421887590068E-77
-2.7055585553290422514084743180302521353343357306376E-77
1.1195414711706381729966100626332077801383458195742E-77
2.1146894455445387712158190071960591402613198814179E-77
-3.7629032781013116370163838216282817054649956713465E-77
2.0835910713453543775214687276784700352574769419853E-77
2.8921488005241486135745759951357867653573933672333E-77
-5.7531992268491128334548017107539844257109437950339E-77
1.1506398453698225666909603421507968851421887590068E-77
5.9086910978450348019265531083419299507301584921970E-77
-8.3032659111822331163915246311962910360260648285084E-77
1.5860170841584040784118642553970443551959899110634E-77
1.0573447227722693856079095035980295701306599407089E-76
-1.1164316337507197336271750346814488696379615256309E-76
-2.7055585553290422514084743180302521353343357306376E-77
1.5331498480197906091314687802171428766894569140280E-76
-1.4491842376819927461567230255196522931790809775599E-76
-4.1360837684915243613485871758393509655111109445379E-77
2.3168288778392373302290958240603883227862989877299E-76
-1.7570581422539182437307907927437844327171260779428E-76
-1.1071021214909644155188699508261721381368086438011E-76
3.1595948186371343993459883989870530683904426463538E-76
-1.3216809034653367320098868794975369626633249258862E-76
-1.0884960271495556741085065385969286880888890173923E-79
4.3539841085982226964340261543877147523555560695690E-79
-5.4424801357477783705425326929846434404444450869613E-79
2.1769920542991113482170130771938573761777780347845E-79
-2.1769920542991113482170130771938573761777780347845E-79
3.2654880814486670223255196157907860642666670521768E-79
4.3539841085982226964340261543877147523555560695690E-79
-1.1973456298645112415193571924566215568977779191315E-78
4.3539841085982226964340261543877147523555560695690E-79
6.5309761628973340446510392315815721285333341043536E-79
1.0884960271495556741085065385969286880888890173923E-79
-4.3539841085982226964340261543877147523555560695690E-79
-1.5279448996295464831158588846666607559312418843179E-79
6.1117795985181859324634355386666430237249675372716E-79
-6.1117795985181859324634355386666430237249675372716E-79
-3.0558897992590929662317177693333215118624837686358E-79
3.0558897992590929662317177693333215118624837686358E-79
7.6397244981477324155792944233333037796562094215895E-79
-1.2223559197036371864926871077333286047449935074543E-78
-1.0695614297406825381811012192666625291518693190225E-78
3.3614787791850022628548895462666536630487321454994E-78
-1.5279448996295464831158588846666607559312418843179E-79
-2.7503008193331836696085459923999893606762353917722E-78
-9.1676693977772788986951533079999645355874513059074E-79
1.6807393895925011314274447731333268315243660727497E-78
4.5838346988886394493475766539999822677937256529537E-78
-3.2086842892220476145433036577999875874556079570676E-78
-5.1950126587404580425939202078666465701662224066809E-78
3.9726567390368208561012331001333179654212288992265E-78
1.9863283695184104280506165500666589827106144496133E-78
-3.0558897992590929662317177693333215118624837686358E-79
-2.5636529978248121227120079782890601402434012468919E-81
1.0254611991299248490848031913156240560973604987568E-80
-1.0254611991299248490848031913156240560973604987568E-80
-2.5636529978248121227120079782890601402434012468919E-81
5.1273059956496242454240159565781202804868024937839E-81
1.7945570984773684858984055848023420981703808728244E-80
-2.0509223982598496981696063826312481121947209975135E-80
-5.1273059956496242454240159565781202804868024937839E-81
5.1273059956496242454240159565781202804868024937839E-81
2.5636529978248121227120079782890601402434012468919E-81
5.8830166505635301896198377899440511510435178678360E-80
-2.3532066602254120758479351159776204604174071471344E-79
1.7649049951690590568859513369832153453130553603508E-79
3.5298099903381181137719026739664306906261107207016E-79
-2.9415083252817650948099188949720255755217589339180E-79
-6.4713183156198832085818215689384562661478696546196E-79
4.1181116553944711327338864529608358057304625074852E-79
6.4713183156198832085818215689384562661478696546196E-79
5.2947149855071771706578540109496460359391660810524E-79
-1.9413954946859649625745464706815368798443608963859E-78
-4.7064133204508241516958702319552409208348142942688E-79
2.5296971597423179815365302496759419949487126831695E-78
7.6479216457325892465057891269272664963565732281868E-79
-2.7650178257648591891213237612737040409904533978829E-78
-1.4119239961352472455087610695865722762504442882806E-78
1.7649049951690590568859513369832153453130553603508E-78
4.1769418219001064346300848308602763172408976861636E-78
-3.1179988247986710004985140286703471100530644699531E-78
-3.7063004898550240194604978076647522251574162567367E-78
2.9415083252817650948099188949720255755217589339180E-78
1.8237351616746943587821497148826558568234905390292E-78
-5.2947149855071771706578540109496460359391660810524E-79
-2.4120368267310473777441334938770609719278423258128E-78
-1.2354334966183413398201659358882507417191387522456E-78
6.0006769835748007934122345457429321740643882251927E-78
-2.4708669932366826796403318717765014834382775044911E-78
-3.8239608228662946232528945634636332481782866140934E-78
4.9417339864733653592806637435530029668765550089822E-78
-3.0322134017107680314817376773555106063565858186627E-79
1.2128853606843072125926950709422042425426343274651E-78
-9.0966402051323040944452130320665318190697574559881E-79
-1.5161067008553840157408688386777553031782929093314E-78
9.0966402051323040944452130320665318190697574559881E-79
2.1225493811975376220372163741488574244496100730639E-78
6.0644268034215360629634753547110212127131716373254E-79
-2.1225493811975376220372163741488574244496100730639E-78
-3.9418774222239984409262589805621637882635615642615E-78
3.3354347418818448346299114450910616669922444005290E-78
3.0322134017107680314817376773555106063565858186627E-78
-6.0644268034215360629634753547110212127131716373254E-79
-1.8193280410264608188890426064133063638139514911976E-78
-4.5483201025661520472226065160332659095348787279941E-78
4.8515414427372288503707802837688169701705373098603E-78
4.5483201025661520472226065160332659095348787279941E-78
-3.9418774222239984409262589805621637882635615642615E-78
-1.8193280410264608188890426064133063638139514911976E-78
-5.7612054632504592598153015869754701520775130554591E-78
-8.0788865281114476417087128722268569506691375659016E-80
3.2315546112445790566834851488907427802676550263607E-79
-2.4236659584334342925126138616680570852007412697705E-79
-3.2315546112445790566834851488907427802676550263607E-79
5.6552205696780133491960990105587998654683962961311E-79
6.4631092224891581133669702977814855605353100527213E-79
-8.8867751809225924058795841594495426457360513224918E-79
-6.4631092224891581133669702977814855605353100527213E-79
3.2315546112445790566834851488907427802676550263607E-79
2.4236659584334342925126138616680570852007412697705E-79
3.2315546112445790566834851488907427802676550263607E-79
3.0230188150583762918273863622106702675578446123358E-79
-1.2092075260233505167309545448842681070231378449343E-78
6.0460376301167525836547727244213405351156892246716E-79
3.0230188150583762918273863622106702675578446123358E-78
-2.1161131705408634042791704535474691872904912286351E-78
-6.3483395116225902128375113606424075618714736859052E-78
4.8368301040934020669238181795370724280925513797373E-78
7.2552451561401031003857272693056086421388270696060E-78
-1.4812792193786043829954193174832284311033438600445E-77
-4.5345282225875644377410795433160054013367669185037E-78
2.2974942994443659817888136352801094033439619053752E-77
1.1487471497221829908944068176400547016719809526876E-77
-3.5067018254677164985197681801643775103670997503095E-77
-9.9759620896926417630303749952952118829408872207082E-78
2.8114074980042899513994693168559233488287954894723E-77
2.9323282506066250030725647713443501595311092739657E-77
-3.2043999439618788693370295439433104836113152890760E-77
-3.9903848358770567052121499981180847531763548882833E-77
3.2950905084136301580918511348096305916380506274460E-77
4.2019961529311430456400670434728316719054040111468E-77
-4.0206150240276404681304238617401914558519333344066E-77
-1.7533509127338582492598840900821887551835498751548E-77
9.6736602081868041338476363590741448561851027594746E-78
4.7461395396416507781689965886707523200658160413672E-77
-2.0556527942396958784426227263032557819393343363883E-77
-7.1645545916883518116309056784392885341120917312359E-77
5.3809734908039097994527477247349930762529634099578E-77
5.5623546197074123769623909064676332923064340866979E-77
-6.9529432746342654712029886330845416153830426083724E-77
-1.1185169615715992279761329540179479989964025065643E-77
8.7667545636692912462994204504109437759177493757739E-78
6.4994904523755090274288806787529410752493659165220E-77
-1.1699082814275916249371985221755293935448858649740E-76
7.7993885428506108329146568145035292902992390998264E-77
-1.0316606589829993827425873918224029890199869324982E-79
4.1266426359319975309703495672896119560799477299927E-79
-2.0633213179659987654851747836448059780399738649963E-79
-9.2849459308469944446832865264016269011798823924835E-79
5.1583032949149969137129369591120149450999346624909E-79
1.6506570543727990123881398269158447824319790919971E-78
-5.1583032949149969137129369591120149450999346624909E-79
-1.5474909884744990741138810877336044835299803987473E-78
-1.5474909884744990741138810877336044835299803987473E-78
2.0633213179659987654851747836448059780399738649963E-78
2.8886498451523982716792446971027283692559634109949E-78
-1.3411588566778991975653636093691238857259830122476E-78
-2.8886498451523982716792446971027283692559634109949E-78
-5.1583032949149969137129369591120149450999346624909E-79
1.6506570543727990123881398269158447824319790919971E-78
3.5076462405421979013247971321961701626679555704938E-78
-2.4759855815591985185822097403737671736479686379956E-78
-2.3728195156608985803079510011915268747459699447458E-78
1.0316606589829993827425873918224029890199869324982E-79
5.5709675585081966668099719158409761407079294354901E-78
-3.0949819769489981482277621754672089670599607974945E-79
-6.1899639538979962964555243509344179341199215949890E-78
1.5474909884744990741138810877336044835299803987473E-78
-2.4759855815591985185822097403737671736479686379956E-78
1.6506570543727990123881398269158447824319790919971E-78
6.2931300197962962347297830901166582330219202882388E-78
-1.2762577034058279182290209777539554334940902196796E-79
5.1050308136233116729160839110158217339763608787186E-79
-2.5525154068116558364580419555079108669881804393593E-79
-1.0210061627246623345832167822031643467952721757437E-78
2.5525154068116558364580419555079108669881804393593E-79
1.9143865551087418773435314666309331502411353295195E-78
5.1050308136233116729160839110158217339763608787186E-79
-2.2972638661304902528122377599571197802893623954234E-78
-2.4248896364710730446351398577325153236387714173913E-78
2.2972638661304902528122377599571197802893623954234E-78
2.4248896364710730446351398577325153236387714173913E-78
-5.1050308136233116729160839110158217339763608787186E-79
-7.6575462204349675093741258665237326009645413180779E-79
-1.4038834737464107100519230755293509768434992416476E-78
2.5525154068116558364580419555079108669881804393593E-79
3.8287731102174837546870629332618663004822706590389E-79
-7.6575462204349675093741258665237326009645413180779E-79
2.8077669474928214201038461510587019536869984832952E-78
-3.8287731102174837546870629332618663004822706590389E-79
-3.8287731102174837546870629332618663004822706590389E-78
1.4468827225893431745268323176308879039955007399585E-79
-5.7875308903573726981073292705235516159820029598340E-79
1.4468827225893431745268323176308879039955007399585E-79
1.8809475393661461268848820129201542751941509619461E-78
-8.6812963355360590471609939057853274239730044397510E-79
-4.1959598955090952061278137211295749215869521458797E-78
1.8809475393661461268848820129201542751941509619461E-78
5.2087778013216354282965963434711964543838026638506E-78
1.0128179058125402221687826223416215327968505179710E-78
-6.0769074348752413330126957340497291967811031078257E-78
-6.2215957071341756504653789658128179871806531818215E-78
4.6300247122858981584858634164188412927856023678672E-78
1.1140996963937942443856608845757836860765355697680E-77
-2.4597006284018833966956149399725094367923512579294E-78
-7.9578549742413874598975777469698834719752540697718E-78
-5.3534660735805697457492795752342852447833527378464E-78
5.3534660735805697457492795752342852447833527378464E-78
7.3791018852056501900868448199175283103770537737883E-78
-4.3406481677680295235804969528926637119865022198755E-79
-2.8937654451786863490536646352617758079910014799170E-78
-6.0769074348752413330126957340497291967811031078257E-78
-7.9578549742413874598975777469698834719752540697718E-78
1.7507280943331052411774671043333743638345558953498E-77
3.7618950787322922537697640258403085503883019238921E-78
-2.8937654451786863490536646352617758079910014799170E-78
7.2344136129467158726341615881544395199775036997925E-79
-2.4597006284018833966956149399725094367923512579295E-77
-4.4853364400269638410331801846557525023860522938713E-78
2.8937654451786863490536646352617758079910014799170E-77
1.5047580314929169015079056103361234201553207695568E-77
5.2087778013216354282965963434711964543838026638506E-78
-4.0512716232501608886751304893664861311874020718838E-77
-2.3728876650465228062240050009146561625526212135319E-77
3.0529225446635140982516161902011734774305065613124E-77
2.3873564922724162379692733240909650415925762209315E-77
8.2341953088524323023977238475193838052135628072168E-80
-3.2936781235409729209590895390077535220854251228867E-79
8.2341953088524323023977238475193838052135628072168E-80
9.8810343706229187628772686170232605662562753686601E-79
-2.4702585926557296907193171542558151415640688421650E-79
-2.2232327333901567216473854388302336274076619579485E-78
8.2341953088524323023977238475193838052135628072168E-80
3.0466522642753999518871578235821720079290182386702E-78
1.8938649210360594295514764849294582751991194456598E-78
-3.5407039828065458900310212544333350362418320071032E-78
-3.6230459358950702130549984929085288742939676351754E-78
2.0585488272131080755994309618798459513033907018042E-78
3.3760200766294972439830667774829473601375607509589E-78
2.4702585926557296907193171542558151415640688421650E-79
-4.9405171853114593814386343085116302831281376843300E-79
-1.6468390617704864604795447695038767610427125614433E-78
-4.1170976544262161511988619237596919026067814036084E-79
-2.2232327333901567216473854388302336274076619579485E-78
8.2341953088524323023977238475193838052135628072168E-80
7.7401435903212863642538604166682207769007490387837E-78
9.0576148397376755326374962322713221857349190879384E-79
-9.3046406990032485017094279476969036998913259721549E-78
-4.6934913260458864123667025930860487689717308001135E-78
4.3641235136917891202707936391852734167631882878249E-78
1.3339396400340940329884312632981401764445971747691E-77
1.9762068741245837525754537234046521132512550737320E-78
-1.3421738353429464652908289871456595602498107375763E-77
-8.2341953088524323023977238475193838052135628072167E-78
3.2170815061750414989749228795361444631533037690060E-79
-1.2868326024700165995899691518144577852613215076024E-78
5.1473304098800663983598766072578311410452860304096E-78
-9.6512445185251244969247686386084333894599113070180E-79
-1.3833450476552678445592168382005421191559206206726E-77
1.9302489037050248993849537277216866778919822614036E-78
2.3162986844460298792619444732660240134703787136843E-77
6.4341630123500829979498457590722889263066075380120E-78
-3.0562274308662894240261767355593372399956385805557E-77
-2.2197862392607786342926967868799396795757796006141E-77
2.5093235748165323692004398460381926812595769398247E-77
3.5387896567925456488724151674897589094686341459066E-77
-1.0294660819760132796719753214515662282090572060819E-77
-2.1554446091372778043131983292892167903127135252340E-77
-9.3295363679076203470272763506548189431445809301174E-78
-9.6512445185251244969247686386084333894599113070180E-79
-4.5039141086450580985648920313506022484146252766084E-78
1.4155158627170182595489660669959035637874536583626E-77
5.3081844851888184733086227512346383642029512188599E-77
4.8256222592625622484623843193042166947299556535090E-78
-1.1163272826427394001442982391990421287141964078451E-76
-3.6031312869160464788519136250804817987317002212867E-77
9.9086110390191278168427624689713249465121756085385E-77
1.0455514895068884871668499358492469505248237249269E-76
-2.3162986844460298792619444732660240134703787136843E-77
-1.5281137154331447120130883677796686199978192902779E-76
-8.2357286558081062373758025716125298256724576486554E-77
8.6217784365491112172527933171568671612508541009361E-77
1.4090816997046681765510162212368312748611470508246E-76
1.1678005867415400641278970052716204401246492681492E-76
-1.0198148374574881551750505528129577948195972947749E-76
-2.1522275276311027628142234064096806458495602214650E-76
-1.0680710600501137776596743960059999617668968513100E-76
5.0508179646948151533906289208717468071506869173394E-77
3.9312736005459007117473557587931685339733372057253E-76
8.5446935458008036374419982720133474284685362322352E-80
2.8197488701142652003558594297644046513946169566376E-78
4.9388328694728645024414750012237148136548139422319E-77
6.0906575594468128327686563682911140470123726263372E-76
1.7771386403657486606070770884322955841493198802313E-79
5.8645575132069705800033543918265754276927556047633E-78
1.0254089954910369771702834800254345520541575708935E-76
1.2610575792035352495667819019515569465123573870121E-75
8.8154103471880713872344380571093829883075461634695E-80
2.9090854145720635577873645588460963861414902339449E-78
5.0688609496331410476598018828378952182768390439950E-77
8.0737993544549544871373750221830909154629488457551E-80
2.5836157934255854358839600070985890929481436306416E-78
4.4002206481779501954898693870897845489273071209365E-77
1.3396673425506256349321704622148672477586971208175E-79
4.2869354961620020317829454790875751928278307866162E-78
7.2877903434754034540310073144488778278073123372475E-77
8.7306120714024272628529549022542898536434291363680E-76
1.1196466986018109409141423294097729121011183669160E-79
1.6306630948207800324636016178970278269329820117634E-79
4.5658566654981840908980845301116779154123496329376E-78
6.8487849982472761363471267951675168731185244494064E-77
7.2923253600385283051772264352355084420442955566060E-76
9.1484929719370168763234394285429631709234210240769E-80
2.4700931024229945566073286457066000561493236765008E-78
3.6045062309431846492714351348459274893438278834863E-77
3.7582009128717265327936689172454492706153413566908E-76
5.6738358016266143035118377254149500981057481592986E-80
1.5319356664391858619481961858620365264885520030106E-78
2.2241436342376328069766403883626604384574532784451E-77
2.2979034996587787929222942787930547897328280045159E-76
1.4390623572039508609343254205775873616008012720935E-79
3.8854683644506673245226786355594858763221634346524E-78
5.6267338166674478662532123944583665838591329738856E-77
5.7907869253886982643997254924042115430816243189042E-76
5.5777823352647443807477695556785384971728755040720E-80
1.5060012305214809828018977800332053942366763860994E-78
2.1697573284179855641108823571589514754002485710840E-77
6.5309287670393744388590979845728787499605861977012E-80
1.6980414794302373541033654759889484749897524114023E-78
2.3837889999693716701835707643691007437356139621609E-77
9.4223082455038019939573636975559202456269682843318E-80
2.4498001438309885184289145613645392638630117539263E-78
3.4297202013633839258004803859103549694082164554968E-77
3.4212401239424305040059187585825546411871521840409E-76
8.9746260627673543830927236862990086255512649642492E-80
1.2933136207636532437526374285173325072360498624375E-79
2.8452899656800371362558023427381315159193096973625E-78
3.4143479588160445635069628112857578191031716368350E-77
2.9513416825826567022435186118765527815126657860824E-76
-0.0013333333333333333333333333333333333333333333333333
-0.0013333333333333333333333333333333333333333333333333
-0.0013333333333333333333333333333333333333333333333333
-0.0080000000000000000000000000000000000000000000000000
-0.013333333333333333333333333333333333333333333333333
-0.018666666666666666666666666666666666666666666666667
-0.020000000000000000000000000000000000000000000000000
-0.041333333333333333333333333333333333333333333333333
-0.080000000000000000000000000000000000000000000000000
-0.12133333333333333333333333333333333333333333333333
-0.16933333333333333333333333333333333333333333333333
-0.26800000000000000000000000000000000000000000000000
-0.40000000000000000000000000000000000000000000000000
-0.60800000000000000000000000000000000000000000000000
-0.88400000000000000000000000000000000000000000000000
-1.2973333333333333333333333333333333333333333333333
-1.8880000000000000000000000000000000000000000000000
-2.7053333333333333333333333333333333333333333333333
-3.7920000000000000000000000000000000000000000000000
-5.4013333333333333333333333333333333333333333333333
-7.5906666666666666666666666666666666666666666666667
-10.580000000000000000000000000000000000000000000000
-14.564000000000000000000000000000000000000000000000
-20.028000000000000000000000000000000000000000000000
-27.385333333333333333333333333333333333333333333333
-37.289333333333333333333333333333333333333333333333
-50.360000000000000000000000000000000000000000000000
-67.761333333333333333333333333333333333333333333333
-90.652000000000000000000000000000000000000000000000
-120.88133333333333333333333333333333333333333333333
-0.00080000000000000000000000000000000000000000000000000
-0.0016000000000000000000000000000000000000000000000000
-0.00080000000000000000000000000000000000000000000000000
-0.0040000000000000000000000000000000000000000000000000
-0.011200000000000000000000000000000000000000000000000
-0.011200000000000000000000000000000000000000000000000
-0.018400000000000000000000000000000000000000000000000
-0.045600000000000000000000000000000000000000000000000
-0.064000000000000000000000000000000000000000000000000
-0.091200000000000000000000000000000000000000000000000
-0.16560000000000000000000000000000000000000000000000
-0.24880000000000000000000000000000000000000000000000
-0.36160000000000000000000000000000000000000000000000
-0.57040000000000000000000000000000000000000000000000
-0.83600000000000000000000000000000000000000000000000
-1.2080000000000000000000000000000000000000000000000
-1.8016000000000000000000000000000000000000000000000
-2.5816000000000000000000000000000000000000000000000
-3.6496000000000000000000000000000000000000000000000
-5.2328000000000000000000000000000000000000000000000
-7.3544000000000000000000000000000000000000000000000
-10.204000000000000000000000000000000000000000000000
-14.220000000000000000000000000000000000000000000000
-19.608800000000000000000000000000000000000000000000
-26.768800000000000000000000000000000000000000000000
-36.542400000000000000000000000000000000000000000000
-49.534400000000000000000000000000000000000000000000
-66.596000000000000000000000000000000000000000000000
-89.378400000000000000000000000000000000000000000000
-119.34960000000000000000000000000000000000000000000
-0.00040000000000000000000000000000000000000000000000000
-0.0012000000000000000000000000000000000000000000000000
-0.0024000000000000000000000000000000000000000000000000
-0.0036000000000000000000000000000000000000000000000000
-0.0064000000000000000000000000000000000000000000000000
-0.012000000000000000000000000000000000000000000000000
-0.022400000000000000000000000000000000000000000000000
-0.037200000000000000000000000000000000000000000000000
-0.060800000000000000000000000000000000000000000000000
-0.095600000000000000000000000000000000000000000000000
-0.15160000000000000000000000000000000000000000000000
-0.23520000000000000000000000000000000000000000000000
-0.36280000000000000000000000000000000000000000000000
-0.54560000000000000000000000000000000000000000000000
-0.81360000000000000000000000000000000000000000000000
-1.1960000000000000000000000000000000000000000000000
-1.7500000000000000000000000000000000000000000000000
-2.5252000000000000000000000000000000000000000000000
-3.6184000000000000000000000000000000000000000000000
-5.1312000000000000000000000000000000000000000000000
-7.2324000000000000000000000000000000000000000000000
-10.108000000000000000000000000000000000000000000000
-14.046000000000000000000000000000000000000000000000
-19.373600000000000000000000000000000000000000000000
-26.570400000000000000000000000000000000000000000000
-36.199200000000000000000000000000000000000000000000
-49.076400000000000000000000000000000000000000000000
-66.165200000000000000000000000000000000000000000000
-88.779600000000000000000000000000000000000000000000
-118.51800000000000000000000000000000000000000000000
-0.0040000000000000000000000000000000000000000000000000
-0.0040000000000000000000000000000000000000000000000000
0.0040000000000000000000000000000000000000000000000000
-0.0040000000000000000000000000000000000000000000000000
-0.024000000000000000000000000000000000000000000000000
-0.0080000000000000000000000000000000000000000000000000
-0.0080000000000000000000000000000000000000000000000000
-0.052000000000000000000000000000000000000000000000000
-0.060000000000000000000000000000000000000000000000000
-0.052000000000000000000000000000000000000000000000000
-0.11600000000000000000000000000000000000000000000000
-0.15600000000000000000000000000000000000000000000000
-0.20000000000000000000000000000000000000000000000000
-0.30800000000000000000000000000000000000000000000000
-0.41600000000000000000000000000000000000000000000000
-0.54000000000000000000000000000000000000000000000000
-0.80400000000000000000000000000000000000000000000000
-1.0360000000000000000000000000000000000000000000000
-1.3240000000000000000000000000000000000000000000000
-1.8520000000000000000000000000000000000000000000000
-2.4800000000000000000000000000000000000000000000000
-3.1120000000000000000000000000000000000000000000000
-4.2000000000000000000000000000000000000000000000000
-5.5160000000000000000000000000000000000000000000000
-6.9760000000000000000000000000000000000000000000000
-9.0680000000000000000000000000000000000000000000000
-11.764000000000000000000000000000000000000000000000
-0.0020000000000000000000000000000000000000000000000000
-0.0020000000000000000000000000000000000000000000000000
0.0020000000000000000000000000000000000000000000000000
-0.0020000000000000000000000000000000000000000000000000
-0.012000000000000000000000000000000000000000000000000
-0.0060000000000000000000000000000000000000000000000000
-0.0080000000000000000000000000000000000000000000000000
-0.026000000000000000000000000000000000000000000000000
-0.030000000000000000000000000000000000000000000000000
-0.040000000000000000000000000000000000000000000000000
-0.072000000000000000000000000000000000000000000000000
-0.086000000000000000000000000000000000000000000000000
-0.13600000000000000000000000000000000000000000000000
-0.20800000000000000000000000000000000000000000000000
-0.25200000000000000000000000000000000000000000000000
-0.35800000000000000000000000000000000000000000000000
-0.54200000000000000000000000000000000000000000000000
-0.68400000000000000000000000000000000000000000000000
-0.91800000000000000000000000000000000000000000000000
-1.2820000000000000000000000000000000000000000000000
-1.6860000000000000000000000000000000000000000000000
-2.2240000000000000000000000000000000000000000000000
-2.9980000000000000000000000000000000000000000000000
-3.8620000000000000000000000000000000000000000000000
-5.0280000000000000000000000000000000000000000000000
-6.6340000000000000000000000000000000000000000000000
-8.5180000000000000000000000000000000000000000000000
-10.868000000000000000000000000000000000000000000000
-0.0040000000000000000000000000000000000000000000000000
-0.0080000000000000000000000000000000000000000000000000
-0.0040000000000000000000000000000000000000000000000000
-0.0080000000000000000000000000000000000000000000000000
-0.032000000000000000000000000000000000000000000000000
-0.044000000000000000000000000000000000000000000000000
-0.064000000000000000000000000000000000000000000000000
-0.12400000000000000000000000000000000000000000000000
-0.18400000000000000000000000000000000000000000000000
-0.26400000000000000000000000000000000000000000000000
-0.44000000000000000000000000000000000000000000000000
-0.65600000000000000000000000000000000000000000000000
-0.96000000000000000000000000000000000000000000000000
-1.4560000000000000000000000000000000000000000000000
-2.1080000000000000000000000000000000000000000000000
-3.0000000000000000000000000000000000000000000000000
-4.3680000000000000000000000000000000000000000000000
-6.2000000000000000000000000000000000000000000000000
-8.6760000000000000000000000000000000000000000000000
-12.180000000000000000000000000000000000000000000000
-16.924000000000000000000000000000000000000000000000
-23.264000000000000000000000000000000000000000000000
-32.008000000000000000000000000000000000000000000000
-43.652000000000000000000000000000000000000000000000
-59.008000000000000000000000000000000000000000000000
-79.608000000000000000000000000000000000000000000000
-106.86400000000000000000000000000000000000000000000
-0.0040000000000000000000000000000000000000000000000000
0.012000000000000000000000000000000000000000000000000
-0.024000000000000000000000000000000000000000000000000
0.016000000000000000000000000000000000000000000000000
-0.024000000000000000000000000000000000000000000000000
-0.0040000000000000000000000000000000000000000000000000
0.024000000000000000000000000000000000000000000000000
-0.0080000000000000000000000000000000000000000000000000
-0.072000000000000000000000000000000000000000000000000
0.024000000000000000000000000000000000000000000000000
0.044000000000000000000000000000000000000000000000000
-0.048000000000000000000000000000000000000000000000000
-0.048000000000000000000000000000000000000000000000000
0.032000000000000000000000000000000000000000000000000
-0.084000000000000000000000000000000000000000000000000
0.096000000000000000000000000000000000000000000000000
-0.00033333333333333333333333333333333333333333333333333
0.0010000000000000000000000000000000000000000000000000
-0.00066666666666666666666666666666666666666666666666667
-0.00066666666666666666666666666666666666666666666666667
0.00033333333333333333333333333333333333333333333333333
0.0016666666666666666666666666666666666666666666666667
-0.0016666666666666666666666666666666666666666666666667
0.00066666666666666666666666666666666666666666666666667
-0.0033333333333333333333333333333333333333333333333333
0.0056666666666666666666666666666666666666666666666666
-0.00033333333333333333333333333333333333333333333333333
-0.0036666666666666666666666666666666666666666666666667
-0.0040000000000000000000000000000000000000000000000000
0.0093333333333333333333333333333333333333333333333334
-0.0030000000000000000000000000000000000000000000000000
0.0023333333333333333333333333333333333333333333333333
-0.012333333333333333333333333333333333333333333333333
0.011666666666666666666666666666666666666666666666667
0.00066666666666666666666666666666666666666666666666667
0.0010000000000000000000000000000000000000000000000000
-0.014000000000000000000000000000000000000000000000000
0.011000000000000000000000000000000000000000000000000
-0.0036666666666666666666666666666666666666666666666667
0.015333333333333333333333333333333333333333333333333
-0.026000000000000000000000000000000000000000000000000
-0.0010000000000000000000000000000000000000000000000000
-0.0030000000000000000000000000000000000000000000000000
-0.0070000000000000000000000000000000000000000000000000
-0.012000000000000000000000000000000000000000000000000
-0.023000000000000000000000000000000000000000000000000
-0.042000000000000000000000000000000000000000000000000
-0.076000000000000000000000000000000000000000000000000
-0.12600000000000000000000000000000000000000000000000
-0.21000000000000000000000000000000000000000000000000
-0.33800000000000000000000000000000000000000000000000
-0.54000000000000000000000000000000000000000000000000
-0.83300000000000000000000000000000000000000000000000
-1.2780000000000000000000000000000000000000000000000
-1.9240000000000000000000000000000000000000000000000
-2.8710000000000000000000000000000000000000000000000
-4.2150000000000000000000000000000000000000000000000
-6.1420000000000000000000000000000000000000000000000
-8.8390000000000000000000000000000000000000000000000
-12.619000000000000000000000000000000000000000000000
-17.828000000000000000000000000000000000000000000000
-25.020000000000000000000000000000000000000000000000
-34.819000000000000000000000000000000000000000000000
-48.136000000000000000000000000000000000000000000000
-66.069000000000000000000000000000000000000000000000
-0.0066666666666666666666666666666666666666666666666667
-0.0066666666666666666666666666666666666666666666666667
-0.0066666666666666666666666666666666666666666666666667
-0.013333333333333333333333333333333333333333333333333
-0.040000000000000000000000000000000000000000000000000
-0.073333333333333333333333333333333333333333333333333
-0.12000000000000000000000000000000000000000000000000
-0.15333333333333333333333333333333333333333333333333
-0.28000000000000000000000000000000000000000000000000
-0.46666666666666666666666666666666666666666666666667
-0.72666666666666666666666666666666666666666666666667
-1.0866666666666666666666666666666666666666666666667
-1.6600000000000000000000000000000000000000000000000
-2.4600000000000000000000000000000000000000000000000
-3.6866666666666666666666666666666666666666666666667
-5.3133333333333333333333333333333333333333333333333
-7.7333333333333333333333333333333333333333333333333
-11.120000000000000000000000000000000000000000000000
-15.780000000000000000000000000000000000000000000000
-22.126666666666666666666666666666666666666666666667
-31.013333333333333333333333333333333333333333333333
-43.040000000000000000000000000000000000000000000000
-59.420000000000000000000000000000000000000000000000
-0.0040000000000000000000000000000000000000000000000000
-0.0080000000000000000000000000000000000000000000000000
-0.0080000000000000000000000000000000000000000000000000
-0.028000000000000000000000000000000000000000000000000
-0.060000000000000000000000000000000000000000000000000
-0.076000000000000000000000000000000000000000000000000
-0.14000000000000000000000000000000000000000000000000
-0.26800000000000000000000000000000000000000000000000
-0.39200000000000000000000000000000000000000000000000
-0.62000000000000000000000000000000000000000000000000
-1.0200000000000000000000000000000000000000000000000
-1.5200000000000000000000000000000000000000000000000
-2.2920000000000000000000000000000000000000000000000
-3.4760000000000000000000000000000000000000000000000
-5.0520000000000000000000000000000000000000000000000
-7.3480000000000000000000000000000000000000000000000
-10.680000000000000000000000000000000000000000000000
-15.168000000000000000000000000000000000000000000000
-21.428000000000000000000000000000000000000000000000
-30.184000000000000000000000000000000000000000000000
-41.960000000000000000000000000000000000000000000000
-57.924000000000000000000000000000000000000000000000
-0.0020000000000000000000000000000000000000000000000000
-0.0060000000000000000000000000000000000000000000000000
-0.014000000000000000000000000000000000000000000000000
-0.024000000000000000000000000000000000000000000000000
-0.044000000000000000000000000000000000000000000000000
-0.078000000000000000000000000000000000000000000000000
-0.14000000000000000000000000000000000000000000000000
-0.23400000000000000000000000000000000000000000000000
-0.38600000000000000000000000000000000000000000000000
-0.61000000000000000000000000000000000000000000000000
-0.96000000000000000000000000000000000000000000000000
-1.4740000000000000000000000000000000000000000000000
-2.2460000000000000000000000000000000000000000000000
-3.3520000000000000000000000000000000000000000000000
-4.9540000000000000000000000000000000000000000000000
-7.2240000000000000000000000000000000000000000000000
-10.450000000000000000000000000000000000000000000000
-14.934000000000000000000000000000000000000000000000
-21.174000000000000000000000000000000000000000000000
-29.732000000000000000000000000000000000000000000000
-41.460000000000000000000000000000000000000000000000
-57.354000000000000000000000000000000000000000000000
-0.020000000000000000000000000000000000000000000000000
-0.020000000000000000000000000000000000000000000000000
-0.040000000000000000000000000000000000000000000000000
-0.10000000000000000000000000000000000000000000000000
-0.060000000000000000000000000000000000000000000000000
-0.12000000000000000000000000000000000000000000000000
-0.26000000000000000000000000000000000000000000000000
-0.32000000000000000000000000000000000000000000000000
-0.42000000000000000000000000000000000000000000000000
-0.68000000000000000000000000000000000000000000000000
-0.88000000000000000000000000000000000000000000000000
-1.2200000000000000000000000000000000000000000000000
-1.7200000000000000000000000000000000000000000000000
-2.3000000000000000000000000000000000000000000000000
-3.0800000000000000000000000000000000000000000000000
-4.2800000000000000000000000000000000000000000000000
-5.5600000000000000000000000000000000000000000000000
-7.2600000000000000000000000000000000000000000000000
-0.010000000000000000000000000000000000000000000000000
-0.010000000000000000000000000000000000000000000000000
-0.020000000000000000000000000000000000000000000000000
-0.050000000000000000000000000000000000000000000000000
-0.040000000000000000000000000000000000000000000000000
-0.080000000000000000000000000000000000000000000000000
-0.14000000000000000000000000000000000000000000000000
-0.18000000000000000000000000000000000000000000000000
-0.28000000000000000000000000000000000000000000000000
-0.41000000000000000000000000000000000000000000000000
-0.53000000000000000000000000000000000000000000000000
-0.82000000000000000000000000000000000000000000000000
-1.1400000000000000000000000000000000000000000000000
-1.4900000000000000000000000000000000000000000000000
-2.1000000000000000000000000000000000000000000000000
-2.9000000000000000000000000000000000000000000000000
-3.7900000000000000000000000000000000000000000000000
-5.1000000000000000000000000000000000000000000000000
-6.7800000000000000000000000000000000000000000000000
-0.020000000000000000000000000000000000000000000000000
-0.040000000000000000000000000000000000000000000000000
-0.040000000000000000000000000000000000000000000000000
-0.080000000000000000000000000000000000000000000000000
-0.18000000000000000000000000000000000000000000000000
-0.26000000000000000000000000000000000000000000000000
-0.44000000000000000000000000000000000000000000000000
-0.76000000000000000000000000000000000000000000000000
-1.1400000000000000000000000000000000000000000000000
-1.7400000000000000000000000000000000000000000000000
-2.7200000000000000000000000000000000000000000000000
-4.0000000000000000000000000000000000000000000000000
-5.9200000000000000000000000000000000000000000000000
-8.7400000000000000000000000000000000000000000000000
-12.560000000000000000000000000000000000000000000000
-17.920000000000000000000000000000000000000000000000
-25.540000000000000000000000000000000000000000000000
-35.840000000000000000000000000000000000000000000000
-49.920000000000000000000000000000000000000000000000
-0.020000000000000000000000000000000000000000000000000
0.040000000000000000000000000000000000000000000000000
-0.060000000000000000000000000000000000000000000000000
0.020000000000000000000000000000000000000000000000000
-0.040000000000000000000000000000000000000000000000000
-0.060000000000000000000000000000000000000000000000000
0.040000000000000000000000000000000000000000000000000
-0.040000000000000000000000000000000000000000000000000
-0.12000000000000000000000000000000000000000000000000
-0.0016666666666666666666666666666666666666666666666667
0.0050000000000000000000000000000000000000000000000000
-0.0050000000000000000000000000000000000000000000000000
0.0016666666666666666666666666666666666666666666666667
-0.0016666666666666666666666666666666666666666666666667
0.0050000000000000000000000000000000000000000000000000
-0.0033333333333333333333333333333333333333333333333333
0.0016666666666666666666666666666666666666666666666667
-0.013333333333333333333333333333333333333333333333333
0.023333333333333333333333333333333333333333333333333
-0.010000000000000000000000000000000000000000000000000
-0.0016666666666666666666666666666666666666666666666667
-0.011666666666666666666666666666666666666666666666667
0.015000000000000000000000000000000000000000000000000
0.0016666666666666666666666666666666666666666666666667
0.0033333333333333333333333333333333333333333333333333
-0.033333333333333333333333333333333333333333333333333
-0.0050000000000000000000000000000000000000000000000000
-0.015000000000000000000000000000000000000000000000000
-0.040000000000000000000000000000000000000000000000000
-0.075000000000000000000000000000000000000000000000000
-0.15000000000000000000000000000000000000000000000000
-0.27000000000000000000000000000000000000000000000000
-0.48500000000000000000000000000000000000000000000000
-0.81000000000000000000000000000000000000000000000000
-1.3450000000000000000000000000000000000000000000000
-2.1550000000000000000000000000000000000000000000000
-3.4100000000000000000000000000000000000000000000000
-5.2400000000000000000000000000000000000000000000000
-7.9650000000000000000000000000000000000000000000000
-11.880000000000000000000000000000000000000000000000
-17.525000000000000000000000000000000000000000000000
-25.485000000000000000000000000000000000000000000000
-0.033333333333333333333333333333333333333333333333333
-0.033333333333333333333333333333333333333333333333333
-0.066666666666666666666666666666666666666666666666666
-0.10000000000000000000000000000000000000000000000000
-0.23333333333333333333333333333333333333333333333333
-0.43333333333333333333333333333333333333333333333333
-0.73333333333333333333333333333333333333333333333333
-1.0666666666666666666666666666666666666666666666667
-1.8333333333333333333333333333333333333333333333333
-2.8666666666666666666666666666666666666666666666667
-4.5000000000000000000000000000000000000000000000000
-6.8000000000000000000000000000000000000000000000000
-10.200000000000000000000000000000000000000000000000
-15.133333333333333333333333333333333333333333333333
-22.233333333333333333333333333333333333333333333333
-0.020000000000000000000000000000000000000000000000000
-0.040000000000000000000000000000000000000000000000000
-0.060000000000000000000000000000000000000000000000000
-0.18000000000000000000000000000000000000000000000000
-0.34000000000000000000000000000000000000000000000000
-0.52000000000000000000000000000000000000000000000000
-0.96000000000000000000000000000000000000000000000000
-1.6400000000000000000000000000000000000000000000000
-2.5200000000000000000000000000000000000000000000000
-4.0400000000000000000000000000000000000000000000000
-6.3200000000000000000000000000000000000000000000000
-9.4800000000000000000000000000000000000000000000000
-14.280000000000000000000000000000000000000000000000
-21.140000000000000000000000000000000000000000000000
-0.010000000000000000000000000000000000000000000000000
-0.030000000000000000000000000000000000000000000000000
-0.080000000000000000000000000000000000000000000000000
-0.15000000000000000000000000000000000000000000000000
-0.29000000000000000000000000000000000000000000000000
-0.51000000000000000000000000000000000000000000000000
-0.90000000000000000000000000000000000000000000000000
-1.5000000000000000000000000000000000000000000000000
-2.4600000000000000000000000000000000000000000000000
-3.8900000000000000000000000000000000000000000000000
-6.0700000000000000000000000000000000000000000000000
-9.2500000000000000000000000000000000000000000000000
-13.930000000000000000000000000000000000000000000000
-20.590000000000000000000000000000000000000000000000
-0.10000000000000000000000000000000000000000000000000
-0.10000000000000000000000000000000000000000000000000
-0.10000000000000000000000000000000000000000000000000
-0.30000000000000000000000000000000000000000000000000
-0.50000000000000000000000000000000000000000000000000
-0.50000000000000000000000000000000000000000000000000
-0.90000000000000000000000000000000000000000000000000
-1.4000000000000000000000000000000000000000000000000
-1.9000000000000000000000000000000000000000000000000
-2.7000000000000000000000000000000000000000000000000
-3.9000000000000000000000000000000000000000000000000
-0.050000000000000000000000000000000000000000000000000
-0.050000000000000000000000000000000000000000000000000
-0.050000000000000000000000000000000000000000000000000
-0.15000000000000000000000000000000000000000000000000
-0.25000000000000000000000000000000000000000000000000
-0.30000000000000000000000000000000000000000000000000
-0.55000000000000000000000000000000000000000000000000
-0.80000000000000000000000000000000000000000000000000
-1.1500000000000000000000000000000000000000000000000
-1.7500000000000000000000000000000000000000000000000
-2.4000000000000000000000000000000000000000000000000
-3.3000000000000000000000000000000000000000000000000
-0.10000000000000000000000000000000000000000000000000
-0.20000000000000000000000000000000000000000000000000
-0.30000000000000000000000000000000000000000000000000
-0.60000000000000000000000000000000000000000000000000
-1.1000000000000000000000000000000000000000000000000
-1.7000000000000000000000000000000000000000000000000
-2.9000000000000000000000000000000000000000000000000
-4.7000000000000000000000000000000000000000000000000
-7.2000000000000000000000000000000000000000000000000
-11.100000000000000000000000000000000000000000000000
-16.800000000000000000000000000000000000000000000000
-0.10000000000000000000000000000000000000000000000000
0.10000000000000000000000000000000000000000000000000
-0.10000000000000000000000000000000000000000000000000
-0.10000000000000000000000000000000000000000000000000
-0.0083333333333333333333333333333333333333333333333333
0.025000000000000000000000000000000000000000000000000
-0.033333333333333333333333333333333333333333333333333
0.033333333333333333333333333333333333333333333333333
-0.033333333333333333333333333333333333333333333333333
0.033333333333333333333333333333333333333333333333333
-0.0083333333333333333333333333333333333333333333333333
-0.016666666666666666666666666666666666666666666666667
-0.0083333333333333333333333333333333333333333333333333
-0.025000000000000000000000000000000000000000000000000
-0.075000000000000000000000000000000000000000000000000
-0.22500000000000000000000000000000000000000000000000
-0.45000000000000000000000000000000000000000000000000
-0.95000000000000000000000000000000000000000000000000
-1.7250000000000000000000000000000000000000000000000
-3.1250000000000000000000000000000000000000000000000
-5.2500000000000000000000000000000000000000000000000
-0.16666666666666666666666666666666666666666666666667
-0.16666666666666666666666666666666666666666666666667
-0.50000000000000000000000000000000000000000000000000
-0.66666666666666666666666666666666666666666666666666
-1.5000000000000000000000000000000000000000000000000
-2.6666666666666666666666666666666666666666666666667
-4.5000000000000000000000000000000000000000000000000
-0.10000000000000000000000000000000000000000000000000
-0.20000000000000000000000000000000000000000000000000
-0.40000000000000000000000000000000000000000000000000
-1.1000000000000000000000000000000000000000000000000
-2.0000000000000000000000000000000000000000000000000
-3.5000000000000000000000000000000000000000000000000
-0.050000000000000000000000000000000000000000000000000
-0.15000000000000000000000000000000000000000000000000
-0.45000000000000000000000000000000000000000000000000
-0.90000000000000000000000000000000000000000000000000
-1.8500000000000000000000000000000000000000000000000
-3.3000000000000000000000000000000000000000000000000
-0.50000000000000000000000000000000000000000000000000
-0.50000000000000000000000000000000000000000000000000
-1.0000000000000000000000000000000000000000000000000
-0.25000000000000000000000000000000000000000000000000
-0.25000000000000000000000000000000000000000000000000
-0.50000000000000000000000000000000000000000000000000
-1.0000000000000000000000000000000000000000000000000
-0.50000000000000000000000000000000000000000000000000
-1.0000000000000000000000000000000000000000000000000
-2.0000000000000000000000000000000000000000000000000
-0.50000000000000000000000000000000000000000000000000
-3.0000000000000000000000000000000000000000000000000
-15.000000000000000000000000000000000000000000000000
-75.000000000000000000000000000000000000000000000000
-375.00000000000000000000000000000000000000000000000
-3.2000000000000000000000000000000000000000000000000E-5
-6.4000000000000000000000000000000000000000000000000E-5
3.2000000000000000000000000000000000000000000000000E-5
-3.2000000000000000000000000000000000000000000000000E-5
-0.00048000000000000000000000000000000000000000000000000
-0.00032000000000000000000000000000000000000000000000000
6.4000000000000000000000000000000000000000000000000E-5
-0.0014080000000000000000000000000000000000000000000000
-0.0024000000000000000000000000000000000000000000000000
-0.0012800000000000000000000000000000000000000000000000
-0.0037440000000000000000000000000000000000000000000000
-0.0080960000000000000000000000000000000000000000000000
-0.0086080000000000000000000000000000000000000000000000
-0.013920000000000000000000000000000000000000000000000
-0.024576000000000000000000000000000000000000000000000
-0.031968000000000000000000000000000000000000000000000
-0.048960000000000000000000000000000000000000000000000
-0.076480000000000000000000000000000000000000000000000
-0.10211200000000000000000000000000000000000000000000
-0.15049600000000000000000000000000000000000000000000
-0.22608000000000000000000000000000000000000000000000
-0.30620800000000000000000000000000000000000000000000
-0.43260800000000000000000000000000000000000000000000
-0.62697600000000000000000000000000000000000000000000
-0.85564800000000000000000000000000000000000000000000
-1.1801280000000000000000000000000000000000000000000
-1.6571200000000000000000000000000000000000000000000
-2.2506880000000000000000000000000000000000000000000
-3.0574400000000000000000000000000000000000000000000
-4.1998400000000000000000000000000000000000000000000
-5.6525760000000000000000000000000000000000000000000
-7.5767360000000000000000000000000000000000000000000
-10.225600000000000000000000000000000000000000000000
-13.627040000000000000000000000000000000000000000000
-18.059520000000000000000000000000000000000000000000
-24.015648000000000000000000000000000000000000000000
-31.682880000000000000000000000000000000000000000000
-41.574400000000000000000000000000000000000000000000
-54.608864000000000000000000000000000000000000000000
-71.344800000000000000000000000000000000000000000000
-92.762432000000000000000000000000000000000000000000
-120.54832000000000000000000000000000000000000000000
-156.05459200000000000000000000000000000000000000000
-201.18476800000000000000000000000000000000000000000
-259.01520000000000000000000000000000000000000000000
-332.46729600000000000000000000000000000000000000000
-1.6000000000000000000000000000000000000000000000000E-5
-4.8000000000000000000000000000000000000000000000000E-5
-6.4000000000000000000000000000000000000000000000000E-5
-4.8000000000000000000000000000000000000000000000000E-5
-0.00011200000000000000000000000000000000000000000000000
-0.00033600000000000000000000000000000000000000000000000
-0.00067200000000000000000000000000000000000000000000000
-0.00096000000000000000000000000000000000000000000000000
-0.0013920000000000000000000000000000000000000000000000
-0.0022400000000000000000000000000000000000000000000000
-0.0038240000000000000000000000000000000000000000000000
-0.0061760000000000000000000000000000000000000000000000
-0.0096640000000000000000000000000000000000000000000000
-0.014432000000000000000000000000000000000000000000000
-0.021584000000000000000000000000000000000000000000000
-0.032224000000000000000000000000000000000000000000000
-0.048480000000000000000000000000000000000000000000000
-0.071392000000000000000000000000000000000000000000000
-0.10388800000000000000000000000000000000000000000000
-0.14926400000000000000000000000000000000000000000000
-0.21432000000000000000000000000000000000000000000000
-0.30502400000000000000000000000000000000000000000000
-0.43251200000000000000000000000000000000000000000000
-0.60726400000000000000000000000000000000000000000000
-0.84790400000000000000000000000000000000000000000000
-1.1747840000000000000000000000000000000000000000000
-1.6227200000000000000000000000000000000000000000000
-2.2289600000000000000000000000000000000000000000000
-3.0481120000000000000000000000000000000000000000000
-4.1408320000000000000000000000000000000000000000000
-5.6028000000000000000000000000000000000000000000000
-7.5442560000000000000000000000000000000000000000000
-10.123376000000000000000000000000000000000000000000
-13.522480000000000000000000000000000000000000000000
-17.995392000000000000000000000000000000000000000000
-23.843808000000000000000000000000000000000000000000
-31.484720000000000000000000000000000000000000000000
-41.420800000000000000000000000000000000000000000000
-54.321936000000000000000000000000000000000000000000
-70.984448000000000000000000000000000000000000000000
-92.464736000000000000000000000000000000000000000000
-120.05201600000000000000000000000000000000000000000
-155.42036800000000000000000000000000000000000000000
-200.60515200000000000000000000000000000000000000000
-258.20766400000000000000000000000000000000000000000
-331.39636800000000000000000000000000000000000000000
-0.00016000000000000000000000000000000000000000000000000
-0.00016000000000000000000000000000000000000000000000000
0.00048000000000000000000000000000000000000000000000000
0.00016000000000000000000000000000000000000000000000000
-0.0017600000000000000000000000000000000000000000000000
-0.00048000000000000000000000000000000000000000000000000
0.0020800000000000000000000000000000000000000000000000
-0.0019200000000000000000000000000000000000000000000000
-0.0044800000000000000000000000000000000000000000000000
0.0012800000000000000000000000000000000000000000000000
-0.0012800000000000000000000000000000000000000000000000
-0.0084800000000000000000000000000000000000000000000000
-0.0051200000000000000000000000000000000000000000000000
-0.0065600000000000000000000000000000000000000000000000
-0.015360000000000000000000000000000000000000000000000
-0.014400000000000000000000000000000000000000000000000
-0.025280000000000000000000000000000000000000000000000
-0.038880000000000000000000000000000000000000000000000
-0.036480000000000000000000000000000000000000000000000
-0.060160000000000000000000000000000000000000000000000
-0.10400000000000000000000000000000000000000000000000
-0.10480000000000000000000000000000000000000000000000
-0.13856000000000000000000000000000000000000000000000
-0.22560000000000000000000000000000000000000000000000
-0.26944000000000000000000000000000000000000000000000
-0.33120000000000000000000000000000000000000000000000
-0.49776000000000000000000000000000000000000000000000
-0.61648000000000000000000000000000000000000000000000
-0.76848000000000000000000000000000000000000000000000
-1.0694400000000000000000000000000000000000000000000
-1.3507200000000000000000000000000000000000000000000
-1.6705600000000000000000000000000000000000000000000
-2.2636800000000000000000000000000000000000000000000
-2.8414400000000000000000000000000000000000000000000
-3.5171200000000000000000000000000000000000000000000
-4.6236800000000000000000000000000000000000000000000
-5.8686400000000000000000000000000000000000000000000
-7.1955200000000000000000000000000000000000000000000
-9.2168000000000000000000000000000000000000000000000
-11.620960000000000000000000000000000000000000000000
-14.322240000000000000000000000000000000000000000000
-17.982880000000000000000000000000000000000000000000
-22.539680000000000000000000000000000000000000000000
-8.0000000000000000000000000000000000000000000000000E-5
-8.0000000000000000000000000000000000000000000000000E-5
0.00024000000000000000000000000000000000000000000000000
8.0000000000000000000000000000000000000000000000000E-5
-0.00088000000000000000000000000000000000000000000000000
-0.00032000000000000000000000000000000000000000000000000
0.00088000000000000000000000000000000000000000000000000
-0.00080000000000000000000000000000000000000000000000000
-0.0019200000000000000000000000000000000000000000000000
-0.00016000000000000000000000000000000000000000000000000
-0.0016800000000000000000000000000000000000000000000000
-0.0034400000000000000000000000000000000000000000000000
-0.0028800000000000000000000000000000000000000000000000
-0.0064000000000000000000000000000000000000000000000000
-0.0080800000000000000000000000000000000000000000000000
-0.0075200000000000000000000000000000000000000000000000
-0.019360000000000000000000000000000000000000000000000
-0.025200000000000000000000000000000000000000000000000
-0.022480000000000000000000000000000000000000000000000
-0.042240000000000000000000000000000000000000000000000
-0.065520000000000000000000000000000000000000000000000
-0.071200000000000000000000000000000000000000000000000
-0.10400000000000000000000000000000000000000000000000
-0.14672000000000000000000000000000000000000000000000
-0.17880000000000000000000000000000000000000000000000
-0.25120000000000000000000000000000000000000000000000
-0.34592000000000000000000000000000000000000000000000
-0.41920000000000000000000000000000000000000000000000
-0.56904000000000000000000000000000000000000000000000
-0.77008000000000000000000000000000000000000000000000
-0.94968000000000000000000000000000000000000000000000
-1.2393600000000000000000000000000000000000000000000
-1.6613600000000000000000000000000000000000000000000
-2.0638400000000000000000000000000000000000000000000
-2.6412800000000000000000000000000000000000000000000
-3.4460000000000000000000000000000000000000000000000
-4.3161600000000000000000000000000000000000000000000
-5.4611200000000000000000000000000000000000000000000
-7.0075200000000000000000000000000000000000000000000
-8.7188800000000000000000000000000000000000000000000
-10.946880000000000000000000000000000000000000000000
-13.860160000000000000000000000000000000000000000000
-17.215280000000000000000000000000000000000000000000
-21.392320000000000000000000000000000000000000000000
-0.00016000000000000000000000000000000000000000000000000
-0.00032000000000000000000000000000000000000000000000000
0.00016000000000000000000000000000000000000000000000000
0.00032000000000000000000000000000000000000000000000000
-0.0014400000000000000000000000000000000000000000000000
-0.0020800000000000000000000000000000000000000000000000
-0.00048000000000000000000000000000000000000000000000000
-0.0024000000000000000000000000000000000000000000000000
-0.0059200000000000000000000000000000000000000000000000
-0.0056000000000000000000000000000000000000000000000000
-0.010720000000000000000000000000000000000000000000000
-0.020320000000000000000000000000000000000000000000000
-0.024800000000000000000000000000000000000000000000000
-0.037280000000000000000000000000000000000000000000000
-0.060480000000000000000000000000000000000000000000000
-0.081120000000000000000000000000000000000000000000000
-0.12352000000000000000000000000000000000000000000000
-0.18864000000000000000000000000000000000000000000000
-0.25344000000000000000000000000000000000000000000000
-0.35872000000000000000000000000000000000000000000000
-0.52848000000000000000000000000000000000000000000000
-0.72672000000000000000000000000000000000000000000000
-1.0131200000000000000000000000000000000000000000000
-1.4313600000000000000000000000000000000000000000000
-1.9472000000000000000000000000000000000000000000000
-2.6572800000000000000000000000000000000000000000000
-3.6840000000000000000000000000000000000000000000000
-4.9841600000000000000000000000000000000000000000000
-6.7139200000000000000000000000000000000000000000000
-9.1035200000000000000000000000000000000000000000000
-12.174080000000000000000000000000000000000000000000
-16.188800000000000000000000000000000000000000000000
-21.642720000000000000000000000000000000000000000000
-28.667360000000000000000000000000000000000000000000
-37.743200000000000000000000000000000000000000000000
-49.742240000000000000000000000000000000000000000000
-65.197120000000000000000000000000000000000000000000
-85.017920000000000000000000000000000000000000000000
-110.85552000000000000000000000000000000000000000000
-143.92656000000000000000000000000000000000000000000
-186.03680000000000000000000000000000000000000000000
-240.11712000000000000000000000000000000000000000000
-308.99744000000000000000000000000000000000000000000
-0.00016000000000000000000000000000000000000000000000000
0.00080000000000000000000000000000000000000000000000000
-0.0024000000000000000000000000000000000000000000000000
0.0040000000000000000000000000000000000000000000000000
-0.0040000000000000000000000000000000000000000000000000
0.00016000000000000000000000000000000000000000000000000
0.0032000000000000000000000000000000000000000000000000
-0.0024000000000000000000000000000000000000000000000000
-0.00032000000000000000000000000000000000000000000000000
-0.0088000000000000000000000000000000000000000000000000
0.0016000000000000000000000000000000000000000000000000
0.018400000000000000000000000000000000000000000000000
-0.0048000000000000000000000000000000000000000000000000
-0.024160000000000000000000000000000000000000000000000
0.0080000000000000000000000000000000000000000000000000
0.0064000000000000000000000000000000000000000000000000
-0.0080000000000000000000000000000000000000000000000000
0.014400000000000000000000000000000000000000000000000
0.00032000000000000000000000000000000000000000000000000
-0.044800000000000000000000000000000000000000000000000
0.0064000000000000000000000000000000000000000000000000
0.020000000000000000000000000000000000000000000000000
-0.0048000000000000000000000000000000000000000000000000
0.023840000000000000000000000000000000000000000000000
-0.017600000000000000000000000000000000000000000000000
-0.10400000000000000000000000000000000000000000000000
0.036800000000000000000000000000000000000000000000000
0.072000000000000000000000000000000000000000000000000
-0.048320000000000000000000000000000000000000000000000
-0.022400000000000000000000000000000000000000000000000
0.012800000000000000000000000000000000000000000000000
-0.11200000000000000000000000000000000000000000000000
0.028800000000000000000000000000000000000000000000000
0.096000000000000000000000000000000000000000000000000
-4.0000000000000000000000000000000000000000000000000E-5
-0.00012000000000000000000000000000000000000000000000000
-0.00020000000000000000000000000000000000000000000000000
-0.00024000000000000000000000000000000000000000000000000
-0.00048000000000000000000000000000000000000000000000000
-0.0010800000000000000000000000000000000000000000000000
-0.0020400000000000000000000000000000000000000000000000
-0.0031200000000000000000000000000000000000000000000000
-0.0050400000000000000000000000000000000000000000000000
-0.0083600000000000000000000000000000000000000000000000
-0.013720000000000000000000000000000000000000000000000
-0.021160000000000000000000000000000000000000000000000
-0.032880000000000000000000000000000000000000000000000
-0.050520000000000000000000000000000000000000000000000
-0.076960000000000000000000000000000000000000000000000
-0.11416000000000000000000000000000000000000000000000
-0.16948000000000000000000000000000000000000000000000
-0.24860000000000000000000000000000000000000000000000
-0.36200000000000000000000000000000000000000000000000
-0.51992000000000000000000000000000000000000000000000
-0.74456000000000000000000000000000000000000000000000
-1.0567200000000000000000000000000000000000000000000
-1.4909600000000000000000000000000000000000000000000
-2.0841200000000000000000000000000000000000000000000
-2.9008800000000000000000000000000000000000000000000
-4.0089600000000000000000000000000000000000000000000
-5.5140400000000000000000000000000000000000000000000
-7.5368400000000000000000000000000000000000000000000
-10.257040000000000000000000000000000000000000000000
-13.879320000000000000000000000000000000000000000000
-18.700080000000000000000000000000000000000000000000
-25.070840000000000000000000000000000000000000000000
-33.481760000000000000000000000000000000000000000000
-44.509600000000000000000000000000000000000000000000
-58.944840000000000000000000000000000000000000000000
-77.744360000000000000000000000000000000000000000000
-102.17720000000000000000000000000000000000000000000
-133.78416000000000000000000000000000000000000000000
-174.58172000000000000000000000000000000000000000000
-227.02756000000000000000000000000000000000000000000
-0.00026666666666666666666666666666666666666666666666667
-0.00026666666666666666666666666666666666666666666666667
0.00026666666666666666666666666666666666666666666666667
-0.0018666666666666666666666666666666666666666666666667
-0.0026666666666666666666666666666666666666666666666667
-0.0024000000000000000000000000000000000000000000000000
-0.0018666666666666666666666666666666666666666666666667
-0.0061333333333333333333333333333333333333333333333333
-0.014933333333333333333333333333333333333333333333333
-0.021333333333333333333333333333333333333333333333333
-0.024533333333333333333333333333333333333333333333333
-0.041600000000000000000000000000000000000000000000000
-0.066400000000000000000000000000000000000000000000000
-0.10053333333333333333333333333333333333333333333333
-0.14693333333333333333333333333333333333333333333333
-0.21786666666666666666666666666666666666666666666667
-0.31786666666666666666666666666666666666666666666667
-0.46053333333333333333333333333333333333333333333333
-0.64213333333333333333333333333333333333333333333333
-0.93146666666666666666666666666666666666666666666667
-1.3352000000000000000000000000000000000000000000000
-1.8688000000000000000000000000000000000000000000000
-2.5730666666666666666666666666666666666666666666667
-3.5797333333333333333333333333333333333333333333333
-4.9512000000000000000000000000000000000000000000000
-6.8194666666666666666666666666666666666666666666666
-9.2744000000000000000000000000000000000000000000000
-12.587200000000000000000000000000000000000000000000
-16.984266666666666666666666666666666666666666666667
-22.874133333333333333333333333333333333333333333333
-30.607466666666666666666666666666666666666666666667
-40.832000000000000000000000000000000000000000000000
-54.206933333333333333333333333333333333333333333333
-71.672000000000000000000000000000000000000000000000
-94.317600000000000000000000000000000000000000000000
-123.89866666666666666666666666666666666666666666667
-162.04560000000000000000000000000000000000000000000
-211.22160000000000000000000000000000000000000000000
-0.00016000000000000000000000000000000000000000000000000
-0.00032000000000000000000000000000000000000000000000000
-0.00048000000000000000000000000000000000000000000000000
-0.0022400000000000000000000000000000000000000000000000
-0.0017600000000000000000000000000000000000000000000000
-0.0017600000000000000000000000000000000000000000000000
-0.0080000000000000000000000000000000000000000000000000
-0.011520000000000000000000000000000000000000000000000
-0.012160000000000000000000000000000000000000000000000
-0.026240000000000000000000000000000000000000000000000
-0.042880000000000000000000000000000000000000000000000
-0.055840000000000000000000000000000000000000000000000
-0.092000000000000000000000000000000000000000000000000
-0.14096000000000000000000000000000000000000000000000
-0.19632000000000000000000000000000000000000000000000
-0.30112000000000000000000000000000000000000000000000
-0.44144000000000000000000000000000000000000000000000
-0.61312000000000000000000000000000000000000000000000
-0.89664000000000000000000000000000000000000000000000
-1.2856000000000000000000000000000000000000000000000
-1.7745600000000000000000000000000000000000000000000
-2.5041600000000000000000000000000000000000000000000
-3.5120000000000000000000000000000000000000000000000
-4.8068800000000000000000000000000000000000000000000
-6.6251200000000000000000000000000000000000000000000
-9.1044800000000000000000000000000000000000000000000
-12.312480000000000000000000000000000000000000000000
-16.671840000000000000000000000000000000000000000000
-22.536000000000000000000000000000000000000000000000
-30.120640000000000000000000000000000000000000000000
-40.193280000000000000000000000000000000000000000000
-53.551360000000000000000000000000000000000000000000
-70.781280000000000000000000000000000000000000000000
-93.287200000000000000000000000000000000000000000000
-122.71520000000000000000000000000000000000000000000
-160.49552000000000000000000000000000000000000000000
-209.24560000000000000000000000000000000000000000000
-8.0000000000000000000000000000000000000000000000000E-5
-0.00024000000000000000000000000000000000000000000000000
-0.00040000000000000000000000000000000000000000000000000
-0.00048000000000000000000000000000000000000000000000000
-0.00088000000000000000000000000000000000000000000000000
-0.0019200000000000000000000000000000000000000000000000
-0.0037600000000000000000000000000000000000000000000000
-0.0060000000000000000000000000000000000000000000000000
-0.0094400000000000000000000000000000000000000000000000
-0.014800000000000000000000000000000000000000000000000
-0.023920000000000000000000000000000000000000000000000
-0.037760000000000000000000000000000000000000000000000
-0.058960000000000000000000000000000000000000000000000
-0.088880000000000000000000000000000000000000000000000
-0.13312000000000000000000000000000000000000000000000
-0.19696000000000000000000000000000000000000000000000
-0.29160000000000000000000000000000000000000000000000
-0.42488000000000000000000000000000000000000000000000
-0.61440000000000000000000000000000000000000000000000
-0.87840000000000000000000000000000000000000000000000
-1.2501600000000000000000000000000000000000000000000
-1.7632800000000000000000000000000000000000000000000
-2.4754400000000000000000000000000000000000000000000
-3.4463200000000000000000000000000000000000000000000
-4.7721600000000000000000000000000000000000000000000
-6.5603200000000000000000000000000000000000000000000
-8.9800000000000000000000000000000000000000000000000
-12.223040000000000000000000000000000000000000000000
-16.561120000000000000000000000000000000000000000000
-22.313280000000000000000000000000000000000000000000
-29.935120000000000000000000000000000000000000000000
-39.968400000000000000000000000000000000000000000000
-53.159200000000000000000000000000000000000000000000
-70.398000000000000000000000000000000000000000000000
-92.877200000000000000000000000000000000000000000000
-122.04032000000000000000000000000000000000000000000
-159.79288000000000000000000000000000000000000000000
-208.47512000000000000000000000000000000000000000000
-0.00080000000000000000000000000000000000000000000000000
-0.00080000000000000000000000000000000000000000000000000
0.0016000000000000000000000000000000000000000000000000
-0.0064000000000000000000000000000000000000000000000000
-0.0016000000000000000000000000000000000000000000000000
0.0032000000000000000000000000000000000000000000000000
-0.010400000000000000000000000000000000000000000000000
-0.014400000000000000000000000000000000000000000000000
-0.0024000000000000000000000000000000000000000000000000
-0.017600000000000000000000000000000000000000000000000
-0.032800000000000000000000000000000000000000000000000
-0.031200000000000000000000000000000000000000000000000
-0.052000000000000000000000000000000000000000000000000
-0.077600000000000000000000000000000000000000000000000
-0.088800000000000000000000000000000000000000000000000
-0.14720000000000000000000000000000000000000000000000
-0.19520000000000000000000000000000000000000000000000
-0.22720000000000000000000000000000000000000000000000
-0.34480000000000000000000000000000000000000000000000
-0.49600000000000000000000000000000000000000000000000
-0.58000000000000000000000000000000000000000000000000
-0.79920000000000000000000000000000000000000000000000
-1.1120000000000000000000000000000000000000000000000
-1.3736000000000000000000000000000000000000000000000
-1.7872000000000000000000000000000000000000000000000
-2.4344000000000000000000000000000000000000000000000
-3.0296000000000000000000000000000000000000000000000
-3.9104000000000000000000000000000000000000000000000
-5.1480000000000000000000000000000000000000000000000
-6.4584000000000000000000000000000000000000000000000
-8.1792000000000000000000000000000000000000000000000
-10.598400000000000000000000000000000000000000000000
-13.197600000000000000000000000000000000000000000000
-16.554400000000000000000000000000000000000000000000
-0.00040000000000000000000000000000000000000000000000000
-0.00040000000000000000000000000000000000000000000000000
0.00080000000000000000000000000000000000000000000000000
-0.0032000000000000000000000000000000000000000000000000
-0.0012000000000000000000000000000000000000000000000000
0.00080000000000000000000000000000000000000000000000000
-0.0048000000000000000000000000000000000000000000000000
-0.0064000000000000000000000000000000000000000000000000
-0.0044000000000000000000000000000000000000000000000000
-0.012400000000000000000000000000000000000000000000000
-0.015600000000000000000000000000000000000000000000000
-0.020800000000000000000000000000000000000000000000000
-0.038000000000000000000000000000000000000000000000000
-0.043200000000000000000000000000000000000000000000000
-0.055600000000000000000000000000000000000000000000000
-0.10280000000000000000000000000000000000000000000000
-0.12600000000000000000000000000000000000000000000000
-0.15360000000000000000000000000000000000000000000000
-0.23880000000000000000000000000000000000000000000000
-0.32280000000000000000000000000000000000000000000000
-0.40680000000000000000000000000000000000000000000000
-0.57360000000000000000000000000000000000000000000000
-0.74920000000000000000000000000000000000000000000000
-0.96280000000000000000000000000000000000000000000000
-1.3136000000000000000000000000000000000000000000000
-1.7188000000000000000000000000000000000000000000000
-2.1684000000000000000000000000000000000000000000000
-2.8880000000000000000000000000000000000000000000000
-3.7428000000000000000000000000000000000000000000000
-4.7124000000000000000000000000000000000000000000000
-6.1068000000000000000000000000000000000000000000000
-7.8584000000000000000000000000000000000000000000000
-9.8464000000000000000000000000000000000000000000000
-12.564400000000000000000000000000000000000000000000
-15.932000000000000000000000000000000000000000000000
-0.00080000000000000000000000000000000000000000000000000
-0.0016000000000000000000000000000000000000000000000000
-0.0064000000000000000000000000000000000000000000000000
-0.0088000000000000000000000000000000000000000000000000
-0.0080000000000000000000000000000000000000000000000000
-0.019200000000000000000000000000000000000000000000000
-0.031200000000000000000000000000000000000000000000000
-0.038400000000000000000000000000000000000000000000000
-0.070400000000000000000000000000000000000000000000000
-0.11200000000000000000000000000000000000000000000000
-0.15440000000000000000000000000000000000000000000000
-0.23920000000000000000000000000000000000000000000000
-0.35520000000000000000000000000000000000000000000000
-0.49440000000000000000000000000000000000000000000000
-0.74000000000000000000000000000000000000000000000000
-1.0744000000000000000000000000000000000000000000000
-1.4896000000000000000000000000000000000000000000000
-2.1152000000000000000000000000000000000000000000000
-2.9936000000000000000000000000000000000000000000000
-4.1256000000000000000000000000000000000000000000000
-5.7408000000000000000000000000000000000000000000000
-7.9376000000000000000000000000000000000000000000000
-10.782400000000000000000000000000000000000000000000
-14.674400000000000000000000000000000000000000000000
-19.961600000000000000000000000000000000000000000000
-26.808000000000000000000000000000000000000000000000
-35.960000000000000000000000000000000000000000000000
-48.132800000000000000000000000000000000000000000000
-63.862400000000000000000000000000000000000000000000
-84.478400000000000000000000000000000000000000000000
-111.59840000000000000000000000000000000000000000000
-146.47920000000000000000000000000000000000000000000
-191.63200000000000000000000000000000000000000000000
-0.00080000000000000000000000000000000000000000000000000
0.0032000000000000000000000000000000000000000000000000
-0.0080000000000000000000000000000000000000000000000000
0.0096000000000000000000000000000000000000000000000000
-0.0056000000000000000000000000000000000000000000000000
-0.0064000000000000000000000000000000000000000000000000
0.0064000000000000000000000000000000000000000000000000
0.0032000000000000000000000000000000000000000000000000
-0.0016000000000000000000000000000000000000000000000000
-0.031200000000000000000000000000000000000000000000000
0.0064000000000000000000000000000000000000000000000000
0.035200000000000000000000000000000000000000000000000
-0.016000000000000000000000000000000000000000000000000
-0.036800000000000000000000000000000000000000000000000
0.019200000000000000000000000000000000000000000000000
-0.016000000000000000000000000000000000000000000000000
-0.011200000000000000000000000000000000000000000000000
0.045600000000000000000000000000000000000000000000000
-0.012800000000000000000000000000000000000000000000000
-0.086400000000000000000000000000000000000000000000000
0.012800000000000000000000000000000000000000000000000
-0.020800000000000000000000000000000000000000000000000
0.0064000000000000000000000000000000000000000000000000
0.089600000000000000000000000000000000000000000000000
-0.062400000000000000000000000000000000000000000000000
-0.17760000000000000000000000000000000000000000000000
-6.6666666666666666666666666666666666666666666666667E-5
0.00020000000000000000000000000000000000000000000000000
-6.6666666666666666666666666666666666666666666666667E-5
-0.00033333333333333333333333333333333333333333333333333
0.00013333333333333333333333333333333333333333333333333
0.00066666666666666666666666666666666666666666666666667
-0.00060000000000000000000000000000000000000000000000000
-0.00013333333333333333333333333333333333333333333333333
-0.00040000000000000000000000000000000000000000000000000
0.0012000000000000000000000000000000000000000000000000
0.00033333333333333333333333333333333333333333333333333
-0.0014000000000000000000000000000000000000000000000000
-0.0018000000000000000000000000000000000000000000000000
0.0040666666666666666666666666666666666666666666666667
-0.00066666666666666666666666666666666666666666666666667
-0.0011333333333333333333333333333333333333333333333333
-0.0028000000000000000000000000000000000000000000000000
0.0037333333333333333333333333333333333333333333333333
0.00060000000000000000000000000000000000000000000000000
6.6666666666666666666666666666666666666666666666667E-5
-0.0064666666666666666666666666666666666666666666666666
0.0064000000000000000000000000000000000000000000000000
-0.0010666666666666666666666666666666666666666666666667
0.0036666666666666666666666666666666666666666666666667
-0.0098000000000000000000000000000000000000000000000000
0.0067333333333333333333333333333333333333333333333333
-6.6666666666666666666666666666666666666666666666667E-5
0.0021333333333333333333333333333333333333333333333333
-0.010866666666666666666666666666666666666666666666667
0.013866666666666666666666666666666666666666666666667
-0.010866666666666666666666666666666666666666666666667
0.012600000000000000000000000000000000000000000000000
-0.013733333333333333333333333333333333333333333333333
-0.00020000000000000000000000000000000000000000000000000
-0.00060000000000000000000000000000000000000000000000000
-0.0012000000000000000000000000000000000000000000000000
-0.0018000000000000000000000000000000000000000000000000
-0.0034000000000000000000000000000000000000000000000000
-0.0066000000000000000000000000000000000000000000000000
-0.012200000000000000000000000000000000000000000000000
-0.019800000000000000000000000000000000000000000000000
-0.032800000000000000000000000000000000000000000000000
-0.053200000000000000000000000000000000000000000000000
-0.085800000000000000000000000000000000000000000000000
-0.13260000000000000000000000000000000000000000000000
-0.20500000000000000000000000000000000000000000000000
-0.31160000000000000000000000000000000000000000000000
-0.47000000000000000000000000000000000000000000000000
-0.69480000000000000000000000000000000000000000000000
-1.0228000000000000000000000000000000000000000000000
-1.4858000000000000000000000000000000000000000000000
-2.1432000000000000000000000000000000000000000000000
-3.0556000000000000000000000000000000000000000000000
-4.3338000000000000000000000000000000000000000000000
-6.0928000000000000000000000000000000000000000000000
-8.5130000000000000000000000000000000000000000000000
-11.799800000000000000000000000000000000000000000000
-16.269400000000000000000000000000000000000000000000
-22.278800000000000000000000000000000000000000000000
-30.352200000000000000000000000000000000000000000000
-41.109200000000000000000000000000000000000000000000
-55.416200000000000000000000000000000000000000000000
-74.307200000000000000000000000000000000000000000000
-99.190600000000000000000000000000000000000000000000
-131.78860000000000000000000000000000000000000000000
-0.00080000000000000000000000000000000000000000000000000
0.00040000000000000000000000000000000000000000000000000
0.0020000000000000000000000000000000000000000000000000
0.0040000000000000000000000000000000000000000000000000
0.0010000000000000000000000000000000000000000000000000
-0.0010000000000000000000000000000000000000000000000000
0.0040000000000000000000000000000000000000000000000000
-0.0020000000000000000000000000000000000000000000000000
-0.010000000000000000000000000000000000000000000000000
-0.020000000000000000000000000000000000000000000000000
-0.0050000000000000000000000000000000000000000000000000
0.0050000000000000000000000000000000000000000000000000
-0.020000000000000000000000000000000000000000000000000
0.010000000000000000000000000000000000000000000000000
0.050000000000000000000000000000000000000000000000000
0.10000000000000000000000000000000000000000000000000
0.025000000000000000000000000000000000000000000000000
-0.025000000000000000000000000000000000000000000000000
0.10000000000000000000000000000000000000000000000000
-0.050000000000000000000000000000000000000000000000000
-0.25000000000000000000000000000000000000000000000000
-0.50000000000000000000000000000000000000000000000000
-1.0000000000000000000000000000000000000000000000000
5.0000000000000000000000000000000000000000000000000
-4.0000000000000000000000000000000000000000000000000
-25.000000000000000000000000000000000000000000000000
20.000000000000000000000000000000000000000000000000
125.00000000000000000000000000000000000000000000000
-100.00000000000000000000000000000000000000000000000
500.00000000000000000000000000000000000000000000000
-2.0000000000000000000000000000000000000000000000000
10.000000000000000000000000000000000000000000000000
-50.000000000000000000000000000000000000000000000000
2.0000000000000000000000000000000000000000000000000
250.00000000000000000000000000000000000000000000000
-10.000000000000000000000000000000000000000000000000
50.000000000000000000000000000000000000000000000000
-250.00000000000000000000000000000000000000000000000
-10.000000000000000000000000000000000000000000000000
50.000000000000000000000000000000000000000000000000
-250.00000000000000000000000000000000000000000000000
1250.0000000000000000000000000000000000000000000000
-3.2000000000000000000000000000000000000000000000000E-5
1.6000000000000000000000000000000000000000000000000E-5
8.0000000000000000000000000000000000000000000000000E-5
0.00016000000000000000000000000000000000000000000000000
-4.0000000000000000000000000000000000000000000000000E-5
0.00016000000000000000000000000000000000000000000000000
-8.0000000000000000000000000000000000000000000000000E-5
-0.00040000000000000000000000000000000000000000000000000
-0.00080000000000000000000000000000000000000000000000000
-0.00020000000000000000000000000000000000000000000000000
0.00020000000000000000000000000000000000000000000000000
6.7028032637141103264149763187778005450620694157588E-82
1.1831509618064102822007921072366032984094155607158E-82
-1.2056450162114295111556088998219364481089708274588E-84
4.5795070286737450483151587601400752045002948461099E-82
4.4973857485830903516030399577089624193278830059490E-82
5.0362445236703216221678615124916169640153095292942E-82
2.9592089614491960815216127367902197885202382630597E-81
7.4374575446227880426737092151103248060441242019818E-82
2.3414469322544026787890892101895086718743194064893E-82
1.4935087999374705769704011775203656849675419803495E-82
1.6227178680055684185846367611661119516859904774371E-81
3.9967740597940907011933548826020197165021774449689E-81
1.1182900272899203449354580176849667368158385390828E-80
5.2588869765368135022931109892356210424529695158612E-81
3.5855190642297553354612169501184195628412960508107E-81
-8.0330298470890384285377712453530407862752511889482E-81
6.9839577664861023543089401123862471479804770358264E-81
2.7849335770270800490135452117881616444071653559758E-80
4.2159058449411125665278878214468445933859431073411E-80
3.4884446988659057809052241630828949310253590739783E-80
2.2047504628589813898547932279866699553538773608665E-80
-8.7330617191762974808142538598671958001470429998212E-80
-9.0594425730532820886144085336754846425079007312177E-79
-9.2254206689544462116932729093094710818950858804858E-78
1.8684344984954068348125350205880025473292341829275E-79
-7.1472342451510834004893182689956067047975396492782E-77
2.5528003398434584294308663610343877431927469241730E-78
-4.7945206616018316959447085515306716839662789512284E-76
2.1482452890532808510055435795676435236690507541444E-77
1.4932899731684906391956760983389806955329737214325E-76
6.4080731544305834954779549069448777905429100887353E-79
8.2104795007094288450073806669415731634903674282671E-78
6.4647152846835649628772709506208285621811333775941E-77
-5.1557472619439018022569156505601467726241481467597E-79
4.4997643577364908005754922923782199886425086396227E-76
-7.3934161146612603548063169583684801400775849565621E-78
-6.3387232401812858406377304808353331948022524813142E-77
-4.3793971599275060707482200627305612170666580130253E-76
-2.3090828515078496794517515948693379416913189291214E-79
6.7826151871531038117243346485174952128098613776453E-78
7.4460598270375387394004783410012871906090393993837E-77
5.5411031270128840402495934895777897324614842387101E-76
-3.1385146998796662827853713916049310991330005434464E-78
-3.7482748369367421804196752398228707125433650020751E-77
-3.1762674434548101349449504776404605169535316379193E-76
-3.6045145922459427934472503836626908869737066910490E-78
-2.2068874425691947890202762313023467463379864250030E-75
-4.3742352654879492571505090097586222153370625324216E-77
-3.4447350687951508356477020916680845089043598258923E-76
-2.3491874973893076004442815796861891049889025420582E-75
-1.8007436194004453638062640818949251425974290114150E-84
-5.1869331041934723216066287883204855567985485936282E-84
4.1328662900394343780448312552140274447534525361840E-83
8.8011996754897434283554032152997886075790387995313E-85
1.6123021088088222769646655112156951012701512488261E-82
4.7543458255131309766058544413845838202593322853888E-84
-1.4100914269570565455541604634219219998963067326702E-83
1.2180721551652048876770847358490249562319109847712E-82
1.0443964935213704192794065431026660984969116090928E-82
4.7536553619155870037626376387776326142140276467652E-83
-0.041666666666666666666666666666666666666666666666667
-0.12500000000000000000000000000000000000000000000000
-0.25000000000000000000000000000000000000000000000000
0.50000000000000000000000000000000000000000000000000
0.50000000000000000000000000000000000000000000000000
3.0000000000000000000000000000000000000000000000000
-3.0000000000000000000000000000000000000000000000000
-4.0000000000000000000000000000000000000000000000000
3.0000000000000000000000000000000000000000000000000
4.0000000000000000000000000000000000000000000000000
-3.0000000000000000000000000000000000000000000000000
-4.0000000000000000000000000000000000000000000000000
4.0000000000000000000000000000000000000000000000000
-6.0000000000000000000000000000000000000000000000000
6.0000000000000000000000000000000000000000000000000
-6.0000000000000000000000000000000000000000000000000
6.0000000000000000000000000000000000000000000000000
2.0000000000000000000000000000000000000000000000000
-2.0000000000000000000000000000000000000000000000000
2.0000000000000000000000000000000000000000000000000
-2.0000000000000000000000000000000000000000000000000
12.000000000000000000000000000000000000000000000000
-12.000000000000000000000000000000000000000000000000
-12.000000000000000000000000000000000000000000000000
12.000000000000000000000000000000000000000000000000
12.000000000000000000000000000000000000000000000000
-12.000000000000000000000000000000000000000000000000
-12.000000000000000000000000000000000000000000000000
12.000000000000000000000000000000000000000000000000
1.4856383483131653621220700927317973877704033803825E-81
5.3417330014771123971149021466970029557251731144022E-81
-1.2157554886626744459999530847878894935871531962319E-80
-2.8995044444618735264611716255116551553980774897635E-81
-4.8844727661921838400698184209843230653371874883976E-80
3.9790127135688668505803418196717900042113469565858E-80
-8.3020295519483201958011056511213100593253763998882E-81
3.5867156468208545235985273415412611719863801063933E-79
-8.4617935706419784875334028786866983904594415596577E-80
1.5810997611187733078916380134911176699154405779666E-79
-2.3631445112062622795184976750675631747055259857208E-78
2.6462528557241658462972017798422784576620710337172E-79
9.0947347452285644432350551218592133064014014238484E-79
-1.6204470361470336354161292081135652208071459702408E-78
1.3133983824598458551166629655654201705940596339497E-82
-1.4969866634097819611411619852678544543022812355667E-82
-4.8004101654227204006566532611599804374971313126964E-82
-1.4010598743880864631541630866155815399814835601637E-82
3.3451960118331724979462087409474209074684343890043E-81
-0.50000000000000000000000000000000000000000000000000
0.50000000000000000000000000000000000000000000000000
0.25000000000000000000000000000000000000000000000000
-0.50000000000000000000000000000000000000000000000000
-0.12500000000000000000000000000000000000000000000000
-0.50000000000000000000000000000000000000000000000000
0.50000000000000000000000000000000000000000000000000
0.25000000000000000000000000000000000000000000000000
-0.50000000000000000000000000000000000000000000000000
-0.12500000000000000000000000000000000000000000000000
-0.50000000000000000000000000000000000000000000000000
0.50000000000000000000000000000000000000000000000000
0.25000000000000000000000000000000000000000000000000
-0.50000000000000000000000000000000000000000000000000
-0.12500000000000000000000000000000000000000000000000
-0.50000000000000000000000000000000000000000000000000
0.50000000000000000000000000000000000000000000000000
0.25000000000000000000000000000000000000000000000000
-0.50000000000000000000000000000000000000000000000000
-1.0000000000000000000000000000000000000000000000000
-1.0000000000000000000000000000000000000000000000000
-1.0000000000000000000000000000000000000000000000000
-1.0000000000000000000000000000000000000000000000000
2.0000000000000000000000000000000000000000000000000
2.0000000000000000000000000000000000000000000000000
2.0000000000000000000000000000000000000000000000000
-2.0000000000000000000000000000000000000000000000000
2.0000000000000000000000000000000000000000000000000
-2.0000000000000000000000000000000000000000000000000
-2.0000000000000000000000000000000000000000000000000
-2.0000000000000000000000000000000000000000000000000
-4.0000000000000000000000000000000000000000000000000
-4.0000000000000000000000000000000000000000000000000
-4.0000000000000000000000000000000000000000000000000
-4.0000000000000000000000000000000000000000000000000
0.50000000000000000000000000000000000000000000000000
0.25000000000000000000000000000000000000000000000000
-0.50000000000000000000000000000000000000000000000000
-0.50000000000000000000000000000000000000000000000000
0.50000000000000000000000000000000000000000000000000
0.25000000000000000000000000000000000000000000000000
-0.50000000000000000000000000000000000000000000000000
-0.12500000000000000000000000000000000000000000000000
1.5076823396510728326406172927796663117855531969210E-77
4.3168558705941591385657472436147592731248904420896E-77
4.5680561214151490309738885726782183855575694125670E-77
-4.3804062607820709021336798658797744179149622896477E-77
4.4612754756830719185691255207301513426043240972590E-77
-4.7100353108826706282125430300456682843881951406187E-77
-1.0448918523658380503930621283530657883753702746804E-77
-2.9292766427160228168273476806420933995413405415795E-77
-3.1778965656250894545374286507519964672685682163916E-77
2.9918126532538035709994566006856487462726520832778E-77
-3.0749411706685229747807568548329277705780310099465E-77
3.3223473777539042499620858576573126610999540655577E-77
5.8137151484522029425691464719826107101853713497979E-78
1.5396054739803085920472454995798224711648368136742E-77
1.7899599530125663269612053038002862842598796664057E-77
-1.6037683526504136283549932504216582328077851083148E-77
1.6850562555328712745327236279288263096617888028091E-77
-1.9324177970408953594393623061537873703029691091141E-77
-1.1845085626561238581387065236503303541443985279038E-78
-1.4875240008977470308551376932956075347772989901664E-78
-3.9939942466692001124927792442702397932716376735888E-78
2.1253543274766325767822763399939657859053581435795E-78
-2.9515825042611134874665254337129558431956189309178E-78
5.4337728574255212826094303691911897072361759987570E-78
-2.3323601484145012741805271518821699438318109103783E-77
3.2805268360550911483799391113726774310521480665317E-77
-4.2280540931843839795728052010676770043304294605588E-77
5.1698268934469023991606656780286840248725132007518E-77
7.7473022598466478660698320541342253792575753521438E-78
-1.0925203242070508711827267100913538279473243460966E-77
1.4069678313184789662265215686656522374517925381003E-77
-2.1400160621049014697302129986129789382104622115695E-77
-1.7215034183655716483921732885015169941997723559445E-77
3.0853503210862352496926103837727297101800504466377E-77
-4.0341310499706352407085472086884180569614079736281E-77
4.9838605260301116737060173589769803920790980227146E-77
-3.0531399296264145138739098082023317018172080714853E-77
4.0003972494152099784506785466865976862642308981689E-77
2.6522094124049875213797008189752338121314025491682E-77
-4.9457752750158365769941756829383011956867233217747E-77
-3.6021243438880997383490460561709852237960411237267E-77
-2.4099390789890589857839913987370361270681580809387E-77
5.8955335893761750118599402645349683941647109677082E-77
4.5502317495362723768037857493115647661795852194432E-77
3.3560539125653968815265307645245826740830308697507E-77
-5.4949109583850836621513018702989507276044441400080E-77
-4.3061519688590930385489526193645088967320082895843E-77
5.2522381521097608208569917842368681045481217395012E-77
7.0965000780805656293208688915007227586595607512655E-77
7.3451312414672048963226706648335436187609440906083E-77
-7.1592248935855372520376879188711732697117030324501E-77
7.2409260685209336568430871704039400358183622982191E-77
-7.4876123565599569601450636570886718295593983969978E-77
-1.9711082912032493499923080043085084582222511141710E-77
-5.7069396865655031590476750573587381681047009704546E-77
-5.9555947556700407405971753559155367424058371295530E-77
5.7693529387454243105013071947270561237169976832756E-77
-5.8515561185902794651841775694442483899150621311173E-77
6.0987010334860606641776175399254909727124393759465E-77
a0 table built
SELFC -2 4.0000000000000000000 -1.8544242630154750279E-71
SELFC -1 8.0000000000000000000 4.5279269214362396765E-69
SELFC 9 1.5187339726384920109E-71 -7.4147129187043929727E-71
SELFC 10 1.6093723698219994302E-71 -7.4137119231125260418E-71
SELFC 11 8.0000000000000000000 -3.7078475304390831249E-71
SELFC 12 4.0000000000000000000 -9.2681361861280010697E-71
SELFC 13 8.0000000000000000000 4.5279269214362396765E-69
SELFC 14 -4.0000000000000000000 -5.5602886556889179447E-71
SELFC 15 4.0000000000000000000 -1.8544242630154750279E-71
TG 1 g=1 241.76266666666666666666666666666666666666666666667 
7.3099769213527539726004602048691132119764995584725E-76
TG 2 g=1 238.69920000000000000000000000000000000000000000000 
4.1219712832752859659916941911824407119639076739424E-77
TG 3 g=1 237.03600000000000000000000000000000000000000000000 
5.7236207098888431754748046970709648157571292415301E-76
TG 4 g=1 23.528000000000000000000000000000000000000000000000 
9.0387399538866075389134760772382306969570847564244E-78
TG 5 g=1 21.736000000000000000000000000000000000000000000000 
2.3936130711424524517704933040568919957132185385077E-77
TG 6 g=1 213.72800000000000000000000000000000000000000000000 
3.2079767778611239098049719523693984240207976353729E-76
TG 7 g=1 -0.19200000000000000000000000000000000000000000000000 
-5.2289301798423395192768927294299294278241408456548E-80
TG 8 g=1 0.052000000000000000000000000000000000000000000000000 
-6.0683526910720699310156479382623046913130465207259E-80
TG 9 g=1 132.13800000000000000000000000000000000000000000000 
2.6397888550072019071597615527293221355711241113960E-76
TG 10 g=1 118.84000000000000000000000000000000000000000000000 
3.3599193683773167949328630804555429539751197667847E-76
TG 11 g=1 115.84800000000000000000000000000000000000000000000 
1.8711698536037963355003762369400865737418000789612E-78
TG 12 g=1 114.70800000000000000000000000000000000000000000000 
2.4887458653821646933470148362955526472387932300222E-76
TG 13 g=1 14.520000000000000000000000000000000000000000000000 
2.0398450206954847070899534217604068778651594610791E-78
TG 14 g=1 13.560000000000000000000000000000000000000000000000 
1.2216580101894016459661110239253065226641175515526E-77
TG 15 g=1 99.840000000000000000000000000000000000000000000000 
1.2774332654410532675050645463725591032275750539062E-76
TG 16 g=1 0.24000000000000000000000000000000000000000000000000 
1.3667959633398373360367926257471579643495964932241E-79
TG 17 g=1 0.066666666666666666666666666666666666666666666666666 
-8.2422417586157307409031934790846098608612381407818E-80
TG 18 g=1 50.970000000000000000000000000000000000000000000000 
8.9330368491758161593840077080841633063731128769638E-77
TG 19 g=1 44.466666666666666666666666666666666666666666666667 
1.1604401695462582129705338109811849402876129864692E-76
TG 20 g=1 42.280000000000000000000000000000000000000000000000 
-8.1818701050608306112384239783510035520104190952654E-78
TG 21 g=1 41.180000000000000000000000000000000000000000000000 
8.1508338743159599508659417763440646160517209689557E-77
TG 22 g=1 7.8000000000000000000000000000000000000000000000000 
-4.9028248567984086675370435054439768398523127068935E-79
TG 23 g=1 6.6000000000000000000000000000000000000000000000000 
4.5637877709441150406419933639551330285643603488365E-78
TG 24 g=1 33.600000000000000000000000000000000000000000000000 
3.6519298176464477038287391028164814644734795291072E-77
TG 26 g=1 0.016666666666666666666666666666666666666666666666667 
-2.1508280095428440403342830350851520029688260795320E-80
TG 27 g=1 10.500000000000000000000000000000000000000000000000 
1.6183820031890526959447965626226998779622588182938E-77
TG 28 g=1 9.0000000000000000000000000000000000000000000000000 
2.1610662407787114168056628919179437364284804036945E-77
TG 29 g=1 7.0000000000000000000000000000000000000000000000000 
-2.7797667536710243637962320058388786119529626173029E-78
TG 30 g=1 6.6000000000000000000000000000000000000000000000000 
1.1564931706363127050753377048563894451711263769277E-77
TG 31 g=1 2.0000000000000000000000000000000000000000000000000 
-5.2865608619319997129033316009102055317329553012117E-79
TG 32 g=1 2.0000000000000000000000000000000000000000000000000 
9.6229182825808215991853783939992733502376527498260E-79
TG 33 g=1 4.0000000000000000000000000000000000000000000000000 
3.5435841353178865398110340244335623891249083526601E-78
TG 34 g=1 1.0000000000000000000000000000000000000000000000000 
1.5785184386997170107924598212768308460877715509866E-79
TG 35 g=1 6.0000000000000000000000000000000000000000000000000 
-1.3201643077709476549744240998603735802721594307094E-78
TG 36 g=1 30.000000000000000000000000000000000000000000000000 
4.9626483160602608099941468803269171077147308344180E-77
TG 38 g=1 150.00000000000000000000000000000000000000000000000 
5.2914524417776586756794293392699948205525327232932E-76
TG 40 g=1 750.00000000000000000000000000000000000000000000000 
4.0475562975588888348029484592979772689927914708022E-75
TG 71 g=1 664.93459200000000000000000000000000000000000000000 
-6.6570465945519677320686462275753080027352502809196E-77
TG 72 g=1 662.79273600000000000000000000000000000000000000000 
2.0153938684738735607443283130488532465794372850473E-75
TG 73 g=1 45.079360000000000000000000000000000000000000000000 
-1.0853684751793174417217326585904877169324431708013E-77
TG 74 g=1 42.784640000000000000000000000000000000000000000000 
9.1588366728558896594852550328302987534929166364922E-77
TG 75 g=1 617.99488000000000000000000000000000000000000000000 
-1.5372380028068111433187706315784711236586480648697E-76
TG 76 g=1 -0.19200000000000000000000000000000000000000000000000 
2.2393473316061696670080632285356492625702307219393E-77
TG 77 g=1 454.05512000000000000000000000000000000000000000000 
1.0389310771778616884339781290948880684052548438417E-75
TG 78 g=1 422.44320000000000000000000000000000000000000000000 
1.4027296775612151682783782013153549003385163591936E-75
TG 79 g=1 418.49120000000000000000000000000000000000000000000 
9.2910780038557733428114835457294298719256303920727E-77
TG 80 g=1 416.95024000000000000000000000000000000000000000000 
8.8876969642615703251007293608044612086247538750505E-76
TG 81 g=1 33.108800000000000000000000000000000000000000000000 
1.0574808475534916309522558973668614266507144196245E-77
TG 82 g=1 31.864000000000000000000000000000000000000000000000 
3.5286844955581207336539547064411007622606782739064E-77
TG 83 g=1 383.26400000000000000000000000000000000000000000000 
5.9186541830913927165981131433058738394048322497604E-76
TG 84 g=1 0.35520000000000000000000000000000000000000000000000 
5.9187413319277234222567677581846976715619626521078E-79
TG 85 g=1 0.027466666666666666666666666666666666666666666666667 
3.8777718101182941260228838218588219916693141284812E-80
TG 86 g=1 263.57720000000000000000000000000000000000000000000 
5.7898313354779005842694333946857678791356852443242E-76
TG 2 g=3 -0.0016000000000000000000000000000000000000000000000000 
8.7058129502569112694372046301266021341856842968186E-82
TG 3 g=3 0.00080000000000000000000000000000000000000000000000000 
-8.3403610696811106627881460927805448815215386667729E-83
TG 5 g=3 0.0040000000000000000000000000000000000000000000000000 
1.1744008508758802871924311493114801174588896979959E-81
TG 7 g=3 0.0080000000000000000000000000000000000000000000000000 
-3.5449458358855538157275123819151847665800708893387E-81
TG 8 g=3 0.0020000000000000000000000000000000000000000000000000 
1.9543917212006486242539212719298206487918304657738E-81
TG 9 g=3 -0.0020000000000000000000000000000000000000000000000000 
-2.0998740528172298447499315938373469110982279328505E-82
TG 11 g=3 0.0080000000000000000000000000000000000000000000000000 
-3.4823515355976225840829427234857690287217929936309E-81
TG 12 g=3 -0.0040000000000000000000000000000000000000000000000000 
8.3019808802940370391745020653751399685715945886152E-84
TG 14 g=3 -0.020000000000000000000000000000000000000000000000000 
-7.9606772218819488497862169804652731031969845888610E-81
TG 16 g=3 -0.040000000000000000000000000000000000000000000000000 
1.3425489080704071326207909054292369206318635820446E-80
TG 17 g=3 -0.010000000000000000000000000000000000000000000000000 
-1.0839356147755333597734899482340192668489785918834E-80
TG 18 g=3 0.010000000000000000000000000000000000000000000000000 
2.0794485443022207060027562316130112492707898826722E-81
TG 20 g=3 -0.040000000000000000000000000000000000000000000000000 
1.3465022322991185788299216206984631777597548175630E-80
TG 21 g=3 0.020000000000000000000000000000000000000000000000000 
2.0570463736728558441510155117540624588794062147347E-81
TG 23 g=3 0.10000000000000000000000000000000000000000000000000 
4.9811885281764222235047012392250839811429567531691E-80
TG 25 g=3 0.20000000000000000000000000000000000000000000000000 
-4.6491092929646607419377211566100783824000929696245E-80
TG 26 g=3 0.050000000000000000000000000000000000000000000000000 
5.9444818652391112831295521931598819679724544744830E-80
TG 27 g=3 -0.050000000000000000000000000000000000000000000000000 
-1.5536564218835983601883711008059190512612555587266E-80
TG 29 g=3 0.20000000000000000000000000000000000000000000000000 
-4.6491092929646607419377211566100783824000929696245E-80
TG 30 g=3 -0.10000000000000000000000000000000000000000000000000 
-2.0372797525292986131053619354079311732399500371427E-80
TG 32 g=3 -0.50000000000000000000000000000000000000000000000000 
-3.0211303755812871930176926087427056971344821831523E-79
TG 34 g=3 -1.0000000000000000000000000000000000000000000000000 
1.2887836985599314641766131777677598236925427789946E-79
TG 35 g=3 -2.0000000000000000000000000000000000000000000000000 
3.9607037672717075753877592710621461411966324913559E-79
TG 36 g=3 10.000000000000000000000000000000000000000000000000 
-9.6871202680550954856216612099715077659946064146446E-78
TG 37 g=3 -8.0000000000000000000000000000000000000000000000000 
-8.3620714085704510215532889374673790769155413684947E-79
TG 38 g=3 -50.000000000000000000000000000000000000000000000000 
8.6751852296823407918396659353641499114635349315124E-77
TG 39 g=3 40.000000000000000000000000000000000000000000000000 
-2.6414952854476128211856761085824210426478387638118E-77
TG 40 g=3 250.00000000000000000000000000000000000000000000000 
-6.2706100297119191343363875057229456409854659848273E-76
TG 41 g=3 -200.00000000000000000000000000000000000000000000000 
2.8612242087387779706461285678182317948217359469122E-76
TG 42 g=3 1000.0000000000000000000000000000000000000000000000 
-2.2025236450344243139958781463460441115766799810299E-75
TG 43 g=3 -4.0000000000000000000000000000000000000000000000000 
-1.9292222236111857500557890513824134784109229329734E-79
TG 44 g=3 20.000000000000000000000000000000000000000000000000 
-1.4374708583512547637328254661868721717772840743315E-77
TG 45 g=3 -100.00000000000000000000000000000000000000000000000 
1.4880966013142363823607921884958810570561088508819E-76
TG 46 g=3 4.0000000000000000000000000000000000000000000000000 
-1.7932278701435120004616924461210302332114644311409E-78
TG 47 g=3 500.00000000000000000000000000000000000000000000000 
-1.1285737055726983381257234109391283194319943416675E-75
TG 48 g=3 -20.000000000000000000000000000000000000000000000000 
2.4346784461973164165704057828446058097545847414125E-77
TG 49 g=3 100.00000000000000000000000000000000000000000000000 
-1.9933124617872613929458937724697044319663948722014E-76
TG 50 g=3 -500.00000000000000000000000000000000000000000000000 
1.3801021147398240378401009089431899569407478522817E-75
TG 54 g=3 -20.000000000000000000000000000000000000000000000000 
2.2623556786172702839452039914025460790545577126563E-79
TG 56 g=3 100.00000000000000000000000000000000000000000000000 
-7.8532838514342595096997780566049854195654432122588E-77
TG 57 g=3 -500.00000000000000000000000000000000000000000000000 
7.7664983695259971964122957253001203690901732681669E-76
TG 58 g=3 2500.0000000000000000000000000000000000000000000000 
-5.8123533357572201664018242100030994387431232154894E-75
TG 71 g=3 -6.4000000000000000000000000000000000000000000000000E-5 
4.7806421553183907615078883692436702453366792167064E-83
TG 72 g=3 3.2000000000000000000000000000000000000000000000000E-5 
-9.9661986031072655116782288365437533441762083673393E-84
TG 74 g=3 0.00016000000000000000000000000000000000000000000000000 
1.3381014183131067556355188507513573813629859420864E-83
TG 76 g=3 0.00032000000000000000000000000000000000000000000000000 
-2.0642233043663957487898415644324036265069987618820E-82
TG 77 g=3 -8.0000000000000000000000000000000000000000000000000E-5 
8.5720011612071719641043989405867708851089157479285E-84
TG 79 g=3 0.00032000000000000000000000000000000000000000000000000 
-2.0662823274021829603570971453017923020944421137145E-82
TG 80 g=3 -0.00016000000000000000000000000000000000000000000000000 
3.3770613336396077333797613401487097138822897543245E-83
TG 82 g=3 -0.00080000000000000000000000000000000000000000000000000 
-1.5338403841871822360651033905189224374077007406906E-82
TG 84 g=3 -0.0016000000000000000000000000000000000000000000000000 
8.7099309963284856925717157918653794853605710004836E-82
TG 85 g=3 -0.00040000000000000000000000000000000000000000000000000 
-3.4930666914758592330789407663300676964788481965672E-82
TG 86 g=3 0.00040000000000000000000000000000000000000000000000000 
6.1111803702164439316145640203455891435318682388418E-85
TG 1 g=4 2.5469950230844944110026154907868365922627266699802E-82 
1.3025471236524824250528460383346956818414974507993E-83
TG 2 g=4 -1.5281970138506966466015692944721019553576360019881E-82 
-7.8152827419148945503170762300081740910489847047958E-84
TG 3 g=4 -1.5281970138506966466015692944721019553576360019881E-82 
-7.8152827419148945503170762300081740910489847047958E-84
TG 7 g=4 7.6409850692534832330078464723605097767881800099407E-82 
3.9076413709574472751585381150040870455244923523979E-83
TG 8 g=4 2.5469950230844944110026154907868365922627266699802E-82 
1.3025471236524824250528460383346956818414974507993E-83
TG 9 g=4 -7.6409850692534832330078464723605097767881800099407E-82 
-3.9076413709574472751585381150040870455244923523979E-83
TG 10 g=4 1.2734975115422472055013077453934182961313633349901E-81 
6.5127356182624121252642301916734784092074872539965E-83
TG 11 g=4 -7.6409850692534832330078464723605097767881800099407E-82 
-3.9076413709574472751585381150040870455244923523979E-83
TG 12 g=4 -7.6409850692534832330078464723605097767881800099407E-82 
-3.9076413709574472751585381150040870455244923523979E-83
TG 16 g=4 3.8204925346267416165039232361802548883940900049704E-81 
1.9538206854787236375792690575020435227622461761990E-82
TG 17 g=4 1.2734975115422472055013077453934182961313633349901E-81 
6.5127356182624121252642301916734784092074872539965E-83
TG 18 g=4 -3.8204925346267416165039232361802548883940900049704E-81 
-1.9538206854787236375792690575020435227622461761990E-82
TG 19 g=4 6.3674875577112360275065387269670914806568166749506E-81 
3.2563678091312060626321150958367392046037436269983E-82
TG 20 g=4 -3.8204925346267416165039232361802548883940900049704E-81 
-1.9538206854787236375792690575020435227622461761990E-82
TG 21 g=4 -3.8204925346267416165039232361802548883940900049704E-81 
-1.9538206854787236375792690575020435227622461761990E-82
TG 25 g=4 1.9102462673133708082519616180901274441970450024852E-80 
9.7691034273936181878963452875102176138112308809948E-82
TG 26 g=4 6.3674875577112360275065387269670914806568166749506E-81 
3.2563678091312060626321150958367392046037436269983E-82
TG 27 g=4 -1.9102462673133708082519616180901274441970450024852E-80 
-9.7691034273936181878963452875102176138112308809948E-82
TG 28 g=4 3.1837437788556180137532693634835457403284083374753E-80 
1.6281839045656030313160575479183696023018718134991E-81
TG 29 g=4 -1.9102462673133708082519616180901274441970450024852E-80 
-9.7691034273936181878963452875102176138112308809948E-82
TG 30 g=4 -1.9102462673133708082519616180901274441970450024852E-80 
-9.7691034273936181878963452875102176138112308809948E-82
TG 34 g=4 9.5512313365668540412598080904506372209852250124259E-80 
4.8845517136968090939481726437551088069056154404974E-81
TG 35 g=4 2.8653694009700562123779424271351911662955675037278E-79 
1.4653655141090427281844517931265326420716846321492E-80
TG 36 g=4 1.4326847004850281061889712135675955831477837518639E-78 
7.3268275705452136409222589656326632103584231607461E-80
TG 37 g=4 -9.5512313365668540412598080904506372209852250124259E-80 
-4.8845517136968090939481726437551088069056154404974E-81
TG 38 g=4 7.1634235024251405309448560678379779157389187593194E-78 
3.6634137852726068204611294828163316051792115803731E-79
TG 39 g=4 -4.7756156682834270206299040452253186104926125062129E-79 
-2.4422758568484045469740863218775544034528077202487E-80
TG 40 g=4 3.5817117512125702654724280339189889578694593796597E-77 
1.8317068926363034102305647414081658025896057901865E-78
TG 41 g=4 -2.3878078341417135103149520226126593052463062531065E-78 
-1.2211379284242022734870431609387772017264038601243E-79
TG 42 g=4 -1.1939039170708567551574760113063296526231531265532E-77 
-6.1056896421210113674352158046938860086320193006217E-79
TG 43 g=4 -2.8653694009700562123779424271351911662955675037278E-79 
-1.4653655141090427281844517931265326420716846321492E-80
TG 44 g=4 -1.4326847004850281061889712135675955831477837518639E-78 
-7.3268275705452136409222589656326632103584231607461E-80
TG 45 g=4 -7.1634235024251405309448560678379779157389187593194E-78 
-3.6634137852726068204611294828163316051792115803731E-79
TG 46 g=4 2.8653694009700562123779424271351911662955675037278E-79 
1.4653655141090427281844517931265326420716846321492E-80
TG 47 g=4 -3.5817117512125702654724280339189889578694593796597E-77 
-1.8317068926363034102305647414081658025896057901865E-78
TG 48 g=4 1.4326847004850281061889712135675955831477837518639E-78 
7.3268275705452136409222589656326632103584231607461E-80
TG 49 g=4 7.1634235024251405309448560678379779157389187593194E-78 
3.6634137852726068204611294828163316051792115803731E-79
TG 50 g=4 3.5817117512125702654724280339189889578694593796597E-77 
1.8317068926363034102305647414081658025896057901865E-78
TG 51 g=4 -4.7756156682834270206299040452253186104926125062129E-79 
-2.4422758568484045469740863218775544034528077202487E-80
TG 52 g=4 -2.3878078341417135103149520226126593052463062531065E-78 
-1.2211379284242022734870431609387772017264038601243E-79
TG 53 g=4 -1.1939039170708567551574760113063296526231531265532E-77 
-6.1056896421210113674352158046938860086320193006217E-79
TG 55 g=4 -5.9695195853542837757873800565316482631157656327662E-77 
-3.0528448210605056837176079023469430043160096503109E-78
TG 59 g=4 1.4326847004850281061889712135675955831477837518639E-78 
7.3268275705452136409222589656326632103584231607461E-80
TG 60 g=4 7.1634235024251405309448560678379779157389187593194E-78 
3.6634137852726068204611294828163316051792115803731E-79
TG 62 g=4 3.5817117512125702654724280339189889578694593796597E-77 
1.8317068926363034102305647414081658025896057901865E-78
TG 64 g=4 1.4326847004850281061889712135675955831477837518639E-78 
7.3268275705452136409222589656326632103584231607461E-80
TG 65 g=4 1.7908558756062851327362140169594944789347296898299E-76 
9.1585344631815170511528237070408290129480289509326E-78
TG 67 g=4 7.1634235024251405309448560678379779157389187593194E-78 
3.6634137852726068204611294828163316051792115803731E-79
TG 69 g=4 3.5817117512125702654724280339189889578694593796597E-77 
1.8317068926363034102305647414081658025896057901865E-78
TG 70 g=4 1.7908558756062851327362140169594944789347296898299E-76 
9.1585344631815170511528237070408290129480289509326E-78
TG 71 g=4 -6.1127880554027865864062771778884078214305440079525E-84 
-3.1261130967659578201268304920032696364195938819183E-85
TG 72 g=4 -6.1127880554027865864062771778884078214305440079525E-84 
-3.1261130967659578201268304920032696364195938819183E-85
TG 76 g=4 3.0563940277013932932031385889442039107152720039763E-83 
1.5630565483829789100634152460016348182097969409592E-84
TG 77 g=4 -3.0563940277013932932031385889442039107152720039763E-83 
-1.5630565483829789100634152460016348182097969409592E-84
TG 78 g=4 5.0939900461689888220052309815736731845254533399604E-83 
2.6050942473049648501056920766693913636829949015986E-84
TG 79 g=4 -3.0563940277013932932031385889442039107152720039763E-83 
-1.5630565483829789100634152460016348182097969409592E-84
TG 80 g=4 -3.0563940277013932932031385889442039107152720039763E-83 
-1.5630565483829789100634152460016348182097969409592E-84
TG 84 g=4 1.5281970138506966466015692944721019553576360019881E-82 
7.8152827419148945503170762300081740910489847047958E-84
TG 85 g=4 5.0939900461689888220052309815736731845254533399604E-83 
2.6050942473049648501056920766693913636829949015986E-84
TG 86 g=4 -1.5281970138506966466015692944721019553576360019881E-82 
-7.8152827419148945503170762300081740910489847047958E-84
TG 26 g=5 0.083333333333333333333333333333333333333333333333333 
3.3515404294520371750741508337995935428677918894780E-80
TG 27 g=5 0.25000000000000000000000000000000000000000000000000 
3.9796797235695225171915867043544321754105104218441E-80
TG 30 g=5 0.50000000000000000000000000000000000000000000000000 
6.7118660238567664528352588126419121015753420801079E-80
TG 31 g=5 -1.0000000000000000000000000000000000000000000000000 
-1.1139589160013586207061659914175320084813525860703E-79
TG 34 g=5 -1.0000000000000000000000000000000000000000000000000 
2.2841428876999466986088577111085041183371582995132E-80
TG 35 g=5 -6.0000000000000000000000000000000000000000000000000 
-2.5849469356801242946102703573714086606904825309568E-78
TG 36 g=5 6.0000000000000000000000000000000000000000000000000 
4.4712975543221725835537085409453240618033849543085E-78
TG 37 g=5 8.0000000000000000000000000000000000000000000000000 
4.6048320616030925443954571455947443025677111318186E-78
TG 38 g=5 -6.0000000000000000000000000000000000000000000000000 
-6.2704993366335152138425318456954073057858850302328E-78
TG 39 g=5 -8.0000000000000000000000000000000000000000000000000 
-7.0506219844325739324443263254893887123564221725281E-78
TG 40 g=5 6.0000000000000000000000000000000000000000000000000 
8.0443998438811045883929185727224425041498811988393E-78
TG 41 g=5 8.0000000000000000000000000000000000000000000000000 
9.5301469406803929948111109423480971829698050896611E-78
TG 42 g=5 -8.0000000000000000000000000000000000000000000000000 
-1.1973125610725012910000153835829069587689793474002E-77
TG 43 g=5 12.000000000000000000000000000000000000000000000000 
3.3763145946186289046513699828200780875359102987265E-78
TG 44 g=5 -12.000000000000000000000000000000000000000000000000 
-7.0871682706357730796220680488671247782498167053203E-78
TG 45 g=5 12.000000000000000000000000000000000000000000000000 
1.0814889463362086091751723833396203499376059050126E-77
TG 47 g=5 -12.000000000000000000000000000000000000000000000000 
-1.4402048016845325460890065297241681967066168576500E-77
TG 51 g=5 -4.0000000000000000000000000000000000000000000000000 
-1.7879567711718967388495181590953952237076094504497E-78
TG 52 g=5 4.0000000000000000000000000000000000000000000000000 
3.0178798645487911150235184650768974412737716117260E-78
TG 53 g=5 -4.0000000000000000000000000000000000000000000000000 
-4.2337466940013781268983873389900396334963204911592E-78
TG 55 g=5 4.0000000000000000000000000000000000000000000000000 
5.4566416554161188209228219289373618383906760115139E-78
TG 59 g=5 -24.000000000000000000000000000000000000000000000000 
-6.4939939330300023061987216155823317087493362115390E-78
TG 60 g=5 24.000000000000000000000000000000000000000000000000 
1.3870721240506507090382897165057673009077586522828E-77
TG 61 g=5 24.000000000000000000000000000000000000000000000000 
3.8739063375391096008406226780400229846998204759743E-78
TG 62 g=5 -24.000000000000000000000000000000000000000000000000 
-2.1179978481146336525931241840604886187756493081271E-77
TG 63 g=5 -24.000000000000000000000000000000000000000000000000 
-1.1250633645015614385024798227515364285028070787264E-77
TG 65 g=5 24.000000000000000000000000000000000000000000000000 
2.8500480732925611852918891661806787386710290265187E-77
TG 66 g=5 24.000000000000000000000000000000000000000000000000 
1.8503665829958214363376617174789137362332524218333E-77
TG 68 g=5 -24.000000000000000000000000000000000000000000000000 
-2.5734207992621922558849825830753534399087196398454E-77
TG 3 g=12 4.7270337060950396927710310331390492728987491008425E-83 
4.0999486317718774029760300199893376422568015646146E-83
TG 7 g=12 -2.3635168530475198463855155165695246364493745504213E-82 
-2.0499743158859387014880150099946688211284007823073E-82
TG 8 g=12 -2.3635168530475198463855155165695246364493745504213E-82 
-2.0499743158859387014880150099946688211284007823073E-82
TG 12 g=12 -2.3635168530475198463855155165695246364493745504213E-82 
-2.0499743158859387014880150099946688211284007823073E-82
TG 16 g=12 1.1817584265237599231927577582847623182246872752106E-81 
1.0249871579429693507440075049973344105642003911537E-81
TG 17 g=12 1.1817584265237599231927577582847623182246872752106E-81 
1.0249871579429693507440075049973344105642003911537E-81
TG 21 g=12 1.1817584265237599231927577582847623182246872752106E-81 
1.0249871579429693507440075049973344105642003911537E-81
TG 25 g=12 -5.9087921326187996159637887914238115911234363760531E-81 
-5.1249357897148467537200375249866720528210019557683E-81
TG 26 g=12 -5.9087921326187996159637887914238115911234363760531E-81 
-5.1249357897148467537200375249866720528210019557683E-81
TG 30 g=12 -5.9087921326187996159637887914238115911234363760531E-81 
-5.1249357897148467537200375249866720528210019557683E-81
TG 34 g=12 2.9543960663093998079818943957119057955617181880266E-80 
2.5624678948574233768600187624933360264105009778841E-80
TG 43 g=12 -2.9543960663093998079818943957119057955617181880266E-80 
-2.5624678948574233768600187624933360264105009778841E-80
TG 46 g=12 -2.9543960663093998079818943957119057955617181880266E-80 
-2.5624678948574233768600187624933360264105009778841E-80
TG 51 g=12 1.4771980331546999039909471978559528977808590940133E-79 
1.2812339474287116884300093812466680132052504889421E-79
TG 72 g=12 1.8908134824380158771084124132556197091594996403370E-84 
1.6399794527087509611904120079957350569027206258459E-84
TG 76 g=12 -9.4540674121900793855420620662780985457974982016850E-84 
-8.1998972635437548059520600399786752845136031292293E-84
TG 80 g=12 -9.4540674121900793855420620662780985457974982016850E-84 
-8.1998972635437548059520600399786752845136031292293E-84
TG 84 g=12 4.7270337060950396927710310331390492728987491008425E-83 
4.0999486317718774029760300199893376422568015646146E-83
TG 85 g=12 4.7270337060950396927710310331390492728987491008425E-83 
4.0999486317718774029760300199893376422568015646146E-83
TG 1 g=15 1.0000000000000000000000000000000000000000000000000 
4.4835967852559415273154485440051390839790465759213E-78
TG 4 g=15 -1.0000000000000000000000000000000000000000000000000 
-7.4322495499775188731657447061453634004355227745698E-78
TG 5 g=15 -0.50000000000000000000000000000000000000000000000000 
-3.1326141188309499761151787793348861481410150247708E-78
TG 7 g=15 1.0000000000000000000000000000000000000000000000000 
5.9879684317549371914299900611213707963792580651853E-78
TG 8 g=15 0.25000000000000000000000000000000000000000000000000 
1.1301236195143120896501671382961460376265078601899E-78
TG 10 g=15 1.0000000000000000000000000000000000000000000000000 
2.5606998804106940911942686370534876169727496197773E-78
TG 13 g=15 -1.0000000000000000000000000000000000000000000000000 
-5.5051357659549792277548253695732039258261418338728E-78
TG 14 g=15 -0.50000000000000000000000000000000000000000000000000 
-2.1738012158941338888606759693718779193897940370444E-78
TG 16 g=15 1.0000000000000000000000000000000000000000000000000 
4.0650715269096897553088101541697193293729611090413E-78
TG 17 g=15 0.25000000000000000000000000000000000000000000000000 
6.4887228340583870445865473285566966992454812308478E-79
TG 19 g=15 1.0000000000000000000000000000000000000000000000000 
6.3464031618247749810578415788645514426413967521858E-79
TG 22 g=15 -1.0000000000000000000000000000000000000000000000000 
-3.5716966631665012684092968885702824398121349163465E-78
TG 23 g=15 -0.50000000000000000000000000000000000000000000000000 
-1.2076087743970564353491291575729806773331760763503E-78
TG 25 g=15 1.0000000000000000000000000000000000000000000000000 
2.1453372814474114761549348194334488680689771413120E-78
TG 26 g=15 0.25000000000000000000000000000000000000000000000000 
1.6946583193743066083140332787416555554893762922157E-79
TG 28 g=15 1.0000000000000000000000000000000000000000000000000 
-1.2872023688684468856929608916600693208413862847872E-78
TG 31 g=15 -1.0000000000000000000000000000000000000000000000000 
-1.6561792968815151985451609834545199861112349331701E-78
TG 32 g=15 -0.50000000000000000000000000000000000000000000000000 
-2.4985009125456340041706120501509945048272608476213E-79
TG 34 g=15 1.0000000000000000000000000000000000000000000000000 
2.1611505783622572609914576805103538965805420833855E-79
TG 35 g=15 2.0000000000000000000000000000000000000000000000000 
1.8828365526609714478686553255568253947769991028910E-78
TG 36 g=15 2.0000000000000000000000000000000000000000000000000 
2.1948856117805949353093731174744179574052139598091E-78
TG 38 g=15 2.0000000000000000000000000000000000000000000000000 
2.5448865834958483063577457759765825884611846777038E-78
TG 40 g=15 2.0000000000000000000000000000000000000000000000000 
2.8611525217927640030882029975146831586924835191748E-78
TG 51 g=15 -4.0000000000000000000000000000000000000000000000000 
1.2886782765804991589443696920272471235024656793807E-77
TG 52 g=15 -4.0000000000000000000000000000000000000000000000000 
1.2245817130856575777403303617955254079355891141759E-77
TG 53 g=15 -4.0000000000000000000000000000000000000000000000000 
1.1575333341667114500334734308294480870465537597841E-77
TG 54 g=15 4.0000000000000000000000000000000000000000000000000 
-3.8753119639315403372705358212468589872341818041587E-78
TG 55 g=15 -4.0000000000000000000000000000000000000000000000000 
1.0875331398236607758237988991290151608353596162051E-77
TG 56 g=15 4.0000000000000000000000000000000000000000000000000 
-3.2090450539193712694917059412065937859469122447930E-78
TG 57 g=15 4.0000000000000000000000000000000000000000000000000 
-2.5090431104888645273949606242022645238349708090037E-78
TG 58 g=15 4.0000000000000000000000000000000000000000000000000 
-1.8680774755404487153545673218850473681662051569557E-78
TG 59 g=15 8.0000000000000000000000000000000000000000000000000 
-1.0112076267146717876795152229978202232195394957968E-77
TG 60 g=15 8.0000000000000000000000000000000000000000000000000 
-8.6867711052219511368632250182464956623530081790717E-78
TG 62 g=15 8.0000000000000000000000000000000000000000000000000 
-7.4217073520342883499413961320940933814278128131874E-78
TG 65 g=15 8.0000000000000000000000000000000000000000000000000 
-5.9964021901095216100094689203623868115854260342912E-78
TG 73 g=15 -1.0000000000000000000000000000000000000000000000000 
-1.1275934920079367640763234805238412330646574694581E-77
TG 74 g=15 -0.50000000000000000000000000000000000000000000000000 
-5.0576194632648435168812284010967916189488539731913E-78
TG 76 g=15 1.0000000000000000000000000000000000000000000000000 
9.8421959998000164822518287342656897455980199465792E-78
TG 78 g=15 1.0000000000000000000000000000000000000000000000000 
6.4075479098955120157590633083619175528861145282036E-78
TG 81 g=15 -1.0000000000000000000000000000000000000000000000000 
-9.3551464548227663092869246130970148674418197307138E-78
TG 82 g=15 -0.50000000000000000000000000000000000000000000000000 
-4.0988065603280274296267255911337833901976329854649E-78
TG 84 g=15 1.0000000000000000000000000000000000000000000000000 
7.9150822157774768368409093976935302709886390058823E-78
TG 85 g=15 0.25000000000000000000000000000000000000000000000000 
1.6124291754171085271641144011417494072292385934333E-78
TG 1 g=20 1.9975717304878802270980499401548485034730513152237E-81 
-5.6868689824128957970071894498141496867343650134183E-81
TG 2 g=20 5.9927151914636406812941498204645455104191539456712E-81 
-1.7060606947238687391021568349442449060203095040255E-80
TG 4 g=20 5.9927151914636406812941498204645455104191539456712E-81 
-1.7060606947238687391021568349442449060203095040255E-80
TG 5 g=20 -5.9927151914636406812941498204645455104191539456712E-81 
1.7060606947238687391021568349442449060203095040255E-80
TG 6 g=20 5.9927151914636406812941498204645455104191539456712E-81 
-1.7060606947238687391021568349442449060203095040255E-80
TG 7 g=20 -5.9927151914636406812941498204645455104191539456712E-81 
1.7060606947238687391021568349442449060203095040255E-80
TG 10 g=20 -1.9975717304878802270980499401548485034730513152237E-81 
5.6868689824128957970071894498141496867343650134183E-81
TG 11 g=20 -5.9927151914636406812941498204645455104191539456712E-81 
1.7060606947238687391021568349442449060203095040255E-80
TG 13 g=20 -5.9927151914636406812941498204645455104191539456712E-81 
1.7060606947238687391021568349442449060203095040255E-80
TG 14 g=20 5.9927151914636406812941498204645455104191539456712E-81 
-1.7060606947238687391021568349442449060203095040255E-80
TG 15 g=20 -5.9927151914636406812941498204645455104191539456712E-81 
1.7060606947238687391021568349442449060203095040255E-80
TG 16 g=20 5.9927151914636406812941498204645455104191539456712E-81 
-1.7060606947238687391021568349442449060203095040255E-80
TG 19 g=20 1.9975717304878802270980499401548485034730513152237E-81 
-5.6868689824128957970071894498141496867343650134183E-81
TG 20 g=20 5.9927151914636406812941498204645455104191539456712E-81 
-1.7060606947238687391021568349442449060203095040255E-80
TG 22 g=20 5.9927151914636406812941498204645455104191539456712E-81 
-1.7060606947238687391021568349442449060203095040255E-80
TG 23 g=20 -5.9927151914636406812941498204645455104191539456712E-81 
1.7060606947238687391021568349442449060203095040255E-80
TG 24 g=20 5.9927151914636406812941498204645455104191539456712E-81 
-1.7060606947238687391021568349442449060203095040255E-80
TG 25 g=20 -5.9927151914636406812941498204645455104191539456712E-81 
1.7060606947238687391021568349442449060203095040255E-80
TG 28 g=20 -1.9975717304878802270980499401548485034730513152237E-81 
5.6868689824128957970071894498141496867343650134183E-81
TG 29 g=20 -5.9927151914636406812941498204645455104191539456712E-81 
1.7060606947238687391021568349442449060203095040255E-80
TG 31 g=20 -5.9927151914636406812941498204645455104191539456712E-81 
1.7060606947238687391021568349442449060203095040255E-80
TG 32 g=20 5.9927151914636406812941498204645455104191539456712E-81 
-1.7060606947238687391021568349442449060203095040255E-80
TG 33 g=20 -5.9927151914636406812941498204645455104191539456712E-81 
1.7060606947238687391021568349442449060203095040255E-80
TG 34 g=20 5.9927151914636406812941498204645455104191539456712E-81 
-1.7060606947238687391021568349442449060203095040255E-80
TG 35 g=20 1.7978145574390922043882449461393636531257461837014E-80 
-5.1181820841716062173064705048327347180609285120765E-80
TG 36 g=20 -1.7978145574390922043882449461393636531257461837014E-80 
5.1181820841716062173064705048327347180609285120765E-80
TG 38 g=20 1.7978145574390922043882449461393636531257461837014E-80 
-5.1181820841716062173064705048327347180609285120765E-80
TG 40 g=20 -1.7978145574390922043882449461393636531257461837014E-80 
5.1181820841716062173064705048327347180609285120765E-80
TG 51 g=20 -5.9927151914636406812941498204645455104191539456712E-81 
1.7060606947238687391021568349442449060203095040255E-80
TG 52 g=20 5.9927151914636406812941498204645455104191539456712E-81 
-1.7060606947238687391021568349442449060203095040255E-80
TG 53 g=20 -5.9927151914636406812941498204645455104191539456712E-81 
1.7060606947238687391021568349442449060203095040255E-80
TG 54 g=20 1.7978145574390922043882449461393636531257461837014E-80 
-5.1181820841716062173064705048327347180609285120765E-80
TG 55 g=20 5.9927151914636406812941498204645455104191539456712E-81 
-1.7060606947238687391021568349442449060203095040255E-80
TG 56 g=20 -1.7978145574390922043882449461393636531257461837014E-80 
5.1181820841716062173064705048327347180609285120765E-80
TG 57 g=20 1.7978145574390922043882449461393636531257461837014E-80 
-5.1181820841716062173064705048327347180609285120765E-80
TG 58 g=20 -1.7978145574390922043882449461393636531257461837014E-80 
5.1181820841716062173064705048327347180609285120765E-80
TG 59 g=20 1.7978145574390922043882449461393636531257461837014E-80 
-5.1181820841716062173064705048327347180609285120765E-80
TG 60 g=20 -1.7978145574390922043882449461393636531257461837014E-80 
5.1181820841716062173064705048327347180609285120765E-80
TG 61 g=20 -1.7978145574390922043882449461393636531257461837014E-80 
5.1181820841716062173064705048327347180609285120765E-80
TG 62 g=20 1.7978145574390922043882449461393636531257461837014E-80 
-5.1181820841716062173064705048327347180609285120765E-80
TG 63 g=20 1.7978145574390922043882449461393636531257461837014E-80 
-5.1181820841716062173064705048327347180609285120765E-80
TG 64 g=20 1.7978145574390922043882449461393636531257461837014E-80 
-5.1181820841716062173064705048327347180609285120765E-80
TG 65 g=20 -1.7978145574390922043882449461393636531257461837014E-80 
5.1181820841716062173064705048327347180609285120765E-80
TG 66 g=20 -1.7978145574390922043882449461393636531257461837014E-80 
5.1181820841716062173064705048327347180609285120765E-80
TG 67 g=20 -1.7978145574390922043882449461393636531257461837014E-80 
5.1181820841716062173064705048327347180609285120765E-80
TG 68 g=20 1.7978145574390922043882449461393636531257461837014E-80 
-5.1181820841716062173064705048327347180609285120765E-80
TG 69 g=20 1.7978145574390922043882449461393636531257461837014E-80 
-5.1181820841716062173064705048327347180609285120765E-80
TG 70 g=20 -1.7978145574390922043882449461393636531257461837014E-80 
5.1181820841716062173064705048327347180609285120765E-80
TG 71 g=20 5.9927151914636406812941498204645455104191539456712E-81 
-1.7060606947238687391021568349442449060203095040255E-80
TG 73 g=20 5.9927151914636406812941498204645455104191539456712E-81 
-1.7060606947238687391021568349442449060203095040255E-80
TG 74 g=20 -5.9927151914636406812941498204645455104191539456712E-81 
1.7060606947238687391021568349442449060203095040255E-80
TG 75 g=20 5.9927151914636406812941498204645455104191539456712E-81 
-1.7060606947238687391021568349442449060203095040255E-80
TG 76 g=20 -5.9927151914636406812941498204645455104191539456712E-81 
1.7060606947238687391021568349442449060203095040255E-80
TG 78 g=20 -1.9975717304878802270980499401548485034730513152237E-81 
5.6868689824128957970071894498141496867343650134183E-81
TG 79 g=20 -5.9927151914636406812941498204645455104191539456712E-81 
1.7060606947238687391021568349442449060203095040255E-80
TG 81 g=20 -5.9927151914636406812941498204645455104191539456712E-81 
1.7060606947238687391021568349442449060203095040255E-80
TG 82 g=20 5.9927151914636406812941498204645455104191539456712E-81 
-1.7060606947238687391021568349442449060203095040255E-80
TG 83 g=20 -5.9927151914636406812941498204645455104191539456712E-81 
1.7060606947238687391021568349442449060203095040255E-80
TG 84 g=20 5.9927151914636406812941498204645455104191539456712E-81 
-1.7060606947238687391021568349442449060203095040255E-80
TG 1 g=60 0.00000000000000000000000000000000000000000000000000 
0.00000000000000000000000000000000000000000000000000
TG 2 g=60 0.00000000000000000000000000000000000000000000000000 
0.00000000000000000000000000000000000000000000000000
TG 3 g=60 0.00000000000000000000000000000000000000000000000000 
0.00000000000000000000000000000000000000000000000000
TG 4 g=60 0.00000000000000000000000000000000000000000000000000 
0.00000000000000000000000000000000000000000000000000
TG 5 g=60 0.00000000000000000000000000000000000000000000000000 
0.00000000000000000000000000000000000000000000000000
TG 6 g=60 0.00000000000000000000000000000000000000000000000000 
0.00000000000000000000000000000000000000000000000000
TG 7 g=60 0.00000000000000000000000000000000000000000000000000 
0.00000000000000000000000000000000000000000000000000
TG 9 g=60 0.00000000000000000000000000000000000000000000000000 
0.00000000000000000000000000000000000000000000000000
TG 10 g=60 0.00000000000000000000000000000000000000000000000000 
0.00000000000000000000000000000000000000000000000000
TG 11 g=60 0.00000000000000000000000000000000000000000000000000 
0.00000000000000000000000000000000000000000000000000
TG 12 g=60 0.00000000000000000000000000000000000000000000000000 
0.00000000000000000000000000000000000000000000000000
TG 13 g=60 0.00000000000000000000000000000000000000000000000000 
0.00000000000000000000000000000000000000000000000000
TG 14 g=60 0.00000000000000000000000000000000000000000000000000 
0.00000000000000000000000000000000000000000000000000
TG 15 g=60 0.00000000000000000000000000000000000000000000000000 
0.00000000000000000000000000000000000000000000000000
TG 16 g=60 0.00000000000000000000000000000000000000000000000000 
0.00000000000000000000000000000000000000000000000000
TG 18 g=60 0.00000000000000000000000000000000000000000000000000 
0.00000000000000000000000000000000000000000000000000
TG 19 g=60 0.00000000000000000000000000000000000000000000000000 
0.00000000000000000000000000000000000000000000000000
TG 20 g=60 0.00000000000000000000000000000000000000000000000000 
0.00000000000000000000000000000000000000000000000000
TG 21 g=60 0.00000000000000000000000000000000000000000000000000 
0.00000000000000000000000000000000000000000000000000
TG 22 g=60 0.00000000000000000000000000000000000000000000000000 
0.00000000000000000000000000000000000000000000000000
TG 23 g=60 0.00000000000000000000000000000000000000000000000000 
0.00000000000000000000000000000000000000000000000000
TG 24 g=60 0.00000000000000000000000000000000000000000000000000 
0.00000000000000000000000000000000000000000000000000
TG 25 g=60 0.00000000000000000000000000000000000000000000000000 
0.00000000000000000000000000000000000000000000000000
TG 27 g=60 0.00000000000000000000000000000000000000000000000000 
0.00000000000000000000000000000000000000000000000000
TG 28 g=60 0.00000000000000000000000000000000000000000000000000 
0.00000000000000000000000000000000000000000000000000
TG 29 g=60 0.00000000000000000000000000000000000000000000000000 
0.00000000000000000000000000000000000000000000000000
TG 30 g=60 0.00000000000000000000000000000000000000000000000000 
0.00000000000000000000000000000000000000000000000000
TG 31 g=60 0.00000000000000000000000000000000000000000000000000 
0.00000000000000000000000000000000000000000000000000
TG 32 g=60 0.00000000000000000000000000000000000000000000000000 
0.00000000000000000000000000000000000000000000000000
TG 33 g=60 0.00000000000000000000000000000000000000000000000000 
0.00000000000000000000000000000000000000000000000000
TG 34 g=60 0.00000000000000000000000000000000000000000000000000 
0.00000000000000000000000000000000000000000000000000
TG 35 g=60 0.00000000000000000000000000000000000000000000000000 
0.00000000000000000000000000000000000000000000000000
TG 36 g=60 0.00000000000000000000000000000000000000000000000000 
0.00000000000000000000000000000000000000000000000000
TG 37 g=60 -0.00000000000000000000000000000000000000000000000000 
0.00000000000000000000000000000000000000000000000000
TG 38 g=60 0.00000000000000000000000000000000000000000000000000 
0.00000000000000000000000000000000000000000000000000
TG 39 g=60 0.00000000000000000000000000000000000000000000000000 
0.00000000000000000000000000000000000000000000000000
TG 40 g=60 0.00000000000000000000000000000000000000000000000000 
0.00000000000000000000000000000000000000000000000000
TG 41 g=60 0.00000000000000000000000000000000000000000000000000 
0.00000000000000000000000000000000000000000000000000
TG 42 g=60 0.00000000000000000000000000000000000000000000000000 
-0.00000000000000000000000000000000000000000000000000
TG 44 g=60 0.00000000000000000000000000000000000000000000000000 
0.00000000000000000000000000000000000000000000000000
TG 45 g=60 -0.00000000000000000000000000000000000000000000000000 
0.00000000000000000000000000000000000000000000000000
TG 47 g=60 0.00000000000000000000000000000000000000000000000000 
-0.00000000000000000000000000000000000000000000000000
TG 48 g=60 0.00000000000000000000000000000000000000000000000000 
0.00000000000000000000000000000000000000000000000000
TG 49 g=60 0.00000000000000000000000000000000000000000000000000 
-0.00000000000000000000000000000000000000000000000000
TG 50 g=60 0.00000000000000000000000000000000000000000000000000 
0.00000000000000000000000000000000000000000000000000
TG 51 g=60 -0.00000000000000000000000000000000000000000000000000 
0.00000000000000000000000000000000000000000000000000
TG 52 g=60 -0.00000000000000000000000000000000000000000000000000 
0.00000000000000000000000000000000000000000000000000
TG 54 g=60 0.00000000000000000000000000000000000000000000000000 
0.00000000000000000000000000000000000000000000000000
TG 55 g=60 -0.00000000000000000000000000000000000000000000000000 
0.00000000000000000000000000000000000000000000000000
TG 56 g=60 -0.00000000000000000000000000000000000000000000000000 
0.00000000000000000000000000000000000000000000000000
TG 57 g=60 0.00000000000000000000000000000000000000000000000000 
0.00000000000000000000000000000000000000000000000000
TG 58 g=60 0.00000000000000000000000000000000000000000000000000 
-0.00000000000000000000000000000000000000000000000000
TG 59 g=60 0.00000000000000000000000000000000000000000000000000 
0.00000000000000000000000000000000000000000000000000
TG 60 g=60 0.00000000000000000000000000000000000000000000000000 
0.00000000000000000000000000000000000000000000000000
TG 61 g=60 -0.00000000000000000000000000000000000000000000000000 
0.00000000000000000000000000000000000000000000000000
TG 62 g=60 0.00000000000000000000000000000000000000000000000000 
0.00000000000000000000000000000000000000000000000000
TG 63 g=60 0.00000000000000000000000000000000000000000000000000 
0.00000000000000000000000000000000000000000000000000
TG 64 g=60 -0.00000000000000000000000000000000000000000000000000 
0.00000000000000000000000000000000000000000000000000
TG 65 g=60 0.00000000000000000000000000000000000000000000000000 
0.00000000000000000000000000000000000000000000000000
TG 66 g=60 -0.00000000000000000000000000000000000000000000000000 
0.00000000000000000000000000000000000000000000000000
TG 67 g=60 0.00000000000000000000000000000000000000000000000000 
0.00000000000000000000000000000000000000000000000000
TG 68 g=60 0.00000000000000000000000000000000000000000000000000 
0.00000000000000000000000000000000000000000000000000
TG 69 g=60 0.00000000000000000000000000000000000000000000000000 
-0.00000000000000000000000000000000000000000000000000
TG 70 g=60 0.00000000000000000000000000000000000000000000000000 
0.00000000000000000000000000000000000000000000000000
TG 71 g=60 0.00000000000000000000000000000000000000000000000000 
0.00000000000000000000000000000000000000000000000000
TG 72 g=60 0.00000000000000000000000000000000000000000000000000 
0.00000000000000000000000000000000000000000000000000
TG 73 g=60 0.00000000000000000000000000000000000000000000000000 
0.00000000000000000000000000000000000000000000000000
TG 74 g=60 0.00000000000000000000000000000000000000000000000000 
0.00000000000000000000000000000000000000000000000000
TG 75 g=60 0.00000000000000000000000000000000000000000000000000 
0.00000000000000000000000000000000000000000000000000
TG 76 g=60 0.00000000000000000000000000000000000000000000000000 
0.00000000000000000000000000000000000000000000000000
TG 77 g=60 0.00000000000000000000000000000000000000000000000000 
0.00000000000000000000000000000000000000000000000000
TG 78 g=60 0.00000000000000000000000000000000000000000000000000 
0.00000000000000000000000000000000000000000000000000
TG 79 g=60 0.00000000000000000000000000000000000000000000000000 
0.00000000000000000000000000000000000000000000000000
TG 80 g=60 0.00000000000000000000000000000000000000000000000000 
0.00000000000000000000000000000000000000000000000000
TG 81 g=60 0.00000000000000000000000000000000000000000000000000 
0.00000000000000000000000000000000000000000000000000
TG 82 g=60 0.00000000000000000000000000000000000000000000000000 
0.00000000000000000000000000000000000000000000000000
TG 83 g=60 0.00000000000000000000000000000000000000000000000000 
0.00000000000000000000000000000000000000000000000000
TG 84 g=60 0.00000000000000000000000000000000000000000000000000 
0.00000000000000000000000000000000000000000000000000
TG 86 g=60 0.00000000000000000000000000000000000000000000000000 
0.00000000000000000000000000000000000000000000000000
DONE
