BASE 6 11  M = 132  ds = [ 1, 2, 3, 4, 6, 11, 12, 22, 33, 44, 66, 132 ]
#isotropic = 21 (2N-1 = 21)
#cosets = 288
#monomials = 132
a0 table built
FORM -2:
  c_eta(0)[1] (trivial) = 1.03353570931E-71 + -1.63033881083E-71 i   (half: 
5.16767854654E-72)
  c_eta(0)[2] = -1.65472236077E-71 + -3.54194187465E-72 i   (half: 
-8.27361180384E-72)
  c_eta(0)[3] = -1.65472234773E-71 + -3.54194186992E-72 i   (half: 
-8.27361173867E-72)
  c_eta(0)[4] = -1.65472236390E-71 + -3.54194185975E-72 i   (half: 
-8.27361181948E-72)
  c_eta(0)[5] = -1.65472235203E-71 + -3.54194190032E-72 i   (half: 
-8.27361176017E-72)
  c_eta(0)[6] = -1.65472235096E-71 + -3.54194183273E-72 i   (half: 
-8.27361175481E-72)
  c_eta(0)[7] = -1.65472234991E-71 + -3.54194184303E-72 i   (half: 
-8.27361174954E-72)
  c_eta(0)[8] = -1.65472235027E-71 + -3.54194184471E-72 i   (half: 
-8.27361175135E-72)
  c_eta(0)[9] = -1.65472235679E-71 + -3.54194186390E-72 i   (half: 
-8.27361178397E-72)
  c_eta(0)[10] = -1.65472235207E-71 + -3.54194192191E-72 i   (half: 
-8.27361176036E-72)
  c_eta(0)[11] = -1.65472234924E-71 + -3.54194188404E-72 i   (half: 
-8.27361174619E-72)
  c_eta(0)[12] = -1.65472235405E-71 + -3.54194195364E-72 i   (half: 
-8.27361177027E-72)
  c_eta(0)[13] = -1.65472235500E-71 + -3.54194191668E-72 i   (half: 
-8.27361177500E-72)
  c_eta(0)[14] = -1.65472236249E-71 + -3.54194187379E-72 i   (half: 
-8.27361181243E-72)
  c_eta(0)[15] = -1.65472235703E-71 + -3.54194191862E-72 i   (half: 
-8.27361178515E-72)
  c_eta(0)[16] = -1.65472235167E-71 + -3.54194187684E-72 i   (half: 
-8.27361175836E-72)
  c_eta(0)[17] = -1.65472234904E-71 + -3.54194182996E-72 i   (half: 
-8.27361174521E-72)
  c_eta(0)[18] = -1.65472235198E-71 + -3.54194184208E-72 i   (half: 
-8.27361175991E-72)
  c_eta(0)[19] = -1.65472236573E-71 + -3.54194186740E-72 i   (half: 
-8.27361182865E-72)
  c_eta(0)[20] = -1.65472235626E-71 + -3.54194183679E-72 i   (half: 
-8.27361178132E-72)
  c_eta(0)[21] = -1.65472235414E-71 + -3.54194186250E-72 i   (half: 
-8.27361177069E-72)
COSET -2 c=1 d=0 gcd=1 a0=(0.5000000000,-0.5000000000) 
rho=(0.007575757576,0.007575757576) contrib=(0.007575757576,-1.603330378E-72)
COSET -2 c=1 d=1 gcd=1 a0=(0.5000000000,-0.5000000000) 
rho=(0.007575757576,0.007575757576) contrib=(0.007575757576,-2.245443437E-77)
COSET -2 c=1 d=2 gcd=1 a0=(0.5000000000,-0.5000000000) 
rho=(0.007575757576,0.007575757576) contrib=(0.007575757576,-3.804455615E-79)
COSET -2 c=1 d=3 gcd=1 a0=(0.5000000000,-0.5000000000) 
rho=(0.007575757576,0.007575757576) contrib=(0.007575757576,2.434289343E-80)
COSET -2 c=1 d=4 gcd=1 a0=(0.5000000000,-0.5000000000) 
rho=(0.007575757576,0.007575757576) contrib=(0.007575757576,-3.661017831E-80)
COSET -2 c=1 d=5 gcd=1 a0=(0.5000000000,-0.5000000000) 
rho=(0.007575757576,0.007575757576) contrib=(0.007575757576,3.226551492E-80)
COSET -2 c=1 d=6 gcd=1 a0=(0.5000000000,-0.5000000000) 
rho=(0.007575757576,0.007575757576) contrib=(0.007575757576,2.740971465E-80)
COSET -2 c=1 d=7 gcd=1 a0=(0.5000000000,-0.5000000000) 
rho=(0.007575757576,0.007575757576) contrib=(0.007575757576,-8.018459648E-81)
COSET -2 c=1 d=8 gcd=1 a0=(0.5000000000,-0.5000000000) 
rho=(0.007575757576,0.007575757576) contrib=(0.007575757576,1.047830583E-80)
COSET -2 c=1 d=9 gcd=1 a0=(0.5000000000,-0.5000000000) 
rho=(0.007575757576,0.007575757576) contrib=(0.007575757576,1.277842175E-82)
COSET -2 c=1 d=10 gcd=1 a0=(0.5000000000,-0.5000000000) 
rho=(0.007575757576,0.007575757576) contrib=(0.007575757576,2.779306731E-81)
COSET -2 c=1 d=11 gcd=1 a0=(0.5000000000,-0.5000000000) 
rho=(0.007575757576,0.007575757576) contrib=(0.007575757576,3.034875166E-81)
COSET -2 c=1 d=12 gcd=1 a0=(0.5000000000,-0.5000000000) 
rho=(0.007575757576,0.007575757576) contrib=(0.007575757576,-1.827314310E-80)
COSET -2 c=1 d=13 gcd=1 a0=(0.5000000000,-0.5000000000) 
rho=(0.007575757576,0.007575757576) contrib=(0.007575757576,-2.635549486E-80)
COSET -2 c=1 d=14 gcd=1 a0=(0.5000000000,-0.5000000000) 
rho=(0.007575757576,0.007575757576) contrib=(0.007575757576,3.322389655E-81)
COSET -2 c=1 d=15 gcd=1 a0=(0.5000000000,-0.5000000000) 
rho=(0.007575757576,0.007575757576) contrib=(0.007575757576,-5.750289787E-81)
COSET -2 c=1 d=16 gcd=1 a0=(0.5000000000,-0.5000000000) 
rho=(0.007575757576,0.007575757576) contrib=(0.007575757576,3.258497546E-81)
COSET -2 c=1 d=17 gcd=1 a0=(0.5000000000,-0.5000000000) 
rho=(0.007575757576,0.007575757576) contrib=(0.007575757576,-2.552489745E-80)
COSET -2 c=1 d=18 gcd=1 a0=(0.5000000000,-0.5000000000) 
rho=(0.007575757576,0.007575757576) contrib=(0.007575757576,-3.724909940E-80)
COSET -2 c=1 d=19 gcd=1 a0=(0.5000000000,-0.5000000000) 
rho=(0.007575757576,0.007575757576) contrib=(0.007575757576,-3.948532320E-80)
COSET -2 c=1 d=20 gcd=1 a0=(0.5000000000,-0.5000000000) 
rho=(0.007575757576,0.007575757576) contrib=(0.007575757576,2.194693935E-80)
COSET -2 c=1 d=21 gcd=1 a0=(0.5000000000,-0.5000000000) 
rho=(0.007575757576,0.007575757576) contrib=(0.007575757576,2.089271956E-80)
COSET -2 c=1 d=22 gcd=1 a0=(0.5000000000,-0.5000000000) 
rho=(0.007575757576,0.007575757576) contrib=(0.007575757576,-2.750555282E-80)
COSET -2 c=1 d=23 gcd=1 a0=(0.5000000000,-0.5000000000) 
rho=(0.007575757576,0.007575757576) contrib=(0.007575757576,2.459846187E-80)
COSET -2 c=1 d=24 gcd=1 a0=(0.5000000000,-0.5000000000) 
rho=(0.007575757576,0.007575757576) contrib=(0.007575757576,-8.037627280E-80)
COSET -2 c=1 d=25 gcd=1 a0=(0.5000000000,-0.5000000000) 
rho=(0.007575757576,0.007575757576) contrib=(0.007575757576,0.0000000000)
COSET -2 c=1 d=26 gcd=1 a0=(0.5000000000,-0.5000000000) 
rho=(0.007575757576,0.007575757576) contrib=(0.007575757576,5.680008468E-80)
COSET -2 c=1 d=27 gcd=1 a0=(0.5000000000,-0.5000000000) 
rho=(0.007575757576,0.007575757576) contrib=(0.007575757576,-3.060432009E-80)
COSET -2 c=1 d=28 gcd=1 a0=(0.5000000000,-0.5000000000) 
rho=(0.007575757576,0.007575757576) contrib=(0.007575757576,2.364008024E-81)
COSET -2 c=1 d=29 gcd=1 a0=(0.5000000000,-0.5000000000) 
rho=(0.007575757576,0.007575757576) contrib=(0.007575757576,1.464726593E-79)
COSET -2 c=1 d=30 gcd=1 a0=(0.5000000000,-0.5000000000) 
rho=(0.007575757576,0.007575757576) contrib=(0.007575757576,-2.606478576E-79)
COSET -2 c=1 d=31 gcd=1 a0=(0.5000000000,-0.5000000000) 
rho=(0.007575757576,0.007575757576) contrib=(0.007575757576,1.066998216E-80)
COSET -2 c=1 d=32 gcd=1 a0=(0.5000000000,-0.5000000000) 
rho=(0.007575757576,0.007575757576) contrib=(0.007575757576,-8.366671641E-80)
COSET -2 c=1 d=33 gcd=1 a0=(0.5000000000,-0.5000000000) 
rho=(0.007575757576,0.007575757576) contrib=(0.007575757576,8.363477035E-80)
COSET -2 c=1 d=34 gcd=1 a0=(0.5000000000,-0.5000000000) 
rho=(0.007575757576,0.007575757576) contrib=(0.007575757576,4.025202851E-81)
COSET -2 c=1 d=35 gcd=1 a0=(0.5000000000,-0.5000000000) 
rho=(0.007575757576,0.007575757576) contrib=(0.007575757576,3.637377751E-79)
COSET -2 c=1 d=36 gcd=1 a0=(0.5000000000,-0.5000000000) 
rho=(0.007575757576,0.007575757576) contrib=(0.007575757576,2.110995273E-79)
COSET -2 c=1 d=37 gcd=1 a0=(0.5000000000,-0.5000000000) 
rho=(0.007575757576,0.007575757576) contrib=(0.007575757576,4.836632632E-80)
COSET -2 c=1 d=38 gcd=1 a0=(0.5000000000,-0.5000000000) 
rho=(0.007575757576,0.007575757576) contrib=(0.007575757576,1.046552741E-79)
COSET -2 c=1 d=39 gcd=1 a0=(0.5000000000,-0.5000000000) 
rho=(0.007575757576,0.007575757576) contrib=(0.007575757576,-4.855800265E-80)
COSET -2 c=1 d=40 gcd=1 a0=(0.5000000000,-0.5000000000) 
rho=(0.007575757576,0.007575757576) contrib=(0.007575757576,9.360193932E-80)
COSET -2 c=1 d=41 gcd=1 a0=(0.5000000000,-0.5000000000) 
rho=(0.007575757576,0.007575757576) contrib=(0.007575757576,3.095572669E-79)
COSET -2 c=1 d=42 gcd=1 a0=(0.5000000000,-0.5000000000) 
rho=(0.007575757576,0.007575757576) contrib=(0.007575757576,3.130713329E-79)
COSET -2 c=1 d=43 gcd=1 a0=(0.5000000000,-0.5000000000) 
rho=(0.007575757576,0.007575757576) contrib=(0.007575757576,2.280948282E-79)
COSET -2 c=1 d=44 gcd=1 a0=(0.5000000000,-0.5000000000) 
rho=(0.007575757576,0.007575757576) contrib=(0.007575757576,-1.999823004E-79)
COSET -2 c=1 d=45 gcd=1 a0=(0.5000000000,-0.5000000000) 
rho=(0.007575757576,0.007575757576) contrib=(0.007575757576,1.110444850E-79)
COSET -2 c=1 d=46 gcd=1 a0=(0.5000000000,-0.5000000000) 
rho=(0.007575757576,0.007575757576) contrib=(0.007575757576,6.283788895E-80)
COSET -2 c=1 d=47 gcd=1 a0=(0.5000000000,-0.5000000000) 
rho=(0.007575757576,0.007575757576) contrib=(0.007575757576,2.804863574E-80)
COSET -2 c=1 d=48 gcd=1 a0=(0.5000000000,-0.5000000000) 
rho=(0.007575757576,0.007575757576) contrib=(0.007575757576,4.782643800E-79)
COSET -2 c=1 d=49 gcd=1 a0=(0.5000000000,-0.5000000000) 
rho=(0.007575757576,0.007575757576) contrib=(0.007575757576,-2.427900132E-81)
COSET -2 c=1 d=50 gcd=1 a0=(0.5000000000,-0.5000000000) 
rho=(0.007575757576,0.007575757576) contrib=(0.007575757576,2.076493534E-81)
COSET -2 c=1 d=51 gcd=1 a0=(0.5000000000,-0.5000000000) 
rho=(0.007575757576,0.007575757576) contrib=(0.007575757576,1.530216005E-79)
COSET -2 c=1 d=52 gcd=1 a0=(0.5000000000,-0.5000000000) 
rho=(0.007575757576,0.007575757576) contrib=(0.007575757576,2.884089789E-79)
COSET -2 c=1 d=53 gcd=1 a0=(0.5000000000,-0.5000000000) 
rho=(0.007575757576,0.007575757576) contrib=(0.007575757576,8.599877838E-80)
COSET -2 c=1 d=54 gcd=1 a0=(0.5000000000,-0.5000000000) 
rho=(0.007575757576,0.007575757576) contrib=(0.007575757576,-8.672714842E-79)
COSET -2 c=1 d=55 gcd=1 a0=(0.5000000000,-0.5000000000) 
rho=(0.007575757576,0.007575757576) contrib=(0.007575757576,2.391481630E-79)
COSET -2 c=1 d=56 gcd=1 a0=(0.5000000000,-0.5000000000) 
rho=(0.007575757576,0.007575757576) contrib=(0.007575757576,4.466058401E-80)
COSET -2 c=1 d=57 gcd=1 a0=(0.5000000000,-0.5000000000) 
rho=(0.007575757576,0.007575757576) contrib=(0.007575757576,1.159002853E-79)
COSET -2 c=1 d=58 gcd=1 a0=(0.5000000000,-0.5000000000) 
rho=(0.007575757576,0.007575757576) contrib=(0.007575757576,4.609496186E-79)
COSET -2 c=1 d=59 gcd=1 a0=(0.5000000000,-0.5000000000) 
rho=(0.007575757576,0.007575757576) contrib=(0.007575757576,1.966918568E-79)
COSET -2 c=1 d=60 gcd=1 a0=(0.5000000000,-0.5000000000) 
rho=(0.007575757576,0.007575757576) contrib=(0.007575757576,7.113747388E-79)
COSET -2 c=1 d=61 gcd=1 a0=(0.5000000000,-0.5000000000) 
rho=(0.007575757576,0.007575757576) contrib=(0.007575757576,4.762517786E-79)
COSET -2 c=1 d=62 gcd=1 a0=(0.5000000000,-0.5000000000) 
rho=(0.007575757576,0.007575757576) contrib=(0.007575757576,3.015707533E-80)
COSET -2 c=1 d=63 gcd=1 a0=(0.5000000000,-0.5000000000) 
rho=(0.007575757576,0.007575757576) contrib=(0.007575757576,-2.366883169E-79)
COSET -2 c=1 d=64 gcd=1 a0=(0.5000000000,-0.5000000000) 
rho=(0.007575757576,0.007575757576) contrib=(0.007575757576,-7.440236064E-80)
COSET -2 c=1 d=65 gcd=1 a0=(0.5000000000,-0.5000000000) 
rho=(0.007575757576,0.007575757576) contrib=(0.007575757576,-1.718378265E-78)
COSET -2 c=1 d=66 gcd=1 a0=(0.5000000000,-0.5000000000) 
rho=(0.007575757576,0.007575757576) contrib=(0.007575757576,4.833597757E-78)
COSET -2 c=1 d=67 gcd=1 a0=(0.5000000000,-0.5000000000) 
rho=(0.007575757576,0.007575757576) contrib=(0.007575757576,5.858267451E-79)
COSET -2 c=1 d=68 gcd=1 a0=(0.5000000000,-0.5000000000) 
rho=(0.007575757576,0.007575757576) contrib=(0.007575757576,4.318467630E-79)
COSET -2 c=1 d=69 gcd=1 a0=(0.5000000000,-0.5000000000) 
rho=(0.007575757576,0.007575757576) contrib=(0.007575757576,-9.986336597E-80)
COSET -2 c=1 d=70 gcd=1 a0=(0.5000000000,-0.5000000000) 
rho=(0.007575757576,0.007575757576) contrib=(0.007575757576,1.221936580E-79)
COSET -2 c=1 d=71 gcd=1 a0=(0.5000000000,-0.5000000000) 
rho=(0.007575757576,0.007575757576) contrib=(0.007575757576,1.014127496E-78)
COSET -2 c=1 d=72 gcd=1 a0=(0.5000000000,-0.5000000000) 
rho=(0.007575757576,0.007575757576) contrib=(0.007575757576,-1.360262995E-79)
COSET -2 c=1 d=73 gcd=1 a0=(0.5000000000,-0.5000000000) 
rho=(0.007575757576,0.007575757576) contrib=(0.007575757576,-9.368499906E-79)
COSET -2 c=1 d=74 gcd=1 a0=(0.5000000000,-0.5000000000) 
rho=(0.007575757576,0.007575757576) contrib=(0.007575757576,-1.280397859E-79)
COSET -2 c=1 d=75 gcd=1 a0=(0.5000000000,-0.5000000000) 
rho=(0.007575757576,0.007575757576) contrib=(0.007575757576,-1.047830583E-79)
COSET -2 c=1 d=76 gcd=1 a0=(0.5000000000,-0.5000000000) 
rho=(0.007575757576,0.007575757576) contrib=(0.007575757576,4.616843778E-79)
COSET -2 c=1 d=77 gcd=1 a0=(0.5000000000,-0.5000000000) 
rho=(0.007575757576,0.007575757576) contrib=(0.007575757576,-4.504393667E-80)
COSET -2 c=1 d=78 gcd=1 a0=(0.5000000000,-0.5000000000) 
rho=(0.007575757576,0.007575757576) contrib=(0.007575757576,1.166669906E-78)
COSET -2 c=1 d=79 gcd=1 a0=(0.5000000000,-0.5000000000) 
rho=(0.007575757576,0.007575757576) contrib=(0.007575757576,-6.691101088E-79)
COSET -2 c=1 d=80 gcd=1 a0=(0.5000000000,-0.5000000000) 
rho=(0.007575757576,0.007575757576) contrib=(0.007575757576,3.259136467E-79)
COSET -2 c=1 d=81 gcd=1 a0=(0.5000000000,-0.5000000000) 
rho=(0.007575757576,0.007575757576) contrib=(0.007575757576,3.232940702E-79)
COSET -2 c=1 d=82 gcd=1 a0=(0.5000000000,-0.5000000000) 
rho=(0.007575757576,0.007575757576) contrib=(0.007575757576,-8.296390321E-79)
COSET -2 c=1 d=83 gcd=1 a0=(0.5000000000,-0.5000000000) 
rho=(0.007575757576,0.007575757576) contrib=(0.007575757576,2.060201047E-79)
COSET -2 c=1 d=84 gcd=1 a0=(0.5000000000,-0.5000000000) 
rho=(0.007575757576,0.007575757576) contrib=(0.007575757576,1.001572697E-78)
COSET -2 c=1 d=85 gcd=1 a0=(0.5000000000,-0.5000000000) 
rho=(0.007575757576,0.007575757576) contrib=(0.007575757576,-1.160376533E-78)
COSET -2 c=1 d=86 gcd=1 a0=(0.5000000000,-0.5000000000) 
rho=(0.007575757576,0.007575757576) contrib=(0.007575757576,5.165676992E-80)
COSET -2 c=1 d=87 gcd=1 a0=(0.5000000000,-0.5000000000) 
rho=(0.007575757576,0.007575757576) contrib=(0.007575757576,1.124501114E-80)
COSET -2 c=1 d=88 gcd=1 a0=(0.5000000000,-0.5000000000) 
rho=(0.007575757576,0.007575757576) contrib=(0.007575757576,2.302032678E-79)
COSET -2 c=1 d=89 gcd=1 a0=(0.5000000000,-0.5000000000) 
rho=(0.007575757576,0.007575757576) contrib=(0.007575757576,-2.345159852E-79)
COSET -2 c=1 d=90 gcd=1 a0=(0.5000000000,-0.5000000000) 
rho=(0.007575757576,0.007575757576) contrib=(0.007575757576,4.281410207E-79)
COSET -2 c=1 d=91 gcd=1 a0=(0.5000000000,-0.5000000000) 
rho=(0.007575757576,0.007575757576) contrib=(0.007575757576,1.419714602E-78)
COSET -2 c=1 d=92 gcd=1 a0=(0.5000000000,-0.5000000000) 
rho=(0.007575757576,0.007575757576) contrib=(0.007575757576,3.843110341E-79)
COSET -2 c=1 d=93 gcd=1 a0=(0.5000000000,-0.5000000000) 
rho=(0.007575757576,0.007575757576) contrib=(0.007575757576,-1.756074609E-79)
COSET -2 c=1 d=94 gcd=1 a0=(0.5000000000,-0.5000000000) 
rho=(0.007575757576,0.007575757576) contrib=(0.007575757576,-3.047014666E-79)
COSET -2 c=1 d=95 gcd=1 a0=(0.5000000000,-0.5000000000) 
rho=(0.007575757576,0.007575757576) contrib=(0.007575757576,-6.502299907E-79)
COSET -2 c=1 d=96 gcd=1 a0=(0.5000000000,-0.5000000000) 
rho=(0.007575757576,0.007575757576) contrib=(0.007575757576,-4.743030693E-79)
COSET -2 c=1 d=97 gcd=1 a0=(0.5000000000,-0.5000000000) 
rho=(0.007575757576,0.007575757576) contrib=(0.007575757576,-1.298990463E-78)
COSET -2 c=1 d=98 gcd=1 a0=(0.5000000000,-0.5000000000) 
rho=(0.007575757576,0.007575757576) contrib=(0.007575757576,-8.019418029E-79)
COSET -2 c=1 d=99 gcd=1 a0=(0.5000000000,-0.5000000000) 
rho=(0.007575757576,0.007575757576) contrib=(0.007575757576,-8.599877838E-80)
COSET -2 c=1 d=100 gcd=1 a0=(0.5000000000,-0.5000000000) 
rho=(0.007575757576,0.007575757576) contrib=(0.007575757576,7.986513593E-81)
COSET -2 c=1 d=101 gcd=1 a0=(0.5000000000,-0.5000000000) 
rho=(0.007575757576,0.007575757576) contrib=(0.007575757576,1.891749502E-78)
COSET -2 c=1 d=102 gcd=1 a0=(0.5000000000,-0.5000000000) 
rho=(0.007575757576,0.007575757576) contrib=(0.007575757576,-7.237059158E-79)
COSET -2 c=1 d=103 gcd=1 a0=(0.5000000000,-0.5000000000) 
rho=(0.007575757576,0.007575757576) contrib=(0.007575757576,-1.187147327E-78)
COSET -2 c=1 d=104 gcd=1 a0=(0.5000000000,-0.5000000000) 
rho=(0.007575757576,0.007575757576) contrib=(0.007575757576,5.412300532E-79)
COSET -2 c=1 d=105 gcd=1 a0=(0.5000000000,-0.5000000000) 
rho=(0.007575757576,0.007575757576) contrib=(0.007575757576,4.905636110E-79)
COSET -2 c=1 d=106 gcd=1 a0=(0.5000000000,-0.5000000000) 
rho=(0.007575757576,0.007575757576) contrib=(0.007575757576,3.245719124E-80)
COSET -2 c=1 d=107 gcd=1 a0=(0.5000000000,-0.5000000000) 
rho=(0.007575757576,0.007575757576) contrib=(0.007575757576,2.673245830E-79)
COSET -2 c=1 d=108 gcd=1 a0=(0.5000000000,-0.5000000000) 
rho=(0.007575757576,0.007575757576) contrib=(0.007575757576,-1.256182750E-78)
COSET -2 c=1 d=109 gcd=1 a0=(0.5000000000,-0.5000000000) 
rho=(0.007575757576,0.007575757576) contrib=(0.007575757576,1.864116165E-78)
COSET -2 c=1 d=110 gcd=1 a0=(0.5000000000,-0.5000000000) 
rho=(0.007575757576,0.007575757576) contrib=(0.007575757576,-1.416168590E-79)
COSET -2 c=1 d=111 gcd=1 a0=(0.5000000000,-0.5000000000) 
rho=(0.007575757576,0.007575757576) contrib=(0.007575757576,7.936677749E-79)
COSET -2 c=1 d=112 gcd=1 a0=(0.5000000000,-0.5000000000) 
rho=(0.007575757576,0.007575757576) contrib=(0.007575757576,-6.896514218E-79)
COSET -2 c=1 d=113 gcd=1 a0=(0.5000000000,-0.5000000000) 
rho=(0.007575757576,0.007575757576) contrib=(0.007575757576,1.022273740E-79)
COSET -2 c=1 d=114 gcd=1 a0=(0.5000000000,-0.5000000000) 
rho=(0.007575757576,0.007575757576) contrib=(0.007575757576,3.899974318E-79)
COSET -2 c=1 d=115 gcd=1 a0=(0.5000000000,-0.5000000000) 
rho=(0.007575757576,0.007575757576) contrib=(0.007575757576,2.685640899E-78)
COSET -2 c=1 d=116 gcd=1 a0=(0.5000000000,-0.5000000000) 
rho=(0.007575757576,0.007575757576) contrib=(0.007575757576,-1.084249085E-79)
COSET -2 c=1 d=117 gcd=1 a0=(0.5000000000,-0.5000000000) 
rho=(0.007575757576,0.007575757576) contrib=(0.007575757576,-7.730306237E-79)
COSET -2 c=1 d=118 gcd=1 a0=(0.5000000000,-0.5000000000) 
rho=(0.007575757576,0.007575757576) contrib=(0.007575757576,1.360614402E-78)
COSET -2 c=1 d=119 gcd=1 a0=(0.5000000000,-0.5000000000) 
rho=(0.007575757576,0.007575757576) contrib=(0.007575757576,4.341947980E-78)
COSET -2 c=1 d=120 gcd=1 a0=(0.5000000000,-0.5000000000) 
rho=(0.007575757576,0.007575757576) contrib=(0.007575757576,-7.178278418E-80)
COSET -2 c=1 d=121 gcd=1 a0=(0.5000000000,-0.5000000000) 
rho=(0.007575757576,0.007575757576) contrib=(0.007575757576,9.885387065E-79)
COSET -2 c=1 d=122 gcd=1 a0=(0.5000000000,-0.5000000000) 
rho=(0.007575757576,0.007575757576) contrib=(0.007575757576,-3.654628620E-79)
COSET -2 c=1 d=123 gcd=1 a0=(0.5000000000,-0.5000000000) 
rho=(0.007575757576,0.007575757576) contrib=(0.007575757576,7.697401801E-79)
COSET -2 c=1 d=124 gcd=1 a0=(0.5000000000,-0.5000000000) 
rho=(0.007575757576,0.007575757576) contrib=(0.007575757576,-1.814663673E-78)
COSET -2 c=1 d=125 gcd=1 a0=(0.5000000000,-0.5000000000) 
rho=(0.007575757576,0.007575757576) contrib=(0.007575757576,5.303045026E-79)
COSET -2 c=1 d=126 gcd=1 a0=(0.5000000000,-0.5000000000) 
rho=(0.007575757576,0.007575757576) contrib=(0.007575757576,1.631293321E-78)
COSET -2 c=1 d=127 gcd=1 a0=(0.5000000000,-0.5000000000) 
rho=(0.007575757576,0.007575757576) contrib=(0.007575757576,1.443801927E-78)
COSET -2 c=1 d=128 gcd=1 a0=(0.5000000000,-0.5000000000) 
rho=(0.007575757576,0.007575757576) contrib=(0.007575757576,-1.120443965E-78)
COSET -2 c=1 d=129 gcd=1 a0=(0.5000000000,-0.5000000000) 
rho=(0.007575757576,0.007575757576) contrib=(0.007575757576,-5.224777193E-79)
COSET -2 c=1 d=130 gcd=1 a0=(0.5000000000,-0.5000000000) 
rho=(0.007575757576,0.007575757576) contrib=(0.007575757576,-1.253275659E-78)
COSET -2 c=1 d=131 gcd=1 a0=(0.5000000000,-0.5000000000) 
rho=(0.007575757576,0.007575757576) contrib=(0.007575757576,-3.459705428E-74)
COSET -2 c=3 d=1 gcd=3 a0=(0.5000000000,0.5000000000) 
rho=(0.02272727273,-0.02272727273) contrib=(0.02272727273,-9.949494274E-74)
COSET -2 c=3 d=2 gcd=3 a0=(0.5000000000,0.5000000000) 
rho=(0.02272727273,-0.02272727273) contrib=(0.02272727273,-5.538453273E-74)
COSET -2 c=3 d=4 gcd=3 a0=(0.5000000000,0.5000000000) 
rho=(0.02272727273,-0.02272727273) contrib=(0.02272727273,-6.236883923E-74)
COSET -2 c=3 d=5 gcd=3 a0=(0.5000000000,0.5000000000) 
rho=(0.02272727273,-0.02272727273) contrib=(0.02272727273,-1.564339857E-73)
COSET -2 c=3 d=7 gcd=3 a0=(0.5000000000,0.5000000000) 
rho=(0.02272727273,-0.02272727273) contrib=(0.02272727273,-4.542310631E-74)
COSET -2 c=3 d=8 gcd=3 a0=(0.5000000000,0.5000000000) 
rho=(0.02272727273,-0.02272727273) contrib=(0.02272727273,-8.867303698E-74)
COSET -2 c=3 d=10 gcd=3 a0=(0.5000000000,0.5000000000) 
rho=(0.02272727273,-0.02272727273) contrib=(0.02272727273,-4.905029710E-74)
COSET -2 c=3 d=11 gcd=3 a0=(0.5000000000,0.5000000000) 
rho=(0.02272727273,-0.02272727273) contrib=(0.02272727273,-4.871112976E-74)
COSET -2 c=3 d=13 gcd=3 a0=(0.5000000000,0.5000000000) 
rho=(0.02272727273,-0.02272727273) contrib=(0.02272727273,-2.240190720E-73)
COSET -2 c=3 d=14 gcd=3 a0=(0.5000000000,0.5000000000) 
rho=(0.02272727273,-0.02272727273) contrib=(0.02272727273,-1.005124390E-73)
COSET -2 c=3 d=16 gcd=3 a0=(0.5000000000,0.5000000000) 
rho=(0.02272727273,-0.02272727273) contrib=(0.02272727273,-3.584889271E-73)
COSET -2 c=3 d=17 gcd=3 a0=(0.5000000000,0.5000000000) 
rho=(0.02272727273,-0.02272727273) contrib=(0.02272727273,1.720324908E-74)
COSET -2 c=3 d=19 gcd=3 a0=(0.5000000000,0.5000000000) 
rho=(0.02272727273,-0.02272727273) contrib=(0.02272727273,2.103362404E-73)
COSET -2 c=3 d=20 gcd=3 a0=(0.5000000000,0.5000000000) 
rho=(0.02272727273,-0.02272727273) contrib=(0.02272727273,3.050640194E-73)
COSET -2 c=3 d=22 gcd=3 a0=(0.5000000000,0.5000000000) 
rho=(0.02272727273,-0.02272727273) contrib=(0.02272727273,-2.118624871E-73)
COSET -2 c=3 d=23 gcd=3 a0=(0.5000000000,0.5000000000) 
rho=(0.02272727273,-0.02272727273) contrib=(0.02272727273,8.654728479E-73)
COSET -2 c=3 d=25 gcd=3 a0=(0.5000000000,0.5000000000) 
rho=(0.02272727273,-0.02272727273) contrib=(0.02272727273,2.495946924E-73)
COSET -2 c=3 d=26 gcd=3 a0=(0.5000000000,0.5000000000) 
rho=(0.02272727273,-0.02272727273) contrib=(0.02272727273,-8.473934190E-73)
COSET -2 c=3 d=28 gcd=3 a0=(0.5000000000,0.5000000000) 
rho=(0.02272727273,-0.02272727273) contrib=(0.02272727273,-3.501573797E-73)
COSET -2 c=3 d=29 gcd=3 a0=(0.5000000000,0.5000000000) 
rho=(0.02272727273,-0.02272727273) contrib=(0.02272727273,-1.185541814E-72)
COSET -2 c=3 d=31 gcd=3 a0=(0.5000000000,0.5000000000) 
rho=(0.02272727273,-0.02272727273) contrib=(0.02272727273,3.078464344E-73)
COSET -2 c=3 d=32 gcd=3 a0=(0.5000000000,0.5000000000) 
rho=(0.02272727273,-0.02272727273) contrib=(0.02272727273,-4.023795044E-73)
COSET -2 c=3 d=34 gcd=3 a0=(0.5000000000,0.5000000000) 
rho=(0.02272727273,-0.02272727273) contrib=(0.02272727273,-1.079995274E-72)
COSET -2 c=3 d=35 gcd=3 a0=(0.5000000000,0.5000000000) 
rho=(0.02272727273,-0.02272727273) contrib=(0.02272727273,-9.446618004E-73)
COSET -2 c=3 d=37 gcd=3 a0=(0.5000000000,0.5000000000) 
rho=(0.02272727273,-0.02272727273) contrib=(0.02272727273,2.097964014E-72)
COSET -2 c=3 d=38 gcd=3 a0=(0.5000000000,0.5000000000) 
rho=(0.02272727273,-0.02272727273) contrib=(0.02272727273,2.363609432E-73)
COSET -2 c=3 d=40 gcd=3 a0=(0.5000000000,0.5000000000) 
rho=(0.02272727273,-0.02272727273) contrib=(0.02272727273,3.104561276E-72)
COSET -2 c=3 d=41 gcd=3 a0=(0.5000000000,0.5000000000) 
rho=(0.02272727273,-0.02272727273) contrib=(0.02272727273,1.147972913E-72)
COSET -2 c=3 d=43 gcd=3 a0=(0.5000000000,0.5000000000) 
rho=(0.02272727273,-0.02272727273) contrib=(0.02272727273,1.058172461E-72)
COSET -2 c=3 d=44 gcd=3 a0=(0.5000000000,0.5000000000) 
rho=(0.02272727273,-0.02272727273) contrib=(0.02272727273,-2.235589995E-72)
COSET -2 c=3 d=47 gcd=3 a0=(0.5000000000,0.5000000000) 
rho=(0.02272727273,-0.02272727273) contrib=(0.02272727273,3.307526941E-72)
COSET -2 c=3 d=50 gcd=3 a0=(0.5000000000,0.5000000000) 
rho=(0.02272727273,-0.02272727273) contrib=(0.02272727273,-3.386342183E-72)
COSET -2 c=3 d=53 gcd=3 a0=(0.5000000000,0.5000000000) 
rho=(0.02272727273,-0.02272727273) contrib=(0.02272727273,1.732820528E-72)
COSET -2 c=3 d=56 gcd=3 a0=(0.5000000000,0.5000000000) 
rho=(0.02272727273,-0.02272727273) contrib=(0.02272727273,2.863445733E-72)
COSET -2 c=3 d=59 gcd=3 a0=(0.5000000000,0.5000000000) 
rho=(0.02272727273,-0.02272727273) contrib=(0.02272727273,-5.883630070E-72)
COSET -2 c=3 d=62 gcd=3 a0=(0.5000000000,0.5000000000) 
rho=(0.02272727273,-0.02272727273) contrib=(0.02272727273,3.518236892E-72)
COSET -2 c=3 d=65 gcd=3 a0=(0.5000000000,0.5000000000) 
rho=(0.02272727273,-0.02272727273) contrib=(0.02272727273,4.080382376E-72)
COSET -2 c=3 d=68 gcd=3 a0=(0.5000000000,0.5000000000) 
rho=(0.02272727273,-0.02272727273) contrib=(0.02272727273,3.407916905E-72)
COSET -2 c=3 d=71 gcd=3 a0=(0.5000000000,0.5000000000) 
rho=(0.02272727273,-0.02272727273) contrib=(0.02272727273,-1.905826535E-72)
COSET -2 c=3 d=74 gcd=3 a0=(0.5000000000,0.5000000000) 
rho=(0.02272727273,-0.02272727273) contrib=(0.02272727273,-3.107956074E-72)
COSET -2 c=3 d=77 gcd=3 a0=(0.5000000000,0.5000000000) 
rho=(0.02272727273,-0.02272727273) contrib=(0.02272727273,3.200884391E-72)
COSET -2 c=3 d=80 gcd=3 a0=(0.5000000000,0.5000000000) 
rho=(0.02272727273,-0.02272727273) contrib=(0.02272727273,-1.952687956E-72)
COSET -2 c=3 d=83 gcd=3 a0=(0.5000000000,0.5000000000) 
rho=(0.02272727273,-0.02272727273) contrib=(0.02272727273,-7.594627784E-72)
COSET -2 c=3 d=86 gcd=3 a0=(0.5000000000,0.5000000000) 
rho=(0.02272727273,-0.02272727273) contrib=(0.02272727273,-6.292123982E-72)
COSET -2 c=4 d=1 gcd=4 a0=(-2.000000000,-6.426306361E-73) 
rho=(0.03030303030,-1.788979045E-81) contrib=(-0.06060606061,-1.947365206E-74)
COSET -2 c=4 d=3 gcd=4 a0=(-9.955096628E-73,-2.000000000) 
rho=(2.939037002E-81,-0.03030303030) contrib=(-0.06060606061,3.016695360E-74)
COSET -2 c=4 d=5 gcd=4 a0=(-2.000000000,4.772539765E-73) 
rho=(0.03030303030,-1.788979045E-81) contrib=(-0.06060606061,1.446224529E-74)
COSET -2 c=4 d=7 gcd=4 a0=(7.704440300E-72,-2.000000000) 
rho=(2.939037002E-81,-0.03030303030) contrib=(-0.06060606061,-2.334678938E-73)
COSET -2 c=4 d=9 gcd=4 a0=(-2.000000000,-7.515143425E-73) 
rho=(0.03030303030,-1.788979045E-81) contrib=(-0.06060606061,-2.277315831E-74)
COSET -2 c=4 d=11 gcd=4 a0=(-6.451797656E-72,-2.000000000) 
rho=(2.939037002E-81,-0.03030303030) contrib=(-0.06060606061,1.955090140E-73)
COSET -2 c=4 d=13 gcd=4 a0=(-2.000000000,1.558393861E-72) 
rho=(0.03030303030,-1.788979045E-81) contrib=(-0.06060606061,4.722405997E-74)
COSET -2 c=4 d=15 gcd=4 a0=(-2.314943875E-71,-2.000000000) 
rho=(2.939037002E-81,-0.03030303030) contrib=(-0.06060606061,7.014981380E-73)
COSET -2 c=4 d=17 gcd=4 a0=(-2.000000000,3.194393555E-72) 
rho=(0.03030303030,-1.788979045E-81) contrib=(-0.06060606061,9.679980827E-74)
COSET -2 c=4 d=19 gcd=4 a0=(1.184958973E-72,-2.000000000) 
rho=(2.939037002E-81,-0.03030303030) contrib=(-0.06060606061,-3.590785354E-74)
COSET -2 c=4 d=21 gcd=4 a0=(-2.000000000,-3.025485092E-72) 
rho=(0.03030303030,-1.788979045E-81) contrib=(-0.06060606061,-9.168136286E-74)
COSET -2 c=4 d=23 gcd=4 a0=(1.415181657E-71,-2.000000000) 
rho=(2.939037002E-81,-0.03030303030) contrib=(-0.06060606061,-4.288429321E-73)
COSET -2 c=4 d=25 gcd=4 a0=(-2.000000000,2.262399334E-71) 
rho=(0.03030303030,-1.788979045E-81) contrib=(-0.06060606061,6.855755595E-73)
COSET -2 c=4 d=27 gcd=4 a0=(4.576209428E-72,-2.000000000) 
rho=(2.939037002E-81,-0.03030303030) contrib=(-0.06060606061,-1.386730188E-73)
COSET -2 c=4 d=29 gcd=4 a0=(-2.000000000,1.247002774E-72) 
rho=(0.03030303030,-1.788979045E-81) contrib=(-0.06060606061,3.778796643E-74)
COSET -2 c=4 d=31 gcd=4 a0=(1.541201443E-71,-2.000000000) 
rho=(2.939037002E-81,-0.03030303030) contrib=(-0.06060606061,-4.670307463E-73)
COSET -2 c=4 d=33 gcd=4 a0=(-2.000000000,-1.076377002E-71) 
rho=(0.03030303030,-1.788979045E-81) contrib=(-0.06060606061,-3.261748455E-73)
COSET -2 c=4 d=35 gcd=4 a0=(3.385528140E-71,-2.000000000) 
rho=(2.939037002E-81,-0.03030303030) contrib=(-0.06060606061,-1.025917624E-72)
COSET -2 c=4 d=37 gcd=4 a0=(-2.000000000,7.463942733E-72) 
rho=(0.03030303030,-1.788979045E-81) contrib=(-0.06060606061,2.261800864E-73)
COSET -2 c=4 d=39 gcd=4 a0=(-7.551934815E-73,-2.000000000) 
rho=(2.939037002E-81,-0.03030303030) contrib=(-0.06060606061,2.288464508E-74)
COSET -2 c=4 d=41 gcd=4 a0=(-2.000000000,-4.700900680E-71) 
rho=(0.03030303030,-1.788979045E-81) contrib=(-0.06060606061,-1.424515354E-72)
COSET -2 c=4 d=43 gcd=4 a0=(2.166565944E-72,-2.000000000) 
rho=(2.939037002E-81,-0.03030303030) contrib=(-0.06060606061,-6.565351933E-74)
COSET -2 c=4 d=45 gcd=4 a0=(-2.000000000,-5.726022924E-72) 
rho=(0.03030303030,-1.788979045E-81) contrib=(-0.06060606061,-1.735158426E-73)
COSET -2 c=4 d=47 gcd=4 a0=(3.501332409E-71,-2.000000000) 
rho=(2.939037002E-81,-0.03030303030) contrib=(-0.06060606061,-1.061009827E-72)
COSET -2 c=4 d=49 gcd=4 a0=(-2.000000000,-8.934651472E-72) 
rho=(0.03030303030,-1.788979045E-81) contrib=(-0.06060606061,-2.707470107E-73)
COSET -2 c=4 d=51 gcd=4 a0=(-1.385493845E-71,-2.000000000) 
rho=(2.939037002E-81,-0.03030303030) contrib=(-0.06060606061,4.198466137E-73)
COSET -2 c=4 d=53 gcd=4 a0=(-2.000000000,-9.831211110E-71) 
rho=(0.03030303030,-1.788979045E-81) contrib=(-0.06060606061,-2.979154878E-72)
COSET -2 c=4 d=55 gcd=4 a0=(-1.577167289E-70,-2.000000000) 
rho=(2.939037002E-81,-0.03030303030) contrib=(-0.06060606061,4.779294811E-72)
COSET -2 c=4 d=57 gcd=4 a0=(-2.000000000,5.592988814E-71) 
rho=(0.03030303030,-1.788979045E-81) contrib=(-0.06060606061,1.694845099E-72)
COSET -2 c=4 d=59 gcd=4 a0=(-6.168367552E-72,-2.000000000) 
rho=(2.939037002E-81,-0.03030303030) contrib=(-0.06060606061,1.869202230E-73)
COSET -2 c=4 d=61 gcd=4 a0=(-2.000000000,2.503288088E-71) 
rho=(0.03030303030,-1.788979045E-81) contrib=(-0.06060606061,7.585721516E-73)
COSET -2 c=4 d=63 gcd=4 a0=(1.951461841E-71,-2.000000000) 
rho=(2.939037002E-81,-0.03030303030) contrib=(-0.06060606061,-5.913520789E-73)
COSET -2 c=4 d=65 gcd=4 a0=(-2.000000000,1.488923543E-70) 
rho=(0.03030303030,-1.788979045E-81) contrib=(-0.06060606061,4.511889527E-72)
COSET -2 c=11 d=1 gcd=11 a0=(-0.5000000000,-0.5000000000) 
rho=(-4.827348310E-81,-3.525546594E-81) contrib=(6.509008579E-82,4.176447452E-8\
1)
COSET -2 c=11 d=2 gcd=11 a0=(0.5000000000,0.5000000000) 
rho=(-1.955849136E-82,5.597394365E-81) contrib=(-2.896489639E-81,2.700904726E-8\
1)
COSET -2 c=11 d=3 gcd=11 a0=(-0.5000000000,-0.5000000000) 
rho=(3.113740367E-82,-2.200083554E-82) contrib=(-2.656911960E-82,-4.568284067E-\
83)
COSET -2 c=11 d=4 gcd=11 a0=(-0.5000000000,-0.5000000000) 
rho=(-4.230755094E-82,-5.611998174E-83) contrib=(1.834777638E-82,2.395977455E-8\
2)
COSET -2 c=11 d=5 gcd=11 a0=(0.5000000000,0.5000000000) 
rho=(-3.121592963E-81,3.461233921E-81) contrib=(-3.291413442E-81,1.698204793E-8\
2)
COSET -2 c=11 d=6 gcd=11 a0=(0.5000000000,0.5000000000) 
rho=(-2.687318419E-81,4.597004104E-81) contrib=(-3.642161262E-81,9.548428428E-8\
2)
COSET -2 c=11 d=7 gcd=11 a0=(-0.5000000000,-0.5000000000) 
rho=(-4.835787122E-82,-6.522471119E-84) contrib=(2.385281205E-82,2.450505916E-8\
2)
COSET -2 c=11 d=8 gcd=11 a0=(-0.5000000000,-0.5000000000) 
rho=(1.165623677E-82,-6.686220756E-82) contrib=(-3.925922216E-82,2.760298539E-8\
2)
COSET -2 c=11 d=9 gcd=11 a0=(-0.5000000000,-0.5000000000) 
rho=(3.744123278E-81,-2.124135400E-81) contrib=(-2.934129339E-81,-8.099939393E-\
82)
COSET -2 c=11 d=10 gcd=11 a0=(-0.5000000000,-0.5000000000) 
rho=(1.587194787E-81,3.747796293E-81) contrib=(1.080300753E-81,-2.667495540E-81\
)
COSET -2 c=11 d=12 gcd=11 a0=(-0.5000000000,-0.5000000000) 
rho=(-4.827348310E-81,-3.525546594E-81) contrib=(6.509008579E-82,4.176447452E-8\
1)
COSET -2 c=11 d=23 gcd=11 a0=(-0.5000000000,-0.5000000000) 
rho=(-4.827348310E-81,-3.525546594E-81) contrib=(6.509008579E-82,4.176447452E-8\
1)
COSET -2 c=33 d=1 gcd=33 a0=(0.5000000000,-0.5000000000) 
rho=(-2.465836072E-82,-2.228936112E-80) contrib=(-1.126797237E-80,-1.102138876E\
-80)
COSET -2 c=33 d=2 gcd=33 a0=(0.5000000000,-0.5000000000) 
rho=(-5.799662177E-81,4.405625243E-81) contrib=(-6.970184667E-82,5.102643710E-8\
1)
COSET -2 c=33 d=4 gcd=33 a0=(0.5000000000,-0.5000000000) 
rho=(-2.470511480E-81,1.057922529E-81) contrib=(-7.062944754E-82,1.764217005E-8\
1)
COSET -2 c=33 d=7 gcd=33 a0=(-0.5000000000,0.5000000000) 
rho=(-2.325073770E-81,-3.743678247E-82) contrib=(1.349720797E-81,-9.753529726E-\
82)
COSET -2 c=44 d=1 gcd=44 a0=(-2.000000000,8.870450787E-71) 
rho=(2.069655082E-80,-9.149050478E-81) contrib=(-4.139310164E-80,1.829810096E-8\
0)
COSET -2 c=44 d=3 gcd=44 a0=(1.925808501E-70,-2.000000000) 
rho=(1.976853355E-81,6.016606980E-82) contrib=(1.203321396E-81,-3.953706710E-81\
)
COSET -2 c=44 d=5 gcd=44 a0=(-2.000000000,6.361441877E-71) 
rho=(-5.081419274E-81,-8.585502113E-83) contrib=(1.016283855E-80,1.717100423E-8\
2)
FORM -1:
  c_eta(0)[1] (trivial) = 1.11424570399E-71 + -1.36430183671E-71 i   (half: 
5.57122851993E-72)
  c_eta(0)[2] = -1.16916524972E-71 + -2.75614766663E-72 i   (half: 
-5.84582624858E-72)
  c_eta(0)[3] = -1.16916524406E-71 + -2.75614766189E-72 i   (half: 
-5.84582622031E-72)
  c_eta(0)[4] = -1.16916524799E-71 + -2.75614765172E-72 i   (half: 
-5.84582623997E-72)
  c_eta(0)[5] = -1.16916524625E-71 + -2.75614769229E-72 i   (half: 
-5.84582623126E-72)
  c_eta(0)[6] = -1.16916523886E-71 + -2.75614762471E-72 i   (half: 
-5.84582619428E-72)
  c_eta(0)[7] = -1.16916524539E-71 + -2.75614763501E-72 i   (half: 
-5.84582622696E-72)
  c_eta(0)[8] = -1.16916524217E-71 + -2.75614763668E-72 i   (half: 
-5.84582621085E-72)
  c_eta(0)[9] = -1.16916524806E-71 + -2.75614765587E-72 i   (half: 
-5.84582624031E-72)
  c_eta(0)[10] = -1.16916524460E-71 + -2.75614771389E-72 i   (half: 
-5.84582622302E-72)
  c_eta(0)[11] = -1.16916524388E-71 + -2.75614767602E-72 i   (half: 
-5.84582621939E-72)
  c_eta(0)[12] = -1.16916524701E-71 + -2.75614774561E-72 i   (half: 
-5.84582623504E-72)
  c_eta(0)[13] = -1.16916524479E-71 + -2.75614770866E-72 i   (half: 
-5.84582622396E-72)
  c_eta(0)[14] = -1.16916525228E-71 + -2.75614766577E-72 i   (half: 
-5.84582626138E-72)
  c_eta(0)[15] = -1.16916524598E-71 + -2.75614771059E-72 i   (half: 
-5.84582622989E-72)
  c_eta(0)[16] = -1.16916523746E-71 + -2.75614766882E-72 i   (half: 
-5.84582618729E-72)
  c_eta(0)[17] = -1.16916523673E-71 + -2.75614762194E-72 i   (half: 
-5.84582618363E-72)
  c_eta(0)[18] = -1.16916523903E-71 + -2.75614763406E-72 i   (half: 
-5.84582619516E-72)
  c_eta(0)[19] = -1.16916525383E-71 + -2.75614765937E-72 i   (half: 
-5.84582626917E-72)
  c_eta(0)[20] = -1.16916524479E-71 + -2.75614762877E-72 i   (half: 
-5.84582622395E-72)
  c_eta(0)[21] = -1.16916523971E-71 + -2.75614765448E-72 i   (half: 
-5.84582619856E-72)
COSET -1 c=1 d=0 gcd=1 a0=(0.5000000000,-0.5000000000) 
rho=(0.007575757576,0.007575757576) contrib=(0.007575757576,-1.603330378E-72)
COSET -1 c=1 d=1 gcd=1 a0=(0.5000000000,-0.5000000000) 
rho=(0.007575757576,0.007575757576) contrib=(0.007575757576,-2.245443437E-77)
COSET -1 c=1 d=2 gcd=1 a0=(0.5000000000,-0.5000000000) 
rho=(0.007575757576,0.007575757576) contrib=(0.007575757576,-3.804455615E-79)
COSET -1 c=1 d=3 gcd=1 a0=(0.5000000000,-0.5000000000) 
rho=(0.007575757576,0.007575757576) contrib=(0.007575757576,2.434289343E-80)
COSET -1 c=1 d=4 gcd=1 a0=(0.5000000000,-0.5000000000) 
rho=(0.007575757576,0.007575757576) contrib=(0.007575757576,-3.661017831E-80)
COSET -1 c=1 d=5 gcd=1 a0=(0.5000000000,-0.5000000000) 
rho=(0.007575757576,0.007575757576) contrib=(0.007575757576,3.226551492E-80)
COSET -1 c=1 d=6 gcd=1 a0=(0.5000000000,-0.5000000000) 
rho=(0.007575757576,0.007575757576) contrib=(0.007575757576,2.740971465E-80)
COSET -1 c=1 d=7 gcd=1 a0=(0.5000000000,-0.5000000000) 
rho=(0.007575757576,0.007575757576) contrib=(0.007575757576,-8.018459648E-81)
COSET -1 c=1 d=8 gcd=1 a0=(0.5000000000,-0.5000000000) 
rho=(0.007575757576,0.007575757576) contrib=(0.007575757576,1.047830583E-80)
COSET -1 c=1 d=9 gcd=1 a0=(0.5000000000,-0.5000000000) 
rho=(0.007575757576,0.007575757576) contrib=(0.007575757576,1.277842175E-82)
COSET -1 c=1 d=10 gcd=1 a0=(0.5000000000,-0.5000000000) 
rho=(0.007575757576,0.007575757576) contrib=(0.007575757576,2.779306731E-81)
COSET -1 c=1 d=11 gcd=1 a0=(0.5000000000,-0.5000000000) 
rho=(0.007575757576,0.007575757576) contrib=(0.007575757576,3.034875166E-81)
COSET -1 c=1 d=12 gcd=1 a0=(0.5000000000,-0.5000000000) 
rho=(0.007575757576,0.007575757576) contrib=(0.007575757576,-1.827314310E-80)
COSET -1 c=1 d=13 gcd=1 a0=(0.5000000000,-0.5000000000) 
rho=(0.007575757576,0.007575757576) contrib=(0.007575757576,-2.635549486E-80)
COSET -1 c=1 d=14 gcd=1 a0=(0.5000000000,-0.5000000000) 
rho=(0.007575757576,0.007575757576) contrib=(0.007575757576,3.322389655E-81)
COSET -1 c=1 d=15 gcd=1 a0=(0.5000000000,-0.5000000000) 
rho=(0.007575757576,0.007575757576) contrib=(0.007575757576,-5.750289787E-81)
COSET -1 c=1 d=16 gcd=1 a0=(0.5000000000,-0.5000000000) 
rho=(0.007575757576,0.007575757576) contrib=(0.007575757576,3.258497546E-81)
COSET -1 c=1 d=17 gcd=1 a0=(0.5000000000,-0.5000000000) 
rho=(0.007575757576,0.007575757576) contrib=(0.007575757576,-2.552489745E-80)
COSET -1 c=1 d=18 gcd=1 a0=(0.5000000000,-0.5000000000) 
rho=(0.007575757576,0.007575757576) contrib=(0.007575757576,-3.724909940E-80)
COSET -1 c=1 d=19 gcd=1 a0=(0.5000000000,-0.5000000000) 
rho=(0.007575757576,0.007575757576) contrib=(0.007575757576,-3.948532320E-80)
COSET -1 c=1 d=20 gcd=1 a0=(0.5000000000,-0.5000000000) 
rho=(0.007575757576,0.007575757576) contrib=(0.007575757576,2.194693935E-80)
COSET -1 c=1 d=21 gcd=1 a0=(0.5000000000,-0.5000000000) 
rho=(0.007575757576,0.007575757576) contrib=(0.007575757576,2.089271956E-80)
COSET -1 c=1 d=22 gcd=1 a0=(0.5000000000,-0.5000000000) 
rho=(0.007575757576,0.007575757576) contrib=(0.007575757576,-2.750555282E-80)
COSET -1 c=1 d=23 gcd=1 a0=(0.5000000000,-0.5000000000) 
rho=(0.007575757576,0.007575757576) contrib=(0.007575757576,2.459846187E-80)
COSET -1 c=1 d=24 gcd=1 a0=(0.5000000000,-0.5000000000) 
rho=(0.007575757576,0.007575757576) contrib=(0.007575757576,-8.037627280E-80)
COSET -1 c=1 d=25 gcd=1 a0=(0.5000000000,-0.5000000000) 
rho=(0.007575757576,0.007575757576) contrib=(0.007575757576,0.0000000000)
COSET -1 c=1 d=26 gcd=1 a0=(0.5000000000,-0.5000000000) 
rho=(0.007575757576,0.007575757576) contrib=(0.007575757576,5.680008468E-80)
COSET -1 c=1 d=27 gcd=1 a0=(0.5000000000,-0.5000000000) 
rho=(0.007575757576,0.007575757576) contrib=(0.007575757576,-3.060432009E-80)
COSET -1 c=1 d=28 gcd=1 a0=(0.5000000000,-0.5000000000) 
rho=(0.007575757576,0.007575757576) contrib=(0.007575757576,2.364008024E-81)
COSET -1 c=1 d=29 gcd=1 a0=(0.5000000000,-0.5000000000) 
rho=(0.007575757576,0.007575757576) contrib=(0.007575757576,1.464726593E-79)
COSET -1 c=1 d=30 gcd=1 a0=(0.5000000000,-0.5000000000) 
rho=(0.007575757576,0.007575757576) contrib=(0.007575757576,-2.606478576E-79)
COSET -1 c=1 d=31 gcd=1 a0=(0.5000000000,-0.5000000000) 
rho=(0.007575757576,0.007575757576) contrib=(0.007575757576,1.066998216E-80)
COSET -1 c=1 d=32 gcd=1 a0=(0.5000000000,-0.5000000000) 
rho=(0.007575757576,0.007575757576) contrib=(0.007575757576,-8.366671641E-80)
COSET -1 c=1 d=33 gcd=1 a0=(0.5000000000,-0.5000000000) 
rho=(0.007575757576,0.007575757576) contrib=(0.007575757576,8.363477035E-80)
COSET -1 c=1 d=34 gcd=1 a0=(0.5000000000,-0.5000000000) 
rho=(0.007575757576,0.007575757576) contrib=(0.007575757576,4.025202851E-81)
COSET -1 c=1 d=35 gcd=1 a0=(0.5000000000,-0.5000000000) 
rho=(0.007575757576,0.007575757576) contrib=(0.007575757576,3.637377751E-79)
COSET -1 c=1 d=36 gcd=1 a0=(0.5000000000,-0.5000000000) 
rho=(0.007575757576,0.007575757576) contrib=(0.007575757576,2.110995273E-79)
COSET -1 c=1 d=37 gcd=1 a0=(0.5000000000,-0.5000000000) 
rho=(0.007575757576,0.007575757576) contrib=(0.007575757576,4.836632632E-80)
COSET -1 c=1 d=38 gcd=1 a0=(0.5000000000,-0.5000000000) 
rho=(0.007575757576,0.007575757576) contrib=(0.007575757576,1.046552741E-79)
COSET -1 c=1 d=39 gcd=1 a0=(0.5000000000,-0.5000000000) 
rho=(0.007575757576,0.007575757576) contrib=(0.007575757576,-4.855800265E-80)
COSET -1 c=1 d=40 gcd=1 a0=(0.5000000000,-0.5000000000) 
rho=(0.007575757576,0.007575757576) contrib=(0.007575757576,9.360193932E-80)
COSET -1 c=1 d=41 gcd=1 a0=(0.5000000000,-0.5000000000) 
rho=(0.007575757576,0.007575757576) contrib=(0.007575757576,3.095572669E-79)
COSET -1 c=1 d=42 gcd=1 a0=(0.5000000000,-0.5000000000) 
rho=(0.007575757576,0.007575757576) contrib=(0.007575757576,3.130713329E-79)
COSET -1 c=1 d=43 gcd=1 a0=(0.5000000000,-0.5000000000) 
rho=(0.007575757576,0.007575757576) contrib=(0.007575757576,2.280948282E-79)
COSET -1 c=1 d=44 gcd=1 a0=(0.5000000000,-0.5000000000) 
rho=(0.007575757576,0.007575757576) contrib=(0.007575757576,-1.999823004E-79)
COSET -1 c=1 d=45 gcd=1 a0=(0.5000000000,-0.5000000000) 
rho=(0.007575757576,0.007575757576) contrib=(0.007575757576,1.110444850E-79)
COSET -1 c=1 d=46 gcd=1 a0=(0.5000000000,-0.5000000000) 
rho=(0.007575757576,0.007575757576) contrib=(0.007575757576,6.283788895E-80)
COSET -1 c=1 d=47 gcd=1 a0=(0.5000000000,-0.5000000000) 
rho=(0.007575757576,0.007575757576) contrib=(0.007575757576,2.804863574E-80)
COSET -1 c=1 d=48 gcd=1 a0=(0.5000000000,-0.5000000000) 
rho=(0.007575757576,0.007575757576) contrib=(0.007575757576,4.782643800E-79)
COSET -1 c=1 d=49 gcd=1 a0=(0.5000000000,-0.5000000000) 
rho=(0.007575757576,0.007575757576) contrib=(0.007575757576,-2.427900132E-81)
COSET -1 c=1 d=50 gcd=1 a0=(0.5000000000,-0.5000000000) 
rho=(0.007575757576,0.007575757576) contrib=(0.007575757576,2.076493534E-81)
COSET -1 c=1 d=51 gcd=1 a0=(0.5000000000,-0.5000000000) 
rho=(0.007575757576,0.007575757576) contrib=(0.007575757576,1.530216005E-79)
COSET -1 c=1 d=52 gcd=1 a0=(0.5000000000,-0.5000000000) 
rho=(0.007575757576,0.007575757576) contrib=(0.007575757576,2.884089789E-79)
COSET -1 c=1 d=53 gcd=1 a0=(0.5000000000,-0.5000000000) 
rho=(0.007575757576,0.007575757576) contrib=(0.007575757576,8.599877838E-80)
COSET -1 c=1 d=54 gcd=1 a0=(0.5000000000,-0.5000000000) 
rho=(0.007575757576,0.007575757576) contrib=(0.007575757576,-8.672714842E-79)
COSET -1 c=1 d=55 gcd=1 a0=(0.5000000000,-0.5000000000) 
rho=(0.007575757576,0.007575757576) contrib=(0.007575757576,2.391481630E-79)
COSET -1 c=1 d=56 gcd=1 a0=(0.5000000000,-0.5000000000) 
rho=(0.007575757576,0.007575757576) contrib=(0.007575757576,4.466058401E-80)
COSET -1 c=1 d=57 gcd=1 a0=(0.5000000000,-0.5000000000) 
rho=(0.007575757576,0.007575757576) contrib=(0.007575757576,1.159002853E-79)
COSET -1 c=1 d=58 gcd=1 a0=(0.5000000000,-0.5000000000) 
rho=(0.007575757576,0.007575757576) contrib=(0.007575757576,4.609496186E-79)
COSET -1 c=1 d=59 gcd=1 a0=(0.5000000000,-0.5000000000) 
rho=(0.007575757576,0.007575757576) contrib=(0.007575757576,1.966918568E-79)
COSET -1 c=1 d=60 gcd=1 a0=(0.5000000000,-0.5000000000) 
rho=(0.007575757576,0.007575757576) contrib=(0.007575757576,7.113747388E-79)
COSET -1 c=1 d=61 gcd=1 a0=(0.5000000000,-0.5000000000) 
rho=(0.007575757576,0.007575757576) contrib=(0.007575757576,4.762517786E-79)
COSET -1 c=1 d=62 gcd=1 a0=(0.5000000000,-0.5000000000) 
rho=(0.007575757576,0.007575757576) contrib=(0.007575757576,3.015707533E-80)
COSET -1 c=1 d=63 gcd=1 a0=(0.5000000000,-0.5000000000) 
rho=(0.007575757576,0.007575757576) contrib=(0.007575757576,-2.366883169E-79)
COSET -1 c=1 d=64 gcd=1 a0=(0.5000000000,-0.5000000000) 
rho=(0.007575757576,0.007575757576) contrib=(0.007575757576,-7.440236064E-80)
COSET -1 c=1 d=65 gcd=1 a0=(0.5000000000,-0.5000000000) 
rho=(0.007575757576,0.007575757576) contrib=(0.007575757576,-1.718378265E-78)
COSET -1 c=1 d=66 gcd=1 a0=(0.5000000000,-0.5000000000) 
rho=(0.007575757576,0.007575757576) contrib=(0.007575757576,4.833597757E-78)
COSET -1 c=1 d=67 gcd=1 a0=(0.5000000000,-0.5000000000) 
rho=(0.007575757576,0.007575757576) contrib=(0.007575757576,5.858267451E-79)
COSET -1 c=1 d=68 gcd=1 a0=(0.5000000000,-0.5000000000) 
rho=(0.007575757576,0.007575757576) contrib=(0.007575757576,4.318467630E-79)
COSET -1 c=1 d=69 gcd=1 a0=(0.5000000000,-0.5000000000) 
rho=(0.007575757576,0.007575757576) contrib=(0.007575757576,-9.986336597E-80)
COSET -1 c=1 d=70 gcd=1 a0=(0.5000000000,-0.5000000000) 
rho=(0.007575757576,0.007575757576) contrib=(0.007575757576,1.221936580E-79)
COSET -1 c=1 d=71 gcd=1 a0=(0.5000000000,-0.5000000000) 
rho=(0.007575757576,0.007575757576) contrib=(0.007575757576,1.014127496E-78)
COSET -1 c=1 d=72 gcd=1 a0=(0.5000000000,-0.5000000000) 
rho=(0.007575757576,0.007575757576) contrib=(0.007575757576,-1.360262995E-79)
COSET -1 c=1 d=73 gcd=1 a0=(0.5000000000,-0.5000000000) 
rho=(0.007575757576,0.007575757576) contrib=(0.007575757576,-9.368499906E-79)
COSET -1 c=1 d=74 gcd=1 a0=(0.5000000000,-0.5000000000) 
rho=(0.007575757576,0.007575757576) contrib=(0.007575757576,-1.280397859E-79)
COSET -1 c=1 d=75 gcd=1 a0=(0.5000000000,-0.5000000000) 
rho=(0.007575757576,0.007575757576) contrib=(0.007575757576,-1.047830583E-79)
COSET -1 c=1 d=76 gcd=1 a0=(0.5000000000,-0.5000000000) 
rho=(0.007575757576,0.007575757576) contrib=(0.007575757576,4.616843778E-79)
COSET -1 c=1 d=77 gcd=1 a0=(0.5000000000,-0.5000000000) 
rho=(0.007575757576,0.007575757576) contrib=(0.007575757576,-4.504393667E-80)
COSET -1 c=1 d=78 gcd=1 a0=(0.5000000000,-0.5000000000) 
rho=(0.007575757576,0.007575757576) contrib=(0.007575757576,1.166669906E-78)
COSET -1 c=1 d=79 gcd=1 a0=(0.5000000000,-0.5000000000) 
rho=(0.007575757576,0.007575757576) contrib=(0.007575757576,-6.691101088E-79)
COSET -1 c=1 d=80 gcd=1 a0=(0.5000000000,-0.5000000000) 
rho=(0.007575757576,0.007575757576) contrib=(0.007575757576,3.259136467E-79)
COSET -1 c=1 d=81 gcd=1 a0=(0.5000000000,-0.5000000000) 
rho=(0.007575757576,0.007575757576) contrib=(0.007575757576,3.232940702E-79)
COSET -1 c=1 d=82 gcd=1 a0=(0.5000000000,-0.5000000000) 
rho=(0.007575757576,0.007575757576) contrib=(0.007575757576,-8.296390321E-79)
COSET -1 c=1 d=83 gcd=1 a0=(0.5000000000,-0.5000000000) 
rho=(0.007575757576,0.007575757576) contrib=(0.007575757576,2.060201047E-79)
COSET -1 c=1 d=84 gcd=1 a0=(0.5000000000,-0.5000000000) 
rho=(0.007575757576,0.007575757576) contrib=(0.007575757576,1.001572697E-78)
COSET -1 c=1 d=85 gcd=1 a0=(0.5000000000,-0.5000000000) 
rho=(0.007575757576,0.007575757576) contrib=(0.007575757576,-1.160376533E-78)
COSET -1 c=1 d=86 gcd=1 a0=(0.5000000000,-0.5000000000) 
rho=(0.007575757576,0.007575757576) contrib=(0.007575757576,5.165676992E-80)
COSET -1 c=1 d=87 gcd=1 a0=(0.5000000000,-0.5000000000) 
rho=(0.007575757576,0.007575757576) contrib=(0.007575757576,1.124501114E-80)
COSET -1 c=1 d=88 gcd=1 a0=(0.5000000000,-0.5000000000) 
rho=(0.007575757576,0.007575757576) contrib=(0.007575757576,2.302032678E-79)
COSET -1 c=1 d=89 gcd=1 a0=(0.5000000000,-0.5000000000) 
rho=(0.007575757576,0.007575757576) contrib=(0.007575757576,-2.345159852E-79)
COSET -1 c=1 d=90 gcd=1 a0=(0.5000000000,-0.5000000000) 
rho=(0.007575757576,0.007575757576) contrib=(0.007575757576,4.281410207E-79)
COSET -1 c=1 d=91 gcd=1 a0=(0.5000000000,-0.5000000000) 
rho=(0.007575757576,0.007575757576) contrib=(0.007575757576,1.419714602E-78)
COSET -1 c=1 d=92 gcd=1 a0=(0.5000000000,-0.5000000000) 
rho=(0.007575757576,0.007575757576) contrib=(0.007575757576,3.843110341E-79)
COSET -1 c=1 d=93 gcd=1 a0=(0.5000000000,-0.5000000000) 
rho=(0.007575757576,0.007575757576) contrib=(0.007575757576,-1.756074609E-79)
COSET -1 c=1 d=94 gcd=1 a0=(0.5000000000,-0.5000000000) 
rho=(0.007575757576,0.007575757576) contrib=(0.007575757576,-3.047014666E-79)
COSET -1 c=1 d=95 gcd=1 a0=(0.5000000000,-0.5000000000) 
rho=(0.007575757576,0.007575757576) contrib=(0.007575757576,-6.502299907E-79)
COSET -1 c=1 d=96 gcd=1 a0=(0.5000000000,-0.5000000000) 
rho=(0.007575757576,0.007575757576) contrib=(0.007575757576,-4.743030693E-79)
COSET -1 c=1 d=97 gcd=1 a0=(0.5000000000,-0.5000000000) 
rho=(0.007575757576,0.007575757576) contrib=(0.007575757576,-1.298990463E-78)
COSET -1 c=1 d=98 gcd=1 a0=(0.5000000000,-0.5000000000) 
rho=(0.007575757576,0.007575757576) contrib=(0.007575757576,-8.019418029E-79)
COSET -1 c=1 d=99 gcd=1 a0=(0.5000000000,-0.5000000000) 
rho=(0.007575757576,0.007575757576) contrib=(0.007575757576,-8.599877838E-80)
COSET -1 c=1 d=100 gcd=1 a0=(0.5000000000,-0.5000000000) 
rho=(0.007575757576,0.007575757576) contrib=(0.007575757576,7.986513593E-81)
COSET -1 c=1 d=101 gcd=1 a0=(0.5000000000,-0.5000000000) 
rho=(0.007575757576,0.007575757576) contrib=(0.007575757576,1.891749502E-78)
COSET -1 c=1 d=102 gcd=1 a0=(0.5000000000,-0.5000000000) 
rho=(0.007575757576,0.007575757576) contrib=(0.007575757576,-7.237059158E-79)
COSET -1 c=1 d=103 gcd=1 a0=(0.5000000000,-0.5000000000) 
rho=(0.007575757576,0.007575757576) contrib=(0.007575757576,-1.187147327E-78)
COSET -1 c=1 d=104 gcd=1 a0=(0.5000000000,-0.5000000000) 
rho=(0.007575757576,0.007575757576) contrib=(0.007575757576,5.412300532E-79)
COSET -1 c=1 d=105 gcd=1 a0=(0.5000000000,-0.5000000000) 
rho=(0.007575757576,0.007575757576) contrib=(0.007575757576,4.905636110E-79)
COSET -1 c=1 d=106 gcd=1 a0=(0.5000000000,-0.5000000000) 
rho=(0.007575757576,0.007575757576) contrib=(0.007575757576,3.245719124E-80)
COSET -1 c=1 d=107 gcd=1 a0=(0.5000000000,-0.5000000000) 
rho=(0.007575757576,0.007575757576) contrib=(0.007575757576,2.673245830E-79)
COSET -1 c=1 d=108 gcd=1 a0=(0.5000000000,-0.5000000000) 
rho=(0.007575757576,0.007575757576) contrib=(0.007575757576,-1.256182750E-78)
COSET -1 c=1 d=109 gcd=1 a0=(0.5000000000,-0.5000000000) 
rho=(0.007575757576,0.007575757576) contrib=(0.007575757576,1.864116165E-78)
COSET -1 c=1 d=110 gcd=1 a0=(0.5000000000,-0.5000000000) 
rho=(0.007575757576,0.007575757576) contrib=(0.007575757576,-1.416168590E-79)
COSET -1 c=1 d=111 gcd=1 a0=(0.5000000000,-0.5000000000) 
rho=(0.007575757576,0.007575757576) contrib=(0.007575757576,7.936677749E-79)
COSET -1 c=1 d=112 gcd=1 a0=(0.5000000000,-0.5000000000) 
rho=(0.007575757576,0.007575757576) contrib=(0.007575757576,-6.896514218E-79)
COSET -1 c=1 d=113 gcd=1 a0=(0.5000000000,-0.5000000000) 
rho=(0.007575757576,0.007575757576) contrib=(0.007575757576,1.022273740E-79)
COSET -1 c=1 d=114 gcd=1 a0=(0.5000000000,-0.5000000000) 
rho=(0.007575757576,0.007575757576) contrib=(0.007575757576,3.899974318E-79)
COSET -1 c=1 d=115 gcd=1 a0=(0.5000000000,-0.5000000000) 
rho=(0.007575757576,0.007575757576) contrib=(0.007575757576,2.685640899E-78)
COSET -1 c=1 d=116 gcd=1 a0=(0.5000000000,-0.5000000000) 
rho=(0.007575757576,0.007575757576) contrib=(0.007575757576,-1.084249085E-79)
COSET -1 c=1 d=117 gcd=1 a0=(0.5000000000,-0.5000000000) 
rho=(0.007575757576,0.007575757576) contrib=(0.007575757576,-7.730306237E-79)
COSET -1 c=1 d=118 gcd=1 a0=(0.5000000000,-0.5000000000) 
rho=(0.007575757576,0.007575757576) contrib=(0.007575757576,1.360614402E-78)
COSET -1 c=1 d=119 gcd=1 a0=(0.5000000000,-0.5000000000) 
rho=(0.007575757576,0.007575757576) contrib=(0.007575757576,4.341947980E-78)
COSET -1 c=1 d=120 gcd=1 a0=(0.5000000000,-0.5000000000) 
rho=(0.007575757576,0.007575757576) contrib=(0.007575757576,-7.178278418E-80)
COSET -1 c=1 d=121 gcd=1 a0=(0.5000000000,-0.5000000000) 
rho=(0.007575757576,0.007575757576) contrib=(0.007575757576,9.885387065E-79)
COSET -1 c=1 d=122 gcd=1 a0=(0.5000000000,-0.5000000000) 
rho=(0.007575757576,0.007575757576) contrib=(0.007575757576,-3.654628620E-79)
COSET -1 c=1 d=123 gcd=1 a0=(0.5000000000,-0.5000000000) 
rho=(0.007575757576,0.007575757576) contrib=(0.007575757576,7.697401801E-79)
COSET -1 c=1 d=124 gcd=1 a0=(0.5000000000,-0.5000000000) 
rho=(0.007575757576,0.007575757576) contrib=(0.007575757576,-1.814663673E-78)
COSET -1 c=1 d=125 gcd=1 a0=(0.5000000000,-0.5000000000) 
rho=(0.007575757576,0.007575757576) contrib=(0.007575757576,5.303045026E-79)
COSET -1 c=1 d=126 gcd=1 a0=(0.5000000000,-0.5000000000) 
rho=(0.007575757576,0.007575757576) contrib=(0.007575757576,1.631293321E-78)
COSET -1 c=1 d=127 gcd=1 a0=(0.5000000000,-0.5000000000) 
rho=(0.007575757576,0.007575757576) contrib=(0.007575757576,1.443801927E-78)
COSET -1 c=1 d=128 gcd=1 a0=(0.5000000000,-0.5000000000) 
rho=(0.007575757576,0.007575757576) contrib=(0.007575757576,-1.120443965E-78)
COSET -1 c=1 d=129 gcd=1 a0=(0.5000000000,-0.5000000000) 
rho=(0.007575757576,0.007575757576) contrib=(0.007575757576,-5.224777193E-79)
COSET -1 c=1 d=130 gcd=1 a0=(0.5000000000,-0.5000000000) 
rho=(0.007575757576,0.007575757576) contrib=(0.007575757576,-1.253275659E-78)
COSET -1 c=1 d=131 gcd=1 a0=(0.5000000000,-0.5000000000) 
rho=(0.007575757576,0.007575757576) contrib=(0.007575757576,-3.459705428E-74)
COSET -1 c=3 d=1 gcd=3 a0=(0.5000000000,0.5000000000) 
rho=(0.02272727273,-0.02272727273) contrib=(0.02272727273,-8.368604364E-74)
COSET -1 c=3 d=2 gcd=3 a0=(0.5000000000,0.5000000000) 
rho=(0.02272727273,-0.02272727273) contrib=(0.02272727273,-4.659134293E-74)
COSET -1 c=3 d=4 gcd=3 a0=(0.5000000000,0.5000000000) 
rho=(0.02272727273,-0.02272727273) contrib=(0.02272727273,-5.306376016E-74)
COSET -1 c=3 d=5 gcd=3 a0=(0.5000000000,0.5000000000) 
rho=(0.02272727273,-0.02272727273) contrib=(0.02272727273,-1.301580503E-73)
COSET -1 c=3 d=7 gcd=3 a0=(0.5000000000,0.5000000000) 
rho=(0.02272727273,-0.02272727273) contrib=(0.02272727273,-3.610860597E-74)
COSET -1 c=3 d=8 gcd=3 a0=(0.5000000000,0.5000000000) 
rho=(0.02272727273,-0.02272727273) contrib=(0.02272727273,-7.305256338E-74)
COSET -1 c=3 d=10 gcd=3 a0=(0.5000000000,0.5000000000) 
rho=(0.02272727273,-0.02272727273) contrib=(0.02272727273,-4.023512432E-74)
COSET -1 c=3 d=11 gcd=3 a0=(0.5000000000,0.5000000000) 
rho=(0.02272727273,-0.02272727273) contrib=(0.02272727273,-4.349488395E-74)
COSET -1 c=3 d=13 gcd=3 a0=(0.5000000000,0.5000000000) 
rho=(0.02272727273,-0.02272727273) contrib=(0.02272727273,-1.860544751E-73)
COSET -1 c=3 d=14 gcd=3 a0=(0.5000000000,0.5000000000) 
rho=(0.02272727273,-0.02272727273) contrib=(0.02272727273,-8.194310635E-74)
COSET -1 c=3 d=16 gcd=3 a0=(0.5000000000,0.5000000000) 
rho=(0.02272727273,-0.02272727273) contrib=(0.02272727273,-3.046212183E-73)
COSET -1 c=3 d=17 gcd=3 a0=(0.5000000000,0.5000000000) 
rho=(0.02272727273,-0.02272727273) contrib=(0.02272727273,1.381787101E-74)
COSET -1 c=3 d=19 gcd=3 a0=(0.5000000000,0.5000000000) 
rho=(0.02272727273,-0.02272727273) contrib=(0.02272727273,1.618386582E-73)
COSET -1 c=3 d=20 gcd=3 a0=(0.5000000000,0.5000000000) 
rho=(0.02272727273,-0.02272727273) contrib=(0.02272727273,2.502102171E-73)
COSET -1 c=3 d=22 gcd=3 a0=(0.5000000000,0.5000000000) 
rho=(0.02272727273,-0.02272727273) contrib=(0.02272727273,-1.736152519E-73)
COSET -1 c=3 d=23 gcd=3 a0=(0.5000000000,0.5000000000) 
rho=(0.02272727273,-0.02272727273) contrib=(0.02272727273,7.054996021E-73)
COSET -1 c=3 d=25 gcd=3 a0=(0.5000000000,0.5000000000) 
rho=(0.02272727273,-0.02272727273) contrib=(0.02272727273,2.198956938E-73)
COSET -1 c=3 d=26 gcd=3 a0=(0.5000000000,0.5000000000) 
rho=(0.02272727273,-0.02272727273) contrib=(0.02272727273,-6.794152299E-73)
COSET -1 c=3 d=28 gcd=3 a0=(0.5000000000,0.5000000000) 
rho=(0.02272727273,-0.02272727273) contrib=(0.02272727273,-2.815485163E-73)
COSET -1 c=3 d=29 gcd=3 a0=(0.5000000000,0.5000000000) 
rho=(0.02272727273,-0.02272727273) contrib=(0.02272727273,-9.731831395E-73)
COSET -1 c=3 d=31 gcd=3 a0=(0.5000000000,0.5000000000) 
rho=(0.02272727273,-0.02272727273) contrib=(0.02272727273,2.601025542E-73)
COSET -1 c=3 d=32 gcd=3 a0=(0.5000000000,0.5000000000) 
rho=(0.02272727273,-0.02272727273) contrib=(0.02272727273,-3.392632442E-73)
COSET -1 c=3 d=34 gcd=3 a0=(0.5000000000,0.5000000000) 
rho=(0.02272727273,-0.02272727273) contrib=(0.02272727273,-9.030323289E-73)
COSET -1 c=3 d=35 gcd=3 a0=(0.5000000000,0.5000000000) 
rho=(0.02272727273,-0.02272727273) contrib=(0.02272727273,-7.776634239E-73)
COSET -1 c=3 d=37 gcd=3 a0=(0.5000000000,0.5000000000) 
rho=(0.02272727273,-0.02272727273) contrib=(0.02272727273,1.721156989E-72)
COSET -1 c=3 d=38 gcd=3 a0=(0.5000000000,0.5000000000) 
rho=(0.02272727273,-0.02272727273) contrib=(0.02272727273,2.375166196E-73)
COSET -1 c=3 d=40 gcd=3 a0=(0.5000000000,0.5000000000) 
rho=(0.02272727273,-0.02272727273) contrib=(0.02272727273,2.526710528E-72)
COSET -1 c=3 d=41 gcd=3 a0=(0.5000000000,0.5000000000) 
rho=(0.02272727273,-0.02272727273) contrib=(0.02272727273,8.917676259E-73)
COSET -1 c=3 d=43 gcd=3 a0=(0.5000000000,0.5000000000) 
rho=(0.02272727273,-0.02272727273) contrib=(0.02272727273,8.537779041E-73)
COSET -1 c=3 d=44 gcd=3 a0=(0.5000000000,0.5000000000) 
rho=(0.02272727273,-0.02272727273) contrib=(0.02272727273,-1.790717400E-72)
COSET -1 c=3 d=47 gcd=3 a0=(0.5000000000,0.5000000000) 
rho=(0.02272727273,-0.02272727273) contrib=(0.02272727273,2.751841312E-72)
COSET -1 c=3 d=50 gcd=3 a0=(0.5000000000,0.5000000000) 
rho=(0.02272727273,-0.02272727273) contrib=(0.02272727273,-2.727377399E-72)
COSET -1 c=3 d=53 gcd=3 a0=(0.5000000000,0.5000000000) 
rho=(0.02272727273,-0.02272727273) contrib=(0.02272727273,1.484199368E-72)
COSET -1 c=3 d=56 gcd=3 a0=(0.5000000000,0.5000000000) 
rho=(0.02272727273,-0.02272727273) contrib=(0.02272727273,2.366561419E-72)
COSET -1 c=3 d=59 gcd=3 a0=(0.5000000000,0.5000000000) 
rho=(0.02272727273,-0.02272727273) contrib=(0.02272727273,-4.725532428E-72)
COSET -1 c=3 d=62 gcd=3 a0=(0.5000000000,0.5000000000) 
rho=(0.02272727273,-0.02272727273) contrib=(0.02272727273,2.915605050E-72)
COSET -1 c=3 d=65 gcd=3 a0=(0.5000000000,0.5000000000) 
rho=(0.02272727273,-0.02272727273) contrib=(0.02272727273,3.311502719E-72)
COSET -1 c=3 d=68 gcd=3 a0=(0.5000000000,0.5000000000) 
rho=(0.02272727273,-0.02272727273) contrib=(0.02272727273,2.857532312E-72)
COSET -1 c=3 d=71 gcd=3 a0=(0.5000000000,0.5000000000) 
rho=(0.02272727273,-0.02272727273) contrib=(0.02272727273,-1.537256844E-72)
COSET -1 c=3 d=74 gcd=3 a0=(0.5000000000,0.5000000000) 
rho=(0.02272727273,-0.02272727273) contrib=(0.02272727273,-2.583370073E-72)
COSET -1 c=3 d=77 gcd=3 a0=(0.5000000000,0.5000000000) 
rho=(0.02272727273,-0.02272727273) contrib=(0.02272727273,2.663074060E-72)
COSET -1 c=3 d=80 gcd=3 a0=(0.5000000000,0.5000000000) 
rho=(0.02272727273,-0.02272727273) contrib=(0.02272727273,-1.573911884E-72)
COSET -1 c=3 d=83 gcd=3 a0=(0.5000000000,0.5000000000) 
rho=(0.02272727273,-0.02272727273) contrib=(0.02272727273,-6.125285768E-72)
COSET -1 c=3 d=86 gcd=3 a0=(0.5000000000,0.5000000000) 
rho=(0.02272727273,-0.02272727273) contrib=(0.02272727273,-5.184791310E-72)
COSET -1 c=4 d=1 gcd=4 a0=(-2.000000000,-5.286679206E-73) 
rho=(0.03030303030,-1.788979045E-81) contrib=(-0.06060606061,-1.602023644E-74)
COSET -1 c=4 d=3 gcd=4 a0=(-8.184126285E-73,-2.000000000) 
rho=(2.939037002E-81,-0.03030303030) contrib=(-0.06060606061,2.480037680E-74)
COSET -1 c=4 d=5 gcd=4 a0=(-2.000000000,4.052754853E-73) 
rho=(0.03030303030,-1.788979045E-81) contrib=(-0.06060606061,1.228107889E-74)
COSET -1 c=4 d=7 gcd=4 a0=(6.380571143E-72,-2.000000000) 
rho=(2.939037002E-81,-0.03030303030) contrib=(-0.06060606061,-1.933506466E-73)
COSET -1 c=4 d=9 gcd=4 a0=(-2.000000000,-6.699158748E-73) 
rho=(0.03030303030,-1.788979045E-81) contrib=(-0.06060606061,-2.030047748E-74)
COSET -1 c=4 d=11 gcd=4 a0=(-5.254192176E-72,-2.000000000) 
rho=(2.939037002E-81,-0.03030303030) contrib=(-0.06060606061,1.592179389E-73)
COSET -1 c=4 d=13 gcd=4 a0=(-2.000000000,1.284214578E-72) 
rho=(0.03030303030,-1.788979045E-81) contrib=(-0.06060606061,3.891559684E-74)
COSET -1 c=4 d=15 gcd=4 a0=(-1.904863589E-71,-2.000000000) 
rho=(2.939037002E-81,-0.03030303030) contrib=(-0.06060606061,5.772313847E-73)
COSET -1 c=4 d=17 gcd=4 a0=(-2.000000000,2.633202458E-72) 
rho=(0.03030303030,-1.788979045E-81) contrib=(-0.06060606061,7.979401745E-74)
COSET -1 c=4 d=19 gcd=4 a0=(9.229655090E-73,-2.000000000) 
rho=(2.939037002E-81,-0.03030303030) contrib=(-0.06060606061,-2.796865767E-74)
COSET -1 c=4 d=21 gcd=4 a0=(-2.000000000,-2.511550751E-72) 
rho=(0.03030303030,-1.788979045E-81) contrib=(-0.06060606061,-7.610759495E-74)
COSET -1 c=4 d=23 gcd=4 a0=(1.167849457E-71,-2.000000000) 
rho=(2.939037002E-81,-0.03030303030) contrib=(-0.06060606061,-3.538937808E-73)
COSET -1 c=4 d=25 gcd=4 a0=(-2.000000000,1.854692840E-71) 
rho=(0.03030303030,-1.788979045E-81) contrib=(-0.06060606061,5.620281369E-73)
COSET -1 c=4 d=27 gcd=4 a0=(3.583533271E-72,-2.000000000) 
rho=(2.939037002E-81,-0.03030303030) contrib=(-0.06060606061,-1.085919232E-73)
COSET -1 c=4 d=29 gcd=4 a0=(-2.000000000,8.457284300E-73) 
rho=(0.03030303030,-1.788979045E-81) contrib=(-0.06060606061,2.562813782E-74)
COSET -1 c=4 d=31 gcd=4 a0=(1.264156947E-71,-2.000000000) 
rho=(2.939037002E-81,-0.03030303030) contrib=(-0.06060606061,-3.830778685E-73)
COSET -1 c=4 d=33 gcd=4 a0=(-2.000000000,-8.609689792E-72) 
rho=(0.03030303030,-1.788979045E-81) contrib=(-0.06060606061,-2.608996871E-73)
COSET -1 c=4 d=35 gcd=4 a0=(2.766995941E-71,-2.000000000) 
rho=(2.939037002E-81,-0.03030303030) contrib=(-0.06060606061,-8.384836245E-73)
COSET -1 c=4 d=37 gcd=4 a0=(-2.000000000,6.392285681E-72) 
rho=(0.03030303030,-1.788979045E-81) contrib=(-0.06060606061,1.937056303E-73)
COSET -1 c=4 d=39 gcd=4 a0=(-5.045170665E-73,-2.000000000) 
rho=(2.939037002E-81,-0.03030303030) contrib=(-0.06060606061,1.528839008E-74)
COSET -1 c=4 d=41 gcd=4 a0=(-2.000000000,-3.828635808E-71) 
rho=(0.03030303030,-1.788979045E-81) contrib=(-0.06060606061,-1.160192665E-72)
COSET -1 c=4 d=43 gcd=4 a0=(1.950526111E-72,-2.000000000) 
rho=(2.939037002E-81,-0.03030303030) contrib=(-0.06060606061,-5.910685774E-74)
COSET -1 c=4 d=45 gcd=4 a0=(-2.000000000,-4.633395301E-72) 
rho=(0.03030303030,-1.788979045E-81) contrib=(-0.06060606061,-1.404059146E-73)
COSET -1 c=4 d=47 gcd=4 a0=(2.841880881E-71,-2.000000000) 
rho=(2.939037002E-81,-0.03030303030) contrib=(-0.06060606061,-8.611760304E-73)
COSET -1 c=4 d=49 gcd=4 a0=(-2.000000000,-7.528325680E-72) 
rho=(0.03030303030,-1.788979045E-81) contrib=(-0.06060606061,-2.281310776E-73)
COSET -1 c=4 d=51 gcd=4 a0=(-1.053448884E-71,-2.000000000) 
rho=(2.939037002E-81,-0.03030303030) contrib=(-0.06060606061,3.192269286E-73)
COSET -1 c=4 d=53 gcd=4 a0=(-2.000000000,-8.043159654E-71) 
rho=(0.03030303030,-1.788979045E-81) contrib=(-0.06060606061,-2.437321104E-72)
COSET -1 c=4 d=55 gcd=4 a0=(-1.285480781E-70,-2.000000000) 
rho=(2.939037002E-81,-0.03030303030) contrib=(-0.06060606061,3.895396302E-72)
COSET -1 c=4 d=57 gcd=4 a0=(-2.000000000,4.612574170E-71) 
rho=(0.03030303030,-1.788979045E-81) contrib=(-0.06060606061,1.397749752E-72)
COSET -1 c=4 d=59 gcd=4 a0=(-5.569501476E-72,-2.000000000) 
rho=(2.939037002E-81,-0.03030303030) contrib=(-0.06060606061,1.687727661E-73)
COSET -1 c=4 d=61 gcd=4 a0=(-2.000000000,2.093088945E-71) 
rho=(0.03030303030,-1.788979045E-81) contrib=(-0.06060606061,6.342693810E-73)
COSET -1 c=4 d=63 gcd=4 a0=(1.549459988E-71,-2.000000000) 
rho=(2.939037002E-81,-0.03030303030) contrib=(-0.06060606061,-4.695333357E-73)
COSET -1 c=4 d=65 gcd=4 a0=(-2.000000000,1.212553444E-70) 
rho=(0.03030303030,-1.788979045E-81) contrib=(-0.06060606061,3.674404378E-72)
COSET -1 c=11 d=1 gcd=11 a0=(-0.5000000000,-0.5000000000) 
rho=(-4.827348310E-81,-3.525546594E-81) contrib=(6.509008579E-82,4.176447452E-8\
1)
COSET -1 c=11 d=2 gcd=11 a0=(0.5000000000,0.5000000000) 
rho=(-1.955849136E-82,5.597394365E-81) contrib=(-2.896489639E-81,2.700904726E-8\
1)
COSET -1 c=11 d=3 gcd=11 a0=(-0.5000000000,-0.5000000000) 
rho=(3.113740367E-82,-2.200083554E-82) contrib=(-2.656911960E-82,-4.568284067E-\
83)
COSET -1 c=11 d=4 gcd=11 a0=(-0.5000000000,-0.5000000000) 
rho=(-4.230755094E-82,-5.611998174E-83) contrib=(1.834777638E-82,2.395977455E-8\
2)
COSET -1 c=11 d=5 gcd=11 a0=(0.5000000000,0.5000000000) 
rho=(-3.121592963E-81,3.461233921E-81) contrib=(-3.291413442E-81,1.698204793E-8\
2)
COSET -1 c=11 d=6 gcd=11 a0=(0.5000000000,0.5000000000) 
rho=(-2.687318419E-81,4.597004104E-81) contrib=(-3.642161262E-81,9.548428428E-8\
2)
COSET -1 c=11 d=7 gcd=11 a0=(-0.5000000000,-0.5000000000) 
rho=(-4.835787122E-82,-6.522471119E-84) contrib=(2.385281205E-82,2.450505916E-8\
2)
COSET -1 c=11 d=8 gcd=11 a0=(-0.5000000000,-0.5000000000) 
rho=(1.165623677E-82,-6.686220756E-82) contrib=(-3.925922216E-82,2.760298539E-8\
2)
COSET -1 c=11 d=9 gcd=11 a0=(-0.5000000000,-0.5000000000) 
rho=(3.744123278E-81,-2.124135400E-81) contrib=(-2.934129339E-81,-8.099939393E-\
82)
COSET -1 c=11 d=10 gcd=11 a0=(-0.5000000000,-0.5000000000) 
rho=(1.587194787E-81,3.747796293E-81) contrib=(1.080300753E-81,-2.667495540E-81\
)
COSET -1 c=11 d=12 gcd=11 a0=(-0.5000000000,-0.5000000000) 
rho=(-4.827348310E-81,-3.525546594E-81) contrib=(6.509008579E-82,4.176447452E-8\
1)
COSET -1 c=11 d=23 gcd=11 a0=(-0.5000000000,-0.5000000000) 
rho=(-4.827348310E-81,-3.525546594E-81) contrib=(6.509008579E-82,4.176447452E-8\
1)
COSET -1 c=33 d=1 gcd=33 a0=(0.5000000000,-0.5000000000) 
rho=(-2.465836072E-82,-2.228936112E-80) contrib=(-1.126797237E-80,-1.102138876E\
-80)
COSET -1 c=33 d=2 gcd=33 a0=(0.5000000000,-0.5000000000) 
rho=(-5.799662177E-81,4.405625243E-81) contrib=(-6.970184667E-82,5.102643710E-8\
1)
COSET -1 c=33 d=4 gcd=33 a0=(0.5000000000,-0.5000000000) 
rho=(-2.470511480E-81,1.057922529E-81) contrib=(-7.062944754E-82,1.764217005E-8\
1)
COSET -1 c=33 d=7 gcd=33 a0=(-0.5000000000,0.5000000000) 
rho=(-2.325073770E-81,-3.743678247E-82) contrib=(1.349720797E-81,-9.753529726E-\
82)
COSET -1 c=44 d=1 gcd=44 a0=(-2.000000000,7.524571069E-71) 
rho=(2.069655082E-80,-9.149050478E-81) contrib=(-4.139310164E-80,1.829810096E-8\
0)
COSET -1 c=44 d=3 gcd=44 a0=(1.633526059E-70,-2.000000000) 
rho=(1.976853355E-81,6.016606980E-82) contrib=(1.203321396E-81,-3.953706710E-81\
)
COSET -1 c=44 d=5 gcd=44 a0=(-2.000000000,5.393570999E-71) 
rho=(-5.081419274E-81,-8.585502113E-83) contrib=(1.016283855E-80,1.717100423E-8\
2)
FORM 9:
  c_eta(0)[1] (trivial) = -3.92718954549E-69 + 1.51625751143E-69 i   (half: 
-1.96359477274E-69)
  c_eta(0)[2] = 6.00000000000 + 3.43652419304E-69 i   (half: 3.00000000000)
  c_eta(0)[3] = 6.00000000000 + 3.43652419300E-69 i   (half: 3.00000000000)
  c_eta(0)[4] = 6.00000000000 + 3.43652419308E-69 i   (half: 3.00000000000)
  c_eta(0)[5] = 6.00000000000 + 3.43652419302E-69 i   (half: 3.00000000000)
  c_eta(0)[6] = 6.00000000000 + 3.43652419307E-69 i   (half: 3.00000000000)
  c_eta(0)[7] = 6.00000000000 + 3.43652419311E-69 i   (half: 3.00000000000)
  c_eta(0)[8] = 6.00000000000 + 3.43652419308E-69 i   (half: 3.00000000000)
  c_eta(0)[9] = 6.00000000000 + 3.43652419303E-69 i   (half: 3.00000000000)
  c_eta(0)[10] = 6.00000000000 + 3.43652419290E-69 i   (half: 3.00000000000)
  c_eta(0)[11] = 6.00000000000 + 3.43652419301E-69 i   (half: 3.00000000000)
  c_eta(0)[12] = 6.00000000000 + 3.43652419297E-69 i   (half: 3.00000000000)
  c_eta(0)[13] = 6.00000000000 + 3.43652419304E-69 i   (half: 3.00000000000)
  c_eta(0)[14] = 6.00000000000 + 3.43652419310E-69 i   (half: 3.00000000000)
  c_eta(0)[15] = 6.00000000000 + 3.43652419295E-69 i   (half: 3.00000000000)
  c_eta(0)[16] = 6.00000000000 + 3.43652419312E-69 i   (half: 3.00000000000)
  c_eta(0)[17] = 6.00000000000 + 3.43652419326E-69 i   (half: 3.00000000000)
  c_eta(0)[18] = 6.00000000000 + 3.43652419311E-69 i   (half: 3.00000000000)
  c_eta(0)[19] = 6.00000000000 + 3.43652419313E-69 i   (half: 3.00000000000)
  c_eta(0)[20] = 6.00000000000 + 3.43652419315E-69 i   (half: 3.00000000000)
  c_eta(0)[21] = 6.00000000000 + 3.43652419318E-69 i   (half: 3.00000000000)
COSET 9 c=1 d=0 gcd=1 a0=(2.000000000,-2.000000000) 
rho=(0.007575757576,0.007575757576) contrib=(0.03030303030,2.021798536E-69)
COSET 9 c=1 d=1 gcd=1 a0=(2.000000000,-2.000000000) 
rho=(0.007575757576,0.007575757576) contrib=(0.03030303030,2.833553073E-74)
COSET 9 c=1 d=2 gcd=1 a0=(2.000000000,-2.000000000) 
rho=(0.007575757576,0.007575757576) contrib=(0.03030303030,4.511743815E-76)
COSET 9 c=1 d=3 gcd=1 a0=(2.000000000,-2.000000000) 
rho=(0.007575757576,0.007575757576) contrib=(0.03030303030,-2.682446294E-77)
COSET 9 c=1 d=4 gcd=1 a0=(2.000000000,-2.000000000) 
rho=(0.007575757576,0.007575757576) contrib=(0.03030303030,4.422765108E-77)
COSET 9 c=1 d=5 gcd=1 a0=(2.000000000,-2.000000000) 
rho=(0.007575757576,0.007575757576) contrib=(0.03030303030,-4.605956563E-77)
COSET 9 c=1 d=6 gcd=1 a0=(2.000000000,-2.000000000) 
rho=(0.007575757576,0.007575757576) contrib=(0.03030303030,-1.243084868E-77)
COSET 9 c=1 d=7 gcd=1 a0=(2.000000000,-2.000000000) 
rho=(0.007575757576,0.007575757576) contrib=(0.03030303030,-2.067446412E-77)
COSET 9 c=1 d=8 gcd=1 a0=(2.000000000,-2.000000000) 
rho=(0.007575757576,0.007575757576) contrib=(0.03030303030,9.159572710E-79)
COSET 9 c=1 d=9 gcd=1 a0=(2.000000000,-2.000000000) 
rho=(0.007575757576,0.007575757576) contrib=(0.03030303030,9.944678942E-78)
COSET 9 c=1 d=10 gcd=1 a0=(2.000000000,-2.000000000) 
rho=(0.007575757576,0.007575757576) contrib=(0.03030303030,-9.421274788E-78)
COSET 9 c=1 d=11 gcd=1 a0=(2.000000000,-2.000000000) 
rho=(0.007575757576,0.007575757576) contrib=(0.03030303030,-9.813827903E-78)
COSET 9 c=1 d=12 gcd=1 a0=(2.000000000,-2.000000000) 
rho=(0.007575757576,0.007575757576) contrib=(0.03030303030,1.648723088E-77)
COSET 9 c=1 d=13 gcd=1 a0=(2.000000000,-2.000000000) 
rho=(0.007575757576,0.007575757576) contrib=(0.03030303030,-1.151489141E-77)
COSET 9 c=1 d=14 gcd=1 a0=(2.000000000,-2.000000000) 
rho=(0.007575757576,0.007575757576) contrib=(0.03030303030,-8.767019594E-78)
COSET 9 c=1 d=15 gcd=1 a0=(2.000000000,-2.000000000) 
rho=(0.007575757576,0.007575757576) contrib=(0.03030303030,-1.164574245E-77)
COSET 9 c=1 d=16 gcd=1 a0=(2.000000000,-2.000000000) 
rho=(0.007575757576,0.007575757576) contrib=(0.03030303030,3.925531162E-78)
COSET 9 c=1 d=17 gcd=1 a0=(2.000000000,-2.000000000) 
rho=(0.007575757576,0.007575757576) contrib=(0.03030303030,-1.413191218E-77)
COSET 9 c=1 d=18 gcd=1 a0=(2.000000000,-2.000000000) 
rho=(0.007575757576,0.007575757576) contrib=(0.03030303030,-2.486169736E-78)
COSET 9 c=1 d=19 gcd=1 a0=(2.000000000,-2.000000000) 
rho=(0.007575757576,0.007575757576) contrib=(0.03030303030,-2.067446412E-77)
COSET 9 c=1 d=20 gcd=1 a0=(2.000000000,-2.000000000) 
rho=(0.007575757576,0.007575757576) contrib=(0.03030303030,2.080531516E-77)
COSET 9 c=1 d=21 gcd=1 a0=(2.000000000,-2.000000000) 
rho=(0.007575757576,0.007575757576) contrib=(0.03030303030,3.873190746E-77)
COSET 9 c=1 d=22 gcd=1 a0=(2.000000000,-2.000000000) 
rho=(0.007575757576,0.007575757576) contrib=(0.03030303030,7.183722026E-77)
COSET 9 c=1 d=23 gcd=1 a0=(2.000000000,-2.000000000) 
rho=(0.007575757576,0.007575757576) contrib=(0.03030303030,2.734786709E-77)
COSET 9 c=1 d=24 gcd=1 a0=(2.000000000,-2.000000000) 
rho=(0.007575757576,0.007575757576) contrib=(0.03030303030,2.747871813E-78)
COSET 9 c=1 d=25 gcd=1 a0=(2.000000000,-2.000000000) 
rho=(0.007575757576,0.007575757576) contrib=(0.03030303030,1.036340227E-76)
COSET 9 c=1 d=26 gcd=1 a0=(2.000000000,-2.000000000) 
rho=(0.007575757576,0.007575757576) contrib=(0.03030303030,-1.701063503E-77)
COSET 9 c=1 d=27 gcd=1 a0=(2.000000000,-2.000000000) 
rho=(0.007575757576,0.007575757576) contrib=(0.03030303030,4.396594901E-77)
COSET 9 c=1 d=28 gcd=1 a0=(2.000000000,-2.000000000) 
rho=(0.007575757576,0.007575757576) contrib=(0.03030303030,2.080531516E-77)
COSET 9 c=1 d=29 gcd=1 a0=(2.000000000,-2.000000000) 
rho=(0.007575757576,0.007575757576) contrib=(0.03030303030,6.084573300E-77)
COSET 9 c=1 d=30 gcd=1 a0=(2.000000000,-2.000000000) 
rho=(0.007575757576,0.007575757576) contrib=(0.03030303030,-6.359360482E-77)
COSET 9 c=1 d=31 gcd=1 a0=(2.000000000,-2.000000000) 
rho=(0.007575757576,0.007575757576) contrib=(0.03030303030,-5.495743626E-77)
COSET 9 c=1 d=32 gcd=1 a0=(2.000000000,-2.000000000) 
rho=(0.007575757576,0.007575757576) contrib=(0.03030303030,3.441382318E-77)
COSET 9 c=1 d=33 gcd=1 a0=(2.000000000,-2.000000000) 
rho=(0.007575757576,0.007575757576) contrib=(0.03030303030,-1.710223076E-76)
COSET 9 c=1 d=34 gcd=1 a0=(2.000000000,-2.000000000) 
rho=(0.007575757576,0.007575757576) contrib=(0.03030303030,4.527445939E-77)
COSET 9 c=1 d=35 gcd=1 a0=(2.000000000,-2.000000000) 
rho=(0.007575757576,0.007575757576) contrib=(0.03030303030,2.118478317E-76)
COSET 9 c=1 d=36 gcd=1 a0=(2.000000000,-2.000000000) 
rho=(0.007575757576,0.007575757576) contrib=(0.03030303030,3.029201546E-76)
COSET 9 c=1 d=37 gcd=1 a0=(2.000000000,-2.000000000) 
rho=(0.007575757576,0.007575757576) contrib=(0.03030303030,-7.157551818E-77)
COSET 9 c=1 d=38 gcd=1 a0=(2.000000000,-2.000000000) 
rho=(0.007575757576,0.007575757576) contrib=(0.03030303030,-5.194786237E-77)
COSET 9 c=1 d=39 gcd=1 a0=(2.000000000,-2.000000000) 
rho=(0.007575757576,0.007575757576) contrib=(0.03030303030,-6.843509325E-77)
COSET 9 c=1 d=40 gcd=1 a0=(2.000000000,-2.000000000) 
rho=(0.007575757576,0.007575757576) contrib=(0.03030303030,7.131381610E-77)
COSET 9 c=1 d=41 gcd=1 a0=(2.000000000,-2.000000000) 
rho=(0.007575757576,0.007575757576) contrib=(0.03030303030,9.028721671E-77)
COSET 9 c=1 d=42 gcd=1 a0=(2.000000000,-2.000000000) 
rho=(0.007575757576,0.007575757576) contrib=(0.03030303030,-1.161957224E-76)
COSET 9 c=1 d=43 gcd=1 a0=(2.000000000,-2.000000000) 
rho=(0.007575757576,0.007575757576) contrib=(0.03030303030,6.738828494E-77)
COSET 9 c=1 d=44 gcd=1 a0=(2.000000000,-2.000000000) 
rho=(0.007575757576,0.007575757576) contrib=(0.03030303030,-9.251168437E-77)
COSET 9 c=1 d=45 gcd=1 a0=(2.000000000,-2.000000000) 
rho=(0.007575757576,0.007575757576) contrib=(0.03030303030,-1.701063503E-78)
COSET 9 c=1 d=46 gcd=1 a0=(2.000000000,-2.000000000) 
rho=(0.007575757576,0.007575757576) contrib=(0.03030303030,3.271275968E-77)
COSET 9 c=1 d=47 gcd=1 a0=(2.000000000,-2.000000000) 
rho=(0.007575757576,0.007575757576) contrib=(0.03030303030,-7.236062441E-77)
COSET 9 c=1 d=48 gcd=1 a0=(2.000000000,-2.000000000) 
rho=(0.007575757576,0.007575757576) contrib=(0.03030303030,3.790754592E-76)
COSET 9 c=1 d=49 gcd=1 a0=(2.000000000,-2.000000000) 
rho=(0.007575757576,0.007575757576) contrib=(0.03030303030,-7.851062323E-78)
COSET 9 c=1 d=50 gcd=1 a0=(2.000000000,-2.000000000) 
rho=(0.007575757576,0.007575757576) contrib=(0.03030303030,2.499254840E-77)
COSET 9 c=1 d=51 gcd=1 a0=(2.000000000,-2.000000000) 
rho=(0.007575757576,0.007575757576) contrib=(0.03030303030,-5.364892587E-78)
COSET 9 c=1 d=52 gcd=1 a0=(2.000000000,-2.000000000) 
rho=(0.007575757576,0.007575757576) contrib=(0.03030303030,-3.467552526E-77)
COSET 9 c=1 d=53 gcd=1 a0=(2.000000000,-2.000000000) 
rho=(0.007575757576,0.007575757576) contrib=(0.03030303030,9.735317280E-77)
COSET 9 c=1 d=54 gcd=1 a0=(2.000000000,-2.000000000) 
rho=(0.007575757576,0.007575757576) contrib=(0.03030303030,-2.521499516E-76)
COSET 9 c=1 d=55 gcd=1 a0=(2.000000000,-2.000000000) 
rho=(0.007575757576,0.007575757576) contrib=(0.03030303030,1.725925201E-76)
COSET 9 c=1 d=56 gcd=1 a0=(2.000000000,-2.000000000) 
rho=(0.007575757576,0.007575757576) contrib=(0.03030303030,1.701063503E-78)
COSET 9 c=1 d=57 gcd=1 a0=(2.000000000,-2.000000000) 
rho=(0.007575757576,0.007575757576) contrib=(0.03030303030,8.335211166E-77)
COSET 9 c=1 d=58 gcd=1 a0=(2.000000000,-2.000000000) 
rho=(0.007575757576,0.007575757576) contrib=(0.03030303030,2.223159148E-76)
COSET 9 c=1 d=59 gcd=1 a0=(2.000000000,-2.000000000) 
rho=(0.007575757576,0.007575757576) contrib=(0.03030303030,-5.652764872E-77)
COSET 9 c=1 d=60 gcd=1 a0=(2.000000000,-2.000000000) 
rho=(0.007575757576,0.007575757576) contrib=(0.03030303030,1.555818850E-76)
COSET 9 c=1 d=61 gcd=1 a0=(2.000000000,-2.000000000) 
rho=(0.007575757576,0.007575757576) contrib=(0.03030303030,8.557657932E-77)
COSET 9 c=1 d=62 gcd=1 a0=(2.000000000,-2.000000000) 
rho=(0.007575757576,0.007575757576) contrib=(0.03030303030,-2.747871813E-78)
COSET 9 c=1 d=63 gcd=1 a0=(2.000000000,-2.000000000) 
rho=(0.007575757576,0.007575757576) contrib=(0.03030303030,3.093318555E-76)
COSET 9 c=1 d=64 gcd=1 a0=(2.000000000,-2.000000000) 
rho=(0.007575757576,0.007575757576) contrib=(0.03030303030,-2.276808074E-76)
COSET 9 c=1 d=65 gcd=1 a0=(2.000000000,-2.000000000) 
rho=(0.007575757576,0.007575757576) contrib=(0.03030303030,1.857168792E-75)
COSET 9 c=1 d=66 gcd=1 a0=(2.000000000,-2.000000000) 
rho=(0.007575757576,0.007575757576) contrib=(0.03030303030,-9.560631143E-75)
COSET 9 c=1 d=67 gcd=1 a0=(2.000000000,-2.000000000) 
rho=(0.007575757576,0.007575757576) contrib=(0.03030303030,-8.582519629E-76)
COSET 9 c=1 d=68 gcd=1 a0=(2.000000000,-2.000000000) 
rho=(0.007575757576,0.007575757576) contrib=(0.03030303030,-5.953722262E-77)
COSET 9 c=1 d=69 gcd=1 a0=(2.000000000,-2.000000000) 
rho=(0.007575757576,0.007575757576) contrib=(0.03030303030,-4.134892824E-77)
COSET 9 c=1 d=70 gcd=1 a0=(2.000000000,-2.000000000) 
rho=(0.007575757576,0.007575757576) contrib=(0.03030303030,2.970318579E-77)
COSET 9 c=1 d=71 gcd=1 a0=(2.000000000,-2.000000000) 
rho=(0.007575757576,0.007575757576) contrib=(0.03030303030,1.068660433E-75)
COSET 9 c=1 d=72 gcd=1 a0=(2.000000000,-2.000000000) 
rho=(0.007575757576,0.007575757576) contrib=(0.03030303030,-5.320403234E-76)
COSET 9 c=1 d=73 gcd=1 a0=(2.000000000,-2.000000000) 
rho=(0.007575757576,0.007575757576) contrib=(0.03030303030,-5.194786237E-76)
COSET 9 c=1 d=74 gcd=1 a0=(2.000000000,-2.000000000) 
rho=(0.007575757576,0.007575757576) contrib=(0.03030303030,-1.491701841E-77)
COSET 9 c=1 d=75 gcd=1 a0=(2.000000000,-2.000000000) 
rho=(0.007575757576,0.007575757576) contrib=(0.03030303030,9.787657696E-77)
COSET 9 c=1 d=76 gcd=1 a0=(2.000000000,-2.000000000) 
rho=(0.007575757576,0.007575757576) contrib=(0.03030303030,1.435435895E-76)
COSET 9 c=1 d=77 gcd=1 a0=(2.000000000,-2.000000000) 
rho=(0.007575757576,0.007575757576) contrib=(0.03030303030,-7.327658168E-77)
COSET 9 c=1 d=78 gcd=1 a0=(2.000000000,-2.000000000) 
rho=(0.007575757576,0.007575757576) contrib=(0.03030303030,3.837860965E-76)
COSET 9 c=1 d=79 gcd=1 a0=(2.000000000,-2.000000000) 
rho=(0.007575757576,0.007575757576) contrib=(0.03030303030,-1.135787016E-76)
COSET 9 c=1 d=80 gcd=1 a0=(2.000000000,-2.000000000) 
rho=(0.007575757576,0.007575757576) contrib=(0.03030303030,2.198297450E-77)
COSET 9 c=1 d=81 gcd=1 a0=(2.000000000,-2.000000000) 
rho=(0.007575757576,0.007575757576) contrib=(0.03030303030,-1.287574221E-76)
COSET 9 c=1 d=82 gcd=1 a0=(2.000000000,-2.000000000) 
rho=(0.007575757576,0.007575757576) contrib=(0.03030303030,-2.571222911E-76)
COSET 9 c=1 d=83 gcd=1 a0=(2.000000000,-2.000000000) 
rho=(0.007575757576,0.007575757576) contrib=(0.03030303030,-1.219531681E-76)
COSET 9 c=1 d=84 gcd=1 a0=(2.000000000,-2.000000000) 
rho=(0.007575757576,0.007575757576) contrib=(0.03030303030,-2.015105996E-77)
COSET 9 c=1 d=85 gcd=1 a0=(2.000000000,-2.000000000) 
rho=(0.007575757576,0.007575757576) contrib=(0.03030303030,-7.280551794E-76)
COSET 9 c=1 d=86 gcd=1 a0=(2.000000000,-2.000000000) 
rho=(0.007575757576,0.007575757576) contrib=(0.03030303030,2.433829320E-77)
COSET 9 c=1 d=87 gcd=1 a0=(2.000000000,-2.000000000) 
rho=(0.007575757576,0.007575757576) contrib=(0.03030303030,-1.740318815E-77)
COSET 9 c=1 d=88 gcd=1 a0=(2.000000000,-2.000000000) 
rho=(0.007575757576,0.007575757576) contrib=(0.03030303030,-2.216616596E-76)
COSET 9 c=1 d=89 gcd=1 a0=(2.000000000,-2.000000000) 
rho=(0.007575757576,0.007575757576) contrib=(0.03030303030,-9.669891761E-77)
COSET 9 c=1 d=90 gcd=1 a0=(2.000000000,-2.000000000) 
rho=(0.007575757576,0.007575757576) contrib=(0.03030303030,-1.559744381E-76)
COSET 9 c=1 d=91 gcd=1 a0=(2.000000000,-2.000000000) 
rho=(0.007575757576,0.007575757576) contrib=(0.03030303030,3.822158841E-76)
COSET 9 c=1 d=92 gcd=1 a0=(2.000000000,-2.000000000) 
rho=(0.007575757576,0.007575757576) contrib=(0.03030303030,3.192765345E-77)
COSET 9 c=1 d=93 gcd=1 a0=(2.000000000,-2.000000000) 
rho=(0.007575757576,0.007575757576) contrib=(0.03030303030,2.185212346E-77)
COSET 9 c=1 d=94 gcd=1 a0=(2.000000000,-2.000000000) 
rho=(0.007575757576,0.007575757576) contrib=(0.03030303030,-2.504488881E-76)
COSET 9 c=1 d=95 gcd=1 a0=(2.000000000,-2.000000000) 
rho=(0.007575757576,0.007575757576) contrib=(0.03030303030,8.346987759E-76)
COSET 9 c=1 d=96 gcd=1 a0=(2.000000000,-2.000000000) 
rho=(0.007575757576,0.007575757576) contrib=(0.03030303030,1.164574245E-76)
COSET 9 c=1 d=97 gcd=1 a0=(2.000000000,-2.000000000) 
rho=(0.007575757576,0.007575757576) contrib=(0.03030303030,-4.833637370E-76)
COSET 9 c=1 d=98 gcd=1 a0=(2.000000000,-2.000000000) 
rho=(0.007575757576,0.007575757576) contrib=(0.03030303030,3.073690899E-76)
COSET 9 c=1 d=99 gcd=1 a0=(2.000000000,-2.000000000) 
rho=(0.007575757576,0.007575757576) contrib=(0.03030303030,2.548978234E-76)
COSET 9 c=1 d=100 gcd=1 a0=(2.000000000,-2.000000000) 
rho=(0.007575757576,0.007575757576) contrib=(0.03030303030,-3.636350366E-76)
COSET 9 c=1 d=101 gcd=1 a0=(2.000000000,-2.000000000) 
rho=(0.007575757576,0.007575757576) contrib=(0.03030303030,4.817935246E-76)
COSET 9 c=1 d=102 gcd=1 a0=(2.000000000,-2.000000000) 
rho=(0.007575757576,0.007575757576) contrib=(0.03030303030,3.860105642E-77)
COSET 9 c=1 d=103 gcd=1 a0=(2.000000000,-2.000000000) 
rho=(0.007575757576,0.007575757576) contrib=(0.03030303030,-6.221966891E-76)
COSET 9 c=1 d=104 gcd=1 a0=(2.000000000,-2.000000000) 
rho=(0.007575757576,0.007575757576) contrib=(0.03030303030,3.506807837E-77)
COSET 9 c=1 d=105 gcd=1 a0=(2.000000000,-2.000000000) 
rho=(0.007575757576,0.007575757576) contrib=(0.03030303030,5.453871294E-76)
COSET 9 c=1 d=106 gcd=1 a0=(2.000000000,-2.000000000) 
rho=(0.007575757576,0.007575757576) contrib=(0.03030303030,3.921605630E-76)
COSET 9 c=1 d=107 gcd=1 a0=(2.000000000,-2.000000000) 
rho=(0.007575757576,0.007575757576) contrib=(0.03030303030,1.068006178E-75)
COSET 9 c=1 d=108 gcd=1 a0=(2.000000000,-2.000000000) 
rho=(0.007575757576,0.007575757576) contrib=(0.03030303030,-6.087190321E-76)
COSET 9 c=1 d=109 gcd=1 a0=(2.000000000,-2.000000000) 
rho=(0.007575757576,0.007575757576) contrib=(0.03030303030,7.467668779E-76)
COSET 9 c=1 d=110 gcd=1 a0=(2.000000000,-2.000000000) 
rho=(0.007575757576,0.007575757576) contrib=(0.03030303030,3.166595137E-77)
COSET 9 c=1 d=111 gcd=1 a0=(2.000000000,-2.000000000) 
rho=(0.007575757576,0.007575757576) contrib=(0.03030303030,2.927137736E-76)
COSET 9 c=1 d=112 gcd=1 a0=(2.000000000,-2.000000000) 
rho=(0.007575757576,0.007575757576) contrib=(0.03030303030,-4.875509702E-76)
COSET 9 c=1 d=113 gcd=1 a0=(2.000000000,-2.000000000) 
rho=(0.007575757576,0.007575757576) contrib=(0.03030303030,-2.185212346E-77)
COSET 9 c=1 d=114 gcd=1 a0=(2.000000000,-2.000000000) 
rho=(0.007575757576,0.007575757576) contrib=(0.03030303030,8.989466360E-77)
COSET 9 c=1 d=115 gcd=1 a0=(2.000000000,-2.000000000) 
rho=(0.007575757576,0.007575757576) contrib=(0.03030303030,9.388562028E-76)
COSET 9 c=1 d=116 gcd=1 a0=(2.000000000,-2.000000000) 
rho=(0.007575757576,0.007575757576) contrib=(0.03030303030,-4.971030961E-76)
COSET 9 c=1 d=117 gcd=1 a0=(2.000000000,-2.000000000) 
rho=(0.007575757576,0.007575757576) contrib=(0.03030303030,-3.145658971E-76)
COSET 9 c=1 d=118 gcd=1 a0=(2.000000000,-2.000000000) 
rho=(0.007575757576,0.007575757576) contrib=(0.03030303030,2.448222934E-76)
COSET 9 c=1 d=119 gcd=1 a0=(2.000000000,-2.000000000) 
rho=(0.007575757576,0.007575757576) contrib=(0.03030303030,-4.777371423E-76)
COSET 9 c=1 d=120 gcd=1 a0=(2.000000000,-2.000000000) 
rho=(0.007575757576,0.007575757576) contrib=(0.03030303030,-4.837562901E-76)
COSET 9 c=1 d=121 gcd=1 a0=(2.000000000,-2.000000000) 
rho=(0.007575757576,0.007575757576) contrib=(0.03030303030,-3.525126983E-76)
COSET 9 c=1 d=122 gcd=1 a0=(2.000000000,-2.000000000) 
rho=(0.007575757576,0.007575757576) contrib=(0.03030303030,3.362871695E-77)
COSET 9 c=1 d=123 gcd=1 a0=(2.000000000,-2.000000000) 
rho=(0.007575757576,0.007575757576) contrib=(0.03030303030,-1.127935954E-76)
COSET 9 c=1 d=124 gcd=1 a0=(2.000000000,-2.000000000) 
rho=(0.007575757576,0.007575757576) contrib=(0.03030303030,-3.687382271E-76)
COSET 9 c=1 d=125 gcd=1 a0=(2.000000000,-2.000000000) 
rho=(0.007575757576,0.007575757576) contrib=(0.03030303030,3.246414270E-76)
COSET 9 c=1 d=126 gcd=1 a0=(2.000000000,-2.000000000) 
rho=(0.007575757576,0.007575757576) contrib=(0.03030303030,7.959668685E-76)
COSET 9 c=1 d=127 gcd=1 a0=(2.000000000,-2.000000000) 
rho=(0.007575757576,0.007575757576) contrib=(0.03030303030,3.781595019E-77)
COSET 9 c=1 d=128 gcd=1 a0=(2.000000000,-2.000000000) 
rho=(0.007575757576,0.007575757576) contrib=(0.03030303030,7.352519865E-76)
COSET 9 c=1 d=129 gcd=1 a0=(2.000000000,-2.000000000) 
rho=(0.007575757576,0.007575757576) contrib=(0.03030303030,8.182115451E-76)
COSET 9 c=1 d=130 gcd=1 a0=(2.000000000,-2.000000000) 
rho=(0.007575757576,0.007575757576) contrib=(0.03030303030,-1.307986983E-75)
COSET 9 c=1 d=131 gcd=1 a0=(2.000000000,-2.000000000) 
rho=(0.007575757576,0.007575757576) contrib=(0.03030303030,4.363641179E-71)
COSET 9 c=3 d=1 gcd=3 a0=(2.000000000,2.000000000) 
rho=(0.02272727273,-0.02272727273) contrib=(0.09090909091,-4.915021273E-71)
COSET 9 c=3 d=2 gcd=3 a0=(2.000000000,2.000000000) 
rho=(0.02272727273,-0.02272727273) contrib=(0.09090909091,-2.797741760E-71)
COSET 9 c=3 d=4 gcd=3 a0=(2.000000000,2.000000000) 
rho=(0.02272727273,-0.02272727273) contrib=(0.09090909091,-2.687118408E-71)
COSET 9 c=3 d=5 gcd=3 a0=(2.000000000,2.000000000) 
rho=(0.02272727273,-0.02272727273) contrib=(0.09090909091,-7.270591203E-71)
COSET 9 c=3 d=7 gcd=3 a0=(2.000000000,2.000000000) 
rho=(0.02272727273,-0.02272727273) contrib=(0.09090909091,-1.719485655E-71)
COSET 9 c=3 d=8 gcd=3 a0=(2.000000000,2.000000000) 
rho=(0.02272727273,-0.02272727273) contrib=(0.09090909091,-3.277216814E-71)
COSET 9 c=3 d=10 gcd=3 a0=(2.000000000,2.000000000) 
rho=(0.02272727273,-0.02272727273) contrib=(0.09090909091,-2.642097277E-71)
COSET 9 c=3 d=11 gcd=3 a0=(2.000000000,2.000000000) 
rho=(0.02272727273,-0.02272727273) contrib=(0.09090909091,-3.164663984E-71)
COSET 9 c=3 d=13 gcd=3 a0=(2.000000000,2.000000000) 
rho=(0.02272727273,-0.02272727273) contrib=(0.09090909091,-9.748039770E-71)
COSET 9 c=3 d=14 gcd=3 a0=(2.000000000,2.000000000) 
rho=(0.02272727273,-0.02272727273) contrib=(0.09090909091,-4.133583056E-71)
COSET 9 c=3 d=16 gcd=3 a0=(2.000000000,2.000000000) 
rho=(0.02272727273,-0.02272727273) contrib=(0.09090909091,-1.803771645E-70)
COSET 9 c=3 d=17 gcd=3 a0=(2.000000000,2.000000000) 
rho=(0.02272727273,-0.02272727273) contrib=(0.09090909091,6.286879480E-72)
COSET 9 c=3 d=19 gcd=3 a0=(2.000000000,2.000000000) 
rho=(0.02272727273,-0.02272727273) contrib=(0.09090909091,3.718745485E-71)
COSET 9 c=3 d=20 gcd=3 a0=(2.000000000,2.000000000) 
rho=(0.02272727273,-0.02272727273) contrib=(0.09090909091,1.201421060E-70)
COSET 9 c=3 d=22 gcd=3 a0=(2.000000000,2.000000000) 
rho=(0.02272727273,-0.02272727273) contrib=(0.09090909091,-8.870449280E-71)
COSET 9 c=3 d=23 gcd=3 a0=(2.000000000,2.000000000) 
rho=(0.02272727273,-0.02272727273) contrib=(0.09090909091,3.308184921E-70)
COSET 9 c=3 d=25 gcd=3 a0=(2.000000000,2.000000000) 
rho=(0.02272727273,-0.02272727273) contrib=(0.09090909091,1.687006124E-70)
COSET 9 c=3 d=26 gcd=3 a0=(2.000000000,2.000000000) 
rho=(0.02272727273,-0.02272727273) contrib=(0.09090909091,-2.706959864E-70)
COSET 9 c=3 d=28 gcd=3 a0=(2.000000000,2.000000000) 
rho=(0.02272727273,-0.02272727273) contrib=(0.09090909091,-1.173636590E-70)
COSET 9 c=3 d=29 gcd=3 a0=(2.000000000,2.000000000) 
rho=(0.02272727273,-0.02272727273) contrib=(0.09090909091,-4.707570329E-70)
COSET 9 c=3 d=31 gcd=3 a0=(2.000000000,2.000000000) 
rho=(0.02272727273,-0.02272727273) contrib=(0.09090909091,1.495087471E-70)
COSET 9 c=3 d=32 gcd=3 a0=(2.000000000,2.000000000) 
rho=(0.02272727273,-0.02272727273) contrib=(0.09090909091,-1.974980577E-70)
COSET 9 c=3 d=34 gcd=3 a0=(2.000000000,2.000000000) 
rho=(0.02272727273,-0.02272727273) contrib=(0.09090909091,-4.961521670E-70)
COSET 9 c=3 d=35 gcd=3 a0=(2.000000000,2.000000000) 
rho=(0.02272727273,-0.02272727273) contrib=(0.09090909091,-3.880532138E-70)
COSET 9 c=3 d=37 gcd=3 a0=(2.000000000,2.000000000) 
rho=(0.02272727273,-0.02272727273) contrib=(0.09090909091,8.334794285E-70)
COSET 9 c=3 d=38 gcd=3 a0=(2.000000000,2.000000000) 
rho=(0.02272727273,-0.02272727273) contrib=(0.09090909091,2.766612864E-70)
COSET 9 c=3 d=40 gcd=3 a0=(2.000000000,2.000000000) 
rho=(0.02272727273,-0.02272727273) contrib=(0.09090909091,1.139947920E-69)
COSET 9 c=3 d=41 gcd=3 a0=(2.000000000,2.000000000) 
rho=(0.02272727273,-0.02272727273) contrib=(0.09090909091,2.398854533E-70)
COSET 9 c=3 d=43 gcd=3 a0=(2.000000000,2.000000000) 
rho=(0.02272727273,-0.02272727273) contrib=(0.09090909091,3.577861501E-70)
COSET 9 c=3 d=44 gcd=3 a0=(2.000000000,2.000000000) 
rho=(0.02272727273,-0.02272727273) contrib=(0.09090909091,-7.078543918E-70)
COSET 9 c=3 d=47 gcd=3 a0=(2.000000000,2.000000000) 
rho=(0.02272727273,-0.02272727273) contrib=(0.09090909091,1.479831739E-69)
COSET 9 c=3 d=50 gcd=3 a0=(2.000000000,2.000000000) 
rho=(0.02272727273,-0.02272727273) contrib=(0.09090909091,-1.130448461E-69)
COSET 9 c=3 d=53 gcd=3 a0=(2.000000000,2.000000000) 
rho=(0.02272727273,-0.02272727273) contrib=(0.09090909091,9.555960327E-70)
COSET 9 c=3 d=56 gcd=3 a0=(2.000000000,2.000000000) 
rho=(0.02272727273,-0.02272727273) contrib=(0.09090909091,1.207933045E-69)
COSET 9 c=3 d=59 gcd=3 a0=(2.000000000,2.000000000) 
rho=(0.02272727273,-0.02272727273) contrib=(0.09090909091,-1.907509980E-69)
COSET 9 c=3 d=62 gcd=3 a0=(2.000000000,2.000000000) 
rho=(0.02272727273,-0.02272727273) contrib=(0.09090909091,1.517231436E-69)
COSET 9 c=3 d=65 gcd=3 a0=(2.000000000,2.000000000) 
rho=(0.02272727273,-0.02272727273) contrib=(0.09090909091,1.468016907E-69)
COSET 9 c=3 d=68 gcd=3 a0=(2.000000000,2.000000000) 
rho=(0.02272727273,-0.02272727273) contrib=(0.09090909091,1.617776486E-69)
COSET 9 c=3 d=71 gcd=3 a0=(2.000000000,2.000000000) 
rho=(0.02272727273,-0.02272727273) contrib=(0.09090909091,-6.505264121E-70)
COSET 9 c=3 d=74 gcd=3 a0=(2.000000000,2.000000000) 
rho=(0.02272727273,-0.02272727273) contrib=(0.09090909091,-1.381743556E-69)
COSET 9 c=3 d=77 gcd=3 a0=(2.000000000,2.000000000) 
rho=(0.02272727273,-0.02272727273) contrib=(0.09090909091,1.427034814E-69)
COSET 9 c=3 d=80 gcd=3 a0=(2.000000000,2.000000000) 
rho=(0.02272727273,-0.02272727273) contrib=(0.09090909091,-6.497224633E-70)
COSET 9 c=3 d=83 gcd=3 a0=(2.000000000,2.000000000) 
rho=(0.02272727273,-0.02272727273) contrib=(0.09090909091,-2.566217375E-69)
COSET 9 c=3 d=86 gcd=3 a0=(2.000000000,2.000000000) 
rho=(0.02272727273,-0.02272727273) contrib=(0.09090909091,-2.598378542E-69)
COSET 9 c=4 d=1 gcd=4 a0=(-4.000000000,-3.487663053E-70) 
rho=(0.03030303030,-1.788979045E-81) contrib=(-0.1212121212,-1.056867591E-71)
COSET 9 c=4 d=3 gcd=4 a0=(-4.213608437E-70,-4.000000000) 
rho=(2.939037002E-81,-0.03030303030) contrib=(-0.1212121212,1.276851040E-71)
COSET 9 c=4 d=5 gcd=4 a0=(-4.000000000,2.644558284E-70) 
rho=(0.03030303030,-1.788979045E-81) contrib=(-0.1212121212,8.013812990E-72)
COSET 9 c=4 d=7 gcd=4 a0=(3.533859353E-69,-4.000000000) 
rho=(2.939037002E-81,-0.03030303030) contrib=(-0.1212121212,-1.070866471E-70)
COSET 9 c=4 d=9 gcd=4 a0=(-4.000000000,-4.431659588E-70) 
rho=(0.03030303030,-1.788979045E-81) contrib=(-0.1212121212,-1.342927147E-71)
COSET 9 c=4 d=11 gcd=4 a0=(-2.773524248E-69,-4.000000000) 
rho=(2.939037002E-81,-0.03030303030) contrib=(-0.1212121212,8.404618933E-71)
COSET 9 c=4 d=13 gcd=4 a0=(-4.000000000,7.518415045E-70) 
rho=(0.03030303030,-1.788979045E-81) contrib=(-0.1212121212,2.278307590E-71)
COSET 9 c=4 d=15 gcd=4 a0=(-1.042081202E-68,-4.000000000) 
rho=(2.939037002E-81,-0.03030303030) contrib=(-0.1212121212,3.157821826E-70)
COSET 9 c=4 d=17 gcd=4 a0=(-4.000000000,1.437166649E-69) 
rho=(0.03030303030,-1.788979045E-81) contrib=(-0.1212121212,4.355050451E-71)
COSET 9 c=4 d=19 gcd=4 a0=(4.471655852E-70,-4.000000000) 
rho=(2.939037002E-81,-0.03030303030) contrib=(-0.1212121212,-1.355047229E-71)
COSET 9 c=4 d=21 gcd=4 a0=(-4.000000000,-1.389530903E-69) 
rho=(0.03030303030,-1.788979045E-81) contrib=(-0.1212121212,-4.210699705E-71)
COSET 9 c=4 d=23 gcd=4 a0=(6.391320921E-69,-4.000000000) 
rho=(2.939037002E-81,-0.03030303030) contrib=(-0.1212121212,-1.936763915E-70)
COSET 9 c=4 d=25 gcd=4 a0=(-4.000000000,1.001071984E-68) 
rho=(0.03030303030,-1.788979045E-81) contrib=(-0.1212121212,3.033551467E-70)
COSET 9 c=4 d=27 gcd=4 a0=(1.720082488E-69,-4.000000000) 
rho=(2.939037002E-81,-0.03030303030) contrib=(-0.1212121212,-5.212371178E-71)
COSET 9 c=4 d=29 gcd=4 a0=(-4.000000000,2.472019588E-70) 
rho=(0.03030303030,-1.788979045E-81) contrib=(-0.1212121212,7.490968456E-72)
COSET 9 c=4 d=31 gcd=4 a0=(6.801108050E-69,-4.000000000) 
rho=(2.939037002E-81,-0.03030303030) contrib=(-0.1212121212,-2.060941833E-70)
COSET 9 c=4 d=33 gcd=4 a0=(-4.000000000,-4.338821044E-69) 
rho=(0.03030303030,-1.788979045E-81) contrib=(-0.1212121212,-1.314794256E-70)
COSET 9 c=4 d=35 gcd=4 a0=(1.478878220E-68,-4.000000000) 
rho=(2.939037002E-81,-0.03030303030) contrib=(-0.1212121212,-4.481449152E-70)
COSET 9 c=4 d=37 gcd=4 a0=(-4.000000000,3.853511857E-69) 
rho=(0.03030303030,-1.788979045E-81) contrib=(-0.1212121212,1.167730866E-70)
COSET 9 c=4 d=39 gcd=4 a0=(-1.211710909E-70,-4.000000000) 
rho=(2.939037002E-81,-0.03030303030) contrib=(-0.1212121212,3.671851227E-72)
COSET 9 c=4 d=41 gcd=4 a0=(-4.000000000,-2.034897120E-68) 
rho=(0.03030303030,-1.788979045E-81) contrib=(-0.1212121212,-6.166354909E-70)
COSET 9 c=4 d=43 gcd=4 a0=(1.320273342E-69,-4.000000000) 
rho=(2.939037002E-81,-0.03030303030) contrib=(-0.1212121212,-4.000828310E-71)
COSET 9 c=4 d=45 gcd=4 a0=(-4.000000000,-2.381262217E-69) 
rho=(0.03030303030,-1.788979045E-81) contrib=(-0.1212121212,-7.215946111E-71)
COSET 9 c=4 d=47 gcd=4 a0=(1.497559136E-68,-4.000000000) 
rho=(2.939037002E-81,-0.03030303030) contrib=(-0.1212121212,-4.538057988E-70)
COSET 9 c=4 d=49 gcd=4 a0=(-4.000000000,-4.365600547E-69) 
rho=(0.03030303030,-1.788979045E-81) contrib=(-0.1212121212,-1.322909256E-70)
COSET 9 c=4 d=51 gcd=4 a0=(-4.518433724E-69,-4.000000000) 
rho=(2.939037002E-81,-0.03030303030) contrib=(-0.1212121212,1.369222341E-70)
COSET 9 c=4 d=53 gcd=4 a0=(-4.000000000,-4.324386143E-68) 
rho=(0.03030303030,-1.788979045E-81) contrib=(-0.1212121212,-1.310420043E-69)
COSET 9 c=4 d=55 gcd=4 a0=(-6.841842873E-68,-4.000000000) 
rho=(2.939037002E-81,-0.03030303030) contrib=(-0.1212121212,2.073285719E-69)
COSET 9 c=4 d=57 gcd=4 a0=(-4.000000000,2.530228125E-68) 
rho=(0.03030303030,-1.788979045E-81) contrib=(-0.1212121212,7.667357955E-70)
COSET 9 c=4 d=59 gcd=4 a0=(-3.702932743E-69,-4.000000000) 
rho=(2.939037002E-81,-0.03030303030) contrib=(-0.1212121212,1.122100831E-70)
COSET 9 c=4 d=61 gcd=4 a0=(-4.000000000,1.192900487E-68) 
rho=(0.03030303030,-1.788979045E-81) contrib=(-0.1212121212,3.614849961E-70)
COSET 9 c=4 d=63 gcd=4 a0=(7.669871587E-69,-4.000000000) 
rho=(2.939037002E-81,-0.03030303030) contrib=(-0.1212121212,-2.324203511E-70)
COSET 9 c=4 d=65 gcd=4 a0=(-4.000000000,6.438202023E-68) 
rho=(0.03030303030,-1.788979045E-81) contrib=(-0.1212121212,1.950970310E-69)
COSET 9 c=12 d=1 gcd=12 a0=(-2.000000000,4.833402022E-72) 
rho=(-0.09090909091,1.073387427E-80) contrib=(0.1818181818,-4.394002053E-73)
COSET 9 c=12 d=5 gcd=12 a0=(2.000000000,8.879031712E-72) 
rho=(0.09090909091,-1.022273740E-81) contrib=(0.1818181818,8.071846991E-73)
COSET 9 c=12 d=7 gcd=12 a0=(-4.064777882E-72,-2.000000000) 
rho=(-4.600231830E-81,0.09090909091) contrib=(0.1818181818,-3.695252528E-73)
COSET 9 c=12 d=11 gcd=12 a0=(-4.181135521E-72,-2.000000000) 
rho=(-9.711600529E-81,0.09090909091) contrib=(0.1818181818,-3.801032098E-73)
COSET 9 c=12 d=13 gcd=12 a0=(-2.000000000,-4.252520537E-71) 
rho=(-0.09090909091,1.073387427E-80) contrib=(0.1818181818,3.865927739E-72)
COSET 9 c=12 d=17 gcd=12 a0=(2.000000000,-1.239793406E-71) 
rho=(0.09090909091,-1.022273740E-81) contrib=(0.1818181818,-1.127084917E-72)
COSET 9 c=12 d=19 gcd=12 a0=(-6.312901793E-71,-2.000000000) 
rho=(-4.600231830E-81,0.09090909091) contrib=(0.1818181818,-5.739001621E-72)
COSET 9 c=12 d=25 gcd=12 a0=(-2.000000000,2.271148208E-72) 
rho=(-0.09090909091,1.073387427E-80) contrib=(0.1818181818,-2.064680404E-73)
COSET 9 c=12 d=31 gcd=12 a0=(9.623736186E-71,-2.000000000) 
rho=(-4.600231830E-81,0.09090909091) contrib=(0.1818181818,8.748851088E-72)
COSET 9 c=12 d=37 gcd=12 a0=(-2.000000000,8.926854376E-71) 
rho=(-0.09090909091,1.073387427E-80) contrib=(0.1818181818,-8.115322181E-72)
COSET 9 c=12 d=43 gcd=12 a0=(2.410241964E-70,-2.000000000) 
rho=(-4.600231830E-81,0.09090909091) contrib=(0.1818181818,2.191129059E-71)
COSET 9 c=44 d=1 gcd=44 a0=(-6.000000000,1.201276228E-68) 
rho=(2.069655082E-80,-9.149050478E-81) contrib=(-1.241793049E-79,5.489430287E-8\
0)
COSET 9 c=44 d=3 gcd=44 a0=(2.608245841E-68,-6.000000000) 
rho=(1.976853355E-81,6.016606980E-82) contrib=(3.609964188E-81,-1.186112013E-80\
)
COSET 9 c=44 d=5 gcd=44 a0=(-6.000000000,8.621795833E-69) 
rho=(-5.081419274E-81,-8.585502113E-83) contrib=(3.048851564E-80,5.151301268E-8\
2)
FORM 10:
  c_eta(0)[1] (trivial) = 1.14575864246E-70 + -1.72830459049E-70 i   (half: 
5.72879321232E-71)
  c_eta(0)[2] = 6.00000000000 + -1.03627992021E-70 i   (half: 3.00000000000)
  c_eta(0)[3] = 6.00000000000 + -1.03627992088E-70 i   (half: 3.00000000000)
  c_eta(0)[4] = 6.00000000000 + -1.03627992053E-70 i   (half: 3.00000000000)
  c_eta(0)[5] = 6.00000000000 + -1.03627991990E-70 i   (half: 3.00000000000)
  c_eta(0)[6] = 6.00000000000 + -1.03627992100E-70 i   (half: 3.00000000000)
  c_eta(0)[7] = 6.00000000000 + -1.03627992061E-70 i   (half: 3.00000000000)
  c_eta(0)[8] = 6.00000000000 + -1.03627992069E-70 i   (half: 3.00000000000)
  c_eta(0)[9] = 6.00000000000 + -1.03627992060E-70 i   (half: 3.00000000000)
  c_eta(0)[10] = 6.00000000000 + -1.03627992043E-70 i   (half: 3.00000000000)
  c_eta(0)[11] = 6.00000000000 + -1.03627992069E-70 i   (half: 3.00000000000)
  c_eta(0)[12] = 6.00000000000 + -1.03627991896E-70 i   (half: 3.00000000000)
  c_eta(0)[13] = 6.00000000000 + -1.03627991966E-70 i   (half: 3.00000000000)
  c_eta(0)[14] = 6.00000000000 + -1.03627991978E-70 i   (half: 3.00000000000)
  c_eta(0)[15] = 6.00000000000 + -1.03627992023E-70 i   (half: 3.00000000000)
  c_eta(0)[16] = 6.00000000000 + -1.03627992051E-70 i   (half: 3.00000000000)
  c_eta(0)[17] = 6.00000000000 + -1.03627992066E-70 i   (half: 3.00000000000)
  c_eta(0)[18] = 6.00000000000 + -1.03627992095E-70 i   (half: 3.00000000000)
  c_eta(0)[19] = 6.00000000000 + -1.03627991974E-70 i   (half: 3.00000000000)
  c_eta(0)[20] = 6.00000000000 + -1.03627992017E-70 i   (half: 3.00000000000)
  c_eta(0)[21] = 6.00000000000 + -1.03627991978E-70 i   (half: 3.00000000000)
COSET 10 c=1 d=0 gcd=1 a0=(1.000000000,-1.000000000) 
rho=(0.007575757576,0.007575757576) contrib=(0.01515151515,-2.084328561E-71)
COSET 10 c=1 d=1 gcd=1 a0=(1.000000000,-1.000000000) 
rho=(0.007575757576,0.007575757576) contrib=(0.01515151515,-2.920871198E-76)
COSET 10 c=1 d=2 gcd=1 a0=(1.000000000,-1.000000000) 
rho=(0.007575757576,0.007575757576) contrib=(0.01515151515,-4.691214193E-78)
COSET 10 c=1 d=3 gcd=1 a0=(1.000000000,-1.000000000) 
rho=(0.007575757576,0.007575757576) contrib=(0.01515151515,2.770361835E-79)
COSET 10 c=1 d=4 gcd=1 a0=(1.000000000,-1.000000000) 
rho=(0.007575757576,0.007575757576) contrib=(0.01515151515,-4.610454567E-79)
COSET 10 c=1 d=5 gcd=1 a0=(1.000000000,-1.000000000) 
rho=(0.007575757576,0.007575757576) contrib=(0.01515151515,4.590009092E-79)
COSET 10 c=1 d=6 gcd=1 a0=(1.000000000,-1.000000000) 
rho=(0.007575757576,0.007575757576) contrib=(0.01515151515,1.533410610E-79)
COSET 10 c=1 d=7 gcd=1 a0=(1.000000000,-1.000000000) 
rho=(0.007575757576,0.007575757576) contrib=(0.01515151515,1.604969772E-79)
COSET 10 c=1 d=8 gcd=1 a0=(1.000000000,-1.000000000) 
rho=(0.007575757576,0.007575757576) contrib=(0.01515151515,5.111368700E-81)
COSET 10 c=1 d=9 gcd=1 a0=(1.000000000,-1.000000000) 
rho=(0.007575757576,0.007575757576) contrib=(0.01515151515,-8.893781538E-80)
COSET 10 c=1 d=10 gcd=1 a0=(1.000000000,-1.000000000) 
rho=(0.007575757576,0.007575757576) contrib=(0.01515151515,8.996008912E-80)
COSET 10 c=1 d=11 gcd=1 a0=(1.000000000,-1.000000000) 
rho=(0.007575757576,0.007575757576) contrib=(0.01515151515,8.382644668E-80)
COSET 10 c=1 d=12 gcd=1 a0=(1.000000000,-1.000000000) 
rho=(0.007575757576,0.007575757576) contrib=(0.01515151515,-1.799201782E-79)
COSET 10 c=1 d=13 gcd=1 a0=(1.000000000,-1.000000000) 
rho=(0.007575757576,0.007575757576) contrib=(0.01515151515,4.804686578E-80)
COSET 10 c=1 d=14 gcd=1 a0=(1.000000000,-1.000000000) 
rho=(0.007575757576,0.007575757576) contrib=(0.01515151515,9.507145781E-80)
COSET 10 c=1 d=15 gcd=1 a0=(1.000000000,-1.000000000) 
rho=(0.007575757576,0.007575757576) contrib=(0.01515151515,9.404918407E-80)
COSET 10 c=1 d=16 gcd=1 a0=(1.000000000,-1.000000000) 
rho=(0.007575757576,0.007575757576) contrib=(0.01515151515,-3.066821220E-80)
COSET 10 c=1 d=17 gcd=1 a0=(1.000000000,-1.000000000) 
rho=(0.007575757576,0.007575757576) contrib=(0.01515151515,7.360370928E-80)
COSET 10 c=1 d=18 gcd=1 a0=(1.000000000,-1.000000000) 
rho=(0.007575757576,0.007575757576) contrib=(0.01515151515,-5.315823448E-80)
COSET 10 c=1 d=19 gcd=1 a0=(1.000000000,-1.000000000) 
rho=(0.007575757576,0.007575757576) contrib=(0.01515151515,9.609373155E-80)
COSET 10 c=1 d=20 gcd=1 a0=(1.000000000,-1.000000000) 
rho=(0.007575757576,0.007575757576) contrib=(0.01515151515,-1.420960498E-79)
COSET 10 c=1 d=21 gcd=1 a0=(1.000000000,-1.000000000) 
rho=(0.007575757576,0.007575757576) contrib=(0.01515151515,-2.923702896E-79)
COSET 10 c=1 d=22 gcd=1 a0=(1.000000000,-1.000000000) 
rho=(0.007575757576,0.007575757576) contrib=(0.01515151515,-6.787897633E-79)
COSET 10 c=1 d=23 gcd=1 a0=(1.000000000,-1.000000000) 
rho=(0.007575757576,0.007575757576) contrib=(0.01515151515,-1.921874631E-79)
COSET 10 c=1 d=24 gcd=1 a0=(1.000000000,-1.000000000) 
rho=(0.007575757576,0.007575757576) contrib=(0.01515151515,-1.829869995E-79)
COSET 10 c=1 d=25 gcd=1 a0=(1.000000000,-1.000000000) 
rho=(0.007575757576,0.007575757576) contrib=(0.01515151515,-9.047122599E-79)
COSET 10 c=1 d=26 gcd=1 a0=(1.000000000,-1.000000000) 
rho=(0.007575757576,0.007575757576) contrib=(0.01515151515,2.627243512E-79)
COSET 10 c=1 d=27 gcd=1 a0=(1.000000000,-1.000000000) 
rho=(0.007575757576,0.007575757576) contrib=(0.01515151515,-4.375331607E-79)
COSET 10 c=1 d=28 gcd=1 a0=(1.000000000,-1.000000000) 
rho=(0.007575757576,0.007575757576) contrib=(0.01515151515,-1.748088095E-79)
COSET 10 c=1 d=29 gcd=1 a0=(1.000000000,-1.000000000) 
rho=(0.007575757576,0.007575757576) contrib=(0.01515151515,-2.320561390E-79)
COSET 10 c=1 d=30 gcd=1 a0=(1.000000000,-1.000000000) 
rho=(0.007575757576,0.007575757576) contrib=(0.01515151515,1.840092732E-80)
COSET 10 c=1 d=31 gcd=1 a0=(1.000000000,-1.000000000) 
rho=(0.007575757576,0.007575757576) contrib=(0.01515151515,4.886468477E-79)
COSET 10 c=1 d=32 gcd=1 a0=(1.000000000,-1.000000000) 
rho=(0.007575757576,0.007575757576) contrib=(0.01515151515,-4.712681941E-79)
COSET 10 c=1 d=33 gcd=1 a0=(1.000000000,-1.000000000) 
rho=(0.007575757576,0.007575757576) contrib=(0.01515151515,1.654038911E-78)
COSET 10 c=1 d=34 gcd=1 a0=(1.000000000,-1.000000000) 
rho=(0.007575757576,0.007575757576) contrib=(0.01515151515,-3.813081050E-79)
COSET 10 c=1 d=35 gcd=1 a0=(1.000000000,-1.000000000) 
rho=(0.007575757576,0.007575757576) contrib=(0.01515151515,-1.114278377E-78)
COSET 10 c=1 d=36 gcd=1 a0=(1.000000000,-1.000000000) 
rho=(0.007575757576,0.007575757576) contrib=(0.01515151515,-2.201977636E-78)
COSET 10 c=1 d=37 gcd=1 a0=(1.000000000,-1.000000000) 
rho=(0.007575757576,0.007575757576) contrib=(0.01515151515,7.299034503E-79)
COSET 10 c=1 d=38 gcd=1 a0=(1.000000000,-1.000000000) 
rho=(0.007575757576,0.007575757576) contrib=(0.01515151515,6.716338471E-79)
COSET 10 c=1 d=39 gcd=1 a0=(1.000000000,-1.000000000) 
rho=(0.007575757576,0.007575757576) contrib=(0.01515151515,4.947804901E-79)
COSET 10 c=1 d=40 gcd=1 a0=(1.000000000,-1.000000000) 
rho=(0.007575757576,0.007575757576) contrib=(0.01515151515,-4.405999819E-79)
COSET 10 c=1 d=41 gcd=1 a0=(1.000000000,-1.000000000) 
rho=(0.007575757576,0.007575757576) contrib=(0.01515151515,-1.625415247E-79)
COSET 10 c=1 d=42 gcd=1 a0=(1.000000000,-1.000000000) 
rho=(0.007575757576,0.007575757576) contrib=(0.01515151515,1.646882995E-78)
COSET 10 c=1 d=43 gcd=1 a0=(1.000000000,-1.000000000) 
rho=(0.007575757576,0.007575757576) contrib=(0.01515151515,-1.196060276E-79)
COSET 10 c=1 d=44 gcd=1 a0=(1.000000000,-1.000000000) 
rho=(0.007575757576,0.007575757576) contrib=(0.01515151515,4.027758535E-79)
COSET 10 c=1 d=45 gcd=1 a0=(1.000000000,-1.000000000) 
rho=(0.007575757576,0.007575757576) contrib=(0.01515151515,2.484125188E-79)
COSET 10 c=1 d=46 gcd=1 a0=(1.000000000,-1.000000000) 
rho=(0.007575757576,0.007575757576) contrib=(0.01515151515,-1.543633347E-79)
COSET 10 c=1 d=47 gcd=1 a0=(1.000000000,-1.000000000) 
rho=(0.007575757576,0.007575757576) contrib=(0.01515151515,6.910570482E-79)
COSET 10 c=1 d=48 gcd=1 a0=(1.000000000,-1.000000000) 
rho=(0.007575757576,0.007575757576) contrib=(0.01515151515,-2.323628211E-78)
COSET 10 c=1 d=49 gcd=1 a0=(1.000000000,-1.000000000) 
rho=(0.007575757576,0.007575757576) contrib=(0.01515151515,6.235869814E-80)
COSET 10 c=1 d=50 gcd=1 a0=(1.000000000,-1.000000000) 
rho=(0.007575757576,0.007575757576) contrib=(0.01515151515,-2.187665803E-79)
COSET 10 c=1 d=51 gcd=1 a0=(1.000000000,-1.000000000) 
rho=(0.007575757576,0.007575757576) contrib=(0.01515151515,3.526844403E-79)
COSET 10 c=1 d=52 gcd=1 a0=(1.000000000,-1.000000000) 
rho=(0.007575757576,0.007575757576) contrib=(0.01515151515,8.924449750E-79)
COSET 10 c=1 d=53 gcd=1 a0=(1.000000000,-1.000000000) 
rho=(0.007575757576,0.007575757576) contrib=(0.01515151515,-6.685670259E-79)
COSET 10 c=1 d=54 gcd=1 a0=(1.000000000,-1.000000000) 
rho=(0.007575757576,0.007575757576) contrib=(0.01515151515,4.293549708E-79)
COSET 10 c=1 d=55 gcd=1 a0=(1.000000000,-1.000000000) 
rho=(0.007575757576,0.007575757576) contrib=(0.01515151515,-1.002850539E-78)
COSET 10 c=1 d=56 gcd=1 a0=(1.000000000,-1.000000000) 
rho=(0.007575757576,0.007575757576) contrib=(0.01515151515,7.258143554E-80)
COSET 10 c=1 d=57 gcd=1 a0=(1.000000000,-1.000000000) 
rho=(0.007575757576,0.007575757576) contrib=(0.01515151515,-4.906913952E-79)
COSET 10 c=1 d=58 gcd=1 a0=(1.000000000,-1.000000000) 
rho=(0.007575757576,0.007575757576) contrib=(0.01515151515,-9.875164328E-79)
COSET 10 c=1 d=59 gcd=1 a0=(1.000000000,-1.000000000) 
rho=(0.007575757576,0.007575757576) contrib=(0.01515151515,8.904004275E-79)
COSET 10 c=1 d=60 gcd=1 a0=(1.000000000,-1.000000000) 
rho=(0.007575757576,0.007575757576) contrib=(0.01515151515,9.200463660E-80)
COSET 10 c=1 d=61 gcd=1 a0=(1.000000000,-1.000000000) 
rho=(0.007575757576,0.007575757576) contrib=(0.01515151515,2.197888541E-79)
COSET 10 c=1 d=62 gcd=1 a0=(1.000000000,-1.000000000) 
rho=(0.007575757576,0.007575757576) contrib=(0.01515151515,8.382644668E-80)
COSET 10 c=1 d=63 gcd=1 a0=(1.000000000,-1.000000000) 
rho=(0.007575757576,0.007575757576) contrib=(0.01515151515,-3.160870404E-78)
COSET 10 c=1 d=64 gcd=1 a0=(1.000000000,-1.000000000) 
rho=(0.007575757576,0.007575757576) contrib=(0.01515151515,1.830892268E-78)
COSET 10 c=1 d=65 gcd=1 a0=(1.000000000,-1.000000000) 
rho=(0.007575757576,0.007575757576) contrib=(0.01515151515,-1.965014583E-77)
COSET 10 c=1 d=66 gcd=1 a0=(1.000000000,-1.000000000) 
rho=(0.007575757576,0.007575757576) contrib=(0.01515151515,9.297068528E-77)
COSET 10 c=1 d=67 gcd=1 a0=(1.000000000,-1.000000000) 
rho=(0.007575757576,0.007575757576) contrib=(0.01515151515,8.663769946E-78)
COSET 10 c=1 d=68 gcd=1 a0=(1.000000000,-1.000000000) 
rho=(0.007575757576,0.007575757576) contrib=(0.01515151515,1.394381381E-78)
COSET 10 c=1 d=69 gcd=1 a0=(1.000000000,-1.000000000) 
rho=(0.007575757576,0.007575757576) contrib=(0.01515151515,1.574301559E-79)
COSET 10 c=1 d=70 gcd=1 a0=(1.000000000,-1.000000000) 
rho=(0.007575757576,0.007575757576) contrib=(0.01515151515,-6.133642440E-81)
COSET 10 c=1 d=71 gcd=1 a0=(1.000000000,-1.000000000) 
rho=(0.007575757576,0.007575757576) contrib=(0.01515151515,-7.229519889E-78)
COSET 10 c=1 d=72 gcd=1 a0=(1.000000000,-1.000000000) 
rho=(0.007575757576,0.007575757576) contrib=(0.01515151515,4.355908406E-78)
COSET 10 c=1 d=73 gcd=1 a0=(1.000000000,-1.000000000) 
rho=(0.007575757576,0.007575757576) contrib=(0.01515151515,2.607820311E-78)
COSET 10 c=1 d=74 gcd=1 a0=(1.000000000,-1.000000000) 
rho=(0.007575757576,0.007575757576) contrib=(0.01515151515,-1.277842175E-79)
COSET 10 c=1 d=75 gcd=1 a0=(1.000000000,-1.000000000) 
rho=(0.007575757576,0.007575757576) contrib=(0.01515151515,-1.058053321E-78)
COSET 10 c=1 d=76 gcd=1 a0=(1.000000000,-1.000000000) 
rho=(0.007575757576,0.007575757576) contrib=(0.01515151515,-2.944148371E-79)
COSET 10 c=1 d=77 gcd=1 a0=(1.000000000,-1.000000000) 
rho=(0.007575757576,0.007575757576) contrib=(0.01515151515,5.387382610E-79)
COSET 10 c=1 d=78 gcd=1 a0=(1.000000000,-1.000000000) 
rho=(0.007575757576,0.007575757576) contrib=(0.01515151515,-9.701377792E-79)
COSET 10 c=1 d=79 gcd=1 a0=(1.000000000,-1.000000000) 
rho=(0.007575757576,0.007575757576) contrib=(0.01515151515,-3.843749262E-79)
COSET 10 c=1 d=80 gcd=1 a0=(1.000000000,-1.000000000) 
rho=(0.007575757576,0.007575757576) contrib=(0.01515151515,4.733127416E-79)
COSET 10 c=1 d=81 gcd=1 a0=(1.000000000,-1.000000000) 
rho=(0.007575757576,0.007575757576) contrib=(0.01515151515,1.785912224E-78)
COSET 10 c=1 d=82 gcd=1 a0=(1.000000000,-1.000000000) 
rho=(0.007575757576,0.007575757576) contrib=(0.01515151515,5.520278196E-79)
COSET 10 c=1 d=83 gcd=1 a0=(1.000000000,-1.000000000) 
rho=(0.007575757576,0.007575757576) contrib=(0.01515151515,1.484341470E-78)
COSET 10 c=1 d=84 gcd=1 a0=(1.000000000,-1.000000000) 
rho=(0.007575757576,0.007575757576) contrib=(0.01515151515,2.199933088E-78)
COSET 10 c=1 d=85 gcd=1 a0=(1.000000000,-1.000000000) 
rho=(0.007575757576,0.007575757576) contrib=(0.01515151515,3.965399837E-78)
COSET 10 c=1 d=86 gcd=1 a0=(1.000000000,-1.000000000) 
rho=(0.007575757576,0.007575757576) contrib=(0.01515151515,-9.404918407E-80)
COSET 10 c=1 d=87 gcd=1 a0=(1.000000000,-1.000000000) 
rho=(0.007575757576,0.007575757576) contrib=(0.01515151515,1.758310833E-79)
COSET 10 c=1 d=88 gcd=1 a0=(1.000000000,-1.000000000) 
rho=(0.007575757576,0.007575757576) contrib=(0.01515151515,2.395187373E-78)
COSET 10 c=1 d=89 gcd=1 a0=(1.000000000,-1.000000000) 
rho=(0.007575757576,0.007575757576) contrib=(0.01515151515,3.690408201E-79)
COSET 10 c=1 d=90 gcd=1 a0=(1.000000000,-1.000000000) 
rho=(0.007575757576,0.007575757576) contrib=(0.01515151515,2.232645848E-78)
COSET 10 c=1 d=91 gcd=1 a0=(1.000000000,-1.000000000) 
rho=(0.007575757576,0.007575757576) contrib=(0.01515151515,-4.313995183E-79)
COSET 10 c=1 d=92 gcd=1 a0=(1.000000000,-1.000000000) 
rho=(0.007575757576,0.007575757576) contrib=(0.01515151515,5.029586801E-79)
COSET 10 c=1 d=93 gcd=1 a0=(1.000000000,-1.000000000) 
rho=(0.007575757576,0.007575757576) contrib=(0.01515151515,-5.448719034E-79)
COSET 10 c=1 d=94 gcd=1 a0=(1.000000000,-1.000000000) 
rho=(0.007575757576,0.007575757576) contrib=(0.01515151515,1.563056548E-78)
COSET 10 c=1 d=95 gcd=1 a0=(1.000000000,-1.000000000) 
rho=(0.007575757576,0.007575757576) contrib=(0.01515151515,-8.574832131E-78)
COSET 10 c=1 d=96 gcd=1 a0=(1.000000000,-1.000000000) 
rho=(0.007575757576,0.007575757576) contrib=(0.01515151515,-1.980144234E-78)
COSET 10 c=1 d=97 gcd=1 a0=(1.000000000,-1.000000000) 
rho=(0.007575757576,0.007575757576) contrib=(0.01515151515,1.571234738E-78)
COSET 10 c=1 d=98 gcd=1 a0=(1.000000000,-1.000000000) 
rho=(0.007575757576,0.007575757576) contrib=(0.01515151515,-4.299683350E-78)
COSET 10 c=1 d=99 gcd=1 a0=(1.000000000,-1.000000000) 
rho=(0.007575757576,0.007575757576) contrib=(0.01515151515,-2.387009183E-78)
COSET 10 c=1 d=100 gcd=1 a0=(1.000000000,-1.000000000) 
rho=(0.007575757576,0.007575757576) contrib=(0.01515151515,3.182338153E-78)
COSET 10 c=1 d=101 gcd=1 a0=(1.000000000,-1.000000000) 
rho=(0.007575757576,0.007575757576) contrib=(0.01515151515,-3.363280604E-79)
COSET 10 c=1 d=102 gcd=1 a0=(1.000000000,-1.000000000) 
rho=(0.007575757576,0.007575757576) contrib=(0.01515151515,-1.811469067E-78)
COSET 10 c=1 d=103 gcd=1 a0=(1.000000000,-1.000000000) 
rho=(0.007575757576,0.007575757576) contrib=(0.01515151515,2.991172963E-78)
COSET 10 c=1 d=104 gcd=1 a0=(1.000000000,-1.000000000) 
rho=(0.007575757576,0.007575757576) contrib=(0.01515151515,7.932844222E-79)
COSET 10 c=1 d=105 gcd=1 a0=(1.000000000,-1.000000000) 
rho=(0.007575757576,0.007575757576) contrib=(0.01515151515,-3.750722352E-78)
COSET 10 c=1 d=106 gcd=1 a0=(1.000000000,-1.000000000) 
rho=(0.007575757576,0.007575757576) contrib=(0.01515151515,-3.343857403E-78)
COSET 10 c=1 d=107 gcd=1 a0=(1.000000000,-1.000000000) 
rho=(0.007575757576,0.007575757576) contrib=(0.01515151515,-8.734306834E-78)
COSET 10 c=1 d=108 gcd=1 a0=(1.000000000,-1.000000000) 
rho=(0.007575757576,0.007575757576) contrib=(0.01515151515,2.737649075E-78)
COSET 10 c=1 d=109 gcd=1 a0=(1.000000000,-1.000000000) 
rho=(0.007575757576,0.007575757576) contrib=(0.01515151515,-2.695735852E-78)
COSET 10 c=1 d=110 gcd=1 a0=(1.000000000,-1.000000000) 
rho=(0.007575757576,0.007575757576) contrib=(0.01515151515,-5.683841994E-79)
COSET 10 c=1 d=111 gcd=1 a0=(1.000000000,-1.000000000) 
rho=(0.007575757576,0.007575757576) contrib=(0.01515151515,-9.343581983E-79)
COSET 10 c=1 d=112 gcd=1 a0=(1.000000000,-1.000000000) 
rho=(0.007575757576,0.007575757576) contrib=(0.01515151515,2.830675986E-78)
COSET 10 c=1 d=113 gcd=1 a0=(1.000000000,-1.000000000) 
rho=(0.007575757576,0.007575757576) contrib=(0.01515151515,3.884640212E-79)
COSET 10 c=1 d=114 gcd=1 a0=(1.000000000,-1.000000000) 
rho=(0.007575757576,0.007575757576) contrib=(0.01515151515,5.111368700E-81)
COSET 10 c=1 d=115 gcd=1 a0=(1.000000000,-1.000000000) 
rho=(0.007575757576,0.007575757576) contrib=(0.01515151515,-2.698802673E-78)
COSET 10 c=1 d=116 gcd=1 a0=(1.000000000,-1.000000000) 
rho=(0.007575757576,0.007575757576) contrib=(0.01515151515,4.116696351E-78)
COSET 10 c=1 d=117 gcd=1 a0=(1.000000000,-1.000000000) 
rho=(0.007575757576,0.007575757576) contrib=(0.01515151515,1.170503432E-78)
COSET 10 c=1 d=118 gcd=1 a0=(1.000000000,-1.000000000) 
rho=(0.007575757576,0.007575757576) contrib=(0.01515151515,6.460770037E-79)
COSET 10 c=1 d=119 gcd=1 a0=(1.000000000,-1.000000000) 
rho=(0.007575757576,0.007575757576) contrib=(0.01515151515,1.299616606E-77)
COSET 10 c=1 d=120 gcd=1 a0=(1.000000000,-1.000000000) 
rho=(0.007575757576,0.007575757576) contrib=(0.01515151515,4.066604938E-78)
COSET 10 c=1 d=121 gcd=1 a0=(1.000000000,-1.000000000) 
rho=(0.007575757576,0.007575757576) contrib=(0.01515151515,5.076611393E-78)
COSET 10 c=1 d=122 gcd=1 a0=(1.000000000,-1.000000000) 
rho=(0.007575757576,0.007575757576) contrib=(0.01515151515,-1.034541025E-78)
COSET 10 c=1 d=123 gcd=1 a0=(1.000000000,-1.000000000) 
rho=(0.007575757576,0.007575757576) contrib=(0.01515151515,2.548528434E-78)
COSET 10 c=1 d=124 gcd=1 a0=(1.000000000,-1.000000000) 
rho=(0.007575757576,0.007575757576) contrib=(0.01515151515,-4.896691215E-79)
COSET 10 c=1 d=125 gcd=1 a0=(1.000000000,-1.000000000) 
rho=(0.007575757576,0.007575757576) contrib=(0.01515151515,-1.754221738E-78)
COSET 10 c=1 d=126 gcd=1 a0=(1.000000000,-1.000000000) 
rho=(0.007575757576,0.007575757576) contrib=(0.01515151515,-3.606581754E-78)
COSET 10 c=1 d=127 gcd=1 a0=(1.000000000,-1.000000000) 
rho=(0.007575757576,0.007575757576) contrib=(0.01515151515,2.597597573E-78)
COSET 10 c=1 d=128 gcd=1 a0=(1.000000000,-1.000000000) 
rho=(0.007575757576,0.007575757576) contrib=(0.01515151515,-8.665814493E-78)
COSET 10 c=1 d=129 gcd=1 a0=(1.000000000,-1.000000000) 
rho=(0.007575757576,0.007575757576) contrib=(0.01515151515,-8.172056277E-78)
COSET 10 c=1 d=130 gcd=1 a0=(1.000000000,-1.000000000) 
rho=(0.007575757576,0.007575757576) contrib=(0.01515151515,8.816088734E-78)
COSET 10 c=1 d=131 gcd=1 a0=(1.000000000,-1.000000000) 
rho=(0.007575757576,0.007575757576) contrib=(0.01515151515,-4.498445444E-73)
COSET 10 c=3 d=1 gcd=3 a0=(1.000000000,1.000000000) 
rho=(0.02272727273,-0.02272727273) contrib=(0.04545454546,-1.110253268E-72)
COSET 10 c=3 d=2 gcd=3 a0=(1.000000000,1.000000000) 
rho=(0.02272727273,-0.02272727273) contrib=(0.04545454546,-6.383353301E-73)
COSET 10 c=3 d=4 gcd=3 a0=(1.000000000,1.000000000) 
rho=(0.02272727273,-0.02272727273) contrib=(0.04545454546,-7.140070122E-73)
COSET 10 c=3 d=5 gcd=3 a0=(1.000000000,1.000000000) 
rho=(0.02272727273,-0.02272727273) contrib=(0.04545454546,-1.697537850E-72)
COSET 10 c=3 d=7 gcd=3 a0=(1.000000000,1.000000000) 
rho=(0.02272727273,-0.02272727273) contrib=(0.04545454546,-5.196523941E-73)
COSET 10 c=3 d=8 gcd=3 a0=(1.000000000,1.000000000) 
rho=(0.02272727273,-0.02272727273) contrib=(0.04545454546,-9.881535439E-73)
COSET 10 c=3 d=10 gcd=3 a0=(1.000000000,1.000000000) 
rho=(0.02272727273,-0.02272727273) contrib=(0.04545454546,-5.572369997E-73)
COSET 10 c=3 d=11 gcd=3 a0=(1.000000000,1.000000000) 
rho=(0.02272727273,-0.02272727273) contrib=(0.04545454546,-5.454792459E-73)
COSET 10 c=3 d=13 gcd=3 a0=(1.000000000,1.000000000) 
rho=(0.02272727273,-0.02272727273) contrib=(0.04545454546,-2.467620293E-72)
COSET 10 c=3 d=14 gcd=3 a0=(1.000000000,1.000000000) 
rho=(0.02272727273,-0.02272727273) contrib=(0.04545454546,-1.108745861E-72)
COSET 10 c=3 d=16 gcd=3 a0=(1.000000000,1.000000000) 
rho=(0.02272727273,-0.02272727273) contrib=(0.04545454546,-3.935731262E-72)
COSET 10 c=3 d=17 gcd=3 a0=(1.000000000,1.000000000) 
rho=(0.02272727273,-0.02272727273) contrib=(0.04545454546,1.829988441E-73)
COSET 10 c=3 d=19 gcd=3 a0=(1.000000000,1.000000000) 
rho=(0.02272727273,-0.02272727273) contrib=(0.04545454546,2.292359458E-72)
COSET 10 c=3 d=20 gcd=3 a0=(1.000000000,1.000000000) 
rho=(0.02272727273,-0.02272727273) contrib=(0.04545454546,3.346537301E-72)
COSET 10 c=3 d=22 gcd=3 a0=(1.000000000,1.000000000) 
rho=(0.02272727273,-0.02272727273) contrib=(0.04545454546,-2.308639421E-72)
COSET 10 c=3 d=23 gcd=3 a0=(1.000000000,1.000000000) 
rho=(0.02272727273,-0.02272727273) contrib=(0.04545454546,9.518050125E-72)
COSET 10 c=3 d=25 gcd=3 a0=(1.000000000,1.000000000) 
rho=(0.02272727273,-0.02272727273) contrib=(0.04545454546,2.752218161E-72)
COSET 10 c=3 d=26 gcd=3 a0=(1.000000000,1.000000000) 
rho=(0.02272727273,-0.02272727273) contrib=(0.04545454546,-9.268625010E-72)
COSET 10 c=3 d=28 gcd=3 a0=(1.000000000,1.000000000) 
rho=(0.02272727273,-0.02272727273) contrib=(0.04545454546,-3.813229566E-72)
COSET 10 c=3 d=29 gcd=3 a0=(1.000000000,1.000000000) 
rho=(0.02272727273,-0.02272727273) contrib=(0.04545454546,-1.299944983E-71)
COSET 10 c=3 d=31 gcd=3 a0=(1.000000000,1.000000000) 
rho=(0.02272727273,-0.02272727273) contrib=(0.04545454546,3.367238979E-72)
COSET 10 c=3 d=32 gcd=3 a0=(1.000000000,1.000000000) 
rho=(0.02272727273,-0.02272727273) contrib=(0.04545454546,-4.380415429E-72)
COSET 10 c=3 d=34 gcd=3 a0=(1.000000000,1.000000000) 
rho=(0.02272727273,-0.02272727273) contrib=(0.04545454546,-1.185522972E-71)
COSET 10 c=3 d=35 gcd=3 a0=(1.000000000,1.000000000) 
rho=(0.02272727273,-0.02272727273) contrib=(0.04545454546,-1.035305142E-71)
COSET 10 c=3 d=37 gcd=3 a0=(1.000000000,1.000000000) 
rho=(0.02272727273,-0.02272727273) contrib=(0.04545454546,2.294047750E-71)
COSET 10 c=3 d=38 gcd=3 a0=(1.000000000,1.000000000) 
rho=(0.02272727273,-0.02272727273) contrib=(0.04545454546,2.676546485E-72)
COSET 10 c=3 d=40 gcd=3 a0=(1.000000000,1.000000000) 
rho=(0.02272727273,-0.02272727273) contrib=(0.04545454546,3.395276693E-71)
COSET 10 c=3 d=41 gcd=3 a0=(1.000000000,1.000000000) 
rho=(0.02272727273,-0.02272727273) contrib=(0.04545454546,1.250391590E-71)
COSET 10 c=3 d=43 gcd=3 a0=(1.000000000,1.000000000) 
rho=(0.02272727273,-0.02272727273) contrib=(0.04545454546,1.155947707E-71)
COSET 10 c=3 d=44 gcd=3 a0=(1.000000000,1.000000000) 
rho=(0.02272727273,-0.02272727273) contrib=(0.04545454546,-2.446436242E-71)
COSET 10 c=3 d=47 gcd=3 a0=(1.000000000,1.000000000) 
rho=(0.02272727273,-0.02272727273) contrib=(0.04545454546,3.626391869E-71)
COSET 10 c=3 d=50 gcd=3 a0=(1.000000000,1.000000000) 
rho=(0.02272727273,-0.02272727273) contrib=(0.04545454546,-3.706123489E-71)
COSET 10 c=3 d=53 gcd=3 a0=(1.000000000,1.000000000) 
rho=(0.02272727273,-0.02272727273) contrib=(0.04545454546,1.907318238E-71)
COSET 10 c=3 d=56 gcd=3 a0=(1.000000000,1.000000000) 
rho=(0.02272727273,-0.02272727273) contrib=(0.04545454546,3.138806982E-71)
COSET 10 c=3 d=59 gcd=3 a0=(1.000000000,1.000000000) 
rho=(0.02272727273,-0.02272727273) contrib=(0.04545454546,-6.427369523E-71)
COSET 10 c=3 d=62 gcd=3 a0=(1.000000000,1.000000000) 
rho=(0.02272727273,-0.02272727273) contrib=(0.04545454546,3.863687401E-71)
COSET 10 c=3 d=65 gcd=3 a0=(1.000000000,1.000000000) 
rho=(0.02272727273,-0.02272727273) contrib=(0.04545454546,4.465995780E-71)
COSET 10 c=3 d=68 gcd=3 a0=(1.000000000,1.000000000) 
rho=(0.02272727273,-0.02272727273) contrib=(0.04545454546,3.742130346E-71)
COSET 10 c=3 d=71 gcd=3 a0=(1.000000000,1.000000000) 
rho=(0.02272727273,-0.02272727273) contrib=(0.04545454546,-2.080941027E-71)
COSET 10 c=3 d=74 gcd=3 a0=(1.000000000,1.000000000) 
rho=(0.02272727273,-0.02272727273) contrib=(0.04545454546,-3.410421078E-71)
COSET 10 c=3 d=77 gcd=3 a0=(1.000000000,1.000000000) 
rho=(0.02272727273,-0.02272727273) contrib=(0.04545454546,3.511045318E-71)
COSET 10 c=3 d=80 gcd=3 a0=(1.000000000,1.000000000) 
rho=(0.02272727273,-0.02272727273) contrib=(0.04545454546,-2.133720264E-71)
COSET 10 c=3 d=83 gcd=3 a0=(1.000000000,1.000000000) 
rho=(0.02272727273,-0.02272727273) contrib=(0.04545454546,-8.304569831E-71)
COSET 10 c=3 d=86 gcd=3 a0=(1.000000000,1.000000000) 
rho=(0.02272727273,-0.02272727273) contrib=(0.04545454546,-6.896332946E-71)
COSET 10 c=4 d=1 gcd=4 a0=(2.000000000,1.281196518E-72) 
rho=(0.03030303030,-1.788979045E-81) contrib=(0.06060606061,3.882413332E-74)
COSET 10 c=4 d=3 gcd=4 a0=(1.088252726E-72,2.000000000) 
rho=(2.939037002E-81,-0.03030303030) contrib=(0.06060606061,-3.297734944E-74)
COSET 10 c=4 d=5 gcd=4 a0=(2.000000000,-1.320277920E-72) 
rho=(0.03030303030,-1.788979045E-81) contrib=(0.06060606061,-4.000842539E-74)
COSET 10 c=4 d=7 gcd=4 a0=(-9.536340199E-72,2.000000000) 
rho=(2.939037002E-81,-0.03030303030) contrib=(0.06060606061,2.889800119E-73)
COSET 10 c=4 d=9 gcd=4 a0=(2.000000000,5.197623113E-73) 
rho=(0.03030303030,-1.788979045E-81) contrib=(0.06060606061,1.575036949E-74)
COSET 10 c=4 d=11 gcd=4 a0=(7.703674603E-72,2.000000000) 
rho=(2.939037002E-81,-0.03030303030) contrib=(0.06060606061,-2.334446791E-73)
COSET 10 c=4 d=13 gcd=4 a0=(2.000000000,-2.788009659E-72) 
rho=(0.03030303030,-1.788979045E-81) contrib=(0.06060606061,-8.448514476E-74)
COSET 10 c=4 d=15 gcd=4 a0=(3.051809869E-71,2.000000000) 
rho=(2.939037002E-81,-0.03030303030) contrib=(0.06060606061,-9.247908634E-73)
COSET 10 c=4 d=17 gcd=4 a0=(2.000000000,-3.585771944E-72) 
rho=(0.03030303030,-1.788979045E-81) contrib=(0.06060606061,-1.086597594E-73)
COSET 10 c=4 d=19 gcd=4 a0=(-1.635157953E-72,2.000000000) 
rho=(2.939037002E-81,-0.03030303030) contrib=(0.06060606061,4.955024686E-74)
COSET 10 c=4 d=21 gcd=4 a0=(2.000000000,3.691824137E-72) 
rho=(0.03030303030,-1.788979045E-81) contrib=(0.06060606061,1.118734551E-73)
COSET 10 c=4 d=23 gcd=4 a0=(-1.833643524E-71,2.000000000) 
rho=(2.939037002E-81,-0.03030303030) contrib=(0.06060606061,5.556495587E-73)
COSET 10 c=4 d=25 gcd=4 a0=(2.000000000,-2.864672945E-71) 
rho=(0.03030303030,-1.788979045E-81) contrib=(0.06060606061,-8.680827143E-73)
COSET 10 c=4 d=27 gcd=4 a0=(-4.966134039E-72,2.000000000) 
rho=(2.939037002E-81,-0.03030303030) contrib=(0.06060606061,1.504889162E-73)
COSET 10 c=4 d=29 gcd=4 a0=(2.000000000,-1.019398233E-72) 
rho=(0.03030303030,-1.788979045E-81) contrib=(0.06060606061,-3.089085912E-74)
COSET 10 c=4 d=31 gcd=4 a0=(-1.970924089E-71,2.000000000) 
rho=(2.939037002E-81,-0.03030303030) contrib=(0.06060606061,5.972497297E-73)
COSET 10 c=4 d=33 gcd=4 a0=(2.000000000,1.234685533E-71) 
rho=(0.03030303030,-1.788979045E-81) contrib=(0.06060606061,3.741471276E-73)
COSET 10 c=4 d=35 gcd=4 a0=(-4.241652685E-71,2.000000000) 
rho=(2.939037002E-81,-0.03030303030) contrib=(0.06060606061,1.285349305E-72)
COSET 10 c=4 d=37 gcd=4 a0=(2.000000000,-1.128936118E-71) 
rho=(0.03030303030,-1.788979045E-81) contrib=(0.06060606061,-3.421018576E-73)
COSET 10 c=4 d=39 gcd=4 a0=(6.066376501E-73,2.000000000) 
rho=(2.939037002E-81,-0.03030303030) contrib=(0.06060606061,-1.838295322E-74)
COSET 10 c=4 d=41 gcd=4 a0=(2.000000000,5.860006821E-71) 
rho=(0.03030303030,-1.788979045E-81) contrib=(0.06060606061,1.775759639E-72)
COSET 10 c=4 d=43 gcd=4 a0=(-3.311770727E-72,2.000000000) 
rho=(2.939037002E-81,-0.03030303030) contrib=(0.06060606061,1.003566946E-73)
COSET 10 c=4 d=45 gcd=4 a0=(2.000000000,6.766232456E-72) 
rho=(0.03030303030,-1.788979045E-81) contrib=(0.06060606061,2.050373436E-73)
COSET 10 c=4 d=47 gcd=4 a0=(-4.346271489E-71,2.000000000) 
rho=(2.939037002E-81,-0.03030303030) contrib=(0.06060606061,1.317051972E-72)
COSET 10 c=4 d=49 gcd=4 a0=(2.000000000,1.180847480E-71) 
rho=(0.03030303030,-1.788979045E-81) contrib=(0.06060606061,3.578325660E-73)
COSET 10 c=4 d=51 gcd=4 a0=(1.451391674E-71,2.000000000) 
rho=(2.939037002E-81,-0.03030303030) contrib=(0.06060606061,-4.398156530E-73)
COSET 10 c=4 d=53 gcd=4 a0=(2.000000000,1.248830233E-70) 
rho=(0.03030303030,-1.788979045E-81) contrib=(0.06060606061,3.784334037E-72)
COSET 10 c=4 d=55 gcd=4 a0=(1.989162011E-70,2.000000000) 
rho=(2.939037002E-81,-0.03030303030) contrib=(0.06060606061,-6.027763665E-72)
COSET 10 c=4 d=57 gcd=4 a0=(2.000000000,-7.245089292E-71) 
rho=(0.03030303030,-1.788979045E-81) contrib=(0.06060606061,-2.195481607E-72)
COSET 10 c=4 d=59 gcd=4 a0=(9.933897004E-72,2.000000000) 
rho=(2.939037002E-81,-0.03030303030) contrib=(0.06060606061,-3.010271760E-73)
COSET 10 c=4 d=61 gcd=4 a0=(2.000000000,-3.411451865E-71) 
rho=(0.03030303030,-1.788979045E-81) contrib=(0.06060606061,-1.033773296E-72)
COSET 10 c=4 d=63 gcd=4 a0=(-2.255025814E-71,2.000000000) 
rho=(2.939037002E-81,-0.03030303030) contrib=(0.06060606061,6.833411617E-73)
COSET 10 c=4 d=65 gcd=4 a0=(2.000000000,-1.871214882E-70) 
rho=(0.03030303030,-1.788979045E-81) contrib=(0.06060606061,-5.670348129E-72)
COSET 10 c=11 d=1 gcd=11 a0=(3.000000000,3.000000000) 
rho=(-4.827348310E-81,-3.525546594E-81) contrib=(-3.905405147E-81,-2.505868471E\
-80)
COSET 10 c=11 d=2 gcd=11 a0=(-3.000000000,-3.000000000) 
rho=(-1.955849136E-82,5.597394365E-81) contrib=(1.737893784E-80,-1.620542835E-8\
0)
COSET 10 c=11 d=3 gcd=11 a0=(3.000000000,3.000000000) 
rho=(3.113740367E-82,-2.200083554E-82) contrib=(1.594147176E-81,2.740970440E-82\
)
COSET 10 c=11 d=4 gcd=11 a0=(3.000000000,3.000000000) 
rho=(-4.230755094E-82,-5.611998174E-83) contrib=(-1.100866583E-81,-1.437586473E\
-81)
COSET 10 c=11 d=5 gcd=11 a0=(-3.000000000,-3.000000000) 
rho=(-3.121592963E-81,3.461233921E-81) contrib=(1.974848065E-80,-1.018922876E-8\
1)
COSET 10 c=11 d=6 gcd=11 a0=(-3.000000000,-3.000000000) 
rho=(-2.687318419E-81,4.597004104E-81) contrib=(2.185296757E-80,-5.729057057E-8\
1)
COSET 10 c=11 d=7 gcd=11 a0=(3.000000000,3.000000000) 
rho=(-4.835787122E-82,-6.522471119E-84) contrib=(-1.431168723E-81,-1.470303550E\
-81)
COSET 10 c=11 d=8 gcd=11 a0=(3.000000000,3.000000000) 
rho=(1.165623677E-82,-6.686220756E-82) contrib=(2.355553330E-81,-1.656179124E-8\
1)
COSET 10 c=11 d=9 gcd=11 a0=(3.000000000,3.000000000) 
rho=(3.744123278E-81,-2.124135400E-81) contrib=(1.760477603E-80,4.859963636E-81\
)
COSET 10 c=11 d=10 gcd=11 a0=(3.000000000,3.000000000) 
rho=(1.587194787E-81,3.747796293E-81) contrib=(-6.481804517E-81,1.600497324E-80\
)
COSET 10 c=11 d=12 gcd=11 a0=(3.000000000,3.000000000) 
rho=(-4.827348310E-81,-3.525546594E-81) contrib=(-3.905405147E-81,-2.505868471E\
-80)
COSET 10 c=11 d=23 gcd=11 a0=(3.000000000,3.000000000) 
rho=(-4.827348310E-81,-3.525546594E-81) contrib=(-3.905405147E-81,-2.505868471E\
-80)
COSET 10 c=33 d=1 gcd=33 a0=(1.000000000,-1.000000000) 
rho=(-2.465836072E-82,-2.228936112E-80) contrib=(-2.253594473E-80,-2.204277752E\
-80)
COSET 10 c=33 d=2 gcd=33 a0=(1.000000000,-1.000000000) 
rho=(-5.799662177E-81,4.405625243E-81) contrib=(-1.394036933E-81,1.020528742E-8\
0)
COSET 10 c=33 d=4 gcd=33 a0=(1.000000000,-1.000000000) 
rho=(-2.470511480E-81,1.057922529E-81) contrib=(-1.412588951E-81,3.528434010E-8\
1)
COSET 10 c=33 d=7 gcd=33 a0=(-1.000000000,1.000000000) 
rho=(-2.325073770E-81,-3.743678247E-82) contrib=(2.699441594E-81,-1.950705945E-\
81)
COSET 10 c=44 d=1 gcd=44 a0=(-2.000000000,4.759043281E-70) 
rho=(2.069655082E-80,-9.149050478E-81) contrib=(-4.139310164E-80,1.829810096E-8\
0)
COSET 10 c=44 d=3 gcd=44 a0=(1.033221045E-69,-2.000000000) 
rho=(1.976853355E-81,6.016606980E-82) contrib=(1.203321396E-81,-3.953706710E-81\
)
COSET 10 c=44 d=5 gcd=44 a0=(-2.000000000,3.413208324E-70) 
rho=(-5.081419274E-81,-8.585502113E-83) contrib=(1.016283855E-80,1.717100423E-8\
2)
FORM 11:
  c_eta(0)[1] (trivial) = -4.01014573769E-69 + 1.64185865715E-69 i   (half: 
-2.00507286885E-69)
  c_eta(0)[2] = 12.0000000000 + 3.51929486297E-69 i   (half: 6.00000000000)
  c_eta(0)[3] = 12.0000000000 + 3.51929486295E-69 i   (half: 6.00000000000)
  c_eta(0)[4] = 12.0000000000 + 3.51929486300E-69 i   (half: 6.00000000000)
  c_eta(0)[5] = 12.0000000000 + 3.51929486298E-69 i   (half: 6.00000000000)
  c_eta(0)[6] = 12.0000000000 + 3.51929486297E-69 i   (half: 6.00000000000)
  c_eta(0)[7] = 12.0000000000 + 3.51929486301E-69 i   (half: 6.00000000000)
  c_eta(0)[8] = 12.0000000000 + 3.51929486299E-69 i   (half: 6.00000000000)
  c_eta(0)[9] = 12.0000000000 + 3.51929486296E-69 i   (half: 6.00000000000)
  c_eta(0)[10] = 12.0000000000 + 3.51929486290E-69 i   (half: 6.00000000000)
  c_eta(0)[11] = 12.0000000000 + 3.51929486297E-69 i   (half: 6.00000000000)
  c_eta(0)[12] = 12.0000000000 + 3.51929486299E-69 i   (half: 6.00000000000)
  c_eta(0)[13] = 12.0000000000 + 3.51929486304E-69 i   (half: 6.00000000000)
  c_eta(0)[14] = 12.0000000000 + 3.51929486305E-69 i   (half: 6.00000000000)
  c_eta(0)[15] = 12.0000000000 + 3.51929486298E-69 i   (half: 6.00000000000)
  c_eta(0)[16] = 12.0000000000 + 3.51929486310E-69 i   (half: 6.00000000000)
  c_eta(0)[17] = 12.0000000000 + 3.51929486319E-69 i   (half: 6.00000000000)
  c_eta(0)[18] = 12.0000000000 + 3.51929486306E-69 i   (half: 6.00000000000)
  c_eta(0)[19] = 12.0000000000 + 3.51929486308E-69 i   (half: 6.00000000000)
  c_eta(0)[20] = 12.0000000000 + 3.51929486306E-69 i   (half: 6.00000000000)
  c_eta(0)[21] = 12.0000000000 + 3.51929486310E-69 i   (half: 6.00000000000)
COSET 11 c=1 d=0 gcd=1 a0=(5.000000000,-5.000000000) 
rho=(0.007575757576,0.007575757576) contrib=(0.07575757576,2.029815179E-69)
COSET 11 c=1 d=1 gcd=1 a0=(5.000000000,-5.000000000) 
rho=(0.007575757576,0.007575757576) contrib=(0.07575757576,2.844793177E-74)
COSET 11 c=1 d=2 gcd=1 a0=(5.000000000,-5.000000000) 
rho=(0.007575757576,0.007575757576) contrib=(0.07575757576,4.528754450E-76)
COSET 11 c=1 d=3 gcd=1 a0=(5.000000000,-5.000000000) 
rho=(0.007575757576,0.007575757576) contrib=(0.07575757576,-2.695531397E-77)
COSET 11 c=1 d=4 gcd=1 a0=(5.000000000,-5.000000000) 
rho=(0.007575757576,0.007575757576) contrib=(0.07575757576,4.435850212E-77)
COSET 11 c=1 d=5 gcd=1 a0=(5.000000000,-5.000000000) 
rho=(0.007575757576,0.007575757576) contrib=(0.07575757576,-4.592871459E-77)
COSET 11 c=1 d=6 gcd=1 a0=(5.000000000,-5.000000000) 
rho=(0.007575757576,0.007575757576) contrib=(0.07575757576,-1.216914660E-77)
COSET 11 c=1 d=7 gcd=1 a0=(5.000000000,-5.000000000) 
rho=(0.007575757576,0.007575757576) contrib=(0.07575757576,-2.093616619E-77)
COSET 11 c=1 d=8 gcd=1 a0=(5.000000000,-5.000000000) 
rho=(0.007575757576,0.007575757576) contrib=(0.07575757576,1.177659348E-78)
COSET 11 c=1 d=9 gcd=1 a0=(5.000000000,-5.000000000) 
rho=(0.007575757576,0.007575757576) contrib=(0.07575757576,1.007552998E-77)
COSET 11 c=1 d=10 gcd=1 a0=(5.000000000,-5.000000000) 
rho=(0.007575757576,0.007575757576) contrib=(0.07575757576,-9.421274788E-78)
COSET 11 c=1 d=11 gcd=1 a0=(5.000000000,-5.000000000) 
rho=(0.007575757576,0.007575757576) contrib=(0.07575757576,-9.813827903E-78)
COSET 11 c=1 d=12 gcd=1 a0=(5.000000000,-5.000000000) 
rho=(0.007575757576,0.007575757576) contrib=(0.07575757576,1.648723088E-77)
COSET 11 c=1 d=13 gcd=1 a0=(5.000000000,-5.000000000) 
rho=(0.007575757576,0.007575757576) contrib=(0.07575757576,-1.177659348E-77)
COSET 11 c=1 d=14 gcd=1 a0=(5.000000000,-5.000000000) 
rho=(0.007575757576,0.007575757576) contrib=(0.07575757576,-8.897870632E-78)
COSET 11 c=1 d=15 gcd=1 a0=(5.000000000,-5.000000000) 
rho=(0.007575757576,0.007575757576) contrib=(0.07575757576,-1.164574245E-77)
COSET 11 c=1 d=16 gcd=1 a0=(5.000000000,-5.000000000) 
rho=(0.007575757576,0.007575757576) contrib=(0.07575757576,4.056382200E-78)
COSET 11 c=1 d=17 gcd=1 a0=(5.000000000,-5.000000000) 
rho=(0.007575757576,0.007575757576) contrib=(0.07575757576,-1.426276322E-77)
COSET 11 c=1 d=18 gcd=1 a0=(5.000000000,-5.000000000) 
rho=(0.007575757576,0.007575757576) contrib=(0.07575757576,-2.878722852E-78)
COSET 11 c=1 d=19 gcd=1 a0=(5.000000000,-5.000000000) 
rho=(0.007575757576,0.007575757576) contrib=(0.07575757576,-2.093616619E-77)
COSET 11 c=1 d=20 gcd=1 a0=(5.000000000,-5.000000000) 
rho=(0.007575757576,0.007575757576) contrib=(0.07575757576,2.106701723E-77)
COSET 11 c=1 d=21 gcd=1 a0=(5.000000000,-5.000000000) 
rho=(0.007575757576,0.007575757576) contrib=(0.07575757576,3.938616265E-77)
COSET 11 c=1 d=22 gcd=1 a0=(5.000000000,-5.000000000) 
rho=(0.007575757576,0.007575757576) contrib=(0.07575757576,7.222977337E-77)
COSET 11 c=1 d=23 gcd=1 a0=(5.000000000,-5.000000000) 
rho=(0.007575757576,0.007575757576) contrib=(0.07575757576,2.787127125E-77)
COSET 11 c=1 d=24 gcd=1 a0=(5.000000000,-5.000000000) 
rho=(0.007575757576,0.007575757576) contrib=(0.07575757576,2.355318697E-78)
COSET 11 c=1 d=25 gcd=1 a0=(5.000000000,-5.000000000) 
rho=(0.007575757576,0.007575757576) contrib=(0.07575757576,1.045499799E-76)
COSET 11 c=1 d=26 gcd=1 a0=(5.000000000,-5.000000000) 
rho=(0.007575757576,0.007575757576) contrib=(0.07575757576,-1.714148607E-77)
COSET 11 c=1 d=27 gcd=1 a0=(5.000000000,-5.000000000) 
rho=(0.007575757576,0.007575757576) contrib=(0.07575757576,4.409680005E-77)
COSET 11 c=1 d=28 gcd=1 a0=(5.000000000,-5.000000000) 
rho=(0.007575757576,0.007575757576) contrib=(0.07575757576,2.106701723E-77)
COSET 11 c=1 d=29 gcd=1 a0=(5.000000000,-5.000000000) 
rho=(0.007575757576,0.007575757576) contrib=(0.07575757576,6.228509443E-77)
COSET 11 c=1 d=30 gcd=1 a0=(5.000000000,-5.000000000) 
rho=(0.007575757576,0.007575757576) contrib=(0.07575757576,-6.581807247E-77)
COSET 11 c=1 d=31 gcd=1 a0=(5.000000000,-5.000000000) 
rho=(0.007575757576,0.007575757576) contrib=(0.07575757576,-5.548084042E-77)
COSET 11 c=1 d=32 gcd=1 a0=(5.000000000,-5.000000000) 
rho=(0.007575757576,0.007575757576) contrib=(0.07575757576,3.428297214E-77)
COSET 11 c=1 d=33 gcd=1 a0=(5.000000000,-5.000000000) 
rho=(0.007575757576,0.007575757576) contrib=(0.07575757576,-1.719382649E-76)
COSET 11 c=1 d=34 gcd=1 a0=(5.000000000,-5.000000000) 
rho=(0.007575757576,0.007575757576) contrib=(0.07575757576,4.553616147E-77)
COSET 11 c=1 d=35 gcd=1 a0=(5.000000000,-5.000000000) 
rho=(0.007575757576,0.007575757576) contrib=(0.07575757576,2.160350649E-76)
COSET 11 c=1 d=36 gcd=1 a0=(5.000000000,-5.000000000) 
rho=(0.007575757576,0.007575757576) contrib=(0.07575757576,3.068456858E-76)
COSET 11 c=1 d=37 gcd=1 a0=(5.000000000,-5.000000000) 
rho=(0.007575757576,0.007575757576) contrib=(0.07575757576,-7.196807129E-77)
COSET 11 c=1 d=38 gcd=1 a0=(5.000000000,-5.000000000) 
rho=(0.007575757576,0.007575757576) contrib=(0.07575757576,-5.181701133E-77)
COSET 11 c=1 d=39 gcd=1 a0=(5.000000000,-5.000000000) 
rho=(0.007575757576,0.007575757576) contrib=(0.07575757576,-6.922019948E-77)
COSET 11 c=1 d=40 gcd=1 a0=(5.000000000,-5.000000000) 
rho=(0.007575757576,0.007575757576) contrib=(0.07575757576,7.249147544E-77)
COSET 11 c=1 d=41 gcd=1 a0=(5.000000000,-5.000000000) 
rho=(0.007575757576,0.007575757576) contrib=(0.07575757576,9.303508852E-77)
COSET 11 c=1 d=42 gcd=1 a0=(5.000000000,-5.000000000) 
rho=(0.007575757576,0.007575757576) contrib=(0.07575757576,-1.155414672E-76)
COSET 11 c=1 d=43 gcd=1 a0=(5.000000000,-5.000000000) 
rho=(0.007575757576,0.007575757576) contrib=(0.07575757576,6.935105052E-77)
COSET 11 c=1 d=44 gcd=1 a0=(5.000000000,-5.000000000) 
rho=(0.007575757576,0.007575757576) contrib=(0.07575757576,-9.447444995E-77)
COSET 11 c=1 d=45 gcd=1 a0=(5.000000000,-5.000000000) 
rho=(0.007575757576,0.007575757576) contrib=(0.07575757576,-1.046808310E-78)
COSET 11 c=1 d=46 gcd=1 a0=(5.000000000,-5.000000000) 
rho=(0.007575757576,0.007575757576) contrib=(0.07575757576,3.336701487E-77)
COSET 11 c=1 d=47 gcd=1 a0=(5.000000000,-5.000000000) 
rho=(0.007575757576,0.007575757576) contrib=(0.07575757576,-7.301487960E-77)
COSET 11 c=1 d=48 gcd=1 a0=(5.000000000,-5.000000000) 
rho=(0.007575757576,0.007575757576) contrib=(0.07575757576,3.853563090E-76)
COSET 11 c=1 d=49 gcd=1 a0=(5.000000000,-5.000000000) 
rho=(0.007575757576,0.007575757576) contrib=(0.07575757576,-7.851062323E-78)
COSET 11 c=1 d=50 gcd=1 a0=(5.000000000,-5.000000000) 
rho=(0.007575757576,0.007575757576) contrib=(0.07575757576,2.525425047E-77)
COSET 11 c=1 d=51 gcd=1 a0=(5.000000000,-5.000000000) 
rho=(0.007575757576,0.007575757576) contrib=(0.07575757576,-4.448935316E-78)
COSET 11 c=1 d=52 gcd=1 a0=(5.000000000,-5.000000000) 
rho=(0.007575757576,0.007575757576) contrib=(0.07575757576,-3.336701487E-77)
COSET 11 c=1 d=53 gcd=1 a0=(5.000000000,-5.000000000) 
rho=(0.007575757576,0.007575757576) contrib=(0.07575757576,9.879253423E-77)
COSET 11 c=1 d=54 gcd=1 a0=(5.000000000,-5.000000000) 
rho=(0.007575757576,0.007575757576) contrib=(0.07575757576,-2.596084608E-76)
COSET 11 c=1 d=55 gcd=1 a0=(5.000000000,-5.000000000) 
rho=(0.007575757576,0.007575757576) contrib=(0.07575757576,1.754712429E-76)
COSET 11 c=1 d=56 gcd=1 a0=(5.000000000,-5.000000000) 
rho=(0.007575757576,0.007575757576) contrib=(0.07575757576,2.093616619E-78)
COSET 11 c=1 d=57 gcd=1 a0=(5.000000000,-5.000000000) 
rho=(0.007575757576,0.007575757576) contrib=(0.07575757576,8.479147309E-77)
COSET 11 c=1 d=58 gcd=1 a0=(5.000000000,-5.000000000) 
rho=(0.007575757576,0.007575757576) contrib=(0.07575757576,2.270265522E-76)
COSET 11 c=1 d=59 gcd=1 a0=(5.000000000,-5.000000000) 
rho=(0.007575757576,0.007575757576) contrib=(0.07575757576,-5.587339353E-77)
COSET 11 c=1 d=60 gcd=1 a0=(5.000000000,-5.000000000) 
rho=(0.007575757576,0.007575757576) contrib=(0.07575757576,1.612084797E-76)
COSET 11 c=1 d=61 gcd=1 a0=(5.000000000,-5.000000000) 
rho=(0.007575757576,0.007575757576) contrib=(0.07575757576,8.924040840E-77)
COSET 11 c=1 d=62 gcd=1 a0=(5.000000000,-5.000000000) 
rho=(0.007575757576,0.007575757576) contrib=(0.07575757576,-2.617020774E-78)
COSET 11 c=1 d=63 gcd=1 a0=(5.000000000,-5.000000000) 
rho=(0.007575757576,0.007575757576) contrib=(0.07575757576,3.106403659E-76)
COSET 11 c=1 d=64 gcd=1 a0=(5.000000000,-5.000000000) 
rho=(0.007575757576,0.007575757576) contrib=(0.07575757576,-2.301669771E-76)
COSET 11 c=1 d=65 gcd=1 a0=(5.000000000,-5.000000000) 
rho=(0.007575757576,0.007575757576) contrib=(0.07575757576,1.863057089E-75)
COSET 11 c=1 d=66 gcd=1 a0=(5.000000000,-5.000000000) 
rho=(0.007575757576,0.007575757576) contrib=(0.07575757576,-9.614934325E-75)
COSET 11 c=1 d=67 gcd=1 a0=(5.000000000,-5.000000000) 
rho=(0.007575757576,0.007575757576) contrib=(0.07575757576,-8.621774941E-76)
COSET 11 c=1 d=68 gcd=1 a0=(5.000000000,-5.000000000) 
rho=(0.007575757576,0.007575757576) contrib=(0.07575757576,-5.744360599E-77)
COSET 11 c=1 d=69 gcd=1 a0=(5.000000000,-5.000000000) 
rho=(0.007575757576,0.007575757576) contrib=(0.07575757576,-4.213403447E-77)
COSET 11 c=1 d=70 gcd=1 a0=(5.000000000,-5.000000000) 
rho=(0.007575757576,0.007575757576) contrib=(0.07575757576,3.074999410E-77)
COSET 11 c=1 d=71 gcd=1 a0=(5.000000000,-5.000000000) 
rho=(0.007575757576,0.007575757576) contrib=(0.07575757576,1.083970005E-75)
COSET 11 c=1 d=72 gcd=1 a0=(5.000000000,-5.000000000) 
rho=(0.007575757576,0.007575757576) contrib=(0.07575757576,-5.374052160E-76)
COSET 11 c=1 d=73 gcd=1 a0=(5.000000000,-5.000000000) 
rho=(0.007575757576,0.007575757576) contrib=(0.07575757576,-5.294233026E-76)
COSET 11 c=1 d=74 gcd=1 a0=(5.000000000,-5.000000000) 
rho=(0.007575757576,0.007575757576) contrib=(0.07575757576,-1.583297568E-77)
COSET 11 c=1 d=75 gcd=1 a0=(5.000000000,-5.000000000) 
rho=(0.007575757576,0.007575757576) contrib=(0.07575757576,9.800742800E-77)
COSET 11 c=1 d=76 gcd=1 a0=(5.000000000,-5.000000000) 
rho=(0.007575757576,0.007575757576) contrib=(0.07575757576,1.475999717E-76)
COSET 11 c=1 d=77 gcd=1 a0=(5.000000000,-5.000000000) 
rho=(0.007575757576,0.007575757576) contrib=(0.07575757576,-7.393083687E-77)
COSET 11 c=1 d=78 gcd=1 a0=(5.000000000,-5.000000000) 
rho=(0.007575757576,0.007575757576) contrib=(0.07575757576,3.942541797E-76)
COSET 11 c=1 d=79 gcd=1 a0=(5.000000000,-5.000000000) 
rho=(0.007575757576,0.007575757576) contrib=(0.07575757576,-1.185510411E-76)
COSET 11 c=1 d=80 gcd=1 a0=(5.000000000,-5.000000000) 
rho=(0.007575757576,0.007575757576) contrib=(0.07575757576,2.407659112E-77)
COSET 11 c=1 d=81 gcd=1 a0=(5.000000000,-5.000000000) 
rho=(0.007575757576,0.007575757576) contrib=(0.07575757576,-1.279723159E-76)
COSET 11 c=1 d=82 gcd=1 a0=(5.000000000,-5.000000000) 
rho=(0.007575757576,0.007575757576) contrib=(0.07575757576,-2.643190982E-76)
COSET 11 c=1 d=83 gcd=1 a0=(5.000000000,-5.000000000) 
rho=(0.007575757576,0.007575757576) contrib=(0.07575757576,-1.218223170E-76)
COSET 11 c=1 d=84 gcd=1 a0=(5.000000000,-5.000000000) 
rho=(0.007575757576,0.007575757576) contrib=(0.07575757576,-1.439361426E-77)
COSET 11 c=1 d=85 gcd=1 a0=(5.000000000,-5.000000000) 
rho=(0.007575757576,0.007575757576) contrib=(0.07575757576,-7.412711343E-76)
COSET 11 c=1 d=86 gcd=1 a0=(5.000000000,-5.000000000) 
rho=(0.007575757576,0.007575757576) contrib=(0.07575757576,2.486169736E-77)
COSET 11 c=1 d=87 gcd=1 a0=(5.000000000,-5.000000000) 
rho=(0.007575757576,0.007575757576) contrib=(0.07575757576,-1.753403919E-77)
COSET 11 c=1 d=88 gcd=1 a0=(5.000000000,-5.000000000) 
rho=(0.007575757576,0.007575757576) contrib=(0.07575757576,-2.221850637E-76)
COSET 11 c=1 d=89 gcd=1 a0=(5.000000000,-5.000000000) 
rho=(0.007575757576,0.007575757576) contrib=(0.07575757576,-9.879253423E-77)
COSET 11 c=1 d=90 gcd=1 a0=(5.000000000,-5.000000000) 
rho=(0.007575757576,0.007575757576) contrib=(0.07575757576,-1.547967788E-76)
COSET 11 c=1 d=91 gcd=1 a0=(5.000000000,-5.000000000) 
rho=(0.007575757576,0.007575757576) contrib=(0.07575757576,3.941233286E-76)
COSET 11 c=1 d=92 gcd=1 a0=(5.000000000,-5.000000000) 
rho=(0.007575757576,0.007575757576) contrib=(0.07575757576,3.441382318E-77)
COSET 11 c=1 d=93 gcd=1 a0=(5.000000000,-5.000000000) 
rho=(0.007575757576,0.007575757576) contrib=(0.07575757576,2.106701723E-77)
COSET 11 c=1 d=94 gcd=1 a0=(5.000000000,-5.000000000) 
rho=(0.007575757576,0.007575757576) contrib=(0.07575757576,-2.545052703E-76)
COSET 11 c=1 d=95 gcd=1 a0=(5.000000000,-5.000000000) 
rho=(0.007575757576,0.007575757576) contrib=(0.07575757576,8.381009030E-76)
COSET 11 c=1 d=96 gcd=1 a0=(5.000000000,-5.000000000) 
rho=(0.007575757576,0.007575757576) contrib=(0.07575757576,1.147563610E-76)
COSET 11 c=1 d=97 gcd=1 a0=(5.000000000,-5.000000000) 
rho=(0.007575757576,0.007575757576) contrib=(0.07575757576,-4.954020326E-76)
COSET 11 c=1 d=98 gcd=1 a0=(5.000000000,-5.000000000) 
rho=(0.007575757576,0.007575757576) contrib=(0.07575757576,3.052754733E-76)
COSET 11 c=1 d=99 gcd=1 a0=(5.000000000,-5.000000000) 
rho=(0.007575757576,0.007575757576) contrib=(0.07575757576,2.564680359E-76)
COSET 11 c=1 d=100 gcd=1 a0=(5.000000000,-5.000000000) 
rho=(0.007575757576,0.007575757576) contrib=(0.07575757576,-3.666446105E-76)
COSET 11 c=1 d=101 gcd=1 a0=(5.000000000,-5.000000000) 
rho=(0.007575757576,0.007575757576) contrib=(0.07575757576,4.972339471E-76)
COSET 11 c=1 d=102 gcd=1 a0=(5.000000000,-5.000000000) 
rho=(0.007575757576,0.007575757576) contrib=(0.07575757576,3.454467422E-77)
COSET 11 c=1 d=103 gcd=1 a0=(5.000000000,-5.000000000) 
rho=(0.007575757576,0.007575757576) contrib=(0.07575757576,-6.347583888E-76)
COSET 11 c=1 d=104 gcd=1 a0=(5.000000000,-5.000000000) 
rho=(0.007575757576,0.007575757576) contrib=(0.07575757576,3.860105642E-77)
COSET 11 c=1 d=105 gcd=1 a0=(5.000000000,-5.000000000) 
rho=(0.007575757576,0.007575757576) contrib=(0.07575757576,5.531073407E-76)
COSET 11 c=1 d=106 gcd=1 a0=(5.000000000,-5.000000000) 
rho=(0.007575757576,0.007575757576) contrib=(0.07575757576,3.956935411E-76)
COSET 11 c=1 d=107 gcd=1 a0=(5.000000000,-5.000000000) 
rho=(0.007575757576,0.007575757576) contrib=(0.07575757576,1.078866814E-75)
COSET 11 c=1 d=108 gcd=1 a0=(5.000000000,-5.000000000) 
rho=(0.007575757576,0.007575757576) contrib=(0.07575757576,-6.216732849E-76)
COSET 11 c=1 d=109 gcd=1 a0=(5.000000000,-5.000000000) 
rho=(0.007575757576,0.007575757576) contrib=(0.07575757576,7.644317682E-76)
COSET 11 c=1 d=110 gcd=1 a0=(5.000000000,-5.000000000) 
rho=(0.007575757576,0.007575757576) contrib=(0.07575757576,3.114254721E-77)
COSET 11 c=1 d=111 gcd=1 a0=(5.000000000,-5.000000000) 
rho=(0.007575757576,0.007575757576) contrib=(0.07575757576,3.000414318E-76)
COSET 11 c=1 d=112 gcd=1 a0=(5.000000000,-5.000000000) 
rho=(0.007575757576,0.007575757576) contrib=(0.07575757576,-4.959254367E-76)
COSET 11 c=1 d=113 gcd=1 a0=(5.000000000,-5.000000000) 
rho=(0.007575757576,0.007575757576) contrib=(0.07575757576,-2.159042139E-77)
COSET 11 c=1 d=114 gcd=1 a0=(5.000000000,-5.000000000) 
rho=(0.007575757576,0.007575757576) contrib=(0.07575757576,9.316593957E-77)
COSET 11 c=1 d=115 gcd=1 a0=(5.000000000,-5.000000000) 
rho=(0.007575757576,0.007575757576) contrib=(0.07575757576,9.630636449E-76)
COSET 11 c=1 d=116 gcd=1 a0=(5.000000000,-5.000000000) 
rho=(0.007575757576,0.007575757576) contrib=(0.07575757576,-5.022062866E-76)
COSET 11 c=1 d=117 gcd=1 a0=(5.000000000,-5.000000000) 
rho=(0.007575757576,0.007575757576) contrib=(0.07575757576,-3.218935552E-76)
COSET 11 c=1 d=118 gcd=1 a0=(5.000000000,-5.000000000) 
rho=(0.007575757576,0.007575757576) contrib=(0.07575757576,2.548978234E-76)
COSET 11 c=1 d=119 gcd=1 a0=(5.000000000,-5.000000000) 
rho=(0.007575757576,0.007575757576) contrib=(0.07575757576,-4.558850189E-76)
COSET 11 c=1 d=120 gcd=1 a0=(5.000000000,-5.000000000) 
rho=(0.007575757576,0.007575757576) contrib=(0.07575757576,-4.884669275E-76)
COSET 11 c=1 d=121 gcd=1 a0=(5.000000000,-5.000000000) 
rho=(0.007575757576,0.007575757576) contrib=(0.07575757576,-3.496339754E-76)
COSET 11 c=1 d=122 gcd=1 a0=(5.000000000,-5.000000000) 
rho=(0.007575757576,0.007575757576) contrib=(0.07575757576,3.205850449E-77)
COSET 11 c=1 d=123 gcd=1 a0=(5.000000000,-5.000000000) 
rho=(0.007575757576,0.007575757576) contrib=(0.07575757576,-1.091297663E-76)
COSET 11 c=1 d=124 gcd=1 a0=(5.000000000,-5.000000000) 
rho=(0.007575757576,0.007575757576) contrib=(0.07575757576,-3.827392882E-76)
COSET 11 c=1 d=125 gcd=1 a0=(5.000000000,-5.000000000) 
rho=(0.007575757576,0.007575757576) contrib=(0.07575757576,3.306605748E-76)
COSET 11 c=1 d=126 gcd=1 a0=(5.000000000,-5.000000000) 
rho=(0.007575757576,0.007575757576) contrib=(0.07575757576,8.128466525E-76)
COSET 11 c=1 d=127 gcd=1 a0=(5.000000000,-5.000000000) 
rho=(0.007575757576,0.007575757576) contrib=(0.07575757576,4.658296978E-77)
COSET 11 c=1 d=128 gcd=1 a0=(5.000000000,-5.000000000) 
rho=(0.007575757576,0.007575757576) contrib=(0.07575757576,7.349902845E-76)
COSET 11 c=1 d=129 gcd=1 a0=(5.000000000,-5.000000000) 
rho=(0.007575757576,0.007575757576) contrib=(0.07575757576,8.223987783E-76)
COSET 11 c=1 d=130 gcd=1 a0=(5.000000000,-5.000000000) 
rho=(0.007575757576,0.007575757576) contrib=(0.07575757576,-1.326960384E-75)
COSET 11 c=1 d=131 gcd=1 a0=(5.000000000,-5.000000000) 
rho=(0.007575757576,0.007575757576) contrib=(0.07575757576,4.380947995E-71)
COSET 11 c=3 d=1 gcd=3 a0=(1.000000000,1.000000000) 
rho=(0.02272727273,-0.02272727273) contrib=(0.04545454546,-4.711139862E-71)
COSET 11 c=3 d=2 gcd=3 a0=(1.000000000,1.000000000) 
rho=(0.02272727273,-0.02272727273) contrib=(0.04545454546,-2.798706499E-71)
COSET 11 c=3 d=4 gcd=3 a0=(1.000000000,1.000000000) 
rho=(0.02272727273,-0.02272727273) contrib=(0.04545454546,-2.687118408E-71)
COSET 11 c=3 d=5 gcd=3 a0=(1.000000000,1.000000000) 
rho=(0.02272727273,-0.02272727273) contrib=(0.04545454546,-7.107550391E-71)
COSET 11 c=3 d=7 gcd=3 a0=(1.000000000,1.000000000) 
rho=(0.02272727273,-0.02272727273) contrib=(0.04545454546,-1.678001898E-71)
COSET 11 c=3 d=8 gcd=3 a0=(1.000000000,1.000000000) 
rho=(0.02272727273,-0.02272727273) contrib=(0.04545454546,-3.275930496E-71)
COSET 11 c=3 d=10 gcd=3 a0=(1.000000000,1.000000000) 
rho=(0.02272727273,-0.02272727273) contrib=(0.04545454546,-2.519897062E-71)
COSET 11 c=3 d=11 gcd=3 a0=(1.000000000,1.000000000) 
rho=(0.02272727273,-0.02272727273) contrib=(0.04545454546,-3.164985564E-71)
COSET 11 c=3 d=13 gcd=3 a0=(1.000000000,1.000000000) 
rho=(0.02272727273,-0.02272727273) contrib=(0.04545454546,-9.584355798E-71)
COSET 11 c=3 d=14 gcd=3 a0=(1.000000000,1.000000000) 
rho=(0.02272727273,-0.02272727273) contrib=(0.04545454546,-4.053509758E-71)
COSET 11 c=3 d=16 gcd=3 a0=(1.000000000,1.000000000) 
rho=(0.02272727273,-0.02272727273) contrib=(0.04545454546,-1.766854317E-70)
COSET 11 c=3 d=17 gcd=3 a0=(1.000000000,1.000000000) 
rho=(0.02272727273,-0.02272727273) contrib=(0.04545454546,5.473283310E-72)
COSET 11 c=3 d=19 gcd=3 a0=(1.000000000,1.000000000) 
rho=(0.02272727273,-0.02272727273) contrib=(0.04545454546,3.675010672E-71)
COSET 11 c=3 d=20 gcd=3 a0=(1.000000000,1.000000000) 
rho=(0.02272727273,-0.02272727273) contrib=(0.04545454546,1.181772551E-70)
COSET 11 c=3 d=22 gcd=3 a0=(1.000000000,1.000000000) 
rho=(0.02272727273,-0.02272727273) contrib=(0.04545454546,-8.786517027E-71)
COSET 11 c=3 d=23 gcd=3 a0=(1.000000000,1.000000000) 
rho=(0.02272727273,-0.02272727273) contrib=(0.04545454546,3.225796250E-70)
COSET 11 c=3 d=25 gcd=3 a0=(1.000000000,1.000000000) 
rho=(0.02272727273,-0.02272727273) contrib=(0.04545454546,1.670702043E-70)
COSET 11 c=3 d=26 gcd=3 a0=(1.000000000,1.000000000) 
rho=(0.02272727273,-0.02272727273) contrib=(0.04545454546,-2.636887689E-70)
COSET 11 c=3 d=28 gcd=3 a0=(1.000000000,1.000000000) 
rho=(0.02272727273,-0.02272727273) contrib=(0.04545454546,-1.140513900E-70)
COSET 11 c=3 d=29 gcd=3 a0=(1.000000000,1.000000000) 
rho=(0.02272727273,-0.02272727273) contrib=(0.04545454546,-4.609456420E-70)
COSET 11 c=3 d=31 gcd=3 a0=(1.000000000,1.000000000) 
rho=(0.02272727273,-0.02272727273) contrib=(0.04545454546,1.470325848E-70)
COSET 11 c=3 d=32 gcd=3 a0=(1.000000000,1.000000000) 
rho=(0.02272727273,-0.02272727273) contrib=(0.04545454546,-1.954206541E-70)
COSET 11 c=3 d=34 gcd=3 a0=(1.000000000,1.000000000) 
rho=(0.02272727273,-0.02272727273) contrib=(0.04545454546,-4.879229473E-70)
COSET 11 c=3 d=35 gcd=3 a0=(1.000000000,1.000000000) 
rho=(0.02272727273,-0.02272727273) contrib=(0.04545454546,-3.798111309E-70)
COSET 11 c=3 d=37 gcd=3 a0=(1.000000000,1.000000000) 
rho=(0.02272727273,-0.02272727273) contrib=(0.04545454546,8.166511726E-70)
COSET 11 c=3 d=38 gcd=3 a0=(1.000000000,1.000000000) 
rho=(0.02272727273,-0.02272727273) contrib=(0.04545454546,2.750019361E-70)
COSET 11 c=3 d=40 gcd=3 a0=(1.000000000,1.000000000) 
rho=(0.02272727273,-0.02272727273) contrib=(0.04545454546,1.115347087E-69)
COSET 11 c=3 d=41 gcd=3 a0=(1.000000000,1.000000000) 
rho=(0.02272727273,-0.02272727273) contrib=(0.04545454546,2.316883916E-70)
COSET 11 c=3 d=43 gcd=3 a0=(1.000000000,1.000000000) 
rho=(0.02272727273,-0.02272727273) contrib=(0.04545454546,3.484121073E-70)
COSET 11 c=3 d=44 gcd=3 a0=(1.000000000,1.000000000) 
rho=(0.02272727273,-0.02272727273) contrib=(0.04545454546,-6.893700015E-70)
COSET 11 c=3 d=47 gcd=3 a0=(1.000000000,1.000000000) 
rho=(0.02272727273,-0.02272727273) contrib=(0.04545454546,1.452417085E-69)
COSET 11 c=3 d=50 gcd=3 a0=(1.000000000,1.000000000) 
rho=(0.02272727273,-0.02272727273) contrib=(0.04545454546,-1.102786191E-69)
COSET 11 c=3 d=53 gcd=3 a0=(1.000000000,1.000000000) 
rho=(0.02272727273,-0.02272727273) contrib=(0.04545454546,9.410831493E-70)
COSET 11 c=3 d=56 gcd=3 a0=(1.000000000,1.000000000) 
rho=(0.02272727273,-0.02272727273) contrib=(0.04545454546,1.183708460E-69)
COSET 11 c=3 d=59 gcd=3 a0=(1.000000000,1.000000000) 
rho=(0.02272727273,-0.02272727273) contrib=(0.04545454546,-1.858945042E-69)
COSET 11 c=3 d=62 gcd=3 a0=(1.000000000,1.000000000) 
rho=(0.02272727273,-0.02272727273) contrib=(0.04545454546,1.488302143E-69)
COSET 11 c=3 d=65 gcd=3 a0=(1.000000000,1.000000000) 
rho=(0.02272727273,-0.02272727273) contrib=(0.04545454546,1.433797631E-69)
COSET 11 c=3 d=68 gcd=3 a0=(1.000000000,1.000000000) 
rho=(0.02272727273,-0.02272727273) contrib=(0.04545454546,1.589528942E-69)
COSET 11 c=3 d=71 gcd=3 a0=(1.000000000,1.000000000) 
rho=(0.02272727273,-0.02272727273) contrib=(0.04545454546,-6.348751372E-70)
COSET 11 c=3 d=74 gcd=3 a0=(1.000000000,1.000000000) 
rho=(0.02272727273,-0.02272727273) contrib=(0.04545454546,-1.355557336E-69)
COSET 11 c=3 d=77 gcd=3 a0=(1.000000000,1.000000000) 
rho=(0.02272727273,-0.02272727273) contrib=(0.04545454546,1.399481881E-69)
COSET 11 c=3 d=80 gcd=3 a0=(1.000000000,1.000000000) 
rho=(0.02272727273,-0.02272727273) contrib=(0.04545454546,-6.349394532E-70)
COSET 11 c=3 d=83 gcd=3 a0=(1.000000000,1.000000000) 
rho=(0.02272727273,-0.02272727273) contrib=(0.04545454546,-2.505368099E-69)
COSET 11 c=3 d=86 gcd=3 a0=(1.000000000,1.000000000) 
rho=(0.02272727273,-0.02272727273) contrib=(0.04545454546,-2.545311491E-69)
COSET 11 c=4 d=1 gcd=4 a0=(-2.000000000,-3.517412842E-70) 
rho=(0.03030303030,-1.788979045E-81) contrib=(-0.06060606061,-1.065882679E-71)
COSET 11 c=4 d=3 gcd=4 a0=(-4.250736154E-70,-2.000000000) 
rho=(2.939037002E-81,-0.03030303030) contrib=(-0.06060606061,1.288101864E-71)
COSET 11 c=4 d=5 gcd=4 a0=(-2.000000000,2.670094432E-70) 
rho=(0.03030303030,-1.788979045E-81) contrib=(-0.06060606061,8.091195254E-72)
COSET 11 c=4 d=7 gcd=4 a0=(3.563616418E-69,-2.000000000) 
rho=(2.939037002E-81,-0.03030303030) contrib=(-0.06060606061,-1.079883763E-70)
COSET 11 c=4 d=9 gcd=4 a0=(-2.000000000,-4.455656324E-70) 
rho=(0.03030303030,-1.788979045E-81) contrib=(-0.06060606061,-1.350198886E-71)
COSET 11 c=4 d=11 gcd=4 a0=(-2.798333369E-69,-2.000000000) 
rho=(2.939037002E-81,-0.03030303030) contrib=(-0.06060606061,8.479798089E-71)
COSET 11 c=4 d=13 gcd=4 a0=(-2.000000000,7.587322656E-70) 
rho=(0.03030303030,-1.788979045E-81) contrib=(-0.06060606061,2.299188684E-71)
COSET 11 c=4 d=15 gcd=4 a0=(-1.051232495E-68,-2.000000000) 
rho=(2.939037002E-81,-0.03030303030) contrib=(-0.06060606061,3.185553014E-70)
COSET 11 c=4 d=17 gcd=4 a0=(-2.000000000,1.449160670E-69) 
rho=(0.03030303030,-1.788979045E-81) contrib=(-0.06060606061,4.391395970E-71)
COSET 11 c=4 d=19 gcd=4 a0=(4.520228552E-70,-2.000000000) 
rho=(2.939037002E-81,-0.03030303030) contrib=(-0.06060606061,-1.369766229E-71)
COSET 11 c=4 d=21 gcd=4 a0=(-2.000000000,-1.401151042E-69) 
rho=(0.03030303030,-1.788979045E-81) contrib=(-0.06060606061,-4.245912248E-71)
COSET 11 c=4 d=23 gcd=4 a0=(6.446881141E-69,-2.000000000) 
rho=(2.939037002E-81,-0.03030303030) contrib=(-0.06060606061,-1.953600346E-70)
COSET 11 c=4 d=25 gcd=4 a0=(-2.000000000,1.009911368E-68) 
rho=(0.03030303030,-1.788979045E-81) contrib=(-0.06060606061,3.060337479E-70)
COSET 11 c=4 d=27 gcd=4 a0=(1.737457862E-69,-2.000000000) 
rho=(2.939037002E-81,-0.03030303030) contrib=(-0.06060606061,-5.265023826E-71)
COSET 11 c=4 d=29 gcd=4 a0=(-2.000000000,2.518582948E-70) 
rho=(0.03030303030,-1.788979045E-81) contrib=(-0.06060606061,7.632069543E-72)
COSET 11 c=4 d=31 gcd=4 a0=(6.861504834E-69,-2.000000000) 
rho=(2.939037002E-81,-0.03030303030) contrib=(-0.06060606061,-2.079243889E-70)
COSET 11 c=4 d=33 gcd=4 a0=(-2.000000000,-4.380004844E-69) 
rho=(0.03030303030,-1.788979045E-81) contrib=(-0.06060606061,-1.327274195E-70)
COSET 11 c=4 d=35 gcd=4 a0=(1.492077088E-68,-2.000000000) 
rho=(2.939037002E-81,-0.03030303030) contrib=(-0.06060606061,-4.521445722E-70)
COSET 11 c=4 d=37 gcd=4 a0=(-2.000000000,3.883974739E-69) 
rho=(0.03030303030,-1.788979045E-81) contrib=(-0.06060606061,1.176962042E-70)
COSET 11 c=4 d=39 gcd=4 a0=(-1.239963670E-70,-2.000000000) 
rho=(2.939037002E-81,-0.03030303030) contrib=(-0.06060606061,3.757465661E-72)
COSET 11 c=4 d=41 gcd=4 a0=(-2.000000000,-2.053221164E-68) 
rho=(0.03030303030,-1.788979045E-81) contrib=(-0.06060606061,-6.221882315E-70)
COSET 11 c=4 d=43 gcd=4 a0=(1.328961929E-69,-2.000000000) 
rho=(2.939037002E-81,-0.03030303030) contrib=(-0.06060606061,-4.027157361E-71)
COSET 11 c=4 d=45 gcd=4 a0=(-2.000000000,-2.403271537E-69) 
rho=(0.03030303030,-1.788979045E-81) contrib=(-0.06060606061,-7.282641022E-71)
COSET 11 c=4 d=47 gcd=4 a0=(1.511206888E-68,-2.000000000) 
rho=(2.939037002E-81,-0.03030303030) contrib=(-0.06060606061,-4.579414813E-70)
COSET 11 c=4 d=49 gcd=4 a0=(-2.000000000,-4.400605066E-69) 
rho=(0.03030303030,-1.788979045E-81) contrib=(-0.06060606061,-1.333516687E-70)
COSET 11 c=4 d=51 gcd=4 a0=(-4.571139232E-69,-2.000000000) 
rho=(2.939037002E-81,-0.03030303030) contrib=(-0.06060606061,1.385193707E-70)
COSET 11 c=4 d=53 gcd=4 a0=(-2.000000000,-4.362868159E-68) 
rho=(0.03030303030,-1.788979045E-81) contrib=(-0.06060606061,-1.322081260E-69)
COSET 11 c=4 d=55 gcd=4 a0=(-6.903529262E-68,-2.000000000) 
rho=(2.939037002E-81,-0.03030303030) contrib=(-0.06060606061,2.091978564E-69)
COSET 11 c=4 d=57 gcd=4 a0=(-2.000000000,2.552189155E-68) 
rho=(0.03030303030,-1.788979045E-81) contrib=(-0.06060606061,7.733906530E-70)
COSET 11 c=4 d=59 gcd=4 a0=(-3.728157574E-69,-2.000000000) 
rho=(2.939037002E-81,-0.03030303030) contrib=(-0.06060606061,1.129744719E-70)
COSET 11 c=4 d=61 gcd=4 a0=(-2.000000000,1.202844051E-68) 
rho=(0.03030303030,-1.788979045E-81) contrib=(-0.06060606061,3.644981972E-70)
COSET 11 c=4 d=63 gcd=4 a0=(7.744936196E-69,-2.000000000) 
rho=(2.939037002E-81,-0.03030303030) contrib=(-0.06060606061,-2.346950363E-70)
COSET 11 c=4 d=65 gcd=4 a0=(-2.000000000,6.496391190E-68) 
rho=(0.03030303030,-1.788979045E-81) contrib=(-0.06060606061,1.968603391E-69)
COSET 11 c=11 d=1 gcd=11 a0=(1.000000000,1.000000000) 
rho=(-4.827348310E-81,-3.525546594E-81) contrib=(-1.301801716E-81,-8.352894904E\
-81)
COSET 11 c=11 d=2 gcd=11 a0=(-1.000000000,-1.000000000) 
rho=(-1.955849136E-82,5.597394365E-81) contrib=(5.792979279E-81,-5.401809451E-8\
1)
COSET 11 c=11 d=3 gcd=11 a0=(1.000000000,1.000000000) 
rho=(3.113740367E-82,-2.200083554E-82) contrib=(5.313823921E-82,9.136568134E-83\
)
COSET 11 c=11 d=4 gcd=11 a0=(1.000000000,1.000000000) 
rho=(-4.230755094E-82,-5.611998174E-83) contrib=(-3.669555276E-82,-4.791954911E\
-82)
COSET 11 c=11 d=5 gcd=11 a0=(-1.000000000,-1.000000000) 
rho=(-3.121592963E-81,3.461233921E-81) contrib=(6.582826884E-81,-3.396409586E-8\
2)
COSET 11 c=11 d=6 gcd=11 a0=(-1.000000000,-1.000000000) 
rho=(-2.687318419E-81,4.597004104E-81) contrib=(7.284322523E-81,-1.909685686E-8\
1)
COSET 11 c=11 d=7 gcd=11 a0=(1.000000000,1.000000000) 
rho=(-4.835787122E-82,-6.522471119E-84) contrib=(-4.770562410E-82,-4.901011833E\
-82)
COSET 11 c=11 d=8 gcd=11 a0=(1.000000000,1.000000000) 
rho=(1.165623677E-82,-6.686220756E-82) contrib=(7.851844433E-82,-5.520597079E-8\
2)
COSET 11 c=11 d=9 gcd=11 a0=(1.000000000,1.000000000) 
rho=(3.744123278E-81,-2.124135400E-81) contrib=(5.868258678E-81,1.619987879E-81\
)
COSET 11 c=11 d=10 gcd=11 a0=(1.000000000,1.000000000) 
rho=(1.587194787E-81,3.747796293E-81) contrib=(-2.160601506E-81,5.334991080E-81\
)
COSET 11 c=11 d=12 gcd=11 a0=(1.000000000,1.000000000) 
rho=(-4.827348310E-81,-3.525546594E-81) contrib=(-1.301801716E-81,-8.352894904E\
-81)
COSET 11 c=11 d=23 gcd=11 a0=(1.000000000,1.000000000) 
rho=(-4.827348310E-81,-3.525546594E-81) contrib=(-1.301801716E-81,-8.352894904E\
-81)
COSET 11 c=12 d=1 gcd=12 a0=(-2.000000000,4.765894888E-72) 
rho=(-0.09090909091,1.073387427E-80) contrib=(0.1818181818,-4.332631931E-73)
COSET 11 c=12 d=5 gcd=12 a0=(2.000000000,8.763244701E-72) 
rho=(0.09090909091,-1.022273740E-81) contrib=(0.1818181818,7.966586072E-73)
COSET 11 c=12 d=7 gcd=12 a0=(-4.026390289E-72,-2.000000000) 
rho=(-4.600231830E-81,0.09090909091) contrib=(0.1818181818,-3.660354716E-73)
COSET 11 c=12 d=11 gcd=12 a0=(-4.118146482E-72,-2.000000000) 
rho=(-9.711600529E-81,0.09090909091) contrib=(0.1818181818,-3.743769335E-73)
COSET 11 c=12 d=13 gcd=12 a0=(-2.000000000,-4.188275257E-71) 
rho=(-0.09090909091,1.073387427E-80) contrib=(0.1818181818,3.807522939E-72)
COSET 11 c=12 d=17 gcd=12 a0=(2.000000000,-1.221179873E-71) 
rho=(0.09090909091,-1.022273740E-81) contrib=(0.1818181818,-1.110163523E-72)
COSET 11 c=12 d=19 gcd=12 a0=(-6.207170176E-71,-2.000000000) 
rho=(-4.600231830E-81,0.09090909091) contrib=(0.1818181818,-5.642881969E-72)
COSET 11 c=12 d=25 gcd=12 a0=(-2.000000000,2.211604631E-72) 
rho=(-0.09090909091,1.073387427E-80) contrib=(0.1818181818,-2.010549879E-73)
COSET 11 c=12 d=31 gcd=12 a0=(9.466211121E-71,-2.000000000) 
rho=(-4.600231830E-81,0.09090909091) contrib=(0.1818181818,8.605646483E-72)
COSET 11 c=12 d=37 gcd=12 a0=(-2.000000000,8.789749637E-71) 
rho=(-0.09090909091,1.073387427E-80) contrib=(0.1818181818,-7.990681510E-72)
COSET 11 c=12 d=43 gcd=12 a0=(2.371737121E-70,-2.000000000) 
rho=(-4.600231830E-81,0.09090909091) contrib=(0.1818181818,2.156124657E-71)
COSET 11 c=33 d=1 gcd=33 a0=(-1.000000000,1.000000000) 
rho=(-2.465836072E-82,-2.228936112E-80) contrib=(2.253594473E-80,2.204277752E-8\
0)
COSET 11 c=33 d=2 gcd=33 a0=(-1.000000000,1.000000000) 
rho=(-5.799662177E-81,4.405625243E-81) contrib=(1.394036933E-81,-1.020528742E-8\
0)
COSET 11 c=33 d=4 gcd=33 a0=(-1.000000000,1.000000000) 
rho=(-2.470511480E-81,1.057922529E-81) contrib=(1.412588951E-81,-3.528434010E-8\
1)
COSET 11 c=33 d=7 gcd=33 a0=(1.000000000,-1.000000000) 
rho=(-2.325073770E-81,-3.743678247E-82) contrib=(-2.699441594E-81,1.950705945E-\
81)
COSET 11 c=44 d=1 gcd=44 a0=(-8.000000000,1.176632307E-68) 
rho=(2.069655082E-80,-9.149050478E-81) contrib=(-1.655724066E-79,7.319240383E-8\
0)
COSET 11 c=44 d=3 gcd=44 a0=(2.554743329E-68,-8.000000000) 
rho=(1.976853355E-81,6.016606980E-82) contrib=(4.813285584E-81,-1.581482684E-80\
)
COSET 11 c=44 d=5 gcd=44 a0=(-8.000000000,8.445086692E-69) 
rho=(-5.081419274E-81,-8.585502113E-83) contrib=(4.065135419E-80,6.868401690E-8\
2)
FORM 12:
  c_eta(0)[1] (trivial) = -3.90303504655E-69 + 1.49707544605E-69 i   (half: 
-1.95151752327E-69)
  c_eta(0)[2] = 12.0000000000 + 3.42792302656E-69 i   (half: 6.00000000000)
  c_eta(0)[3] = 12.0000000000 + 3.42792302649E-69 i   (half: 6.00000000000)
  c_eta(0)[4] = 12.0000000000 + 3.42792302657E-69 i   (half: 6.00000000000)
  c_eta(0)[5] = 12.0000000000 + 3.42792302656E-69 i   (half: 6.00000000000)
  c_eta(0)[6] = 12.0000000000 + 3.42792302653E-69 i   (half: 6.00000000000)
  c_eta(0)[7] = 12.0000000000 + 3.42792302659E-69 i   (half: 6.00000000000)
  c_eta(0)[8] = 12.0000000000 + 3.42792302656E-69 i   (half: 6.00000000000)
  c_eta(0)[9] = 12.0000000000 + 3.42792302653E-69 i   (half: 6.00000000000)
  c_eta(0)[10] = 12.0000000000 + 3.42792302644E-69 i   (half: 6.00000000000)
  c_eta(0)[11] = 12.0000000000 + 3.42792302652E-69 i   (half: 6.00000000000)
  c_eta(0)[12] = 12.0000000000 + 3.42792302660E-69 i   (half: 6.00000000000)
  c_eta(0)[13] = 12.0000000000 + 3.42792302662E-69 i   (half: 6.00000000000)
  c_eta(0)[14] = 12.0000000000 + 3.42792302665E-69 i   (half: 6.00000000000)
  c_eta(0)[15] = 12.0000000000 + 3.42792302651E-69 i   (half: 6.00000000000)
  c_eta(0)[16] = 12.0000000000 + 3.42792302665E-69 i   (half: 6.00000000000)
  c_eta(0)[17] = 12.0000000000 + 3.42792302676E-69 i   (half: 6.00000000000)
  c_eta(0)[18] = 12.0000000000 + 3.42792302660E-69 i   (half: 6.00000000000)
  c_eta(0)[19] = 12.0000000000 + 3.42792302668E-69 i   (half: 6.00000000000)
  c_eta(0)[20] = 12.0000000000 + 3.42792302665E-69 i   (half: 6.00000000000)
  c_eta(0)[21] = 12.0000000000 + 3.42792302671E-69 i   (half: 6.00000000000)
COSET 12 c=1 d=0 gcd=1 a0=(4.000000000,-4.000000000) 
rho=(0.007575757576,0.007575757576) contrib=(0.06060606061,2.015385215E-69)
COSET 12 c=1 d=1 gcd=1 a0=(4.000000000,-4.000000000) 
rho=(0.007575757576,0.007575757576) contrib=(0.06060606061,2.824563607E-74)
COSET 12 c=1 d=2 gcd=1 a0=(4.000000000,-4.000000000) 
rho=(0.007575757576,0.007575757576) contrib=(0.06060606061,4.497350200E-76)
COSET 12 c=1 d=3 gcd=1 a0=(4.000000000,-4.000000000) 
rho=(0.007575757576,0.007575757576) contrib=(0.06060606061,-2.656276086E-77)
COSET 12 c=1 d=4 gcd=1 a0=(4.000000000,-4.000000000) 
rho=(0.007575757576,0.007575757576) contrib=(0.06060606061,4.422765108E-77)
COSET 12 c=1 d=5 gcd=1 a0=(4.000000000,-4.000000000) 
rho=(0.007575757576,0.007575757576) contrib=(0.06060606061,-4.579786355E-77)
COSET 12 c=1 d=6 gcd=1 a0=(4.000000000,-4.000000000) 
rho=(0.007575757576,0.007575757576) contrib=(0.06060606061,-1.216914660E-77)
COSET 12 c=1 d=7 gcd=1 a0=(4.000000000,-4.000000000) 
rho=(0.007575757576,0.007575757576) contrib=(0.06060606061,-2.080531516E-77)
COSET 12 c=1 d=8 gcd=1 a0=(4.000000000,-4.000000000) 
rho=(0.007575757576,0.007575757576) contrib=(0.06060606061,1.046808310E-78)
COSET 12 c=1 d=9 gcd=1 a0=(4.000000000,-4.000000000) 
rho=(0.007575757576,0.007575757576) contrib=(0.06060606061,9.944678942E-78)
COSET 12 c=1 d=10 gcd=1 a0=(4.000000000,-4.000000000) 
rho=(0.007575757576,0.007575757576) contrib=(0.06060606061,-9.290423749E-78)
COSET 12 c=1 d=11 gcd=1 a0=(4.000000000,-4.000000000) 
rho=(0.007575757576,0.007575757576) contrib=(0.06060606061,-9.813827903E-78)
COSET 12 c=1 d=12 gcd=1 a0=(4.000000000,-4.000000000) 
rho=(0.007575757576,0.007575757576) contrib=(0.06060606061,1.635637984E-77)
COSET 12 c=1 d=13 gcd=1 a0=(4.000000000,-4.000000000) 
rho=(0.007575757576,0.007575757576) contrib=(0.06060606061,-1.164574245E-77)
COSET 12 c=1 d=14 gcd=1 a0=(4.000000000,-4.000000000) 
rho=(0.007575757576,0.007575757576) contrib=(0.06060606061,-8.767019594E-78)
COSET 12 c=1 d=15 gcd=1 a0=(4.000000000,-4.000000000) 
rho=(0.007575757576,0.007575757576) contrib=(0.06060606061,-1.177659348E-77)
COSET 12 c=1 d=16 gcd=1 a0=(4.000000000,-4.000000000) 
rho=(0.007575757576,0.007575757576) contrib=(0.06060606061,3.925531162E-78)
COSET 12 c=1 d=17 gcd=1 a0=(4.000000000,-4.000000000) 
rho=(0.007575757576,0.007575757576) contrib=(0.06060606061,-1.426276322E-77)
COSET 12 c=1 d=18 gcd=1 a0=(4.000000000,-4.000000000) 
rho=(0.007575757576,0.007575757576) contrib=(0.06060606061,-2.747871813E-78)
COSET 12 c=1 d=19 gcd=1 a0=(4.000000000,-4.000000000) 
rho=(0.007575757576,0.007575757576) contrib=(0.06060606061,-2.093616619E-77)
COSET 12 c=1 d=20 gcd=1 a0=(4.000000000,-4.000000000) 
rho=(0.007575757576,0.007575757576) contrib=(0.06060606061,2.093616619E-77)
COSET 12 c=1 d=21 gcd=1 a0=(4.000000000,-4.000000000) 
rho=(0.007575757576,0.007575757576) contrib=(0.06060606061,3.873190746E-77)
COSET 12 c=1 d=22 gcd=1 a0=(4.000000000,-4.000000000) 
rho=(0.007575757576,0.007575757576) contrib=(0.06060606061,7.170636921E-77)
COSET 12 c=1 d=23 gcd=1 a0=(4.000000000,-4.000000000) 
rho=(0.007575757576,0.007575757576) contrib=(0.06060606061,2.734786709E-77)
COSET 12 c=1 d=24 gcd=1 a0=(4.000000000,-4.000000000) 
rho=(0.007575757576,0.007575757576) contrib=(0.06060606061,2.355318697E-78)
COSET 12 c=1 d=25 gcd=1 a0=(4.000000000,-4.000000000) 
rho=(0.007575757576,0.007575757576) contrib=(0.06060606061,1.036340227E-76)
COSET 12 c=1 d=26 gcd=1 a0=(4.000000000,-4.000000000) 
rho=(0.007575757576,0.007575757576) contrib=(0.06060606061,-1.674893296E-77)
COSET 12 c=1 d=27 gcd=1 a0=(4.000000000,-4.000000000) 
rho=(0.007575757576,0.007575757576) contrib=(0.06060606061,4.370424693E-77)
COSET 12 c=1 d=28 gcd=1 a0=(4.000000000,-4.000000000) 
rho=(0.007575757576,0.007575757576) contrib=(0.06060606061,2.080531516E-77)
COSET 12 c=1 d=29 gcd=1 a0=(4.000000000,-4.000000000) 
rho=(0.007575757576,0.007575757576) contrib=(0.06060606061,6.136913716E-77)
COSET 12 c=1 d=30 gcd=1 a0=(4.000000000,-4.000000000) 
rho=(0.007575757576,0.007575757576) contrib=(0.06060606061,-6.464041312E-77)
COSET 12 c=1 d=31 gcd=1 a0=(4.000000000,-4.000000000) 
rho=(0.007575757576,0.007575757576) contrib=(0.06060606061,-5.482658522E-77)
COSET 12 c=1 d=32 gcd=1 a0=(4.000000000,-4.000000000) 
rho=(0.007575757576,0.007575757576) contrib=(0.06060606061,3.415212110E-77)
COSET 12 c=1 d=33 gcd=1 a0=(4.000000000,-4.000000000) 
rho=(0.007575757576,0.007575757576) contrib=(0.06060606061,-1.707606055E-76)
COSET 12 c=1 d=34 gcd=1 a0=(4.000000000,-4.000000000) 
rho=(0.007575757576,0.007575757576) contrib=(0.06060606061,4.514360835E-77)
COSET 12 c=1 d=35 gcd=1 a0=(4.000000000,-4.000000000) 
rho=(0.007575757576,0.007575757576) contrib=(0.06060606061,2.132871931E-76)
COSET 12 c=1 d=36 gcd=1 a0=(4.000000000,-4.000000000) 
rho=(0.007575757576,0.007575757576) contrib=(0.06060606061,3.038361119E-76)
COSET 12 c=1 d=37 gcd=1 a0=(4.000000000,-4.000000000) 
rho=(0.007575757576,0.007575757576) contrib=(0.06060606061,-7.144466714E-77)
COSET 12 c=1 d=38 gcd=1 a0=(4.000000000,-4.000000000) 
rho=(0.007575757576,0.007575757576) contrib=(0.06060606061,-5.155530925E-77)
COSET 12 c=1 d=39 gcd=1 a0=(4.000000000,-4.000000000) 
rho=(0.007575757576,0.007575757576) contrib=(0.06060606061,-6.856594429E-77)
COSET 12 c=1 d=40 gcd=1 a0=(4.000000000,-4.000000000) 
rho=(0.007575757576,0.007575757576) contrib=(0.06060606061,7.170636921E-77)
COSET 12 c=1 d=41 gcd=1 a0=(4.000000000,-4.000000000) 
rho=(0.007575757576,0.007575757576) contrib=(0.06060606061,9.159572710E-77)
COSET 12 c=1 d=42 gcd=1 a0=(4.000000000,-4.000000000) 
rho=(0.007575757576,0.007575757576) contrib=(0.06060606061,-1.148872120E-76)
COSET 12 c=1 d=43 gcd=1 a0=(4.000000000,-4.000000000) 
rho=(0.007575757576,0.007575757576) contrib=(0.06060606061,6.830424221E-77)
COSET 12 c=1 d=44 gcd=1 a0=(4.000000000,-4.000000000) 
rho=(0.007575757576,0.007575757576) contrib=(0.06060606061,-9.342764164E-77)
COSET 12 c=1 d=45 gcd=1 a0=(4.000000000,-4.000000000) 
rho=(0.007575757576,0.007575757576) contrib=(0.06060606061,-1.177659348E-78)
COSET 12 c=1 d=46 gcd=1 a0=(4.000000000,-4.000000000) 
rho=(0.007575757576,0.007575757576) contrib=(0.06060606061,3.297446176E-77)
COSET 12 c=1 d=47 gcd=1 a0=(4.000000000,-4.000000000) 
rho=(0.007575757576,0.007575757576) contrib=(0.06060606061,-7.236062441E-77)
COSET 12 c=1 d=48 gcd=1 a0=(4.000000000,-4.000000000) 
rho=(0.007575757576,0.007575757576) contrib=(0.06060606061,3.810382247E-76)
COSET 12 c=1 d=49 gcd=1 a0=(4.000000000,-4.000000000) 
rho=(0.007575757576,0.007575757576) contrib=(0.06060606061,-7.720211284E-78)
COSET 12 c=1 d=50 gcd=1 a0=(4.000000000,-4.000000000) 
rho=(0.007575757576,0.007575757576) contrib=(0.06060606061,2.486169736E-77)
COSET 12 c=1 d=51 gcd=1 a0=(4.000000000,-4.000000000) 
rho=(0.007575757576,0.007575757576) contrib=(0.06060606061,-4.841488432E-78)
COSET 12 c=1 d=52 gcd=1 a0=(4.000000000,-4.000000000) 
rho=(0.007575757576,0.007575757576) contrib=(0.06060606061,-3.362871695E-77)
COSET 12 c=1 d=53 gcd=1 a0=(4.000000000,-4.000000000) 
rho=(0.007575757576,0.007575757576) contrib=(0.06060606061,9.761487488E-77)
COSET 12 c=1 d=54 gcd=1 a0=(4.000000000,-4.000000000) 
rho=(0.007575757576,0.007575757576) contrib=(0.06060606061,-2.555520786E-76)
COSET 12 c=1 d=55 gcd=1 a0=(4.000000000,-4.000000000) 
rho=(0.007575757576,0.007575757576) contrib=(0.06060606061,1.733776263E-76)
COSET 12 c=1 d=56 gcd=1 a0=(4.000000000,-4.000000000) 
rho=(0.007575757576,0.007575757576) contrib=(0.06060606061,1.831914542E-78)
COSET 12 c=1 d=57 gcd=1 a0=(4.000000000,-4.000000000) 
rho=(0.007575757576,0.007575757576) contrib=(0.06060606061,8.387551581E-77)
COSET 12 c=1 d=58 gcd=1 a0=(4.000000000,-4.000000000) 
rho=(0.007575757576,0.007575757576) contrib=(0.06060606061,2.241478293E-76)
COSET 12 c=1 d=59 gcd=1 a0=(4.000000000,-4.000000000) 
rho=(0.007575757576,0.007575757576) contrib=(0.06060606061,-5.574254249E-77)
COSET 12 c=1 d=60 gcd=1 a0=(4.000000000,-4.000000000) 
rho=(0.007575757576,0.007575757576) contrib=(0.06060606061,1.583297568E-76)
COSET 12 c=1 d=61 gcd=1 a0=(4.000000000,-4.000000000) 
rho=(0.007575757576,0.007575757576) contrib=(0.06060606061,8.753934490E-77)
COSET 12 c=1 d=62 gcd=1 a0=(4.000000000,-4.000000000) 
rho=(0.007575757576,0.007575757576) contrib=(0.06060606061,-2.617020774E-78)
COSET 12 c=1 d=63 gcd=1 a0=(4.000000000,-4.000000000) 
rho=(0.007575757576,0.007575757576) contrib=(0.06060606061,3.084158982E-76)
COSET 12 c=1 d=64 gcd=1 a0=(4.000000000,-4.000000000) 
rho=(0.007575757576,0.007575757576) contrib=(0.06060606061,-2.280733605E-76)
COSET 12 c=1 d=65 gcd=1 a0=(4.000000000,-4.000000000) 
rho=(0.007575757576,0.007575757576) contrib=(0.06060606061,1.850364538E-75)
COSET 12 c=1 d=66 gcd=1 a0=(4.000000000,-4.000000000) 
rho=(0.007575757576,0.007575757576) contrib=(0.06060606061,-9.541134339E-75)
COSET 12 c=1 d=67 gcd=1 a0=(4.000000000,-4.000000000) 
rho=(0.007575757576,0.007575757576) contrib=(0.06060606061,-8.558966443E-76)
COSET 12 c=1 d=68 gcd=1 a0=(4.000000000,-4.000000000) 
rho=(0.007575757576,0.007575757576) contrib=(0.06060606061,-5.770530807E-77)
COSET 12 c=1 d=69 gcd=1 a0=(4.000000000,-4.000000000) 
rho=(0.007575757576,0.007575757576) contrib=(0.06060606061,-4.174148135E-77)
COSET 12 c=1 d=70 gcd=1 a0=(4.000000000,-4.000000000) 
rho=(0.007575757576,0.007575757576) contrib=(0.06060606061,3.035744098E-77)
COSET 12 c=1 d=71 gcd=1 a0=(4.000000000,-4.000000000) 
rho=(0.007575757576,0.007575757576) contrib=(0.06060606061,1.072716815E-75)
COSET 12 c=1 d=72 gcd=1 a0=(4.000000000,-4.000000000) 
rho=(0.007575757576,0.007575757576) contrib=(0.06060606061,-5.325637276E-76)
COSET 12 c=1 d=73 gcd=1 a0=(4.000000000,-4.000000000) 
rho=(0.007575757576,0.007575757576) contrib=(0.06060606061,-5.232733038E-76)
COSET 12 c=1 d=74 gcd=1 a0=(4.000000000,-4.000000000) 
rho=(0.007575757576,0.007575757576) contrib=(0.06060606061,-1.544042257E-77)
COSET 12 c=1 d=75 gcd=1 a0=(4.000000000,-4.000000000) 
rho=(0.007575757576,0.007575757576) contrib=(0.06060606061,9.735317280E-77)
COSET 12 c=1 d=76 gcd=1 a0=(4.000000000,-4.000000000) 
rho=(0.007575757576,0.007575757576) contrib=(0.06060606061,1.455063550E-76)
COSET 12 c=1 d=77 gcd=1 a0=(4.000000000,-4.000000000) 
rho=(0.007575757576,0.007575757576) contrib=(0.06060606061,-7.340743272E-77)
COSET 12 c=1 d=78 gcd=1 a0=(4.000000000,-4.000000000) 
rho=(0.007575757576,0.007575757576) contrib=(0.06060606061,3.886275850E-76)
COSET 12 c=1 d=79 gcd=1 a0=(4.000000000,-4.000000000) 
rho=(0.007575757576,0.007575757576) contrib=(0.06060606061,-1.163265734E-76)
COSET 12 c=1 d=80 gcd=1 a0=(4.000000000,-4.000000000) 
rho=(0.007575757576,0.007575757576) contrib=(0.06060606061,2.329148489E-77)
COSET 12 c=1 d=81 gcd=1 a0=(4.000000000,-4.000000000) 
rho=(0.007575757576,0.007575757576) contrib=(0.06060606061,-1.274489117E-76)
COSET 12 c=1 d=82 gcd=1 a0=(4.000000000,-4.000000000) 
rho=(0.007575757576,0.007575757576) contrib=(0.06060606061,-2.603935670E-76)
COSET 12 c=1 d=83 gcd=1 a0=(4.000000000,-4.000000000) 
rho=(0.007575757576,0.007575757576) contrib=(0.06060606061,-1.211680618E-76)
COSET 12 c=1 d=84 gcd=1 a0=(4.000000000,-4.000000000) 
rho=(0.007575757576,0.007575757576) contrib=(0.06060606061,-1.609467776E-77)
COSET 12 c=1 d=85 gcd=1 a0=(4.000000000,-4.000000000) 
rho=(0.007575757576,0.007575757576) contrib=(0.06060606061,-7.326349658E-76)
COSET 12 c=1 d=86 gcd=1 a0=(4.000000000,-4.000000000) 
rho=(0.007575757576,0.007575757576) contrib=(0.06060606061,2.459999528E-77)
COSET 12 c=1 d=87 gcd=1 a0=(4.000000000,-4.000000000) 
rho=(0.007575757576,0.007575757576) contrib=(0.06060606061,-1.727233711E-77)
COSET 12 c=1 d=88 gcd=1 a0=(4.000000000,-4.000000000) 
rho=(0.007575757576,0.007575757576) contrib=(0.06060606061,-2.206148513E-76)
COSET 12 c=1 d=89 gcd=1 a0=(4.000000000,-4.000000000) 
rho=(0.007575757576,0.007575757576) contrib=(0.06060606061,-9.761487488E-77)
COSET 12 c=1 d=90 gcd=1 a0=(4.000000000,-4.000000000) 
rho=(0.007575757576,0.007575757576) contrib=(0.06060606061,-1.542733746E-76)
COSET 12 c=1 d=91 gcd=1 a0=(4.000000000,-4.000000000) 
rho=(0.007575757576,0.007575757576) contrib=(0.06060606061,3.879733298E-76)
COSET 12 c=1 d=92 gcd=1 a0=(4.000000000,-4.000000000) 
rho=(0.007575757576,0.007575757576) contrib=(0.06060606061,3.349786591E-77)
COSET 12 c=1 d=93 gcd=1 a0=(4.000000000,-4.000000000) 
rho=(0.007575757576,0.007575757576) contrib=(0.06060606061,2.119786827E-77)
COSET 12 c=1 d=94 gcd=1 a0=(4.000000000,-4.000000000) 
rho=(0.007575757576,0.007575757576) contrib=(0.06060606061,-2.517573985E-76)
COSET 12 c=1 d=95 gcd=1 a0=(4.000000000,-4.000000000) 
rho=(0.007575757576,0.007575757576) contrib=(0.06060606061,8.320817552E-76)
COSET 12 c=1 d=96 gcd=1 a0=(4.000000000,-4.000000000) 
rho=(0.007575757576,0.007575757576) contrib=(0.06060606061,1.146255099E-76)
COSET 12 c=1 d=97 gcd=1 a0=(4.000000000,-4.000000000) 
rho=(0.007575757576,0.007575757576) contrib=(0.06060606061,-4.887286296E-76)
COSET 12 c=1 d=98 gcd=1 a0=(4.000000000,-4.000000000) 
rho=(0.007575757576,0.007575757576) contrib=(0.06060606061,3.043595160E-76)
COSET 12 c=1 d=99 gcd=1 a0=(4.000000000,-4.000000000) 
rho=(0.007575757576,0.007575757576) contrib=(0.06060606061,2.546361213E-76)
COSET 12 c=1 d=100 gcd=1 a0=(4.000000000,-4.000000000) 
rho=(0.007575757576,0.007575757576) contrib=(0.06060606061,-3.636350366E-76)
COSET 12 c=1 d=101 gcd=1 a0=(4.000000000,-4.000000000) 
rho=(0.007575757576,0.007575757576) contrib=(0.06060606061,4.892520338E-76)
COSET 12 c=1 d=102 gcd=1 a0=(4.000000000,-4.000000000) 
rho=(0.007575757576,0.007575757576) contrib=(0.06060606061,3.572233357E-77)
COSET 12 c=1 d=103 gcd=1 a0=(4.000000000,-4.000000000) 
rho=(0.007575757576,0.007575757576) contrib=(0.06060606061,-6.269073265E-76)
COSET 12 c=1 d=104 gcd=1 a0=(4.000000000,-4.000000000) 
rho=(0.007575757576,0.007575757576) contrib=(0.06060606061,3.716169500E-77)
COSET 12 c=1 d=105 gcd=1 a0=(4.000000000,-4.000000000) 
rho=(0.007575757576,0.007575757576) contrib=(0.06060606061,5.472190439E-76)
COSET 12 c=1 d=106 gcd=1 a0=(4.000000000,-4.000000000) 
rho=(0.007575757576,0.007575757576) contrib=(0.06060606061,3.922914141E-76)
COSET 12 c=1 d=107 gcd=1 a0=(4.000000000,-4.000000000) 
rho=(0.007575757576,0.007575757576) contrib=(0.06060606061,1.069052986E-75)
COSET 12 c=1 d=108 gcd=1 a0=(4.000000000,-4.000000000) 
rho=(0.007575757576,0.007575757576) contrib=(0.06060606061,-6.138222226E-76)
COSET 12 c=1 d=109 gcd=1 a0=(4.000000000,-4.000000000) 
rho=(0.007575757576,0.007575757576) contrib=(0.06060606061,7.542253872E-76)
COSET 12 c=1 d=110 gcd=1 a0=(4.000000000,-4.000000000) 
rho=(0.007575757576,0.007575757576) contrib=(0.06060606061,3.127339825E-77)
COSET 12 c=1 d=111 gcd=1 a0=(4.000000000,-4.000000000) 
rho=(0.007575757576,0.007575757576) contrib=(0.06060606061,2.958541985E-76)
COSET 12 c=1 d=112 gcd=1 a0=(4.000000000,-4.000000000) 
rho=(0.007575757576,0.007575757576) contrib=(0.06060606061,-4.901679910E-76)
COSET 12 c=1 d=113 gcd=1 a0=(4.000000000,-4.000000000) 
rho=(0.007575757576,0.007575757576) contrib=(0.06060606061,-2.132871931E-77)
COSET 12 c=1 d=114 gcd=1 a0=(4.000000000,-4.000000000) 
rho=(0.007575757576,0.007575757576) contrib=(0.06060606061,9.146487606E-77)
COSET 12 c=1 d=115 gcd=1 a0=(4.000000000,-4.000000000) 
rho=(0.007575757576,0.007575757576) contrib=(0.06060606061,9.495859879E-76)
COSET 12 c=1 d=116 gcd=1 a0=(4.000000000,-4.000000000) 
rho=(0.007575757576,0.007575757576) contrib=(0.06060606061,-4.974956492E-76)
COSET 12 c=1 d=117 gcd=1 a0=(4.000000000,-4.000000000) 
rho=(0.007575757576,0.007575757576) contrib=(0.06060606061,-3.175754710E-76)
COSET 12 c=1 d=118 gcd=1 a0=(4.000000000,-4.000000000) 
rho=(0.007575757576,0.007575757576) contrib=(0.06060606061,2.501871860E-76)
COSET 12 c=1 d=119 gcd=1 a0=(4.000000000,-4.000000000) 
rho=(0.007575757576,0.007575757576) contrib=(0.06060606061,-4.603339542E-76)
COSET 12 c=1 d=120 gcd=1 a0=(4.000000000,-4.000000000) 
rho=(0.007575757576,0.007575757576) contrib=(0.06060606061,-4.840179922E-76)
COSET 12 c=1 d=121 gcd=1 a0=(4.000000000,-4.000000000) 
rho=(0.007575757576,0.007575757576) contrib=(0.06060606061,-3.485871671E-76)
COSET 12 c=1 d=122 gcd=1 a0=(4.000000000,-4.000000000) 
rho=(0.007575757576,0.007575757576) contrib=(0.06060606061,3.218935552E-77)
COSET 12 c=1 d=123 gcd=1 a0=(4.000000000,-4.000000000) 
rho=(0.007575757576,0.007575757576) contrib=(0.06060606061,-1.097840215E-76)
COSET 12 c=1 d=124 gcd=1 a0=(4.000000000,-4.000000000) 
rho=(0.007575757576,0.007575757576) contrib=(0.06060606061,-3.760658853E-76)
COSET 12 c=1 d=125 gcd=1 a0=(4.000000000,-4.000000000) 
rho=(0.007575757576,0.007575757576) contrib=(0.06060606061,3.267350437E-76)
COSET 12 c=1 d=126 gcd=1 a0=(4.000000000,-4.000000000) 
rho=(0.007575757576,0.007575757576) contrib=(0.06060606061,8.025094204E-76)
COSET 12 c=1 d=127 gcd=1 a0=(4.000000000,-4.000000000) 
rho=(0.007575757576,0.007575757576) contrib=(0.06060606061,4.344254485E-77)
COSET 12 c=1 d=128 gcd=1 a0=(4.000000000,-4.000000000) 
rho=(0.007575757576,0.007575757576) contrib=(0.06060606061,7.306722002E-76)
COSET 12 c=1 d=129 gcd=1 a0=(4.000000000,-4.000000000) 
rho=(0.007575757576,0.007575757576) contrib=(0.06060606061,8.162487795E-76)
COSET 12 c=1 d=130 gcd=1 a0=(4.000000000,-4.000000000) 
rho=(0.007575757576,0.007575757576) contrib=(0.06060606061,-1.312959322E-75)
COSET 12 c=1 d=131 gcd=1 a0=(4.000000000,-4.000000000) 
rho=(0.007575757576,0.007575757576) contrib=(0.06060606061,4.349802360E-71)
COSET 12 c=3 d=1 gcd=3 a0=(2.000000000,2.000000000) 
rho=(0.02272727273,-0.02272727273) contrib=(0.09090909091,-4.871929618E-71)
COSET 12 c=3 d=2 gcd=3 a0=(2.000000000,2.000000000) 
rho=(0.02272727273,-0.02272727273) contrib=(0.09090909091,-2.796777022E-71)
COSET 12 c=3 d=4 gcd=3 a0=(2.000000000,2.000000000) 
rho=(0.02272727273,-0.02272727273) contrib=(0.09090909091,-2.727959007E-71)
COSET 12 c=3 d=5 gcd=3 a0=(2.000000000,2.000000000) 
rho=(0.02272727273,-0.02272727273) contrib=(0.09090909091,-7.268983305E-71)
COSET 12 c=3 d=7 gcd=3 a0=(2.000000000,2.000000000) 
rho=(0.02272727273,-0.02272727273) contrib=(0.09090909091,-1.678001898E-71)
COSET 12 c=3 d=8 gcd=3 a0=(2.000000000,2.000000000) 
rho=(0.02272727273,-0.02272727273) contrib=(0.09090909091,-3.361149067E-71)
COSET 12 c=3 d=10 gcd=3 a0=(2.000000000,2.000000000) 
rho=(0.02272727273,-0.02272727273) contrib=(0.09090909091,-2.519253903E-71)
COSET 12 c=3 d=11 gcd=3 a0=(2.000000000,2.000000000) 
rho=(0.02272727273,-0.02272727273) contrib=(0.09090909091,-3.123823386E-71)
COSET 12 c=3 d=13 gcd=3 a0=(2.000000000,2.000000000) 
rho=(0.02272727273,-0.02272727273) contrib=(0.09090909091,-9.788558789E-71)
COSET 12 c=3 d=14 gcd=3 a0=(2.000000000,2.000000000) 
rho=(0.02272727273,-0.02272727273) contrib=(0.09090909091,-4.132296738E-71)
COSET 12 c=3 d=16 gcd=3 a0=(2.000000000,2.000000000) 
rho=(0.02272727273,-0.02272727273) contrib=(0.09090909091,-1.811907607E-70)
COSET 12 c=3 d=17 gcd=3 a0=(2.000000000,2.000000000) 
rho=(0.02272727273,-0.02272727273) contrib=(0.09090909091,7.106907237E-72)
COSET 12 c=3 d=19 gcd=3 a0=(2.000000000,2.000000000) 
rho=(0.02272727273,-0.02272727273) contrib=(0.09090909091,3.801391420E-71)
COSET 12 c=3 d=20 gcd=3 a0=(2.000000000,2.000000000) 
rho=(0.02272727273,-0.02272727273) contrib=(0.09090909091,1.213030080E-70)
COSET 12 c=3 d=22 gcd=3 a0=(2.000000000,2.000000000) 
rho=(0.02272727273,-0.02272727273) contrib=(0.09090909091,-8.910968298E-71)
COSET 12 c=3 d=23 gcd=3 a0=(2.000000000,2.000000000) 
rho=(0.02272727273,-0.02272727273) contrib=(0.09090909091,3.308056290E-70)
COSET 12 c=3 d=25 gcd=3 a0=(2.000000000,2.000000000) 
rho=(0.02272727273,-0.02272727273) contrib=(0.09090909091,1.695206401E-70)
COSET 12 c=3 d=26 gcd=3 a0=(2.000000000,2.000000000) 
rho=(0.02272727273,-0.02272727273) contrib=(0.09090909091,-2.731850119E-70)
COSET 12 c=3 d=28 gcd=3 a0=(2.000000000,2.000000000) 
rho=(0.02272727273,-0.02272727273) contrib=(0.09090909091,-1.165532786E-70)
COSET 12 c=3 d=29 gcd=3 a0=(2.000000000,2.000000000) 
rho=(0.02272727273,-0.02272727273) contrib=(0.09090909091,-4.719050718E-70)
COSET 12 c=3 d=31 gcd=3 a0=(2.000000000,2.000000000) 
rho=(0.02272727273,-0.02272727273) contrib=(0.09090909091,1.498817793E-70)
COSET 12 c=3 d=32 gcd=3 a0=(2.000000000,2.000000000) 
rho=(0.02272727273,-0.02272727273) contrib=(0.09090909091,-1.991992134E-70)
COSET 12 c=3 d=34 gcd=3 a0=(2.000000000,2.000000000) 
rho=(0.02272727273,-0.02272727273) contrib=(0.09090909091,-4.974191903E-70)
COSET 12 c=3 d=35 gcd=3 a0=(2.000000000,2.000000000) 
rho=(0.02272727273,-0.02272727273) contrib=(0.09090909091,-3.884937777E-70)
COSET 12 c=3 d=37 gcd=3 a0=(2.000000000,2.000000000) 
rho=(0.02272727273,-0.02272727273) contrib=(0.09090909091,8.366920078E-70)
COSET 12 c=3 d=38 gcd=3 a0=(2.000000000,2.000000000) 
rho=(0.02272727273,-0.02272727273) contrib=(0.09090909091,2.770889872E-70)
COSET 12 c=3 d=40 gcd=3 a0=(2.000000000,2.000000000) 
rho=(0.02272727273,-0.02272727273) contrib=(0.09090909091,1.143916211E-69)
COSET 12 c=3 d=41 gcd=3 a0=(2.000000000,2.000000000) 
rho=(0.02272727273,-0.02272727273) contrib=(0.09090909091,2.419499938E-70)
COSET 12 c=3 d=43 gcd=3 a0=(2.000000000,2.000000000) 
rho=(0.02272727273,-0.02272727273) contrib=(0.09090909091,3.587444570E-70)
COSET 12 c=3 d=44 gcd=3 a0=(2.000000000,2.000000000) 
rho=(0.02272727273,-0.02272727273) contrib=(0.09090909091,-7.114207086E-70)
COSET 12 c=3 d=47 gcd=3 a0=(2.000000000,2.000000000) 
rho=(0.02272727273,-0.02272727273) contrib=(0.09090909091,1.484462484E-69)
COSET 12 c=3 d=50 gcd=3 a0=(2.000000000,2.000000000) 
rho=(0.02272727273,-0.02272727273) contrib=(0.09090909091,-1.135375059E-69)
COSET 12 c=3 d=53 gcd=3 a0=(2.000000000,2.000000000) 
rho=(0.02272727273,-0.02272727273) contrib=(0.09090909091,9.576541416E-70)
COSET 12 c=3 d=56 gcd=3 a0=(2.000000000,2.000000000) 
rho=(0.02272727273,-0.02272727273) contrib=(0.09090909091,1.210849771E-69)
COSET 12 c=3 d=59 gcd=3 a0=(2.000000000,2.000000000) 
rho=(0.02272727273,-0.02272727273) contrib=(0.09090909091,-1.915700610E-69)
COSET 12 c=3 d=62 gcd=3 a0=(2.000000000,2.000000000) 
rho=(0.02272727273,-0.02272727273) contrib=(0.09090909091,1.521575975E-69)
COSET 12 c=3 d=65 gcd=3 a0=(2.000000000,2.000000000) 
rho=(0.02272727273,-0.02272727273) contrib=(0.09090909091,1.472705537E-69)
COSET 12 c=3 d=68 gcd=3 a0=(2.000000000,2.000000000) 
rho=(0.02272727273,-0.02272727273) contrib=(0.09090909091,1.622590532E-69)
COSET 12 c=3 d=71 gcd=3 a0=(2.000000000,2.000000000) 
rho=(0.02272727273,-0.02272727273) contrib=(0.09090909091,-6.535749859E-70)
COSET 12 c=3 d=74 gcd=3 a0=(2.000000000,2.000000000) 
rho=(0.02272727273,-0.02272727273) contrib=(0.09090909091,-1.385785810E-69)
COSET 12 c=3 d=77 gcd=3 a0=(2.000000000,2.000000000) 
rho=(0.02272727273,-0.02272727273) contrib=(0.09090909091,1.431054558E-69)
COSET 12 c=3 d=80 gcd=3 a0=(2.000000000,2.000000000) 
rho=(0.02272727273,-0.02272727273) contrib=(0.09090909091,-6.521182307E-70)
COSET 12 c=3 d=83 gcd=3 a0=(2.000000000,2.000000000) 
rho=(0.02272727273,-0.02272727273) contrib=(0.09090909091,-2.576488624E-69)
COSET 12 c=3 d=86 gcd=3 a0=(2.000000000,2.000000000) 
rho=(0.02272727273,-0.02272727273) contrib=(0.09090909091,-2.606344066E-69)
COSET 12 c=4 d=1 gcd=4 a0=(-2.000000000,-3.496131964E-70) 
rho=(0.03030303030,-1.788979045E-81) contrib=(-0.06060606061,-1.059433928E-71)
COSET 12 c=4 d=3 gcd=4 a0=(-4.226731032E-70,-2.000000000) 
rho=(2.939037002E-81,-0.03030303030) contrib=(-0.06060606061,1.280827585E-71)
COSET 12 c=4 d=5 gcd=4 a0=(-2.000000000,2.650724969E-70) 
rho=(0.03030303030,-1.788979045E-81) contrib=(-0.06060606061,8.032499909E-72)
COSET 12 c=4 d=7 gcd=4 a0=(3.543969716E-69,-2.000000000) 
rho=(2.939037002E-81,-0.03030303030) contrib=(-0.06060606061,-1.073930217E-70)
COSET 12 c=4 d=9 gcd=4 a0=(-2.000000000,-4.441059145E-70) 
rho=(0.03030303030,-1.788979045E-81) contrib=(-0.06060606061,-1.345775498E-71)
COSET 12 c=4 d=11 gcd=4 a0=(-2.782076972E-69,-2.000000000) 
rho=(2.939037002E-81,-0.03030303030) contrib=(-0.06060606061,8.430536277E-71)
COSET 12 c=4 d=13 gcd=4 a0=(-2.000000000,7.538928802E-70) 
rho=(0.03030303030,-1.788979045E-81) contrib=(-0.06060606061,2.284523880E-71)
COSET 12 c=4 d=15 gcd=4 a0=(-1.045130944E-68,-2.000000000) 
rho=(2.939037002E-81,-0.03030303030) contrib=(-0.06060606061,3.167063465E-70)
COSET 12 c=4 d=17 gcd=4 a0=(-2.000000000,1.441370773E-69) 
rho=(0.03030303030,-1.788979045E-81) contrib=(-0.06060606061,4.367790223E-71)
COSET 12 c=4 d=19 gcd=4 a0=(4.487766412E-70,-2.000000000) 
rho=(2.939037002E-81,-0.03030303030) contrib=(-0.06060606061,-1.359929216E-71)
COSET 12 c=4 d=21 gcd=4 a0=(-2.000000000,-1.393495060E-69) 
rho=(0.03030303030,-1.788979045E-81) contrib=(-0.06060606061,-4.222712304E-71)
COSET 12 c=4 d=23 gcd=4 a0=(6.409932813E-69,-2.000000000) 
rho=(2.939037002E-81,-0.03030303030) contrib=(-0.06060606061,-1.942403883E-70)
COSET 12 c=4 d=25 gcd=4 a0=(-2.000000000,1.004059340E-68) 
rho=(0.03030303030,-1.788979045E-81) contrib=(-0.06060606061,3.042604060E-70)
COSET 12 c=4 d=27 gcd=4 a0=(1.726287108E-69,-2.000000000) 
rho=(2.939037002E-81,-0.03030303030) contrib=(-0.06060606061,-5.231173056E-71)
COSET 12 c=4 d=29 gcd=4 a0=(-2.000000000,2.490204277E-70) 
rho=(0.03030303030,-1.788979045E-81) contrib=(-0.06060606061,7.546073570E-72)
COSET 12 c=4 d=31 gcd=4 a0=(6.821451821E-69,-2.000000000) 
rho=(2.939037002E-81,-0.03030303030) contrib=(-0.06060606061,-2.067106613E-70)
COSET 12 c=4 d=33 gcd=4 a0=(-2.000000000,-4.353239516E-69) 
rho=(0.03030303030,-1.788979045E-81) contrib=(-0.06060606061,-1.319163490E-70)
COSET 12 c=4 d=35 gcd=4 a0=(1.483356828E-68,-2.000000000) 
rho=(2.939037002E-81,-0.03030303030) contrib=(-0.06060606061,-4.495020690E-70)
COSET 12 c=4 d=37 gcd=4 a0=(-2.000000000,3.863098618E-69) 
rho=(0.03030303030,-1.788979045E-81) contrib=(-0.06060606061,1.170635945E-70)
COSET 12 c=4 d=39 gcd=4 a0=(-1.222804101E-70,-2.000000000) 
rho=(2.939037002E-81,-0.03030303030) contrib=(-0.06060606061,3.705466967E-72)
COSET 12 c=4 d=41 gcd=4 a0=(-2.000000000,-2.041129139E-68) 
rho=(0.03030303030,-1.788979045E-81) contrib=(-0.06060606061,-6.185239814E-70)
COSET 12 c=4 d=43 gcd=4 a0=(1.322961750E-69,-2.000000000) 
rho=(2.939037002E-81,-0.03030303030) contrib=(-0.06060606061,-4.008975001E-71)
COSET 12 c=4 d=45 gcd=4 a0=(-2.000000000,-2.388883761E-69) 
rho=(0.03030303030,-1.788979045E-81) contrib=(-0.06060606061,-7.239041699E-71)
COSET 12 c=4 d=47 gcd=4 a0=(1.502209876E-68,-2.000000000) 
rho=(2.939037002E-81,-0.03030303030) contrib=(-0.06060606061,-4.552151141E-70)
COSET 12 c=4 d=49 gcd=4 a0=(-2.000000000,-4.377198569E-69) 
rho=(0.03030303030,-1.788979045E-81) contrib=(-0.06060606061,-1.326423809E-70)
COSET 12 c=4 d=51 gcd=4 a0=(-4.537529520E-69,-2.000000000) 
rho=(2.939037002E-81,-0.03030303030) contrib=(-0.06060606061,1.375008945E-70)
COSET 12 c=4 d=53 gcd=4 a0=(-2.000000000,-4.337383000E-68) 
rho=(0.03030303030,-1.788979045E-81) contrib=(-0.06060606061,-1.314358485E-69)
COSET 12 c=4 d=55 gcd=4 a0=(-6.862740257E-68,-2.000000000) 
rho=(2.939037002E-81,-0.03030303030) contrib=(-0.06060606061,2.079618260E-69)
COSET 12 c=4 d=57 gcd=4 a0=(-2.000000000,2.537586095E-68) 
rho=(0.03030303030,-1.788979045E-81) contrib=(-0.06060606061,7.689654835E-70)
COSET 12 c=4 d=59 gcd=4 a0=(-3.710578210E-69,-2.000000000) 
rho=(2.939037002E-81,-0.03030303030) contrib=(-0.06060606061,1.124417639E-70)
COSET 12 c=4 d=61 gcd=4 a0=(-2.000000000,1.196166543E-68) 
rho=(0.03030303030,-1.788979045E-81) contrib=(-0.06060606061,3.624747100E-70)
COSET 12 c=4 d=63 gcd=4 a0=(7.696128763E-69,-2.000000000) 
rho=(2.939037002E-81,-0.03030303030) contrib=(-0.06060606061,-2.332160231E-70)
COSET 12 c=4 d=65 gcd=4 a0=(-2.000000000,6.457940532E-68) 
rho=(0.03030303030,-1.788979045E-81) contrib=(-0.06060606061,1.956951676E-69)
COSET 12 c=11 d=1 gcd=11 a0=(2.000000000,2.000000000) 
rho=(-4.827348310E-81,-3.525546594E-81) contrib=(-2.603603431E-81,-1.670578981E\
-80)
COSET 12 c=11 d=2 gcd=11 a0=(-2.000000000,-2.000000000) 
rho=(-1.955849136E-82,5.597394365E-81) contrib=(1.158595856E-80,-1.080361890E-8\
0)
COSET 12 c=11 d=3 gcd=11 a0=(2.000000000,2.000000000) 
rho=(3.113740367E-82,-2.200083554E-82) contrib=(1.062764784E-81,1.827313627E-82\
)
COSET 12 c=11 d=4 gcd=11 a0=(2.000000000,2.000000000) 
rho=(-4.230755094E-82,-5.611998174E-83) contrib=(-7.339110553E-82,-9.583909822E\
-82)
COSET 12 c=11 d=5 gcd=11 a0=(-2.000000000,-2.000000000) 
rho=(-3.121592963E-81,3.461233921E-81) contrib=(1.316565377E-80,-6.792819172E-8\
2)
COSET 12 c=11 d=6 gcd=11 a0=(-2.000000000,-2.000000000) 
rho=(-2.687318419E-81,4.597004104E-81) contrib=(1.456864505E-80,-3.819371371E-8\
1)
COSET 12 c=11 d=7 gcd=11 a0=(2.000000000,2.000000000) 
rho=(-4.835787122E-82,-6.522471119E-84) contrib=(-9.541124821E-82,-9.802023665E\
-82)
COSET 12 c=11 d=8 gcd=11 a0=(2.000000000,2.000000000) 
rho=(1.165623677E-82,-6.686220756E-82) contrib=(1.570368887E-81,-1.104119416E-8\
1)
COSET 12 c=11 d=9 gcd=11 a0=(2.000000000,2.000000000) 
rho=(3.744123278E-81,-2.124135400E-81) contrib=(1.173651736E-80,3.239975757E-81\
)
COSET 12 c=11 d=10 gcd=11 a0=(2.000000000,2.000000000) 
rho=(1.587194787E-81,3.747796293E-81) contrib=(-4.321203011E-81,1.066998216E-80\
)
COSET 12 c=11 d=12 gcd=11 a0=(2.000000000,2.000000000) 
rho=(-4.827348310E-81,-3.525546594E-81) contrib=(-2.603603431E-81,-1.670578981E\
-80)
COSET 12 c=11 d=23 gcd=11 a0=(2.000000000,2.000000000) 
rho=(-4.827348310E-81,-3.525546594E-81) contrib=(-2.603603431E-81,-1.670578981E\
-80)
COSET 12 c=12 d=1 gcd=12 a0=(-2.000000000,4.875370103E-72) 
rho=(-0.09090909091,1.073387427E-80) contrib=(0.1818181818,-4.432154853E-73)
COSET 12 c=12 d=5 gcd=12 a0=(2.000000000,8.952809220E-72) 
rho=(0.09090909091,-1.022273740E-81) contrib=(0.1818181818,8.138917452E-73)
COSET 12 c=12 d=7 gcd=12 a0=(-4.092715238E-72,-2.000000000) 
rho=(-4.600231830E-81,0.09090909091) contrib=(0.1818181818,-3.720650124E-73)
COSET 12 c=12 d=11 gcd=12 a0=(-4.219307423E-72,-2.000000000) 
rho=(-9.711600529E-81,0.09090909091) contrib=(0.1818181818,-3.835733827E-73)
COSET 12 c=12 d=13 gcd=12 a0=(-2.000000000,-4.291386339E-71) 
rho=(-0.09090909091,1.073387427E-80) contrib=(0.1818181818,3.901260287E-72)
COSET 12 c=12 d=17 gcd=12 a0=(2.000000000,-1.251086759E-71) 
rho=(0.09090909091,-1.022273740E-81) contrib=(0.1818181818,-1.137351601E-72)
COSET 12 c=12 d=19 gcd=12 a0=(-6.374760531E-71,-2.000000000) 
rho=(-4.600231830E-81,0.09090909091) contrib=(0.1818181818,-5.795236837E-72)
COSET 12 c=12 d=25 gcd=12 a0=(-2.000000000,2.302083251E-72) 
rho=(-0.09090909091,1.073387427E-80) contrib=(0.1818181818,-2.092803170E-73)
COSET 12 c=12 d=31 gcd=12 a0=(9.716548532E-71,-2.000000000) 
rho=(-4.600231830E-81,0.09090909091) contrib=(0.1818181818,8.833225948E-72)
COSET 12 c=12 d=37 gcd=12 a0=(-2.000000000,9.009347203E-71) 
rho=(-0.09090909091,1.073387427E-80) contrib=(0.1818181818,-8.190315660E-72)
COSET 12 c=12 d=43 gcd=12 a0=(2.433116764E-70,-2.000000000) 
rho=(-4.600231830E-81,0.09090909091) contrib=(0.1818181818,2.211924332E-71)
COSET 12 c=44 d=1 gcd=44 a0=(-8.000000000,1.212749483E-68) 
rho=(2.069655082E-80,-9.149050478E-81) contrib=(-1.655724066E-79,7.319240383E-8\
0)
COSET 12 c=44 d=3 gcd=44 a0=(2.633155637E-68,-8.000000000) 
rho=(1.976853355E-81,6.016606980E-82) contrib=(4.813285584E-81,-1.581482684E-80\
)
COSET 12 c=44 d=5 gcd=44 a0=(-8.000000000,8.704101679E-69) 
rho=(-5.081419274E-81,-8.585502113E-83) contrib=(4.065135419E-80,6.868401690E-8\
2)
FORM 13:
  c_eta(0)[1] (trivial) = 1.28603703178E-71 + -2.11697341814E-71 i   (half: 
6.43018515889E-72)
  c_eta(0)[2] = 6.00000000000 + -3.76933228960E-72 i   (half: 3.00000000000)
  c_eta(0)[3] = 6.00000000000 + -3.76933231114E-72 i   (half: 3.00000000000)
  c_eta(0)[4] = 6.00000000000 + -3.76933230628E-72 i   (half: 3.00000000000)
  c_eta(0)[5] = 6.00000000000 + -3.76933225676E-72 i   (half: 3.00000000000)
  c_eta(0)[6] = 6.00000000000 + -3.76933234127E-72 i   (half: 3.00000000000)
  c_eta(0)[7] = 6.00000000000 + -3.76933232134E-72 i   (half: 3.00000000000)
  c_eta(0)[8] = 6.00000000000 + -3.76933232085E-72 i   (half: 3.00000000000)
  c_eta(0)[9] = 6.00000000000 + -3.76933230861E-72 i   (half: 3.00000000000)
  c_eta(0)[10] = 6.00000000000 + -3.76933226176E-72 i   (half: 3.00000000000)
  c_eta(0)[11] = 6.00000000000 + -3.76933229546E-72 i   (half: 3.00000000000)
  c_eta(0)[12] = 6.00000000000 + -3.76933217888E-72 i   (half: 3.00000000000)
  c_eta(0)[13] = 6.00000000000 + -3.76933222581E-72 i   (half: 3.00000000000)
  c_eta(0)[14] = 6.00000000000 + -3.76933225560E-72 i   (half: 3.00000000000)
  c_eta(0)[15] = 6.00000000000 + -3.76933223926E-72 i   (half: 3.00000000000)
  c_eta(0)[16] = 6.00000000000 + -3.76933227854E-72 i   (half: 3.00000000000)
  c_eta(0)[17] = 6.00000000000 + -3.76933231409E-72 i   (half: 3.00000000000)
  c_eta(0)[18] = 6.00000000000 + -3.76933231416E-72 i   (half: 3.00000000000)
  c_eta(0)[19] = 6.00000000000 + -3.76933225532E-72 i   (half: 3.00000000000)
  c_eta(0)[20] = 6.00000000000 + -3.76933229545E-72 i   (half: 3.00000000000)
  c_eta(0)[21] = 6.00000000000 + -3.76933226988E-72 i   (half: 3.00000000000)
COSET 13 c=1 d=0 gcd=1 a0=(2.000000000,-2.000000000) 
rho=(0.007575757576,0.007575757576) contrib=(0.03030303030,-6.413321514E-72)
COSET 13 c=1 d=1 gcd=1 a0=(2.000000000,-2.000000000) 
rho=(0.007575757576,0.007575757576) contrib=(0.03030303030,-8.981773750E-77)
COSET 13 c=1 d=2 gcd=1 a0=(2.000000000,-2.000000000) 
rho=(0.007575757576,0.007575757576) contrib=(0.03030303030,-1.521782246E-78)
COSET 13 c=1 d=3 gcd=1 a0=(2.000000000,-2.000000000) 
rho=(0.007575757576,0.007575757576) contrib=(0.03030303030,9.737157373E-80)
COSET 13 c=1 d=4 gcd=1 a0=(2.000000000,-2.000000000) 
rho=(0.007575757576,0.007575757576) contrib=(0.03030303030,-1.464407132E-79)
COSET 13 c=1 d=5 gcd=1 a0=(2.000000000,-2.000000000) 
rho=(0.007575757576,0.007575757576) contrib=(0.03030303030,1.290620597E-79)
COSET 13 c=1 d=6 gcd=1 a0=(2.000000000,-2.000000000) 
rho=(0.007575757576,0.007575757576) contrib=(0.03030303030,1.096388586E-79)
COSET 13 c=1 d=7 gcd=1 a0=(2.000000000,-2.000000000) 
rho=(0.007575757576,0.007575757576) contrib=(0.03030303030,-3.207383859E-80)
COSET 13 c=1 d=8 gcd=1 a0=(2.000000000,-2.000000000) 
rho=(0.007575757576,0.007575757576) contrib=(0.03030303030,4.191322334E-80)
COSET 13 c=1 d=9 gcd=1 a0=(2.000000000,-2.000000000) 
rho=(0.007575757576,0.007575757576) contrib=(0.03030303030,5.111368700E-82)
COSET 13 c=1 d=10 gcd=1 a0=(2.000000000,-2.000000000) 
rho=(0.007575757576,0.007575757576) contrib=(0.03030303030,1.111722692E-80)
COSET 13 c=1 d=11 gcd=1 a0=(2.000000000,-2.000000000) 
rho=(0.007575757576,0.007575757576) contrib=(0.03030303030,1.213950066E-80)
COSET 13 c=1 d=12 gcd=1 a0=(2.000000000,-2.000000000) 
rho=(0.007575757576,0.007575757576) contrib=(0.03030303030,-7.309257241E-80)
COSET 13 c=1 d=13 gcd=1 a0=(2.000000000,-2.000000000) 
rho=(0.007575757576,0.007575757576) contrib=(0.03030303030,-1.054219794E-79)
COSET 13 c=1 d=14 gcd=1 a0=(2.000000000,-2.000000000) 
rho=(0.007575757576,0.007575757576) contrib=(0.03030303030,1.328955862E-80)
COSET 13 c=1 d=15 gcd=1 a0=(2.000000000,-2.000000000) 
rho=(0.007575757576,0.007575757576) contrib=(0.03030303030,-2.300115915E-80)
COSET 13 c=1 d=16 gcd=1 a0=(2.000000000,-2.000000000) 
rho=(0.007575757576,0.007575757576) contrib=(0.03030303030,1.303399018E-80)
COSET 13 c=1 d=17 gcd=1 a0=(2.000000000,-2.000000000) 
rho=(0.007575757576,0.007575757576) contrib=(0.03030303030,-1.020995898E-79)
COSET 13 c=1 d=18 gcd=1 a0=(2.000000000,-2.000000000) 
rho=(0.007575757576,0.007575757576) contrib=(0.03030303030,-1.489963976E-79)
COSET 13 c=1 d=19 gcd=1 a0=(2.000000000,-2.000000000) 
rho=(0.007575757576,0.007575757576) contrib=(0.03030303030,-1.579412928E-79)
COSET 13 c=1 d=20 gcd=1 a0=(2.000000000,-2.000000000) 
rho=(0.007575757576,0.007575757576) contrib=(0.03030303030,8.778775742E-80)
COSET 13 c=1 d=21 gcd=1 a0=(2.000000000,-2.000000000) 
rho=(0.007575757576,0.007575757576) contrib=(0.03030303030,8.357087824E-80)
COSET 13 c=1 d=22 gcd=1 a0=(2.000000000,-2.000000000) 
rho=(0.007575757576,0.007575757576) contrib=(0.03030303030,-1.100222113E-79)
COSET 13 c=1 d=23 gcd=1 a0=(2.000000000,-2.000000000) 
rho=(0.007575757576,0.007575757576) contrib=(0.03030303030,9.839384747E-80)
COSET 13 c=1 d=24 gcd=1 a0=(2.000000000,-2.000000000) 
rho=(0.007575757576,0.007575757576) contrib=(0.03030303030,-3.215050912E-79)
COSET 13 c=1 d=25 gcd=1 a0=(2.000000000,-2.000000000) 
rho=(0.007575757576,0.007575757576) contrib=(0.03030303030,0.0000000000)
COSET 13 c=1 d=26 gcd=1 a0=(2.000000000,-2.000000000) 
rho=(0.007575757576,0.007575757576) contrib=(0.03030303030,2.272003387E-79)
COSET 13 c=1 d=27 gcd=1 a0=(2.000000000,-2.000000000) 
rho=(0.007575757576,0.007575757576) contrib=(0.03030303030,-1.224172804E-79)
COSET 13 c=1 d=28 gcd=1 a0=(2.000000000,-2.000000000) 
rho=(0.007575757576,0.007575757576) contrib=(0.03030303030,9.456032095E-81)
COSET 13 c=1 d=29 gcd=1 a0=(2.000000000,-2.000000000) 
rho=(0.007575757576,0.007575757576) contrib=(0.03030303030,5.858906372E-79)
COSET 13 c=1 d=30 gcd=1 a0=(2.000000000,-2.000000000) 
rho=(0.007575757576,0.007575757576) contrib=(0.03030303030,-1.042591431E-78)
COSET 13 c=1 d=31 gcd=1 a0=(2.000000000,-2.000000000) 
rho=(0.007575757576,0.007575757576) contrib=(0.03030303030,4.267992864E-80)
COSET 13 c=1 d=32 gcd=1 a0=(2.000000000,-2.000000000) 
rho=(0.007575757576,0.007575757576) contrib=(0.03030303030,-3.346668656E-79)
COSET 13 c=1 d=33 gcd=1 a0=(2.000000000,-2.000000000) 
rho=(0.007575757576,0.007575757576) contrib=(0.03030303030,3.345390814E-79)
COSET 13 c=1 d=34 gcd=1 a0=(2.000000000,-2.000000000) 
rho=(0.007575757576,0.007575757576) contrib=(0.03030303030,1.610081140E-80)
COSET 13 c=1 d=35 gcd=1 a0=(2.000000000,-2.000000000) 
rho=(0.007575757576,0.007575757576) contrib=(0.03030303030,1.454951100E-78)
COSET 13 c=1 d=36 gcd=1 a0=(2.000000000,-2.000000000) 
rho=(0.007575757576,0.007575757576) contrib=(0.03030303030,8.443981092E-79)
COSET 13 c=1 d=37 gcd=1 a0=(2.000000000,-2.000000000) 
rho=(0.007575757576,0.007575757576) contrib=(0.03030303030,1.934653053E-79)
COSET 13 c=1 d=38 gcd=1 a0=(2.000000000,-2.000000000) 
rho=(0.007575757576,0.007575757576) contrib=(0.03030303030,4.186210965E-79)
COSET 13 c=1 d=39 gcd=1 a0=(2.000000000,-2.000000000) 
rho=(0.007575757576,0.007575757576) contrib=(0.03030303030,-1.942320106E-79)
COSET 13 c=1 d=40 gcd=1 a0=(2.000000000,-2.000000000) 
rho=(0.007575757576,0.007575757576) contrib=(0.03030303030,3.744077573E-79)
COSET 13 c=1 d=41 gcd=1 a0=(2.000000000,-2.000000000) 
rho=(0.007575757576,0.007575757576) contrib=(0.03030303030,1.238229067E-78)
COSET 13 c=1 d=42 gcd=1 a0=(2.000000000,-2.000000000) 
rho=(0.007575757576,0.007575757576) contrib=(0.03030303030,1.252285331E-78)
COSET 13 c=1 d=43 gcd=1 a0=(2.000000000,-2.000000000) 
rho=(0.007575757576,0.007575757576) contrib=(0.03030303030,9.123793129E-79)
COSET 13 c=1 d=44 gcd=1 a0=(2.000000000,-2.000000000) 
rho=(0.007575757576,0.007575757576) contrib=(0.03030303030,-7.999292015E-79)
COSET 13 c=1 d=45 gcd=1 a0=(2.000000000,-2.000000000) 
rho=(0.007575757576,0.007575757576) contrib=(0.03030303030,4.441779400E-79)
COSET 13 c=1 d=46 gcd=1 a0=(2.000000000,-2.000000000) 
rho=(0.007575757576,0.007575757576) contrib=(0.03030303030,2.513515558E-79)
COSET 13 c=1 d=47 gcd=1 a0=(2.000000000,-2.000000000) 
rho=(0.007575757576,0.007575757576) contrib=(0.03030303030,1.121945430E-79)
COSET 13 c=1 d=48 gcd=1 a0=(2.000000000,-2.000000000) 
rho=(0.007575757576,0.007575757576) contrib=(0.03030303030,1.913057520E-78)
COSET 13 c=1 d=49 gcd=1 a0=(2.000000000,-2.000000000) 
rho=(0.007575757576,0.007575757576) contrib=(0.03030303030,-9.711600529E-81)
COSET 13 c=1 d=50 gcd=1 a0=(2.000000000,-2.000000000) 
rho=(0.007575757576,0.007575757576) contrib=(0.03030303030,8.305974137E-81)
COSET 13 c=1 d=51 gcd=1 a0=(2.000000000,-2.000000000) 
rho=(0.007575757576,0.007575757576) contrib=(0.03030303030,6.120864018E-79)
COSET 13 c=1 d=52 gcd=1 a0=(2.000000000,-2.000000000) 
rho=(0.007575757576,0.007575757576) contrib=(0.03030303030,1.153635915E-78)
COSET 13 c=1 d=53 gcd=1 a0=(2.000000000,-2.000000000) 
rho=(0.007575757576,0.007575757576) contrib=(0.03030303030,3.439951135E-79)
COSET 13 c=1 d=54 gcd=1 a0=(2.000000000,-2.000000000) 
rho=(0.007575757576,0.007575757576) contrib=(0.03030303030,-3.469085937E-78)
COSET 13 c=1 d=55 gcd=1 a0=(2.000000000,-2.000000000) 
rho=(0.007575757576,0.007575757576) contrib=(0.03030303030,9.565926521E-79)
COSET 13 c=1 d=56 gcd=1 a0=(2.000000000,-2.000000000) 
rho=(0.007575757576,0.007575757576) contrib=(0.03030303030,1.786423361E-79)
COSET 13 c=1 d=57 gcd=1 a0=(2.000000000,-2.000000000) 
rho=(0.007575757576,0.007575757576) contrib=(0.03030303030,4.636011411E-79)
COSET 13 c=1 d=58 gcd=1 a0=(2.000000000,-2.000000000) 
rho=(0.007575757576,0.007575757576) contrib=(0.03030303030,1.843798474E-78)
COSET 13 c=1 d=59 gcd=1 a0=(2.000000000,-2.000000000) 
rho=(0.007575757576,0.007575757576) contrib=(0.03030303030,7.867674271E-79)
COSET 13 c=1 d=60 gcd=1 a0=(2.000000000,-2.000000000) 
rho=(0.007575757576,0.007575757576) contrib=(0.03030303030,2.845498955E-78)
COSET 13 c=1 d=61 gcd=1 a0=(2.000000000,-2.000000000) 
rho=(0.007575757576,0.007575757576) contrib=(0.03030303030,1.905007114E-78)
COSET 13 c=1 d=62 gcd=1 a0=(2.000000000,-2.000000000) 
rho=(0.007575757576,0.007575757576) contrib=(0.03030303030,1.206283013E-79)
COSET 13 c=1 d=63 gcd=1 a0=(2.000000000,-2.000000000) 
rho=(0.007575757576,0.007575757576) contrib=(0.03030303030,-9.467532674E-79)
COSET 13 c=1 d=64 gcd=1 a0=(2.000000000,-2.000000000) 
rho=(0.007575757576,0.007575757576) contrib=(0.03030303030,-2.976094426E-79)
COSET 13 c=1 d=65 gcd=1 a0=(2.000000000,-2.000000000) 
rho=(0.007575757576,0.007575757576) contrib=(0.03030303030,-6.873513059E-78)
COSET 13 c=1 d=66 gcd=1 a0=(2.000000000,-2.000000000) 
rho=(0.007575757576,0.007575757576) contrib=(0.03030303030,1.933439103E-77)
COSET 13 c=1 d=67 gcd=1 a0=(2.000000000,-2.000000000) 
rho=(0.007575757576,0.007575757576) contrib=(0.03030303030,2.343306980E-78)
COSET 13 c=1 d=68 gcd=1 a0=(2.000000000,-2.000000000) 
rho=(0.007575757576,0.007575757576) contrib=(0.03030303030,1.727387052E-78)
COSET 13 c=1 d=69 gcd=1 a0=(2.000000000,-2.000000000) 
rho=(0.007575757576,0.007575757576) contrib=(0.03030303030,-3.994534639E-79)
COSET 13 c=1 d=70 gcd=1 a0=(2.000000000,-2.000000000) 
rho=(0.007575757576,0.007575757576) contrib=(0.03030303030,4.887746319E-79)
COSET 13 c=1 d=71 gcd=1 a0=(2.000000000,-2.000000000) 
rho=(0.007575757576,0.007575757576) contrib=(0.03030303030,4.056509984E-78)
COSET 13 c=1 d=72 gcd=1 a0=(2.000000000,-2.000000000) 
rho=(0.007575757576,0.007575757576) contrib=(0.03030303030,-5.441051981E-79)
COSET 13 c=1 d=73 gcd=1 a0=(2.000000000,-2.000000000) 
rho=(0.007575757576,0.007575757576) contrib=(0.03030303030,-3.747399962E-78)
COSET 13 c=1 d=74 gcd=1 a0=(2.000000000,-2.000000000) 
rho=(0.007575757576,0.007575757576) contrib=(0.03030303030,-5.121591437E-79)
COSET 13 c=1 d=75 gcd=1 a0=(2.000000000,-2.000000000) 
rho=(0.007575757576,0.007575757576) contrib=(0.03030303030,-4.191322334E-79)
COSET 13 c=1 d=76 gcd=1 a0=(2.000000000,-2.000000000) 
rho=(0.007575757576,0.007575757576) contrib=(0.03030303030,1.846737511E-78)
COSET 13 c=1 d=77 gcd=1 a0=(2.000000000,-2.000000000) 
rho=(0.007575757576,0.007575757576) contrib=(0.03030303030,-1.801757467E-79)
COSET 13 c=1 d=78 gcd=1 a0=(2.000000000,-2.000000000) 
rho=(0.007575757576,0.007575757576) contrib=(0.03030303030,4.666679623E-78)
COSET 13 c=1 d=79 gcd=1 a0=(2.000000000,-2.000000000) 
rho=(0.007575757576,0.007575757576) contrib=(0.03030303030,-2.676440435E-78)
COSET 13 c=1 d=80 gcd=1 a0=(2.000000000,-2.000000000) 
rho=(0.007575757576,0.007575757576) contrib=(0.03030303030,1.303654587E-78)
COSET 13 c=1 d=81 gcd=1 a0=(2.000000000,-2.000000000) 
rho=(0.007575757576,0.007575757576) contrib=(0.03030303030,1.293176281E-78)
COSET 13 c=1 d=82 gcd=1 a0=(2.000000000,-2.000000000) 
rho=(0.007575757576,0.007575757576) contrib=(0.03030303030,-3.318556128E-78)
COSET 13 c=1 d=83 gcd=1 a0=(2.000000000,-2.000000000) 
rho=(0.007575757576,0.007575757576) contrib=(0.03030303030,8.240804186E-79)
COSET 13 c=1 d=84 gcd=1 a0=(2.000000000,-2.000000000) 
rho=(0.007575757576,0.007575757576) contrib=(0.03030303030,4.006290787E-78)
COSET 13 c=1 d=85 gcd=1 a0=(2.000000000,-2.000000000) 
rho=(0.007575757576,0.007575757576) contrib=(0.03030303030,-4.641506132E-78)
COSET 13 c=1 d=86 gcd=1 a0=(2.000000000,-2.000000000) 
rho=(0.007575757576,0.007575757576) contrib=(0.03030303030,2.066270797E-79)
COSET 13 c=1 d=87 gcd=1 a0=(2.000000000,-2.000000000) 
rho=(0.007575757576,0.007575757576) contrib=(0.03030303030,4.498004456E-80)
COSET 13 c=1 d=88 gcd=1 a0=(2.000000000,-2.000000000) 
rho=(0.007575757576,0.007575757576) contrib=(0.03030303030,9.208130712E-79)
COSET 13 c=1 d=89 gcd=1 a0=(2.000000000,-2.000000000) 
rho=(0.007575757576,0.007575757576) contrib=(0.03030303030,-9.380639406E-79)
COSET 13 c=1 d=90 gcd=1 a0=(2.000000000,-2.000000000) 
rho=(0.007575757576,0.007575757576) contrib=(0.03030303030,1.712564083E-78)
COSET 13 c=1 d=91 gcd=1 a0=(2.000000000,-2.000000000) 
rho=(0.007575757576,0.007575757576) contrib=(0.03030303030,5.678858410E-78)
COSET 13 c=1 d=92 gcd=1 a0=(2.000000000,-2.000000000) 
rho=(0.007575757576,0.007575757576) contrib=(0.03030303030,1.537244136E-78)
COSET 13 c=1 d=93 gcd=1 a0=(2.000000000,-2.000000000) 
rho=(0.007575757576,0.007575757576) contrib=(0.03030303030,-7.024298436E-79)
COSET 13 c=1 d=94 gcd=1 a0=(2.000000000,-2.000000000) 
rho=(0.007575757576,0.007575757576) contrib=(0.03030303030,-1.218805866E-78)
COSET 13 c=1 d=95 gcd=1 a0=(2.000000000,-2.000000000) 
rho=(0.007575757576,0.007575757576) contrib=(0.03030303030,-2.600919963E-78)
COSET 13 c=1 d=96 gcd=1 a0=(2.000000000,-2.000000000) 
rho=(0.007575757576,0.007575757576) contrib=(0.03030303030,-1.897212277E-78)
COSET 13 c=1 d=97 gcd=1 a0=(2.000000000,-2.000000000) 
rho=(0.007575757576,0.007575757576) contrib=(0.03030303030,-5.195961852E-78)
COSET 13 c=1 d=98 gcd=1 a0=(2.000000000,-2.000000000) 
rho=(0.007575757576,0.007575757576) contrib=(0.03030303030,-3.207767212E-78)
COSET 13 c=1 d=99 gcd=1 a0=(2.000000000,-2.000000000) 
rho=(0.007575757576,0.007575757576) contrib=(0.03030303030,-3.439951135E-79)
COSET 13 c=1 d=100 gcd=1 a0=(2.000000000,-2.000000000) 
rho=(0.007575757576,0.007575757576) contrib=(0.03030303030,3.194605437E-80)
COSET 13 c=1 d=101 gcd=1 a0=(2.000000000,-2.000000000) 
rho=(0.007575757576,0.007575757576) contrib=(0.03030303030,7.566998008E-78)
COSET 13 c=1 d=102 gcd=1 a0=(2.000000000,-2.000000000) 
rho=(0.007575757576,0.007575757576) contrib=(0.03030303030,-2.894823663E-78)
COSET 13 c=1 d=103 gcd=1 a0=(2.000000000,-2.000000000) 
rho=(0.007575757576,0.007575757576) contrib=(0.03030303030,-4.748589306E-78)
COSET 13 c=1 d=104 gcd=1 a0=(2.000000000,-2.000000000) 
rho=(0.007575757576,0.007575757576) contrib=(0.03030303030,2.164920213E-78)
COSET 13 c=1 d=105 gcd=1 a0=(2.000000000,-2.000000000) 
rho=(0.007575757576,0.007575757576) contrib=(0.03030303030,1.962254444E-78)
COSET 13 c=1 d=106 gcd=1 a0=(2.000000000,-2.000000000) 
rho=(0.007575757576,0.007575757576) contrib=(0.03030303030,1.298287650E-79)
COSET 13 c=1 d=107 gcd=1 a0=(2.000000000,-2.000000000) 
rho=(0.007575757576,0.007575757576) contrib=(0.03030303030,1.069298332E-78)
COSET 13 c=1 d=108 gcd=1 a0=(2.000000000,-2.000000000) 
rho=(0.007575757576,0.007575757576) contrib=(0.03030303030,-5.024731000E-78)
COSET 13 c=1 d=109 gcd=1 a0=(2.000000000,-2.000000000) 
rho=(0.007575757576,0.007575757576) contrib=(0.03030303030,7.456464659E-78)
COSET 13 c=1 d=110 gcd=1 a0=(2.000000000,-2.000000000) 
rho=(0.007575757576,0.007575757576) contrib=(0.03030303030,-5.664674361E-79)
COSET 13 c=1 d=111 gcd=1 a0=(2.000000000,-2.000000000) 
rho=(0.007575757576,0.007575757576) contrib=(0.03030303030,3.174671100E-78)
COSET 13 c=1 d=112 gcd=1 a0=(2.000000000,-2.000000000) 
rho=(0.007575757576,0.007575757576) contrib=(0.03030303030,-2.758605687E-78)
COSET 13 c=1 d=113 gcd=1 a0=(2.000000000,-2.000000000) 
rho=(0.007575757576,0.007575757576) contrib=(0.03030303030,4.089094960E-79)
COSET 13 c=1 d=114 gcd=1 a0=(2.000000000,-2.000000000) 
rho=(0.007575757576,0.007575757576) contrib=(0.03030303030,1.559989727E-78)
COSET 13 c=1 d=115 gcd=1 a0=(2.000000000,-2.000000000) 
rho=(0.007575757576,0.007575757576) contrib=(0.03030303030,1.074256360E-77)
COSET 13 c=1 d=116 gcd=1 a0=(2.000000000,-2.000000000) 
rho=(0.007575757576,0.007575757576) contrib=(0.03030303030,-4.336996342E-79)
COSET 13 c=1 d=117 gcd=1 a0=(2.000000000,-2.000000000) 
rho=(0.007575757576,0.007575757576) contrib=(0.03030303030,-3.092122495E-78)
COSET 13 c=1 d=118 gcd=1 a0=(2.000000000,-2.000000000) 
rho=(0.007575757576,0.007575757576) contrib=(0.03030303030,5.442457607E-78)
COSET 13 c=1 d=119 gcd=1 a0=(2.000000000,-2.000000000) 
rho=(0.007575757576,0.007575757576) contrib=(0.03030303030,1.736779192E-77)
COSET 13 c=1 d=120 gcd=1 a0=(2.000000000,-2.000000000) 
rho=(0.007575757576,0.007575757576) contrib=(0.03030303030,-2.871311367E-79)
COSET 13 c=1 d=121 gcd=1 a0=(2.000000000,-2.000000000) 
rho=(0.007575757576,0.007575757576) contrib=(0.03030303030,3.954154826E-78)
COSET 13 c=1 d=122 gcd=1 a0=(2.000000000,-2.000000000) 
rho=(0.007575757576,0.007575757576) contrib=(0.03030303030,-1.461851448E-78)
COSET 13 c=1 d=123 gcd=1 a0=(2.000000000,-2.000000000) 
rho=(0.007575757576,0.007575757576) contrib=(0.03030303030,3.078960720E-78)
COSET 13 c=1 d=124 gcd=1 a0=(2.000000000,-2.000000000) 
rho=(0.007575757576,0.007575757576) contrib=(0.03030303030,-7.258654691E-78)
COSET 13 c=1 d=125 gcd=1 a0=(2.000000000,-2.000000000) 
rho=(0.007575757576,0.007575757576) contrib=(0.03030303030,2.121218010E-78)
COSET 13 c=1 d=126 gcd=1 a0=(2.000000000,-2.000000000) 
rho=(0.007575757576,0.007575757576) contrib=(0.03030303030,6.525173282E-78)
COSET 13 c=1 d=127 gcd=1 a0=(2.000000000,-2.000000000) 
rho=(0.007575757576,0.007575757576) contrib=(0.03030303030,5.775207709E-78)
COSET 13 c=1 d=128 gcd=1 a0=(2.000000000,-2.000000000) 
rho=(0.007575757576,0.007575757576) contrib=(0.03030303030,-4.481775860E-78)
COSET 13 c=1 d=129 gcd=1 a0=(2.000000000,-2.000000000) 
rho=(0.007575757576,0.007575757576) contrib=(0.03030303030,-2.089910877E-78)
COSET 13 c=1 d=130 gcd=1 a0=(2.000000000,-2.000000000) 
rho=(0.007575757576,0.007575757576) contrib=(0.03030303030,-5.013102637E-78)
COSET 13 c=1 d=131 gcd=1 a0=(2.000000000,-2.000000000) 
rho=(0.007575757576,0.007575757576) contrib=(0.03030303030,-1.383882171E-73)
COSET 13 c=4 d=1 gcd=4 a0=(2.000000000,-8.468912001E-73) 
rho=(0.03030303030,-1.788979045E-81) contrib=(0.06060606061,-2.566337328E-74)
COSET 13 c=4 d=3 gcd=4 a0=(-1.312259481E-72,2.000000000) 
rho=(2.939037002E-81,-0.03030303030) contrib=(0.06060606061,3.976544470E-74)
COSET 13 c=4 d=5 gcd=4 a0=(2.000000000,6.166684485E-73) 
rho=(0.03030303030,-1.788979045E-81) contrib=(0.06060606061,1.868691910E-74)
COSET 13 c=4 d=7 gcd=4 a0=(1.011036265E-71,2.000000000) 
rho=(2.939037002E-81,-0.03030303030) contrib=(0.06060606061,-3.063746199E-73)
COSET 13 c=4 d=9 gcd=4 a0=(2.000000000,-9.399556441E-73) 
rho=(0.03030303030,-1.788979045E-81) contrib=(0.06060606061,-2.848350794E-74)
COSET 13 c=4 d=11 gcd=4 a0=(-8.552723172E-72,2.000000000) 
rho=(2.939037002E-81,-0.03030303030) contrib=(0.06060606061,2.591734353E-73)
COSET 13 c=4 d=13 gcd=4 a0=(2.000000000,2.051375689E-72) 
rho=(0.03030303030,-1.788979045E-81) contrib=(0.06060606061,6.216289608E-74)
COSET 13 c=4 d=15 gcd=4 a0=(-3.049741098E-71,2.000000000) 
rho=(2.939037002E-81,-0.03030303030) contrib=(0.06060606061,9.241639750E-73)
COSET 13 c=4 d=17 gcd=4 a0=(2.000000000,4.204124644E-72) 
rho=(0.03030303030,-1.788979045E-81) contrib=(0.06060606061,1.273977129E-73)
COSET 13 c=4 d=19 gcd=4 a0=(1.611056065E-72,2.000000000) 
rho=(2.939037002E-81,-0.03030303030) contrib=(0.06060606061,-4.881987488E-74)
COSET 13 c=4 d=21 gcd=4 a0=(2.000000000,-3.964157512E-72) 
rho=(0.03030303030,-1.788979045E-81) contrib=(0.06060606061,-1.201259888E-73)
COSET 13 c=4 d=23 gcd=4 a0=(1.861189305E-71,2.000000000) 
rho=(2.939037002E-81,-0.03030303030) contrib=(0.06060606061,-5.639967532E-73)
COSET 13 c=4 d=25 gcd=4 a0=(2.000000000,2.987355559E-71) 
rho=(0.03030303030,-1.788979045E-81) contrib=(0.06060606061,9.052592566E-73)
COSET 13 c=4 d=27 gcd=4 a0=(6.204620044E-72,2.000000000) 
rho=(2.939037002E-81,-0.03030303030) contrib=(0.06060606061,-1.880187833E-73)
COSET 13 c=4 d=29 gcd=4 a0=(2.000000000,1.818468879E-72) 
rho=(0.03030303030,-1.788979045E-81) contrib=(0.06060606061,5.510511396E-74)
COSET 13 c=4 d=31 gcd=4 a0=(2.034377131E-71,2.000000000) 
rho=(2.939037002E-81,-0.03030303030) contrib=(0.06060606061,-6.164779124E-73)
COSET 13 c=4 d=33 gcd=4 a0=(2.000000000,-1.441847258E-71) 
rho=(0.03030303030,-1.788979045E-81) contrib=(0.06060606061,-4.369234152E-73)
COSET 13 c=4 d=35 gcd=4 a0=(4.478607599E-71,2.000000000) 
rho=(2.939037002E-81,-0.03030303030) contrib=(0.06060606061,-1.357153812E-72)
COSET 13 c=4 d=37 gcd=4 a0=(2.000000000,9.586760481E-72) 
rho=(0.03030303030,-1.788979045E-81) contrib=(0.06060606061,2.905078898E-73)
COSET 13 c=4 d=39 gcd=4 a0=(-1.109319230E-72,2.000000000) 
rho=(2.939037002E-81,-0.03030303030) contrib=(0.06060606061,3.361574011E-74)
COSET 13 c=4 d=41 gcd=4 a0=(2.000000000,-6.232018647E-71) 
rho=(0.03030303030,-1.788979045E-81) contrib=(0.06060606061,-1.888490503E-72)
COSET 13 c=4 d=43 gcd=4 a0=(2.688408154E-72,2.000000000) 
rho=(2.939037002E-81,-0.03030303030) contrib=(0.06060606061,-8.146690789E-74)
COSET 13 c=4 d=45 gcd=4 a0=(2.000000000,-7.621544000E-72) 
rho=(0.03030303030,-1.788979045E-81) contrib=(0.06060606061,-2.309558824E-73)
COSET 13 c=4 d=47 gcd=4 a0=(4.650740398E-71,2.000000000) 
rho=(2.939037002E-81,-0.03030303030) contrib=(0.06060606061,-1.409315266E-72)
COSET 13 c=4 d=49 gcd=4 a0=(2.000000000,-1.159802225E-71) 
rho=(0.03030303030,-1.788979045E-81) contrib=(0.06060606061,-3.514552232E-73)
COSET 13 c=4 d=51 gcd=4 a0=(-1.909579577E-71,2.000000000) 
rho=(2.939037002E-81,-0.03030303030) contrib=(0.06060606061,5.786604837E-73)
COSET 13 c=4 d=53 gcd=4 a0=(2.000000000,-1.299685690E-70) 
rho=(0.03030303030,-1.788979045E-81) contrib=(0.06060606061,-3.938441490E-72)
COSET 13 c=4 d=55 gcd=4 a0=(-2.089738455E-70,2.000000000) 
rho=(2.939037002E-81,-0.03030303030) contrib=(0.06060606061,6.332540780E-72)
COSET 13 c=4 d=57 gcd=4 a0=(2.000000000,7.357970237E-71) 
rho=(0.03030303030,-1.788979045E-81) contrib=(0.06060606061,2.229687947E-72)
COSET 13 c=4 d=59 gcd=4 a0=(-7.645467075E-72,2.000000000) 
rho=(2.939037002E-81,-0.03030303030) contrib=(0.06060606061,2.316808263E-73)
COSET 13 c=4 d=61 gcd=4 a0=(2.000000000,3.266055893E-71) 
rho=(0.03030303030,-1.788979045E-81) contrib=(0.06060606061,9.897139032E-73)
COSET 13 c=4 d=63 gcd=4 a0=(2.625717563E-71,2.000000000) 
rho=(2.939037002E-81,-0.03030303030) contrib=(0.06060606061,-7.956719828E-73)
COSET 13 c=4 d=65 gcd=4 a0=(2.000000000,1.973850942E-70) 
rho=(0.03030303030,-1.788979045E-81) contrib=(0.06060606061,5.981366488E-72)
COSET 13 c=11 d=1 gcd=11 a0=(2.000000000,2.000000000) 
rho=(-4.827348310E-81,-3.525546594E-81) contrib=(-2.603603431E-81,-1.670578981E\
-80)
COSET 13 c=11 d=2 gcd=11 a0=(-2.000000000,-2.000000000) 
rho=(-1.955849136E-82,5.597394365E-81) contrib=(1.158595856E-80,-1.080361890E-8\
0)
COSET 13 c=11 d=3 gcd=11 a0=(2.000000000,2.000000000) 
rho=(3.113740367E-82,-2.200083554E-82) contrib=(1.062764784E-81,1.827313627E-82\
)
COSET 13 c=11 d=4 gcd=11 a0=(2.000000000,2.000000000) 
rho=(-4.230755094E-82,-5.611998174E-83) contrib=(-7.339110553E-82,-9.583909822E\
-82)
COSET 13 c=11 d=5 gcd=11 a0=(-2.000000000,-2.000000000) 
rho=(-3.121592963E-81,3.461233921E-81) contrib=(1.316565377E-80,-6.792819172E-8\
2)
COSET 13 c=11 d=6 gcd=11 a0=(-2.000000000,-2.000000000) 
rho=(-2.687318419E-81,4.597004104E-81) contrib=(1.456864505E-80,-3.819371371E-8\
1)
COSET 13 c=11 d=7 gcd=11 a0=(2.000000000,2.000000000) 
rho=(-4.835787122E-82,-6.522471119E-84) contrib=(-9.541124821E-82,-9.802023665E\
-82)
COSET 13 c=11 d=8 gcd=11 a0=(2.000000000,2.000000000) 
rho=(1.165623677E-82,-6.686220756E-82) contrib=(1.570368887E-81,-1.104119416E-8\
1)
COSET 13 c=11 d=9 gcd=11 a0=(2.000000000,2.000000000) 
rho=(3.744123278E-81,-2.124135400E-81) contrib=(1.173651736E-80,3.239975757E-81\
)
COSET 13 c=11 d=10 gcd=11 a0=(2.000000000,2.000000000) 
rho=(1.587194787E-81,3.747796293E-81) contrib=(-4.321203011E-81,1.066998216E-80\
)
COSET 13 c=11 d=12 gcd=11 a0=(2.000000000,2.000000000) 
rho=(-4.827348310E-81,-3.525546594E-81) contrib=(-2.603603431E-81,-1.670578981E\
-80)
COSET 13 c=11 d=23 gcd=11 a0=(2.000000000,2.000000000) 
rho=(-4.827348310E-81,-3.525546594E-81) contrib=(-2.603603431E-81,-1.670578981E\
-80)
COSET 13 c=44 d=1 gcd=44 a0=(-2.000000000,1.147325601E-70) 
rho=(2.069655082E-80,-9.149050478E-81) contrib=(-4.139310164E-80,1.829810096E-8\
0)
COSET 13 c=44 d=3 gcd=44 a0=(2.490979618E-70,-2.000000000) 
rho=(1.976853355E-81,6.016606980E-82) contrib=(1.203321396E-81,-3.953706710E-81\
)
COSET 13 c=44 d=5 gcd=44 a0=(-2.000000000,8.230584606E-71) 
rho=(-5.081419274E-81,-8.585502113E-83) contrib=(1.016283855E-80,1.717100423E-8\
2)
FORM 14:
  c_eta(0)[1] (trivial) = 9.67724921272E-71 + -1.46956106625E-70 i   (half: 
4.83862460636E-71)
  c_eta(0)[2] = -1.24734919470E-71 + -9.41781947444E-71 i   (half: 
-6.23674597352E-72)
  c_eta(0)[3] = -1.24734918705E-71 + -9.41781947896E-71 i   (half: 
-6.23674593525E-72)
  c_eta(0)[4] = -1.24734918896E-71 + -9.41781947601E-71 i   (half: 
-6.23674594480E-72)
  c_eta(0)[5] = -1.24734918888E-71 + -9.41781947460E-71 i   (half: 
-6.23674594439E-72)
  c_eta(0)[6] = -1.24734918692E-71 + -9.41781947716E-71 i   (half: 
-6.23674593461E-72)
  c_eta(0)[7] = -1.24734918508E-71 + -9.41781947528E-71 i   (half: 
-6.23674592540E-72)
  c_eta(0)[8] = -1.24734918489E-71 + -9.41781947609E-71 i   (half: 
-6.23674592447E-72)
  c_eta(0)[9] = -1.24734918548E-71 + -9.41781947642E-71 i   (half: 
-6.23674592739E-72)
  c_eta(0)[10] = -1.24734918680E-71 + -9.41781947938E-71 i   (half: 
-6.23674593401E-72)
  c_eta(0)[11] = -1.24734919215E-71 + -9.41781947866E-71 i   (half: 
-6.23674596074E-72)
  c_eta(0)[12] = -1.24734919011E-71 + -9.41781947299E-71 i   (half: 
-6.23674595053E-72)
  c_eta(0)[13] = -1.24734919037E-71 + -9.41781947535E-71 i   (half: 
-6.23674595185E-72)
  c_eta(0)[14] = -1.24734918746E-71 + -9.41781947356E-71 i   (half: 
-6.23674593730E-72)
  c_eta(0)[15] = -1.24734918927E-71 + -9.41781947969E-71 i   (half: 
-6.23674594637E-72)
  c_eta(0)[16] = -1.24734918697E-71 + -9.41781947858E-71 i   (half: 
-6.23674593486E-72)
  c_eta(0)[17] = -1.24734918470E-71 + -9.41781947643E-71 i   (half: 
-6.23674592351E-72)
  c_eta(0)[18] = -1.24734918442E-71 + -9.41781947932E-71 i   (half: 
-6.23674592210E-72)
  c_eta(0)[19] = -1.24734918759E-71 + -9.41781947319E-71 i   (half: 
-6.23674593796E-72)
  c_eta(0)[20] = -1.24734918732E-71 + -9.41781947341E-71 i   (half: 
-6.23674593660E-72)
  c_eta(0)[21] = -1.24734918439E-71 + -9.41781947210E-71 i   (half: 
-6.23674592194E-72)
COSET 14 c=1 d=0 gcd=1 a0=(-1.000000000,1.000000000) 
rho=(0.007575757576,0.007575757576) contrib=(-0.01515151515,-1.442996410E-71)
COSET 14 c=1 d=1 gcd=1 a0=(-1.000000000,1.000000000) 
rho=(0.007575757576,0.007575757576) contrib=(-0.01515151515,-2.022701490E-76)
COSET 14 c=1 d=2 gcd=1 a0=(-1.000000000,1.000000000) 
rho=(0.007575757576,0.007575757576) contrib=(-0.01515151515,-3.169048594E-78)
COSET 14 c=1 d=3 gcd=1 a0=(-1.000000000,1.000000000) 
rho=(0.007575757576,0.007575757576) contrib=(-0.01515151515,1.788979045E-79)
COSET 14 c=1 d=4 gcd=1 a0=(-1.000000000,1.000000000) 
rho=(0.007575757576,0.007575757576) contrib=(-0.01515151515,-3.148603119E-79)
COSET 14 c=1 d=5 gcd=1 a0=(-1.000000000,1.000000000) 
rho=(0.007575757576,0.007575757576) contrib=(-0.01515151515,3.291721443E-79)
COSET 14 c=1 d=6 gcd=1 a0=(-1.000000000,1.000000000) 
rho=(0.007575757576,0.007575757576) contrib=(-0.01515151515,4.498004456E-80)
COSET 14 c=1 d=7 gcd=1 a0=(-1.000000000,1.000000000) 
rho=(0.007575757576,0.007575757576) contrib=(-0.01515151515,1.932097368E-79)
COSET 14 c=1 d=8 gcd=1 a0=(-1.000000000,1.000000000) 
rho=(0.007575757576,0.007575757576) contrib=(-0.01515151515,-3.680185464E-80)
COSET 14 c=1 d=9 gcd=1 a0=(-1.000000000,1.000000000) 
rho=(0.007575757576,0.007575757576) contrib=(-0.01515151515,-8.996008912E-80)
COSET 14 c=1 d=10 gcd=1 a0=(-1.000000000,1.000000000) 
rho=(0.007575757576,0.007575757576) contrib=(-0.01515151515,7.769280423E-80)
COSET 14 c=1 d=11 gcd=1 a0=(-1.000000000,1.000000000) 
rho=(0.007575757576,0.007575757576) contrib=(-0.01515151515,7.258143554E-80)
COSET 14 c=1 d=12 gcd=1 a0=(-1.000000000,1.000000000) 
rho=(0.007575757576,0.007575757576) contrib=(-0.01515151515,-1.063164690E-79)
COSET 14 c=1 d=13 gcd=1 a0=(-1.000000000,1.000000000) 
rho=(0.007575757576,0.007575757576) contrib=(-0.01515151515,1.533410610E-79)
COSET 14 c=1 d=14 gcd=1 a0=(-1.000000000,1.000000000) 
rho=(0.007575757576,0.007575757576) contrib=(-0.01515151515,8.075962546E-80)
COSET 14 c=1 d=15 gcd=1 a0=(-1.000000000,1.000000000) 
rho=(0.007575757576,0.007575757576) contrib=(-0.01515151515,1.175614801E-79)
COSET 14 c=1 d=16 gcd=1 a0=(-1.000000000,1.000000000) 
rho=(0.007575757576,0.007575757576) contrib=(-0.01515151515,-4.293549708E-80)
COSET 14 c=1 d=17 gcd=1 a0=(-1.000000000,1.000000000) 
rho=(0.007575757576,0.007575757576) contrib=(-0.01515151515,1.758310833E-79)
COSET 14 c=1 d=18 gcd=1 a0=(-1.000000000,1.000000000) 
rho=(0.007575757576,0.007575757576) contrib=(-0.01515151515,9.609373155E-80)
COSET 14 c=1 d=19 gcd=1 a0=(-1.000000000,1.000000000) 
rho=(0.007575757576,0.007575757576) contrib=(-0.01515151515,2.545461612E-79)
COSET 14 c=1 d=20 gcd=1 a0=(-1.000000000,1.000000000) 
rho=(0.007575757576,0.007575757576) contrib=(-0.01515151515,-2.300115915E-79)
COSET 14 c=1 d=21 gcd=1 a0=(-1.000000000,1.000000000) 
rho=(0.007575757576,0.007575757576) contrib=(-0.01515151515,-3.761967363E-79)
COSET 14 c=1 d=22 gcd=1 a0=(-1.000000000,1.000000000) 
rho=(0.007575757576,0.007575757576) contrib=(-0.01515151515,-5.694064732E-79)
COSET 14 c=1 d=23 gcd=1 a0=(-1.000000000,1.000000000) 
rho=(0.007575757576,0.007575757576) contrib=(-0.01515151515,-2.903257422E-79)
COSET 14 c=1 d=24 gcd=1 a0=(-1.000000000,1.000000000) 
rho=(0.007575757576,0.007575757576) contrib=(-0.01515151515,1.380069549E-79)
COSET 14 c=1 d=25 gcd=1 a0=(-1.000000000,1.000000000) 
rho=(0.007575757576,0.007575757576) contrib=(-0.01515151515,-9.047122599E-79)
COSET 14 c=1 d=26 gcd=1 a0=(-1.000000000,1.000000000) 
rho=(0.007575757576,0.007575757576) contrib=(-0.01515151515,3.475730716E-80)
COSET 14 c=1 d=27 gcd=1 a0=(-1.000000000,1.000000000) 
rho=(0.007575757576,0.007575757576) contrib=(-0.01515151515,-3.158825856E-79)
COSET 14 c=1 d=28 gcd=1 a0=(-1.000000000,1.000000000) 
rho=(0.007575757576,0.007575757576) contrib=(-0.01515151515,-1.840092732E-79)
COSET 14 c=1 d=29 gcd=1 a0=(-1.000000000,1.000000000) 
rho=(0.007575757576,0.007575757576) contrib=(-0.01515151515,-8.178189920E-79)
COSET 14 c=1 d=30 gcd=1 a0=(-1.000000000,1.000000000) 
rho=(0.007575757576,0.007575757576) contrib=(-0.01515151515,1.060097868E-78)
COSET 14 c=1 d=31 gcd=1 a0=(-1.000000000,1.000000000) 
rho=(0.007575757576,0.007575757576) contrib=(-0.01515151515,4.457113506E-79)
COSET 14 c=1 d=32 gcd=1 a0=(-1.000000000,1.000000000) 
rho=(0.007575757576,0.007575757576) contrib=(-0.01515151515,-1.369846812E-79)
COSET 14 c=1 d=33 gcd=1 a0=(-1.000000000,1.000000000) 
rho=(0.007575757576,0.007575757576) contrib=(-0.01515151515,1.318733125E-78)
COSET 14 c=1 d=34 gcd=1 a0=(-1.000000000,1.000000000) 
rho=(0.007575757576,0.007575757576) contrib=(-0.01515151515,-3.966422111E-79)
COSET 14 c=1 d=35 gcd=1 a0=(-1.000000000,1.000000000) 
rho=(0.007575757576,0.007575757576) contrib=(-0.01515151515,-2.568973908E-78)
COSET 14 c=1 d=36 gcd=1 a0=(-1.000000000,1.000000000) 
rho=(0.007575757576,0.007575757576) contrib=(-0.01515151515,-3.045353471E-78)
COSET 14 c=1 d=37 gcd=1 a0=(-1.000000000,1.000000000) 
rho=(0.007575757576,0.007575757576) contrib=(-0.01515151515,5.356714397E-79)
COSET 14 c=1 d=38 gcd=1 a0=(-1.000000000,1.000000000) 
rho=(0.007575757576,0.007575757576) contrib=(-0.01515151515,2.535238875E-79)
COSET 14 c=1 d=39 gcd=1 a0=(-1.000000000,1.000000000) 
rho=(0.007575757576,0.007575757576) contrib=(-0.01515151515,6.890125007E-79)
COSET 14 c=1 d=40 gcd=1 a0=(-1.000000000,1.000000000) 
rho=(0.007575757576,0.007575757576) contrib=(-0.01515151515,-8.147521708E-79)
COSET 14 c=1 d=41 gcd=1 a0=(-1.000000000,1.000000000) 
rho=(0.007575757576,0.007575757576) contrib=(-0.01515151515,-1.401537298E-78)
COSET 14 c=1 d=42 gcd=1 a0=(-1.000000000,1.000000000) 
rho=(0.007575757576,0.007575757576) contrib=(-0.01515151515,3.945976636E-79)
COSET 14 c=1 d=43 gcd=1 a0=(-1.000000000,1.000000000) 
rho=(0.007575757576,0.007575757576) contrib=(-0.01515151515,-1.032496477E-78)
COSET 14 c=1 d=44 gcd=1 a0=(-1.000000000,1.000000000) 
rho=(0.007575757576,0.007575757576) contrib=(-0.01515151515,1.203216192E-78)
COSET 14 c=1 d=45 gcd=1 a0=(-1.000000000,1.000000000) 
rho=(0.007575757576,0.007575757576) contrib=(-0.01515151515,-1.962765581E-79)
COSET 14 c=1 d=46 gcd=1 a0=(-1.000000000,1.000000000) 
rho=(0.007575757576,0.007575757576) contrib=(-0.01515151515,-4.058426748E-79)
COSET 14 c=1 d=47 gcd=1 a0=(-1.000000000,1.000000000) 
rho=(0.007575757576,0.007575757576) contrib=(-0.01515151515,5.786069368E-79)
COSET 14 c=1 d=48 gcd=1 a0=(-1.000000000,1.000000000) 
rho=(0.007575757576,0.007575757576) contrib=(-0.01515151515,-4.236302378E-78)
COSET 14 c=1 d=49 gcd=1 a0=(-1.000000000,1.000000000) 
rho=(0.007575757576,0.007575757576) contrib=(-0.01515151515,7.155916179E-80)
COSET 14 c=1 d=50 gcd=1 a0=(-1.000000000,1.000000000) 
rho=(0.007575757576,0.007575757576) contrib=(-0.01515151515,-2.269447703E-79)
COSET 14 c=1 d=51 gcd=1 a0=(-1.000000000,1.000000000) 
rho=(0.007575757576,0.007575757576) contrib=(-0.01515151515,-2.586352562E-79)
COSET 14 c=1 d=52 gcd=1 a0=(-1.000000000,1.000000000) 
rho=(0.007575757576,0.007575757576) contrib=(-0.01515151515,-2.606798037E-79)
COSET 14 c=1 d=53 gcd=1 a0=(-1.000000000,1.000000000) 
rho=(0.007575757576,0.007575757576) contrib=(-0.01515151515,-1.013073276E-78)
COSET 14 c=1 d=54 gcd=1 a0=(-1.000000000,1.000000000) 
rho=(0.007575757576,0.007575757576) contrib=(-0.01515151515,3.898952044E-78)
COSET 14 c=1 d=55 gcd=1 a0=(-1.000000000,1.000000000) 
rho=(0.007575757576,0.007575757576) contrib=(-0.01515151515,-1.959698759E-78)
COSET 14 c=1 d=56 gcd=1 a0=(-1.000000000,1.000000000) 
rho=(0.007575757576,0.007575757576) contrib=(-0.01515151515,-1.063164690E-79)
COSET 14 c=1 d=57 gcd=1 a0=(-1.000000000,1.000000000) 
rho=(0.007575757576,0.007575757576) contrib=(-0.01515151515,-9.548036731E-79)
COSET 14 c=1 d=58 gcd=1 a0=(-1.000000000,1.000000000) 
rho=(0.007575757576,0.007575757576) contrib=(-0.01515151515,-2.831698260E-78)
COSET 14 c=1 d=59 gcd=1 a0=(-1.000000000,1.000000000) 
rho=(0.007575757576,0.007575757576) contrib=(-0.01515151515,1.042719215E-79)
COSET 14 c=1 d=60 gcd=1 a0=(-1.000000000,1.000000000) 
rho=(0.007575757576,0.007575757576) contrib=(-0.01515151515,-2.754005455E-78)
COSET 14 c=1 d=61 gcd=1 a0=(-1.000000000,1.000000000) 
rho=(0.007575757576,0.007575757576) contrib=(-0.01515151515,-1.685729397E-78)
COSET 14 c=1 d=62 gcd=1 a0=(-1.000000000,1.000000000) 
rho=(0.007575757576,0.007575757576) contrib=(-0.01515151515,-3.680185464E-80)
COSET 14 c=1 d=63 gcd=1 a0=(-1.000000000,1.000000000) 
rho=(0.007575757576,0.007575757576) contrib=(-0.01515151515,-2.214244921E-78)
COSET 14 c=1 d=64 gcd=1 a0=(-1.000000000,1.000000000) 
rho=(0.007575757576,0.007575757576) contrib=(-0.01515151515,2.128373927E-78)
COSET 14 c=1 d=65 gcd=1 a0=(-1.000000000,1.000000000) 
rho=(0.007575757576,0.007575757576) contrib=(-0.01515151515,-1.277535493E-77)
COSET 14 c=1 d=66 gcd=1 a0=(-1.000000000,1.000000000) 
rho=(0.007575757576,0.007575757576) contrib=(-0.01515151515,7.363642203E-77)
COSET 14 c=1 d=67 gcd=1 a0=(-1.000000000,1.000000000) 
rho=(0.007575757576,0.007575757576) contrib=(-0.01515151515,6.319696260E-78)
COSET 14 c=1 d=68 gcd=1 a0=(-1.000000000,1.000000000) 
rho=(0.007575757576,0.007575757576) contrib=(-0.01515151515,-3.332612392E-79)
COSET 14 c=1 d=69 gcd=1 a0=(-1.000000000,1.000000000) 
rho=(0.007575757576,0.007575757576) contrib=(-0.01515151515,5.571391883E-79)
COSET 14 c=1 d=70 gcd=1 a0=(-1.000000000,1.000000000) 
rho=(0.007575757576,0.007575757576) contrib=(-0.01515151515,-4.947804901E-79)
COSET 14 c=1 d=71 gcd=1 a0=(-1.000000000,1.000000000) 
rho=(0.007575757576,0.007575757576) contrib=(-0.01515151515,-1.128590209E-77)
COSET 14 c=1 d=72 gcd=1 a0=(-1.000000000,1.000000000) 
rho=(0.007575757576,0.007575757576) contrib=(-0.01515151515,4.899758036E-78)
COSET 14 c=1 d=73 gcd=1 a0=(-1.000000000,1.000000000) 
rho=(0.007575757576,0.007575757576) contrib=(-0.01515151515,6.355475841E-78)
COSET 14 c=1 d=74 gcd=1 a0=(-1.000000000,1.000000000) 
rho=(0.007575757576,0.007575757576) contrib=(-0.01515151515,3.843749262E-79)
COSET 14 c=1 d=75 gcd=1 a0=(-1.000000000,1.000000000) 
rho=(0.007575757576,0.007575757576) contrib=(-0.01515151515,-6.389210875E-79)
COSET 14 c=1 d=76 gcd=1 a0=(-1.000000000,1.000000000) 
rho=(0.007575757576,0.007575757576) contrib=(-0.01515151515,-2.140641211E-78)
COSET 14 c=1 d=77 gcd=1 a0=(-1.000000000,1.000000000) 
rho=(0.007575757576,0.007575757576) contrib=(-0.01515151515,7.196807129E-79)
COSET 14 c=1 d=78 gcd=1 a0=(-1.000000000,1.000000000) 
rho=(0.007575757576,0.007575757576) contrib=(-0.01515151515,-5.636817402E-78)
COSET 14 c=1 d=79 gcd=1 a0=(-1.000000000,1.000000000) 
rho=(0.007575757576,0.007575757576) contrib=(-0.01515151515,2.291937725E-78)
COSET 14 c=1 d=80 gcd=1 a0=(-1.000000000,1.000000000) 
rho=(0.007575757576,0.007575757576) contrib=(-0.01515151515,-8.300862768E-79)
COSET 14 c=1 d=81 gcd=1 a0=(-1.000000000,1.000000000) 
rho=(0.007575757576,0.007575757576) contrib=(-0.01515151515,4.927359427E-79)
COSET 14 c=1 d=82 gcd=1 a0=(-1.000000000,1.000000000) 
rho=(0.007575757576,0.007575757576) contrib=(-0.01515151515,3.871350653E-78)
COSET 14 c=1 d=83 gcd=1 a0=(-1.000000000,1.000000000) 
rho=(0.007575757576,0.007575757576) contrib=(-0.01515151515,6.603888360E-79)
COSET 14 c=1 d=84 gcd=1 a0=(-1.000000000,1.000000000) 
rho=(0.007575757576,0.007575757576) contrib=(-0.01515151515,-1.806357699E-78)
COSET 14 c=1 d=85 gcd=1 a0=(-1.000000000,1.000000000) 
rho=(0.007575757576,0.007575757576) contrib=(-0.01515151515,8.607544891E-78)
COSET 14 c=1 d=86 gcd=1 a0=(-1.000000000,1.000000000) 
rho=(0.007575757576,0.007575757576) contrib=(-0.01515151515,-3.005484795E-79)
COSET 14 c=1 d=87 gcd=1 a0=(-1.000000000,1.000000000) 
rho=(0.007575757576,0.007575757576) contrib=(-0.01515151515,1.308510387E-79)
COSET 14 c=1 d=88 gcd=1 a0=(-1.000000000,1.000000000) 
rho=(0.007575757576,0.007575757576) contrib=(-0.01515151515,1.473096459E-78)
COSET 14 c=1 d=89 gcd=1 a0=(-1.000000000,1.000000000) 
rho=(0.007575757576,0.007575757576) contrib=(-0.01515151515,1.306465840E-78)
COSET 14 c=1 d=90 gcd=1 a0=(-1.000000000,1.000000000) 
rho=(0.007575757576,0.007575757576) contrib=(-0.01515151515,5.213596074E-79)
COSET 14 c=1 d=91 gcd=1 a0=(-1.000000000,1.000000000) 
rho=(0.007575757576,0.007575757576) contrib=(-0.01515151515,-6.110130144E-78)
COSET 14 c=1 d=92 gcd=1 a0=(-1.000000000,1.000000000) 
rho=(0.007575757576,0.007575757576) contrib=(-0.01515151515,-1.034541025E-78)
COSET 14 c=1 d=93 gcd=1 a0=(-1.000000000,1.000000000) 
rho=(0.007575757576,0.007575757576) contrib=(-0.01515151515,1.584524297E-79)
COSET 14 c=1 d=94 gcd=1 a0=(-1.000000000,1.000000000) 
rho=(0.007575757576,0.007575757576) contrib=(-0.01515151515,2.782629120E-78)
COSET 14 c=1 d=95 gcd=1 a0=(-1.000000000,1.000000000) 
rho=(0.007575757576,0.007575757576) contrib=(-0.01515151515,-5.973145463E-78)
COSET 14 c=1 d=96 gcd=1 a0=(-1.000000000,1.000000000) 
rho=(0.007575757576,0.007575757576) contrib=(-0.01515151515,-8.280417294E-80)
COSET 14 c=1 d=97 gcd=1 a0=(-1.000000000,1.000000000) 
rho=(0.007575757576,0.007575757576) contrib=(-0.01515151515,6.766429885E-78)
COSET 14 c=1 d=98 gcd=1 a0=(-1.000000000,1.000000000) 
rho=(0.007575757576,0.007575757576) contrib=(-0.01515151515,-1.091788354E-78)
COSET 14 c=1 d=99 gcd=1 a0=(-1.000000000,1.000000000) 
rho=(0.007575757576,0.007575757576) contrib=(-0.01515151515,-2.042502932E-78)
COSET 14 c=1 d=100 gcd=1 a0=(-1.000000000,1.000000000) 
rho=(0.007575757576,0.007575757576) contrib=(-0.01515151515,3.150647666E-78)
COSET 14 c=1 d=101 gcd=1 a0=(-1.000000000,1.000000000) 
rho=(0.007575757576,0.007575757576) contrib=(-0.01515151515,-7.903198283E-78)
COSET 14 c=1 d=102 gcd=1 a0=(-1.000000000,1.000000000) 
rho=(0.007575757576,0.007575757576) contrib=(-0.01515151515,1.083610164E-78)
COSET 14 c=1 d=103 gcd=1 a0=(-1.000000000,1.000000000) 
rho=(0.007575757576,0.007575757576) contrib=(-0.01515151515,7.739634485E-78)
COSET 14 c=1 d=104 gcd=1 a0=(-1.000000000,1.000000000) 
rho=(0.007575757576,0.007575757576) contrib=(-0.01515151515,-1.371891359E-78)
COSET 14 c=1 d=105 gcd=1 a0=(-1.000000000,1.000000000) 
rho=(0.007575757576,0.007575757576) contrib=(-0.01515151515,-5.713487932E-78)
COSET 14 c=1 d=106 gcd=1 a0=(-1.000000000,1.000000000) 
rho=(0.007575757576,0.007575757576) contrib=(-0.01515151515,-3.473686168E-78)
COSET 14 c=1 d=107 gcd=1 a0=(-1.000000000,1.000000000) 
rho=(0.007575757576,0.007575757576) contrib=(-0.01515151515,-9.803605166E-78)
COSET 14 c=1 d=108 gcd=1 a0=(-1.000000000,1.000000000) 
rho=(0.007575757576,0.007575757576) contrib=(-0.01515151515,7.762124508E-78)
COSET 14 c=1 d=109 gcd=1 a0=(-1.000000000,1.000000000) 
rho=(0.007575757576,0.007575757576) contrib=(-0.01515151515,-1.015117824E-77)
COSET 14 c=1 d=110 gcd=1 a0=(-1.000000000,1.000000000) 
rho=(0.007575757576,0.007575757576) contrib=(-0.01515151515,-2.044547480E-81)
COSET 14 c=1 d=111 gcd=1 a0=(-1.000000000,1.000000000) 
rho=(0.007575757576,0.007575757576) contrib=(-0.01515151515,-4.109540435E-78)
COSET 14 c=1 d=112 gcd=1 a0=(-1.000000000,1.000000000) 
rho=(0.007575757576,0.007575757576) contrib=(-0.01515151515,5.588770536E-78)
COSET 14 c=1 d=113 gcd=1 a0=(-1.000000000,1.000000000) 
rho=(0.007575757576,0.007575757576) contrib=(-0.01515151515,-2.044547480E-80)
COSET 14 c=1 d=114 gcd=1 a0=(-1.000000000,1.000000000) 
rho=(0.007575757576,0.007575757576) contrib=(-0.01515151515,-1.554878358E-78)
COSET 14 c=1 d=115 gcd=1 a0=(-1.000000000,1.000000000) 
rho=(0.007575757576,0.007575757576) contrib=(-0.01515151515,-1.344085513E-77)
COSET 14 c=1 d=116 gcd=1 a0=(-1.000000000,1.000000000) 
rho=(0.007575757576,0.007575757576) contrib=(-0.01515151515,4.550140416E-78)
COSET 14 c=1 d=117 gcd=1 a0=(-1.000000000,1.000000000) 
rho=(0.007575757576,0.007575757576) contrib=(-0.01515151515,4.262881496E-78)
COSET 14 c=1 d=118 gcd=1 a0=(-1.000000000,1.000000000) 
rho=(0.007575757576,0.007575757576) contrib=(-0.01515151515,-4.795486114E-78)
COSET 14 c=1 d=119 gcd=1 a0=(-1.000000000,1.000000000) 
rho=(0.007575757576,0.007575757576) contrib=(-0.01515151515,-4.372264786E-78)
COSET 14 c=1 d=120 gcd=1 a0=(-1.000000000,1.000000000) 
rho=(0.007575757576,0.007575757576) contrib=(-0.01515151515,4.353863859E-78)
COSET 14 c=1 d=121 gcd=1 a0=(-1.000000000,1.000000000) 
rho=(0.007575757576,0.007575757576) contrib=(-0.01515151515,1.122456566E-78)
COSET 14 c=1 d=122 gcd=1 a0=(-1.000000000,1.000000000) 
rho=(0.007575757576,0.007575757576) contrib=(-0.01515151515,4.273104233E-79)
COSET 14 c=1 d=123 gcd=1 a0=(-1.000000000,1.000000000) 
rho=(0.007575757576,0.007575757576) contrib=(-0.01515151515,-5.305600710E-79)
COSET 14 c=1 d=124 gcd=1 a0=(-1.000000000,1.000000000) 
rho=(0.007575757576,0.007575757576) contrib=(-0.01515151515,6.768474432E-78)
COSET 14 c=1 d=125 gcd=1 a0=(-1.000000000,1.000000000) 
rho=(0.007575757576,0.007575757576) contrib=(-0.01515151515,-3.875439748E-78)
COSET 14 c=1 d=126 gcd=1 a0=(-1.000000000,1.000000000) 
rho=(0.007575757576,0.007575757576) contrib=(-0.01515151515,-1.013277731E-77)
COSET 14 c=1 d=127 gcd=1 a0=(-1.000000000,1.000000000) 
rho=(0.007575757576,0.007575757576) contrib=(-0.01515151515,-3.177226784E-78)
COSET 14 c=1 d=128 gcd=1 a0=(-1.000000000,1.000000000) 
rho=(0.007575757576,0.007575757576) contrib=(-0.01515151515,-4.184166418E-78)
COSET 14 c=1 d=129 gcd=1 a0=(-1.000000000,1.000000000) 
rho=(0.007575757576,0.007575757576) contrib=(-0.01515151515,-6.082528753E-78)
COSET 14 c=1 d=130 gcd=1 a0=(-1.000000000,1.000000000) 
rho=(0.007575757576,0.007575757576) contrib=(-0.01515151515,1.382931915E-77)
COSET 14 c=1 d=131 gcd=1 a0=(-1.000000000,1.000000000) 
rho=(0.007575757576,0.007575757576) contrib=(-0.01515151515,-3.114563264E-73)
COSET 14 c=3 d=1 gcd=3 a0=(1.000000000,1.000000000) 
rho=(0.02272727273,-0.02272727273) contrib=(0.04545454546,-9.994088297E-73)
COSET 14 c=3 d=2 gcd=3 a0=(1.000000000,1.000000000) 
rho=(0.02272727273,-0.02272727273) contrib=(0.04545454546,-5.475896114E-73)
COSET 14 c=3 d=4 gcd=3 a0=(1.000000000,1.000000000) 
rho=(0.02272727273,-0.02272727273) contrib=(0.04545454546,-6.549167767E-73)
COSET 14 c=3 d=5 gcd=3 a0=(1.000000000,1.000000000) 
rho=(0.02272727273,-0.02272727273) contrib=(0.04545454546,-1.509614822E-72)
COSET 14 c=3 d=7 gcd=3 a0=(1.000000000,1.000000000) 
rho=(0.02272727273,-0.02272727273) contrib=(0.04545454546,-4.573463635E-73)
COSET 14 c=3 d=8 gcd=3 a0=(1.000000000,1.000000000) 
rho=(0.02272727273,-0.02272727273) contrib=(0.04545454546,-8.586172964E-73)
COSET 14 c=3 d=10 gcd=3 a0=(1.000000000,1.000000000) 
rho=(0.02272727273,-0.02272727273) contrib=(0.04545454546,-4.761386663E-73)
COSET 14 c=3 d=11 gcd=3 a0=(1.000000000,1.000000000) 
rho=(0.02272727273,-0.02272727273) contrib=(0.04545454546,-5.025684796E-73)
COSET 14 c=3 d=13 gcd=3 a0=(1.000000000,1.000000000) 
rho=(0.02272727273,-0.02272727273) contrib=(0.04545454546,-2.172772077E-72)
COSET 14 c=3 d=14 gcd=3 a0=(1.000000000,1.000000000) 
rho=(0.02272727273,-0.02272727273) contrib=(0.04545454546,-9.849377487E-73)
COSET 14 c=3 d=16 gcd=3 a0=(1.000000000,1.000000000) 
rho=(0.02272727273,-0.02272727273) contrib=(0.04545454546,-3.476777001E-72)
COSET 14 c=3 d=17 gcd=3 a0=(1.000000000,1.000000000) 
rho=(0.02272727273,-0.02272727273) contrib=(0.04545454546,1.828983505E-73)
COSET 14 c=3 d=19 gcd=3 a0=(1.000000000,1.000000000) 
rho=(0.02272727273,-0.02272727273) contrib=(0.04545454546,2.018715391E-72)
COSET 14 c=3 d=20 gcd=3 a0=(1.000000000,1.000000000) 
rho=(0.02272727273,-0.02272727273) contrib=(0.04545454546,2.956521648E-72)
COSET 14 c=3 d=22 gcd=3 a0=(1.000000000,1.000000000) 
rho=(0.02272727273,-0.02272727273) contrib=(0.04545454546,-2.041426945E-72)
COSET 14 c=3 d=23 gcd=3 a0=(1.000000000,1.000000000) 
rho=(0.02272727273,-0.02272727273) contrib=(0.04545454546,8.377045816E-72)
COSET 14 c=3 d=25 gcd=3 a0=(1.000000000,1.000000000) 
rho=(0.02272727273,-0.02272727273) contrib=(0.04545454546,2.435763822E-72)
COSET 14 c=3 d=26 gcd=3 a0=(1.000000000,1.000000000) 
rho=(0.02272727273,-0.02272727273) contrib=(0.04545454546,-8.141589311E-72)
COSET 14 c=3 d=28 gcd=3 a0=(1.000000000,1.000000000) 
rho=(0.02272727273,-0.02272727273) contrib=(0.04545454546,-3.352064446E-72)
COSET 14 c=3 d=29 gcd=3 a0=(1.000000000,1.000000000) 
rho=(0.02272727273,-0.02272727273) contrib=(0.04545454546,-1.143195069E-71)
COSET 14 c=3 d=31 gcd=3 a0=(1.000000000,1.000000000) 
rho=(0.02272727273,-0.02272727273) contrib=(0.04545454546,2.966671498E-72)
COSET 14 c=3 d=32 gcd=3 a0=(1.000000000,1.000000000) 
rho=(0.02272727273,-0.02272727273) contrib=(0.04545454546,-3.884077550E-72)
COSET 14 c=3 d=34 gcd=3 a0=(1.000000000,1.000000000) 
rho=(0.02272727273,-0.02272727273) contrib=(0.04545454546,-1.043485321E-71)
COSET 14 c=3 d=35 gcd=3 a0=(1.000000000,1.000000000) 
rho=(0.02272727273,-0.02272727273) contrib=(0.04545454546,-9.098087375E-72)
COSET 14 c=3 d=37 gcd=3 a0=(1.000000000,1.000000000) 
rho=(0.02272727273,-0.02272727273) contrib=(0.04545454546,2.019107316E-71)
COSET 14 c=3 d=38 gcd=3 a0=(1.000000000,1.000000000) 
rho=(0.02272727273,-0.02272727273) contrib=(0.04545454546,2.372955326E-72)
COSET 14 c=3 d=40 gcd=3 a0=(1.000000000,1.000000000) 
rho=(0.02272727273,-0.02272727273) contrib=(0.04545454546,2.983835805E-71)
COSET 14 c=3 d=41 gcd=3 a0=(1.000000000,1.000000000) 
rho=(0.02272727273,-0.02272727273) contrib=(0.04545454546,1.094244638E-71)
COSET 14 c=3 d=43 gcd=3 a0=(1.000000000,1.000000000) 
rho=(0.02272727273,-0.02272727273) contrib=(0.04545454546,1.015588299E-71)
COSET 14 c=3 d=44 gcd=3 a0=(1.000000000,1.000000000) 
rho=(0.02272727273,-0.02272727273) contrib=(0.04545454546,-2.146874876E-71)
COSET 14 c=3 d=47 gcd=3 a0=(1.000000000,1.000000000) 
rho=(0.02272727273,-0.02272727273) contrib=(0.04545454546,3.193284562E-71)
COSET 14 c=3 d=50 gcd=3 a0=(1.000000000,1.000000000) 
rho=(0.02272727273,-0.02272727273) contrib=(0.04545454546,-3.253218943E-71)
COSET 14 c=3 d=53 gcd=3 a0=(1.000000000,1.000000000) 
rho=(0.02272727273,-0.02272727273) contrib=(0.04545454546,1.686222274E-71)
COSET 14 c=3 d=56 gcd=3 a0=(1.000000000,1.000000000) 
rho=(0.02272727273,-0.02272727273) contrib=(0.04545454546,2.763021223E-71)
COSET 14 c=3 d=59 gcd=3 a0=(1.000000000,1.000000000) 
rho=(0.02272727273,-0.02272727273) contrib=(0.04545454546,-5.642122600E-71)
COSET 14 c=3 d=62 gcd=3 a0=(1.000000000,1.000000000) 
rho=(0.02272727273,-0.02272727273) contrib=(0.04545454546,3.400673199E-71)
COSET 14 c=3 d=65 gcd=3 a0=(1.000000000,1.000000000) 
rho=(0.02272727273,-0.02272727273) contrib=(0.04545454546,3.923852919E-71)
COSET 14 c=3 d=68 gcd=3 a0=(1.000000000,1.000000000) 
rho=(0.02272727273,-0.02272727273) contrib=(0.04545454546,3.298179779E-71)
COSET 14 c=3 d=71 gcd=3 a0=(1.000000000,1.000000000) 
rho=(0.02272727273,-0.02272727273) contrib=(0.04545454546,-1.829526144E-71)
COSET 14 c=3 d=74 gcd=3 a0=(1.000000000,1.000000000) 
rho=(0.02272727273,-0.02272727273) contrib=(0.04545454546,-3.003984771E-71)
COSET 14 c=3 d=77 gcd=3 a0=(1.000000000,1.000000000) 
rho=(0.02272727273,-0.02272727273) contrib=(0.04545454546,3.090972030E-71)
COSET 14 c=3 d=80 gcd=3 a0=(1.000000000,1.000000000) 
rho=(0.02272727273,-0.02272727273) contrib=(0.04545454546,-1.872537404E-71)
COSET 14 c=3 d=83 gcd=3 a0=(1.000000000,1.000000000) 
rho=(0.02272727273,-0.02272727273) contrib=(0.04545454546,-7.291996340E-71)
COSET 14 c=3 d=86 gcd=3 a0=(1.000000000,1.000000000) 
rho=(0.02272727273,-0.02272727273) contrib=(0.04545454546,-6.067260765E-71)
COSET 14 c=11 d=1 gcd=11 a0=(1.000000000,1.000000000) 
rho=(-4.827348310E-81,-3.525546594E-81) contrib=(-1.301801716E-81,-8.352894904E\
-81)
COSET 14 c=11 d=2 gcd=11 a0=(-1.000000000,-1.000000000) 
rho=(-1.955849136E-82,5.597394365E-81) contrib=(5.792979279E-81,-5.401809451E-8\
1)
COSET 14 c=11 d=3 gcd=11 a0=(1.000000000,1.000000000) 
rho=(3.113740367E-82,-2.200083554E-82) contrib=(5.313823921E-82,9.136568134E-83\
)
COSET 14 c=11 d=4 gcd=11 a0=(1.000000000,1.000000000) 
rho=(-4.230755094E-82,-5.611998174E-83) contrib=(-3.669555276E-82,-4.791954911E\
-82)
COSET 14 c=11 d=5 gcd=11 a0=(-1.000000000,-1.000000000) 
rho=(-3.121592963E-81,3.461233921E-81) contrib=(6.582826884E-81,-3.396409586E-8\
2)
COSET 14 c=11 d=6 gcd=11 a0=(-1.000000000,-1.000000000) 
rho=(-2.687318419E-81,4.597004104E-81) contrib=(7.284322523E-81,-1.909685686E-8\
1)
COSET 14 c=11 d=7 gcd=11 a0=(1.000000000,1.000000000) 
rho=(-4.835787122E-82,-6.522471119E-84) contrib=(-4.770562410E-82,-4.901011833E\
-82)
COSET 14 c=11 d=8 gcd=11 a0=(1.000000000,1.000000000) 
rho=(1.165623677E-82,-6.686220756E-82) contrib=(7.851844433E-82,-5.520597079E-8\
2)
COSET 14 c=11 d=9 gcd=11 a0=(1.000000000,1.000000000) 
rho=(3.744123278E-81,-2.124135400E-81) contrib=(5.868258678E-81,1.619987879E-81\
)
COSET 14 c=11 d=10 gcd=11 a0=(1.000000000,1.000000000) 
rho=(1.587194787E-81,3.747796293E-81) contrib=(-2.160601506E-81,5.334991080E-81\
)
COSET 14 c=11 d=12 gcd=11 a0=(1.000000000,1.000000000) 
rho=(-4.827348310E-81,-3.525546594E-81) contrib=(-1.301801716E-81,-8.352894904E\
-81)
COSET 14 c=11 d=23 gcd=11 a0=(1.000000000,1.000000000) 
rho=(-4.827348310E-81,-3.525546594E-81) contrib=(-1.301801716E-81,-8.352894904E\
-81)
COSET 14 c=33 d=1 gcd=33 a0=(1.000000000,-1.000000000) 
rho=(-2.465836072E-82,-2.228936112E-80) contrib=(-2.253594473E-80,-2.204277752E\
-80)
COSET 14 c=33 d=2 gcd=33 a0=(1.000000000,-1.000000000) 
rho=(-5.799662177E-81,4.405625243E-81) contrib=(-1.394036933E-81,1.020528742E-8\
0)
COSET 14 c=33 d=4 gcd=33 a0=(1.000000000,-1.000000000) 
rho=(-2.470511480E-81,1.057922529E-81) contrib=(-1.412588951E-81,3.528434010E-8\
1)
COSET 14 c=33 d=7 gcd=33 a0=(-1.000000000,1.000000000) 
rho=(-2.325073770E-81,-3.743678247E-82) contrib=(2.699441594E-81,-1.950705945E-\
81)
FORM 15:
  c_eta(0)[1] (trivial) = -4.01726376532E-69 + 1.66410510665E-69 i   (half: 
-2.00863188266E-69)
  c_eta(0)[2] = 6.00000000000 + 3.52536841383E-69 i   (half: 3.00000000000)
  c_eta(0)[3] = 6.00000000000 + 3.52536841384E-69 i   (half: 3.00000000000)
  c_eta(0)[4] = 6.00000000000 + 3.52536841388E-69 i   (half: 3.00000000000)
  c_eta(0)[5] = 6.00000000000 + 3.52536841381E-69 i   (half: 3.00000000000)
  c_eta(0)[6] = 6.00000000000 + 3.52536841388E-69 i   (half: 3.00000000000)
  c_eta(0)[7] = 6.00000000000 + 3.52536841390E-69 i   (half: 3.00000000000)
  c_eta(0)[8] = 6.00000000000 + 3.52536841388E-69 i   (half: 3.00000000000)
  c_eta(0)[9] = 6.00000000000 + 3.52536841384E-69 i   (half: 3.00000000000)
  c_eta(0)[10] = 6.00000000000 + 3.52536841373E-69 i   (half: 3.00000000000)
  c_eta(0)[11] = 6.00000000000 + 3.52536841384E-69 i   (half: 3.00000000000)
  c_eta(0)[12] = 6.00000000000 + 3.52536841375E-69 i   (half: 3.00000000000)
  c_eta(0)[13] = 6.00000000000 + 3.52536841384E-69 i   (half: 3.00000000000)
  c_eta(0)[14] = 6.00000000000 + 3.52536841388E-69 i   (half: 3.00000000000)
  c_eta(0)[15] = 6.00000000000 + 3.52536841379E-69 i   (half: 3.00000000000)
  c_eta(0)[16] = 6.00000000000 + 3.52536841395E-69 i   (half: 3.00000000000)
  c_eta(0)[17] = 6.00000000000 + 3.52536841408E-69 i   (half: 3.00000000000)
  c_eta(0)[18] = 6.00000000000 + 3.52536841394E-69 i   (half: 3.00000000000)
  c_eta(0)[19] = 6.00000000000 + 3.52536841391E-69 i   (half: 3.00000000000)
  c_eta(0)[20] = 6.00000000000 + 3.52536841392E-69 i   (half: 3.00000000000)
  c_eta(0)[21] = 6.00000000000 + 3.52536841394E-69 i   (half: 3.00000000000)
COSET 15 c=1 d=0 gcd=1 a0=(3.000000000,-3.000000000) 
rho=(0.007575757576,0.007575757576) contrib=(0.04545454546,2.036228500E-69)
COSET 15 c=1 d=1 gcd=1 a0=(3.000000000,-3.000000000) 
rho=(0.007575757576,0.007575757576) contrib=(0.04545454546,2.853782644E-74)
COSET 15 c=1 d=2 gcd=1 a0=(3.000000000,-3.000000000) 
rho=(0.007575757576,0.007575757576) contrib=(0.04545454546,4.543148064E-76)
COSET 15 c=1 d=3 gcd=1 a0=(3.000000000,-3.000000000) 
rho=(0.007575757576,0.007575757576) contrib=(0.04545454546,-2.695531397E-77)
COSET 15 c=1 d=4 gcd=1 a0=(3.000000000,-3.000000000) 
rho=(0.007575757576,0.007575757576) contrib=(0.04545454546,4.462020420E-77)
COSET 15 c=1 d=5 gcd=1 a0=(3.000000000,-3.000000000) 
rho=(0.007575757576,0.007575757576) contrib=(0.04545454546,-4.605956563E-77)
COSET 15 c=1 d=6 gcd=1 a0=(3.000000000,-3.000000000) 
rho=(0.007575757576,0.007575757576) contrib=(0.04545454546,-1.229999764E-77)
COSET 15 c=1 d=7 gcd=1 a0=(3.000000000,-3.000000000) 
rho=(0.007575757576,0.007575757576) contrib=(0.04545454546,-2.093616619E-77)
COSET 15 c=1 d=8 gcd=1 a0=(3.000000000,-3.000000000) 
rho=(0.007575757576,0.007575757576) contrib=(0.04545454546,1.177659348E-78)
COSET 15 c=1 d=9 gcd=1 a0=(3.000000000,-3.000000000) 
rho=(0.007575757576,0.007575757576) contrib=(0.04545454546,1.007552998E-77)
COSET 15 c=1 d=10 gcd=1 a0=(3.000000000,-3.000000000) 
rho=(0.007575757576,0.007575757576) contrib=(0.04545454546,-9.552125826E-78)
COSET 15 c=1 d=11 gcd=1 a0=(3.000000000,-3.000000000) 
rho=(0.007575757576,0.007575757576) contrib=(0.04545454546,-9.944678942E-78)
COSET 15 c=1 d=12 gcd=1 a0=(3.000000000,-3.000000000) 
rho=(0.007575757576,0.007575757576) contrib=(0.04545454546,1.674893296E-77)
COSET 15 c=1 d=13 gcd=1 a0=(3.000000000,-3.000000000) 
rho=(0.007575757576,0.007575757576) contrib=(0.04545454546,-1.164574245E-77)
COSET 15 c=1 d=14 gcd=1 a0=(3.000000000,-3.000000000) 
rho=(0.007575757576,0.007575757576) contrib=(0.04545454546,-8.897870632E-78)
COSET 15 c=1 d=15 gcd=1 a0=(3.000000000,-3.000000000) 
rho=(0.007575757576,0.007575757576) contrib=(0.04545454546,-1.164574245E-77)
COSET 15 c=1 d=16 gcd=1 a0=(3.000000000,-3.000000000) 
rho=(0.007575757576,0.007575757576) contrib=(0.04545454546,3.925531162E-78)
COSET 15 c=1 d=17 gcd=1 a0=(3.000000000,-3.000000000) 
rho=(0.007575757576,0.007575757576) contrib=(0.04545454546,-1.413191218E-77)
COSET 15 c=1 d=18 gcd=1 a0=(3.000000000,-3.000000000) 
rho=(0.007575757576,0.007575757576) contrib=(0.04545454546,-2.747871813E-78)
COSET 15 c=1 d=19 gcd=1 a0=(3.000000000,-3.000000000) 
rho=(0.007575757576,0.007575757576) contrib=(0.04545454546,-2.080531516E-77)
COSET 15 c=1 d=20 gcd=1 a0=(3.000000000,-3.000000000) 
rho=(0.007575757576,0.007575757576) contrib=(0.04545454546,2.106701723E-77)
COSET 15 c=1 d=21 gcd=1 a0=(3.000000000,-3.000000000) 
rho=(0.007575757576,0.007575757576) contrib=(0.04545454546,3.925531161E-77)
COSET 15 c=1 d=22 gcd=1 a0=(3.000000000,-3.000000000) 
rho=(0.007575757576,0.007575757576) contrib=(0.04545454546,7.222977337E-77)
COSET 15 c=1 d=23 gcd=1 a0=(3.000000000,-3.000000000) 
rho=(0.007575757576,0.007575757576) contrib=(0.04545454546,2.787127125E-77)
COSET 15 c=1 d=24 gcd=1 a0=(3.000000000,-3.000000000) 
rho=(0.007575757576,0.007575757576) contrib=(0.04545454546,2.617020774E-78)
COSET 15 c=1 d=25 gcd=1 a0=(3.000000000,-3.000000000) 
rho=(0.007575757576,0.007575757576) contrib=(0.04545454546,1.045499799E-76)
COSET 15 c=1 d=26 gcd=1 a0=(3.000000000,-3.000000000) 
rho=(0.007575757576,0.007575757576) contrib=(0.04545454546,-1.727233711E-77)
COSET 15 c=1 d=27 gcd=1 a0=(3.000000000,-3.000000000) 
rho=(0.007575757576,0.007575757576) contrib=(0.04545454546,4.409680005E-77)
COSET 15 c=1 d=28 gcd=1 a0=(3.000000000,-3.000000000) 
rho=(0.007575757576,0.007575757576) contrib=(0.04545454546,2.093616619E-77)
COSET 15 c=1 d=29 gcd=1 a0=(3.000000000,-3.000000000) 
rho=(0.007575757576,0.007575757576) contrib=(0.04545454546,6.163083923E-77)
COSET 15 c=1 d=30 gcd=1 a0=(3.000000000,-3.000000000) 
rho=(0.007575757576,0.007575757576) contrib=(0.04545454546,-6.477126416E-77)
COSET 15 c=1 d=31 gcd=1 a0=(3.000000000,-3.000000000) 
rho=(0.007575757576,0.007575757576) contrib=(0.04545454546,-5.548084042E-77)
COSET 15 c=1 d=32 gcd=1 a0=(3.000000000,-3.000000000) 
rho=(0.007575757576,0.007575757576) contrib=(0.04545454546,3.454467422E-77)
COSET 15 c=1 d=33 gcd=1 a0=(3.000000000,-3.000000000) 
rho=(0.007575757576,0.007575757576) contrib=(0.04545454546,-1.723308180E-76)
COSET 15 c=1 d=34 gcd=1 a0=(3.000000000,-3.000000000) 
rho=(0.007575757576,0.007575757576) contrib=(0.04545454546,4.553616147E-77)
COSET 15 c=1 d=35 gcd=1 a0=(3.000000000,-3.000000000) 
rho=(0.007575757576,0.007575757576) contrib=(0.04545454546,2.145957035E-76)
COSET 15 c=1 d=36 gcd=1 a0=(3.000000000,-3.000000000) 
rho=(0.007575757576,0.007575757576) contrib=(0.04545454546,3.060605795E-76)
COSET 15 c=1 d=37 gcd=1 a0=(3.000000000,-3.000000000) 
rho=(0.007575757576,0.007575757576) contrib=(0.04545454546,-7.209892233E-77)
COSET 15 c=1 d=38 gcd=1 a0=(3.000000000,-3.000000000) 
rho=(0.007575757576,0.007575757576) contrib=(0.04545454546,-5.220956445E-77)
COSET 15 c=1 d=39 gcd=1 a0=(3.000000000,-3.000000000) 
rho=(0.007575757576,0.007575757576) contrib=(0.04545454546,-6.908934844E-77)
COSET 15 c=1 d=40 gcd=1 a0=(3.000000000,-3.000000000) 
rho=(0.007575757576,0.007575757576) contrib=(0.04545454546,7.209892233E-77)
COSET 15 c=1 d=41 gcd=1 a0=(3.000000000,-3.000000000) 
rho=(0.007575757576,0.007575757576) contrib=(0.04545454546,9.172657814E-77)
COSET 15 c=1 d=42 gcd=1 a0=(3.000000000,-3.000000000) 
rho=(0.007575757576,0.007575757576) contrib=(0.04545454546,-1.168499776E-76)
COSET 15 c=1 d=43 gcd=1 a0=(3.000000000,-3.000000000) 
rho=(0.007575757576,0.007575757576) contrib=(0.04545454546,6.843509325E-77)
COSET 15 c=1 d=44 gcd=1 a0=(3.000000000,-3.000000000) 
rho=(0.007575757576,0.007575757576) contrib=(0.04545454546,-9.382019475E-77)
COSET 15 c=1 d=45 gcd=1 a0=(3.000000000,-3.000000000) 
rho=(0.007575757576,0.007575757576) contrib=(0.04545454546,-1.439361426E-78)
COSET 15 c=1 d=46 gcd=1 a0=(3.000000000,-3.000000000) 
rho=(0.007575757576,0.007575757576) contrib=(0.04545454546,3.310531279E-77)
COSET 15 c=1 d=47 gcd=1 a0=(3.000000000,-3.000000000) 
rho=(0.007575757576,0.007575757576) contrib=(0.04545454546,-7.301487960E-77)
COSET 15 c=1 d=48 gcd=1 a0=(3.000000000,-3.000000000) 
rho=(0.007575757576,0.007575757576) contrib=(0.04545454546,3.832626924E-76)
COSET 15 c=1 d=49 gcd=1 a0=(3.000000000,-3.000000000) 
rho=(0.007575757576,0.007575757576) contrib=(0.04545454546,-7.851062323E-78)
COSET 15 c=1 d=50 gcd=1 a0=(3.000000000,-3.000000000) 
rho=(0.007575757576,0.007575757576) contrib=(0.04545454546,2.512339943E-77)
COSET 15 c=1 d=51 gcd=1 a0=(3.000000000,-3.000000000) 
rho=(0.007575757576,0.007575757576) contrib=(0.04545454546,-5.234041549E-78)
COSET 15 c=1 d=52 gcd=1 a0=(3.000000000,-3.000000000) 
rho=(0.007575757576,0.007575757576) contrib=(0.04545454546,-3.454467422E-77)
COSET 15 c=1 d=53 gcd=1 a0=(3.000000000,-3.000000000) 
rho=(0.007575757576,0.007575757576) contrib=(0.04545454546,9.839998111E-77)
COSET 15 c=1 d=54 gcd=1 a0=(3.000000000,-3.000000000) 
rho=(0.007575757576,0.007575757576) contrib=(0.04545454546,-2.560754828E-76)
COSET 15 c=1 d=55 gcd=1 a0=(3.000000000,-3.000000000) 
rho=(0.007575757576,0.007575757576) contrib=(0.04545454546,1.744244346E-76)
COSET 15 c=1 d=56 gcd=1 a0=(3.000000000,-3.000000000) 
rho=(0.007575757576,0.007575757576) contrib=(0.04545454546,1.831914542E-78)
COSET 15 c=1 d=57 gcd=1 a0=(3.000000000,-3.000000000) 
rho=(0.007575757576,0.007575757576) contrib=(0.04545454546,8.439891997E-77)
COSET 15 c=1 d=58 gcd=1 a0=(3.000000000,-3.000000000) 
rho=(0.007575757576,0.007575757576) contrib=(0.04545454546,2.251946376E-76)
COSET 15 c=1 d=59 gcd=1 a0=(3.000000000,-3.000000000) 
rho=(0.007575757576,0.007575757576) contrib=(0.04545454546,-5.665849976E-77)
COSET 15 c=1 d=60 gcd=1 a0=(3.000000000,-3.000000000) 
rho=(0.007575757576,0.007575757576) contrib=(0.04545454546,1.583297568E-76)
COSET 15 c=1 d=61 gcd=1 a0=(3.000000000,-3.000000000) 
rho=(0.007575757576,0.007575757576) contrib=(0.04545454546,8.740849386E-77)
COSET 15 c=1 d=62 gcd=1 a0=(3.000000000,-3.000000000) 
rho=(0.007575757576,0.007575757576) contrib=(0.04545454546,-2.617020774E-78)
COSET 15 c=1 d=63 gcd=1 a0=(3.000000000,-3.000000000) 
rho=(0.007575757576,0.007575757576) contrib=(0.04545454546,3.115563232E-76)
COSET 15 c=1 d=64 gcd=1 a0=(3.000000000,-3.000000000) 
rho=(0.007575757576,0.007575757576) contrib=(0.04545454546,-2.297744240E-76)
COSET 15 c=1 d=65 gcd=1 a0=(3.000000000,-3.000000000) 
rho=(0.007575757576,0.007575757576) contrib=(0.04545454546,1.869861343E-75)
COSET 15 c=1 d=66 gcd=1 a0=(3.000000000,-3.000000000) 
rho=(0.007575757576,0.007575757576) contrib=(0.04545454546,-9.634300279E-75)
COSET 15 c=1 d=67 gcd=1 a0=(3.000000000,-3.000000000) 
rho=(0.007575757576,0.007575757576) contrib=(0.04545454546,-8.645328128E-76)
COSET 15 c=1 d=68 gcd=1 a0=(3.000000000,-3.000000000) 
rho=(0.007575757576,0.007575757576) contrib=(0.04545454546,-5.927552054E-77)
COSET 15 c=1 d=69 gcd=1 a0=(3.000000000,-3.000000000) 
rho=(0.007575757576,0.007575757576) contrib=(0.04545454546,-4.174148135E-77)
COSET 15 c=1 d=70 gcd=1 a0=(3.000000000,-3.000000000) 
rho=(0.007575757576,0.007575757576) contrib=(0.04545454546,3.022658994E-77)
COSET 15 c=1 d=71 gcd=1 a0=(3.000000000,-3.000000000) 
rho=(0.007575757576,0.007575757576) contrib=(0.04545454546,1.079913623E-75)
COSET 15 c=1 d=72 gcd=1 a0=(3.000000000,-3.000000000) 
rho=(0.007575757576,0.007575757576) contrib=(0.04545454546,-5.368818119E-76)
COSET 15 c=1 d=73 gcd=1 a0=(3.000000000,-3.000000000) 
rho=(0.007575757576,0.007575757576) contrib=(0.04545454546,-5.257594736E-76)
COSET 15 c=1 d=74 gcd=1 a0=(3.000000000,-3.000000000) 
rho=(0.007575757576,0.007575757576) contrib=(0.04545454546,-1.530957153E-77)
COSET 15 c=1 d=75 gcd=1 a0=(3.000000000,-3.000000000) 
rho=(0.007575757576,0.007575757576) contrib=(0.04545454546,9.839998111E-77)
COSET 15 c=1 d=76 gcd=1 a0=(3.000000000,-3.000000000) 
rho=(0.007575757576,0.007575757576) contrib=(0.04545454546,1.458989082E-76)
COSET 15 c=1 d=77 gcd=1 a0=(3.000000000,-3.000000000) 
rho=(0.007575757576,0.007575757576) contrib=(0.04545454546,-7.379998584E-77)
COSET 15 c=1 d=78 gcd=1 a0=(3.000000000,-3.000000000) 
rho=(0.007575757576,0.007575757576) contrib=(0.04545454546,3.896743933E-76)
COSET 15 c=1 d=79 gcd=1 a0=(3.000000000,-3.000000000) 
rho=(0.007575757576,0.007575757576) contrib=(0.04545454546,-1.159340203E-76)
COSET 15 c=1 d=80 gcd=1 a0=(3.000000000,-3.000000000) 
rho=(0.007575757576,0.007575757576) contrib=(0.04545454546,2.276808074E-77)
COSET 15 c=1 d=81 gcd=1 a0=(3.000000000,-3.000000000) 
rho=(0.007575757576,0.007575757576) contrib=(0.04545454546,-1.291499752E-76)
COSET 15 c=1 d=82 gcd=1 a0=(3.000000000,-3.000000000) 
rho=(0.007575757576,0.007575757576) contrib=(0.04545454546,-2.610478222E-76)
COSET 15 c=1 d=83 gcd=1 a0=(3.000000000,-3.000000000) 
rho=(0.007575757576,0.007575757576) contrib=(0.04545454546,-1.227382743E-76)
COSET 15 c=1 d=84 gcd=1 a0=(3.000000000,-3.000000000) 
rho=(0.007575757576,0.007575757576) contrib=(0.04545454546,-1.831914542E-77)
COSET 15 c=1 d=85 gcd=1 a0=(3.000000000,-3.000000000) 
rho=(0.007575757576,0.007575757576) contrib=(0.04545454546,-7.366913480E-76)
COSET 15 c=1 d=86 gcd=1 a0=(3.000000000,-3.000000000) 
rho=(0.007575757576,0.007575757576) contrib=(0.04545454546,2.473084632E-77)
COSET 15 c=1 d=87 gcd=1 a0=(3.000000000,-3.000000000) 
rho=(0.007575757576,0.007575757576) contrib=(0.04545454546,-1.753403919E-77)
COSET 15 c=1 d=88 gcd=1 a0=(3.000000000,-3.000000000) 
rho=(0.007575757576,0.007575757576) contrib=(0.04545454546,-2.231010210E-76)
COSET 15 c=1 d=89 gcd=1 a0=(3.000000000,-3.000000000) 
rho=(0.007575757576,0.007575757576) contrib=(0.04545454546,-9.800742800E-77)
COSET 15 c=1 d=90 gcd=1 a0=(3.000000000,-3.000000000) 
rho=(0.007575757576,0.007575757576) contrib=(0.04545454546,-1.564978423E-76)
COSET 15 c=1 d=91 gcd=1 a0=(3.000000000,-3.000000000) 
rho=(0.007575757576,0.007575757576) contrib=(0.04545454546,3.884967339E-76)
COSET 15 c=1 d=92 gcd=1 a0=(3.000000000,-3.000000000) 
rho=(0.007575757576,0.007575757576) contrib=(0.04545454546,3.284361072E-77)
COSET 15 c=1 d=93 gcd=1 a0=(3.000000000,-3.000000000) 
rho=(0.007575757576,0.007575757576) contrib=(0.04545454546,2.172127243E-77)
COSET 15 c=1 d=94 gcd=1 a0=(3.000000000,-3.000000000) 
rho=(0.007575757576,0.007575757576) contrib=(0.04545454546,-2.533276110E-76)
COSET 15 c=1 d=95 gcd=1 a0=(3.000000000,-3.000000000) 
rho=(0.007575757576,0.007575757576) contrib=(0.04545454546,8.407179238E-76)
COSET 15 c=1 d=96 gcd=1 a0=(3.000000000,-3.000000000) 
rho=(0.007575757576,0.007575757576) contrib=(0.04545454546,1.167191265E-76)
COSET 15 c=1 d=97 gcd=1 a0=(3.000000000,-3.000000000) 
rho=(0.007575757576,0.007575757576) contrib=(0.04545454546,-4.901679910E-76)
COSET 15 c=1 d=98 gcd=1 a0=(3.000000000,-3.000000000) 
rho=(0.007575757576,0.007575757576) contrib=(0.04545454546,3.084158982E-76)
COSET 15 c=1 d=99 gcd=1 a0=(3.000000000,-3.000000000) 
rho=(0.007575757576,0.007575757576) contrib=(0.04545454546,2.569914400E-76)
COSET 15 c=1 d=100 gcd=1 a0=(3.000000000,-3.000000000) 
rho=(0.007575757576,0.007575757576) contrib=(0.04545454546,-3.667754615E-76)
COSET 15 c=1 d=101 gcd=1 a0=(3.000000000,-3.000000000) 
rho=(0.007575757576,0.007575757576) contrib=(0.04545454546,4.896445869E-76)
COSET 15 c=1 d=102 gcd=1 a0=(3.000000000,-3.000000000) 
rho=(0.007575757576,0.007575757576) contrib=(0.04545454546,3.742339707E-77)
COSET 15 c=1 d=103 gcd=1 a0=(3.000000000,-3.000000000) 
rho=(0.007575757576,0.007575757576) contrib=(0.04545454546,-6.299169004E-76)
COSET 15 c=1 d=104 gcd=1 a0=(3.000000000,-3.000000000) 
rho=(0.007575757576,0.007575757576) contrib=(0.04545454546,3.637658876E-77)
COSET 15 c=1 d=105 gcd=1 a0=(3.000000000,-3.000000000) 
rho=(0.007575757576,0.007575757576) contrib=(0.04545454546,5.511445750E-76)
COSET 15 c=1 d=106 gcd=1 a0=(3.000000000,-3.000000000) 
rho=(0.007575757576,0.007575757576) contrib=(0.04545454546,3.955626900E-76)
COSET 15 c=1 d=107 gcd=1 a0=(3.000000000,-3.000000000) 
rho=(0.007575757576,0.007575757576) contrib=(0.04545454546,1.077820006E-75)
COSET 15 c=1 d=108 gcd=1 a0=(3.000000000,-3.000000000) 
rho=(0.007575757576,0.007575757576) contrib=(0.04545454546,-6.165700944E-76)
COSET 15 c=1 d=109 gcd=1 a0=(3.000000000,-3.000000000) 
rho=(0.007575757576,0.007575757576) contrib=(0.04545454546,7.569732589E-76)
COSET 15 c=1 d=110 gcd=1 a0=(3.000000000,-3.000000000) 
rho=(0.007575757576,0.007575757576) contrib=(0.04545454546,3.166595137E-77)
COSET 15 c=1 d=111 gcd=1 a0=(3.000000000,-3.000000000) 
rho=(0.007575757576,0.007575757576) contrib=(0.04545454546,2.969010068E-76)
COSET 15 c=1 d=112 gcd=1 a0=(3.000000000,-3.000000000) 
rho=(0.007575757576,0.007575757576) contrib=(0.04545454546,-4.930467139E-76)
COSET 15 c=1 d=113 gcd=1 a0=(3.000000000,-3.000000000) 
rho=(0.007575757576,0.007575757576) contrib=(0.04545454546,-2.198297450E-77)
COSET 15 c=1 d=114 gcd=1 a0=(3.000000000,-3.000000000) 
rho=(0.007575757576,0.007575757576) contrib=(0.04545454546,9.146487606E-77)
COSET 15 c=1 d=115 gcd=1 a0=(3.000000000,-3.000000000) 
rho=(0.007575757576,0.007575757576) contrib=(0.04545454546,9.522030087E-76)
COSET 15 c=1 d=116 gcd=1 a0=(3.000000000,-3.000000000) 
rho=(0.007575757576,0.007575757576) contrib=(0.04545454546,-5.016828824E-76)
COSET 15 c=1 d=117 gcd=1 a0=(3.000000000,-3.000000000) 
rho=(0.007575757576,0.007575757576) contrib=(0.04545454546,-3.187531303E-76)
COSET 15 c=1 d=118 gcd=1 a0=(3.000000000,-3.000000000) 
rho=(0.007575757576,0.007575757576) contrib=(0.04545454546,2.494020798E-76)
COSET 15 c=1 d=119 gcd=1 a0=(3.000000000,-3.000000000) 
rho=(0.007575757576,0.007575757576) contrib=(0.04545454546,-4.732882070E-76)
COSET 15 c=1 d=120 gcd=1 a0=(3.000000000,-3.000000000) 
rho=(0.007575757576,0.007575757576) contrib=(0.04545454546,-4.880743744E-76)
COSET 15 c=1 d=121 gcd=1 a0=(3.000000000,-3.000000000) 
rho=(0.007575757576,0.007575757576) contrib=(0.04545454546,-3.536903576E-76)
COSET 15 c=1 d=122 gcd=1 a0=(3.000000000,-3.000000000) 
rho=(0.007575757576,0.007575757576) contrib=(0.04545454546,3.336701487E-77)
COSET 15 c=1 d=123 gcd=1 a0=(3.000000000,-3.000000000) 
rho=(0.007575757576,0.007575757576) contrib=(0.04545454546,-1.122701912E-76)
COSET 15 c=1 d=124 gcd=1 a0=(3.000000000,-3.000000000) 
rho=(0.007575757576,0.007575757576) contrib=(0.04545454546,-3.754116301E-76)
COSET 15 c=1 d=125 gcd=1 a0=(3.000000000,-3.000000000) 
rho=(0.007575757576,0.007575757576) contrib=(0.04545454546,3.285669582E-76)
COSET 15 c=1 d=126 gcd=1 a0=(3.000000000,-3.000000000) 
rho=(0.007575757576,0.007575757576) contrib=(0.04545454546,8.061732495E-76)
COSET 15 c=1 d=127 gcd=1 a0=(3.000000000,-3.000000000) 
rho=(0.007575757576,0.007575757576) contrib=(0.04545454546,4.082552408E-77)
COSET 15 c=1 d=128 gcd=1 a0=(3.000000000,-3.000000000) 
rho=(0.007575757576,0.007575757576) contrib=(0.04545454546,7.394392198E-76)
COSET 15 c=1 d=129 gcd=1 a0=(3.000000000,-3.000000000) 
rho=(0.007575757576,0.007575757576) contrib=(0.04545454546,8.244923949E-76)
COSET 15 c=1 d=130 gcd=1 a0=(3.000000000,-3.000000000) 
rho=(0.007575757576,0.007575757576) contrib=(0.04545454546,-1.321857193E-75)
COSET 15 c=1 d=131 gcd=1 a0=(3.000000000,-3.000000000) 
rho=(0.007575757576,0.007575757576) contrib=(0.04545454546,4.394786801E-71)
COSET 15 c=3 d=1 gcd=3 a0=(1.000000000,1.000000000) 
rho=(0.02272727273,-0.02272727273) contrib=(0.04545454546,-4.754553096E-71)
COSET 15 c=3 d=2 gcd=3 a0=(1.000000000,1.000000000) 
rho=(0.02272727273,-0.02272727273) contrib=(0.04545454546,-2.758187480E-71)
COSET 15 c=3 d=4 gcd=3 a0=(1.000000000,1.000000000) 
rho=(0.02272727273,-0.02272727273) contrib=(0.04545454546,-2.646920969E-71)
COSET 15 c=3 d=5 gcd=3 a0=(1.000000000,1.000000000) 
rho=(0.02272727273,-0.02272727273) contrib=(0.04545454546,-7.109479867E-71)
COSET 15 c=3 d=7 gcd=3 a0=(1.000000000,1.000000000) 
rho=(0.02272727273,-0.02272727273) contrib=(0.04545454546,-1.719807234E-71)
COSET 15 c=3 d=8 gcd=3 a0=(1.000000000,1.000000000) 
rho=(0.02272727273,-0.02272727273) contrib=(0.04545454546,-3.275287337E-71)
COSET 15 c=3 d=10 gcd=3 a0=(1.000000000,1.000000000) 
rho=(0.02272727273,-0.02272727273) contrib=(0.04545454546,-2.519575482E-71)
COSET 15 c=3 d=11 gcd=3 a0=(1.000000000,1.000000000) 
rho=(0.02272727273,-0.02272727273) contrib=(0.04545454546,-3.165950303E-71)
COSET 15 c=3 d=13 gcd=3 a0=(1.000000000,1.000000000) 
rho=(0.02272727273,-0.02272727273) contrib=(0.04545454546,-9.544479938E-71)
COSET 15 c=3 d=14 gcd=3 a0=(1.000000000,1.000000000) 
rho=(0.02272727273,-0.02272727273) contrib=(0.04545454546,-4.054152917E-71)
COSET 15 c=3 d=16 gcd=3 a0=(1.000000000,1.000000000) 
rho=(0.02272727273,-0.02272727273) contrib=(0.04545454546,-1.762770257E-70)
COSET 15 c=3 d=17 gcd=3 a0=(1.000000000,1.000000000) 
rho=(0.02272727273,-0.02272727273) contrib=(0.04545454546,5.473283310E-72)
COSET 15 c=3 d=19 gcd=3 a0=(1.000000000,1.000000000) 
rho=(0.02272727273,-0.02272727273) contrib=(0.04545454546,3.592686316E-71)
COSET 15 c=3 d=20 gcd=3 a0=(1.000000000,1.000000000) 
rho=(0.02272727273,-0.02272727273) contrib=(0.04545454546,1.174311907E-70)
COSET 15 c=3 d=22 gcd=3 a0=(1.000000000,1.000000000) 
rho=(0.02272727273,-0.02272727273) contrib=(0.04545454546,-8.704514251E-71)
COSET 15 c=3 d=23 gcd=3 a0=(1.000000000,1.000000000) 
rho=(0.02272727273,-0.02272727273) contrib=(0.04545454546,3.217660289E-70)
COSET 15 c=3 d=25 gcd=3 a0=(1.000000000,1.000000000) 
rho=(0.02272727273,-0.02272727273) contrib=(0.04545454546,1.666585825E-70)
COSET 15 c=3 d=26 gcd=3 a0=(1.000000000,1.000000000) 
rho=(0.02272727273,-0.02272727273) contrib=(0.04545454546,-2.640843117E-70)
COSET 15 c=3 d=28 gcd=3 a0=(1.000000000,1.000000000) 
rho=(0.02272727273,-0.02272727273) contrib=(0.04545454546,-1.132152833E-70)
COSET 15 c=3 d=29 gcd=3 a0=(1.000000000,1.000000000) 
rho=(0.02272727273,-0.02272727273) contrib=(0.04545454546,-4.593827655E-70)
COSET 15 c=3 d=31 gcd=3 a0=(1.000000000,1.000000000) 
rho=(0.02272727273,-0.02272727273) contrib=(0.04545454546,1.466434736E-70)
COSET 15 c=3 d=32 gcd=3 a0=(1.000000000,1.000000000) 
rho=(0.02272727273,-0.02272727273) contrib=(0.04545454546,-1.949511480E-70)
COSET 15 c=3 d=34 gcd=3 a0=(1.000000000,1.000000000) 
rho=(0.02272727273,-0.02272727273) contrib=(0.04545454546,-4.862443022E-70)
COSET 15 c=3 d=35 gcd=3 a0=(1.000000000,1.000000000) 
rho=(0.02272727273,-0.02272727273) contrib=(0.04545454546,-3.785473234E-70)
COSET 15 c=3 d=37 gcd=3 a0=(1.000000000,1.000000000) 
rho=(0.02272727273,-0.02272727273) contrib=(0.04545454546,8.146734586E-70)
COSET 15 c=3 d=38 gcd=3 a0=(1.000000000,1.000000000) 
rho=(0.02272727273,-0.02272727273) contrib=(0.04545454546,2.741593978E-70)
COSET 15 c=3 d=40 gcd=3 a0=(1.000000000,1.000000000) 
rho=(0.02272727273,-0.02272727273) contrib=(0.04545454546,1.110147146E-69)
COSET 15 c=3 d=41 gcd=3 a0=(1.000000000,1.000000000) 
rho=(0.02272727273,-0.02272727273) contrib=(0.04545454546,2.300322571E-70)
COSET 15 c=3 d=43 gcd=3 a0=(1.000000000,1.000000000) 
rho=(0.02272727273,-0.02272727273) contrib=(0.04545454546,3.462189350E-70)
COSET 15 c=3 d=44 gcd=3 a0=(1.000000000,1.000000000) 
rho=(0.02272727273,-0.02272727273) contrib=(0.04545454546,-6.874437402E-70)
COSET 15 c=3 d=47 gcd=3 a0=(1.000000000,1.000000000) 
rho=(0.02272727273,-0.02272727273) contrib=(0.04545454546,1.447374718E-69)
COSET 15 c=3 d=50 gcd=3 a0=(1.000000000,1.000000000) 
rho=(0.02272727273,-0.02272727273) contrib=(0.04545454546,-1.098274431E-69)
COSET 15 c=3 d=53 gcd=3 a0=(1.000000000,1.000000000) 
rho=(0.02272727273,-0.02272727273) contrib=(0.04545454546,9.390282562E-70)
COSET 15 c=3 d=56 gcd=3 a0=(1.000000000,1.000000000) 
rho=(0.02272727273,-0.02272727273) contrib=(0.04545454546,1.179550437E-69)
COSET 15 c=3 d=59 gcd=3 a0=(1.000000000,1.000000000) 
rho=(0.02272727273,-0.02272727273) contrib=(0.04545454546,-1.851156386E-69)
COSET 15 c=3 d=62 gcd=3 a0=(1.000000000,1.000000000) 
rho=(0.02272727273,-0.02272727273) contrib=(0.04545454546,1.483549198E-69)
COSET 15 c=3 d=65 gcd=3 a0=(1.000000000,1.000000000) 
rho=(0.02272727273,-0.02272727273) contrib=(0.04545454546,1.428288974E-69)
COSET 15 c=3 d=68 gcd=3 a0=(1.000000000,1.000000000) 
rho=(0.02272727273,-0.02272727273) contrib=(0.04545454546,1.585943330E-69)
COSET 15 c=3 d=71 gcd=3 a0=(1.000000000,1.000000000) 
rho=(0.02272727273,-0.02272727273) contrib=(0.04545454546,-6.318394266E-70)
COSET 15 c=3 d=74 gcd=3 a0=(1.000000000,1.000000000) 
rho=(0.02272727273,-0.02272727273) contrib=(0.04545454546,-1.351933135E-69)
COSET 15 c=3 d=77 gcd=3 a0=(1.000000000,1.000000000) 
rho=(0.02272727273,-0.02272727273) contrib=(0.04545454546,1.395870544E-69)
COSET 15 c=3 d=80 gcd=3 a0=(1.000000000,1.000000000) 
rho=(0.02272727273,-0.02272727273) contrib=(0.04545454546,-6.313088204E-70)
COSET 15 c=3 d=83 gcd=3 a0=(1.000000000,1.000000000) 
rho=(0.02272727273,-0.02272727273) contrib=(0.04545454546,-2.494691660E-69)
COSET 15 c=3 d=86 gcd=3 a0=(1.000000000,1.000000000) 
rho=(0.02272727273,-0.02272727273) contrib=(0.04545454546,-2.537336319E-69)
COSET 15 c=4 d=1 gcd=4 a0=(-4.000000000,-3.508943930E-70) 
rho=(0.03030303030,-1.788979045E-81) contrib=(-0.1212121212,-1.063316342E-71)
COSET 15 c=4 d=3 gcd=4 a0=(-4.237613559E-70,-4.000000000) 
rho=(2.939037002E-81,-0.03030303030) contrib=(-0.1212121212,1.284125320E-71)
COSET 15 c=4 d=5 gcd=4 a0=(-4.000000000,2.663927748E-70) 
rho=(0.03030303030,-1.788979045E-81) contrib=(-0.1212121212,8.072508334E-72)
COSET 15 c=4 d=7 gcd=4 a0=(3.553506056E-69,-4.000000000) 
rho=(2.939037002E-81,-0.03030303030) contrib=(-0.1212121212,-1.076820017E-70)
COSET 15 c=4 d=9 gcd=4 a0=(-4.000000000,-4.446256768E-70) 
rho=(0.03030303030,-1.788979045E-81) contrib=(-0.1212121212,-1.347350535E-71)
COSET 15 c=4 d=11 gcd=4 a0=(-2.789780646E-69,-4.000000000) 
rho=(2.939037002E-81,-0.03030303030) contrib=(-0.1212121212,8.453880745E-71)
COSET 15 c=4 d=13 gcd=4 a0=(-4.000000000,7.566808899E-70) 
rho=(0.03030303030,-1.788979045E-81) contrib=(-0.1212121212,2.292972394E-71)
COSET 15 c=4 d=15 gcd=4 a0=(-1.048182753E-68,-4.000000000) 
rho=(2.939037002E-81,-0.03030303030) contrib=(-0.1212121212,3.176311374E-70)
COSET 15 c=4 d=17 gcd=4 a0=(-4.000000000,1.444956545E-69) 
rho=(0.03030303030,-1.788979045E-81) contrib=(-0.1212121212,4.378656198E-71)
COSET 15 c=4 d=19 gcd=4 a0=(4.504117992E-70,-4.000000000) 
rho=(2.939037002E-81,-0.03030303030) contrib=(-0.1212121212,-1.364884241E-71)
COSET 15 c=4 d=21 gcd=4 a0=(-4.000000000,-1.397186884E-69) 
rho=(0.03030303030,-1.788979045E-81) contrib=(-0.1212121212,-4.233899649E-71)
COSET 15 c=4 d=23 gcd=4 a0=(6.428269249E-69,-4.000000000) 
rho=(2.939037002E-81,-0.03030303030) contrib=(-0.1212121212,-1.947960378E-70)
COSET 15 c=4 d=25 gcd=4 a0=(-4.000000000,1.006924013E-68) 
rho=(0.03030303030,-1.788979045E-81) contrib=(-0.1212121212,3.051284887E-70)
COSET 15 c=4 d=27 gcd=4 a0=(1.731253242E-69,-4.000000000) 
rho=(2.939037002E-81,-0.03030303030) contrib=(-0.1212121212,-5.246221948E-71)
COSET 15 c=4 d=29 gcd=4 a0=(-4.000000000,2.500398259E-70) 
rho=(0.03030303030,-1.788979045E-81) contrib=(-0.1212121212,7.576964429E-72)
COSET 15 c=4 d=31 gcd=4 a0=(6.841161062E-69,-4.000000000) 
rho=(2.939037002E-81,-0.03030303030) contrib=(-0.1212121212,-2.073079110E-70)
COSET 15 c=4 d=33 gcd=4 a0=(-4.000000000,-4.365586371E-69) 
rho=(0.03030303030,-1.788979045E-81) contrib=(-0.1212121212,-1.322904961E-70)
COSET 15 c=4 d=35 gcd=4 a0=(1.487598480E-68,-4.000000000) 
rho=(2.939037002E-81,-0.03030303030) contrib=(-0.1212121212,-4.507874184E-70)
COSET 15 c=4 d=37 gcd=4 a0=(-4.000000000,3.874387979E-69) 
rho=(0.03030303030,-1.788979045E-81) contrib=(-0.1212121212,1.174056963E-70)
COSET 15 c=4 d=39 gcd=4 a0=(-1.228870478E-70,-4.000000000) 
rho=(2.939037002E-81,-0.03030303030) contrib=(-0.1212121212,3.723849920E-72)
COSET 15 c=4 d=41 gcd=4 a0=(-4.000000000,-2.046989145E-68) 
rho=(0.03030303030,-1.788979045E-81) contrib=(-0.1212121212,-6.202997410E-70)
COSET 15 c=4 d=43 gcd=4 a0=(1.326273521E-69,-4.000000000) 
rho=(2.939037002E-81,-0.03030303030) contrib=(-0.1212121212,-4.019010670E-71)
COSET 15 c=4 d=45 gcd=4 a0=(-4.000000000,-2.395649993E-69) 
rho=(0.03030303030,-1.788979045E-81) contrib=(-0.1212121212,-7.259545434E-71)
COSET 15 c=4 d=47 gcd=4 a0=(1.506556148E-68,-4.000000000) 
rho=(2.939037002E-81,-0.03030303030) contrib=(-0.1212121212,-4.565321660E-70)
COSET 15 c=4 d=49 gcd=4 a0=(-4.000000000,-4.389007044E-69) 
rho=(0.03030303030,-1.788979045E-81) contrib=(-0.1212121212,-1.330002134E-70)
COSET 15 c=4 d=51 gcd=4 a0=(-4.552043437E-69,-4.000000000) 
rho=(2.939037002E-81,-0.03030303030) contrib=(-0.1212121212,1.379407102E-70)
COSET 15 c=4 d=53 gcd=4 a0=(-4.000000000,-4.349871302E-68) 
rho=(0.03030303030,-1.788979045E-81) contrib=(-0.1212121212,-1.318142819E-69)
COSET 15 c=4 d=55 gcd=4 a0=(-6.882631877E-68,-4.000000000) 
rho=(2.939037002E-81,-0.03030303030) contrib=(-0.1212121212,2.085646023E-69)
COSET 15 c=4 d=57 gcd=4 a0=(-4.000000000,2.544831185E-68) 
rho=(0.03030303030,-1.788979045E-81) contrib=(-0.1212121212,7.711609650E-70)
COSET 15 c=4 d=59 gcd=4 a0=(-3.720512107E-69,-4.000000000) 
rho=(2.939037002E-81,-0.03030303030) contrib=(-0.1212121212,1.127427911E-70)
COSET 15 c=4 d=61 gcd=4 a0=(-4.000000000,1.199577995E-68) 
rho=(0.03030303030,-1.788979045E-81) contrib=(-0.1212121212,3.635084832E-70)
COSET 15 c=4 d=63 gcd=4 a0=(7.718679021E-69,-4.000000000) 
rho=(2.939037002E-81,-0.03030303030) contrib=(-0.1212121212,-2.338993643E-70)
COSET 15 c=4 d=65 gcd=4 a0=(-4.000000000,6.476652681E-68) 
rho=(0.03030303030,-1.788979045E-81) contrib=(-0.1212121212,1.962622025E-69)
COSET 15 c=11 d=1 gcd=11 a0=(-1.000000000,-1.000000000) 
rho=(-4.827348310E-81,-3.525546594E-81) contrib=(1.301801716E-81,8.352894904E-8\
1)
COSET 15 c=11 d=2 gcd=11 a0=(1.000000000,1.000000000) 
rho=(-1.955849136E-82,5.597394365E-81) contrib=(-5.792979279E-81,5.401809451E-8\
1)
COSET 15 c=11 d=3 gcd=11 a0=(-1.000000000,-1.000000000) 
rho=(3.113740367E-82,-2.200083554E-82) contrib=(-5.313823921E-82,-9.136568134E-\
83)
COSET 15 c=11 d=4 gcd=11 a0=(-1.000000000,-1.000000000) 
rho=(-4.230755094E-82,-5.611998174E-83) contrib=(3.669555276E-82,4.791954911E-8\
2)
COSET 15 c=11 d=5 gcd=11 a0=(1.000000000,1.000000000) 
rho=(-3.121592963E-81,3.461233921E-81) contrib=(-6.582826884E-81,3.396409586E-8\
2)
COSET 15 c=11 d=6 gcd=11 a0=(1.000000000,1.000000000) 
rho=(-2.687318419E-81,4.597004104E-81) contrib=(-7.284322523E-81,1.909685686E-8\
1)
COSET 15 c=11 d=7 gcd=11 a0=(-1.000000000,-1.000000000) 
rho=(-4.835787122E-82,-6.522471119E-84) contrib=(4.770562410E-82,4.901011833E-8\
2)
COSET 15 c=11 d=8 gcd=11 a0=(-1.000000000,-1.000000000) 
rho=(1.165623677E-82,-6.686220756E-82) contrib=(-7.851844433E-82,5.520597079E-8\
2)
COSET 15 c=11 d=9 gcd=11 a0=(-1.000000000,-1.000000000) 
rho=(3.744123278E-81,-2.124135400E-81) contrib=(-5.868258678E-81,-1.619987879E-\
81)
COSET 15 c=11 d=10 gcd=11 a0=(-1.000000000,-1.000000000) 
rho=(1.587194787E-81,3.747796293E-81) contrib=(2.160601506E-81,-5.334991080E-81\
)
COSET 15 c=11 d=12 gcd=11 a0=(-1.000000000,-1.000000000) 
rho=(-4.827348310E-81,-3.525546594E-81) contrib=(1.301801716E-81,8.352894904E-8\
1)
COSET 15 c=11 d=23 gcd=11 a0=(-1.000000000,-1.000000000) 
rho=(-4.827348310E-81,-3.525546594E-81) contrib=(1.301801716E-81,8.352894904E-8\
1)
COSET 15 c=12 d=1 gcd=12 a0=(-2.000000000,4.723926808E-72) 
rho=(-0.09090909091,1.073387427E-80) contrib=(0.1818181818,-4.294479131E-73)
COSET 15 c=12 d=5 gcd=12 a0=(2.000000000,8.689467193E-72) 
rho=(0.09090909091,-1.022273740E-81) contrib=(0.1818181818,7.899515610E-73)
COSET 15 c=12 d=7 gcd=12 a0=(-3.998452933E-72,-2.000000000) 
rho=(-4.600231830E-81,0.09090909091) contrib=(0.1818181818,-3.634957120E-73)
COSET 15 c=12 d=11 gcd=12 a0=(-4.079974580E-72,-2.000000000) 
rho=(-9.711600529E-81,0.09090909091) contrib=(0.1818181818,-3.709067605E-73)
COSET 15 c=12 d=13 gcd=12 a0=(-2.000000000,-4.149409455E-71) 
rho=(-0.09090909091,1.073387427E-80) contrib=(0.1818181818,3.772190392E-72)
COSET 15 c=12 d=17 gcd=12 a0=(2.000000000,-1.209886520E-71) 
rho=(0.09090909091,-1.022273740E-81) contrib=(0.1818181818,-1.099896838E-72)
COSET 15 c=12 d=19 gcd=12 a0=(-6.145311438E-71,-2.000000000) 
rho=(-4.600231830E-81,0.09090909091) contrib=(0.1818181818,-5.586646753E-72)
COSET 15 c=12 d=25 gcd=12 a0=(-2.000000000,2.180669588E-72) 
rho=(-0.09090909091,1.073387427E-80) contrib=(0.1818181818,-1.982427113E-73)
COSET 15 c=12 d=31 gcd=12 a0=(9.373398775E-71,-2.000000000) 
rho=(-4.600231830E-81,0.09090909091) contrib=(0.1818181818,8.521271623E-72)
COSET 15 c=12 d=37 gcd=12 a0=(-2.000000000,8.707256809E-71) 
rho=(-0.09090909091,1.073387427E-80) contrib=(0.1818181818,-7.915688030E-72)
COSET 15 c=12 d=43 gcd=12 a0=(2.348862321E-70,-2.000000000) 
rho=(-4.600231830E-81,0.09090909091) contrib=(0.1818181818,2.135329384E-71)
COSET 15 c=33 d=1 gcd=33 a0=(-1.000000000,1.000000000) 
rho=(-2.465836072E-82,-2.228936112E-80) contrib=(2.253594473E-80,2.204277752E-8\
0)
COSET 15 c=33 d=2 gcd=33 a0=(-1.000000000,1.000000000) 
rho=(-5.799662177E-81,4.405625243E-81) contrib=(1.394036933E-81,-1.020528742E-8\
0)
COSET 15 c=33 d=4 gcd=33 a0=(-1.000000000,1.000000000) 
rho=(-2.470511480E-81,1.057922529E-81) contrib=(1.412588951E-81,-3.528434010E-8\
1)
COSET 15 c=33 d=7 gcd=33 a0=(1.000000000,-1.000000000) 
rho=(-2.325073770E-81,-3.743678247E-82) contrib=(-2.699441594E-81,1.950705945E-\
81)
COSET 15 c=44 d=1 gcd=44 a0=(-6.000000000,1.165159051E-68) 
rho=(2.069655082E-80,-9.149050478E-81) contrib=(-1.241793049E-79,5.489430287E-8\
0)
COSET 15 c=44 d=3 gcd=44 a0=(2.529833532E-68,-6.000000000) 
rho=(1.976853355E-81,6.016606980E-82) contrib=(3.609964188E-81,-1.186112013E-80\
)
COSET 15 c=44 d=5 gcd=44 a0=(-6.000000000,8.362780846E-69) 
rho=(-5.081419274E-81,-8.585502113E-83) contrib=(3.048851564E-80,5.151301268E-8\
2)
