BASE 21 2  M = 84  ds = [ 1, 2, 3, 4, 6, 7, 12, 14, 21, 28, 42, 84 ]
#isotropic = 3 (2N-1 = 3)
#cosets = 192
#monomials = 101
MONO 1 [ -10, 7, 4, 0, -3, 8, 1, -5, -4, 1, 6, -4 ]
MONO 2 [ -9, 2, -1, 2, 9, 7, -4, -4, -3, 1, 4, -3 ]
MONO 3 [ -9, 4, 2, 0, 0, 4, 0, 0, 1, 0, 1, -2 ]
MONO 4 [ -9, 4, 3, 0, -1, 5, 0, 1, -1, 0, 1, -2 ]
MONO 5 [ -9, 5, 3, -1, -1, 5, 2, -1, -1, 0, 2, -3 ]
MONO 6 [ -9, 6, 3, 0, -1, 5, 0, -1, -1, 0, 1, -2 ]
MONO 7 [ -8, 3, 2, 0, 2, 6, 0, -2, -2, 0, 2, -2 ]
MONO 8 [ -8, 5, 2, -1, 1, 6, 0, -3, -2, 2, 2, -3 ]
MONO 9 [ -8, 8, 2, -2, -1, 6, 0, -3, -2, 0, 1, 0 ]
MONO 10 [ -7, 3, 1, 1, 2, 7, -1, -4, -3, 1, 4, -3 ]
MONO 11 [ -6, 3, 1, 0, 1, 5, 0, -1, -2, 0, 2, -2 ]
MONO 12 [ -4, 4, 2, 0, -2, 2, 1, -2, -2, 1, 5, -4 ]
MONO 13 [ -3, -2, -2, 2, 9, -2, -3, 6, 1, -2, -2, -1 ]
MONO 14 [ -3, -1, -3, 2, 10, 1, -4, -1, -1, 1, 3, -3 ]
MONO 15 [ -3, 1, 0, 0, 1, -2, 0, 3, 3, 0, 0, -2 ]
MONO 16 [ -3, 1, 1, 0, 0, -1, 0, 4, 1, 0, 0, -2 ]
MONO 17 [ -3, 2, 1, -1, 0, -1, 2, 2, 1, 0, 1, -3 ]
MONO 18 [ -3, 3, 1, 0, 0, -1, 0, 2, 1, 0, 0, -2 ]
MONO 19 [ -2, 0, 0, 0, 3, 0, 0, 1, 0, 0, 1, -2 ]
MONO 20 [ -2, 2, 0, -1, 2, 0, 0, 0, 0, 2, 1, -3 ]
MONO 21 [ -2, 5, 0, -2, 0, 0, 0, 0, 0, 0, 0, 0 ]
MONO 22 [ -1, 0, -1, 1, 3, 1, -1, -1, -1, 1, 3, -3 ]
MONO 23 [ 0, 0, -1, 0, 2, -1, 0, 2, 0, 0, 1, -2 ]
MONO 24 [ 3, -7, -7, 2, 16, -6, -4, 13, 2, -2, 1, -10 ]
MONO 25 [ 3, -6, -7, 0, 13, -6, 2, 12, 2, 0, 4, -16 ]
MONO 26 [ 3, -5, -7, -2, 10, -6, 8, 11, 2, 2, 7, -22 ]
MONO 27 [ 3, -5, -7, 1, 15, -4, -4, 5, 4, 3, 2, -12 ]
MONO 28 [ 3, -4, -7, -1, 12, -4, 2, 4, 4, 5, 5, -18 ]
MONO 29 [ 3, -3, -7, -3, 9, -4, 8, 3, 4, 7, 8, -24 ]
MONO 30 [ 4, -10, -12, 4, 29, -1, -10, 0, 1, 4, 4, -12 ]
MONO 31 [ 4, -9, -12, 2, 26, -1, -4, -1, 1, 6, 7, -18 ]
MONO 32 [ 4, -9, -9, 5, 22, 0, -8, 0, 1, 3, 4, -12 ]
MONO 33 [ 4, -8, -12, 0, 23, -1, 2, -2, 1, 8, 10, -24 ]
MONO 34 [ 4, -8, -9, 3, 19, 0, -2, -1, 1, 5, 7, -18 ]
MONO 35 [ 4, -7, -9, 1, 16, 0, 4, -2, 1, 7, 10, -24 ]
MONO 36 [ 4, -7, -6, 3, 13, -5, -4, 11, 3, -1, 0, -10 ]
MONO 37 [ 4, -6, -6, 1, 10, -5, 2, 10, 3, 1, 3, -16 ]
MONO 38 [ 4, -5, -6, -1, 7, -5, 8, 9, 3, 3, 6, -22 ]
MONO 39 [ 4, -4, -4, 0, 6, -3, 1, 4, -1, 2, 11, -15 ]
MONO 40 [ 4, -3, -4, -2, 3, -3, 7, 3, -1, 4, 14, -21 ]
MONO 41 [ 4, -2, -4, -4, 0, -3, 13, 2, -1, 6, 17, -27 ]
MONO 42 [ 5, -9, -9, 4, 21, -2, -7, 3, 2, 2, 2, -11 ]
MONO 43 [ 5, -8, -9, 2, 18, -2, -1, 2, 2, 4, 5, -17 ]
MONO 44 [ 5, -7, -9, 0, 15, -2, 5, 1, 2, 6, 8, -23 ]
MONO 45 [ 5, -6, -5, 1, 9, -6, -1, 13, 2, -2, 1, -10 ]
MONO 46 [ 5, -5, -5, -1, 6, -6, 5, 12, 2, 0, 4, -16 ]
MONO 47 [ 5, -4, -5, -3, 3, -6, 11, 11, 2, 2, 7, -22 ]
MONO 48 [ 5, -4, -5, 0, 8, -4, -1, 5, 4, 3, 2, -12 ]
MONO 49 [ 5, -3, -5, -2, 5, -4, 5, 4, 4, 5, 5, -18 ]
MONO 50 [ 5, -3, -2, 0, 1, -2, 2, 1, 1, 4, 6, -12 ]
MONO 51 [ 5, -2, -5, -4, 2, -4, 11, 3, 4, 7, 8, -24 ]
MONO 52 [ 5, -2, -2, -2, -2, -2, 8, 0, 1, 6, 9, -18 ]
MONO 53 [ 5, -1, -2, -4, -5, -2, 14, -1, 1, 8, 12, -24 ]
MONO 54 [ 6, -9, -10, 3, 22, -1, -7, 0, 1, 4, 4, -12 ]
MONO 55 [ 6, -8, -10, 1, 19, -1, -1, -1, 1, 6, 7, -18 ]
MONO 56 [ 6, -8, -7, 4, 15, 0, -5, 0, 1, 3, 4, -12 ]
MONO 57 [ 6, -7, -10, -1, 16, -1, 5, -2, 1, 8, 10, -24 ]
MONO 58 [ 6, -7, -7, 2, 12, 0, 1, -1, 1, 5, 7, -18 ]
MONO 59 [ 6, -6, -7, 0, 9, 0, 7, -2, 1, 7, 10, -24 ]
MONO 60 [ 6, -3, -2, -1, -1, -3, 4, 4, -1, 2, 11, -15 ]
MONO 61 [ 6, -2, -2, -3, -4, -3, 10, 3, -1, 4, 14, -21 ]
MONO 62 [ 6, -1, -2, -5, -7, -3, 16, 2, -1, 6, 17, -27 ]
MONO 63 [ 7, -7, -7, 1, 14, -2, -3, 1, 2, 3, 3, -11 ]
MONO 64 [ 7, -6, -7, -1, 11, -2, 3, 0, 2, 5, 6, -17 ]
MONO 65 [ 7, -5, -7, -3, 8, -2, 9, -1, 2, 7, 9, -23 ]
MONO 66 [ 7, -5, -3, 0, 2, -6, 2, 13, 2, -2, 1, -10 ]
MONO 67 [ 7, -4, -3, -2, -1, -6, 8, 12, 2, 0, 4, -16 ]
MONO 68 [ 7, -3, -3, -4, -4, -6, 14, 11, 2, 2, 7, -22 ]
MONO 69 [ 7, -3, -2, -1, -1, -1, 3, -2, -4, 5, 17, -17 ]
MONO 70 [ 7, -3, -2, -1, 0, 1, 2, -4, -2, 7, 12, -16 ]
MONO 71 [ 7, -2, -2, -3, -4, -1, 9, -3, -4, 7, 20, -23 ]
MONO 72 [ 7, -2, -2, -3, -3, 1, 8, -5, -2, 9, 15, -22 ]
MONO 73 [ 7, -1, -2, -5, -7, -1, 15, -4, -4, 9, 23, -29 ]
MONO 74 [ 7, -1, -2, -5, -6, 1, 14, -6, -2, 11, 18, -28 ]
MONO 75 [ 8, -8, -8, 2, 15, -1, -4, 0, 1, 4, 4, -12 ]
MONO 76 [ 8, -7, -8, 0, 12, -1, 2, -1, 1, 6, 7, -18 ]
MONO 77 [ 8, -6, -8, -2, 9, -1, 8, -2, 1, 8, 10, -24 ]
MONO 78 [ 8, -5, -3, 0, 4, -2, 1, 0, 1, 4, 6, -13 ]
MONO 79 [ 8, -5, -3, 2, 3, -2, 0, 1, 1, 3, 6, -13 ]
MONO 80 [ 8, -4, -3, -2, 1, -2, 7, -1, 1, 6, 9, -19 ]
MONO 81 [ 8, -4, -3, 0, 0, -2, 6, 0, 1, 5, 9, -19 ]
MONO 82 [ 8, -4, -2, -1, 1, -1, 3, -1, -1, 4, 9, -14 ]
MONO 83 [ 8, -3, -3, -4, -2, -2, 13, -2, 1, 8, 12, -25 ]
MONO 84 [ 8, -3, -3, -2, -3, -2, 12, -1, 1, 7, 12, -25 ]
MONO 85 [ 8, -3, -2, -3, -2, -1, 9, -2, -1, 6, 12, -20 ]
MONO 86 [ 8, -2, -3, -1, 1, -2, 2, 1, 1, 3, 5, -12 ]
MONO 87 [ 8, -2, -2, -5, -5, -1, 15, -3, -1, 8, 15, -26 ]
MONO 88 [ 8, -1, -3, -3, -2, -2, 8, 0, 1, 5, 8, -18 ]
MONO 89 [ 8, 0, -3, -5, -5, -2, 14, -1, 1, 7, 11, -24 ]
MONO 90 [ 8, 0, -3, -3, -1, -2, 4, -1, 1, 5, 7, -14 ]
MONO 91 [ 8, 1, -3, -5, -4, -2, 10, -2, 1, 7, 10, -20 ]
MONO 92 [ 8, 2, -3, -7, -7, -2, 16, -3, 1, 9, 13, -26 ]
MONO 93 [ 9, -5, -4, 1, 4, -1, 0, -2, 0, 5, 8, -14 ]
MONO 94 [ 9, -4, -4, -1, 1, -1, 6, -3, 0, 7, 11, -20 ]
MONO 95 [ 9, -3, -4, -3, -2, -1, 12, -4, 0, 9, 14, -26 ]
MONO 96 [ 9, -2, -4, -2, 2, -1, 2, -2, 0, 5, 7, -13 ]
MONO 97 [ 9, -1, -4, -4, -1, -1, 8, -3, 0, 7, 10, -19 ]
MONO 98 [ 9, 0, -4, -6, -4, -1, 14, -4, 0, 9, 13, -25 ]
MONO 99 [ 10, -6, -4, 0, 4, -3, 1, 2, 1, 4, 5, -13 ]
MONO 100 [ 10, -5, -4, -2, 1, -3, 7, 1, 1, 6, 8, -19 ]
MONO 101 [ 10, -4, -4, -4, -2, -3, 13, 0, 1, 8, 11, -25 ]
FORMC -2 [ <1, 7>, <2, -84>, <3, 882>, <4, -98>, <5, -42>, <6, 70>, <7, -21>, 
<8, 49>, <9, 21>, <10, 56>, <11, 49>, <12, -28>, <13, -36>, <14, -72>, <15, 
378>, <16, -168>, <17, -36>, <18, 92>, <19, 84>, <20, 50>, <21, 11>, <22, 10>, 
<23, 49>, <24, 935/42>, <25, -89/12>, <26, -67/84>, <27, -27/28>, <28, -405/14>,
<29, 1/2>, <30, -999/196>, <31, 158/49>, <32, 1117/588>, <33, 12/49>, <34, 
5185/588>, <35, -155/196>, <36, -643/126>, <37, 1781/126>, <38, 5/3>, <39, 
983/21>, <40, 1367/21>, <41, -104/7>, <42, -3653/588>, <43, -145/294>, <44, 
373/98>, <45, -1523/84>, <46, 6821/84>, <47, -989/84>, <48, -2792/63>, <49, 
-13073/252>, <50, 1933/7>, <51, 3977/252>, <52, 3152/7>, <53, -7046/63>, <54, 
-3497/294>, <55, -30577/588>, <56, -33833/1764>, <57, 4021/588>, <58, 
-60689/1764>, <59, 4099/588>, <60, 12179/42>, <61, 17617/42>, <62, -15851/126>, 
<63, 151/98>, <64, -663/49>, <65, -457/294>, <66, 16463/189>, <67, 29203/378>, 
<68, -5270/189>, <69, -10540/9>, <70, 194059/378>, <71, -460543/252>, <72, 
671843/756>, <73, 132815/252>, <74, -174481/756>, <75, -102029/882>, <76, 
-195259/1764>, <77, 81521/1764>, <78, -75539/252>, <79, -1438345/5292>, <80, 
-548839/882>, <81, -2143297/5292>, <82, -816443/1764>, <83, 119221/882>, <84, 
625715/5292>, <85, -737173/882>, <86, -632633/2646>, <87, 94904/441>, <88, 
-316999/756>, <89, 197021/1764>, <90, -1719611/5292>, <91, -2800997/5292>, <92, 
781159/5292>, <93, 579697/1764>, <94, 31597/63>, <95, -128377/882>, <96, 
-144716/441>, <97, -10544/21>, <98, 192737/1323>, <99, -1206515/5292>, <100, 
-2277353/5292>, <101, 552049/5292> ]
FORMC -1 [ <1, 7>, <2, -84>, <3, 882>, <4, -98>, <5, -42>, <6, 70>, <7, -21>, 
<8, 49>, <9, 21>, <10, 56>, <11, 49>, <12, -28>, <13, -36>, <14, -72>, <15, 
378>, <16, -168>, <17, -36>, <18, 92>, <19, 84>, <20, 50>, <21, -4879>, <22, 
10>, <23, 4939>, <24, -4083/28>, <25, 5/42>, <27, -1627/4>, <28, 1/12>, <30, 
9785/196>, <31, -1/28>, <32, 26853/196>, <34, 1/42>, <36, 5695/21>, <37, 
-13/42>, <39, -8159/14>, <40, 50/21>, <42, -16353/196>, <43, -55/196>, <45, 
48089/84>, <46, 151/126>, <48, 2347/84>, <49, -7/3>, <50, 81622/21>, <52, 
268/21>, <54, 110179/196>, <55, -72/49>, <56, -11047/196>, <58, -115/147>, <60, 
152879/42>, <61, 44/3>, <63, 10037/28>, <64, -299/588>, <66, 36872/63>, <67, 
157/42>, <69, -61929/4>, <70, 687517/126>, <71, -8011/126>, <72, 21809/756>, 
<75, -409153/196>, <76, -4351/882>, <78, -1098869/588>, <79, -1502791/441>, <80,
-31159/1764>, <81, -75709/5292>, <82, -1039685/196>, <85, -6761/252>, <86, 
-5703487/1764>, <88, -18224/1323>, <90, -7343477/1764>, <91, -23948/1323>, <93, 
621682/147>, <94, 15587/882>, <96, -621682/147>, <97, -23405/1323>, <99, 
-3873035/1764>, <100, -35335/2646> ]
FORMC 9 [ <1, 14>, <2, -168>, <3, 1764>, <4, -196>, <5, -84>, <6, 140>, <7, 
-42>, <8, 98>, <9, 42>, <10, 112>, <11, 98>, <12, -56>, <13, -72>, <14, -144>, 
<15, 756>, <16, -336>, <17, -72>, <18, 184>, <19, 168>, <20, 100>, <21, 22>, 
<22, 20>, <23, 98>, <24, 923/42>, <25, -613/84>, <26, -67/84>, <27, -3/14>, <28,
-2423/84>, <29, 1/2>, <30, -71/14>, <31, 625/196>, <32, 991/588>, <33, 12/49>, 
<34, 1733/196>, <35, -155/196>, <36, -703/126>, <37, 871/63>, <38, 5/3>, <39, 
277/6>, <40, 1417/21>, <41, -104/7>, <42, -953/147>, <43, -65/84>, <44, 373/98>,
<45, -217/12>, <46, 20765/252>, <47, -989/84>, <48, -5731/126>, <49, 
-13661/252>, <50, 5921/21>, <51, 3977/252>, <52, 9724/21>, <53, -7046/63>, <54, 
-1633/147>, <55, -31441/588>, <56, -33011/1764>, <57, 4021/588>, <58, 
-8867/252>, <59, 4099/588>, <60, 12653/42>, <61, 18233/42>, <62, -15851/126>, 
<63, 471/196>, <64, -8255/588>, <65, -457/294>, <66, 17054/189>, <67, 
15308/189>, <68, -5270/189>, <69, -76663/63>, <70, 398285/756>, <71, 
-158855/84>, <72, 173413/189>, <73, 132815/252>, <74, -174481/756>, <75, 
-108245/882>, <76, -67987/588>, <77, 81521/1764>, <78, -132380/441>, <79, 
-373438/1323>, <80, -376279/588>, <81, -1109503/2646>, <82, -419299/882>, <83, 
119221/882>, <84, 625715/5292>, <85, -1521673/1764>, <86, -653591/2646>, <87, 
94904/441>, <88, -763963/1764>, <89, 197021/1764>, <90, -254531/756>, <91, 
-413827/756>, <92, 781159/5292>, <93, 602191/1764>, <94, 457945/882>, <95, 
-128377/882>, <96, -300679/882>, <97, -687677/1323>, <98, 192737/1323>, <99, 
-1228985/5292>, <100, -2348023/5292>, <101, 552049/5292> ]
FORMC 10 [ <1, 7>, <2, -84>, <3, 882>, <4, -98>, <5, -42>, <6, 70>, <7, -21>, 
<8, 49>, <9, 21>, <10, 56>, <11, 49>, <12, -28>, <13, -36>, <14, -72>, <15, 
378>, <16, -168>, <17, -36>, <18, 92>, <19, 84>, <20, 50>, <21, -4879>, <22, 
10>, <23, 4939>, <24, -4083/28>, <25, 5/42>, <27, -1627/4>, <28, 1/12>, <30, 
9785/196>, <31, -1/28>, <32, 26853/196>, <34, 1/42>, <36, 5695/21>, <37, 
-13/42>, <39, -8159/14>, <40, 50/21>, <42, -16353/196>, <43, -55/196>, <45, 
48089/84>, <46, 151/126>, <48, 2347/84>, <49, -7/3>, <50, 81622/21>, <52, 
268/21>, <54, 110179/196>, <55, -72/49>, <56, -11047/196>, <58, -115/147>, <60, 
152879/42>, <61, 44/3>, <63, 10037/28>, <64, -299/588>, <66, 36872/63>, <67, 
157/42>, <69, -61929/4>, <70, 687517/126>, <71, -8011/126>, <72, 21809/756>, 
<75, -409153/196>, <76, -4351/882>, <78, -1098869/588>, <79, -1502791/441>, <80,
-31159/1764>, <81, -75709/5292>, <82, -1039685/196>, <85, -6761/252>, <86, 
-5703487/1764>, <88, -18224/1323>, <90, -7343477/1764>, <91, -23948/1323>, <93, 
621682/147>, <94, 15587/882>, <96, -621682/147>, <97, -23405/1323>, <99, 
-3873035/1764>, <100, -35335/2646> ]
FORMC 11 [ <1, 7>, <2, -84>, <3, 882>, <4, -98>, <5, -42>, <6, 70>, <7, -21>, 
<8, 49>, <9, 21>, <10, 56>, <11, 49>, <12, -28>, <13, -36>, <14, -72>, <15, 
378>, <16, -168>, <17, -36>, <18, 92>, <19, 84>, <20, 50>, <21, 11>, <22, 10>, 
<23, 49>, <24, 935/42>, <25, -89/12>, <26, -67/84>, <27, -27/28>, <28, -405/14>,
<29, 1/2>, <30, -999/196>, <31, 158/49>, <32, 1117/588>, <33, 12/49>, <34, 
5185/588>, <35, -155/196>, <36, -643/126>, <37, 1781/126>, <38, 5/3>, <39, 
983/21>, <40, 1367/21>, <41, -104/7>, <42, -3653/588>, <43, -145/294>, <44, 
373/98>, <45, -1523/84>, <46, 6821/84>, <47, -989/84>, <48, -2792/63>, <49, 
-13073/252>, <50, 1933/7>, <51, 3977/252>, <52, 3152/7>, <53, -7046/63>, <54, 
-3497/294>, <55, -30577/588>, <56, -33833/1764>, <57, 4021/588>, <58, 
-60689/1764>, <59, 4099/588>, <60, 12179/42>, <61, 17617/42>, <62, -15851/126>, 
<63, 151/98>, <64, -663/49>, <65, -457/294>, <66, 16463/189>, <67, 29203/378>, 
<68, -5270/189>, <69, -10540/9>, <70, 194059/378>, <71, -460543/252>, <72, 
671843/756>, <73, 132815/252>, <74, -174481/756>, <75, -102029/882>, <76, 
-195259/1764>, <77, 81521/1764>, <78, -75539/252>, <79, -1438345/5292>, <80, 
-548839/882>, <81, -2143297/5292>, <82, -816443/1764>, <83, 119221/882>, <84, 
625715/5292>, <85, -737173/882>, <86, -632633/2646>, <87, 94904/441>, <88, 
-316999/756>, <89, 197021/1764>, <90, -1719611/5292>, <91, -2800997/5292>, <92, 
781159/5292>, <93, 579697/1764>, <94, 31597/63>, <95, -128377/882>, <96, 
-144716/441>, <97, -10544/21>, <98, 192737/1323>, <99, -1206515/5292>, <100, 
-2277353/5292>, <101, 552049/5292> ]
FORMC 12 [ <1, 21>, <2, -252>, <3, 2646>, <4, -294>, <5, -126>, <6, 210>, <7, 
-63>, <8, 147>, <9, 63>, <10, 168>, <11, 147>, <12, -84>, <13, -108>, <14, 
-216>, <15, 1134>, <16, -504>, <17, -108>, <18, 276>, <19, 252>, <20, 150>, <21,
33>, <22, 30>, <23, 147>, <24, 22>, <25, -613/84>, <26, -67/84>, <27, -9/28>, 
<28, -2423/84>, <29, 1/2>, <30, -995/196>, <31, 625/196>, <32, 260/147>, <33, 
12/49>, <34, 1733/196>, <35, -155/196>, <36, -52/9>, <37, 871/63>, <38, 5/3>, 
<39, 2057/42>, <40, 1417/21>, <41, -104/7>, <42, -3991/588>, <43, -65/84>, <44, 
373/98>, <45, -1369/84>, <46, 20765/252>, <47, -989/84>, <48, -671/14>, <49, 
-13661/252>, <50, 2669/9>, <51, 3977/252>, <52, 9724/21>, <53, -7046/63>, <54, 
-363/28>, <55, -31441/588>, <56, -8719/441>, <57, 4021/588>, <58, -8867/252>, 
<59, 4099/588>, <60, 40001/126>, <61, 18233/42>, <62, -15851/126>, <63, 
296/147>, <64, -8255/588>, <65, -457/294>, <66, 11849/126>, <67, 15308/189>, 
<68, -5270/189>, <69, -162047/126>, <70, 422567/756>, <71, -158855/84>, <72, 
173413/189>, <73, 132815/252>, <74, -174481/756>, <75, -32197/252>, <76, 
-67987/588>, <77, 81521/1764>, <78, -188633/588>, <79, -32167/108>, <80, 
-376279/588>, <81, -1109503/2646>, <82, -99023/196>, <83, 119221/882>, <84, 
625715/5292>, <85, -1521673/1764>, <86, -346718/1323>, <87, 94904/441>, <88, 
-763963/1764>, <89, 197021/1764>, <90, -1886147/5292>, <91, -413827/756>, <92, 
781159/5292>, <93, 318011/882>, <94, 457945/882>, <95, -128377/882>, <96, 
-1905665/5292>, <97, -687677/1323>, <98, 192737/1323>, <99, -1308437/5292>, 
<100, -2348023/5292>, <101, 552049/5292> ]
FORMC 13 [ <24, -1/14>, <27, -25/84>, <30, 5/196>, <32, 1/7>, <36, -11/126>, 
<39, 68/21>, <42, -193/588>, <45, 299/126>, <48, -23/9>, <50, 148/9>, <54, 
-659/294>, <56, -1175/882>, <60, 1118/63>, <63, -53/196>, <66, 1465/378>, <69, 
-9431/126>, <70, 26755/756>, <75, -2269/441>, <78, -41599/1764>, <79, 
-89153/5292>, <82, -19297/588>, <86, -7207/441>, <90, -28267/1323>, <93, 
9122/441>, <96, -54781/2646>, <99, -44117/2646> ]
FORMC 14 [ <24, -5/6>, <25, 5/42>, <27, -25/21>, <28, 1/12>, <30, 25/98>, <31, 
-1/28>, <32, 229/588>, <34, 1/42>, <36, 5/14>, <37, -13/42>, <39, 227/42>, <40, 
50/21>, <42, -23/49>, <43, -55/196>, <45, 58/9>, <46, 151/126>, <48, -289/42>, 
<49, -7/3>, <50, 1048/21>, <52, 268/21>, <54, -719/196>, <55, -72/49>, <56, 
-1415/588>, <58, -115/147>, <60, 1171/21>, <61, 44/3>, <63, -41/294>, <64, 
-299/588>, <66, 529/42>, <67, 157/42>, <69, -29927/126>, <70, 77053/756>, <71, 
-8011/126>, <72, 21809/756>, <75, -37249/1764>, <76, -4351/882>, <78, 
-25262/441>, <79, -1439/27>, <80, -31159/1764>, <81, -75709/5292>, <82, 
-84173/882>, <85, -6761/252>, <86, -133241/2646>, <88, -18224/1323>, <90, 
-175811/2646>, <91, -23948/1323>, <93, 115763/1764>, <94, 15587/882>, <96, 
-347485/5292>, <97, -23405/1323>, <99, -60580/1323>, <100, -35335/2646> ]
FORMC 15 [ <1, 14>, <2, -168>, <3, 1764>, <4, -196>, <5, -84>, <6, 140>, <7, 
-42>, <8, 98>, <9, 42>, <10, 112>, <11, 98>, <12, -56>, <13, -72>, <14, -144>, 
<15, 756>, <16, -336>, <17, -72>, <18, 184>, <19, 168>, <20, 100>, <21, 22>, 
<22, 20>, <23, 98>, <24, 156/7>, <25, -89/12>, <26, -67/84>, <27, -15/14>, <28, 
-405/14>, <29, 1/2>, <30, -250/49>, <31, 158/49>, <32, 583/294>, <33, 12/49>, 
<34, 5185/588>, <35, -155/196>, <36, -334/63>, <37, 1781/126>, <38, 5/3>, <39, 
1042/21>, <40, 1367/21>, <41, -104/7>, <42, -958/147>, <43, -145/294>, <44, 
373/98>, <45, -1373/84>, <46, 6821/84>, <47, -989/84>, <48, -982/21>, <49, 
-13073/252>, <50, 18317/63>, <51, 3977/252>, <52, 3152/7>, <53, -7046/63>, <54, 
-55/4>, <55, -30577/588>, <56, -17849/882>, <57, 4021/588>, <58, -60689/1764>, 
<59, 4099/588>, <60, 38579/126>, <61, 17617/42>, <62, -15851/126>, <63, 
677/588>, <64, -663/49>, <65, -457/294>, <66, 11455/126>, <67, 29203/378>, <68, 
-5270/189>, <69, -156281/126>, <70, 103100/189>, <71, -460543/252>, <72, 
671843/756>, <73, 132815/252>, <74, -174481/756>, <75, -30421/252>, <76, 
-195259/1764>, <77, 81521/1764>, <78, -6728/21>, <79, -380194/1323>, <80, 
-548839/882>, <81, -2143297/5292>, <82, -72421/147>, <83, 119221/882>, <84, 
625715/5292>, <85, -737173/882>, <86, -336239/1323>, <87, 94904/441>, <88, 
-316999/756>, <89, 197021/1764>, <90, -1824041/5292>, <91, -2800997/5292>, <92, 
781159/5292>, <93, 153382/441>, <94, 31597/63>, <95, -128377/882>, <96, 
-1838183/5292>, <97, -10544/21>, <98, 192737/1323>, <99, -1285967/5292>, <100, 
-2277353/5292>, <101, 552049/5292> ]
PP 1 g=84 W=1 e=-144 1.0000000000000000000000000000000000000000000000000 
1.4908962453771574780174021643598756626669947747023E-79
PP 1 g=84 W=1 e=-120 10.000000000000000000000000000000000000000000000000 
1.4908962453771574780174021643598756626669947747023E-78
PP 1 g=84 W=1 e=-96 58.000000000000000000000000000000000000000000000000 
8.6471982231875133725009325532872788434685696932733E-78
PP 1 g=84 W=1 e=-72 256.00000000000000000000000000000000000000000000000 
3.8166943881655231437245495407612816964275066232379E-77
PP 1 g=84 W=1 e=-48 949.00000000000000000000000000000000000000000000000 
1.4148605368629224466385146539775220038709780411925E-76
PP 1 g=84 W=1 e=-24 3110.0000000000000000000000000000000000000000000000 
4.6366873231229597566341207311592133108943537493241E-76
PP 1 g=84 W=1 e=0 9287.0000000000000000000000000000000000000000000000 
1.3845953430817661498347613900410165279188380472660E-75
PP 2 g=84 W=1 e=-120 1.0000000000000000000000000000000000000000000000000 
7.1027163759197493528532297475677972674897770385126E-80
PP 2 g=84 W=1 e=-96 9.0000000000000000000000000000000000000000000000000 
6.3924447383277744175679067728110175407407993346613E-79
PP 2 g=84 W=1 e=-72 52.000000000000000000000000000000000000000000000000 
3.6934125154782696634836794687352545790946840600265E-78
PP 2 g=84 W=1 e=-48 238.00000000000000000000000000000000000000000000000 
1.6904464974689003459790686799211357496625669351660E-77
PP 2 g=84 W=1 e=-24 933.00000000000000000000000000000000000000000000000 
6.6268343787331261462120633544807548505679619769322E-77
PP 2 g=84 W=1 e=0 3268.0000000000000000000000000000000000000000000000 
2.3211677116505740885124354815051561470156591361859E-76
PP 3 g=84 W=1 e=-72 1.0000000000000000000000000000000000000000000000000 
7.6284056464834408158167275270325072171520175351311E-80
PP 3 g=84 W=1 e=-48 9.0000000000000000000000000000000000000000000000000 
6.8655650818350967342350547743292564954368157816180E-79
PP 3 g=84 W=1 e=-24 50.000000000000000000000000000000000000000000000000 
3.8142028232417204079083637635162536085760087675655E-78
PP 3 g=84 W=1 e=0 217.00000000000000000000000000000000000000000000000 
1.6553640252869066570322298733660540661219878051234E-77
PP 4 g=84 W=1 e=-96 1.0000000000000000000000000000000000000000000000000 
3.5027269645377071544055225475745403090300798768563E-80
PP 4 g=84 W=1 e=-72 9.0000000000000000000000000000000000000000000000000 
3.1524542680839364389649702928170862781270718891707E-79
PP 4 g=84 W=1 e=-48 50.000000000000000000000000000000000000000000000000 
1.7513634822688535772027612737872701545150399384282E-78
PP 4 g=84 W=1 e=-24 216.00000000000000000000000000000000000000000000000 
7.5658902434014474535159287027610070675049725340096E-78
PP 4 g=84 W=1 e=0 794.00000000000000000000000000000000000000000000000 
2.7811652098429394805979849027741850053698834222239E-77
PP 5 g=84 W=1 e=-144 1.0000000000000000000000000000000000000000000000000 
1.3194450243624757890859104244441292021026668425219E-79
PP 5 g=84 W=1 e=-120 9.0000000000000000000000000000000000000000000000000 
1.1875005219262282101773193819997162818924001582698E-78
PP 5 g=84 W=1 e=-96 49.000000000000000000000000000000000000000000000000 
6.4652806193761313665209610797762330903030675283576E-78
PP 5 g=84 W=1 e=-72 207.00000000000000000000000000000000000000000000000 
2.7312512004303248834078345785993474483525203640204E-77
PP 5 g=84 W=1 e=-48 744.00000000000000000000000000000000000000000000000 
9.8166709812568198707991735578643212636438413083633E-77
PP 5 g=84 W=1 e=-24 2385.0000000000000000000000000000000000000000000000 
3.1468763831045047569698963622992481470148604194148E-76
PP 5 g=84 W=1 e=0 7008.0000000000000000000000000000000000000000000000 
9.2466707307322303299140602545044574483354892323938E-76
PP 6 g=84 W=1 e=-120 1.0000000000000000000000000000000000000000000000000 
8.9310867354819331245119720254510722809509420629289E-80
PP 6 g=84 W=1 e=-96 9.0000000000000000000000000000000000000000000000000 
8.0379780619337398120607748229059650528558478566360E-79
PP 6 g=84 W=1 e=-72 48.000000000000000000000000000000000000000000000000 
4.2869216330313278997657465722165146948564521902059E-78
PP 6 g=84 W=1 e=-48 198.00000000000000000000000000000000000000000000000 
1.7683551736254227586533704610393123116282865284599E-77
PP 6 g=84 W=1 e=-24 693.00000000000000000000000000000000000000000000000 
6.1892431076889796552867966136375930906990028496097E-77
PP 6 g=84 W=1 e=0 2160.0000000000000000000000000000000000000000000000 
1.9291147348640975548945859574974316126854034855926E-76
PP 7 g=84 W=1 e=-96 1.0000000000000000000000000000000000000000000000000 
5.8933658680798240467627228209591252338514957180890E-80
PP 7 g=84 W=1 e=-72 8.0000000000000000000000000000000000000000000000000 
4.7146926944638592374101782567673001870811965744712E-79
PP 7 g=84 W=1 e=-48 41.000000000000000000000000000000000000000000000000 
2.4162800059127278591727163565932413458791132444165E-78
PP 7 g=84 W=1 e=-24 166.00000000000000000000000000000000000000000000000 
9.7829873410125079176261198827921478881934828920278E-78
PP 7 g=84 W=1 e=0 578.00000000000000000000000000000000000000000000000 
3.4063654717501382990288537905143743851661645250555E-77
PP 8 g=84 W=1 e=-144 1.0000000000000000000000000000000000000000000000000 
1.2220001773570262170328804952747274439805619901911E-79
PP 8 g=84 W=1 e=-120 8.0000000000000000000000000000000000000000000000000 
9.7760014188562097362630439621978195518444959215290E-79
PP 8 g=84 W=1 e=-96 39.000000000000000000000000000000000000000000000000 
4.7658006916924022464282339315714370315241917617454E-78
PP 8 g=84 W=1 e=-72 150.00000000000000000000000000000000000000000000000 
1.8330002660355393255493207429120911659708429852867E-77
PP 8 g=84 W=1 e=-48 496.00000000000000000000000000000000000000000000000 
6.0611208796908500364830872565626481221435874713480E-77
PP 8 g=84 W=1 e=-24 1474.0000000000000000000000000000000000000000000000 
1.8012282614242566439064658500349482524273483735417E-76
PP 8 g=84 W=1 e=0 4037.0000000000000000000000000000000000000000000000 
4.9332147159903148381617385594240746913495287544016E-76
PP 9 g=84 W=1 e=0 1.0000000000000000000000000000000000000000000000000 
3.4437557766040237786461161626213717970795644873613E-80
PP 10 g=84 W=1 e=-120 1.0000000000000000000000000000000000000000000000000 
8.9067758557326493693365234686199067500616877992750E-80
PP 10 g=84 W=1 e=-96 7.0000000000000000000000000000000000000000000000000 
6.2347430990128545585355664280339347250431814594925E-79
PP 10 g=84 W=1 e=-72 32.000000000000000000000000000000000000000000000000 
2.8501682738344477981876875099583701600197400957680E-78
PP 10 g=84 W=1 e=-48 118.00000000000000000000000000000000000000000000000 
1.0509995509764526255817097692971489965072791603145E-77
PP 10 g=84 W=1 e=-24 377.00000000000000000000000000000000000000000000000 
3.3578544976112088122398693476697048447732563003267E-77
PP 10 g=84 W=1 e=0 1088.0000000000000000000000000000000000000000000000 
9.6905721310371225138381375338584585440671163256112E-77
PP 11 g=84 W=1 e=-96 1.0000000000000000000000000000000000000000000000000 
4.9001804955580149266463903096423259088266391806007E-80
PP 11 g=84 W=1 e=-72 6.0000000000000000000000000000000000000000000000000 
2.9401082973348089559878341857853955452959835083604E-79
PP 11 g=84 W=1 e=-48 24.000000000000000000000000000000000000000000000000 
1.1760433189339235823951336743141582181183934033442E-78
PP 11 g=84 W=1 e=-24 79.000000000000000000000000000000000000000000000000 
3.8711425914908317920506483446174374679730449526745E-78
PP 11 g=84 W=1 e=0 228.00000000000000000000000000000000000000000000000 
1.1172411529872274032753769905984503072124737331770E-77
PP 12 g=84 W=1 e=-144 1.0000000000000000000000000000000000000000000000000 
1.1429412523556890131115468483420216204912207343887E-79
PP 12 g=84 W=1 e=-120 4.0000000000000000000000000000000000000000000000000 
4.5717650094227560524461873933680864819648829375547E-79
PP 12 g=84 W=1 e=-96 10.000000000000000000000000000000000000000000000000 
1.1429412523556890131115468483420216204912207343887E-78
PP 12 g=84 W=1 e=-72 22.000000000000000000000000000000000000000000000000 
2.5144707551825158288454030663524475650806856156551E-78
PP 12 g=84 W=1 e=-48 43.000000000000000000000000000000000000000000000000 
4.9146473851294627563796514478706929681122491578714E-78
PP 12 g=84 W=1 e=-24 80.000000000000000000000000000000000000000000000000 
9.1435300188455121048923747867361729639297658751095E-78
PP 12 g=84 W=1 e=0 143.00000000000000000000000000000000000000000000000 
1.6344059908686352887495119931290909173024456501758E-77
PP 13 g=84 W=1 e=-120 1.0000000000000000000000000000000000000000000000000 
3.2105844992067307039034995518483080417057977515479E-80
PP 13 g=84 W=1 e=-96 3.0000000000000000000000000000000000000000000000000 
9.6317534976201921117104986555449241251173932546438E-80
PP 13 g=84 W=1 e=-72 11.000000000000000000000000000000000000000000000000 
3.5316429491274037742938495070331388458763775267027E-79
PP 13 g=84 W=1 e=-48 30.000000000000000000000000000000000000000000000000 
9.6317534976201921117104986555449241251173932546438E-79
PP 13 g=84 W=1 e=-24 78.000000000000000000000000000000000000000000000000 
2.5042559093812499490447296504416802725305222462074E-78
PP 13 g=84 W=1 e=0 183.00000000000000000000000000000000000000000000000 
5.8753696335483171881434041798824037163216098853327E-78
PP 14 g=84 W=1 e=-120 1.0000000000000000000000000000000000000000000000000 
5.3206614907102904848438725749815415598951523719754E-80
PP 14 g=84 W=1 e=-96 3.0000000000000000000000000000000000000000000000000 
1.5961984472130871454531617724944624679685457115926E-79
PP 14 g=84 W=1 e=-72 10.000000000000000000000000000000000000000000000000 
5.3206614907102904848438725749815415598951523719754E-79
PP 14 g=84 W=1 e=-48 28.000000000000000000000000000000000000000000000000 
1.4897852173988813357562843209948316367706426641531E-78
PP 14 g=84 W=1 e=-24 69.000000000000000000000000000000000000000000000000 
3.6712564285901004345422720767372636763276551366630E-78
PP 14 g=84 W=1 e=0 160.00000000000000000000000000000000000000000000000 
8.5130583851364647757501961199704664958322437951606E-78
PP 15 g=84 W=1 e=-72 1.0000000000000000000000000000000000000000000000000 
4.0879253009679992298578011297580329950793579772033E-80
PP 15 g=84 W=1 e=-48 3.0000000000000000000000000000000000000000000000000 
1.2263775902903997689573403389274098985238073931610E-79
PP 15 g=84 W=1 e=-24 8.0000000000000000000000000000000000000000000000000 
3.2703402407743993838862409038064263960634863817626E-79
PP 15 g=84 W=1 e=0 19.000000000000000000000000000000000000000000000000 
7.7670580718391985367298221465402626906507801566862E-79
PP 16 g=84 W=1 e=-96 1.0000000000000000000000000000000000000000000000000 
-1.0051275959264615995085057925664311543250951663766E-80
PP 16 g=84 W=1 e=-72 3.0000000000000000000000000000000000000000000000000 
-3.0153827877793847985255173776992934629752854991297E-80
PP 16 g=84 W=1 e=-48 8.0000000000000000000000000000000000000000000000000 
-8.0410207674116927960680463405314492346007613310127E-80
PP 16 g=84 W=1 e=-24 18.000000000000000000000000000000000000000000000000 
-1.8092296726676308791153104266195760777851712994778E-79
PP 16 g=84 W=1 e=0 38.000000000000000000000000000000000000000000000000 
-3.8194848645205540781323220117524383864353616322310E-79
PP 17 g=84 W=1 e=-144 1.0000000000000000000000000000000000000000000000000 
9.2591089071293275366500906677520441020189295469361E-80
PP 17 g=84 W=1 e=-120 3.0000000000000000000000000000000000000000000000000 
2.7777326721387982609950272003256132306056788640808E-79
PP 17 g=84 W=1 e=-96 7.0000000000000000000000000000000000000000000000000 
6.4813762349905292756550634674264308714132506828553E-79
PP 17 g=84 W=1 e=-72 15.000000000000000000000000000000000000000000000000 
1.3888663360693991304975136001628066153028394320404E-78
PP 17 g=84 W=1 e=-48 30.000000000000000000000000000000000000000000000000 
2.7777326721387982609950272003256132306056788640808E-78
PP 17 g=84 W=1 e=-24 57.000000000000000000000000000000000000000000000000 
5.2776920770637166958905516806186651381507898417536E-78
PP 17 g=84 W=1 e=0 102.00000000000000000000000000000000000000000000000 
9.4442910852719140873830924811070849840593081378749E-78
PP 18 g=84 W=1 e=-120 1.0000000000000000000000000000000000000000000000000 
4.9080777026198969004085320895625674439277953605970E-80
PP 18 g=84 W=1 e=-96 3.0000000000000000000000000000000000000000000000000 
1.4724233107859690701225596268687702331783386081791E-79
PP 18 g=84 W=1 e=-72 6.0000000000000000000000000000000000000000000000000 
2.9448466215719381402451192537375404663566772163582E-79
PP 18 g=84 W=1 e=-48 12.000000000000000000000000000000000000000000000000 
5.8896932431438762804902385074750809327133544327164E-79
PP 18 g=84 W=1 e=-24 21.000000000000000000000000000000000000000000000000 
1.0306963175501783490857917388081391632248370257254E-78
PP 18 g=84 W=1 e=0 36.000000000000000000000000000000000000000000000000 
1.7669079729431628841470715522425242798140063298149E-78
PP 19 g=84 W=1 e=-96 1.0000000000000000000000000000000000000000000000000 
2.0417645154309166185689639941395041317811028692535E-80
PP 19 g=84 W=1 e=-72 2.0000000000000000000000000000000000000000000000000 
4.0835290308618332371379279882790082635622057385070E-80
PP 19 g=84 W=1 e=-48 5.0000000000000000000000000000000000000000000000000 
1.0208822577154583092844819970697520658905514346268E-79
PP 19 g=84 W=1 e=-24 10.000000000000000000000000000000000000000000000000 
2.0417645154309166185689639941395041317811028692535E-79
PP 19 g=84 W=1 e=0 20.000000000000000000000000000000000000000000000000 
4.0835290308618332371379279882790082635622057385070E-79
PP 20 g=84 W=1 e=-144 1.0000000000000000000000000000000000000000000000000 
9.8237057345374324368778532607876344942226936639801E-80
PP 20 g=84 W=1 e=-120 2.0000000000000000000000000000000000000000000000000 
1.9647411469074864873755706521575268988445387327960E-79
PP 20 g=84 W=1 e=-96 3.0000000000000000000000000000000000000000000000000 
2.9471117203612297310633559782362903482668080991940E-79
PP 20 g=84 W=1 e=-72 6.0000000000000000000000000000000000000000000000000 
5.8942234407224594621267119564725806965336161983881E-79
PP 20 g=84 W=1 e=-48 10.000000000000000000000000000000000000000000000000 
9.8237057345374324368778532607876344942226936639801E-79
PP 20 g=84 W=1 e=-24 16.000000000000000000000000000000000000000000000000 
1.5717929175259891899004565217260215190756309862368E-78
PP 20 g=84 W=1 e=0 23.000000000000000000000000000000000000000000000000 
2.2594523189436094604819062499811559336712195427154E-78
PP 21 g=84 W=1 e=0 1.0000000000000000000000000000000000000000000000000 
-6.1163195886318344037119000984130907649511124455008E-81
PP 22 g=84 W=1 e=-120 1.0000000000000000000000000000000000000000000000000 
5.4557631829460421832236360725483947089067878331332E-80
PP 22 g=84 W=1 e=-96 1.0000000000000000000000000000000000000000000000000 
5.4557631829460421832236360725483947089067878331332E-80
PP 22 g=84 W=1 e=-72 2.0000000000000000000000000000000000000000000000000 
1.0911526365892084366447272145096789417813575666266E-79
PP 22 g=84 W=1 e=-48 4.0000000000000000000000000000000000000000000000000 
2.1823052731784168732894544290193578835627151332533E-79
PP 22 g=84 W=1 e=-24 5.0000000000000000000000000000000000000000000000000 
2.7278815914730210916118180362741973544533939165666E-79
PP 22 g=84 W=1 e=0 8.0000000000000000000000000000000000000000000000000 
4.3646105463568337465789088580387157671254302665066E-79
PP 23 g=84 W=1 e=-96 1.0000000000000000000000000000000000000000000000000 
2.3666175886252369685724681546201800543994765398283E-81
PP 23 g=84 W=1 e=-24 1.0000000000000000000000000000000000000000000000000 
2.3666175886252369685724681546201800543994765398283E-81
PP 24 g=84 W=1 e=-648 1.0000000000000000000000000000000000000000000000000 
2.4326257573090467795876121439706301658031433034339E-79
PP 24 g=84 W=1 e=-624 -3.0000000000000000000000000000000000000000000000000 
-7.2978772719271403387628364319118904974094299103016E-79
PP 24 g=84 W=1 e=-600 7.0000000000000000000000000000000000000000000000000 
1.7028380301163327457113285007794411160622003124037E-78
PP 24 g=84 W=1 e=-576 -9.0000000000000000000000000000000000000000000000000 
-2.1893631815781421016288509295735671492228289730905E-78
PP 24 g=84 W=1 e=-552 12.000000000000000000000000000000000000000000000000 
2.9191509087708561355051345727647561989637719641206E-78
PP 24 g=84 W=1 e=-528 -15.000000000000000000000000000000000000000000000000 
-3.6489386359635701693814182159559452487047149551508E-78
PP 24 g=84 W=1 e=-504 26.000000000000000000000000000000000000000000000000 
6.3248269690035216269277915743236384310881725889280E-78
PP 24 g=84 W=1 e=-480 -33.000000000000000000000000000000000000000000000000 
-8.0276649991198543726391200751030795471503729013317E-78
PP 24 g=84 W=1 e=-456 37.000000000000000000000000000000000000000000000000 
9.0007153020434730844741649326913316134716302227053E-78
PP 24 g=84 W=1 e=-432 -28.000000000000000000000000000000000000000000000000 
-6.8113521204653309828453140031177644642488012496148E-78
PP 24 g=84 W=1 e=-408 36.000000000000000000000000000000000000000000000000 
8.7574527263125684065154037182942685968913158923619E-78
PP 24 g=84 W=1 e=-384 -43.000000000000000000000000000000000000000000000000 
-1.0460290756428901152226732219073709712953516204766E-77
PP 24 g=84 W=1 e=-360 62.000000000000000000000000000000000000000000000000 
1.5082279695316090033443195292617907027979488481290E-77
PP 24 g=84 W=1 e=-336 -42.000000000000000000000000000000000000000000000000 
-1.0217028180697996474267971004676646696373201874422E-77
PP 24 g=84 W=1 e=-312 38.000000000000000000000000000000000000000000000000 
9.2439778777743777624329261470883946300519445530487E-78
PP 24 g=84 W=1 e=-288 -29.000000000000000000000000000000000000000000000000 
-7.0546146961962356608040752175148274808291155799582E-78
PP 24 g=84 W=1 e=-264 68.000000000000000000000000000000000000000000000000 
1.6541855149701518101195762579000285127461374463350E-77
PP 24 g=84 W=1 e=-240 -67.000000000000000000000000000000000000000000000000 
-1.6298592573970613423237001364603222110881060133007E-77
PP 24 g=84 W=1 e=-216 80.000000000000000000000000000000000000000000000000 
1.9461006058472374236700897151765041326425146427471E-77
PP 24 g=84 W=1 e=-192 -42.000000000000000000000000000000000000000000000000 
-1.0217028180697996474267971004676646696373201874422E-77
PP 24 g=84 W=1 e=-168 84.000000000000000000000000000000000000000000000000 
2.0434056361395992948535942009353293392746403748844E-77
PP 24 g=84 W=1 e=-144 -80.000000000000000000000000000000000000000000000000 
-1.9461006058472374236700897151765041326425146427471E-77
PP 24 g=84 W=1 e=-120 146.00000000000000000000000000000000000000000000000 
3.5516336056712082981979137301971200420725892230134E-77
PP 24 g=84 W=1 e=-96 -113.00000000000000000000000000000000000000000000000 
-2.7488671057592228609340017226868120873575519328803E-77
PP 24 g=84 W=1 e=-72 139.00000000000000000000000000000000000000000000000 
3.3813498026595750236267808801191759304663691917731E-77
PP 24 g=84 W=1 e=-48 -92.000000000000000000000000000000000000000000000000 
-2.2380156967243230372206031724529797525388918391591E-77
PP 24 g=84 W=1 e=-24 155.00000000000000000000000000000000000000000000000 
3.7705699238290225083607988231544767569948721203225E-77
PP 24 g=84 W=1 e=0 -134.00000000000000000000000000000000000000000000000 
-3.2597185147941226846474002729206444221762120266014E-77
PP 25 g=84 W=1 e=-936 1.0000000000000000000000000000000000000000000000000 
1.7689362134035354205148366316117078425796537890844E-79
PP 25 g=84 W=1 e=-912 -3.0000000000000000000000000000000000000000000000000 
-5.3068086402106062615445098948351235277389613672533E-79
PP 25 g=84 W=1 e=-888 6.0000000000000000000000000000000000000000000000000 
1.0613617280421212523089019789670247055477922734507E-78
PP 25 g=84 W=1 e=-864 -6.0000000000000000000000000000000000000000000000000 
-1.0613617280421212523089019789670247055477922734507E-78
PP 25 g=84 W=1 e=-840 6.0000000000000000000000000000000000000000000000000 
1.0613617280421212523089019789670247055477922734507E-78
PP 25 g=84 W=1 e=-816 -9.0000000000000000000000000000000000000000000000000 
-1.5920425920631818784633529684505370583216884101760E-78
PP 25 g=84 W=1 e=-792 22.000000000000000000000000000000000000000000000000 
3.8916596694877779251326405895457572536752383359857E-78
PP 25 g=84 W=1 e=-768 -30.000000000000000000000000000000000000000000000000 
-5.3068086402106062615445098948351235277389613672533E-78
PP 25 g=84 W=1 e=-744 30.000000000000000000000000000000000000000000000000 
5.3068086402106062615445098948351235277389613672533E-78
PP 25 g=84 W=1 e=-720 -19.000000000000000000000000000000000000000000000000 
-3.3609788054667172989781896000622449009013421992604E-78
PP 25 g=84 W=1 e=-696 36.000000000000000000000000000000000000000000000000 
6.3681703682527275138534118738021482332867536407039E-78
PP 25 g=84 W=1 e=-672 -60.000000000000000000000000000000000000000000000000 
-1.0613617280421212523089019789670247055477922734507E-77
PP 25 g=84 W=1 e=-648 84.000000000000000000000000000000000000000000000000 
1.4859064192589697532324627705538345877669091828309E-77
PP 25 g=84 W=1 e=-624 -57.000000000000000000000000000000000000000000000000 
-1.0082936416400151896934568800186734702704026597781E-77
PP 25 g=84 W=1 e=-600 51.000000000000000000000000000000000000000000000000 
9.0215746883580306446256668212197099971562343243306E-78
PP 25 g=84 W=1 e=-576 -61.000000000000000000000000000000000000000000000000 
-1.0790510901761566065140503452831417839735888113415E-77
PP 25 g=84 W=1 e=-552 126.00000000000000000000000000000000000000000000000 
2.2288596288884546298486941558307518816503637742464E-77
PP 25 g=84 W=1 e=-528 -120.00000000000000000000000000000000000000000000000 
-2.1227234560842425046178039579340494110955845469013E-77
PP 25 g=84 W=1 e=-504 128.00000000000000000000000000000000000000000000000 
2.2642383531565253382589908884629860385019568500281E-77
PP 25 g=84 W=1 e=-480 -87.000000000000000000000000000000000000000000000000 
-1.5389745056610758158479078695021858230442987965034E-77
PP 25 g=84 W=1 e=-456 156.00000000000000000000000000000000000000000000000 
2.7595404929095152560031451453142642344242599109717E-77
PP 25 g=84 W=1 e=-432 -159.00000000000000000000000000000000000000000000000 
-2.8126085793116213186185902442626154697016495246442E-77
PP 25 g=84 W=1 e=-408 240.00000000000000000000000000000000000000000000000 
4.2454469121684850092356079158680988221911690938026E-77
PP 25 g=84 W=1 e=-384 -213.00000000000000000000000000000000000000000000000 
-3.7678341345495304456966020253329377046946625707498E-77
PP 25 g=84 W=1 e=-360 289.00000000000000000000000000000000000000000000000 
5.1122256567362173652878778653578356650551994504540E-77
PP 25 g=84 W=1 e=-336 -216.00000000000000000000000000000000000000000000000 
-3.8209022209516365083120471242812889399720521844224E-77
PP 25 g=84 W=1 e=-312 336.00000000000000000000000000000000000000000000000 
5.9436256770358790129298510822153383510676367313237E-77
PP 25 g=84 W=1 e=-288 -311.00000000000000000000000000000000000000000000000 
-5.5013916236849951578011419243124113904227232840526E-77
PP 25 g=84 W=1 e=-264 501.00000000000000000000000000000000000000000000000 
8.8623704291517124567793315243746562913240654833129E-77
PP 25 g=84 W=1 e=-240 -372.00000000000000000000000000000000000000000000000 
-6.5804427138611517643151922695955531743963120953940E-77
PP 25 g=84 W=1 e=-216 462.00000000000000000000000000000000000000000000000 
8.1724853059243336427785452380460902327180005055700E-77
PP 25 g=84 W=1 e=-192 -354.00000000000000000000000000000000000000000000000 
-6.2620341954485153886225216759054457627319744133589E-77
PP 25 g=84 W=1 e=-168 600.00000000000000000000000000000000000000000000000 
1.0613617280421212523089019789670247055477922734506E-76
PP 25 g=84 W=1 e=-144 -454.00000000000000000000000000000000000000000000000 
-8.0309704088520508091373583075171536053116282024433E-77
PP 25 g=84 W=1 e=-120 654.00000000000000000000000000000000000000000000000 
1.1568842835659121650167031570740569290470935780612E-76
PP 25 g=84 W=1 e=-96 -417.00000000000000000000000000000000000000000000000 
-7.3764640098927427035468687538208217035571563004820E-77
PP 25 g=84 W=1 e=-72 766.00000000000000000000000000000000000000000000000 
1.3550051394671081321143648598145682074160148024387E-76
PP 25 g=84 W=1 e=-48 -507.00000000000000000000000000000000000000000000000 
-8.9685066019559245820102217222713587618788447106580E-77
PP 25 g=84 W=1 e=-24 771.00000000000000000000000000000000000000000000000 
1.3638498205341258092169390429726267466289130713841E-76
PP 25 g=84 W=1 e=0 -528.00000000000000000000000000000000000000000000000 
-9.3399832067706670203183374149098174088205720063657E-77
PP 26 g=84 W=1 e=-1224 1.0000000000000000000000000000000000000000000000000 
9.7694355717904897464648748966221842901198311031818E-80
PP 26 g=84 W=1 e=-1200 -3.0000000000000000000000000000000000000000000000000 
-2.9308306715371469239394624689866552870359493309545E-79
PP 26 g=84 W=1 e=-1176 5.0000000000000000000000000000000000000000000000000 
4.8847177858952448732324374483110921450599155515909E-79
PP 26 g=84 W=1 e=-1152 -3.0000000000000000000000000000000000000000000000000 
-2.9308306715371469239394624689866552870359493309545E-79
PP 26 g=84 W=1 e=-1128 1.0000000000000000000000000000000000000000000000000 
9.7694355717904897464648748966221842901198311031818E-80
PP 26 g=84 W=1 e=-1104 -6.0000000000000000000000000000000000000000000000000 
-5.8616613430742938478789249379733105740718986619091E-79
PP 26 g=84 W=1 e=-1080 23.000000000000000000000000000000000000000000000000 
2.2469701815118126416869212262231023867275611537318E-78
PP 26 g=84 W=1 e=-1056 -30.000000000000000000000000000000000000000000000000 
-2.9308306715371469239394624689866552870359493309545E-78
PP 26 g=84 W=1 e=-1032 20.000000000000000000000000000000000000000000000000 
1.9538871143580979492929749793244368580239662206364E-78
PP 26 g=84 W=1 e=-1008 -4.0000000000000000000000000000000000000000000000000 
-3.9077742287161958985859499586488737160479324412727E-79
PP 26 g=84 W=1 e=-984 33.000000000000000000000000000000000000000000000000 
3.2239137386908616163334087158853208157395442640500E-78
PP 26 g=84 W=1 e=-960 -77.000000000000000000000000000000000000000000000000 
-7.5224653902786771047779536703990819033922699494500E-78
PP 26 g=84 W=1 e=-936 96.000000000000000000000000000000000000000000000000 
9.3786581489188701566062799007572969185150378590545E-78
PP 26 g=84 W=1 e=-912 -46.000000000000000000000000000000000000000000000000 
-4.4939403630236252833738424524462047734551223074636E-78
PP 26 g=84 W=1 e=-888 39.000000000000000000000000000000000000000000000000 
3.8100798729982910011213012096826518731467341302409E-78
PP 26 g=84 W=1 e=-864 -86.000000000000000000000000000000000000000000000000 
-8.4017145917398211819597924110950784895030547487363E-78
PP 26 g=84 W=1 e=-840 185.00000000000000000000000000000000000000000000000 
1.8073455807812406030960018558751040936721687540886E-77
PP 26 g=84 W=1 e=-816 -164.00000000000000000000000000000000000000000000000 
-1.6021874337736403184202394830460382235796523009218E-77
PP 26 g=84 W=1 e=-792 152.00000000000000000000000000000000000000000000000 
1.4849542069121544414626609842865720120982143276836E-77
PP 26 g=84 W=1 e=-768 -129.00000000000000000000000000000000000000000000000 
-1.2602571887609731772939688616642617734254582123104E-77
PP 26 g=84 W=1 e=-744 236.00000000000000000000000000000000000000000000000 
2.3055867949425555801657104756028354924682801403509E-77
PP 26 g=84 W=1 e=-720 -240.00000000000000000000000000000000000000000000000 
-2.3446645372297175391515699751893242296287594647636E-77
PP 26 g=84 W=1 e=-696 339.00000000000000000000000000000000000000000000000 
3.3118386588369760240515925899549204743506227439786E-77
PP 26 g=84 W=1 e=-672 -342.00000000000000000000000000000000000000000000000 
-3.3411469655523474932909872146447870272209822372882E-77
PP 26 g=84 W=1 e=-648 485.00000000000000000000000000000000000000000000000 
4.7381762523183875270354643248617593807081180850432E-77
PP 26 g=84 W=1 e=-624 -350.00000000000000000000000000000000000000000000000 
-3.4193024501266714112627062138177645015419408861136E-77
PP 26 g=84 W=1 e=-600 483.00000000000000000000000000000000000000000000000 
4.7186373811748065475425345750685150121278784228368E-77
PP 26 g=84 W=1 e=-576 -533.00000000000000000000000000000000000000000000000 
-5.2071091597643310348657783198996242266338699779959E-77
PP 26 g=84 W=1 e=-552 911.00000000000000000000000000000000000000000000000 
8.8999558059011361590295010308228098882991661349987E-77
PP 26 g=84 W=1 e=-528 -758.00000000000000000000000000000000000000000000000 
-7.4052321634171912278203751716396156919108319762118E-77
PP 26 g=84 W=1 e=-504 854.00000000000000000000000000000000000000000000000 
8.3430979783090782434810031617153453837623357621172E-77
PP 26 g=84 W=1 e=-480 -690.00000000000000000000000000000000000000000000000 
-6.7409105445354379250607636786693071601826834611955E-77
PP 26 g=84 W=1 e=-456 1254.0000000000000000000000000000000000000000000000 
1.2250872207025274142066953120364219099810268203390E-76
PP 26 g=84 W=1 e=-432 -1088.0000000000000000000000000000000000000000000000 
-1.0629145902108052844153783887524936507650376240262E-76
PP 26 g=84 W=1 e=-408 1494.0000000000000000000000000000000000000000000000 
1.4595536744254991681218523095553543329439027668154E-76
PP 26 g=84 W=1 e=-384 -1182.0000000000000000000000000000000000000000000000 
-1.1547472845856358880321482127807421830921640363961E-76
PP 26 g=84 W=1 e=-360 1816.0000000000000000000000000000000000000000000000 
1.7741294998371529379580212812265886670857613283378E-76
PP 26 g=84 W=1 e=-336 -1388.0000000000000000000000000000000000000000000000 
-1.3559976573645199768093246356511591794686325571216E-76
PP 26 g=84 W=1 e=-312 1929.0000000000000000000000000000000000000000000000 
1.8845241217983854720930743675584193495641154198038E-76
PP 26 g=84 W=1 e=-288 -1562.0000000000000000000000000000000000000000000000 
-1.5259858363136744983978134588523851861167176183170E-76
PP 26 g=84 W=1 e=-264 2831.0000000000000000000000000000000000000000000000 
2.7657272103738876472242060832337403725329241853108E-76
PP 26 g=84 W=1 e=-240 -2172.0000000000000000000000000000000000000000000000 
-2.1219214061928943729321708275463384278140273156111E-76
PP 26 g=84 W=1 e=-216 2990.0000000000000000000000000000000000000000000000 
2.9210612359653564341929975940900331027458294998514E-76
PP 26 g=84 W=1 e=-192 -1959.0000000000000000000000000000000000000000000000 
-1.9138324285137569413324689922482859024344749131133E-76
PP 26 g=84 W=1 e=-168 3444.0000000000000000000000000000000000000000000000 
3.3645936109246446686825029143966802695172698319358E-76
PP 26 g=84 W=1 e=-144 -2888.0000000000000000000000000000000000000000000000 
-2.8214129931330934387790558701444868229866072225989E-76
PP 26 g=84 W=1 e=-120 4474.0000000000000000000000000000000000000000000000 
4.3708454748190651125683850287487652513996124355636E-76
PP 26 g=84 W=1 e=-96 -3176.0000000000000000000000000000000000000000000000 
-3.1027727376006595434772442671672057305420583583705E-76
PP 26 g=84 W=1 e=-72 4915.0000000000000000000000000000000000000000000000 
4.8016775835350257103874860116898035785938969872139E-76
PP 26 g=84 W=1 e=-48 -2949.0000000000000000000000000000000000000000000000 
-2.8810065501210154262324916070138821471563381923283E-76
PP 26 g=84 W=1 e=-24 5228.0000000000000000000000000000000000000000000000 
5.1074609169320680394518365959540779468746477007434E-76
PP 26 g=84 W=1 e=0 -3742.0000000000000000000000000000000000000000000000 
-3.6557227909640012631271561863160213613628407988106E-76
PP 27 g=84 W=1 e=-696 1.0000000000000000000000000000000000000000000000000 
1.0377854644217247300238541688220334225318519689109E-79
PP 27 g=84 W=1 e=-672 -3.0000000000000000000000000000000000000000000000000 
-3.1133563932651741900715625064661002675955559067326E-79
PP 27 g=84 W=1 e=-648 5.0000000000000000000000000000000000000000000000000 
5.1889273221086236501192708441101671126592598445543E-79
PP 27 g=84 W=1 e=-624 -3.0000000000000000000000000000000000000000000000000 
-3.1133563932651741900715625064661002675955559067326E-79
PP 27 g=84 W=1 e=-600 -2.0000000000000000000000000000000000000000000000000 
-2.0755709288434494600477083376440668450637039378217E-79
PP 27 g=84 W=1 e=-576 3.0000000000000000000000000000000000000000000000000 
3.1133563932651741900715625064661002675955559067326E-79
PP 27 g=84 W=1 e=-552 3.0000000000000000000000000000000000000000000000000 
3.1133563932651741900715625064661002675955559067326E-79
PP 27 g=84 W=1 e=-528 -8.0000000000000000000000000000000000000000000000000 
-8.3022837153737978401908333505762673802548157512869E-79
PP 27 g=84 W=1 e=-504 -2.0000000000000000000000000000000000000000000000000 
-2.0755709288434494600477083376440668450637039378217E-79
PP 27 g=84 W=1 e=-480 19.000000000000000000000000000000000000000000000000 
1.9717923824012769870453229207618635028105187409306E-78
PP 27 g=84 W=1 e=-456 -20.000000000000000000000000000000000000000000000000 
-2.0755709288434494600477083376440668450637039378217E-78
PP 27 g=84 W=1 e=-432 2.0000000000000000000000000000000000000000000000000 
2.0755709288434494600477083376440668450637039378217E-79
PP 27 g=84 W=1 e=-408 12.000000000000000000000000000000000000000000000000 
1.2453425573060696760286250025864401070382223626930E-78
PP 27 g=84 W=1 e=-384 -1.0000000000000000000000000000000000000000000000000 
-1.0377854644217247300238541688220334225318519689109E-79
PP 27 g=84 W=1 e=-360 -18.000000000000000000000000000000000000000000000000 
-1.8680138359591045140429375038796601605573335440396E-78
PP 27 g=84 W=1 e=-336 10.000000000000000000000000000000000000000000000000 
1.0377854644217247300238541688220334225318519689109E-78
PP 27 g=84 W=1 e=-312 15.000000000000000000000000000000000000000000000000 
1.5566781966325870950357812532330501337977779533663E-78
PP 27 g=84 W=1 e=-288 -33.000000000000000000000000000000000000000000000000 
-3.4246920325916916090787187571127102943551114974058E-78
PP 27 g=84 W=1 e=-264 25.000000000000000000000000000000000000000000000000 
2.5944636610543118250596354220550835563296299222772E-78
PP 27 g=84 W=1 e=-240 -4.0000000000000000000000000000000000000000000000000 
-4.1511418576868989200954166752881336901274078756434E-79
PP 27 g=84 W=1 e=-192 -2.0000000000000000000000000000000000000000000000000 
-2.0755709288434494600477083376440668450637039378217E-79
PP 27 g=84 W=1 e=-168 4.0000000000000000000000000000000000000000000000000 
4.1511418576868989200954166752881336901274078756434E-79
PP 27 g=84 W=1 e=-120 -22.000000000000000000000000000000000000000000000000 
-2.2831280217277944060524791714084735295700743316039E-78
PP 27 g=84 W=1 e=-96 30.000000000000000000000000000000000000000000000000 
3.1133563932651741900715625064661002675955559067326E-78
PP 27 g=84 W=1 e=-72 -29.000000000000000000000000000000000000000000000000 
-3.0095778468230017170691770895838969253423707098415E-78
PP 27 g=84 W=1 e=-48 28.000000000000000000000000000000000000000000000000 
2.9057993003808292440667916727016935830891855129504E-78
PP 27 g=84 W=1 e=-24 -20.000000000000000000000000000000000000000000000000 
-2.0755709288434494600477083376440668450637039378217E-78
PP 27 g=84 W=1 e=0 31.000000000000000000000000000000000000000000000000 
3.2171349397073466630739479233483036098487411036237E-78
PP 28 g=84 W=1 e=-984 1.0000000000000000000000000000000000000000000000000 
5.5651900788917369431883997600144487694888914440573E-79
PP 28 g=84 W=1 e=-960 -3.0000000000000000000000000000000000000000000000000 
-1.6695570236675210829565199280043346308466674332172E-78
PP 28 g=84 W=1 e=-936 4.0000000000000000000000000000000000000000000000000 
2.2260760315566947772753599040057795077955565776229E-78
PP 28 g=84 W=1 e=-888 -6.0000000000000000000000000000000000000000000000000 
-3.3391140473350421659130398560086692616933348664344E-78
PP 28 g=84 W=1 e=-864 3.0000000000000000000000000000000000000000000000000 
1.6695570236675210829565199280043346308466674332172E-78
PP 28 g=84 W=1 e=-840 11.000000000000000000000000000000000000000000000000 
6.1217090867809106375072397360158936464377805884630E-78
PP 28 g=84 W=1 e=-816 -17.000000000000000000000000000000000000000000000000 
-9.4608231341159528034202795920245629081311154548974E-78
PP 28 g=84 W=1 e=-792 -2.0000000000000000000000000000000000000000000000000 
-1.1130380157783473886376799520028897538977782888115E-78
PP 28 g=84 W=1 e=-768 27.000000000000000000000000000000000000000000000000 
1.5026013213007689746608679352039011677620006898955E-77
PP 28 g=84 W=1 e=-744 -18.000000000000000000000000000000000000000000000000 
-1.0017342142005126497739119568026007785080004599303E-77
PP 28 g=84 W=1 e=-720 -19.000000000000000000000000000000000000000000000000 
-1.0573861149894300192057959544027452662028893743709E-77
PP 28 g=84 W=1 e=-696 30.000000000000000000000000000000000000000000000000 
1.6695570236675210829565199280043346308466674332172E-77
PP 28 g=84 W=1 e=-672 5.0000000000000000000000000000000000000000000000000 
2.7825950394458684715941998800072243847444457220287E-78
PP 28 g=84 W=1 e=-648 -40.000000000000000000000000000000000000000000000000 
-2.2260760315566947772753599040057795077955565776229E-77
PP 28 g=84 W=1 e=-624 23.000000000000000000000000000000000000000000000000 
1.2799937181450994969333319448033232169824450321332E-77
PP 28 g=84 W=1 e=-600 18.000000000000000000000000000000000000000000000000 
1.0017342142005126497739119568026007785080004599303E-77
PP 28 g=84 W=1 e=-576 -28.000000000000000000000000000000000000000000000000 
-1.5582532220896863440927519328040456554568896043360E-77
PP 28 g=84 W=1 e=-552 13.000000000000000000000000000000000000000000000000 
7.2347471025592580261449196880187834003355588772745E-78
PP 28 g=84 W=1 e=-504 -6.0000000000000000000000000000000000000000000000000 
-3.3391140473350421659130398560086692616933348664344E-78
PP 28 g=84 W=1 e=-480 9.0000000000000000000000000000000000000000000000000 
5.0086710710025632488695597840130038925400022996516E-78
PP 28 g=84 W=1 e=-456 -4.0000000000000000000000000000000000000000000000000 
-2.2260760315566947772753599040057795077955565776229E-78
PP 28 g=84 W=1 e=-432 -33.000000000000000000000000000000000000000000000000 
-1.8365127260342731912521719208047680939313341765389E-77
PP 28 g=84 W=1 e=-408 48.000000000000000000000000000000000000000000000000 
2.6712912378680337327304318848069354093546678931475E-77
PP 28 g=84 W=1 e=-384 1.0000000000000000000000000000000000000000000000000 
5.5651900788917369431883997600144487694888914440573E-79
PP 28 g=84 W=1 e=-360 -50.000000000000000000000000000000000000000000000000 
-2.7825950394458684715941998800072243847444457220286E-77
PP 28 g=84 W=1 e=-336 60.000000000000000000000000000000000000000000000000 
3.3391140473350421659130398560086692616933348664344E-77
PP 28 g=84 W=1 e=-312 -26.000000000000000000000000000000000000000000000000 
-1.4469494205118516052289839376037566800671117754549E-77
PP 28 g=84 W=1 e=-288 -10.000000000000000000000000000000000000000000000000 
-5.5651900788917369431883997600144487694888914440573E-78
PP 28 g=84 W=1 e=-264 2.0000000000000000000000000000000000000000000000000 
1.1130380157783473886376799520028897538977782888115E-78
PP 28 g=84 W=1 e=-240 -12.000000000000000000000000000000000000000000000000 
-6.6782280946700843318260797120173385233866697328688E-78
PP 28 g=84 W=1 e=-216 -16.000000000000000000000000000000000000000000000000 
-8.9043041262267791091014396160231180311822263104917E-78
PP 28 g=84 W=1 e=-192 96.000000000000000000000000000000000000000000000000 
5.3425824757360674654608637696138708187093357862950E-77
PP 28 g=84 W=1 e=-168 -76.000000000000000000000000000000000000000000000000 
-4.2295444599577200768231838176109810648115574974835E-77
PP 28 g=84 W=1 e=-144 -34.000000000000000000000000000000000000000000000000 
-1.8921646268231905606840559184049125816262230909795E-77
PP 28 g=84 W=1 e=-120 179.00000000000000000000000000000000000000000000000 
9.9616902412162091283072355704258632973851156848625E-77
PP 28 g=84 W=1 e=-96 -172.00000000000000000000000000000000000000000000000 
-9.5721269356937875422840475872248518835208932837785E-77
PP 28 g=84 W=1 e=-72 -62.000000000000000000000000000000000000000000000000 
-3.4504178489128769047768078512089582370831126953155E-77
PP 28 g=84 W=1 e=-48 151.00000000000000000000000000000000000000000000000 
8.4034370191265227842144836376218176419282260805265E-77
PP 28 g=84 W=1 e=-24 -30.000000000000000000000000000000000000000000000000 
-1.6695570236675210829565199280043346308466674332172E-77
PP 28 g=84 W=1 e=0 -117.00000000000000000000000000000000000000000000000 
-6.5112723923033322235304277192169050603020029895470E-77
PP 29 g=84 W=1 e=-1272 1.0000000000000000000000000000000000000000000000000 
4.8404990196549351316896861730471230845209962191144E-79
PP 29 g=84 W=1 e=-1248 -3.0000000000000000000000000000000000000000000000000 
-1.4521497058964805395069058519141369253562988657343E-78
PP 29 g=84 W=1 e=-1224 3.0000000000000000000000000000000000000000000000000 
1.4521497058964805395069058519141369253562988657343E-78
PP 29 g=84 W=1 e=-1200 3.0000000000000000000000000000000000000000000000000 
1.4521497058964805395069058519141369253562988657343E-78
PP 29 g=84 W=1 e=-1176 -9.0000000000000000000000000000000000000000000000000 
-4.3564491176894416185207175557424107760688965972030E-78
PP 29 g=84 W=1 e=-1128 22.000000000000000000000000000000000000000000000000 
1.0649097843240857289717309580703670785946191682052E-77
PP 29 g=84 W=1 e=-1104 -23.000000000000000000000000000000000000000000000000 
-1.1133147745206350802886278198008383094398291303963E-77
PP 29 g=84 W=1 e=-1080 -15.000000000000000000000000000000000000000000000000 
-7.2607485294824026975345292595706846267814943286717E-78
PP 29 g=84 W=1 e=-1056 47.000000000000000000000000000000000000000000000000 
2.2750345392378195118941525013321478497248682229838E-77
PP 29 g=84 W=1 e=-1032 -12.000000000000000000000000000000000000000000000000 
-5.8085988235859221580276234076565477014251954629373E-78
PP 29 g=84 W=1 e=-1008 -57.000000000000000000000000000000000000000000000000 
-2.7590844412033130250631211186368601581769678448952E-77
PP 29 g=84 W=1 e=-984 55.000000000000000000000000000000000000000000000000 
2.6622744608102143224293273951759176964865479205129E-77
PP 29 g=84 W=1 e=-960 28.000000000000000000000000000000000000000000000000 
1.3553397255033818368731121284531944636658789413520E-77
PP 29 g=84 W=1 e=-936 -76.000000000000000000000000000000000000000000000000 
-3.6787792549377507000841614915158135442359571265270E-77
PP 29 g=84 W=1 e=-912 23.000000000000000000000000000000000000000000000000 
1.1133147745206350802886278198008383094398291303963E-77
PP 29 g=84 W=1 e=-888 47.000000000000000000000000000000000000000000000000 
2.2750345392378195118941525013321478497248682229838E-77
PP 29 g=84 W=1 e=-864 -42.000000000000000000000000000000000000000000000000 
-2.0330095882550727553096681926797916954988184120281E-77
PP 29 g=84 W=1 e=-840 10.000000000000000000000000000000000000000000000000 
4.8404990196549351316896861730471230845209962191144E-78
PP 29 g=84 W=1 e=-816 -8.0000000000000000000000000000000000000000000000000 
-3.8723992157239481053517489384376984676167969752916E-78
PP 29 g=84 W=1 e=-792 -22.000000000000000000000000000000000000000000000000 
-1.0649097843240857289717309580703670785946191682052E-77
PP 29 g=84 W=1 e=-768 74.000000000000000000000000000000000000000000000000 
3.5819692745446519974503677680548710825455372021447E-77
PP 29 g=84 W=1 e=-744 -34.000000000000000000000000000000000000000000000000 
-1.6457696666826779447744932988360218487371387144989E-77
PP 29 g=84 W=1 e=-720 -113.00000000000000000000000000000000000000000000000 
-5.4697638922100766988093453755432490855087257275993E-77
PP 29 g=84 W=1 e=-696 169.00000000000000000000000000000000000000000000000 
8.1804433432168403725555696324496380128404836103034E-77
PP 29 g=84 W=1 e=-672 13.000000000000000000000000000000000000000000000000 
6.2926487255514156711965920249612600098772950848487E-78
PP 29 g=84 W=1 e=-648 -199.00000000000000000000000000000000000000000000000 
-9.6325930491133209120624754843637749381967824760377E-77
PP 29 g=84 W=1 e=-624 122.00000000000000000000000000000000000000000000000 
5.9054088039790208606614171311174901631156153873196E-77
PP 29 g=84 W=1 e=-600 75.000000000000000000000000000000000000000000000000 
3.6303742647412013487672646297853423133907471643358E-77
PP 29 g=84 W=1 e=-576 -161.00000000000000000000000000000000000000000000000 
-7.7932034216444455620203947386058681660788039127743E-77
PP 29 g=84 W=1 e=-552 77.000000000000000000000000000000000000000000000000 
3.7271842451343000514010583532462847750811670887181E-77
PP 29 g=84 W=1 e=-528 40.000000000000000000000000000000000000000000000000 
1.9361996078619740526758744692188492338083984876458E-77
PP 29 g=84 W=1 e=-504 -118.00000000000000000000000000000000000000000000000 
-5.7117888431928234553938296841956052397347755385550E-77
PP 29 g=84 W=1 e=-480 242.00000000000000000000000000000000000000000000000 
1.1714007627564943018689040538774037864540810850257E-76
PP 29 g=84 W=1 e=-456 -174.00000000000000000000000000000000000000000000000 
-8.4224682941995871291400539411019941670665334212591E-77
PP 29 g=84 W=1 e=-432 -212.00000000000000000000000000000000000000000000000 
-1.0261857921668462479182134686859900939184511984523E-76
PP 29 g=84 W=1 e=-408 431.00000000000000000000000000000000000000000000000 
2.0862550774712770417582547405833100494285493704383E-76
PP 29 g=84 W=1 e=-384 -182.00000000000000000000000000000000000000000000000 
-8.8097082157719819396752288349457640138282131187883E-77
PP 29 g=84 W=1 e=-360 -388.00000000000000000000000000000000000000000000000 
-1.8781136196261148310955982351422837567941465330164E-76
PP 29 g=84 W=1 e=-336 583.00000000000000000000000000000000000000000000000 
2.8220109284588271817750870388864727582757407957437E-76
PP 29 g=84 W=1 e=-312 15.000000000000000000000000000000000000000000000000 
7.2607485294824026975345292595706846267814943286717E-78
PP 29 g=84 W=1 e=-288 -551.00000000000000000000000000000000000000000000000 
-2.6671149598298692575610170813489648195710689167321E-76
PP 29 g=84 W=1 e=-264 534.00000000000000000000000000000000000000000000000 
2.5848264764957353603222924164071637271342119810071E-76
PP 29 g=84 W=1 e=-240 -113.00000000000000000000000000000000000000000000000 
-5.4697638922100766988093453755432490855087257275993E-77
PP 29 g=84 W=1 e=-216 -518.00000000000000000000000000000000000000000000000 
-2.5073784921812563982152574376384097577818760415013E-76
PP 29 g=84 W=1 e=-192 624.00000000000000000000000000000000000000000000000 
3.0204713882646795221743641719814048047411016407274E-76
PP 29 g=84 W=1 e=-168 -280.00000000000000000000000000000000000000000000000 
-1.3553397255033818368731121284531944636658789413520E-76
PP 29 g=84 W=1 e=-144 -245.00000000000000000000000000000000000000000000000 
-1.1859222598154591072639731123965451557076440736830E-76
PP 29 g=84 W=1 e=-120 837.00000000000000000000000000000000000000000000000 
4.0514976794511807052242673268404420217440738353988E-76
PP 29 g=84 W=1 e=-96 -253.00000000000000000000000000000000000000000000000 
-1.2246462519726985883174906017809221403838120434360E-76
PP 29 g=84 W=1 e=-72 -833.00000000000000000000000000000000000000000000000 
-4.0321356833725609646975085821482535294059898505223E-76
PP 29 g=84 W=1 e=-48 1028.0000000000000000000000000000000000000000000000 
4.9760329922052733153769973858924425308875841132496E-76
PP 29 g=84 W=1 e=-24 -584.00000000000000000000000000000000000000000000000 
-2.8268514274784821169067767250595198813602617919628E-76
PP 29 g=84 W=1 e=0 -637.00000000000000000000000000000000000000000000000 
-3.0833978755201936788863300922310174048398745915759E-76
PP 30 g=84 W=1 e=-696 1.0000000000000000000000000000000000000000000000000 
1.3917825462668840287696970924447443513892738700697E-79
PP 30 g=84 W=1 e=-672 -4.0000000000000000000000000000000000000000000000000 
-5.5671301850675361150787883697789774055570954802787E-79
PP 30 g=84 W=1 e=-648 12.000000000000000000000000000000000000000000000000 
1.6701390555202608345236365109336932216671286440836E-78
PP 30 g=84 W=1 e=-624 -20.000000000000000000000000000000000000000000000000 
-2.7835650925337680575393941848894887027785477401394E-78
PP 30 g=84 W=1 e=-600 28.000000000000000000000000000000000000000000000000 
3.8969911295472752805551518588452841838899668361951E-78
PP 30 g=84 W=1 e=-576 -24.000000000000000000000000000000000000000000000000 
-3.3402781110405216690472730218673864433342572881673E-78
PP 30 g=84 W=1 e=-552 29.000000000000000000000000000000000000000000000000 
4.0361693841739636834321215680897586190288942232021E-78
PP 30 g=84 W=1 e=-528 -35.000000000000000000000000000000000000000000000000 
-4.8712389119340941006939398235566052298624585452439E-78
PP 30 g=84 W=1 e=-504 68.000000000000000000000000000000000000000000000000 
9.4641213146148113956339402286242615894470623164738E-78
PP 30 g=84 W=1 e=-480 -76.000000000000000000000000000000000000000000000000 
-1.0577547351628318618649697902580057070558481412530E-77
PP 30 g=84 W=1 e=-456 80.000000000000000000000000000000000000000000000000 
1.1134260370135072230157576739557954811114190960557E-77
PP 30 g=84 W=1 e=-432 -44.000000000000000000000000000000000000000000000000 
-6.1238432035742897265866672067568751461128050283066E-78
PP 30 g=84 W=1 e=-408 48.000000000000000000000000000000000000000000000000 
6.6805562220810433380945460437347728866685145763345E-78
PP 30 g=84 W=1 e=-384 -59.000000000000000000000000000000000000000000000000 
-8.2115170229746157697412128454239916731967158334111E-78
PP 30 g=84 W=1 e=-360 122.00000000000000000000000000000000000000000000000 
1.6979747064455985150990304527825881086949141214850E-77
PP 30 g=84 W=1 e=-336 -124.00000000000000000000000000000000000000000000000 
-1.7258103573709361956744243946314829957226995988864E-77
PP 30 g=84 W=1 e=-312 132.00000000000000000000000000000000000000000000000 
1.8371529610722869179760001620270625438338415084920E-77
PP 30 g=84 W=1 e=-288 -60.000000000000000000000000000000000000000000000000 
-8.3506952776013041726181825546684661083356432204181E-78
PP 30 g=84 W=1 e=-264 105.00000000000000000000000000000000000000000000000 
1.4613716735802282302081819470669815689587375635732E-77
PP 30 g=84 W=1 e=-240 -116.00000000000000000000000000000000000000000000000 
-1.6144677536695854733728486272359034476115576892808E-77
PP 30 g=84 W=1 e=-216 246.00000000000000000000000000000000000000000000000 
3.4237850638165347107734548474140711044176137203714E-77
PP 30 g=84 W=1 e=-192 -214.00000000000000000000000000000000000000000000000 
-2.9784146490111318215671517778317529119730460819491E-77
PP 30 g=84 W=1 e=-168 244.00000000000000000000000000000000000000000000000 
3.3959494128911970301980609055651762173898282429700E-77
PP 30 g=84 W=1 e=-144 -148.00000000000000000000000000000000000000000000000 
-2.0598381684749883625791516968182216400561253277031E-77
PP 30 g=84 W=1 e=-120 220.00000000000000000000000000000000000000000000000 
3.0619216017871448632933336033784375730564025141533E-77
PP 30 g=84 W=1 e=-96 -203.00000000000000000000000000000000000000000000000 
-2.8253185689217745784024850976628310333202259562415E-77
PP 30 g=84 W=1 e=-72 352.00000000000000000000000000000000000000000000000 
4.8990745628594317812693337654055001168902440226453E-77
PP 30 g=84 W=1 e=-48 -282.00000000000000000000000000000000000000000000000 
-3.9248267804726129611305458006941790709177523135965E-77
PP 30 g=84 W=1 e=-24 380.00000000000000000000000000000000000000000000000 
5.2887736758141593093248489512900285352792407062648E-77
PP 30 g=84 W=1 e=0 -200.00000000000000000000000000000000000000000000000 
-2.7835650925337680575393941848894887027785477401394E-77
PP 31 g=84 W=1 e=-984 1.0000000000000000000000000000000000000000000000000 
6.0601329953658567763245659736421905378642472513128E-79
PP 31 g=84 W=1 e=-960 -4.0000000000000000000000000000000000000000000000000 
-2.4240531981463427105298263894568762151456989005251E-78
PP 31 g=84 W=1 e=-936 11.000000000000000000000000000000000000000000000000 
6.6661462949024424539570225710064095916506719764441E-78
PP 31 g=84 W=1 e=-912 -16.000000000000000000000000000000000000000000000000 
-9.6962127925853708421193055578275048605827956021004E-78
PP 31 g=84 W=1 e=-888 17.000000000000000000000000000000000000000000000000 
1.0302226092121956519751762155191723914369220327232E-77
PP 31 g=84 W=1 e=-864 -8.0000000000000000000000000000000000000000000000000 
-4.8481063962926854210596527789137524302913978010502E-78
PP 31 g=84 W=1 e=-840 14.000000000000000000000000000000000000000000000000 
8.4841861935121994868543923630990667530099461518379E-78
PP 31 g=84 W=1 e=-816 -35.000000000000000000000000000000000000000000000000 
-2.1210465483780498717135980907747666882524865379595E-77
PP 31 g=84 W=1 e=-792 79.000000000000000000000000000000000000000000000000 
4.7875050663390268532964071191773305249127553285371E-77
PP 31 g=84 W=1 e=-768 -85.000000000000000000000000000000000000000000000000 
-5.1511130460609782598758810775958619571846101636159E-77
PP 31 g=84 W=1 e=-744 68.000000000000000000000000000000000000000000000000 
4.1208904368487826079007048620766895657476881308927E-77
PP 31 g=84 W=1 e=-720 -23.000000000000000000000000000000000000000000000000 
-1.3938305889341470585546501739377038237087768678019E-77
PP 31 g=84 W=1 e=-696 55.000000000000000000000000000000000000000000000000 
3.3330731474512212269785112855032047958253359882220E-77
PP 31 g=84 W=1 e=-672 -114.00000000000000000000000000000000000000000000000 
-6.9085516147170767250100052099520972131652418664966E-77
PP 31 g=84 W=1 e=-648 218.00000000000000000000000000000000000000000000000 
1.3211089929897567772387553822539975372544059007862E-76
PP 31 g=84 W=1 e=-624 -201.00000000000000000000000000000000000000000000000 
-1.2180867320685372120412377607020802981107136975139E-76
PP 31 g=84 W=1 e=-600 165.00000000000000000000000000000000000000000000000 
9.9992194423536636809355338565096143874760079646661E-77
PP 31 g=84 W=1 e=-576 -52.000000000000000000000000000000000000000000000000 
-3.1512691575902455236887743062939390796894085706826E-77
PP 31 g=84 W=1 e=-552 134.00000000000000000000000000000000000000000000000 
8.1205782137902480802749184046805353207380913167592E-77
PP 31 g=84 W=1 e=-528 -237.00000000000000000000000000000000000000000000000 
-1.4362515199017080559889221357531991574738265985611E-76
PP 31 g=84 W=1 e=-504 464.00000000000000000000000000000000000000000000000 
2.8119017098497575442145986117699764095690107246091E-76
PP 31 g=84 W=1 e=-480 -414.00000000000000000000000000000000000000000000000 
-2.5088950600814647053983703130878668826757983620435E-76
PP 31 g=84 W=1 e=-456 388.00000000000000000000000000000000000000000000000 
2.3513316022019524292139315977731699286913279335094E-76
PP 31 g=84 W=1 e=-432 -187.00000000000000000000000000000000000000000000000 
-1.1332448701334152171726938370710896305806142359955E-76
PP 31 g=84 W=1 e=-408 371.00000000000000000000000000000000000000000000000 
2.2483093412807328640164139762212526895476357302370E-76
PP 31 g=84 W=1 e=-384 -462.00000000000000000000000000000000000000000000000 
-2.7997814438590258306619494798226920284932822301065E-76
PP 31 g=84 W=1 e=-360 871.00000000000000000000000000000000000000000000000 
5.2783758389636612521786969630423479584797593558934E-76
PP 31 g=84 W=1 e=-336 -784.00000000000000000000000000000000000000000000000 
-4.7511442683668317126384597233354773816855698450292E-76
PP 31 g=84 W=1 e=-312 855.00000000000000000000000000000000000000000000000 
5.1814137110378075437575039074640729098739313998724E-76
PP 31 g=84 W=1 e=-288 -448.00000000000000000000000000000000000000000000000 
-2.7149395819239038357934055561917013609631827685881E-76
PP 31 g=84 W=1 e=-264 683.00000000000000000000000000000000000000000000000 
4.1390708358348801782296785599976161373612808726466E-76
PP 31 g=84 W=1 e=-240 -673.00000000000000000000000000000000000000000000000 
-4.0784695058812216104664329002611942319826384001335E-76
PP 31 g=84 W=1 e=-216 1360.0000000000000000000000000000000000000000000000 
8.2417808736975652158014097241533791314953762617854E-76
PP 31 g=84 W=1 e=-192 -1225.0000000000000000000000000000000000000000000000 
-7.4236629193231745509975933177116834088837028828582E-76
PP 31 g=84 W=1 e=-168 1490.0000000000000000000000000000000000000000000000 
9.0295981630951265967236033007268639014177284044561E-76
PP 31 g=84 W=1 e=-144 -676.00000000000000000000000000000000000000000000000 
-4.0966499048673191807954065981821208035962311418875E-76
PP 31 g=84 W=1 e=-120 951.00000000000000000000000000000000000000000000000 
5.7631864785929297942846622409337232015088991359984E-76
PP 31 g=84 W=1 e=-96 -774.00000000000000000000000000000000000000000000000 
-4.6905429384131731448752140635990554763069273725161E-76
PP 31 g=84 W=1 e=-72 2052.0000000000000000000000000000000000000000000000 
1.2435392906490738105018009377913774983697435359694E-75
PP 31 g=84 W=1 e=-48 -1903.0000000000000000000000000000000000000000000000 
-1.1532433090181225445345649047841088593555662519248E-75
PP 31 g=84 W=1 e=-24 2351.0000000000000000000000000000000000000000000000 
1.4247372672105129281139054604032789954518845287836E-75
PP 31 g=84 W=1 e=0 -992.00000000000000000000000000000000000000000000000 
-6.0116519314029299221139694458530530135613332733023E-76
PP 32 g=84 W=1 e=-720 1.0000000000000000000000000000000000000000000000000 
3.3662121021954014632578858102983125240043155599488E-79
PP 32 g=84 W=1 e=-696 -4.0000000000000000000000000000000000000000000000000 
-1.3464848408781605853031543241193250096017262239795E-78
PP 32 g=84 W=1 e=-672 11.000000000000000000000000000000000000000000000000 
3.7028333124149416095836743913281437764047471159437E-78
PP 32 g=84 W=1 e=-648 -19.000000000000000000000000000000000000000000000000 
-6.3958029941712627801899830395667937956081995639027E-78
PP 32 g=84 W=1 e=-624 26.000000000000000000000000000000000000000000000000 
8.7521514657080438044705031067756125624112204558669E-78
PP 32 g=84 W=1 e=-600 -29.000000000000000000000000000000000000000000000000 
-9.7620150963666642434478688498651063196125151238515E-78
PP 32 g=84 W=1 e=-576 33.000000000000000000000000000000000000000000000000 
1.1108499937244824828751023173984431329214241347831E-77
PP 32 g=84 W=1 e=-552 -46.000000000000000000000000000000000000000000000000 
-1.5484575670098846730986274727372237610419851575765E-77
PP 32 g=84 W=1 e=-528 64.000000000000000000000000000000000000000000000000 
2.1543757454050569364850469185909200153627619583672E-77
PP 32 g=84 W=1 e=-504 -86.000000000000000000000000000000000000000000000000 
-2.8949424078880452584017817968565487706437113815560E-77
PP 32 g=84 W=1 e=-480 90.000000000000000000000000000000000000000000000000 
3.0295908919758613169320972292684812716038840039539E-77
PP 32 g=84 W=1 e=-456 -89.000000000000000000000000000000000000000000000000 
-2.9959287709539073022995183711654981463638408483544E-77
PP 32 g=84 W=1 e=-432 89.000000000000000000000000000000000000000000000000 
2.9959287709539073022995183711654981463638408483544E-77
PP 32 g=84 W=1 e=-408 -108.00000000000000000000000000000000000000000000000 
-3.6355090703710335803185166751221775259246608047447E-77
PP 32 g=84 W=1 e=-384 148.00000000000000000000000000000000000000000000000 
4.9819939112491941656216709992415025355263870287242E-77
PP 32 g=84 W=1 e=-360 -166.00000000000000000000000000000000000000000000000 
-5.5879120896443664290080904450951987898471638295150E-77
PP 32 g=84 W=1 e=-336 176.00000000000000000000000000000000000000000000000 
5.9245332998639065753338790261250300422475953855099E-77
PP 32 g=84 W=1 e=-312 -160.00000000000000000000000000000000000000000000000 
-5.3859393635126423412126172964773000384069048959181E-77
PP 32 g=84 W=1 e=-288 167.00000000000000000000000000000000000000000000000 
5.6215742106663204436406693031981819150872069851145E-77
PP 32 g=84 W=1 e=-264 -202.00000000000000000000000000000000000000000000000 
-6.7997484464347109557809293368025912984887174310966E-77
PP 32 g=84 W=1 e=-240 232.00000000000000000000000000000000000000000000000 
7.8096120770933313947582950798920850556900120990812E-77
PP 32 g=84 W=1 e=-216 -270.00000000000000000000000000000000000000000000000 
-9.0887726759275839507962916878054438148116520118617E-77
PP 32 g=84 W=1 e=-192 260.00000000000000000000000000000000000000000000000 
8.7521514657080438044705031067756125624112204558669E-77
PP 32 g=84 W=1 e=-168 -266.00000000000000000000000000000000000000000000000 
-8.9541241918397678922659762553935113138514793894638E-77
PP 32 g=84 W=1 e=-144 298.00000000000000000000000000000000000000000000000 
1.0031312064542296360508499714688971321532860368647E-76
PP 32 g=84 W=1 e=-120 -324.00000000000000000000000000000000000000000000000 
-1.0906527211113100740955550025366532577773982414234E-76
PP 32 g=84 W=1 e=-96 381.00000000000000000000000000000000000000000000000 
1.2825268109364479575012544937236570716456442283405E-76
PP 32 g=84 W=1 e=-72 -381.00000000000000000000000000000000000000000000000 
-1.2825268109364479575012544937236570716456442283405E-76
PP 32 g=84 W=1 e=-48 419.00000000000000000000000000000000000000000000000 
1.4104428708198732131050541545149929475578082196185E-76
PP 32 g=84 W=1 e=-24 -451.00000000000000000000000000000000000000000000000 
-1.5181616580901260599293065004445389483259463175369E-76
PP 32 g=84 W=1 e=0 446.00000000000000000000000000000000000000000000000 
1.5013305975791490526130170713930473857059247397372E-76
PP 33 g=84 W=1 e=-1272 1.0000000000000000000000000000000000000000000000000 
5.0588569561311154954382207984107125746507420118229E-79
PP 33 g=84 W=1 e=-1248 -4.0000000000000000000000000000000000000000000000000 
-2.0235427824524461981752883193642850298602968047291E-78
PP 33 g=84 W=1 e=-1224 10.000000000000000000000000000000000000000000000000 
5.0588569561311154954382207984107125746507420118229E-78
PP 33 g=84 W=1 e=-1200 -12.000000000000000000000000000000000000000000000000 
-6.0706283473573385945258649580928550895808904141874E-78
PP 33 g=84 W=1 e=-1176 7.0000000000000000000000000000000000000000000000000 
3.5411998692917808468067545588874988022555194082760E-78
PP 33 g=84 W=1 e=-1152 4.0000000000000000000000000000000000000000000000000 
2.0235427824524461981752883193642850298602968047291E-78
PP 33 g=84 W=1 e=-1128 9.0000000000000000000000000000000000000000000000000 
4.5529712605180039458943987185696413171856678106406E-78
PP 33 g=84 W=1 e=-1104 -47.000000000000000000000000000000000000000000000000 
-2.3776627693816242828559637752530349100858487455567E-77
PP 33 g=84 W=1 e=-1080 93.000000000000000000000000000000000000000000000000 
4.7047369692019374107575453425219626944251900709953E-77
PP 33 g=84 W=1 e=-1056 -74.000000000000000000000000000000000000000000000000 
-3.7435541475370254666242833908239273052415490887489E-77
PP 33 g=84 W=1 e=-1032 19.000000000000000000000000000000000000000000000000 
9.6118282166491194413326195169803538918364098224634E-78
PP 33 g=84 W=1 e=-1008 23.000000000000000000000000000000000000000000000000 
1.1635370999101565639507907836344638921696706627193E-77
PP 33 g=84 W=1 e=-984 71.000000000000000000000000000000000000000000000000 
3.5917884388530920017611367668716059280020268283942E-77
PP 33 g=84 W=1 e=-960 -203.00000000000000000000000000000000000000000000000 
-1.0269479620946164455739588220773746526541006284000E-76
PP 33 g=84 W=1 e=-936 315.00000000000000000000000000000000000000000000000 
1.5935399411813013810630395514993744610149837337242E-76
PP 33 g=84 W=1 e=-912 -219.00000000000000000000000000000000000000000000000 
-1.1078896733927142935009703548519460538485125005892E-76
PP 33 g=84 W=1 e=-888 90.000000000000000000000000000000000000000000000000 
4.5529712605180039458943987185696413171856678106406E-77
PP 33 g=84 W=1 e=-864 31.000000000000000000000000000000000000000000000000 
1.5682456564006458035858484475073208981417300236651E-77
PP 33 g=84 W=1 e=-840 192.00000000000000000000000000000000000000000000000 
9.7130053557717417512413839329485681433294246626999E-77
PP 33 g=84 W=1 e=-816 -489.00000000000000000000000000000000000000000000000 
-2.4737810515481154772692899704228384490042128437814E-76
PP 33 g=84 W=1 e=-792 815.00000000000000000000000000000000000000000000000 
4.1229684192468591287821499507047307483403547396356E-76
PP 33 g=84 W=1 e=-768 -597.00000000000000000000000000000000000000000000000 
-3.0201376028102759507766178166511954070664929810582E-76
PP 33 g=84 W=1 e=-744 333.00000000000000000000000000000000000000000000000 
1.6845993663916614599809275258707672873586970899370E-76
PP 33 g=84 W=1 e=-720 -22.000000000000000000000000000000000000000000000000 
-1.1129485303488454089964085756503567664231632426010E-77
PP 33 g=84 W=1 e=-696 516.00000000000000000000000000000000000000000000000 
2.6103701893636555956461219319799276885197828781006E-76
PP 33 g=84 W=1 e=-672 -1016.0000000000000000000000000000000000000000000000 
-5.1397986674292133433652323311852839758451538840120E-76
PP 33 g=84 W=1 e=-648 1744.0000000000000000000000000000000000000000000000 
8.8226465314926654240442570724282827301908940686190E-76
PP 33 g=84 W=1 e=-624 -1417.0000000000000000000000000000000000000000000000 
-7.1684003068377906570359588713479797182801014307530E-76
PP 33 g=84 W=1 e=-600 1116.0000000000000000000000000000000000000000000000 
5.6456843630423248929090544110263552333102280851943E-76
PP 33 g=84 W=1 e=-576 -327.00000000000000000000000000000000000000000000000 
-1.6542462246548747670082982010803030119107926378661E-76
PP 33 g=84 W=1 e=-552 1081.0000000000000000000000000000000000000000000000 
5.4686243695777358505687166830819802931974521147805E-76
PP 33 g=84 W=1 e=-528 -1780.0000000000000000000000000000000000000000000000 
-9.0047653819133855818800330211710683828783207810447E-76
PP 33 g=84 W=1 e=-504 3368.0000000000000000000000000000000000000000000000 
1.7038230228249596988635927649047279951423699095819E-75
PP 33 g=84 W=1 e=-480 -2872.0000000000000000000000000000000000000000000000 
-1.4529037178008563702898570133035566514396931057955E-75
PP 33 g=84 W=1 e=-456 2598.0000000000000000000000000000000000000000000000 
1.3142910372028638057148497634271031268942627746716E-75
PP 33 g=84 W=1 e=-432 -851.00000000000000000000000000000000000000000000000 
-4.3050872696675792866179258994475164010277814520612E-76
PP 33 g=84 W=1 e=-408 1888.0000000000000000000000000000000000000000000000 
9.5511219331755460553873608673994253409406009183215E-76
PP 33 g=84 W=1 e=-384 -2721.0000000000000000000000000000000000000000000000 
-1.3765149777632765263087398792475548915624669014170E-75
PP 33 g=84 W=1 e=-360 5927.0000000000000000000000000000000000000000000000 
2.9983845178989121541462334672180293429954947904074E-75
PP 33 g=84 W=1 e=-336 -5249.0000000000000000000000000000000000000000000000 
-2.6553940162732225235555220970857830304341744820058E-75
PP 33 g=84 W=1 e=-312 5058.0000000000000000000000000000000000000000000000 
2.5587698484111182175926520798361384202583453095800E-75
PP 33 g=84 W=1 e=-288 -1605.0000000000000000000000000000000000000000000000 
-8.1194654145904403701783443814491936823144409289757E-76
PP 33 g=84 W=1 e=-264 3370.0000000000000000000000000000000000000000000000 
1.7048347942161859219626804090644101376573000579843E-75
PP 33 g=84 W=1 e=-240 -4147.0000000000000000000000000000000000000000000000 
-2.0979079797075735959582301651009225047076627123029E-75
PP 33 g=84 W=1 e=-216 9636.0000000000000000000000000000000000000000000000 
4.8747145629279428914042695613485626369334550025925E-75
PP 33 g=84 W=1 e=-192 -8778.0000000000000000000000000000000000000000000000 
-4.4406646360918931818956702168449234980284213379781E-75
PP 33 g=84 W=1 e=-168 9326.0000000000000000000000000000000000000000000000 
4.7178899972878783110456847165978305471192820002260E-75
PP 33 g=84 W=1 e=-144 -3095.0000000000000000000000000000000000000000000000 
-1.5657162279225802458381293371081155418544046526592E-75
PP 33 g=84 W=1 e=-120 5261.0000000000000000000000000000000000000000000000 
2.6614646446205798621500479620438758855237553724200E-75
PP 33 g=84 W=1 e=-96 -5295.0000000000000000000000000000000000000000000000 
-2.6786647582714256548345379127584723082775678952602E-75
PP 33 g=84 W=1 e=-72 14294.000000000000000000000000000000000000000000000 
7.2311301330938164891793928092482725542057706316996E-75
PP 33 g=84 W=1 e=-48 -12838.000000000000000000000000000000000000000000000 
-6.4945605602811260730435878609996728033366225947782E-75
PP 33 g=84 W=1 e=-24 14873.000000000000000000000000000000000000000000000 
7.5240379508538080763652657934762528122780485941841E-75
PP 33 g=84 W=1 e=0 -5138.0000000000000000000000000000000000000000000000 
-2.5992407040601671415561578462234241208555512456746E-75
PP 34 g=84 W=1 e=-1008 1.0000000000000000000000000000000000000000000000000 
7.9301382248251011981426323793966851721232931483364E-79
PP 34 g=84 W=1 e=-984 -4.0000000000000000000000000000000000000000000000000 
-3.1720552899300404792570529517586740688493172593346E-78
PP 34 g=84 W=1 e=-960 10.000000000000000000000000000000000000000000000000 
7.9301382248251011981426323793966851721232931483364E-78
PP 34 g=84 W=1 e=-936 -15.000000000000000000000000000000000000000000000000 
-1.1895207337237651797213948569095027758184939722505E-77
PP 34 g=84 W=1 e=-912 16.000000000000000000000000000000000000000000000000 
1.2688221159720161917028211807034696275397269037338E-77
PP 34 g=84 W=1 e=-888 -14.000000000000000000000000000000000000000000000000 
-1.1102193514755141677399685331155359240972610407671E-77
PP 34 g=84 W=1 e=-864 19.000000000000000000000000000000000000000000000000 
1.5067262627167692276471001520853701827034256981839E-77
PP 34 g=84 W=1 e=-840 -40.000000000000000000000000000000000000000000000000 
-3.1720552899300404792570529517586740688493172593346E-77
PP 34 g=84 W=1 e=-816 68.000000000000000000000000000000000000000000000000 
5.3924939928810688147369900179897459170438393408688E-77
PP 34 g=84 W=1 e=-792 -88.000000000000000000000000000000000000000000000000 
-6.9785216378460890543655164938690829514684979705361E-77
PP 34 g=84 W=1 e=-768 84.000000000000000000000000000000000000000000000000 
6.6613161088530850064398111986932155445835662446026E-77
PP 34 g=84 W=1 e=-744 -74.000000000000000000000000000000000000000000000000 
-5.8683022863705748866255479607535470273712369297690E-77
PP 34 g=84 W=1 e=-720 87.000000000000000000000000000000000000000000000000 
6.8992202555978380423840901700751160997472650390527E-77
PP 34 g=84 W=1 e=-696 -140.00000000000000000000000000000000000000000000000 
-1.1102193514755141677399685331155359240972610407671E-76
PP 34 g=84 W=1 e=-672 209.00000000000000000000000000000000000000000000000 
1.6573988889884461504118101672939072009737682680023E-76
PP 34 g=84 W=1 e=-648 -242.00000000000000000000000000000000000000000000000 
-1.9190934504076744899505170358139978116538369418974E-76
PP 34 g=84 W=1 e=-624 226.00000000000000000000000000000000000000000000000 
1.7922112388104728707802349177436508488998642515240E-76
PP 34 g=84 W=1 e=-600 -203.00000000000000000000000000000000000000000000000 
-1.6098180596394955432229543730175270899410285091123E-76
PP 34 g=84 W=1 e=-576 231.00000000000000000000000000000000000000000000000 
1.8318619299345983767709480796406342747604807172657E-76
PP 34 g=84 W=1 e=-552 -326.00000000000000000000000000000000000000000000000 
-2.5852250612929829905944981556833193661121935663577E-76
PP 34 g=84 W=1 e=-528 439.00000000000000000000000000000000000000000000000 
3.4813306806982194259846156145551447905621256921197E-76
PP 34 g=84 W=1 e=-504 -500.00000000000000000000000000000000000000000000000 
-3.9650691124125505990713161896983425860616465741682E-76
PP 34 g=84 W=1 e=-480 500.00000000000000000000000000000000000000000000000 
3.9650691124125505990713161896983425860616465741682E-76
PP 34 g=84 W=1 e=-456 -480.00000000000000000000000000000000000000000000000 
-3.8064663479160485751084635421104088826191807112015E-76
PP 34 g=84 W=1 e=-432 538.00000000000000000000000000000000000000000000000 
4.2664143649559044446007362201154166226023317138050E-76
PP 34 g=84 W=1 e=-408 -678.00000000000000000000000000000000000000000000000 
-5.3766337164314186123407047532309525466995927545721E-76
PP 34 g=84 W=1 e=-384 829.00000000000000000000000000000000000000000000000 
6.5740845883800088932602422425198520076902100199709E-76
PP 34 g=84 W=1 e=-360 -945.00000000000000000000000000000000000000000000000 
-7.4939806224597206322447875985298674876565120251780E-76
PP 34 g=84 W=1 e=-336 993.00000000000000000000000000000000000000000000000 
7.8746272572513254897556339527409083759184300962981E-76
PP 34 g=84 W=1 e=-312 -1024.0000000000000000000000000000000000000000000000 
-8.1204615422209036268980555565022056162542521838965E-76
PP 34 g=84 W=1 e=-288 1075.0000000000000000000000000000000000000000000000 
8.5248985916869837880033298078514365600325401344617E-76
PP 34 g=84 W=1 e=-264 -1179.0000000000000000000000000000000000000000000000 
-9.3496329670687943126101635753086918179333626218887E-76
PP 34 g=84 W=1 e=-240 1379.0000000000000000000000000000000000000000000000 
1.0935660612033814552238690051188028852358021251556E-75
PP 34 g=84 W=1 e=-216 -1556.0000000000000000000000000000000000000000000000 
-1.2339295077827857464309935982341242127823844138812E-75
PP 34 g=84 W=1 e=-192 1675.0000000000000000000000000000000000000000000000 
1.3282981526582044506888909235489447663306516023464E-75
PP 34 g=84 W=1 e=-168 -1720.0000000000000000000000000000000000000000000000 
-1.3639837746699174060805327692562298496052064215139E-75
PP 34 g=84 W=1 e=-144 1693.0000000000000000000000000000000000000000000000 
1.3425724014628896328455476618318587996404735300134E-75
PP 34 g=84 W=1 e=-120 -1752.0000000000000000000000000000000000000000000000 
-1.3893602169893577299145891928702992421560009595885E-75
PP 34 g=84 W=1 e=-96 1956.0000000000000000000000000000000000000000000000 
1.5511350367757897943566988934099916196673161398146E-75
PP 34 g=84 W=1 e=-72 -2286.0000000000000000000000000000000000000000000000 
-1.8128295981950181338954057619300822303473848137097E-75
PP 34 g=84 W=1 e=-48 2525.0000000000000000000000000000000000000000000000 
2.0023599017683380525310146757976630059611315199550E-75
PP 34 g=84 W=1 e=-24 -2493.0000000000000000000000000000000000000000000000 
-1.9769834594488977286969582521835936134103369818803E-75
PP 34 g=84 W=1 e=0 2417.0000000000000000000000000000000000000000000000 
1.9167144089402269595910742461001788061021999539529E-75
PP 35 g=84 W=1 e=-1296 1.0000000000000000000000000000000000000000000000000 
7.0873716018841353264689853696049768389046590555020E-79
PP 35 g=84 W=1 e=-1272 -4.0000000000000000000000000000000000000000000000000 
-2.8349486407536541305875941478419907355618636222008E-78
PP 35 g=84 W=1 e=-1248 9.0000000000000000000000000000000000000000000000000 
6.3786344416957217938220868326444791550141931499518E-78
PP 35 g=84 W=1 e=-1224 -11.000000000000000000000000000000000000000000000000 
-7.7961087620725488591158839065654745227951249610522E-78
PP 35 g=84 W=1 e=-1200 7.0000000000000000000000000000000000000000000000000 
4.9611601213188947285282897587234837872332613388514E-78
PP 35 g=84 W=1 e=-1176 -3.0000000000000000000000000000000000000000000000000 
-2.1262114805652405979406956108814930516713977166506E-78
PP 35 g=84 W=1 e=-1152 14.000000000000000000000000000000000000000000000000 
9.9223202426377894570565795174469675744665226777028E-78
PP 35 g=84 W=1 e=-1128 -45.000000000000000000000000000000000000000000000000 
-3.1893172208478608969110434163222395775070965749759E-77
PP 35 g=84 W=1 e=-1104 75.000000000000000000000000000000000000000000000000 
5.3155287014131014948517390272037326291784942916265E-77
PP 35 g=84 W=1 e=-1080 -77.000000000000000000000000000000000000000000000000 
-5.4572761334507842013811187345958321659565874727366E-77
PP 35 g=84 W=1 e=-1056 50.000000000000000000000000000000000000000000000000 
3.5436858009420676632344926848024884194523295277510E-77
PP 35 g=84 W=1 e=-1032 -36.000000000000000000000000000000000000000000000000 
-2.5514537766782887175288347330577916620056772599807E-77
PP 35 g=84 W=1 e=-1008 82.000000000000000000000000000000000000000000000000 
5.8116447135449909677045680030760810079018204255117E-77
PP 35 g=84 W=1 e=-984 -187.00000000000000000000000000000000000000000000000 
-1.3253384895523333060497002641161306688751712433789E-76
PP 35 g=84 W=1 e=-960 278.00000000000000000000000000000000000000000000000 
1.9702893053237896207583779327501835612154952174296E-76
PP 35 g=84 W=1 e=-936 -280.00000000000000000000000000000000000000000000000 
-1.9844640485275578914113159034893935148933045355406E-76
PP 35 g=84 W=1 e=-912 201.00000000000000000000000000000000000000000000000 
1.4245616919787112006202660592906003446198364701559E-76
PP 35 g=84 W=1 e=-888 -163.00000000000000000000000000000000000000000000000 
-1.1552415711071140582144446152456112247414594260468E-76
PP 35 g=84 W=1 e=-864 272.00000000000000000000000000000000000000000000000 
1.9277650757124848087995640205325537001820672630965E-76
PP 35 g=84 W=1 e=-840 -501.00000000000000000000000000000000000000000000000 
-3.5507731725439517985609616701720933962912341868065E-76
PP 35 g=84 W=1 e=-816 706.00000000000000000000000000000000000000000000000 
5.0036843509301995404871036709411136482666892931844E-76
PP 35 g=84 W=1 e=-792 -740.00000000000000000000000000000000000000000000000 
-5.2446549853942601415870491735076828607894477010715E-76
PP 35 g=84 W=1 e=-768 626.00000000000000000000000000000000000000000000000 
4.4366946227794687143695848413727155011543165687443E-76
PP 35 g=84 W=1 e=-744 -550.00000000000000000000000000000000000000000000000 
-3.8980543810362744295579419532827372613975624805261E-76
PP 35 g=84 W=1 e=-720 719.00000000000000000000000000000000000000000000000 
5.0958201817546932997312004807459783471724498609059E-76
PP 35 g=84 W=1 e=-696 -1135.0000000000000000000000000000000000000000000000 
-8.0441667681384935955422983945016487121567880279948E-76
PP 35 g=84 W=1 e=-672 1535.0000000000000000000000000000000000000000000000 
1.0879115408892147726129892542343639447718651650196E-75
PP 35 g=84 W=1 e=-648 -1685.0000000000000000000000000000000000000000000000 
-1.1942221149174768025100240347784385973554350508521E-75
PP 35 g=84 W=1 e=-624 1609.0000000000000000000000000000000000000000000000 
1.1403580907431573740288597459694407733797596420303E-75
PP 35 g=84 W=1 e=-600 -1529.0000000000000000000000000000000000000000000000 
-1.0836591179280842914171078630126009586685223695863E-75
PP 35 g=84 W=1 e=-576 1722.0000000000000000000000000000000000000000000000 
1.2204453898444481032179592806459770116593822893574E-75
PP 35 g=84 W=1 e=-552 -2265.0000000000000000000000000000000000000000000000 
-1.6052896678267566514452251862155272540119052760712E-75
PP 35 g=84 W=1 e=-528 2956.0000000000000000000000000000000000000000000000 
2.0950270455169504025042320752552311535802172168064E-75
PP 35 g=84 W=1 e=-504 -3426.0000000000000000000000000000000000000000000000 
-2.4281335108055047628482743876266650650087361924150E-75
PP 35 g=84 W=1 e=-480 3444.0000000000000000000000000000000000000000000000 
2.4408907796888962064359185612919540233187645787149E-75
PP 35 g=84 W=1 e=-456 -3292.0000000000000000000000000000000000000000000000 
-2.3331627313402573494735899836739583753674137610713E-75
PP 35 g=84 W=1 e=-432 3435.0000000000000000000000000000000000000000000000 
2.4345121452472004846420964744593095441637503855649E-75
PP 35 g=84 W=1 e=-408 -4078.0000000000000000000000000000000000000000000000 
-2.8902301392483503861340522337249095549053199628337E-75
PP 35 g=84 W=1 e=-384 5155.0000000000000000000000000000000000000000000000 
3.6535400607712717607947619580313655604553517431113E-75
PP 35 g=84 W=1 e=-360 -6088.0000000000000000000000000000000000000000000000 
-4.3147918312270615867543182930155098995251564329896E-75
PP 35 g=84 W=1 e=-336 6374.0000000000000000000000000000000000000000000000 
4.5174906590409478570913312745862122371178296819770E-75
PP 35 g=84 W=1 e=-312 -6097.0000000000000000000000000000000000000000000000 
-4.3211704656687573085481403798481543786801706261396E-75
PP 35 g=84 W=1 e=-288 6004.0000000000000000000000000000000000000000000000 
4.2552579097712348500119788159108280940783572969234E-75
PP 35 g=84 W=1 e=-264 -6909.0000000000000000000000000000000000000000000000 
-4.8966650397417490970574219918600784979992289414464E-75
PP 35 g=84 W=1 e=-240 8505.0000000000000000000000000000000000000000000000 
6.0278095474024570951618720568490328014884125267045E-75
PP 35 g=84 W=1 e=-216 -9940.0000000000000000000000000000000000000000000000 
-7.0448473722728305145101714573873469778712311011690E-75
PP 35 g=84 W=1 e=-192 10644.000000000000000000000000000000000000000000000 
7.5437983330454736414935880274075373473301190986763E-75
PP 35 g=84 W=1 e=-168 -10434.000000000000000000000000000000000000000000000 
-7.3949635294059067996377393346458328337131212585108E-75
PP 35 g=84 W=1 e=-144 10075.000000000000000000000000000000000000000000000 
7.1405268888982663414175027598770141651964439984183E-75
PP 35 g=84 W=1 e=-120 -10720.000000000000000000000000000000000000000000000 
-7.5976623572197930699747523162165351713057945074982E-75
PP 35 g=84 W=1 e=-96 12618.000000000000000000000000000000000000000000000 
8.9428454872574019549385657393675597753298987962325E-75
PP 35 g=84 W=1 e=-72 -14907.000000000000000000000000000000000000000000000 
-1.0565144846928680531167316490470138973755175254037E-74
PP 35 g=84 W=1 e=-48 16044.000000000000000000000000000000000000000000000 
1.1370978998062906717786840126994224840338634988647E-74
PP 35 g=84 W=1 e=-24 -15830.000000000000000000000000000000000000000000000 
-1.1219309245782586221800403840084678335986075284860E-74
PP 35 g=84 W=1 e=0 15199.000000000000000000000000000000000000000000000 
1.0772096097703697282700210863262604297451191298457E-74
PP 36 g=84 W=1 e=-672 1.0000000000000000000000000000000000000000000000000 
-9.5009114243820713715796688104165590772615206877638E-80
PP 36 g=84 W=1 e=-648 -4.0000000000000000000000000000000000000000000000000 
3.8003645697528285486318675241666236309046082751055E-79
PP 36 g=84 W=1 e=-624 9.0000000000000000000000000000000000000000000000000 
-8.5508202819438642344217019293749031695353686189874E-79
PP 36 g=84 W=1 e=-600 -14.000000000000000000000000000000000000000000000000 
1.3301275994134899920211536334583182708166128962869E-78
PP 36 g=84 W=1 e=-576 17.000000000000000000000000000000000000000000000000 
-1.6151549421449521331685436977708150431344585169198E-78
PP 36 g=84 W=1 e=-552 -22.000000000000000000000000000000000000000000000000 
2.0902005133640557017475271382916429969975345513080E-78
PP 36 g=84 W=1 e=-528 32.000000000000000000000000000000000000000000000000 
-3.0402916558022628389054940193332989047236866200844E-78
PP 36 g=84 W=1 e=-504 -45.000000000000000000000000000000000000000000000000 
4.2754101409719321172108509646874515847676843094937E-78
PP 36 g=84 W=1 e=-480 52.000000000000000000000000000000000000000000000000 
-4.9404739406786771132214277814166107201759907576372E-78
PP 36 g=84 W=1 e=-456 -47.000000000000000000000000000000000000000000000000 
4.4654283694595735446424443408957827663129147232490E-78
PP 36 g=84 W=1 e=-432 43.000000000000000000000000000000000000000000000000 
-4.0853919124842906897792575884791204032224538957384E-78
PP 36 g=84 W=1 e=-408 -51.000000000000000000000000000000000000000000000000 
4.8454648264348563995056310933124451294033755507595E-78
PP 36 g=84 W=1 e=-384 67.000000000000000000000000000000000000000000000000 
-6.3656106543359878189583781029790945817652188608017E-78
PP 36 g=84 W=1 e=-360 -74.000000000000000000000000000000000000000000000000 
7.0306744540427328149689549197082537171735253089452E-78
PP 36 g=84 W=1 e=-336 57.000000000000000000000000000000000000000000000000 
-5.4155195118977806818004112219374386740390667920254E-78
PP 36 g=84 W=1 e=-312 -42.000000000000000000000000000000000000000000000000 
3.9903827982404699760634609003749548124498386888608E-78
PP 36 g=84 W=1 e=-288 54.000000000000000000000000000000000000000000000000 
-5.1304921691663185406530211576249419017212211713924E-78
PP 36 g=84 W=1 e=-264 -85.000000000000000000000000000000000000000000000000 
8.0757747107247606658427184888540752156722925845992E-78
PP 36 g=84 W=1 e=-240 113.00000000000000000000000000000000000000000000000 
-1.0736029909551740649885025755770711757305518377173E-77
PP 36 g=84 W=1 e=-216 -99.000000000000000000000000000000000000000000000000 
9.4059023101382506578638721223123934864889054808861E-78
PP 36 g=84 W=1 e=-192 78.000000000000000000000000000000000000000000000000 
-7.4107109110180156698321416721249160802639861364557E-78
PP 36 g=84 W=1 e=-168 -93.000000000000000000000000000000000000000000000000 
8.8358476246753263755690919936873999418532142396203E-78
PP 36 g=84 W=1 e=-144 135.00000000000000000000000000000000000000000000000 
-1.2826230422915796351632552894062354754303052928481E-77
PP 36 g=84 W=1 e=-120 -188.00000000000000000000000000000000000000000000000 
1.7861713477838294178569777363583131065251658892996E-77
PP 36 g=84 W=1 e=-96 185.00000000000000000000000000000000000000000000000 
-1.7576686135106832037422387299270634292933813272363E-77
PP 36 g=84 W=1 e=-72 -151.00000000000000000000000000000000000000000000000 
1.4346376250816927771085299903729004206664896238523E-77
PP 36 g=84 W=1 e=-48 155.00000000000000000000000000000000000000000000000 
-1.4726412707792210625948486656145666569755357066034E-77
PP 36 g=84 W=1 e=-24 -184.00000000000000000000000000000000000000000000000 
1.7481677020863011323706590611166468702161198065485E-77
PP 36 g=84 W=1 e=0 245.00000000000000000000000000000000000000000000000 
-2.3277232989736074860370188585520569739290725685021E-77
PP 37 g=84 W=1 e=-960 1.0000000000000000000000000000000000000000000000000 
3.6704944758614901838141404072739703980656890775461E-79
PP 37 g=84 W=1 e=-936 -4.0000000000000000000000000000000000000000000000000 
-1.4681977903445960735256561629095881592262756310184E-78
PP 37 g=84 W=1 e=-912 8.0000000000000000000000000000000000000000000000000 
2.9363955806891921470513123258191763184525512620368E-78
PP 37 g=84 W=1 e=-888 -10.000000000000000000000000000000000000000000000000 
-3.6704944758614901838141404072739703980656890775460E-78
PP 37 g=84 W=1 e=-864 9.0000000000000000000000000000000000000000000000000 
3.3034450282753411654327263665465733582591201697914E-78
PP 37 g=84 W=1 e=-840 -12.000000000000000000000000000000000000000000000000 
-4.4045933710337882205769684887287644776788268930553E-78
PP 37 g=84 W=1 e=-816 25.000000000000000000000000000000000000000000000000 
9.1762361896537254595353510181849259951642226938652E-78
PP 37 g=84 W=1 e=-792 -41.000000000000000000000000000000000000000000000000 
-1.5049027351032109753637975669823278632069325217939E-77
PP 37 g=84 W=1 e=-768 46.000000000000000000000000000000000000000000000000 
1.6884274588962854845545045873460263831102169756712E-77
PP 37 g=84 W=1 e=-744 -38.000000000000000000000000000000000000000000000000 
-1.3947879008273662698493733547641087512649618494675E-77
PP 37 g=84 W=1 e=-720 39.000000000000000000000000000000000000000000000000 
1.4314928455859811716875147588368484552456187402430E-77
PP 37 g=84 W=1 e=-696 -67.000000000000000000000000000000000000000000000000 
-2.4592312988271984231554740728735601667040116819559E-77
PP 37 g=84 W=1 e=-672 101.00000000000000000000000000000000000000000000000 
3.7071994206201050856522818113467101020463459683215E-77
PP 37 g=84 W=1 e=-648 -109.00000000000000000000000000000000000000000000000 
-4.0008389786890243003574130439286277338916010945252E-77
PP 37 g=84 W=1 e=-624 86.000000000000000000000000000000000000000000000000 
3.1566252492408815580801607502556145423364926066896E-77
PP 37 g=84 W=1 e=-600 -72.000000000000000000000000000000000000000000000000 
-2.6427560226202729323461810932372586866072961358332E-77
PP 37 g=84 W=1 e=-576 109.00000000000000000000000000000000000000000000000 
4.0008389786890243003574130439286277338916010945252E-77
PP 37 g=84 W=1 e=-552 -167.00000000000000000000000000000000000000000000000 
-6.1297257746886886069696144801475305647697007595019E-77
PP 37 g=84 W=1 e=-528 196.00000000000000000000000000000000000000000000000 
7.1941691726885207602757151982569819802087505919903E-77
PP 37 g=84 W=1 e=-504 -177.00000000000000000000000000000000000000000000000 
-6.4967752222748376253510285208749276045762696672565E-77
PP 37 g=84 W=1 e=-480 147.00000000000000000000000000000000000000000000000 
5.3956268795163905702067863986927364851565629439927E-77
PP 37 g=84 W=1 e=-456 -182.00000000000000000000000000000000000000000000000 
-6.6802999460679121345417355412386261244795541211338E-77
PP 37 g=84 W=1 e=-432 270.00000000000000000000000000000000000000000000000 
9.9103350848260234962981790996397200747773605093743E-77
PP 37 g=84 W=1 e=-408 -347.00000000000000000000000000000000000000000000000 
-1.2736615831239370937835067213240677281287941099085E-76
PP 37 g=84 W=1 e=-384 377.00000000000000000000000000000000000000000000000 
1.3837764173997817992979309335422868400707647822349E-76
PP 37 g=84 W=1 e=-360 -346.00000000000000000000000000000000000000000000000 
-1.2699910886480756035996925809167937577307284208309E-76
PP 37 g=84 W=1 e=-336 353.00000000000000000000000000000000000000000000000 
1.2956845499791060348863915637677115505171882443738E-76
PP 37 g=84 W=1 e=-312 -441.00000000000000000000000000000000000000000000000 
-1.6186880638549171710620359196078209455469688831978E-76
PP 37 g=84 W=1 e=-288 548.00000000000000000000000000000000000000000000000 
2.0114309727720966207301489431861357781399976144952E-76
PP 37 g=84 W=1 e=-264 -642.00000000000000000000000000000000000000000000000 
-2.3564574535030766980086781414698889955581723877846E-76
PP 37 g=84 W=1 e=-240 624.00000000000000000000000000000000000000000000000 
2.2903885529375698747000236141389575283929899843887E-76
PP 37 g=84 W=1 e=-216 -571.00000000000000000000000000000000000000000000000 
-2.0958523457169108949578741725534370972955084632788E-76
PP 37 g=84 W=1 e=-192 617.00000000000000000000000000000000000000000000000 
2.2646950916065394434133246312880397356065301608459E-76
PP 37 g=84 W=1 e=-168 -697.00000000000000000000000000000000000000000000000 
-2.5583346496754586581184558638699573674517852870496E-76
PP 37 g=84 W=1 e=-144 809.00000000000000000000000000000000000000000000000 
2.9694300309719455587056395894846420520351424637348E-76
PP 37 g=84 W=1 e=-120 -847.00000000000000000000000000000000000000000000000 
-3.1089088210546821856905769249610529271616386486815E-76
PP 37 g=84 W=1 e=-96 799.00000000000000000000000000000000000000000000000 
2.9327250862133306568674981854119023480544855729593E-76
PP 37 g=84 W=1 e=-72 -864.00000000000000000000000000000000000000000000000 
-3.1713072271443275188154173118847104239287553629998E-76
PP 37 g=84 W=1 e=-48 902.00000000000000000000000000000000000000000000000 
3.3107860172270641458003546473611212990552515479465E-76
PP 37 g=84 W=1 e=-24 -948.00000000000000000000000000000000000000000000000 
-3.4796287631166926942558051060957239373662732455137E-76
PP 37 g=84 W=1 e=0 1080.0000000000000000000000000000000000000000000000 
3.9641340339304093985192716398558880299109442037497E-76
PP 38 g=84 W=1 e=-1248 1.0000000000000000000000000000000000000000000000000 
2.9533768270636973222049551166569147530144623570327E-79
PP 38 g=84 W=1 e=-1224 -4.0000000000000000000000000000000000000000000000000 
-1.1813507308254789288819820466627659012057849428131E-78
PP 38 g=84 W=1 e=-1200 7.0000000000000000000000000000000000000000000000000 
2.0673637789445881255434685816598403271101236499229E-78
PP 38 g=84 W=1 e=-1176 -6.0000000000000000000000000000000000000000000000000 
-1.7720260962382183933229730699941488518086774142196E-78
PP 38 g=84 W=1 e=-1152 2.0000000000000000000000000000000000000000000000000 
5.9067536541273946444099102333138295060289247140654E-79
PP 38 g=84 W=1 e=-1128 -6.0000000000000000000000000000000000000000000000000 
-1.7720260962382183933229730699941488518086774142196E-78
PP 38 g=84 W=1 e=-1104 25.000000000000000000000000000000000000000000000000 
7.3834420676592433055123877916422868825361558925818E-78
PP 38 g=84 W=1 e=-1080 -43.000000000000000000000000000000000000000000000000 
-1.2699520356373898485481307001624733437962188135241E-77
PP 38 g=84 W=1 e=-1056 38.000000000000000000000000000000000000000000000000 
1.1222831942842049824378829443296276061454956956724E-77
PP 38 g=84 W=1 e=-1032 -19.000000000000000000000000000000000000000000000000 
-5.6114159714210249121894147216481380307274784783622E-78
PP 38 g=84 W=1 e=-1008 26.000000000000000000000000000000000000000000000000 
7.6787797503656130377328833033079783578376021282851E-78
PP 38 g=84 W=1 e=-984 -78.000000000000000000000000000000000000000000000000 
-2.3036339251096839113198649909923935073512806384855E-77
PP 38 g=84 W=1 e=-960 127.00000000000000000000000000000000000000000000000 
3.7507885703708955992002929981542817363283671934315E-77
PP 38 g=84 W=1 e=-936 -119.00000000000000000000000000000000000000000000000 
-3.5145184242057998134238965888217285560872102048689E-77
PP 38 g=84 W=1 e=-912 77.000000000000000000000000000000000000000000000000 
2.2741001568390469380978154398258243598211360149152E-77
PP 38 g=84 W=1 e=-888 -76.000000000000000000000000000000000000000000000000 
-2.2445663885684099648757658886592552122909913913449E-77
PP 38 g=84 W=1 e=-864 156.00000000000000000000000000000000000000000000000 
4.6072678502193678226397299819847870147025612769710E-77
PP 38 g=84 W=1 e=-840 -254.00000000000000000000000000000000000000000000000 
-7.5015771407417911984005859963085634726567343868631E-77
PP 38 g=84 W=1 e=-816 279.00000000000000000000000000000000000000000000000 
8.2399213475077155289518247754727921609103499761213E-77
PP 38 g=84 W=1 e=-792 -239.00000000000000000000000000000000000000000000000 
-7.0585706166822366000698427288100262597045650333083E-77
PP 38 g=84 W=1 e=-768 208.00000000000000000000000000000000000000000000000 
6.1430238002924904301863066426463826862700817026281E-77
PP 38 g=84 W=1 e=-744 -267.00000000000000000000000000000000000000000000000 
-7.8855161282600718502872301614739623905486144932774E-77
PP 38 g=84 W=1 e=-720 423.00000000000000000000000000000000000000000000000 
1.2492783978479439672926960143458749405251175770248E-76
PP 38 g=84 W=1 e=-696 -560.00000000000000000000000000000000000000000000000 
-1.6538910231556705004347748653278722616880989199383E-76
PP 38 g=84 W=1 e=-672 609.00000000000000000000000000000000000000000000000 
1.7986064876817916692228176660440610845858075754329E-76
PP 38 g=84 W=1 e=-648 -571.00000000000000000000000000000000000000000000000 
-1.6863781682533711709790293716110983239712580058657E-76
PP 38 g=84 W=1 e=-624 544.00000000000000000000000000000000000000000000000 
1.6066369939226513432794955834613616256398675222258E-76
PP 38 g=84 W=1 e=-600 -702.00000000000000000000000000000000000000000000000 
-2.0732705325987155201878784918931541566161525746370E-76
PP 38 g=84 W=1 e=-576 982.00000000000000000000000000000000000000000000000 
2.9002160441765507704052659245570902874602020346062E-76
PP 38 g=84 W=1 e=-552 -1205.0000000000000000000000000000000000000000000000 
-3.5588190766117552732569709155715822773824271402244E-76
PP 38 g=84 W=1 e=-528 1256.0000000000000000000000000000000000000000000000 
3.7094412947920038366894236265210849297861647204331E-76
PP 38 g=84 W=1 e=-504 -1141.0000000000000000000000000000000000000000000000 
-3.3698029596796786446358537881055397331895015493743E-76
PP 38 g=84 W=1 e=-480 1197.0000000000000000000000000000000000000000000000 
3.5351920619952456946793312746383269593583114413682E-76
PP 38 g=84 W=1 e=-456 -1520.0000000000000000000000000000000000000000000000 
-4.4891327771368199297515317773185104245819827826898E-76
PP 38 g=84 W=1 e=-432 1854.0000000000000000000000000000000000000000000000 
5.4755606373760948353679867862819199520888132099387E-76
PP 38 g=84 W=1 e=-408 -2105.0000000000000000000000000000000000000000000000 
-6.2168582209690828632414305205628055550954432615539E-76
PP 38 g=84 W=1 e=-384 2123.0000000000000000000000000000000000000000000000 
6.2700190038562294150411197126626300206497035839805E-76
PP 38 g=84 W=1 e=-360 -2107.0000000000000000000000000000000000000000000000 
-6.2227649746232102578858404307961193846014721862679E-76
PP 38 g=84 W=1 e=-336 2295.0000000000000000000000000000000000000000000000 
6.7779998181111853544603719927276193581681911093901E-76
PP 38 g=84 W=1 e=-312 -2501.0000000000000000000000000000000000000000000000 
-7.3863954444863070028345927467589437972891703549389E-76
PP 38 g=84 W=1 e=-288 2975.0000000000000000000000000000000000000000000000 
8.7862960605144995335597414720543213902180255121724E-76
PP 38 g=84 W=1 e=-264 -3555.0000000000000000000000000000000000000000000000 
-1.0499254620211443980438615439715331946966413679251E-75
PP 38 g=84 W=1 e=-240 3757.0000000000000000000000000000000000000000000000 
1.1095836739278310839524016373280028727075335075372E-75
PP 38 g=84 W=1 e=-216 -3785.0000000000000000000000000000000000000000000000 
-1.1178531290436094364545755116546422340159740021369E-75
PP 38 g=84 W=1 e=-192 3644.0000000000000000000000000000000000000000000000 
1.0762105157820113042114856445097797359984700829027E-75
PP 38 g=84 W=1 e=-168 -4001.0000000000000000000000000000000000000000000000 
-1.1816460685081852986142025421744315926810863890488E-75
PP 38 g=84 W=1 e=-144 5161.0000000000000000000000000000000000000000000000 
1.5242377804475741879899773357066337040307640224646E-75
PP 38 g=84 W=1 e=-120 -5882.0000000000000000000000000000000000000000000000 
-1.7371762496788667649209545996175972577231067584067E-75
PP 38 g=84 W=1 e=-96 6035.0000000000000000000000000000000000000000000000 
1.7823629151329413339506904129024480534442280324693E-75
PP 38 g=84 W=1 e=-72 -5690.0000000000000000000000000000000000000000000000 
-1.6804714145992437763346194613777844944652290811516E-75
PP 38 g=84 W=1 e=-48 5309.0000000000000000000000000000000000000000000000 
1.5679477574881169083586106714331560423753780653487E-75
PP 38 g=84 W=1 e=-24 -6228.0000000000000000000000000000000000000000000000 
-1.8393630878952706922692460466539265081774071559600E-75
PP 38 g=84 W=1 e=0 7338.0000000000000000000000000000000000000000000000 
2.1671879156993410950339960646028440457620124775906E-75
PP 39 g=84 W=1 e=-696 1.0000000000000000000000000000000000000000000000000 
1.1075149385593058030141677769884273946427759377980E-79
PP 39 g=84 W=1 e=-672 -4.0000000000000000000000000000000000000000000000000 
-4.4300597542372232120566711079537095785711037511920E-79
PP 39 g=84 W=1 e=-648 6.0000000000000000000000000000000000000000000000000 
6.6450896313558348180850066619305643678566556267881E-79
PP 39 g=84 W=1 e=-624 -4.0000000000000000000000000000000000000000000000000 
-4.4300597542372232120566711079537095785711037511920E-79
PP 39 g=84 W=1 e=-600 1.0000000000000000000000000000000000000000000000000 
1.1075149385593058030141677769884273946427759377980E-79
PP 39 g=84 W=1 e=-576 -4.0000000000000000000000000000000000000000000000000 
-4.4300597542372232120566711079537095785711037511920E-79
PP 39 g=84 W=1 e=-552 14.000000000000000000000000000000000000000000000000 
1.5505209139830281242198348877837983524998863129172E-78
PP 39 g=84 W=1 e=-528 -17.000000000000000000000000000000000000000000000000 
-1.8827753955508198651240852208803265708927190942566E-78
PP 39 g=84 W=1 e=-504 8.0000000000000000000000000000000000000000000000000 
8.8601195084744464241133422159074191571422075023841E-79
PP 39 g=84 W=1 e=-480 -2.0000000000000000000000000000000000000000000000000 
-2.2150298771186116060283355539768547892855518755960E-79
PP 39 g=84 W=1 e=-456 8.0000000000000000000000000000000000000000000000000 
8.8601195084744464241133422159074191571422075023841E-79
PP 39 g=84 W=1 e=-432 -21.000000000000000000000000000000000000000000000000 
-2.3257813709745421863297523316756975287498294693758E-78
PP 39 g=84 W=1 e=-408 22.000000000000000000000000000000000000000000000000 
2.4365328648304727666311691093745402682141070631556E-78
PP 39 g=84 W=1 e=-384 -10.000000000000000000000000000000000000000000000000 
-1.1075149385593058030141677769884273946427759377980E-78
PP 39 g=84 W=1 e=-360 9.0000000000000000000000000000000000000000000000000 
9.9676344470337522271275099928958465517849834401821E-79
PP 39 g=84 W=1 e=-336 -16.000000000000000000000000000000000000000000000000 
-1.7720239016948892848226684431814838314284415004768E-78
PP 39 g=84 W=1 e=-312 24.000000000000000000000000000000000000000000000000 
2.6580358525423339272340026647722257471426622507152E-78
PP 39 g=84 W=1 e=-288 -32.000000000000000000000000000000000000000000000000 
-3.5440478033897785696453368863629676628568830009536E-78
PP 39 g=84 W=1 e=-264 31.000000000000000000000000000000000000000000000000 
3.4332963095338479893439201086641249233926054071738E-78
PP 39 g=84 W=1 e=-240 -38.000000000000000000000000000000000000000000000000 
-4.2085567665253620514538375525560240996425485636325E-78
PP 39 g=84 W=1 e=-216 43.000000000000000000000000000000000000000000000000 
4.7623142358050149529609214410502377969639365325315E-78
PP 39 g=84 W=1 e=-192 -37.000000000000000000000000000000000000000000000000 
-4.0978052726694314711524207748571813601782709698527E-78
PP 39 g=84 W=1 e=-168 44.000000000000000000000000000000000000000000000000 
4.8730657296609455332623382187490805364282141263113E-78
PP 39 g=84 W=1 e=-144 -44.000000000000000000000000000000000000000000000000 
-4.8730657296609455332623382187490805364282141263113E-78
PP 39 g=84 W=1 e=-120 54.000000000000000000000000000000000000000000000000 
5.9805806682202513362765059957375079310709900641093E-78
PP 39 g=84 W=1 e=-96 -75.000000000000000000000000000000000000000000000000 
-8.3063620391947935226062583274132054598208195334851E-78
PP 39 g=84 W=1 e=-72 54.000000000000000000000000000000000000000000000000 
5.9805806682202513362765059957375079310709900641093E-78
PP 39 g=84 W=1 e=-48 -27.000000000000000000000000000000000000000000000000 
-2.9902903341101256681382529978687539655354950320546E-78
PP 39 g=84 W=1 e=-24 20.000000000000000000000000000000000000000000000000 
2.2150298771186116060283355539768547892855518755960E-78
PP 39 g=84 W=1 e=0 -40.000000000000000000000000000000000000000000000000 
-4.4300597542372232120566711079537095785711037511921E-78
PP 40 g=84 W=1 e=-984 1.0000000000000000000000000000000000000000000000000 
5.6960392896347631565030485297299058322353796323835E-79
PP 40 g=84 W=1 e=-960 -4.0000000000000000000000000000000000000000000000000 
-2.2784157158539052626012194118919623328941518529534E-78
PP 40 g=84 W=1 e=-936 5.0000000000000000000000000000000000000000000000000 
2.8480196448173815782515242648649529161176898161917E-78
PP 40 g=84 W=1 e=-888 -4.0000000000000000000000000000000000000000000000000 
-2.2784157158539052626012194118919623328941518529534E-78
PP 40 g=84 W=1 e=-864 -4.0000000000000000000000000000000000000000000000000 
-2.2784157158539052626012194118919623328941518529534E-78
PP 40 g=84 W=1 e=-840 20.000000000000000000000000000000000000000000000000 
1.1392078579269526313006097059459811664470759264767E-77
PP 40 g=84 W=1 e=-816 -21.000000000000000000000000000000000000000000000000 
-1.1961682508233002628656401912432802247694297228005E-77
PP 40 g=84 W=1 e=-792 1.0000000000000000000000000000000000000000000000000 
5.6960392896347631565030485297299058322353796323835E-79
PP 40 g=84 W=1 e=-768 7.0000000000000000000000000000000000000000000000000 
3.9872275027443342095521339708109340825647657426684E-78
PP 40 g=84 W=1 e=-744 14.000000000000000000000000000000000000000000000000 
7.9744550054886684191042679416218681651295314853369E-78
PP 40 g=84 W=1 e=-720 -36.000000000000000000000000000000000000000000000000 
-2.0505741442685147363410974707027660996047366676581E-77
PP 40 g=84 W=1 e=-696 32.000000000000000000000000000000000000000000000000 
1.8227325726831242100809755295135698663153214823627E-77
PP 40 g=84 W=1 e=-672 -12.000000000000000000000000000000000000000000000000 
-6.8352471475617157878036582356758869986824555588602E-78
PP 40 g=84 W=1 e=-648 14.000000000000000000000000000000000000000000000000 
7.9744550054886684191042679416218681651295314853369E-78
PP 40 g=84 W=1 e=-624 -33.000000000000000000000000000000000000000000000000 
-1.8796929655794718416460060148108689246376752786866E-77
PP 40 g=84 W=1 e=-600 33.000000000000000000000000000000000000000000000000 
1.8796929655794718416460060148108689246376752786866E-77
PP 40 g=84 W=1 e=-576 -38.000000000000000000000000000000000000000000000000 
-2.1644949300612099994711584412973642162494442603057E-77
PP 40 g=84 W=1 e=-552 59.000000000000000000000000000000000000000000000000 
3.3606631808845102623367986325406444410188739831063E-77
PP 40 g=84 W=1 e=-528 -68.000000000000000000000000000000000000000000000000 
-3.8733067169516389464220730002163359659200581500208E-77
PP 40 g=84 W=1 e=-504 60.000000000000000000000000000000000000000000000000 
3.4176235737808578939018291178379434993412277794301E-77
PP 40 g=84 W=1 e=-480 -38.000000000000000000000000000000000000000000000000 
-2.1644949300612099994711584412973642162494442603057E-77
PP 40 g=84 W=1 e=-456 58.000000000000000000000000000000000000000000000000 
3.3037027879881626307717681472433453826965201867824E-77
PP 40 g=84 W=1 e=-432 -121.00000000000000000000000000000000000000000000000 
-6.8922075404580634193686887209731860570048093551840E-77
PP 40 g=84 W=1 e=-408 141.00000000000000000000000000000000000000000000000 
8.0314153983850160506692984269191672234518852816607E-77
PP 40 g=84 W=1 e=-384 -139.00000000000000000000000000000000000000000000000 
-7.9174946125923207875392374563245691068071776890130E-77
PP 40 g=84 W=1 e=-360 110.00000000000000000000000000000000000000000000000 
6.2656432185982394721533533827028964154589175956218E-77
PP 40 g=84 W=1 e=-336 -60.000000000000000000000000000000000000000000000000 
-3.4176235737808578939018291178379434993412277794301E-77
PP 40 g=84 W=1 e=-312 111.00000000000000000000000000000000000000000000000 
6.3226036114945871037183838680001954737812713919457E-77
PP 40 g=84 W=1 e=-288 -198.00000000000000000000000000000000000000000000000 
-1.1278157793476831049876036088865213547826051672119E-76
PP 40 g=84 W=1 e=-264 245.00000000000000000000000000000000000000000000000 
1.3955296259605169733432468897838269288976680099339E-76
PP 40 g=84 W=1 e=-240 -233.00000000000000000000000000000000000000000000000 
-1.3271771544848998154652103074270680589108434543453E-76
PP 40 g=84 W=1 e=-216 115.00000000000000000000000000000000000000000000000 
6.5504451830799776299785058091893917070706865772410E-77
PP 40 g=84 W=1 e=-192 -110.00000000000000000000000000000000000000000000000 
-6.2656432185982394721533533827028964154589175956218E-77
PP 40 g=84 W=1 e=-168 222.00000000000000000000000000000000000000000000000 
1.2645207222989174207436767736000390947562542783891E-76
PP 40 g=84 W=1 e=-144 -264.00000000000000000000000000000000000000000000000 
-1.5037543724635774733168048118486951397101402229492E-76
PP 40 g=84 W=1 e=-120 351.00000000000000000000000000000000000000000000000 
1.9993097906618018679325700339351969471146182509666E-76
PP 40 g=84 W=1 e=-96 -362.00000000000000000000000000000000000000000000000 
-2.0619662228477842626541035677622259112692074269228E-76
PP 40 g=84 W=1 e=-72 260.00000000000000000000000000000000000000000000000 
1.4809702153050384206907926177297755163811987044197E-76
PP 40 g=84 W=1 e=-48 -259.00000000000000000000000000000000000000000000000 
-1.4752741760154036575342895692000456105489633247873E-76
PP 40 g=84 W=1 e=-24 258.00000000000000000000000000000000000000000000000 
1.4695781367257688943777865206703157047167279451549E-76
PP 40 g=84 W=1 e=0 -418.00000000000000000000000000000000000000000000000 
-2.3809444230673309994182742854271006378743886863363E-76
PP 41 g=84 W=1 e=-1272 1.0000000000000000000000000000000000000000000000000 
4.7840799454041973594999532286890778373468640389154E-79
PP 41 g=84 W=1 e=-1248 -4.0000000000000000000000000000000000000000000000000 
-1.9136319781616789437999812914756311349387456155662E-78
PP 41 g=84 W=1 e=-1224 4.0000000000000000000000000000000000000000000000000 
1.9136319781616789437999812914756311349387456155662E-78
PP 41 g=84 W=1 e=-1200 4.0000000000000000000000000000000000000000000000000 
1.9136319781616789437999812914756311349387456155662E-78
PP 41 g=84 W=1 e=-1176 -8.0000000000000000000000000000000000000000000000000 
-3.8272639563233578875999625829512622698774912311323E-78
PP 41 g=84 W=1 e=-1152 -8.0000000000000000000000000000000000000000000000000 
-3.8272639563233578875999625829512622698774912311323E-78
PP 41 g=84 W=1 e=-1128 30.000000000000000000000000000000000000000000000000 
1.4352239836212592078499859686067233512040592116746E-77
PP 41 g=84 W=1 e=-1104 -21.000000000000000000000000000000000000000000000000 
-1.0046567885348814454949901780247063458428414481722E-77
PP 41 g=84 W=1 e=-1080 -18.000000000000000000000000000000000000000000000000 
-8.6113439017275552470999158116403401072243552700477E-78
PP 41 g=84 W=1 e=-1056 24.000000000000000000000000000000000000000000000000 
1.1481791868970073662799887748853786809632473693397E-77
PP 41 g=84 W=1 e=-1032 28.000000000000000000000000000000000000000000000000 
1.3395423847131752606599869040329417944571219308963E-77
PP 41 g=84 W=1 e=-1008 -64.000000000000000000000000000000000000000000000000 
-3.0618111650586863100799700663610098159019929849058E-77
PP 41 g=84 W=1 e=-984 36.000000000000000000000000000000000000000000000000 
1.7222687803455110494199831623280680214448710540095E-77
PP 41 g=84 W=1 e=-960 2.0000000000000000000000000000000000000000000000000 
9.5681598908083947189999064573781556746937280778308E-79
PP 41 g=84 W=1 e=-936 11.000000000000000000000000000000000000000000000000 
5.2624879399446170954499485515579856210815504428069E-78
PP 41 g=84 W=1 e=-912 -46.000000000000000000000000000000000000000000000000 
-2.2006767748859307853699784851969758051795574579011E-77
PP 41 g=84 W=1 e=-888 37.000000000000000000000000000000000000000000000000 
1.7701095797995530230149826946149587998183396943987E-77
PP 41 g=84 W=1 e=-864 -40.000000000000000000000000000000000000000000000000 
-1.9136319781616789437999812914756311349387456155662E-77
PP 41 g=84 W=1 e=-840 112.00000000000000000000000000000000000000000000000 
5.3581695388527010426399476161317671778284877235852E-77
PP 41 g=84 W=1 e=-816 -128.00000000000000000000000000000000000000000000000 
-6.1236223301173726201599401327220196318039859698117E-77
PP 41 g=84 W=1 e=-792 42.000000000000000000000000000000000000000000000000 
2.0093135770697628909899803560494126916856828963445E-77
PP 41 g=84 W=1 e=-768 5.0000000000000000000000000000000000000000000000000 
2.3920399727020986797499766143445389186734320194577E-78
PP 41 g=84 W=1 e=-744 88.000000000000000000000000000000000000000000000000 
4.2099903519556936763599588412463884968652403542455E-77
PP 41 g=84 W=1 e=-720 -257.00000000000000000000000000000000000000000000000 
-1.2295085459688787213914879797730930041981440580013E-76
PP 41 g=84 W=1 e=-696 274.00000000000000000000000000000000000000000000000 
1.3108379050407500765029871846608073274330407466628E-76
PP 41 g=84 W=1 e=-672 -144.00000000000000000000000000000000000000000000000 
-6.8890751213820441976799326493122720857794842160382E-77
PP 41 g=84 W=1 e=-648 104.00000000000000000000000000000000000000000000000 
4.9754431432203652538799513578366409508407386004720E-77
PP 41 g=84 W=1 e=-624 -126.00000000000000000000000000000000000000000000000 
-6.0279407312092886729699410681482380750570486890334E-77
PP 41 g=84 W=1 e=-600 237.00000000000000000000000000000000000000000000000 
1.1338269470607947742014889151993114474512067772229E-76
PP 41 g=84 W=1 e=-576 -456.00000000000000000000000000000000000000000000000 
-2.1815404551043139959319786722822194938301700017454E-76
PP 41 g=84 W=1 e=-552 507.00000000000000000000000000000000000000000000000 
2.4255285323199280612664762869453624635348600677301E-76
PP 41 g=84 W=1 e=-528 -402.00000000000000000000000000000000000000000000000 
-1.9232001380524873385189811979330092906134393436440E-76
PP 41 g=84 W=1 e=-504 228.00000000000000000000000000000000000000000000000 
1.0907702275521569979659893361411097469150850008727E-76
PP 41 g=84 W=1 e=-480 -160.00000000000000000000000000000000000000000000000 
-7.6545279126467157751999251659025245397549824622646E-77
PP 41 g=84 W=1 e=-456 502.00000000000000000000000000000000000000000000000 
2.4016081325929070744689765208019170743481257475355E-76
PP 41 g=84 W=1 e=-432 -790.00000000000000000000000000000000000000000000000 
-3.7794231568693159140049630506643714915040225907432E-76
PP 41 g=84 W=1 e=-408 836.00000000000000000000000000000000000000000000000 
3.9994908343579089925419608991840690720219783365333E-76
PP 41 g=84 W=1 e=-384 -871.00000000000000000000000000000000000000000000000 
-4.1669336324470559001244592621881867963291185778953E-76
PP 41 g=84 W=1 e=-360 530.00000000000000000000000000000000000000000000000 
2.5355623710642246005349752112052112537938379406252E-76
PP 41 g=84 W=1 e=-336 -324.00000000000000000000000000000000000000000000000 
-1.5500419023109599444779848460952612193003839486086E-76
PP 41 g=84 W=1 e=-312 732.00000000000000000000000000000000000000000000000 
3.5019465200358724671539657634004049769379044764861E-76
PP 41 g=84 W=1 e=-288 -1264.0000000000000000000000000000000000000000000000 
-6.0470770509909054624079408810629943864064361451891E-76
PP 41 g=84 W=1 e=-264 1783.0000000000000000000000000000000000000000000000 
8.5300145426556838919884166067526257839894585813862E-76
PP 41 g=84 W=1 e=-240 -1454.0000000000000000000000000000000000000000000000 
-6.9560522406177029607129319945139191755023403125830E-76
PP 41 g=84 W=1 e=-216 581.00000000000000000000000000000000000000000000000 
2.7795504482798386658694728258683542234985280066098E-76
PP 41 g=84 W=1 e=-192 -838.00000000000000000000000000000000000000000000000 
-4.0090589942487173872609608056414472276966720646111E-76
PP 41 g=84 W=1 e=-168 1448.0000000000000000000000000000000000000000000000 
6.9273477609452777765559322751417847084782591283495E-76
PP 41 g=84 W=1 e=-144 -1936.0000000000000000000000000000000000000000000000 
-9.2619787743025260879919094507420546931035287793402E-76
PP 41 g=84 W=1 e=-120 2400.0000000000000000000000000000000000000000000000 
1.1481791868970073662799887748853786809632473693397E-75
PP 41 g=84 W=1 e=-96 -1838.0000000000000000000000000000000000000000000000 
-8.7931389396529147467609140343305250650435361035265E-76
PP 41 g=84 W=1 e=-72 1508.0000000000000000000000000000000000000000000000 
7.2143925576695296181259294688631293787190709706844E-76
PP 41 g=84 W=1 e=-48 -1490.0000000000000000000000000000000000000000000000 
-7.1282791186522540656549303107467259776468274179839E-76
PP 41 g=84 W=1 e=-24 1202.0000000000000000000000000000000000000000000000 
5.7504640943758452261189437808842715604909305747763E-76
PP 41 g=84 W=1 e=0 -2584.0000000000000000000000000000000000000000000000 
-1.2362062578924445976947879142932577131704296676557E-75
PP 42 g=84 W=1 e=-696 1.0000000000000000000000000000000000000000000000000 
1.5598120333168390121317519814550829186400605795559E-79
PP 42 g=84 W=1 e=-672 -5.0000000000000000000000000000000000000000000000000 
-7.7990601665841950606587599072754145932003028977797E-79
PP 42 g=84 W=1 e=-648 14.000000000000000000000000000000000000000000000000 
2.1837368466435746169844527740371160860960848113783E-78
PP 42 g=84 W=1 e=-624 -26.000000000000000000000000000000000000000000000000 
-4.0555112866237814315425551517832155884641575068454E-78
PP 42 g=84 W=1 e=-600 35.000000000000000000000000000000000000000000000000 
5.4593421166089365424611319350927902152402120284458E-78
PP 42 g=84 W=1 e=-576 -40.000000000000000000000000000000000000000000000000 
-6.2392481332673560485270079258203316745602423182237E-78
PP 42 g=84 W=1 e=-552 47.000000000000000000000000000000000000000000000000 
7.3311165565891433570192343128388897176082847239129E-78
PP 42 g=84 W=1 e=-528 -67.000000000000000000000000000000000000000000000000 
-1.0450740623222821381282738275749055554888405883025E-77
PP 42 g=84 W=1 e=-504 94.000000000000000000000000000000000000000000000000 
1.4662233113178286714038468625677779435216569447826E-77
PP 42 g=84 W=1 e=-480 -110.00000000000000000000000000000000000000000000000 
-1.7157932366485229133449271796005912105040666375115E-77
PP 42 g=84 W=1 e=-456 107.00000000000000000000000000000000000000000000000 
1.6689988756490177429809746201569387229448648201248E-77
PP 42 g=84 W=1 e=-432 -94.000000000000000000000000000000000000000000000000 
-1.4662233113178286714038468625677779435216569447826E-77
PP 42 g=84 W=1 e=-408 104.00000000000000000000000000000000000000000000000 
1.6222045146495125726170220607132862353856630027382E-77
PP 42 g=84 W=1 e=-384 -134.00000000000000000000000000000000000000000000000 
-2.0901481246445642762565476551498111109776811766050E-77
PP 42 g=84 W=1 e=-360 162.00000000000000000000000000000000000000000000000 
2.5268954939732791996534382099572343281968981388806E-77
PP 42 g=84 W=1 e=-336 -162.00000000000000000000000000000000000000000000000 
-2.5268954939732791996534382099572343281968981388806E-77
PP 42 g=84 W=1 e=-312 135.00000000000000000000000000000000000000000000000 
2.1057462449777326663778651749643619401640817824005E-77
PP 42 g=84 W=1 e=-288 -142.00000000000000000000000000000000000000000000000 
-2.2149330873099113972270878136662177444688860229694E-77
PP 42 g=84 W=1 e=-264 185.00000000000000000000000000000000000000000000000 
2.8856522616361521724437411656919033994841120721785E-77
PP 42 g=84 W=1 e=-240 -243.00000000000000000000000000000000000000000000000 
-3.7903432409599187994801573149358514922953472083209E-77
PP 42 g=84 W=1 e=-216 268.00000000000000000000000000000000000000000000000 
4.1802962492891285525130953102996222219553623532099E-77
PP 42 g=84 W=1 e=-192 -246.00000000000000000000000000000000000000000000000 
-3.8371376019594239698441098743795039798545490257076E-77
PP 42 g=84 W=1 e=-168 258.00000000000000000000000000000000000000000000000 
4.0243150459574446512999201121541139300913562952543E-77
PP 42 g=84 W=1 e=-144 -302.00000000000000000000000000000000000000000000000 
-4.7106323406168538166378909839943504142929829502589E-77
PP 42 g=84 W=1 e=-120 370.00000000000000000000000000000000000000000000000 
5.7713045232723043448874823313838067989682241443569E-77
PP 42 g=84 W=1 e=-96 -415.00000000000000000000000000000000000000000000000 
-6.4732199382648819003467707230385941123562514051571E-77
PP 42 g=84 W=1 e=-72 388.00000000000000000000000000000000000000000000000 
6.0520706892693353670711976880457217243234350486770E-77
PP 42 g=84 W=1 e=-48 -396.00000000000000000000000000000000000000000000000 
-6.1768556519346824880417378465621283578146398950415E-77
PP 42 g=84 W=1 e=-24 431.00000000000000000000000000000000000000000000000 
6.7227898635955761422878510400714073793386610978861E-77
PP 42 g=84 W=1 e=0 -487.00000000000000000000000000000000000000000000000 
-7.5962846022530059890816321496862538137770950224374E-77
PP 43 g=84 W=1 e=-984 1.0000000000000000000000000000000000000000000000000 
5.9375308819047322004299133910732154860459788884955E-79
PP 43 g=84 W=1 e=-960 -5.0000000000000000000000000000000000000000000000000 
-2.9687654409523661002149566955366077430229894442478E-78
PP 43 g=84 W=1 e=-936 13.000000000000000000000000000000000000000000000000 
7.7187901464761518605588874083951801318597725550442E-78
PP 43 g=84 W=1 e=-912 -21.000000000000000000000000000000000000000000000000 
-1.2468814851999937620902818121253752520696555665841E-77
PP 43 g=84 W=1 e=-888 22.000000000000000000000000000000000000000000000000 
1.3062567940190410840945809460361074069301153554690E-77
PP 43 g=84 W=1 e=-864 -19.000000000000000000000000000000000000000000000000 
-1.1281308675618991180816835443039109423487359888142E-77
PP 43 g=84 W=1 e=-840 27.000000000000000000000000000000000000000000000000 
1.6031333381142776941160766155897681812324142998938E-77
PP 43 g=84 W=1 e=-816 -58.000000000000000000000000000000000000000000000000 
-3.4437679115047446762493497668224649819066677553274E-77
PP 43 g=84 W=1 e=-792 96.000000000000000000000000000000000000000000000000 
5.7000296466285429124127168554302868666041397329557E-77
PP 43 g=84 W=1 e=-768 -109.00000000000000000000000000000000000000000000000 
-6.4719086612761580984686055962698048797901169884601E-77
PP 43 g=84 W=1 e=-744 94.000000000000000000000000000000000000000000000000 
5.5812790289904482684041185876088225568832201551858E-77
PP 43 g=84 W=1 e=-720 -86.000000000000000000000000000000000000000000000000 
-5.1062765584380696923697255163229653179995418441062E-77
PP 43 g=84 W=1 e=-696 126.00000000000000000000000000000000000000000000000 
7.4812889111999625725416908727522515124179333995044E-77
PP 43 g=84 W=1 e=-672 -201.00000000000000000000000000000000000000000000000 
-1.1934437072628511722864125916057163126952417565876E-76
PP 43 g=84 W=1 e=-648 252.00000000000000000000000000000000000000000000000 
1.4962577822399925145083381745504503024835866799009E-76
PP 43 g=84 W=1 e=-624 -244.00000000000000000000000000000000000000000000000 
-1.4487575351847546569048988674218645785952188487929E-76
PP 43 g=84 W=1 e=-600 207.00000000000000000000000000000000000000000000000 
1.2290688925542795654889920719521556056115176299186E-76
PP 43 g=84 W=1 e=-576 -221.00000000000000000000000000000000000000000000000 
-1.3121943249009458162950108594271806224161613343575E-76
PP 43 g=84 W=1 e=-552 317.00000000000000000000000000000000000000000000000 
1.8821972895638001075362825449702093090765753076531E-76
PP 43 g=84 W=1 e=-528 -426.00000000000000000000000000000000000000000000000 
-2.5293881556914159173831431045971897970555870064991E-76
PP 43 g=84 W=1 e=-504 476.00000000000000000000000000000000000000000000000 
2.8262646997866525274046387741508505713578859509239E-76
PP 43 g=84 W=1 e=-480 -464.00000000000000000000000000000000000000000000000 
-2.7550143292037957409994798134579719855253342042619E-76
PP 43 g=84 W=1 e=-456 470.00000000000000000000000000000000000000000000000 
2.7906395144952241342020592938044112784416100775929E-76
PP 43 g=84 W=1 e=-432 -566.00000000000000000000000000000000000000000000000 
-3.3606424791580784254433309793474399651020240508885E-76
PP 43 g=84 W=1 e=-408 708.00000000000000000000000000000000000000000000000 
4.2037718643885503979043786808798365641205530530548E-76
PP 43 g=84 W=1 e=-384 -846.00000000000000000000000000000000000000000000000 
-5.0231511260914034415637067288479403011948981396672E-76
PP 43 g=84 W=1 e=-360 923.00000000000000000000000000000000000000000000000 
5.4803410039980678209968100599605778936204385140814E-76
PP 43 g=84 W=1 e=-336 -954.00000000000000000000000000000000000000000000000 
-5.6644044613371145192101373750838475736878638596247E-76
PP 43 g=84 W=1 e=-312 1038.0000000000000000000000000000000000000000000000 
6.1631570554171120240462500999339976745157260862584E-76
PP 43 g=84 W=1 e=-288 -1155.0000000000000000000000000000000000000000000000 
-6.8578481685999656914965499666895638863831056162124E-76
PP 43 g=84 W=1 e=-264 1281.0000000000000000000000000000000000000000000000 
7.6059770597199619487507190539647890376248989561628E-76
PP 43 g=84 W=1 e=-240 -1382.0000000000000000000000000000000000000000000000 
-8.2056676787923399009941403064631838017155428239008E-76
PP 43 g=84 W=1 e=-216 1468.0000000000000000000000000000000000000000000000 
8.7162953346361468702311128580954803335154970083115E-76
PP 43 g=84 W=1 e=-192 -1624.0000000000000000000000000000000000000000000000 
-9.6425501522132850934981793471029019493386697149168E-76
PP 43 g=84 W=1 e=-168 1714.0000000000000000000000000000000000000000000000 
1.0176927931584710991536871552299491343082807814881E-75
PP 43 g=84 W=1 e=-144 -1702.0000000000000000000000000000000000000000000000 
-1.0105677561001854205131712591606612757250256068219E-75
PP 43 g=84 W=1 e=-120 1739.0000000000000000000000000000000000000000000000 
1.0325366203632329296547619387076321730233957287094E-75
PP 43 g=84 W=1 e=-96 -1875.0000000000000000000000000000000000000000000000 
-1.1132870403571372875806087608262279036336210415929E-75
PP 43 g=84 W=1 e=-72 2194.0000000000000000000000000000000000000000000000 
1.3026942754898982447743229980014634776384877681359E-75
PP 43 g=84 W=1 e=-48 -2454.0000000000000000000000000000000000000000000000 
-1.4570700784194212819855007461693670802756832192368E-75
PP 43 g=84 W=1 e=-24 2467.0000000000000000000000000000000000000000000000 
1.4647888685658974338460596335777622604075429917918E-75
PP 43 g=84 W=1 e=0 -2441.0000000000000000000000000000000000000000000000 
-1.4493512882729451301249418587609719001438234466818E-75
PP 44 g=84 W=1 e=-1272 1.0000000000000000000000000000000000000000000000000 
5.3245921699367600167330325388160264320781372848906E-79
PP 44 g=84 W=1 e=-1248 -5.0000000000000000000000000000000000000000000000000 
-2.6622960849683800083665162694080132160390686424453E-78
PP 44 g=84 W=1 e=-1224 12.000000000000000000000000000000000000000000000000 
6.3895106039241120200796390465792317184937647418687E-78
PP 44 g=84 W=1 e=-1200 -16.000000000000000000000000000000000000000000000000 
-8.5193474718988160267728520621056422913250196558250E-78
PP 44 g=84 W=1 e=-1176 10.000000000000000000000000000000000000000000000000 
5.3245921699367600167330325388160264320781372848906E-78
PP 44 g=84 W=1 e=-1152 -3.0000000000000000000000000000000000000000000000000 
-1.5973776509810280050199097616448079296234411854672E-78
PP 44 g=84 W=1 e=-1128 19.000000000000000000000000000000000000000000000000 
1.0116725122879844031792761823750450220948460841292E-77
PP 44 g=84 W=1 e=-1104 -65.000000000000000000000000000000000000000000000000 
-3.4609849104588940108764711502304171808507892351789E-77
PP 44 g=84 W=1 e=-1080 104.00000000000000000000000000000000000000000000000 
5.5375758567342304174023538403686674893612627762862E-77
PP 44 g=84 W=1 e=-1056 -91.000000000000000000000000000000000000000000000000 
-4.8453788746424516152270596103225840531911049292505E-77
PP 44 g=84 W=1 e=-1032 46.000000000000000000000000000000000000000000000000 
2.4493123981709096076971949678553721587559431510497E-77
PP 44 g=84 W=1 e=-1008 -49.000000000000000000000000000000000000000000000000 
-2.6090501632690124081991859440198529517182872695964E-77
PP 44 g=84 W=1 e=-984 144.00000000000000000000000000000000000000000000000 
7.6674127247089344240955668558950780621925176902425E-77
PP 44 g=84 W=1 e=-960 -271.00000000000000000000000000000000000000000000000 
-1.4429644780528619645346518180191431630931752042054E-76
PP 44 g=84 W=1 e=-936 320.00000000000000000000000000000000000000000000000 
1.7038694943797632053545704124211284582650039311650E-76
PP 44 g=84 W=1 e=-912 -261.00000000000000000000000000000000000000000000000 
-1.3897185563534943643673214926309828987723938313565E-76
PP 44 g=84 W=1 e=-888 192.00000000000000000000000000000000000000000000000 
1.0223216966278579232127422474526770749590023586990E-76
PP 44 g=84 W=1 e=-864 -244.00000000000000000000000000000000000000000000000 
-1.2992004894645694440828599394711104494270654975133E-76
PP 44 g=84 W=1 e=-840 447.00000000000000000000000000000000000000000000000 
2.3800926999617317274796655448507638151389273663461E-76
PP 44 g=84 W=1 e=-816 -662.00000000000000000000000000000000000000000000000 
-3.5248800164981351310772675406962094980357268825976E-76
PP 44 g=84 W=1 e=-792 730.00000000000000000000000000000000000000000000000 
3.8869522840538348122151137533356992954170402179702E-76
PP 44 g=84 W=1 e=-768 -661.00000000000000000000000000000000000000000000000 
-3.5195554243281983710605345081573934716036487453127E-76
PP 44 g=84 W=1 e=-744 616.00000000000000000000000000000000000000000000000 
3.2799487766810441703075480439106722821601325674926E-76
PP 44 g=84 W=1 e=-720 -765.00000000000000000000000000000000000000000000000 
-4.0733130100016214128007698921942602205397750229413E-76
PP 44 g=84 W=1 e=-696 1094.0000000000000000000000000000000000000000000000 
5.8251038339108154583059375974647329166934821896703E-76
PP 44 g=84 W=1 e=-672 -1431.0000000000000000000000000000000000000000000000 
-7.6194913951795035839449695630457338243038144546785E-76
PP 44 g=84 W=1 e=-648 1616.0000000000000000000000000000000000000000000000 
8.6045409466178041870405805827266987142382698523832E-76
PP 44 g=84 W=1 e=-624 -1612.0000000000000000000000000000000000000000000000 
-8.5832425779380571469736484525714346085099573032437E-76
PP 44 g=84 W=1 e=-600 1628.0000000000000000000000000000000000000000000000 
8.6684360526570453072413769731924910314232074998019E-76
PP 44 g=84 W=1 e=-576 -1896.0000000000000000000000000000000000000000000000 
-1.0095426754200096991725829693595186115220148292153E-75
PP 44 g=84 W=1 e=-552 2364.0000000000000000000000000000000000000000000000 
1.2587335889730500679556888921761086485432716541481E-75
PP 44 g=84 W=1 e=-528 -2858.0000000000000000000000000000000000000000000000 
-1.5217684421679260127823006995936203542879316360217E-75
PP 44 g=84 W=1 e=-504 3202.0000000000000000000000000000000000000000000000 
1.7049344128137505573579170189288916635514195586220E-75
PP 44 g=84 W=1 e=-480 -3376.0000000000000000000000000000000000000000000000 
-1.7975823165706501816490717851042905234695791473791E-75
PP 44 g=84 W=1 e=-456 3492.0000000000000000000000000000000000000000000000 
1.8593475857419165978431749625545564300816855398838E-75
PP 44 g=84 W=1 e=-432 -3628.0000000000000000000000000000000000000000000000 
-1.9317620392530565340707442050824543895579482069583E-75
PP 44 g=84 W=1 e=-408 4117.0000000000000000000000000000000000000000000000 
2.1921345963629640988889894962305580820865691201895E-75
PP 44 g=84 W=1 e=-384 -5010.0000000000000000000000000000000000000000000000 
-2.6676206771383167683832493019468292424711467797302E-75
PP 44 g=84 W=1 e=-360 5814.0000000000000000000000000000000000000000000000 
3.0957178876012322737285851180676377676102290174354E-75
PP 44 g=84 W=1 e=-336 -6199.0000000000000000000000000000000000000000000000 
-3.3007146861437975343728068708120547852452373029037E-75
PP 44 g=84 W=1 e=-312 6118.0000000000000000000000000000000000000000000000 
3.2575854895673097782372693072476449711454043908961E-75
PP 44 g=84 W=1 e=-288 -6181.0000000000000000000000000000000000000000000000 
-3.2911304202379113663426874122421859376674966557909E-75
PP 44 g=84 W=1 e=-264 7029.0000000000000000000000000000000000000000000000 
3.7426558362485486157616485715337849791077226975496E-75
PP 44 g=84 W=1 e=-240 -8399.0000000000000000000000000000000000000000000000 
-4.4721249635298847380540740293515806003024275055796E-75
PP 44 g=84 W=1 e=-216 9804.0000000000000000000000000000000000000000000000 
5.2202301634059995204050651010552323140094057941068E-75
PP 44 g=84 W=1 e=-192 -10455.000000000000000000000000000000000000000000000 
-5.5668611136688825974943855193321556347376925313531E-75
PP 44 g=84 W=1 e=-168 10274.000000000000000000000000000000000000000000000 
5.4704859953930272411915176303795855563170782464966E-75
PP 44 g=84 W=1 e=-144 -10467.000000000000000000000000000000000000000000000 
-5.5732506242728067095144651583787348664561862960950E-75
PP 44 g=84 W=1 e=-120 11385.000000000000000000000000000000000000000000000 
6.0620481854730012790505575454420460929209592988480E-75
PP 44 g=84 W=1 e=-96 -12909.000000000000000000000000000000000000000000000 
-6.8735160321713635056006717043576085211696674210653E-75
PP 44 g=84 W=1 e=-72 14538.000000000000000000000000000000000000000000000 
7.7408920966540617123264827049307392269551959847740E-75
PP 44 g=84 W=1 e=-48 -15341.000000000000000000000000000000000000000000000 
-8.1684568478999835416701452177976661494510704087507E-75
PP 44 g=84 W=1 e=-24 15662.000000000000000000000000000000000000000000000 
8.3393762565549535382072755622936605979207786155957E-75
PP 44 g=84 W=1 e=0 -15491.000000000000000000000000000000000000000000000 
-8.2483257304490349419211407058799065459322424680241E-75
PP 45 g=84 W=1 e=-648 1.0000000000000000000000000000000000000000000000000 
2.5606509603086146012223637729718904282845207178876E-79
PP 45 g=84 W=1 e=-624 -5.0000000000000000000000000000000000000000000000000 
-1.2803254801543073006111818864859452141422603589438E-78
PP 45 g=84 W=1 e=-600 11.000000000000000000000000000000000000000000000000 
2.8167160563394760613446001502690794711129727896764E-78
PP 45 g=84 W=1 e=-576 -15.000000000000000000000000000000000000000000000000 
-3.8409764404629219018335456594578356424267810768314E-78
PP 45 g=84 W=1 e=-552 16.000000000000000000000000000000000000000000000000 
4.0970415364937833619557820367550246852552331486202E-78
PP 45 g=84 W=1 e=-528 -21.000000000000000000000000000000000000000000000000 
-5.3773670166480906625669639232409698993974935075640E-78
PP 45 g=84 W=1 e=-504 38.000000000000000000000000000000000000000000000000 
9.7304736491727354846449823372931836274811787279730E-78
PP 45 g=84 W=1 e=-480 -55.000000000000000000000000000000000000000000000000 
-1.4083580281697380306723000751345397355564863948382E-77
PP 45 g=84 W=1 e=-456 53.000000000000000000000000000000000000000000000000 
1.3571450089635657386478527996751019269907959804804E-77
PP 45 g=84 W=1 e=-432 -40.000000000000000000000000000000000000000000000000 
-1.0242603841234458404889455091887561713138082871551E-77
PP 45 g=84 W=1 e=-408 44.000000000000000000000000000000000000000000000000 
1.1266864225357904245378400601076317884451891158706E-77
PP 45 g=84 W=1 e=-384 -77.000000000000000000000000000000000000000000000000 
-1.9717012394376332429412201051883556297790809527735E-77
PP 45 g=84 W=1 e=-360 98.000000000000000000000000000000000000000000000000 
2.5094379411024423091979164975124526197188303035299E-77
PP 45 g=84 W=1 e=-336 -70.000000000000000000000000000000000000000000000000 
-1.7924556722160302208556546410803232997991645025213E-77
PP 45 g=84 W=1 e=-312 38.000000000000000000000000000000000000000000000000 
9.7304736491727354846449823372931836274811787279730E-78
PP 45 g=84 W=1 e=-288 -51.000000000000000000000000000000000000000000000000 
-1.3059319897573934466234055242156641184251055661227E-77
PP 45 g=84 W=1 e=-264 100.00000000000000000000000000000000000000000000000 
2.5606509603086146012223637729718904282845207178876E-77
PP 45 g=84 W=1 e=-240 -125.00000000000000000000000000000000000000000000000 
-3.2008137003857682515279547162148630353556508973595E-77
PP 45 g=84 W=1 e=-216 88.000000000000000000000000000000000000000000000000 
2.2533728450715808490756801202152635768903782317411E-77
PP 45 g=84 W=1 e=-192 -70.000000000000000000000000000000000000000000000000 
-1.7924556722160302208556546410803232997991645025213E-77
PP 45 g=84 W=1 e=-168 104.00000000000000000000000000000000000000000000000 
2.6630769987209591852712583238907660454159015466031E-77
PP 45 g=84 W=1 e=-144 -148.00000000000000000000000000000000000000000000000 
-3.7897634212567496098090983839983978338610906624737E-77
PP 45 g=84 W=1 e=-120 194.00000000000000000000000000000000000000000000000 
4.9676628629987123263713857195654674308719701927020E-77
PP 45 g=84 W=1 e=-96 -191.00000000000000000000000000000000000000000000000 
-4.8908433341894538883347148063763107180234345711654E-77
PP 45 g=84 W=1 e=-72 179.00000000000000000000000000000000000000000000000 
4.5835652189524201361880311536196838666292920850189E-77
PP 45 g=84 W=1 e=-48 -188.00000000000000000000000000000000000000000000000 
-4.8140238053801954502980438931871540051748989496288E-77
PP 45 g=84 W=1 e=-24 183.00000000000000000000000000000000000000000000000 
4.6859912573647647202369257045385594837606729137344E-77
PP 45 g=84 W=1 e=0 -250.00000000000000000000000000000000000000000000000 
-6.4016274007715365030559094324297260707113017947191E-77
PP 46 g=84 W=1 e=-936 1.0000000000000000000000000000000000000000000000000 
1.7474293361345024210578835955406476135544186442534E-79
PP 46 g=84 W=1 e=-912 -5.0000000000000000000000000000000000000000000000000 
-8.7371466806725121052894179777032380677720932212668E-79
PP 46 g=84 W=1 e=-888 10.000000000000000000000000000000000000000000000000 
1.7474293361345024210578835955406476135544186442534E-78
PP 46 g=84 W=1 e=-864 -10.000000000000000000000000000000000000000000000000 
-1.7474293361345024210578835955406476135544186442534E-78
PP 46 g=84 W=1 e=-840 6.0000000000000000000000000000000000000000000000000 
1.0484576016807014526347301573243885681326511865520E-78
PP 46 g=84 W=1 e=-816 -11.000000000000000000000000000000000000000000000000 
-1.9221722697479526631636719550947123749098605086787E-78
PP 46 g=84 W=1 e=-792 34.000000000000000000000000000000000000000000000000 
5.9412597428573082315968042248382018860850233904614E-78
PP 46 g=84 W=1 e=-768 -54.000000000000000000000000000000000000000000000000 
-9.4361184151263130737125714159194971131938606789682E-78
PP 46 g=84 W=1 e=-744 42.000000000000000000000000000000000000000000000000 
7.3392032117649101684431111012707199769285583058641E-78
PP 46 g=84 W=1 e=-720 -21.000000000000000000000000000000000000000000000000 
-3.6696016058824550842215555506353599884642791529321E-78
PP 46 g=84 W=1 e=-696 44.000000000000000000000000000000000000000000000000 
7.6886890789918106526546878203788494996394420347148E-78
PP 46 g=84 W=1 e=-672 -108.00000000000000000000000000000000000000000000000 
-1.8872236830252626147425142831838994226387721357936E-77
PP 46 g=84 W=1 e=-648 136.00000000000000000000000000000000000000000000000 
2.3765038971429232926387216899352807544340093561846E-77
PP 46 g=84 W=1 e=-624 -83.000000000000000000000000000000000000000000000000 
-1.4503663489916370094780433842987375192501674747303E-77
PP 46 g=84 W=1 e=-600 43.000000000000000000000000000000000000000000000000 
7.5139461453783604105488994608247847382840001702895E-78
PP 46 g=84 W=1 e=-576 -107.00000000000000000000000000000000000000000000000 
-1.8697493896639175905319354472284929465032279493511E-77
PP 46 g=84 W=1 e=-552 198.00000000000000000000000000000000000000000000000 
3.4599100855463147936946095191704822748377489156216E-77
PP 46 g=84 W=1 e=-528 -208.00000000000000000000000000000000000000000000000 
-3.6346530191597650358003978787245470361931907800470E-77
PP 46 g=84 W=1 e=-504 148.00000000000000000000000000000000000000000000000 
2.5861954174790635831656677214001584680605395934950E-77
PP 46 g=84 W=1 e=-480 -141.00000000000000000000000000000000000000000000000 
-2.4638753639496484136916158697123131351117302883972E-77
PP 46 g=84 W=1 e=-456 228.00000000000000000000000000000000000000000000000 
3.9841388863866655200119745978326765589040745088977E-77
PP 46 g=84 W=1 e=-432 -277.00000000000000000000000000000000000000000000000 
-4.8403792610925717063303375596475938895457396445818E-77
PP 46 g=84 W=1 e=-408 296.00000000000000000000000000000000000000000000000 
5.1723908349581271663313354428003169361210791869900E-77
PP 46 g=84 W=1 e=-384 -363.00000000000000000000000000000000000000000000000 
-6.3431684901682437884401174518125508372025396786397E-77
PP 46 g=84 W=1 e=-360 401.00000000000000000000000000000000000000000000000 
7.0071916378993547084421132181179969303532187634560E-77
PP 46 g=84 W=1 e=-336 -400.00000000000000000000000000000000000000000000000 
-6.9897173445380096842315343821625904542176745770135E-77
PP 46 g=84 W=1 e=-312 396.00000000000000000000000000000000000000000000000 
6.9198201710926295873892190383409645496754978312433E-77
PP 46 g=84 W=1 e=-288 -509.00000000000000000000000000000000000000000000000 
-8.8944153209246173231846275013018963529919908992496E-77
PP 46 g=84 W=1 e=-264 729.00000000000000000000000000000000000000000000000 
1.2738759860420522649511971411491321102811711916607E-76
PP 46 g=84 W=1 e=-240 -696.00000000000000000000000000000000000000000000000 
-1.2162108179496136850562869824962907390338753764003E-76
PP 46 g=84 W=1 e=-216 550.00000000000000000000000000000000000000000000000 
9.6108613487397633158183597754735618745493025433935E-77
PP 46 g=84 W=1 e=-192 -618.00000000000000000000000000000000000000000000000 
-1.0799113297311224962137720620441202251766307221486E-76
PP 46 g=84 W=1 e=-168 756.00000000000000000000000000000000000000000000000 
1.3210565781176838303197599982287295958471404950555E-76
PP 46 g=84 W=1 e=-144 -894.00000000000000000000000000000000000000000000000 
-1.5622018265042451644257479344133389665176502679625E-76
PP 46 g=84 W=1 e=-120 826.00000000000000000000000000000000000000000000000 
1.4433766316470989997938118499165749287959498001533E-76
PP 46 g=84 W=1 e=-96 -747.00000000000000000000000000000000000000000000000 
-1.3053297140924733085302390458688637673251507272573E-76
PP 46 g=84 W=1 e=-72 994.00000000000000000000000000000000000000000000000 
1.7369447601176954065315362939674037278730921323878E-76
PP 46 g=84 W=1 e=-48 -973.00000000000000000000000000000000000000000000000 
-1.7002487440588708556893207384610501279884493408585E-76
PP 46 g=84 W=1 e=-24 859.00000000000000000000000000000000000000000000000 
1.5010417997395375796887220085694163000432456154136E-76
PP 46 g=84 W=1 e=0 -1048.0000000000000000000000000000000000000000000000 
-1.8313059442689585372686620081265986990050307391775E-76
PP 47 g=84 W=1 e=-1224 1.0000000000000000000000000000000000000000000000000 
1.1577727602814502031687939553833028091387075064427E-79
PP 47 g=84 W=1 e=-1200 -5.0000000000000000000000000000000000000000000000000 
-5.7888638014072510158439697769165140456935375322133E-79
PP 47 g=84 W=1 e=-1176 9.0000000000000000000000000000000000000000000000000 
1.0419954842533051828519145598449725282248367557984E-78
PP 47 g=84 W=1 e=-1152 -5.0000000000000000000000000000000000000000000000000 
-5.7888638014072510158439697769165140456935375322133E-79
PP 47 g=84 W=1 e=-1128 -3.0000000000000000000000000000000000000000000000000 
-3.4733182808443506095063818661499084274161225193280E-79
PP 47 g=84 W=1 e=-1104 -6.0000000000000000000000000000000000000000000000000 
-6.9466365616887012190127637322998168548322450386560E-79
PP 47 g=84 W=1 e=-1080 39.000000000000000000000000000000000000000000000000 
4.5153137650976557923582964259948809556409592751264E-78
PP 47 g=84 W=1 e=-1056 -58.000000000000000000000000000000000000000000000000 
-6.7150820096324111783790049412231562930045035373674E-78
PP 47 g=84 W=1 e=-1032 24.000000000000000000000000000000000000000000000000 
2.7786546246754804876051054929199267419328980154624E-78
PP 47 g=84 W=1 e=-1008 12.000000000000000000000000000000000000000000000000 
1.3893273123377402438025527464599633709664490077312E-78
PP 47 g=84 W=1 e=-984 41.000000000000000000000000000000000000000000000000 
4.7468683171539458329920552170715415174687007764149E-78
PP 47 g=84 W=1 e=-960 -147.00000000000000000000000000000000000000000000000 
-1.7019259576137317986581271144134551294339000344707E-77
PP 47 g=84 W=1 e=-936 160.00000000000000000000000000000000000000000000000 
1.8524364164503203250700703286132844946219320103083E-77
PP 47 g=84 W=1 e=-912 -50.000000000000000000000000000000000000000000000000 
-5.7888638014072510158439697769165140456935375322133E-78
PP 47 g=84 W=1 e=-888 7.0000000000000000000000000000000000000000000000000 
8.1044093219701514221815576876831196639709525450987E-79
PP 47 g=84 W=1 e=-864 -162.00000000000000000000000000000000000000000000000 
-1.8755918716559493291334462077209505508047061604371E-77
PP 47 g=84 W=1 e=-840 313.00000000000000000000000000000000000000000000000 
3.6238287396809391359183250803497377926041544951656E-77
PP 47 g=84 W=1 e=-816 -260.00000000000000000000000000000000000000000000000 
-3.0102091767317705282388642839965873037606395167509E-77
PP 47 g=84 W=1 e=-792 156.00000000000000000000000000000000000000000000000 
1.8061255060390623169433185703979523822563837100506E-77
PP 47 g=84 W=1 e=-768 -215.00000000000000000000000000000000000000000000000 
-2.4892114346051179368129070040741010396482211388517E-77
PP 47 g=84 W=1 e=-744 372.00000000000000000000000000000000000000000000000 
4.3069146682469947557879135140258864499959919239667E-77
PP 47 g=84 W=1 e=-720 -400.00000000000000000000000000000000000000000000000 
-4.6310910411258008126751758215332112365548300257707E-77
PP 47 g=84 W=1 e=-696 383.00000000000000000000000000000000000000000000000 
4.4342696718779542781364808491180497590012497496754E-77
PP 47 g=84 W=1 e=-672 -594.00000000000000000000000000000000000000000000000 
-6.8771701960718142068226360949768186862839225882694E-77
PP 47 g=84 W=1 e=-648 761.00000000000000000000000000000000000000000000000 
8.8106507057418360461145220004669343775455641240287E-77
PP 47 g=84 W=1 e=-624 -594.00000000000000000000000000000000000000000000000 
-6.8771701960718142068226360949768186862839225882694E-77
PP 47 g=84 W=1 e=-600 499.00000000000000000000000000000000000000000000000 
5.7772860738044365138122818373626810176021504571489E-77
PP 47 g=84 W=1 e=-576 -851.00000000000000000000000000000000000000000000000 
-9.8526461899951412289664365603119069057704008798271E-77
PP 47 g=84 W=1 e=-552 1403.0000000000000000000000000000000000000000000000 
1.6243551826748746350458179194027738412216066315391E-76
PP 47 g=84 W=1 e=-528 -1414.0000000000000000000000000000000000000000000000 
-1.6370906830379705872806746529119901721221324141099E-76
PP 47 g=84 W=1 e=-504 934.00000000000000000000000000000000000000000000000 
1.0813597581028744897596535543280048237355528110174E-76
PP 47 g=84 W=1 e=-480 -1102.0000000000000000000000000000000000000000000000 
-1.2758655818301581238920109388323996956708556720998E-76
PP 47 g=84 W=1 e=-456 1770.0000000000000000000000000000000000000000000000 
2.0492577856981668596087653010284459721755122864035E-76
PP 47 g=84 W=1 e=-432 -2000.0000000000000000000000000000000000000000000000 
-2.3155455205629004063375879107666056182774150128853E-76
PP 47 g=84 W=1 e=-408 1938.0000000000000000000000000000000000000000000000 
2.2437636094254504937411226855328408441108151474859E-76
PP 47 g=84 W=1 e=-384 -1962.0000000000000000000000000000000000000000000000 
-2.2715501556722052986171737404620401115301441276405E-76
PP 47 g=84 W=1 e=-360 2424.0000000000000000000000000000000000000000000000 
2.8064411709222352924811565478491260093522269956170E-76
PP 47 g=84 W=1 e=-336 -2660.0000000000000000000000000000000000000000000000 
-3.0796755423486575404289919213195854723089619671375E-76
PP 47 g=84 W=1 e=-312 2193.0000000000000000000000000000000000000000000000 
2.5389956632972202955491651441555830604411855616288E-76
PP 47 g=84 W=1 e=-288 -2734.0000000000000000000000000000000000000000000000 
-3.1653507266094848554634826740179498801852263226142E-76
PP 47 g=84 W=1 e=-264 3883.0000000000000000000000000000000000000000000000 
4.4956316281728711389044269287533648078856012475169E-76
PP 47 g=84 W=1 e=-240 -4044.0000000000000000000000000000000000000000000000 
-4.6820330425781846216146027555700765601569331560541E-76
PP 47 g=84 W=1 e=-216 3790.0000000000000000000000000000000000000000000000 
4.3879587614666962700097290909027176466357014494177E-76
PP 47 g=84 W=1 e=-192 -3385.0000000000000000000000000000000000000000000000 
-3.9190607935527089377263675389724800089345249093084E-76
PP 47 g=84 W=1 e=-168 4140.0000000000000000000000000000000000000000000000 
4.7931792275652038411188069752868736298342490766726E-76
PP 47 g=84 W=1 e=-144 -5672.0000000000000000000000000000000000000000000000 
-6.5668870963163855523733993149340935334347489765428E-76
PP 47 g=84 W=1 e=-120 5626.0000000000000000000000000000000000000000000000 
6.5136295493434388430276347929864616042143684312464E-76
PP 47 g=84 W=1 e=-96 -5928.0000000000000000000000000000000000000000000000 
-6.8632769229484368043846105675122190525742580981921E-76
PP 47 g=84 W=1 e=-72 6239.0000000000000000000000000000000000000000000000 
7.2233442513959678175701054876364262262163961326958E-76
PP 47 g=84 W=1 e=-48 -5483.0000000000000000000000000000000000000000000000 
-6.3480680446231914639744972573666493025075332578252E-76
PP 47 g=84 W=1 e=-24 6424.0000000000000000000000000000000000000000000000 
7.4375322120480361051563323693823372459070570213877E-76
PP 47 g=84 W=1 e=0 -7314.0000000000000000000000000000000000000000000000 
-8.4679499686985267859765589896734767460405067021217E-76
PP 48 g=84 W=1 e=-696 1.0000000000000000000000000000000000000000000000000 
9.9769461326114997152134747153163214177644344950463E-80
PP 48 g=84 W=1 e=-672 -5.0000000000000000000000000000000000000000000000000 
-4.9884730663057498576067373576581607088822172475231E-79
PP 48 g=84 W=1 e=-648 9.0000000000000000000000000000000000000000000000000 
8.9792515193503497436921272437846892759879910455417E-79
PP 48 g=84 W=1 e=-624 -5.0000000000000000000000000000000000000000000000000 
-4.9884730663057498576067373576581607088822172475231E-79
PP 48 g=84 W=1 e=-600 -6.0000000000000000000000000000000000000000000000000 
-5.9861676795668998291280848291897928506586606970278E-79
PP 48 g=84 W=1 e=-576 9.0000000000000000000000000000000000000000000000000 
8.9792515193503497436921272437846892759879910455417E-79
PP 48 g=84 W=1 e=-552 7.0000000000000000000000000000000000000000000000000 
6.9838622928280498006494323007214249924351041465324E-79
PP 48 g=84 W=1 e=-528 -20.000000000000000000000000000000000000000000000000 
-1.9953892265222999430426949430632642835528868990093E-78
PP 48 g=84 W=1 e=-504 -2.0000000000000000000000000000000000000000000000000 
-1.9953892265222999430426949430632642835528868990093E-79
PP 48 g=84 W=1 e=-480 37.000000000000000000000000000000000000000000000000 
3.6914700690662548946289856446670389245728407631671E-78
PP 48 g=84 W=1 e=-456 -36.000000000000000000000000000000000000000000000000 
-3.5917006077401398974768508975138757103951964182167E-78
PP 48 g=84 W=1 e=-432 -6.0000000000000000000000000000000000000000000000000 
-5.9861676795668998291280848291897928506586606970278E-79
PP 48 g=84 W=1 e=-408 32.000000000000000000000000000000000000000000000000 
3.1926227624356799088683119089012228536846190384148E-78
PP 48 g=84 W=1 e=-384 5.0000000000000000000000000000000000000000000000000 
4.9884730663057498576067373576581607088822172475231E-79
PP 48 g=84 W=1 e=-360 -42.000000000000000000000000000000000000000000000000 
-4.1903173756968298803896593804328549954610624879194E-78
PP 48 g=84 W=1 e=-336 18.000000000000000000000000000000000000000000000000 
1.7958503038700699487384254487569378551975982091083E-78
PP 48 g=84 W=1 e=-312 31.000000000000000000000000000000000000000000000000 
3.0928533011095649117161771617480596395069746934643E-78
PP 48 g=84 W=1 e=-288 -55.000000000000000000000000000000000000000000000000 
-5.4873203729363248433674110934239767797704389722754E-78
PP 48 g=84 W=1 e=-264 25.000000000000000000000000000000000000000000000000 
2.4942365331528749288033686788290803544411086237616E-78
PP 48 g=84 W=1 e=-216 16.000000000000000000000000000000000000000000000000 
1.5963113812178399544341559544506114268423095192074E-78
PP 48 g=84 W=1 e=-192 -6.0000000000000000000000000000000000000000000000000 
-5.9861676795668998291280848291897928506586606970278E-79
PP 48 g=84 W=1 e=-120 -22.000000000000000000000000000000000000000000000000 
-2.1949281491745299373469644373695907119081755889102E-78
PP 48 g=84 W=1 e=-96 18.000000000000000000000000000000000000000000000000 
1.7958503038700699487384254487569378551975982091083E-78
PP 48 g=84 W=1 e=-72 -53.000000000000000000000000000000000000000000000000 
-5.2877814502840948490631415991176503514151502823745E-78
PP 48 g=84 W=1 e=-48 72.000000000000000000000000000000000000000000000000 
7.1834012154802797949537017950277514207903928364333E-78
PP 48 g=84 W=1 e=-24 -32.000000000000000000000000000000000000000000000000 
-3.1926227624356799088683119089012228536846190384148E-78
PP 48 g=84 W=1 e=0 53.000000000000000000000000000000000000000000000000 
5.2877814502840948490631415991176503514151502823745E-78
PP 49 g=84 W=1 e=-984 1.0000000000000000000000000000000000000000000000000 
5.6248517475378278914902439420752263484159557635015E-79
PP 49 g=84 W=1 e=-960 -5.0000000000000000000000000000000000000000000000000 
-2.8124258737689139457451219710376131742079778817507E-78
PP 49 g=84 W=1 e=-936 8.0000000000000000000000000000000000000000000000000 
4.4998813980302623131921951536601810787327646108012E-78
PP 49 g=84 W=1 e=-888 -14.000000000000000000000000000000000000000000000000 
-7.8747924465529590480863415189053168877823380689021E-78
PP 49 g=84 W=1 e=-864 9.0000000000000000000000000000000000000000000000000 
5.0623665727840451023412195478677037135743601871513E-78
PP 49 g=84 W=1 e=-840 23.000000000000000000000000000000000000000000000000 
1.2937159019337004150427561066773020601356698256053E-77
PP 49 g=84 W=1 e=-816 -39.000000000000000000000000000000000000000000000000 
-2.1936921815397528776811951374093382758822227477656E-77
PP 49 g=84 W=1 e=-792 -6.0000000000000000000000000000000000000000000000000 
-3.3749110485226967348941463652451358090495734581009E-78
PP 49 g=84 W=1 e=-768 61.000000000000000000000000000000000000000000000000 
3.4311595659980750138090488046658880725337330157359E-77
PP 49 g=84 W=1 e=-744 -34.000000000000000000000000000000000000000000000000 
-1.9124495941628614831066829403055769584614249595905E-77
PP 49 g=84 W=1 e=-720 -49.000000000000000000000000000000000000000000000000 
-2.7561773562935356668302195316168609107238183241157E-77
PP 49 g=84 W=1 e=-696 66.000000000000000000000000000000000000000000000000 
3.7124021533749664083835610017696493899545308039110E-77
PP 49 g=84 W=1 e=-672 23.000000000000000000000000000000000000000000000000 
1.2937159019337004150427561066773020601356698256053E-77
PP 49 g=84 W=1 e=-648 -88.000000000000000000000000000000000000000000000000 
-4.9498695378332885445114146690261991866060410718813E-77
PP 49 g=84 W=1 e=-624 25.000000000000000000000000000000000000000000000000 
1.4062129368844569728725609855188065871039889408754E-77
PP 49 g=84 W=1 e=-600 50.000000000000000000000000000000000000000000000000 
2.8124258737689139457451219710376131742079778817507E-77
PP 49 g=84 W=1 e=-576 -36.000000000000000000000000000000000000000000000000 
-2.0249466291136180409364878191470814854297440748605E-77
PP 49 g=84 W=1 e=-552 1.0000000000000000000000000000000000000000000000000 
5.6248517475378278914902439420752263484159557635015E-79
PP 49 g=84 W=1 e=-528 -4.0000000000000000000000000000000000000000000000000 
-2.2499406990151311565960975768300905393663823054006E-78
PP 49 g=84 W=1 e=-504 22.000000000000000000000000000000000000000000000000 
1.2374673844583221361278536672565497966515102679703E-77
PP 49 g=84 W=1 e=-480 27.000000000000000000000000000000000000000000000000 
1.5187099718352135307023658643603111140723080561454E-77
PP 49 g=84 W=1 e=-456 -60.000000000000000000000000000000000000000000000000 
-3.3749110485226967348941463652451358090495734581009E-77
PP 49 g=84 W=1 e=-432 -67.000000000000000000000000000000000000000000000000 
-3.7686506708503446872984634411904016534386903615460E-77
PP 49 g=84 W=1 e=-408 136.00000000000000000000000000000000000000000000000 
7.6497983766514459324267317612223078338456998383620E-77
PP 49 g=84 W=1 e=-384 -17.000000000000000000000000000000000000000000000000 
-9.5622479708143074155334147015278847923071247979525E-78
PP 49 g=84 W=1 e=-360 -122.00000000000000000000000000000000000000000000000 
-6.8623191319961500276180976093317761450674660314718E-77
PP 49 g=84 W=1 e=-336 160.00000000000000000000000000000000000000000000000 
8.9997627960605246263843903073203621574655292216024E-77
PP 49 g=84 W=1 e=-312 -2.0000000000000000000000000000000000000000000000000 
-1.1249703495075655782980487884150452696831911527003E-78
PP 49 g=84 W=1 e=-288 -86.000000000000000000000000000000000000000000000000 
-4.8373725028825319866816097901846946596377219566113E-77
PP 49 g=84 W=1 e=-264 -22.000000000000000000000000000000000000000000000000 
-1.2374673844583221361278536672565497966515102679703E-77
PP 49 g=84 W=1 e=-240 -8.0000000000000000000000000000000000000000000000000 
-4.4998813980302623131921951536601810787327646108012E-78
PP 49 g=84 W=1 e=-216 -32.000000000000000000000000000000000000000000000000 
-1.7999525592121049252768780614640724314931058443205E-77
PP 49 g=84 W=1 e=-192 168.00000000000000000000000000000000000000000000000 
9.4497509358635508577036098226863802653388056826825E-77
PP 49 g=84 W=1 e=-168 -116.00000000000000000000000000000000000000000000000 
-6.5248280271438803541286829728072625641625086856617E-77
PP 49 g=84 W=1 e=-144 10.000000000000000000000000000000000000000000000000 
5.6248517475378278914902439420752263484159557635015E-78
PP 49 g=84 W=1 e=-120 327.00000000000000000000000000000000000000000000000 
1.8393265214448697205173097690585990159320175346650E-76
PP 49 g=84 W=1 e=-96 -384.00000000000000000000000000000000000000000000000 
-2.1599430710545259103322536737568869177917270131846E-76
PP 49 g=84 W=1 e=-72 -178.00000000000000000000000000000000000000000000000 
-1.0012236110617333646852634216893902900180401259033E-76
PP 49 g=84 W=1 e=-48 285.00000000000000000000000000000000000000000000000 
1.6030827480482809490747195234914395092985473925979E-76
PP 49 g=84 W=1 e=-24 -70.000000000000000000000000000000000000000000000000 
-3.9373962232764795240431707594526584438911690344510E-77
PP 49 g=84 W=1 e=0 -191.00000000000000000000000000000000000000000000000 
-1.0743466837797251272746365929363682325474475508288E-76
PP 50 g=84 W=1 e=-600 1.0000000000000000000000000000000000000000000000000 
-2.5316519773037996823624524164444385338706281102205E-80
PP 50 g=84 W=1 e=-576 -5.0000000000000000000000000000000000000000000000000 
1.2658259886518998411812262082222192669353140551102E-79
PP 50 g=84 W=1 e=-552 8.0000000000000000000000000000000000000000000000000 
-2.0253215818430397458899619331555508270965024881764E-79
PP 50 g=84 W=1 e=-528 -3.0000000000000000000000000000000000000000000000000 
7.5949559319113990470873572493333156016118843306613E-80
PP 50 g=84 W=1 e=-504 -1.0000000000000000000000000000000000000000000000000 
2.5316519773037996823624524164444385338706281102205E-80
PP 50 g=84 W=1 e=-480 -5.0000000000000000000000000000000000000000000000000 
1.2658259886518998411812262082222192669353140551102E-79
PP 50 g=84 W=1 e=-456 11.000000000000000000000000000000000000000000000000 
-2.7848171750341796505986976580888823872576909212425E-79
PP 50 g=84 W=1 e=-432 -13.000000000000000000000000000000000000000000000000 
3.2911475704949395870711881413777700940318165432866E-79
PP 50 g=84 W=1 e=-408 6.0000000000000000000000000000000000000000000000000 
-1.5189911863822798094174714498666631203223768661323E-79
PP 50 g=84 W=1 e=-384 4.0000000000000000000000000000000000000000000000000 
-1.0126607909215198729449809665777754135482512440882E-79
PP 50 g=84 W=1 e=-360 6.0000000000000000000000000000000000000000000000000 
-1.5189911863822798094174714498666631203223768661323E-79
PP 50 g=84 W=1 e=-336 -12.000000000000000000000000000000000000000000000000 
3.0379823727645596188349428997333262406447537322645E-79
PP 50 g=84 W=1 e=-312 5.0000000000000000000000000000000000000000000000000 
-1.2658259886518998411812262082222192669353140551102E-79
PP 50 g=84 W=1 e=-288 -5.0000000000000000000000000000000000000000000000000 
1.2658259886518998411812262082222192669353140551102E-79
PP 50 g=84 W=1 e=-264 -3.0000000000000000000000000000000000000000000000000 
7.5949559319113990470873572493333156016118843306613E-80
PP 50 g=84 W=1 e=-240 -10.000000000000000000000000000000000000000000000000 
2.5316519773037996823624524164444385338706281102204E-79
PP 50 g=84 W=1 e=-216 31.000000000000000000000000000000000000000000000000 
-7.8481211296417790153236024909777594549989471416834E-79
PP 50 g=84 W=1 e=-192 -11.000000000000000000000000000000000000000000000000 
2.7848171750341796505986976580888823872576909212425E-79
PP 50 g=84 W=1 e=-168 9.0000000000000000000000000000000000000000000000000 
-2.2784867795734197141262071747999946804835652991984E-79
PP 50 g=84 W=1 e=-144 -22.000000000000000000000000000000000000000000000000 
5.5696343500683593011973953161777647745153818424850E-79
PP 50 g=84 W=1 e=-120 27.000000000000000000000000000000000000000000000000 
-6.8354603387202591423786215243999840414506958975952E-79
PP 50 g=84 W=1 e=-96 -49.000000000000000000000000000000000000000000000000 
1.2405094688788618443576016840577748815966077740080E-78
PP 50 g=84 W=1 e=-72 21.000000000000000000000000000000000000000000000000 
-5.3164691523379793329611500745333209211283190314630E-79
PP 50 g=84 W=1 e=-48 3.0000000000000000000000000000000000000000000000000 
-7.5949559319113990470873572493333156016118843306613E-80
PP 50 g=84 W=1 e=-24 39.000000000000000000000000000000000000000000000000 
-9.8734427114848187612135644241333102820954496298597E-79
PP 50 g=84 W=1 e=0 -32.000000000000000000000000000000000000000000000000 
8.1012863273721589835598477326222033083860099527055E-79
PP 51 g=84 W=1 e=-1272 1.0000000000000000000000000000000000000000000000000 
4.7240590933702401245063849185034560610474469347203E-79
PP 51 g=84 W=1 e=-1248 -5.0000000000000000000000000000000000000000000000000 
-2.3620295466851200622531924592517280305237234673601E-78
PP 51 g=84 W=1 e=-1224 7.0000000000000000000000000000000000000000000000000 
3.3068413653591680871544694429524192427332128543042E-78
PP 51 g=84 W=1 e=-1200 5.0000000000000000000000000000000000000000000000000 
2.3620295466851200622531924592517280305237234673601E-78
PP 51 g=84 W=1 e=-1176 -21.000000000000000000000000000000000000000000000000 
-9.9205240960775042614634083288572577281996385629125E-78
PP 51 g=84 W=1 e=-1152 4.0000000000000000000000000000000000000000000000000 
1.8896236373480960498025539674013824244189787738881E-78
PP 51 g=84 W=1 e=-1128 46.000000000000000000000000000000000000000000000000 
2.1730671829503104572729370625115897880818255899713E-77
PP 51 g=84 W=1 e=-1104 -53.000000000000000000000000000000000000000000000000 
-2.5037513194862272659883840068068317123551468754017E-77
PP 51 g=84 W=1 e=-1080 -35.000000000000000000000000000000000000000000000000 
-1.6534206826795840435772347214762096213666064271521E-77
PP 51 g=84 W=1 e=-1056 109.00000000000000000000000000000000000000000000000 
5.1492244117735617357119595611687671065417171588451E-77
PP 51 g=84 W=1 e=-1032 -20.000000000000000000000000000000000000000000000000 
-9.4481181867404802490127698370069121220948938694405E-78
PP 51 g=84 W=1 e=-1008 -135.00000000000000000000000000000000000000000000000 
-6.3774797760498241680836196399796656824140533618723E-77
PP 51 g=84 W=1 e=-984 111.00000000000000000000000000000000000000000000000 
5.2437055936409665382020872595388362277626660975395E-77
PP 51 g=84 W=1 e=-960 84.000000000000000000000000000000000000000000000000 
3.9682096384310017045853633315429030912798554251650E-77
PP 51 g=84 W=1 e=-936 -164.00000000000000000000000000000000000000000000000 
-7.7474569131271938041904712663456679401178129729412E-77
PP 51 g=84 W=1 e=-912 5.0000000000000000000000000000000000000000000000000 
2.3620295466851200622531924592517280305237234673601E-78
PP 51 g=84 W=1 e=-888 119.00000000000000000000000000000000000000000000000 
5.6216303211105857481625980530191127126464618523171E-77
PP 51 g=84 W=1 e=-864 -30.000000000000000000000000000000000000000000000000 
-1.4172177280110720373519154755510368183142340804161E-77
PP 51 g=84 W=1 e=-840 -18.000000000000000000000000000000000000000000000000 
-8.5033063680664322241114928533062209098854044824964E-78
PP 51 g=84 W=1 e=-816 -64.000000000000000000000000000000000000000000000000 
-3.0233978197569536796840863478422118790703660382210E-77
PP 51 g=84 W=1 e=-792 14.000000000000000000000000000000000000000000000000 
6.6136827307183361743089388859048384854664257086083E-78
PP 51 g=84 W=1 e=-768 186.00000000000000000000000000000000000000000000000 
8.7867499136686466315818759484164282735482512985797E-77
PP 51 g=84 W=1 e=-744 -170.00000000000000000000000000000000000000000000000 
-8.0309004587294082116608543614558753037806597890244E-77
PP 51 g=84 W=1 e=-720 -251.00000000000000000000000000000000000000000000000 
-1.1857388324359302712511026145443674713229091806148E-76
PP 51 g=84 W=1 e=-696 457.00000000000000000000000000000000000000000000000 
2.1588950056701997368994179077560794198986832491672E-76
PP 51 g=84 W=1 e=-672 59.000000000000000000000000000000000000000000000000 
2.7871948650884416734587671019170390760179936914849E-77
PP 51 g=84 W=1 e=-648 -511.00000000000000000000000000000000000000000000000 
-2.4139941967121927036227626933552660471952453836420E-76
PP 51 g=84 W=1 e=-624 254.00000000000000000000000000000000000000000000000 
1.1999110097160409916246217692998778395060515214189E-76
PP 51 g=84 W=1 e=-600 263.00000000000000000000000000000000000000000000000 
1.2424275415563731527451792335664089440554785438314E-76
PP 51 g=84 W=1 e=-576 -411.00000000000000000000000000000000000000000000000 
-1.9415882873751686911721242015049204410905006901700E-76
PP 51 g=84 W=1 e=-552 17.000000000000000000000000000000000000000000000000 
8.0309004587294082116608543614558753037806597890244E-78
PP 51 g=84 W=1 e=-528 172.00000000000000000000000000000000000000000000000 
8.1253816405968130141509820598259444250016087277188E-77
PP 51 g=84 W=1 e=-504 -62.000000000000000000000000000000000000000000000000 
-2.9289166378895488771939586494721427578494170995266E-77
PP 51 g=84 W=1 e=-480 422.00000000000000000000000000000000000000000000000 
1.9935529374022413325416944356084584577620226064519E-76
PP 51 g=84 W=1 e=-456 -422.00000000000000000000000000000000000000000000000 
-1.9935529374022413325416944356084584577620226064519E-76
PP 51 g=84 W=1 e=-432 -344.00000000000000000000000000000000000000000000000 
-1.6250763281193626028301964119651888850003217455438E-76
PP 51 g=84 W=1 e=-408 859.00000000000000000000000000000000000000000000000 
4.0579667612050362669509846449944687564397569169247E-76
PP 51 g=84 W=1 e=-384 -574.00000000000000000000000000000000000000000000000 
-2.7116099195945178314666649432209837790412345405294E-76
PP 51 g=84 W=1 e=-360 -848.00000000000000000000000000000000000000000000000 
-4.0060021111779636255814144108909307397682350006428E-76
PP 51 g=84 W=1 e=-336 1417.0000000000000000000000000000000000000000000000 
6.6939917353056302564255474295193972385042323064986E-76
PP 51 g=84 W=1 e=-312 167.00000000000000000000000000000000000000000000000 
7.8891786859283010079256628139007716219492363809828E-77
PP 51 g=84 W=1 e=-288 -1149.0000000000000000000000000000000000000000000000 
-5.4279438982824059030578362713604710141435165279936E-76
PP 51 g=84 W=1 e=-264 1050.0000000000000000000000000000000000000000000000 
4.9602620480387521307317041644286288640998192814563E-76
PP 51 g=84 W=1 e=-240 -235.00000000000000000000000000000000000000000000000 
-1.1101538869420064292590004558483121743461500296593E-76
PP 51 g=84 W=1 e=-216 -1242.0000000000000000000000000000000000000000000000 
-5.8672813939658382346369300687812924278209290929226E-76
PP 51 g=84 W=1 e=-192 972.00000000000000000000000000000000000000000000000 
4.5917854387558734010202061407853592913381184205481E-76
PP 51 g=84 W=1 e=-168 -392.00000000000000000000000000000000000000000000000 
-1.8518311646011341288065028880533547759305991984103E-76
PP 51 g=84 W=1 e=-144 -191.00000000000000000000000000000000000000000000000 
-9.0229528683371586378071951943416010766006236453156E-77
PP 51 g=84 W=1 e=-120 1897.0000000000000000000000000000000000000000000000 
8.9615401001233455161886121904010561478070068351643E-76
PP 51 g=84 W=1 e=-96 -503.00000000000000000000000000000000000000000000000 
-2.3762017239652307826267116140072383987068658081643E-76
PP 51 g=84 W=1 e=-72 -1673.0000000000000000000000000000000000000000000000 
-7.9033508632084117282991819686562819901323787217870E-76
PP 51 g=84 W=1 e=-48 1616.0000000000000000000000000000000000000000000000 
7.6340794948863080412023180283015849946526742465079E-76
PP 51 g=84 W=1 e=-24 -1560.0000000000000000000000000000000000000000000000 
-7.3695321856575745942299604728653914552340172181636E-76
PP 51 g=84 W=1 e=0 -1239.0000000000000000000000000000000000000000000000 
-5.8531092166857275142634109140257820596377867521184E-76
PP 52 g=84 W=1 e=-888 1.0000000000000000000000000000000000000000000000000 
-1.0170098495278994078519341529136316330631229996253E-79
PP 52 g=84 W=1 e=-864 -5.0000000000000000000000000000000000000000000000000 
5.0850492476394970392596707645681581653156149981267E-79
PP 52 g=84 W=1 e=-840 7.0000000000000000000000000000000000000000000000000 
-7.1190689466952958549635390703954214314418609973774E-79
PP 52 g=84 W=1 e=-816 2.0000000000000000000000000000000000000000000000000 
-2.0340196990557988157038683058272632661262459992507E-79
PP 52 g=84 W=1 e=-792 -8.0000000000000000000000000000000000000000000000000 
8.1360787962231952628154732233090530645049839970028E-79
PP 52 g=84 W=1 e=-768 -7.0000000000000000000000000000000000000000000000000 
7.1190689466952958549635390703954214314418609973774E-79
PP 52 g=84 W=1 e=-744 21.000000000000000000000000000000000000000000000000 
-2.1357206840085887564890617211186264294325582992132E-78
PP 52 g=84 W=1 e=-720 -16.000000000000000000000000000000000000000000000000 
1.6272157592446390525630946446618106129009967994006E-78
PP 52 g=84 W=1 e=-696 2.0000000000000000000000000000000000000000000000000 
-2.0340196990557988157038683058272632661262459992507E-79
PP 52 g=84 W=1 e=-672 9.0000000000000000000000000000000000000000000000000 
-9.1530886457510946706674073762226846975681069966281E-79
PP 52 g=84 W=1 e=-648 9.0000000000000000000000000000000000000000000000000 
-9.1530886457510946706674073762226846975681069966281E-79
PP 52 g=84 W=1 e=-624 -29.000000000000000000000000000000000000000000000000 
2.9493285636309082827706090434495317358830566989135E-78
PP 52 g=84 W=1 e=-600 10.000000000000000000000000000000000000000000000000 
-1.0170098495278994078519341529136316330631229996253E-78
PP 52 g=84 W=1 e=-576 -9.0000000000000000000000000000000000000000000000000 
9.1530886457510946706674073762226846975681069966281E-79
PP 52 g=84 W=1 e=-552 21.000000000000000000000000000000000000000000000000 
-2.1357206840085887564890617211186264294325582992132E-78
PP 52 g=84 W=1 e=-528 -14.000000000000000000000000000000000000000000000000 
1.4238137893390591709927078140790842862883721994755E-78
PP 52 g=84 W=1 e=-504 32.000000000000000000000000000000000000000000000000 
-3.2544315184892781051261892893236212258019935988011E-78
PP 52 g=84 W=1 e=-480 -15.000000000000000000000000000000000000000000000000 
1.5255147742918491117779012293704474495946844994380E-78
PP 52 g=84 W=1 e=-456 -3.0000000000000000000000000000000000000000000000000 
3.0510295485836982235558024587408948991893689988760E-79
PP 52 g=84 W=1 e=-432 -61.000000000000000000000000000000000000000000000000 
6.2037600821201863878967983327731529616850502977146E-78
PP 52 g=84 W=1 e=-408 61.000000000000000000000000000000000000000000000000 
-6.2037600821201863878967983327731529616850502977146E-78
PP 52 g=84 W=1 e=-384 -36.000000000000000000000000000000000000000000000000 
3.6612354583004378682669629504890738790272427986513E-78
PP 52 g=84 W=1 e=-360 49.000000000000000000000000000000000000000000000000 
-4.9833482626867070984744773492767950020093026981642E-78
PP 52 g=84 W=1 e=-336 -13.000000000000000000000000000000000000000000000000 
1.3221128043862692302075143987877211229820598995129E-78
PP 52 g=84 W=1 e=-312 86.000000000000000000000000000000000000000000000000 
-8.7462847059399349075266337150572320443428577967780E-78
PP 52 g=84 W=1 e=-288 -132.00000000000000000000000000000000000000000000000 
1.3424530013768272183645530818459937556433223595055E-77
PP 52 g=84 W=1 e=-264 15.000000000000000000000000000000000000000000000000 
-1.5255147742918491117779012293704474495946844994380E-78
PP 52 g=84 W=1 e=-240 -60.000000000000000000000000000000000000000000000000 
6.1020590971673964471116049174817897983787379977521E-78
PP 52 g=84 W=1 e=-216 97.000000000000000000000000000000000000000000000000 
-9.8649955404206242561637612832622268407122930963659E-78
PP 52 g=84 W=1 e=-192 -42.000000000000000000000000000000000000000000000000 
4.2714413680171775129781234422372528588651165984265E-78
PP 52 g=84 W=1 e=-168 124.00000000000000000000000000000000000000000000000 
-1.2610922134145952657363983496129032249982725195354E-77
PP 52 g=84 W=1 e=-144 -71.000000000000000000000000000000000000000000000000 
7.2207699316480857957487324856867845947481732973400E-78
PP 52 g=84 W=1 e=-120 65.000000000000000000000000000000000000000000000000 
-6.6105640219313461510375719939386056149102994975648E-78
PP 52 g=84 W=1 e=-96 -188.00000000000000000000000000000000000000000000000 
1.9119785171124508867616362074776274701586712392957E-77
PP 52 g=84 W=1 e=-72 31.000000000000000000000000000000000000000000000000 
-3.1527305335364881643409958740322580624956812988386E-78
PP 52 g=84 W=1 e=-48 -43.000000000000000000000000000000000000000000000000 
4.3731423529699674537633168575286160221714288983890E-78
PP 52 g=84 W=1 e=-24 195.00000000000000000000000000000000000000000000000 
-1.9831692065794038453112715981815816844730898492694E-77
PP 52 g=84 W=1 e=0 -122.00000000000000000000000000000000000000000000000 
1.2407520164240372775793596665546305923370100595429E-77
PP 53 g=84 W=1 e=-1176 1.0000000000000000000000000000000000000000000000000 
8.9189777541790952138065641043954590773281296246190E-79
PP 53 g=84 W=1 e=-1152 -5.0000000000000000000000000000000000000000000000000 
-4.4594888770895476069032820521977295386640648123095E-78
PP 53 g=84 W=1 e=-1128 6.0000000000000000000000000000000000000000000000000 
5.3513866525074571282839384626372754463968777747714E-78
PP 53 g=84 W=1 e=-1104 7.0000000000000000000000000000000000000000000000000 
6.2432844279253666496645948730768213541296907372334E-78
PP 53 g=84 W=1 e=-1080 -14.000000000000000000000000000000000000000000000000 
-1.2486568855850733299329189746153642708259381474467E-77
PP 53 g=84 W=1 e=-1056 -14.000000000000000000000000000000000000000000000000 
-1.2486568855850733299329189746153642708259381474467E-77
PP 53 g=84 W=1 e=-1032 37.000000000000000000000000000000000000000000000000 
3.3000217690462652291084287186263198586114079611091E-77
PP 53 g=84 W=1 e=-1008 -12.000000000000000000000000000000000000000000000000 
-1.0702773305014914256567876925274550892793755549543E-77
PP 53 g=84 W=1 e=-984 -20.000000000000000000000000000000000000000000000000 
-1.7837955508358190427613128208790918154656259249238E-77
PP 53 g=84 W=1 e=-960 20.000000000000000000000000000000000000000000000000 
1.7837955508358190427613128208790918154656259249238E-77
PP 53 g=84 W=1 e=-936 19.000000000000000000000000000000000000000000000000 
1.6946057732940280906232471798351372246923446286776E-77
PP 53 g=84 W=1 e=-912 -56.000000000000000000000000000000000000000000000000 
-4.9946275423402933197316758984614570833037525897867E-77
PP 53 g=84 W=1 e=-888 19.000000000000000000000000000000000000000000000000 
1.6946057732940280906232471798351372246923446286776E-77
PP 53 g=84 W=1 e=-864 1.0000000000000000000000000000000000000000000000000 
8.9189777541790952138065641043954590773281296246190E-79
PP 53 g=84 W=1 e=-840 44.000000000000000000000000000000000000000000000000 
3.9243502118388018940748882059340019940243770348324E-77
PP 53 g=84 W=1 e=-816 -14.000000000000000000000000000000000000000000000000 
-1.2486568855850733299329189746153642708259381474467E-77
PP 53 g=84 W=1 e=-792 -7.0000000000000000000000000000000000000000000000000 
-6.2432844279253666496645948730768213541296907372334E-78
PP 53 g=84 W=1 e=-768 -37.000000000000000000000000000000000000000000000000 
-3.3000217690462652291084287186263198586114079611091E-77
PP 53 g=84 W=1 e=-744 37.000000000000000000000000000000000000000000000000 
3.3000217690462652291084287186263198586114079611091E-77
PP 53 g=84 W=1 e=-720 -115.00000000000000000000000000000000000000000000000 
-1.0256824417305959495877548720054777938927349068312E-76
PP 53 g=84 W=1 e=-696 120.00000000000000000000000000000000000000000000000 
1.0702773305014914256567876925274550892793755549543E-76
PP 53 g=84 W=1 e=-672 40.000000000000000000000000000000000000000000000000 
3.5675911016716380855226256417581836309312518498476E-77
PP 53 g=84 W=1 e=-648 25.000000000000000000000000000000000000000000000000 
2.2297444385447738034516410260988647693320324061548E-77
PP 53 g=84 W=1 e=-624 -112.00000000000000000000000000000000000000000000000 
-9.9892550846805866394633517969229141666075051795734E-77
PP 53 g=84 W=1 e=-600 115.00000000000000000000000000000000000000000000000 
1.0256824417305959495877548720054777938927349068312E-76
PP 53 g=84 W=1 e=-576 -246.00000000000000000000000000000000000000000000000 
-2.1940685275280574225964147696812829330227198876563E-76
PP 53 g=84 W=1 e=-552 71.000000000000000000000000000000000000000000000000 
6.3324742054671576018026605141207759449029720334795E-77
PP 53 g=84 W=1 e=-528 -2.0000000000000000000000000000000000000000000000000 
-1.7837955508358190427613128208790918154656259249238E-78
PP 53 g=84 W=1 e=-504 307.00000000000000000000000000000000000000000000000 
2.7381261705329822306386151800494059367397357947580E-76
PP 53 g=84 W=1 e=-480 -134.00000000000000000000000000000000000000000000000 
-1.1951430190599987586500795899889915163619693696990E-76
PP 53 g=84 W=1 e=-456 98.000000000000000000000000000000000000000000000000 
8.7405981990955133095304328223075498957815670321267E-77
PP 53 g=84 W=1 e=-432 -364.00000000000000000000000000000000000000000000000 
-3.2465079025211906578255893339999471041474391833613E-76
PP 53 g=84 W=1 e=-408 190.00000000000000000000000000000000000000000000000 
1.6946057732940280906232471798351372246923446286776E-76
PP 53 g=84 W=1 e=-384 -310.00000000000000000000000000000000000000000000000 
-2.7648831037955195162800348723625923139717201836319E-76
PP 53 g=84 W=1 e=-360 233.00000000000000000000000000000000000000000000000 
2.0781218167237291848169294363241419650174542025362E-76
PP 53 g=84 W=1 e=-336 78.000000000000000000000000000000000000000000000000 
6.9568026482596942667691200014284580803159411072029E-77
PP 53 g=84 W=1 e=-312 606.00000000000000000000000000000000000000000000000 
5.4049005190325316995667778472636482008608465525191E-76
PP 53 g=84 W=1 e=-288 -699.00000000000000000000000000000000000000000000000 
-6.2343654501711875544507883089724258950523626076087E-76
PP 53 g=84 W=1 e=-264 223.00000000000000000000000000000000000000000000000 
1.9889320391819382326788637952801873742441729062901E-76
PP 53 g=84 W=1 e=-240 -498.00000000000000000000000000000000000000000000000 
-4.4416509215811894164756689239889386205094085530603E-76
PP 53 g=84 W=1 e=-216 201.00000000000000000000000000000000000000000000000 
1.7927145285899981379751193849834872745429540545484E-76
PP 53 g=84 W=1 e=-192 -333.00000000000000000000000000000000000000000000000 
-2.9700195921416387061975858467636878727502671649982E-76
PP 53 g=84 W=1 e=-168 1035.0000000000000000000000000000000000000000000000 
9.2311419755753635462897938480493001450346141614808E-76
PP 53 g=84 W=1 e=-144 -534.00000000000000000000000000000000000000000000000 
-4.7627341207316368441727052317471751472932212195466E-76
PP 53 g=84 W=1 e=-120 686.00000000000000000000000000000000000000000000000 
6.1184187393668593166713029756152849270470969224887E-76
PP 53 g=84 W=1 e=-96 -1055.0000000000000000000000000000000000000000000000 
-9.4095215306589454505659251301372093265811767539731E-76
PP 53 g=84 W=1 e=-72 470.00000000000000000000000000000000000000000000000 
4.1919195444641747504890851290658657663442209235710E-76
PP 53 g=84 W=1 e=-48 -642.00000000000000000000000000000000000000000000000 
-5.7259837181829791272638141550218847276446592190055E-76
PP 53 g=84 W=1 e=-24 438.00000000000000000000000000000000000000000000000 
3.9065122563304437036472750777252110758697207755832E-76
PP 53 g=84 W=1 e=0 -506.00000000000000000000000000000000000000000000000 
-4.5130027436146221781861214368241022931280335900572E-76
PP 54 g=84 W=1 e=-696 1.0000000000000000000000000000000000000000000000000 
1.4900271978406113522939099887088656210923467290689E-79
PP 54 g=84 W=1 e=-672 -6.0000000000000000000000000000000000000000000000000 
-8.9401631870436681137634599322531937265540803744134E-79
PP 54 g=84 W=1 e=-648 18.000000000000000000000000000000000000000000000000 
2.6820489561131004341290379796759581179662241123240E-78
PP 54 g=84 W=1 e=-624 -34.000000000000000000000000000000000000000000000000 
-5.0660924726580785977992939616101431117139788788343E-78
PP 54 g=84 W=1 e=-600 42.000000000000000000000000000000000000000000000000 
6.2581142309305676796344219525772356085878562620894E-78
PP 54 g=84 W=1 e=-576 -36.000000000000000000000000000000000000000000000000 
-5.3640979122262008682580759593519162359324482246480E-78
PP 54 g=84 W=1 e=-552 31.000000000000000000000000000000000000000000000000 
4.6190843133058951921111209649974834253862748601136E-78
PP 54 g=84 W=1 e=-528 -53.000000000000000000000000000000000000000000000000 
-7.8971441485552401671577229401569877917894376640652E-78
PP 54 g=84 W=1 e=-504 102.00000000000000000000000000000000000000000000000 
1.5198277417974235793397881884830429335141936636503E-77
PP 54 g=84 W=1 e=-480 -134.00000000000000000000000000000000000000000000000 
-1.9966364451064192120738393848698799322637446169523E-77
PP 54 g=84 W=1 e=-456 116.00000000000000000000000000000000000000000000000 
1.7284315494951091686609355869022841204671222057199E-77
PP 54 g=84 W=1 e=-432 -66.000000000000000000000000000000000000000000000000 
-9.8341795057480349251398059254785130992094884118548E-78
PP 54 g=84 W=1 e=-408 48.000000000000000000000000000000000000000000000000 
7.1521305496349344910107679458025549812432642995307E-78
PP 54 g=84 W=1 e=-384 -101.00000000000000000000000000000000000000000000000 
-1.5049274698190174658168490885959542773032701963596E-77
PP 54 g=84 W=1 e=-360 182.00000000000000000000000000000000000000000000000 
2.7118495000699126611749161794501354303880710469054E-77
PP 54 g=84 W=1 e=-336 -226.00000000000000000000000000000000000000000000000 
-3.3674614671197816561842365744820363036687036076957E-77
PP 54 g=84 W=1 e=-312 178.00000000000000000000000000000000000000000000000 
2.6522484121562882070831597799017808055443771777427E-77
PP 54 g=84 W=1 e=-288 -98.000000000000000000000000000000000000000000000000 
-1.4602266538837991252480317889346883086704997944875E-77
PP 54 g=84 W=1 e=-264 97.000000000000000000000000000000000000000000000000 
1.4453263819053930117250926890475996524595763271968E-77
PP 54 g=84 W=1 e=-240 -198.00000000000000000000000000000000000000000000000 
-2.9502538517244104775419417776435539297628465235564E-77
PP 54 g=84 W=1 e=-216 344.00000000000000000000000000000000000000000000000 
5.1256935605717030518910503611584977365576727479970E-77
PP 54 g=84 W=1 e=-192 -382.00000000000000000000000000000000000000000000000 
-5.6919038957511353657627361568678666725727645050432E-77
PP 54 g=84 W=1 e=-168 326.00000000000000000000000000000000000000000000000 
4.8574886649603930084781465631909019247610503367646E-77
PP 54 g=84 W=1 e=-144 -262.00000000000000000000000000000000000000000000000 
-3.9038712583424017430100441704172279272619484301605E-77
PP 54 g=84 W=1 e=-120 250.00000000000000000000000000000000000000000000000 
3.7250679946015283807347749717721640527308668226722E-77
PP 54 g=84 W=1 e=-96 -365.00000000000000000000000000000000000000000000000 
-5.4385992721182314358727714587873595169870655611015E-77
PP 54 g=84 W=1 e=-72 480.00000000000000000000000000000000000000000000000 
7.1521305496349344910107679458025549812432642995307E-77
PP 54 g=84 W=1 e=-48 -548.00000000000000000000000000000000000000000000000 
-8.1653490441665502105706267381245836035860600752976E-77
PP 54 g=84 W=1 e=-24 510.00000000000000000000000000000000000000000000000 
7.5991387089871178966989409424152146675709683182514E-77
PP 54 g=84 W=1 e=0 -380.00000000000000000000000000000000000000000000000 
-5.6621033517943231387168579570936893601509175704618E-77
PP 55 g=84 W=1 e=-984 1.0000000000000000000000000000000000000000000000000 
6.0289113486943704897077755994742294457941797094914E-79
PP 55 g=84 W=1 e=-960 -6.0000000000000000000000000000000000000000000000000 
-3.6173468092166222938246653596845376674765078256948E-78
PP 55 g=84 W=1 e=-936 17.000000000000000000000000000000000000000000000000 
1.0249149292780429832503218519106190057850105506135E-77
PP 55 g=84 W=1 e=-912 -28.000000000000000000000000000000000000000000000000 
-1.6880951776344237371181771678527842448223703186576E-77
PP 55 g=84 W=1 e=-888 25.000000000000000000000000000000000000000000000000 
1.5072278371735926224269438998685573614485449273728E-77
PP 55 g=84 W=1 e=-864 -8.0000000000000000000000000000000000000000000000000 
-4.8231290789554963917662204795793835566353437675931E-78
PP 55 g=84 W=1 e=-840 8.0000000000000000000000000000000000000000000000000 
4.8231290789554963917662204795793835566353437675931E-78
PP 55 g=84 W=1 e=-816 -57.000000000000000000000000000000000000000000000000 
-3.4364794687557911791334320917003107841026824344101E-77
PP 55 g=84 W=1 e=-792 131.00000000000000000000000000000000000000000000000 
7.8978738667896253415171860353112405739903754194337E-77
PP 55 g=84 W=1 e=-768 -151.00000000000000000000000000000000000000000000000 
-9.1036561365284994394587411552060864631492113613319E-77
PP 55 g=84 W=1 e=-744 86.000000000000000000000000000000000000000000000000 
5.1848637598771586211486870155478373233829945501626E-77
PP 55 g=84 W=1 e=-720 -15.000000000000000000000000000000000000000000000000 
-9.0433670230415557345616633992113441686912695642370E-78
PP 55 g=84 W=1 e=-696 49.000000000000000000000000000000000000000000000000 
2.9541665608602415399568100437423724284391480576508E-77
PP 55 g=84 W=1 e=-672 -200.00000000000000000000000000000000000000000000000 
-1.2057822697388740979415551198948458891588359418983E-76
PP 55 g=84 W=1 e=-648 346.00000000000000000000000000000000000000000000000 
2.0860033266482521894388903574180833882447861794840E-76
PP 55 g=84 W=1 e=-624 -357.00000000000000000000000000000000000000000000000 
-2.1523213514838902648256758890122999121485221562884E-76
PP 55 g=84 W=1 e=-600 213.00000000000000000000000000000000000000000000000 
1.2841581172719009143077562026880108719541602781217E-76
PP 55 g=84 W=1 e=-576 -58.000000000000000000000000000000000000000000000000 
-3.4967685822427348840305098476950530785606242315050E-77
PP 55 g=84 W=1 e=-552 110.00000000000000000000000000000000000000000000000 
6.6318024835638075386785531594216523903735976804405E-77
PP 55 g=84 W=1 e=-528 -405.00000000000000000000000000000000000000000000000 
-2.4417090962212200483316491177870629255466427823440E-76
PP 55 g=84 W=1 e=-504 714.00000000000000000000000000000000000000000000000 
4.3046427029677805296513517780245998242970443125768E-76
PP 55 g=84 W=1 e=-480 -750.00000000000000000000000000000000000000000000000 
-4.5216835115207778672808316996056720843456347821185E-76
PP 55 g=84 W=1 e=-456 502.00000000000000000000000000000000000000000000000 
3.0265134970445739858333033509360631817886782141646E-76
PP 55 g=84 W=1 e=-432 -283.00000000000000000000000000000000000000000000000 
-1.7061819116805068485873004946512069331597528577861E-76
PP 55 g=84 W=1 e=-408 371.00000000000000000000000000000000000000000000000 
2.2367261103656114516815847474049391243896406722213E-76
PP 55 g=84 W=1 e=-384 -788.00000000000000000000000000000000000000000000000 
-4.7507821427711639458897271723856928032858136110792E-76
PP 55 g=84 W=1 e=-360 1279.0000000000000000000000000000000000000000000000 
7.7109776149800998563362449917275394611707558484394E-76
PP 55 g=84 W=1 e=-336 -1438.0000000000000000000000000000000000000000000000 
-8.6695745194225047641997813120439419430520304222486E-76
PP 55 g=84 W=1 e=-312 1155.0000000000000000000000000000000000000000000000 
6.9633926077419979156124808173927350098922775644625E-76
PP 55 g=84 W=1 e=-288 -740.00000000000000000000000000000000000000000000000 
-4.4613943980338341623837539436109297898876929850236E-76
PP 55 g=84 W=1 e=-264 683.00000000000000000000000000000000000000000000000 
4.1177464511582550444704107344408987114774247415826E-76
PP 55 g=84 W=1 e=-240 -1203.0000000000000000000000000000000000000000000000 
-7.2527803524793276991184540461674980232903981905181E-76
PP 55 g=84 W=1 e=-216 1908.0000000000000000000000000000000000000000000000 
1.1503162853308858894362435843796829782575294885709E-75
PP 55 g=84 W=1 e=-192 -2305.0000000000000000000000000000000000000000000000 
-1.3896640658740523978776422756788098872555584230378E-75
PP 55 g=84 W=1 e=-168 2024.0000000000000000000000000000000000000000000000 
1.2202516569757405871168537813335840398287419732011E-75
PP 55 g=84 W=1 e=-144 -1194.0000000000000000000000000000000000000000000000 
-7.1985201503410783647110840657722299582782505731326E-76
PP 55 g=84 W=1 e=-120 777.00000000000000000000000000000000000000000000000 
4.6844641179355258705029416407914762793820776342748E-76
PP 55 g=84 W=1 e=-96 -1438.0000000000000000000000000000000000000000000000 
-8.6695745194225047641997813120439419430520304222486E-76
PP 55 g=84 W=1 e=-72 2818.0000000000000000000000000000000000000000000000 
1.6989472180620736039996511639318378578247998421347E-75
PP 55 g=84 W=1 e=-48 -3667.0000000000000000000000000000000000000000000000 
-2.2108017915662256585758413123271999377727256994705E-75
PP 55 g=84 W=1 e=-24 3101.0000000000000000000000000000000000000000000000 
1.8695654092301242888583812133969585511407751279133E-75
PP 55 g=84 W=1 e=0 -1872.0000000000000000000000000000000000000000000000 
-1.1286122044755861556732955922215757522526704416168E-75
PP 56 g=84 W=1 e=-720 1.0000000000000000000000000000000000000000000000000 
3.3480337893649800971226194262667085866131093537491E-79
PP 56 g=84 W=1 e=-696 -6.0000000000000000000000000000000000000000000000000 
-2.0088202736189880582735716557600251519678656122495E-78
PP 56 g=84 W=1 e=-672 17.000000000000000000000000000000000000000000000000 
5.6916574419204661651084530246534045972422859013735E-78
PP 56 g=84 W=1 e=-648 -31.000000000000000000000000000000000000000000000000 
-1.0378904747031438301080120221426796618500638996622E-77
PP 56 g=84 W=1 e=-624 40.000000000000000000000000000000000000000000000000 
1.3392135157459920388490477705066834346452437414996E-77
PP 56 g=84 W=1 e=-600 -41.000000000000000000000000000000000000000000000000 
-1.3726938536396418398202739647693505205113748350371E-77
PP 56 g=84 W=1 e=-576 45.000000000000000000000000000000000000000000000000 
1.5066152052142410437051787418200188639758992091871E-77
PP 56 g=84 W=1 e=-552 -64.000000000000000000000000000000000000000000000000 
-2.1427416251935872621584764328106934954323899863994E-77
PP 56 g=84 W=1 e=-528 100.00000000000000000000000000000000000000000000000 
3.3480337893649800971226194262667085866131093537491E-77
PP 56 g=84 W=1 e=-504 -134.00000000000000000000000000000000000000000000000 
-4.4863652777490733301443100311973895060615665340238E-77
PP 56 g=84 W=1 e=-480 142.00000000000000000000000000000000000000000000000 
4.7542079808982717379141195852987261929906152823237E-77
PP 56 g=84 W=1 e=-456 -131.00000000000000000000000000000000000000000000000 
-4.3859242640681239272306314484093882484631732534114E-77
PP 56 g=84 W=1 e=-432 125.00000000000000000000000000000000000000000000000 
4.1850422367062251214032742828333857332663866921864E-77
PP 56 g=84 W=1 e=-408 -162.00000000000000000000000000000000000000000000000 
-5.4238147387712677573386434705520679103132371530736E-77
PP 56 g=84 W=1 e=-384 226.00000000000000000000000000000000000000000000000 
7.5665563639648550194971199033627614057456271394730E-77
PP 56 g=84 W=1 e=-360 -262.00000000000000000000000000000000000000000000000 
-8.7718485281362478544612628968187764969263465068227E-77
PP 56 g=84 W=1 e=-336 264.00000000000000000000000000000000000000000000000 
8.8388092039235474564037152853441106686586086938977E-77
PP 56 g=84 W=1 e=-312 -232.00000000000000000000000000000000000000000000000 
-7.7674383913267538253244770689387639209424137006980E-77
PP 56 g=84 W=1 e=-288 239.00000000000000000000000000000000000000000000000 
8.0018007565823024321230604287774335220053313554604E-77
PP 56 g=84 W=1 e=-264 -292.00000000000000000000000000000000000000000000000 
-9.7762586649457418835980487246987890729102793129474E-77
PP 56 g=84 W=1 e=-240 352.00000000000000000000000000000000000000000000000 
1.1785078938564729941871620380458814224878144925197E-76
PP 56 g=84 W=1 e=-216 -414.00000000000000000000000000000000000000000000000 
-1.3860859887971017602087644424744173548578272724521E-76
PP 56 g=84 W=1 e=-192 392.00000000000000000000000000000000000000000000000 
1.3124292454310721980720668150965497659523388666697E-76
PP 56 g=84 W=1 e=-168 -398.00000000000000000000000000000000000000000000000 
-1.3325174481672620786548025316541500174720175227922E-76
PP 56 g=84 W=1 e=-144 442.00000000000000000000000000000000000000000000000 
1.4798309348993212029281977864098851952829943343571E-76
PP 56 g=84 W=1 e=-120 -490.00000000000000000000000000000000000000000000000 
-1.6405365567888402475900835188706872074404235833371E-76
PP 56 g=84 W=1 e=-96 573.00000000000000000000000000000000000000000000000 
1.9184233613061335956512609312508240201293116596982E-76
PP 56 g=84 W=1 e=-72 -573.00000000000000000000000000000000000000000000000 
-1.9184233613061335956512609312508240201293116596982E-76
PP 56 g=84 W=1 e=-48 639.00000000000000000000000000000000000000000000000 
2.1393935914042222820613538133844267868457768770457E-76
PP 56 g=84 W=1 e=-24 -679.00000000000000000000000000000000000000000000000 
-2.2733149429788214859462585904350951303103012511956E-76
PP 56 g=84 W=1 e=0 668.00000000000000000000000000000000000000000000000 
2.2364865712958067048779097767461613358575570483044E-76
PP 57 g=84 W=1 e=-1272 1.0000000000000000000000000000000000000000000000000 
5.1830873145313060763353484313009573497631333280306E-79
PP 57 g=84 W=1 e=-1248 -6.0000000000000000000000000000000000000000000000000 
-3.1098523887187836458012090587805744098578799968184E-78
PP 57 g=84 W=1 e=-1224 16.000000000000000000000000000000000000000000000000 
8.2929397032500897221365574900815317596210133248489E-78
PP 57 g=84 W=1 e=-1200 -22.000000000000000000000000000000000000000000000000 
-1.1402792091968873367937766548862106169478893321667E-77
PP 57 g=84 W=1 e=-1176 9.0000000000000000000000000000000000000000000000000 
4.6647785830781754687018135881708616147868199952275E-78
PP 57 g=84 W=1 e=-1152 14.000000000000000000000000000000000000000000000000 
7.2563222403438285068694878038213402896683866592428E-78
PP 57 g=84 W=1 e=-1128 1.0000000000000000000000000000000000000000000000000 
5.1830873145313060763353484313009573497631333280306E-79
PP 57 g=84 W=1 e=-1104 -83.000000000000000000000000000000000000000000000000 
-4.3019624710609840433583391979797946003034006622654E-77
PP 57 g=84 W=1 e=-1080 165.00000000000000000000000000000000000000000000000 
8.5520940689766550259533249116465796271091699912504E-77
PP 57 g=84 W=1 e=-1056 -130.00000000000000000000000000000000000000000000000 
-6.7380135088906978992359529606912445546920733264398E-77
PP 57 g=84 W=1 e=-1032 -13.000000000000000000000000000000000000000000000000 
-6.7380135088906978992359529606912445546920733264398E-78
PP 57 g=84 W=1 e=-1008 77.000000000000000000000000000000000000000000000000 
3.9909772321891056787782182921017371593176126625836E-77
PP 57 g=84 W=1 e=-984 87.000000000000000000000000000000000000000000000000 
4.5092859636422362864117531352318328942939259953866E-77
PP 57 g=84 W=1 e=-960 -377.00000000000000000000000000000000000000000000000 
-1.9540239175783023907784263586004609208607012646675E-76
PP 57 g=84 W=1 e=-936 523.00000000000000000000000000000000000000000000000 
2.7107546654998730779233872295704006939261187305600E-76
PP 57 g=84 W=1 e=-912 -371.00000000000000000000000000000000000000000000000 
-1.9229253936911145543204142680126551767621224646994E-76
PP 57 g=84 W=1 e=-888 44.000000000000000000000000000000000000000000000000 
2.2805584183937746735875533097724212338957786643335E-77
PP 57 g=84 W=1 e=-864 125.00000000000000000000000000000000000000000000000 
6.4788591431641325954191855391261966872039166600382E-77
PP 57 g=84 W=1 e=-840 178.00000000000000000000000000000000000000000000000 
9.2258954198657248158769202077157040825783773238944E-77
PP 57 g=84 W=1 e=-816 -873.00000000000000000000000000000000000000000000000 
-4.5248352255858302046407591805257357663432153953707E-76
PP 57 g=84 W=1 e=-792 1357.0000000000000000000000000000000000000000000000 
7.0334494858189823455870678212753991236285719261375E-76
PP 57 g=84 W=1 e=-768 -1081.0000000000000000000000000000000000000000000000 
-5.6029173870083418685185116542363348950939471276011E-76
PP 57 g=84 W=1 e=-744 277.00000000000000000000000000000000000000000000000 
1.4357151861251717831448915154703651858843879318645E-76
PP 57 g=84 W=1 e=-720 132.00000000000000000000000000000000000000000000000 
6.8416752551813240207626599293172637016873359930004E-77
PP 57 g=84 W=1 e=-696 496.00000000000000000000000000000000000000000000000 
2.5708113080075278138623328219252748454825141307032E-76
PP 57 g=84 W=1 e=-672 -1802.0000000000000000000000000000000000000000000000 
-9.3399233407854135495562978732043251442731662571111E-76
PP 57 g=84 W=1 e=-648 2784.0000000000000000000000000000000000000000000000 
1.4429715083655156116517610032741865261740563185237E-75
PP 57 g=84 W=1 e=-624 -2583.0000000000000000000000000000000000000000000000 
-1.3387914533434363595174204998050372834438173386303E-75
PP 57 g=84 W=1 e=-600 1314.0000000000000000000000000000000000000000000000 
6.8105767312941361843046478387294579575887571930322E-76
PP 57 g=84 W=1 e=-576 -309.00000000000000000000000000000000000000000000000 
-1.6015739801901735775876226652719958210768081983615E-76
PP 57 g=84 W=1 e=-552 943.00000000000000000000000000000000000000000000000 
4.8876513376030216299842335707168027808266347283329E-76
PP 57 g=84 W=1 e=-528 -3156.0000000000000000000000000000000000000000000000 
-1.6357823564660801976914359649185821395852448783264E-75
PP 57 g=84 W=1 e=-504 5206.0000000000000000000000000000000000000000000000 
2.6983152559449979433401823933352783962866872105727E-75
PP 57 g=84 W=1 e=-480 -5268.0000000000000000000000000000000000000000000000 
-2.7304503972950920410134615536093443318552186372065E-75
PP 57 g=84 W=1 e=-456 3322.0000000000000000000000000000000000000000000000 
1.7218216058872998785586027488781780315913128915718E-75
PP 57 g=84 W=1 e=-432 -1193.0000000000000000000000000000000000000000000000 
-6.1834231662358481490680706785420421182674180603405E-76
PP 57 g=84 W=1 e=-408 1396.0000000000000000000000000000000000000000000000 
7.2355898910857032825641464100961364602693341259307E-76
PP 57 g=84 W=1 e=-384 -4863.0000000000000000000000000000000000000000000000 
-2.5205353610565741449218799421416555591898117374213E-75
PP 57 g=84 W=1 e=-360 8963.0000000000000000000000000000000000000000000000 
4.6456011600144096362193727989750480725926964019138E-75
PP 57 g=84 W=1 e=-336 -9809.0000000000000000000000000000000000000000000000 
-5.0840903468237581302773432762631090643826574814652E-75
PP 57 g=84 W=1 e=-312 6474.0000000000000000000000000000000000000000000000 
3.3555307274275675538195045744242397882366525165670E-75
PP 57 g=84 W=1 e=-288 -2463.0000000000000000000000000000000000000000000000 
-1.2765944055690606866013963186294257952466597386939E-75
PP 57 g=84 W=1 e=-264 2546.0000000000000000000000000000000000000000000000 
1.3196140302796705270349797106092237412496937453166E-75
PP 57 g=84 W=1 e=-240 -7543.0000000000000000000000000000000000000000000000 
-3.9096027613509641733797533217303121289263314693335E-75
PP 57 g=84 W=1 e=-216 13998.000000000000000000000000000000000000000000000 
7.2552856228809222456542207341350800981984340325772E-75
PP 57 g=84 W=1 e=-192 -16676.000000000000000000000000000000000000000000000 
-8.6433164057124060128968270440374764764650011378238E-75
PP 57 g=84 W=1 e=-168 12464.000000000000000000000000000000000000000000000 
6.4602000288318198935443782847735132407447693800573E-75
PP 57 g=84 W=1 e=-144 -5371.0000000000000000000000000000000000000000000000 
-2.7838361966347644935997156424517441925577789104852E-75
PP 57 g=84 W=1 e=-120 3281.0000000000000000000000000000000000000000000000 
1.7005709478977215236456278203098441064572840449268E-75
PP 57 g=84 W=1 e=-96 -9809.0000000000000000000000000000000000000000000000 
-5.0840903468237581302773432762631090643826574814652E-75
PP 57 g=84 W=1 e=-72 20268.000000000000000000000000000000000000000000000 
1.0505081369092051155516484200560780356499918629252E-74
PP 57 g=84 W=1 e=-48 -25100.000000000000000000000000000000000000000000000 
-1.3009549159473578251601724562565402947905464653357E-74
PP 57 g=84 W=1 e=-24 20189.000000000000000000000000000000000000000000000 
1.0464134979307253837513434947953502793436789875961E-74
PP 57 g=84 W=1 e=0 -9994.0000000000000000000000000000000000000000000000 
-5.1799774621425872926895472222421767753532754480338E-75
PP 58 g=84 W=1 e=-1008 1.0000000000000000000000000000000000000000000000000 
7.8696669236039557826115887881576055431934118755801E-79
PP 58 g=84 W=1 e=-984 -6.0000000000000000000000000000000000000000000000000 
-4.7218001541623734695669532728945633259160471253480E-78
PP 58 g=84 W=1 e=-960 16.000000000000000000000000000000000000000000000000 
1.2591467077766329252178542061052168869109459000928E-77
PP 58 g=84 W=1 e=-936 -25.000000000000000000000000000000000000000000000000 
-1.9674167309009889456528971970394013857983529688950E-77
PP 58 g=84 W=1 e=-912 24.000000000000000000000000000000000000000000000000 
1.8887200616649493878267813091578253303664188501392E-77
PP 58 g=84 W=1 e=-888 -16.000000000000000000000000000000000000000000000000 
-1.2591467077766329252178542061052168869109459000928E-77
PP 58 g=84 W=1 e=-864 23.000000000000000000000000000000000000000000000000 
1.8100233924289098300006654212762492749344847313834E-77
PP 58 g=84 W=1 e=-840 -60.000000000000000000000000000000000000000000000000 
-4.7218001541623734695669532728945633259160471253480E-77
PP 58 g=84 W=1 e=-816 112.00000000000000000000000000000000000000000000000 
8.8140269544364304765249794427365182083766213006496E-77
PP 58 g=84 W=1 e=-792 -142.00000000000000000000000000000000000000000000000 
-1.1174927031517617211308456079183799871334644863324E-76
PP 58 g=84 W=1 e=-768 126.00000000000000000000000000000000000000000000000 
9.9157803237409842860906018730785829844236989632308E-77
PP 58 g=84 W=1 e=-744 -96.000000000000000000000000000000000000000000000000 
-7.5548802466597975513071252366313013214656754005568E-77
PP 58 g=84 W=1 e=-720 113.00000000000000000000000000000000000000000000000 
8.8927236236724700343510953306180942638085554194055E-77
PP 58 g=84 W=1 e=-696 -210.00000000000000000000000000000000000000000000000 
-1.6526300539568307143484336455130971640706164938718E-76
PP 58 g=84 W=1 e=-672 337.00000000000000000000000000000000000000000000000 
2.6520777532545330987401054216091130680561798020705E-76
PP 58 g=84 W=1 e=-648 -386.00000000000000000000000000000000000000000000000 
-3.0376914325111269320880732722288357396726569839739E-76
PP 58 g=84 W=1 e=-624 340.00000000000000000000000000000000000000000000000 
2.6756867540253449660879401879735858846857600376972E-76
PP 58 g=84 W=1 e=-600 -281.00000000000000000000000000000000000000000000000 
-2.2113764055327115749138564494722871576373487370380E-76
PP 58 g=84 W=1 e=-576 317.00000000000000000000000000000000000000000000000 
2.4946844147824539830878736458459609571923115645589E-76
PP 58 g=84 W=1 e=-552 -484.00000000000000000000000000000000000000000000000 
-3.8089187910243145987840089734682810829056113477807E-76
PP 58 g=84 W=1 e=-528 679.00000000000000000000000000000000000000000000000 
5.3435038411270859763932687871590141638283266635189E-76
PP 58 g=84 W=1 e=-504 -790.00000000000000000000000000000000000000000000000 
-6.2170368696471250682631551426445083791227953817083E-76
PP 58 g=84 W=1 e=-480 760.00000000000000000000000000000000000000000000000 
5.9809468619390063947848074789997802128269930254408E-76
PP 58 g=84 W=1 e=-456 -686.00000000000000000000000000000000000000000000000 
-5.3985915095923136668715499086761174026306805466479E-76
PP 58 g=84 W=1 e=-432 768.00000000000000000000000000000000000000000000000 
6.0439041973278380410457001893050410571725403204455E-76
PP 58 g=84 W=1 e=-408 -1002.0000000000000000000000000000000000000000000000 
-7.8854062574511636941768119657339207542797986993312E-76
PP 58 g=84 W=1 e=-384 1265.0000000000000000000000000000000000000000000000 
9.9551286583590040650036598170193710121396660226088E-76
PP 58 g=84 W=1 e=-360 -1457.0000000000000000000000000000000000000000000000 
-1.1466104707690963575265084864345631276432801102720E-75
PP 58 g=84 W=1 e=-336 1515.0000000000000000000000000000000000000000000000 
1.1922545389259993010656557014058772397938018991504E-75
PP 58 g=84 W=1 e=-312 -1530.0000000000000000000000000000000000000000000000 
-1.2040590393114052347395730845881136481085920169638E-75
PP 58 g=84 W=1 e=-288 1567.0000000000000000000000000000000000000000000000 
1.2331768069287398711352359631042967886184076409034E-75
PP 58 g=84 W=1 e=-264 -1735.0000000000000000000000000000000000000000000000 
-1.3653872112452863282831106547453445617440569604131E-75
PP 58 g=84 W=1 e=-240 2093.0000000000000000000000000000000000000000000000 
1.6471212871103079453006055333613868401903811055589E-75
PP 58 g=84 W=1 e=-216 -2376.0000000000000000000000000000000000000000000000 
-1.8698328610482998939485134960662470770627546616378E-75
PP 58 g=84 W=1 e=-192 2555.0000000000000000000000000000000000000000000000 
2.0106998989808107024572609353742682162859167342107E-75
PP 58 g=84 W=1 e=-168 -2598.0000000000000000000000000000000000000000000000 
-2.0445394667523077123224907671633459201216484052757E-75
PP 58 g=84 W=1 e=-144 2483.0000000000000000000000000000000000000000000000 
1.9540382971308622208224574960995334563749241687065E-75
PP 58 g=84 W=1 e=-120 -2554.0000000000000000000000000000000000000000000000 
-2.0099129322884503068789997764954524557315973930231E-75
PP 58 g=84 W=1 e=-96 2904.0000000000000000000000000000000000000000000000 
2.2853512746145887592704053840809686497433668086684E-75
PP 58 g=84 W=1 e=-72 -3496.0000000000000000000000000000000000000000000000 
-2.7512355564919429416010114403398988979004167917028E-75
PP 58 g=84 W=1 e=-48 3879.0000000000000000000000000000000000000000000000 
3.0526437996659744480750352909263351902047244665375E-75
PP 58 g=84 W=1 e=-24 -3721.0000000000000000000000000000000000000000000000 
-2.9283030622730319467097721880734450226222685589033E-75
PP 58 g=84 W=1 e=0 3559.0000000000000000000000000000000000000000000000 
2.8008144581106478630314644497052918128225352865189E-75
PP 59 g=84 W=1 e=-1296 1.0000000000000000000000000000000000000000000000000 
7.0705112829714721933984002469375451691335441300128E-79
PP 59 g=84 W=1 e=-1272 -6.0000000000000000000000000000000000000000000000000 
-4.2423067697828833160390401481625271014801264780077E-78
PP 59 g=84 W=1 e=-1248 15.000000000000000000000000000000000000000000000000 
1.0605766924457208290097600370406317753700316195019E-77
PP 59 g=84 W=1 e=-1224 -19.000000000000000000000000000000000000000000000000 
-1.3433971437645797167456960469181335821353733847024E-77
PP 59 g=84 W=1 e=-1200 9.0000000000000000000000000000000000000000000000000 
6.3634601546743249740585602222437906522201897170115E-78
PP 59 g=84 W=1 e=-1176 3.0000000000000000000000000000000000000000000000000 
2.1211533848914416580195200740812635507400632390038E-78
PP 59 g=84 W=1 e=-1152 16.000000000000000000000000000000000000000000000000 
1.1312818052754355509437440395100072270613670608021E-77
PP 59 g=84 W=1 e=-1128 -75.000000000000000000000000000000000000000000000000 
-5.3028834622286041450488001852031588768501580975096E-77
PP 59 g=84 W=1 e=-1104 129.00000000000000000000000000000000000000000000000 
9.1209595550331991294839363185494332681822719277165E-77
PP 59 g=84 W=1 e=-1080 -123.00000000000000000000000000000000000000000000000 
-8.6967288780549107978800323037331805580342592799158E-77
PP 59 g=84 W=1 e=-1056 60.000000000000000000000000000000000000000000000000 
4.2423067697828833160390401481625271014801264780077E-77
PP 59 g=84 W=1 e=-1032 -24.000000000000000000000000000000000000000000000000 
-1.6969227079131533264156160592650108405920505912031E-77
PP 59 g=84 W=1 e=-1008 108.00000000000000000000000000000000000000000000000 
7.6361521856091899688702722666925487826642276604138E-77
PP 59 g=84 W=1 e=-984 -303.00000000000000000000000000000000000000000000000 
-2.1423649187403560745997152748220761862474638713939E-76
PP 59 g=84 W=1 e=-960 470.00000000000000000000000000000000000000000000000 
3.3231403029965919308972481160606462294927657411060E-76
PP 59 g=84 W=1 e=-936 -448.00000000000000000000000000000000000000000000000 
-3.1675890547712195426424833106280202357718277702457E-76
PP 59 g=84 W=1 e=-912 267.00000000000000000000000000000000000000000000000 
1.8878265125533830756373728659323245601586562827134E-76
PP 59 g=84 W=1 e=-888 -173.00000000000000000000000000000000000000000000000 
-1.2231984519540646894579232427201953142601031344922E-76
PP 59 g=84 W=1 e=-864 362.00000000000000000000000000000000000000000000000 
2.5595250844356729340102208893913913512263429750646E-76
PP 59 g=84 W=1 e=-840 -783.00000000000000000000000000000000000000000000000 
-5.5362103345666627274309473933520978674315650538000E-76
PP 59 g=84 W=1 e=-816 1154.0000000000000000000000000000000000000000000000 
8.1593700205490789111817538849659271251801099260348E-76
PP 59 g=84 W=1 e=-792 -1192.0000000000000000000000000000000000000000000000 
-8.4280494493019948545308930943495538416071846029752E-76
PP 59 g=84 W=1 e=-768 918.00000000000000000000000000000000000000000000000 
6.4907293577678114735397314266886664652645935113517E-76
PP 59 g=84 W=1 e=-744 -690.00000000000000000000000000000000000000000000000 
-4.8786527852503158134448961703869061667021454497088E-76
PP 59 g=84 W=1 e=-720 957.00000000000000000000000000000000000000000000000 
6.7664792978036988890822690363192307268608017324222E-76
PP 59 g=84 W=1 e=-696 -1731.0000000000000000000000000000000000000000000000 
-1.2239055030823618366772630827448890687770164889052E-75
PP 59 g=84 W=1 e=-672 2445.0000000000000000000000000000000000000000000000 
1.7287400086865249512859088603762297938531515397881E-75
PP 59 g=84 W=1 e=-648 -2665.0000000000000000000000000000000000000000000000 
-1.8842912569118973395406736658088557875740895106484E-75
PP 59 g=84 W=1 e=-624 2425.0000000000000000000000000000000000000000000000 
1.7145989861205820068991120598823547035148844515281E-75
PP 59 g=84 W=1 e=-600 -2147.0000000000000000000000000000000000000000000000 
-1.5180387724539750799226365330174909478129719247138E-75
PP 59 g=84 W=1 e=-576 2400.0000000000000000000000000000000000000000000000 
1.6969227079131533264156160592650108405920505912031E-75
PP 59 g=84 W=1 e=-552 -3337.0000000000000000000000000000000000000000000000 
-2.3594296151275802709370461624030588229398636761853E-75
PP 59 g=84 W=1 e=-528 4600.0000000000000000000000000000000000000000000000 
3.2524351901668772089632641135912707778014302998059E-75
PP 59 g=84 W=1 e=-504 -5390.0000000000000000000000000000000000000000000000 
-3.8110055815216235122417377330993368461629802860769E-75
PP 59 g=84 W=1 e=-480 5236.0000000000000000000000000000000000000000000000 
3.7021197077638628404634023692964986505583237064747E-75
PP 59 g=84 W=1 e=-456 -4796.0000000000000000000000000000000000000000000000 
-3.3910172113131180639538727584312466631164477647541E-75
PP 59 g=84 W=1 e=-432 4887.0000000000000000000000000000000000000000000000 
3.4553588639881584609137982006783783241555630163373E-75
PP 59 g=84 W=1 e=-408 -5946.0000000000000000000000000000000000000000000000 
-4.2041260088548373661946887868290643575668053397056E-75
PP 59 g=84 W=1 e=-384 7881.0000000000000000000000000000000000000000000000 
5.5722699421098172356172792346114793477941461288631E-75
PP 59 g=84 W=1 e=-360 -9500.0000000000000000000000000000000000000000000000 
-6.7169857188228985837284802345906679106768669235122E-75
PP 59 g=84 W=1 e=-336 9792.0000000000000000000000000000000000000000000000 
6.9234446482856655717757135218012442296155664121085E-75
PP 59 g=84 W=1 e=-312 -8963.0000000000000000000000000000000000000000000000 
-6.3372992629273305269429861413301217350943956037305E-75
PP 59 g=84 W=1 e=-288 8524.0000000000000000000000000000000000000000000000 
6.0269038176048828976527963704895635021694330164229E-75
PP 59 g=84 W=1 e=-264 -10111.000000000000000000000000000000000000000000000 
-7.1489939582124555347451224896785519205109264698559E-75
PP 59 g=84 W=1 e=-240 12903.000000000000000000000000000000000000000000000 
9.1230807084180905711419558386235145317330119909555E-75
PP 59 g=84 W=1 e=-216 -15312.000000000000000000000000000000000000000000000 
-1.0826366876485918222531630458110769162977282771876E-74
PP 59 g=84 W=1 e=-192 16430.000000000000000000000000000000000000000000000 
1.1616850037922128813753571605718386712886413005611E-74
PP 59 g=84 W=1 e=-168 -15646.000000000000000000000000000000000000000000000 
-1.1062521953337165393791137026358483171626343145818E-74
PP 59 g=84 W=1 e=-144 14565.000000000000000000000000000000000000000000000 
1.0298199683647949249684769959664534538843007025364E-74
PP 59 g=84 W=1 e=-120 -15418.000000000000000000000000000000000000000000000 
-1.0901314296085415827781653500728307141770098339654E-74
PP 59 g=84 W=1 e=-96 18810.000000000000000000000000000000000000000000000 
1.3299631723269339195782390864489522463140196508554E-74
PP 59 g=84 W=1 e=-72 -23071.000000000000000000000000000000000000000000000 
-1.6312376580943483497389449209709610459707999662353E-74
PP 59 g=84 W=1 e=-48 24912.000000000000000000000000000000000000000000000 
1.7614057708138531528194094695170812525345485136688E-74
PP 59 g=84 W=1 e=-24 -24022.000000000000000000000000000000000000000000000 
-1.6984782203954070502981637073193371005292599709117E-74
PP 59 g=84 W=1 e=0 22353.000000000000000000000000000000000000000000000 
1.5804713870826131793903444071979494716564211193818E-74
PP 60 g=84 W=1 e=-696 1.0000000000000000000000000000000000000000000000000 
1.0113327280595377295906634168074641664252377476358E-79
PP 60 g=84 W=1 e=-672 -6.0000000000000000000000000000000000000000000000000 
-6.0679963683572263775439805008447849985514264858150E-79
PP 60 g=84 W=1 e=-648 12.000000000000000000000000000000000000000000000000 
1.2135992736714452755087961001689569997102852971630E-78
PP 60 g=84 W=1 e=-624 -6.0000000000000000000000000000000000000000000000000 
-6.0679963683572263775439805008447849985514264858150E-79
PP 60 g=84 W=1 e=-600 -5.0000000000000000000000000000000000000000000000000 
-5.0566636402976886479533170840373208321261887381792E-79
PP 60 g=84 W=1 e=-576 -6.0000000000000000000000000000000000000000000000000 
-6.0679963683572263775439805008447849985514264858150E-79
PP 60 g=84 W=1 e=-552 26.000000000000000000000000000000000000000000000000 
2.6294650929547980969357248836994068327056181438532E-78
PP 60 g=84 W=1 e=-528 -27.000000000000000000000000000000000000000000000000 
-2.7305983657607518698947912253801532493481419186168E-78
PP 60 g=84 W=1 e=-504 14.000000000000000000000000000000000000000000000000 
1.4158658192833528214269287835304498329953328466902E-78
PP 60 g=84 W=1 e=-480 6.0000000000000000000000000000000000000000000000000 
6.0679963683572263775439805008447849985514264858150E-79
PP 60 g=84 W=1 e=-456 8.0000000000000000000000000000000000000000000000000 
8.0906618244763018367253073344597133314019019810867E-79
PP 60 g=84 W=1 e=-432 -51.000000000000000000000000000000000000000000000000 
-5.1577969131036424209123834257180672487687125129428E-78
PP 60 g=84 W=1 e=-408 28.000000000000000000000000000000000000000000000000 
2.8317316385667056428538575670608996659906656933803E-78
PP 60 g=84 W=1 e=-360 27.000000000000000000000000000000000000000000000000 
2.7305983657607518698947912253801532493481419186168E-78
PP 60 g=84 W=1 e=-336 -18.000000000000000000000000000000000000000000000000 
-1.8203989105071679132631941502534354995654279457445E-78
PP 60 g=84 W=1 e=-312 36.000000000000000000000000000000000000000000000000 
3.6407978210143358265263883005068709991308558914890E-78
PP 60 g=84 W=1 e=-288 -60.000000000000000000000000000000000000000000000000 
-6.0679963683572263775439805008447849985514264858150E-78
PP 60 g=84 W=1 e=-264 19.000000000000000000000000000000000000000000000000 
1.9215321833131216862222604919341819162079517205081E-78
PP 60 g=84 W=1 e=-240 -72.000000000000000000000000000000000000000000000000 
-7.2815956420286716530527766010137419982617117829780E-78
PP 60 g=84 W=1 e=-216 91.000000000000000000000000000000000000000000000000 
9.2031278253417933392750370929479239144696635034862E-78
PP 60 g=84 W=1 e=-192 -13.000000000000000000000000000000000000000000000000 
-1.3147325464773990484678624418497034163528090719266E-78
PP 60 g=84 W=1 e=-168 70.000000000000000000000000000000000000000000000000 
7.0793290964167641071346439176522491649766642334509E-78
PP 60 g=84 W=1 e=-144 -78.000000000000000000000000000000000000000000000000 
-7.8883952788643942908071746510982204981168544315595E-78
PP 60 g=84 W=1 e=-120 62.000000000000000000000000000000000000000000000000 
6.2702629139691339234621131842062778318364740353422E-78
PP 60 g=84 W=1 e=-96 -169.00000000000000000000000000000000000000000000000 
-1.7091523104206187630082211744046144412586517935046E-77
PP 60 g=84 W=1 e=-72 74.000000000000000000000000000000000000000000000000 
7.4838621876405791989709092843752348315467593325052E-78
PP 60 g=84 W=1 e=-48 19.000000000000000000000000000000000000000000000000 
1.9215321833131216862222604919341819162079517205081E-78
PP 60 g=84 W=1 e=-24 72.000000000000000000000000000000000000000000000000 
7.2815956420286716530527766010137419982617117829780E-78
PP 60 g=84 W=1 e=0 -56.000000000000000000000000000000000000000000000000 
-5.6634632771334112857077151341217993319813313867607E-78
PP 61 g=84 W=1 e=-984 1.0000000000000000000000000000000000000000000000000 
5.8226477584783663462034628703946841100506396666019E-79
PP 61 g=84 W=1 e=-960 -6.0000000000000000000000000000000000000000000000000 
-3.4935886550870198077220777222368104660303837999611E-78
PP 61 g=84 W=1 e=-936 11.000000000000000000000000000000000000000000000000 
6.4049125343262029808238091574341525210557036332621E-78
PP 61 g=84 W=1 e=-888 -16.000000000000000000000000000000000000000000000000 
-9.3162364135653861539255405926314945760810234665630E-78
PP 61 g=84 W=1 e=-864 -6.0000000000000000000000000000000000000000000000000 
-3.4935886550870198077220777222368104660303837999611E-78
PP 61 g=84 W=1 e=-840 44.000000000000000000000000000000000000000000000000 
2.5619650137304811923295236629736610084222814533048E-77
PP 61 g=84 W=1 e=-816 -33.000000000000000000000000000000000000000000000000 
-1.9214737602978608942471427472302457563167110899786E-77
PP 61 g=84 W=1 e=-792 -5.0000000000000000000000000000000000000000000000000 
-2.9113238792391831731017314351973420550253198333009E-78
PP 61 g=84 W=1 e=-768 21.000000000000000000000000000000000000000000000000 
1.2227560292804569327027272027828836631106343299864E-77
PP 61 g=84 W=1 e=-744 14.000000000000000000000000000000000000000000000000 
8.1517068618697128846848480185525577540708955332427E-78
PP 61 g=84 W=1 e=-720 -84.000000000000000000000000000000000000000000000000 
-4.8910241171218277308109088111315346524425373199456E-77
PP 61 g=84 W=1 e=-696 50.000000000000000000000000000000000000000000000000 
2.9113238792391831731017314351973420550253198333009E-77
PP 61 g=84 W=1 e=-672 24.000000000000000000000000000000000000000000000000 
1.3974354620348079230888310888947241864121535199845E-77
PP 61 g=84 W=1 e=-648 50.000000000000000000000000000000000000000000000000 
2.9113238792391831731017314351973420550253198333009E-77
PP 61 g=84 W=1 e=-624 -69.000000000000000000000000000000000000000000000000 
-4.0176269533500727788803893805723320359349413699553E-77
PP 61 g=84 W=1 e=-600 9.0000000000000000000000000000000000000000000000000 
5.2403829826305297115831165833552156990455756999417E-78
PP 61 g=84 W=1 e=-576 -78.000000000000000000000000000000000000000000000000 
-4.5416652516131257500387010389078536058394989399495E-77
PP 61 g=84 W=1 e=-552 77.000000000000000000000000000000000000000000000000 
4.4834387740283420865766664102039067647389925432834E-77
PP 61 g=84 W=1 e=-528 -96.000000000000000000000000000000000000000000000000 
-5.5897418481392316923553243555788967456486140799378E-77
PP 61 g=84 W=1 e=-504 168.00000000000000000000000000000000000000000000000 
9.7820482342436554616218176222630693048850746398912E-77
PP 61 g=84 W=1 e=-480 32.000000000000000000000000000000000000000000000000 
1.8632472827130772307851081185262989152162046933126E-77
PP 61 g=84 W=1 e=-456 30.000000000000000000000000000000000000000000000000 
1.7467943275435099038610388611184052330151918999806E-77
PP 61 g=84 W=1 e=-432 -317.00000000000000000000000000000000000000000000000 
-1.8457793394376421317464977299151148628860527743128E-76
PP 61 g=84 W=1 e=-408 165.00000000000000000000000000000000000000000000000 
9.6073688014893044712357137361512287815835554498931E-77
PP 61 g=84 W=1 e=-384 -203.00000000000000000000000000000000000000000000000 
-1.1819974949711083682793029626901208743402798523202E-76
PP 61 g=84 W=1 e=-360 238.00000000000000000000000000000000000000000000000 
1.3857901665178511903964241631539348181920522406513E-76
PP 61 g=84 W=1 e=-336 88.000000000000000000000000000000000000000000000000 
5.1239300274609623846590473259473220168445629066097E-77
PP 61 g=84 W=1 e=-312 225.00000000000000000000000000000000000000000000000 
1.3100957456576324278957791458388039247613939249854E-76
PP 61 g=84 W=1 e=-288 -442.00000000000000000000000000000000000000000000000 
-2.5736103092474379250219305887144503766423827326380E-76
PP 61 g=84 W=1 e=-264 207.00000000000000000000000000000000000000000000000 
1.2052880860050218336641168141716996107804824109866E-76
PP 61 g=84 W=1 e=-240 -461.00000000000000000000000000000000000000000000000 
-2.6842406166585268855997963832519493747333448863035E-76
PP 61 g=84 W=1 e=-216 205.00000000000000000000000000000000000000000000000 
1.1936427904880651009717098884309102425603811316534E-76
PP 61 g=84 W=1 e=-192 46.000000000000000000000000000000000000000000000000 
2.6784179689000485192535929203815546906232942466369E-77
PP 61 g=84 W=1 e=-168 534.00000000000000000000000000000000000000000000000 
3.1092939030274476288726491727907613147670415819654E-76
PP 61 g=84 W=1 e=-144 -332.00000000000000000000000000000000000000000000000 
-1.9331190558148176269395496729710351245368123693118E-76
PP 61 g=84 W=1 e=-120 321.00000000000000000000000000000000000000000000000 
1.8690699304715555971313115813966935993262553329792E-76
PP 61 g=84 W=1 e=-96 -894.00000000000000000000000000000000000000000000000 
-5.2054470960796595135058958061328475943852718619421E-76
PP 61 g=84 W=1 e=-72 336.00000000000000000000000000000000000000000000000 
1.9564096468487310923243635244526138609770149279782E-76
PP 61 g=84 W=1 e=-48 -155.00000000000000000000000000000000000000000000000 
-9.0251040256414678366153674491117603705784914832329E-77
PP 61 g=84 W=1 e=-24 532.00000000000000000000000000000000000000000000000 
3.0976486075104908961802422470499719465469403026322E-76
PP 61 g=84 W=1 e=0 -462.00000000000000000000000000000000000000000000000 
-2.6900632644170052519459998461223440588433955259701E-76
PP 62 g=84 W=1 e=-1272 1.0000000000000000000000000000000000000000000000000 
4.8568248020216850708543246135108881426650988336997E-79
PP 62 g=84 W=1 e=-1248 -6.0000000000000000000000000000000000000000000000000 
-2.9140948812130110425125947681065328855990593002198E-78
PP 62 g=84 W=1 e=-1224 10.000000000000000000000000000000000000000000000000 
4.8568248020216850708543246135108881426650988336997E-78
PP 62 g=84 W=1 e=-1200 6.0000000000000000000000000000000000000000000000000 
2.9140948812130110425125947681065328855990593002198E-78
PP 62 g=84 W=1 e=-1176 -26.000000000000000000000000000000000000000000000000 
-1.2627744485256381184221243995128309170929256967619E-77
PP 62 g=84 W=1 e=-1152 -12.000000000000000000000000000000000000000000000000 
-5.8281897624260220850251895362130657711981186004396E-78
PP 62 g=84 W=1 e=-1128 72.000000000000000000000000000000000000000000000000 
3.4969138574556132510151137217278394627188711602638E-77
PP 62 g=84 W=1 e=-1104 -33.000000000000000000000000000000000000000000000000 
-1.6027521846671560733819271224585930870794826151209E-77
PP 62 g=84 W=1 e=-1080 -54.000000000000000000000000000000000000000000000000 
-2.6226853930917099382613352912958795970391533701978E-77
PP 62 g=84 W=1 e=-1056 48.000000000000000000000000000000000000000000000000 
2.3312759049704088340100758144852263084792474401758E-77
PP 62 g=84 W=1 e=-1032 46.000000000000000000000000000000000000000000000000 
2.2341394089299751325929893222150085456259454635019E-77
PP 62 g=84 W=1 e=-1008 -138.00000000000000000000000000000000000000000000000 
-6.7024182267899253977789679666450256368778363905056E-77
PP 62 g=84 W=1 e=-984 66.000000000000000000000000000000000000000000000000 
3.2055043693343121467638542449171861741589652302418E-77
PP 62 g=84 W=1 e=-960 84.000000000000000000000000000000000000000000000000 
4.0797328336982154595176326753491460398386830203077E-77
PP 62 g=84 W=1 e=-936 47.000000000000000000000000000000000000000000000000 
2.2827076569501919833015325683501174270525964518389E-77
PP 62 g=84 W=1 e=-912 -150.00000000000000000000000000000000000000000000000 
-7.2852372030325276062814869202663322139976482505495E-77
PP 62 g=84 W=1 e=-888 -53.000000000000000000000000000000000000000000000000 
-2.5741171450714930875527920451607707156125023818608E-77
PP 62 g=84 W=1 e=-864 -48.000000000000000000000000000000000000000000000000 
-2.3312759049704088340100758144852263084792474401758E-77
PP 62 g=84 W=1 e=-840 262.00000000000000000000000000000000000000000000000 
1.2724880981296814885638330487398526933782558944293E-76
PP 62 g=84 W=1 e=-816 -156.00000000000000000000000000000000000000000000000 
-7.5766466911538287105327463970769855025575541805715E-77
PP 62 g=84 W=1 e=-792 138.00000000000000000000000000000000000000000000000 
6.7024182267899253977789679666450256368778363905056E-77
PP 62 g=84 W=1 e=-768 101.00000000000000000000000000000000000000000000000 
4.9053930500419019215628678596459970240917498220367E-77
PP 62 g=84 W=1 e=-744 -78.000000000000000000000000000000000000000000000000 
-3.7883233455769143552663731985384927512787770902858E-77
PP 62 g=84 W=1 e=-720 -727.00000000000000000000000000000000000000000000000 
-3.5309116310697650465110939940224156797175268520997E-76
PP 62 g=84 W=1 e=-696 470.00000000000000000000000000000000000000000000000 
2.2827076569501919833015325683501174270525964518388E-76
PP 62 g=84 W=1 e=-672 122.00000000000000000000000000000000000000000000000 
5.9253262584664557864422760284832835340514205771136E-77
PP 62 g=84 W=1 e=-648 396.00000000000000000000000000000000000000000000000 
1.9233026216005872880583125469503117044953791381451E-76
PP 62 g=84 W=1 e=-624 -72.000000000000000000000000000000000000000000000000 
-3.4969138574556132510151137217278394627188711602638E-77
PP 62 g=84 W=1 e=-600 159.00000000000000000000000000000000000000000000000 
7.7223514352144792626583761354823121468375071455825E-77
PP 62 g=84 W=1 e=-576 -1206.0000000000000000000000000000000000000000000000 
-5.8573307112381521954503154838941311000541091934418E-76
PP 62 g=84 W=1 e=-552 465.00000000000000000000000000000000000000000000000 
2.2584235329400835579472609452825629863392709576704E-76
PP 62 g=84 W=1 e=-528 -442.00000000000000000000000000000000000000000000000 
-2.1467165624935848013176114791718125590579736844953E-76
PP 62 g=84 W=1 e=-504 914.00000000000000000000000000000000000000000000000 
4.4391378690478201547608526967489517623959003340015E-76
PP 62 g=84 W=1 e=-480 432.00000000000000000000000000000000000000000000000 
2.0981483144733679506090682330367036776313226961583E-76
PP 62 g=84 W=1 e=-456 702.00000000000000000000000000000000000000000000000 
3.4094910110192229197397358786846434761508993812572E-76
PP 62 g=84 W=1 e=-432 -1892.0000000000000000000000000000000000000000000000 
-9.1891125254250281540563821687626003659223669933598E-76
PP 62 g=84 W=1 e=-408 562.00000000000000000000000000000000000000000000000 
2.7295355387361870098201304327931191361777855445392E-76
PP 62 g=84 W=1 e=-384 -1795.0000000000000000000000000000000000000000000000 
-8.7180005196289247021835126812520442160838524064909E-76
PP 62 g=84 W=1 e=-360 1336.0000000000000000000000000000000000000000000000 
6.4887179355009712546613776836505465586005720418228E-76
PP 62 g=84 W=1 e=-336 980.00000000000000000000000000000000000000000000000 
4.7596883059812513694372381212406703798117968570257E-76
PP 62 g=84 W=1 e=-312 1486.0000000000000000000000000000000000000000000000 
7.2172416558042240152895263756771797800003368668777E-76
PP 62 g=84 W=1 e=-288 -2592.0000000000000000000000000000000000000000000000 
-1.2588889886840207703654409398220222065787936176950E-75
PP 62 g=84 W=1 e=-264 2041.0000000000000000000000000000000000000000000000 
9.9127794209262592296136765361757226991794667195811E-76
PP 62 g=84 W=1 e=-240 -3174.0000000000000000000000000000000000000000000000 
-1.5415561921616828414891626323283558964819023698163E-75
PP 62 g=84 W=1 e=-216 361.00000000000000000000000000000000000000000000000 
1.7533137535298283105784111854774306195021006789656E-76
PP 62 g=84 W=1 e=-192 94.000000000000000000000000000000000000000000000000 
4.5654153139003839666030651367002348541051929036777E-77
PP 62 g=84 W=1 e=-168 3834.0000000000000000000000000000000000000000000000 
1.8621066290951140561655480568200745138977988928405E-75
PP 62 g=84 W=1 e=-144 -2808.0000000000000000000000000000000000000000000000 
-1.3637964044076891678958943514738573904603597525029E-75
PP 62 g=84 W=1 e=-120 2418.0000000000000000000000000000000000000000000000 
1.1743802371288434501325756915469327528964208979886E-75
PP 62 g=84 W=1 e=-96 -4170.0000000000000000000000000000000000000000000000 
-2.0252959424430426745462533638340403554913462136528E-75
PP 62 g=84 W=1 e=-72 1958.0000000000000000000000000000000000000000000000 
9.5096629623584593687327675932543189833382635163840E-76
PP 62 g=84 W=1 e=-48 -1416.0000000000000000000000000000000000000000000000 
-6.8772639196627060603297236527314176100137799485187E-76
PP 62 g=84 W=1 e=-24 2580.0000000000000000000000000000000000000000000000 
1.2530607989215947482804157502858091408075954990945E-75
PP 62 g=84 W=1 e=0 -2696.0000000000000000000000000000000000000000000000 
-1.3093999666250462951023259158025354432625106455654E-75
PP 63 g=84 W=1 e=-648 1.0000000000000000000000000000000000000000000000000 
3.2667386006988320511722849248213615141924981864066E-79
PP 63 g=84 W=1 e=-624 -7.0000000000000000000000000000000000000000000000000 
-2.2867170204891824358205994473749530599347487304847E-78
PP 63 g=84 W=1 e=-600 21.000000000000000000000000000000000000000000000000 
6.8601510614675473074617983421248591798042461914540E-78
PP 63 g=84 W=1 e=-576 -35.000000000000000000000000000000000000000000000000 
-1.1433585102445912179102997236874765299673743652423E-77
PP 63 g=84 W=1 e=-552 34.000000000000000000000000000000000000000000000000 
1.1106911242376028973985768744392629148254493833783E-77
PP 63 g=84 W=1 e=-528 -21.000000000000000000000000000000000000000000000000 
-6.8601510614675473074617983421248591798042461914540E-78
PP 63 g=84 W=1 e=-504 28.000000000000000000000000000000000000000000000000 
9.1468680819567297432823977894998122397389949219386E-78
PP 63 g=84 W=1 e=-480 -69.000000000000000000000000000000000000000000000000 
-2.2540496344821941153088765981267394447928237486206E-77
PP 63 g=84 W=1 e=-456 97.000000000000000000000000000000000000000000000000 
3.1687364426778670896371163770767206687667232408144E-77
PP 63 g=84 W=1 e=-432 -70.000000000000000000000000000000000000000000000000 
-2.2867170204891824358205994473749530599347487304846E-77
PP 63 g=84 W=1 e=-408 28.000000000000000000000000000000000000000000000000 
9.1468680819567297432823977894998122397389949219386E-78
PP 63 g=84 W=1 e=-384 -43.000000000000000000000000000000000000000000000000 
-1.4046975983004977820040825176731854511027742201549E-77
PP 63 g=84 W=1 e=-360 94.000000000000000000000000000000000000000000000000 
3.0707342846569021281019478293320798233409482952222E-77
PP 63 g=84 W=1 e=-336 -84.000000000000000000000000000000000000000000000000 
-2.7440604245870189229847193368499436719216984765816E-77
PP 63 g=84 W=1 e=-312 30.000000000000000000000000000000000000000000000000 
9.8002158020964961535168547744640845425774945592199E-78
PP 63 g=84 W=1 e=-288 -29.000000000000000000000000000000000000000000000000 
-9.4735419420266129483996262819819483911582447405793E-78
PP 63 g=84 W=1 e=-264 88.000000000000000000000000000000000000000000000000 
2.8747299686149722050316107338427981324893984040378E-77
PP 63 g=84 W=1 e=-240 -133.00000000000000000000000000000000000000000000000 
-4.3447623389294466280591389500124108138760225879208E-77
PP 63 g=84 W=1 e=-216 110.00000000000000000000000000000000000000000000000 
3.5934124607687152562895134173034976656117480050473E-77
PP 63 g=84 W=1 e=-192 -102.00000000000000000000000000000000000000000000000 
-3.3320733727128086921957306233177887444763481501348E-77
PP 63 g=84 W=1 e=-168 138.00000000000000000000000000000000000000000000000 
4.5080992689643882306177531962534788895856474972412E-77
PP 63 g=84 W=1 e=-144 -166.00000000000000000000000000000000000000000000000 
-5.4227860771600612049459929752034601135595469894350E-77
PP 63 g=84 W=1 e=-120 236.00000000000000000000000000000000000000000000000 
7.7095030976492436407665924225784131734942957199197E-77
PP 63 g=84 W=1 e=-96 -283.00000000000000000000000000000000000000000000000 
-9.2448702399776947048175663372444530851647698675308E-77
PP 63 g=84 W=1 e=-72 261.00000000000000000000000000000000000000000000000 
8.5261877478239516535596636537837535520424202665213E-77
PP 63 g=84 W=1 e=-48 -198.00000000000000000000000000000000000000000000000 
-6.4681424293836874613211241511462957981011464090851E-77
PP 63 g=84 W=1 e=-24 153.00000000000000000000000000000000000000000000000 
4.9981100590692130382935959349766831167145222252022E-77
PP 63 g=84 W=1 e=0 -268.00000000000000000000000000000000000000000000000 
-8.7548594498728698971417235985212488580358951395698E-77
PP 64 g=84 W=1 e=-936 1.0000000000000000000000000000000000000000000000000 
2.4712094895538716142106227060816438076375498335018E-79
PP 64 g=84 W=1 e=-912 -7.0000000000000000000000000000000000000000000000000 
-1.7298466426877101299474358942571506653462848834513E-78
PP 64 g=84 W=1 e=-888 20.000000000000000000000000000000000000000000000000 
4.9424189791077432284212454121632876152750996670037E-78
PP 64 g=84 W=1 e=-864 -28.000000000000000000000000000000000000000000000000 
-6.9193865707508405197897435770286026613851395338052E-78
PP 64 g=84 W=1 e=-840 14.000000000000000000000000000000000000000000000000 
3.4596932853754202598948717885143013306925697669026E-78
PP 64 g=84 W=1 e=-816 7.0000000000000000000000000000000000000000000000000 
1.7298466426877101299474358942571506653462848834513E-78
PP 64 g=84 W=1 e=-792 16.000000000000000000000000000000000000000000000000 
3.9539351832861945827369963297306300922200797336029E-78
PP 64 g=84 W=1 e=-768 -90.000000000000000000000000000000000000000000000000 
-2.2240885405984844527895604354734794268737948501517E-77
PP 64 g=84 W=1 e=-744 124.00000000000000000000000000000000000000000000000 
3.0642997670468008016211721555412383214705617935423E-77
PP 64 g=84 W=1 e=-720 -57.000000000000000000000000000000000000000000000000 
-1.4085894090457068201000549424665369703534034050961E-77
PP 64 g=84 W=1 e=-696 -8.0000000000000000000000000000000000000000000000000 
-1.9769675916430972913684981648653150461100398668015E-78
PP 64 g=84 W=1 e=-672 -56.000000000000000000000000000000000000000000000000 
-1.3838773141501681039579487154057205322770279067610E-77
PP 64 g=84 W=1 e=-648 172.00000000000000000000000000000000000000000000000 
4.2504803220326591764422710544604273491365857136232E-77
PP 64 g=84 W=1 e=-624 -159.00000000000000000000000000000000000000000000000 
-3.9292230883906558665948901026698136541437042352679E-77
PP 64 g=84 W=1 e=-600 69.000000000000000000000000000000000000000000000000 
1.7051345477921714138053296671963342272699093851163E-77
PP 64 g=84 W=1 e=-576 -107.00000000000000000000000000000000000000000000000 
-2.6441941538226426272053662955073588741721783218470E-77
PP 64 g=84 W=1 e=-552 220.00000000000000000000000000000000000000000000000 
5.4366608770185175512633699533796163768026096337041E-77
PP 64 g=84 W=1 e=-528 -204.00000000000000000000000000000000000000000000000 
-5.0412673586898980929896703204065533675806016603438E-77
PP 64 g=84 W=1 e=-504 106.00000000000000000000000000000000000000000000000 
2.6194820589271039110632600684465424360958028235119E-77
PP 64 g=84 W=1 e=-480 -157.00000000000000000000000000000000000000000000000 
-3.8797988985995784343106776485481807779909532385979E-77
PP 64 g=84 W=1 e=-456 334.00000000000000000000000000000000000000000000000 
8.2538396951099311914634798383126903175094164438962E-77
PP 64 g=84 W=1 e=-432 -365.00000000000000000000000000000000000000000000000 
-9.0199146368716313918687728771979998978770568922818E-77
PP 64 g=84 W=1 e=-408 314.00000000000000000000000000000000000000000000000 
7.7595977971991568686213552970963615559819064771958E-77
PP 64 g=84 W=1 e=-384 -417.00000000000000000000000000000000000000000000000 
-1.0304943571439644631258296684360454677848582805703E-76
PP 64 g=84 W=1 e=-360 515.00000000000000000000000000000000000000000000000 
1.2726728871202438813184706936320465609333381642535E-76
PP 64 g=84 W=1 e=-336 -454.00000000000000000000000000000000000000000000000 
-1.1219291082574577128516227085610662886674476244098E-76
PP 64 g=84 W=1 e=-312 418.00000000000000000000000000000000000000000000000 
1.0329655666335183347400402911421271115924958304038E-76
PP 64 g=84 W=1 e=-288 -639.00000000000000000000000000000000000000000000000 
-1.5791028638249239614805879091861703930803943436077E-76
PP 64 g=84 W=1 e=-264 911.00000000000000000000000000000000000000000000000 
2.2512718449835770405458772852403775087578078983202E-76
PP 64 g=84 W=1 e=-240 -750.00000000000000000000000000000000000000000000000 
-1.8534071171654037106579670295612328557281623751264E-76
PP 64 g=84 W=1 e=-216 494.00000000000000000000000000000000000000000000000 
1.2207774878396125774200476168043320409729496177499E-76
PP 64 g=84 W=1 e=-192 -654.00000000000000000000000000000000000000000000000 
-1.6161710061682320356937472497773950501949575911102E-76
PP 64 g=84 W=1 e=-168 918.00000000000000000000000000000000000000000000000 
2.2685703114104541418453516441829490154112707471547E-76
PP 64 g=84 W=1 e=-144 -996.00000000000000000000000000000000000000000000000 
-2.4613246515956561277537802152573172324069996341678E-76
PP 64 g=84 W=1 e=-120 788.00000000000000000000000000000000000000000000000 
1.9473130777684508319979706923923353204183892687995E-76
PP 64 g=84 W=1 e=-96 -705.00000000000000000000000000000000000000000000000 
-1.7422026901354794880184890077875588843844726326188E-76
PP 64 g=84 W=1 e=-72 1064.0000000000000000000000000000000000000000000000 
2.6293668968853193975201025592708690113263530228460E-76
PP 64 g=84 W=1 e=-48 -1173.0000000000000000000000000000000000000000000000 
-2.8987287312466914034690604342337681863588459546977E-76
PP 64 g=84 W=1 e=-24 1135.0000000000000000000000000000000000000000000000 
2.8048227706436442821290567714026657216686190610246E-76
PP 64 g=84 W=1 e=0 -1266.0000000000000000000000000000000000000000000000 
-3.1285512137752014635906483458993610604691380892133E-76
PP 65 g=84 W=1 e=-1224 1.0000000000000000000000000000000000000000000000000 
1.6576547865198092027806970454589075838587857304489E-79
PP 65 g=84 W=1 e=-1200 -7.0000000000000000000000000000000000000000000000000 
-1.1603583505638664419464879318212353087011500113142E-78
PP 65 g=84 W=1 e=-1176 19.000000000000000000000000000000000000000000000000 
3.1495440943876374852833243863719244093316928878529E-78
PP 65 g=84 W=1 e=-1152 -21.000000000000000000000000000000000000000000000000 
-3.4810750516915993258394637954637059261034500339427E-78
PP 65 g=84 W=1 e=-1128 -5.0000000000000000000000000000000000000000000000000 
-8.2882739325990460139034852272945379192939286522445E-79
PP 65 g=84 W=1 e=-1104 28.000000000000000000000000000000000000000000000000 
4.6414334022554657677859517272849412348046000452569E-78
PP 65 g=84 W=1 e=-1080 23.000000000000000000000000000000000000000000000000 
3.8126060089955611663956032045554874428752071800325E-78
PP 65 g=84 W=1 e=-1056 -132.00000000000000000000000000000000000000000000000 
-2.1881043182061481476705201000057580106935971641925E-77
PP 65 g=84 W=1 e=-1032 142.00000000000000000000000000000000000000000000000 
2.3538697968581290679485898045516487690794757372374E-77
PP 65 g=84 W=1 e=-1008 12.000000000000000000000000000000000000000000000000 
1.9891857438237710433368364545506891006305428765387E-78
PP 65 g=84 W=1 e=-984 -103.00000000000000000000000000000000000000000000000 
-1.7073844301154034788641179568226748113745493023624E-77
PP 65 g=84 W=1 e=-960 -75.000000000000000000000000000000000000000000000000 
-1.2432410898898569020855227840941806878940892978367E-77
PP 65 g=84 W=1 e=-936 302.00000000000000000000000000000000000000000000000 
5.0061174552898237923977050772859009032535329059557E-77
PP 65 g=84 W=1 e=-912 -236.00000000000000000000000000000000000000000000000 
-3.9120652961867497185624450272830218979067343238594E-77
PP 65 g=84 W=1 e=-888 39.000000000000000000000000000000000000000000000000 
6.4648536674272558908447184772897395770492643487507E-78
PP 65 g=84 W=1 e=-864 -124.00000000000000000000000000000000000000000000000 
-2.0554919352845634114480643363690454039848943057566E-77
PP 65 g=84 W=1 e=-840 327.00000000000000000000000000000000000000000000000 
5.4205311519197760930928793386506277992182293385679E-77
PP 65 g=84 W=1 e=-816 -208.00000000000000000000000000000000000000000000000 
-3.4479219559612031417838498545545277744262743193337E-77
PP 65 g=84 W=1 e=-792 36.000000000000000000000000000000000000000000000000 
5.9675572314713131300105093636520673018916286296160E-78
PP 65 g=84 W=1 e=-768 -349.00000000000000000000000000000000000000000000000 
-5.7852152049541341177046326886515874676671621992666E-77
PP 65 g=84 W=1 e=-744 794.00000000000000000000000000000000000000000000000 
1.3161779004967285070078734540943726215838758699764E-76
PP 65 g=84 W=1 e=-720 -612.00000000000000000000000000000000000000000000000 
-1.0144847293501232321017865918208514413215768670347E-76
PP 65 g=84 W=1 e=-696 153.00000000000000000000000000000000000000000000000 
2.5362118233753080802544664795521286033039421675868E-77
PP 65 g=84 W=1 e=-672 -394.00000000000000000000000000000000000000000000000 
-6.5311598588880482589559463591080958804036157779686E-77
PP 65 g=84 W=1 e=-648 967.00000000000000000000000000000000000000000000000 
1.6029521785646554990889340429587636335914458013441E-76
PP 65 g=84 W=1 e=-624 -888.00000000000000000000000000000000000000000000000 
-1.4719974504295905720692589763675099344666017286386E-76
PP 65 g=84 W=1 e=-600 643.00000000000000000000000000000000000000000000000 
1.0658720277322373173879882002300775764211992246786E-76
PP 65 g=84 W=1 e=-576 -1145.0000000000000000000000000000000000000000000000 
-1.8980147305651815371838981170504491835183096613640E-76
PP 65 g=84 W=1 e=-552 1801.0000000000000000000000000000000000000000000000 
2.9854362705221763742080353788714925585296731005384E-76
PP 65 g=84 W=1 e=-528 -1422.0000000000000000000000000000000000000000000000 
-2.3571851064311686863541511986425665842471933086983E-76
PP 65 g=84 W=1 e=-504 680.00000000000000000000000000000000000000000000000 
1.1272052548334702578908739909120571570239742967052E-76
PP 65 g=84 W=1 e=-480 -1294.0000000000000000000000000000000000000000000000 
-2.1450052937566331083982219768238264135132687352009E-76
PP 65 g=84 W=1 e=-456 2490.0000000000000000000000000000000000000000000000 
4.1275604184343249149239356431926798838083764688177E-76
PP 65 g=84 W=1 e=-432 -2486.0000000000000000000000000000000000000000000000 
-4.1209297992882456781128128550108442534729413258959E-76
PP 65 g=84 W=1 e=-408 1852.0000000000000000000000000000000000000000000000 
3.0699766646346866435498509281898968453064711727913E-76
PP 65 g=84 W=1 e=-384 -1908.0000000000000000000000000000000000000000000000 
-3.1628053326797959589055699627355956700025631736965E-76
PP 65 g=84 W=1 e=-360 2758.0000000000000000000000000000000000000000000000 
4.5718119012216337812691624513756671162825310445780E-76
PP 65 g=84 W=1 e=-336 -3130.0000000000000000000000000000000000000000000000 
-5.1884594818070028047035817522863807374779993363050E-76
PP 65 g=84 W=1 e=-312 2735.0000000000000000000000000000000000000000000000 
4.5336858411316781696052064193301122418537789727777E-76
PP 65 g=84 W=1 e=-288 -3318.0000000000000000000000000000000000000000000000 
-5.5000985816727269348263527968326553632434510536294E-76
PP 65 g=84 W=1 e=-264 4299.0000000000000000000000000000000000000000000000 
7.1262579272486597627542165984278437030089198551998E-76
PP 65 g=84 W=1 e=-240 -4278.0000000000000000000000000000000000000000000000 
-7.0914471767317437694958219604732066437478853548604E-76
PP 65 g=84 W=1 e=-216 4040.0000000000000000000000000000000000000000000000 
6.6969253375400291792340160636539866387894943510135E-76
PP 65 g=84 W=1 e=-192 -4121.0000000000000000000000000000000000000000000000 
-6.8311953752481337246592525243361581530820559951799E-76
PP 65 g=84 W=1 e=-168 5558.0000000000000000000000000000000000000000000000 
9.2132453034770995490551141786606083510871310898350E-76
PP 65 g=84 W=1 e=-144 -7014.0000000000000000000000000000000000000000000000 
-1.1626790672649941748303809076848777793185523113368E-75
PP 65 g=84 W=1 e=-120 6322.0000000000000000000000000000000000000000000000 
1.0479693560378233779979566721391213745155243387898E-75
PP 65 g=84 W=1 e=-96 -6228.0000000000000000000000000000000000000000000000 
-1.0323874010445371714918181199118076432272517529236E-75
PP 65 g=84 W=1 e=-72 6739.0000000000000000000000000000000000000000000000 
1.1170935606356994217539117389347578207624357037495E-75
PP 65 g=84 W=1 e=-48 -6491.0000000000000000000000000000000000000000000000 
-1.0759837219300081535249504522073769126827378176344E-75
PP 65 g=84 W=1 e=-24 7010.0000000000000000000000000000000000000000000000 
1.1620160053503862511492686288666942162850087970447E-75
PP 65 g=84 W=1 e=0 -7744.0000000000000000000000000000000000000000000000 
-1.2836878666809402466333717920033780329402436696596E-75
PP 66 g=84 W=1 e=-648 1.0000000000000000000000000000000000000000000000000 
2.3928049625012409689041521388726018133057077770851E-79
PP 66 g=84 W=1 e=-624 -7.0000000000000000000000000000000000000000000000000 
-1.6749634737508686782329064972108212693139954439596E-78
PP 66 g=84 W=1 e=-600 19.000000000000000000000000000000000000000000000000 
4.5463294287523578409178890638579434452808447764618E-78
PP 66 g=84 W=1 e=-576 -25.000000000000000000000000000000000000000000000000 
-5.9820124062531024222603803471815045332642694427129E-78
PP 66 g=84 W=1 e=-552 20.000000000000000000000000000000000000000000000000 
4.7856099250024819378083042777452036266114155541703E-78
PP 66 g=84 W=1 e=-528 -27.000000000000000000000000000000000000000000000000 
-6.4605733987533506160412107749560248959254109981299E-78
PP 66 g=84 W=1 e=-504 58.000000000000000000000000000000000000000000000000 
1.3878268782507197619644082405461090517173105107094E-77
PP 66 g=84 W=1 e=-480 -89.000000000000000000000000000000000000000000000000 
-2.1295964166261044623246954035966156138420799216058E-77
PP 66 g=84 W=1 e=-456 85.000000000000000000000000000000000000000000000000 
2.0338842181260548235685293180417115413098516105224E-77
PP 66 g=84 W=1 e=-432 -44.000000000000000000000000000000000000000000000000 
-1.0528341835005460263178269411039447978545114219175E-77
PP 66 g=84 W=1 e=-408 52.000000000000000000000000000000000000000000000000 
1.2442585805006453038301591122137529429189680440843E-77
PP 66 g=84 W=1 e=-384 -139.00000000000000000000000000000000000000000000000 
-3.3259988978767249467767714730329165204949338101484E-77
PP 66 g=84 W=1 e=-360 166.00000000000000000000000000000000000000000000000 
3.9720562377520600083808925505285190100874749099614E-77
PP 66 g=84 W=1 e=-336 -98.000000000000000000000000000000000000000000000000 
-2.3449488632512161495260690960951497770395936215434E-77
PP 66 g=84 W=1 e=-312 38.000000000000000000000000000000000000000000000000 
9.0926588575047156818357781277158868905616895529236E-78
PP 66 g=84 W=1 e=-288 -61.000000000000000000000000000000000000000000000000 
-1.4596110271257569910315328047122871061164817440219E-77
PP 66 g=84 W=1 e=-264 188.00000000000000000000000000000000000000000000000 
4.4984733295023330215398060210804914090147306209201E-77
PP 66 g=84 W=1 e=-240 -207.00000000000000000000000000000000000000000000000 
-4.9531062723775688056315949274662857535428150985663E-77
PP 66 g=84 W=1 e=-216 80.000000000000000000000000000000000000000000000000 
1.9142439700009927751233217110980814506445662216681E-77
PP 66 g=84 W=1 e=-192 -98.000000000000000000000000000000000000000000000000 
-2.3449488632512161495260690960951497770395936215434E-77
PP 66 g=84 W=1 e=-168 172.00000000000000000000000000000000000000000000000 
4.1156245355021344665151416788608751188858173765865E-77
PP 66 g=84 W=1 e=-144 -224.00000000000000000000000000000000000000000000000 
-5.3598831160027797703453007910746280618047854206708E-77
PP 66 g=84 W=1 e=-120 298.00000000000000000000000000000000000000000000000 
7.1305587882536980873343733738403534036510091757137E-77
PP 66 g=84 W=1 e=-96 -241.00000000000000000000000000000000000000000000000 
-5.7666599596279907350590066546829703700667557427752E-77
PP 66 g=84 W=1 e=-72 291.00000000000000000000000000000000000000000000000 
6.9630624408786112195110827241192712767196096313178E-77
PP 66 g=84 W=1 e=-48 -340.00000000000000000000000000000000000000000000000 
-8.1355368725042192942741172721668461652394064420895E-77
PP 66 g=84 W=1 e=-24 207.00000000000000000000000000000000000000000000000 
4.9531062723775688056315949274662857535428150985663E-77
PP 66 g=84 W=1 e=0 -374.00000000000000000000000000000000000000000000000 
-8.9490905597546412237015289993835307817633470862985E-77
PP 67 g=84 W=1 e=-936 1.0000000000000000000000000000000000000000000000000 
1.7383544407905663240640016304225041114840798883639E-79
PP 67 g=84 W=1 e=-912 -7.0000000000000000000000000000000000000000000000000 
-1.2168481085533964268448011412957528780388559218548E-78
PP 67 g=84 W=1 e=-888 18.000000000000000000000000000000000000000000000000 
3.1290379934230193833152029347605074006713437990551E-78
PP 67 g=84 W=1 e=-864 -18.000000000000000000000000000000000000000000000000 
-3.1290379934230193833152029347605074006713437990551E-78
PP 67 g=84 W=1 e=-840 2.0000000000000000000000000000000000000000000000000 
3.4767088815811326481280032608450082229681597767279E-79
PP 67 g=84 W=1 e=-816 -9.0000000000000000000000000000000000000000000000000 
-1.5645189967115096916576014673802537003356718995276E-78
PP 67 g=84 W=1 e=-792 58.000000000000000000000000000000000000000000000000 
1.0082455756585284679571209456450523846607663352511E-77
PP 67 g=84 W=1 e=-768 -94.000000000000000000000000000000000000000000000000 
-1.6340531743431323446201615325971538647950350950621E-77
PP 67 g=84 W=1 e=-744 66.000000000000000000000000000000000000000000000000 
1.1473139309217737738822410760788527135794927263202E-77
PP 67 g=84 W=1 e=-720 -7.0000000000000000000000000000000000000000000000000 
-1.2168481085533964268448011412957528780388559218548E-78
PP 67 g=84 W=1 e=-696 44.000000000000000000000000000000000000000000000000 
7.6487595394784918258816071738590180905299515088014E-78
PP 67 g=84 W=1 e=-672 -204.00000000000000000000000000000000000000000000000 
-3.5462430592127553010905633260619083874275229722625E-77
PP 67 g=84 W=1 e=-648 240.00000000000000000000000000000000000000000000000 
4.1720506578973591777536039130140098675617917320735E-77
PP 67 g=84 W=1 e=-624 -81.000000000000000000000000000000000000000000000000 
-1.4080670970403587224918413206422283303021047095748E-77
PP 67 g=84 W=1 e=-600 27.000000000000000000000000000000000000000000000000 
4.6935569901345290749728044021407611010070156985827E-78
PP 67 g=84 W=1 e=-576 -169.00000000000000000000000000000000000000000000000 
-2.9378190049360570876681627554140319484080950113351E-77
PP 67 g=84 W=1 e=-552 350.00000000000000000000000000000000000000000000000 
6.0842405427669821342240057064787643901942796092738E-77
PP 67 g=84 W=1 e=-528 -348.00000000000000000000000000000000000000000000000 
-6.0494734539511708077427256738703143079645980115066E-77
PP 67 g=84 W=1 e=-504 128.00000000000000000000000000000000000000000000000 
2.2250936842119248948019220869408052626996222571059E-77
PP 67 g=84 W=1 e=-480 -191.00000000000000000000000000000000000000000000000 
-3.3202569819099816789622431141069828529345925867752E-77
PP 67 g=84 W=1 e=-456 456.00000000000000000000000000000000000000000000000 
7.9268962500049824377318474347266187483674042909396E-77
PP 67 g=84 W=1 e=-432 -375.00000000000000000000000000000000000000000000000 
-6.5188291529646237152400061140843904180652995813648E-77
PP 67 g=84 W=1 e=-408 372.00000000000000000000000000000000000000000000000 
6.4666785197409067255180860651717152947207771847139E-77
PP 67 g=84 W=1 e=-384 -561.00000000000000000000000000000000000000000000000 
-9.7521684128350770779990491466702480654256881737218E-77
PP 67 g=84 W=1 e=-360 637.00000000000000000000000000000000000000000000000 
1.1073317787835907484287690385791351190153588888878E-76
PP 67 g=84 W=1 e=-336 -704.00000000000000000000000000000000000000000000000 
-1.2238015263165586921410571478174428944847922414082E-76
PP 67 g=84 W=1 e=-312 456.00000000000000000000000000000000000000000000000 
7.9268962500049824377318474347266187483674042909396E-77
PP 67 g=84 W=1 e=-288 -599.00000000000000000000000000000000000000000000000 
-1.0412743100335492281143369766230799627789638531300E-76
PP 67 g=84 W=1 e=-264 1361.0000000000000000000000000000000000000000000000 
2.3659003939159607670511062190050280957298327280633E-76
PP 67 g=84 W=1 e=-240 -1128.0000000000000000000000000000000000000000000000 
-1.9608638092117588135441938391165846377540421140745E-76
PP 67 g=84 W=1 e=-216 666.00000000000000000000000000000000000000000000000 
1.1577440575665171718266250858613877382483972056504E-76
PP 67 g=84 W=1 e=-192 -886.00000000000000000000000000000000000000000000000 
-1.5401820345404417631207054445543386427748947810905E-76
PP 67 g=84 W=1 e=-168 1056.0000000000000000000000000000000000000000000000 
1.8357022894748380382115857217261643417271883621123E-76
PP 67 g=84 W=1 e=-144 -1570.0000000000000000000000000000000000000000000000 
-2.7292164720411891287804825597633314550300054247314E-76
PP 67 g=84 W=1 e=-120 1330.0000000000000000000000000000000000000000000000 
2.3120114062514532110051221684619304682738262515241E-76
PP 67 g=84 W=1 e=-96 -777.00000000000000000000000000000000000000000000000 
-1.3507014004942700337977292668382856946231300732588E-76
PP 67 g=84 W=1 e=-72 1666.0000000000000000000000000000000000000000000000 
2.8960984983570834958906267162838918497324770940143E-76
PP 67 g=84 W=1 e=-48 -1583.0000000000000000000000000000000000000000000000 
-2.7518150797714664909933145809588240084792984632801E-76
PP 67 g=84 W=1 e=-24 1047.0000000000000000000000000000000000000000000000 
1.8200570995077229412950097070523618047238316431171E-76
PP 67 g=84 W=1 e=0 -1632.0000000000000000000000000000000000000000000000 
-2.8369944473702042408724506608495267099420183778100E-76
PP 68 g=84 W=1 e=-1224 1.0000000000000000000000000000000000000000000000000 
8.7972158996812003761678570927217507963417660350547E-80
PP 68 g=84 W=1 e=-1200 -7.0000000000000000000000000000000000000000000000000 
-6.1580511297768402633174999649052255574392362245383E-79
PP 68 g=84 W=1 e=-1176 17.000000000000000000000000000000000000000000000000 
1.4955267029458040639485357057626976353781002259593E-78
PP 68 g=84 W=1 e=-1152 -11.000000000000000000000000000000000000000000000000 
-9.6769374896493204137846428019939258759759426385601E-79
PP 68 g=84 W=1 e=-1128 -15.000000000000000000000000000000000000000000000000 
-1.3195823849521800564251785639082626194512649052582E-78
PP 68 g=84 W=1 e=-1104 2.0000000000000000000000000000000000000000000000000 
1.7594431799362400752335714185443501592683532070109E-79
PP 68 g=84 W=1 e=-1080 75.000000000000000000000000000000000000000000000000 
6.5979119247609002821258928195413130972563245262910E-78
PP 68 g=84 W=1 e=-1056 -110.00000000000000000000000000000000000000000000000 
-9.6769374896493204137846428019939258759759426385601E-78
PP 68 g=84 W=1 e=-1032 28.000000000000000000000000000000000000000000000000 
2.4632204519107361053269999859620902229756944898153E-78
PP 68 g=84 W=1 e=-1008 60.000000000000000000000000000000000000000000000000 
5.2783295398087202257007142556330504778050596210328E-78
PP 68 g=84 W=1 e=-984 37.000000000000000000000000000000000000000000000000 
3.2549698828820441391821071243070477946464534329702E-78
PP 68 g=84 W=1 e=-960 -293.00000000000000000000000000000000000000000000000 
-2.5775842586065917102171821281674729833281374482710E-77
PP 68 g=84 W=1 e=-936 304.00000000000000000000000000000000000000000000000 
2.6743536335030849143550285561874122420878968746566E-77
PP 68 g=84 W=1 e=-912 26.000000000000000000000000000000000000000000000000 
2.2872761339171120978036428441076552070488591691142E-78
PP 68 g=84 W=1 e=-888 -69.000000000000000000000000000000000000000000000000 
-6.0700789707800282595558213939780080494758185641877E-78
PP 68 g=84 W=1 e=-864 -326.00000000000000000000000000000000000000000000000 
-2.8678923832960713226307214122272907596074157274278E-77
PP 68 g=84 W=1 e=-840 553.00000000000000000000000000000000000000000000000 
4.8648603925237038080208249722751281903769966173852E-77
PP 68 g=84 W=1 e=-816 -388.00000000000000000000000000000000000000000000000 
-3.4133197690763057459531285519760393089806052216012E-77
PP 68 g=84 W=1 e=-792 96.000000000000000000000000000000000000000000000000 
8.4453272636939523611211428090128807644880953936524E-78
PP 68 g=84 W=1 e=-768 -281.00000000000000000000000000000000000000000000000 
-2.4720176678104173057031678430548119737720362558504E-77
PP 68 g=84 W=1 e=-744 812.00000000000000000000000000000000000000000000000 
7.1433393105411347054482999592900616466295140204644E-77
PP 68 g=84 W=1 e=-720 -536.00000000000000000000000000000000000000000000000 
-4.7153077222291234016259714016988584268391865947893E-77
PP 68 g=84 W=1 e=-696 263.00000000000000000000000000000000000000000000000 
2.3136677816161556989321464153858204594378844672194E-77
PP 68 g=84 W=1 e=-672 -1086.0000000000000000000000000000000000000000000000 
-9.5537764670537836085182928026958213648271579140693E-77
PP 68 g=84 W=1 e=-648 1381.0000000000000000000000000000000000000000000000 
1.2148955157459737719487810645048737849747978894410E-76
PP 68 g=84 W=1 e=-624 -830.00000000000000000000000000000000000000000000000 
-7.3016891967353963122193213869590531609636658090954E-77
PP 68 g=84 W=1 e=-600 495.00000000000000000000000000000000000000000000000 
4.3546218703421941862030892608972666441891741873521E-77
PP 68 g=84 W=1 e=-576 -949.00000000000000000000000000000000000000000000000 
-8.3485578887974591569832963809929415057283359672668E-77
PP 68 g=84 W=1 e=-552 2655.0000000000000000000000000000000000000000000000 
2.3356608213653586998725660581176248364287388823070E-76
PP 68 g=84 W=1 e=-528 -2606.0000000000000000000000000000000000000000000000 
-2.2925544634569208180293435583632882575266642287352E-76
PP 68 g=84 W=1 e=-504 590.00000000000000000000000000000000000000000000000 
5.1903573808119082219390356847058329698416419606822E-77
PP 68 g=84 W=1 e=-480 -1450.0000000000000000000000000000000000000000000000 
-1.2755963054537740545443392784446538654695560750829E-76
PP 68 g=84 W=1 e=-456 3158.0000000000000000000000000000000000000000000000 
2.7781607811193230787938092698815289014847297138703E-76
PP 68 g=84 W=1 e=-432 -3088.0000000000000000000000000000000000000000000000 
-2.7165802698215546761606342702324766459103373516249E-76
PP 68 g=84 W=1 e=-408 3014.0000000000000000000000000000000000000000000000 
2.6514808721639137933769921277463356900174082829655E-76
PP 68 g=84 W=1 e=-384 -2358.0000000000000000000000000000000000000000000000 
-2.0743835091448270487003807024637888377773884310659E-76
PP 68 g=84 W=1 e=-360 3656.0000000000000000000000000000000000000000000000 
3.2162621329234468575269685530990720911425496624160E-76
PP 68 g=84 W=1 e=-336 -5044.0000000000000000000000000000000000000000000000 
-4.4373156997991974697390671175688511016747867880816E-76
PP 68 g=84 W=1 e=-312 2421.0000000000000000000000000000000000000000000000 
2.1298059693128186110702382021479358677943415570867E-76
PP 68 g=84 W=1 e=-288 -3418.0000000000000000000000000000000000000000000000 
-3.0068883945110342885741735542922944221896156307817E-76
PP 68 g=84 W=1 e=-264 6799.0000000000000000000000000000000000000000000000 
5.9812270901932481357565260373415183664327667272337E-76
PP 68 g=84 W=1 e=-240 -6188.0000000000000000000000000000000000000000000000 
-5.4437171987227267927726699689762193927762848224918E-76
PP 68 g=84 W=1 e=-216 5862.0000000000000000000000000000000000000000000000 
5.1569279603931196605095978277534903168155432497490E-76
PP 68 g=84 W=1 e=-192 -4455.0000000000000000000000000000000000000000000000 
-3.9191596833079747675827803348075399797702567686169E-76
PP 68 g=84 W=1 e=-168 5188.0000000000000000000000000000000000000000000000 
4.5639956087546067551558842597040443131421082189863E-76
PP 68 g=84 W=1 e=-144 -9888.0000000000000000000000000000000000000000000000 
-8.6986870816047709319547770932832671874227382554620E-76
PP 68 g=84 W=1 e=-120 8722.0000000000000000000000000000000000000000000000 
7.6729317077019429680936049562719110445692883357747E-76
PP 68 g=84 W=1 e=-96 -8160.0000000000000000000000000000000000000000000000 
-7.1785281741398595069529713876609486498148810846046E-76
PP 68 g=84 W=1 e=-72 9923.0000000000000000000000000000000000000000000000 
8.7294773372536551332713645931077933152099344365847E-76
PP 68 g=84 W=1 e=-48 -7561.0000000000000000000000000000000000000000000000 
-6.6515749417489556044205167478069157771140092991048E-76
PP 68 g=84 W=1 e=-24 9652.0000000000000000000000000000000000000000000000 
8.4910727863722946030772156658950338686290725770347E-76
PP 68 g=84 W=1 e=0 -11678.000000000000000000000000000000000000000000000 
-1.0273388727647705799288823512880460579967914375737E-75
PP 69 g=84 W=1 e=-672 1.0000000000000000000000000000000000000000000000000 
-5.9033624715452179465396914167628478479372798069444E-80
PP 69 g=84 W=1 e=-648 -7.0000000000000000000000000000000000000000000000000 
4.1323537300816525625777839917339934935560958648611E-79
PP 69 g=84 W=1 e=-624 17.000000000000000000000000000000000000000000000000 
-1.0035716201626870509117475408496841341493375671806E-78
PP 69 g=84 W=1 e=-600 -12.000000000000000000000000000000000000000000000000 
7.0840349658542615358476297001154174175247357683333E-79
PP 69 g=84 W=1 e=-576 -11.000000000000000000000000000000000000000000000000 
6.4936987186997397411936605584391326327310077876389E-79
PP 69 g=84 W=1 e=-552 6.0000000000000000000000000000000000000000000000000 
-3.5420174829271307679238148500577087087623678841666E-79
PP 69 g=84 W=1 e=-528 31.000000000000000000000000000000000000000000000000 
-1.8300423661790175634273043391964828328605567401528E-78
PP 69 g=84 W=1 e=-504 -36.000000000000000000000000000000000000000000000000 
2.1252104897562784607542889100346252252574207305000E-78
PP 69 g=84 W=1 e=-480 17.000000000000000000000000000000000000000000000000 
-1.0035716201626870509117475408496841341493375671806E-78
PP 69 g=84 W=1 e=-456 -8.0000000000000000000000000000000000000000000000000 
4.7226899772361743572317531334102782783498238455556E-79
PP 69 g=84 W=1 e=-408 -22.000000000000000000000000000000000000000000000000 
1.2987397437399479482387321116878265265462015575278E-78
PP 69 g=84 W=1 e=-384 26.000000000000000000000000000000000000000000000000 
-1.5348742426017566661003197683583404404636927498056E-78
PP 69 g=84 W=1 e=-336 56.000000000000000000000000000000000000000000000000 
-3.3058829840653220500622271933871947948448766918889E-78
PP 69 g=84 W=1 e=-312 -71.000000000000000000000000000000000000000000000000 
4.1913873547971047420431809059016219720354686629305E-78
PP 69 g=84 W=1 e=-288 15.000000000000000000000000000000000000000000000000 
-8.8550437073178269198095371251442717719059197104166E-79
PP 69 g=84 W=1 e=-264 -54.000000000000000000000000000000000000000000000000 
3.1878157346344176911314333650519378378861310957500E-78
PP 69 g=84 W=1 e=-240 36.000000000000000000000000000000000000000000000000 
-2.1252104897562784607542889100346252252574207305000E-78
PP 69 g=84 W=1 e=-216 -24.000000000000000000000000000000000000000000000000 
1.4168069931708523071695259400230834835049471536667E-78
PP 69 g=84 W=1 e=-192 152.00000000000000000000000000000000000000000000000 
-8.9731109567487312787403309534795287288646653065556E-78
PP 69 g=84 W=1 e=-168 -118.00000000000000000000000000000000000000000000000 
6.9659677164233571769168358717801604605659901721944E-78
PP 69 g=84 W=1 e=-144 34.000000000000000000000000000000000000000000000000 
-2.0071432403253741018234950816993682682986751343611E-78
PP 69 g=84 W=1 e=-120 -46.000000000000000000000000000000000000000000000000 
2.7155467369108002554082580517109100100511487111944E-78
PP 69 g=84 W=1 e=-96 3.0000000000000000000000000000000000000000000000000 
-1.7710087414635653839619074250288543543811839420833E-79
PP 69 g=84 W=1 e=-72 -151.00000000000000000000000000000000000000000000000 
8.9140773320332790992749340393119002503852925084861E-78
PP 69 g=84 W=1 e=-48 220.00000000000000000000000000000000000000000000000 
-1.2987397437399479482387321116878265265462015575278E-77
PP 69 g=84 W=1 e=-24 62.000000000000000000000000000000000000000000000000 
-3.6600847323580351268546086783929656657211134803056E-78
PP 69 g=84 W=1 e=0 -23.000000000000000000000000000000000000000000000000 
1.3577733684554001277041290258554550050255743555972E-78
PP 70 g=84 W=1 e=-720 1.0000000000000000000000000000000000000000000000000 
2.9228982343285178804797712397231339070826762445407E-79
PP 70 g=84 W=1 e=-696 -7.0000000000000000000000000000000000000000000000000 
-2.0460287640299625163358398678061937349578733711785E-78
PP 70 g=84 W=1 e=-672 17.000000000000000000000000000000000000000000000000 
4.9689269983584803968156111075293276420405496157193E-78
PP 70 g=84 W=1 e=-648 -12.000000000000000000000000000000000000000000000000 
-3.5074778811942214565757254876677606884992114934489E-78
PP 70 g=84 W=1 e=-624 -11.000000000000000000000000000000000000000000000000 
-3.2151880577613696685277483636954472977909438689948E-78
PP 70 g=84 W=1 e=-600 6.0000000000000000000000000000000000000000000000000 
1.7537389405971107282878627438338803442496057467245E-78
PP 70 g=84 W=1 e=-576 30.000000000000000000000000000000000000000000000000 
8.7686947029855536414393137191694017212480287336222E-78
PP 70 g=84 W=1 e=-552 -31.000000000000000000000000000000000000000000000000 
-9.0609845264184054294872908431417151119562963580763E-78
PP 70 g=84 W=1 e=-528 14.000000000000000000000000000000000000000000000000 
4.0920575280599250326716797356123874699157467423570E-78
PP 70 g=84 W=1 e=-504 -30.000000000000000000000000000000000000000000000000 
-8.7686947029855536414393137191694017212480287336222E-78
PP 70 g=84 W=1 e=-480 35.000000000000000000000000000000000000000000000000 
1.0230143820149812581679199339030968674789366855893E-77
PP 70 g=84 W=1 e=-456 -6.0000000000000000000000000000000000000000000000000 
-1.7537389405971107282878627438338803442496057467245E-78
PP 70 g=84 W=1 e=-432 -17.000000000000000000000000000000000000000000000000 
-4.9689269983584803968156111075293276420405496157193E-78
PP 70 g=84 W=1 e=-408 -24.000000000000000000000000000000000000000000000000 
-7.0149557623884429131514509753355213769984229868978E-78
PP 70 g=84 W=1 e=-384 98.000000000000000000000000000000000000000000000000 
2.8644402696419475228701758149286712289410227196499E-77
PP 70 g=84 W=1 e=-360 -70.000000000000000000000000000000000000000000000000 
-2.0460287640299625163358398678061937349578733711785E-77
PP 70 g=84 W=1 e=-336 24.000000000000000000000000000000000000000000000000 
7.0149557623884429131514509753355213769984229868978E-78
PP 70 g=84 W=1 e=-312 -66.000000000000000000000000000000000000000000000000 
-1.9291128346568218011166490182172683786745663213969E-77
PP 70 g=84 W=1 e=-288 54.000000000000000000000000000000000000000000000000 
1.5783650465373996554590764694504923098246451720520E-77
PP 70 g=84 W=1 e=-264 -1.0000000000000000000000000000000000000000000000000 
-2.9228982343285178804797712397231339070826762445407E-79
PP 70 g=84 W=1 e=-240 37.000000000000000000000000000000000000000000000000 
1.0814723467015516157775153586975595456205902104801E-77
PP 70 g=84 W=1 e=-216 -146.00000000000000000000000000000000000000000000000 
-4.2674314221196361055004660099957755043407073170295E-77
PP 70 g=84 W=1 e=-192 184.00000000000000000000000000000000000000000000000 
5.3781327511644729000827790810905663890321242899550E-77
PP 70 g=84 W=1 e=-168 -92.000000000000000000000000000000000000000000000000 
-2.6890663755822364500413895405452831945160621449775E-77
PP 70 g=84 W=1 e=-144 60.000000000000000000000000000000000000000000000000 
1.7537389405971107282878627438338803442496057467244E-77
PP 70 g=84 W=1 e=-120 -100.00000000000000000000000000000000000000000000000 
-2.9228982343285178804797712397231339070826762445407E-77
PP 70 g=84 W=1 e=-96 73.000000000000000000000000000000000000000000000000 
2.1337157110598180527502330049978877521703536585147E-77
PP 70 g=84 W=1 e=-72 -66.000000000000000000000000000000000000000000000000 
-1.9291128346568218011166490182172683786745663213969E-77
PP 70 g=84 W=1 e=-48 163.00000000000000000000000000000000000000000000000 
4.7643241219554841451820271207487082685447622786014E-77
PP 70 g=84 W=1 e=-24 -224.00000000000000000000000000000000000000000000000 
-6.5472920448958800522746875769798199518651947877713E-77
PP 70 g=84 W=1 e=0 142.00000000000000000000000000000000000000000000000 
4.1505154927464953902812751604068501480574002672479E-77
PP 71 g=84 W=1 e=-960 1.0000000000000000000000000000000000000000000000000 
3.9421972484764504455720470091538746150061190339486E-79
PP 71 g=84 W=1 e=-936 -7.0000000000000000000000000000000000000000000000000 
-2.7595380739335153119004329064077122305042833237640E-78
PP 71 g=84 W=1 e=-912 16.000000000000000000000000000000000000000000000000 
6.3075155975623207129152752146461993840097904543178E-78
PP 71 g=84 W=1 e=-888 -5.0000000000000000000000000000000000000000000000000 
-1.9710986242382252227860235045769373075030595169743E-78
PP 71 g=84 W=1 e=-864 -27.000000000000000000000000000000000000000000000000 
-1.0643932570886416203044526924715461460516521391661E-77
PP 71 g=84 W=1 e=-840 11.000000000000000000000000000000000000000000000000 
4.3364169733240954901292517100692620765067309373435E-78
PP 71 g=84 W=1 e=-816 60.000000000000000000000000000000000000000000000000 
2.3653183490858702673432282054923247690036714203692E-77
PP 71 g=84 W=1 e=-792 -61.000000000000000000000000000000000000000000000000 
-2.4047403215706347717989486755838635151537326107087E-77
PP 71 g=84 W=1 e=-768 -8.0000000000000000000000000000000000000000000000000 
-3.1537577987811603564576376073230996920048952271589E-78
PP 71 g=84 W=1 e=-744 22.000000000000000000000000000000000000000000000000 
8.6728339466481909802585034201385241530134618746870E-78
PP 71 g=84 W=1 e=-720 2.0000000000000000000000000000000000000000000000000 
7.8843944969529008911440940183077492300122380678973E-79
PP 71 g=84 W=1 e=-696 -37.000000000000000000000000000000000000000000000000 
-1.4586129819362866648616573933869336075522640425610E-77
PP 71 g=84 W=1 e=-672 59.000000000000000000000000000000000000000000000000 
2.3258963766011057628875077354007860228536102300297E-77
PP 71 g=84 W=1 e=-648 -24.000000000000000000000000000000000000000000000000 
-9.4612733963434810693729128219692990760146856814767E-78
PP 71 g=84 W=1 e=-624 92.000000000000000000000000000000000000000000000000 
3.6268214685983344099262832484215646458056295112327E-77
PP 71 g=84 W=1 e=-600 -131.00000000000000000000000000000000000000000000000 
-5.1642783955041500836993815819915757456580159344727E-77
PP 71 g=84 W=1 e=-576 -68.000000000000000000000000000000000000000000000000 
-2.6806941289639863029889919662246347382041609430851E-77
PP 71 g=84 W=1 e=-552 43.000000000000000000000000000000000000000000000000 
1.6951448168448736915959802139361660844526311845979E-77
PP 71 g=84 W=1 e=-528 149.00000000000000000000000000000000000000000000000 
5.8738739002299111639023500436392731763591173605835E-77
PP 71 g=84 W=1 e=-504 -112.00000000000000000000000000000000000000000000000 
-4.4152609182936244990406926502523395688068533180224E-77
PP 71 g=84 W=1 e=-480 239.00000000000000000000000000000000000000000000000 
9.4218514238587165649171923518777603298646244911372E-77
PP 71 g=84 W=1 e=-456 -232.00000000000000000000000000000000000000000000000 
-9.1458976164653650337271490612369891068141961587608E-77
PP 71 g=84 W=1 e=-432 -86.000000000000000000000000000000000000000000000000 
-3.3902896336897473831919604278723321689052623691958E-77
PP 71 g=84 W=1 e=-408 -63.000000000000000000000000000000000000000000000000 
-2.4835842665401637807103896157669410074538549913876E-77
PP 71 g=84 W=1 e=-384 191.00000000000000000000000000000000000000000000000 
7.5295967445900203510426097874839005146616873548419E-77
PP 71 g=84 W=1 e=-360 -225.00000000000000000000000000000000000000000000000 
-8.8699438090720135025371057705962178837637678263844E-77
PP 71 g=84 W=1 e=-336 554.00000000000000000000000000000000000000000000000 
2.1839772756559535468469140430712465367133899448075E-76
PP 71 g=84 W=1 e=-312 -89.000000000000000000000000000000000000000000000000 
-3.5085555511440408965591218381469484073554459402143E-77
PP 71 g=84 W=1 e=-288 -176.00000000000000000000000000000000000000000000000 
-6.9382671573185527842068027361108193224107694997496E-77
PP 71 g=84 W=1 e=-264 -529.00000000000000000000000000000000000000000000000 
-2.0854223444440422857076128678423996713382369689588E-76
PP 71 g=84 W=1 e=-240 269.00000000000000000000000000000000000000000000000 
1.0604510598401651698588806454623922714366460201322E-76
PP 71 g=84 W=1 e=-216 -134.00000000000000000000000000000000000000000000000 
-5.2825443129584435970665429922661919841081995054911E-77
PP 71 g=84 W=1 e=-192 727.00000000000000000000000000000000000000000000000 
2.8659773996423794739308781756548668451094485376806E-76
PP 71 g=84 W=1 e=-168 -280.00000000000000000000000000000000000000000000000 
-1.1038152295734061247601731625630848922017133295056E-76
PP 71 g=84 W=1 e=-144 264.00000000000000000000000000000000000000000000000 
1.0407400735977829176310204104166228983616154249624E-76
PP 71 g=84 W=1 e=-120 -346.00000000000000000000000000000000000000000000000 
-1.3640002479728518541679282651672406167921171857462E-76
PP 71 g=84 W=1 e=-96 -224.00000000000000000000000000000000000000000000000 
-8.8305218365872489980813853005046791376137066360449E-77
PP 71 g=84 W=1 e=-72 -1022.0000000000000000000000000000000000000000000000 
-4.0289255879429323553746320433552598565362536526955E-76
PP 71 g=84 W=1 e=-48 1514.0000000000000000000000000000000000000000000000 
5.9684866341933459745960791718589661671192642173982E-76
PP 71 g=84 W=1 e=-24 -177.00000000000000000000000000000000000000000000000 
-6.9776891298033172886625232062023580685608306900891E-77
PP 71 g=84 W=1 e=0 461.00000000000000000000000000000000000000000000000 
1.8173529315476436554087136712199361975178208746503E-76
PP 72 g=84 W=1 e=-1008 1.0000000000000000000000000000000000000000000000000 
7.4923704671376988322200755843145210690729538387362E-79
PP 72 g=84 W=1 e=-984 -7.0000000000000000000000000000000000000000000000000 
-5.2446593269963891825540529090201647483510676871154E-78
PP 72 g=84 W=1 e=-960 16.000000000000000000000000000000000000000000000000 
1.1987792747420318131552120934903233710516726141978E-77
PP 72 g=84 W=1 e=-936 -5.0000000000000000000000000000000000000000000000000 
-3.7461852335688494161100377921572605345364769193681E-78
PP 72 g=84 W=1 e=-912 -27.000000000000000000000000000000000000000000000000 
-2.0229400261271786846994204077649206886496975364588E-77
PP 72 g=84 W=1 e=-888 11.000000000000000000000000000000000000000000000000 
8.2416075138514687154420831427459731759802492226099E-78
PP 72 g=84 W=1 e=-864 59.000000000000000000000000000000000000000000000000 
4.4204985756112423110098445947455674307530427648544E-77
PP 72 g=84 W=1 e=-840 -56.000000000000000000000000000000000000000000000000 
-4.1957274615971113460432423272161317986808541496923E-77
PP 72 g=84 W=1 e=-816 -10.000000000000000000000000000000000000000000000000 
-7.4923704671376988322200755843145210690729538387362E-78
PP 72 g=84 W=1 e=-792 -5.0000000000000000000000000000000000000000000000000 
-3.7461852335688494161100377921572605345364769193681E-78
PP 72 g=84 W=1 e=-768 39.000000000000000000000000000000000000000000000000 
2.9220244821837025445658294778826632169384519971071E-77
PP 72 g=84 W=1 e=-744 6.0000000000000000000000000000000000000000000000000 
4.4954222802826192993320453505887126414437723032418E-78
PP 72 g=84 W=1 e=-720 -23.000000000000000000000000000000000000000000000000 
-1.7232452074416707314106173843923398458867793829093E-77
PP 72 g=84 W=1 e=-696 -81.000000000000000000000000000000000000000000000000 
-6.0688200783815360540982612232947620659490926093763E-77
PP 72 g=84 W=1 e=-672 209.00000000000000000000000000000000000000000000000 
1.5659054276317790559339957971217349034362473522959E-76
PP 72 g=84 W=1 e=-648 -112.00000000000000000000000000000000000000000000000 
-8.3914549231942226920864846544322635973617082993846E-77
PP 72 g=84 W=1 e=-624 -108.00000000000000000000000000000000000000000000000 
-8.0917601045087147387976816310596827545987901458352E-77
PP 72 g=84 W=1 e=-600 17.000000000000000000000000000000000000000000000000 
1.2737029794134088014774128493334685817424021525852E-77
PP 72 g=84 W=1 e=-576 158.00000000000000000000000000000000000000000000000 
1.1837945338077564154907719423216943289135267065203E-76
PP 72 g=84 W=1 e=-552 -68.000000000000000000000000000000000000000000000000 
-5.0948119176536352059096513973338743269696086103406E-77
PP 72 g=84 W=1 e=-528 116.00000000000000000000000000000000000000000000000 
8.6911497418797306453752876778048444401246264529341E-77
PP 72 g=84 W=1 e=-504 -354.00000000000000000000000000000000000000000000000 
-2.6522991453667453866059067568473404584518256589126E-76
PP 72 g=84 W=1 e=-480 319.00000000000000000000000000000000000000000000000 
2.3900661790169259274782041113963322210342722745569E-76
PP 72 g=84 W=1 e=-456 -14.000000000000000000000000000000000000000000000000 
-1.0489318653992778365108105818040329496702135374231E-77
PP 72 g=84 W=1 e=-432 -128.00000000000000000000000000000000000000000000000 
-9.5902341979362545052416967479225869684133809135824E-77
PP 72 g=84 W=1 e=-408 -177.00000000000000000000000000000000000000000000000 
-1.3261495726833726933029533784236702292259128294563E-76
PP 72 g=84 W=1 e=-384 456.00000000000000000000000000000000000000000000000 
3.4165209330147906674923544664474216074972669504637E-76
PP 72 g=84 W=1 e=-360 -345.00000000000000000000000000000000000000000000000 
-2.5848678111625060971159260765885097688301690743640E-76
PP 72 g=84 W=1 e=-336 395.00000000000000000000000000000000000000000000000 
2.9594863345193910387269298558042358222838167663008E-76
PP 72 g=84 W=1 e=-312 -535.00000000000000000000000000000000000000000000000 
-4.0084181999186688752377404376082687719540303037239E-76
PP 72 g=84 W=1 e=-288 230.00000000000000000000000000000000000000000000000 
1.7232452074416707314106173843923398458867793829093E-76
PP 72 g=84 W=1 e=-264 29.000000000000000000000000000000000000000000000000 
2.1727874354699326613438219194512111100311566132335E-77
PP 72 g=84 W=1 e=-240 294.00000000000000000000000000000000000000000000000 
2.2027569173384834566727022217884691943074484285885E-76
PP 72 g=84 W=1 e=-216 -722.00000000000000000000000000000000000000000000000 
-5.4094914772734185568628945718750842118706726715676E-76
PP 72 g=84 W=1 e=-192 642.00000000000000000000000000000000000000000000000 
4.8101018399024026502852885251299225263448363644687E-76
PP 72 g=84 W=1 e=-168 -492.00000000000000000000000000000000000000000000000 
-3.6862462698317478254522771874827443659838932886582E-76
PP 72 g=84 W=1 e=-144 685.00000000000000000000000000000000000000000000000 
5.1322737699893237000707517752554469323149733795343E-76
PP 72 g=84 W=1 e=-120 -609.00000000000000000000000000000000000000000000000 
-4.5628536144868585888220260308475433310654288877904E-76
PP 72 g=84 W=1 e=-96 389.00000000000000000000000000000000000000000000000 
2.9145321117165648457336094022983486958693790432684E-76
PP 72 g=84 W=1 e=-72 -586.00000000000000000000000000000000000000000000000 
-4.3905290937426915156809642924083093464767509494994E-76
PP 72 g=84 W=1 e=-48 887.00000000000000000000000000000000000000000000000 
6.6457326043511388641792070432869801882677100549591E-76
PP 72 g=84 W=1 e=-24 -1009.0000000000000000000000000000000000000000000000 
-7.5598018013419381217100562645733517586946104232849E-76
PP 72 g=84 W=1 e=0 741.00000000000000000000000000000000000000000000000 
5.5518465161490348346750760079770601121830587945036E-76
PP 73 g=84 W=1 e=-1248 1.0000000000000000000000000000000000000000000000000 
3.1521844216442061988285284681333612055891204665624E-79
PP 73 g=84 W=1 e=-1224 -7.0000000000000000000000000000000000000000000000000 
-2.2065290951509443391799699276933528439123843265937E-78
PP 73 g=84 W=1 e=-1200 15.000000000000000000000000000000000000000000000000 
4.7282766324663092982427927022000418083836806998436E-78
PP 73 g=84 W=1 e=-1176 2.0000000000000000000000000000000000000000000000000 
6.3043688432884123976570569362667224111782409331248E-79
PP 73 g=84 W=1 e=-1152 -42.000000000000000000000000000000000000000000000000 
-1.3239174570905666035079819566160117063474305959562E-77
PP 73 g=84 W=1 e=-1128 9.0000000000000000000000000000000000000000000000000 
2.8369659794797855789456756213200250850302084199062E-78
PP 73 g=84 W=1 e=-1104 104.00000000000000000000000000000000000000000000000 
3.2782717985099744467816696068586956538126852852249E-77
PP 73 g=84 W=1 e=-1080 -84.000000000000000000000000000000000000000000000000 
-2.6478349141811332070159639132320234126948611919124E-77
PP 73 g=84 W=1 e=-1056 -79.000000000000000000000000000000000000000000000000 
-2.4902256930989228970745374898253553524154051685843E-77
PP 73 g=84 W=1 e=-1032 89.000000000000000000000000000000000000000000000000 
2.8054441352633435169573903366386914729743172152406E-77
PP 73 g=84 W=1 e=-1008 42.000000000000000000000000000000000000000000000000 
1.3239174570905666035079819566160117063474305959562E-77
PP 73 g=84 W=1 e=-984 -102.00000000000000000000000000000000000000000000000 
-3.2152281100770903228050990374960284297009028758937E-77
PP 73 g=84 W=1 e=-960 95.000000000000000000000000000000000000000000000000 
2.9945752005619958888871020447266931453096644432343E-77
PP 73 g=84 W=1 e=-936 -35.000000000000000000000000000000000000000000000000 
-1.1032645475754721695899849638466764219561921632969E-77
PP 73 g=84 W=1 e=-912 86.000000000000000000000000000000000000000000000000 
2.7108786026140173309925344825946906368066436012437E-77
PP 73 g=84 W=1 e=-888 -143.00000000000000000000000000000000000000000000000 
-4.5076237229512148643247957094307065239924422671843E-77
PP 73 g=84 W=1 e=-864 -213.00000000000000000000000000000000000000000000000 
-6.7141528181021592035047656371240593679048265937780E-77
PP 73 g=84 W=1 e=-840 196.00000000000000000000000000000000000000000000000 
6.1782814664226441497039157975413879629546761144623E-77
PP 73 g=84 W=1 e=-816 497.00000000000000000000000000000000000000000000000 
1.5666356575571704808177786486622805191777928718815E-76
PP 73 g=84 W=1 e=-792 -461.00000000000000000000000000000000000000000000000 
-1.4531570183779790576599516238094795157765845350853E-76
PP 73 g=84 W=1 e=-768 113.00000000000000000000000000000000000000000000000 
3.5619683964579530046762371689906981623157061272155E-77
PP 73 g=84 W=1 e=-744 -139.00000000000000000000000000000000000000000000000 
-4.3815363460854466163716545707053720757688774485218E-77
PP 73 g=84 W=1 e=-720 -309.00000000000000000000000000000000000000000000000 
-9.7402498628805971543801529665320861252703822416779E-77
PP 73 g=84 W=1 e=-696 49.000000000000000000000000000000000000000000000000 
1.5445703666056610374259789493853469907386690286156E-77
PP 73 g=84 W=1 e=-672 741.00000000000000000000000000000000000000000000000 
2.3357686564383567933319395948868206533415382657228E-76
PP 73 g=84 W=1 e=-648 -485.00000000000000000000000000000000000000000000000 
-1.5288094444974400064318363070446801847107234262828E-76
PP 73 g=84 W=1 e=-624 809.00000000000000000000000000000000000000000000000 
2.5501171971101628148522795307198892153215984574490E-76
PP 73 g=84 W=1 e=-600 -497.00000000000000000000000000000000000000000000000 
-1.5666356575571704808177786486622805191777928718815E-76
PP 73 g=84 W=1 e=-576 -884.00000000000000000000000000000000000000000000000 
-2.7865310287334782797644191658298913057407824924412E-76
PP 73 g=84 W=1 e=-552 -588.00000000000000000000000000000000000000000000000 
-1.8534844399267932449111747392624163888864028343387E-76
PP 73 g=84 W=1 e=-528 1348.0000000000000000000000000000000000000000000000 
4.2491446003763899560208563750437709051341343889262E-76
PP 73 g=84 W=1 e=-504 -20.000000000000000000000000000000000000000000000000 
-6.3043688432884123976570569362667224111782409331248E-78
PP 73 g=84 W=1 e=-480 1604.0000000000000000000000000000000000000000000000 
5.0561038123173067429209596628859113737649492283661E-76
PP 73 g=84 W=1 e=-456 -1356.0000000000000000000000000000000000000000000000 
-4.2743620757495436056114846027888377947788473526586E-76
PP 73 g=84 W=1 e=-432 -763.00000000000000000000000000000000000000000000000 
-2.4051167137145293297061672211857545998644989159871E-76
PP 73 g=84 W=1 e=-408 -689.00000000000000000000000000000000000000000000000 
-2.1718550665128580709928561145438858706509040014615E-76
PP 73 g=84 W=1 e=-384 683.00000000000000000000000000000000000000000000000 
2.1529419599829928337998849437350857034173692786621E-76
PP 73 g=84 W=1 e=-360 -1835.0000000000000000000000000000000000000000000000 
-5.7842584137171183748503497390247178122560360561420E-76
PP 73 g=84 W=1 e=-336 4484.0000000000000000000000000000000000000000000000 
1.4134394946652620595547121651109991645861616172066E-75
PP 73 g=84 W=1 e=-312 179.00000000000000000000000000000000000000000000000 
5.6424101147431290959030659579587165580045256351467E-77
PP 73 g=84 W=1 e=-288 -1564.0000000000000000000000000000000000000000000000 
-4.9300164354515384949678185241605769255413844097036E-76
PP 73 g=84 W=1 e=-264 -2576.0000000000000000000000000000000000000000000000 
-8.1200270701554751681822893339115384655975743218648E-76
PP 73 g=84 W=1 e=-240 1050.0000000000000000000000000000000000000000000000 
3.3097936427264165087699548915400292658685764898905E-76
PP 73 g=84 W=1 e=-216 -3344.0000000000000000000000000000000000000000000000 
-1.0540904705978225528882599197437959871490018840185E-75
PP 73 g=84 W=1 e=-192 5896.0000000000000000000000000000000000000000000000 
1.8585279350014239748293003848114297668153454270852E-75
PP 73 g=84 W=1 e=-168 -404.00000000000000000000000000000000000000000000000 
-1.2734825063442593043267255011258779270580046684912E-76
PP 73 g=84 W=1 e=-144 1082.0000000000000000000000000000000000000000000000 
3.4106635442190311071324678025202968244474283448205E-76
PP 73 g=84 W=1 e=-120 -1384.0000000000000000000000000000000000000000000000 
-4.3626232395555813791786833998965719085353427257224E-76
PP 73 g=84 W=1 e=-96 -1648.0000000000000000000000000000000000000000000000 
-5.1947999268696518156694149154837792668108705288949E-76
PP 73 g=84 W=1 e=-72 -6063.0000000000000000000000000000000000000000000000 
-1.9111694148428822183497368102292568989486837388768E-75
PP 73 g=84 W=1 e=-48 8590.0000000000000000000000000000000000000000000000 
2.7077264181923731247937059541265572756010544807771E-75
PP 73 g=84 W=1 e=-24 -3443.0000000000000000000000000000000000000000000000 
-1.0852970963721001942566623515783162630843341766374E-75
PP 73 g=84 W=1 e=0 3687.0000000000000000000000000000000000000000000000 
1.1622103962602188255080784462007702765007087160216E-75
PP 74 g=84 W=1 e=-1296 1.0000000000000000000000000000000000000000000000000 
6.7493590175731978167599067001024996471034544516494E-79
PP 74 g=84 W=1 e=-1272 -7.0000000000000000000000000000000000000000000000000 
-4.7245513123012384717319346900717497529724181161546E-78
PP 74 g=84 W=1 e=-1248 15.000000000000000000000000000000000000000000000000 
1.0124038526359796725139860050153749470655181677474E-77
PP 74 g=84 W=1 e=-1224 2.0000000000000000000000000000000000000000000000000 
1.3498718035146395633519813400204999294206908903299E-78
PP 74 g=84 W=1 e=-1200 -42.000000000000000000000000000000000000000000000000 
-2.8347307873807430830391608140430498517834508696927E-77
PP 74 g=84 W=1 e=-1176 9.0000000000000000000000000000000000000000000000000 
6.0744231158158780350839160300922496823931090064845E-78
PP 74 g=84 W=1 e=-1152 103.00000000000000000000000000000000000000000000000 
6.9518397881003937512627039011055746365165580851989E-77
PP 74 g=84 W=1 e=-1128 -79.000000000000000000000000000000000000000000000000 
-5.3319936238828262752403262930809747212117290168030E-77
PP 74 g=84 W=1 e=-1104 -80.000000000000000000000000000000000000000000000000 
-5.3994872140585582534079253600819997176827635613195E-77
PP 74 g=84 W=1 e=-1080 57.000000000000000000000000000000000000000000000000 
3.8471346400167227555531468190584247988489690374402E-77
PP 74 g=84 W=1 e=-1056 80.000000000000000000000000000000000000000000000000 
5.3994872140585582534079253600819997176827635613195E-77
PP 74 g=84 W=1 e=-1032 -27.000000000000000000000000000000000000000000000000 
-1.8223269347447634105251748090276749047179327019453E-77
PP 74 g=84 W=1 e=-1008 -27.000000000000000000000000000000000000000000000000 
-1.8223269347447634105251748090276749047179327019453E-77
PP 74 g=84 W=1 e=-984 -157.00000000000000000000000000000000000000000000000 
-1.0596493657589920572313053519160924445952423489090E-76
PP 74 g=84 W=1 e=-960 320.00000000000000000000000000000000000000000000000 
2.1597948856234233013631701440327998870731054245278E-76
PP 74 g=84 W=1 e=-936 -51.000000000000000000000000000000000000000000000000 
-3.4421730989623308865475524170522748200227617703412E-77
PP 74 g=84 W=1 e=-912 -414.00000000000000000000000000000000000000000000000 
-2.7942346332753038961386013738424348539008301429829E-76
PP 74 g=84 W=1 e=-888 132.00000000000000000000000000000000000000000000000 
8.9091539031966211181230768441352995341765598761772E-77
PP 74 g=84 W=1 e=-864 581.00000000000000000000000000000000000000000000000 
3.9213775892100279315375057927595522949671070364083E-76
PP 74 g=84 W=1 e=-840 -392.00000000000000000000000000000000000000000000000 
-2.6457487348886935441698834264401798616645541450466E-76
PP 74 g=84 W=1 e=-816 17.000000000000000000000000000000000000000000000000 
1.1473910329874436288491841390174249400075872567804E-77
PP 74 g=84 W=1 e=-792 -409.00000000000000000000000000000000000000000000000 
-2.7604878381874379070548018403419223556653128707246E-76
PP 74 g=84 W=1 e=-768 344.00000000000000000000000000000000000000000000000 
2.3217795020451800489654079048352598786035883313674E-76
PP 74 g=84 W=1 e=-744 381.00000000000000000000000000000000000000000000000 
2.5715057856953883681855244527390523655464161460784E-76
PP 74 g=84 W=1 e=-720 -379.00000000000000000000000000000000000000000000000 
-2.5580070676602419725520046393388473662522092371751E-76
PP 74 g=84 W=1 e=-696 -692.00000000000000000000000000000000000000000000000 
-4.6705564401606528891978554364709297557955904805414E-76
PP 74 g=84 W=1 e=-672 1583.0000000000000000000000000000000000000000000000 
1.0684235324818372143930932306262256941364768396961E-75
PP 74 g=84 W=1 e=-648 -832.00000000000000000000000000000000000000000000000 
-5.6154667026209005835442423744852797063900741037723E-76
PP 74 g=84 W=1 e=-624 -184.00000000000000000000000000000000000000000000000 
-1.2418820592334683982838228328188599350670356191035E-76
PP 74 g=84 W=1 e=-600 -316.00000000000000000000000000000000000000000000000 
-2.1327974495531305100961305172323898884846916067212E-76
PP 74 g=84 W=1 e=-576 414.00000000000000000000000000000000000000000000000 
2.7942346332753038961386013738424348539008301429829E-76
PP 74 g=84 W=1 e=-552 115.00000000000000000000000000000000000000000000000 
7.7617628702091774892738927051178745941689726193968E-77
PP 74 g=84 W=1 e=-528 1102.0000000000000000000000000000000000000000000000 
7.4377936373656639940694171835129546111080068057177E-76
PP 74 g=84 W=1 e=-504 -2538.0000000000000000000000000000000000000000000000 
-1.7129873186600776058936643204860144104348567398286E-75
PP 74 g=84 W=1 e=-480 1742.0000000000000000000000000000000000000000000000 
1.1757383408612510596795757471578554385254217654773E-75
PP 74 g=84 W=1 e=-456 -212.00000000000000000000000000000000000000000000000 
-1.4308641117255179371531002204217299251859323437497E-76
PP 74 g=84 W=1 e=-432 206.00000000000000000000000000000000000000000000000 
1.3903679576200787502525407802211149273033116170398E-76
PP 74 g=84 W=1 e=-408 -1186.0000000000000000000000000000000000000000000000 
-8.0047397948418126106772493463215645814646969796562E-76
PP 74 g=84 W=1 e=-384 1550.0000000000000000000000000000000000000000000000 
1.0461506477238456615977855385158874453010354400057E-75
PP 74 g=84 W=1 e=-360 -1919.0000000000000000000000000000000000000000000000 
-1.2952019954722966610362260957496696822791529092715E-75
PP 74 g=84 W=1 e=-336 2863.0000000000000000000000000000000000000000000000 
1.9323414867312065349383612882393456489657190095072E-75
PP 74 g=84 W=1 e=-312 -2870.0000000000000000000000000000000000000000000000 
-1.9370660380435077734100932229294173987186914276234E-75
PP 74 g=84 W=1 e=-288 1435.0000000000000000000000000000000000000000000000 
9.6853301902175388670504661146470869935934571381169E-76
PP 74 g=84 W=1 e=-264 -778.00000000000000000000000000000000000000000000000 
-5.2510013156719479014392074126797447254464875633832E-76
PP 74 g=84 W=1 e=-240 2860.0000000000000000000000000000000000000000000000 
1.9303166790259345755933333162293148990715879731717E-75
PP 74 g=84 W=1 e=-216 -4388.0000000000000000000000000000000000000000000000 
-2.9616187369111192019942470600049768451489958133838E-75
PP 74 g=84 W=1 e=-192 3199.0000000000000000000000000000000000000000000000 
2.1591199497216659815814941533627896371083950790826E-75
PP 74 g=84 W=1 e=-168 -3086.0000000000000000000000000000000000000000000000 
-2.0828521928230888462521072076516313910961260437790E-75
PP 74 g=84 W=1 e=-144 2754.0000000000000000000000000000000000000000000000 
1.8587734734396586787356783052082284028122913559842E-75
PP 74 g=84 W=1 e=-120 -1901.0000000000000000000000000000000000000000000000 
-1.2830531492406649049660582636894851829143666912585E-75
PP 74 g=84 W=1 e=-96 5173.0000000000000000000000000000000000000000000000 
3.4914434197906152306098997359630230674466169878382E-75
PP 74 g=84 W=1 e=-72 -6792.0000000000000000000000000000000000000000000000 
-4.5841646447357159571433286307096177603126662635603E-75
PP 74 g=84 W=1 e=-48 4845.0000000000000000000000000000000000000000000000 
3.2700644440142143422201747961996610790216236818241E-75
PP 74 g=84 W=1 e=-24 -5287.0000000000000000000000000000000000000000000000 
-3.5683861125909496857209626723441915634235963685870E-75
PP 74 g=84 W=1 e=0 3523.0000000000000000000000000000000000000000000000 
2.3777991818910375908445151304461106256745470033161E-75
PP 75 g=84 W=1 e=-696 1.0000000000000000000000000000000000000000000000000 
1.4670208579186229844030004506886601376227880004502E-79
PP 75 g=84 W=1 e=-672 -8.0000000000000000000000000000000000000000000000000 
-1.1736166863348983875224003605509281100982304003602E-78
PP 75 g=84 W=1 e=-648 28.000000000000000000000000000000000000000000000000 
4.1076584021721443563284012619282483853438064012605E-78
PP 75 g=84 W=1 e=-624 -56.000000000000000000000000000000000000000000000000 
-8.2153168043442887126568025238564967706876128025211E-78
PP 75 g=84 W=1 e=-600 68.000000000000000000000000000000000000000000000000 
9.9757418338466362939404030646828889358349584030613E-78
PP 75 g=84 W=1 e=-576 -48.000000000000000000000000000000000000000000000000 
-7.0417001180093903251344021633055686605893824021609E-78
PP 75 g=84 W=1 e=-552 29.000000000000000000000000000000000000000000000000 
4.2543604879640066547687013069971143991060852013056E-78
PP 75 g=84 W=1 e=-528 -71.000000000000000000000000000000000000000000000000 
-1.0415848091222223189261303199889486977121794803196E-77
PP 75 g=84 W=1 e=-504 168.00000000000000000000000000000000000000000000000 
2.4645950413032866137970407571569490312062838407563E-77
PP 75 g=84 W=1 e=-480 -228.00000000000000000000000000000000000000000000000 
-3.3448075560544604044388410275701451137799566410264E-77
PP 75 g=84 W=1 e=-456 180.00000000000000000000000000000000000000000000000 
2.6406375442535213719254008112395882477210184008103E-77
PP 75 g=84 W=1 e=-432 -76.000000000000000000000000000000000000000000000000 
-1.1149358520181534681462803425233817045933188803421E-77
PP 75 g=84 W=1 e=-408 48.000000000000000000000000000000000000000000000000 
7.0417001180093903251344021633055686605893824021609E-78
PP 75 g=84 W=1 e=-384 -147.00000000000000000000000000000000000000000000000 
-2.1565206611403757870724106625123304023054983606618E-77
PP 75 g=84 W=1 e=-360 302.00000000000000000000000000000000000000000000000 
4.4304029909142414128970613610797536156208197613596E-77
PP 75 g=84 W=1 e=-336 -376.00000000000000000000000000000000000000000000000 
-5.5159984257740224213552816945893621174616828816927E-77
PP 75 g=84 W=1 e=-312 276.00000000000000000000000000000000000000000000000 
4.0489775678553994369522812439007019798388948812426E-77
PP 75 g=84 W=1 e=-288 -116.00000000000000000000000000000000000000000000000 
-1.7017441951856026619074805227988457596424340805222E-77
PP 75 g=84 W=1 e=-264 89.000000000000000000000000000000000000000000000000 
1.3056485635475744561186704011129075224842813204007E-77
PP 75 g=84 W=1 e=-240 -280.00000000000000000000000000000000000000000000000 
-4.1076584021721443563284012619282483853438064012605E-77
PP 75 g=84 W=1 e=-216 542.00000000000000000000000000000000000000000000000 
7.9512530499189365754642624427325379459155109624401E-77
PP 75 g=84 W=1 e=-192 -610.00000000000000000000000000000000000000000000000 
-8.9488272333036002048583027492008268394990068027462E-77
PP 75 g=84 W=1 e=-168 512.00000000000000000000000000000000000000000000000 
7.5111467925433496801433623075259399046286745623050E-77
PP 75 g=84 W=1 e=-144 -364.00000000000000000000000000000000000000000000000 
-5.3399559228237876632269216405067229009469483216387E-77
PP 75 g=84 W=1 e=-120 324.00000000000000000000000000000000000000000000000 
4.7531475796563384694657214602312588458978331214586E-77
PP 75 g=84 W=1 e=-96 -527.00000000000000000000000000000000000000000000000 
-7.7311999212311431278038123751292389252720927623725E-77
PP 75 g=84 W=1 e=-72 764.00000000000000000000000000000000000000000000000 
1.1208039354498279600838923443261363451438100323440E-76
PP 75 g=84 W=1 e=-48 -914.00000000000000000000000000000000000000000000000 
-1.3408570641376214077443424119294353657872282324115E-76
PP 75 g=84 W=1 e=-24 808.00000000000000000000000000000000000000000000000 
1.1853528531982473713976243641564373911992127043638E-76
PP 75 g=84 W=1 e=0 -536.00000000000000000000000000000000000000000000000 
-7.8632317984438191964000824156912183376581436824130E-77
PP 76 g=84 W=1 e=-984 1.0000000000000000000000000000000000000000000000000 
6.0668086261847549855151071308551450829840714277927E-79
PP 76 g=84 W=1 e=-960 -8.0000000000000000000000000000000000000000000000000 
-4.8534469009478039884120857046841160663872571422341E-78
PP 76 g=84 W=1 e=-936 27.000000000000000000000000000000000000000000000000 
1.6380383290698838460890789253308891724056992855040E-77
PP 76 g=84 W=1 e=-912 -48.000000000000000000000000000000000000000000000000 
-2.9120681405686823930472514228104696398323542853405E-77
PP 76 g=84 W=1 e=-888 41.000000000000000000000000000000000000000000000000 
2.4873915367357495440611939236506094840234692853950E-77
PP 76 g=84 W=1 e=-840 -10.000000000000000000000000000000000000000000000000 
-6.0668086261847549855151071308551450829840714277927E-78
PP 76 g=84 W=1 e=-816 -87.000000000000000000000000000000000000000000000000 
-5.2781235047807368373981432038439762221961421421796E-77
PP 76 g=84 W=1 e=-792 235.00000000000000000000000000000000000000000000000 
1.4257000271534174215960501757509590945012567855313E-76
PP 76 g=84 W=1 e=-768 -261.00000000000000000000000000000000000000000000000 
-1.5834370514342210512194429611531928666588426426539E-76
PP 76 g=84 W=1 e=-744 108.00000000000000000000000000000000000000000000000 
6.5521533162795353843563157013235566896227971420161E-77
PP 76 g=84 W=1 e=-720 41.000000000000000000000000000000000000000000000000 
2.4873915367357495440611939236506094840234692853950E-77
PP 76 g=84 W=1 e=-696 39.000000000000000000000000000000000000000000000000 
2.3660553642120544443508917810335065823637878568391E-77
PP 76 g=84 W=1 e=-672 -330.00000000000000000000000000000000000000000000000 
-2.0020468466409691452199853531821978773847435711716E-76
PP 76 g=84 W=1 e=-648 590.00000000000000000000000000000000000000000000000 
3.5794170894490054414539132072045355989606021423977E-76
PP 76 g=84 W=1 e=-624 -597.00000000000000000000000000000000000000000000000 
-3.6218847498322987263525189571205216145414906423922E-76
PP 76 g=84 W=1 e=-600 309.00000000000000000000000000000000000000000000000 
1.8746438654910892905241681034342398306420780711879E-76
PP 76 g=84 W=1 e=-576 12.000000000000000000000000000000000000000000000000 
7.2801703514217059826181285570261740995808857133512E-78
PP 76 g=84 W=1 e=-552 54.000000000000000000000000000000000000000000000000 
3.2760766581397676921781578506617783448113985710080E-77
PP 76 g=84 W=1 e=-528 -609.00000000000000000000000000000000000000000000000 
-3.6946864533465157861787002426907833555372994995257E-76
PP 76 g=84 W=1 e=-504 1216.0000000000000000000000000000000000000000000000 
7.3772392894406620623863702711198564209086308561959E-76
PP 76 g=84 W=1 e=-480 -1266.0000000000000000000000000000000000000000000000 
-7.6805797207498998116621256276626136750578344275855E-76
PP 76 g=84 W=1 e=-456 744.00000000000000000000000000000000000000000000000 
4.5137056178814577092232397053562279417401491422777E-76
PP 76 g=84 W=1 e=-432 -267.00000000000000000000000000000000000000000000000 
-1.6198379031913295811325336039383237371567470712206E-76
PP 76 g=84 W=1 e=-408 363.00000000000000000000000000000000000000000000000 
2.2022515313050660597419838885004176651232179282887E-76
PP 76 g=84 W=1 e=-384 -1154.0000000000000000000000000000000000000000000000 
-7.0010971546172072532844336290068374257636184276727E-76
PP 76 g=84 W=1 e=-360 2115.0000000000000000000000000000000000000000000000 
1.2831300244380756794364451581758631850511311069782E-75
PP 76 g=84 W=1 e=-336 -2400.0000000000000000000000000000000000000000000000 
-1.4560340702843411965236257114052348199161771426702E-75
PP 76 g=84 W=1 e=-312 1787.0000000000000000000000000000000000000000000000 
1.0841387014992157159115496442838144263292535641465E-75
PP 76 g=84 W=1 e=-288 -880.00000000000000000000000000000000000000000000000 
-5.3387915910425843872532942751525276730259828564576E-76
PP 76 g=84 W=1 e=-264 755.00000000000000000000000000000000000000000000000 
4.5804405127694900140639058837956345376529739279835E-76
PP 76 g=84 W=1 e=-240 -1757.0000000000000000000000000000000000000000000000 
-1.0659382756206614509550043228912489910803013498632E-75
PP 76 g=84 W=1 e=-216 3068.0000000000000000000000000000000000000000000000 
1.8612968865134828295560348677463585114595131140468E-75
PP 76 g=84 W=1 e=-192 -3837.0000000000000000000000000000000000000000000000 
-2.3278344698670904879421466061091191683409882068440E-75
PP 76 g=84 W=1 e=-168 3226.0000000000000000000000000000000000000000000000 
1.9571524628072019583271735604138698037706614426059E-75
PP 76 g=84 W=1 e=-144 -1484.0000000000000000000000000000000000000000000000 
-9.0031440012581763985044189821890353031483619988443E-76
PP 76 g=84 W=1 e=-120 619.00000000000000000000000000000000000000000000000 
3.7553545396083633360338513139993348063671402138037E-76
PP 76 g=84 W=1 e=-96 -1898.0000000000000000000000000000000000000000000000 
-1.1514802772498664962507673334363065367503767569950E-75
PP 76 g=84 W=1 e=-72 4624.0000000000000000000000000000000000000000000000 
2.8052923087478307053021855373074190863718346282113E-75
PP 76 g=84 W=1 e=-48 -6171.0000000000000000000000000000000000000000000000 
-3.7438276032186123015613726104507100307094704780908E-75
PP 76 g=84 W=1 e=-24 4827.0000000000000000000000000000000000000000000000 
2.9284485238593812315081422120637785315564112781955E-75
PP 76 g=84 W=1 e=0 -2416.0000000000000000000000000000000000000000000000 
-1.4657409640862368045004498828146030520489516569547E-75
PP 77 g=84 W=1 e=-1272 1.0000000000000000000000000000000000000000000000000 
5.1927472815290856047037471356160235691232620078627E-79
PP 77 g=84 W=1 e=-1248 -8.0000000000000000000000000000000000000000000000000 
-4.1541978252232684837629977084928188552986096062902E-78
PP 77 g=84 W=1 e=-1224 26.000000000000000000000000000000000000000000000000 
1.3501142931975622572229742552601661279720481220443E-77
PP 77 g=84 W=1 e=-1200 -40.000000000000000000000000000000000000000000000000 
-2.0770989126116342418814988542464094276493048031451E-77
PP 77 g=84 W=1 e=-1176 15.000000000000000000000000000000000000000000000000 
7.7891209222936284070556207034240353536848930117941E-78
PP 77 g=84 W=1 e=-1152 40.000000000000000000000000000000000000000000000000 
2.0770989126116342418814988542464094276493048031451E-77
PP 77 g=84 W=1 e=-1128 -23.000000000000000000000000000000000000000000000000 
-1.1943318747516896890818618411916854208983502618084E-77
PP 77 g=84 W=1 e=-1104 -143.00000000000000000000000000000000000000000000000 
-7.4256286125865924147263584039309137038462646712437E-77
PP 77 g=84 W=1 e=-1080 313.00000000000000000000000000000000000000000000000 
1.6253298991186037942722728534478153771355810084610E-76
PP 77 g=84 W=1 e=-1056 -222.00000000000000000000000000000000000000000000000 
-1.1527898964994570042442318641067572323453641657455E-76
PP 77 g=84 W=1 e=-1032 -97.000000000000000000000000000000000000000000000000 
-5.0369648630832130365626347215475428620495641476268E-77
PP 77 g=84 W=1 e=-1008 223.00000000000000000000000000000000000000000000000 
1.1579826437809860898489356112423732559144874277534E-76
PP 77 g=84 W=1 e=-984 131.00000000000000000000000000000000000000000000000 
6.8024989388031021421619087476569908755514732303002E-77
PP 77 g=84 W=1 e=-960 -687.00000000000000000000000000000000000000000000000 
-3.5674173824104818104314742821682081919876809994017E-76
PP 77 g=84 W=1 e=-936 907.00000000000000000000000000000000000000000000000 
4.7098217843468806434662986520037333771947986411315E-76
PP 77 g=84 W=1 e=-912 -583.00000000000000000000000000000000000000000000000 
-3.0273716651314569075422845800641417407988617505840E-76
PP 77 g=84 W=1 e=-888 -42.000000000000000000000000000000000000000000000000 
-2.1809538582422159539755737969587298990317700433023E-77
PP 77 g=84 W=1 e=-864 407.00000000000000000000000000000000000000000000000 
2.1134481435823378411144250841957215926331676372001E-76
PP 77 g=84 W=1 e=-840 120.00000000000000000000000000000000000000000000000 
6.2312967378349027256444965627392282829479144094353E-77
PP 77 g=84 W=1 e=-816 -1469.0000000000000000000000000000000000000000000000 
-7.6281457565662267533098045422199386230420718895503E-76
PP 77 g=84 W=1 e=-792 2451.0000000000000000000000000000000000000000000000 
1.2727423587027788817128884229394873767921115181271E-75
PP 77 g=84 W=1 e=-768 -1861.0000000000000000000000000000000000000000000000 
-9.6637026909256283103536734193814198621383905966326E-76
PP 77 g=84 W=1 e=-744 137.00000000000000000000000000000000000000000000000 
7.1140637756948472784441335757939522896988689507719E-77
PP 77 g=84 W=1 e=-720 758.00000000000000000000000000000000000000000000000 
3.9361024393990468883654403287969458653954326019599E-76
PP 77 g=84 W=1 e=-696 436.00000000000000000000000000000000000000000000000 
2.2640378147466813236508337511285862761377422354282E-76
PP 77 g=84 W=1 e=-672 -2968.0000000000000000000000000000000000000000000000 
-1.5412073931578326074760721498508357953157841639337E-75
PP 77 g=84 W=1 e=-648 4876.0000000000000000000000000000000000000000000000 
2.5319835744735821408535471033263730923045025550339E-75
PP 77 g=84 W=1 e=-624 -4381.0000000000000000000000000000000000000000000000 
-2.2749425840378924034207116201133799256329010856447E-75
PP 77 g=84 W=1 e=-600 1716.0000000000000000000000000000000000000000000000 
8.9107543351039108976716300847170964446155176054924E-76
PP 77 g=84 W=1 e=-576 433.00000000000000000000000000000000000000000000000 
2.2484595729020940668367225097217382054303724494046E-76
PP 77 g=84 W=1 e=-552 685.00000000000000000000000000000000000000000000000 
3.5570318878474236392220667878969761448494344753860E-76
PP 77 g=84 W=1 e=-528 -4988.0000000000000000000000000000000000000000000000 
-2.5901423440267078996262290712452725562786830895219E-75
PP 77 g=84 W=1 e=-504 8888.0000000000000000000000000000000000000000000000 
4.6153137838230512854606904541355217482367552725884E-75
PP 77 g=84 W=1 e=-480 -8868.0000000000000000000000000000000000000000000000 
-4.6049282892599931142512829598642897010985087485727E-75
PP 77 g=84 W=1 e=-456 4962.0000000000000000000000000000000000000000000000 
2.5766412010947322770539993286926708949989626083015E-75
PP 77 g=84 W=1 e=-432 -443.00000000000000000000000000000000000000000000000 
-2.3003870457173849228837599810778984411216050694832E-76
PP 77 g=84 W=1 e=-408 540.00000000000000000000000000000000000000000000000 
2.8040835320257062265400234532326527273265614842459E-76
PP 77 g=84 W=1 e=-384 -7329.0000000000000000000000000000000000000000000000 
-3.8057644826326668396873762756929836738104387255626E-75
PP 77 g=84 W=1 e=-360 15315.000000000000000000000000000000000000000000000 
7.9526924616617946036037887381959400961122757650418E-75
PP 77 g=84 W=1 e=-336 -16697.000000000000000000000000000000000000000000000 
-8.6703301359691142341738465923380745533651105745284E-75
PP 77 g=84 W=1 e=-312 9554.0000000000000000000000000000000000000000000000 
4.9611507527728883867339600133675489179403645223120E-75
PP 77 g=84 W=1 e=-288 -1357.0000000000000000000000000000000000000000000000 
-7.0465580610349691655829848630309439833002665446697E-76
PP 77 g=84 W=1 e=-264 1610.0000000000000000000000000000000000000000000000 
8.3603231232618278235730328883417979462884518326590E-76
PP 77 g=84 W=1 e=-240 -11051.000000000000000000000000000000000000000000000 
-5.7385050208177925017581109595692676462381168448891E-75
PP 77 g=84 W=1 e=-216 23312.000000000000000000000000000000000000000000000 
1.2105332462700604361685375322548074144340148392730E-74
PP 77 g=84 W=1 e=-192 -28390.000000000000000000000000000000000000000000000 
-1.4742209532261074031753938118013890912740940840322E-74
PP 77 g=84 W=1 e=-168 19582.000000000000000000000000000000000000000000000 
1.0168437726690255431130877640963297353057171663797E-74
PP 77 g=84 W=1 e=-144 -5147.0000000000000000000000000000000000000000000000 
-2.6727070258030203607410186507015673310277429554469E-75
PP 77 g=84 W=1 e=-120 489.00000000000000000000000000000000000000000000000 
2.5392534206677228607001323493162355253012751218449E-76
PP 77 g=84 W=1 e=-96 -13075.000000000000000000000000000000000000000000000 
-6.7895170705992794281501493798179508166286650752805E-75
PP 77 g=84 W=1 e=-72 33954.000000000000000000000000000000000000000000000 
1.7631454119703857262211103024270646426601123821497E-74
PP 77 g=84 W=1 e=-48 -43042.000000000000000000000000000000000000000000000 
-2.2350622849157490259765868421118488646220344334243E-74
PP 77 g=84 W=1 e=-24 32925.000000000000000000000000000000000000000000000 
1.7097120424434514353487087444015757601338340160888E-74
PP 77 g=84 W=1 e=0 -12218.000000000000000000000000000000000000000000000 
-6.3444986285722367918270382502956575967548015212067E-75
PP 78 g=84 W=1 e=-696 1.0000000000000000000000000000000000000000000000000 
1.4191891193291407499714886800885026607000865581961E-79
PP 78 g=84 W=1 e=-672 -8.0000000000000000000000000000000000000000000000000 
-1.1353512954633125999771909440708021285600692465569E-78
PP 78 g=84 W=1 e=-648 25.000000000000000000000000000000000000000000000000 
3.5479727983228518749287217002212566517502163954902E-78
PP 78 g=84 W=1 e=-624 -37.000000000000000000000000000000000000000000000000 
-5.2509997415178207748945081163274598445903202653256E-78
PP 78 g=84 W=1 e=-600 26.000000000000000000000000000000000000000000000000 
3.6898917102557659499258705682301069178202250513099E-78
PP 78 g=84 W=1 e=-576 -21.000000000000000000000000000000000000000000000000 
-2.9802971505911955749401262281858555874701817722118E-78
PP 78 g=84 W=1 e=-552 56.000000000000000000000000000000000000000000000000 
7.9474590682431881998403366084956148999204847258981E-78
PP 78 g=84 W=1 e=-528 -88.000000000000000000000000000000000000000000000000 
-1.2488864250096438599749100384778823414160761712126E-77
PP 78 g=84 W=1 e=-504 66.000000000000000000000000000000000000000000000000 
9.3666481875723289498118252885841175606205712840943E-78
PP 78 g=84 W=1 e=-480 -27.000000000000000000000000000000000000000000000000 
-3.8318106221886800249230194362389571838902337071295E-78
PP 78 g=84 W=1 e=-456 55.000000000000000000000000000000000000000000000000 
7.8055401563102741248431877404867646338504760700786E-78
PP 78 g=84 W=1 e=-432 -131.00000000000000000000000000000000000000000000000 
-1.8591377463211743824626501709159384855171133912369E-77
PP 78 g=84 W=1 e=-408 104.00000000000000000000000000000000000000000000000 
1.4759566841023063799703482272920427671280900205239E-77
PP 78 g=84 W=1 e=-384 1.0000000000000000000000000000000000000000000000000 
1.4191891193291407499714886800885026607000865581961E-79
PP 78 g=84 W=1 e=-360 1.0000000000000000000000000000000000000000000000000 
1.4191891193291407499714886800885026607000865581961E-79
PP 78 g=84 W=1 e=-336 -94.000000000000000000000000000000000000000000000000 
-1.3340377721693923049731993592831925010580813647043E-77
PP 78 g=84 W=1 e=-312 180.00000000000000000000000000000000000000000000000 
2.5545404147924533499486796241593047892601558047530E-77
PP 78 g=84 W=1 e=-288 -153.00000000000000000000000000000000000000000000000 
-2.1713593525735853474563776805354090708711324340400E-77
PP 78 g=84 W=1 e=-264 55.000000000000000000000000000000000000000000000000 
7.8055401563102741248431877404867646338504760700786E-78
PP 78 g=84 W=1 e=-240 -143.00000000000000000000000000000000000000000000000 
-2.0294404406406712724592288125265588048011237782204E-77
PP 78 g=84 W=1 e=-216 277.00000000000000000000000000000000000000000000000 
3.9311538605417198774210236438451523701392397662032E-77
PP 78 g=84 W=1 e=-192 -309.00000000000000000000000000000000000000000000000 
-4.3852943787270449174119000214734732215632674648259E-77
PP 78 g=84 W=1 e=-168 296.00000000000000000000000000000000000000000000000 
4.2007997932142566199156064930619678756722562122604E-77
PP 78 g=84 W=1 e=-144 -152.00000000000000000000000000000000000000000000000 
-2.1571674613802939399566627937345240442641315684581E-77
PP 78 g=84 W=1 e=-120 246.00000000000000000000000000000000000000000000000 
3.4912052335496862449298621530177165453222129331624E-77
PP 78 g=84 W=1 e=-96 -488.00000000000000000000000000000000000000000000000 
-6.9256429023262068598608647588318929842164224039969E-77
PP 78 g=84 W=1 e=-72 355.00000000000000000000000000000000000000000000000 
5.0381213736184496623987848143141844454853072815962E-77
PP 78 g=84 W=1 e=-48 -193.00000000000000000000000000000000000000000000000 
-2.7390350003052416474449731525708101351511670573185E-77
PP 78 g=84 W=1 e=-24 71.000000000000000000000000000000000000000000000000 
1.0076242747236899324797569628628368890970614563192E-77
PP 78 g=84 W=1 e=0 -118.00000000000000000000000000000000000000000000000 
-1.6746431608083860849663566425044331396261021386714E-77
PP 79 g=84 W=1 e=-720 1.0000000000000000000000000000000000000000000000000 
3.1172073591073767288476007513331490544277014722436E-79
PP 79 g=84 W=1 e=-696 -8.0000000000000000000000000000000000000000000000000 
-2.4937658872859013830780806010665192435421611777949E-78
PP 79 g=84 W=1 e=-672 25.000000000000000000000000000000000000000000000000 
7.7930183977684418221190018783328726360692536806090E-78
PP 79 g=84 W=1 e=-648 -37.000000000000000000000000000000000000000000000000 
-1.1533667228697293896736122779932651501382495447301E-77
PP 79 g=84 W=1 e=-624 24.000000000000000000000000000000000000000000000000 
7.4812976618577041492342418031995577306264835333846E-78
PP 79 g=84 W=1 e=-600 -5.0000000000000000000000000000000000000000000000000 
-1.5586036795536883644238003756665745272138507361218E-78
PP 79 g=84 W=1 e=-576 7.0000000000000000000000000000000000000000000000000 
2.1820451513751637101933205259332043380993910305705E-78
PP 79 g=84 W=1 e=-552 -22.000000000000000000000000000000000000000000000000 
-6.8578561900362288034647216529329279197409432389359E-78
PP 79 g=84 W=1 e=-528 38.000000000000000000000000000000000000000000000000 
1.1845387964608031569620882855065966406825265594526E-77
PP 79 g=84 W=1 e=-504 -14.000000000000000000000000000000000000000000000000 
-4.3640903027503274203866410518664086761987820611410E-78
PP 79 g=84 W=1 e=-480 -58.000000000000000000000000000000000000000000000000 
-1.8079802682822785027316084357732264515680668539013E-77
PP 79 g=84 W=1 e=-456 77.000000000000000000000000000000000000000000000000 
2.4002496665126800812126525785265247719093301336276E-77
PP 79 g=84 W=1 e=-432 -43.000000000000000000000000000000000000000000000000 
-1.3403991644161719934044683230732540934039116330647E-77
PP 79 g=84 W=1 e=-408 22.000000000000000000000000000000000000000000000000 
6.8578561900362288034647216529329279197409432389359E-78
PP 79 g=84 W=1 e=-384 -28.000000000000000000000000000000000000000000000000 
-8.7281806055006548407732821037328173523975641222820E-78
PP 79 g=84 W=1 e=-360 102.00000000000000000000000000000000000000000000000 
3.1795515062895242634245527663598120355162555016885E-77
PP 79 g=84 W=1 e=-336 -76.000000000000000000000000000000000000000000000000 
-2.3690775929216063139241765710131932813650531189051E-77
PP 79 g=84 W=1 e=-312 -74.000000000000000000000000000000000000000000000000 
-2.3067334457394587793472245559865303002764990894603E-77
PP 79 g=84 W=1 e=-288 81.000000000000000000000000000000000000000000000000 
2.5249379608769751503665566085798507340864381925173E-77
PP 79 g=84 W=1 e=-264 -46.000000000000000000000000000000000000000000000000 
-1.4339153851893932952698963456132485650367426772321E-77
PP 79 g=84 W=1 e=-240 -10.000000000000000000000000000000000000000000000000 
-3.1172073591073767288476007513331490544277014722436E-78
PP 79 g=84 W=1 e=-216 30.000000000000000000000000000000000000000000000000 
9.3516220773221301865428022539994471632831044167308E-78
PP 79 g=84 W=1 e=-192 172.00000000000000000000000000000000000000000000000 
5.3615966576646879736178732922930163736156465322590E-77
PP 79 g=84 W=1 e=-168 -134.00000000000000000000000000000000000000000000000 
-4.1770578612038848166557850067864197329331199728064E-77
PP 79 g=84 W=1 e=-144 -94.000000000000000000000000000000000000000000000000 
-2.9301749175609341251167447062531601111620393839090E-77
PP 79 g=84 W=1 e=-120 170.00000000000000000000000000000000000000000000000 
5.2992525104825404390409212772663533925270925028141E-77
PP 79 g=84 W=1 e=-96 -225.00000000000000000000000000000000000000000000000 
-7.0137165579915976399071016904995853724623283125481E-77
PP 79 g=84 W=1 e=-72 21.000000000000000000000000000000000000000000000000 
6.5461354541254911305799615777996130142981730917116E-78
PP 79 g=84 W=1 e=-48 39.000000000000000000000000000000000000000000000000 
1.2157108700518769242505642930199281312268035741750E-77
PP 79 g=84 W=1 e=-24 309.00000000000000000000000000000000000000000000000 
9.6321707396417940921390863216194305781815975492327E-77
PP 79 g=84 W=1 e=0 -302.00000000000000000000000000000000000000000000000 
-9.4139662245042777211197542690261101443716584461757E-77
PP 80 g=84 W=1 e=-984 1.0000000000000000000000000000000000000000000000000 
6.0195076076707379169280718487500817504307796301548E-79
PP 80 g=84 W=1 e=-960 -8.0000000000000000000000000000000000000000000000000 
-4.8156060861365903335424574790000654003446237041238E-78
PP 80 g=84 W=1 e=-936 24.000000000000000000000000000000000000000000000000 
1.4446818258409771000627372437000196201033871112371E-77
PP 80 g=84 W=1 e=-912 -29.000000000000000000000000000000000000000000000000 
-1.7456572062245139959091408361375237076249260927449E-77
PP 80 g=84 W=1 e=-888 2.0000000000000000000000000000000000000000000000000 
1.2039015215341475833856143697500163500861559260310E-78
PP 80 g=84 W=1 e=-864 8.0000000000000000000000000000000000000000000000000 
4.8156060861365903335424574790000654003446237041238E-78
PP 80 g=84 W=1 e=-840 56.000000000000000000000000000000000000000000000000 
3.3709242602956132334797202353000457802412365928867E-77
PP 80 g=84 W=1 e=-816 -112.00000000000000000000000000000000000000000000000 
-6.7418485205912264669594404706000915604824731857733E-77
PP 80 g=84 W=1 e=-792 61.000000000000000000000000000000000000000000000000 
3.6718996406791501293261238277375498677627755743944E-77
PP 80 g=84 W=1 e=-768 3.0000000000000000000000000000000000000000000000000 
1.8058522823012213750784215546250245251292338890464E-78
PP 80 g=84 W=1 e=-744 70.000000000000000000000000000000000000000000000000 
4.2136553253695165418496502941250572253015457411083E-77
PP 80 g=84 W=1 e=-720 -205.00000000000000000000000000000000000000000000000 
-1.2339990595725012729702547289937667588383098241817E-76
PP 80 g=84 W=1 e=-696 148.00000000000000000000000000000000000000000000000 
8.9088712593526921170535463361501209906375538526290E-77
PP 80 g=84 W=1 e=-672 38.000000000000000000000000000000000000000000000000 
2.2874128909148804084326673025250310651636962594588E-77
PP 80 g=84 W=1 e=-648 42.000000000000000000000000000000000000000000000000 
2.5281931952217099251097901764750343351809274446650E-77
PP 80 g=84 W=1 e=-624 -306.00000000000000000000000000000000000000000000000 
-1.8419693279472458025799899857175250156318185668273E-76
PP 80 g=84 W=1 e=-600 334.00000000000000000000000000000000000000000000000 
2.0105155409620264642539759974825273046438803964717E-76
PP 80 g=84 W=1 e=-576 -143.00000000000000000000000000000000000000000000000 
-8.6078958789691552212071427437126169031160148711213E-77
PP 80 g=84 W=1 e=-552 27.000000000000000000000000000000000000000000000000 
1.6252670540710992375705793991625220726163105001418E-77
PP 80 g=84 W=1 e=-528 -240.00000000000000000000000000000000000000000000000 
-1.4446818258409771000627372437000196201033871112371E-76
PP 80 g=84 W=1 e=-504 506.00000000000000000000000000000000000000000000000 
3.0458708494813933859656043554675413657179744928583E-76
PP 80 g=84 W=1 e=-480 -381.00000000000000000000000000000000000000000000000 
-2.2934323985225511463495953743737811469141270390890E-76
PP 80 g=84 W=1 e=-456 312.00000000000000000000000000000000000000000000000 
1.8780863735932702300815584168100255061344032446083E-76
PP 80 g=84 W=1 e=-432 -468.00000000000000000000000000000000000000000000000 
-2.8171295603899053451223376252150382592016048669124E-76
PP 80 g=84 W=1 e=-408 597.00000000000000000000000000000000000000000000000 
3.5936460417794305364060588937037988050071754392024E-76
PP 80 g=84 W=1 e=-384 -846.00000000000000000000000000000000000000000000000 
-5.0925034360894442777211487840425691608644395671109E-76
PP 80 g=84 W=1 e=-360 677.00000000000000000000000000000000000000000000000 
4.0752066503930895697603046416038053450416378096147E-76
PP 80 g=84 W=1 e=-336 -374.00000000000000000000000000000000000000000000000 
-2.2512958452688559809310988714325305746611115816779E-76
PP 80 g=84 W=1 e=-312 765.00000000000000000000000000000000000000000000000 
4.6049233198681145064499749642938125390795464170684E-76
PP 80 g=84 W=1 e=-288 -987.00000000000000000000000000000000000000000000000 
-5.9412540087710183240080069147163306876751794949627E-76
PP 80 g=84 W=1 e=-264 1066.0000000000000000000000000000000000000000000000 
6.4167951097770066194453245907675871459592110857449E-76
PP 80 g=84 W=1 e=-240 -1025.0000000000000000000000000000000000000000000000 
-6.1699952978625063648512736449688337941915491209086E-76
PP 80 g=84 W=1 e=-216 559.00000000000000000000000000000000000000000000000 
3.3649047526879424955627921634512956984908058132565E-76
PP 80 g=84 W=1 e=-192 -1136.0000000000000000000000000000000000000000000000 
-6.8381606423139582736302896201800928684893656598558E-76
PP 80 g=84 W=1 e=-168 1452.0000000000000000000000000000000000000000000000 
8.7403250463379114553795603243851187016254920229847E-76
PP 80 g=84 W=1 e=-144 -780.00000000000000000000000000000000000000000000000 
-4.6952159339831755752038960420250637653360081115207E-76
PP 80 g=84 W=1 e=-120 1341.0000000000000000000000000000000000000000000000 
8.0721597018864595466005443491738596273276754840375E-76
PP 80 g=84 W=1 e=-96 -1553.0000000000000000000000000000000000000000000000 
-9.3482953147126559849892955811088769584190007656303E-76
PP 80 g=84 W=1 e=-72 1564.0000000000000000000000000000000000000000000000 
9.4145098983970341020755043714451278576737393415620E-76
PP 80 g=84 W=1 e=-48 -2326.0000000000000000000000000000000000000000000000 
-1.4001374695442136394774695120192690151501993419740E-75
PP 80 g=84 W=1 e=-24 1595.0000000000000000000000000000000000000000000000 
9.6011146342348269775002745987563803919370935100968E-76
PP 80 g=84 W=1 e=0 -1922.0000000000000000000000000000000000000000000000 
-1.1569493621943158276335754093297657124327958449157E-75
PP 81 g=84 W=1 e=-1008 1.0000000000000000000000000000000000000000000000000 
7.7219676040143243650301098601235658977341158027565E-79
PP 81 g=84 W=1 e=-984 -8.0000000000000000000000000000000000000000000000000 
-6.1775740832114594920240878880988527181872926422052E-78
PP 81 g=84 W=1 e=-960 24.000000000000000000000000000000000000000000000000 
1.8532722249634378476072263664296558154561877926616E-77
PP 81 g=84 W=1 e=-936 -29.000000000000000000000000000000000000000000000000 
-2.2393706051641540658587318594358341103428935827994E-77
PP 81 g=84 W=1 e=-888 24.000000000000000000000000000000000000000000000000 
1.8532722249634378476072263664296558154561877926616E-77
PP 81 g=84 W=1 e=-864 9.0000000000000000000000000000000000000000000000000 
6.9497708436128919285270988741112093079607042224809E-78
PP 81 g=84 W=1 e=-840 -62.000000000000000000000000000000000000000000000000 
-4.7876199144888811063186681132766108565951517977090E-77
PP 81 g=84 W=1 e=-816 80.000000000000000000000000000000000000000000000000 
6.1775740832114594920240878880988527181872926422052E-77
PP 81 g=84 W=1 e=-792 -34.000000000000000000000000000000000000000000000000 
-2.6254689853648702841102373524420124052295993729372E-77
PP 81 g=84 W=1 e=-768 -66.000000000000000000000000000000000000000000000000 
-5.0964986186494540809198725076815534925045164298193E-77
PP 81 g=84 W=1 e=-744 72.000000000000000000000000000000000000000000000000 
5.5598166748903135428216790992889674463685633779847E-77
PP 81 g=84 W=1 e=-720 37.000000000000000000000000000000000000000000000000 
2.8571280134853000150611406482457193821616228470199E-77
PP 81 g=84 W=1 e=-696 -70.000000000000000000000000000000000000000000000000 
-5.4053773228100270555210769020864961284138810619296E-77
PP 81 g=84 W=1 e=-672 21.000000000000000000000000000000000000000000000000 
1.6216131968430081166563230706259488385241643185789E-77
PP 81 g=84 W=1 e=-648 74.000000000000000000000000000000000000000000000000 
5.7142560269706000301222812964914387643232456940398E-77
PP 81 g=84 W=1 e=-624 -108.00000000000000000000000000000000000000000000000 
-8.3397250123354703142325186489334511695528450669770E-77
PP 81 g=84 W=1 e=-600 -65.000000000000000000000000000000000000000000000000 
-5.0192789426093108372695714090803178335271752717917E-77
PP 81 g=84 W=1 e=-576 63.000000000000000000000000000000000000000000000000 
4.8648395905290243499689692118778465155724929557366E-77
PP 81 g=84 W=1 e=-552 114.00000000000000000000000000000000000000000000000 
8.8030430685763297761343252405408651234168920151425E-77
PP 81 g=84 W=1 e=-528 -35.000000000000000000000000000000000000000000000000 
-2.7026886614050135277605384510432480642069405309648E-77
PP 81 g=84 W=1 e=-504 -46.000000000000000000000000000000000000000000000000 
-3.5521050978465892079138505356568403129576932692680E-77
PP 81 g=84 W=1 e=-480 164.00000000000000000000000000000000000000000000000 
1.2664026870583491958649380170602648072283949916521E-76
PP 81 g=84 W=1 e=-456 -202.00000000000000000000000000000000000000000000000 
-1.5598374560108935217360821917449603113422913921568E-76
PP 81 g=84 W=1 e=-432 -196.00000000000000000000000000000000000000000000000 
-1.5135056503868075755459015325842189159558866973403E-76
PP 81 g=84 W=1 e=-408 158.00000000000000000000000000000000000000000000000 
1.2200708814342632496747573578995234118419902968355E-76
PP 81 g=84 W=1 e=-384 145.00000000000000000000000000000000000000000000000 
1.1196853025820770329293659297179170551714467913997E-76
PP 81 g=84 W=1 e=-360 -53.000000000000000000000000000000000000000000000000 
-4.0926428301275919134659582258654899257990813754609E-77
PP 81 g=84 W=1 e=-336 119.00000000000000000000000000000000000000000000000 
9.1891414487770459943858307335470434183035978052803E-77
PP 81 g=84 W=1 e=-312 266.00000000000000000000000000000000000000000000000 
2.0540433826678102810980092227928685287972748035332E-76
PP 81 g=84 W=1 e=-288 -567.00000000000000000000000000000000000000000000000 
-4.3783556314761219149720722906900618640152436601630E-76
PP 81 g=84 W=1 e=-264 -95.000000000000000000000000000000000000000000000000 
-7.3358692238136081467786043671173876028474100126187E-77
PP 81 g=84 W=1 e=-240 -53.000000000000000000000000000000000000000000000000 
-4.0926428301275919134659582258654899257990813754609E-77
PP 81 g=84 W=1 e=-216 380.00000000000000000000000000000000000000000000000 
2.9343476895254432587114417468469550411389640050475E-76
PP 81 g=84 W=1 e=-192 -71.000000000000000000000000000000000000000000000000 
-5.4825969988501702991713780006877317873912222199571E-77
PP 81 g=84 W=1 e=-168 338.00000000000000000000000000000000000000000000000 
2.6100250501568416353801771327217652734341311413317E-76
PP 81 g=84 W=1 e=-144 23.000000000000000000000000000000000000000000000000 
1.7760525489232946039569252678284201564788466346340E-77
PP 81 g=84 W=1 e=-120 -228.00000000000000000000000000000000000000000000000 
-1.7606086137152659552268650481081730246833784030285E-76
PP 81 g=84 W=1 e=-96 -452.00000000000000000000000000000000000000000000000 
-3.4903293570144746129936096567758517857758203428459E-76
PP 81 g=84 W=1 e=-72 -296.00000000000000000000000000000000000000000000000 
-2.2857024107882400120489125185965755057292982776159E-76
PP 81 g=84 W=1 e=-48 591.00000000000000000000000000000000000000000000000 
4.5636828539724656997327949273330274455608624394291E-76
PP 81 g=84 W=1 e=-24 79.000000000000000000000000000000000000000000000000 
6.1003544071713162483737867894976170592099514841776E-77
PP 81 g=84 W=1 e=0 327.00000000000000000000000000000000000000000000000 
2.5250834065126840673648459242604060485590558675014E-76
PP 82 g=84 W=1 e=-696 1.0000000000000000000000000000000000000000000000000 
1.4926824622196519276632635052788566785988644432979E-79
PP 82 g=84 W=1 e=-672 -8.0000000000000000000000000000000000000000000000000 
-1.1941459697757215421306108042230853428790915546383E-78
PP 82 g=84 W=1 e=-648 24.000000000000000000000000000000000000000000000000 
3.5824379093271646263918324126692560286372746639149E-78
PP 82 g=84 W=1 e=-624 -30.000000000000000000000000000000000000000000000000 
-4.4780473866589557829897905158365700357965933298937E-78
PP 82 g=84 W=1 e=-600 9.0000000000000000000000000000000000000000000000000 
1.3434142159976867348969371547509710107389779989681E-78
PP 82 g=84 W=1 e=-576 -8.0000000000000000000000000000000000000000000000000 
-1.1941459697757215421306108042230853428790915546383E-78
PP 82 g=84 W=1 e=-552 60.000000000000000000000000000000000000000000000000 
8.9560947733179115659795810316731400715931866597874E-78
PP 82 g=84 W=1 e=-528 -77.000000000000000000000000000000000000000000000000 
-1.1493654959091319843007128990647196425211256213394E-77
PP 82 g=84 W=1 e=-504 26.000000000000000000000000000000000000000000000000 
3.8809744017710950119244851137250273643570475525745E-78
PP 82 g=84 W=1 e=-480 -24.000000000000000000000000000000000000000000000000 
-3.5824379093271646263918324126692560286372746639149E-78
PP 82 g=84 W=1 e=-456 102.00000000000000000000000000000000000000000000000 
1.5225361114640449662165287753844338121708417321639E-77
PP 82 g=84 W=1 e=-432 -147.00000000000000000000000000000000000000000000000 
-2.1942432194628883336649973527599193175403307316479E-77
PP 82 g=84 W=1 e=-408 62.000000000000000000000000000000000000000000000000 
9.2546312657618419515122337327289114073129595484469E-78
PP 82 g=84 W=1 e=-384 28.000000000000000000000000000000000000000000000000 
4.1795108942150253974571378147807987000768204412341E-78
PP 82 g=84 W=1 e=-360 93.000000000000000000000000000000000000000000000000 
1.3881946898642762927268350599093367110969439322670E-77
PP 82 g=84 W=1 e=-336 -206.00000000000000000000000000000000000000000000000 
-3.0749258721724829709863228208744447579136607531937E-77
PP 82 g=84 W=1 e=-312 112.00000000000000000000000000000000000000000000000 
1.6718043576860101589828551259123194800307281764936E-77
PP 82 g=84 W=1 e=-288 -86.000000000000000000000000000000000000000000000000 
-1.2837069175089006577904066145398167435950234212362E-77
PP 82 g=84 W=1 e=-264 159.00000000000000000000000000000000000000000000000 
2.3733651149292465649845889733933821189721944648437E-77
PP 82 g=84 W=1 e=-240 -230.00000000000000000000000000000000000000000000000 
-3.4331696631051994336255060621413703607773882195852E-77
PP 82 g=84 W=1 e=-216 233.00000000000000000000000000000000000000000000000 
3.4779501369717889914554039672997360611353541528841E-77
PP 82 g=84 W=1 e=-192 -117.00000000000000000000000000000000000000000000000 
-1.7464384807969927553660183011762623139606713986585E-77
PP 82 g=84 W=1 e=-168 230.00000000000000000000000000000000000000000000000 
3.4331696631051994336255060621413703607773882195852E-77
PP 82 g=84 W=1 e=-144 -350.00000000000000000000000000000000000000000000000 
-5.2243886177687817468214222684759983750960255515426E-77
PP 82 g=84 W=1 e=-120 228.00000000000000000000000000000000000000000000000 
3.4033160138608063950722407920357932272054109307192E-77
PP 82 g=84 W=1 e=-96 -367.00000000000000000000000000000000000000000000000 
-5.4781446363461225745241770643734040104578325069033E-77
PP 82 g=84 W=1 e=-72 410.00000000000000000000000000000000000000000000000 
6.1199980951005729034193803716433123822553442175214E-77
PP 82 g=84 W=1 e=-48 -209.00000000000000000000000000000000000000000000000 
-3.1197063460390725288162207260328104582716266864926E-77
PP 82 g=84 W=1 e=-24 248.00000000000000000000000000000000000000000000000 
3.7018525063047367806048934930915645629251838193788E-77
PP 82 g=84 W=1 e=0 -230.00000000000000000000000000000000000000000000000 
-3.4331696631051994336255060621413703607773882195852E-77
PP 83 g=84 W=1 e=-1272 1.0000000000000000000000000000000000000000000000000 
5.0967768639036229345453670920065817890517834863202E-79
PP 83 g=84 W=1 e=-1248 -8.0000000000000000000000000000000000000000000000000 
-4.0774214911228983476362936736052654312414267890561E-78
PP 83 g=84 W=1 e=-1224 23.000000000000000000000000000000000000000000000000 
1.1722586786978332749454344311615138114819102018536E-77
PP 83 g=84 W=1 e=-1200 -21.000000000000000000000000000000000000000000000000 
-1.0703231414197608162545270893213821757008745321272E-77
PP 83 g=84 W=1 e=-1176 -21.000000000000000000000000000000000000000000000000 
-1.0703231414197608162545270893213821757008745321272E-77
PP 83 g=84 W=1 e=-1152 29.000000000000000000000000000000000000000000000000 
1.4780652905320506510181564566819087188250172110328E-77
PP 83 g=84 W=1 e=-1128 79.000000000000000000000000000000000000000000000000 
4.0264537224838621182908400026851996133509089541929E-77
PP 83 g=84 W=1 e=-1104 -157.00000000000000000000000000000000000000000000000 
-8.0019396763286880072362263344503334088113000735226E-77
PP 83 g=84 W=1 e=-1080 31.000000000000000000000000000000000000000000000000 
1.5800008278101231097090637985220403546060528807592E-77
PP 83 g=84 W=1 e=-1056 94.000000000000000000000000000000000000000000000000 
4.7909702520694055584726450664861868817086764771409E-77
PP 83 g=84 W=1 e=-1032 66.000000000000000000000000000000000000000000000000 
3.3638727301763911367999422807243439807741771009713E-77
PP 83 g=84 W=1 e=-1008 -304.00000000000000000000000000000000000000000000000 
-1.5494201666267013721017915959700008638717421798413E-76
PP 83 g=84 W=1 e=-984 173.00000000000000000000000000000000000000000000000 
8.8174239745532676767634850691713864950595854313339E-77
PP 83 g=84 W=1 e=-960 147.00000000000000000000000000000000000000000000000 
7.4922619899383257137816896252496752299061217248906E-77
PP 83 g=84 W=1 e=-936 71.000000000000000000000000000000000000000000000000 
3.6187115733715722835272106353246730702267662752873E-77
PP 83 g=84 W=1 e=-912 -612.00000000000000000000000000000000000000000000000 
-3.1192274407090172359417646603080280548996914936279E-76
PP 83 g=84 W=1 e=-888 458.00000000000000000000000000000000000000000000000 
2.3343238036678593040217781281390144593857168367346E-76
PP 83 g=84 W=1 e=-864 124.00000000000000000000000000000000000000000000000 
6.3200033112404924388362551940881614184242115230370E-77
PP 83 g=84 W=1 e=-840 -65.000000000000000000000000000000000000000000000000 
-3.3129049615373549074544886098042781628836592661081E-77
PP 83 g=84 W=1 e=-816 -600.00000000000000000000000000000000000000000000000 
-3.0580661183421737607272202552039490734310700917921E-76
PP 83 g=84 W=1 e=-792 932.00000000000000000000000000000000000000000000000 
4.7501960371581765749962821297501342273962622092504E-76
PP 83 g=84 W=1 e=-768 -416.00000000000000000000000000000000000000000000000 
-2.1202591753839071407708727102747380242455419303092E-76
PP 83 g=84 W=1 e=-744 186.00000000000000000000000000000000000000000000000 
9.4800049668607386582543827911322421276363172845555E-77
PP 83 g=84 W=1 e=-720 -947.00000000000000000000000000000000000000000000000 
-4.8266476901167309190144626361302329542320389615452E-76
PP 83 g=84 W=1 e=-696 1155.0000000000000000000000000000000000000000000000 
5.8867772778086844893998989912676019663548099266998E-76
PP 83 g=84 W=1 e=-672 -758.00000000000000000000000000000000000000000000000 
-3.8633568628389461843853882557409889961012518826307E-76
PP 83 g=84 W=1 e=-648 791.00000000000000000000000000000000000000000000000 
4.0315504993477657412253853697772061951399607376792E-76
PP 83 g=84 W=1 e=-624 -976.00000000000000000000000000000000000000000000000 
-4.9744542191699359841162782817984238261145406826485E-76
PP 83 g=84 W=1 e=-600 1826.0000000000000000000000000000000000000000000000 
9.3067145534880154784798403100040183468085566460206E-76
PP 83 g=84 W=1 e=-576 -2271.0000000000000000000000000000000000000000000000 
-1.1574780257925127684352528665946947242936600297433E-75
PP 83 g=84 W=1 e=-552 1436.0000000000000000000000000000000000000000000000 
7.3189715765656025340071471441214514490783610863557E-76
PP 83 g=84 W=1 e=-528 -1620.0000000000000000000000000000000000000000000000 
-8.2567785195238691539634946890506624982638892478386E-76
PP 83 g=84 W=1 e=-504 2002.0000000000000000000000000000000000000000000000 
1.0203747281535053114959824918197176741681670539613E-75
PP 83 g=84 W=1 e=-480 -2302.0000000000000000000000000000000000000000000000 
-1.1732780340706139995323435045799151278397205585509E-75
PP 83 g=84 W=1 e=-456 3292.0000000000000000000000000000000000000000000000 
1.6778589435970726700523348466885667249558471236966E-75
PP 83 g=84 W=1 e=-432 -2226.0000000000000000000000000000000000000000000000 
-1.1345425299049464652297987146806651062429270040549E-75
PP 83 g=84 W=1 e=-408 2612.0000000000000000000000000000000000000000000000 
1.3312781168516263105032498844321191633003258466268E-75
PP 83 g=84 W=1 e=-384 -5125.0000000000000000000000000000000000000000000000 
-2.6120981427506067539545006346533731668890390367391E-75
PP 83 g=84 W=1 e=-360 3856.0000000000000000000000000000000000000000000000 
1.9653171587212370035606935506777379378583677123251E-75
PP 83 g=84 W=1 e=-336 -3420.0000000000000000000000000000000000000000000000 
-1.7430976874550390436145155454662509718557099523215E-75
PP 83 g=84 W=1 e=-312 4457.0000000000000000000000000000000000000000000000 
2.2716334482418447419268701129073335033803798998529E-75
PP 83 g=84 W=1 e=-288 -4480.0000000000000000000000000000000000000000000000 
-2.2833560350288230746763244572189486414951990018714E-75
PP 83 g=84 W=1 e=-264 7442.0000000000000000000000000000000000000000000000 
3.7930213421170761878886621898712981674123372705195E-75
PP 83 g=84 W=1 e=-240 -6386.0000000000000000000000000000000000000000000000 
-3.2548017052888536060006714249554031304884689343640E-75
PP 83 g=84 W=1 e=-216 4625.0000000000000000000000000000000000000000000000 
2.3572592995554256072272322800530440774364498624231E-75
PP 83 g=84 W=1 e=-192 -9249.0000000000000000000000000000000000000000000000 
-4.7140089214244608521610100233968874966939945464975E-75
PP 83 g=84 W=1 e=-168 8224.0000000000000000000000000000000000000000000000 
4.1915892928743395013701098964662128633161867391497E-75
PP 83 g=84 W=1 e=-144 -7736.0000000000000000000000000000000000000000000000 
-3.9428665819158427021642959823762916720104597050173E-75
PP 83 g=84 W=1 e=-120 10084.000000000000000000000000000000000000000000000 
5.1395897895604133671955481755794370760798184676052E-75
PP 83 g=84 W=1 e=-96 -5752.0000000000000000000000000000000000000000000000 
-2.9316660521173639119504951513221858450625858613314E-75
PP 83 g=84 W=1 e=-72 10057.000000000000000000000000000000000000000000000 
5.1258284920278735852722756844310193052493786521922E-75
PP 83 g=84 W=1 e=-48 -14161.000000000000000000000000000000000000000000000 
-7.2175457169739204376096943389905204714762305949780E-75
PP 83 g=84 W=1 e=-24 8648.0000000000000000000000000000000000000000000000 
4.4076926319038531137948334611672919311719823589697E-75
PP 83 g=84 W=1 e=0 -11954.000000000000000000000000000000000000000000000 
-6.0926870631103908559555318217846678706325019795471E-75
PP 84 g=84 W=1 e=-1296 1.0000000000000000000000000000000000000000000000000 
6.9035932751124528760678070575772951868482223007366E-79
PP 84 g=84 W=1 e=-1272 -8.0000000000000000000000000000000000000000000000000 
-5.5228746200899623008542456460618361494785778405893E-78
PP 84 g=84 W=1 e=-1248 23.000000000000000000000000000000000000000000000000 
1.5878264532758641614955956232427778929750911291694E-77
PP 84 g=84 W=1 e=-1224 -21.000000000000000000000000000000000000000000000000 
-1.4497545877736151039742394820912319892381266831547E-77
PP 84 g=84 W=1 e=-1200 -23.000000000000000000000000000000000000000000000000 
-1.5878264532758641614955956232427778929750911291694E-77
PP 84 g=84 W=1 e=-1176 45.000000000000000000000000000000000000000000000000 
3.1066169738006037942305131759097828340817000353315E-77
PP 84 g=84 W=1 e=-1152 34.000000000000000000000000000000000000000000000000 
2.3472217135382339778630543995762803635283955822504E-77
PP 84 g=84 W=1 e=-1128 -123.00000000000000000000000000000000000000000000000 
-8.4914197283883170375634026808200730798233134299060E-77
PP 84 g=84 W=1 e=-1104 95.000000000000000000000000000000000000000000000000 
6.5584136113568302322644167046984304275058111856998E-77
PP 84 g=84 W=1 e=-1080 23.000000000000000000000000000000000000000000000000 
1.5878264532758641614955956232427778929750911291694E-77
PP 84 g=84 W=1 e=-1056 -138.00000000000000000000000000000000000000000000000 
-9.5269587196551849689735737394566673578505467750165E-77
PP 84 g=84 W=1 e=-1032 76.000000000000000000000000000000000000000000000000 
5.2467308890854641858115333637587443420046489485598E-77
PP 84 g=84 W=1 e=-1008 170.00000000000000000000000000000000000000000000000 
1.1736108567691169889315271997881401817641977911252E-76
PP 84 g=84 W=1 e=-984 -225.00000000000000000000000000000000000000000000000 
-1.5533084869003018971152565879548914170408500176657E-76
PP 84 g=84 W=1 e=-960 46.000000000000000000000000000000000000000000000000 
3.1756529065517283229911912464855557859501822583388E-77
PP 84 g=84 W=1 e=-936 100.00000000000000000000000000000000000000000000000 
6.9035932751124528760678070575772951868482223007366E-77
PP 84 g=84 W=1 e=-912 -167.00000000000000000000000000000000000000000000000 
-1.1529000769437796303033237786154082962036531242230E-76
PP 84 g=84 W=1 e=-888 -27.000000000000000000000000000000000000000000000000 
-1.8639701842803622765383079055458697004490200211989E-77
PP 84 g=84 W=1 e=-864 168.00000000000000000000000000000000000000000000000 
1.1598036702188920831793915856729855913905013465237E-76
PP 84 g=84 W=1 e=-840 85.000000000000000000000000000000000000000000000000 
5.8680542838455849446576359989407009088209889556261E-77
PP 84 g=84 W=1 e=-816 66.000000000000000000000000000000000000000000000000 
4.5563715615742188982047526580010148233198267184861E-77
PP 84 g=84 W=1 e=-792 -328.00000000000000000000000000000000000000000000000 
-2.2643785942368845433502407148853528212862169146416E-76
PP 84 g=84 W=1 e=-768 10.000000000000000000000000000000000000000000000000 
6.9035932751124528760678070575772951868482223007366E-78
PP 84 g=84 W=1 e=-744 94.000000000000000000000000000000000000000000000000 
6.4893776786057057035037386341226574756373289626924E-77
PP 84 g=84 W=1 e=-720 -245.00000000000000000000000000000000000000000000000 
-1.6913803524025509546366127291064373207778144636805E-76
PP 84 g=84 W=1 e=-696 139.00000000000000000000000000000000000000000000000 
9.5959946524063094977342518100324403097190289980239E-77
PP 84 g=84 W=1 e=-672 733.00000000000000000000000000000000000000000000000 
5.0603338706574279581577025732041573719597469464399E-76
PP 84 g=84 W=1 e=-648 -347.00000000000000000000000000000000000000000000000 
-2.3955468664640211479955290489793214298363331383556E-76
PP 84 g=84 W=1 e=-624 -315.00000000000000000000000000000000000000000000000 
-2.1746318816604226559613592231368479838571900247320E-76
PP 84 g=84 W=1 e=-600 39.000000000000000000000000000000000000000000000000 
2.6924013772938566216664447524551451228708066972873E-77
PP 84 g=84 W=1 e=-576 -538.00000000000000000000000000000000000000000000000 
-3.7141331820104996473244801969765848105243435977963E-76
PP 84 g=84 W=1 e=-552 -63.000000000000000000000000000000000000000000000000 
-4.3492637633208453119227184462736959677143800494640E-77
PP 84 g=84 W=1 e=-528 664.00000000000000000000000000000000000000000000000 
4.5839859346746687097090238862313240040672196076891E-76
PP 84 g=84 W=1 e=-504 758.00000000000000000000000000000000000000000000000 
5.2329237025352392800593977496435897516309525039583E-76
PP 84 g=84 W=1 e=-480 -68.000000000000000000000000000000000000000000000000 
-4.6944434270764679557261087991525607270567911645009E-77
PP 84 g=84 W=1 e=-456 -304.00000000000000000000000000000000000000000000000 
-2.0986923556341856743246133455034977368018595794239E-76
PP 84 g=84 W=1 e=-432 -1133.0000000000000000000000000000000000000000000000 
-7.8217711807024091085848253962350754466990358667346E-76
PP 84 g=84 W=1 e=-408 56.000000000000000000000000000000000000000000000000 
3.8660122340629736105979719522432853046350044884125E-77
PP 84 g=84 W=1 e=-384 -187.00000000000000000000000000000000000000000000000 
-1.2909719424460286878246799197669541999406175702377E-76
PP 84 g=84 W=1 e=-360 88.000000000000000000000000000000000000000000000000 
6.0751620820989585309396702106680197644264356246482E-77
PP 84 g=84 W=1 e=-336 1754.0000000000000000000000000000000000000000000000 
1.2108902604547242344622933578990575757731781915492E-75
PP 84 g=84 W=1 e=-312 1203.0000000000000000000000000000000000000000000000 
8.3050227099602808099095718902654861097784114277861E-76
PP 84 g=84 W=1 e=-288 -1780.0000000000000000000000000000000000000000000000 
-1.2288396029700166119400696562487585432589835695311E-75
PP 84 g=84 W=1 e=-264 -1143.0000000000000000000000000000000000000000000000 
-7.8908071134535336373455034668108483985675180897419E-76
PP 84 g=84 W=1 e=-240 -439.00000000000000000000000000000000000000000000000 
-3.0306774477743668125937672982764325870263695900234E-76
PP 84 g=84 W=1 e=-216 -600.00000000000000000000000000000000000000000000000 
-4.1421559650674717256406842345463771121089333804419E-76
PP 84 g=84 W=1 e=-192 1148.0000000000000000000000000000000000000000000000 
7.9253250798290959017258425020987348745017592012456E-76
PP 84 g=84 W=1 e=-168 2078.0000000000000000000000000000000000000000000000 
1.4345666825683677076468903065645619398270605940931E-75
PP 84 g=84 W=1 e=-144 -233.00000000000000000000000000000000000000000000000 
-1.6085372331012015201237990444155097785356357960716E-76
PP 84 g=84 W=1 e=-120 1480.0000000000000000000000000000000000000000000000 
1.0217318047166430256580354445214396876535369005090E-75
PP 84 g=84 W=1 e=-96 -3846.0000000000000000000000000000000000000000000000 
-2.6551219736082493761356785943442277288618262968633E-75
PP 84 g=84 W=1 e=-72 -937.00000000000000000000000000000000000000000000000 
-6.4686668987803683448755352129499255900767842957902E-76
PP 84 g=84 W=1 e=-48 986.00000000000000000000000000000000000000000000000 
6.8069429692608785358028577587712130542323471885263E-76
PP 84 g=84 W=1 e=-24 -170.00000000000000000000000000000000000000000000000 
-1.1736108567691169889315271997881401817641977911252E-76
PP 84 g=84 W=1 e=0 9.0000000000000000000000000000000000000000000000000 
6.2132339476012075884610263518195656681634000706629E-78
PP 85 g=84 W=1 e=-984 1.0000000000000000000000000000000000000000000000000 
6.0174257873471587941380407969305272529958230899119E-79
PP 85 g=84 W=1 e=-960 -8.0000000000000000000000000000000000000000000000000 
-4.8139406298777270353104326375444218023966584719295E-78
PP 85 g=84 W=1 e=-936 23.000000000000000000000000000000000000000000000000 
1.3840079310898465226517493832940212681890393106797E-77
PP 85 g=84 W=1 e=-912 -22.000000000000000000000000000000000000000000000000 
-1.3238336732163749347103689753247159956590810797806E-77
PP 85 g=84 W=1 e=-888 -14.000000000000000000000000000000000000000000000000 
-8.4243961022860223117932571157027381541941523258766E-78
PP 85 g=84 W=1 e=-864 14.000000000000000000000000000000000000000000000000 
8.4243961022860223117932571157027381541941523258766E-78
PP 85 g=84 W=1 e=-840 76.000000000000000000000000000000000000000000000000 
4.5732435983838406835449110056672007122768255483330E-77
PP 85 g=84 W=1 e=-816 -107.00000000000000000000000000000000000000000000000 
-6.4386455924614599097277036527156641607055307062057E-77
PP 85 g=84 W=1 e=-792 -1.0000000000000000000000000000000000000000000000000 
-6.0174257873471587941380407969305272529958230899119E-79
PP 85 g=84 W=1 e=-768 15.000000000000000000000000000000000000000000000000 
9.0261386810207381912070611953957908794937346348678E-78
PP 85 g=84 W=1 e=-744 144.00000000000000000000000000000000000000000000000 
8.6650931337799086635587787475799592443139852494731E-77
PP 85 g=84 W=1 e=-720 -200.00000000000000000000000000000000000000000000000 
-1.2034851574694317588276081593861054505991646179824E-76
PP 85 g=84 W=1 e=-696 24.000000000000000000000000000000000000000000000000 
1.4441821889633181105931297912633265407189975415788E-77
PP 85 g=84 W=1 e=-672 88.000000000000000000000000000000000000000000000000 
5.2953346928654997388414759012988639826363243191224E-77
PP 85 g=84 W=1 e=-648 198.00000000000000000000000000000000000000000000000 
1.1914503058947374412393320777922443960931729718025E-76
PP 85 g=84 W=1 e=-624 -457.00000000000000000000000000000000000000000000000 
-2.7499635848176515689210846441972509546190911520897E-76
PP 85 g=84 W=1 e=-600 141.00000000000000000000000000000000000000000000000 
8.4845703601594938997346375236720434267241105567757E-77
PP 85 g=84 W=1 e=-576 62.000000000000000000000000000000000000000000000000 
3.7308039881552384523655852940969268968574103157453E-77
PP 85 g=84 W=1 e=-552 297.00000000000000000000000000000000000000000000000 
1.7871754588421061618589981166883665941397594577038E-76
PP 85 g=84 W=1 e=-528 -460.00000000000000000000000000000000000000000000000 
-2.7680158621796930453034987665880425363780786213594E-76
PP 85 g=84 W=1 e=-504 254.00000000000000000000000000000000000000000000000 
1.5284261499861783337110623624203539222609390648376E-76
PP 85 g=84 W=1 e=-480 -118.00000000000000000000000000000000000000000000000 
-7.1005624290696473770828881403780221585350712460959E-77
PP 85 g=84 W=1 e=-456 444.00000000000000000000000000000000000000000000000 
2.6717370495821385045972901138371541003301454519209E-76
PP 85 g=84 W=1 e=-432 -917.00000000000000000000000000000000000000000000000 
-5.5179794469973446142245834107852934909971697734492E-76
PP 85 g=84 W=1 e=-408 515.00000000000000000000000000000000000000000000000 
3.0989742804837867789810910104192215352928488913046E-76
PP 85 g=84 W=1 e=-384 -225.00000000000000000000000000000000000000000000000 
-1.3539208021531107286810591793093686319240601952302E-76
PP 85 g=84 W=1 e=-360 838.00000000000000000000000000000000000000000000000 
5.0426028097969190694876781878277818380104997493461E-76
PP 85 g=84 W=1 e=-336 -774.00000000000000000000000000000000000000000000000 
-4.6574875594067009066628435768242280938187670715918E-76
PP 85 g=84 W=1 e=-312 557.00000000000000000000000000000000000000000000000 
3.3517061635523674483348887238903036799186734610809E-76
PP 85 g=84 W=1 e=-288 -928.00000000000000000000000000000000000000000000000 
-5.5841711306581633609601018595515292907801238274382E-76
PP 85 g=84 W=1 e=-264 1033.0000000000000000000000000000000000000000000000 
6.2160008383296150343445961432292346523446852518790E-76
PP 85 g=84 W=1 e=-240 -1319.0000000000000000000000000000000000000000000000 
-7.9369846135109024494680758111513654467014906555937E-76
PP 85 g=84 W=1 e=-216 1031.0000000000000000000000000000000000000000000000 
6.2039659867549207167563200616353735978386936056991E-76
PP 85 g=84 W=1 e=-192 -662.00000000000000000000000000000000000000000000000 
-3.9835358712238191217193830075680090414832348855216E-76
PP 85 g=84 W=1 e=-168 1572.0000000000000000000000000000000000000000000000 
9.4593933377097336243850001327747888417094338973414E-76
PP 85 g=84 W=1 e=-144 -1210.0000000000000000000000000000000000000000000000 
-7.2810852026900621409070293642859379761249459387933E-76
PP 85 g=84 W=1 e=-120 769.00000000000000000000000000000000000000000000000 
4.6274004304699651126921533728395754575537879561422E-76
PP 85 g=84 W=1 e=-96 -2072.0000000000000000000000000000000000000000000000 
-1.2468106231383313021454020531240052468207345442297E-75
PP 85 g=84 W=1 e=-72 1954.0000000000000000000000000000000000000000000000 
1.1758049988476348283745731717202250252353838317688E-75
PP 85 g=84 W=1 e=-48 -1703.0000000000000000000000000000000000000000000000 
-1.0247676115852211426417083477172687911851886722120E-75
PP 85 g=84 W=1 e=-24 2000.0000000000000000000000000000000000000000000000 
1.2034851574694317588276081593861054505991646179824E-75
PP 85 g=84 W=1 e=0 -1544.0000000000000000000000000000000000000000000000 
-9.2909054156640131781491349904607340786255508508239E-76
PP 86 g=84 W=1 e=-672 1.0000000000000000000000000000000000000000000000000 
-2.5580081150023481382255203897264117401591286644596E-80
PP 86 g=84 W=1 e=-648 -8.0000000000000000000000000000000000000000000000000 
2.0464064920018785105804163117811293921273029315676E-79
PP 86 g=84 W=1 e=-624 22.000000000000000000000000000000000000000000000000 
-5.6276178530051659040961448573981058283500830618110E-79
PP 86 g=84 W=1 e=-600 -13.000000000000000000000000000000000000000000000000 
3.3254105495030525796931765066443352622068672637974E-79
PP 86 g=84 W=1 e=-576 -48.000000000000000000000000000000000000000000000000 
1.2278438952011271063482497870686776352763817589406E-78
PP 86 g=84 W=1 e=-552 82.000000000000000000000000000000000000000000000000 
-2.0975666543019254733449267195756576269304855048568E-78
PP 86 g=84 W=1 e=-528 8.0000000000000000000000000000000000000000000000000 
-2.0464064920018785105804163117811293921273029315676E-79
PP 86 g=84 W=1 e=-504 -102.00000000000000000000000000000000000000000000000 
2.6091682773023951009900307975209399749623112377487E-78
PP 86 g=84 W=1 e=-480 42.000000000000000000000000000000000000000000000000 
-1.0743634083009862180547185636850929308668340390730E-78
PP 86 g=84 W=1 e=-456 87.000000000000000000000000000000000000000000000000 
-2.2254670600520428802562027390619782139384419380798E-78
PP 86 g=84 W=1 e=-432 -130.00000000000000000000000000000000000000000000000 
3.3254105495030525796931765066443352622068672637974E-78
PP 86 g=84 W=1 e=-384 163.00000000000000000000000000000000000000000000000 
-4.1695532274538274653075982352540511364593797230691E-78
PP 86 g=84 W=1 e=-360 -80.000000000000000000000000000000000000000000000000 
2.0464064920018785105804163117811293921273029315676E-78
PP 86 g=84 W=1 e=-336 -34.000000000000000000000000000000000000000000000000 
8.6972275910079836699667693250697999165410374591625E-79
PP 86 g=84 W=1 e=-312 -15.000000000000000000000000000000000000000000000000 
3.8370121725035222073382805845896176102386929966893E-79
PP 86 g=84 W=1 e=-288 22.000000000000000000000000000000000000000000000000 
-5.6276178530051659040961448573981058283500830618110E-79
PP 86 g=84 W=1 e=-264 -104.00000000000000000000000000000000000000000000000 
2.6603284396024420637545412053154682097654938110379E-78
PP 86 g=84 W=1 e=-240 47.000000000000000000000000000000000000000000000000 
-1.2022638140511036249659945831714135178747904722960E-78
PP 86 g=84 W=1 e=-216 190.00000000000000000000000000000000000000000000000 
-4.8602154185044614626284887404801823063023444624732E-78
PP 86 g=84 W=1 e=-192 -4.0000000000000000000000000000000000000000000000000 
1.0232032460009392552902081558905646960636514657838E-79
PP 86 g=84 W=1 e=-168 -70.000000000000000000000000000000000000000000000000 
1.7906056805016436967578642728084882181113900651217E-78
PP 86 g=84 W=1 e=-144 -118.00000000000000000000000000000000000000000000000 
3.0184495757027708031061140598771658533877718240623E-78
PP 86 g=84 W=1 e=-120 102.00000000000000000000000000000000000000000000000 
-2.6091682773023951009900307975209399749623112377487E-78
PP 86 g=84 W=1 e=-96 -292.00000000000000000000000000000000000000000000000 
7.4693836958068565636185195380011222812646557002219E-78
PP 86 g=84 W=1 e=-72 14.000000000000000000000000000000000000000000000000 
-3.5812113610032873935157285456169764362227801302434E-79
PP 86 g=84 W=1 e=-48 334.00000000000000000000000000000000000000000000000 
-8.5437471041078427816732381016862152121314897392949E-78
PP 86 g=84 W=1 e=-24 207.00000000000000000000000000000000000000000000000 
-5.2950767980548606461268272067336723021293963354313E-78
PP 86 g=84 W=1 e=0 -89.000000000000000000000000000000000000000000000000 
2.2766272223520898430207131468565064487416245113690E-78
PP 87 g=84 W=1 e=-1272 1.0000000000000000000000000000000000000000000000000 
5.1523196182406963932268685779997351437273189551331E-79
PP 87 g=84 W=1 e=-1248 -8.0000000000000000000000000000000000000000000000000 
-4.1218556945925571145814948623997881149818551641065E-78
PP 87 g=84 W=1 e=-1224 22.000000000000000000000000000000000000000000000000 
1.1335103160129532065099110871599417316200101701293E-77
PP 87 g=84 W=1 e=-1200 -14.000000000000000000000000000000000000000000000000 
-7.2132474655369749505176160091996292012182465371863E-78
PP 87 g=84 W=1 e=-1176 -36.000000000000000000000000000000000000000000000000 
-1.8548350625666507015616726880799046517418348238479E-77
PP 87 g=84 W=1 e=-1152 28.000000000000000000000000000000000000000000000000 
1.4426494931073949901035232018399258402436493074373E-77
PP 87 g=84 W=1 e=-1128 114.00000000000000000000000000000000000000000000000 
5.8736443647943938882786301789196980638491436088517E-77
PP 87 g=84 W=1 e=-1104 -151.00000000000000000000000000000000000000000000000 
-7.7800026235434515537725715527796000670282516222510E-77
PP 87 g=84 W=1 e=-1080 -68.000000000000000000000000000000000000000000000000 
-3.5035773404036735473942706330398198977345768894905E-77
PP 87 g=84 W=1 e=-1056 114.00000000000000000000000000000000000000000000000 
5.8736443647943938882786301789196980638491436088517E-77
PP 87 g=84 W=1 e=-1032 206.00000000000000000000000000000000000000000000000 
1.0613778413575834570047349270679454396078277047574E-76
PP 87 g=84 W=1 e=-1008 -300.00000000000000000000000000000000000000000000000 
-1.5456958854722089179680605733999205431181956865399E-76
PP 87 g=84 W=1 e=-984 -66.000000000000000000000000000000000000000000000000 
-3.4005309480388596195297332614798251948600305103878E-77
PP 87 g=84 W=1 e=-960 202.00000000000000000000000000000000000000000000000 
1.0407685628846206714318274527559464990329184289369E-76
PP 87 g=84 W=1 e=-936 377.00000000000000000000000000000000000000000000000 
1.9424244960767425402465294539059001491851992460852E-76
PP 87 g=84 W=1 e=-912 -788.00000000000000000000000000000000000000000000000 
-4.0600278591736687578627724394637912932571273366449E-76
PP 87 g=84 W=1 e=-888 7.0000000000000000000000000000000000000000000000000 
3.6066237327684874752588080045998146006091232685931E-78
PP 87 g=84 W=1 e=-864 542.00000000000000000000000000000000000000000000000 
2.7925572330864574451289627692758564479002068736821E-76
PP 87 g=84 W=1 e=-840 532.00000000000000000000000000000000000000000000000 
2.7410340369040504811966940834958590964629336841308E-76
PP 87 g=84 W=1 e=-816 -1128.0000000000000000000000000000000000000000000000 
-5.8118165293755055315599077559837012421244157813901E-76
PP 87 g=84 W=1 e=-792 174.00000000000000000000000000000000000000000000000 
8.9650361357388117242147513257195391500855349819316E-77
PP 87 g=84 W=1 e=-768 147.00000000000000000000000000000000000000000000000 
7.5739098388138236980434968096596106612791588640456E-77
PP 87 g=84 W=1 e=-744 902.00000000000000000000000000000000000000000000000 
4.6473922956531081466906354573557610996420416975300E-76
PP 87 g=84 W=1 e=-720 -1701.0000000000000000000000000000000000000000000000 
-8.7640956706274245648789034511775494794801695426813E-76
PP 87 g=84 W=1 e=-696 558.00000000000000000000000000000000000000000000000 
2.8749943469783085874205926665238522101998439769643E-76
PP 87 g=84 W=1 e=-672 624.00000000000000000000000000000000000000000000000 
3.2150474417821945493735659926718347296858470280030E-76
PP 87 g=84 W=1 e=-648 1360.0000000000000000000000000000000000000000000000 
7.0071546808073470947885412660796397954691537789810E-76
PP 87 g=84 W=1 e=-624 -2660.0000000000000000000000000000000000000000000000 
-1.3705170184520252405983470417479295482314668420654E-75
PP 87 g=84 W=1 e=-600 867.00000000000000000000000000000000000000000000000 
4.4670611090146837729276950571257703696115855341004E-76
PP 87 g=84 W=1 e=-576 -982.00000000000000000000000000000000000000000000000 
-5.0595778651123638581487849435957399111402272139407E-76
PP 87 g=84 W=1 e=-552 2391.0000000000000000000000000000000000000000000000 
1.2319196207213505076205442769997366728652019621723E-75
PP 87 g=84 W=1 e=-528 -2390.0000000000000000000000000000000000000000000000 
-1.2314043887595264379812215901419366993508292302768E-75
PP 87 g=84 W=1 e=-504 1882.0000000000000000000000000000000000000000000000 
9.6966655215289906120529666637955015404948142735604E-76
PP 87 g=84 W=1 e=-480 -976.00000000000000000000000000000000000000000000000 
-5.0286639474029196797894237321277415002778633002099E-76
PP 87 g=84 W=1 e=-456 2906.0000000000000000000000000000000000000000000000 
1.4972640810607463718717280087667230327671588883617E-75
PP 87 g=84 W=1 e=-432 -4768.0000000000000000000000000000000000000000000000 
-2.4566259939771640402905709379902737165291856778075E-75
PP 87 g=84 W=1 e=-408 2246.0000000000000000000000000000000000000000000000 
1.1572109862568604099187546826187405132811558373229E-75
PP 87 g=84 W=1 e=-384 -3517.0000000000000000000000000000000000000000000000 
-1.8120708097352529214978896788825068500488980765203E-75
PP 87 g=84 W=1 e=-360 5736.0000000000000000000000000000000000000000000000 
2.9553705330228634511549318163406480784419901526643E-75
PP 87 g=84 W=1 e=-336 -2962.0000000000000000000000000000000000000000000000 
-1.5261170709228942716737984728035215495720318745104E-75
PP 87 g=84 W=1 e=-312 3796.0000000000000000000000000000000000000000000000 
1.9558205270841683508689193122086994605588902753685E-75
PP 87 g=84 W=1 e=-288 -5476.0000000000000000000000000000000000000000000000 
-2.8214102229486053449310332333126549647050798598309E-75
PP 87 g=84 W=1 e=-264 5857.0000000000000000000000000000000000000000000000 
3.0177136004035758775129769261344448736810907120215E-75
PP 87 g=84 W=1 e=-240 -7856.0000000000000000000000000000000000000000000000 
-4.0476622920898910865190279548765919289121817711525E-75
PP 87 g=84 W=1 e=-216 5311.0000000000000000000000000000000000000000000000 
2.7363969492476338544427899017756593348335790970712E-75
PP 87 g=84 W=1 e=-192 -7082.0000000000000000000000000000000000000000000000 
-3.6488727536380611856832683269394124287876872840252E-75
PP 87 g=84 W=1 e=-168 11922.000000000000000000000000000000000000000000000 
6.1425954488665582400050727186912842383517096583097E-75
PP 87 g=84 W=1 e=-144 -6554.0000000000000000000000000000000000000000000000 
-3.3768302777949524161208896660210264131988848431942E-75
PP 87 g=84 W=1 e=-120 5696.0000000000000000000000000000000000000000000000 
2.9347612545499006655820243420286491378670808768438E-75
PP 87 g=84 W=1 e=-96 -9970.0000000000000000000000000000000000000000000000 
-5.1368626593859743040471879722657359382961369982677E-75
PP 87 g=84 W=1 e=-72 10574.000000000000000000000000000000000000000000000 
5.4480627643277123661980908343769199409772670631577E-75
PP 87 g=84 W=1 e=-48 -14050.000000000000000000000000000000000000000000000 
-7.2390090636281784324837503520896278769368831319620E-75
PP 87 g=84 W=1 e=-24 10224.000000000000000000000000000000000000000000000 
5.2677315776892879924351504341469292109468108997281E-75
PP 87 g=84 W=1 e=0 -8378.0000000000000000000000000000000000000000000000 
-4.3166133761620554382454704946481781034147478206105E-75
PP 88 g=84 W=1 e=-960 1.0000000000000000000000000000000000000000000000000 
4.1695296488336755524439565911488064059564241727282E-79
PP 88 g=84 W=1 e=-936 -8.0000000000000000000000000000000000000000000000000 
-3.3356237190669404419551652729190451247651393381825E-78
PP 88 g=84 W=1 e=-912 21.000000000000000000000000000000000000000000000000 
8.7560122625507186601323088414124934525084907627292E-78
PP 88 g=84 W=1 e=-888 -5.0000000000000000000000000000000000000000000000000 
-2.0847648244168377762219782955744032029782120863641E-78
PP 88 g=84 W=1 e=-864 -69.000000000000000000000000000000000000000000000000 
-2.8769754576952361311863300478926764201099326791824E-77
PP 88 g=84 W=1 e=-840 87.000000000000000000000000000000000000000000000000 
3.6274907944852977306262422342994615731820890302735E-77
PP 88 g=84 W=1 e=-816 79.000000000000000000000000000000000000000000000000 
3.2939284225786036864307257070075570607055750964553E-77
PP 88 g=84 W=1 e=-792 -205.00000000000000000000000000000000000000000000000 
-8.5475357801090348825101110118550531322106695540927E-77
PP 88 g=84 W=1 e=-768 8.0000000000000000000000000000000000000000000000000 
3.3356237190669404419551652729190451247651393381825E-78
PP 88 g=84 W=1 e=-744 258.00000000000000000000000000000000000000000000000 
1.0757386493990882925305408005163920527367574365639E-76
PP 88 g=84 W=1 e=-720 -213.00000000000000000000000000000000000000000000000 
-8.8810981520157289267056275391469576446871834879110E-77
PP 88 g=84 W=1 e=-696 -99.000000000000000000000000000000000000000000000000 
-4.1278343523453387969195170252373183418968599310009E-77
PP 88 g=84 W=1 e=-672 323.00000000000000000000000000000000000000000000000 
1.3467580765732772034393979789410644691239250077912E-76
PP 88 g=84 W=1 e=-648 -98.000000000000000000000000000000000000000000000000 
-4.0861390558570020413950774593258302778372956892736E-77
PP 88 g=84 W=1 e=-624 -193.00000000000000000000000000000000000000000000000 
-8.0471922222489938162168362209171963634958986533654E-77
PP 88 g=84 W=1 e=-600 44.000000000000000000000000000000000000000000000000 
1.8345930454868172430753409001054748186208266360004E-77
PP 88 g=84 W=1 e=-576 -15.000000000000000000000000000000000000000000000000 
-6.2542944732505133286659348867232096089346362590923E-78
PP 88 g=84 W=1 e=-552 97.000000000000000000000000000000000000000000000000 
4.0444437593686652858706378934143422137777314475463E-77
PP 88 g=84 W=1 e=-528 129.00000000000000000000000000000000000000000000000 
5.3786932469954414626527040025819602636837871828193E-77
PP 88 g=84 W=1 e=-504 -100.00000000000000000000000000000000000000000000000 
-4.1695296488336755524439565911488064059564241727282E-77
PP 88 g=84 W=1 e=-480 174.00000000000000000000000000000000000000000000000 
7.2549815889705954612524844685989231463641780605470E-77
PP 88 g=84 W=1 e=-456 -226.00000000000000000000000000000000000000000000000 
-9.4231370063641067485233418959963024774615186303656E-77
PP 88 g=84 W=1 e=-432 -493.00000000000000000000000000000000000000000000000 
-2.0555781168750020473548705994363615581365171171550E-76
PP 88 g=84 W=1 e=-408 399.00000000000000000000000000000000000000000000000 
1.6636423298846365454251386798683737559766132449185E-76
PP 88 g=84 W=1 e=-384 212.00000000000000000000000000000000000000000000000 
8.8394028555273921711811879732354695806276192461837E-77
PP 88 g=84 W=1 e=-360 -154.00000000000000000000000000000000000000000000000 
-6.4210756592038603507636931503691618651728932260014E-77
PP 88 g=84 W=1 e=-336 438.00000000000000000000000000000000000000000000000 
1.8262539861891498919704529869231772058089137876549E-76
PP 88 g=84 W=1 e=-312 353.00000000000000000000000000000000000000000000000 
1.4718439660382874700127166766755286613026177329730E-76
PP 88 g=84 W=1 e=-288 -965.00000000000000000000000000000000000000000000000 
-4.0235961111244969081084181104585981817479493266827E-76
PP 88 g=84 W=1 e=-264 -604.00000000000000000000000000000000000000000000000 
-2.5183959078955400336761497810538790691976802003278E-76
PP 88 g=84 W=1 e=-240 313.00000000000000000000000000000000000000000000000 
1.3050627800849404479149584130295764050643607660639E-76
PP 88 g=84 W=1 e=-216 300.00000000000000000000000000000000000000000000000 
1.2508588946501026657331869773446419217869272518184E-76
PP 88 g=84 W=1 e=-192 655.00000000000000000000000000000000000000000000000 
2.7310419199860574868507915672024681959014578331370E-76
PP 88 g=84 W=1 e=-168 208.00000000000000000000000000000000000000000000000 
8.6726216695740451490834297095895173243893622792746E-77
PP 88 g=84 W=1 e=-144 50.000000000000000000000000000000000000000000000000 
2.0847648244168377762219782955744032029782120863641E-77
PP 88 g=84 W=1 e=-120 -148.00000000000000000000000000000000000000000000000 
-6.1709038802738398176170557549002334808155077756377E-77
PP 88 g=84 W=1 e=-96 -1199.0000000000000000000000000000000000000000000000 
-4.9992660489515769873803039527874188807417525831011E-76
PP 88 g=84 W=1 e=-72 -1342.0000000000000000000000000000000000000000000000 
-5.5955087887347925913797897453216981967935212398012E-76
PP 88 g=84 W=1 e=-48 1487.0000000000000000000000000000000000000000000000 
6.2000905878156755464841634510382751256572027448468E-76
PP 88 g=84 W=1 e=-24 1210.0000000000000000000000000000000000000000000000 
5.0451308750887474184571874752900557512072732490011E-76
PP 88 g=84 W=1 e=0 -263.00000000000000000000000000000000000000000000000 
-1.0965862976432566702927605834721360847665395574275E-76
PP 89 g=84 W=1 e=-1248 1.0000000000000000000000000000000000000000000000000 
3.2700681848987594626853025140370407768504052148354E-79
PP 89 g=84 W=1 e=-1224 -8.0000000000000000000000000000000000000000000000000 
-2.6160545479190075701482420112296326214803241718683E-78
PP 89 g=84 W=1 e=-1200 20.000000000000000000000000000000000000000000000000 
6.5401363697975189253706050280740815537008104296708E-78
PP 89 g=84 W=1 e=-1176 3.0000000000000000000000000000000000000000000000000 
9.8102045546962783880559075421111223305512156445062E-79
PP 89 g=84 W=1 e=-1152 -89.000000000000000000000000000000000000000000000000 
-2.9103606845598959217899192374929662913968606412035E-77
PP 89 g=84 W=1 e=-1128 84.000000000000000000000000000000000000000000000000 
2.7468572753149579486556541117911142525543403804618E-77
PP 89 g=84 W=1 e=-1104 170.00000000000000000000000000000000000000000000000 
5.5591159143278910865650142738629693206456888652202E-77
PP 89 g=84 W=1 e=-1080 -305.00000000000000000000000000000000000000000000000 
-9.9737079639412163611901726678129743693937359052480E-77
PP 89 g=84 W=1 e=-1056 -119.00000000000000000000000000000000000000000000000 
-3.8913811400295237605955099917040785244519822056541E-77
PP 89 g=84 W=1 e=-1032 545.00000000000000000000000000000000000000000000000 
1.7821871607698239071634898701501872233834708420853E-76
PP 89 g=84 W=1 e=-1008 -212.00000000000000000000000000000000000000000000000 
-6.9325445519853700608928413297585264469228590554511E-77
PP 89 g=84 W=1 e=-984 -467.00000000000000000000000000000000000000000000000 
-1.5271218423477206690740362740552980427891392353281E-76
PP 89 g=84 W=1 e=-960 604.00000000000000000000000000000000000000000000000 
1.9751211836788507154619227184783726292176447497606E-76
PP 89 g=84 W=1 e=-936 43.000000000000000000000000000000000000000000000000 
1.4061293195064665689546800810359275340456742423792E-77
PP 89 g=84 W=1 e=-912 -610.00000000000000000000000000000000000000000000000 
-1.9947415927882432722380345335625948738787471810496E-76
PP 89 g=84 W=1 e=-888 204.00000000000000000000000000000000000000000000000 
6.6709390971934693038780171286355631847748266382642E-77
PP 89 g=84 W=1 e=-864 71.000000000000000000000000000000000000000000000000 
2.3217484112781192185065647849662989515637877025331E-77
PP 89 g=84 W=1 e=-840 235.00000000000000000000000000000000000000000000000 
7.6846602345120847373104609079870458255984522548632E-77
PP 89 g=84 W=1 e=-816 425.00000000000000000000000000000000000000000000000 
1.3897789785819727716412535684657423301614222163050E-76
PP 89 g=84 W=1 e=-792 -927.00000000000000000000000000000000000000000000000 
-3.0313532074011500219092754305123368001403256341524E-76
PP 89 g=84 W=1 e=-768 88.000000000000000000000000000000000000000000000000 
2.8776600027109083271630662123525958836283565890552E-77
PP 89 g=84 W=1 e=-744 617.00000000000000000000000000000000000000000000000 
2.0176320700825345884768316511608541593167000175534E-76
PP 89 g=84 W=1 e=-720 -1349.0000000000000000000000000000000000000000000000 
-4.4113219814284265151624730914359680079711966348130E-76
PP 89 g=84 W=1 e=-696 596.00000000000000000000000000000000000000000000000 
1.9489606381996606397604402983660763030028415080419E-76
PP 89 g=84 W=1 e=-672 1879.0000000000000000000000000000000000000000000000 
6.1444581194247690303856834238755996197019113986757E-76
PP 89 g=84 W=1 e=-648 -1250.0000000000000000000000000000000000000000000000 
-4.0875852311234493283566281425463009710630065185443E-76
PP 89 g=84 W=1 e=-624 -425.00000000000000000000000000000000000000000000000 
-1.3897789785819727716412535684657423301614222163050E-76
PP 89 g=84 W=1 e=-600 806.00000000000000000000000000000000000000000000000 
2.6356749570284001269243538263138548661414266031573E-76
PP 89 g=84 W=1 e=-576 -2039.0000000000000000000000000000000000000000000000 
-6.6676690290085705444153318261215261439979762330494E-76
PP 89 g=84 W=1 e=-552 -369.00000000000000000000000000000000000000000000000 
-1.2066551602276422417308766276796680466577995242743E-76
PP 89 g=84 W=1 e=-528 2190.0000000000000000000000000000000000000000000000 
7.1614493249282832232808125057411193013023874204895E-76
PP 89 g=84 W=1 e=-504 974.00000000000000000000000000000000000000000000000 
3.1850464120913917166554846486720777166522946792497E-76
PP 89 g=84 W=1 e=-480 692.00000000000000000000000000000000000000000000000 
2.2628871839499415481782293397136322175804804086661E-76
PP 89 g=84 W=1 e=-456 -1186.0000000000000000000000000000000000000000000000 
-3.8783008672899287227447687816479303613445805847948E-76
PP 89 g=84 W=1 e=-432 -2771.0000000000000000000000000000000000000000000000 
-9.0613589403544624711009732663966399926524728503090E-76
PP 89 g=84 W=1 e=-408 623.00000000000000000000000000000000000000000000000 
2.0372524791919271452529434662450764039778024488425E-76
PP 89 g=84 W=1 e=-384 81.000000000000000000000000000000000000000000000000 
2.6487552297679951647750950363700030292488282240167E-77
PP 89 g=84 W=1 e=-360 -2091.0000000000000000000000000000000000000000000000 
-6.8377125746233060364749675568514522643941973042209E-76
PP 89 g=84 W=1 e=-336 5690.0000000000000000000000000000000000000000000000 
1.8606687972073941342679371304870762020278805672414E-75
PP 89 g=84 W=1 e=-312 4234.0000000000000000000000000000000000000000000000 
1.3845468694861347565009570844432830649184615679613E-75
PP 89 g=84 W=1 e=-288 -6340.0000000000000000000000000000000000000000000000 
-2.0732232292258134993424817938994838525231569062057E-75
PP 89 g=84 W=1 e=-264 -2189.0000000000000000000000000000000000000000000000 
-7.1581792567433844638181272032270822605255370152747E-76
PP 89 g=84 W=1 e=-240 308.00000000000000000000000000000000000000000000000 
1.0071810009488179145070731743234085592699248061693E-76
PP 89 g=84 W=1 e=-216 -4140.0000000000000000000000000000000000000000000000 
-1.3538082285480864175517152408113348816160677589419E-75
PP 89 g=84 W=1 e=-192 3705.0000000000000000000000000000000000000000000000 
1.2115602625049903809249045814507236078230751320965E-75
PP 89 g=84 W=1 e=-168 6032.0000000000000000000000000000000000000000000000 
1.9725051291309317078917744764671429965961644255887E-75
PP 89 g=84 W=1 e=-144 -716.00000000000000000000000000000000000000000000000 
-2.3413688203875117752826766000505211962248901338222E-76
PP 89 g=84 W=1 e=-120 2644.0000000000000000000000000000000000000000000000 
8.6460602808723200193399398471139358139924713880248E-76
PP 89 g=84 W=1 e=-96 -5702.0000000000000000000000000000000000000000000000 
-1.8645928790292726456231594935039206509601010534991E-75
PP 89 g=84 W=1 e=-72 -6750.0000000000000000000000000000000000000000000000 
-2.2072960248066626373125791969750025243740235200139E-75
PP 89 g=84 W=1 e=-48 5099.0000000000000000000000000000000000000000000000 
1.6674077674798774500232357519074870921160216190446E-75
PP 89 g=84 W=1 e=-24 -5021.0000000000000000000000000000000000000000000000 
-1.6419012356376671262142903922979981740565884583689E-75
PP 89 g=84 W=1 e=0 2905.0000000000000000000000000000000000000000000000 
9.4995480771308962391008038032776034567504271490969E-76
PP 90 g=84 W=1 e=-720 1.0000000000000000000000000000000000000000000000000 
3.0312099381714374043686209778511202156118905587257E-79
PP 90 g=84 W=1 e=-696 -8.0000000000000000000000000000000000000000000000000 
-2.4249679505371499234948967822808961724895124469806E-78
PP 90 g=84 W=1 e=-672 20.000000000000000000000000000000000000000000000000 
6.0624198763428748087372419557022404312237811174514E-78
PP 90 g=84 W=1 e=-648 3.0000000000000000000000000000000000000000000000000 
9.0936298145143122131058629335533606468356716761771E-79
PP 90 g=84 W=1 e=-624 -91.000000000000000000000000000000000000000000000000 
-2.7584010437360080379754450898445193962068204084404E-77
PP 90 g=84 W=1 e=-600 100.00000000000000000000000000000000000000000000000 
3.0312099381714374043686209778511202156118905587257E-77
PP 90 g=84 W=1 e=-576 126.00000000000000000000000000000000000000000000000 
3.8193245220960111295044624320924114716709821039944E-77
PP 90 g=84 W=1 e=-552 -279.00000000000000000000000000000000000000000000000 
-8.4570757274983103581884525282046254015571746588447E-77
PP 90 g=84 W=1 e=-528 -22.000000000000000000000000000000000000000000000000 
-6.6686618639771622896109661512724644743461592291965E-78
PP 90 g=84 W=1 e=-504 373.00000000000000000000000000000000000000000000000 
1.1306413069379461518294956247384678404232351784047E-76
PP 90 g=84 W=1 e=-480 -208.00000000000000000000000000000000000000000000000 
-6.3049166713965898010867316339303300484727323621495E-77
PP 90 g=84 W=1 e=-456 -260.00000000000000000000000000000000000000000000000 
-7.8811458392457372513584145424129125605909154526868E-77
PP 90 g=84 W=1 e=-432 425.00000000000000000000000000000000000000000000000 
1.2882642237228608968566639155867260916350534874584E-76
PP 90 g=84 W=1 e=-408 1.0000000000000000000000000000000000000000000000000 
3.0312099381714374043686209778511202156118905587257E-79
PP 90 g=84 W=1 e=-384 -308.00000000000000000000000000000000000000000000000 
-9.3361266095680272054553526117814502640846229208751E-77
PP 90 g=84 W=1 e=-360 -55.000000000000000000000000000000000000000000000000 
-1.6671654659942905724027415378181161185865398072991E-77
PP 90 g=84 W=1 e=-336 1.0000000000000000000000000000000000000000000000000 
3.0312099381714374043686209778511202156118905587257E-79
PP 90 g=84 W=1 e=-312 404.00000000000000000000000000000000000000000000000 
1.2246088150212607113649228750518525671072037857252E-76
PP 90 g=84 W=1 e=-288 13.000000000000000000000000000000000000000000000000 
3.9405729196228686256792072712064562802954577263434E-78
PP 90 g=84 W=1 e=-264 -363.00000000000000000000000000000000000000000000000 
-1.1003292075562317777858094149599566382671162728174E-76
PP 90 g=84 W=1 e=-240 337.00000000000000000000000000000000000000000000000 
1.0215177491637744052722252695358275126612071182906E-76
PP 90 g=84 W=1 e=-216 -10.000000000000000000000000000000000000000000000000 
-3.0312099381714374043686209778511202156118905587257E-78
PP 90 g=84 W=1 e=-192 -975.00000000000000000000000000000000000000000000000 
-2.9554296897171514692594054534048422102215932947576E-76
PP 90 g=84 W=1 e=-168 437.00000000000000000000000000000000000000000000000 
1.3246387429809181457090873673209395342223961741631E-76
PP 90 g=84 W=1 e=-144 789.00000000000000000000000000000000000000000000000 
2.3916246412172641120468419515245338501177816508346E-76
PP 90 g=84 W=1 e=-120 -456.00000000000000000000000000000000000000000000000 
-1.3822317318061754563920911659001108183190220947789E-76
PP 90 g=84 W=1 e=-96 600.00000000000000000000000000000000000000000000000 
1.8187259629028624426211725867106721293671343352354E-76
PP 90 g=84 W=1 e=-72 126.00000000000000000000000000000000000000000000000 
3.8193245220960111295044624320924114716709821039944E-77
PP 90 g=84 W=1 e=-48 -1301.0000000000000000000000000000000000000000000000 
-3.9436041295610400630835758921843074005110696169021E-76
PP 90 g=84 W=1 e=-24 -431.00000000000000000000000000000000000000000000000 
-1.3064514833518895212828756414538328129287248308108E-76
PP 90 g=84 W=1 e=0 705.00000000000000000000000000000000000000000000000 
2.1370030064108633700798777893850397520063828439016E-76
PP 91 g=84 W=1 e=-1008 1.0000000000000000000000000000000000000000000000000 
7.6811110127070457176666049274527652322601177027431E-79
PP 91 g=84 W=1 e=-984 -8.0000000000000000000000000000000000000000000000000 
-6.1448888101656365741332839419622121858080941621945E-78
PP 91 g=84 W=1 e=-960 19.000000000000000000000000000000000000000000000000 
1.4594110924143386863566549362160253941294223635212E-77
PP 91 g=84 W=1 e=-936 11.000000000000000000000000000000000000000000000000 
8.4492221139777502894332654201980417554861294730174E-78
PP 91 g=84 W=1 e=-912 -110.00000000000000000000000000000000000000000000000 
-8.4492221139777502894332654201980417554861294730174E-77
PP 91 g=84 W=1 e=-888 89.000000000000000000000000000000000000000000000000 
6.8361888013092706887232783854329610567115047554414E-77
PP 91 g=84 W=1 e=-864 238.00000000000000000000000000000000000000000000000 
1.8281044210242768808046519727337581252779080132529E-76
PP 91 g=84 W=1 e=-840 -384.00000000000000000000000000000000000000000000000 
-2.9495466288795055555839762921418618491878851978534E-76
PP 91 g=84 W=1 e=-816 -219.00000000000000000000000000000000000000000000000 
-1.6821633117828430121689864791121555858649657769007E-76
PP 91 g=84 W=1 e=-792 755.00000000000000000000000000000000000000000000000 
5.7992388145938195168382867202268377503563888655710E-76
PP 91 g=84 W=1 e=-768 -152.00000000000000000000000000000000000000000000000 
-1.1675288739314709490853239489728203153035378908170E-76
PP 91 g=84 W=1 e=-744 -804.00000000000000000000000000000000000000000000000 
-6.1756132542164647570039503616720232467371346330055E-76
PP 91 g=84 W=1 e=-720 719.00000000000000000000000000000000000000000000000 
5.5227188181363658710022889428385382019950246282723E-76
PP 91 g=84 W=1 e=-696 336.00000000000000000000000000000000000000000000000 
2.5808533002695673611359792556241291180393995481217E-76
PP 91 g=84 W=1 e=-672 -832.00000000000000000000000000000000000000000000000 
-6.3906843625722620370986152996407006732404179286823E-76
PP 91 g=84 W=1 e=-648 -37.000000000000000000000000000000000000000000000000 
-2.8420110747016069155366438231575231359362435500150E-77
PP 91 g=84 W=1 e=-624 218.00000000000000000000000000000000000000000000000 
1.6744822007701359664513198741847028206327056591980E-76
PP 91 g=84 W=1 e=-600 679.00000000000000000000000000000000000000000000000 
5.2154743776280840422956247457404275927046199201626E-76
PP 91 g=84 W=1 e=-576 404.00000000000000000000000000000000000000000000000 
3.1031688491336464699373083906909171538330875519082E-76
PP 91 g=84 W=1 e=-552 -1760.0000000000000000000000000000000000000000000000 
-1.3518755382364400463093224672316866808777807156828E-75
PP 91 g=84 W=1 e=-528 202.00000000000000000000000000000000000000000000000 
1.5515844245668232349686541953454585769165437759541E-76
PP 91 g=84 W=1 e=-504 1703.0000000000000000000000000000000000000000000000 
1.3080932054640098857186228191452059190538980447771E-75
PP 91 g=84 W=1 e=-480 -2209.0000000000000000000000000000000000000000000000 
-1.6967574227069863990325530284743158398062600005360E-75
PP 91 g=84 W=1 e=-456 62.000000000000000000000000000000000000000000000000 
4.7622888278783683449532950550207144440012729757007E-77
PP 91 g=84 W=1 e=-432 3328.0000000000000000000000000000000000000000000000 
2.5562737450289048148394461198562802692961671714729E-75
PP 91 g=84 W=1 e=-408 -1393.0000000000000000000000000000000000000000000000 
-1.0699787640700914684709580663941701968538343959921E-75
PP 91 g=84 W=1 e=-384 -1411.0000000000000000000000000000000000000000000000 
-1.0838047638929641507627579552635851742719026078571E-75
PP 91 g=84 W=1 e=-360 692.00000000000000000000000000000000000000000000000 
5.3153288207932756366252906097973135407240014502982E-76
PP 91 g=84 W=1 e=-336 -2294.0000000000000000000000000000000000000000000000 
-1.7620468663149962876327191703576643442804710010093E-75
PP 91 g=84 W=1 e=-312 537.00000000000000000000000000000000000000000000000 
4.1247566138236835503869668460421349297236832063731E-76
PP 91 g=84 W=1 e=-288 3387.0000000000000000000000000000000000000000000000 
2.6015923000038763845736790889282515841665018659191E-75
PP 91 g=84 W=1 e=-264 -789.00000000000000000000000000000000000000000000000 
-6.0603965890258590712389512877602317682532328674643E-76
PP 91 g=84 W=1 e=-240 1073.0000000000000000000000000000000000000000000000 
8.2418321166346600550562670871568170942151062950434E-76
PP 91 g=84 W=1 e=-216 236.00000000000000000000000000000000000000000000000 
1.8127421989988627893693187628788525948133877778474E-76
PP 91 g=84 W=1 e=-192 -5745.0000000000000000000000000000000000000000000000 
-4.4127982768001977647994645308216136259334376202259E-75
PP 91 g=84 W=1 e=-168 67.000000000000000000000000000000000000000000000000 
5.1463443785137206308366253013933527056142788608379E-77
PP 91 g=84 W=1 e=-144 2938.0000000000000000000000000000000000000000000000 
2.2567104155333300318504485276856224252380225810659E-75
PP 91 g=84 W=1 e=-120 -1387.0000000000000000000000000000000000000000000000 
-1.0653700974624672410403581034376985377144783253705E-75
PP 91 g=84 W=1 e=-96 5503.0000000000000000000000000000000000000000000000 
4.2269153902926872584319326915772567073127427718195E-75
PP 91 g=84 W=1 e=-72 4232.0000000000000000000000000000000000000000000000 
3.2506461805776217477165072052980102462924818118009E-75
PP 91 g=84 W=1 e=-48 -9555.0000000000000000000000000000000000000000000000 
-7.3393015726415821832304410081811171794245424649711E-75
PP 91 g=84 W=1 e=-24 -1580.0000000000000000000000000000000000000000000000 
-1.2136155400077132233913235785375369066970985970334E-75
PP 91 g=84 W=1 e=0 1827.0000000000000000000000000000000000000000000000 
1.4033389820215772526176887202456202079339235042912E-75
PP 92 g=84 W=1 e=-1296 1.0000000000000000000000000000000000000000000000000 
6.8922180285573146024783056468772974496003211665087E-79
PP 92 g=84 W=1 e=-1272 -8.0000000000000000000000000000000000000000000000000 
-5.5137744228458516819826445175018379596802569332070E-78
PP 92 g=84 W=1 e=-1248 18.000000000000000000000000000000000000000000000000 
1.2405992451403166284460950164379135409280578099716E-77
PP 92 g=84 W=1 e=-1224 19.000000000000000000000000000000000000000000000000 
1.3095214254258897744708780729066865154240610216367E-77
PP 92 g=84 W=1 e=-1200 -128.00000000000000000000000000000000000000000000000 
-8.8220390765533626911722312280029407354884110931312E-77
PP 92 g=84 W=1 e=-1176 70.000000000000000000000000000000000000000000000000 
4.8245526199901202217348139528141082147202248165561E-77
PP 92 g=84 W=1 e=-1152 368.00000000000000000000000000000000000000000000000 
2.5363362345090917737120164780508454614529181892752E-76
PP 92 g=84 W=1 e=-1128 -470.00000000000000000000000000000000000000000000000 
-3.2393424734219378631648036540323298013121509482591E-76
PP 92 g=84 W=1 e=-1104 -548.00000000000000000000000000000000000000000000000 
-3.7769354796494084021581114944887590023809759992468E-76
PP 92 g=84 W=1 e=-1080 1239.0000000000000000000000000000000000000000000000 
8.5394581373825127924706206964809715400547979253043E-76
PP 92 g=84 W=1 e=-1056 194.00000000000000000000000000000000000000000000000 
1.3370902975401190328807912954941957052224623063027E-76
PP 92 g=84 W=1 e=-1032 -1846.0000000000000000000000000000000000000000000000 
-1.2723034480716802756174952224135491091962192873375E-75
PP 92 g=84 W=1 e=-1008 873.00000000000000000000000000000000000000000000000 
6.0169063389305356479635608297238806735010803783621E-76
PP 92 g=84 W=1 e=-984 1484.0000000000000000000000000000000000000000000000 
1.0228051554379054870077805579965909415206876611099E-75
PP 92 g=84 W=1 e=-960 -1774.0000000000000000000000000000000000000000000000 
-1.2226794782660676104796514217560325675590969749387E-75
PP 92 g=84 W=1 e=-936 -489.00000000000000000000000000000000000000000000000 
-3.3702946159645268406118914613229984528545570504228E-76
PP 92 g=84 W=1 e=-912 1159.0000000000000000000000000000000000000000000000 
7.9880806950979276242723562447307877440867722319836E-76
PP 92 g=84 W=1 e=-888 810.00000000000000000000000000000000000000000000000 
5.5826966031314248280074275739706109341762601448721E-76
PP 92 g=84 W=1 e=-864 769.00000000000000000000000000000000000000000000000 
5.3001156639605749293058170424486417387426469770452E-76
PP 92 g=84 W=1 e=-840 -3671.0000000000000000000000000000000000000000000000 
-2.5301332382833901905697860029686558937482779002253E-75
PP 92 g=84 W=1 e=-816 -1082.0000000000000000000000000000000000000000000000 
-7.4573799068990143998815267099212358404675475021625E-76
PP 92 g=84 W=1 e=-792 6422.0000000000000000000000000000000000000000000000 
4.4261824179395074377115678864246004221333262531319E-75
PP 92 g=84 W=1 e=-768 -2902.0000000000000000000000000000000000000000000000 
-2.0001216718873326976392042987237917198740132025208E-75
PP 92 g=84 W=1 e=-744 -4574.0000000000000000000000000000000000000000000000 
-3.1525005262621156991735770028816758534471869015611E-75
PP 92 g=84 W=1 e=-720 8561.0000000000000000000000000000000000000000000000 
5.9004278542479170311816774642916543466028349506481E-75
PP 92 g=84 W=1 e=-696 -1095.0000000000000000000000000000000000000000000000 
-7.5469787412702594897137446833306407073123516773271E-76
PP 92 g=84 W=1 e=-672 -8700.0000000000000000000000000000000000000000000000 
-5.9962296848448637041561259127832487811522794148626E-75
PP 92 g=84 W=1 e=-648 3568.0000000000000000000000000000000000000000000000 
2.4591433925892498501642594548058197300173945922103E-75
PP 92 g=84 W=1 e=-624 24.000000000000000000000000000000000000000000000000 
1.6541323268537555045947933552505513879040770799621E-77
PP 92 g=84 W=1 e=-600 1296.0000000000000000000000000000000000000000000000 
8.9323145650102797248118841183529774946820162317953E-76
PP 92 g=84 W=1 e=-576 8773.0000000000000000000000000000000000000000000000 
6.0465428764533321007542175440054530525343617593781E-75
PP 92 g=84 W=1 e=-552 -7374.0000000000000000000000000000000000000000000000 
-5.0823215742581637878675025840073191393352768281835E-75
PP 92 g=84 W=1 e=-528 -3742.0000000000000000000000000000000000000000000000 
-2.5790679862861471242473819730614847056404401805076E-75
PP 92 g=84 W=1 e=-504 5781.0000000000000000000000000000000000000000000000 
3.9843912423089835716927084944597656556139456663587E-75
PP 92 g=84 W=1 e=-480 -13977.000000000000000000000000000000000000000000000 
-9.6332531385145586198839278026403986453063688944293E-75
PP 92 g=84 W=1 e=-456 1840.0000000000000000000000000000000000000000000000 
1.2681681172545458868560082390254227307264590946376E-75
PP 92 g=84 W=1 e=-432 22398.000000000000000000000000000000000000000000000 
1.5437189940362673246630908987875770827614799348746E-74
PP 92 g=84 W=1 e=-408 -7825.0000000000000000000000000000000000000000000000 
-5.3931606073460986764392741686814852543122513127931E-75
PP 92 g=84 W=1 e=-384 -2760.0000000000000000000000000000000000000000000000 
-1.9022521758818188302840123585381340960896886419564E-75
PP 92 g=84 W=1 e=-360 9596.0000000000000000000000000000000000000000000000 
6.6137724202035990925381820987434546326364681913818E-75
PP 92 g=84 W=1 e=-336 -28778.000000000000000000000000000000000000000000000 
-1.9834425042582239963012067990583486600459804252979E-74
PP 92 g=84 W=1 e=-312 -5856.0000000000000000000000000000000000000000000000 
-4.0360828775231634312112957868113453864859480751075E-75
PP 92 g=84 W=1 e=-288 30230.000000000000000000000000000000000000000000000 
2.0835175100328762043291917970510070190141770886356E-74
PP 92 g=84 W=1 e=-264 -7169.0000000000000000000000000000000000000000000000 
-4.9410311046727388385166973182463345416184702442701E-75
PP 92 g=84 W=1 e=-240 8483.0000000000000000000000000000000000000000000000 
5.8466685536251699772823466802460114264959524455494E-75
PP 92 g=84 W=1 e=-216 23506.000000000000000000000000000000000000000000000 
1.6200847697926823704585505253549775385030514933995E-74
PP 92 g=84 W=1 e=-192 -41644.000000000000000000000000000000000000000000000 
-2.8701952758124080930560656035855817499115577465809E-74
PP 92 g=84 W=1 e=-168 -16753.000000000000000000000000000000000000000000000 
-1.1546532863242069153531905450213536417315418050252E-74
PP 92 g=84 W=1 e=-144 21319.000000000000000000000000000000000000000000000 
1.4693519615081339001023499808577710432802924694880E-74
PP 92 g=84 W=1 e=-120 -20849.000000000000000000000000000000000000000000000 
-1.4369585367739145214707019443174477452671709600054E-74
PP 92 g=84 W=1 e=-96 34752.000000000000000000000000000000000000000000000 
2.3951836092842379706532607784027984096851036117851E-74
PP 92 g=84 W=1 e=-72 35357.000000000000000000000000000000000000000000000 
2.4368815283570097239982545275664060592551855548425E-74
PP 92 g=84 W=1 e=-48 -52833.000000000000000000000000000000000000000000000 
-3.6413655510276860239273632224146825615473376819016E-74
PP 92 g=84 W=1 e=-24 20333.000000000000000000000000000000000000000000000 
1.4013946917465587781219138871795608904272333027862E-74
PP 92 g=84 W=1 e=0 2199.0000000000000000000000000000000000000000000000 
1.5155987444797534810849794117483177091671106245153E-75
PP 93 g=84 W=1 e=-720 1.0000000000000000000000000000000000000000000000000 
3.0616667874886095021238643875930384128979365317667E-79
PP 93 g=84 W=1 e=-696 -9.0000000000000000000000000000000000000000000000000 
-2.7555001087397485519114779488337345716081428785900E-78
PP 93 g=84 W=1 e=-672 32.000000000000000000000000000000000000000000000000 
9.7973337199635504067963660402977229212733969016534E-78
PP 93 g=84 W=1 e=-648 -53.000000000000000000000000000000000000000000000000 
-1.6226833973689630361256481254243103588359063618363E-77
PP 93 g=84 W=1 e=-624 28.000000000000000000000000000000000000000000000000 
8.5726670049681066059468202852605075561142222889467E-78
PP 93 g=84 W=1 e=-600 32.000000000000000000000000000000000000000000000000 
9.7973337199635504067963660402977229212733969016534E-78
PP 93 g=84 W=1 e=-576 -41.000000000000000000000000000000000000000000000000 
-1.2552833828703298958707843989131457492881539780243E-77
PP 93 g=84 W=1 e=-552 -25.000000000000000000000000000000000000000000000000 
-7.6541669687215237553096609689825960322448413294167E-78
PP 93 g=84 W=1 e=-528 87.000000000000000000000000000000000000000000000000 
2.6636501051150902668477620172059434192212047826370E-77
PP 93 g=84 W=1 e=-504 -62.000000000000000000000000000000000000000000000000 
-1.8982334082429378913167959203076838159967206496954E-77
PP 93 g=84 W=1 e=-480 -60.000000000000000000000000000000000000000000000000 
-1.8370000724931657012743186325558230477387619190600E-77
PP 93 g=84 W=1 e=-456 156.00000000000000000000000000000000000000000000000 
4.7762001884822308233132284446451399241207809895561E-77
PP 93 g=84 W=1 e=-432 -123.00000000000000000000000000000000000000000000000 
-3.7658501486109896876123531967394372478644619340730E-77
PP 93 g=84 W=1 e=-408 16.000000000000000000000000000000000000000000000000 
4.8986668599817752033981830201488614606366984508267E-78
PP 93 g=84 W=1 e=-384 74.000000000000000000000000000000000000000000000000 
2.2656334227415710315716596468188484255444730335074E-77
PP 93 g=84 W=1 e=-360 -28.000000000000000000000000000000000000000000000000 
-8.5726670049681066059468202852605075561142222889467E-78
PP 93 g=84 W=1 e=-336 -56.000000000000000000000000000000000000000000000000 
-1.7145334009936213211893640570521015112228444577893E-77
PP 93 g=84 W=1 e=-312 -27.000000000000000000000000000000000000000000000000 
-8.2665003262192456557344338465012037148244286357700E-78
PP 93 g=84 W=1 e=-288 41.000000000000000000000000000000000000000000000000 
1.2552833828703298958707843989131457492881539780243E-77
PP 93 g=84 W=1 e=-264 47.000000000000000000000000000000000000000000000000 
1.4389833901196464659982162621687280540620301699303E-77
PP 93 g=84 W=1 e=-240 -11.000000000000000000000000000000000000000000000000 
-3.3678334662374704523362508263523422541877301849434E-78
PP 93 g=84 W=1 e=-216 -88.000000000000000000000000000000000000000000000000 
-2.6942667729899763618690006610818738033501841479547E-77
PP 93 g=84 W=1 e=-192 262.00000000000000000000000000000000000000000000000 
8.0215669832201568955645246954937606417925937132287E-77
PP 93 g=84 W=1 e=-168 -146.00000000000000000000000000000000000000000000000 
-4.4700335097333698731008420058858360828309873363794E-77
PP 93 g=84 W=1 e=-144 -258.00000000000000000000000000000000000000000000000 
-7.8991003117206125154795701199900391052766762519580E-77
PP 93 g=84 W=1 e=-120 328.00000000000000000000000000000000000000000000000 
1.0042267062962639166966275191305165994305231824195E-76
PP 93 g=84 W=1 e=-96 -290.00000000000000000000000000000000000000000000000 
-8.8788336837169675561592067240198113974040159421234E-77
PP 93 g=84 W=1 e=-72 73.000000000000000000000000000000000000000000000000 
2.2350167548666849365504210029429180414154936681897E-77
PP 93 g=84 W=1 e=-48 209.00000000000000000000000000000000000000000000000 
6.3988835858511938594388765700694502829566873513924E-77
PP 93 g=84 W=1 e=-24 122.00000000000000000000000000000000000000000000000 
3.7352334807361035925911145528635068637354825687554E-77
PP 93 g=84 W=1 e=0 -363.00000000000000000000000000000000000000000000000 
-1.1113850438583652492709627726962729438819509610313E-76
PP 94 g=84 W=1 e=-1008 1.0000000000000000000000000000000000000000000000000 
7.5570478339260584988288458939351548585706740612884E-79
PP 94 g=84 W=1 e=-984 -9.0000000000000000000000000000000000000000000000000 
-6.8013430505334526489459613045416393727136066551596E-78
PP 94 g=84 W=1 e=-960 31.000000000000000000000000000000000000000000000000 
2.3426848285170781346369422271198980061569089589994E-77
PP 94 g=84 W=1 e=-936 -44.000000000000000000000000000000000000000000000000 
-3.3251010469274657394846921933314681377710965869669E-77
PP 94 g=84 W=1 e=-912 -3.0000000000000000000000000000000000000000000000000 
-2.2671143501778175496486537681805464575712022183865E-78
PP 94 g=84 W=1 e=-888 76.000000000000000000000000000000000000000000000000 
5.7433563537838044591099228793907176925137122865792E-77
PP 94 g=84 W=1 e=-864 -36.000000000000000000000000000000000000000000000000 
-2.7205372202133810595783845218166557490854426620638E-77
PP 94 g=84 W=1 e=-840 -119.00000000000000000000000000000000000000000000000 
-8.9928869223720096136063266137828342816991021329332E-77
PP 94 g=84 W=1 e=-816 188.00000000000000000000000000000000000000000000000 
1.4207249927780989977798230280598091134112867235222E-76
PP 94 g=84 W=1 e=-792 -58.000000000000000000000000000000000000000000000000 
-4.3830877436771139293207306184823898179709909555473E-77
PP 94 g=84 W=1 e=-768 -161.00000000000000000000000000000000000000000000000 
-1.2166847012620954183114441889235599322298785238674E-76
PP 94 g=84 W=1 e=-744 234.00000000000000000000000000000000000000000000000 
1.7683491931386976887259499391808262369055377303415E-76
PP 94 g=84 W=1 e=-720 -47.000000000000000000000000000000000000000000000000 
-3.5518124819452474944495575701495227835282168088056E-77
PP 94 g=84 W=1 e=-696 -192.00000000000000000000000000000000000000000000000 
-1.4509531841138032317751384116355497328455694197674E-76
PP 94 g=84 W=1 e=-672 260.00000000000000000000000000000000000000000000000 
1.9648324368207752096954999324231402632283752559350E-76
PP 94 g=84 W=1 e=-648 -88.000000000000000000000000000000000000000000000000 
-6.6502020938549314789693843866629362755421931739338E-77
PP 94 g=84 W=1 e=-624 -216.00000000000000000000000000000000000000000000000 
-1.6323223321280286357470307130899934494512655972383E-76
PP 94 g=84 W=1 e=-600 262.00000000000000000000000000000000000000000000000 
1.9799465324886273266931576242110105729455166040576E-76
PP 94 g=84 W=1 e=-576 -120.00000000000000000000000000000000000000000000000 
-9.0684574007112701985946150727221858302848088735461E-77
PP 94 g=84 W=1 e=-552 65.000000000000000000000000000000000000000000000000 
4.9120810920519380242387498310578506580709381398375E-77
PP 94 g=84 W=1 e=-528 233.00000000000000000000000000000000000000000000000 
1.7607921453047716302271210932868910820469670562802E-76
PP 94 g=84 W=1 e=-504 -532.00000000000000000000000000000000000000000000000 
-4.0203494476486631213769460155735023847595986006054E-76
PP 94 g=84 W=1 e=-480 322.00000000000000000000000000000000000000000000000 
2.4333694025241908366228883778471198644597570477349E-76
PP 94 g=84 W=1 e=-456 228.00000000000000000000000000000000000000000000000 
1.7230069061351413377329768638172153077541136859738E-76
PP 94 g=84 W=1 e=-432 -790.00000000000000000000000000000000000000000000000 
-5.9700677888015862140747882562087723382708325084178E-76
PP 94 g=84 W=1 e=-408 438.00000000000000000000000000000000000000000000000 
3.3099869512596136224870345015435978280539552388443E-76
PP 94 g=84 W=1 e=-384 529.00000000000000000000000000000000000000000000000 
3.9976783041468849458804594778916969201838865784216E-76
PP 94 g=84 W=1 e=-360 -626.00000000000000000000000000000000000000000000000 
-4.7307119440377126202668575296034069414652419623665E-76
PP 94 g=84 W=1 e=-336 363.00000000000000000000000000000000000000000000000 
2.7432083637151592350748710594984612136611546842477E-76
PP 94 g=84 W=1 e=-312 240.00000000000000000000000000000000000000000000000 
1.8136914801422540397189230145444371660569617747092E-76
PP 94 g=84 W=1 e=-288 -1194.0000000000000000000000000000000000000000000000 
-9.0231151137077138476016419973585749011333848291783E-76
PP 94 g=84 W=1 e=-264 782.00000000000000000000000000000000000000000000000 
5.9096114061301777460841574890572910994022671159275E-76
PP 94 g=84 W=1 e=-240 15.000000000000000000000000000000000000000000000000 
1.1335571750889087748243268840902732287856011091933E-77
PP 94 g=84 W=1 e=-216 -346.00000000000000000000000000000000000000000000000 
-2.6147385505384162405947806793015635810654532252058E-76
PP 94 g=84 W=1 e=-192 717.00000000000000000000000000000000000000000000000 
5.4184032969249839436602825059515060335951733019438E-76
PP 94 g=84 W=1 e=-168 26.000000000000000000000000000000000000000000000000 
1.9648324368207752096954999324231402632283752559350E-77
PP 94 g=84 W=1 e=-144 -529.00000000000000000000000000000000000000000000000 
-3.9976783041468849458804594778916969201838865784216E-76
PP 94 g=84 W=1 e=-120 535.00000000000000000000000000000000000000000000000 
4.0430205911504412968734325532553078493353106227893E-76
PP 94 g=84 W=1 e=-96 -975.00000000000000000000000000000000000000000000000 
-7.3681216380779070363581247465867759871064072097562E-76
PP 94 g=84 W=1 e=-72 -782.00000000000000000000000000000000000000000000000 
-5.9096114061301777460841574890572910994022671159275E-76
PP 94 g=84 W=1 e=-48 1997.0000000000000000000000000000000000000000000000 
1.5091424524350338822161205250188504252565636100393E-75
PP 94 g=84 W=1 e=-24 -162.00000000000000000000000000000000000000000000000 
-1.2242417490960214768102730348174950870884491979287E-76
PP 94 g=84 W=1 e=0 -612.00000000000000000000000000000000000000000000000 
-4.6249132743627478012832536870883147734452525255085E-76
PP 95 g=84 W=1 e=-1296 1.0000000000000000000000000000000000000000000000000 
6.7962181648270077391614295190871557189166247924752E-79
PP 95 g=84 W=1 e=-1272 -9.0000000000000000000000000000000000000000000000000 
-6.1165963483443069652452865671784401470249623132277E-78
PP 95 g=84 W=1 e=-1248 30.000000000000000000000000000000000000000000000000 
2.0388654494481023217484288557261467156749874377426E-77
PP 95 g=84 W=1 e=-1224 -35.000000000000000000000000000000000000000000000000 
-2.3786763576894527087065003316805045016208186773663E-77
PP 95 g=84 W=1 e=-1200 -33.000000000000000000000000000000000000000000000000 
-2.2427519943929125539232717412987613872424861815168E-77
PP 95 g=84 W=1 e=-1176 111.00000000000000000000000000000000000000000000000 
7.5438021629579785904691867661867428479974535196475E-77
PP 95 g=84 W=1 e=-1152 -1.0000000000000000000000000000000000000000000000000 
-6.7962181648270077391614295190871557189166247924752E-79
PP 95 g=84 W=1 e=-1128 -248.00000000000000000000000000000000000000000000000 
-1.6854621048770979193120345207336146182913229485338E-76
PP 95 g=84 W=1 e=-1104 252.00000000000000000000000000000000000000000000000 
1.7126469775364059502686802388099632411669894477038E-76
PP 95 g=84 W=1 e=-1080 93.000000000000000000000000000000000000000000000000 
6.3204828932891171974201294527510548185924610570019E-77
PP 95 g=84 W=1 e=-1056 -389.00000000000000000000000000000000000000000000000 
-2.6437288661177060105337960829249035746585670442729E-76
PP 95 g=84 W=1 e=-1032 258.00000000000000000000000000000000000000000000000 
1.7534242865253679967036488159244861754804891964586E-76
PP 95 g=84 W=1 e=-1008 237.00000000000000000000000000000000000000000000000 
1.6107037050640008341812587960236559053832400758166E-76
PP 95 g=84 W=1 e=-984 -577.00000000000000000000000000000000000000000000000 
-3.9214178811051834654961448325132888498148925052582E-76
PP 95 g=84 W=1 e=-960 399.00000000000000000000000000000000000000000000000 
2.7116910477659760879254103781157751318477332921976E-76
PP 95 g=84 W=1 e=-936 116.00000000000000000000000000000000000000000000000 
7.8836130711993289774272582421411006339432847592712E-77
PP 95 g=84 W=1 e=-912 -654.00000000000000000000000000000000000000000000000 
-4.4447266797968630614115749054829998401714726142788E-76
PP 95 g=84 W=1 e=-888 663.00000000000000000000000000000000000000000000000 
4.5058926432803061310640277711547842416417222374111E-76
PP 95 g=84 W=1 e=-864 50.000000000000000000000000000000000000000000000000 
3.3981090824135038695807147595435778594583123962376E-77
PP 95 g=84 W=1 e=-840 -666.00000000000000000000000000000000000000000000000 
-4.5262812977747871542815120597120457087984721117885E-76
PP 95 g=84 W=1 e=-816 966.00000000000000000000000000000000000000000000000 
6.5651467472228894760299409154381924244734595495310E-76
PP 95 g=84 W=1 e=-792 -826.00000000000000000000000000000000000000000000000 
-5.6136762041471083925473407827659906238251320785845E-76
PP 95 g=84 W=1 e=-768 -493.00000000000000000000000000000000000000000000000 
-3.3505355552597148154065847529099677694258960226903E-76
PP 95 g=84 W=1 e=-744 1770.0000000000000000000000000000000000000000000000 
1.2029306151743803698315730248784265622482425882681E-75
PP 95 g=84 W=1 e=-720 -1360.0000000000000000000000000000000000000000000000 
-9.2428567041647305252595441459585317777266097177663E-76
PP 95 g=84 W=1 e=-696 -649.00000000000000000000000000000000000000000000000 
-4.4107455889727280227157677578875640615768894903164E-76
PP 95 g=84 W=1 e=-672 2790.0000000000000000000000000000000000000000000000 
1.8961448679867351592260388358253164455777383171006E-75
PP 95 g=84 W=1 e=-648 -1951.0000000000000000000000000000000000000000000000 
-1.3259421639577492099103948991739040807606334970119E-75
PP 95 g=84 W=1 e=-624 -959.00000000000000000000000000000000000000000000000 
-6.5175732200691004218558109088045823344410431759837E-76
PP 95 g=84 W=1 e=-600 2133.0000000000000000000000000000000000000000000000 
1.4496333345576007507631329164212903148449160682350E-75
PP 95 g=84 W=1 e=-576 -2376.0000000000000000000000000000000000000000000000 
-1.6147814359628970388247556537351081988145900506921E-75
PP 95 g=84 W=1 e=-552 907.00000000000000000000000000000000000000000000000 
6.1641698754980960194194165738120502370573786867750E-76
PP 95 g=84 W=1 e=-528 2550.0000000000000000000000000000000000000000000000 
1.7330356320308869734861645273672247083237393220812E-75
PP 95 g=84 W=1 e=-504 -3074.0000000000000000000000000000000000000000000000 
-2.0891574638678221790182234341673916679949704612069E-75
PP 95 g=84 W=1 e=-480 1170.0000000000000000000000000000000000000000000000 
7.9515752528475990548188725373319721911324510071960E-76
PP 95 g=84 W=1 e=-456 1908.0000000000000000000000000000000000000000000000 
1.2967184258489930766320007522418293111692920104043E-75
PP 95 g=84 W=1 e=-432 -4945.0000000000000000000000000000000000000000000000 
-3.3607298825069553270153268971885985030042709598790E-75
PP 95 g=84 W=1 e=-408 2331.0000000000000000000000000000000000000000000000 
1.5841984542211755039985292208992159980794652391260E-75
PP 95 g=84 W=1 e=-384 1773.0000000000000000000000000000000000000000000000 
1.2049694806238284721533214537341527089639175757059E-75
PP 95 g=84 W=1 e=-360 -3998.0000000000000000000000000000000000000000000000 
-2.7171280222978376941167395217310448564228665920316E-75
PP 95 g=84 W=1 e=-336 5113.0000000000000000000000000000000000000000000000 
3.4749063476760490570332389131092627190820702563926E-75
PP 95 g=84 W=1 e=-312 1821.0000000000000000000000000000000000000000000000 
1.2375913278149981093012963154257710564147173747097E-75
PP 95 g=84 W=1 e=-288 -7529.0000000000000000000000000000000000000000000000 
-5.1168726562982541268146402849207195407723268062546E-75
PP 95 g=84 W=1 e=-264 2658.0000000000000000000000000000000000000000000000 
1.8064347882110186570691079661733659900880388698399E-75
PP 95 g=84 W=1 e=-240 1272.0000000000000000000000000000000000000000000000 
8.6447895056599538442133383482788620744619467360285E-76
PP 95 g=84 W=1 e=-216 -4374.0000000000000000000000000000000000000000000000 
-2.9726658252953331851092092716487219114541316842286E-75
PP 95 g=84 W=1 e=-192 5189.0000000000000000000000000000000000000000000000 
3.5265576057287343158508657774543251025458366048154E-75
PP 95 g=84 W=1 e=-168 846.00000000000000000000000000000000000000000000000 
5.7496005674436485473305693731477337382034645744340E-76
PP 95 g=84 W=1 e=-144 -4342.0000000000000000000000000000000000000000000000 
-2.9509179271678867603438926971876430131535984848927E-75
PP 95 g=84 W=1 e=-120 9287.0000000000000000000000000000000000000000000000 
6.3116478096748420873592195943762415161578694447717E-75
PP 95 g=84 W=1 e=-96 -7875.0000000000000000000000000000000000000000000000 
-5.3520218048012685945896257462811351286468420240742E-75
PP 95 g=84 W=1 e=-72 -8737.0000000000000000000000000000000000000000000000 
-5.9378558106093566617053409708264479516174550811856E-75
PP 95 g=84 W=1 e=-48 11995.000000000000000000000000000000000000000000000 
8.1520636887099957831241347081450432848404914385740E-75
PP 95 g=84 W=1 e=-24 -1830.0000000000000000000000000000000000000000000000 
-1.2437079241633424162665416019929494965617423370230E-75
PP 95 g=84 W=1 e=0 -6332.0000000000000000000000000000000000000000000000 
-4.3033653419684613004370171714859870012180068185953E-75
PP 96 g=84 W=1 e=-672 1.0000000000000000000000000000000000000000000000000 
-5.3115309450680014236465635075475964043718564075037E-80
PP 96 g=84 W=1 e=-648 -9.0000000000000000000000000000000000000000000000000 
4.7803778505612012812819071567928367639346707667534E-79
PP 96 g=84 W=1 e=-624 29.000000000000000000000000000000000000000000000000 
-1.5403439740697204128575034171888029572678383581761E-78
PP 96 g=84 W=1 e=-600 -26.000000000000000000000000000000000000000000000000 
1.3809980457176803701481065119623750651366826659510E-78
PP 96 g=84 W=1 e=-576 -65.000000000000000000000000000000000000000000000000 
3.4524951142942009253702662799059376628417066648774E-78
PP 96 g=84 W=1 e=-552 164.00000000000000000000000000000000000000000000000 
-8.7109107499115223347803641523780581031698445083061E-78
PP 96 g=84 W=1 e=-528 -31.000000000000000000000000000000000000000000000000 
1.6465745929710804413304346873397548853552754863262E-78
PP 96 g=84 W=1 e=-504 -262.00000000000000000000000000000000000000000000000 
1.3916211076078163729953996389774702579454263787660E-77
PP 96 g=84 W=1 e=-480 233.00000000000000000000000000000000000000000000000 
-1.2375867102008443317096492972585899622186425429484E-77
PP 96 g=84 W=1 e=-456 188.00000000000000000000000000000000000000000000000 
-9.9856781767278426764555393941894812402190900461070E-78
PP 96 g=84 W=1 e=-432 -410.00000000000000000000000000000000000000000000000 
2.1777276874778805836950910380945145257924611270765E-77
PP 96 g=84 W=1 e=-408 98.000000000000000000000000000000000000000000000000 
-5.2053003261666413951736322373966444762844192793537E-78
PP 96 g=84 W=1 e=-384 302.00000000000000000000000000000000000000000000000 
-1.6040823454105364299412621792793741141203006350661E-77
PP 96 g=84 W=1 e=-360 -264.00000000000000000000000000000000000000000000000 
1.4022441694979523758426927659925654507541700915810E-77
PP 96 g=84 W=1 e=-336 106.00000000000000000000000000000000000000000000000 
-5.6302228017720815090653573180004521886341677919539E-78
PP 96 g=84 W=1 e=-312 -173.00000000000000000000000000000000000000000000000 
9.1889485349676424629085548680573417795633115849814E-78
PP 96 g=84 W=1 e=-288 -109.00000000000000000000000000000000000000000000000 
5.7895687301241215517747542232268800807653234841791E-78
PP 96 g=84 W=1 e=-264 578.00000000000000000000000000000000000000000000000 
-3.0700648862493048228677137073625107217269330035372E-77
PP 96 g=84 W=1 e=-240 -310.00000000000000000000000000000000000000000000000 
1.6465745929710804413304346873397548853552754863262E-77
PP 96 g=84 W=1 e=-216 -406.00000000000000000000000000000000000000000000000 
2.1564815636976085780005047840643241401749737014465E-77
PP 96 g=84 W=1 e=-192 736.00000000000000000000000000000000000000000000000 
-3.9092867755700490478038707415550309536176863159228E-77
PP 96 g=84 W=1 e=-168 -164.00000000000000000000000000000000000000000000000 
8.7109107499115223347803641523780581031698445083061E-78
PP 96 g=84 W=1 e=-144 -656.00000000000000000000000000000000000000000000000 
3.4843642999646089339121456609512232412679378033225E-77
PP 96 g=84 W=1 e=-120 584.00000000000000000000000000000000000000000000000 
-3.1019340719197128314095930884077963001531641419822E-77
PP 96 g=84 W=1 e=-96 -435.00000000000000000000000000000000000000000000000 
2.3105159611045806192862551257832044359017575372641E-77
PP 96 g=84 W=1 e=-72 89.000000000000000000000000000000000000000000000000 
-4.7272625411105212670454415217173607998909522026783E-78
PP 96 g=84 W=1 e=-48 962.00000000000000000000000000000000000000000000000 
-5.1096927691554173695479940942607877410057258640186E-77
PP 96 g=84 W=1 e=-24 -768.00000000000000000000000000000000000000000000000 
4.0792557658122250933605607737965540385575857209629E-77
PP 96 g=84 W=1 e=0 -225.00000000000000000000000000000000000000000000000 
1.1950944626403003203204767891982091909836676916883E-77
PP 97 g=84 W=1 e=-960 1.0000000000000000000000000000000000000000000000000 
4.0928769996304239267130769386789031698424238040081E-79
PP 97 g=84 W=1 e=-936 -9.0000000000000000000000000000000000000000000000000 
-3.6835892996673815340417692448110128528581814236073E-78
PP 97 g=84 W=1 e=-912 28.000000000000000000000000000000000000000000000000 
1.1460055598965186994796615428300928875558786651223E-77
PP 97 g=84 W=1 e=-888 -17.000000000000000000000000000000000000000000000000 
-6.9578908993717206754122307957541353887321204668137E-78
PP 97 g=84 W=1 e=-864 -93.000000000000000000000000000000000000000000000000 
-3.8063756096562942518431615529713799479534541377275E-77
PP 97 g=84 W=1 e=-840 181.00000000000000000000000000000000000000000000000 
7.4081073693310673073506692590088147374147870852546E-77
PP 97 g=84 W=1 e=-816 64.000000000000000000000000000000000000000000000000 
2.6194412797634713130963692407544980286991512345652E-77
PP 97 g=84 W=1 e=-792 -461.00000000000000000000000000000000000000000000000 
-1.8868162968296254302147284687309743612973573736477E-76
PP 97 g=84 W=1 e=-768 228.00000000000000000000000000000000000000000000000 
9.3317595591573665529058154201878992272407262731384E-77
PP 97 g=84 W=1 e=-744 588.00000000000000000000000000000000000000000000000 
2.4066116757826892689072892399431950638673451967567E-76
PP 97 g=84 W=1 e=-720 -740.00000000000000000000000000000000000000000000000 
-3.0287289797265137057676769346223883456833936149660E-76
PP 97 g=84 W=1 e=-696 -179.00000000000000000000000000000000000000000000000 
-7.3262498293384588288164077202352366740179386091744E-77
PP 97 g=84 W=1 e=-672 887.00000000000000000000000000000000000000000000000 
3.6303818986721860229944992446081871116502299141551E-76
PP 97 g=84 W=1 e=-648 -428.00000000000000000000000000000000000000000000000 
-1.7517513558418214406331969297545705566925573881155E-76
PP 97 g=84 W=1 e=-624 -250.00000000000000000000000000000000000000000000000 
-1.0232192499076059816782692346697257924606059510020E-76
PP 97 g=84 W=1 e=-600 161.00000000000000000000000000000000000000000000000 
6.5895319694049825220080538712730341034463023244530E-77
PP 97 g=84 W=1 e=-576 -422.00000000000000000000000000000000000000000000000 
-1.7271940938440388970729184681224971376735028452914E-76
PP 97 g=84 W=1 e=-552 1175.0000000000000000000000000000000000000000000000 
4.8091304745657481138878654029477112245648479697095E-76
PP 97 g=84 W=1 e=-528 -87.000000000000000000000000000000000000000000000000 
-3.5608029896784688162403769366506457577629087094870E-77
PP 97 g=84 W=1 e=-504 -2142.0000000000000000000000000000000000000000000000 
-8.7669425332083680510194108026502105898024717881853E-76
PP 97 g=84 W=1 e=-480 1949.0000000000000000000000000000000000000000000000 
7.9770172722796962331637869534851822780228839940117E-76
PP 97 g=84 W=1 e=-456 890.00000000000000000000000000000000000000000000000 
3.6426605296710772947746384754242238211597571855672E-76
PP 97 g=84 W=1 e=-432 -2968.0000000000000000000000000000000000000000000000 
-1.2147658934903098214484412353998984608092313850296E-75
PP 97 g=84 W=1 e=-408 1509.0000000000000000000000000000000000000000000000 
6.1761513924423097054100331004664648832922175202482E-76
PP 97 g=84 W=1 e=-384 1079.0000000000000000000000000000000000000000000000 
4.4162142826012274169234100168345365202599752845247E-76
PP 97 g=84 W=1 e=-360 -1553.0000000000000000000000000000000000000000000000 
-6.3562379804260483581854084857683366227652841676246E-76
PP 97 g=84 W=1 e=-336 1964.0000000000000000000000000000000000000000000000 
8.0384104272741525920644831075653658255705203510718E-76
PP 97 g=84 W=1 e=-312 -1297.0000000000000000000000000000000000000000000000 
-5.3084614685206598329468607894665374112856236737985E-76
PP 97 g=84 W=1 e=-288 -2460.0000000000000000000000000000000000000000000000 
-1.0068477419090842859714169269150101797812362557860E-75
PP 97 g=84 W=1 e=-264 3927.0000000000000000000000000000000000000000000000 
1.6072727977548674760202253138192052747971198278340E-75
PP 97 g=84 W=1 e=-240 -1241.0000000000000000000000000000000000000000000000 
-5.0792603565413560930509284809005188337744479407740E-76
PP 97 g=84 W=1 e=-216 -2946.0000000000000000000000000000000000000000000000 
-1.2057615640911228888096724661348048738355780526608E-75
PP 97 g=84 W=1 e=-192 5111.0000000000000000000000000000000000000000000000 
2.0918694345111096689430536233587874101064628062285E-75
PP 97 g=84 W=1 e=-168 -1022.0000000000000000000000000000000000000000000000 
-4.1829202936222932531007646313298390395789571276963E-76
PP 97 g=84 W=1 e=-144 -3114.0000000000000000000000000000000000000000000000 
-1.2745218976849140107784521587046104470889307725681E-75
PP 97 g=84 W=1 e=-120 3496.0000000000000000000000000000000000000000000000 
1.4308697990707962047788916977621445481769113618812E-75
PP 97 g=84 W=1 e=-96 -3164.0000000000000000000000000000000000000000000000 
-1.2949862826830661304120175433980049629381428915881E-75
PP 97 g=84 W=1 e=-72 -2612.0000000000000000000000000000000000000000000000 
-1.0690594723034667296574556963829295079628410976069E-75
PP 97 g=84 W=1 e=-48 6940.0000000000000000000000000000000000000000000000 
2.8404566377435142051388753954431587998706421199816E-75
PP 97 g=84 W=1 e=-24 -2027.0000000000000000000000000000000000000000000000 
-8.2962616782508692994474069547021367252705930507243E-76
PP 97 g=84 W=1 e=0 -3137.0000000000000000000000000000000000000000000000 
-1.2839355147840639858098922356635719243795683473173E-75
PP 98 g=84 W=1 e=-1248 1.0000000000000000000000000000000000000000000000000 
3.3204971098854966694147486311141206350494169529901E-79
PP 98 g=84 W=1 e=-1224 -9.0000000000000000000000000000000000000000000000000 
-2.9884473988969470024732737680027085715444752576910E-78
PP 98 g=84 W=1 e=-1200 27.000000000000000000000000000000000000000000000000 
8.9653421966908410074198213040081257146334257730732E-78
PP 98 g=84 W=1 e=-1176 -8.0000000000000000000000000000000000000000000000000 
-2.6563976879083973355317989048912965080395335623920E-78
PP 98 g=84 W=1 e=-1152 -120.00000000000000000000000000000000000000000000000 
-3.9845965318625960032976983573369447620593003435880E-77
PP 98 g=84 W=1 e=-1128 189.00000000000000000000000000000000000000000000000 
6.2757395376835887051938749128056880002433980411512E-77
PP 98 g=84 W=1 e=-1104 186.00000000000000000000000000000000000000000000000 
6.1761246243870238051114324538722643811919155325615E-77
PP 98 g=84 W=1 e=-1080 -668.00000000000000000000000000000000000000000000000 
-2.2180920694035117751690520855842325842130105245974E-76
PP 98 g=84 W=1 e=-1056 99.000000000000000000000000000000000000000000000000 
3.2872921387866417027206011448029794286989227834602E-77
PP 98 g=84 W=1 e=-1032 1213.0000000000000000000000000000000000000000000000 
4.0277629942911074600000900895414283303149427639769E-76
PP 98 g=84 W=1 e=-1008 -998.00000000000000000000000000000000000000000000000 
-3.3138561156657256760759191338518923937793181190841E-76
PP 98 g=84 W=1 e=-984 -1038.0000000000000000000000000000000000000000000000 
-3.4466760000611455428525090790964572191812947972037E-76
PP 98 g=84 W=1 e=-960 1893.0000000000000000000000000000000000000000000000 
6.2857010290132451952021191586990303621485462920102E-76
PP 98 g=84 W=1 e=-936 -123.00000000000000000000000000000000000000000000000 
-4.0842114451591609033801408162703683811107828521778E-77
PP 98 g=84 W=1 e=-912 -1500.0000000000000000000000000000000000000000000000 
-4.9807456648282450041221229466711809525741254294851E-76
PP 98 g=84 W=1 e=-888 783.00000000000000000000000000000000000000000000000 
2.5999492370403438921517481781623564572436934741912E-76
PP 98 g=84 W=1 e=-864 -275.00000000000000000000000000000000000000000000000 
-9.1313670521851158408905587355638317463858966207226E-77
PP 98 g=84 W=1 e=-840 1230.0000000000000000000000000000000000000000000000 
4.0842114451591609033801408162703683811107828521778E-76
PP 98 g=84 W=1 e=-816 873.00000000000000000000000000000000000000000000000 
2.8987939769300385923990755549626273143981409999603E-76
PP 98 g=84 W=1 e=-792 -5103.0000000000000000000000000000000000000000000000 
-1.6944496751745689504023462264575357600657174711108E-75
PP 98 g=84 W=1 e=-768 2589.0000000000000000000000000000000000000000000000 
8.5967670174935508771147842059544583241429404912913E-76
PP 98 g=84 W=1 e=-744 5697.0000000000000000000000000000000000000000000000 
1.8916872035017674525655822951457145257876528381184E-75
PP 98 g=84 W=1 e=-720 -7857.0000000000000000000000000000000000000000000000 
-2.6089145792370347331591679994663645829583268999643E-75
PP 98 g=84 W=1 e=-696 -123.00000000000000000000000000000000000000000000000 
-4.0842114451591609033801408162703683811107828521778E-77
PP 98 g=84 W=1 e=-672 7933.0000000000000000000000000000000000000000000000 
2.6341503572721645078467200890628318997847024688070E-75
PP 98 g=84 W=1 e=-648 -5637.0000000000000000000000000000000000000000000000 
-1.8717642208424544725490938033590298019773563364005E-75
PP 98 g=84 W=1 e=-624 15.000000000000000000000000000000000000000000000000 
4.9807456648282450041221229466711809525741254294851E-78
PP 98 g=84 W=1 e=-600 2093.0000000000000000000000000000000000000000000000 
6.9498004509903445290850688849218544891584296826082E-76
PP 98 g=84 W=1 e=-576 -7612.0000000000000000000000000000000000000000000000 
-2.5275624000448400647585066580040686273996161846160E-75
PP 98 g=84 W=1 e=-552 9810.0000000000000000000000000000000000000000000000 
3.2574076647976722326958684071229523429834780308832E-75
PP 98 g=84 W=1 e=-528 2552.0000000000000000000000000000000000000000000000 
8.4739086244277875003464385066032358606461120640306E-76
PP 98 g=84 W=1 e=-504 -15378.000000000000000000000000000000000000000000000 
-5.1062604555819167782260004449272947125789933903081E-75
PP 98 g=84 W=1 e=-480 12996.000000000000000000000000000000000000000000000 
4.3153180440071914715714073209959111773102222721059E-75
PP 98 g=84 W=1 e=-456 4752.0000000000000000000000000000000000000000000000 
1.5779002266175880173058885495054301257754829360609E-75
PP 98 g=84 W=1 e=-432 -19717.000000000000000000000000000000000000000000000 
-6.5470241515612337830850598759677116561269354062105E-75
PP 98 g=84 W=1 e=-408 11631.000000000000000000000000000000000000000000000 
3.8620701885078211761962941328488337106259768580227E-75
PP 98 g=84 W=1 e=-384 4017.0000000000000000000000000000000000000000000000 
1.3338436890410040121039045251185422590993507900161E-75
PP 98 g=84 W=1 e=-360 -14639.000000000000000000000000000000000000000000000 
-4.8608757191613785743562505210879611976488414774821E-75
PP 98 g=84 W=1 e=-336 21054.000000000000000000000000000000000000000000000 
6.9909746151529246877858117679476695850330424528253E-75
PP 98 g=84 W=1 e=-312 -2273.0000000000000000000000000000000000000000000000 
-7.5474899307697339295797236385223962034673247341464E-76
PP 98 g=84 W=1 e=-288 -24216.000000000000000000000000000000000000000000000 
-8.0409158012987187346547552851059545298356680933607E-75
PP 98 g=84 W=1 e=-264 23760.000000000000000000000000000000000000000000000 
7.8895011330879400865294427475271506288774146803044E-75
PP 98 g=84 W=1 e=-240 -4484.0000000000000000000000000000000000000000000000 
-1.4889109040726567065655732861915716927561585617207E-75
PP 98 g=84 W=1 e=-216 -26322.000000000000000000000000000000000000000000000 
-8.7402124926406043332335013468185883355770753036604E-75
PP 98 g=84 W=1 e=-192 34254.000000000000000000000000000000000000000000000 
1.1374030800201780291413279961018308823298272830772E-74
PP 98 g=84 W=1 e=-168 346.00000000000000000000000000000000000000000000000 
1.1488920000203818476175030263654857397270982657346E-76
PP 98 g=84 W=1 e=-144 -27356.000000000000000000000000000000000000000000000 
-9.0835518938027646888509863552757884092411850165996E-75
PP 98 g=84 W=1 e=-120 35964.000000000000000000000000000000000000000000000 
1.1941835805992200221883201976938823451891723129733E-74
PP 98 g=84 W=1 e=-96 -17192.000000000000000000000000000000000000000000000 
-5.7085986313151458740578358466113961957769576255805E-75
PP 98 g=84 W=1 e=-72 -34805.000000000000000000000000000000000000000000000 
-1.1556990190956471157898032610592696870289495704882E-74
PP 98 g=84 W=1 e=-48 49680.000000000000000000000000000000000000000000000 
1.6496229641911147453652471199374951314925503422455E-74
PP 98 g=84 W=1 e=-24 -24783.000000000000000000000000000000000000000000000 
-8.2291879874292263958105715324901251698429700345952E-75
PP 98 g=84 W=1 e=0 -21159.000000000000000000000000000000000000000000000 
-7.0258398348067224028146666285743678517010613308316E-75
PP 99 g=84 W=1 e=-720 1.0000000000000000000000000000000000000000000000000 
2.9068532969388455211661763155739760045234725697525E-79
PP 99 g=84 W=1 e=-696 -10.000000000000000000000000000000000000000000000000 
-2.9068532969388455211661763155739760045234725697525E-78
PP 99 g=84 W=1 e=-672 41.000000000000000000000000000000000000000000000000 
1.1918098517449266636781322893853301618546237535985E-77
PP 99 g=84 W=1 e=-648 -86.000000000000000000000000000000000000000000000000 
-2.4998938353674071482029116313936193638901864099871E-77
PP 99 g=84 W=1 e=-624 92.000000000000000000000000000000000000000000000000 
2.6743050331837378794728822103280579241615947641723E-77
PP 99 g=84 W=1 e=-600 -48.000000000000000000000000000000000000000000000000 
-1.3952895825306458501597646314755084821712668334812E-77
PP 99 g=84 W=1 e=-576 63.000000000000000000000000000000000000000000000000 
1.8313175770714726783346910788116048828497877189441E-77
PP 99 g=84 W=1 e=-552 -191.00000000000000000000000000000000000000000000000 
-5.5520897971531949454273967627462941686398326082272E-77
PP 99 g=84 W=1 e=-528 277.00000000000000000000000000000000000000000000000 
8.0519836325206020936303083941399135325300190182144E-77
PP 99 g=84 W=1 e=-504 -185.00000000000000000000000000000000000000000000000 
-5.3776785993368642141574261838118556083684242540421E-77
PP 99 g=84 W=1 e=-480 51.000000000000000000000000000000000000000000000000 
1.4824951814388112157947499209427277623069710105738E-77
PP 99 g=84 W=1 e=-456 -136.00000000000000000000000000000000000000000000000 
-3.9533204838368299087859997891806073661519226948634E-77
PP 99 g=84 W=1 e=-432 361.00000000000000000000000000000000000000000000000 
1.0493740401949232331409896499222053376329735976806E-76
PP 99 g=84 W=1 e=-408 -305.00000000000000000000000000000000000000000000000 
-8.8659025556634788395568377625006268137965913377450E-77
PP 99 g=84 W=1 e=-384 18.000000000000000000000000000000000000000000000000 
5.2323359344899219380991173680331568081422506255545E-78
PP 99 g=84 W=1 e=-360 -1.0000000000000000000000000000000000000000000000000 
-2.9068532969388455211661763155739760045234725697525E-79
PP 99 g=84 W=1 e=-336 307.00000000000000000000000000000000000000000000000 
8.9240396216022557499801612888121063338870607891401E-77
PP 99 g=84 W=1 e=-312 -581.00000000000000000000000000000000000000000000000 
-1.6888817655214692477975484393484800586281375630262E-76
PP 99 g=84 W=1 e=-288 446.00000000000000000000000000000000000000000000000 
1.2964565704347251024401146367459932980174687661096E-76
PP 99 g=84 W=1 e=-264 -143.00000000000000000000000000000000000000000000000 
-4.1568002146225490952676321312707856864685657747461E-77
PP 99 g=84 W=1 e=-240 409.00000000000000000000000000000000000000000000000 
1.1889029984479878181569661130697561858501002810288E-76
PP 99 g=84 W=1 e=-216 -886.00000000000000000000000000000000000000000000000 
-2.5754720210878171317532322155985427400077966968007E-76
PP 99 g=84 W=1 e=-192 1019.0000000000000000000000000000000000000000000000 
2.9620835095806835860683336655698815486094185485778E-76
PP 99 g=84 W=1 e=-168 -903.00000000000000000000000000000000000000000000000 
-2.6248885271357775056130572129633003320846957304865E-76
PP 99 g=84 W=1 e=-144 509.00000000000000000000000000000000000000000000000 
1.4795883281418723702735837446271537863024475380040E-76
PP 99 g=84 W=1 e=-120 -712.00000000000000000000000000000000000000000000000 
-2.0696795474204580110703175366886709152207124696638E-76
PP 99 g=84 W=1 e=-96 1331.0000000000000000000000000000000000000000000000 
3.8690217382256033886721806760289620620207419903406E-76
PP 99 g=84 W=1 e=-72 -1045.0000000000000000000000000000000000000000000000 
-3.0376616953010935696186542497748049247270288353914E-76
PP 99 g=84 W=1 e=-48 627.00000000000000000000000000000000000000000000000 
1.8225970171806561417711925498648829548362173012348E-76
PP 99 g=84 W=1 e=-24 -279.00000000000000000000000000000000000000000000000 
-8.1101206984593790040536319204513930526204884696094E-77
PP 99 g=84 W=1 e=0 292.00000000000000000000000000000000000000000000000 
8.4880116270614289218052348414760099332085399036773E-77
PP 100 g=84 W=1 e=-1008 1.0000000000000000000000000000000000000000000000000 
7.4452305489611242077408879469480225726281717152112E-79
PP 100 g=84 W=1 e=-984 -10.000000000000000000000000000000000000000000000000 
-7.4452305489611242077408879469480225726281717152112E-78
PP 100 g=84 W=1 e=-960 40.000000000000000000000000000000000000000000000000 
2.9780922195844496830963551787792090290512686860845E-77
PP 100 g=84 W=1 e=-936 -76.000000000000000000000000000000000000000000000000 
-5.6583752172104543978830748396804971551974105035605E-77
PP 100 g=84 W=1 e=-912 52.000000000000000000000000000000000000000000000000 
3.8715198854597845880252617324129717377666492919098E-77
PP 100 g=84 W=1 e=-888 28.000000000000000000000000000000000000000000000000 
2.0846645537091147781674486251454463203358880802591E-77
PP 100 g=84 W=1 e=-864 13.000000000000000000000000000000000000000000000000 
9.6787997136494614700631543310324293444166232297746E-78
PP 100 g=84 W=1 e=-840 -239.00000000000000000000000000000000000000000000000 
-1.7794101012017086856500722193205773948581330399355E-76
PP 100 g=84 W=1 e=-816 347.00000000000000000000000000000000000000000000000 
2.5834950004895101000860881175909638327019755851783E-76
PP 100 g=84 W=1 e=-792 -128.00000000000000000000000000000000000000000000000 
-9.5298951026702389859083365720934688929640597954703E-77
PP 100 g=84 W=1 e=-768 -72.000000000000000000000000000000000000000000000000 
-5.3605659952520094295734393218025762522922836349521E-77
PP 100 g=84 W=1 e=-744 -180.00000000000000000000000000000000000000000000000 
-1.3401414988130023573933598304506440630730709087380E-76
PP 100 g=84 W=1 e=-720 611.00000000000000000000000000000000000000000000000 
4.5490358654152468909296825355852417918758129179940E-76
PP 100 g=84 W=1 e=-696 -479.00000000000000000000000000000000000000000000000 
-3.5662654329523784955078853265881028122888942515861E-76
PP 100 g=84 W=1 e=-672 -25.000000000000000000000000000000000000000000000000 
-1.8613076372402810519352219867370056431570429288028E-77
PP 100 g=84 W=1 e=-648 -141.00000000000000000000000000000000000000000000000 
-1.0497775074035185132914652005196711827405722118448E-76
PP 100 g=84 W=1 e=-624 822.00000000000000000000000000000000000000000000000 
6.1199795112460440987630098923912745547003571499036E-76
PP 100 g=84 W=1 e=-600 -926.00000000000000000000000000000000000000000000000 
-6.8942834883380010163680622388738689022536870082855E-76
PP 100 g=84 W=1 e=-576 368.00000000000000000000000000000000000000000000000 
2.7398448420176937084486467644768723067271671911977E-76
PP 100 g=84 W=1 e=-552 -75.000000000000000000000000000000000000000000000000 
-5.5839229117208431558056659602110169294711287864084E-77
PP 100 g=84 W=1 e=-528 833.00000000000000000000000000000000000000000000000 
6.2018770472846164650481596598077028029992670387709E-76
PP 100 g=84 W=1 e=-504 -1655.0000000000000000000000000000000000000000000000 
-1.2321856558530660563811169552198977357699624188675E-75
PP 100 g=84 W=1 e=-480 1238.0000000000000000000000000000000000000000000000 
9.2171954196138717691832192783216519449136765834315E-76
PP 100 g=84 W=1 e=-456 -852.00000000000000000000000000000000000000000000000 
-6.3433364277148778249952365307997152318792023013600E-76
PP 100 g=84 W=1 e=-432 1246.0000000000000000000000000000000000000000000000 
9.2767572640055607628451463818972361254947019571532E-76
PP 100 g=84 W=1 e=-408 -1782.0000000000000000000000000000000000000000000000 
-1.3267400838248723338194262321461376224423401996506E-75
PP 100 g=84 W=1 e=-384 2452.0000000000000000000000000000000000000000000000 
1.8255705306052676557380657245916551348084277045698E-75
PP 100 g=84 W=1 e=-360 -2053.0000000000000000000000000000000000000000000000 
-1.5285058317017187998492042955084290341605636531329E-75
PP 100 g=84 W=1 e=-336 1474.0000000000000000000000000000000000000000000000 
1.0974269829168697082210068833801385272053925108221E-75
PP 100 g=84 W=1 e=-312 -2418.0000000000000000000000000000000000000000000000 
-1.8002567467387998334317467055720318580614919207381E-75
PP 100 g=84 W=1 e=-288 2701.0000000000000000000000000000000000000000000000 
2.0109567712743996485108138344706608968668691802785E-75
PP 100 g=84 W=1 e=-264 -2840.0000000000000000000000000000000000000000000000 
-2.1144454759049592749984121769332384106264007671200E-75
PP 100 g=84 W=1 e=-240 3024.0000000000000000000000000000000000000000000000 
2.2514377180058439604208445151570820259627591266799E-75
PP 100 g=84 W=1 e=-216 -1988.0000000000000000000000000000000000000000000000 
-1.4801118331334714924988885238532668874384805369840E-75
PP 100 g=84 W=1 e=-192 3352.0000000000000000000000000000000000000000000000 
2.4956412800117688344347456398169771663449631589388E-75
PP 100 g=84 W=1 e=-168 -4279.0000000000000000000000000000000000000000000000 
-3.1858141519004650484923259524990588588275946769389E-75
PP 100 g=84 W=1 e=-144 2640.0000000000000000000000000000000000000000000000 
1.9655408649257367908435944179942779591738373328158E-75
PP 100 g=84 W=1 e=-120 -3977.0000000000000000000000000000000000000000000000 
-2.9609681893218390974185511365012285771342238911395E-75
PP 100 g=84 W=1 e=-96 4581.0000000000000000000000000000000000000000000000 
3.4106601144790909995661007684968891405209654627382E-75
PP 100 g=84 W=1 e=-72 -4856.0000000000000000000000000000000000000000000000 
-3.6154039545755219152789751870379597612682401849066E-75
PP 100 g=84 W=1 e=-48 7139.0000000000000000000000000000000000000000000000 
5.3151500889033465719062199053261933145992517874893E-75
PP 100 g=84 W=1 e=-24 -4971.0000000000000000000000000000000000000000000000 
-3.7010241058885748436679953984278620208534641596315E-75
PP 100 g=84 W=1 e=0 5590.0000000000000000000000000000000000000000000000 
4.1618838768692684321271563623439446180991479888031E-75
PP 101 g=84 W=1 e=-1296 1.0000000000000000000000000000000000000000000000000 
6.7236336887670637193818888929216242909407909909717E-79
PP 101 g=84 W=1 e=-1272 -10.000000000000000000000000000000000000000000000000 
-6.7236336887670637193818888929216242909407909909716E-78
PP 101 g=84 W=1 e=-1248 39.000000000000000000000000000000000000000000000000 
2.6222171386191548505589366682394334734669084864789E-77
PP 101 g=84 W=1 e=-1224 -66.000000000000000000000000000000000000000000000000 
-4.4375982345862620547920466693282720320209220540413E-77
PP 101 g=84 W=1 e=-1200 13.000000000000000000000000000000000000000000000000 
8.7407237953971828351964555607981115782230282882631E-78
PP 101 g=84 W=1 e=-1176 94.000000000000000000000000000000000000000000000000 
6.3202156674410398962189755593463268334843435315133E-77
PP 101 g=84 W=1 e=-1152 2.0000000000000000000000000000000000000000000000000 
1.3447267377534127438763777785843248581881581981943E-78
PP 101 g=84 W=1 e=-1128 -353.00000000000000000000000000000000000000000000000 
-2.3734426921347734929418067792013333747020992198130E-76
PP 101 g=84 W=1 e=-1104 426.00000000000000000000000000000000000000000000000 
2.8642679514147691444566846683846119479407769621539E-76
PP 101 g=84 W=1 e=-1080 63.000000000000000000000000000000000000000000000000 
4.2358892239232501432105900025406233032926983243121E-77
PP 101 g=84 W=1 e=-1056 -355.00000000000000000000000000000000000000000000000 
-2.3868899595123076203805705569871766232839808017949E-76
PP 101 g=84 W=1 e=-1032 -253.00000000000000000000000000000000000000000000000 
-1.7010793232580671210036178899091709456080201207158E-76
PP 101 g=84 W=1 e=-1008 1005.0000000000000000000000000000000000000000000000 
6.7572518572108990379787983373862324123954949459265E-76
PP 101 g=84 W=1 e=-984 -610.00000000000000000000000000000000000000000000000 
-4.1014165501479088688229522246821908174738825044927E-76
PP 101 g=84 W=1 e=-960 -333.00000000000000000000000000000000000000000000000 
-2.2389700183594322185541690013429008888832833999936E-76
PP 101 g=84 W=1 e=-936 -150.00000000000000000000000000000000000000000000000 
-1.0085450533150595579072833339382436436411186486457E-76
PP 101 g=84 W=1 e=-912 1477.0000000000000000000000000000000000000000000000 
9.9308069583089531135270498948452390777195482936651E-76
PP 101 g=84 W=1 e=-888 -1149.0000000000000000000000000000000000000000000000 
-7.7254551083933562135697903379669463102909688486264E-76
PP 101 g=84 W=1 e=-864 -188.00000000000000000000000000000000000000000000000 
-1.2640431334882079792437951118692653666968687063027E-76
PP 101 g=84 W=1 e=-840 -129.00000000000000000000000000000000000000000000000 
-8.6734874585095121980026366718688953353136203783534E-77
PP 101 g=84 W=1 e=-816 2069.0000000000000000000000000000000000000000000000 
1.3911198102059054835401128119454840657956496560320E-75
PP 101 g=84 W=1 e=-792 -2809.0000000000000000000000000000000000000000000000 
-1.8886687031746681987743725900216842633252681893639E-75
PP 101 g=84 W=1 e=-768 933.00000000000000000000000000000000000000000000000 
6.2731502316196704501833023370958754634477579945765E-76
PP 101 g=84 W=1 e=-744 -137.00000000000000000000000000000000000000000000000 
-9.2113781536108772955531877833026252785888836576311E-77
PP 101 g=84 W=1 e=-720 2562.0000000000000000000000000000000000000000000000 
1.7225949510621217249056399343665201433390306518869E-75
PP 101 g=84 W=1 e=-696 -3774.0000000000000000000000000000000000000000000000 
-2.5374993541406898476947248681886210074010545199927E-75
PP 101 g=84 W=1 e=-672 2857.0000000000000000000000000000000000000000000000 
1.9209421448807501046274056567077080599217839861206E-75
PP 101 g=84 W=1 e=-648 -2549.0000000000000000000000000000000000000000000000 
-1.7138542272667245420704434788057220317608076235987E-75
PP 101 g=84 W=1 e=-624 3121.0000000000000000000000000000000000000000000000 
2.0984460742642005868190875234808389412026208682822E-75
PP 101 g=84 W=1 e=-600 -5285.0000000000000000000000000000000000000000000000 
-3.5534404045133931756933282799090784377622080387285E-75
PP 101 g=84 W=1 e=-576 5689.0000000000000000000000000000000000000000000000 
3.8250752055395825499563565911831120591162159947637E-75
PP 101 g=84 W=1 e=-552 -3722.0000000000000000000000000000000000000000000000 
-2.5025364589591011163539390459454285610881624068396E-75
PP 101 g=84 W=1 e=-528 5566.0000000000000000000000000000000000000000000000 
3.7423745111677476662079593578001760803376442655748E-75
PP 101 g=84 W=1 e=-504 -7185.0000000000000000000000000000000000000000000000 
-4.8309308053791352823758871695641870530409583270131E-75
PP 101 g=84 W=1 e=-480 7159.0000000000000000000000000000000000000000000000 
4.8134493577883409167054942584425908298845122704366E-75
PP 101 g=84 W=1 e=-456 -8892.0000000000000000000000000000000000000000000000 
-5.9786550760516730592743756035859083195045513491720E-75
PP 101 g=84 W=1 e=-432 6471.0000000000000000000000000000000000000000000000 
4.3508633600011669328120203026095830786677858502577E-75
PP 101 g=84 W=1 e=-408 -7962.0000000000000000000000000000000000000000000000 
-5.3533571429963361333718599365441972604470577870116E-75
PP 101 g=84 W=1 e=-384 14581.000000000000000000000000000000000000000000000 
9.8037302815912556092307321947690203786207673439357E-75
PP 101 g=84 W=1 e=-360 -11983.000000000000000000000000000000000000000000000 
-8.0569302492495724549353174603879823878343498444813E-75
PP 101 g=84 W=1 e=-336 11526.000000000000000000000000000000000000000000000 
7.7496601896729176429595651379814641577383556961939E-75
PP 101 g=84 W=1 e=-312 -13585.000000000000000000000000000000000000000000000 
-9.1340563661900560627802960610340265992430645612349E-75
PP 101 g=84 W=1 e=-288 12776.000000000000000000000000000000000000000000000 
8.5901144007688006078823012495966671941059545700653E-75
PP 101 g=84 W=1 e=-264 -21447.000000000000000000000000000000000000000000000 
-1.4420177172298721558958337108649007616780714438337E-74
PP 101 g=84 W=1 e=-240 19825.000000000000000000000000000000000000000000000 
1.3329603787980703823674594730217120156790118139601E-74
PP 101 g=84 W=1 e=-216 -14874.000000000000000000000000000000000000000000000 
-1.0000732748672130576208621539331623970345332519971E-74
PP 101 g=84 W=1 e=-192 27784.000000000000000000000000000000000000000000000 
1.8680943840870409837930640100093440929949893689316E-74
PP 101 g=84 W=1 e=-168 -25343.000000000000000000000000000000000000000000000 
-1.7039704857442369584029521021331272440531246608419E-74
PP 101 g=84 W=1 e=-144 21601.000000000000000000000000000000000000000000000 
1.4523721131105734340236818197600000630861202619598E-74
PP 101 g=84 W=1 e=-120 -27321.000000000000000000000000000000000000000000000 
-1.8369639601080494787723258644351169725279335066433E-74
PP 101 g=84 W=1 e=-96 18446.000000000000000000000000000000000000000000000 
1.2402414702299725736771832251883228167069383061946E-74
PP 101 g=84 W=1 e=-72 -33148.000000000000000000000000000000000000000000000 
-2.2287500951525062817007085302256600199610533976873E-74
PP 101 g=84 W=1 e=-48 44253.000000000000000000000000000000000000000000000 
2.9754096162900887077380672917846063974700282372347E-74
PP 101 g=84 W=1 e=-24 -25242.000000000000000000000000000000000000000000000 
-1.6971796157185822240463763943512764035192744619411E-74
PP 101 g=84 W=1 e=0 33504.000000000000000000000000000000000000000000000 
2.2526862310845170285417080546844610024368026136151E-74
PP 1 g=1 W=84 e=-408 0.071428571428571428571428571428571428571428571428571 
-0.071428571428571428571428571428571428571428571428571
PP 1 g=1 W=84 e=-384 0.28571428571428571428571428571428571428571428571428 
-0.28571428571428571428571428571428571428571428571428
PP 1 g=1 W=84 e=-360 0.57142857142857142857142857142857142857142857142857 
-0.57142857142857142857142857142857142857142857142857
PP 1 g=1 W=84 e=-336 1.0714285714285714285714285714285714285714285714286 
-1.0714285714285714285714285714285714285714285714286
PP 1 g=1 W=84 e=-312 2.1428571428571428571428571428571428571428571428571 
-2.1428571428571428571428571428571428571428571428571
PP 1 g=1 W=84 e=-288 4.0000000000000000000000000000000000000000000000000 
-4.0000000000000000000000000000000000000000000000000
PP 1 g=1 W=84 e=-264 7.1428571428571428571428571428571428571428571428572 
-7.1428571428571428571428571428571428571428571428572
PP 1 g=1 W=84 e=-240 12.357142857142857142857142857142857142857142857143 
-12.357142857142857142857142857142857142857142857143
PP 1 g=1 W=84 e=-216 20.642857142857142857142857142857142857142857142857 
-20.642857142857142857142857142857142857142857142857
PP 1 g=1 W=84 e=-192 33.928571428571428571428571428571428571428571428572 
-33.928571428571428571428571428571428571428571428572
PP 1 g=1 W=84 e=-168 54.642857142857142857142857142857142857142857142857 
-54.642857142857142857142857142857142857142857142857
PP 1 g=1 W=84 e=-144 86.071428571428571428571428571428571428571428571428 
-86.071428571428571428571428571428571428571428571428
PP 1 g=1 W=84 e=-120 133.78571428571428571428571428571428571428571428571 
-133.78571428571428571428571428571428571428571428571
PP 1 g=1 W=84 e=-96 205.00000000000000000000000000000000000000000000000 
-205.00000000000000000000000000000000000000000000000
PP 1 g=1 W=84 e=-72 309.71428571428571428571428571428571428571428571429 
-309.71428571428571428571428571428571428571428571429
PP 1 g=1 W=84 e=-48 462.71428571428571428571428571428571428571428571429 
-462.71428571428571428571428571428571428571428571429
PP 1 g=1 W=84 e=-24 683.64285714285714285714285714285714285714285714286 
-683.64285714285714285714285714285714285714285714286
PP 1 g=1 W=84 e=0 999.78571428571428571428571428571428571428571428572 
-999.78571428571428571428571428571428571428571428572
PP 2 g=1 W=84 e=-504 0.011904761904761904761904761904761904761904761904762 
-0.011904761904761904761904761904761904761904761904762
PP 2 g=1 W=84 e=-480 0.035714285714285714285714285714285714285714285714286 
-0.035714285714285714285714285714285714285714285714286
PP 2 g=1 W=84 e=-456 0.059523809523809523809523809523809523809523809523809 
-0.059523809523809523809523809523809523809523809523809
PP 2 g=1 W=84 e=-432 0.10714285714285714285714285714285714285714285714286 
-0.10714285714285714285714285714285714285714285714286
PP 2 g=1 W=84 e=-408 0.20238095238095238095238095238095238095238095238095 
-0.20238095238095238095238095238095238095238095238095
PP 2 g=1 W=84 e=-384 0.35714285714285714285714285714285714285714285714286 
-0.35714285714285714285714285714285714285714285714286
PP 2 g=1 W=84 e=-360 0.60714285714285714285714285714285714285714285714285 
-0.60714285714285714285714285714285714285714285714285
PP 2 g=1 W=84 e=-336 1.0476190476190476190476190476190476190476190476191 
-1.0476190476190476190476190476190476190476190476191
PP 2 g=1 W=84 e=-312 1.7500000000000000000000000000000000000000000000000 
-1.7500000000000000000000000000000000000000000000000
PP 2 g=1 W=84 e=-288 2.7738095238095238095238095238095238095238095238095 
-2.7738095238095238095238095238095238095238095238095
PP 2 g=1 W=84 e=-264 4.3333333333333333333333333333333333333333333333333 
-4.3333333333333333333333333333333333333333333333333
PP 2 g=1 W=84 e=-240 6.7380952380952380952380952380952380952380952380952 
-6.7380952380952380952380952380952380952380952380952
PP 2 g=1 W=84 e=-216 10.321428571428571428571428571428571428571428571429 
-10.321428571428571428571428571428571428571428571429
PP 2 g=1 W=84 e=-192 15.571428571428571428571428571428571428571428571429 
-15.571428571428571428571428571428571428571428571429
PP 2 g=1 W=84 e=-168 23.250000000000000000000000000000000000000000000000 
-23.250000000000000000000000000000000000000000000000
PP 2 g=1 W=84 e=-144 34.321428571428571428571428571428571428571428571428 
-34.321428571428571428571428571428571428571428571428
PP 2 g=1 W=84 e=-120 50.083333333333333333333333333333333333333333333333 
-50.083333333333333333333333333333333333333333333333
PP 2 g=1 W=84 e=-96 72.333333333333333333333333333333333333333333333333 
-72.333333333333333333333333333333333333333333333333
PP 2 g=1 W=84 e=-72 103.63095238095238095238095238095238095238095238095 
-103.63095238095238095238095238095238095238095238095
PP 2 g=1 W=84 e=-48 147.32142857142857142857142857142857142857142857143 
-147.32142857142857142857142857142857142857142857143
PP 2 g=1 W=84 e=-24 207.73809523809523809523809523809523809523809523810 
-207.73809523809523809523809523809523809523809523810
PP 2 g=1 W=84 e=0 290.78571428571428571428571428571428571428571428571 
-290.78571428571428571428571428571428571428571428571
PP 3 g=1 W=84 e=-480 0.0034013605442176870748299319727891156462585034013605 
-0.0034013605442176870748299319727891156462585034013605
PP 3 g=1 W=84 e=-456 0.0068027210884353741496598639455782312925170068027211 
-0.0068027210884353741496598639455782312925170068027211
PP 3 g=1 W=84 e=-432 0.013605442176870748299319727891156462585034013605442 
-0.013605442176870748299319727891156462585034013605442
PP 3 g=1 W=84 e=-408 0.027210884353741496598639455782312925170068027210884 
-0.027210884353741496598639455782312925170068027210884
PP 3 g=1 W=84 e=-384 0.044217687074829931972789115646258503401360544217687 
-0.044217687074829931972789115646258503401360544217687
PP 3 g=1 W=84 e=-360 0.074829931972789115646258503401360544217687074829932 
-0.074829931972789115646258503401360544217687074829932
PP 3 g=1 W=84 e=-336 0.12244897959183673469387755102040816326530612244898 
-0.12244897959183673469387755102040816326530612244898
PP 3 g=1 W=84 e=-312 0.19047619047619047619047619047619047619047619047619 
-0.19047619047619047619047619047619047619047619047619
PP 3 g=1 W=84 e=-288 0.28911564625850340136054421768707482993197278911565 
-0.28911564625850340136054421768707482993197278911565
PP 3 g=1 W=84 e=-264 0.43537414965986394557823129251700680272108843537415 
-0.43537414965986394557823129251700680272108843537415
PP 3 g=1 W=84 e=-240 0.63945578231292517006802721088435374149659863945578 
-0.63945578231292517006802721088435374149659863945578
PP 3 g=1 W=84 e=-216 0.92517006802721088435374149659863945578231292517007 
-0.92517006802721088435374149659863945578231292517007
PP 3 g=1 W=84 e=-192 1.3129251700680272108843537414965986394557823129252 
-1.3129251700680272108843537414965986394557823129252
PP 3 g=1 W=84 e=-168 1.8435374149659863945578231292517006802721088435374 
-1.8435374149659863945578231292517006802721088435374
PP 3 g=1 W=84 e=-144 2.5578231292517006802721088435374149659863945578231 
-2.5578231292517006802721088435374149659863945578231
PP 3 g=1 W=84 e=-120 3.5102040816326530612244897959183673469387755102041 
-3.5102040816326530612244897959183673469387755102041
PP 3 g=1 W=84 e=-96 4.7823129251700680272108843537414965986394557823129 
-4.7823129251700680272108843537414965986394557823129
PP 3 g=1 W=84 e=-72 6.4421768707482993197278911564625850340136054421769 
-6.4421768707482993197278911564625850340136054421769
PP 3 g=1 W=84 e=-48 8.6122448979591836734693877551020408163265306122449 
-8.6122448979591836734693877551020408163265306122449
PP 3 g=1 W=84 e=-24 11.428571428571428571428571428571428571428571428571 
-11.428571428571428571428571428571428571428571428571
PP 3 g=1 W=84 e=0 15.071428571428571428571428571428571428571428571429 
-15.071428571428571428571428571428571428571428571429
PP 4 g=1 W=84 e=-456 0.010204081632653061224489795918367346938775510204082 
-0.010204081632653061224489795918367346938775510204082
PP 4 g=1 W=84 e=-432 0.020408163265306122448979591836734693877551020408163 
-0.020408163265306122448979591836734693877551020408163
PP 4 g=1 W=84 e=-408 0.040816326530612244897959183673469387755102040816326 
-0.040816326530612244897959183673469387755102040816326
PP 4 g=1 W=84 e=-384 0.081632653061224489795918367346938775510204081632653 
-0.081632653061224489795918367346938775510204081632653
PP 4 g=1 W=84 e=-360 0.15306122448979591836734693877551020408163265306122 
-0.15306122448979591836734693877551020408163265306122
PP 4 g=1 W=84 e=-336 0.26530612244897959183673469387755102040816326530612 
-0.26530612244897959183673469387755102040816326530612
PP 4 g=1 W=84 e=-312 0.43877551020408163265306122448979591836734693877551 
-0.43877551020408163265306122448979591836734693877551
PP 4 g=1 W=84 e=-288 0.71428571428571428571428571428571428571428571428572 
-0.71428571428571428571428571428571428571428571428572
PP 4 g=1 W=84 e=-264 1.1428571428571428571428571428571428571428571428571 
-1.1428571428571428571428571428571428571428571428571
PP 4 g=1 W=84 e=-240 1.7755102040816326530612244897959183673469387755102 
-1.7755102040816326530612244897959183673469387755102
PP 4 g=1 W=84 e=-216 2.7040816326530612244897959183673469387755102040816 
-2.7040816326530612244897959183673469387755102040816
PP 4 g=1 W=84 e=-192 4.0612244897959183673469387755102040816326530612245 
-4.0612244897959183673469387755102040816326530612245
PP 4 g=1 W=84 e=-168 5.9693877551020408163265306122448979591836734693878 
-5.9693877551020408163265306122448979591836734693878
PP 4 g=1 W=84 e=-144 8.6938775510204081632653061224489795918367346938776 
-8.6938775510204081632653061224489795918367346938776
PP 4 g=1 W=84 e=-120 12.500000000000000000000000000000000000000000000000 
-12.500000000000000000000000000000000000000000000000
PP 4 g=1 W=84 e=-96 17.755102040816326530612244897959183673469387755102 
-17.755102040816326530612244897959183673469387755102
PP 4 g=1 W=84 e=-72 24.969387755102040816326530612244897959183673469388 
-24.969387755102040816326530612244897959183673469388
PP 4 g=1 W=84 e=-48 34.795918367346938775510204081632653061224489795918 
-34.795918367346938775510204081632653061224489795918
PP 4 g=1 W=84 e=-24 48.091836734693877551020408163265306122448979591837 
-48.091836734693877551020408163265306122448979591837
PP 4 g=1 W=84 e=0 65.918367346938775510204081632653061224489795918367 
-65.918367346938775510204081632653061224489795918367
PP 5 g=1 W=84 e=-432 0.023809523809523809523809523809523809523809523809524 
-0.023809523809523809523809523809523809523809523809524
PP 5 g=1 W=84 e=-408 0.071428571428571428571428571428571428571428571428571 
-0.071428571428571428571428571428571428571428571428571
PP 5 g=1 W=84 e=-384 0.16666666666666666666666666666666666666666666666667 
-0.16666666666666666666666666666666666666666666666667
PP 5 g=1 W=84 e=-360 0.38095238095238095238095238095238095238095238095238 
-0.38095238095238095238095238095238095238095238095238
PP 5 g=1 W=84 e=-336 0.78571428571428571428571428571428571428571428571428 
-0.78571428571428571428571428571428571428571428571428
PP 5 g=1 W=84 e=-312 1.5238095238095238095238095238095238095238095238095 
-1.5238095238095238095238095238095238095238095238095
PP 5 g=1 W=84 e=-288 2.8571428571428571428571428571428571428571428571429 
-2.8571428571428571428571428571428571428571428571429
PP 5 g=1 W=84 e=-264 5.0952380952380952380952380952380952380952380952381 
-5.0952380952380952380952380952380952380952380952381
PP 5 g=1 W=84 e=-240 8.8333333333333333333333333333333333333333333333334 
-8.8333333333333333333333333333333333333333333333334
PP 5 g=1 W=84 e=-216 14.976190476190476190476190476190476190476190476190 
-14.976190476190476190476190476190476190476190476190
PP 5 g=1 W=84 e=-192 24.738095238095238095238095238095238095238095238095 
-24.738095238095238095238095238095238095238095238095
PP 5 g=1 W=84 e=-168 40.071428571428571428571428571428571428571428571428 
-40.071428571428571428571428571428571428571428571428
PP 5 g=1 W=84 e=-144 63.761904761904761904761904761904761904761904761905 
-63.761904761904761904761904761904761904761904761905
PP 5 g=1 W=84 e=-120 99.785714285714285714285714285714285714285714285715 
-99.785714285714285714285714285714285714285714285715
PP 5 g=1 W=84 e=-96 153.95238095238095238095238095238095238095238095238 
-153.95238095238095238095238095238095238095238095238
PP 5 g=1 W=84 e=-72 234.42857142857142857142857142857142857142857142857 
-234.42857142857142857142857142857142857142857142857
PP 5 g=1 W=84 e=-48 352.59523809523809523809523809523809523809523809524 
-352.59523809523809523809523809523809523809523809524
PP 5 g=1 W=84 e=-24 524.50000000000000000000000000000000000000000000000 
-524.50000000000000000000000000000000000000000000000
PP 5 g=1 W=84 e=0 772.28571428571428571428571428571428571428571428572 
-772.28571428571428571428571428571428571428571428572
PP 6 g=1 W=84 e=-384 0.071428571428571428571428571428571428571428571428571 
-0.071428571428571428571428571428571428571428571428571
PP 6 g=1 W=84 e=-360 0.14285714285714285714285714285714285714285714285714 
-0.14285714285714285714285714285714285714285714285714
PP 6 g=1 W=84 e=-336 0.28571428571428571428571428571428571428571428571428 
-0.28571428571428571428571428571428571428571428571428
PP 6 g=1 W=84 e=-312 0.57142857142857142857142857142857142857142857142857 
-0.57142857142857142857142857142857142857142857142857
PP 6 g=1 W=84 e=-288 1.0714285714285714285714285714285714285714285714286 
-1.0714285714285714285714285714285714285714285714286
PP 6 g=1 W=84 e=-264 1.8571428571428571428571428571428571428571428571429 
-1.8571428571428571428571428571428571428571428571429
PP 6 g=1 W=84 e=-240 3.2142857142857142857142857142857142857142857142857 
-3.2142857142857142857142857142857142857142857142857
PP 6 g=1 W=84 e=-216 5.2857142857142857142857142857142857142857142857143 
-5.2857142857142857142857142857142857142857142857143
PP 6 g=1 W=84 e=-192 8.5714285714285714285714285714285714285714285714286 
-8.5714285714285714285714285714285714285714285714286
PP 6 g=1 W=84 e=-168 13.571428571428571428571428571428571428571428571429 
-13.571428571428571428571428571428571428571428571429
PP 6 g=1 W=84 e=-144 21.071428571428571428571428571428571428571428571429 
-21.071428571428571428571428571428571428571428571429
PP 6 g=1 W=84 e=-120 32.142857142857142857142857142857142857142857142857 
-32.142857142857142857142857142857142857142857142857
PP 6 g=1 W=84 e=-96 48.285714285714285714285714285714285714285714285714 
-48.285714285714285714285714285714285714285714285714
PP 6 g=1 W=84 e=-72 71.571428571428571428571428571428571428571428571428 
-71.571428571428571428571428571428571428571428571428
PP 6 g=1 W=84 e=-48 104.92857142857142857142857142857142857142857142857 
-104.92857142857142857142857142857142857142857142857
PP 6 g=1 W=84 e=-24 152.00000000000000000000000000000000000000000000000 
-152.00000000000000000000000000000000000000000000000
PP 6 g=1 W=84 e=0 218.00000000000000000000000000000000000000000000000 
-218.00000000000000000000000000000000000000000000000
PP 7 g=1 W=84 e=-408 0.023809523809523809523809523809523809523809523809524 
-0.023809523809523809523809523809523809523809523809524
PP 7 g=1 W=84 e=-384 0.047619047619047619047619047619047619047619047619047 
-0.047619047619047619047619047619047619047619047619047
PP 7 g=1 W=84 e=-360 0.071428571428571428571428571428571428571428571428571 
-0.071428571428571428571428571428571428571428571428571
PP 7 g=1 W=84 e=-336 0.14285714285714285714285714285714285714285714285714 
-0.14285714285714285714285714285714285714285714285714
PP 7 g=1 W=84 e=-312 0.26190476190476190476190476190476190476190476190476 
-0.26190476190476190476190476190476190476190476190476
PP 7 g=1 W=84 e=-288 0.42857142857142857142857142857142857142857142857143 
-0.42857142857142857142857142857142857142857142857143
PP 7 g=1 W=84 e=-264 0.71428571428571428571428571428571428571428571428572 
-0.71428571428571428571428571428571428571428571428572
PP 7 g=1 W=84 e=-240 1.1428571428571428571428571428571428571428571428571 
-1.1428571428571428571428571428571428571428571428571
PP 7 g=1 W=84 e=-216 1.7857142857142857142857142857142857142857142857143 
-1.7857142857142857142857142857142857142857142857143
PP 7 g=1 W=84 e=-192 2.7619047619047619047619047619047619047619047619048 
-2.7619047619047619047619047619047619047619047619048
PP 7 g=1 W=84 e=-168 4.1428571428571428571428571428571428571428571428572 
-4.1428571428571428571428571428571428571428571428572
PP 7 g=1 W=84 e=-144 6.1428571428571428571428571428571428571428571428572 
-6.1428571428571428571428571428571428571428571428572
PP 7 g=1 W=84 e=-120 9.0000000000000000000000000000000000000000000000000 
-9.0000000000000000000000000000000000000000000000000
PP 7 g=1 W=84 e=-96 13.000000000000000000000000000000000000000000000000 
-13.000000000000000000000000000000000000000000000000
PP 7 g=1 W=84 e=-72 18.523809523809523809523809523809523809523809523810 
-18.523809523809523809523809523809523809523809523810
PP 7 g=1 W=84 e=-48 26.190476190476190476190476190476190476190476190476 
-26.190476190476190476190476190476190476190476190476
PP 7 g=1 W=84 e=-24 36.690476190476190476190476190476190476190476190476 
-36.690476190476190476190476190476190476190476190476
PP 7 g=1 W=84 e=0 50.857142857142857142857142857142857142857142857143 
-50.857142857142857142857142857142857142857142857143
PP 8 g=1 W=84 e=-360 0.071428571428571428571428571428571428571428571428571 
-0.071428571428571428571428571428571428571428571428571
PP 8 g=1 W=84 e=-336 0.21428571428571428571428571428571428571428571428571 
-0.21428571428571428571428571428571428571428571428571
PP 8 g=1 W=84 e=-312 0.50000000000000000000000000000000000000000000000000 
-0.50000000000000000000000000000000000000000000000000
PP 8 g=1 W=84 e=-288 1.0000000000000000000000000000000000000000000000000 
-1.0000000000000000000000000000000000000000000000000
PP 8 g=1 W=84 e=-264 2.0000000000000000000000000000000000000000000000000 
-2.0000000000000000000000000000000000000000000000000
PP 8 g=1 W=84 e=-240 3.7857142857142857142857142857142857142857142857143 
-3.7857142857142857142857142857142857142857142857143
PP 8 g=1 W=84 e=-216 6.8571428571428571428571428571428571428571428571428 
-6.8571428571428571428571428571428571428571428571428
PP 8 g=1 W=84 e=-192 11.928571428571428571428571428571428571428571428571 
-11.928571428571428571428571428571428571428571428571
PP 8 g=1 W=84 e=-168 20.357142857142857142857142857142857142857142857143 
-20.357142857142857142857142857142857142857142857143
PP 8 g=1 W=84 e=-144 33.785714285714285714285714285714285714285714285714 
-33.785714285714285714285714285714285714285714285714
PP 8 g=1 W=84 e=-120 54.928571428571428571428571428571428571428571428572 
-54.928571428571428571428571428571428571428571428572
PP 8 g=1 W=84 e=-96 87.571428571428571428571428571428571428571428571428 
-87.571428571428571428571428571428571428571428571428
PP 8 g=1 W=84 e=-72 137.42857142857142857142857142857142857142857142857 
-137.42857142857142857142857142857142857142857142857
PP 8 g=1 W=84 e=-48 212.42857142857142857142857142857142857142857142857 
-212.42857142857142857142857142857142857142857142857
PP 8 g=1 W=84 e=-24 323.85714285714285714285714285714285714285714285714 
-323.85714285714285714285714285714285714285714285714
PP 8 g=1 W=84 e=0 487.64285714285714285714285714285714285714285714286 
-487.64285714285714285714285714285714285714285714286
PP 9 g=1 W=84 e=-288 0.071428571428571428571428571428571428571428571428571 
-0.071428571428571428571428571428571428571428571428571
PP 9 g=1 W=84 e=-240 -0.071428571428571428571428571428571428571428571428571 
0.071428571428571428571428571428571428571428571428571
PP 9 g=1 W=84 e=-192 0.071428571428571428571428571428571428571428571428571 
-0.071428571428571428571428571428571428571428571428571
PP 9 g=1 W=84 e=-144 0.071428571428571428571428571428571428571428571428571 
-0.071428571428571428571428571428571428571428571428571
PP 9 g=1 W=84 e=-48 -0.071428571428571428571428571428571428571428571428571 
0.071428571428571428571428571428571428571428571428571
PP 9 g=1 W=84 e=0 0.14285714285714285714285714285714285714285714285714 
-0.14285714285714285714285714285714285714285714285714
PP 10 g=1 W=84 e=-336 0.071428571428571428571428571428571428571428571428571 
-0.071428571428571428571428571428571428571428571428571
PP 10 g=1 W=84 e=-312 0.21428571428571428571428571428571428571428571428571 
-0.21428571428571428571428571428571428571428571428571
PP 10 g=1 W=84 e=-288 0.35714285714285714285714285714285714285714285714286 
-0.35714285714285714285714285714285714285714285714286
PP 10 g=1 W=84 e=-264 0.64285714285714285714285714285714285714285714285715 
-0.64285714285714285714285714285714285714285714285715
PP 10 g=1 W=84 e=-240 1.2142857142857142857142857142857142857142857142857 
-1.2142857142857142857142857142857142857142857142857
PP 10 g=1 W=84 e=-216 2.1428571428571428571428571428571428571428571428571 
-2.1428571428571428571428571428571428571428571428571
PP 10 g=1 W=84 e=-192 3.6428571428571428571428571428571428571428571428571 
-3.6428571428571428571428571428571428571428571428571
PP 10 g=1 W=84 e=-168 6.0714285714285714285714285714285714285714285714286 
-6.0714285714285714285714285714285714285714285714286
PP 10 g=1 W=84 e=-144 9.8571428571428571428571428571428571428571428571429 
-9.8571428571428571428571428571428571428571428571429
PP 10 g=1 W=84 e=-120 15.571428571428571428571428571428571428571428571429 
-15.571428571428571428571428571428571428571428571429
PP 10 g=1 W=84 e=-96 24.071428571428571428571428571428571428571428571429 
-24.071428571428571428571428571428571428571428571429
PP 10 g=1 W=84 e=-72 36.785714285714285714285714285714285714285714285714 
-36.785714285714285714285714285714285714285714285714
PP 10 g=1 W=84 e=-48 55.500000000000000000000000000000000000000000000000 
-55.500000000000000000000000000000000000000000000000
PP 10 g=1 W=84 e=-24 82.500000000000000000000000000000000000000000000000 
-82.500000000000000000000000000000000000000000000000
PP 10 g=1 W=84 e=0 121.14285714285714285714285714285714285714285714286 
-121.14285714285714285714285714285714285714285714286
PP 11 g=1 W=84 e=-288 0.071428571428571428571428571428571428571428571428571 
-0.071428571428571428571428571428571428571428571428571
PP 11 g=1 W=84 e=-264 0.14285714285714285714285714285714285714285714285714 
-0.14285714285714285714285714285714285714285714285714
PP 11 g=1 W=84 e=-240 0.21428571428571428571428571428571428571428571428571 
-0.21428571428571428571428571428571428571428571428571
PP 11 g=1 W=84 e=-216 0.42857142857142857142857142857142857142857142857143 
-0.42857142857142857142857142857142857142857142857143
PP 11 g=1 W=84 e=-192 0.78571428571428571428571428571428571428571428571428 
-0.78571428571428571428571428571428571428571428571428
PP 11 g=1 W=84 e=-168 1.2857142857142857142857142857142857142857142857143 
-1.2857142857142857142857142857142857142857142857143
PP 11 g=1 W=84 e=-144 2.0714285714285714285714285714285714285714285714286 
-2.0714285714285714285714285714285714285714285714286
PP 11 g=1 W=84 e=-120 3.2857142857142857142857142857142857142857142857143 
-3.2857142857142857142857142857142857142857142857143
PP 11 g=1 W=84 e=-96 5.1428571428571428571428571428571428571428571428572 
-5.1428571428571428571428571428571428571428571428572
PP 11 g=1 W=84 e=-72 7.8571428571428571428571428571428571428571428571428 
-7.8571428571428571428571428571428571428571428571428
PP 11 g=1 W=84 e=-48 11.642857142857142857142857142857142857142857142857 
-11.642857142857142857142857142857142857142857142857
PP 11 g=1 W=84 e=-24 17.142857142857142857142857142857142857142857142857 
-17.142857142857142857142857142857142857142857142857
PP 11 g=1 W=84 e=0 24.857142857142857142857142857142857142857142857143 
-24.857142857142857142857142857142857142857142857143
PP 12 g=1 W=84 e=-120 0.50000000000000000000000000000000000000000000000000 
-0.50000000000000000000000000000000000000000000000000
PP 12 g=1 W=84 e=-96 2.0000000000000000000000000000000000000000000000000 
-2.0000000000000000000000000000000000000000000000000
PP 12 g=1 W=84 e=-72 4.5000000000000000000000000000000000000000000000000 
-4.5000000000000000000000000000000000000000000000000
PP 12 g=1 W=84 e=-48 9.5000000000000000000000000000000000000000000000000 
-9.5000000000000000000000000000000000000000000000000
PP 12 g=1 W=84 e=-24 19.000000000000000000000000000000000000000000000000 
-19.000000000000000000000000000000000000000000000000
PP 12 g=1 W=84 e=0 35.500000000000000000000000000000000000000000000000 
-35.500000000000000000000000000000000000000000000000
PP 13 g=1 W=84 e=-240 0.083333333333333333333333333333333333333333333333333 
-0.083333333333333333333333333333333333333333333333333
PP 13 g=1 W=84 e=-216 0.083333333333333333333333333333333333333333333333333 
-0.083333333333333333333333333333333333333333333333333
PP 13 g=1 W=84 e=-192 0.33333333333333333333333333333333333333333333333333 
-0.33333333333333333333333333333333333333333333333333
PP 13 g=1 W=84 e=-168 0.58333333333333333333333333333333333333333333333334 
-0.58333333333333333333333333333333333333333333333334
PP 13 g=1 W=84 e=-144 1.2500000000000000000000000000000000000000000000000 
-1.2500000000000000000000000000000000000000000000000
PP 13 g=1 W=84 e=-120 2.0833333333333333333333333333333333333333333333333 
-2.0833333333333333333333333333333333333333333333333
PP 13 g=1 W=84 e=-96 3.8333333333333333333333333333333333333333333333333 
-3.8333333333333333333333333333333333333333333333333
PP 13 g=1 W=84 e=-72 6.4166666666666666666666666666666666666666666666667 
-6.4166666666666666666666666666666666666666666666667
PP 13 g=1 W=84 e=-48 10.583333333333333333333333333333333333333333333333 
-10.583333333333333333333333333333333333333333333333
PP 13 g=1 W=84 e=-24 17.083333333333333333333333333333333333333333333333 
-17.083333333333333333333333333333333333333333333333
PP 13 g=1 W=84 e=0 27.166666666666666666666666666666666666666666666667 
-27.166666666666666666666666666666666666666666666667
PP 14 g=1 W=84 e=-216 0.083333333333333333333333333333333333333333333333333 
-0.083333333333333333333333333333333333333333333333333
PP 14 g=1 W=84 e=-192 0.25000000000000000000000000000000000000000000000000 
-0.25000000000000000000000000000000000000000000000000
PP 14 g=1 W=84 e=-168 0.50000000000000000000000000000000000000000000000000 
-0.50000000000000000000000000000000000000000000000000
PP 14 g=1 W=84 e=-144 1.0000000000000000000000000000000000000000000000000 
-1.0000000000000000000000000000000000000000000000000
PP 14 g=1 W=84 e=-120 1.8333333333333333333333333333333333333333333333333 
-1.8333333333333333333333333333333333333333333333333
PP 14 g=1 W=84 e=-96 3.2500000000000000000000000000000000000000000000000 
-3.2500000000000000000000000000000000000000000000000
PP 14 g=1 W=84 e=-72 5.5000000000000000000000000000000000000000000000000 
-5.5000000000000000000000000000000000000000000000000
PP 14 g=1 W=84 e=-48 9.3333333333333333333333333333333333333333333333334 
-9.3333333333333333333333333333333333333333333333334
PP 14 g=1 W=84 e=-24 15.416666666666666666666666666666666666666666666667 
-15.416666666666666666666666666666666666666666666667
PP 14 g=1 W=84 e=0 24.500000000000000000000000000000000000000000000000 
-24.500000000000000000000000000000000000000000000000
PP 15 g=1 W=84 e=-192 0.023809523809523809523809523809523809523809523809524 
-0.023809523809523809523809523809523809523809523809524
PP 15 g=1 W=84 e=-168 0.047619047619047619047619047619047619047619047619047 
-0.047619047619047619047619047619047619047619047619047
PP 15 g=1 W=84 e=-144 0.11904761904761904761904761904761904761904761904762 
-0.11904761904761904761904761904761904761904761904762
PP 15 g=1 W=84 e=-120 0.23809523809523809523809523809523809523809523809524 
-0.23809523809523809523809523809523809523809523809524
PP 15 g=1 W=84 e=-96 0.40476190476190476190476190476190476190476190476191 
-0.40476190476190476190476190476190476190476190476191
PP 15 g=1 W=84 e=-72 0.71428571428571428571428571428571428571428571428572 
-0.71428571428571428571428571428571428571428571428572
PP 15 g=1 W=84 e=-48 1.1190476190476190476190476190476190476190476190476 
-1.1190476190476190476190476190476190476190476190476
PP 15 g=1 W=84 e=-24 1.7619047619047619047619047619047619047619047619048 
-1.7619047619047619047619047619047619047619047619048
PP 15 g=1 W=84 e=0 2.6190476190476190476190476190476190476190476190476 
-2.6190476190476190476190476190476190476190476190476
PP 16 g=1 W=84 e=-168 0.071428571428571428571428571428571428571428571428571 
-0.071428571428571428571428571428571428571428571428571
PP 16 g=1 W=84 e=-144 0.14285714285714285714285714285714285714285714285714 
-0.14285714285714285714285714285714285714285714285714
PP 16 g=1 W=84 e=-120 0.35714285714285714285714285714285714285714285714286 
-0.35714285714285714285714285714285714285714285714286
PP 16 g=1 W=84 e=-96 0.71428571428571428571428571428571428571428571428572 
-0.71428571428571428571428571428571428571428571428572
PP 16 g=1 W=84 e=-72 1.3571428571428571428571428571428571428571428571429 
-1.3571428571428571428571428571428571428571428571429
PP 16 g=1 W=84 e=-48 2.4285714285714285714285714285714285714285714285714 
-2.4285714285714285714285714285714285714285714285714
PP 16 g=1 W=84 e=-24 4.0000000000000000000000000000000000000000000000000 
-4.0000000000000000000000000000000000000000000000000
PP 16 g=1 W=84 e=0 6.5714285714285714285714285714285714285714285714286 
-6.5714285714285714285714285714285714285714285714286
PP 17 g=1 W=84 e=-144 0.16666666666666666666666666666666666666666666666667 
-0.16666666666666666666666666666666666666666666666667
PP 17 g=1 W=84 e=-120 0.50000000000000000000000000000000000000000000000000 
-0.50000000000000000000000000000000000000000000000000
PP 17 g=1 W=84 e=-96 1.3333333333333333333333333333333333333333333333333 
-1.3333333333333333333333333333333333333333333333333
PP 17 g=1 W=84 e=-72 3.1666666666666666666666666666666666666666666666667 
-3.1666666666666666666666666666666666666666666666667
PP 17 g=1 W=84 e=-48 6.6666666666666666666666666666666666666666666666667 
-6.6666666666666666666666666666666666666666666666667
PP 17 g=1 W=84 e=-24 13.333333333333333333333333333333333333333333333333 
-13.333333333333333333333333333333333333333333333333
PP 17 g=1 W=84 e=0 25.166666666666666666666666666666666666666666666667 
-25.166666666666666666666666666666666666666666666667
PP 18 g=1 W=84 e=-96 0.50000000000000000000000000000000000000000000000000 
-0.50000000000000000000000000000000000000000000000000
PP 18 g=1 W=84 e=-72 1.0000000000000000000000000000000000000000000000000 
-1.0000000000000000000000000000000000000000000000000
PP 18 g=1 W=84 e=-48 2.5000000000000000000000000000000000000000000000000 
-2.5000000000000000000000000000000000000000000000000
PP 18 g=1 W=84 e=-24 5.0000000000000000000000000000000000000000000000000 
-5.0000000000000000000000000000000000000000000000000
PP 18 g=1 W=84 e=0 9.5000000000000000000000000000000000000000000000000 
-9.5000000000000000000000000000000000000000000000000
PP 19 g=1 W=84 e=-120 0.16666666666666666666666666666666666666666666666667 
-0.16666666666666666666666666666666666666666666666667
PP 19 g=1 W=84 e=-96 0.33333333333333333333333333333333333333333333333333 
-0.33333333333333333333333333333333333333333333333333
PP 19 g=1 W=84 e=-72 0.66666666666666666666666666666666666666666666666666 
-0.66666666666666666666666666666666666666666666666666
PP 19 g=1 W=84 e=-48 1.3333333333333333333333333333333333333333333333333 
-1.3333333333333333333333333333333333333333333333333
PP 19 g=1 W=84 e=-24 2.3333333333333333333333333333333333333333333333333 
-2.3333333333333333333333333333333333333333333333333
PP 19 g=1 W=84 e=0 4.0000000000000000000000000000000000000000000000000 
-4.0000000000000000000000000000000000000000000000000
PP 20 g=1 W=84 e=-72 0.50000000000000000000000000000000000000000000000000 
-0.50000000000000000000000000000000000000000000000000
PP 20 g=1 W=84 e=-48 1.5000000000000000000000000000000000000000000000000 
-1.5000000000000000000000000000000000000000000000000
PP 20 g=1 W=84 e=-24 4.0000000000000000000000000000000000000000000000000 
-4.0000000000000000000000000000000000000000000000000
PP 20 g=1 W=84 e=0 8.5000000000000000000000000000000000000000000000000 
-8.5000000000000000000000000000000000000000000000000
PP 21 g=1 W=84 e=0 0.50000000000000000000000000000000000000000000000000 
-0.50000000000000000000000000000000000000000000000000
PP 22 g=1 W=84 e=-48 0.50000000000000000000000000000000000000000000000000 
-0.50000000000000000000000000000000000000000000000000
PP 22 g=1 W=84 e=-24 1.5000000000000000000000000000000000000000000000000 
-1.5000000000000000000000000000000000000000000000000
PP 22 g=1 W=84 e=0 3.0000000000000000000000000000000000000000000000000 
-3.0000000000000000000000000000000000000000000000000
PP 23 g=1 W=84 e=0 0.50000000000000000000000000000000000000000000000000 
-0.50000000000000000000000000000000000000000000000000
PP 24 g=1 W=84 e=0 84.000000000000000000000000000000000000000000000000 
-84.000000000000000000000000000000000000000000000000
PP 25 g=1 W=84 e=0 588.00000000000000000000000000000000000000000000000 
-588.00000000000000000000000000000000000000000000000
PP 26 g=1 W=84 e=0 4116.0000000000000000000000000000000000000000000000 
-4116.0000000000000000000000000000000000000000000000
PP 30 g=1 W=84 e=0 196.00000000000000000000000000000000000000000000000 
-196.00000000000000000000000000000000000000000000000
PP 31 g=1 W=84 e=0 1372.0000000000000000000000000000000000000000000000 
-1372.0000000000000000000000000000000000000000000000
PP 33 g=1 W=84 e=0 9604.0000000000000000000000000000000000000000000000 
-9604.0000000000000000000000000000000000000000000000
PP 2 g=3 W=28 e=0 -0.035714285714285714285714285714285714285714285714286 
-0.035714285714285714285714285714285714285714285714286
PP 3 g=3 W=28 e=0 -0.010204081632653061224489795918367346938775510204082 
-0.010204081632653061224489795918367346938775510204082
PP 9 g=3 W=28 e=0 -0.071428571428571428571428571428571428571428571428571 
-0.071428571428571428571428571428571428571428571428571
PP 10 g=3 W=28 e=0 -0.071428571428571428571428571428571428571428571428571 
-0.071428571428571428571428571428571428571428571428571
PP 11 g=3 W=28 e=0 0.071428571428571428571428571428571428571428571428571 
0.071428571428571428571428571428571428571428571428571
PP 14 g=3 W=28 e=0 -0.25000000000000000000000000000000000000000000000000 
-0.25000000000000000000000000000000000000000000000000
PP 15 g=3 W=28 e=0 -0.071428571428571428571428571428571428571428571428571 
-0.071428571428571428571428571428571428571428571428571
PP 21 g=3 W=28 e=0 -0.50000000000000000000000000000000000000000000000000 
-0.50000000000000000000000000000000000000000000000000
PP 22 g=3 W=28 e=0 -0.50000000000000000000000000000000000000000000000000 
-0.50000000000000000000000000000000000000000000000000
PP 23 g=3 W=28 e=0 0.50000000000000000000000000000000000000000000000000 
0.50000000000000000000000000000000000000000000000000
PP 24 g=3 W=28 e=0 -28.000000000000000000000000000000000000000000000000 
-28.000000000000000000000000000000000000000000000000
PP 25 g=3 W=28 e=0 -196.00000000000000000000000000000000000000000000000 
-196.00000000000000000000000000000000000000000000000
PP 26 g=3 W=28 e=0 -1372.0000000000000000000000000000000000000000000000 
-1372.0000000000000000000000000000000000000000000000
PP 27 g=3 W=28 e=0 -56.000000000000000000000000000000000000000000000000 
-56.000000000000000000000000000000000000000000000000
PP 28 g=3 W=28 e=0 -392.00000000000000000000000000000000000000000000000 
-392.00000000000000000000000000000000000000000000000
PP 29 g=3 W=28 e=0 -2744.0000000000000000000000000000000000000000000000 
-2744.0000000000000000000000000000000000000000000000
PP 30 g=3 W=28 e=0 196.00000000000000000000000000000000000000000000000 
196.00000000000000000000000000000000000000000000000
PP 31 g=3 W=28 e=0 1372.0000000000000000000000000000000000000000000000 
1372.0000000000000000000000000000000000000000000000
PP 33 g=3 W=28 e=0 9604.0000000000000000000000000000000000000000000000 
9604.0000000000000000000000000000000000000000000000
PP 36 g=3 W=28 e=0 56.000000000000000000000000000000000000000000000000 
56.000000000000000000000000000000000000000000000000
PP 37 g=3 W=28 e=0 392.00000000000000000000000000000000000000000000000 
392.00000000000000000000000000000000000000000000000
PP 38 g=3 W=28 e=0 2744.0000000000000000000000000000000000000000000000 
2744.0000000000000000000000000000000000000000000000
PP 39 g=3 W=28 e=0 -56.000000000000000000000000000000000000000000000000 
-56.000000000000000000000000000000000000000000000000
PP 40 g=3 W=28 e=0 -392.00000000000000000000000000000000000000000000000 
-392.00000000000000000000000000000000000000000000000
PP 41 g=3 W=28 e=0 -2744.0000000000000000000000000000000000000000000000 
-2744.0000000000000000000000000000000000000000000000
PP 45 g=3 W=28 e=0 -56.000000000000000000000000000000000000000000000000 
-56.000000000000000000000000000000000000000000000000
PP 46 g=3 W=28 e=0 -392.00000000000000000000000000000000000000000000000 
-392.00000000000000000000000000000000000000000000000
PP 47 g=3 W=28 e=0 -2744.0000000000000000000000000000000000000000000000 
-2744.0000000000000000000000000000000000000000000000
PP 48 g=3 W=28 e=0 -112.00000000000000000000000000000000000000000000000 
-112.00000000000000000000000000000000000000000000000
PP 49 g=3 W=28 e=0 -784.00000000000000000000000000000000000000000000000 
-784.00000000000000000000000000000000000000000000000
PP 51 g=3 W=28 e=0 -5488.0000000000000000000000000000000000000000000000 
-5488.0000000000000000000000000000000000000000000000
PP 54 g=3 W=28 e=0 392.00000000000000000000000000000000000000000000000 
392.00000000000000000000000000000000000000000000000
PP 55 g=3 W=28 e=0 2744.0000000000000000000000000000000000000000000000 
2744.0000000000000000000000000000000000000000000000
PP 57 g=3 W=28 e=0 19208.000000000000000000000000000000000000000000000 
19208.000000000000000000000000000000000000000000000
PP 60 g=3 W=28 e=0 -112.00000000000000000000000000000000000000000000000 
-112.00000000000000000000000000000000000000000000000
PP 61 g=3 W=28 e=0 -784.00000000000000000000000000000000000000000000000 
-784.00000000000000000000000000000000000000000000000
PP 62 g=3 W=28 e=0 -5488.0000000000000000000000000000000000000000000000 
-5488.0000000000000000000000000000000000000000000000
PP 66 g=3 W=28 e=0 -112.00000000000000000000000000000000000000000000000 
-112.00000000000000000000000000000000000000000000000
PP 67 g=3 W=28 e=0 -784.00000000000000000000000000000000000000000000000 
-784.00000000000000000000000000000000000000000000000
PP 68 g=3 W=28 e=0 -5488.0000000000000000000000000000000000000000000000 
-5488.0000000000000000000000000000000000000000000000
PP 69 g=3 W=28 e=0 -112.00000000000000000000000000000000000000000000000 
-112.00000000000000000000000000000000000000000000000
PP 71 g=3 W=28 e=0 -784.00000000000000000000000000000000000000000000000 
-784.00000000000000000000000000000000000000000000000
PP 73 g=3 W=28 e=0 -5488.0000000000000000000000000000000000000000000000 
-5488.0000000000000000000000000000000000000000000000
PP 75 g=3 W=28 e=0 784.00000000000000000000000000000000000000000000000 
784.00000000000000000000000000000000000000000000000
PP 76 g=3 W=28 e=0 5488.0000000000000000000000000000000000000000000000 
5488.0000000000000000000000000000000000000000000000
PP 77 g=3 W=28 e=0 38416.000000000000000000000000000000000000000000000 
38416.000000000000000000000000000000000000000000000
PP 90 g=3 W=28 e=0 1568.0000000000000000000000000000000000000000000000 
1568.0000000000000000000000000000000000000000000000
PP 91 g=3 W=28 e=0 10976.000000000000000000000000000000000000000000000 
10976.000000000000000000000000000000000000000000000
PP 92 g=3 W=28 e=0 76832.000000000000000000000000000000000000000000000 
76832.000000000000000000000000000000000000000000000
PP 96 g=3 W=28 e=0 -1568.0000000000000000000000000000000000000000000000 
-1568.0000000000000000000000000000000000000000000000
PP 97 g=3 W=28 e=0 -10976.000000000000000000000000000000000000000000000 
-10976.000000000000000000000000000000000000000000000
PP 98 g=3 W=28 e=0 -76832.000000000000000000000000000000000000000000000 
-76832.000000000000000000000000000000000000000000000
PP 3 g=4 W=21 e=0 -0.0068027210884353741496598639455782312925170068027211 
4.0857181646518151059458820535106630921205493079665E-82
PP 4 g=4 W=21 e=0 -0.020408163265306122448979591836734693877551020408163 
9.2225435607796174717970549902395520875352749271385E-82
PP 5 g=4 W=21 e=0 0.047619047619047619047619047619047619047619047619047 
-4.5788884914272630459852051379364754505362827322578E-83
PP 7 g=4 W=21 e=0 -0.047619047619047619047619047619047619047619047619047 
2.5997969888887961780813305356233139089872211003599E-81
PP 8 g=4 W=21 e=0 0.14285714285714285714285714285714285714285714285714 
-2.4034688691037060769636187778057464587528940543882E-81
PP 9 g=4 W=21 e=0 -0.14285714285714285714285714285714285714285714285714 
-1.6131346824345811307948576676999490822805670504751E-80
PP 15 g=4 W=21 e=0 -0.047619047619047619047619047619047619047619047619047 
4.2250676584693655573219702460182400436737572737907E-81
PP 16 g=4 W=21 e=0 -0.14285714285714285714285714285714285714285714285714 
1.0632629757412962624188872188088655794520046917462E-80
PP 17 g=4 W=21 e=0 0.33333333333333333333333333333333333333333333333333 
-1.7317344662468505546596828284403069398984900732140E-80
PP 19 g=4 W=21 e=0 -0.33333333333333333333333333333333333333333333333333 
2.4856548542344321310028070020030031436818588202699E-80
PP 20 g=4 W=21 e=0 1.0000000000000000000000000000000000000000000000000 
-4.8011203830515750291531067589954838677518592223819E-80
PP 21 g=4 W=21 e=0 -1.0000000000000000000000000000000000000000000000000 
-8.7330617191762974808142538598671958001470429998212E-80
PP 24 g=4 W=21 e=0 -21.000000000000000000000000000000000000000000000000 
1.2979907709362896864478917787403633417859069925058E-77
PP 25 g=4 W=21 e=0 -147.00000000000000000000000000000000000000000000000 
8.9429701162832457832925407990902038458579172194810E-77
PP 26 g=4 W=21 e=0 -1029.0000000000000000000000000000000000000000000000 
6.3375528314104701932941774395415061560514931121297E-76
PP 27 g=4 W=21 e=0 21.000000000000000000000000000000000000000000000000 
-1.1823943501683799517612903303638002453340505245647E-77
PP 28 g=4 W=21 e=0 147.00000000000000000000000000000000000000000000000 
-7.7696363506258330857626223986443178306814824478208E-77
PP 29 g=4 W=21 e=0 1029.0000000000000000000000000000000000000000000000 
-5.5484061998060142270666983547637656868420003692226E-76
PP 39 g=4 W=21 e=0 -21.000000000000000000000000000000000000000000000000 
1.1774799043216747234800208133334601659727632284317E-77
PP 40 g=4 W=21 e=0 -147.00000000000000000000000000000000000000000000000 
8.1540914890014992790493204288229138069501087953201E-77
PP 41 g=4 W=21 e=0 -1029.0000000000000000000000000000000000000000000000 
5.8824573535091931001260851784891072021953263301728E-76
PP 45 g=4 W=21 e=0 -63.000000000000000000000000000000000000000000000000 
2.9731086931102193831867889996424919445950874649428E-77
PP 46 g=4 W=21 e=0 -441.00000000000000000000000000000000000000000000000 
2.1144495440908029545404296598102603006302914518189E-76
PP 47 g=4 W=21 e=0 -3087.0000000000000000000000000000000000000000000000 
1.4686567291386328218934245339554839638788556922442E-75
PP 48 g=4 W=21 e=0 63.000000000000000000000000000000000000000000000000 
-2.6779389475940531165124164645405313727689506129451E-77
PP 49 g=4 W=21 e=0 441.00000000000000000000000000000000000000000000000 
-1.8301694895549827914275727403259946993584891913231E-76
PP 51 g=4 W=21 e=0 3087.0000000000000000000000000000000000000000000000 
-1.2892218885943723582413595692839058355523557943185E-75
PP 60 g=4 W=21 e=0 -63.000000000000000000000000000000000000000000000000 
2.6747999634919774291397270063811901261749020350479E-77
PP 61 g=4 W=21 e=0 -441.00000000000000000000000000000000000000000000000 
1.7421111608404468304250115960834073412089316847633E-76
PP 62 g=4 W=21 e=0 -3087.0000000000000000000000000000000000000000000000 
1.1581541384139407995780047348165384630604721889342E-75
PP 63 g=4 W=21 e=0 -147.00000000000000000000000000000000000000000000000 
7.0881641926083183046905007479965068604197877761460E-77
PP 64 g=4 W=21 e=0 -1029.0000000000000000000000000000000000000000000000 
4.6620289221489565155381275186180686143122305185747E-76
PP 65 g=4 W=21 e=0 -7203.0000000000000000000000000000000000000000000000 
3.2967209661771365680119584674203646483069239792150E-75
PP 66 g=4 W=21 e=0 -189.00000000000000000000000000000000000000000000000 
6.4015214815535276668777124097299470405679909259375E-77
PP 67 g=4 W=21 e=0 -1323.0000000000000000000000000000000000000000000000 
4.5647537429768642063399814468467714894789753809859E-76
PP 68 g=4 W=21 e=0 -9261.0000000000000000000000000000000000000000000000 
3.0064236702357535222616955036008716524765124964869E-75
PP 69 g=4 W=21 e=0 63.000000000000000000000000000000000000000000000000 
-3.1481816422755248493954926907327039028587142924573E-77
PP 70 g=4 W=21 e=0 -189.00000000000000000000000000000000000000000000000 
7.5626738765731386773796173434811286404177049492289E-77
PP 71 g=4 W=21 e=0 441.00000000000000000000000000000000000000000000000 
-2.0862560276387777321553566066978519063861248810489E-76
PP 72 g=4 W=21 e=0 -1323.0000000000000000000000000000000000000000000000 
4.8811819813313164963415307827713498125669869154988E-76
PP 73 g=4 W=21 e=0 3087.0000000000000000000000000000000000000000000000 
-1.3875263710998077071402911584919016133555429705586E-75
PP 74 g=4 W=21 e=0 -9261.0000000000000000000000000000000000000000000000 
3.1578360543392686755227977147219877207364447886644E-75
PP 82 g=4 W=21 e=0 -441.00000000000000000000000000000000000000000000000 
1.4914949779336185664273889692810852692281241033417E-76
PP 85 g=4 W=21 e=0 -3087.0000000000000000000000000000000000000000000000 
1.0114403938248047906300672138796745151562500144222E-75
PP 87 g=4 W=21 e=0 -21609.000000000000000000000000000000000000000000000 
6.6441484786858792464335701393525894584833338273454E-75
PP 90 g=4 W=21 e=0 1323.0000000000000000000000000000000000000000000000 
-2.6584564413680916261297169940698969489757798476878E-76
PP 91 g=4 W=21 e=0 9261.0000000000000000000000000000000000000000000000 
-1.7862316038984830284804001686086786350920749099714E-75
PP 92 g=4 W=21 e=0 64827.000000000000000000000000000000000000000000000 
-1.0693136173413962680033026492333684206838158921533E-74
PP 96 g=4 W=21 e=0 -1323.0000000000000000000000000000000000000000000000 
3.3886733779510521507963098824227062472651233314901E-76
PP 97 g=4 W=21 e=0 -9261.0000000000000000000000000000000000000000000000 
2.3240944675090124773022711549328562914041694316022E-75
PP 98 g=4 W=21 e=0 -64827.000000000000000000000000000000000000000000000 
1.4634677435986187649101582458262173268471006734596E-74
PP 13 g=7 W=12 e=0 -0.083333333333333333333333333333333333333333333333333 
-0.083333333333333333333333333333333333333333333333333
PP 15 g=7 W=12 e=0 -0.16666666666666666666666666666666666666666666666667 
-0.16666666666666666666666666666666666666666666666667
PP 17 g=7 W=12 e=0 0.16666666666666666666666666666666666666666666666667 
0.16666666666666666666666666666666666666666666666667
PP 18 g=7 W=12 e=0 0.50000000000000000000000000000000000000000000000000 
0.50000000000000000000000000000000000000000000000000
PP 21 g=7 W=12 e=0 -0.50000000000000000000000000000000000000000000000000 
-0.50000000000000000000000000000000000000000000000000
PP 23 g=7 W=12 e=0 0.50000000000000000000000000000000000000000000000000 
0.50000000000000000000000000000000000000000000000000
PP 24 g=7 W=12 e=0 -12.000000000000000000000000000000000000000000000000 
-12.000000000000000000000000000000000000000000000000
PP 25 g=7 W=12 e=0 -12.000000000000000000000000000000000000000000000000 
-12.000000000000000000000000000000000000000000000000
PP 26 g=7 W=12 e=0 -12.000000000000000000000000000000000000000000000000 
-12.000000000000000000000000000000000000000000000000
PP 27 g=7 W=12 e=0 24.000000000000000000000000000000000000000000000000 
24.000000000000000000000000000000000000000000000000
PP 28 g=7 W=12 e=0 24.000000000000000000000000000000000000000000000000 
24.000000000000000000000000000000000000000000000000
PP 29 g=7 W=12 e=0 24.000000000000000000000000000000000000000000000000 
24.000000000000000000000000000000000000000000000000
PP 30 g=7 W=12 e=0 4.0000000000000000000000000000000000000000000000000 
4.0000000000000000000000000000000000000000000000000
PP 31 g=7 W=12 e=0 4.0000000000000000000000000000000000000000000000000 
4.0000000000000000000000000000000000000000000000000
PP 33 g=7 W=12 e=0 4.0000000000000000000000000000000000000000000000000 
4.0000000000000000000000000000000000000000000000000
PP 39 g=7 W=12 e=0 -24.000000000000000000000000000000000000000000000000 
-24.000000000000000000000000000000000000000000000000
PP 40 g=7 W=12 e=0 -24.000000000000000000000000000000000000000000000000 
-24.000000000000000000000000000000000000000000000000
PP 41 g=7 W=12 e=0 -24.000000000000000000000000000000000000000000000000 
-24.000000000000000000000000000000000000000000000000
PP 63 g=7 W=12 e=0 -48.000000000000000000000000000000000000000000000000 
-48.000000000000000000000000000000000000000000000000
PP 64 g=7 W=12 e=0 -48.000000000000000000000000000000000000000000000000 
-48.000000000000000000000000000000000000000000000000
PP 65 g=7 W=12 e=0 -48.000000000000000000000000000000000000000000000000 
-48.000000000000000000000000000000000000000000000000
PP 69 g=7 W=12 e=0 144.00000000000000000000000000000000000000000000000 
144.00000000000000000000000000000000000000000000000
PP 71 g=7 W=12 e=0 144.00000000000000000000000000000000000000000000000 
144.00000000000000000000000000000000000000000000000
PP 73 g=7 W=12 e=0 144.00000000000000000000000000000000000000000000000 
144.00000000000000000000000000000000000000000000000
PP 78 g=7 W=12 e=0 -288.00000000000000000000000000000000000000000000000 
-288.00000000000000000000000000000000000000000000000
PP 80 g=7 W=12 e=0 -288.00000000000000000000000000000000000000000000000 
-288.00000000000000000000000000000000000000000000000
PP 83 g=7 W=12 e=0 -288.00000000000000000000000000000000000000000000000 
-288.00000000000000000000000000000000000000000000000
PP 90 g=7 W=12 e=0 -864.00000000000000000000000000000000000000000000000 
-864.00000000000000000000000000000000000000000000000
PP 91 g=7 W=12 e=0 -864.00000000000000000000000000000000000000000000000 
-864.00000000000000000000000000000000000000000000000
PP 92 g=7 W=12 e=0 -864.00000000000000000000000000000000000000000000000 
-864.00000000000000000000000000000000000000000000000
PP 99 g=7 W=12 e=0 864.00000000000000000000000000000000000000000000000 
864.00000000000000000000000000000000000000000000000
PP 100 g=7 W=12 e=0 864.00000000000000000000000000000000000000000000000 
864.00000000000000000000000000000000000000000000000
PP 101 g=7 W=12 e=0 864.00000000000000000000000000000000000000000000000 
864.00000000000000000000000000000000000000000000000
PP 4 g=12 W=7 e=0 -0.020408163265306122448979591836734693877551020408163 
5.4124259380601927101009798690576445773458465014107E-81
PP 9 g=12 W=7 e=0 -0.14285714285714285714285714285714285714285714285714 
-3.8597599194331315099738788059388585211842761164939E-79
PP 16 g=12 W=7 e=0 -0.14285714285714285714285714285714285714285714285714 
8.6529971816558392110613765169247281505676844248793E-80
PP 21 g=12 W=7 e=0 -1.0000000000000000000000000000000000000000000000000 
-2.3631445112062622795184976750675631747055259857208E-78
PP 32 g=12 W=7 e=0 49.000000000000000000000000000000000000000000000000 
-7.3835572983738786122045167503163728875643366702770E-77
PP 36 g=12 W=7 e=0 -7.0000000000000000000000000000000000000000000000000 
1.4205375360198340030269010553894815270750853405680E-77
PP 56 g=12 W=7 e=0 49.000000000000000000000000000000000000000000000000 
-6.5302454371281919738687895241652993911052715640817E-77
PP 70 g=12 W=7 e=0 7.0000000000000000000000000000000000000000000000000 
5.4531670121849902727736443874777519620469908123799E-78
PP 79 g=12 W=7 e=0 -49.000000000000000000000000000000000000000000000000 
4.8503089671454381734675277848756657314409231713644E-77
PP 93 g=12 W=7 e=0 -49.000000000000000000000000000000000000000000000000 
-1.2378407404052261102088345988084504629748457958431E-78
PP 1 g=21 W=4 e=0 -0.50000000000000000000000000000000000000000000000000 
0.50000000000000000000000000000000000000000000000000
PP 2 g=21 W=4 e=0 0.25000000000000000000000000000000000000000000000000 
-0.25000000000000000000000000000000000000000000000000
PP 8 g=21 W=4 e=0 0.50000000000000000000000000000000000000000000000000 
-0.50000000000000000000000000000000000000000000000000
PP 9 g=21 W=4 e=0 -0.50000000000000000000000000000000000000000000000000 
0.50000000000000000000000000000000000000000000000000
PP 10 g=21 W=4 e=0 0.50000000000000000000000000000000000000000000000000 
-0.50000000000000000000000000000000000000000000000000
PP 11 g=21 W=4 e=0 -0.50000000000000000000000000000000000000000000000000 
0.50000000000000000000000000000000000000000000000000
PP 12 g=21 W=4 e=0 -0.50000000000000000000000000000000000000000000000000 
0.50000000000000000000000000000000000000000000000000
PP 13 g=21 W=4 e=0 -0.25000000000000000000000000000000000000000000000000 
0.25000000000000000000000000000000000000000000000000
PP 14 g=21 W=4 e=0 0.25000000000000000000000000000000000000000000000000 
-0.25000000000000000000000000000000000000000000000000
PP 20 g=21 W=4 e=0 0.50000000000000000000000000000000000000000000000000 
-0.50000000000000000000000000000000000000000000000000
PP 21 g=21 W=4 e=0 -0.50000000000000000000000000000000000000000000000000 
0.50000000000000000000000000000000000000000000000000
PP 22 g=21 W=4 e=0 0.50000000000000000000000000000000000000000000000000 
-0.50000000000000000000000000000000000000000000000000
PP 23 g=21 W=4 e=0 -0.50000000000000000000000000000000000000000000000000 
0.50000000000000000000000000000000000000000000000000
PP 24 g=21 W=4 e=0 -4.0000000000000000000000000000000000000000000000000 
4.0000000000000000000000000000000000000000000000000
PP 25 g=21 W=4 e=0 -4.0000000000000000000000000000000000000000000000000 
4.0000000000000000000000000000000000000000000000000
PP 26 g=21 W=4 e=0 -4.0000000000000000000000000000000000000000000000000 
4.0000000000000000000000000000000000000000000000000
PP 30 g=21 W=4 e=0 -4.0000000000000000000000000000000000000000000000000 
4.0000000000000000000000000000000000000000000000000
PP 31 g=21 W=4 e=0 -4.0000000000000000000000000000000000000000000000000 
4.0000000000000000000000000000000000000000000000000
PP 33 g=21 W=4 e=0 -4.0000000000000000000000000000000000000000000000000 
4.0000000000000000000000000000000000000000000000000
PP 45 g=21 W=4 e=0 -8.0000000000000000000000000000000000000000000000000 
8.0000000000000000000000000000000000000000000000000
PP 46 g=21 W=4 e=0 -8.0000000000000000000000000000000000000000000000000 
8.0000000000000000000000000000000000000000000000000
PP 47 g=21 W=4 e=0 -8.0000000000000000000000000000000000000000000000000 
8.0000000000000000000000000000000000000000000000000
PP 54 g=21 W=4 e=0 -8.0000000000000000000000000000000000000000000000000 
8.0000000000000000000000000000000000000000000000000
PP 55 g=21 W=4 e=0 -8.0000000000000000000000000000000000000000000000000 
8.0000000000000000000000000000000000000000000000000
PP 57 g=21 W=4 e=0 -8.0000000000000000000000000000000000000000000000000 
8.0000000000000000000000000000000000000000000000000
PP 66 g=21 W=4 e=0 -16.000000000000000000000000000000000000000000000000 
16.000000000000000000000000000000000000000000000000
PP 67 g=21 W=4 e=0 -16.000000000000000000000000000000000000000000000000 
16.000000000000000000000000000000000000000000000000
PP 68 g=21 W=4 e=0 -16.000000000000000000000000000000000000000000000000 
16.000000000000000000000000000000000000000000000000
PP 69 g=21 W=4 e=0 16.000000000000000000000000000000000000000000000000 
-16.000000000000000000000000000000000000000000000000
PP 71 g=21 W=4 e=0 16.000000000000000000000000000000000000000000000000 
-16.000000000000000000000000000000000000000000000000
PP 73 g=21 W=4 e=0 16.000000000000000000000000000000000000000000000000 
-16.000000000000000000000000000000000000000000000000
PP 75 g=21 W=4 e=0 -16.000000000000000000000000000000000000000000000000 
16.000000000000000000000000000000000000000000000000
PP 76 g=21 W=4 e=0 -16.000000000000000000000000000000000000000000000000 
16.000000000000000000000000000000000000000000000000
PP 77 g=21 W=4 e=0 -16.000000000000000000000000000000000000000000000000 
16.000000000000000000000000000000000000000000000000
PP 82 g=21 W=4 e=0 -32.000000000000000000000000000000000000000000000000 
32.000000000000000000000000000000000000000000000000
PP 85 g=21 W=4 e=0 -32.000000000000000000000000000000000000000000000000 
32.000000000000000000000000000000000000000000000000
PP 87 g=21 W=4 e=0 -32.000000000000000000000000000000000000000000000000 
32.000000000000000000000000000000000000000000000000
PP 96 g=21 W=4 e=0 -32.000000000000000000000000000000000000000000000000 
32.000000000000000000000000000000000000000000000000
PP 97 g=21 W=4 e=0 -32.000000000000000000000000000000000000000000000000 
32.000000000000000000000000000000000000000000000000
PP 98 g=21 W=4 e=0 -32.000000000000000000000000000000000000000000000000 
32.000000000000000000000000000000000000000000000000
PP 99 g=21 W=4 e=0 32.000000000000000000000000000000000000000000000000 
-32.000000000000000000000000000000000000000000000000
PP 100 g=21 W=4 e=0 32.000000000000000000000000000000000000000000000000 
-32.000000000000000000000000000000000000000000000000
PP 101 g=21 W=4 e=0 32.000000000000000000000000000000000000000000000000 
-32.000000000000000000000000000000000000000000000000
PP 1 g=28 W=3 e=0 1.0000000000000000000000000000000000000000000000000 
-1.4016928860467440608531718174418120782767570341467E-78
PP 5 g=28 W=3 e=0 -0.33333333333333333333333333333333333333333333333333 
4.7381005834212307614215860820453655761650529616260E-79
PP 7 g=28 W=3 e=0 0.33333333333333333333333333333333333333333333333333 
-2.3043839402499084355620111837315010783428088569356E-78
PP 9 g=28 W=3 e=0 -1.0000000000000000000000000000000000000000000000000 
-1.6096351522582501915010225322825557077717450699871E-78
PP 12 g=28 W=3 e=0 1.0000000000000000000000000000000000000000000000000 
5.8879598218823748367060149394327900505416906644213E-78
PP 13 g=28 W=3 e=0 -0.33333333333333333333333333333333333333333333333333 
7.9306365339818587605962700410866199384741096828925E-79
PP 17 g=28 W=3 e=0 -0.33333333333333333333333333333333333333333333333333 
-1.9629933922474676530494632037028267877938005821020E-78
PP 19 g=28 W=3 e=0 0.33333333333333333333333333333333333333333333333333 
1.2955872734811416953014474838120869681768377734905E-79
PP 21 g=28 W=3 e=0 -1.0000000000000000000000000000000000000000000000000 
-8.9082800323765070401492179656719052870330846058363E-78
PP 24 g=28 W=3 e=0 -3.0000000000000000000000000000000000000000000000000 
-1.0021365977485753583965427795426738943230877658665E-77
PP 25 g=28 W=3 e=0 -3.0000000000000000000000000000000000000000000000000 
-2.7918775942286802981090004757571633069264202400646E-77
PP 26 g=28 W=3 e=0 -3.0000000000000000000000000000000000000000000000000 
-4.5822866720149772499747611809916838360255005032211E-77
PP 32 g=28 W=3 e=0 3.0000000000000000000000000000000000000000000000000 
-1.6723760513914269004043583271762489477885635138316E-77
PP 34 g=28 W=3 e=0 3.0000000000000000000000000000000000000000000000000 
1.1337726604145529087373853984258619963854180351671E-78
PP 35 g=28 W=3 e=0 3.0000000000000000000000000000000000000000000000000 
1.9041868735766097530733290060002183232512731128600E-77
PP 39 g=28 W=3 e=0 -3.0000000000000000000000000000000000000000000000000 
-3.1045131481527618625299826137370328744042096651940E-77
PP 40 g=28 W=3 e=0 -3.0000000000000000000000000000000000000000000000000 
-4.8920502117019536503358820522781853833506752146284E-77
PP 41 g=28 W=3 e=0 -3.0000000000000000000000000000000000000000000000000 
-6.6901883801703033903319287376006404489725560975948E-77
PP 42 g=28 W=3 e=0 -3.0000000000000000000000000000000000000000000000000 
9.4394268322572503021828686605112027766482235443717E-78
PP 43 g=28 W=3 e=0 -3.0000000000000000000000000000000000000000000000000 
-8.3532344647209830250341658512711471384829710327335E-78
PP 44 g=28 W=3 e=0 -3.0000000000000000000000000000000000000000000000000 
-2.6358333807720640949455285879623207005524449963546E-77
PP 45 g=28 W=3 e=0 -9.0000000000000000000000000000000000000000000000000 
-5.1054485487303719077749261539096626208063174373823E-77
PP 46 g=28 W=3 e=0 -9.0000000000000000000000000000000000000000000000000 
-1.0477453406816459198733842572358299157897328941094E-76
PP 47 g=28 W=3 e=0 -9.0000000000000000000000000000000000000000000000000 
-1.5860884982241872040034323237020784968581676910533E-76
PP 56 g=28 W=3 e=0 9.0000000000000000000000000000000000000000000000000 
-2.9099594391382928724028328202756591467499841551924E-77
PP 58 g=28 W=3 e=0 9.0000000000000000000000000000000000000000000000000 
2.4468530408864221259994667545989929822874478281729E-77
PP 59 g=28 W=3 e=0 9.0000000000000000000000000000000000000000000000000 
7.8246565369120825893054002643409677101658578867405E-77
PP 60 g=28 W=3 e=0 -9.0000000000000000000000000000000000000000000000000 
-1.1423437315382314824490392691992427906565135517571E-76
PP 61 g=28 W=3 e=0 -9.0000000000000000000000000000000000000000000000000 
-1.6807517389233354231914891837961196352212899047714E-76
PP 62 g=28 W=3 e=0 -9.0000000000000000000000000000000000000000000000000 
-2.2222882053705385854387280952135375223435951713672E-76
PP 63 g=28 W=3 e=0 -3.0000000000000000000000000000000000000000000000000 
-6.0710446438602568155202344979510844026056835928367E-78
PP 64 g=28 W=3 e=0 -3.0000000000000000000000000000000000000000000000000 
-2.3945769734954214438056769735196333664853631719254E-77
PP 65 g=28 W=3 e=0 -3.0000000000000000000000000000000000000000000000000 
-4.1976063995619301401323060156212418482196083245359E-77
PP 66 g=28 W=3 e=0 -27.000000000000000000000000000000000000000000000000 
-2.1687709352127169430743567016055583671001179710115E-76
PP 67 g=28 W=3 e=0 -27.000000000000000000000000000000000000000000000000 
-3.7825274766180609091471674501681420293424406782674E-76
PP 68 g=28 W=3 e=0 -27.000000000000000000000000000000000000000000000000 
-5.3988475608150919324273077160637400660056302157603E-76
PP 79 g=28 W=3 e=0 -27.000000000000000000000000000000000000000000000000 
-1.9590813823493223051534191391861166165799985776038E-76
PP 81 g=28 W=3 e=0 -27.000000000000000000000000000000000000000000000000 
-3.5735551166645602138463635857765128920631724076667E-76
PP 82 g=28 W=3 e=0 -9.0000000000000000000000000000000000000000000000000 
-8.1266427466719754416873228057003535289697300644799E-77
PP 84 g=28 W=3 e=0 -27.000000000000000000000000000000000000000000000000 
-5.1890813381017416810991496282291515800025567543747E-76
PP 85 g=28 W=3 e=0 -9.0000000000000000000000000000000000000000000000000 
-1.3530146032733018449870096194747376775407073940320E-76
PP 86 g=28 W=3 e=0 27.000000000000000000000000000000000000000000000000 
3.3141319535049692766240705137836871837310416416557E-76
PP 87 g=28 W=3 e=0 -9.0000000000000000000000000000000000000000000000000 
-1.8922540379807782133129078809831616520421096333957E-76
PP 88 g=28 W=3 e=0 27.000000000000000000000000000000000000000000000000 
4.9316907827409939765101458290551494276693557402054E-76
PP 89 g=28 W=3 e=0 27.000000000000000000000000000000000000000000000000 
6.5453599011874339159058765606056415888539375056006E-76
a0 table built
SELFC -2 4.0000000000000000000 2.9544560271967140902E-72
SELFC -1 4.0000000000000000000 -3.7500554863523099648E-72
SELFC 9 8.0000000000000000000 3.6272171439137464732E-72
SELFC 10 4.0000000000000000000 -3.7500554863523099648E-72
SELFC 11 4.0000000000000000000 2.9544560271967140902E-72
SELFC 12 4.0000000000000000000 4.4095397866971706377E-72
SELFC 13 -8.0000000000000000000 -2.6259156159029026841E-74
SELFC 14 -8.0000000000000000000 -2.0578238689105811900E-73
SELFC 15 3.4585782382700028058E-72 3.7367786699801382547E-72
TG 1 g=1 1999.5714285714285714285714285714285714285714285714 
-2.2592792684697406769652388896543365304677531353390E-73
TG 2 g=1 581.57142857142857142857142857142857142857142857143 
-4.8019410425759512414815630558562043151004368097792E-74
TG 3 g=1 30.142857142857142857142857142857142857142857142857 
-1.7086408883148965325746249788733143218429737729955E-75
TG 4 g=1 131.83673469387755102040816326530612244897959183673 
-7.4712882125782680632817838485921349611084162795654E-75
TG 5 g=1 1544.5714285714285714285714285714285714285714285714 
-1.3124693787768280870221974152750010099638239896704E-73
TG 6 g=1 436.00000000000000000000000000000000000000000000000 
-2.4717896737280105114441357400935007912951467257352E-74
TG 7 g=1 101.71428571428571428571428571428571428571428571429 
-5.7068495789894410173853267369802586826614352229653E-75
TG 8 g=1 975.28571428571428571428571428571428571428571428572 
-8.1976311126738779726797540705006142812277057959305E-74
TG 9 g=1 0.28571428571428571428571428571428571428571428571428 
-1.4608474292762296468025881185331312053540946486996E-80
TG 10 g=1 242.28571428571428571428571428571428571428571428571 
-2.0318591350702827905866571731777518655236542785992E-74
TG 11 g=1 49.714285714285714285714285714285714285714285714286 
-2.7872816339724997752466705017492544060738109524415E-75
TG 12 g=1 71.000000000000000000000000000000000000000000000000 
-8.0066535543463102868001538573726990166642947664429E-75
TG 13 g=1 54.333333333333333333333333333333333333333333333333 
-1.4618385966866636632337383006572658494268957224022E-75
TG 14 g=1 49.000000000000000000000000000000000000000000000000 
-4.0333798726584056772638655951017642916610979291325E-75
TG 15 g=1 5.2380952380952380952380952380952380952380952380952 
-2.9560282872064317671461118407098080840403464249642E-76
TG 16 g=1 13.142857142857142857142857142857142857142857142857 
-7.4174744085553683608067434094083643909386218420267E-76
TG 17 g=1 50.333333333333333333333333333333333333333333333333 
-4.2651042107788043841691354023013982271771583496253E-75
TG 18 g=1 19.000000000000000000000000000000000000000000000000 
-1.0725925360947441310621906838202400276115567216014E-75
TG 19 g=1 8.0000000000000000000000000000000000000000000000000 
-4.4697875099691612781318589928145516705093282131734E-76
TG 20 g=1 17.000000000000000000000000000000000000000000000000 
-1.4250240366462805926459445830903393693355145132594E-75
TG 21 g=1 1.0000000000000000000000000000000000000000000000000 
1.8152660839391224752021163699710661300894866837450E-79
TG 22 g=1 6.0000000000000000000000000000000000000000000000000 
-5.0170139288440747501419589363010284400223002619354E-76
TG 23 g=1 1.0000000000000000000000000000000000000000000000000 
-5.5829873877186073011658718869003922376221256820242E-77
TG 24 g=1 168.00000000000000000000000000000000000000000000000 
-4.6797469683861461843579045576688847329544767581942E-74
TG 25 g=1 1176.0000000000000000000000000000000000000000000000 
-5.2683568595846061037669675525740486091280625051757E-73
TG 26 g=1 8232.0000000000000000000000000000000000000000000000 
-5.0826311198538400181296766921348901304086008510526E-72
TG 30 g=1 392.00000000000000000000000000000000000000000000000 
-1.2994943066092768174051102596682740167867553344800E-73
TG 31 g=1 2744.0000000000000000000000000000000000000000000000 
-1.3745679543952955266830528684957021116608757597195E-72
TG 33 g=1 19208.000000000000000000000000000000000000000000000 
-1.2876403941809315587242116536694498611968654886226E-71
TG 2 g=3 -0.071428571428571428571428571428571428571428571428571 
7.4341320853245243237415212372259473324011852676738E-80
TG 3 g=3 -0.020408163265306122448979591836734693877551020408163 
-1.3803018097864964400247208244424329733946779794644E-80
TG 9 g=3 -0.14285714285714285714285714285714285714285714285714 
1.0869759093609471624533690459291623169735235182464E-79
TG 10 g=3 -0.14285714285714285714285714285714285714285714285714 
-3.7688357647049120527046152233290317952563111941967E-80
TG 11 g=3 0.14285714285714285714285714285714285714285714285714 
6.8185430268537419854625955738750015796295500226676E-80
TG 14 g=3 -0.50000000000000000000000000000000000000000000000000 
4.3774594423917742238531677216818169997549952147181E-79
TG 15 g=3 -0.14285714285714285714285714285714285714285714285714 
-1.1950334382790600255029419299546800118025506224156E-79
TG 21 g=3 -1.0000000000000000000000000000000000000000000000000 
6.0410559285404908976668882375938376778109403707180E-79
TG 22 g=3 -1.0000000000000000000000000000000000000000000000000 
-4.2255388398884343623880016634786936901260320212258E-79
TG 23 g=3 1.0000000000000000000000000000000000000000000000000 
6.4077738141371526698281564920915876247219940273760E-79
TG 24 g=3 -56.000000000000000000000000000000000000000000000000 
-1.8505744148981308380812274465102102023222615610720E-76
TG 25 g=3 -392.00000000000000000000000000000000000000000000000 
-2.1259971675120717999917291739689346780556614581577E-75
TG 26 g=3 -2744.0000000000000000000000000000000000000000000000 
-2.0700830062522824696062910205483494110988976059795E-74
TG 27 g=3 -112.00000000000000000000000000000000000000000000000 
-3.1635087829177258266043625862045651724158953315991E-76
TG 28 g=3 -784.00000000000000000000000000000000000000000000000 
-3.8747788299212683936674759076448376177015061861116E-75
TG 29 g=3 -5488.0000000000000000000000000000000000000000000000 
-3.8750356378631654892132210389087265553645340007709E-74
TG 30 g=3 392.00000000000000000000000000000000000000000000000 
-6.6047472525650269744728064921152455941531920058332E-77
TG 31 g=3 2744.0000000000000000000000000000000000000000000000 
5.3611441011275708032427379360365272442074345553356E-75
TG 33 g=3 19208.000000000000000000000000000000000000000000000 
7.8178454096722546474392723770457171490695055602751E-74
TG 36 g=3 112.00000000000000000000000000000000000000000000000 
4.4627894985725596831915057012776610007489721721415E-76
TG 37 g=3 784.00000000000000000000000000000000000000000000000 
4.7843524395274654365340598949090654153879735102088E-75
TG 38 g=3 5488.0000000000000000000000000000000000000000000000 
4.5113978865371247088952610804562188551904815704818E-74
TG 39 g=3 -112.00000000000000000000000000000000000000000000000 
-5.1286226724407786951576766685569596641113530930960E-76
TG 40 g=3 -784.00000000000000000000000000000000000000000000000 
-5.2519392798675789383942638029092584778812541013691E-75
TG 41 g=3 -5488.0000000000000000000000000000000000000000000000 
-4.8378450579196947157348651808700739589786663842575E-74
TG 45 g=3 -112.00000000000000000000000000000000000000000000000 
-5.1527191248824484625276162663884339932718330048272E-76
TG 46 g=3 -784.00000000000000000000000000000000000000000000000 
-5.2713706591165414388013830946005593769162651021890E-75
TG 47 g=3 -5488.0000000000000000000000000000000000000000000000 
-4.8530200398093606684337583420004232325107702134693E-74
TG 48 g=3 -224.00000000000000000000000000000000000000000000000 
-9.2394111937454264166091047247124436644840347146692E-76
TG 49 g=3 -1568.0000000000000000000000000000000000000000000000 
-9.7873850042535723459037956280583266627731343153600E-75
TG 51 g=3 -10976.000000000000000000000000000000000000000000000 
-9.1760260780089251352866628611066962284856213188583E-74
TG 54 g=3 784.00000000000000000000000000000000000000000000000 
8.9036572495363102955182088534281382305441977445856E-76
TG 55 g=3 5488.0000000000000000000000000000000000000000000000 
1.7863165858953233819590647955200013448074784840579E-74
TG 57 g=3 38416.000000000000000000000000000000000000000000000 
2.0623941776767060510501701590044945090415612931049E-73
TG 60 g=3 -224.00000000000000000000000000000000000000000000000 
-1.3178120924050999911829951627853911611739439166593E-75
TG 61 g=3 -1568.0000000000000000000000000000000000000000000000 
-1.2535845646912379347933002108394553826280801431342E-74
TG 62 g=3 -10976.000000000000000000000000000000000000000000000 
-1.1101644918121983588329951145029391035713886085831E-73
TG 66 g=3 -224.00000000000000000000000000000000000000000000000 
-1.3227856001890606311681506957778074627126669704406E-75
TG 67 g=3 -1568.0000000000000000000000000000000000000000000000 
-1.2585503616104172404528973631605656123814718433437E-74
TG 68 g=3 -10976.000000000000000000000000000000000000000000000 
-1.1132488377247320890563473830253678177039300372847E-73
TG 69 g=3 -224.00000000000000000000000000000000000000000000000 
-1.2063900963148189868643944624126538631358848048145E-75
TG 71 g=3 -1568.0000000000000000000000000000000000000000000000 
-1.1765376037961453538139605431491861035971952541686E-74
TG 73 g=3 -10976.000000000000000000000000000000000000000000000 
-1.0564475233995109132630920059163206182390470863164E-73
TG 75 g=3 1568.0000000000000000000000000000000000000000000000 
3.8210262710483246018511673982722220447849946350152E-75
TG 76 g=3 10976.000000000000000000000000000000000000000000000 
5.0020424414952786986285049150743659671999566855782E-74
TG 77 g=3 76832.000000000000000000000000000000000000000000000 
5.1281630928515849485195134955773188699684398399795E-73
TG 90 g=3 3136.0000000000000000000000000000000000000000000000 
1.4852019547235496973810597694573806245798833002854E-74
TG 91 g=3 21952.000000000000000000000000000000000000000000000 
1.5045139842435686074303957503206222312625624441026E-73
TG 92 g=3 153664.00000000000000000000000000000000000000000000 
1.3785410104056963748756905816369393020677722068882E-72
TG 96 g=3 -3136.0000000000000000000000000000000000000000000000 
-1.2415386276333850097362305561855122081091104328602E-74
TG 97 g=3 -21952.000000000000000000000000000000000000000000000 
-1.3340113421987040006834823464007629140156722654790E-73
TG 98 g=3 -153664.00000000000000000000000000000000000000000000 
-1.2589966977893490453869140173372382282330784967007E-72
TG 3 g=4 -9.8933422227207080599085905495721558358716417637582E-82 
-2.8139848089478299763081389757844171241830282407100E-82
TG 4 g=4 -2.9680026668162124179725771648716467507614925291275E-81 
-8.4419544268434899289244169273532513725490847221299E-82
TG 5 g=4 6.9253395559044956419360133847005090851101492346307E-81 
1.9697893662634809834156972830490919869281197684970E-81
TG 7 g=4 -6.9253395559044956419360133847005090851101492346307E-81 
-1.9697893662634809834156972830490919869281197684970E-81
TG 8 g=4 2.0776018667713486925808040154101527255330447703892E-80 
5.9093680987904429502470918491472759607843593054909E-81
TG 9 g=4 -2.0776018667713486925808040154101527255330447703892E-80 
-5.9093680987904429502470918491472759607843593054909E-81
TG 15 g=4 -6.9253395559044956419360133847005090851101492346307E-81 
-1.9697893662634809834156972830490919869281197684970E-81
TG 16 g=4 -2.0776018667713486925808040154101527255330447703892E-80 
-5.9093680987904429502470918491472759607843593054909E-81
TG 17 g=4 4.8477376891331469493552093692903563595771044642415E-80 
1.3788525563844366883909880981343643908496838379479E-80
TG 19 g=4 -4.8477376891331469493552093692903563595771044642415E-80 
-1.3788525563844366883909880981343643908496838379479E-80
TG 20 g=4 1.4543213067399440848065628107871069078731313392725E-79 
4.1365576691533100651729642944030931725490515138437E-80
TG 21 g=4 -1.4543213067399440848065628107871069078731313392725E-79 
-4.1365576691533100651729642944030931725490515138437E-80
TG 24 g=4 -3.0540747441538825780937819026529245065335758124722E-78 
-8.6867711052219511368632250182464956623530081790717E-79
TG 25 g=4 -2.1378523209077178046656473318570471545735030687305E-77 
-6.0807397736553657958042575127725469636471057253502E-78
TG 26 g=4 -1.4964966246354024632659531322999330082014521481114E-76 
-4.2565178415587560570629802589407828745529740077451E-77
TG 27 g=4 3.0540747441538825780937819026529245065335758124722E-78 
8.6867711052219511368632250182464956623530081790717E-79
TG 28 g=4 2.1378523209077178046656473318570471545735030687305E-77 
6.0807397736553657958042575127725469636471057253502E-78
TG 29 g=4 1.4964966246354024632659531322999330082014521481114E-76 
4.2565178415587560570629802589407828745529740077451E-77
TG 39 g=4 -3.0540747441538825780937819026529245065335758124722E-78 
-8.6867711052219511368632250182464956623530081790717E-79
TG 40 g=4 -2.1378523209077178046656473318570471545735030687305E-77 
-6.0807397736553657958042575127725469636471057253502E-78
TG 41 g=4 -1.4964966246354024632659531322999330082014521481114E-76 
-4.2565178415587560570629802589407828745529740077451E-77
TG 45 g=4 -9.1622242324616477342813457079587735196007274374165E-78 
-2.6060313315665853410589675054739486987059024537215E-78
TG 46 g=4 -6.4135569627231534139969419955711414637205092061915E-77 
-1.8242219320966097387412772538317640890941317176050E-77
TG 47 g=4 -4.4894898739062073897978593968997990246043564443341E-76 
-1.2769553524676268171188940776822348623658922023235E-76
TG 48 g=4 9.1622242324616477342813457079587735196007274374165E-78 
2.6060313315665853410589675054739486987059024537215E-78
TG 49 g=4 6.4135569627231534139969419955711414637205092061915E-77 
1.8242219320966097387412772538317640890941317176050E-77
TG 51 g=4 4.4894898739062073897978593968997990246043564443341E-76 
1.2769553524676268171188940776822348623658922023235E-76
TG 60 g=4 -9.1622242324616477342813457079587735196007274374165E-78 
-2.6060313315665853410589675054739486987059024537215E-78
TG 61 g=4 -6.4135569627231534139969419955711414637205092061915E-77 
-1.8242219320966097387412772538317640890941317176050E-77
TG 62 g=4 -4.4894898739062073897978593968997990246043564443341E-76 
-1.2769553524676268171188940776822348623658922023235E-76
TG 63 g=4 -2.1378523209077178046656473318570471545735030687305E-77 
-6.0807397736553657958042575127725469636471057253502E-78
TG 64 g=4 -1.4964966246354024632659531322999330082014521481114E-76 
-4.2565178415587560570629802589407828745529740077451E-77
TG 65 g=4 -1.0475476372447817242861671926099531057410165036779E-75 
-2.9795624890911292399440861812585480121870818054216E-76
TG 66 g=4 -2.7486672697384943202844037123876320558802182312249E-77 
-7.8180939946997560231769025164218460961177073611645E-78
TG 67 g=4 -1.9240670888169460241990825986713424391161527618575E-76 
-5.4726657962898292162238317614952922672823951528151E-77
TG 68 g=4 -1.3468469621718622169393578190699397073813069333002E-75 
-3.8308660574028804513566822330467045870976766069706E-76
TG 69 g=4 9.1622242324616477342813457079587735196007274374165E-78 
2.6060313315665853410589675054739486987059024537215E-78
TG 70 g=4 -2.7486672697384943202844037123876320558802182312249E-77 
-7.8180939946997560231769025164218460961177073611645E-78
TG 71 g=4 6.4135569627231534139969419955711414637205092061915E-77 
1.8242219320966097387412772538317640890941317176050E-77
TG 72 g=4 -1.9240670888169460241990825986713424391161527618575E-76 
-5.4726657962898292162238317614952922672823951528151E-77
TG 73 g=4 4.4894898739062073897978593968997990246043564443341E-76 
1.2769553524676268171188940776822348623658922023235E-76
TG 74 g=4 -1.3468469621718622169393578190699397073813069333002E-75 
-3.8308660574028804513566822330467045870976766069706E-76
TG 82 g=4 -6.4135569627231534139969419955711414637205092061915E-77 
-1.8242219320966097387412772538317640890941317176050E-77
TG 85 g=4 -4.4894898739062073897978593968997990246043564443341E-76 
-1.2769553524676268171188940776822348623658922023235E-76
TG 87 g=4 -3.1426429117343451728585015778298593172230495110338E-75 
-8.9386874672733877198322585437756440365612454162647E-76
TG 90 g=4 1.9240670888169460241990825986713424391161527618575E-76 
5.4726657962898292162238317614952922672823951528151E-77
TG 91 g=4 1.3468469621718622169393578190699397073813069333002E-75 
3.8308660574028804513566822330467045870976766069706E-76
TG 92 g=4 9.4279287352030355185755047334895779516691485331015E-75 
2.6816062401820163159496775631326932109683736248794E-75
TG 96 g=4 -1.9240670888169460241990825986713424391161527618575E-76 
-5.4726657962898292162238317614952922672823951528151E-77
TG 97 g=4 -1.3468469621718622169393578190699397073813069333002E-75 
-3.8308660574028804513566822330467045870976766069706E-76
TG 98 g=4 -9.4279287352030355185755047334895779516691485331015E-75 
-2.6816062401820163159496775631326932109683736248794E-75
TG 13 g=7 -0.16666666666666666666666666666666666666666666666667 
-8.6446023134490290439658307220414155863221683335422E-80
TG 15 g=7 -0.33333333333333333333333333333333333333333333333333 
-6.5888737145190770152178587820437618798187258639803E-80
TG 17 g=7 0.33333333333333333333333333333333333333333333333333 
-7.0808429518698347656874589044363627668451907284909E-80
TG 18 g=7 1.0000000000000000000000000000000000000000000000000 
1.8097439802545731535131718788013532629902100373066E-80
TG 21 g=7 -1.0000000000000000000000000000000000000000000000000 
-2.0205879391191836180001433598267536431444092649540E-80
TG 23 g=7 1.0000000000000000000000000000000000000000000000000 
1.6252555162480389970870718329041279303552857131151E-79
TG 24 g=7 -24.000000000000000000000000000000000000000000000000 
-3.1667356995072061029513203306808301096626362664451E-77
TG 25 g=7 -24.000000000000000000000000000000000000000000000000 
-1.5339600820596626659642131816201295657485174475438E-77
TG 26 g=7 -24.000000000000000000000000000000000000000000000000 
9.2068528704213236159310880047758166000666996072685E-79
TG 27 g=7 48.000000000000000000000000000000000000000000000000 
6.0433501116167082067685679034707092962330943956474E-77
TG 28 g=7 48.000000000000000000000000000000000000000000000000 
2.7935418923168455808093808092658714367897036335092E-77
TG 29 g=7 48.000000000000000000000000000000000000000000000000 
-4.5851532921090622343766731406990402670866525372381E-78
TG 30 g=7 8.0000000000000000000000000000000000000000000000000 
1.5409882140218163481137788976543095784203240884654E-77
TG 31 g=7 8.0000000000000000000000000000000000000000000000000 
9.9729192542960749702337510525014379812936234677206E-78
TG 33 g=7 8.0000000000000000000000000000000000000000000000000 
4.5387676211588479321895394148734521834527287071557E-78
TG 39 g=7 -48.000000000000000000000000000000000000000000000000 
-2.1795642841030999082233198565199055297806754826001E-77
TG 40 g=7 -48.000000000000000000000000000000000000000000000000 
1.1062279708429895703416437037799339945423652810565E-77
TG 41 g=7 -48.000000000000000000000000000000000000000000000000 
4.3717792057380764443158580019013350823706029188590E-77
TG 63 g=7 -96.000000000000000000000000000000000000000000000000 
-1.0755290904323022867123406561426356991919138735111E-76
TG 64 g=7 -96.000000000000000000000000000000000000000000000000 
-4.2286864389886274757507000234454300243726197096957E-77
TG 65 g=7 -96.000000000000000000000000000000000000000000000000 
2.2844240129784328458948403397498713188440305651500E-77
TG 69 g=7 288.00000000000000000000000000000000000000000000000 
4.1550316160252568868232513194072234915720861128375E-78
TG 71 g=7 288.00000000000000000000000000000000000000000000000 
-1.8979892051713747865831190093265175020974142207179E-76
TG 73 g=7 288.00000000000000000000000000000000000000000000000 
-3.8789103674961630225311134678563591537221468043105E-76
TG 78 g=7 -576.00000000000000000000000000000000000000000000000 
-2.7531160772705376010850788106372680039014718349283E-76
TG 80 g=7 -576.00000000000000000000000000000000000000000000000 
1.1835374224266800739868665801559141339322383311939E-76
TG 83 g=7 -576.00000000000000000000000000000000000000000000000 
5.0842068864776708964530355048540946068862984957976E-76
TG 90 g=7 -1728.0000000000000000000000000000000000000000000000 
-2.7537907779389043545714371193765492851179652724568E-76
TG 91 g=7 -1728.0000000000000000000000000000000000000000000000 
8.8978399643093505191789826021849898029127052192285E-76
TG 92 g=7 -1728.0000000000000000000000000000000000000000000000 
2.0621438777850059098140955255936532220702675713951E-75
TG 99 g=7 1728.0000000000000000000000000000000000000000000000 
1.0418390370585223959601824397611903904483415595894E-75
TG 100 g=7 1728.0000000000000000000000000000000000000000000000 
-1.2908148286969938783178376697016378473546948982209E-76
TG 101 g=7 1728.0000000000000000000000000000000000000000000000 
-1.3115168942047137644575984428519184926807685397195E-75
TG 4 g=12 -9.8666615828410529095571318899241606386427533015985E-82 
-2.1283700034071092308580906036713452180726990256671E-83
TG 9 g=12 -6.9066631079887370366899923229469124470499273111190E-81 
-1.4898590023849764616006634225699416526508893179669E-82
TG 16 g=12 -6.9066631079887370366899923229469124470499273111190E-81 
-1.4898590023849764616006634225699416526508893179669E-82
TG 21 g=12 -4.8346641755921159256829946260628387129349491177833E-80 
-1.0429013016694835231204643957989591568556225225769E-81
TG 32 g=12 2.3689854460401368035846673667707909693381250677138E-78 
5.1102163781804692632902755394148998685925503606266E-80
TG 36 g=12 -3.3842649229144811479780962382439870990544643824483E-79 
-7.3003091116863846618432507705927140979893576580380E-81
TG 56 g=12 2.3689854460401368035846673667707909693381250677138E-78 
5.1102163781804692632902755394148998685925503606266E-80
TG 70 g=12 3.3842649229144811479780962382439870990544643824483E-79 
7.3003091116863846618432507705927140979893576580380E-81
TG 79 g=12 -2.3689854460401368035846673667707909693381250677138E-78 
-5.1102163781804692632902755394148998685925503606266E-80
TG 93 g=12 -2.3689854460401368035846673667707909693381250677138E-78 
-5.1102163781804692632902755394148998685925503606266E-80
TG 1 g=21 1.0000000000000000000000000000000000000000000000000 
-2.3561812403120219406419063004588492482231763689594E-78
TG 2 g=21 -0.50000000000000000000000000000000000000000000000000 
-2.2570845796456550223330297043769110695507027319651E-78
TG 8 g=21 -1.0000000000000000000000000000000000000000000000000 
6.7575488816107653868074359668640821839420852460982E-79
TG 9 g=21 1.0000000000000000000000000000000000000000000000000 
-3.2786235603446927227724065299449759113977979899166E-79
TG 10 g=21 -1.0000000000000000000000000000000000000000000000000 
-1.1100934434221740955239048475987330015118589335634E-78
TG 11 g=21 1.0000000000000000000000000000000000000000000000000 
5.1762191901261869031551498591735793327855910387429E-79
TG 12 g=21 1.0000000000000000000000000000000000000000000000000 
-1.2292202801806790079590437343780842162989814971842E-78
TG 13 g=21 0.50000000000000000000000000000000000000000000000000 
1.7336644517642595442441230027313546258179031493305E-78
TG 14 g=21 -0.50000000000000000000000000000000000000000000000000 
-2.8289988180659109072539398466583096007189681369586E-78
TG 20 g=21 -1.0000000000000000000000000000000000000000000000000 
-4.4804341258729723703481439717897580782767335875066E-79
TG 21 g=21 1.0000000000000000000000000000000000000000000000000 
8.0436970306848892201779620011190245028827005347472E-79
TG 22 g=21 -1.0000000000000000000000000000000000000000000000000 
-2.2528677004683628130432902747564030619476187474122E-78
TG 23 g=21 1.0000000000000000000000000000000000000000000000000 
1.6551250770871921462227261260493929842104639370319E-78
TG 24 g=21 8.0000000000000000000000000000000000000000000000000 
6.8718263073153842585593745095798491899856612274831E-77
TG 25 g=21 8.0000000000000000000000000000000000000000000000000 
6.5783315165758464919935102079924918608110159025979E-77
TG 26 g=21 8.0000000000000000000000000000000000000000000000000 
6.3084512492291450974501867122799793742136408912093E-77
TG 30 g=21 8.0000000000000000000000000000000000000000000000000 
1.2944132322616165635784153163111380138426598983727E-76
TG 31 g=21 8.0000000000000000000000000000000000000000000000000 
1.2659914666066670729655715606689140425978738424859E-76
TG 33 g=21 8.0000000000000000000000000000000000000000000000000 
1.2376540385352634265385225936191002315051494662901E-76
TG 45 g=21 16.000000000000000000000000000000000000000000000000 
8.3089387309365691845025721242489781811166831631276E-77
TG 46 g=21 16.000000000000000000000000000000000000000000000000 
7.7354431628248287210980096958598891470972612639267E-77
TG 47 g=21 16.000000000000000000000000000000000000000000000000 
7.1720681047385895599888218985600193313252409276529E-77
TG 54 g=21 16.000000000000000000000000000000000000000000000000 
2.0455237513209048822668025203160243281039792269437E-76
TG 55 g=21 16.000000000000000000000000000000000000000000000000 
1.9880055193426391475547567002922951043979136776415E-76
TG 57 g=21 16.000000000000000000000000000000000000000000000000 
1.9306559625314651012143004574533862009959714877214E-76
TG 66 g=21 32.000000000000000000000000000000000000000000000000 
5.7282086744337370991820411964980775280292846167238E-77
TG 67 g=21 32.000000000000000000000000000000000000000000000000 
4.5845910415520899398047078834163058660729080059644E-77
TG 68 g=21 32.000000000000000000000000000000000000000000000000 
3.4814554487724479896088730946914110771061376469134E-77
TG 69 g=21 -32.000000000000000000000000000000000000000000000000 
-6.0588120019334463074976124787459053241110690056748E-77
TG 71 g=21 -32.000000000000000000000000000000000000000000000000 
-4.9354353891028017527110284278425720986494955207696E-77
TG 73 g=21 -32.000000000000000000000000000000000000000000000000 
-3.7884442528793208259019035710643940306106517223679E-77
TG 75 g=21 32.000000000000000000000000000000000000000000000000 
3.0041047259029698980103696616499046164370305955197E-76
TG 76 g=21 32.000000000000000000000000000000000000000000000000 
2.8907550136173553123021737934506493720661330907365E-76
TG 77 g=21 32.000000000000000000000000000000000000000000000000 
2.7753811993266404661349029990335502840457552733679E-76
TG 82 g=21 64.000000000000000000000000000000000000000000000000 
5.0872430394853212871416478941808603723605189646757E-77
TG 85 g=21 64.000000000000000000000000000000000000000000000000 
2.8000077737220269683869812680173170484477657431571E-77
TG 87 g=21 64.000000000000000000000000000000000000000000000000 
4.9927849459139757990514846706814810020514377106897E-78
TG 96 g=21 64.000000000000000000000000000000000000000000000000 
2.2420303209827218351686599406316974824076929071111E-76
TG 97 g=21 64.000000000000000000000000000000000000000000000000 
2.0166802977482261707249848217117495560988847726016E-76
TG 98 g=21 64.000000000000000000000000000000000000000000000000 
1.7825591658249627109586516891811449739756619502219E-76
TG 99 g=21 -64.000000000000000000000000000000000000000000000000 
-1.8297882126106354550037333009308346591302025772149E-76
TG 100 g=21 -64.000000000000000000000000000000000000000000000000 
-1.6030887880394062835873415645323241703884075676485E-76
TG 101 g=21 -64.000000000000000000000000000000000000000000000000 
-1.3743652614630768517118749019159698379971322454966E-76
TG 1 g=28 -4.4987560440008692645815117790923566704840881561886E-80 
-1.9619404058893603016187700289638693973968178139295E-80
TG 5 g=28 1.4995853480002897548605039263641188901613627187295E-80 
6.5398013529645343387292334298795646579893927130984E-81
TG 7 g=28 -1.4995853480002897548605039263641188901613627187295E-80 
-6.5398013529645343387292334298795646579893927130984E-81
TG 9 g=28 4.4987560440008692645815117790923566704840881561886E-80 
1.9619404058893603016187700289638693973968178139295E-80
TG 12 g=28 -4.4987560440008692645815117790923566704840881561886E-80 
-1.9619404058893603016187700289638693973968178139295E-80
TG 13 g=28 1.4995853480002897548605039263641188901613627187295E-80 
6.5398013529645343387292334298795646579893927130984E-81
TG 17 g=28 1.4995853480002897548605039263641188901613627187295E-80 
6.5398013529645343387292334298795646579893927130984E-81
TG 19 g=28 -1.4995853480002897548605039263641188901613627187295E-80 
-6.5398013529645343387292334298795646579893927130984E-81
TG 21 g=28 4.4987560440008692645815117790923566704840881561886E-80 
1.9619404058893603016187700289638693973968178139295E-80
TG 24 g=28 1.3496268132002607793744535337277070011452264468566E-79 
5.8858212176680809048563100868916081921904534417885E-80
TG 25 g=28 1.3496268132002607793744535337277070011452264468566E-79 
5.8858212176680809048563100868916081921904534417885E-80
TG 26 g=28 1.3496268132002607793744535337277070011452264468566E-79 
5.8858212176680809048563100868916081921904534417885E-80
TG 32 g=28 -1.3496268132002607793744535337277070011452264468566E-79 
-5.8858212176680809048563100868916081921904534417885E-80
TG 34 g=28 -1.3496268132002607793744535337277070011452264468566E-79 
-5.8858212176680809048563100868916081921904534417885E-80
TG 35 g=28 -1.3496268132002607793744535337277070011452264468566E-79 
-5.8858212176680809048563100868916081921904534417885E-80
TG 39 g=28 1.3496268132002607793744535337277070011452264468566E-79 
5.8858212176680809048563100868916081921904534417885E-80
TG 40 g=28 1.3496268132002607793744535337277070011452264468566E-79 
5.8858212176680809048563100868916081921904534417885E-80
TG 41 g=28 1.3496268132002607793744535337277070011452264468566E-79 
5.8858212176680809048563100868916081921904534417885E-80
TG 42 g=28 1.3496268132002607793744535337277070011452264468566E-79 
5.8858212176680809048563100868916081921904534417885E-80
TG 43 g=28 1.3496268132002607793744535337277070011452264468566E-79 
5.8858212176680809048563100868916081921904534417885E-80
TG 44 g=28 1.3496268132002607793744535337277070011452264468566E-79 
5.8858212176680809048563100868916081921904534417885E-80
TG 45 g=28 4.0488804396007823381233606011831210034356793405698E-79 
1.7657463653004242714568930260674824576571360325366E-79
TG 46 g=28 4.0488804396007823381233606011831210034356793405698E-79 
1.7657463653004242714568930260674824576571360325366E-79
TG 47 g=28 4.0488804396007823381233606011831210034356793405698E-79 
1.7657463653004242714568930260674824576571360325366E-79
TG 56 g=28 -4.0488804396007823381233606011831210034356793405698E-79 
-1.7657463653004242714568930260674824576571360325366E-79
TG 58 g=28 -4.0488804396007823381233606011831210034356793405698E-79 
-1.7657463653004242714568930260674824576571360325366E-79
TG 59 g=28 -4.0488804396007823381233606011831210034356793405698E-79 
-1.7657463653004242714568930260674824576571360325366E-79
TG 60 g=28 4.0488804396007823381233606011831210034356793405698E-79 
1.7657463653004242714568930260674824576571360325366E-79
TG 61 g=28 4.0488804396007823381233606011831210034356793405698E-79 
1.7657463653004242714568930260674824576571360325366E-79
TG 62 g=28 4.0488804396007823381233606011831210034356793405698E-79 
1.7657463653004242714568930260674824576571360325366E-79
TG 63 g=28 1.3496268132002607793744535337277070011452264468566E-79 
5.8858212176680809048563100868916081921904534417885E-80
TG 64 g=28 1.3496268132002607793744535337277070011452264468566E-79 
5.8858212176680809048563100868916081921904534417885E-80
TG 65 g=28 1.3496268132002607793744535337277070011452264468566E-79 
5.8858212176680809048563100868916081921904534417885E-80
TG 66 g=28 1.2146641318802347014370081803549363010307038021709E-78 
5.2972390959012728143706790782024473729714080976097E-79
TG 67 g=28 1.2146641318802347014370081803549363010307038021709E-78 
5.2972390959012728143706790782024473729714080976097E-79
TG 68 g=28 1.2146641318802347014370081803549363010307038021709E-78 
5.2972390959012728143706790782024473729714080976097E-79
TG 79 g=28 1.2146641318802347014370081803549363010307038021709E-78 
5.2972390959012728143706790782024473729714080976097E-79
TG 81 g=28 1.2146641318802347014370081803549363010307038021709E-78 
5.2972390959012728143706790782024473729714080976097E-79
TG 82 g=28 4.0488804396007823381233606011831210034356793405698E-79 
1.7657463653004242714568930260674824576571360325366E-79
TG 84 g=28 1.2146641318802347014370081803549363010307038021709E-78 
5.2972390959012728143706790782024473729714080976097E-79
TG 85 g=28 4.0488804396007823381233606011831210034356793405698E-79 
1.7657463653004242714568930260674824576571360325366E-79
TG 86 g=28 -1.2146641318802347014370081803549363010307038021709E-78 
-5.2972390959012728143706790782024473729714080976097E-79
TG 87 g=28 4.0488804396007823381233606011831210034356793405698E-79 
1.7657463653004242714568930260674824576571360325366E-79
TG 88 g=28 -1.2146641318802347014370081803549363010307038021709E-78 
-5.2972390959012728143706790782024473729714080976097E-79
TG 89 g=28 -1.2146641318802347014370081803549363010307038021709E-78 
-5.2972390959012728143706790782024473729714080976097E-79
TG 1 g=84 0.00000000000000000000000000000000000000000000000000 
0.00000000000000000000000000000000000000000000000000
TG 2 g=84 0.00000000000000000000000000000000000000000000000000 
0.00000000000000000000000000000000000000000000000000
TG 3 g=84 0.00000000000000000000000000000000000000000000000000 
0.00000000000000000000000000000000000000000000000000
TG 4 g=84 0.00000000000000000000000000000000000000000000000000 
0.00000000000000000000000000000000000000000000000000
TG 5 g=84 0.00000000000000000000000000000000000000000000000000 
0.00000000000000000000000000000000000000000000000000
TG 6 g=84 0.00000000000000000000000000000000000000000000000000 
0.00000000000000000000000000000000000000000000000000
TG 7 g=84 0.00000000000000000000000000000000000000000000000000 
0.00000000000000000000000000000000000000000000000000
TG 8 g=84 0.00000000000000000000000000000000000000000000000000 
0.00000000000000000000000000000000000000000000000000
TG 9 g=84 0.00000000000000000000000000000000000000000000000000 
0.00000000000000000000000000000000000000000000000000
TG 10 g=84 0.00000000000000000000000000000000000000000000000000 
0.00000000000000000000000000000000000000000000000000
TG 11 g=84 0.00000000000000000000000000000000000000000000000000 
0.00000000000000000000000000000000000000000000000000
TG 12 g=84 0.00000000000000000000000000000000000000000000000000 
0.00000000000000000000000000000000000000000000000000
TG 13 g=84 0.00000000000000000000000000000000000000000000000000 
0.00000000000000000000000000000000000000000000000000
TG 14 g=84 0.00000000000000000000000000000000000000000000000000 
0.00000000000000000000000000000000000000000000000000
TG 15 g=84 0.00000000000000000000000000000000000000000000000000 
0.00000000000000000000000000000000000000000000000000
TG 16 g=84 0.00000000000000000000000000000000000000000000000000 
0.00000000000000000000000000000000000000000000000000
TG 17 g=84 0.00000000000000000000000000000000000000000000000000 
0.00000000000000000000000000000000000000000000000000
TG 18 g=84 0.00000000000000000000000000000000000000000000000000 
0.00000000000000000000000000000000000000000000000000
TG 19 g=84 0.00000000000000000000000000000000000000000000000000 
0.00000000000000000000000000000000000000000000000000
TG 20 g=84 0.00000000000000000000000000000000000000000000000000 
0.00000000000000000000000000000000000000000000000000
TG 21 g=84 0.00000000000000000000000000000000000000000000000000 
0.00000000000000000000000000000000000000000000000000
TG 22 g=84 0.00000000000000000000000000000000000000000000000000 
0.00000000000000000000000000000000000000000000000000
TG 24 g=84 0.00000000000000000000000000000000000000000000000000 
-0.00000000000000000000000000000000000000000000000000
TG 25 g=84 0.00000000000000000000000000000000000000000000000000 
-0.00000000000000000000000000000000000000000000000000
TG 26 g=84 0.00000000000000000000000000000000000000000000000000 
-0.00000000000000000000000000000000000000000000000000
TG 27 g=84 0.00000000000000000000000000000000000000000000000000 
0.00000000000000000000000000000000000000000000000000
TG 28 g=84 0.00000000000000000000000000000000000000000000000000 
-0.00000000000000000000000000000000000000000000000000
TG 29 g=84 0.00000000000000000000000000000000000000000000000000 
-0.00000000000000000000000000000000000000000000000000
TG 30 g=84 0.00000000000000000000000000000000000000000000000000 
-0.00000000000000000000000000000000000000000000000000
TG 31 g=84 0.00000000000000000000000000000000000000000000000000 
-0.00000000000000000000000000000000000000000000000000
TG 32 g=84 0.00000000000000000000000000000000000000000000000000 
0.00000000000000000000000000000000000000000000000000
TG 33 g=84 0.00000000000000000000000000000000000000000000000000 
-0.00000000000000000000000000000000000000000000000000
TG 34 g=84 0.00000000000000000000000000000000000000000000000000 
0.00000000000000000000000000000000000000000000000000
TG 35 g=84 0.00000000000000000000000000000000000000000000000000 
0.00000000000000000000000000000000000000000000000000
TG 36 g=84 0.00000000000000000000000000000000000000000000000000 
0.00000000000000000000000000000000000000000000000000
TG 37 g=84 0.00000000000000000000000000000000000000000000000000 
0.00000000000000000000000000000000000000000000000000
TG 38 g=84 0.00000000000000000000000000000000000000000000000000 
0.00000000000000000000000000000000000000000000000000
TG 39 g=84 0.00000000000000000000000000000000000000000000000000 
-0.00000000000000000000000000000000000000000000000000
TG 40 g=84 0.00000000000000000000000000000000000000000000000000 
-0.00000000000000000000000000000000000000000000000000
TG 41 g=84 0.00000000000000000000000000000000000000000000000000 
-0.00000000000000000000000000000000000000000000000000
TG 42 g=84 0.00000000000000000000000000000000000000000000000000 
-0.00000000000000000000000000000000000000000000000000
TG 43 g=84 0.00000000000000000000000000000000000000000000000000 
-0.00000000000000000000000000000000000000000000000000
TG 44 g=84 0.00000000000000000000000000000000000000000000000000 
-0.00000000000000000000000000000000000000000000000000
TG 45 g=84 0.00000000000000000000000000000000000000000000000000 
-0.00000000000000000000000000000000000000000000000000
TG 46 g=84 0.00000000000000000000000000000000000000000000000000 
-0.00000000000000000000000000000000000000000000000000
TG 47 g=84 0.00000000000000000000000000000000000000000000000000 
-0.00000000000000000000000000000000000000000000000000
TG 48 g=84 0.00000000000000000000000000000000000000000000000000 
0.00000000000000000000000000000000000000000000000000
TG 49 g=84 0.00000000000000000000000000000000000000000000000000 
-0.00000000000000000000000000000000000000000000000000
TG 50 g=84 -0.00000000000000000000000000000000000000000000000000 
0.00000000000000000000000000000000000000000000000000
TG 51 g=84 0.00000000000000000000000000000000000000000000000000 
-0.00000000000000000000000000000000000000000000000000
TG 52 g=84 -0.00000000000000000000000000000000000000000000000000 
0.00000000000000000000000000000000000000000000000000
TG 53 g=84 0.00000000000000000000000000000000000000000000000000 
-0.00000000000000000000000000000000000000000000000000
TG 54 g=84 0.00000000000000000000000000000000000000000000000000 
-0.00000000000000000000000000000000000000000000000000
TG 55 g=84 0.00000000000000000000000000000000000000000000000000 
-0.00000000000000000000000000000000000000000000000000
TG 56 g=84 0.00000000000000000000000000000000000000000000000000 
0.00000000000000000000000000000000000000000000000000
TG 57 g=84 0.00000000000000000000000000000000000000000000000000 
-0.00000000000000000000000000000000000000000000000000
TG 58 g=84 0.00000000000000000000000000000000000000000000000000 
0.00000000000000000000000000000000000000000000000000
TG 59 g=84 0.00000000000000000000000000000000000000000000000000 
0.00000000000000000000000000000000000000000000000000
TG 60 g=84 0.00000000000000000000000000000000000000000000000000 
-0.00000000000000000000000000000000000000000000000000
TG 61 g=84 0.00000000000000000000000000000000000000000000000000 
-0.00000000000000000000000000000000000000000000000000
TG 62 g=84 0.00000000000000000000000000000000000000000000000000 
-0.00000000000000000000000000000000000000000000000000
TG 63 g=84 0.00000000000000000000000000000000000000000000000000 
-0.00000000000000000000000000000000000000000000000000
TG 64 g=84 0.00000000000000000000000000000000000000000000000000 
-0.00000000000000000000000000000000000000000000000000
TG 65 g=84 0.00000000000000000000000000000000000000000000000000 
-0.00000000000000000000000000000000000000000000000000
TG 66 g=84 0.00000000000000000000000000000000000000000000000000 
-0.00000000000000000000000000000000000000000000000000
TG 67 g=84 0.00000000000000000000000000000000000000000000000000 
-0.00000000000000000000000000000000000000000000000000
TG 68 g=84 0.00000000000000000000000000000000000000000000000000 
-0.00000000000000000000000000000000000000000000000000
TG 69 g=84 -0.00000000000000000000000000000000000000000000000000 
0.00000000000000000000000000000000000000000000000000
TG 70 g=84 0.00000000000000000000000000000000000000000000000000 
0.00000000000000000000000000000000000000000000000000
TG 71 g=84 0.00000000000000000000000000000000000000000000000000 
0.00000000000000000000000000000000000000000000000000
TG 72 g=84 0.00000000000000000000000000000000000000000000000000 
0.00000000000000000000000000000000000000000000000000
TG 73 g=84 0.00000000000000000000000000000000000000000000000000 
0.00000000000000000000000000000000000000000000000000
TG 74 g=84 0.00000000000000000000000000000000000000000000000000 
0.00000000000000000000000000000000000000000000000000
TG 75 g=84 0.00000000000000000000000000000000000000000000000000 
-0.00000000000000000000000000000000000000000000000000
TG 76 g=84 0.00000000000000000000000000000000000000000000000000 
-0.00000000000000000000000000000000000000000000000000
TG 77 g=84 0.00000000000000000000000000000000000000000000000000 
-0.00000000000000000000000000000000000000000000000000
TG 78 g=84 0.00000000000000000000000000000000000000000000000000 
-0.00000000000000000000000000000000000000000000000000
TG 79 g=84 0.00000000000000000000000000000000000000000000000000 
-0.00000000000000000000000000000000000000000000000000
TG 80 g=84 0.00000000000000000000000000000000000000000000000000 
-0.00000000000000000000000000000000000000000000000000
TG 81 g=84 0.00000000000000000000000000000000000000000000000000 
0.00000000000000000000000000000000000000000000000000
TG 82 g=84 0.00000000000000000000000000000000000000000000000000 
-0.00000000000000000000000000000000000000000000000000
TG 83 g=84 0.00000000000000000000000000000000000000000000000000 
-0.00000000000000000000000000000000000000000000000000
TG 84 g=84 0.00000000000000000000000000000000000000000000000000 
0.00000000000000000000000000000000000000000000000000
TG 85 g=84 0.00000000000000000000000000000000000000000000000000 
-0.00000000000000000000000000000000000000000000000000
TG 86 g=84 -0.00000000000000000000000000000000000000000000000000 
0.00000000000000000000000000000000000000000000000000
TG 87 g=84 0.00000000000000000000000000000000000000000000000000 
-0.00000000000000000000000000000000000000000000000000
TG 88 g=84 0.00000000000000000000000000000000000000000000000000 
-0.00000000000000000000000000000000000000000000000000
TG 89 g=84 0.00000000000000000000000000000000000000000000000000 
0.00000000000000000000000000000000000000000000000000
TG 90 g=84 0.00000000000000000000000000000000000000000000000000 
0.00000000000000000000000000000000000000000000000000
TG 91 g=84 0.00000000000000000000000000000000000000000000000000 
0.00000000000000000000000000000000000000000000000000
TG 92 g=84 0.00000000000000000000000000000000000000000000000000 
0.00000000000000000000000000000000000000000000000000
TG 93 g=84 0.00000000000000000000000000000000000000000000000000 
-0.00000000000000000000000000000000000000000000000000
TG 94 g=84 0.00000000000000000000000000000000000000000000000000 
-0.00000000000000000000000000000000000000000000000000
TG 95 g=84 0.00000000000000000000000000000000000000000000000000 
-0.00000000000000000000000000000000000000000000000000
TG 96 g=84 -0.00000000000000000000000000000000000000000000000000 
0.00000000000000000000000000000000000000000000000000
TG 97 g=84 0.00000000000000000000000000000000000000000000000000 
-0.00000000000000000000000000000000000000000000000000
TG 98 g=84 0.00000000000000000000000000000000000000000000000000 
-0.00000000000000000000000000000000000000000000000000
TG 99 g=84 0.00000000000000000000000000000000000000000000000000 
0.00000000000000000000000000000000000000000000000000
TG 100 g=84 0.00000000000000000000000000000000000000000000000000 
0.00000000000000000000000000000000000000000000000000
TG 101 g=84 0.00000000000000000000000000000000000000000000000000 
0.00000000000000000000000000000000000000000000000000
DONE
