BASE 21 2  M = 84  ds = [ 1, 2, 3, 4, 6, 7, 12, 14, 21, 28, 42, 84 ]
#cosets = 192
#monomials = 101
#holomorphic triple E's = 1 (cap 80)
#E's after external pool = 15
EPOOL 1 [ -6, 15, 0, -6, 0, 0, 0, 0, 0, 0, 0, 0 ]
EPOOL 2 [ -3, 6, -1, 0, 3, 0, -2, 0, 0, 0, 0, 0 ]
EPOOL 3 [ -2, 1, 4, 0, 2, 0, -2, 0, 0, 0, 0, 0 ]
EPOOL 4 [ -1, 2, 0, 0, 0, -3, 0, 7, 0, -2, 0, 0 ]
EPOOL 5 [ -1, 2, 0, 0, 0, 0, 0, 0, -1, 0, 1, 2 ]
EPOOL 6 [ 0, -3, -2, 6, 6, 0, -4, 0, 0, 0, 0, 0 ]
EPOOL 7 [ 0, -1, -2, 2, 4, 0, 0, 0, 0, 0, 0, 0 ]
EPOOL 8 [ 0, -1, 0, 2, 0, -2, 0, 4, 0, 0, 0, 0 ]
EPOOL 9 [ 0, 1, -2, -2, 2, 0, 4, 0, 0, 0, 0, 0 ]
EPOOL 10 [ 0, 2, 0, -1, 0, -2, 0, 7, 0, -3, 0, 0 ]
EPOOL 11 [ 0, 2, 0, -1, 0, 0, 0, 0, 2, 0, 1, -1 ]
EPOOL 12 [ 0, 6, -2, -3, 3, 0, -1, 0, 0, 0, 0, 0 ]
EPOOL 13 [ 2, -1, 0, 0, 0, 0, 0, 4, 0, -2, 0, 0 ]
EPOOL 14 [ 2, -1, 0, 0, 4, 0, -2, 0, 0, 0, 0, 0 ]
EPOOL 15 [ 6, -3, -4, 0, 6, 0, -2, 0, 0, 0, 0, 0 ]
  E 10/15 done
E constant table built
EMAT 1 1 84 1.0000000000000000000000000000000000000000000000000 
3.0254789281226485246616974269225789343060234683262E-81
EMAT 1 2 1 -0.25000000000000000000000000000000000000000000000000 
-0.25000000000000000000000000000000000000000000000000
EMAT 1 3 1 -0.25000000000000000000000000000000000000000000000000 
-0.25000000000000000000000000000000000000000000000000
EMAT 1 4 1 -0.25000000000000000000000000000000000000000000000000 
-0.25000000000000000000000000000000000000000000000000
EMAT 1 5 1 -0.25000000000000000000000000000000000000000000000000 
-0.25000000000000000000000000000000000000000000000000
EMAT 1 6 1 -0.25000000000000000000000000000000000000000000000000 
-0.25000000000000000000000000000000000000000000000000
EMAT 1 7 1 -0.25000000000000000000000000000000000000000000000000 
-0.25000000000000000000000000000000000000000000000000
EMAT 1 8 1 -0.25000000000000000000000000000000000000000000000000 
-0.25000000000000000000000000000000000000000000000000
EMAT 1 9 1 -0.25000000000000000000000000000000000000000000000000 
-0.25000000000000000000000000000000000000000000000000
EMAT 1 10 1 -0.25000000000000000000000000000000000000000000000000 
-0.25000000000000000000000000000000000000000000000000
EMAT 1 11 1 -0.25000000000000000000000000000000000000000000000000 
-0.25000000000000000000000000000000000000000000000000
EMAT 1 12 1 -0.25000000000000000000000000000000000000000000000000 
-0.25000000000000000000000000000000000000000000000000
EMAT 1 13 1 -0.25000000000000000000000000000000000000000000000000 
-0.25000000000000000000000000000000000000000000000000
EMAT 1 14 1 -0.25000000000000000000000000000000000000000000000000 
-0.25000000000000000000000000000000000000000000000000
EMAT 1 15 1 -0.25000000000000000000000000000000000000000000000000 
-0.25000000000000000000000000000000000000000000000000
EMAT 1 16 1 -0.25000000000000000000000000000000000000000000000000 
-0.25000000000000000000000000000000000000000000000000
EMAT 1 17 1 -0.25000000000000000000000000000000000000000000000000 
-0.25000000000000000000000000000000000000000000000000
EMAT 1 18 1 -0.25000000000000000000000000000000000000000000000000 
-0.25000000000000000000000000000000000000000000000000
EMAT 1 19 1 -0.25000000000000000000000000000000000000000000000000 
-0.25000000000000000000000000000000000000000000000000
EMAT 1 20 1 -0.25000000000000000000000000000000000000000000000000 
-0.25000000000000000000000000000000000000000000000000
EMAT 1 21 1 -0.25000000000000000000000000000000000000000000000000 
-0.25000000000000000000000000000000000000000000000000
EMAT 1 22 1 -0.25000000000000000000000000000000000000000000000000 
-0.25000000000000000000000000000000000000000000000000
EMAT 1 23 1 -0.25000000000000000000000000000000000000000000000000 
-0.25000000000000000000000000000000000000000000000000
EMAT 1 24 1 -0.25000000000000000000000000000000000000000000000000 
-0.25000000000000000000000000000000000000000000000000
EMAT 1 25 1 -0.25000000000000000000000000000000000000000000000000 
-0.25000000000000000000000000000000000000000000000000
EMAT 1 26 1 -0.25000000000000000000000000000000000000000000000000 
-0.25000000000000000000000000000000000000000000000000
EMAT 1 27 1 -0.25000000000000000000000000000000000000000000000000 
-0.25000000000000000000000000000000000000000000000000
EMAT 1 28 1 -0.25000000000000000000000000000000000000000000000000 
-0.25000000000000000000000000000000000000000000000000
EMAT 1 29 1 -0.25000000000000000000000000000000000000000000000000 
-0.25000000000000000000000000000000000000000000000000
EMAT 1 30 1 -0.25000000000000000000000000000000000000000000000000 
-0.25000000000000000000000000000000000000000000000000
EMAT 1 31 1 -0.25000000000000000000000000000000000000000000000000 
-0.25000000000000000000000000000000000000000000000000
EMAT 1 32 1 -0.25000000000000000000000000000000000000000000000000 
-0.25000000000000000000000000000000000000000000000000
EMAT 1 33 1 -0.25000000000000000000000000000000000000000000000000 
-0.25000000000000000000000000000000000000000000000000
EMAT 1 34 1 -0.25000000000000000000000000000000000000000000000000 
-0.25000000000000000000000000000000000000000000000000
EMAT 1 35 1 -0.25000000000000000000000000000000000000000000000000 
-0.25000000000000000000000000000000000000000000000000
EMAT 1 36 1 -0.25000000000000000000000000000000000000000000000000 
-0.25000000000000000000000000000000000000000000000000
EMAT 1 37 1 -0.25000000000000000000000000000000000000000000000000 
-0.25000000000000000000000000000000000000000000000000
EMAT 1 38 1 -0.25000000000000000000000000000000000000000000000000 
-0.25000000000000000000000000000000000000000000000000
EMAT 1 39 1 -0.25000000000000000000000000000000000000000000000000 
-0.25000000000000000000000000000000000000000000000000
EMAT 1 40 1 -0.25000000000000000000000000000000000000000000000000 
-0.25000000000000000000000000000000000000000000000000
EMAT 1 41 1 -0.25000000000000000000000000000000000000000000000000 
-0.25000000000000000000000000000000000000000000000000
EMAT 1 42 1 -0.25000000000000000000000000000000000000000000000000 
-0.25000000000000000000000000000000000000000000000000
EMAT 1 43 1 -0.25000000000000000000000000000000000000000000000000 
-0.25000000000000000000000000000000000000000000000000
EMAT 1 44 1 -0.25000000000000000000000000000000000000000000000000 
-0.25000000000000000000000000000000000000000000000000
EMAT 1 45 1 -0.25000000000000000000000000000000000000000000000000 
-0.25000000000000000000000000000000000000000000000000
EMAT 1 46 1 -0.25000000000000000000000000000000000000000000000000 
-0.25000000000000000000000000000000000000000000000000
EMAT 1 47 1 -0.25000000000000000000000000000000000000000000000000 
-0.25000000000000000000000000000000000000000000000000
EMAT 1 48 1 -0.25000000000000000000000000000000000000000000000000 
-0.25000000000000000000000000000000000000000000000000
EMAT 1 49 1 -0.25000000000000000000000000000000000000000000000000 
-0.25000000000000000000000000000000000000000000000000
EMAT 1 50 1 -0.25000000000000000000000000000000000000000000000000 
-0.25000000000000000000000000000000000000000000000000
EMAT 1 51 1 -0.25000000000000000000000000000000000000000000000000 
-0.25000000000000000000000000000000000000000000000000
EMAT 1 52 1 -0.25000000000000000000000000000000000000000000000000 
-0.25000000000000000000000000000000000000000000000000
EMAT 1 53 1 -0.25000000000000000000000000000000000000000000000000 
-0.25000000000000000000000000000000000000000000000000
EMAT 1 54 1 -0.25000000000000000000000000000000000000000000000000 
-0.25000000000000000000000000000000000000000000000000
EMAT 1 55 1 -0.25000000000000000000000000000000000000000000000000 
-0.25000000000000000000000000000000000000000000000000
EMAT 1 56 1 -0.25000000000000000000000000000000000000000000000000 
-0.25000000000000000000000000000000000000000000000000
EMAT 1 57 1 -0.25000000000000000000000000000000000000000000000000 
-0.25000000000000000000000000000000000000000000000000
EMAT 1 58 1 -0.25000000000000000000000000000000000000000000000000 
-0.25000000000000000000000000000000000000000000000000
EMAT 1 59 1 -0.25000000000000000000000000000000000000000000000000 
-0.25000000000000000000000000000000000000000000000000
EMAT 1 60 1 -0.25000000000000000000000000000000000000000000000000 
-0.25000000000000000000000000000000000000000000000000
EMAT 1 61 1 -0.25000000000000000000000000000000000000000000000000 
-0.25000000000000000000000000000000000000000000000000
EMAT 1 62 1 -0.25000000000000000000000000000000000000000000000000 
-0.25000000000000000000000000000000000000000000000000
EMAT 1 63 1 -0.25000000000000000000000000000000000000000000000000 
-0.25000000000000000000000000000000000000000000000000
EMAT 1 64 1 -0.25000000000000000000000000000000000000000000000000 
-0.25000000000000000000000000000000000000000000000000
EMAT 1 65 1 -0.25000000000000000000000000000000000000000000000000 
-0.25000000000000000000000000000000000000000000000000
EMAT 1 66 1 -0.25000000000000000000000000000000000000000000000000 
-0.25000000000000000000000000000000000000000000000000
EMAT 1 67 1 -0.25000000000000000000000000000000000000000000000000 
-0.25000000000000000000000000000000000000000000000000
EMAT 1 68 1 -0.25000000000000000000000000000000000000000000000000 
-0.25000000000000000000000000000000000000000000000000
EMAT 1 69 1 -0.25000000000000000000000000000000000000000000000000 
-0.25000000000000000000000000000000000000000000000000
EMAT 1 70 1 -0.25000000000000000000000000000000000000000000000000 
-0.25000000000000000000000000000000000000000000000000
EMAT 1 71 1 -0.25000000000000000000000000000000000000000000000000 
-0.25000000000000000000000000000000000000000000000000
EMAT 1 72 1 -0.25000000000000000000000000000000000000000000000000 
-0.25000000000000000000000000000000000000000000000000
EMAT 1 73 1 -0.25000000000000000000000000000000000000000000000000 
-0.25000000000000000000000000000000000000000000000000
EMAT 1 74 1 -0.25000000000000000000000000000000000000000000000000 
-0.25000000000000000000000000000000000000000000000000
EMAT 1 75 1 -0.25000000000000000000000000000000000000000000000000 
-0.25000000000000000000000000000000000000000000000000
EMAT 1 76 1 -0.25000000000000000000000000000000000000000000000000 
-0.25000000000000000000000000000000000000000000000000
EMAT 1 77 1 -0.25000000000000000000000000000000000000000000000000 
-0.25000000000000000000000000000000000000000000000000
EMAT 1 78 1 -0.25000000000000000000000000000000000000000000000000 
-0.25000000000000000000000000000000000000000000000000
EMAT 1 79 1 -0.25000000000000000000000000000000000000000000000000 
-0.25000000000000000000000000000000000000000000000000
EMAT 1 80 1 -0.25000000000000000000000000000000000000000000000000 
-0.25000000000000000000000000000000000000000000000000
EMAT 1 81 1 -0.25000000000000000000000000000000000000000000000000 
-0.25000000000000000000000000000000000000000000000000
EMAT 1 82 1 -0.25000000000000000000000000000000000000000000000000 
-0.25000000000000000000000000000000000000000000000000
EMAT 1 83 1 -0.25000000000000000000000000000000000000000000000000 
-0.25000000000000000000000000000000000000000000000000
EMAT 1 84 1 -0.25000000000000000000000000000000000000000000000000 
-0.25000000000000000000000000000000000000000000000000
EMAT 1 85 1 -0.25000000000000000000000000000000000000000000000000 
-0.25000000000000000000000000000000000000000000000000
EMAT 1 107 3 0.25000000000000000000000000000000000000000000000000 
-0.25000000000000000000000000000000000000000000000000
EMAT 1 108 3 0.25000000000000000000000000000000000000000000000000 
-0.25000000000000000000000000000000000000000000000000
EMAT 1 109 3 0.25000000000000000000000000000000000000000000000000 
-0.25000000000000000000000000000000000000000000000000
EMAT 1 110 3 0.25000000000000000000000000000000000000000000000000 
-0.25000000000000000000000000000000000000000000000000
EMAT 1 111 3 0.25000000000000000000000000000000000000000000000000 
-0.25000000000000000000000000000000000000000000000000
EMAT 1 112 3 0.25000000000000000000000000000000000000000000000000 
-0.25000000000000000000000000000000000000000000000000
EMAT 1 113 3 0.25000000000000000000000000000000000000000000000000 
-0.25000000000000000000000000000000000000000000000000
EMAT 1 114 3 0.25000000000000000000000000000000000000000000000000 
-0.25000000000000000000000000000000000000000000000000
EMAT 1 115 3 0.25000000000000000000000000000000000000000000000000 
-0.25000000000000000000000000000000000000000000000000
EMAT 1 116 3 0.25000000000000000000000000000000000000000000000000 
-0.25000000000000000000000000000000000000000000000000
EMAT 1 117 3 0.25000000000000000000000000000000000000000000000000 
-0.25000000000000000000000000000000000000000000000000
EMAT 1 118 3 0.25000000000000000000000000000000000000000000000000 
-0.25000000000000000000000000000000000000000000000000
EMAT 1 119 3 0.25000000000000000000000000000000000000000000000000 
-0.25000000000000000000000000000000000000000000000000
EMAT 1 120 3 0.25000000000000000000000000000000000000000000000000 
-0.25000000000000000000000000000000000000000000000000
EMAT 1 121 3 0.25000000000000000000000000000000000000000000000000 
-0.25000000000000000000000000000000000000000000000000
EMAT 1 122 3 0.25000000000000000000000000000000000000000000000000 
-0.25000000000000000000000000000000000000000000000000
EMAT 1 123 3 0.25000000000000000000000000000000000000000000000000 
-0.25000000000000000000000000000000000000000000000000
EMAT 1 124 3 0.25000000000000000000000000000000000000000000000000 
-0.25000000000000000000000000000000000000000000000000
EMAT 1 125 3 0.25000000000000000000000000000000000000000000000000 
-0.25000000000000000000000000000000000000000000000000
EMAT 1 126 3 0.25000000000000000000000000000000000000000000000000 
-0.25000000000000000000000000000000000000000000000000
EMAT 1 127 3 0.25000000000000000000000000000000000000000000000000 
-0.25000000000000000000000000000000000000000000000000
EMAT 1 128 3 0.25000000000000000000000000000000000000000000000000 
-0.25000000000000000000000000000000000000000000000000
EMAT 1 129 3 0.25000000000000000000000000000000000000000000000000 
-0.25000000000000000000000000000000000000000000000000
EMAT 1 130 3 0.25000000000000000000000000000000000000000000000000 
-0.25000000000000000000000000000000000000000000000000
EMAT 1 131 3 0.25000000000000000000000000000000000000000000000000 
-0.25000000000000000000000000000000000000000000000000
EMAT 1 132 3 0.25000000000000000000000000000000000000000000000000 
-0.25000000000000000000000000000000000000000000000000
EMAT 1 133 3 0.25000000000000000000000000000000000000000000000000 
-0.25000000000000000000000000000000000000000000000000
EMAT 1 134 3 0.25000000000000000000000000000000000000000000000000 
-0.25000000000000000000000000000000000000000000000000
EMAT 1 135 4 -1.0000000000000000000000000000000000000000000000000 
-2.5420318090404507421045177498860150855135115990299E-79
EMAT 1 136 4 -2.2151662216175089844506945473931108450001570161052E-79 
1.0000000000000000000000000000000000000000000000000
EMAT 1 137 4 -1.0000000000000000000000000000000000000000000000000 
4.7694323239643019441418014388099428096679953206338E-79
EMAT 1 138 4 5.1087099201157188111427094602184581772237183886701E-78 
1.0000000000000000000000000000000000000000000000000
EMAT 1 139 4 -1.0000000000000000000000000000000000000000000000000 
-5.9621874225165475031076738668039536136945927388958E-79
EMAT 1 140 4 -5.9462968772402019795568392707043579156855823679915E-78 
1.0000000000000000000000000000000000000000000000000
EMAT 1 141 4 -1.0000000000000000000000000000000000000000000000000 
-1.4773814255419116819198645703322697510130248507974E-78
EMAT 1 142 4 -1.6774188227809798421339673978810784844102851039212E-77 
1.0000000000000000000000000000000000000000000000000
EMAT 1 143 4 -1.0000000000000000000000000000000000000000000000000 
-1.5442045910339778418285418898939598279660990008610E-78
EMAT 1 144 4 4.4056847211720716462941634698288038150042919397732E-79 
1.0000000000000000000000000000000000000000000000000
EMAT 1 145 4 -1.0000000000000000000000000000000000000000000000000 
3.5269262583157018627231423607766619321129687085995E-78
EMAT 1 146 4 1.2332628620160324494727838860470613375590300988511E-77 
1.0000000000000000000000000000000000000000000000000
EMAT 1 147 4 -1.0000000000000000000000000000000000000000000000000 
-1.6564831276164685265041676442681599092724881656335E-77
EMAT 1 148 4 1.2891430040140326533981634242527194272949229282110E-77 
1.0000000000000000000000000000000000000000000000000
EMAT 1 149 4 -1.0000000000000000000000000000000000000000000000000 
7.5059685120521305819976136755345957595436671398288E-79
EMAT 1 150 4 7.2228675688347580590305395713723752757965425471141E-79 
1.0000000000000000000000000000000000000000000000000
EMAT 1 151 4 -1.0000000000000000000000000000000000000000000000000 
1.6303969317641461555553506493471362049162699493880E-77
EMAT 1 152 4 2.5976928673907903213984606746513188543002963006487E-77 
1.0000000000000000000000000000000000000000000000000
EMAT 1 153 4 -1.0000000000000000000000000000000000000000000000000 
-1.3235304496265393439530751653313711505801573981685E-77
EMAT 1 154 4 1.7556173152842644103943503426643066923727281663566E-78 
1.0000000000000000000000000000000000000000000000000
EMAT 1 155 4 -1.0000000000000000000000000000000000000000000000000 
4.5088934295407746733719530028250792178138714808130E-77
EMAT 1 163 7 0.25000000000000000000000000000000000000000000000000 
-0.25000000000000000000000000000000000000000000000000
EMAT 1 164 7 0.25000000000000000000000000000000000000000000000000 
-0.25000000000000000000000000000000000000000000000000
EMAT 1 165 7 0.25000000000000000000000000000000000000000000000000 
-0.25000000000000000000000000000000000000000000000000
EMAT 1 166 7 0.25000000000000000000000000000000000000000000000000 
-0.25000000000000000000000000000000000000000000000000
EMAT 1 167 7 -0.25000000000000000000000000000000000000000000000000 
0.25000000000000000000000000000000000000000000000000
EMAT 1 168 7 0.25000000000000000000000000000000000000000000000000 
-0.25000000000000000000000000000000000000000000000000
EMAT 1 169 7 0.25000000000000000000000000000000000000000000000000 
-0.25000000000000000000000000000000000000000000000000
EMAT 1 170 7 0.25000000000000000000000000000000000000000000000000 
-0.25000000000000000000000000000000000000000000000000
EMAT 1 171 7 0.25000000000000000000000000000000000000000000000000 
-0.25000000000000000000000000000000000000000000000000
EMAT 1 172 7 0.25000000000000000000000000000000000000000000000000 
-0.25000000000000000000000000000000000000000000000000
EMAT 1 173 7 -0.25000000000000000000000000000000000000000000000000 
0.25000000000000000000000000000000000000000000000000
EMAT 1 174 7 -0.25000000000000000000000000000000000000000000000000 
0.25000000000000000000000000000000000000000000000000
EMAT 1 175 12 -1.0000000000000000000000000000000000000000000000000 
-7.0920664762589361917765026474770878988777602802913E-78
EMAT 1 176 12 1.0000000000000000000000000000000000000000000000000 
-1.8625587567815052122667035944261999228338459128494E-77
EMAT 1 177 12 -1.2436478989344021908718272495999816042143556924607E-77 
1.0000000000000000000000000000000000000000000000000
EMAT 1 178 12 -3.9713819666241032936053652308038451816140642904127E-78 
1.0000000000000000000000000000000000000000000000000
EMAT 1 179 12 -1.0000000000000000000000000000000000000000000000000 
2.5941813052450506361895045237773502072212252639229E-77
EMAT 1 180 12 1.0000000000000000000000000000000000000000000000000 
2.2963105753304170210817914970499266841944936739898E-78
EMAT 1 181 12 6.0213646045055848715318611987195258517883250669953E-78 
1.0000000000000000000000000000000000000000000000000
EMAT 1 185 21 0.25000000000000000000000000000000000000000000000000 
0.25000000000000000000000000000000000000000000000000
EMAT 1 186 21 -0.25000000000000000000000000000000000000000000000000 
-0.25000000000000000000000000000000000000000000000000
EMAT 1 187 21 0.25000000000000000000000000000000000000000000000000 
0.25000000000000000000000000000000000000000000000000
EMAT 1 188 21 -0.25000000000000000000000000000000000000000000000000 
-0.25000000000000000000000000000000000000000000000000
EMAT 1 189 28 -1.0000000000000000000000000000000000000000000000000 
-2.6725979023495432090252998370068027757364406154695E-77
EMAT 1 190 28 -2.8552524082177989992943172745923829717747534093243E-77 
-1.0000000000000000000000000000000000000000000000000
EMAT 1 191 28 1.0000000000000000000000000000000000000000000000000 
-7.5271744699874860815585155048477726966229556364423E-78
EMAT 2 1 84 1.0000000000000000000000000000000000000000000000000 
4.5440648343018026617733705099864995159111388938396E-81
EMAT 2 2 1 -0.12500000000000000000000000000000000000000000000000 
-0.12500000000000000000000000000000000000000000000000
EMAT 2 3 1 -0.12500000000000000000000000000000000000000000000000 
-0.12500000000000000000000000000000000000000000000000
EMAT 2 4 1 -0.12500000000000000000000000000000000000000000000000 
-0.12500000000000000000000000000000000000000000000000
EMAT 2 5 1 -0.12500000000000000000000000000000000000000000000000 
-0.12500000000000000000000000000000000000000000000000
EMAT 2 6 1 -0.12500000000000000000000000000000000000000000000000 
-0.12500000000000000000000000000000000000000000000000
EMAT 2 7 1 -0.12500000000000000000000000000000000000000000000000 
-0.12500000000000000000000000000000000000000000000000
EMAT 2 8 1 -0.12500000000000000000000000000000000000000000000000 
-0.12500000000000000000000000000000000000000000000000
EMAT 2 9 1 -0.12500000000000000000000000000000000000000000000000 
-0.12500000000000000000000000000000000000000000000000
EMAT 2 10 1 -0.12500000000000000000000000000000000000000000000000 
-0.12500000000000000000000000000000000000000000000000
EMAT 2 11 1 -0.12500000000000000000000000000000000000000000000000 
-0.12500000000000000000000000000000000000000000000000
EMAT 2 12 1 -0.12500000000000000000000000000000000000000000000000 
-0.12500000000000000000000000000000000000000000000000
EMAT 2 13 1 -0.12500000000000000000000000000000000000000000000000 
-0.12500000000000000000000000000000000000000000000000
EMAT 2 14 1 -0.12500000000000000000000000000000000000000000000000 
-0.12500000000000000000000000000000000000000000000000
EMAT 2 15 1 -0.12500000000000000000000000000000000000000000000000 
-0.12500000000000000000000000000000000000000000000000
EMAT 2 16 1 -0.12500000000000000000000000000000000000000000000000 
-0.12500000000000000000000000000000000000000000000000
EMAT 2 17 1 -0.12500000000000000000000000000000000000000000000000 
-0.12500000000000000000000000000000000000000000000000
EMAT 2 18 1 -0.12500000000000000000000000000000000000000000000000 
-0.12500000000000000000000000000000000000000000000000
EMAT 2 19 1 -0.12500000000000000000000000000000000000000000000000 
-0.12500000000000000000000000000000000000000000000000
EMAT 2 20 1 -0.12500000000000000000000000000000000000000000000000 
-0.12500000000000000000000000000000000000000000000000
EMAT 2 21 1 -0.12500000000000000000000000000000000000000000000000 
-0.12500000000000000000000000000000000000000000000000
EMAT 2 22 1 -0.12500000000000000000000000000000000000000000000000 
-0.12500000000000000000000000000000000000000000000000
EMAT 2 23 1 -0.12500000000000000000000000000000000000000000000000 
-0.12500000000000000000000000000000000000000000000000
EMAT 2 24 1 -0.12500000000000000000000000000000000000000000000000 
-0.12500000000000000000000000000000000000000000000000
EMAT 2 25 1 -0.12500000000000000000000000000000000000000000000000 
-0.12500000000000000000000000000000000000000000000000
EMAT 2 26 1 -0.12500000000000000000000000000000000000000000000000 
-0.12500000000000000000000000000000000000000000000000
EMAT 2 27 1 -0.12500000000000000000000000000000000000000000000000 
-0.12500000000000000000000000000000000000000000000000
EMAT 2 28 1 -0.12500000000000000000000000000000000000000000000000 
-0.12500000000000000000000000000000000000000000000000
EMAT 2 29 1 -0.12500000000000000000000000000000000000000000000000 
-0.12500000000000000000000000000000000000000000000000
EMAT 2 30 1 -0.12500000000000000000000000000000000000000000000000 
-0.12500000000000000000000000000000000000000000000000
EMAT 2 31 1 -0.12500000000000000000000000000000000000000000000000 
-0.12500000000000000000000000000000000000000000000000
EMAT 2 32 1 -0.12500000000000000000000000000000000000000000000000 
-0.12500000000000000000000000000000000000000000000000
EMAT 2 33 1 -0.12500000000000000000000000000000000000000000000000 
-0.12500000000000000000000000000000000000000000000000
EMAT 2 34 1 -0.12500000000000000000000000000000000000000000000000 
-0.12500000000000000000000000000000000000000000000000
EMAT 2 35 1 -0.12500000000000000000000000000000000000000000000000 
-0.12500000000000000000000000000000000000000000000000
EMAT 2 36 1 -0.12500000000000000000000000000000000000000000000000 
-0.12500000000000000000000000000000000000000000000000
EMAT 2 37 1 -0.12500000000000000000000000000000000000000000000000 
-0.12500000000000000000000000000000000000000000000000
EMAT 2 38 1 -0.12500000000000000000000000000000000000000000000000 
-0.12500000000000000000000000000000000000000000000000
EMAT 2 39 1 -0.12500000000000000000000000000000000000000000000000 
-0.12500000000000000000000000000000000000000000000000
EMAT 2 40 1 -0.12500000000000000000000000000000000000000000000000 
-0.12500000000000000000000000000000000000000000000000
EMAT 2 41 1 -0.12500000000000000000000000000000000000000000000000 
-0.12500000000000000000000000000000000000000000000000
EMAT 2 42 1 -0.12500000000000000000000000000000000000000000000000 
-0.12500000000000000000000000000000000000000000000000
EMAT 2 43 1 -0.12500000000000000000000000000000000000000000000000 
-0.12500000000000000000000000000000000000000000000000
EMAT 2 44 1 -0.12500000000000000000000000000000000000000000000000 
-0.12500000000000000000000000000000000000000000000000
EMAT 2 45 1 -0.12500000000000000000000000000000000000000000000000 
-0.12500000000000000000000000000000000000000000000000
EMAT 2 46 1 -0.12500000000000000000000000000000000000000000000000 
-0.12500000000000000000000000000000000000000000000000
EMAT 2 47 1 -0.12500000000000000000000000000000000000000000000000 
-0.12500000000000000000000000000000000000000000000000
EMAT 2 48 1 -0.12500000000000000000000000000000000000000000000000 
-0.12500000000000000000000000000000000000000000000000
EMAT 2 49 1 -0.12500000000000000000000000000000000000000000000000 
-0.12500000000000000000000000000000000000000000000000
EMAT 2 50 1 -0.12500000000000000000000000000000000000000000000000 
-0.12500000000000000000000000000000000000000000000000
EMAT 2 51 1 -0.12500000000000000000000000000000000000000000000000 
-0.12500000000000000000000000000000000000000000000000
EMAT 2 52 1 -0.12500000000000000000000000000000000000000000000000 
-0.12500000000000000000000000000000000000000000000000
EMAT 2 53 1 -0.12500000000000000000000000000000000000000000000000 
-0.12500000000000000000000000000000000000000000000000
EMAT 2 54 1 -0.12500000000000000000000000000000000000000000000000 
-0.12500000000000000000000000000000000000000000000000
EMAT 2 55 1 -0.12500000000000000000000000000000000000000000000000 
-0.12500000000000000000000000000000000000000000000000
EMAT 2 56 1 -0.12500000000000000000000000000000000000000000000000 
-0.12500000000000000000000000000000000000000000000000
EMAT 2 57 1 -0.12500000000000000000000000000000000000000000000000 
-0.12500000000000000000000000000000000000000000000000
EMAT 2 58 1 -0.12500000000000000000000000000000000000000000000000 
-0.12500000000000000000000000000000000000000000000000
EMAT 2 59 1 -0.12500000000000000000000000000000000000000000000000 
-0.12500000000000000000000000000000000000000000000000
EMAT 2 60 1 -0.12500000000000000000000000000000000000000000000000 
-0.12500000000000000000000000000000000000000000000000
EMAT 2 61 1 -0.12500000000000000000000000000000000000000000000000 
-0.12500000000000000000000000000000000000000000000000
EMAT 2 62 1 -0.12500000000000000000000000000000000000000000000000 
-0.12500000000000000000000000000000000000000000000000
EMAT 2 63 1 -0.12500000000000000000000000000000000000000000000000 
-0.12500000000000000000000000000000000000000000000000
EMAT 2 64 1 -0.12500000000000000000000000000000000000000000000000 
-0.12500000000000000000000000000000000000000000000000
EMAT 2 65 1 -0.12500000000000000000000000000000000000000000000000 
-0.12500000000000000000000000000000000000000000000000
EMAT 2 66 1 -0.12500000000000000000000000000000000000000000000000 
-0.12500000000000000000000000000000000000000000000000
EMAT 2 67 1 -0.12500000000000000000000000000000000000000000000000 
-0.12500000000000000000000000000000000000000000000000
EMAT 2 68 1 -0.12500000000000000000000000000000000000000000000000 
-0.12500000000000000000000000000000000000000000000000
EMAT 2 69 1 -0.12500000000000000000000000000000000000000000000000 
-0.12500000000000000000000000000000000000000000000000
EMAT 2 70 1 -0.12500000000000000000000000000000000000000000000000 
-0.12500000000000000000000000000000000000000000000000
EMAT 2 71 1 -0.12500000000000000000000000000000000000000000000000 
-0.12500000000000000000000000000000000000000000000000
EMAT 2 72 1 -0.12500000000000000000000000000000000000000000000000 
-0.12500000000000000000000000000000000000000000000000
EMAT 2 73 1 -0.12500000000000000000000000000000000000000000000000 
-0.12500000000000000000000000000000000000000000000000
EMAT 2 74 1 -0.12500000000000000000000000000000000000000000000000 
-0.12500000000000000000000000000000000000000000000000
EMAT 2 75 1 -0.12500000000000000000000000000000000000000000000000 
-0.12500000000000000000000000000000000000000000000000
EMAT 2 76 1 -0.12500000000000000000000000000000000000000000000000 
-0.12500000000000000000000000000000000000000000000000
EMAT 2 77 1 -0.12500000000000000000000000000000000000000000000000 
-0.12500000000000000000000000000000000000000000000000
EMAT 2 78 1 -0.12500000000000000000000000000000000000000000000000 
-0.12500000000000000000000000000000000000000000000000
EMAT 2 79 1 -0.12500000000000000000000000000000000000000000000000 
-0.12500000000000000000000000000000000000000000000000
EMAT 2 80 1 -0.12500000000000000000000000000000000000000000000000 
-0.12500000000000000000000000000000000000000000000000
EMAT 2 81 1 -0.12500000000000000000000000000000000000000000000000 
-0.12500000000000000000000000000000000000000000000000
EMAT 2 82 1 -0.12500000000000000000000000000000000000000000000000 
-0.12500000000000000000000000000000000000000000000000
EMAT 2 83 1 -0.12500000000000000000000000000000000000000000000000 
-0.12500000000000000000000000000000000000000000000000
EMAT 2 84 1 -0.12500000000000000000000000000000000000000000000000 
-0.12500000000000000000000000000000000000000000000000
EMAT 2 85 1 -0.12500000000000000000000000000000000000000000000000 
-0.12500000000000000000000000000000000000000000000000
EMAT 2 107 3 -0.12500000000000000000000000000000000000000000000000 
0.12500000000000000000000000000000000000000000000000
EMAT 2 108 3 -0.12500000000000000000000000000000000000000000000000 
0.12500000000000000000000000000000000000000000000000
EMAT 2 109 3 -0.12500000000000000000000000000000000000000000000000 
0.12500000000000000000000000000000000000000000000000
EMAT 2 110 3 -0.12500000000000000000000000000000000000000000000000 
0.12500000000000000000000000000000000000000000000000
EMAT 2 111 3 -0.12500000000000000000000000000000000000000000000000 
0.12500000000000000000000000000000000000000000000000
EMAT 2 112 3 -0.12500000000000000000000000000000000000000000000000 
0.12500000000000000000000000000000000000000000000000
EMAT 2 113 3 -0.12500000000000000000000000000000000000000000000000 
0.12500000000000000000000000000000000000000000000000
EMAT 2 114 3 -0.12500000000000000000000000000000000000000000000000 
0.12500000000000000000000000000000000000000000000000
EMAT 2 115 3 -0.12500000000000000000000000000000000000000000000000 
0.12500000000000000000000000000000000000000000000000
EMAT 2 116 3 -0.12500000000000000000000000000000000000000000000000 
0.12500000000000000000000000000000000000000000000000
EMAT 2 117 3 -0.12500000000000000000000000000000000000000000000000 
0.12500000000000000000000000000000000000000000000000
EMAT 2 118 3 -0.12500000000000000000000000000000000000000000000000 
0.12500000000000000000000000000000000000000000000000
EMAT 2 119 3 -0.12500000000000000000000000000000000000000000000000 
0.12500000000000000000000000000000000000000000000000
EMAT 2 120 3 -0.12500000000000000000000000000000000000000000000000 
0.12500000000000000000000000000000000000000000000000
EMAT 2 121 3 -0.12500000000000000000000000000000000000000000000000 
0.12500000000000000000000000000000000000000000000000
EMAT 2 122 3 -0.12500000000000000000000000000000000000000000000000 
0.12500000000000000000000000000000000000000000000000
EMAT 2 123 3 -0.12500000000000000000000000000000000000000000000000 
0.12500000000000000000000000000000000000000000000000
EMAT 2 124 3 -0.12500000000000000000000000000000000000000000000000 
0.12500000000000000000000000000000000000000000000000
EMAT 2 125 3 -0.12500000000000000000000000000000000000000000000000 
0.12500000000000000000000000000000000000000000000000
EMAT 2 126 3 -0.12500000000000000000000000000000000000000000000000 
0.12500000000000000000000000000000000000000000000000
EMAT 2 127 3 -0.12500000000000000000000000000000000000000000000000 
0.12500000000000000000000000000000000000000000000000
EMAT 2 128 3 -0.12500000000000000000000000000000000000000000000000 
0.12500000000000000000000000000000000000000000000000
EMAT 2 129 3 -0.12500000000000000000000000000000000000000000000000 
0.12500000000000000000000000000000000000000000000000
EMAT 2 130 3 -0.12500000000000000000000000000000000000000000000000 
0.12500000000000000000000000000000000000000000000000
EMAT 2 131 3 -0.12500000000000000000000000000000000000000000000000 
0.12500000000000000000000000000000000000000000000000
EMAT 2 132 3 -0.12500000000000000000000000000000000000000000000000 
0.12500000000000000000000000000000000000000000000000
EMAT 2 133 3 -0.12500000000000000000000000000000000000000000000000 
0.12500000000000000000000000000000000000000000000000
EMAT 2 134 3 -0.12500000000000000000000000000000000000000000000000 
0.12500000000000000000000000000000000000000000000000
EMAT 2 163 7 0.12500000000000000000000000000000000000000000000000 
-0.12500000000000000000000000000000000000000000000000
EMAT 2 164 7 0.12500000000000000000000000000000000000000000000000 
-0.12500000000000000000000000000000000000000000000000
EMAT 2 165 7 0.12500000000000000000000000000000000000000000000000 
-0.12500000000000000000000000000000000000000000000000
EMAT 2 166 7 0.12500000000000000000000000000000000000000000000000 
-0.12500000000000000000000000000000000000000000000000
EMAT 2 167 7 -0.12500000000000000000000000000000000000000000000000 
0.12500000000000000000000000000000000000000000000000
EMAT 2 168 7 0.12500000000000000000000000000000000000000000000000 
-0.12500000000000000000000000000000000000000000000000
EMAT 2 169 7 0.12500000000000000000000000000000000000000000000000 
-0.12500000000000000000000000000000000000000000000000
EMAT 2 170 7 0.12500000000000000000000000000000000000000000000000 
-0.12500000000000000000000000000000000000000000000000
EMAT 2 171 7 0.12500000000000000000000000000000000000000000000000 
-0.12500000000000000000000000000000000000000000000000
EMAT 2 172 7 0.12500000000000000000000000000000000000000000000000 
-0.12500000000000000000000000000000000000000000000000
EMAT 2 173 7 -0.12500000000000000000000000000000000000000000000000 
0.12500000000000000000000000000000000000000000000000
EMAT 2 174 7 -0.12500000000000000000000000000000000000000000000000 
0.12500000000000000000000000000000000000000000000000
EMAT 2 175 12 -1.0000000000000000000000000000000000000000000000000 
-2.3703639872524239495831499482302458953816216303352E-78
EMAT 2 176 12 1.0000000000000000000000000000000000000000000000000 
-6.8543754939558096973397582197294086638195829823739E-78
EMAT 2 177 12 -6.5020115083960666096518383932588659602231474411432E-78 
1.0000000000000000000000000000000000000000000000000
EMAT 2 178 12 -2.0933580843916571831637404673295737105296626095833E-78 
1.0000000000000000000000000000000000000000000000000
EMAT 2 179 12 -1.0000000000000000000000000000000000000000000000000 
1.5007055733785891097924967739767172045295116496102E-77
EMAT 2 180 12 1.0000000000000000000000000000000000000000000000000 
1.1264519276781139714866319695323865314333583595994E-77
EMAT 2 181 12 1.1599257996762167500574038981823158405902032938880E-77 
1.0000000000000000000000000000000000000000000000000
EMAT 2 185 21 -0.12500000000000000000000000000000000000000000000000 
-0.12500000000000000000000000000000000000000000000000
EMAT 2 186 21 0.12500000000000000000000000000000000000000000000000 
0.12500000000000000000000000000000000000000000000000
EMAT 2 187 21 -0.12500000000000000000000000000000000000000000000000 
-0.12500000000000000000000000000000000000000000000000
EMAT 2 188 21 0.12500000000000000000000000000000000000000000000000 
0.12500000000000000000000000000000000000000000000000
EMAT 3 1 84 1.0000000000000000000000000000000000000000000000000 
1.0832584441224808393991766100044470689755109043423E-80
EMAT 3 2 1 -0.11111111111111111111111111111111111111111111111111 
-0.11111111111111111111111111111111111111111111111111
EMAT 3 3 1 -0.11111111111111111111111111111111111111111111111111 
-0.11111111111111111111111111111111111111111111111111
EMAT 3 4 1 -0.11111111111111111111111111111111111111111111111111 
-0.11111111111111111111111111111111111111111111111111
EMAT 3 5 1 -0.11111111111111111111111111111111111111111111111111 
-0.11111111111111111111111111111111111111111111111111
EMAT 3 6 1 -0.11111111111111111111111111111111111111111111111111 
-0.11111111111111111111111111111111111111111111111111
EMAT 3 7 1 -0.11111111111111111111111111111111111111111111111111 
-0.11111111111111111111111111111111111111111111111111
EMAT 3 8 1 -0.11111111111111111111111111111111111111111111111111 
-0.11111111111111111111111111111111111111111111111111
EMAT 3 9 1 -0.11111111111111111111111111111111111111111111111111 
-0.11111111111111111111111111111111111111111111111111
EMAT 3 10 1 -0.11111111111111111111111111111111111111111111111111 
-0.11111111111111111111111111111111111111111111111111
EMAT 3 11 1 -0.11111111111111111111111111111111111111111111111111 
-0.11111111111111111111111111111111111111111111111111
EMAT 3 12 1 -0.11111111111111111111111111111111111111111111111111 
-0.11111111111111111111111111111111111111111111111111
EMAT 3 13 1 -0.11111111111111111111111111111111111111111111111111 
-0.11111111111111111111111111111111111111111111111111
EMAT 3 14 1 -0.11111111111111111111111111111111111111111111111111 
-0.11111111111111111111111111111111111111111111111111
EMAT 3 15 1 -0.11111111111111111111111111111111111111111111111111 
-0.11111111111111111111111111111111111111111111111111
EMAT 3 16 1 -0.11111111111111111111111111111111111111111111111111 
-0.11111111111111111111111111111111111111111111111111
EMAT 3 17 1 -0.11111111111111111111111111111111111111111111111111 
-0.11111111111111111111111111111111111111111111111111
EMAT 3 18 1 -0.11111111111111111111111111111111111111111111111111 
-0.11111111111111111111111111111111111111111111111111
EMAT 3 19 1 -0.11111111111111111111111111111111111111111111111111 
-0.11111111111111111111111111111111111111111111111111
EMAT 3 20 1 -0.11111111111111111111111111111111111111111111111111 
-0.11111111111111111111111111111111111111111111111111
EMAT 3 21 1 -0.11111111111111111111111111111111111111111111111111 
-0.11111111111111111111111111111111111111111111111111
EMAT 3 22 1 -0.11111111111111111111111111111111111111111111111111 
-0.11111111111111111111111111111111111111111111111111
EMAT 3 23 1 -0.11111111111111111111111111111111111111111111111111 
-0.11111111111111111111111111111111111111111111111111
EMAT 3 24 1 -0.11111111111111111111111111111111111111111111111111 
-0.11111111111111111111111111111111111111111111111111
EMAT 3 25 1 -0.11111111111111111111111111111111111111111111111111 
-0.11111111111111111111111111111111111111111111111111
EMAT 3 26 1 -0.11111111111111111111111111111111111111111111111111 
-0.11111111111111111111111111111111111111111111111111
EMAT 3 27 1 -0.11111111111111111111111111111111111111111111111111 
-0.11111111111111111111111111111111111111111111111111
EMAT 3 28 1 -0.11111111111111111111111111111111111111111111111111 
-0.11111111111111111111111111111111111111111111111111
EMAT 3 29 1 -0.11111111111111111111111111111111111111111111111111 
-0.11111111111111111111111111111111111111111111111111
EMAT 3 30 1 -0.11111111111111111111111111111111111111111111111111 
-0.11111111111111111111111111111111111111111111111111
EMAT 3 31 1 -0.11111111111111111111111111111111111111111111111111 
-0.11111111111111111111111111111111111111111111111111
EMAT 3 32 1 -0.11111111111111111111111111111111111111111111111111 
-0.11111111111111111111111111111111111111111111111111
EMAT 3 33 1 -0.11111111111111111111111111111111111111111111111111 
-0.11111111111111111111111111111111111111111111111111
EMAT 3 34 1 -0.11111111111111111111111111111111111111111111111111 
-0.11111111111111111111111111111111111111111111111111
EMAT 3 35 1 -0.11111111111111111111111111111111111111111111111111 
-0.11111111111111111111111111111111111111111111111111
EMAT 3 36 1 -0.11111111111111111111111111111111111111111111111111 
-0.11111111111111111111111111111111111111111111111111
EMAT 3 37 1 -0.11111111111111111111111111111111111111111111111111 
-0.11111111111111111111111111111111111111111111111111
EMAT 3 38 1 -0.11111111111111111111111111111111111111111111111111 
-0.11111111111111111111111111111111111111111111111111
EMAT 3 39 1 -0.11111111111111111111111111111111111111111111111111 
-0.11111111111111111111111111111111111111111111111111
EMAT 3 40 1 -0.11111111111111111111111111111111111111111111111111 
-0.11111111111111111111111111111111111111111111111111
EMAT 3 41 1 -0.11111111111111111111111111111111111111111111111111 
-0.11111111111111111111111111111111111111111111111111
EMAT 3 42 1 -0.11111111111111111111111111111111111111111111111111 
-0.11111111111111111111111111111111111111111111111111
EMAT 3 43 1 -0.11111111111111111111111111111111111111111111111111 
-0.11111111111111111111111111111111111111111111111111
EMAT 3 44 1 -0.11111111111111111111111111111111111111111111111111 
-0.11111111111111111111111111111111111111111111111111
EMAT 3 45 1 -0.11111111111111111111111111111111111111111111111111 
-0.11111111111111111111111111111111111111111111111111
EMAT 3 46 1 -0.11111111111111111111111111111111111111111111111111 
-0.11111111111111111111111111111111111111111111111111
EMAT 3 47 1 -0.11111111111111111111111111111111111111111111111111 
-0.11111111111111111111111111111111111111111111111111
EMAT 3 48 1 -0.11111111111111111111111111111111111111111111111111 
-0.11111111111111111111111111111111111111111111111111
EMAT 3 49 1 -0.11111111111111111111111111111111111111111111111111 
-0.11111111111111111111111111111111111111111111111111
EMAT 3 50 1 -0.11111111111111111111111111111111111111111111111111 
-0.11111111111111111111111111111111111111111111111111
EMAT 3 51 1 -0.11111111111111111111111111111111111111111111111111 
-0.11111111111111111111111111111111111111111111111111
EMAT 3 52 1 -0.11111111111111111111111111111111111111111111111111 
-0.11111111111111111111111111111111111111111111111111
EMAT 3 53 1 -0.11111111111111111111111111111111111111111111111111 
-0.11111111111111111111111111111111111111111111111111
EMAT 3 54 1 -0.11111111111111111111111111111111111111111111111111 
-0.11111111111111111111111111111111111111111111111111
EMAT 3 55 1 -0.11111111111111111111111111111111111111111111111111 
-0.11111111111111111111111111111111111111111111111111
EMAT 3 56 1 -0.11111111111111111111111111111111111111111111111111 
-0.11111111111111111111111111111111111111111111111111
EMAT 3 57 1 -0.11111111111111111111111111111111111111111111111111 
-0.11111111111111111111111111111111111111111111111111
EMAT 3 58 1 -0.11111111111111111111111111111111111111111111111111 
-0.11111111111111111111111111111111111111111111111111
EMAT 3 59 1 -0.11111111111111111111111111111111111111111111111111 
-0.11111111111111111111111111111111111111111111111111
EMAT 3 60 1 -0.11111111111111111111111111111111111111111111111111 
-0.11111111111111111111111111111111111111111111111111
EMAT 3 61 1 -0.11111111111111111111111111111111111111111111111111 
-0.11111111111111111111111111111111111111111111111111
EMAT 3 62 1 -0.11111111111111111111111111111111111111111111111111 
-0.11111111111111111111111111111111111111111111111111
EMAT 3 63 1 -0.11111111111111111111111111111111111111111111111111 
-0.11111111111111111111111111111111111111111111111111
EMAT 3 64 1 -0.11111111111111111111111111111111111111111111111111 
-0.11111111111111111111111111111111111111111111111111
EMAT 3 65 1 -0.11111111111111111111111111111111111111111111111111 
-0.11111111111111111111111111111111111111111111111111
EMAT 3 66 1 -0.11111111111111111111111111111111111111111111111111 
-0.11111111111111111111111111111111111111111111111111
EMAT 3 67 1 -0.11111111111111111111111111111111111111111111111111 
-0.11111111111111111111111111111111111111111111111111
EMAT 3 68 1 -0.11111111111111111111111111111111111111111111111111 
-0.11111111111111111111111111111111111111111111111111
EMAT 3 69 1 -0.11111111111111111111111111111111111111111111111111 
-0.11111111111111111111111111111111111111111111111111
EMAT 3 70 1 -0.11111111111111111111111111111111111111111111111111 
-0.11111111111111111111111111111111111111111111111111
EMAT 3 71 1 -0.11111111111111111111111111111111111111111111111111 
-0.11111111111111111111111111111111111111111111111111
EMAT 3 72 1 -0.11111111111111111111111111111111111111111111111111 
-0.11111111111111111111111111111111111111111111111111
EMAT 3 73 1 -0.11111111111111111111111111111111111111111111111111 
-0.11111111111111111111111111111111111111111111111111
EMAT 3 74 1 -0.11111111111111111111111111111111111111111111111111 
-0.11111111111111111111111111111111111111111111111111
EMAT 3 75 1 -0.11111111111111111111111111111111111111111111111111 
-0.11111111111111111111111111111111111111111111111111
EMAT 3 76 1 -0.11111111111111111111111111111111111111111111111111 
-0.11111111111111111111111111111111111111111111111111
EMAT 3 77 1 -0.11111111111111111111111111111111111111111111111111 
-0.11111111111111111111111111111111111111111111111111
EMAT 3 78 1 -0.11111111111111111111111111111111111111111111111111 
-0.11111111111111111111111111111111111111111111111111
EMAT 3 79 1 -0.11111111111111111111111111111111111111111111111111 
-0.11111111111111111111111111111111111111111111111111
EMAT 3 80 1 -0.11111111111111111111111111111111111111111111111111 
-0.11111111111111111111111111111111111111111111111111
EMAT 3 81 1 -0.11111111111111111111111111111111111111111111111111 
-0.11111111111111111111111111111111111111111111111111
EMAT 3 82 1 -0.11111111111111111111111111111111111111111111111111 
-0.11111111111111111111111111111111111111111111111111
EMAT 3 83 1 -0.11111111111111111111111111111111111111111111111111 
-0.11111111111111111111111111111111111111111111111111
EMAT 3 84 1 -0.11111111111111111111111111111111111111111111111111 
-0.11111111111111111111111111111111111111111111111111
EMAT 3 85 1 -0.11111111111111111111111111111111111111111111111111 
-0.11111111111111111111111111111111111111111111111111
EMAT 3 135 4 -0.11111111111111111111111111111111111111111111111111 
-1.0231764166622413053341863529087833392363709376831E-81
EMAT 3 136 4 -4.3998511782908717415565701362344460886748069000552E-80 
0.11111111111111111111111111111111111111111111111111
EMAT 3 137 4 -0.11111111111111111111111111111111111111111111111111 
-2.8352039101297382845867597656409004642084232332176E-80
EMAT 3 138 4 5.7151339544594045037613382680506484797436372294257E-80 
0.11111111111111111111111111111111111111111111111111
EMAT 3 139 4 -0.11111111111111111111111111111111111111111111111111 
-4.9162036631600069119062245442293202336560475456438E-80
EMAT 3 140 4 -4.5780361336575691550692615234707504041876848050928E-80 
0.11111111111111111111111111111111111111111111111111
EMAT 3 141 4 -0.11111111111111111111111111111111111111111111111111 
-1.3698983285190857800582793365979301856471863613493E-79
EMAT 3 142 4 -1.3987011409016700925788595889745696431812849802943E-79 
0.11111111111111111111111111111111111111111111111111
EMAT 3 143 4 -0.11111111111111111111111111111111111111111111111111 
-4.0565546936583880436668241931872881097126694776224E-80
EMAT 3 144 4 -1.1742473933580428186947254045463773907044786065434E-79 
0.11111111111111111111111111111111111111111111111111
EMAT 3 145 4 -0.11111111111111111111111111111111111111111111111111 
-1.4217711069824331747176855014320007524068790066357E-79
EMAT 3 146 4 4.5617193790235426120623736280509561199764459116587E-80 
0.11111111111111111111111111111111111111111111111111
EMAT 3 147 4 -0.11111111111111111111111111111111111111111111111111 
-1.5816047102505585678822289294938063129553380862764E-79
EMAT 3 148 4 -1.9250039022900035686111841832455808996033347426708E-79 
0.11111111111111111111111111111111111111111111111111
EMAT 3 149 4 -0.11111111111111111111111111111111111111111111111111 
-2.9927036391069987543343425511664161987389237198319E-79
EMAT 3 150 4 2.6643002258840790407857077476929369443794261847689E-79 
0.11111111111111111111111111111111111111111111111111
EMAT 3 151 4 -0.11111111111111111111111111111111111111111111111111 
5.4477326560536553555875293107074657696293602746557E-80
EMAT 3 152 4 6.1550972237468435712980471065198407186598939808703E-79 
0.11111111111111111111111111111111111111111111111111
EMAT 3 153 4 -0.11111111111111111111111111111111111111111111111111 
1.1382116529693689739956947536160737551799684766759E-80
EMAT 3 154 4 -7.8738014968148956810974865644610625880132185171168E-79 
0.11111111111111111111111111111111111111111111111111
EMAT 3 155 4 -0.11111111111111111111111111111111111111111111111111 
4.6394210099530207316966301921975746802456936644721E-80
EMAT 3 163 7 0.11111111111111111111111111111111111111111111111111 
-0.11111111111111111111111111111111111111111111111111
EMAT 3 164 7 0.11111111111111111111111111111111111111111111111111 
-0.11111111111111111111111111111111111111111111111111
EMAT 3 165 7 0.11111111111111111111111111111111111111111111111111 
-0.11111111111111111111111111111111111111111111111111
EMAT 3 166 7 0.11111111111111111111111111111111111111111111111111 
-0.11111111111111111111111111111111111111111111111111
EMAT 3 167 7 -0.11111111111111111111111111111111111111111111111111 
0.11111111111111111111111111111111111111111111111111
EMAT 3 168 7 0.11111111111111111111111111111111111111111111111111 
-0.11111111111111111111111111111111111111111111111111
EMAT 3 169 7 0.11111111111111111111111111111111111111111111111111 
-0.11111111111111111111111111111111111111111111111111
EMAT 3 170 7 0.11111111111111111111111111111111111111111111111111 
-0.11111111111111111111111111111111111111111111111111
EMAT 3 171 7 0.11111111111111111111111111111111111111111111111111 
-0.11111111111111111111111111111111111111111111111111
EMAT 3 172 7 0.11111111111111111111111111111111111111111111111111 
-0.11111111111111111111111111111111111111111111111111
EMAT 3 173 7 -0.11111111111111111111111111111111111111111111111111 
0.11111111111111111111111111111111111111111111111111
EMAT 3 174 7 -0.11111111111111111111111111111111111111111111111111 
0.11111111111111111111111111111111111111111111111111
EMAT 3 175 12 -1.0000000000000000000000000000000000000000000000000 
1.3476344847228058150323700439527077388681798364858E-78
EMAT 3 176 12 1.0000000000000000000000000000000000000000000000000 
-2.0867279509642646741421181933643447827401012463526E-78
EMAT 3 177 12 2.0190557095317225550854117294201449006022642214999E-79 
1.0000000000000000000000000000000000000000000000000
EMAT 3 178 12 5.9085589182907726006736821822106180090769859925314E-78 
1.0000000000000000000000000000000000000000000000000
EMAT 3 179 12 -1.0000000000000000000000000000000000000000000000000 
1.0314325487332875499147070983629204065514859369490E-77
EMAT 3 180 12 1.0000000000000000000000000000000000000000000000000 
-9.1926489574857730912978757471533487986605245770440E-79
EMAT 3 181 12 3.3516417511978960204186433616388106175243369085776E-78 
1.0000000000000000000000000000000000000000000000000
EMAT 3 189 28 -0.11111111111111111111111111111111111111111111111111 
-2.2752175869121595294232318374315859418135245165485E-79
EMAT 3 190 28 -2.7907958736378238414134332794215686326341096989180E-79 
-0.11111111111111111111111111111111111111111111111111
EMAT 3 191 28 0.11111111111111111111111111111111111111111111111111 
3.0736629301740033357169853313697852803470787455358E-79
EMAT 4 2 1 -0.017857142857142857142857142857142857142857142857143 
-0.017857142857142857142857142857142857142857142857143
EMAT 4 3 1 -0.017857142857142857142857142857142857142857142857143 
-0.017857142857142857142857142857142857142857142857143
EMAT 4 4 1 -0.017857142857142857142857142857142857142857142857143 
-0.017857142857142857142857142857142857142857142857143
EMAT 4 5 1 -0.017857142857142857142857142857142857142857142857143 
-0.017857142857142857142857142857142857142857142857143
EMAT 4 6 1 -0.017857142857142857142857142857142857142857142857143 
-0.017857142857142857142857142857142857142857142857143
EMAT 4 7 1 -0.017857142857142857142857142857142857142857142857143 
-0.017857142857142857142857142857142857142857142857143
EMAT 4 8 1 -0.017857142857142857142857142857142857142857142857143 
-0.017857142857142857142857142857142857142857142857143
EMAT 4 9 1 -0.017857142857142857142857142857142857142857142857143 
-0.017857142857142857142857142857142857142857142857143
EMAT 4 10 1 -0.017857142857142857142857142857142857142857142857143 
-0.017857142857142857142857142857142857142857142857143
EMAT 4 11 1 -0.017857142857142857142857142857142857142857142857143 
-0.017857142857142857142857142857142857142857142857143
EMAT 4 12 1 -0.017857142857142857142857142857142857142857142857143 
-0.017857142857142857142857142857142857142857142857143
EMAT 4 13 1 -0.017857142857142857142857142857142857142857142857143 
-0.017857142857142857142857142857142857142857142857143
EMAT 4 14 1 -0.017857142857142857142857142857142857142857142857143 
-0.017857142857142857142857142857142857142857142857143
EMAT 4 15 1 -0.017857142857142857142857142857142857142857142857143 
-0.017857142857142857142857142857142857142857142857143
EMAT 4 16 1 -0.017857142857142857142857142857142857142857142857143 
-0.017857142857142857142857142857142857142857142857143
EMAT 4 17 1 -0.017857142857142857142857142857142857142857142857143 
-0.017857142857142857142857142857142857142857142857143
EMAT 4 18 1 -0.017857142857142857142857142857142857142857142857143 
-0.017857142857142857142857142857142857142857142857143
EMAT 4 19 1 -0.017857142857142857142857142857142857142857142857143 
-0.017857142857142857142857142857142857142857142857143
EMAT 4 20 1 -0.017857142857142857142857142857142857142857142857143 
-0.017857142857142857142857142857142857142857142857143
EMAT 4 21 1 -0.017857142857142857142857142857142857142857142857143 
-0.017857142857142857142857142857142857142857142857143
EMAT 4 22 1 -0.017857142857142857142857142857142857142857142857143 
-0.017857142857142857142857142857142857142857142857143
EMAT 4 23 1 -0.017857142857142857142857142857142857142857142857143 
-0.017857142857142857142857142857142857142857142857143
EMAT 4 24 1 -0.017857142857142857142857142857142857142857142857143 
-0.017857142857142857142857142857142857142857142857143
EMAT 4 25 1 -0.017857142857142857142857142857142857142857142857143 
-0.017857142857142857142857142857142857142857142857143
EMAT 4 26 1 -0.017857142857142857142857142857142857142857142857143 
-0.017857142857142857142857142857142857142857142857143
EMAT 4 27 1 -0.017857142857142857142857142857142857142857142857143 
-0.017857142857142857142857142857142857142857142857143
EMAT 4 28 1 -0.017857142857142857142857142857142857142857142857143 
-0.017857142857142857142857142857142857142857142857143
EMAT 4 29 1 -0.017857142857142857142857142857142857142857142857143 
-0.017857142857142857142857142857142857142857142857143
EMAT 4 30 1 -0.017857142857142857142857142857142857142857142857143 
-0.017857142857142857142857142857142857142857142857143
EMAT 4 31 1 -0.017857142857142857142857142857142857142857142857143 
-0.017857142857142857142857142857142857142857142857143
EMAT 4 32 1 -0.017857142857142857142857142857142857142857142857143 
-0.017857142857142857142857142857142857142857142857143
EMAT 4 33 1 -0.017857142857142857142857142857142857142857142857143 
-0.017857142857142857142857142857142857142857142857143
EMAT 4 34 1 -0.017857142857142857142857142857142857142857142857143 
-0.017857142857142857142857142857142857142857142857143
EMAT 4 35 1 -0.017857142857142857142857142857142857142857142857143 
-0.017857142857142857142857142857142857142857142857143
EMAT 4 36 1 -0.017857142857142857142857142857142857142857142857143 
-0.017857142857142857142857142857142857142857142857143
EMAT 4 37 1 -0.017857142857142857142857142857142857142857142857143 
-0.017857142857142857142857142857142857142857142857143
EMAT 4 38 1 -0.017857142857142857142857142857142857142857142857143 
-0.017857142857142857142857142857142857142857142857143
EMAT 4 39 1 -0.017857142857142857142857142857142857142857142857143 
-0.017857142857142857142857142857142857142857142857143
EMAT 4 40 1 -0.017857142857142857142857142857142857142857142857143 
-0.017857142857142857142857142857142857142857142857143
EMAT 4 41 1 -0.017857142857142857142857142857142857142857142857143 
-0.017857142857142857142857142857142857142857142857143
EMAT 4 42 1 -0.017857142857142857142857142857142857142857142857143 
-0.017857142857142857142857142857142857142857142857143
EMAT 4 43 1 -0.017857142857142857142857142857142857142857142857143 
-0.017857142857142857142857142857142857142857142857143
EMAT 4 44 1 -0.017857142857142857142857142857142857142857142857143 
-0.017857142857142857142857142857142857142857142857143
EMAT 4 45 1 -0.017857142857142857142857142857142857142857142857143 
-0.017857142857142857142857142857142857142857142857143
EMAT 4 46 1 -0.017857142857142857142857142857142857142857142857143 
-0.017857142857142857142857142857142857142857142857143
EMAT 4 47 1 -0.017857142857142857142857142857142857142857142857143 
-0.017857142857142857142857142857142857142857142857143
EMAT 4 48 1 -0.017857142857142857142857142857142857142857142857143 
-0.017857142857142857142857142857142857142857142857143
EMAT 4 49 1 -0.017857142857142857142857142857142857142857142857143 
-0.017857142857142857142857142857142857142857142857143
EMAT 4 50 1 -0.017857142857142857142857142857142857142857142857143 
-0.017857142857142857142857142857142857142857142857143
EMAT 4 51 1 -0.017857142857142857142857142857142857142857142857143 
-0.017857142857142857142857142857142857142857142857143
EMAT 4 52 1 -0.017857142857142857142857142857142857142857142857143 
-0.017857142857142857142857142857142857142857142857143
EMAT 4 53 1 -0.017857142857142857142857142857142857142857142857143 
-0.017857142857142857142857142857142857142857142857143
EMAT 4 54 1 -0.017857142857142857142857142857142857142857142857143 
-0.017857142857142857142857142857142857142857142857143
EMAT 4 55 1 -0.017857142857142857142857142857142857142857142857143 
-0.017857142857142857142857142857142857142857142857143
EMAT 4 56 1 -0.017857142857142857142857142857142857142857142857143 
-0.017857142857142857142857142857142857142857142857143
EMAT 4 57 1 -0.017857142857142857142857142857142857142857142857143 
-0.017857142857142857142857142857142857142857142857143
EMAT 4 58 1 -0.017857142857142857142857142857142857142857142857143 
-0.017857142857142857142857142857142857142857142857143
EMAT 4 59 1 -0.017857142857142857142857142857142857142857142857143 
-0.017857142857142857142857142857142857142857142857143
EMAT 4 60 1 -0.017857142857142857142857142857142857142857142857143 
-0.017857142857142857142857142857142857142857142857143
EMAT 4 61 1 -0.017857142857142857142857142857142857142857142857143 
-0.017857142857142857142857142857142857142857142857143
EMAT 4 62 1 -0.017857142857142857142857142857142857142857142857143 
-0.017857142857142857142857142857142857142857142857143
EMAT 4 63 1 -0.017857142857142857142857142857142857142857142857143 
-0.017857142857142857142857142857142857142857142857143
EMAT 4 64 1 -0.017857142857142857142857142857142857142857142857143 
-0.017857142857142857142857142857142857142857142857143
EMAT 4 65 1 -0.017857142857142857142857142857142857142857142857143 
-0.017857142857142857142857142857142857142857142857143
EMAT 4 66 1 -0.017857142857142857142857142857142857142857142857143 
-0.017857142857142857142857142857142857142857142857143
EMAT 4 67 1 -0.017857142857142857142857142857142857142857142857143 
-0.017857142857142857142857142857142857142857142857143
EMAT 4 68 1 -0.017857142857142857142857142857142857142857142857143 
-0.017857142857142857142857142857142857142857142857143
EMAT 4 69 1 -0.017857142857142857142857142857142857142857142857143 
-0.017857142857142857142857142857142857142857142857143
EMAT 4 70 1 -0.017857142857142857142857142857142857142857142857143 
-0.017857142857142857142857142857142857142857142857143
EMAT 4 71 1 -0.017857142857142857142857142857142857142857142857143 
-0.017857142857142857142857142857142857142857142857143
EMAT 4 72 1 -0.017857142857142857142857142857142857142857142857143 
-0.017857142857142857142857142857142857142857142857143
EMAT 4 73 1 -0.017857142857142857142857142857142857142857142857143 
-0.017857142857142857142857142857142857142857142857143
EMAT 4 74 1 -0.017857142857142857142857142857142857142857142857143 
-0.017857142857142857142857142857142857142857142857143
EMAT 4 75 1 -0.017857142857142857142857142857142857142857142857143 
-0.017857142857142857142857142857142857142857142857143
EMAT 4 76 1 -0.017857142857142857142857142857142857142857142857143 
-0.017857142857142857142857142857142857142857142857143
EMAT 4 77 1 -0.017857142857142857142857142857142857142857142857143 
-0.017857142857142857142857142857142857142857142857143
EMAT 4 78 1 -0.017857142857142857142857142857142857142857142857143 
-0.017857142857142857142857142857142857142857142857143
EMAT 4 79 1 -0.017857142857142857142857142857142857142857142857143 
-0.017857142857142857142857142857142857142857142857143
EMAT 4 80 1 -0.017857142857142857142857142857142857142857142857143 
-0.017857142857142857142857142857142857142857142857143
EMAT 4 81 1 -0.017857142857142857142857142857142857142857142857143 
-0.017857142857142857142857142857142857142857142857143
EMAT 4 82 1 -0.017857142857142857142857142857142857142857142857143 
-0.017857142857142857142857142857142857142857142857143
EMAT 4 83 1 -0.017857142857142857142857142857142857142857142857143 
-0.017857142857142857142857142857142857142857142857143
EMAT 4 84 1 -0.017857142857142857142857142857142857142857142857143 
-0.017857142857142857142857142857142857142857142857143
EMAT 4 85 1 -0.017857142857142857142857142857142857142857142857143 
-0.017857142857142857142857142857142857142857142857143
EMAT 4 107 3 0.017857142857142857142857142857142857142857142857143 
-0.017857142857142857142857142857142857142857142857143
EMAT 4 108 3 0.017857142857142857142857142857142857142857142857143 
-0.017857142857142857142857142857142857142857142857143
EMAT 4 109 3 0.017857142857142857142857142857142857142857142857143 
-0.017857142857142857142857142857142857142857142857143
EMAT 4 110 3 0.017857142857142857142857142857142857142857142857143 
-0.017857142857142857142857142857142857142857142857143
EMAT 4 111 3 0.017857142857142857142857142857142857142857142857143 
-0.017857142857142857142857142857142857142857142857143
EMAT 4 112 3 0.017857142857142857142857142857142857142857142857143 
-0.017857142857142857142857142857142857142857142857143
EMAT 4 113 3 0.017857142857142857142857142857142857142857142857143 
-0.017857142857142857142857142857142857142857142857143
EMAT 4 114 3 0.017857142857142857142857142857142857142857142857143 
-0.017857142857142857142857142857142857142857142857143
EMAT 4 115 3 0.017857142857142857142857142857142857142857142857143 
-0.017857142857142857142857142857142857142857142857143
EMAT 4 116 3 0.017857142857142857142857142857142857142857142857143 
-0.017857142857142857142857142857142857142857142857143
EMAT 4 117 3 0.017857142857142857142857142857142857142857142857143 
-0.017857142857142857142857142857142857142857142857143
EMAT 4 118 3 0.017857142857142857142857142857142857142857142857143 
-0.017857142857142857142857142857142857142857142857143
EMAT 4 119 3 0.017857142857142857142857142857142857142857142857143 
-0.017857142857142857142857142857142857142857142857143
EMAT 4 120 3 0.017857142857142857142857142857142857142857142857143 
-0.017857142857142857142857142857142857142857142857143
EMAT 4 121 3 0.017857142857142857142857142857142857142857142857143 
-0.017857142857142857142857142857142857142857142857143
EMAT 4 122 3 0.017857142857142857142857142857142857142857142857143 
-0.017857142857142857142857142857142857142857142857143
EMAT 4 123 3 0.017857142857142857142857142857142857142857142857143 
-0.017857142857142857142857142857142857142857142857143
EMAT 4 124 3 0.017857142857142857142857142857142857142857142857143 
-0.017857142857142857142857142857142857142857142857143
EMAT 4 125 3 0.017857142857142857142857142857142857142857142857143 
-0.017857142857142857142857142857142857142857142857143
EMAT 4 126 3 0.017857142857142857142857142857142857142857142857143 
-0.017857142857142857142857142857142857142857142857143
EMAT 4 127 3 0.017857142857142857142857142857142857142857142857143 
-0.017857142857142857142857142857142857142857142857143
EMAT 4 128 3 0.017857142857142857142857142857142857142857142857143 
-0.017857142857142857142857142857142857142857142857143
EMAT 4 129 3 0.017857142857142857142857142857142857142857142857143 
-0.017857142857142857142857142857142857142857142857143
EMAT 4 130 3 0.017857142857142857142857142857142857142857142857143 
-0.017857142857142857142857142857142857142857142857143
EMAT 4 131 3 0.017857142857142857142857142857142857142857142857143 
-0.017857142857142857142857142857142857142857142857143
EMAT 4 132 3 0.017857142857142857142857142857142857142857142857143 
-0.017857142857142857142857142857142857142857142857143
EMAT 4 133 3 0.017857142857142857142857142857142857142857142857143 
-0.017857142857142857142857142857142857142857142857143
EMAT 4 134 3 0.017857142857142857142857142857142857142857142857143 
-0.017857142857142857142857142857142857142857142857143
EMAT 4 163 7 -0.12500000000000000000000000000000000000000000000000 
0.12500000000000000000000000000000000000000000000000
EMAT 4 164 7 -0.12500000000000000000000000000000000000000000000000 
0.12500000000000000000000000000000000000000000000000
EMAT 4 165 7 -0.12500000000000000000000000000000000000000000000000 
0.12500000000000000000000000000000000000000000000000
EMAT 4 166 7 -0.12500000000000000000000000000000000000000000000000 
0.12500000000000000000000000000000000000000000000000
EMAT 4 167 7 0.12500000000000000000000000000000000000000000000000 
-0.12500000000000000000000000000000000000000000000000
EMAT 4 168 7 -0.12500000000000000000000000000000000000000000000000 
0.12500000000000000000000000000000000000000000000000
EMAT 4 169 7 -0.12500000000000000000000000000000000000000000000000 
0.12500000000000000000000000000000000000000000000000
EMAT 4 170 7 -0.12500000000000000000000000000000000000000000000000 
0.12500000000000000000000000000000000000000000000000
EMAT 4 171 7 -0.12500000000000000000000000000000000000000000000000 
0.12500000000000000000000000000000000000000000000000
EMAT 4 172 7 -0.12500000000000000000000000000000000000000000000000 
0.12500000000000000000000000000000000000000000000000
EMAT 4 173 7 0.12500000000000000000000000000000000000000000000000 
-0.12500000000000000000000000000000000000000000000000
EMAT 4 174 7 0.12500000000000000000000000000000000000000000000000 
-0.12500000000000000000000000000000000000000000000000
EMAT 4 185 21 -0.12500000000000000000000000000000000000000000000000 
-0.12500000000000000000000000000000000000000000000000
EMAT 4 186 21 0.12500000000000000000000000000000000000000000000000 
0.12500000000000000000000000000000000000000000000000
EMAT 4 187 21 -0.12500000000000000000000000000000000000000000000000 
-0.12500000000000000000000000000000000000000000000000
EMAT 4 188 21 0.12500000000000000000000000000000000000000000000000 
0.12500000000000000000000000000000000000000000000000
EMAT 5 2 1 -0.0029761904761904761904761904761904761904761904761905 
-0.0029761904761904761904761904761904761904761904761905
EMAT 5 3 1 -0.0029761904761904761904761904761904761904761904761905 
-0.0029761904761904761904761904761904761904761904761905
EMAT 5 4 1 -0.0029761904761904761904761904761904761904761904761905 
-0.0029761904761904761904761904761904761904761904761905
EMAT 5 5 1 -0.0029761904761904761904761904761904761904761904761905 
-0.0029761904761904761904761904761904761904761904761905
EMAT 5 6 1 -0.0029761904761904761904761904761904761904761904761905 
-0.0029761904761904761904761904761904761904761904761905
EMAT 5 7 1 -0.0029761904761904761904761904761904761904761904761905 
-0.0029761904761904761904761904761904761904761904761905
EMAT 5 8 1 -0.0029761904761904761904761904761904761904761904761905 
-0.0029761904761904761904761904761904761904761904761905
EMAT 5 9 1 -0.0029761904761904761904761904761904761904761904761905 
-0.0029761904761904761904761904761904761904761904761905
EMAT 5 10 1 -0.0029761904761904761904761904761904761904761904761905 
-0.0029761904761904761904761904761904761904761904761905
EMAT 5 11 1 -0.0029761904761904761904761904761904761904761904761905 
-0.0029761904761904761904761904761904761904761904761905
EMAT 5 12 1 -0.0029761904761904761904761904761904761904761904761905 
-0.0029761904761904761904761904761904761904761904761905
EMAT 5 13 1 -0.0029761904761904761904761904761904761904761904761905 
-0.0029761904761904761904761904761904761904761904761905
EMAT 5 14 1 -0.0029761904761904761904761904761904761904761904761905 
-0.0029761904761904761904761904761904761904761904761905
EMAT 5 15 1 -0.0029761904761904761904761904761904761904761904761905 
-0.0029761904761904761904761904761904761904761904761905
EMAT 5 16 1 -0.0029761904761904761904761904761904761904761904761905 
-0.0029761904761904761904761904761904761904761904761905
EMAT 5 17 1 -0.0029761904761904761904761904761904761904761904761905 
-0.0029761904761904761904761904761904761904761904761905
EMAT 5 18 1 -0.0029761904761904761904761904761904761904761904761905 
-0.0029761904761904761904761904761904761904761904761905
EMAT 5 19 1 -0.0029761904761904761904761904761904761904761904761905 
-0.0029761904761904761904761904761904761904761904761905
EMAT 5 20 1 -0.0029761904761904761904761904761904761904761904761905 
-0.0029761904761904761904761904761904761904761904761905
EMAT 5 21 1 -0.0029761904761904761904761904761904761904761904761905 
-0.0029761904761904761904761904761904761904761904761905
EMAT 5 22 1 -0.0029761904761904761904761904761904761904761904761905 
-0.0029761904761904761904761904761904761904761904761905
EMAT 5 23 1 -0.0029761904761904761904761904761904761904761904761905 
-0.0029761904761904761904761904761904761904761904761905
EMAT 5 24 1 -0.0029761904761904761904761904761904761904761904761905 
-0.0029761904761904761904761904761904761904761904761905
EMAT 5 25 1 -0.0029761904761904761904761904761904761904761904761905 
-0.0029761904761904761904761904761904761904761904761905
EMAT 5 26 1 -0.0029761904761904761904761904761904761904761904761905 
-0.0029761904761904761904761904761904761904761904761905
EMAT 5 27 1 -0.0029761904761904761904761904761904761904761904761905 
-0.0029761904761904761904761904761904761904761904761905
EMAT 5 28 1 -0.0029761904761904761904761904761904761904761904761905 
-0.0029761904761904761904761904761904761904761904761905
EMAT 5 29 1 -0.0029761904761904761904761904761904761904761904761905 
-0.0029761904761904761904761904761904761904761904761905
EMAT 5 30 1 -0.0029761904761904761904761904761904761904761904761905 
-0.0029761904761904761904761904761904761904761904761905
EMAT 5 31 1 -0.0029761904761904761904761904761904761904761904761905 
-0.0029761904761904761904761904761904761904761904761905
EMAT 5 32 1 -0.0029761904761904761904761904761904761904761904761905 
-0.0029761904761904761904761904761904761904761904761905
EMAT 5 33 1 -0.0029761904761904761904761904761904761904761904761905 
-0.0029761904761904761904761904761904761904761904761905
EMAT 5 34 1 -0.0029761904761904761904761904761904761904761904761905 
-0.0029761904761904761904761904761904761904761904761905
EMAT 5 35 1 -0.0029761904761904761904761904761904761904761904761905 
-0.0029761904761904761904761904761904761904761904761905
EMAT 5 36 1 -0.0029761904761904761904761904761904761904761904761905 
-0.0029761904761904761904761904761904761904761904761905
EMAT 5 37 1 -0.0029761904761904761904761904761904761904761904761905 
-0.0029761904761904761904761904761904761904761904761905
EMAT 5 38 1 -0.0029761904761904761904761904761904761904761904761905 
-0.0029761904761904761904761904761904761904761904761905
EMAT 5 39 1 -0.0029761904761904761904761904761904761904761904761905 
-0.0029761904761904761904761904761904761904761904761905
EMAT 5 40 1 -0.0029761904761904761904761904761904761904761904761905 
-0.0029761904761904761904761904761904761904761904761905
EMAT 5 41 1 -0.0029761904761904761904761904761904761904761904761905 
-0.0029761904761904761904761904761904761904761904761905
EMAT 5 42 1 -0.0029761904761904761904761904761904761904761904761905 
-0.0029761904761904761904761904761904761904761904761905
EMAT 5 43 1 -0.0029761904761904761904761904761904761904761904761905 
-0.0029761904761904761904761904761904761904761904761905
EMAT 5 44 1 -0.0029761904761904761904761904761904761904761904761905 
-0.0029761904761904761904761904761904761904761904761905
EMAT 5 45 1 -0.0029761904761904761904761904761904761904761904761905 
-0.0029761904761904761904761904761904761904761904761905
EMAT 5 46 1 -0.0029761904761904761904761904761904761904761904761905 
-0.0029761904761904761904761904761904761904761904761905
EMAT 5 47 1 -0.0029761904761904761904761904761904761904761904761905 
-0.0029761904761904761904761904761904761904761904761905
EMAT 5 48 1 -0.0029761904761904761904761904761904761904761904761905 
-0.0029761904761904761904761904761904761904761904761905
EMAT 5 49 1 -0.0029761904761904761904761904761904761904761904761905 
-0.0029761904761904761904761904761904761904761904761905
EMAT 5 50 1 -0.0029761904761904761904761904761904761904761904761905 
-0.0029761904761904761904761904761904761904761904761905
EMAT 5 51 1 -0.0029761904761904761904761904761904761904761904761905 
-0.0029761904761904761904761904761904761904761904761905
EMAT 5 52 1 -0.0029761904761904761904761904761904761904761904761905 
-0.0029761904761904761904761904761904761904761904761905
EMAT 5 53 1 -0.0029761904761904761904761904761904761904761904761905 
-0.0029761904761904761904761904761904761904761904761905
EMAT 5 54 1 -0.0029761904761904761904761904761904761904761904761905 
-0.0029761904761904761904761904761904761904761904761905
EMAT 5 55 1 -0.0029761904761904761904761904761904761904761904761905 
-0.0029761904761904761904761904761904761904761904761905
EMAT 5 56 1 -0.0029761904761904761904761904761904761904761904761905 
-0.0029761904761904761904761904761904761904761904761905
EMAT 5 57 1 -0.0029761904761904761904761904761904761904761904761905 
-0.0029761904761904761904761904761904761904761904761905
EMAT 5 58 1 -0.0029761904761904761904761904761904761904761904761905 
-0.0029761904761904761904761904761904761904761904761905
EMAT 5 59 1 -0.0029761904761904761904761904761904761904761904761905 
-0.0029761904761904761904761904761904761904761904761905
EMAT 5 60 1 -0.0029761904761904761904761904761904761904761904761905 
-0.0029761904761904761904761904761904761904761904761905
EMAT 5 61 1 -0.0029761904761904761904761904761904761904761904761905 
-0.0029761904761904761904761904761904761904761904761905
EMAT 5 62 1 -0.0029761904761904761904761904761904761904761904761905 
-0.0029761904761904761904761904761904761904761904761905
EMAT 5 63 1 -0.0029761904761904761904761904761904761904761904761905 
-0.0029761904761904761904761904761904761904761904761905
EMAT 5 64 1 -0.0029761904761904761904761904761904761904761904761905 
-0.0029761904761904761904761904761904761904761904761905
EMAT 5 65 1 -0.0029761904761904761904761904761904761904761904761905 
-0.0029761904761904761904761904761904761904761904761905
EMAT 5 66 1 -0.0029761904761904761904761904761904761904761904761905 
-0.0029761904761904761904761904761904761904761904761905
EMAT 5 67 1 -0.0029761904761904761904761904761904761904761904761905 
-0.0029761904761904761904761904761904761904761904761905
EMAT 5 68 1 -0.0029761904761904761904761904761904761904761904761905 
-0.0029761904761904761904761904761904761904761904761905
EMAT 5 69 1 -0.0029761904761904761904761904761904761904761904761905 
-0.0029761904761904761904761904761904761904761904761905
EMAT 5 70 1 -0.0029761904761904761904761904761904761904761904761905 
-0.0029761904761904761904761904761904761904761904761905
EMAT 5 71 1 -0.0029761904761904761904761904761904761904761904761905 
-0.0029761904761904761904761904761904761904761904761905
EMAT 5 72 1 -0.0029761904761904761904761904761904761904761904761905 
-0.0029761904761904761904761904761904761904761904761905
EMAT 5 73 1 -0.0029761904761904761904761904761904761904761904761905 
-0.0029761904761904761904761904761904761904761904761905
EMAT 5 74 1 -0.0029761904761904761904761904761904761904761904761905 
-0.0029761904761904761904761904761904761904761904761905
EMAT 5 75 1 -0.0029761904761904761904761904761904761904761904761905 
-0.0029761904761904761904761904761904761904761904761905
EMAT 5 76 1 -0.0029761904761904761904761904761904761904761904761905 
-0.0029761904761904761904761904761904761904761904761905
EMAT 5 77 1 -0.0029761904761904761904761904761904761904761904761905 
-0.0029761904761904761904761904761904761904761904761905
EMAT 5 78 1 -0.0029761904761904761904761904761904761904761904761905 
-0.0029761904761904761904761904761904761904761904761905
EMAT 5 79 1 -0.0029761904761904761904761904761904761904761904761905 
-0.0029761904761904761904761904761904761904761904761905
EMAT 5 80 1 -0.0029761904761904761904761904761904761904761904761905 
-0.0029761904761904761904761904761904761904761904761905
EMAT 5 81 1 -0.0029761904761904761904761904761904761904761904761905 
-0.0029761904761904761904761904761904761904761904761905
EMAT 5 82 1 -0.0029761904761904761904761904761904761904761904761905 
-0.0029761904761904761904761904761904761904761904761905
EMAT 5 83 1 -0.0029761904761904761904761904761904761904761904761905 
-0.0029761904761904761904761904761904761904761904761905
EMAT 5 84 1 -0.0029761904761904761904761904761904761904761904761905 
-0.0029761904761904761904761904761904761904761904761905
EMAT 5 85 1 -0.0029761904761904761904761904761904761904761904761905 
-0.0029761904761904761904761904761904761904761904761905
EMAT 5 107 3 0.0089285714285714285714285714285714285714285714285714 
-0.0089285714285714285714285714285714285714285714285714
EMAT 5 108 3 0.0089285714285714285714285714285714285714285714285714 
-0.0089285714285714285714285714285714285714285714285714
EMAT 5 109 3 0.0089285714285714285714285714285714285714285714285714 
-0.0089285714285714285714285714285714285714285714285714
EMAT 5 110 3 0.0089285714285714285714285714285714285714285714285714 
-0.0089285714285714285714285714285714285714285714285714
EMAT 5 111 3 0.0089285714285714285714285714285714285714285714285714 
-0.0089285714285714285714285714285714285714285714285714
EMAT 5 112 3 0.0089285714285714285714285714285714285714285714285714 
-0.0089285714285714285714285714285714285714285714285714
EMAT 5 113 3 0.0089285714285714285714285714285714285714285714285714 
-0.0089285714285714285714285714285714285714285714285714
EMAT 5 114 3 0.0089285714285714285714285714285714285714285714285714 
-0.0089285714285714285714285714285714285714285714285714
EMAT 5 115 3 0.0089285714285714285714285714285714285714285714285714 
-0.0089285714285714285714285714285714285714285714285714
EMAT 5 116 3 0.0089285714285714285714285714285714285714285714285714 
-0.0089285714285714285714285714285714285714285714285714
EMAT 5 117 3 0.0089285714285714285714285714285714285714285714285714 
-0.0089285714285714285714285714285714285714285714285714
EMAT 5 118 3 0.0089285714285714285714285714285714285714285714285714 
-0.0089285714285714285714285714285714285714285714285714
EMAT 5 119 3 0.0089285714285714285714285714285714285714285714285714 
-0.0089285714285714285714285714285714285714285714285714
EMAT 5 120 3 0.0089285714285714285714285714285714285714285714285714 
-0.0089285714285714285714285714285714285714285714285714
EMAT 5 121 3 0.0089285714285714285714285714285714285714285714285714 
-0.0089285714285714285714285714285714285714285714285714
EMAT 5 122 3 0.0089285714285714285714285714285714285714285714285714 
-0.0089285714285714285714285714285714285714285714285714
EMAT 5 123 3 0.0089285714285714285714285714285714285714285714285714 
-0.0089285714285714285714285714285714285714285714285714
EMAT 5 124 3 0.0089285714285714285714285714285714285714285714285714 
-0.0089285714285714285714285714285714285714285714285714
EMAT 5 125 3 0.0089285714285714285714285714285714285714285714285714 
-0.0089285714285714285714285714285714285714285714285714
EMAT 5 126 3 0.0089285714285714285714285714285714285714285714285714 
-0.0089285714285714285714285714285714285714285714285714
EMAT 5 127 3 0.0089285714285714285714285714285714285714285714285714 
-0.0089285714285714285714285714285714285714285714285714
EMAT 5 128 3 0.0089285714285714285714285714285714285714285714285714 
-0.0089285714285714285714285714285714285714285714285714
EMAT 5 129 3 0.0089285714285714285714285714285714285714285714285714 
-0.0089285714285714285714285714285714285714285714285714
EMAT 5 130 3 0.0089285714285714285714285714285714285714285714285714 
-0.0089285714285714285714285714285714285714285714285714
EMAT 5 131 3 0.0089285714285714285714285714285714285714285714285714 
-0.0089285714285714285714285714285714285714285714285714
EMAT 5 132 3 0.0089285714285714285714285714285714285714285714285714 
-0.0089285714285714285714285714285714285714285714285714
EMAT 5 133 3 0.0089285714285714285714285714285714285714285714285714 
-0.0089285714285714285714285714285714285714285714285714
EMAT 5 134 3 0.0089285714285714285714285714285714285714285714285714 
-0.0089285714285714285714285714285714285714285714285714
EMAT 5 163 7 -0.020833333333333333333333333333333333333333333333333 
0.020833333333333333333333333333333333333333333333333
EMAT 5 164 7 -0.020833333333333333333333333333333333333333333333333 
0.020833333333333333333333333333333333333333333333333
EMAT 5 165 7 -0.020833333333333333333333333333333333333333333333333 
0.020833333333333333333333333333333333333333333333333
EMAT 5 166 7 -0.020833333333333333333333333333333333333333333333333 
0.020833333333333333333333333333333333333333333333333
EMAT 5 167 7 0.020833333333333333333333333333333333333333333333333 
-0.020833333333333333333333333333333333333333333333333
EMAT 5 168 7 -0.020833333333333333333333333333333333333333333333333 
0.020833333333333333333333333333333333333333333333333
EMAT 5 169 7 -0.020833333333333333333333333333333333333333333333333 
0.020833333333333333333333333333333333333333333333333
EMAT 5 170 7 -0.020833333333333333333333333333333333333333333333333 
0.020833333333333333333333333333333333333333333333333
EMAT 5 171 7 -0.020833333333333333333333333333333333333333333333333 
0.020833333333333333333333333333333333333333333333333
EMAT 5 172 7 -0.020833333333333333333333333333333333333333333333333 
0.020833333333333333333333333333333333333333333333333
EMAT 5 173 7 0.020833333333333333333333333333333333333333333333333 
-0.020833333333333333333333333333333333333333333333333
EMAT 5 174 7 0.020833333333333333333333333333333333333333333333333 
-0.020833333333333333333333333333333333333333333333333
EMAT 5 185 21 -0.062500000000000000000000000000000000000000000000000 
-0.062500000000000000000000000000000000000000000000000
EMAT 5 186 21 0.062500000000000000000000000000000000000000000000000 
0.062500000000000000000000000000000000000000000000000
EMAT 5 187 21 -0.062500000000000000000000000000000000000000000000000 
-0.062500000000000000000000000000000000000000000000000
EMAT 5 188 21 0.062500000000000000000000000000000000000000000000000 
0.062500000000000000000000000000000000000000000000000
EMAT 6 1 84 1.0000000000000000000000000000000000000000000000000 
-2.4224325970902309979711551095563521461961913883486E-81
EMAT 6 2 1 -0.062500000000000000000000000000000000000000000000000 
-0.062500000000000000000000000000000000000000000000000
EMAT 6 3 1 -0.062500000000000000000000000000000000000000000000000 
-0.062500000000000000000000000000000000000000000000000
EMAT 6 4 1 -0.062500000000000000000000000000000000000000000000000 
-0.062500000000000000000000000000000000000000000000000
EMAT 6 5 1 -0.062500000000000000000000000000000000000000000000000 
-0.062500000000000000000000000000000000000000000000000
EMAT 6 6 1 -0.062500000000000000000000000000000000000000000000000 
-0.062500000000000000000000000000000000000000000000000
EMAT 6 7 1 -0.062500000000000000000000000000000000000000000000000 
-0.062500000000000000000000000000000000000000000000000
EMAT 6 8 1 -0.062500000000000000000000000000000000000000000000000 
-0.062500000000000000000000000000000000000000000000000
EMAT 6 9 1 -0.062500000000000000000000000000000000000000000000000 
-0.062500000000000000000000000000000000000000000000000
EMAT 6 10 1 -0.062500000000000000000000000000000000000000000000000 
-0.062500000000000000000000000000000000000000000000000
EMAT 6 11 1 -0.062500000000000000000000000000000000000000000000000 
-0.062500000000000000000000000000000000000000000000000
EMAT 6 12 1 -0.062500000000000000000000000000000000000000000000000 
-0.062500000000000000000000000000000000000000000000000
EMAT 6 13 1 -0.062500000000000000000000000000000000000000000000000 
-0.062500000000000000000000000000000000000000000000000
EMAT 6 14 1 -0.062500000000000000000000000000000000000000000000000 
-0.062500000000000000000000000000000000000000000000000
EMAT 6 15 1 -0.062500000000000000000000000000000000000000000000000 
-0.062500000000000000000000000000000000000000000000000
EMAT 6 16 1 -0.062500000000000000000000000000000000000000000000000 
-0.062500000000000000000000000000000000000000000000000
EMAT 6 17 1 -0.062500000000000000000000000000000000000000000000000 
-0.062500000000000000000000000000000000000000000000000
EMAT 6 18 1 -0.062500000000000000000000000000000000000000000000000 
-0.062500000000000000000000000000000000000000000000000
EMAT 6 19 1 -0.062500000000000000000000000000000000000000000000000 
-0.062500000000000000000000000000000000000000000000000
EMAT 6 20 1 -0.062500000000000000000000000000000000000000000000000 
-0.062500000000000000000000000000000000000000000000000
EMAT 6 21 1 -0.062500000000000000000000000000000000000000000000000 
-0.062500000000000000000000000000000000000000000000000
EMAT 6 22 1 -0.062500000000000000000000000000000000000000000000000 
-0.062500000000000000000000000000000000000000000000000
EMAT 6 23 1 -0.062500000000000000000000000000000000000000000000000 
-0.062500000000000000000000000000000000000000000000000
EMAT 6 24 1 -0.062500000000000000000000000000000000000000000000000 
-0.062500000000000000000000000000000000000000000000000
EMAT 6 25 1 -0.062500000000000000000000000000000000000000000000000 
-0.062500000000000000000000000000000000000000000000000
EMAT 6 26 1 -0.062500000000000000000000000000000000000000000000000 
-0.062500000000000000000000000000000000000000000000000
EMAT 6 27 1 -0.062500000000000000000000000000000000000000000000000 
-0.062500000000000000000000000000000000000000000000000
EMAT 6 28 1 -0.062500000000000000000000000000000000000000000000000 
-0.062500000000000000000000000000000000000000000000000
EMAT 6 29 1 -0.062500000000000000000000000000000000000000000000000 
-0.062500000000000000000000000000000000000000000000000
EMAT 6 30 1 -0.062500000000000000000000000000000000000000000000000 
-0.062500000000000000000000000000000000000000000000000
EMAT 6 31 1 -0.062500000000000000000000000000000000000000000000000 
-0.062500000000000000000000000000000000000000000000000
EMAT 6 32 1 -0.062500000000000000000000000000000000000000000000000 
-0.062500000000000000000000000000000000000000000000000
EMAT 6 33 1 -0.062500000000000000000000000000000000000000000000000 
-0.062500000000000000000000000000000000000000000000000
EMAT 6 34 1 -0.062500000000000000000000000000000000000000000000000 
-0.062500000000000000000000000000000000000000000000000
EMAT 6 35 1 -0.062500000000000000000000000000000000000000000000000 
-0.062500000000000000000000000000000000000000000000000
EMAT 6 36 1 -0.062500000000000000000000000000000000000000000000000 
-0.062500000000000000000000000000000000000000000000000
EMAT 6 37 1 -0.062500000000000000000000000000000000000000000000000 
-0.062500000000000000000000000000000000000000000000000
EMAT 6 38 1 -0.062500000000000000000000000000000000000000000000000 
-0.062500000000000000000000000000000000000000000000000
EMAT 6 39 1 -0.062500000000000000000000000000000000000000000000000 
-0.062500000000000000000000000000000000000000000000000
EMAT 6 40 1 -0.062500000000000000000000000000000000000000000000000 
-0.062500000000000000000000000000000000000000000000000
EMAT 6 41 1 -0.062500000000000000000000000000000000000000000000000 
-0.062500000000000000000000000000000000000000000000000
EMAT 6 42 1 -0.062500000000000000000000000000000000000000000000000 
-0.062500000000000000000000000000000000000000000000000
EMAT 6 43 1 -0.062500000000000000000000000000000000000000000000000 
-0.062500000000000000000000000000000000000000000000000
EMAT 6 44 1 -0.062500000000000000000000000000000000000000000000000 
-0.062500000000000000000000000000000000000000000000000
EMAT 6 45 1 -0.062500000000000000000000000000000000000000000000000 
-0.062500000000000000000000000000000000000000000000000
EMAT 6 46 1 -0.062500000000000000000000000000000000000000000000000 
-0.062500000000000000000000000000000000000000000000000
EMAT 6 47 1 -0.062500000000000000000000000000000000000000000000000 
-0.062500000000000000000000000000000000000000000000000
EMAT 6 48 1 -0.062500000000000000000000000000000000000000000000000 
-0.062500000000000000000000000000000000000000000000000
EMAT 6 49 1 -0.062500000000000000000000000000000000000000000000000 
-0.062500000000000000000000000000000000000000000000000
EMAT 6 50 1 -0.062500000000000000000000000000000000000000000000000 
-0.062500000000000000000000000000000000000000000000000
EMAT 6 51 1 -0.062500000000000000000000000000000000000000000000000 
-0.062500000000000000000000000000000000000000000000000
EMAT 6 52 1 -0.062500000000000000000000000000000000000000000000000 
-0.062500000000000000000000000000000000000000000000000
EMAT 6 53 1 -0.062500000000000000000000000000000000000000000000000 
-0.062500000000000000000000000000000000000000000000000
EMAT 6 54 1 -0.062500000000000000000000000000000000000000000000000 
-0.062500000000000000000000000000000000000000000000000
EMAT 6 55 1 -0.062500000000000000000000000000000000000000000000000 
-0.062500000000000000000000000000000000000000000000000
EMAT 6 56 1 -0.062500000000000000000000000000000000000000000000000 
-0.062500000000000000000000000000000000000000000000000
EMAT 6 57 1 -0.062500000000000000000000000000000000000000000000000 
-0.062500000000000000000000000000000000000000000000000
EMAT 6 58 1 -0.062500000000000000000000000000000000000000000000000 
-0.062500000000000000000000000000000000000000000000000
EMAT 6 59 1 -0.062500000000000000000000000000000000000000000000000 
-0.062500000000000000000000000000000000000000000000000
EMAT 6 60 1 -0.062500000000000000000000000000000000000000000000000 
-0.062500000000000000000000000000000000000000000000000
EMAT 6 61 1 -0.062500000000000000000000000000000000000000000000000 
-0.062500000000000000000000000000000000000000000000000
EMAT 6 62 1 -0.062500000000000000000000000000000000000000000000000 
-0.062500000000000000000000000000000000000000000000000
EMAT 6 63 1 -0.062500000000000000000000000000000000000000000000000 
-0.062500000000000000000000000000000000000000000000000
EMAT 6 64 1 -0.062500000000000000000000000000000000000000000000000 
-0.062500000000000000000000000000000000000000000000000
EMAT 6 65 1 -0.062500000000000000000000000000000000000000000000000 
-0.062500000000000000000000000000000000000000000000000
EMAT 6 66 1 -0.062500000000000000000000000000000000000000000000000 
-0.062500000000000000000000000000000000000000000000000
EMAT 6 67 1 -0.062500000000000000000000000000000000000000000000000 
-0.062500000000000000000000000000000000000000000000000
EMAT 6 68 1 -0.062500000000000000000000000000000000000000000000000 
-0.062500000000000000000000000000000000000000000000000
EMAT 6 69 1 -0.062500000000000000000000000000000000000000000000000 
-0.062500000000000000000000000000000000000000000000000
EMAT 6 70 1 -0.062500000000000000000000000000000000000000000000000 
-0.062500000000000000000000000000000000000000000000000
EMAT 6 71 1 -0.062500000000000000000000000000000000000000000000000 
-0.062500000000000000000000000000000000000000000000000
EMAT 6 72 1 -0.062500000000000000000000000000000000000000000000000 
-0.062500000000000000000000000000000000000000000000000
EMAT 6 73 1 -0.062500000000000000000000000000000000000000000000000 
-0.062500000000000000000000000000000000000000000000000
EMAT 6 74 1 -0.062500000000000000000000000000000000000000000000000 
-0.062500000000000000000000000000000000000000000000000
EMAT 6 75 1 -0.062500000000000000000000000000000000000000000000000 
-0.062500000000000000000000000000000000000000000000000
EMAT 6 76 1 -0.062500000000000000000000000000000000000000000000000 
-0.062500000000000000000000000000000000000000000000000
EMAT 6 77 1 -0.062500000000000000000000000000000000000000000000000 
-0.062500000000000000000000000000000000000000000000000
EMAT 6 78 1 -0.062500000000000000000000000000000000000000000000000 
-0.062500000000000000000000000000000000000000000000000
EMAT 6 79 1 -0.062500000000000000000000000000000000000000000000000 
-0.062500000000000000000000000000000000000000000000000
EMAT 6 80 1 -0.062500000000000000000000000000000000000000000000000 
-0.062500000000000000000000000000000000000000000000000
EMAT 6 81 1 -0.062500000000000000000000000000000000000000000000000 
-0.062500000000000000000000000000000000000000000000000
EMAT 6 82 1 -0.062500000000000000000000000000000000000000000000000 
-0.062500000000000000000000000000000000000000000000000
EMAT 6 83 1 -0.062500000000000000000000000000000000000000000000000 
-0.062500000000000000000000000000000000000000000000000
EMAT 6 84 1 -0.062500000000000000000000000000000000000000000000000 
-0.062500000000000000000000000000000000000000000000000
EMAT 6 85 1 -0.062500000000000000000000000000000000000000000000000 
-0.062500000000000000000000000000000000000000000000000
EMAT 6 107 3 0.062500000000000000000000000000000000000000000000000 
-0.062500000000000000000000000000000000000000000000000
EMAT 6 108 3 0.062500000000000000000000000000000000000000000000000 
-0.062500000000000000000000000000000000000000000000000
EMAT 6 109 3 0.062500000000000000000000000000000000000000000000000 
-0.062500000000000000000000000000000000000000000000000
EMAT 6 110 3 0.062500000000000000000000000000000000000000000000000 
-0.062500000000000000000000000000000000000000000000000
EMAT 6 111 3 0.062500000000000000000000000000000000000000000000000 
-0.062500000000000000000000000000000000000000000000000
EMAT 6 112 3 0.062500000000000000000000000000000000000000000000000 
-0.062500000000000000000000000000000000000000000000000
EMAT 6 113 3 0.062500000000000000000000000000000000000000000000000 
-0.062500000000000000000000000000000000000000000000000
EMAT 6 114 3 0.062500000000000000000000000000000000000000000000000 
-0.062500000000000000000000000000000000000000000000000
EMAT 6 115 3 0.062500000000000000000000000000000000000000000000000 
-0.062500000000000000000000000000000000000000000000000
EMAT 6 116 3 0.062500000000000000000000000000000000000000000000000 
-0.062500000000000000000000000000000000000000000000000
EMAT 6 117 3 0.062500000000000000000000000000000000000000000000000 
-0.062500000000000000000000000000000000000000000000000
EMAT 6 118 3 0.062500000000000000000000000000000000000000000000000 
-0.062500000000000000000000000000000000000000000000000
EMAT 6 119 3 0.062500000000000000000000000000000000000000000000000 
-0.062500000000000000000000000000000000000000000000000
EMAT 6 120 3 0.062500000000000000000000000000000000000000000000000 
-0.062500000000000000000000000000000000000000000000000
EMAT 6 121 3 0.062500000000000000000000000000000000000000000000000 
-0.062500000000000000000000000000000000000000000000000
EMAT 6 122 3 0.062500000000000000000000000000000000000000000000000 
-0.062500000000000000000000000000000000000000000000000
EMAT 6 123 3 0.062500000000000000000000000000000000000000000000000 
-0.062500000000000000000000000000000000000000000000000
EMAT 6 124 3 0.062500000000000000000000000000000000000000000000000 
-0.062500000000000000000000000000000000000000000000000
EMAT 6 125 3 0.062500000000000000000000000000000000000000000000000 
-0.062500000000000000000000000000000000000000000000000
EMAT 6 126 3 0.062500000000000000000000000000000000000000000000000 
-0.062500000000000000000000000000000000000000000000000
EMAT 6 127 3 0.062500000000000000000000000000000000000000000000000 
-0.062500000000000000000000000000000000000000000000000
EMAT 6 128 3 0.062500000000000000000000000000000000000000000000000 
-0.062500000000000000000000000000000000000000000000000
EMAT 6 129 3 0.062500000000000000000000000000000000000000000000000 
-0.062500000000000000000000000000000000000000000000000
EMAT 6 130 3 0.062500000000000000000000000000000000000000000000000 
-0.062500000000000000000000000000000000000000000000000
EMAT 6 131 3 0.062500000000000000000000000000000000000000000000000 
-0.062500000000000000000000000000000000000000000000000
EMAT 6 132 3 0.062500000000000000000000000000000000000000000000000 
-0.062500000000000000000000000000000000000000000000000
EMAT 6 133 3 0.062500000000000000000000000000000000000000000000000 
-0.062500000000000000000000000000000000000000000000000
EMAT 6 134 3 0.062500000000000000000000000000000000000000000000000 
-0.062500000000000000000000000000000000000000000000000
EMAT 6 163 7 0.062500000000000000000000000000000000000000000000000 
-0.062500000000000000000000000000000000000000000000000
EMAT 6 164 7 0.062500000000000000000000000000000000000000000000000 
-0.062500000000000000000000000000000000000000000000000
EMAT 6 165 7 0.062500000000000000000000000000000000000000000000000 
-0.062500000000000000000000000000000000000000000000000
EMAT 6 166 7 0.062500000000000000000000000000000000000000000000000 
-0.062500000000000000000000000000000000000000000000000
EMAT 6 167 7 -0.062500000000000000000000000000000000000000000000000 
0.062500000000000000000000000000000000000000000000000
EMAT 6 168 7 0.062500000000000000000000000000000000000000000000000 
-0.062500000000000000000000000000000000000000000000000
EMAT 6 169 7 0.062500000000000000000000000000000000000000000000000 
-0.062500000000000000000000000000000000000000000000000
EMAT 6 170 7 0.062500000000000000000000000000000000000000000000000 
-0.062500000000000000000000000000000000000000000000000
EMAT 6 171 7 0.062500000000000000000000000000000000000000000000000 
-0.062500000000000000000000000000000000000000000000000
EMAT 6 172 7 0.062500000000000000000000000000000000000000000000000 
-0.062500000000000000000000000000000000000000000000000
EMAT 6 173 7 -0.062500000000000000000000000000000000000000000000000 
0.062500000000000000000000000000000000000000000000000
EMAT 6 174 7 -0.062500000000000000000000000000000000000000000000000 
0.062500000000000000000000000000000000000000000000000
EMAT 6 175 12 -1.0000000000000000000000000000000000000000000000000 
2.3427793324368259707964751504213846507644493527525E-78
EMAT 6 176 12 1.0000000000000000000000000000000000000000000000000 
4.8977845620085752230836739104836728823347952026976E-78
EMAT 6 177 12 -5.5665805098592539832729922636821685914298368128532E-79 
1.0000000000000000000000000000000000000000000000000
EMAT 6 178 12 -2.0676660393195940106343664741708204268397799326855E-79 
1.0000000000000000000000000000000000000000000000000
EMAT 6 179 12 -1.0000000000000000000000000000000000000000000000000 
4.0669196052199172367182848502104052561589374140406E-78
EMAT 6 180 12 1.0000000000000000000000000000000000000000000000000 
2.0242657473429769199979574310972351285965680946375E-77
EMAT 6 181 12 1.7172951223396336727928495552144281322598831075649E-77 
1.0000000000000000000000000000000000000000000000000
EMAT 6 185 21 0.062500000000000000000000000000000000000000000000000 
0.062500000000000000000000000000000000000000000000000
EMAT 6 186 21 -0.062500000000000000000000000000000000000000000000000 
-0.062500000000000000000000000000000000000000000000000
EMAT 6 187 21 0.062500000000000000000000000000000000000000000000000 
0.062500000000000000000000000000000000000000000000000
EMAT 6 188 21 -0.062500000000000000000000000000000000000000000000000 
-0.062500000000000000000000000000000000000000000000000
EMAT 7 2 1 -0.020833333333333333333333333333333333333333333333333 
-0.020833333333333333333333333333333333333333333333333
EMAT 7 3 1 -0.020833333333333333333333333333333333333333333333333 
-0.020833333333333333333333333333333333333333333333333
EMAT 7 4 1 -0.020833333333333333333333333333333333333333333333333 
-0.020833333333333333333333333333333333333333333333333
EMAT 7 5 1 -0.020833333333333333333333333333333333333333333333333 
-0.020833333333333333333333333333333333333333333333333
EMAT 7 6 1 -0.020833333333333333333333333333333333333333333333333 
-0.020833333333333333333333333333333333333333333333333
EMAT 7 7 1 -0.020833333333333333333333333333333333333333333333333 
-0.020833333333333333333333333333333333333333333333333
EMAT 7 8 1 -0.020833333333333333333333333333333333333333333333333 
-0.020833333333333333333333333333333333333333333333333
EMAT 7 9 1 -0.020833333333333333333333333333333333333333333333333 
-0.020833333333333333333333333333333333333333333333333
EMAT 7 10 1 -0.020833333333333333333333333333333333333333333333333 
-0.020833333333333333333333333333333333333333333333333
EMAT 7 11 1 -0.020833333333333333333333333333333333333333333333333 
-0.020833333333333333333333333333333333333333333333333
EMAT 7 12 1 -0.020833333333333333333333333333333333333333333333333 
-0.020833333333333333333333333333333333333333333333333
EMAT 7 13 1 -0.020833333333333333333333333333333333333333333333333 
-0.020833333333333333333333333333333333333333333333333
EMAT 7 14 1 -0.020833333333333333333333333333333333333333333333333 
-0.020833333333333333333333333333333333333333333333333
EMAT 7 15 1 -0.020833333333333333333333333333333333333333333333333 
-0.020833333333333333333333333333333333333333333333333
EMAT 7 16 1 -0.020833333333333333333333333333333333333333333333333 
-0.020833333333333333333333333333333333333333333333333
EMAT 7 17 1 -0.020833333333333333333333333333333333333333333333333 
-0.020833333333333333333333333333333333333333333333333
EMAT 7 18 1 -0.020833333333333333333333333333333333333333333333333 
-0.020833333333333333333333333333333333333333333333333
EMAT 7 19 1 -0.020833333333333333333333333333333333333333333333333 
-0.020833333333333333333333333333333333333333333333333
EMAT 7 20 1 -0.020833333333333333333333333333333333333333333333333 
-0.020833333333333333333333333333333333333333333333333
EMAT 7 21 1 -0.020833333333333333333333333333333333333333333333333 
-0.020833333333333333333333333333333333333333333333333
EMAT 7 22 1 -0.020833333333333333333333333333333333333333333333333 
-0.020833333333333333333333333333333333333333333333333
EMAT 7 23 1 -0.020833333333333333333333333333333333333333333333333 
-0.020833333333333333333333333333333333333333333333333
EMAT 7 24 1 -0.020833333333333333333333333333333333333333333333333 
-0.020833333333333333333333333333333333333333333333333
EMAT 7 25 1 -0.020833333333333333333333333333333333333333333333333 
-0.020833333333333333333333333333333333333333333333333
EMAT 7 26 1 -0.020833333333333333333333333333333333333333333333333 
-0.020833333333333333333333333333333333333333333333333
EMAT 7 27 1 -0.020833333333333333333333333333333333333333333333333 
-0.020833333333333333333333333333333333333333333333333
EMAT 7 28 1 -0.020833333333333333333333333333333333333333333333333 
-0.020833333333333333333333333333333333333333333333333
EMAT 7 29 1 -0.020833333333333333333333333333333333333333333333333 
-0.020833333333333333333333333333333333333333333333333
EMAT 7 30 1 -0.020833333333333333333333333333333333333333333333333 
-0.020833333333333333333333333333333333333333333333333
EMAT 7 31 1 -0.020833333333333333333333333333333333333333333333333 
-0.020833333333333333333333333333333333333333333333333
EMAT 7 32 1 -0.020833333333333333333333333333333333333333333333333 
-0.020833333333333333333333333333333333333333333333333
EMAT 7 33 1 -0.020833333333333333333333333333333333333333333333333 
-0.020833333333333333333333333333333333333333333333333
EMAT 7 34 1 -0.020833333333333333333333333333333333333333333333333 
-0.020833333333333333333333333333333333333333333333333
EMAT 7 35 1 -0.020833333333333333333333333333333333333333333333333 
-0.020833333333333333333333333333333333333333333333333
EMAT 7 36 1 -0.020833333333333333333333333333333333333333333333333 
-0.020833333333333333333333333333333333333333333333333
EMAT 7 37 1 -0.020833333333333333333333333333333333333333333333333 
-0.020833333333333333333333333333333333333333333333333
EMAT 7 38 1 -0.020833333333333333333333333333333333333333333333333 
-0.020833333333333333333333333333333333333333333333333
EMAT 7 39 1 -0.020833333333333333333333333333333333333333333333333 
-0.020833333333333333333333333333333333333333333333333
EMAT 7 40 1 -0.020833333333333333333333333333333333333333333333333 
-0.020833333333333333333333333333333333333333333333333
EMAT 7 41 1 -0.020833333333333333333333333333333333333333333333333 
-0.020833333333333333333333333333333333333333333333333
EMAT 7 42 1 -0.020833333333333333333333333333333333333333333333333 
-0.020833333333333333333333333333333333333333333333333
EMAT 7 43 1 -0.020833333333333333333333333333333333333333333333333 
-0.020833333333333333333333333333333333333333333333333
EMAT 7 44 1 -0.020833333333333333333333333333333333333333333333333 
-0.020833333333333333333333333333333333333333333333333
EMAT 7 45 1 -0.020833333333333333333333333333333333333333333333333 
-0.020833333333333333333333333333333333333333333333333
EMAT 7 46 1 -0.020833333333333333333333333333333333333333333333333 
-0.020833333333333333333333333333333333333333333333333
EMAT 7 47 1 -0.020833333333333333333333333333333333333333333333333 
-0.020833333333333333333333333333333333333333333333333
EMAT 7 48 1 -0.020833333333333333333333333333333333333333333333333 
-0.020833333333333333333333333333333333333333333333333
EMAT 7 49 1 -0.020833333333333333333333333333333333333333333333333 
-0.020833333333333333333333333333333333333333333333333
EMAT 7 50 1 -0.020833333333333333333333333333333333333333333333333 
-0.020833333333333333333333333333333333333333333333333
EMAT 7 51 1 -0.020833333333333333333333333333333333333333333333333 
-0.020833333333333333333333333333333333333333333333333
EMAT 7 52 1 -0.020833333333333333333333333333333333333333333333333 
-0.020833333333333333333333333333333333333333333333333
EMAT 7 53 1 -0.020833333333333333333333333333333333333333333333333 
-0.020833333333333333333333333333333333333333333333333
EMAT 7 54 1 -0.020833333333333333333333333333333333333333333333333 
-0.020833333333333333333333333333333333333333333333333
EMAT 7 55 1 -0.020833333333333333333333333333333333333333333333333 
-0.020833333333333333333333333333333333333333333333333
EMAT 7 56 1 -0.020833333333333333333333333333333333333333333333333 
-0.020833333333333333333333333333333333333333333333333
EMAT 7 57 1 -0.020833333333333333333333333333333333333333333333333 
-0.020833333333333333333333333333333333333333333333333
EMAT 7 58 1 -0.020833333333333333333333333333333333333333333333333 
-0.020833333333333333333333333333333333333333333333333
EMAT 7 59 1 -0.020833333333333333333333333333333333333333333333333 
-0.020833333333333333333333333333333333333333333333333
EMAT 7 60 1 -0.020833333333333333333333333333333333333333333333333 
-0.020833333333333333333333333333333333333333333333333
EMAT 7 61 1 -0.020833333333333333333333333333333333333333333333333 
-0.020833333333333333333333333333333333333333333333333
EMAT 7 62 1 -0.020833333333333333333333333333333333333333333333333 
-0.020833333333333333333333333333333333333333333333333
EMAT 7 63 1 -0.020833333333333333333333333333333333333333333333333 
-0.020833333333333333333333333333333333333333333333333
EMAT 7 64 1 -0.020833333333333333333333333333333333333333333333333 
-0.020833333333333333333333333333333333333333333333333
EMAT 7 65 1 -0.020833333333333333333333333333333333333333333333333 
-0.020833333333333333333333333333333333333333333333333
EMAT 7 66 1 -0.020833333333333333333333333333333333333333333333333 
-0.020833333333333333333333333333333333333333333333333
EMAT 7 67 1 -0.020833333333333333333333333333333333333333333333333 
-0.020833333333333333333333333333333333333333333333333
EMAT 7 68 1 -0.020833333333333333333333333333333333333333333333333 
-0.020833333333333333333333333333333333333333333333333
EMAT 7 69 1 -0.020833333333333333333333333333333333333333333333333 
-0.020833333333333333333333333333333333333333333333333
EMAT 7 70 1 -0.020833333333333333333333333333333333333333333333333 
-0.020833333333333333333333333333333333333333333333333
EMAT 7 71 1 -0.020833333333333333333333333333333333333333333333333 
-0.020833333333333333333333333333333333333333333333333
EMAT 7 72 1 -0.020833333333333333333333333333333333333333333333333 
-0.020833333333333333333333333333333333333333333333333
EMAT 7 73 1 -0.020833333333333333333333333333333333333333333333333 
-0.020833333333333333333333333333333333333333333333333
EMAT 7 74 1 -0.020833333333333333333333333333333333333333333333333 
-0.020833333333333333333333333333333333333333333333333
EMAT 7 75 1 -0.020833333333333333333333333333333333333333333333333 
-0.020833333333333333333333333333333333333333333333333
EMAT 7 76 1 -0.020833333333333333333333333333333333333333333333333 
-0.020833333333333333333333333333333333333333333333333
EMAT 7 77 1 -0.020833333333333333333333333333333333333333333333333 
-0.020833333333333333333333333333333333333333333333333
EMAT 7 78 1 -0.020833333333333333333333333333333333333333333333333 
-0.020833333333333333333333333333333333333333333333333
EMAT 7 79 1 -0.020833333333333333333333333333333333333333333333333 
-0.020833333333333333333333333333333333333333333333333
EMAT 7 80 1 -0.020833333333333333333333333333333333333333333333333 
-0.020833333333333333333333333333333333333333333333333
EMAT 7 81 1 -0.020833333333333333333333333333333333333333333333333 
-0.020833333333333333333333333333333333333333333333333
EMAT 7 82 1 -0.020833333333333333333333333333333333333333333333333 
-0.020833333333333333333333333333333333333333333333333
EMAT 7 83 1 -0.020833333333333333333333333333333333333333333333333 
-0.020833333333333333333333333333333333333333333333333
EMAT 7 84 1 -0.020833333333333333333333333333333333333333333333333 
-0.020833333333333333333333333333333333333333333333333
EMAT 7 85 1 -0.020833333333333333333333333333333333333333333333333 
-0.020833333333333333333333333333333333333333333333333
EMAT 7 107 3 -0.062500000000000000000000000000000000000000000000000 
0.062500000000000000000000000000000000000000000000000
EMAT 7 108 3 -0.062500000000000000000000000000000000000000000000000 
0.062500000000000000000000000000000000000000000000000
EMAT 7 109 3 -0.062500000000000000000000000000000000000000000000000 
0.062500000000000000000000000000000000000000000000000
EMAT 7 110 3 -0.062500000000000000000000000000000000000000000000000 
0.062500000000000000000000000000000000000000000000000
EMAT 7 111 3 -0.062500000000000000000000000000000000000000000000000 
0.062500000000000000000000000000000000000000000000000
EMAT 7 112 3 -0.062500000000000000000000000000000000000000000000000 
0.062500000000000000000000000000000000000000000000000
EMAT 7 113 3 -0.062500000000000000000000000000000000000000000000000 
0.062500000000000000000000000000000000000000000000000
EMAT 7 114 3 -0.062500000000000000000000000000000000000000000000000 
0.062500000000000000000000000000000000000000000000000
EMAT 7 115 3 -0.062500000000000000000000000000000000000000000000000 
0.062500000000000000000000000000000000000000000000000
EMAT 7 116 3 -0.062500000000000000000000000000000000000000000000000 
0.062500000000000000000000000000000000000000000000000
EMAT 7 117 3 -0.062500000000000000000000000000000000000000000000000 
0.062500000000000000000000000000000000000000000000000
EMAT 7 118 3 -0.062500000000000000000000000000000000000000000000000 
0.062500000000000000000000000000000000000000000000000
EMAT 7 119 3 -0.062500000000000000000000000000000000000000000000000 
0.062500000000000000000000000000000000000000000000000
EMAT 7 120 3 -0.062500000000000000000000000000000000000000000000000 
0.062500000000000000000000000000000000000000000000000
EMAT 7 121 3 -0.062500000000000000000000000000000000000000000000000 
0.062500000000000000000000000000000000000000000000000
EMAT 7 122 3 -0.062500000000000000000000000000000000000000000000000 
0.062500000000000000000000000000000000000000000000000
EMAT 7 123 3 -0.062500000000000000000000000000000000000000000000000 
0.062500000000000000000000000000000000000000000000000
EMAT 7 124 3 -0.062500000000000000000000000000000000000000000000000 
0.062500000000000000000000000000000000000000000000000
EMAT 7 125 3 -0.062500000000000000000000000000000000000000000000000 
0.062500000000000000000000000000000000000000000000000
EMAT 7 126 3 -0.062500000000000000000000000000000000000000000000000 
0.062500000000000000000000000000000000000000000000000
EMAT 7 127 3 -0.062500000000000000000000000000000000000000000000000 
0.062500000000000000000000000000000000000000000000000
EMAT 7 128 3 -0.062500000000000000000000000000000000000000000000000 
0.062500000000000000000000000000000000000000000000000
EMAT 7 129 3 -0.062500000000000000000000000000000000000000000000000 
0.062500000000000000000000000000000000000000000000000
EMAT 7 130 3 -0.062500000000000000000000000000000000000000000000000 
0.062500000000000000000000000000000000000000000000000
EMAT 7 131 3 -0.062500000000000000000000000000000000000000000000000 
0.062500000000000000000000000000000000000000000000000
EMAT 7 132 3 -0.062500000000000000000000000000000000000000000000000 
0.062500000000000000000000000000000000000000000000000
EMAT 7 133 3 -0.062500000000000000000000000000000000000000000000000 
0.062500000000000000000000000000000000000000000000000
EMAT 7 134 3 -0.062500000000000000000000000000000000000000000000000 
0.062500000000000000000000000000000000000000000000000
EMAT 7 163 7 0.020833333333333333333333333333333333333333333333333 
-0.020833333333333333333333333333333333333333333333333
EMAT 7 164 7 0.020833333333333333333333333333333333333333333333333 
-0.020833333333333333333333333333333333333333333333333
EMAT 7 165 7 0.020833333333333333333333333333333333333333333333333 
-0.020833333333333333333333333333333333333333333333333
EMAT 7 166 7 0.020833333333333333333333333333333333333333333333333 
-0.020833333333333333333333333333333333333333333333333
EMAT 7 167 7 -0.020833333333333333333333333333333333333333333333333 
0.020833333333333333333333333333333333333333333333333
EMAT 7 168 7 0.020833333333333333333333333333333333333333333333333 
-0.020833333333333333333333333333333333333333333333333
EMAT 7 169 7 0.020833333333333333333333333333333333333333333333333 
-0.020833333333333333333333333333333333333333333333333
EMAT 7 170 7 0.020833333333333333333333333333333333333333333333333 
-0.020833333333333333333333333333333333333333333333333
EMAT 7 171 7 0.020833333333333333333333333333333333333333333333333 
-0.020833333333333333333333333333333333333333333333333
EMAT 7 172 7 0.020833333333333333333333333333333333333333333333333 
-0.020833333333333333333333333333333333333333333333333
EMAT 7 173 7 -0.020833333333333333333333333333333333333333333333333 
0.020833333333333333333333333333333333333333333333333
EMAT 7 174 7 -0.020833333333333333333333333333333333333333333333333 
0.020833333333333333333333333333333333333333333333333
EMAT 7 185 21 -0.062500000000000000000000000000000000000000000000000 
-0.062500000000000000000000000000000000000000000000000
EMAT 7 186 21 0.062500000000000000000000000000000000000000000000000 
0.062500000000000000000000000000000000000000000000000
EMAT 7 187 21 -0.062500000000000000000000000000000000000000000000000 
-0.062500000000000000000000000000000000000000000000000
EMAT 7 188 21 0.062500000000000000000000000000000000000000000000000 
0.062500000000000000000000000000000000000000000000000
EMAT 8 2 1 -0.0089285714285714285714285714285714285714285714285714 
-0.0089285714285714285714285714285714285714285714285714
EMAT 8 3 1 -0.0089285714285714285714285714285714285714285714285714 
-0.0089285714285714285714285714285714285714285714285714
EMAT 8 4 1 -0.0089285714285714285714285714285714285714285714285714 
-0.0089285714285714285714285714285714285714285714285714
EMAT 8 5 1 -0.0089285714285714285714285714285714285714285714285714 
-0.0089285714285714285714285714285714285714285714285714
EMAT 8 6 1 -0.0089285714285714285714285714285714285714285714285714 
-0.0089285714285714285714285714285714285714285714285714
EMAT 8 7 1 -0.0089285714285714285714285714285714285714285714285714 
-0.0089285714285714285714285714285714285714285714285714
EMAT 8 8 1 -0.0089285714285714285714285714285714285714285714285714 
-0.0089285714285714285714285714285714285714285714285714
EMAT 8 9 1 -0.0089285714285714285714285714285714285714285714285714 
-0.0089285714285714285714285714285714285714285714285714
EMAT 8 10 1 -0.0089285714285714285714285714285714285714285714285714 
-0.0089285714285714285714285714285714285714285714285714
EMAT 8 11 1 -0.0089285714285714285714285714285714285714285714285714 
-0.0089285714285714285714285714285714285714285714285714
EMAT 8 12 1 -0.0089285714285714285714285714285714285714285714285714 
-0.0089285714285714285714285714285714285714285714285714
EMAT 8 13 1 -0.0089285714285714285714285714285714285714285714285714 
-0.0089285714285714285714285714285714285714285714285714
EMAT 8 14 1 -0.0089285714285714285714285714285714285714285714285714 
-0.0089285714285714285714285714285714285714285714285714
EMAT 8 15 1 -0.0089285714285714285714285714285714285714285714285714 
-0.0089285714285714285714285714285714285714285714285714
EMAT 8 16 1 -0.0089285714285714285714285714285714285714285714285714 
-0.0089285714285714285714285714285714285714285714285714
EMAT 8 17 1 -0.0089285714285714285714285714285714285714285714285714 
-0.0089285714285714285714285714285714285714285714285714
EMAT 8 18 1 -0.0089285714285714285714285714285714285714285714285714 
-0.0089285714285714285714285714285714285714285714285714
EMAT 8 19 1 -0.0089285714285714285714285714285714285714285714285714 
-0.0089285714285714285714285714285714285714285714285714
EMAT 8 20 1 -0.0089285714285714285714285714285714285714285714285714 
-0.0089285714285714285714285714285714285714285714285714
EMAT 8 21 1 -0.0089285714285714285714285714285714285714285714285714 
-0.0089285714285714285714285714285714285714285714285714
EMAT 8 22 1 -0.0089285714285714285714285714285714285714285714285714 
-0.0089285714285714285714285714285714285714285714285714
EMAT 8 23 1 -0.0089285714285714285714285714285714285714285714285714 
-0.0089285714285714285714285714285714285714285714285714
EMAT 8 24 1 -0.0089285714285714285714285714285714285714285714285714 
-0.0089285714285714285714285714285714285714285714285714
EMAT 8 25 1 -0.0089285714285714285714285714285714285714285714285714 
-0.0089285714285714285714285714285714285714285714285714
EMAT 8 26 1 -0.0089285714285714285714285714285714285714285714285714 
-0.0089285714285714285714285714285714285714285714285714
EMAT 8 27 1 -0.0089285714285714285714285714285714285714285714285714 
-0.0089285714285714285714285714285714285714285714285714
EMAT 8 28 1 -0.0089285714285714285714285714285714285714285714285714 
-0.0089285714285714285714285714285714285714285714285714
EMAT 8 29 1 -0.0089285714285714285714285714285714285714285714285714 
-0.0089285714285714285714285714285714285714285714285714
EMAT 8 30 1 -0.0089285714285714285714285714285714285714285714285714 
-0.0089285714285714285714285714285714285714285714285714
EMAT 8 31 1 -0.0089285714285714285714285714285714285714285714285714 
-0.0089285714285714285714285714285714285714285714285714
EMAT 8 32 1 -0.0089285714285714285714285714285714285714285714285714 
-0.0089285714285714285714285714285714285714285714285714
EMAT 8 33 1 -0.0089285714285714285714285714285714285714285714285714 
-0.0089285714285714285714285714285714285714285714285714
EMAT 8 34 1 -0.0089285714285714285714285714285714285714285714285714 
-0.0089285714285714285714285714285714285714285714285714
EMAT 8 35 1 -0.0089285714285714285714285714285714285714285714285714 
-0.0089285714285714285714285714285714285714285714285714
EMAT 8 36 1 -0.0089285714285714285714285714285714285714285714285714 
-0.0089285714285714285714285714285714285714285714285714
EMAT 8 37 1 -0.0089285714285714285714285714285714285714285714285714 
-0.0089285714285714285714285714285714285714285714285714
EMAT 8 38 1 -0.0089285714285714285714285714285714285714285714285714 
-0.0089285714285714285714285714285714285714285714285714
EMAT 8 39 1 -0.0089285714285714285714285714285714285714285714285714 
-0.0089285714285714285714285714285714285714285714285714
EMAT 8 40 1 -0.0089285714285714285714285714285714285714285714285714 
-0.0089285714285714285714285714285714285714285714285714
EMAT 8 41 1 -0.0089285714285714285714285714285714285714285714285714 
-0.0089285714285714285714285714285714285714285714285714
EMAT 8 42 1 -0.0089285714285714285714285714285714285714285714285714 
-0.0089285714285714285714285714285714285714285714285714
EMAT 8 43 1 -0.0089285714285714285714285714285714285714285714285714 
-0.0089285714285714285714285714285714285714285714285714
EMAT 8 44 1 -0.0089285714285714285714285714285714285714285714285714 
-0.0089285714285714285714285714285714285714285714285714
EMAT 8 45 1 -0.0089285714285714285714285714285714285714285714285714 
-0.0089285714285714285714285714285714285714285714285714
EMAT 8 46 1 -0.0089285714285714285714285714285714285714285714285714 
-0.0089285714285714285714285714285714285714285714285714
EMAT 8 47 1 -0.0089285714285714285714285714285714285714285714285714 
-0.0089285714285714285714285714285714285714285714285714
EMAT 8 48 1 -0.0089285714285714285714285714285714285714285714285714 
-0.0089285714285714285714285714285714285714285714285714
EMAT 8 49 1 -0.0089285714285714285714285714285714285714285714285714 
-0.0089285714285714285714285714285714285714285714285714
EMAT 8 50 1 -0.0089285714285714285714285714285714285714285714285714 
-0.0089285714285714285714285714285714285714285714285714
EMAT 8 51 1 -0.0089285714285714285714285714285714285714285714285714 
-0.0089285714285714285714285714285714285714285714285714
EMAT 8 52 1 -0.0089285714285714285714285714285714285714285714285714 
-0.0089285714285714285714285714285714285714285714285714
EMAT 8 53 1 -0.0089285714285714285714285714285714285714285714285714 
-0.0089285714285714285714285714285714285714285714285714
EMAT 8 54 1 -0.0089285714285714285714285714285714285714285714285714 
-0.0089285714285714285714285714285714285714285714285714
EMAT 8 55 1 -0.0089285714285714285714285714285714285714285714285714 
-0.0089285714285714285714285714285714285714285714285714
EMAT 8 56 1 -0.0089285714285714285714285714285714285714285714285714 
-0.0089285714285714285714285714285714285714285714285714
EMAT 8 57 1 -0.0089285714285714285714285714285714285714285714285714 
-0.0089285714285714285714285714285714285714285714285714
EMAT 8 58 1 -0.0089285714285714285714285714285714285714285714285714 
-0.0089285714285714285714285714285714285714285714285714
EMAT 8 59 1 -0.0089285714285714285714285714285714285714285714285714 
-0.0089285714285714285714285714285714285714285714285714
EMAT 8 60 1 -0.0089285714285714285714285714285714285714285714285714 
-0.0089285714285714285714285714285714285714285714285714
EMAT 8 61 1 -0.0089285714285714285714285714285714285714285714285714 
-0.0089285714285714285714285714285714285714285714285714
EMAT 8 62 1 -0.0089285714285714285714285714285714285714285714285714 
-0.0089285714285714285714285714285714285714285714285714
EMAT 8 63 1 -0.0089285714285714285714285714285714285714285714285714 
-0.0089285714285714285714285714285714285714285714285714
EMAT 8 64 1 -0.0089285714285714285714285714285714285714285714285714 
-0.0089285714285714285714285714285714285714285714285714
EMAT 8 65 1 -0.0089285714285714285714285714285714285714285714285714 
-0.0089285714285714285714285714285714285714285714285714
EMAT 8 66 1 -0.0089285714285714285714285714285714285714285714285714 
-0.0089285714285714285714285714285714285714285714285714
EMAT 8 67 1 -0.0089285714285714285714285714285714285714285714285714 
-0.0089285714285714285714285714285714285714285714285714
EMAT 8 68 1 -0.0089285714285714285714285714285714285714285714285714 
-0.0089285714285714285714285714285714285714285714285714
EMAT 8 69 1 -0.0089285714285714285714285714285714285714285714285714 
-0.0089285714285714285714285714285714285714285714285714
EMAT 8 70 1 -0.0089285714285714285714285714285714285714285714285714 
-0.0089285714285714285714285714285714285714285714285714
EMAT 8 71 1 -0.0089285714285714285714285714285714285714285714285714 
-0.0089285714285714285714285714285714285714285714285714
EMAT 8 72 1 -0.0089285714285714285714285714285714285714285714285714 
-0.0089285714285714285714285714285714285714285714285714
EMAT 8 73 1 -0.0089285714285714285714285714285714285714285714285714 
-0.0089285714285714285714285714285714285714285714285714
EMAT 8 74 1 -0.0089285714285714285714285714285714285714285714285714 
-0.0089285714285714285714285714285714285714285714285714
EMAT 8 75 1 -0.0089285714285714285714285714285714285714285714285714 
-0.0089285714285714285714285714285714285714285714285714
EMAT 8 76 1 -0.0089285714285714285714285714285714285714285714285714 
-0.0089285714285714285714285714285714285714285714285714
EMAT 8 77 1 -0.0089285714285714285714285714285714285714285714285714 
-0.0089285714285714285714285714285714285714285714285714
EMAT 8 78 1 -0.0089285714285714285714285714285714285714285714285714 
-0.0089285714285714285714285714285714285714285714285714
EMAT 8 79 1 -0.0089285714285714285714285714285714285714285714285714 
-0.0089285714285714285714285714285714285714285714285714
EMAT 8 80 1 -0.0089285714285714285714285714285714285714285714285714 
-0.0089285714285714285714285714285714285714285714285714
EMAT 8 81 1 -0.0089285714285714285714285714285714285714285714285714 
-0.0089285714285714285714285714285714285714285714285714
EMAT 8 82 1 -0.0089285714285714285714285714285714285714285714285714 
-0.0089285714285714285714285714285714285714285714285714
EMAT 8 83 1 -0.0089285714285714285714285714285714285714285714285714 
-0.0089285714285714285714285714285714285714285714285714
EMAT 8 84 1 -0.0089285714285714285714285714285714285714285714285714 
-0.0089285714285714285714285714285714285714285714285714
EMAT 8 85 1 -0.0089285714285714285714285714285714285714285714285714 
-0.0089285714285714285714285714285714285714285714285714
EMAT 8 107 3 0.0089285714285714285714285714285714285714285714285714 
-0.0089285714285714285714285714285714285714285714285714
EMAT 8 108 3 0.0089285714285714285714285714285714285714285714285714 
-0.0089285714285714285714285714285714285714285714285714
EMAT 8 109 3 0.0089285714285714285714285714285714285714285714285714 
-0.0089285714285714285714285714285714285714285714285714
EMAT 8 110 3 0.0089285714285714285714285714285714285714285714285714 
-0.0089285714285714285714285714285714285714285714285714
EMAT 8 111 3 0.0089285714285714285714285714285714285714285714285714 
-0.0089285714285714285714285714285714285714285714285714
EMAT 8 112 3 0.0089285714285714285714285714285714285714285714285714 
-0.0089285714285714285714285714285714285714285714285714
EMAT 8 113 3 0.0089285714285714285714285714285714285714285714285714 
-0.0089285714285714285714285714285714285714285714285714
EMAT 8 114 3 0.0089285714285714285714285714285714285714285714285714 
-0.0089285714285714285714285714285714285714285714285714
EMAT 8 115 3 0.0089285714285714285714285714285714285714285714285714 
-0.0089285714285714285714285714285714285714285714285714
EMAT 8 116 3 0.0089285714285714285714285714285714285714285714285714 
-0.0089285714285714285714285714285714285714285714285714
EMAT 8 117 3 0.0089285714285714285714285714285714285714285714285714 
-0.0089285714285714285714285714285714285714285714285714
EMAT 8 118 3 0.0089285714285714285714285714285714285714285714285714 
-0.0089285714285714285714285714285714285714285714285714
EMAT 8 119 3 0.0089285714285714285714285714285714285714285714285714 
-0.0089285714285714285714285714285714285714285714285714
EMAT 8 120 3 0.0089285714285714285714285714285714285714285714285714 
-0.0089285714285714285714285714285714285714285714285714
EMAT 8 121 3 0.0089285714285714285714285714285714285714285714285714 
-0.0089285714285714285714285714285714285714285714285714
EMAT 8 122 3 0.0089285714285714285714285714285714285714285714285714 
-0.0089285714285714285714285714285714285714285714285714
EMAT 8 123 3 0.0089285714285714285714285714285714285714285714285714 
-0.0089285714285714285714285714285714285714285714285714
EMAT 8 124 3 0.0089285714285714285714285714285714285714285714285714 
-0.0089285714285714285714285714285714285714285714285714
EMAT 8 125 3 0.0089285714285714285714285714285714285714285714285714 
-0.0089285714285714285714285714285714285714285714285714
EMAT 8 126 3 0.0089285714285714285714285714285714285714285714285714 
-0.0089285714285714285714285714285714285714285714285714
EMAT 8 127 3 0.0089285714285714285714285714285714285714285714285714 
-0.0089285714285714285714285714285714285714285714285714
EMAT 8 128 3 0.0089285714285714285714285714285714285714285714285714 
-0.0089285714285714285714285714285714285714285714285714
EMAT 8 129 3 0.0089285714285714285714285714285714285714285714285714 
-0.0089285714285714285714285714285714285714285714285714
EMAT 8 130 3 0.0089285714285714285714285714285714285714285714285714 
-0.0089285714285714285714285714285714285714285714285714
EMAT 8 131 3 0.0089285714285714285714285714285714285714285714285714 
-0.0089285714285714285714285714285714285714285714285714
EMAT 8 132 3 0.0089285714285714285714285714285714285714285714285714 
-0.0089285714285714285714285714285714285714285714285714
EMAT 8 133 3 0.0089285714285714285714285714285714285714285714285714 
-0.0089285714285714285714285714285714285714285714285714
EMAT 8 134 3 0.0089285714285714285714285714285714285714285714285714 
-0.0089285714285714285714285714285714285714285714285714
EMAT 8 163 7 -0.062500000000000000000000000000000000000000000000000 
0.062500000000000000000000000000000000000000000000000
EMAT 8 164 7 -0.062500000000000000000000000000000000000000000000000 
0.062500000000000000000000000000000000000000000000000
EMAT 8 165 7 -0.062500000000000000000000000000000000000000000000000 
0.062500000000000000000000000000000000000000000000000
EMAT 8 166 7 -0.062500000000000000000000000000000000000000000000000 
0.062500000000000000000000000000000000000000000000000
EMAT 8 167 7 0.062500000000000000000000000000000000000000000000000 
-0.062500000000000000000000000000000000000000000000000
EMAT 8 168 7 -0.062500000000000000000000000000000000000000000000000 
0.062500000000000000000000000000000000000000000000000
EMAT 8 169 7 -0.062500000000000000000000000000000000000000000000000 
0.062500000000000000000000000000000000000000000000000
EMAT 8 170 7 -0.062500000000000000000000000000000000000000000000000 
0.062500000000000000000000000000000000000000000000000
EMAT 8 171 7 -0.062500000000000000000000000000000000000000000000000 
0.062500000000000000000000000000000000000000000000000
EMAT 8 172 7 -0.062500000000000000000000000000000000000000000000000 
0.062500000000000000000000000000000000000000000000000
EMAT 8 173 7 0.062500000000000000000000000000000000000000000000000 
-0.062500000000000000000000000000000000000000000000000
EMAT 8 174 7 0.062500000000000000000000000000000000000000000000000 
-0.062500000000000000000000000000000000000000000000000
EMAT 8 185 21 -0.062500000000000000000000000000000000000000000000000 
-0.062500000000000000000000000000000000000000000000000
EMAT 8 186 21 0.062500000000000000000000000000000000000000000000000 
0.062500000000000000000000000000000000000000000000000
EMAT 8 187 21 -0.062500000000000000000000000000000000000000000000000 
-0.062500000000000000000000000000000000000000000000000
EMAT 8 188 21 0.062500000000000000000000000000000000000000000000000 
0.062500000000000000000000000000000000000000000000000
EMAT 9 2 1 -0.0069444444444444444444444444444444444444444444444444 
-0.0069444444444444444444444444444444444444444444444444
EMAT 9 3 1 -0.0069444444444444444444444444444444444444444444444444 
-0.0069444444444444444444444444444444444444444444444444
EMAT 9 4 1 -0.0069444444444444444444444444444444444444444444444444 
-0.0069444444444444444444444444444444444444444444444444
EMAT 9 5 1 -0.0069444444444444444444444444444444444444444444444444 
-0.0069444444444444444444444444444444444444444444444444
EMAT 9 6 1 -0.0069444444444444444444444444444444444444444444444444 
-0.0069444444444444444444444444444444444444444444444444
EMAT 9 7 1 -0.0069444444444444444444444444444444444444444444444444 
-0.0069444444444444444444444444444444444444444444444444
EMAT 9 8 1 -0.0069444444444444444444444444444444444444444444444444 
-0.0069444444444444444444444444444444444444444444444444
EMAT 9 9 1 -0.0069444444444444444444444444444444444444444444444444 
-0.0069444444444444444444444444444444444444444444444444
EMAT 9 10 1 -0.0069444444444444444444444444444444444444444444444444 
-0.0069444444444444444444444444444444444444444444444444
EMAT 9 11 1 -0.0069444444444444444444444444444444444444444444444444 
-0.0069444444444444444444444444444444444444444444444444
EMAT 9 12 1 -0.0069444444444444444444444444444444444444444444444444 
-0.0069444444444444444444444444444444444444444444444444
EMAT 9 13 1 -0.0069444444444444444444444444444444444444444444444444 
-0.0069444444444444444444444444444444444444444444444444
EMAT 9 14 1 -0.0069444444444444444444444444444444444444444444444444 
-0.0069444444444444444444444444444444444444444444444444
EMAT 9 15 1 -0.0069444444444444444444444444444444444444444444444444 
-0.0069444444444444444444444444444444444444444444444444
EMAT 9 16 1 -0.0069444444444444444444444444444444444444444444444444 
-0.0069444444444444444444444444444444444444444444444444
EMAT 9 17 1 -0.0069444444444444444444444444444444444444444444444444 
-0.0069444444444444444444444444444444444444444444444444
EMAT 9 18 1 -0.0069444444444444444444444444444444444444444444444444 
-0.0069444444444444444444444444444444444444444444444444
EMAT 9 19 1 -0.0069444444444444444444444444444444444444444444444444 
-0.0069444444444444444444444444444444444444444444444444
EMAT 9 20 1 -0.0069444444444444444444444444444444444444444444444444 
-0.0069444444444444444444444444444444444444444444444444
EMAT 9 21 1 -0.0069444444444444444444444444444444444444444444444444 
-0.0069444444444444444444444444444444444444444444444444
EMAT 9 22 1 -0.0069444444444444444444444444444444444444444444444444 
-0.0069444444444444444444444444444444444444444444444444
EMAT 9 23 1 -0.0069444444444444444444444444444444444444444444444444 
-0.0069444444444444444444444444444444444444444444444444
EMAT 9 24 1 -0.0069444444444444444444444444444444444444444444444444 
-0.0069444444444444444444444444444444444444444444444444
EMAT 9 25 1 -0.0069444444444444444444444444444444444444444444444444 
-0.0069444444444444444444444444444444444444444444444444
EMAT 9 26 1 -0.0069444444444444444444444444444444444444444444444444 
-0.0069444444444444444444444444444444444444444444444444
EMAT 9 27 1 -0.0069444444444444444444444444444444444444444444444444 
-0.0069444444444444444444444444444444444444444444444444
EMAT 9 28 1 -0.0069444444444444444444444444444444444444444444444444 
-0.0069444444444444444444444444444444444444444444444444
EMAT 9 29 1 -0.0069444444444444444444444444444444444444444444444444 
-0.0069444444444444444444444444444444444444444444444444
EMAT 9 30 1 -0.0069444444444444444444444444444444444444444444444444 
-0.0069444444444444444444444444444444444444444444444444
EMAT 9 31 1 -0.0069444444444444444444444444444444444444444444444444 
-0.0069444444444444444444444444444444444444444444444444
EMAT 9 32 1 -0.0069444444444444444444444444444444444444444444444444 
-0.0069444444444444444444444444444444444444444444444444
EMAT 9 33 1 -0.0069444444444444444444444444444444444444444444444444 
-0.0069444444444444444444444444444444444444444444444444
EMAT 9 34 1 -0.0069444444444444444444444444444444444444444444444444 
-0.0069444444444444444444444444444444444444444444444444
EMAT 9 35 1 -0.0069444444444444444444444444444444444444444444444444 
-0.0069444444444444444444444444444444444444444444444444
EMAT 9 36 1 -0.0069444444444444444444444444444444444444444444444444 
-0.0069444444444444444444444444444444444444444444444444
EMAT 9 37 1 -0.0069444444444444444444444444444444444444444444444444 
-0.0069444444444444444444444444444444444444444444444444
EMAT 9 38 1 -0.0069444444444444444444444444444444444444444444444444 
-0.0069444444444444444444444444444444444444444444444444
EMAT 9 39 1 -0.0069444444444444444444444444444444444444444444444444 
-0.0069444444444444444444444444444444444444444444444444
EMAT 9 40 1 -0.0069444444444444444444444444444444444444444444444444 
-0.0069444444444444444444444444444444444444444444444444
EMAT 9 41 1 -0.0069444444444444444444444444444444444444444444444444 
-0.0069444444444444444444444444444444444444444444444444
EMAT 9 42 1 -0.0069444444444444444444444444444444444444444444444444 
-0.0069444444444444444444444444444444444444444444444444
EMAT 9 43 1 -0.0069444444444444444444444444444444444444444444444444 
-0.0069444444444444444444444444444444444444444444444444
EMAT 9 44 1 -0.0069444444444444444444444444444444444444444444444444 
-0.0069444444444444444444444444444444444444444444444444
EMAT 9 45 1 -0.0069444444444444444444444444444444444444444444444444 
-0.0069444444444444444444444444444444444444444444444444
EMAT 9 46 1 -0.0069444444444444444444444444444444444444444444444444 
-0.0069444444444444444444444444444444444444444444444444
EMAT 9 47 1 -0.0069444444444444444444444444444444444444444444444444 
-0.0069444444444444444444444444444444444444444444444444
EMAT 9 48 1 -0.0069444444444444444444444444444444444444444444444444 
-0.0069444444444444444444444444444444444444444444444444
EMAT 9 49 1 -0.0069444444444444444444444444444444444444444444444444 
-0.0069444444444444444444444444444444444444444444444444
EMAT 9 50 1 -0.0069444444444444444444444444444444444444444444444444 
-0.0069444444444444444444444444444444444444444444444444
EMAT 9 51 1 -0.0069444444444444444444444444444444444444444444444444 
-0.0069444444444444444444444444444444444444444444444444
EMAT 9 52 1 -0.0069444444444444444444444444444444444444444444444444 
-0.0069444444444444444444444444444444444444444444444444
EMAT 9 53 1 -0.0069444444444444444444444444444444444444444444444444 
-0.0069444444444444444444444444444444444444444444444444
EMAT 9 54 1 -0.0069444444444444444444444444444444444444444444444444 
-0.0069444444444444444444444444444444444444444444444444
EMAT 9 55 1 -0.0069444444444444444444444444444444444444444444444444 
-0.0069444444444444444444444444444444444444444444444444
EMAT 9 56 1 -0.0069444444444444444444444444444444444444444444444444 
-0.0069444444444444444444444444444444444444444444444444
EMAT 9 57 1 -0.0069444444444444444444444444444444444444444444444444 
-0.0069444444444444444444444444444444444444444444444444
EMAT 9 58 1 -0.0069444444444444444444444444444444444444444444444444 
-0.0069444444444444444444444444444444444444444444444444
EMAT 9 59 1 -0.0069444444444444444444444444444444444444444444444444 
-0.0069444444444444444444444444444444444444444444444444
EMAT 9 60 1 -0.0069444444444444444444444444444444444444444444444444 
-0.0069444444444444444444444444444444444444444444444444
EMAT 9 61 1 -0.0069444444444444444444444444444444444444444444444444 
-0.0069444444444444444444444444444444444444444444444444
EMAT 9 62 1 -0.0069444444444444444444444444444444444444444444444444 
-0.0069444444444444444444444444444444444444444444444444
EMAT 9 63 1 -0.0069444444444444444444444444444444444444444444444444 
-0.0069444444444444444444444444444444444444444444444444
EMAT 9 64 1 -0.0069444444444444444444444444444444444444444444444444 
-0.0069444444444444444444444444444444444444444444444444
EMAT 9 65 1 -0.0069444444444444444444444444444444444444444444444444 
-0.0069444444444444444444444444444444444444444444444444
EMAT 9 66 1 -0.0069444444444444444444444444444444444444444444444444 
-0.0069444444444444444444444444444444444444444444444444
EMAT 9 67 1 -0.0069444444444444444444444444444444444444444444444444 
-0.0069444444444444444444444444444444444444444444444444
EMAT 9 68 1 -0.0069444444444444444444444444444444444444444444444444 
-0.0069444444444444444444444444444444444444444444444444
EMAT 9 69 1 -0.0069444444444444444444444444444444444444444444444444 
-0.0069444444444444444444444444444444444444444444444444
EMAT 9 70 1 -0.0069444444444444444444444444444444444444444444444444 
-0.0069444444444444444444444444444444444444444444444444
EMAT 9 71 1 -0.0069444444444444444444444444444444444444444444444444 
-0.0069444444444444444444444444444444444444444444444444
EMAT 9 72 1 -0.0069444444444444444444444444444444444444444444444444 
-0.0069444444444444444444444444444444444444444444444444
EMAT 9 73 1 -0.0069444444444444444444444444444444444444444444444444 
-0.0069444444444444444444444444444444444444444444444444
EMAT 9 74 1 -0.0069444444444444444444444444444444444444444444444444 
-0.0069444444444444444444444444444444444444444444444444
EMAT 9 75 1 -0.0069444444444444444444444444444444444444444444444444 
-0.0069444444444444444444444444444444444444444444444444
EMAT 9 76 1 -0.0069444444444444444444444444444444444444444444444444 
-0.0069444444444444444444444444444444444444444444444444
EMAT 9 77 1 -0.0069444444444444444444444444444444444444444444444444 
-0.0069444444444444444444444444444444444444444444444444
EMAT 9 78 1 -0.0069444444444444444444444444444444444444444444444444 
-0.0069444444444444444444444444444444444444444444444444
EMAT 9 79 1 -0.0069444444444444444444444444444444444444444444444444 
-0.0069444444444444444444444444444444444444444444444444
EMAT 9 80 1 -0.0069444444444444444444444444444444444444444444444444 
-0.0069444444444444444444444444444444444444444444444444
EMAT 9 81 1 -0.0069444444444444444444444444444444444444444444444444 
-0.0069444444444444444444444444444444444444444444444444
EMAT 9 82 1 -0.0069444444444444444444444444444444444444444444444444 
-0.0069444444444444444444444444444444444444444444444444
EMAT 9 83 1 -0.0069444444444444444444444444444444444444444444444444 
-0.0069444444444444444444444444444444444444444444444444
EMAT 9 84 1 -0.0069444444444444444444444444444444444444444444444444 
-0.0069444444444444444444444444444444444444444444444444
EMAT 9 85 1 -0.0069444444444444444444444444444444444444444444444444 
-0.0069444444444444444444444444444444444444444444444444
EMAT 9 107 3 0.062500000000000000000000000000000000000000000000000 
-0.062500000000000000000000000000000000000000000000000
EMAT 9 108 3 0.062500000000000000000000000000000000000000000000000 
-0.062500000000000000000000000000000000000000000000000
EMAT 9 109 3 0.062500000000000000000000000000000000000000000000000 
-0.062500000000000000000000000000000000000000000000000
EMAT 9 110 3 0.062500000000000000000000000000000000000000000000000 
-0.062500000000000000000000000000000000000000000000000
EMAT 9 111 3 0.062500000000000000000000000000000000000000000000000 
-0.062500000000000000000000000000000000000000000000000
EMAT 9 112 3 0.062500000000000000000000000000000000000000000000000 
-0.062500000000000000000000000000000000000000000000000
EMAT 9 113 3 0.062500000000000000000000000000000000000000000000000 
-0.062500000000000000000000000000000000000000000000000
EMAT 9 114 3 0.062500000000000000000000000000000000000000000000000 
-0.062500000000000000000000000000000000000000000000000
EMAT 9 115 3 0.062500000000000000000000000000000000000000000000000 
-0.062500000000000000000000000000000000000000000000000
EMAT 9 116 3 0.062500000000000000000000000000000000000000000000000 
-0.062500000000000000000000000000000000000000000000000
EMAT 9 117 3 0.062500000000000000000000000000000000000000000000000 
-0.062500000000000000000000000000000000000000000000000
EMAT 9 118 3 0.062500000000000000000000000000000000000000000000000 
-0.062500000000000000000000000000000000000000000000000
EMAT 9 119 3 0.062500000000000000000000000000000000000000000000000 
-0.062500000000000000000000000000000000000000000000000
EMAT 9 120 3 0.062500000000000000000000000000000000000000000000000 
-0.062500000000000000000000000000000000000000000000000
EMAT 9 121 3 0.062500000000000000000000000000000000000000000000000 
-0.062500000000000000000000000000000000000000000000000
EMAT 9 122 3 0.062500000000000000000000000000000000000000000000000 
-0.062500000000000000000000000000000000000000000000000
EMAT 9 123 3 0.062500000000000000000000000000000000000000000000000 
-0.062500000000000000000000000000000000000000000000000
EMAT 9 124 3 0.062500000000000000000000000000000000000000000000000 
-0.062500000000000000000000000000000000000000000000000
EMAT 9 125 3 0.062500000000000000000000000000000000000000000000000 
-0.062500000000000000000000000000000000000000000000000
EMAT 9 126 3 0.062500000000000000000000000000000000000000000000000 
-0.062500000000000000000000000000000000000000000000000
EMAT 9 127 3 0.062500000000000000000000000000000000000000000000000 
-0.062500000000000000000000000000000000000000000000000
EMAT 9 128 3 0.062500000000000000000000000000000000000000000000000 
-0.062500000000000000000000000000000000000000000000000
EMAT 9 129 3 0.062500000000000000000000000000000000000000000000000 
-0.062500000000000000000000000000000000000000000000000
EMAT 9 130 3 0.062500000000000000000000000000000000000000000000000 
-0.062500000000000000000000000000000000000000000000000
EMAT 9 131 3 0.062500000000000000000000000000000000000000000000000 
-0.062500000000000000000000000000000000000000000000000
EMAT 9 132 3 0.062500000000000000000000000000000000000000000000000 
-0.062500000000000000000000000000000000000000000000000
EMAT 9 133 3 0.062500000000000000000000000000000000000000000000000 
-0.062500000000000000000000000000000000000000000000000
EMAT 9 134 3 0.062500000000000000000000000000000000000000000000000 
-0.062500000000000000000000000000000000000000000000000
EMAT 9 135 4 -0.11111111111111111111111111111111111111111111111111 
-2.1914150566624786008752596256472669279535589204470E-80
EMAT 9 136 4 6.2095027792553587581925690603654821049993000223870E-81 
0.11111111111111111111111111111111111111111111111111
EMAT 9 137 4 -0.11111111111111111111111111111111111111111111111111 
-1.5082147427243249520511115839522541778837218248506E-81
EMAT 9 138 4 6.9378836468642647519531540165852174220234062147508E-80 
0.11111111111111111111111111111111111111111111111111
EMAT 9 139 4 -0.11111111111111111111111111111111111111111111111111 
1.2964240423110860094610558549013469898498444217039E-81
EMAT 9 140 4 -4.6873488464157808327346642264504494919628115229688E-80 
0.11111111111111111111111111111111111111111111111111
EMAT 9 141 4 -0.11111111111111111111111111111111111111111111111111 
-1.3319603199612108038636210634026057154081421699984E-80
EMAT 9 142 4 -8.4199249851309496406238043780362900283261994547244E-81 
0.11111111111111111111111111111111111111111111111111
EMAT 9 143 4 -0.11111111111111111111111111111111111111111111111111 
-1.6147383726251146513314161488173766557651297684003E-79
EMAT 9 144 4 -3.7430803166680029730055992055081498400743437890328E-80 
0.11111111111111111111111111111111111111111111111111
EMAT 9 145 4 -0.11111111111111111111111111111111111111111111111111 
-1.3708198296409045841517561766678330861003094492075E-80
EMAT 9 146 4 5.0196167754844945560007592293963241025729957642912E-79 
0.11111111111111111111111111111111111111111111111111
EMAT 9 147 4 -0.11111111111111111111111111111111111111111111111111 
-3.1407550464728193683414621302008764982834138345355E-79
EMAT 9 148 4 -3.6333283408939981554251740012530501552599146184505E-80 
0.11111111111111111111111111111111111111111111111111
EMAT 9 149 4 -0.11111111111111111111111111111111111111111111111111 
6.6214160949386670914157782589600607094924504779224E-79
EMAT 9 150 4 7.1467038243085226874804585218634466919376501768334E-80 
0.11111111111111111111111111111111111111111111111111
EMAT 9 151 4 -0.11111111111111111111111111111111111111111111111111 
7.4838630934764384447542307703679938414118874523207E-79
EMAT 9 152 4 3.9603614169166212416819146108208350732429903370919E-79 
0.11111111111111111111111111111111111111111111111111
EMAT 9 153 4 -0.11111111111111111111111111111111111111111111111111 
-5.4301264253510557740114570426326719436322148806447E-79
EMAT 9 154 4 1.5311927137650126696150575475981779325517600385618E-78 
0.11111111111111111111111111111111111111111111111111
EMAT 9 155 4 -0.11111111111111111111111111111111111111111111111111 
-2.6451012927737576702768592928814553405839942905231E-79
EMAT 9 163 7 0.0069444444444444444444444444444444444444444444444444 
-0.0069444444444444444444444444444444444444444444444444
EMAT 9 164 7 0.0069444444444444444444444444444444444444444444444444 
-0.0069444444444444444444444444444444444444444444444444
EMAT 9 165 7 0.0069444444444444444444444444444444444444444444444444 
-0.0069444444444444444444444444444444444444444444444444
EMAT 9 166 7 0.0069444444444444444444444444444444444444444444444444 
-0.0069444444444444444444444444444444444444444444444444
EMAT 9 167 7 -0.0069444444444444444444444444444444444444444444444444 
0.0069444444444444444444444444444444444444444444444444
EMAT 9 168 7 0.0069444444444444444444444444444444444444444444444444 
-0.0069444444444444444444444444444444444444444444444444
EMAT 9 169 7 0.0069444444444444444444444444444444444444444444444444 
-0.0069444444444444444444444444444444444444444444444444
EMAT 9 170 7 0.0069444444444444444444444444444444444444444444444444 
-0.0069444444444444444444444444444444444444444444444444
EMAT 9 171 7 0.0069444444444444444444444444444444444444444444444444 
-0.0069444444444444444444444444444444444444444444444444
EMAT 9 172 7 0.0069444444444444444444444444444444444444444444444444 
-0.0069444444444444444444444444444444444444444444444444
EMAT 9 173 7 -0.0069444444444444444444444444444444444444444444444444 
0.0069444444444444444444444444444444444444444444444444
EMAT 9 174 7 -0.0069444444444444444444444444444444444444444444444444 
0.0069444444444444444444444444444444444444444444444444
EMAT 9 185 21 0.062500000000000000000000000000000000000000000000000 
0.062500000000000000000000000000000000000000000000000
EMAT 9 186 21 -0.062500000000000000000000000000000000000000000000000 
-0.062500000000000000000000000000000000000000000000000
EMAT 9 187 21 0.062500000000000000000000000000000000000000000000000 
0.062500000000000000000000000000000000000000000000000
EMAT 9 188 21 -0.062500000000000000000000000000000000000000000000000 
-0.062500000000000000000000000000000000000000000000000
EMAT 9 189 28 -0.11111111111111111111111111111111111111111111111111 
-4.4780017990929635797745191652767532573458858039929E-80
EMAT 9 190 28 -5.3249496207935238948995004024402941249317634943519E-79 
-0.11111111111111111111111111111111111111111111111111
EMAT 9 191 28 0.11111111111111111111111111111111111111111111111111 
3.5024188345409633015128770375307299046096327811261E-79
EMAT 10 1 84 1.0000000000000000000000000000000000000000000000000 
-4.2780821262099608250996219407291820399586937010565E-80
EMAT 10 135 4 0.14285714285714285714285714285714285714285714285714 
4.5965760655379627144149188170075957566083385048182E-81
EMAT 10 136 4 1.7557276984888666857838874030442857445577411780417E-80 
-0.14285714285714285714285714285714285714285714285714
EMAT 10 137 4 0.14285714285714285714285714285714285714285714285714 
-3.6538632922242371197716259450926931479192726568016E-80
EMAT 10 138 4 -1.1591088612004730690368493555836125164678780282423E-79 
-0.14285714285714285714285714285714285714285714285714
EMAT 10 139 4 0.14285714285714285714285714285714285714285714285714 
2.5460972442913773404714288373989991336342587773659E-80
EMAT 10 140 4 1.2269311083444035749155229346603500383508952098353E-79 
-0.14285714285714285714285714285714285714285714285714
EMAT 10 141 4 0.14285714285714285714285714285714285714285714285714 
9.5678350449584405582779738955676884214208140563995E-80
EMAT 10 142 4 2.2134631134660633387383212319412445260417559230160E-79 
-0.14285714285714285714285714285714285714285714285714
EMAT 10 143 4 0.14285714285714285714285714285714285714285714285714 
-3.1509050598544474402455329957211287909675462759247E-81
EMAT 10 144 4 -3.7135692143342912411254252176976561115010938241259E-79 
-0.14285714285714285714285714285714285714285714285714
EMAT 10 145 4 0.14285714285714285714285714285714285714285714285714 
3.4777544261024723615416632710512404487316367999900E-79
EMAT 10 146 4 -1.9486545740221293045257060961393849719742380449345E-79 
-0.14285714285714285714285714285714285714285714285714
EMAT 10 147 4 0.14285714285714285714285714285714285714285714285714 
7.0376283730066725144192631717838844395798930923322E-79
EMAT 10 148 4 -2.5715036263679099180347532973296543051257783409107E-79 
-0.14285714285714285714285714285714285714285714285714
EMAT 10 149 4 0.14285714285714285714285714285714285714285714285714 
-1.4168891085398859808511357121853190368646849001445E-79
EMAT 10 150 4 -2.0984123058043260207876824258590404689745112336045E-79 
-0.14285714285714285714285714285714285714285714285714
EMAT 10 151 4 0.14285714285714285714285714285714285714285714285714 
-4.1300121435681146343337407273456610186184046219565E-80
EMAT 10 152 4 2.8112814901786421409967595709750365009849016217417E-79 
-0.14285714285714285714285714285714285714285714285714
EMAT 10 153 4 0.14285714285714285714285714285714285714285714285714 
6.7191323969850344680556342541544440708379120031029E-79
EMAT 10 154 4 1.1038331537016828083454768344312982248136059509860E-79 
-0.14285714285714285714285714285714285714285714285714
EMAT 10 155 4 0.14285714285714285714285714285714285714285714285714 
-1.2800262403474135853978536345621836681743431031263E-78
EMAT 10 175 12 0.14285714285714285714285714285714285714285714285714 
1.2106654605197305566077871232859835877129893385560E-79
EMAT 10 176 12 -0.14285714285714285714285714285714285714285714285714 
4.5976528307859947116817590227455931499689739517818E-79
EMAT 10 177 12 2.7376493756580120960046768249977118122759263337115E-80 
-0.14285714285714285714285714285714285714285714285714
EMAT 10 178 12 -7.6900373021487530751512412782038206266838380290464E-81 
-0.14285714285714285714285714285714285714285714285714
EMAT 10 179 12 0.14285714285714285714285714285714285714285714285714 
-4.5545998459901867306125410235687390912371662022771E-79
EMAT 10 180 12 -0.14285714285714285714285714285714285714285714285714 
-1.5639258676925674205243579552654907014934330608301E-79
EMAT 10 181 12 1.8838547024720646699393065048049244599457888157876E-79 
-0.14285714285714285714285714285714285714285714285714
EMAT 10 189 28 -1.0000000000000000000000000000000000000000000000000 
-5.0647503472004995829351632084751503124568172608894E-78
EMAT 10 190 28 1.4627854192871031459868993587743577069074276430618E-77 
-1.0000000000000000000000000000000000000000000000000
EMAT 10 191 28 1.0000000000000000000000000000000000000000000000000 
-3.1189041018378172760939142797349039206154197608167E-77
EMAT 11 1 84 1.0000000000000000000000000000000000000000000000000 
4.0814020496589087216522206391583882597102946662962E-82
EMAT 11 135 4 0.047619047619047619047619047619047619047619047619047 
2.1954522930074456559453993654599831318783388657574E-81
EMAT 11 136 4 -3.2942155319272361424352381165446558681624639595026E-83 
-0.047619047619047619047619047619047619047619047619047
EMAT 11 137 4 0.047619047619047619047619047619047619047619047619047 
-4.4842106455988768447486674845494781941915960585041E-81
EMAT 11 138 4 -2.4278944109773764513829880776768761698353381640632E-80 
-0.047619047619047619047619047619047619047619047619047
EMAT 11 139 4 0.047619047619047619047619047619047619047619047619047 
9.9895590981793854676615979985142189059274956119052E-81
EMAT 11 140 4 4.2751983343331222646583585261791507390752665779154E-80 
-0.047619047619047619047619047619047619047619047619047
EMAT 11 141 4 0.047619047619047619047619047619047619047619047619047 
2.3668657041305519292430985138125734890867079125156E-80
EMAT 11 142 4 7.4896069116919236781592671290925479309410236624033E-80 
-0.047619047619047619047619047619047619047619047619047
EMAT 11 143 4 0.047619047619047619047619047619047619047619047619047 
1.2575710931605744987772515220925737528868699103220E-79
EMAT 11 144 4 -1.1493419773109410292265797319281939291883638565723E-79 
-0.047619047619047619047619047619047619047619047619047
EMAT 11 145 4 0.047619047619047619047619047619047619047619047619047 
7.6242343246449614976174228025181334075727455088368E-81
EMAT 11 146 4 -8.8804729670241485537003082559431209779440124404202E-80 
-0.047619047619047619047619047619047619047619047619047
EMAT 11 147 4 0.047619047619047619047619047619047619047619047619047 
1.7227981267829231569681208525757025363764361347458E-79
EMAT 11 148 4 -1.9239477270305730747621650890225902415793653005955E-80 
-0.047619047619047619047619047619047619047619047619047
EMAT 11 149 4 0.047619047619047619047619047619047619047619047619047 
-1.9731806964473389861375003645583766614472850869833E-79
EMAT 11 150 4 6.3155846335258988132581162642223807278059225428703E-82 
-0.047619047619047619047619047619047619047619047619047
EMAT 11 151 4 0.047619047619047619047619047619047619047619047619047 
-2.0830277479827515896956538806489088894110274757227E-79
EMAT 11 152 4 -1.5293157182045280342688915992346658349520840825871E-79 
-0.047619047619047619047619047619047619047619047619047
EMAT 11 153 4 0.047619047619047619047619047619047619047619047619047 
2.4165591713663241523054045633895011818072313302803E-79
EMAT 11 154 4 -1.5393860757071231900267421279175110223591065430816E-80 
-0.047619047619047619047619047619047619047619047619047
EMAT 11 155 4 0.047619047619047619047619047619047619047619047619047 
-6.6972460201077441077007302807963488672009482364546E-79
EMAT 11 175 12 0.14285714285714285714285714285714285714285714285714 
1.7422898367278444886937635291843473619648154004013E-79
EMAT 11 176 12 -0.14285714285714285714285714285714285714285714285714 
6.1386814285101321241692104893416402271474623274373E-79
EMAT 11 177 12 1.6568160133086990213177695802331470901712522445195E-79 
-0.14285714285714285714285714285714285714285714285714
EMAT 11 178 12 1.8220247968818487726441092651267897520397448355471E-80 
-0.14285714285714285714285714285714285714285714285714
EMAT 11 179 12 0.14285714285714285714285714285714285714285714285714 
-4.5851438000967276753260312008538309217410397859540E-79
EMAT 11 180 12 -0.14285714285714285714285714285714285714285714285714 
1.0735781732776944492194173976169165320356764514478E-79
EMAT 11 181 12 5.4987772607034642048363046534582108889168087842094E-80 
-0.14285714285714285714285714285714285714285714285714
EMAT 11 189 28 -0.33333333333333333333333333333333333333333333333333 
-1.3557634472514098203943573825192717480129903486204E-78
EMAT 11 190 28 -9.8520795851582960597340072373753817429801212728052E-79 
-0.33333333333333333333333333333333333333333333333333
EMAT 11 191 28 0.33333333333333333333333333333333333333333333333333 
-1.3528994652146264045264757716027131243894189618435E-78
EMAT 12 1 84 1.0000000000000000000000000000000000000000000000000 
-7.3027175013797175883602318177630815478355285922417E-81
EMAT 12 107 3 -0.50000000000000000000000000000000000000000000000000 
0.50000000000000000000000000000000000000000000000000
EMAT 12 108 3 -0.50000000000000000000000000000000000000000000000000 
0.50000000000000000000000000000000000000000000000000
EMAT 12 109 3 -0.50000000000000000000000000000000000000000000000000 
0.50000000000000000000000000000000000000000000000000
EMAT 12 110 3 -0.50000000000000000000000000000000000000000000000000 
0.50000000000000000000000000000000000000000000000000
EMAT 12 111 3 -0.50000000000000000000000000000000000000000000000000 
0.50000000000000000000000000000000000000000000000000
EMAT 12 112 3 -0.50000000000000000000000000000000000000000000000000 
0.50000000000000000000000000000000000000000000000000
EMAT 12 113 3 -0.50000000000000000000000000000000000000000000000000 
0.50000000000000000000000000000000000000000000000000
EMAT 12 114 3 -0.50000000000000000000000000000000000000000000000000 
0.50000000000000000000000000000000000000000000000000
EMAT 12 115 3 -0.50000000000000000000000000000000000000000000000000 
0.50000000000000000000000000000000000000000000000000
EMAT 12 116 3 -0.50000000000000000000000000000000000000000000000000 
0.50000000000000000000000000000000000000000000000000
EMAT 12 117 3 -0.50000000000000000000000000000000000000000000000000 
0.50000000000000000000000000000000000000000000000000
EMAT 12 118 3 -0.50000000000000000000000000000000000000000000000000 
0.50000000000000000000000000000000000000000000000000
EMAT 12 119 3 -0.50000000000000000000000000000000000000000000000000 
0.50000000000000000000000000000000000000000000000000
EMAT 12 120 3 -0.50000000000000000000000000000000000000000000000000 
0.50000000000000000000000000000000000000000000000000
EMAT 12 121 3 -0.50000000000000000000000000000000000000000000000000 
0.50000000000000000000000000000000000000000000000000
EMAT 12 122 3 -0.50000000000000000000000000000000000000000000000000 
0.50000000000000000000000000000000000000000000000000
EMAT 12 123 3 -0.50000000000000000000000000000000000000000000000000 
0.50000000000000000000000000000000000000000000000000
EMAT 12 124 3 -0.50000000000000000000000000000000000000000000000000 
0.50000000000000000000000000000000000000000000000000
EMAT 12 125 3 -0.50000000000000000000000000000000000000000000000000 
0.50000000000000000000000000000000000000000000000000
EMAT 12 126 3 -0.50000000000000000000000000000000000000000000000000 
0.50000000000000000000000000000000000000000000000000
EMAT 12 127 3 -0.50000000000000000000000000000000000000000000000000 
0.50000000000000000000000000000000000000000000000000
EMAT 12 128 3 -0.50000000000000000000000000000000000000000000000000 
0.50000000000000000000000000000000000000000000000000
EMAT 12 129 3 -0.50000000000000000000000000000000000000000000000000 
0.50000000000000000000000000000000000000000000000000
EMAT 12 130 3 -0.50000000000000000000000000000000000000000000000000 
0.50000000000000000000000000000000000000000000000000
EMAT 12 131 3 -0.50000000000000000000000000000000000000000000000000 
0.50000000000000000000000000000000000000000000000000
EMAT 12 132 3 -0.50000000000000000000000000000000000000000000000000 
0.50000000000000000000000000000000000000000000000000
EMAT 12 133 3 -0.50000000000000000000000000000000000000000000000000 
0.50000000000000000000000000000000000000000000000000
EMAT 12 134 3 -0.50000000000000000000000000000000000000000000000000 
0.50000000000000000000000000000000000000000000000000
EMAT 12 135 4 1.0000000000000000000000000000000000000000000000000 
1.3062397637815796128416069437464486651381496702136E-79
EMAT 12 136 4 -2.3136392773794675002534347666868222058239497993120E-79 
-1.0000000000000000000000000000000000000000000000000
EMAT 12 137 4 1.0000000000000000000000000000000000000000000000000 
-3.1101579698535667922955687493182486730761783323363E-79
EMAT 12 138 4 -1.7835731628669488192705815890471550986938463676314E-78 
-1.0000000000000000000000000000000000000000000000000
EMAT 12 139 4 1.0000000000000000000000000000000000000000000000000 
1.0678399828666741232231698425785706465481677347081E-81
EMAT 12 140 4 2.7576218065942879004060706899112024580329988549109E-78 
-1.0000000000000000000000000000000000000000000000000
EMAT 12 141 4 1.0000000000000000000000000000000000000000000000000 
1.3452647060363480449757406069399283024333941839210E-79
EMAT 12 142 4 5.4769724770116846076873998359519003352375071598042E-78 
-1.0000000000000000000000000000000000000000000000000
EMAT 12 143 4 1.0000000000000000000000000000000000000000000000000 
-1.7803209516176557643627668632624962730352749042810E-79
EMAT 12 144 4 -5.7599603881678788412392485020216352926845479078967E-79 
-1.0000000000000000000000000000000000000000000000000
EMAT 12 145 4 1.0000000000000000000000000000000000000000000000000 
-3.0261315376565560122574132145047486945694191414176E-78
EMAT 12 146 4 -6.2078467048065335503838836499641670918288463780533E-78 
-1.0000000000000000000000000000000000000000000000000
EMAT 12 147 4 1.0000000000000000000000000000000000000000000000000 
6.5669822918329180393827589855455610192292486672203E-78
EMAT 12 148 4 -6.0694008903244456276977360331640288286292929002934E-78 
-1.0000000000000000000000000000000000000000000000000
EMAT 12 149 4 1.0000000000000000000000000000000000000000000000000 
-1.0548730389262650802442877264425211689263222624547E-78
EMAT 12 150 4 1.3755902267467912230657019119321716876821688050121E-78 
-1.0000000000000000000000000000000000000000000000000
EMAT 12 151 4 1.0000000000000000000000000000000000000000000000000 
-8.7729522184868144721668275121075703085121252161964E-78
EMAT 12 152 4 -9.6761702691385844253509309607149449233317203683387E-78 
-1.0000000000000000000000000000000000000000000000000
EMAT 12 153 4 1.0000000000000000000000000000000000000000000000000 
5.5749833623661888417356706532427520536590171699598E-78
EMAT 12 154 4 -4.7782979963445277834511577183997635862708491332134E-78 
-1.0000000000000000000000000000000000000000000000000
EMAT 12 155 4 1.0000000000000000000000000000000000000000000000000 
-2.2123617760787362807184555674997422808456708858137E-77
EMAT 12 175 12 -1.0000000000000000000000000000000000000000000000000 
-4.1287620584741228574989323307184604778524837345111E-78
EMAT 12 176 12 1.0000000000000000000000000000000000000000000000000 
-1.0205585301156725106523871242311587177719610177496E-77
EMAT 12 177 12 -6.8112063574838209384147202993668107612864231594483E-78 
1.0000000000000000000000000000000000000000000000000
EMAT 12 178 12 -3.5785634041217025179388514937581556852817134177997E-78 
1.0000000000000000000000000000000000000000000000000
EMAT 12 179 12 -1.0000000000000000000000000000000000000000000000000 
1.4475308562687809609198988470917654771894883273166E-77
EMAT 12 180 12 1.0000000000000000000000000000000000000000000000000 
4.6242448834839641575849481223407845734367988355725E-78
EMAT 12 181 12 -1.0257530009296560203139610162679600936901700240553E-78 
1.0000000000000000000000000000000000000000000000000
EMAT 12 185 21 -0.50000000000000000000000000000000000000000000000000 
-0.50000000000000000000000000000000000000000000000000
EMAT 12 186 21 0.50000000000000000000000000000000000000000000000000 
0.50000000000000000000000000000000000000000000000000
EMAT 12 187 21 -0.50000000000000000000000000000000000000000000000000 
-0.50000000000000000000000000000000000000000000000000
EMAT 12 188 21 0.50000000000000000000000000000000000000000000000000 
0.50000000000000000000000000000000000000000000000000
EMAT 12 189 28 1.0000000000000000000000000000000000000000000000000 
1.1567975616346871593593084271915643269657644795742E-77
EMAT 12 190 28 1.6031222930616453360141759751396794214479135742504E-77 
1.0000000000000000000000000000000000000000000000000
EMAT 12 191 28 -1.0000000000000000000000000000000000000000000000000 
6.7783459855137662583040278276933395689334727569817E-78
EMAT 13 1 84 1.0000000000000000000000000000000000000000000000000 
-2.5082098934216642753113847223753254299441983498172E-80
EMAT 13 135 4 0.14285714285714285714285714285714285714285714285714 
5.3129723560573393991469877317615217894900130780375E-81
EMAT 13 136 4 -1.6053062440424900937381109103707532840765022110284E-80 
-0.14285714285714285714285714285714285714285714285714
EMAT 13 137 4 0.14285714285714285714285714285714285714285714285714 
-1.7062093931137903919242130133717322544772200581409E-80
EMAT 13 138 4 8.4252229131413137212830104524962050018268759159906E-80 
-0.14285714285714285714285714285714285714285714285714
EMAT 13 139 4 0.14285714285714285714285714285714285714285714285714 
1.2416654631900225641001835435136096547283109150922E-80
EMAT 13 140 4 -5.8190705747652290171268331583671078185969415978855E-80 
-0.14285714285714285714285714285714285714285714285714
EMAT 13 141 4 0.14285714285714285714285714285714285714285714285714 
2.4118006432138146269641569975427066532910833008465E-80
EMAT 13 142 4 -3.0952072431471833385829228028136058906297113793058E-79 
-0.14285714285714285714285714285714285714285714285714
EMAT 13 143 4 0.14285714285714285714285714285714285714285714285714 
-5.5363708701128565321378617874854549684843221293729E-80
EMAT 13 144 4 -1.7206929521842637073227720566727661304977950502035E-79 
-0.14285714285714285714285714285714285714285714285714
EMAT 13 145 4 0.14285714285714285714285714285714285714285714285714 
3.2875504930998957744295219648310896950871128907271E-80
EMAT 13 146 4 1.7348100140863361434445965810545688006010567275358E-79 
-0.14285714285714285714285714285714285714285714285714
EMAT 13 147 4 0.14285714285714285714285714285714285714285714285714 
3.8687483655421473270363896763691412240491001404717E-80
EMAT 13 148 4 3.9265561164114254747594245493551338238538299062567E-80 
-0.14285714285714285714285714285714285714285714285714
EMAT 13 149 4 0.14285714285714285714285714285714285714285714285714 
-1.2533437409751127778545628978741236594611319088804E-79
EMAT 13 150 4 8.7960538094044649240142292243706363298644606129965E-80 
-0.14285714285714285714285714285714285714285714285714
EMAT 13 151 4 0.14285714285714285714285714285714285714285714285714 
2.5920251785913778670890164736587940895600928338702E-79
EMAT 13 152 4 5.4265918924510961376030692082856058569688968016695E-79 
-0.14285714285714285714285714285714285714285714285714
EMAT 13 153 4 0.14285714285714285714285714285714285714285714285714 
2.8927196266766947027268879308971054590495391108212E-79
EMAT 13 154 4 1.0670513639635755977393033223088005923533246800119E-79 
-0.14285714285714285714285714285714285714285714285714
EMAT 13 155 4 0.14285714285714285714285714285714285714285714285714 
-2.9983243896194187355653930168269939777327551615232E-79
EMAT 13 175 12 0.14285714285714285714285714285714285714285714285714 
-2.0958343419772926558378408221089235090546601857386E-80
EMAT 13 176 12 -0.14285714285714285714285714285714285714285714285714 
-2.8714646588520158219820105831655569840308433235696E-80
EMAT 13 177 12 -2.4643650566180112607105804812187001265711586403362E-79 
-0.14285714285714285714285714285714285714285714285714
EMAT 13 178 12 -1.6228014860107205888262483995214011699298911215869E-79 
-0.14285714285714285714285714285714285714285714285714
EMAT 13 179 12 0.14285714285714285714285714285714285714285714285714 
3.1452056967213618902263408112442163681750372795644E-79
EMAT 13 180 12 -0.14285714285714285714285714285714285714285714285714 
2.3548040226292767508917282001349458526490167495138E-79
EMAT 13 181 12 3.7829263611701520331600050773971765002172982850240E-79 
-0.14285714285714285714285714285714285714285714285714
EMAT 13 189 28 -1.0000000000000000000000000000000000000000000000000 
2.9114365719261726406820247215837727777093935415826E-78
EMAT 13 190 28 1.4597295216140684888227102342038221664978806763583E-77 
-1.0000000000000000000000000000000000000000000000000
EMAT 13 191 28 1.0000000000000000000000000000000000000000000000000 
-1.7095431213075531392419733854360937010551534450556E-77
EMAT 14 1 84 1.0000000000000000000000000000000000000000000000000 
8.7251150532259761809748592959196365346984308519081E-82
EMAT 14 135 4 0.33333333333333333333333333333333333333333333333333 
3.3459868659594712465987107185737753563474529948862E-81
EMAT 14 136 4 -4.5326310292810684623059155541322711373601915187529E-80 
-0.33333333333333333333333333333333333333333333333333
EMAT 14 137 4 0.33333333333333333333333333333333333333333333333333 
1.7960028873610306559452851145882145674826901779718E-80
EMAT 14 138 4 1.7078439943239648356743697229623396565677572776677E-79 
-0.33333333333333333333333333333333333333333333333333
EMAT 14 139 4 0.33333333333333333333333333333333333333333333333333 
-2.2318547180283259200661699481023644904484948392633E-80
EMAT 14 140 4 -3.0520297866247749606961845426678170026752201923386E-81 
-0.33333333333333333333333333333333333333333333333333
EMAT 14 141 4 0.33333333333333333333333333333333333333333333333333 
6.5802848436320842723245438957777311532891044202066E-81
EMAT 14 142 4 -7.5787186081421595346200569781980176894814925672292E-79 
-0.33333333333333333333333333333333333333333333333333
EMAT 14 143 4 0.33333333333333333333333333333333333333333333333333 
-2.5596889933988750838944396396279621683087177901792E-79
EMAT 14 144 4 5.6798120120696017141175364062845155676613322140331E-80 
-0.33333333333333333333333333333333333333333333333333
EMAT 14 145 4 0.33333333333333333333333333333333333333333333333333 
-2.0742124705230081432936583840710862690686116200197E-79
EMAT 14 146 4 -8.1798932921323038327230491173317282214629411757973E-80 
-0.33333333333333333333333333333333333333333333333333
EMAT 14 147 4 0.33333333333333333333333333333333333333333333333333 
-3.3373301298335529605576137068901077441642831206000E-79
EMAT 14 148 4 4.1660049236824618277671836451851622044551774866656E-79 
-0.33333333333333333333333333333333333333333333333333
EMAT 14 149 4 0.33333333333333333333333333333333333333333333333333 
2.2152273600568325494099853467648344466134341961342E-79
EMAT 14 150 4 1.8084293850398516163135368423117993742853263886126E-79 
-0.33333333333333333333333333333333333333333333333333
EMAT 14 151 4 0.33333333333333333333333333333333333333333333333333 
-2.8732369258167011337789059329865570043557296521126E-79
EMAT 14 152 4 1.7914840088510800374225515052387538738094230949277E-79 
-0.33333333333333333333333333333333333333333333333333
EMAT 14 153 4 0.33333333333333333333333333333333333333333333333333 
-3.6600511671720868908464002919786877599914148035388E-79
EMAT 14 154 4 -1.1978559001322357403895315191586862159185289636666E-79 
-0.33333333333333333333333333333333333333333333333333
EMAT 14 155 4 0.33333333333333333333333333333333333333333333333333 
7.5609641660821121417690195482826323453779463212964E-80
EMAT 14 175 12 -1.0000000000000000000000000000000000000000000000000 
9.2916795983028411522720514713730922772827760143115E-80
EMAT 14 176 12 1.0000000000000000000000000000000000000000000000000 
-1.9432003212085943614464766645547888065807313399434E-78
EMAT 14 177 12 -5.0033900506950118943122032764940210365937922863783E-79 
1.0000000000000000000000000000000000000000000000000
EMAT 14 178 12 1.3596472390279465161938674282964172095250752974231E-78 
1.0000000000000000000000000000000000000000000000000
EMAT 14 179 12 -1.0000000000000000000000000000000000000000000000000 
6.6684745268364413686462835623978302238968929872426E-78
EMAT 14 180 12 1.0000000000000000000000000000000000000000000000000 
3.0094830689711608544926428591247140601554224642208E-78
EMAT 14 181 12 -2.3740954141044619970140545388204534702408928496917E-78 
1.0000000000000000000000000000000000000000000000000
EMAT 14 189 28 0.33333333333333333333333333333333333333333333333333 
-2.5440796847565766738122967778036418957185306695802E-79
EMAT 14 190 28 1.0059490769893474068111675282451214461319972086076E-78 
0.33333333333333333333333333333333333333333333333333
EMAT 14 191 28 -0.33333333333333333333333333333333333333333333333333 
5.4683219240076668113374394561397555951186459120061E-79
EMAT 15 1 84 1.0000000000000000000000000000000000000000000000000 
-2.4950935350444832786245404784544848846140588392726E-81
EMAT 15 107 3 1.0000000000000000000000000000000000000000000000000 
-1.0000000000000000000000000000000000000000000000000
EMAT 15 108 3 1.0000000000000000000000000000000000000000000000000 
-1.0000000000000000000000000000000000000000000000000
EMAT 15 109 3 1.0000000000000000000000000000000000000000000000000 
-1.0000000000000000000000000000000000000000000000000
EMAT 15 110 3 1.0000000000000000000000000000000000000000000000000 
-1.0000000000000000000000000000000000000000000000000
EMAT 15 111 3 1.0000000000000000000000000000000000000000000000000 
-1.0000000000000000000000000000000000000000000000000
EMAT 15 112 3 1.0000000000000000000000000000000000000000000000000 
-1.0000000000000000000000000000000000000000000000000
EMAT 15 113 3 1.0000000000000000000000000000000000000000000000000 
-1.0000000000000000000000000000000000000000000000000
EMAT 15 114 3 1.0000000000000000000000000000000000000000000000000 
-1.0000000000000000000000000000000000000000000000000
EMAT 15 115 3 1.0000000000000000000000000000000000000000000000000 
-1.0000000000000000000000000000000000000000000000000
EMAT 15 116 3 1.0000000000000000000000000000000000000000000000000 
-1.0000000000000000000000000000000000000000000000000
EMAT 15 117 3 1.0000000000000000000000000000000000000000000000000 
-1.0000000000000000000000000000000000000000000000000
EMAT 15 118 3 1.0000000000000000000000000000000000000000000000000 
-1.0000000000000000000000000000000000000000000000000
EMAT 15 119 3 1.0000000000000000000000000000000000000000000000000 
-1.0000000000000000000000000000000000000000000000000
EMAT 15 120 3 1.0000000000000000000000000000000000000000000000000 
-1.0000000000000000000000000000000000000000000000000
EMAT 15 121 3 1.0000000000000000000000000000000000000000000000000 
-1.0000000000000000000000000000000000000000000000000
EMAT 15 122 3 1.0000000000000000000000000000000000000000000000000 
-1.0000000000000000000000000000000000000000000000000
EMAT 15 123 3 1.0000000000000000000000000000000000000000000000000 
-1.0000000000000000000000000000000000000000000000000
EMAT 15 124 3 1.0000000000000000000000000000000000000000000000000 
-1.0000000000000000000000000000000000000000000000000
EMAT 15 125 3 1.0000000000000000000000000000000000000000000000000 
-1.0000000000000000000000000000000000000000000000000
EMAT 15 126 3 1.0000000000000000000000000000000000000000000000000 
-1.0000000000000000000000000000000000000000000000000
EMAT 15 127 3 1.0000000000000000000000000000000000000000000000000 
-1.0000000000000000000000000000000000000000000000000
EMAT 15 128 3 1.0000000000000000000000000000000000000000000000000 
-1.0000000000000000000000000000000000000000000000000
EMAT 15 129 3 1.0000000000000000000000000000000000000000000000000 
-1.0000000000000000000000000000000000000000000000000
EMAT 15 130 3 1.0000000000000000000000000000000000000000000000000 
-1.0000000000000000000000000000000000000000000000000
EMAT 15 131 3 1.0000000000000000000000000000000000000000000000000 
-1.0000000000000000000000000000000000000000000000000
EMAT 15 132 3 1.0000000000000000000000000000000000000000000000000 
-1.0000000000000000000000000000000000000000000000000
EMAT 15 133 3 1.0000000000000000000000000000000000000000000000000 
-1.0000000000000000000000000000000000000000000000000
EMAT 15 134 3 1.0000000000000000000000000000000000000000000000000 
-1.0000000000000000000000000000000000000000000000000
EMAT 15 135 4 -1.0000000000000000000000000000000000000000000000000 
7.5005809111857164548568624653832505835130026039851E-82
EMAT 15 136 4 6.7444529748143518194909523634387670455566020094193E-79 
1.0000000000000000000000000000000000000000000000000
EMAT 15 137 4 -1.0000000000000000000000000000000000000000000000000 
1.2611178378674687227665931623502917696156060962277E-79
EMAT 15 138 4 -1.5451373295497764940131264075651904017644258319118E-78 
1.0000000000000000000000000000000000000000000000000
EMAT 15 139 4 -1.0000000000000000000000000000000000000000000000000 
5.8618463734283285710722108665274079437053422058249E-79
EMAT 15 140 4 4.3358581934210418251791845877456726836225555121093E-79 
1.0000000000000000000000000000000000000000000000000
EMAT 15 141 4 -1.0000000000000000000000000000000000000000000000000 
1.2105208329279896414493076850053186337446873581828E-78
EMAT 15 142 4 5.8288367172104843192703180459753608390487939740408E-78 
1.0000000000000000000000000000000000000000000000000
EMAT 15 143 4 -1.0000000000000000000000000000000000000000000000000 
1.9070266559485630722935558060769298078598907498797E-78
EMAT 15 144 4 7.1378052450377286738646436332811218369930583912890E-79 
1.0000000000000000000000000000000000000000000000000
EMAT 15 145 4 -1.0000000000000000000000000000000000000000000000000 
2.5249454491722257893650756741090011271172242756993E-78
EMAT 15 146 4 9.7956022909737340308885448011203831983497782115183E-80 
1.0000000000000000000000000000000000000000000000000
EMAT 15 147 4 -1.0000000000000000000000000000000000000000000000000 
3.3983098136921403502033598325907846237466356061072E-78
EMAT 15 148 4 -7.8366719524241298214451970299665803955481016217757E-79 
1.0000000000000000000000000000000000000000000000000
EMAT 15 149 4 -1.0000000000000000000000000000000000000000000000000 
1.3943282270586022453633514307132746615016127458331E-78
EMAT 15 150 4 -3.4808289607260499143290924311168952891450521889782E-78 
1.0000000000000000000000000000000000000000000000000
EMAT 15 151 4 -1.0000000000000000000000000000000000000000000000000 
1.2256893500185833334182155257137391726079664461601E-78
EMAT 15 152 4 -6.6115817380934660356392490538554160745514369169051E-78 
1.0000000000000000000000000000000000000000000000000
EMAT 15 153 4 -1.0000000000000000000000000000000000000000000000000 
2.0819109800630483155738503758742230474167438286782E-78
EMAT 15 154 4 7.8343117768111587507445246175215803601398660543193E-78 
1.0000000000000000000000000000000000000000000000000
EMAT 15 155 4 -1.0000000000000000000000000000000000000000000000000 
-8.7311515530390696292963628135270145909601540640770E-79
EMAT 15 175 12 -1.0000000000000000000000000000000000000000000000000 
-1.1750802160803397435382606090855352441297654727801E-78
EMAT 15 176 12 1.0000000000000000000000000000000000000000000000000 
-1.8032294181664838891354174789794172157998773143865E-78
EMAT 15 177 12 -1.1926286133484234071530245470163194925259542418184E-78 
1.0000000000000000000000000000000000000000000000000
EMAT 15 178 12 -3.2025954083060581503625556093044316709427307870467E-78 
1.0000000000000000000000000000000000000000000000000
EMAT 15 179 12 -1.0000000000000000000000000000000000000000000000000 
3.0135533537964765051981493434723994873262292065951E-78
EMAT 15 180 12 1.0000000000000000000000000000000000000000000000000 
6.9411788127812637327943123546084155872462910600523E-78
EMAT 15 181 12 -8.0894962013938824326535641002169490125221338016588E-78 
1.0000000000000000000000000000000000000000000000000
EMAT 15 185 21 1.0000000000000000000000000000000000000000000000000 
1.0000000000000000000000000000000000000000000000000
EMAT 15 186 21 -1.0000000000000000000000000000000000000000000000000 
-1.0000000000000000000000000000000000000000000000000
EMAT 15 187 21 1.0000000000000000000000000000000000000000000000000 
1.0000000000000000000000000000000000000000000000000
EMAT 15 188 21 -1.0000000000000000000000000000000000000000000000000 
-1.0000000000000000000000000000000000000000000000000
EMAT 15 189 28 -1.0000000000000000000000000000000000000000000000000 
3.5762040425123416354576428602152955463914060741908E-78
EMAT 15 190 28 -3.5159318176411199258337876227235972127989652586050E-78 
-1.0000000000000000000000000000000000000000000000000
EMAT 15 191 28 1.0000000000000000000000000000000000000000000000000 
-6.0290964364078188285456409404307871748464189893508E-78
RHOV 2 1 0.011904761904761904761904761904761904761904761904762 
0.011904761904761904761904761904761904761904761904762
RHOV 3 1 0.011904761904761904761904761904761904761904761904762 
0.011904761904761904761904761904761904761904761904762
RHOV 4 1 0.011904761904761904761904761904761904761904761904762 
0.011904761904761904761904761904761904761904761904762
RHOV 5 1 0.011904761904761904761904761904761904761904761904762 
0.011904761904761904761904761904761904761904761904762
RHOV 6 1 0.011904761904761904761904761904761904761904761904762 
0.011904761904761904761904761904761904761904761904762
RHOV 7 1 0.011904761904761904761904761904761904761904761904762 
0.011904761904761904761904761904761904761904761904762
RHOV 8 1 0.011904761904761904761904761904761904761904761904762 
0.011904761904761904761904761904761904761904761904762
RHOV 9 1 0.011904761904761904761904761904761904761904761904762 
0.011904761904761904761904761904761904761904761904762
RHOV 10 1 0.011904761904761904761904761904761904761904761904762 
0.011904761904761904761904761904761904761904761904762
RHOV 11 1 0.011904761904761904761904761904761904761904761904762 
0.011904761904761904761904761904761904761904761904762
RHOV 12 1 0.011904761904761904761904761904761904761904761904762 
0.011904761904761904761904761904761904761904761904762
RHOV 13 1 0.011904761904761904761904761904761904761904761904762 
0.011904761904761904761904761904761904761904761904762
RHOV 14 1 0.011904761904761904761904761904761904761904761904762 
0.011904761904761904761904761904761904761904761904762
RHOV 15 1 0.011904761904761904761904761904761904761904761904762 
0.011904761904761904761904761904761904761904761904762
RHOV 16 1 0.011904761904761904761904761904761904761904761904762 
0.011904761904761904761904761904761904761904761904762
RHOV 17 1 0.011904761904761904761904761904761904761904761904762 
0.011904761904761904761904761904761904761904761904762
RHOV 18 1 0.011904761904761904761904761904761904761904761904762 
0.011904761904761904761904761904761904761904761904762
RHOV 19 1 0.011904761904761904761904761904761904761904761904762 
0.011904761904761904761904761904761904761904761904762
RHOV 20 1 0.011904761904761904761904761904761904761904761904762 
0.011904761904761904761904761904761904761904761904762
RHOV 21 1 0.011904761904761904761904761904761904761904761904762 
0.011904761904761904761904761904761904761904761904762
RHOV 22 1 0.011904761904761904761904761904761904761904761904762 
0.011904761904761904761904761904761904761904761904762
RHOV 23 1 0.011904761904761904761904761904761904761904761904762 
0.011904761904761904761904761904761904761904761904762
RHOV 24 1 0.011904761904761904761904761904761904761904761904762 
0.011904761904761904761904761904761904761904761904762
RHOV 25 1 0.011904761904761904761904761904761904761904761904762 
0.011904761904761904761904761904761904761904761904762
RHOV 26 1 0.011904761904761904761904761904761904761904761904762 
0.011904761904761904761904761904761904761904761904762
RHOV 27 1 0.011904761904761904761904761904761904761904761904762 
0.011904761904761904761904761904761904761904761904762
RHOV 28 1 0.011904761904761904761904761904761904761904761904762 
0.011904761904761904761904761904761904761904761904762
RHOV 29 1 0.011904761904761904761904761904761904761904761904762 
0.011904761904761904761904761904761904761904761904762
RHOV 30 1 0.011904761904761904761904761904761904761904761904762 
0.011904761904761904761904761904761904761904761904762
RHOV 31 1 0.011904761904761904761904761904761904761904761904762 
0.011904761904761904761904761904761904761904761904762
RHOV 32 1 0.011904761904761904761904761904761904761904761904762 
0.011904761904761904761904761904761904761904761904762
RHOV 33 1 0.011904761904761904761904761904761904761904761904762 
0.011904761904761904761904761904761904761904761904762
RHOV 34 1 0.011904761904761904761904761904761904761904761904762 
0.011904761904761904761904761904761904761904761904762
RHOV 35 1 0.011904761904761904761904761904761904761904761904762 
0.011904761904761904761904761904761904761904761904762
RHOV 36 1 0.011904761904761904761904761904761904761904761904762 
0.011904761904761904761904761904761904761904761904762
RHOV 37 1 0.011904761904761904761904761904761904761904761904762 
0.011904761904761904761904761904761904761904761904762
RHOV 38 1 0.011904761904761904761904761904761904761904761904762 
0.011904761904761904761904761904761904761904761904762
RHOV 39 1 0.011904761904761904761904761904761904761904761904762 
0.011904761904761904761904761904761904761904761904762
RHOV 40 1 0.011904761904761904761904761904761904761904761904762 
0.011904761904761904761904761904761904761904761904762
RHOV 41 1 0.011904761904761904761904761904761904761904761904762 
0.011904761904761904761904761904761904761904761904762
RHOV 42 1 0.011904761904761904761904761904761904761904761904762 
0.011904761904761904761904761904761904761904761904762
RHOV 43 1 0.011904761904761904761904761904761904761904761904762 
0.011904761904761904761904761904761904761904761904762
RHOV 44 1 0.011904761904761904761904761904761904761904761904762 
0.011904761904761904761904761904761904761904761904762
RHOV 45 1 0.011904761904761904761904761904761904761904761904762 
0.011904761904761904761904761904761904761904761904762
RHOV 46 1 0.011904761904761904761904761904761904761904761904762 
0.011904761904761904761904761904761904761904761904762
RHOV 47 1 0.011904761904761904761904761904761904761904761904762 
0.011904761904761904761904761904761904761904761904762
RHOV 48 1 0.011904761904761904761904761904761904761904761904762 
0.011904761904761904761904761904761904761904761904762
RHOV 49 1 0.011904761904761904761904761904761904761904761904762 
0.011904761904761904761904761904761904761904761904762
RHOV 50 1 0.011904761904761904761904761904761904761904761904762 
0.011904761904761904761904761904761904761904761904762
RHOV 51 1 0.011904761904761904761904761904761904761904761904762 
0.011904761904761904761904761904761904761904761904762
RHOV 52 1 0.011904761904761904761904761904761904761904761904762 
0.011904761904761904761904761904761904761904761904762
RHOV 53 1 0.011904761904761904761904761904761904761904761904762 
0.011904761904761904761904761904761904761904761904762
RHOV 54 1 0.011904761904761904761904761904761904761904761904762 
0.011904761904761904761904761904761904761904761904762
RHOV 55 1 0.011904761904761904761904761904761904761904761904762 
0.011904761904761904761904761904761904761904761904762
RHOV 56 1 0.011904761904761904761904761904761904761904761904762 
0.011904761904761904761904761904761904761904761904762
RHOV 57 1 0.011904761904761904761904761904761904761904761904762 
0.011904761904761904761904761904761904761904761904762
RHOV 58 1 0.011904761904761904761904761904761904761904761904762 
0.011904761904761904761904761904761904761904761904762
RHOV 59 1 0.011904761904761904761904761904761904761904761904762 
0.011904761904761904761904761904761904761904761904762
RHOV 60 1 0.011904761904761904761904761904761904761904761904762 
0.011904761904761904761904761904761904761904761904762
RHOV 61 1 0.011904761904761904761904761904761904761904761904762 
0.011904761904761904761904761904761904761904761904762
RHOV 62 1 0.011904761904761904761904761904761904761904761904762 
0.011904761904761904761904761904761904761904761904762
RHOV 63 1 0.011904761904761904761904761904761904761904761904762 
0.011904761904761904761904761904761904761904761904762
RHOV 64 1 0.011904761904761904761904761904761904761904761904762 
0.011904761904761904761904761904761904761904761904762
RHOV 65 1 0.011904761904761904761904761904761904761904761904762 
0.011904761904761904761904761904761904761904761904762
RHOV 66 1 0.011904761904761904761904761904761904761904761904762 
0.011904761904761904761904761904761904761904761904762
RHOV 67 1 0.011904761904761904761904761904761904761904761904762 
0.011904761904761904761904761904761904761904761904762
RHOV 68 1 0.011904761904761904761904761904761904761904761904762 
0.011904761904761904761904761904761904761904761904762
RHOV 69 1 0.011904761904761904761904761904761904761904761904762 
0.011904761904761904761904761904761904761904761904762
RHOV 70 1 0.011904761904761904761904761904761904761904761904762 
0.011904761904761904761904761904761904761904761904762
RHOV 71 1 0.011904761904761904761904761904761904761904761904762 
0.011904761904761904761904761904761904761904761904762
RHOV 72 1 0.011904761904761904761904761904761904761904761904762 
0.011904761904761904761904761904761904761904761904762
RHOV 73 1 0.011904761904761904761904761904761904761904761904762 
0.011904761904761904761904761904761904761904761904762
RHOV 74 1 0.011904761904761904761904761904761904761904761904762 
0.011904761904761904761904761904761904761904761904762
RHOV 75 1 0.011904761904761904761904761904761904761904761904762 
0.011904761904761904761904761904761904761904761904762
RHOV 76 1 0.011904761904761904761904761904761904761904761904762 
0.011904761904761904761904761904761904761904761904762
RHOV 77 1 0.011904761904761904761904761904761904761904761904762 
0.011904761904761904761904761904761904761904761904762
RHOV 78 1 0.011904761904761904761904761904761904761904761904762 
0.011904761904761904761904761904761904761904761904762
RHOV 79 1 0.011904761904761904761904761904761904761904761904762 
0.011904761904761904761904761904761904761904761904762
RHOV 80 1 0.011904761904761904761904761904761904761904761904762 
0.011904761904761904761904761904761904761904761904762
RHOV 81 1 0.011904761904761904761904761904761904761904761904762 
0.011904761904761904761904761904761904761904761904762
RHOV 82 1 0.011904761904761904761904761904761904761904761904762 
0.011904761904761904761904761904761904761904761904762
RHOV 83 1 0.011904761904761904761904761904761904761904761904762 
0.011904761904761904761904761904761904761904761904762
RHOV 84 1 0.011904761904761904761904761904761904761904761904762 
0.011904761904761904761904761904761904761904761904762
RHOV 85 1 0.011904761904761904761904761904761904761904761904762 
0.011904761904761904761904761904761904761904761904762
RHOV 107 3 0.035714285714285714285714285714285714285714285714286 
-0.035714285714285714285714285714285714285714285714286
RHOV 108 3 0.035714285714285714285714285714285714285714285714286 
-0.035714285714285714285714285714285714285714285714286
RHOV 109 3 0.035714285714285714285714285714285714285714285714286 
-0.035714285714285714285714285714285714285714285714286
RHOV 110 3 0.035714285714285714285714285714285714285714285714286 
-0.035714285714285714285714285714285714285714285714286
RHOV 111 3 0.035714285714285714285714285714285714285714285714286 
-0.035714285714285714285714285714285714285714285714286
RHOV 112 3 0.035714285714285714285714285714285714285714285714286 
-0.035714285714285714285714285714285714285714285714286
RHOV 113 3 0.035714285714285714285714285714285714285714285714286 
-0.035714285714285714285714285714285714285714285714286
RHOV 114 3 0.035714285714285714285714285714285714285714285714286 
-0.035714285714285714285714285714285714285714285714286
RHOV 115 3 0.035714285714285714285714285714285714285714285714286 
-0.035714285714285714285714285714285714285714285714286
RHOV 116 3 0.035714285714285714285714285714285714285714285714286 
-0.035714285714285714285714285714285714285714285714286
RHOV 117 3 0.035714285714285714285714285714285714285714285714286 
-0.035714285714285714285714285714285714285714285714286
RHOV 118 3 0.035714285714285714285714285714285714285714285714286 
-0.035714285714285714285714285714285714285714285714286
RHOV 119 3 0.035714285714285714285714285714285714285714285714286 
-0.035714285714285714285714285714285714285714285714286
RHOV 120 3 0.035714285714285714285714285714285714285714285714286 
-0.035714285714285714285714285714285714285714285714286
RHOV 121 3 0.035714285714285714285714285714285714285714285714286 
-0.035714285714285714285714285714285714285714285714286
RHOV 122 3 0.035714285714285714285714285714285714285714285714286 
-0.035714285714285714285714285714285714285714285714286
RHOV 123 3 0.035714285714285714285714285714285714285714285714286 
-0.035714285714285714285714285714285714285714285714286
RHOV 124 3 0.035714285714285714285714285714285714285714285714286 
-0.035714285714285714285714285714285714285714285714286
RHOV 125 3 0.035714285714285714285714285714285714285714285714286 
-0.035714285714285714285714285714285714285714285714286
RHOV 126 3 0.035714285714285714285714285714285714285714285714286 
-0.035714285714285714285714285714285714285714285714286
RHOV 127 3 0.035714285714285714285714285714285714285714285714286 
-0.035714285714285714285714285714285714285714285714286
RHOV 128 3 0.035714285714285714285714285714285714285714285714286 
-0.035714285714285714285714285714285714285714285714286
RHOV 129 3 0.035714285714285714285714285714285714285714285714286 
-0.035714285714285714285714285714285714285714285714286
RHOV 130 3 0.035714285714285714285714285714285714285714285714286 
-0.035714285714285714285714285714285714285714285714286
RHOV 131 3 0.035714285714285714285714285714285714285714285714286 
-0.035714285714285714285714285714285714285714285714286
RHOV 132 3 0.035714285714285714285714285714285714285714285714286 
-0.035714285714285714285714285714285714285714285714286
RHOV 133 3 0.035714285714285714285714285714285714285714285714286 
-0.035714285714285714285714285714285714285714285714286
RHOV 134 3 0.035714285714285714285714285714285714285714285714286 
-0.035714285714285714285714285714285714285714285714286
RHOV 163 7 0.083333333333333333333333333333333333333333333333333 
-0.083333333333333333333333333333333333333333333333333
RHOV 164 7 0.083333333333333333333333333333333333333333333333333 
-0.083333333333333333333333333333333333333333333333333
RHOV 165 7 0.083333333333333333333333333333333333333333333333333 
-0.083333333333333333333333333333333333333333333333333
RHOV 166 7 0.083333333333333333333333333333333333333333333333333 
-0.083333333333333333333333333333333333333333333333333
RHOV 167 7 -0.083333333333333333333333333333333333333333333333333 
0.083333333333333333333333333333333333333333333333333
RHOV 168 7 0.083333333333333333333333333333333333333333333333333 
-0.083333333333333333333333333333333333333333333333333
RHOV 169 7 0.083333333333333333333333333333333333333333333333333 
-0.083333333333333333333333333333333333333333333333333
RHOV 170 7 0.083333333333333333333333333333333333333333333333333 
-0.083333333333333333333333333333333333333333333333333
RHOV 171 7 0.083333333333333333333333333333333333333333333333333 
-0.083333333333333333333333333333333333333333333333333
RHOV 172 7 0.083333333333333333333333333333333333333333333333333 
-0.083333333333333333333333333333333333333333333333333
RHOV 173 7 -0.083333333333333333333333333333333333333333333333333 
0.083333333333333333333333333333333333333333333333333
RHOV 174 7 -0.083333333333333333333333333333333333333333333333333 
0.083333333333333333333333333333333333333333333333333
RHOV 185 21 -0.25000000000000000000000000000000000000000000000000 
-0.25000000000000000000000000000000000000000000000000
RHOV 186 21 0.25000000000000000000000000000000000000000000000000 
0.25000000000000000000000000000000000000000000000000
RHOV 187 21 -0.25000000000000000000000000000000000000000000000000 
-0.25000000000000000000000000000000000000000000000000
RHOV 188 21 0.25000000000000000000000000000000000000000000000000 
0.25000000000000000000000000000000000000000000000000
SOLVE resid = 3.799229357E-41  (|rho| = 0.8728715609)
RHO IS IN THE SPAN: E* found
BETA 4 -1.60000000000000000000000000000 7.79591514157531706324478188634E-39  r=[
-1, 2, 0, 0, 0, -3, 0, 7, 0, -2, 0, 0 ]
BETA 5 8.00000000000000000000000000000 1.75693401480246120972623280056E-77  r=[ 
-1, 2, 0, 0, 0, 0, 0, 0, -1, 0, 1, 2 ]
BETA 8 -0.800000000000000000000000000000 -1.55918302831506341264895637727E-38  
r=[ 0, -1, 0, 2, 0, -2, 0, 4, 0, 0, 0, 0 ]
oo-coset index 1
ESTAR oo-expansion (exponent grid q^(n/24)):
ECOEF 24/24 -1.60000000000000000000000000000 7.79591514157531706324478188634E-39
ECOEF 48/24 -2.40000000000000000000000000000 
-7.79591514157531706324478188634E-39
ECOEF 96/24 -2.40000000000000000000000000000 
-7.79591514157531706324478188634E-39
ECOEF 168/24 -1.60000000000000000000000000000 
7.79591514157531706324478188634E-39
ECOEF 192/24 2.40000000000000000000000000000 7.79591514157531706324478188634E-39
ECOEF 216/24 1.60000000000000000000000000000 
-7.79591514157531706324478188634E-39
ECOEF 336/24 2.40000000000000000000000000000 7.79591514157531706324478188634E-39
ECOEF 360/24 -4.80000000000000000000000000000 
-1.55918302831506341264895637727E-38
ECOEF 384/24 -5.60000000000000000000000000000 
7.79591514157531706324478188634E-39
ECOEF 432/24 -0.800000000000000000000000000000 
2.33877454247259511897343456590E-38
ECOEF 504/24 -4.80000000000000000000000000000 
-1.55918302831506341264895637727E-38
ECOEF 528/24 -4.80000000000000000000000000000 
-1.55918302831506341264895637727E-38
ECOEF 600/24 -6.40000000000000000000000000000 
-7.79591514157531706324478188634E-39
ECOEF 672/24 -2.40000000000000000000000000000 
-7.79591514157531706324478188634E-39
ECOEF 720/24 -3.20000000000000000000000000000 
1.55918302831506341264895637727E-38
ECOEF 768/24 -2.40000000000000000000000000000 
-7.79591514157531706324478188634E-39
ECOEF 864/24 -5.60000000000000000000000000000 
7.79591514157531706324478188634E-39
ECOEF 888/24 -6.40000000000000000000000000000 
3.11836605663012682529791275454E-38
ECOEF 936/24 -3.20000000000000000000000000000 
1.55918302831506341264895637727E-38
DONE
exit 0
