BASE 15 2  M = 60  ds = [ 1, 2, 3, 4, 5, 6, 10, 12, 15, 20, 30, 60 ]
|D| = 1800  i0 = 1
#isotropic = 3, tracking coset index 31
level(Dbar) = 60 (verified)
p = 2: |J_p| = 8
p = 3: |J_p| = 9
p = 5: |J_p| = 25
sign(Dbar) = 1 mod 8 (2-part 1)
Jordan basis J_2: [ 902, 931, 932 ]  Q*4: [ 3, 1, 1 ]  x_c = 901
#cosets = 144
AZERO wi=2 rhov(FFT) = 0.0166666666666666666666666666667 + 
0.0166666666666666666666666666667 i
rhov done (closed form, 11 YTab keys)
#E's after external pool = 21
EPOOL 1 [ -3, 6, -1, 0, 0, 3, 0, -2, 0, 0, 0, 0 ]
EPOOL 2 [ -3, 7, 0, -3, 1, 0, 0, 0, 0, 1, 0, 0 ]
EPOOL 3 [ -2, 1, 4, 0, 0, 2, 0, -2, 0, 0, 0, 0 ]
EPOOL 4 [ -1, 0, 0, 4, -1, 0, 3, 0, 0, -2, 0, 0 ]
EPOOL 5 [ -1, 2, 0, 0, -1, 0, 1, 0, 0, 2, 0, 0 ]
EPOOL 6 [ -1, 2, 0, 0, 0, 0, 0, 0, -3, 0, 7, -2 ]
EPOOL 7 [ 0, -3, -2, 6, 0, 6, 0, -4, 0, 0, 0, 0 ]
EPOOL 8 [ 0, -1, -2, 2, 0, 4, 0, 0, 0, 0, 0, 0 ]
EPOOL 9 [ 0, -1, 0, 2, 0, 0, 0, 0, -2, 0, 4, 0 ]
EPOOL 10 [ 0, 0, 0, 0, 2, 0, -1, 1, 0, 0, 0, 1 ]
EPOOL 11 [ 0, 0, 0, 2, 0, 0, 0, -1, -2, -1, 5, 0 ]
EPOOL 12 [ 0, 0, 1, 0, 0, 0, -1, 0, 1, 2, 0, 0 ]
EPOOL 13 [ 0, 1, -2, -2, 0, 2, 0, 4, 0, 0, 0, 0 ]
EPOOL 14 [ 0, 2, 0, -1, 0, 0, 0, 0, -2, 0, 7, -3 ]
EPOOL 15 [ 0, 2, 0, -1, 2, 0, 1, 0, 0, -1, 0, 0 ]
EPOOL 16 [ 0, 6, -2, -3, 0, 3, 0, -1, 0, 0, 0, 0 ]
EPOOL 17 [ 2, -1, 0, 0, 0, 0, 0, 0, 0, 0, 4, -2 ]
EPOOL 18 [ 2, -1, 0, 0, 0, 4, 0, -2, 0, 0, 0, 0 ]
EPOOL 19 [ 2, 0, -1, 0, -1, 0, 0, 0, 0, 0, 5, -2 ]
EPOOL 20 [ 4, 0, 0, -1, -2, 0, 3, 0, 0, -1, 0, 0 ]
EPOOL 21 [ 6, -3, -4, 0, 0, 6, 0, -2, 0, 0, 0, 0 ]
  E 10/21 done
  E 20/21 done
E constant table built
EMAT 1 1 60 1.0000000000000000000000000000000000000000000000000 
4.5440648343018026617733705099864995159111388938396E-81
EMAT 1 2 1 -0.12500000000000000000000000000000000000000000000000 
-0.12500000000000000000000000000000000000000000000000
EMAT 1 3 1 -0.12500000000000000000000000000000000000000000000000 
-0.12500000000000000000000000000000000000000000000000
EMAT 1 4 1 -0.12500000000000000000000000000000000000000000000000 
-0.12500000000000000000000000000000000000000000000000
EMAT 1 5 1 -0.12500000000000000000000000000000000000000000000000 
-0.12500000000000000000000000000000000000000000000000
EMAT 1 6 1 -0.12500000000000000000000000000000000000000000000000 
-0.12500000000000000000000000000000000000000000000000
EMAT 1 7 1 -0.12500000000000000000000000000000000000000000000000 
-0.12500000000000000000000000000000000000000000000000
EMAT 1 8 1 -0.12500000000000000000000000000000000000000000000000 
-0.12500000000000000000000000000000000000000000000000
EMAT 1 9 1 -0.12500000000000000000000000000000000000000000000000 
-0.12500000000000000000000000000000000000000000000000
EMAT 1 10 1 -0.12500000000000000000000000000000000000000000000000 
-0.12500000000000000000000000000000000000000000000000
EMAT 1 11 1 -0.12500000000000000000000000000000000000000000000000 
-0.12500000000000000000000000000000000000000000000000
EMAT 1 12 1 -0.12500000000000000000000000000000000000000000000000 
-0.12500000000000000000000000000000000000000000000000
EMAT 1 13 1 -0.12500000000000000000000000000000000000000000000000 
-0.12500000000000000000000000000000000000000000000000
EMAT 1 14 1 -0.12500000000000000000000000000000000000000000000000 
-0.12500000000000000000000000000000000000000000000000
EMAT 1 15 1 -0.12500000000000000000000000000000000000000000000000 
-0.12500000000000000000000000000000000000000000000000
EMAT 1 16 1 -0.12500000000000000000000000000000000000000000000000 
-0.12500000000000000000000000000000000000000000000000
EMAT 1 17 1 -0.12500000000000000000000000000000000000000000000000 
-0.12500000000000000000000000000000000000000000000000
EMAT 1 18 1 -0.12500000000000000000000000000000000000000000000000 
-0.12500000000000000000000000000000000000000000000000
EMAT 1 19 1 -0.12500000000000000000000000000000000000000000000000 
-0.12500000000000000000000000000000000000000000000000
EMAT 1 20 1 -0.12500000000000000000000000000000000000000000000000 
-0.12500000000000000000000000000000000000000000000000
EMAT 1 21 1 -0.12500000000000000000000000000000000000000000000000 
-0.12500000000000000000000000000000000000000000000000
EMAT 1 22 1 -0.12500000000000000000000000000000000000000000000000 
-0.12500000000000000000000000000000000000000000000000
EMAT 1 23 1 -0.12500000000000000000000000000000000000000000000000 
-0.12500000000000000000000000000000000000000000000000
EMAT 1 24 1 -0.12500000000000000000000000000000000000000000000000 
-0.12500000000000000000000000000000000000000000000000
EMAT 1 25 1 -0.12500000000000000000000000000000000000000000000000 
-0.12500000000000000000000000000000000000000000000000
EMAT 1 26 1 -0.12500000000000000000000000000000000000000000000000 
-0.12500000000000000000000000000000000000000000000000
EMAT 1 27 1 -0.12500000000000000000000000000000000000000000000000 
-0.12500000000000000000000000000000000000000000000000
EMAT 1 28 1 -0.12500000000000000000000000000000000000000000000000 
-0.12500000000000000000000000000000000000000000000000
EMAT 1 29 1 -0.12500000000000000000000000000000000000000000000000 
-0.12500000000000000000000000000000000000000000000000
EMAT 1 30 1 -0.12500000000000000000000000000000000000000000000000 
-0.12500000000000000000000000000000000000000000000000
EMAT 1 31 1 -0.12500000000000000000000000000000000000000000000000 
-0.12500000000000000000000000000000000000000000000000
EMAT 1 32 1 -0.12500000000000000000000000000000000000000000000000 
-0.12500000000000000000000000000000000000000000000000
EMAT 1 33 1 -0.12500000000000000000000000000000000000000000000000 
-0.12500000000000000000000000000000000000000000000000
EMAT 1 34 1 -0.12500000000000000000000000000000000000000000000000 
-0.12500000000000000000000000000000000000000000000000
EMAT 1 35 1 -0.12500000000000000000000000000000000000000000000000 
-0.12500000000000000000000000000000000000000000000000
EMAT 1 36 1 -0.12500000000000000000000000000000000000000000000000 
-0.12500000000000000000000000000000000000000000000000
EMAT 1 37 1 -0.12500000000000000000000000000000000000000000000000 
-0.12500000000000000000000000000000000000000000000000
EMAT 1 38 1 -0.12500000000000000000000000000000000000000000000000 
-0.12500000000000000000000000000000000000000000000000
EMAT 1 39 1 -0.12500000000000000000000000000000000000000000000000 
-0.12500000000000000000000000000000000000000000000000
EMAT 1 40 1 -0.12500000000000000000000000000000000000000000000000 
-0.12500000000000000000000000000000000000000000000000
EMAT 1 41 1 -0.12500000000000000000000000000000000000000000000000 
-0.12500000000000000000000000000000000000000000000000
EMAT 1 42 1 -0.12500000000000000000000000000000000000000000000000 
-0.12500000000000000000000000000000000000000000000000
EMAT 1 43 1 -0.12500000000000000000000000000000000000000000000000 
-0.12500000000000000000000000000000000000000000000000
EMAT 1 44 1 -0.12500000000000000000000000000000000000000000000000 
-0.12500000000000000000000000000000000000000000000000
EMAT 1 45 1 -0.12500000000000000000000000000000000000000000000000 
-0.12500000000000000000000000000000000000000000000000
EMAT 1 46 1 -0.12500000000000000000000000000000000000000000000000 
-0.12500000000000000000000000000000000000000000000000
EMAT 1 47 1 -0.12500000000000000000000000000000000000000000000000 
-0.12500000000000000000000000000000000000000000000000
EMAT 1 48 1 -0.12500000000000000000000000000000000000000000000000 
-0.12500000000000000000000000000000000000000000000000
EMAT 1 49 1 -0.12500000000000000000000000000000000000000000000000 
-0.12500000000000000000000000000000000000000000000000
EMAT 1 50 1 -0.12500000000000000000000000000000000000000000000000 
-0.12500000000000000000000000000000000000000000000000
EMAT 1 51 1 -0.12500000000000000000000000000000000000000000000000 
-0.12500000000000000000000000000000000000000000000000
EMAT 1 52 1 -0.12500000000000000000000000000000000000000000000000 
-0.12500000000000000000000000000000000000000000000000
EMAT 1 53 1 -0.12500000000000000000000000000000000000000000000000 
-0.12500000000000000000000000000000000000000000000000
EMAT 1 54 1 -0.12500000000000000000000000000000000000000000000000 
-0.12500000000000000000000000000000000000000000000000
EMAT 1 55 1 -0.12500000000000000000000000000000000000000000000000 
-0.12500000000000000000000000000000000000000000000000
EMAT 1 56 1 -0.12500000000000000000000000000000000000000000000000 
-0.12500000000000000000000000000000000000000000000000
EMAT 1 57 1 -0.12500000000000000000000000000000000000000000000000 
-0.12500000000000000000000000000000000000000000000000
EMAT 1 58 1 -0.12500000000000000000000000000000000000000000000000 
-0.12500000000000000000000000000000000000000000000000
EMAT 1 59 1 -0.12500000000000000000000000000000000000000000000000 
-0.12500000000000000000000000000000000000000000000000
EMAT 1 60 1 -0.12500000000000000000000000000000000000000000000000 
-0.12500000000000000000000000000000000000000000000000
EMAT 1 61 1 -0.12500000000000000000000000000000000000000000000000 
-0.12500000000000000000000000000000000000000000000000
EMAT 1 77 3 -0.12500000000000000000000000000000000000000000000000 
0.12500000000000000000000000000000000000000000000000
EMAT 1 78 3 -0.12500000000000000000000000000000000000000000000000 
0.12500000000000000000000000000000000000000000000000
EMAT 1 79 3 -0.12500000000000000000000000000000000000000000000000 
0.12500000000000000000000000000000000000000000000000
EMAT 1 80 3 -0.12500000000000000000000000000000000000000000000000 
0.12500000000000000000000000000000000000000000000000
EMAT 1 81 3 -0.12500000000000000000000000000000000000000000000000 
0.12500000000000000000000000000000000000000000000000
EMAT 1 82 3 -0.12500000000000000000000000000000000000000000000000 
0.12500000000000000000000000000000000000000000000000
EMAT 1 83 3 -0.12500000000000000000000000000000000000000000000000 
0.12500000000000000000000000000000000000000000000000
EMAT 1 84 3 -0.12500000000000000000000000000000000000000000000000 
0.12500000000000000000000000000000000000000000000000
EMAT 1 85 3 -0.12500000000000000000000000000000000000000000000000 
0.12500000000000000000000000000000000000000000000000
EMAT 1 86 3 -0.12500000000000000000000000000000000000000000000000 
0.12500000000000000000000000000000000000000000000000
EMAT 1 87 3 -0.12500000000000000000000000000000000000000000000000 
0.12500000000000000000000000000000000000000000000000
EMAT 1 88 3 -0.12500000000000000000000000000000000000000000000000 
0.12500000000000000000000000000000000000000000000000
EMAT 1 89 3 -0.12500000000000000000000000000000000000000000000000 
0.12500000000000000000000000000000000000000000000000
EMAT 1 90 3 -0.12500000000000000000000000000000000000000000000000 
0.12500000000000000000000000000000000000000000000000
EMAT 1 91 3 -0.12500000000000000000000000000000000000000000000000 
0.12500000000000000000000000000000000000000000000000
EMAT 1 92 3 -0.12500000000000000000000000000000000000000000000000 
0.12500000000000000000000000000000000000000000000000
EMAT 1 93 3 -0.12500000000000000000000000000000000000000000000000 
0.12500000000000000000000000000000000000000000000000
EMAT 1 94 3 -0.12500000000000000000000000000000000000000000000000 
0.12500000000000000000000000000000000000000000000000
EMAT 1 95 3 -0.12500000000000000000000000000000000000000000000000 
0.12500000000000000000000000000000000000000000000000
EMAT 1 96 3 -0.12500000000000000000000000000000000000000000000000 
0.12500000000000000000000000000000000000000000000000
EMAT 1 112 5 0.12500000000000000000000000000000000000000000000000 
0.12500000000000000000000000000000000000000000000000
EMAT 1 113 5 0.12500000000000000000000000000000000000000000000000 
0.12500000000000000000000000000000000000000000000000
EMAT 1 114 5 -0.12500000000000000000000000000000000000000000000000 
-0.12500000000000000000000000000000000000000000000000
EMAT 1 115 5 -0.12500000000000000000000000000000000000000000000000 
-0.12500000000000000000000000000000000000000000000000
EMAT 1 116 5 0.12500000000000000000000000000000000000000000000000 
0.12500000000000000000000000000000000000000000000000
EMAT 1 117 5 0.12500000000000000000000000000000000000000000000000 
0.12500000000000000000000000000000000000000000000000
EMAT 1 118 5 -0.12500000000000000000000000000000000000000000000000 
-0.12500000000000000000000000000000000000000000000000
EMAT 1 119 5 -0.12500000000000000000000000000000000000000000000000 
-0.12500000000000000000000000000000000000000000000000
EMAT 1 120 5 0.12500000000000000000000000000000000000000000000000 
0.12500000000000000000000000000000000000000000000000
EMAT 1 121 5 0.12500000000000000000000000000000000000000000000000 
0.12500000000000000000000000000000000000000000000000
EMAT 1 122 5 0.12500000000000000000000000000000000000000000000000 
0.12500000000000000000000000000000000000000000000000
EMAT 1 123 5 0.12500000000000000000000000000000000000000000000000 
0.12500000000000000000000000000000000000000000000000
EMAT 1 132 12 -1.0000000000000000000000000000000000000000000000000 
-2.3703639872524239495831499482302458953816216303352E-78
EMAT 1 133 12 1.0000000000000000000000000000000000000000000000000 
-6.8543754939558096973397582197294086638195829823739E-78
EMAT 1 134 12 -6.5020115083960666096518383932588659602231474411432E-78 
1.0000000000000000000000000000000000000000000000000
EMAT 1 135 12 -1.0000000000000000000000000000000000000000000000000 
1.5007055733785891097924967739767172045295116496102E-77
EMAT 1 136 12 -1.5880432974244127811428865316283659716210815658252E-77 
1.0000000000000000000000000000000000000000000000000
EMAT 1 137 15 -0.12500000000000000000000000000000000000000000000000 
0.12500000000000000000000000000000000000000000000000
EMAT 1 138 15 -0.12500000000000000000000000000000000000000000000000 
0.12500000000000000000000000000000000000000000000000
EMAT 1 139 15 -0.12500000000000000000000000000000000000000000000000 
0.12500000000000000000000000000000000000000000000000
EMAT 1 140 15 -0.12500000000000000000000000000000000000000000000000 
0.12500000000000000000000000000000000000000000000000
EMAT 2 2 1 -0.050000000000000000000000000000000000000000000000000 
-0.050000000000000000000000000000000000000000000000000
EMAT 2 3 1 -0.050000000000000000000000000000000000000000000000000 
-0.050000000000000000000000000000000000000000000000000
EMAT 2 4 1 -0.050000000000000000000000000000000000000000000000000 
-0.050000000000000000000000000000000000000000000000000
EMAT 2 5 1 -0.050000000000000000000000000000000000000000000000000 
-0.050000000000000000000000000000000000000000000000000
EMAT 2 6 1 -0.050000000000000000000000000000000000000000000000000 
-0.050000000000000000000000000000000000000000000000000
EMAT 2 7 1 -0.050000000000000000000000000000000000000000000000000 
-0.050000000000000000000000000000000000000000000000000
EMAT 2 8 1 -0.050000000000000000000000000000000000000000000000000 
-0.050000000000000000000000000000000000000000000000000
EMAT 2 9 1 -0.050000000000000000000000000000000000000000000000000 
-0.050000000000000000000000000000000000000000000000000
EMAT 2 10 1 -0.050000000000000000000000000000000000000000000000000 
-0.050000000000000000000000000000000000000000000000000
EMAT 2 11 1 -0.050000000000000000000000000000000000000000000000000 
-0.050000000000000000000000000000000000000000000000000
EMAT 2 12 1 -0.050000000000000000000000000000000000000000000000000 
-0.050000000000000000000000000000000000000000000000000
EMAT 2 13 1 -0.050000000000000000000000000000000000000000000000000 
-0.050000000000000000000000000000000000000000000000000
EMAT 2 14 1 -0.050000000000000000000000000000000000000000000000000 
-0.050000000000000000000000000000000000000000000000000
EMAT 2 15 1 -0.050000000000000000000000000000000000000000000000000 
-0.050000000000000000000000000000000000000000000000000
EMAT 2 16 1 -0.050000000000000000000000000000000000000000000000000 
-0.050000000000000000000000000000000000000000000000000
EMAT 2 17 1 -0.050000000000000000000000000000000000000000000000000 
-0.050000000000000000000000000000000000000000000000000
EMAT 2 18 1 -0.050000000000000000000000000000000000000000000000000 
-0.050000000000000000000000000000000000000000000000000
EMAT 2 19 1 -0.050000000000000000000000000000000000000000000000000 
-0.050000000000000000000000000000000000000000000000000
EMAT 2 20 1 -0.050000000000000000000000000000000000000000000000000 
-0.050000000000000000000000000000000000000000000000000
EMAT 2 21 1 -0.050000000000000000000000000000000000000000000000000 
-0.050000000000000000000000000000000000000000000000000
EMAT 2 22 1 -0.050000000000000000000000000000000000000000000000000 
-0.050000000000000000000000000000000000000000000000000
EMAT 2 23 1 -0.050000000000000000000000000000000000000000000000000 
-0.050000000000000000000000000000000000000000000000000
EMAT 2 24 1 -0.050000000000000000000000000000000000000000000000000 
-0.050000000000000000000000000000000000000000000000000
EMAT 2 25 1 -0.050000000000000000000000000000000000000000000000000 
-0.050000000000000000000000000000000000000000000000000
EMAT 2 26 1 -0.050000000000000000000000000000000000000000000000000 
-0.050000000000000000000000000000000000000000000000000
EMAT 2 27 1 -0.050000000000000000000000000000000000000000000000000 
-0.050000000000000000000000000000000000000000000000000
EMAT 2 28 1 -0.050000000000000000000000000000000000000000000000000 
-0.050000000000000000000000000000000000000000000000000
EMAT 2 29 1 -0.050000000000000000000000000000000000000000000000000 
-0.050000000000000000000000000000000000000000000000000
EMAT 2 30 1 -0.050000000000000000000000000000000000000000000000000 
-0.050000000000000000000000000000000000000000000000000
EMAT 2 31 1 -0.050000000000000000000000000000000000000000000000000 
-0.050000000000000000000000000000000000000000000000000
EMAT 2 32 1 -0.050000000000000000000000000000000000000000000000000 
-0.050000000000000000000000000000000000000000000000000
EMAT 2 33 1 -0.050000000000000000000000000000000000000000000000000 
-0.050000000000000000000000000000000000000000000000000
EMAT 2 34 1 -0.050000000000000000000000000000000000000000000000000 
-0.050000000000000000000000000000000000000000000000000
EMAT 2 35 1 -0.050000000000000000000000000000000000000000000000000 
-0.050000000000000000000000000000000000000000000000000
EMAT 2 36 1 -0.050000000000000000000000000000000000000000000000000 
-0.050000000000000000000000000000000000000000000000000
EMAT 2 37 1 -0.050000000000000000000000000000000000000000000000000 
-0.050000000000000000000000000000000000000000000000000
EMAT 2 38 1 -0.050000000000000000000000000000000000000000000000000 
-0.050000000000000000000000000000000000000000000000000
EMAT 2 39 1 -0.050000000000000000000000000000000000000000000000000 
-0.050000000000000000000000000000000000000000000000000
EMAT 2 40 1 -0.050000000000000000000000000000000000000000000000000 
-0.050000000000000000000000000000000000000000000000000
EMAT 2 41 1 -0.050000000000000000000000000000000000000000000000000 
-0.050000000000000000000000000000000000000000000000000
EMAT 2 42 1 -0.050000000000000000000000000000000000000000000000000 
-0.050000000000000000000000000000000000000000000000000
EMAT 2 43 1 -0.050000000000000000000000000000000000000000000000000 
-0.050000000000000000000000000000000000000000000000000
EMAT 2 44 1 -0.050000000000000000000000000000000000000000000000000 
-0.050000000000000000000000000000000000000000000000000
EMAT 2 45 1 -0.050000000000000000000000000000000000000000000000000 
-0.050000000000000000000000000000000000000000000000000
EMAT 2 46 1 -0.050000000000000000000000000000000000000000000000000 
-0.050000000000000000000000000000000000000000000000000
EMAT 2 47 1 -0.050000000000000000000000000000000000000000000000000 
-0.050000000000000000000000000000000000000000000000000
EMAT 2 48 1 -0.050000000000000000000000000000000000000000000000000 
-0.050000000000000000000000000000000000000000000000000
EMAT 2 49 1 -0.050000000000000000000000000000000000000000000000000 
-0.050000000000000000000000000000000000000000000000000
EMAT 2 50 1 -0.050000000000000000000000000000000000000000000000000 
-0.050000000000000000000000000000000000000000000000000
EMAT 2 51 1 -0.050000000000000000000000000000000000000000000000000 
-0.050000000000000000000000000000000000000000000000000
EMAT 2 52 1 -0.050000000000000000000000000000000000000000000000000 
-0.050000000000000000000000000000000000000000000000000
EMAT 2 53 1 -0.050000000000000000000000000000000000000000000000000 
-0.050000000000000000000000000000000000000000000000000
EMAT 2 54 1 -0.050000000000000000000000000000000000000000000000000 
-0.050000000000000000000000000000000000000000000000000
EMAT 2 55 1 -0.050000000000000000000000000000000000000000000000000 
-0.050000000000000000000000000000000000000000000000000
EMAT 2 56 1 -0.050000000000000000000000000000000000000000000000000 
-0.050000000000000000000000000000000000000000000000000
EMAT 2 57 1 -0.050000000000000000000000000000000000000000000000000 
-0.050000000000000000000000000000000000000000000000000
EMAT 2 58 1 -0.050000000000000000000000000000000000000000000000000 
-0.050000000000000000000000000000000000000000000000000
EMAT 2 59 1 -0.050000000000000000000000000000000000000000000000000 
-0.050000000000000000000000000000000000000000000000000
EMAT 2 60 1 -0.050000000000000000000000000000000000000000000000000 
-0.050000000000000000000000000000000000000000000000000
EMAT 2 61 1 -0.050000000000000000000000000000000000000000000000000 
-0.050000000000000000000000000000000000000000000000000
EMAT 2 77 3 0.050000000000000000000000000000000000000000000000000 
-0.050000000000000000000000000000000000000000000000000
EMAT 2 78 3 0.050000000000000000000000000000000000000000000000000 
-0.050000000000000000000000000000000000000000000000000
EMAT 2 79 3 0.050000000000000000000000000000000000000000000000000 
-0.050000000000000000000000000000000000000000000000000
EMAT 2 80 3 0.050000000000000000000000000000000000000000000000000 
-0.050000000000000000000000000000000000000000000000000
EMAT 2 81 3 0.050000000000000000000000000000000000000000000000000 
-0.050000000000000000000000000000000000000000000000000
EMAT 2 82 3 0.050000000000000000000000000000000000000000000000000 
-0.050000000000000000000000000000000000000000000000000
EMAT 2 83 3 0.050000000000000000000000000000000000000000000000000 
-0.050000000000000000000000000000000000000000000000000
EMAT 2 84 3 0.050000000000000000000000000000000000000000000000000 
-0.050000000000000000000000000000000000000000000000000
EMAT 2 85 3 0.050000000000000000000000000000000000000000000000000 
-0.050000000000000000000000000000000000000000000000000
EMAT 2 86 3 0.050000000000000000000000000000000000000000000000000 
-0.050000000000000000000000000000000000000000000000000
EMAT 2 87 3 0.050000000000000000000000000000000000000000000000000 
-0.050000000000000000000000000000000000000000000000000
EMAT 2 88 3 0.050000000000000000000000000000000000000000000000000 
-0.050000000000000000000000000000000000000000000000000
EMAT 2 89 3 0.050000000000000000000000000000000000000000000000000 
-0.050000000000000000000000000000000000000000000000000
EMAT 2 90 3 0.050000000000000000000000000000000000000000000000000 
-0.050000000000000000000000000000000000000000000000000
EMAT 2 91 3 0.050000000000000000000000000000000000000000000000000 
-0.050000000000000000000000000000000000000000000000000
EMAT 2 92 3 0.050000000000000000000000000000000000000000000000000 
-0.050000000000000000000000000000000000000000000000000
EMAT 2 93 3 0.050000000000000000000000000000000000000000000000000 
-0.050000000000000000000000000000000000000000000000000
EMAT 2 94 3 0.050000000000000000000000000000000000000000000000000 
-0.050000000000000000000000000000000000000000000000000
EMAT 2 95 3 0.050000000000000000000000000000000000000000000000000 
-0.050000000000000000000000000000000000000000000000000
EMAT 2 96 3 0.050000000000000000000000000000000000000000000000000 
-0.050000000000000000000000000000000000000000000000000
EMAT 2 97 4 -0.20000000000000000000000000000000000000000000000000 
-3.3013764631698670687710670333682276188977274373876E-80
EMAT 2 98 4 -3.4710115876471133879595934531136115972361707156666E-80 
0.20000000000000000000000000000000000000000000000000
EMAT 2 99 4 -0.20000000000000000000000000000000000000000000000000 
4.7720653014604710773048161093283575529644961956779E-80
EMAT 2 100 4 4.9328134255734672545025890970137693604287099646163E-79 
0.20000000000000000000000000000000000000000000000000
EMAT 2 101 4 -0.20000000000000000000000000000000000000000000000000 
-6.9072925187580911303010128197320495786166433557852E-80
EMAT 2 102 4 -5.4496120973358557251731369977263570963368350691156E-79 
0.20000000000000000000000000000000000000000000000000
EMAT 2 103 4 -0.20000000000000000000000000000000000000000000000000 
-1.3554902285590291287024335833107064188612745760983E-79
EMAT 2 104 4 -1.5637634401579698397916393209120655887925791029978E-78 
0.20000000000000000000000000000000000000000000000000
EMAT 2 105 4 -0.20000000000000000000000000000000000000000000000000 
-2.0865128311220406422243391849304458547707654809809E-79
EMAT 2 106 4 -2.1454645228572134348781063630189554295350835505154E-79 
0.20000000000000000000000000000000000000000000000000
EMAT 2 107 4 -0.20000000000000000000000000000000000000000000000000 
3.0250998564517685200773330541573956918874501974949E-79
EMAT 2 108 4 1.2577848659102900658510936185548002840091067084888E-78 
0.20000000000000000000000000000000000000000000000000
EMAT 2 109 4 -0.20000000000000000000000000000000000000000000000000 
-1.5288485618750714828593997958900116288458239736129E-78
EMAT 2 110 4 1.1865521250402671333727121207310383992199375803710E-78 
0.20000000000000000000000000000000000000000000000000
EMAT 2 111 4 -0.20000000000000000000000000000000000000000000000000 
2.9943455139881505599086298544216647272687458245222E-79
EMAT 2 132 12 -0.20000000000000000000000000000000000000000000000000 
-6.7311811027791643832759613720979576243895698805521E-79
EMAT 2 133 12 0.20000000000000000000000000000000000000000000000000 
-2.0604774520020044274656989257670923329176735599904E-78
EMAT 2 134 12 -1.0709532397822496265345422261232133927226525544300E-78 
0.20000000000000000000000000000000000000000000000000
EMAT 2 135 12 -0.20000000000000000000000000000000000000000000000000 
2.4429809144253587367294597844010416986432657188586E-78
EMAT 2 136 12 1.0484762141971193250207112472137878475204546070218E-78 
0.20000000000000000000000000000000000000000000000000
EMAT 3 1 60 1.0000000000000000000000000000000000000000000000000 
1.0832584441224808393991766100044470689755109043423E-80
EMAT 3 2 1 -0.11111111111111111111111111111111111111111111111111 
-0.11111111111111111111111111111111111111111111111111
EMAT 3 3 1 -0.11111111111111111111111111111111111111111111111111 
-0.11111111111111111111111111111111111111111111111111
EMAT 3 4 1 -0.11111111111111111111111111111111111111111111111111 
-0.11111111111111111111111111111111111111111111111111
EMAT 3 5 1 -0.11111111111111111111111111111111111111111111111111 
-0.11111111111111111111111111111111111111111111111111
EMAT 3 6 1 -0.11111111111111111111111111111111111111111111111111 
-0.11111111111111111111111111111111111111111111111111
EMAT 3 7 1 -0.11111111111111111111111111111111111111111111111111 
-0.11111111111111111111111111111111111111111111111111
EMAT 3 8 1 -0.11111111111111111111111111111111111111111111111111 
-0.11111111111111111111111111111111111111111111111111
EMAT 3 9 1 -0.11111111111111111111111111111111111111111111111111 
-0.11111111111111111111111111111111111111111111111111
EMAT 3 10 1 -0.11111111111111111111111111111111111111111111111111 
-0.11111111111111111111111111111111111111111111111111
EMAT 3 11 1 -0.11111111111111111111111111111111111111111111111111 
-0.11111111111111111111111111111111111111111111111111
EMAT 3 12 1 -0.11111111111111111111111111111111111111111111111111 
-0.11111111111111111111111111111111111111111111111111
EMAT 3 13 1 -0.11111111111111111111111111111111111111111111111111 
-0.11111111111111111111111111111111111111111111111111
EMAT 3 14 1 -0.11111111111111111111111111111111111111111111111111 
-0.11111111111111111111111111111111111111111111111111
EMAT 3 15 1 -0.11111111111111111111111111111111111111111111111111 
-0.11111111111111111111111111111111111111111111111111
EMAT 3 16 1 -0.11111111111111111111111111111111111111111111111111 
-0.11111111111111111111111111111111111111111111111111
EMAT 3 17 1 -0.11111111111111111111111111111111111111111111111111 
-0.11111111111111111111111111111111111111111111111111
EMAT 3 18 1 -0.11111111111111111111111111111111111111111111111111 
-0.11111111111111111111111111111111111111111111111111
EMAT 3 19 1 -0.11111111111111111111111111111111111111111111111111 
-0.11111111111111111111111111111111111111111111111111
EMAT 3 20 1 -0.11111111111111111111111111111111111111111111111111 
-0.11111111111111111111111111111111111111111111111111
EMAT 3 21 1 -0.11111111111111111111111111111111111111111111111111 
-0.11111111111111111111111111111111111111111111111111
EMAT 3 22 1 -0.11111111111111111111111111111111111111111111111111 
-0.11111111111111111111111111111111111111111111111111
EMAT 3 23 1 -0.11111111111111111111111111111111111111111111111111 
-0.11111111111111111111111111111111111111111111111111
EMAT 3 24 1 -0.11111111111111111111111111111111111111111111111111 
-0.11111111111111111111111111111111111111111111111111
EMAT 3 25 1 -0.11111111111111111111111111111111111111111111111111 
-0.11111111111111111111111111111111111111111111111111
EMAT 3 26 1 -0.11111111111111111111111111111111111111111111111111 
-0.11111111111111111111111111111111111111111111111111
EMAT 3 27 1 -0.11111111111111111111111111111111111111111111111111 
-0.11111111111111111111111111111111111111111111111111
EMAT 3 28 1 -0.11111111111111111111111111111111111111111111111111 
-0.11111111111111111111111111111111111111111111111111
EMAT 3 29 1 -0.11111111111111111111111111111111111111111111111111 
-0.11111111111111111111111111111111111111111111111111
EMAT 3 30 1 -0.11111111111111111111111111111111111111111111111111 
-0.11111111111111111111111111111111111111111111111111
EMAT 3 31 1 -0.11111111111111111111111111111111111111111111111111 
-0.11111111111111111111111111111111111111111111111111
EMAT 3 32 1 -0.11111111111111111111111111111111111111111111111111 
-0.11111111111111111111111111111111111111111111111111
EMAT 3 33 1 -0.11111111111111111111111111111111111111111111111111 
-0.11111111111111111111111111111111111111111111111111
EMAT 3 34 1 -0.11111111111111111111111111111111111111111111111111 
-0.11111111111111111111111111111111111111111111111111
EMAT 3 35 1 -0.11111111111111111111111111111111111111111111111111 
-0.11111111111111111111111111111111111111111111111111
EMAT 3 36 1 -0.11111111111111111111111111111111111111111111111111 
-0.11111111111111111111111111111111111111111111111111
EMAT 3 37 1 -0.11111111111111111111111111111111111111111111111111 
-0.11111111111111111111111111111111111111111111111111
EMAT 3 38 1 -0.11111111111111111111111111111111111111111111111111 
-0.11111111111111111111111111111111111111111111111111
EMAT 3 39 1 -0.11111111111111111111111111111111111111111111111111 
-0.11111111111111111111111111111111111111111111111111
EMAT 3 40 1 -0.11111111111111111111111111111111111111111111111111 
-0.11111111111111111111111111111111111111111111111111
EMAT 3 41 1 -0.11111111111111111111111111111111111111111111111111 
-0.11111111111111111111111111111111111111111111111111
EMAT 3 42 1 -0.11111111111111111111111111111111111111111111111111 
-0.11111111111111111111111111111111111111111111111111
EMAT 3 43 1 -0.11111111111111111111111111111111111111111111111111 
-0.11111111111111111111111111111111111111111111111111
EMAT 3 44 1 -0.11111111111111111111111111111111111111111111111111 
-0.11111111111111111111111111111111111111111111111111
EMAT 3 45 1 -0.11111111111111111111111111111111111111111111111111 
-0.11111111111111111111111111111111111111111111111111
EMAT 3 46 1 -0.11111111111111111111111111111111111111111111111111 
-0.11111111111111111111111111111111111111111111111111
EMAT 3 47 1 -0.11111111111111111111111111111111111111111111111111 
-0.11111111111111111111111111111111111111111111111111
EMAT 3 48 1 -0.11111111111111111111111111111111111111111111111111 
-0.11111111111111111111111111111111111111111111111111
EMAT 3 49 1 -0.11111111111111111111111111111111111111111111111111 
-0.11111111111111111111111111111111111111111111111111
EMAT 3 50 1 -0.11111111111111111111111111111111111111111111111111 
-0.11111111111111111111111111111111111111111111111111
EMAT 3 51 1 -0.11111111111111111111111111111111111111111111111111 
-0.11111111111111111111111111111111111111111111111111
EMAT 3 52 1 -0.11111111111111111111111111111111111111111111111111 
-0.11111111111111111111111111111111111111111111111111
EMAT 3 53 1 -0.11111111111111111111111111111111111111111111111111 
-0.11111111111111111111111111111111111111111111111111
EMAT 3 54 1 -0.11111111111111111111111111111111111111111111111111 
-0.11111111111111111111111111111111111111111111111111
EMAT 3 55 1 -0.11111111111111111111111111111111111111111111111111 
-0.11111111111111111111111111111111111111111111111111
EMAT 3 56 1 -0.11111111111111111111111111111111111111111111111111 
-0.11111111111111111111111111111111111111111111111111
EMAT 3 57 1 -0.11111111111111111111111111111111111111111111111111 
-0.11111111111111111111111111111111111111111111111111
EMAT 3 58 1 -0.11111111111111111111111111111111111111111111111111 
-0.11111111111111111111111111111111111111111111111111
EMAT 3 59 1 -0.11111111111111111111111111111111111111111111111111 
-0.11111111111111111111111111111111111111111111111111
EMAT 3 60 1 -0.11111111111111111111111111111111111111111111111111 
-0.11111111111111111111111111111111111111111111111111
EMAT 3 61 1 -0.11111111111111111111111111111111111111111111111111 
-0.11111111111111111111111111111111111111111111111111
EMAT 3 97 4 -0.11111111111111111111111111111111111111111111111111 
-1.0231764166622413053341863529087833392363709376831E-81
EMAT 3 98 4 -4.3998511782908717415565701362344460886748069000552E-80 
0.11111111111111111111111111111111111111111111111111
EMAT 3 99 4 -0.11111111111111111111111111111111111111111111111111 
-2.8352039101297382845867597656409004642084232332176E-80
EMAT 3 100 4 5.7151339544594045037613382680506484797436372294257E-80 
0.11111111111111111111111111111111111111111111111111
EMAT 3 101 4 -0.11111111111111111111111111111111111111111111111111 
-4.9162036631600069119062245442293202336560475456438E-80
EMAT 3 102 4 -4.5780361336575691550692615234707504041876848050928E-80 
0.11111111111111111111111111111111111111111111111111
EMAT 3 103 4 -0.11111111111111111111111111111111111111111111111111 
-1.3698983285190857800582793365979301856471863613493E-79
EMAT 3 104 4 -1.3987011409016700925788595889745696431812849802943E-79 
0.11111111111111111111111111111111111111111111111111
EMAT 3 105 4 -0.11111111111111111111111111111111111111111111111111 
-4.0565546936583880436668241931872881097126694776224E-80
EMAT 3 106 4 -1.1742473933580428186947254045463773907044786065434E-79 
0.11111111111111111111111111111111111111111111111111
EMAT 3 107 4 -0.11111111111111111111111111111111111111111111111111 
-1.4217711069824331747176855014320007524068790066357E-79
EMAT 3 108 4 4.5617193790235426120623736280509561199764459116587E-80 
0.11111111111111111111111111111111111111111111111111
EMAT 3 109 4 -0.11111111111111111111111111111111111111111111111111 
-1.5816047102505585678822289294938063129553380862764E-79
EMAT 3 110 4 -1.9250039022900035686111841832455808996033347426708E-79 
0.11111111111111111111111111111111111111111111111111
EMAT 3 111 4 -0.11111111111111111111111111111111111111111111111111 
-2.9927036391069987543343425511664161987389237198319E-79
EMAT 3 112 5 0.11111111111111111111111111111111111111111111111111 
0.11111111111111111111111111111111111111111111111111
EMAT 3 113 5 0.11111111111111111111111111111111111111111111111111 
0.11111111111111111111111111111111111111111111111111
EMAT 3 114 5 -0.11111111111111111111111111111111111111111111111111 
-0.11111111111111111111111111111111111111111111111111
EMAT 3 115 5 -0.11111111111111111111111111111111111111111111111111 
-0.11111111111111111111111111111111111111111111111111
EMAT 3 116 5 0.11111111111111111111111111111111111111111111111111 
0.11111111111111111111111111111111111111111111111111
EMAT 3 117 5 0.11111111111111111111111111111111111111111111111111 
0.11111111111111111111111111111111111111111111111111
EMAT 3 118 5 -0.11111111111111111111111111111111111111111111111111 
-0.11111111111111111111111111111111111111111111111111
EMAT 3 119 5 -0.11111111111111111111111111111111111111111111111111 
-0.11111111111111111111111111111111111111111111111111
EMAT 3 120 5 0.11111111111111111111111111111111111111111111111111 
0.11111111111111111111111111111111111111111111111111
EMAT 3 121 5 0.11111111111111111111111111111111111111111111111111 
0.11111111111111111111111111111111111111111111111111
EMAT 3 122 5 0.11111111111111111111111111111111111111111111111111 
0.11111111111111111111111111111111111111111111111111
EMAT 3 123 5 0.11111111111111111111111111111111111111111111111111 
0.11111111111111111111111111111111111111111111111111
EMAT 3 132 12 -1.0000000000000000000000000000000000000000000000000 
1.3476344847228058150323700439527077388681798364858E-78
EMAT 3 133 12 1.0000000000000000000000000000000000000000000000000 
-2.0867279509642646741421181933643447827401012463526E-78
EMAT 3 134 12 2.0190557095317225550854117294201449006022642214999E-79 
1.0000000000000000000000000000000000000000000000000
EMAT 3 135 12 -1.0000000000000000000000000000000000000000000000000 
1.0314325487332875499147070983629204065514859369490E-77
EMAT 3 136 12 -6.2669874977569837180731716622950054706025975349492E-79 
1.0000000000000000000000000000000000000000000000000
EMAT 3 141 20 -0.11111111111111111111111111111111111111111111111111 
1.6892047490981965812174304378674980629786476652953E-79
EMAT 3 142 20 -4.4268389218263804497078564084124749126136104848999E-80 
0.11111111111111111111111111111111111111111111111111
EMAT 3 143 20 4.7578093056171737437380571197248980426266485866448E-79 
-0.11111111111111111111111111111111111111111111111111
EMAT 4 1 60 1.0000000000000000000000000000000000000000000000000 
-3.0052442796770259166207971255350892581845267501513E-80
EMAT 4 2 1 -0.062500000000000000000000000000000000000000000000000 
-0.062500000000000000000000000000000000000000000000000
EMAT 4 3 1 -0.062500000000000000000000000000000000000000000000000 
-0.062500000000000000000000000000000000000000000000000
EMAT 4 4 1 -0.062500000000000000000000000000000000000000000000000 
-0.062500000000000000000000000000000000000000000000000
EMAT 4 5 1 -0.062500000000000000000000000000000000000000000000000 
-0.062500000000000000000000000000000000000000000000000
EMAT 4 6 1 -0.062500000000000000000000000000000000000000000000000 
-0.062500000000000000000000000000000000000000000000000
EMAT 4 7 1 -0.062500000000000000000000000000000000000000000000000 
-0.062500000000000000000000000000000000000000000000000
EMAT 4 8 1 -0.062500000000000000000000000000000000000000000000000 
-0.062500000000000000000000000000000000000000000000000
EMAT 4 9 1 -0.062500000000000000000000000000000000000000000000000 
-0.062500000000000000000000000000000000000000000000000
EMAT 4 10 1 -0.062500000000000000000000000000000000000000000000000 
-0.062500000000000000000000000000000000000000000000000
EMAT 4 11 1 -0.062500000000000000000000000000000000000000000000000 
-0.062500000000000000000000000000000000000000000000000
EMAT 4 12 1 -0.062500000000000000000000000000000000000000000000000 
-0.062500000000000000000000000000000000000000000000000
EMAT 4 13 1 -0.062500000000000000000000000000000000000000000000000 
-0.062500000000000000000000000000000000000000000000000
EMAT 4 14 1 -0.062500000000000000000000000000000000000000000000000 
-0.062500000000000000000000000000000000000000000000000
EMAT 4 15 1 -0.062500000000000000000000000000000000000000000000000 
-0.062500000000000000000000000000000000000000000000000
EMAT 4 16 1 -0.062500000000000000000000000000000000000000000000000 
-0.062500000000000000000000000000000000000000000000000
EMAT 4 17 1 -0.062500000000000000000000000000000000000000000000000 
-0.062500000000000000000000000000000000000000000000000
EMAT 4 18 1 -0.062500000000000000000000000000000000000000000000000 
-0.062500000000000000000000000000000000000000000000000
EMAT 4 19 1 -0.062500000000000000000000000000000000000000000000000 
-0.062500000000000000000000000000000000000000000000000
EMAT 4 20 1 -0.062500000000000000000000000000000000000000000000000 
-0.062500000000000000000000000000000000000000000000000
EMAT 4 21 1 -0.062500000000000000000000000000000000000000000000000 
-0.062500000000000000000000000000000000000000000000000
EMAT 4 22 1 -0.062500000000000000000000000000000000000000000000000 
-0.062500000000000000000000000000000000000000000000000
EMAT 4 23 1 -0.062500000000000000000000000000000000000000000000000 
-0.062500000000000000000000000000000000000000000000000
EMAT 4 24 1 -0.062500000000000000000000000000000000000000000000000 
-0.062500000000000000000000000000000000000000000000000
EMAT 4 25 1 -0.062500000000000000000000000000000000000000000000000 
-0.062500000000000000000000000000000000000000000000000
EMAT 4 26 1 -0.062500000000000000000000000000000000000000000000000 
-0.062500000000000000000000000000000000000000000000000
EMAT 4 27 1 -0.062500000000000000000000000000000000000000000000000 
-0.062500000000000000000000000000000000000000000000000
EMAT 4 28 1 -0.062500000000000000000000000000000000000000000000000 
-0.062500000000000000000000000000000000000000000000000
EMAT 4 29 1 -0.062500000000000000000000000000000000000000000000000 
-0.062500000000000000000000000000000000000000000000000
EMAT 4 30 1 -0.062500000000000000000000000000000000000000000000000 
-0.062500000000000000000000000000000000000000000000000
EMAT 4 31 1 -0.062500000000000000000000000000000000000000000000000 
-0.062500000000000000000000000000000000000000000000000
EMAT 4 32 1 -0.062500000000000000000000000000000000000000000000000 
-0.062500000000000000000000000000000000000000000000000
EMAT 4 33 1 -0.062500000000000000000000000000000000000000000000000 
-0.062500000000000000000000000000000000000000000000000
EMAT 4 34 1 -0.062500000000000000000000000000000000000000000000000 
-0.062500000000000000000000000000000000000000000000000
EMAT 4 35 1 -0.062500000000000000000000000000000000000000000000000 
-0.062500000000000000000000000000000000000000000000000
EMAT 4 36 1 -0.062500000000000000000000000000000000000000000000000 
-0.062500000000000000000000000000000000000000000000000
EMAT 4 37 1 -0.062500000000000000000000000000000000000000000000000 
-0.062500000000000000000000000000000000000000000000000
EMAT 4 38 1 -0.062500000000000000000000000000000000000000000000000 
-0.062500000000000000000000000000000000000000000000000
EMAT 4 39 1 -0.062500000000000000000000000000000000000000000000000 
-0.062500000000000000000000000000000000000000000000000
EMAT 4 40 1 -0.062500000000000000000000000000000000000000000000000 
-0.062500000000000000000000000000000000000000000000000
EMAT 4 41 1 -0.062500000000000000000000000000000000000000000000000 
-0.062500000000000000000000000000000000000000000000000
EMAT 4 42 1 -0.062500000000000000000000000000000000000000000000000 
-0.062500000000000000000000000000000000000000000000000
EMAT 4 43 1 -0.062500000000000000000000000000000000000000000000000 
-0.062500000000000000000000000000000000000000000000000
EMAT 4 44 1 -0.062500000000000000000000000000000000000000000000000 
-0.062500000000000000000000000000000000000000000000000
EMAT 4 45 1 -0.062500000000000000000000000000000000000000000000000 
-0.062500000000000000000000000000000000000000000000000
EMAT 4 46 1 -0.062500000000000000000000000000000000000000000000000 
-0.062500000000000000000000000000000000000000000000000
EMAT 4 47 1 -0.062500000000000000000000000000000000000000000000000 
-0.062500000000000000000000000000000000000000000000000
EMAT 4 48 1 -0.062500000000000000000000000000000000000000000000000 
-0.062500000000000000000000000000000000000000000000000
EMAT 4 49 1 -0.062500000000000000000000000000000000000000000000000 
-0.062500000000000000000000000000000000000000000000000
EMAT 4 50 1 -0.062500000000000000000000000000000000000000000000000 
-0.062500000000000000000000000000000000000000000000000
EMAT 4 51 1 -0.062500000000000000000000000000000000000000000000000 
-0.062500000000000000000000000000000000000000000000000
EMAT 4 52 1 -0.062500000000000000000000000000000000000000000000000 
-0.062500000000000000000000000000000000000000000000000
EMAT 4 53 1 -0.062500000000000000000000000000000000000000000000000 
-0.062500000000000000000000000000000000000000000000000
EMAT 4 54 1 -0.062500000000000000000000000000000000000000000000000 
-0.062500000000000000000000000000000000000000000000000
EMAT 4 55 1 -0.062500000000000000000000000000000000000000000000000 
-0.062500000000000000000000000000000000000000000000000
EMAT 4 56 1 -0.062500000000000000000000000000000000000000000000000 
-0.062500000000000000000000000000000000000000000000000
EMAT 4 57 1 -0.062500000000000000000000000000000000000000000000000 
-0.062500000000000000000000000000000000000000000000000
EMAT 4 58 1 -0.062500000000000000000000000000000000000000000000000 
-0.062500000000000000000000000000000000000000000000000
EMAT 4 59 1 -0.062500000000000000000000000000000000000000000000000 
-0.062500000000000000000000000000000000000000000000000
EMAT 4 60 1 -0.062500000000000000000000000000000000000000000000000 
-0.062500000000000000000000000000000000000000000000000
EMAT 4 61 1 -0.062500000000000000000000000000000000000000000000000 
-0.062500000000000000000000000000000000000000000000000
EMAT 4 77 3 0.062500000000000000000000000000000000000000000000000 
-0.062500000000000000000000000000000000000000000000000
EMAT 4 78 3 0.062500000000000000000000000000000000000000000000000 
-0.062500000000000000000000000000000000000000000000000
EMAT 4 79 3 0.062500000000000000000000000000000000000000000000000 
-0.062500000000000000000000000000000000000000000000000
EMAT 4 80 3 0.062500000000000000000000000000000000000000000000000 
-0.062500000000000000000000000000000000000000000000000
EMAT 4 81 3 0.062500000000000000000000000000000000000000000000000 
-0.062500000000000000000000000000000000000000000000000
EMAT 4 82 3 0.062500000000000000000000000000000000000000000000000 
-0.062500000000000000000000000000000000000000000000000
EMAT 4 83 3 0.062500000000000000000000000000000000000000000000000 
-0.062500000000000000000000000000000000000000000000000
EMAT 4 84 3 0.062500000000000000000000000000000000000000000000000 
-0.062500000000000000000000000000000000000000000000000
EMAT 4 85 3 0.062500000000000000000000000000000000000000000000000 
-0.062500000000000000000000000000000000000000000000000
EMAT 4 86 3 0.062500000000000000000000000000000000000000000000000 
-0.062500000000000000000000000000000000000000000000000
EMAT 4 87 3 0.062500000000000000000000000000000000000000000000000 
-0.062500000000000000000000000000000000000000000000000
EMAT 4 88 3 0.062500000000000000000000000000000000000000000000000 
-0.062500000000000000000000000000000000000000000000000
EMAT 4 89 3 0.062500000000000000000000000000000000000000000000000 
-0.062500000000000000000000000000000000000000000000000
EMAT 4 90 3 0.062500000000000000000000000000000000000000000000000 
-0.062500000000000000000000000000000000000000000000000
EMAT 4 91 3 0.062500000000000000000000000000000000000000000000000 
-0.062500000000000000000000000000000000000000000000000
EMAT 4 92 3 0.062500000000000000000000000000000000000000000000000 
-0.062500000000000000000000000000000000000000000000000
EMAT 4 93 3 0.062500000000000000000000000000000000000000000000000 
-0.062500000000000000000000000000000000000000000000000
EMAT 4 94 3 0.062500000000000000000000000000000000000000000000000 
-0.062500000000000000000000000000000000000000000000000
EMAT 4 95 3 0.062500000000000000000000000000000000000000000000000 
-0.062500000000000000000000000000000000000000000000000
EMAT 4 96 3 0.062500000000000000000000000000000000000000000000000 
-0.062500000000000000000000000000000000000000000000000
EMAT 4 112 5 -0.062500000000000000000000000000000000000000000000000 
-0.062500000000000000000000000000000000000000000000000
EMAT 4 113 5 -0.062500000000000000000000000000000000000000000000000 
-0.062500000000000000000000000000000000000000000000000
EMAT 4 114 5 0.062500000000000000000000000000000000000000000000000 
0.062500000000000000000000000000000000000000000000000
EMAT 4 115 5 0.062500000000000000000000000000000000000000000000000 
0.062500000000000000000000000000000000000000000000000
EMAT 4 116 5 -0.062500000000000000000000000000000000000000000000000 
-0.062500000000000000000000000000000000000000000000000
EMAT 4 117 5 -0.062500000000000000000000000000000000000000000000000 
-0.062500000000000000000000000000000000000000000000000
EMAT 4 118 5 0.062500000000000000000000000000000000000000000000000 
0.062500000000000000000000000000000000000000000000000
EMAT 4 119 5 0.062500000000000000000000000000000000000000000000000 
0.062500000000000000000000000000000000000000000000000
EMAT 4 120 5 -0.062500000000000000000000000000000000000000000000000 
-0.062500000000000000000000000000000000000000000000000
EMAT 4 121 5 -0.062500000000000000000000000000000000000000000000000 
-0.062500000000000000000000000000000000000000000000000
EMAT 4 122 5 -0.062500000000000000000000000000000000000000000000000 
-0.062500000000000000000000000000000000000000000000000
EMAT 4 123 5 -0.062500000000000000000000000000000000000000000000000 
-0.062500000000000000000000000000000000000000000000000
EMAT 4 137 15 -0.062500000000000000000000000000000000000000000000000 
0.062500000000000000000000000000000000000000000000000
EMAT 4 138 15 -0.062500000000000000000000000000000000000000000000000 
0.062500000000000000000000000000000000000000000000000
EMAT 4 139 15 -0.062500000000000000000000000000000000000000000000000 
0.062500000000000000000000000000000000000000000000000
EMAT 4 140 15 -0.062500000000000000000000000000000000000000000000000 
0.062500000000000000000000000000000000000000000000000
EMAT 4 141 20 -1.0000000000000000000000000000000000000000000000000 
2.4322506772409084548731553520341027410751055167347E-78
EMAT 4 142 20 -2.2709806786750005549509699165790523024235399762343E-78 
1.0000000000000000000000000000000000000000000000000
EMAT 4 143 20 -1.3580755156693271116820413637674379310597882133957E-77 
-1.0000000000000000000000000000000000000000000000000
EMAT 5 2 1 -0.012500000000000000000000000000000000000000000000000 
-0.012500000000000000000000000000000000000000000000000
EMAT 5 3 1 -0.012500000000000000000000000000000000000000000000000 
-0.012500000000000000000000000000000000000000000000000
EMAT 5 4 1 -0.012500000000000000000000000000000000000000000000000 
-0.012500000000000000000000000000000000000000000000000
EMAT 5 5 1 -0.012500000000000000000000000000000000000000000000000 
-0.012500000000000000000000000000000000000000000000000
EMAT 5 6 1 -0.012500000000000000000000000000000000000000000000000 
-0.012500000000000000000000000000000000000000000000000
EMAT 5 7 1 -0.012500000000000000000000000000000000000000000000000 
-0.012500000000000000000000000000000000000000000000000
EMAT 5 8 1 -0.012500000000000000000000000000000000000000000000000 
-0.012500000000000000000000000000000000000000000000000
EMAT 5 9 1 -0.012500000000000000000000000000000000000000000000000 
-0.012500000000000000000000000000000000000000000000000
EMAT 5 10 1 -0.012500000000000000000000000000000000000000000000000 
-0.012500000000000000000000000000000000000000000000000
EMAT 5 11 1 -0.012500000000000000000000000000000000000000000000000 
-0.012500000000000000000000000000000000000000000000000
EMAT 5 12 1 -0.012500000000000000000000000000000000000000000000000 
-0.012500000000000000000000000000000000000000000000000
EMAT 5 13 1 -0.012500000000000000000000000000000000000000000000000 
-0.012500000000000000000000000000000000000000000000000
EMAT 5 14 1 -0.012500000000000000000000000000000000000000000000000 
-0.012500000000000000000000000000000000000000000000000
EMAT 5 15 1 -0.012500000000000000000000000000000000000000000000000 
-0.012500000000000000000000000000000000000000000000000
EMAT 5 16 1 -0.012500000000000000000000000000000000000000000000000 
-0.012500000000000000000000000000000000000000000000000
EMAT 5 17 1 -0.012500000000000000000000000000000000000000000000000 
-0.012500000000000000000000000000000000000000000000000
EMAT 5 18 1 -0.012500000000000000000000000000000000000000000000000 
-0.012500000000000000000000000000000000000000000000000
EMAT 5 19 1 -0.012500000000000000000000000000000000000000000000000 
-0.012500000000000000000000000000000000000000000000000
EMAT 5 20 1 -0.012500000000000000000000000000000000000000000000000 
-0.012500000000000000000000000000000000000000000000000
EMAT 5 21 1 -0.012500000000000000000000000000000000000000000000000 
-0.012500000000000000000000000000000000000000000000000
EMAT 5 22 1 -0.012500000000000000000000000000000000000000000000000 
-0.012500000000000000000000000000000000000000000000000
EMAT 5 23 1 -0.012500000000000000000000000000000000000000000000000 
-0.012500000000000000000000000000000000000000000000000
EMAT 5 24 1 -0.012500000000000000000000000000000000000000000000000 
-0.012500000000000000000000000000000000000000000000000
EMAT 5 25 1 -0.012500000000000000000000000000000000000000000000000 
-0.012500000000000000000000000000000000000000000000000
EMAT 5 26 1 -0.012500000000000000000000000000000000000000000000000 
-0.012500000000000000000000000000000000000000000000000
EMAT 5 27 1 -0.012500000000000000000000000000000000000000000000000 
-0.012500000000000000000000000000000000000000000000000
EMAT 5 28 1 -0.012500000000000000000000000000000000000000000000000 
-0.012500000000000000000000000000000000000000000000000
EMAT 5 29 1 -0.012500000000000000000000000000000000000000000000000 
-0.012500000000000000000000000000000000000000000000000
EMAT 5 30 1 -0.012500000000000000000000000000000000000000000000000 
-0.012500000000000000000000000000000000000000000000000
EMAT 5 31 1 -0.012500000000000000000000000000000000000000000000000 
-0.012500000000000000000000000000000000000000000000000
EMAT 5 32 1 -0.012500000000000000000000000000000000000000000000000 
-0.012500000000000000000000000000000000000000000000000
EMAT 5 33 1 -0.012500000000000000000000000000000000000000000000000 
-0.012500000000000000000000000000000000000000000000000
EMAT 5 34 1 -0.012500000000000000000000000000000000000000000000000 
-0.012500000000000000000000000000000000000000000000000
EMAT 5 35 1 -0.012500000000000000000000000000000000000000000000000 
-0.012500000000000000000000000000000000000000000000000
EMAT 5 36 1 -0.012500000000000000000000000000000000000000000000000 
-0.012500000000000000000000000000000000000000000000000
EMAT 5 37 1 -0.012500000000000000000000000000000000000000000000000 
-0.012500000000000000000000000000000000000000000000000
EMAT 5 38 1 -0.012500000000000000000000000000000000000000000000000 
-0.012500000000000000000000000000000000000000000000000
EMAT 5 39 1 -0.012500000000000000000000000000000000000000000000000 
-0.012500000000000000000000000000000000000000000000000
EMAT 5 40 1 -0.012500000000000000000000000000000000000000000000000 
-0.012500000000000000000000000000000000000000000000000
EMAT 5 41 1 -0.012500000000000000000000000000000000000000000000000 
-0.012500000000000000000000000000000000000000000000000
EMAT 5 42 1 -0.012500000000000000000000000000000000000000000000000 
-0.012500000000000000000000000000000000000000000000000
EMAT 5 43 1 -0.012500000000000000000000000000000000000000000000000 
-0.012500000000000000000000000000000000000000000000000
EMAT 5 44 1 -0.012500000000000000000000000000000000000000000000000 
-0.012500000000000000000000000000000000000000000000000
EMAT 5 45 1 -0.012500000000000000000000000000000000000000000000000 
-0.012500000000000000000000000000000000000000000000000
EMAT 5 46 1 -0.012500000000000000000000000000000000000000000000000 
-0.012500000000000000000000000000000000000000000000000
EMAT 5 47 1 -0.012500000000000000000000000000000000000000000000000 
-0.012500000000000000000000000000000000000000000000000
EMAT 5 48 1 -0.012500000000000000000000000000000000000000000000000 
-0.012500000000000000000000000000000000000000000000000
EMAT 5 49 1 -0.012500000000000000000000000000000000000000000000000 
-0.012500000000000000000000000000000000000000000000000
EMAT 5 50 1 -0.012500000000000000000000000000000000000000000000000 
-0.012500000000000000000000000000000000000000000000000
EMAT 5 51 1 -0.012500000000000000000000000000000000000000000000000 
-0.012500000000000000000000000000000000000000000000000
EMAT 5 52 1 -0.012500000000000000000000000000000000000000000000000 
-0.012500000000000000000000000000000000000000000000000
EMAT 5 53 1 -0.012500000000000000000000000000000000000000000000000 
-0.012500000000000000000000000000000000000000000000000
EMAT 5 54 1 -0.012500000000000000000000000000000000000000000000000 
-0.012500000000000000000000000000000000000000000000000
EMAT 5 55 1 -0.012500000000000000000000000000000000000000000000000 
-0.012500000000000000000000000000000000000000000000000
EMAT 5 56 1 -0.012500000000000000000000000000000000000000000000000 
-0.012500000000000000000000000000000000000000000000000
EMAT 5 57 1 -0.012500000000000000000000000000000000000000000000000 
-0.012500000000000000000000000000000000000000000000000
EMAT 5 58 1 -0.012500000000000000000000000000000000000000000000000 
-0.012500000000000000000000000000000000000000000000000
EMAT 5 59 1 -0.012500000000000000000000000000000000000000000000000 
-0.012500000000000000000000000000000000000000000000000
EMAT 5 60 1 -0.012500000000000000000000000000000000000000000000000 
-0.012500000000000000000000000000000000000000000000000
EMAT 5 61 1 -0.012500000000000000000000000000000000000000000000000 
-0.012500000000000000000000000000000000000000000000000
EMAT 5 77 3 0.012500000000000000000000000000000000000000000000000 
-0.012500000000000000000000000000000000000000000000000
EMAT 5 78 3 0.012500000000000000000000000000000000000000000000000 
-0.012500000000000000000000000000000000000000000000000
EMAT 5 79 3 0.012500000000000000000000000000000000000000000000000 
-0.012500000000000000000000000000000000000000000000000
EMAT 5 80 3 0.012500000000000000000000000000000000000000000000000 
-0.012500000000000000000000000000000000000000000000000
EMAT 5 81 3 0.012500000000000000000000000000000000000000000000000 
-0.012500000000000000000000000000000000000000000000000
EMAT 5 82 3 0.012500000000000000000000000000000000000000000000000 
-0.012500000000000000000000000000000000000000000000000
EMAT 5 83 3 0.012500000000000000000000000000000000000000000000000 
-0.012500000000000000000000000000000000000000000000000
EMAT 5 84 3 0.012500000000000000000000000000000000000000000000000 
-0.012500000000000000000000000000000000000000000000000
EMAT 5 85 3 0.012500000000000000000000000000000000000000000000000 
-0.012500000000000000000000000000000000000000000000000
EMAT 5 86 3 0.012500000000000000000000000000000000000000000000000 
-0.012500000000000000000000000000000000000000000000000
EMAT 5 87 3 0.012500000000000000000000000000000000000000000000000 
-0.012500000000000000000000000000000000000000000000000
EMAT 5 88 3 0.012500000000000000000000000000000000000000000000000 
-0.012500000000000000000000000000000000000000000000000
EMAT 5 89 3 0.012500000000000000000000000000000000000000000000000 
-0.012500000000000000000000000000000000000000000000000
EMAT 5 90 3 0.012500000000000000000000000000000000000000000000000 
-0.012500000000000000000000000000000000000000000000000
EMAT 5 91 3 0.012500000000000000000000000000000000000000000000000 
-0.012500000000000000000000000000000000000000000000000
EMAT 5 92 3 0.012500000000000000000000000000000000000000000000000 
-0.012500000000000000000000000000000000000000000000000
EMAT 5 93 3 0.012500000000000000000000000000000000000000000000000 
-0.012500000000000000000000000000000000000000000000000
EMAT 5 94 3 0.012500000000000000000000000000000000000000000000000 
-0.012500000000000000000000000000000000000000000000000
EMAT 5 95 3 0.012500000000000000000000000000000000000000000000000 
-0.012500000000000000000000000000000000000000000000000
EMAT 5 96 3 0.012500000000000000000000000000000000000000000000000 
-0.012500000000000000000000000000000000000000000000000
EMAT 5 112 5 -0.062500000000000000000000000000000000000000000000000 
-0.062500000000000000000000000000000000000000000000000
EMAT 5 113 5 -0.062500000000000000000000000000000000000000000000000 
-0.062500000000000000000000000000000000000000000000000
EMAT 5 114 5 0.062500000000000000000000000000000000000000000000000 
0.062500000000000000000000000000000000000000000000000
EMAT 5 115 5 0.062500000000000000000000000000000000000000000000000 
0.062500000000000000000000000000000000000000000000000
EMAT 5 116 5 -0.062500000000000000000000000000000000000000000000000 
-0.062500000000000000000000000000000000000000000000000
EMAT 5 117 5 -0.062500000000000000000000000000000000000000000000000 
-0.062500000000000000000000000000000000000000000000000
EMAT 5 118 5 0.062500000000000000000000000000000000000000000000000 
0.062500000000000000000000000000000000000000000000000
EMAT 5 119 5 0.062500000000000000000000000000000000000000000000000 
0.062500000000000000000000000000000000000000000000000
EMAT 5 120 5 -0.062500000000000000000000000000000000000000000000000 
-0.062500000000000000000000000000000000000000000000000
EMAT 5 121 5 -0.062500000000000000000000000000000000000000000000000 
-0.062500000000000000000000000000000000000000000000000
EMAT 5 122 5 -0.062500000000000000000000000000000000000000000000000 
-0.062500000000000000000000000000000000000000000000000
EMAT 5 123 5 -0.062500000000000000000000000000000000000000000000000 
-0.062500000000000000000000000000000000000000000000000
EMAT 5 137 15 -0.062500000000000000000000000000000000000000000000000 
0.062500000000000000000000000000000000000000000000000
EMAT 5 138 15 -0.062500000000000000000000000000000000000000000000000 
0.062500000000000000000000000000000000000000000000000
EMAT 5 139 15 -0.062500000000000000000000000000000000000000000000000 
0.062500000000000000000000000000000000000000000000000
EMAT 5 140 15 -0.062500000000000000000000000000000000000000000000000 
0.062500000000000000000000000000000000000000000000000
EMAT 6 2 1 -0.0083333333333333333333333333333333333333333333333333 
-0.0083333333333333333333333333333333333333333333333333
EMAT 6 3 1 -0.0083333333333333333333333333333333333333333333333333 
-0.0083333333333333333333333333333333333333333333333333
EMAT 6 4 1 -0.0083333333333333333333333333333333333333333333333333 
-0.0083333333333333333333333333333333333333333333333333
EMAT 6 5 1 -0.0083333333333333333333333333333333333333333333333333 
-0.0083333333333333333333333333333333333333333333333333
EMAT 6 6 1 -0.0083333333333333333333333333333333333333333333333333 
-0.0083333333333333333333333333333333333333333333333333
EMAT 6 7 1 -0.0083333333333333333333333333333333333333333333333333 
-0.0083333333333333333333333333333333333333333333333333
EMAT 6 8 1 -0.0083333333333333333333333333333333333333333333333333 
-0.0083333333333333333333333333333333333333333333333333
EMAT 6 9 1 -0.0083333333333333333333333333333333333333333333333333 
-0.0083333333333333333333333333333333333333333333333333
EMAT 6 10 1 -0.0083333333333333333333333333333333333333333333333333 
-0.0083333333333333333333333333333333333333333333333333
EMAT 6 11 1 -0.0083333333333333333333333333333333333333333333333333 
-0.0083333333333333333333333333333333333333333333333333
EMAT 6 12 1 -0.0083333333333333333333333333333333333333333333333333 
-0.0083333333333333333333333333333333333333333333333333
EMAT 6 13 1 -0.0083333333333333333333333333333333333333333333333333 
-0.0083333333333333333333333333333333333333333333333333
EMAT 6 14 1 -0.0083333333333333333333333333333333333333333333333333 
-0.0083333333333333333333333333333333333333333333333333
EMAT 6 15 1 -0.0083333333333333333333333333333333333333333333333333 
-0.0083333333333333333333333333333333333333333333333333
EMAT 6 16 1 -0.0083333333333333333333333333333333333333333333333333 
-0.0083333333333333333333333333333333333333333333333333
EMAT 6 17 1 -0.0083333333333333333333333333333333333333333333333333 
-0.0083333333333333333333333333333333333333333333333333
EMAT 6 18 1 -0.0083333333333333333333333333333333333333333333333333 
-0.0083333333333333333333333333333333333333333333333333
EMAT 6 19 1 -0.0083333333333333333333333333333333333333333333333333 
-0.0083333333333333333333333333333333333333333333333333
EMAT 6 20 1 -0.0083333333333333333333333333333333333333333333333333 
-0.0083333333333333333333333333333333333333333333333333
EMAT 6 21 1 -0.0083333333333333333333333333333333333333333333333333 
-0.0083333333333333333333333333333333333333333333333333
EMAT 6 22 1 -0.0083333333333333333333333333333333333333333333333333 
-0.0083333333333333333333333333333333333333333333333333
EMAT 6 23 1 -0.0083333333333333333333333333333333333333333333333333 
-0.0083333333333333333333333333333333333333333333333333
EMAT 6 24 1 -0.0083333333333333333333333333333333333333333333333333 
-0.0083333333333333333333333333333333333333333333333333
EMAT 6 25 1 -0.0083333333333333333333333333333333333333333333333333 
-0.0083333333333333333333333333333333333333333333333333
EMAT 6 26 1 -0.0083333333333333333333333333333333333333333333333333 
-0.0083333333333333333333333333333333333333333333333333
EMAT 6 27 1 -0.0083333333333333333333333333333333333333333333333333 
-0.0083333333333333333333333333333333333333333333333333
EMAT 6 28 1 -0.0083333333333333333333333333333333333333333333333333 
-0.0083333333333333333333333333333333333333333333333333
EMAT 6 29 1 -0.0083333333333333333333333333333333333333333333333333 
-0.0083333333333333333333333333333333333333333333333333
EMAT 6 30 1 -0.0083333333333333333333333333333333333333333333333333 
-0.0083333333333333333333333333333333333333333333333333
EMAT 6 31 1 -0.0083333333333333333333333333333333333333333333333333 
-0.0083333333333333333333333333333333333333333333333333
EMAT 6 32 1 -0.0083333333333333333333333333333333333333333333333333 
-0.0083333333333333333333333333333333333333333333333333
EMAT 6 33 1 -0.0083333333333333333333333333333333333333333333333333 
-0.0083333333333333333333333333333333333333333333333333
EMAT 6 34 1 -0.0083333333333333333333333333333333333333333333333333 
-0.0083333333333333333333333333333333333333333333333333
EMAT 6 35 1 -0.0083333333333333333333333333333333333333333333333333 
-0.0083333333333333333333333333333333333333333333333333
EMAT 6 36 1 -0.0083333333333333333333333333333333333333333333333333 
-0.0083333333333333333333333333333333333333333333333333
EMAT 6 37 1 -0.0083333333333333333333333333333333333333333333333333 
-0.0083333333333333333333333333333333333333333333333333
EMAT 6 38 1 -0.0083333333333333333333333333333333333333333333333333 
-0.0083333333333333333333333333333333333333333333333333
EMAT 6 39 1 -0.0083333333333333333333333333333333333333333333333333 
-0.0083333333333333333333333333333333333333333333333333
EMAT 6 40 1 -0.0083333333333333333333333333333333333333333333333333 
-0.0083333333333333333333333333333333333333333333333333
EMAT 6 41 1 -0.0083333333333333333333333333333333333333333333333333 
-0.0083333333333333333333333333333333333333333333333333
EMAT 6 42 1 -0.0083333333333333333333333333333333333333333333333333 
-0.0083333333333333333333333333333333333333333333333333
EMAT 6 43 1 -0.0083333333333333333333333333333333333333333333333333 
-0.0083333333333333333333333333333333333333333333333333
EMAT 6 44 1 -0.0083333333333333333333333333333333333333333333333333 
-0.0083333333333333333333333333333333333333333333333333
EMAT 6 45 1 -0.0083333333333333333333333333333333333333333333333333 
-0.0083333333333333333333333333333333333333333333333333
EMAT 6 46 1 -0.0083333333333333333333333333333333333333333333333333 
-0.0083333333333333333333333333333333333333333333333333
EMAT 6 47 1 -0.0083333333333333333333333333333333333333333333333333 
-0.0083333333333333333333333333333333333333333333333333
EMAT 6 48 1 -0.0083333333333333333333333333333333333333333333333333 
-0.0083333333333333333333333333333333333333333333333333
EMAT 6 49 1 -0.0083333333333333333333333333333333333333333333333333 
-0.0083333333333333333333333333333333333333333333333333
EMAT 6 50 1 -0.0083333333333333333333333333333333333333333333333333 
-0.0083333333333333333333333333333333333333333333333333
EMAT 6 51 1 -0.0083333333333333333333333333333333333333333333333333 
-0.0083333333333333333333333333333333333333333333333333
EMAT 6 52 1 -0.0083333333333333333333333333333333333333333333333333 
-0.0083333333333333333333333333333333333333333333333333
EMAT 6 53 1 -0.0083333333333333333333333333333333333333333333333333 
-0.0083333333333333333333333333333333333333333333333333
EMAT 6 54 1 -0.0083333333333333333333333333333333333333333333333333 
-0.0083333333333333333333333333333333333333333333333333
EMAT 6 55 1 -0.0083333333333333333333333333333333333333333333333333 
-0.0083333333333333333333333333333333333333333333333333
EMAT 6 56 1 -0.0083333333333333333333333333333333333333333333333333 
-0.0083333333333333333333333333333333333333333333333333
EMAT 6 57 1 -0.0083333333333333333333333333333333333333333333333333 
-0.0083333333333333333333333333333333333333333333333333
EMAT 6 58 1 -0.0083333333333333333333333333333333333333333333333333 
-0.0083333333333333333333333333333333333333333333333333
EMAT 6 59 1 -0.0083333333333333333333333333333333333333333333333333 
-0.0083333333333333333333333333333333333333333333333333
EMAT 6 60 1 -0.0083333333333333333333333333333333333333333333333333 
-0.0083333333333333333333333333333333333333333333333333
EMAT 6 61 1 -0.0083333333333333333333333333333333333333333333333333 
-0.0083333333333333333333333333333333333333333333333333
EMAT 6 77 3 0.025000000000000000000000000000000000000000000000000 
-0.025000000000000000000000000000000000000000000000000
EMAT 6 78 3 0.025000000000000000000000000000000000000000000000000 
-0.025000000000000000000000000000000000000000000000000
EMAT 6 79 3 0.025000000000000000000000000000000000000000000000000 
-0.025000000000000000000000000000000000000000000000000
EMAT 6 80 3 0.025000000000000000000000000000000000000000000000000 
-0.025000000000000000000000000000000000000000000000000
EMAT 6 81 3 0.025000000000000000000000000000000000000000000000000 
-0.025000000000000000000000000000000000000000000000000
EMAT 6 82 3 0.025000000000000000000000000000000000000000000000000 
-0.025000000000000000000000000000000000000000000000000
EMAT 6 83 3 0.025000000000000000000000000000000000000000000000000 
-0.025000000000000000000000000000000000000000000000000
EMAT 6 84 3 0.025000000000000000000000000000000000000000000000000 
-0.025000000000000000000000000000000000000000000000000
EMAT 6 85 3 0.025000000000000000000000000000000000000000000000000 
-0.025000000000000000000000000000000000000000000000000
EMAT 6 86 3 0.025000000000000000000000000000000000000000000000000 
-0.025000000000000000000000000000000000000000000000000
EMAT 6 87 3 0.025000000000000000000000000000000000000000000000000 
-0.025000000000000000000000000000000000000000000000000
EMAT 6 88 3 0.025000000000000000000000000000000000000000000000000 
-0.025000000000000000000000000000000000000000000000000
EMAT 6 89 3 0.025000000000000000000000000000000000000000000000000 
-0.025000000000000000000000000000000000000000000000000
EMAT 6 90 3 0.025000000000000000000000000000000000000000000000000 
-0.025000000000000000000000000000000000000000000000000
EMAT 6 91 3 0.025000000000000000000000000000000000000000000000000 
-0.025000000000000000000000000000000000000000000000000
EMAT 6 92 3 0.025000000000000000000000000000000000000000000000000 
-0.025000000000000000000000000000000000000000000000000
EMAT 6 93 3 0.025000000000000000000000000000000000000000000000000 
-0.025000000000000000000000000000000000000000000000000
EMAT 6 94 3 0.025000000000000000000000000000000000000000000000000 
-0.025000000000000000000000000000000000000000000000000
EMAT 6 95 3 0.025000000000000000000000000000000000000000000000000 
-0.025000000000000000000000000000000000000000000000000
EMAT 6 96 3 0.025000000000000000000000000000000000000000000000000 
-0.025000000000000000000000000000000000000000000000000
EMAT 6 112 5 -0.041666666666666666666666666666666666666666666666667 
-0.041666666666666666666666666666666666666666666666667
EMAT 6 113 5 -0.041666666666666666666666666666666666666666666666667 
-0.041666666666666666666666666666666666666666666666667
EMAT 6 114 5 0.041666666666666666666666666666666666666666666666667 
0.041666666666666666666666666666666666666666666666667
EMAT 6 115 5 0.041666666666666666666666666666666666666666666666667 
0.041666666666666666666666666666666666666666666666667
EMAT 6 116 5 -0.041666666666666666666666666666666666666666666666667 
-0.041666666666666666666666666666666666666666666666667
EMAT 6 117 5 -0.041666666666666666666666666666666666666666666666667 
-0.041666666666666666666666666666666666666666666666667
EMAT 6 118 5 0.041666666666666666666666666666666666666666666666667 
0.041666666666666666666666666666666666666666666666667
EMAT 6 119 5 0.041666666666666666666666666666666666666666666666667 
0.041666666666666666666666666666666666666666666666667
EMAT 6 120 5 -0.041666666666666666666666666666666666666666666666667 
-0.041666666666666666666666666666666666666666666666667
EMAT 6 121 5 -0.041666666666666666666666666666666666666666666666667 
-0.041666666666666666666666666666666666666666666666667
EMAT 6 122 5 -0.041666666666666666666666666666666666666666666666667 
-0.041666666666666666666666666666666666666666666666667
EMAT 6 123 5 -0.041666666666666666666666666666666666666666666666667 
-0.041666666666666666666666666666666666666666666666667
EMAT 6 137 15 -0.12500000000000000000000000000000000000000000000000 
0.12500000000000000000000000000000000000000000000000
EMAT 6 138 15 -0.12500000000000000000000000000000000000000000000000 
0.12500000000000000000000000000000000000000000000000
EMAT 6 139 15 -0.12500000000000000000000000000000000000000000000000 
0.12500000000000000000000000000000000000000000000000
EMAT 6 140 15 -0.12500000000000000000000000000000000000000000000000 
0.12500000000000000000000000000000000000000000000000
EMAT 7 1 60 1.0000000000000000000000000000000000000000000000000 
-2.4224325970902309979711551095563521461961913883486E-81
EMAT 7 2 1 -0.062500000000000000000000000000000000000000000000000 
-0.062500000000000000000000000000000000000000000000000
EMAT 7 3 1 -0.062500000000000000000000000000000000000000000000000 
-0.062500000000000000000000000000000000000000000000000
EMAT 7 4 1 -0.062500000000000000000000000000000000000000000000000 
-0.062500000000000000000000000000000000000000000000000
EMAT 7 5 1 -0.062500000000000000000000000000000000000000000000000 
-0.062500000000000000000000000000000000000000000000000
EMAT 7 6 1 -0.062500000000000000000000000000000000000000000000000 
-0.062500000000000000000000000000000000000000000000000
EMAT 7 7 1 -0.062500000000000000000000000000000000000000000000000 
-0.062500000000000000000000000000000000000000000000000
EMAT 7 8 1 -0.062500000000000000000000000000000000000000000000000 
-0.062500000000000000000000000000000000000000000000000
EMAT 7 9 1 -0.062500000000000000000000000000000000000000000000000 
-0.062500000000000000000000000000000000000000000000000
EMAT 7 10 1 -0.062500000000000000000000000000000000000000000000000 
-0.062500000000000000000000000000000000000000000000000
EMAT 7 11 1 -0.062500000000000000000000000000000000000000000000000 
-0.062500000000000000000000000000000000000000000000000
EMAT 7 12 1 -0.062500000000000000000000000000000000000000000000000 
-0.062500000000000000000000000000000000000000000000000
EMAT 7 13 1 -0.062500000000000000000000000000000000000000000000000 
-0.062500000000000000000000000000000000000000000000000
EMAT 7 14 1 -0.062500000000000000000000000000000000000000000000000 
-0.062500000000000000000000000000000000000000000000000
EMAT 7 15 1 -0.062500000000000000000000000000000000000000000000000 
-0.062500000000000000000000000000000000000000000000000
EMAT 7 16 1 -0.062500000000000000000000000000000000000000000000000 
-0.062500000000000000000000000000000000000000000000000
EMAT 7 17 1 -0.062500000000000000000000000000000000000000000000000 
-0.062500000000000000000000000000000000000000000000000
EMAT 7 18 1 -0.062500000000000000000000000000000000000000000000000 
-0.062500000000000000000000000000000000000000000000000
EMAT 7 19 1 -0.062500000000000000000000000000000000000000000000000 
-0.062500000000000000000000000000000000000000000000000
EMAT 7 20 1 -0.062500000000000000000000000000000000000000000000000 
-0.062500000000000000000000000000000000000000000000000
EMAT 7 21 1 -0.062500000000000000000000000000000000000000000000000 
-0.062500000000000000000000000000000000000000000000000
EMAT 7 22 1 -0.062500000000000000000000000000000000000000000000000 
-0.062500000000000000000000000000000000000000000000000
EMAT 7 23 1 -0.062500000000000000000000000000000000000000000000000 
-0.062500000000000000000000000000000000000000000000000
EMAT 7 24 1 -0.062500000000000000000000000000000000000000000000000 
-0.062500000000000000000000000000000000000000000000000
EMAT 7 25 1 -0.062500000000000000000000000000000000000000000000000 
-0.062500000000000000000000000000000000000000000000000
EMAT 7 26 1 -0.062500000000000000000000000000000000000000000000000 
-0.062500000000000000000000000000000000000000000000000
EMAT 7 27 1 -0.062500000000000000000000000000000000000000000000000 
-0.062500000000000000000000000000000000000000000000000
EMAT 7 28 1 -0.062500000000000000000000000000000000000000000000000 
-0.062500000000000000000000000000000000000000000000000
EMAT 7 29 1 -0.062500000000000000000000000000000000000000000000000 
-0.062500000000000000000000000000000000000000000000000
EMAT 7 30 1 -0.062500000000000000000000000000000000000000000000000 
-0.062500000000000000000000000000000000000000000000000
EMAT 7 31 1 -0.062500000000000000000000000000000000000000000000000 
-0.062500000000000000000000000000000000000000000000000
EMAT 7 32 1 -0.062500000000000000000000000000000000000000000000000 
-0.062500000000000000000000000000000000000000000000000
EMAT 7 33 1 -0.062500000000000000000000000000000000000000000000000 
-0.062500000000000000000000000000000000000000000000000
EMAT 7 34 1 -0.062500000000000000000000000000000000000000000000000 
-0.062500000000000000000000000000000000000000000000000
EMAT 7 35 1 -0.062500000000000000000000000000000000000000000000000 
-0.062500000000000000000000000000000000000000000000000
EMAT 7 36 1 -0.062500000000000000000000000000000000000000000000000 
-0.062500000000000000000000000000000000000000000000000
EMAT 7 37 1 -0.062500000000000000000000000000000000000000000000000 
-0.062500000000000000000000000000000000000000000000000
EMAT 7 38 1 -0.062500000000000000000000000000000000000000000000000 
-0.062500000000000000000000000000000000000000000000000
EMAT 7 39 1 -0.062500000000000000000000000000000000000000000000000 
-0.062500000000000000000000000000000000000000000000000
EMAT 7 40 1 -0.062500000000000000000000000000000000000000000000000 
-0.062500000000000000000000000000000000000000000000000
EMAT 7 41 1 -0.062500000000000000000000000000000000000000000000000 
-0.062500000000000000000000000000000000000000000000000
EMAT 7 42 1 -0.062500000000000000000000000000000000000000000000000 
-0.062500000000000000000000000000000000000000000000000
EMAT 7 43 1 -0.062500000000000000000000000000000000000000000000000 
-0.062500000000000000000000000000000000000000000000000
EMAT 7 44 1 -0.062500000000000000000000000000000000000000000000000 
-0.062500000000000000000000000000000000000000000000000
EMAT 7 45 1 -0.062500000000000000000000000000000000000000000000000 
-0.062500000000000000000000000000000000000000000000000
EMAT 7 46 1 -0.062500000000000000000000000000000000000000000000000 
-0.062500000000000000000000000000000000000000000000000
EMAT 7 47 1 -0.062500000000000000000000000000000000000000000000000 
-0.062500000000000000000000000000000000000000000000000
EMAT 7 48 1 -0.062500000000000000000000000000000000000000000000000 
-0.062500000000000000000000000000000000000000000000000
EMAT 7 49 1 -0.062500000000000000000000000000000000000000000000000 
-0.062500000000000000000000000000000000000000000000000
EMAT 7 50 1 -0.062500000000000000000000000000000000000000000000000 
-0.062500000000000000000000000000000000000000000000000
EMAT 7 51 1 -0.062500000000000000000000000000000000000000000000000 
-0.062500000000000000000000000000000000000000000000000
EMAT 7 52 1 -0.062500000000000000000000000000000000000000000000000 
-0.062500000000000000000000000000000000000000000000000
EMAT 7 53 1 -0.062500000000000000000000000000000000000000000000000 
-0.062500000000000000000000000000000000000000000000000
EMAT 7 54 1 -0.062500000000000000000000000000000000000000000000000 
-0.062500000000000000000000000000000000000000000000000
EMAT 7 55 1 -0.062500000000000000000000000000000000000000000000000 
-0.062500000000000000000000000000000000000000000000000
EMAT 7 56 1 -0.062500000000000000000000000000000000000000000000000 
-0.062500000000000000000000000000000000000000000000000
EMAT 7 57 1 -0.062500000000000000000000000000000000000000000000000 
-0.062500000000000000000000000000000000000000000000000
EMAT 7 58 1 -0.062500000000000000000000000000000000000000000000000 
-0.062500000000000000000000000000000000000000000000000
EMAT 7 59 1 -0.062500000000000000000000000000000000000000000000000 
-0.062500000000000000000000000000000000000000000000000
EMAT 7 60 1 -0.062500000000000000000000000000000000000000000000000 
-0.062500000000000000000000000000000000000000000000000
EMAT 7 61 1 -0.062500000000000000000000000000000000000000000000000 
-0.062500000000000000000000000000000000000000000000000
EMAT 7 77 3 0.062500000000000000000000000000000000000000000000000 
-0.062500000000000000000000000000000000000000000000000
EMAT 7 78 3 0.062500000000000000000000000000000000000000000000000 
-0.062500000000000000000000000000000000000000000000000
EMAT 7 79 3 0.062500000000000000000000000000000000000000000000000 
-0.062500000000000000000000000000000000000000000000000
EMAT 7 80 3 0.062500000000000000000000000000000000000000000000000 
-0.062500000000000000000000000000000000000000000000000
EMAT 7 81 3 0.062500000000000000000000000000000000000000000000000 
-0.062500000000000000000000000000000000000000000000000
EMAT 7 82 3 0.062500000000000000000000000000000000000000000000000 
-0.062500000000000000000000000000000000000000000000000
EMAT 7 83 3 0.062500000000000000000000000000000000000000000000000 
-0.062500000000000000000000000000000000000000000000000
EMAT 7 84 3 0.062500000000000000000000000000000000000000000000000 
-0.062500000000000000000000000000000000000000000000000
EMAT 7 85 3 0.062500000000000000000000000000000000000000000000000 
-0.062500000000000000000000000000000000000000000000000
EMAT 7 86 3 0.062500000000000000000000000000000000000000000000000 
-0.062500000000000000000000000000000000000000000000000
EMAT 7 87 3 0.062500000000000000000000000000000000000000000000000 
-0.062500000000000000000000000000000000000000000000000
EMAT 7 88 3 0.062500000000000000000000000000000000000000000000000 
-0.062500000000000000000000000000000000000000000000000
EMAT 7 89 3 0.062500000000000000000000000000000000000000000000000 
-0.062500000000000000000000000000000000000000000000000
EMAT 7 90 3 0.062500000000000000000000000000000000000000000000000 
-0.062500000000000000000000000000000000000000000000000
EMAT 7 91 3 0.062500000000000000000000000000000000000000000000000 
-0.062500000000000000000000000000000000000000000000000
EMAT 7 92 3 0.062500000000000000000000000000000000000000000000000 
-0.062500000000000000000000000000000000000000000000000
EMAT 7 93 3 0.062500000000000000000000000000000000000000000000000 
-0.062500000000000000000000000000000000000000000000000
EMAT 7 94 3 0.062500000000000000000000000000000000000000000000000 
-0.062500000000000000000000000000000000000000000000000
EMAT 7 95 3 0.062500000000000000000000000000000000000000000000000 
-0.062500000000000000000000000000000000000000000000000
EMAT 7 96 3 0.062500000000000000000000000000000000000000000000000 
-0.062500000000000000000000000000000000000000000000000
EMAT 7 112 5 0.062500000000000000000000000000000000000000000000000 
0.062500000000000000000000000000000000000000000000000
EMAT 7 113 5 0.062500000000000000000000000000000000000000000000000 
0.062500000000000000000000000000000000000000000000000
EMAT 7 114 5 -0.062500000000000000000000000000000000000000000000000 
-0.062500000000000000000000000000000000000000000000000
EMAT 7 115 5 -0.062500000000000000000000000000000000000000000000000 
-0.062500000000000000000000000000000000000000000000000
EMAT 7 116 5 0.062500000000000000000000000000000000000000000000000 
0.062500000000000000000000000000000000000000000000000
EMAT 7 117 5 0.062500000000000000000000000000000000000000000000000 
0.062500000000000000000000000000000000000000000000000
EMAT 7 118 5 -0.062500000000000000000000000000000000000000000000000 
-0.062500000000000000000000000000000000000000000000000
EMAT 7 119 5 -0.062500000000000000000000000000000000000000000000000 
-0.062500000000000000000000000000000000000000000000000
EMAT 7 120 5 0.062500000000000000000000000000000000000000000000000 
0.062500000000000000000000000000000000000000000000000
EMAT 7 121 5 0.062500000000000000000000000000000000000000000000000 
0.062500000000000000000000000000000000000000000000000
EMAT 7 122 5 0.062500000000000000000000000000000000000000000000000 
0.062500000000000000000000000000000000000000000000000
EMAT 7 123 5 0.062500000000000000000000000000000000000000000000000 
0.062500000000000000000000000000000000000000000000000
EMAT 7 132 12 -1.0000000000000000000000000000000000000000000000000 
2.3427793324368259707964751504213846507644493527525E-78
EMAT 7 133 12 1.0000000000000000000000000000000000000000000000000 
4.8977845620085752230836739104836728823347952026976E-78
EMAT 7 134 12 -5.5665805098592539832729922636821685914298368128532E-79 
1.0000000000000000000000000000000000000000000000000
EMAT 7 135 12 -1.0000000000000000000000000000000000000000000000000 
4.0669196052199172367182848502104052561589374140406E-78
EMAT 7 136 12 -4.1409653487827847100350124723822932204793011495209E-77 
1.0000000000000000000000000000000000000000000000000
EMAT 7 137 15 0.062500000000000000000000000000000000000000000000000 
-0.062500000000000000000000000000000000000000000000000
EMAT 7 138 15 0.062500000000000000000000000000000000000000000000000 
-0.062500000000000000000000000000000000000000000000000
EMAT 7 139 15 0.062500000000000000000000000000000000000000000000000 
-0.062500000000000000000000000000000000000000000000000
EMAT 7 140 15 0.062500000000000000000000000000000000000000000000000 
-0.062500000000000000000000000000000000000000000000000
EMAT 8 2 1 -0.020833333333333333333333333333333333333333333333333 
-0.020833333333333333333333333333333333333333333333333
EMAT 8 3 1 -0.020833333333333333333333333333333333333333333333333 
-0.020833333333333333333333333333333333333333333333333
EMAT 8 4 1 -0.020833333333333333333333333333333333333333333333333 
-0.020833333333333333333333333333333333333333333333333
EMAT 8 5 1 -0.020833333333333333333333333333333333333333333333333 
-0.020833333333333333333333333333333333333333333333333
EMAT 8 6 1 -0.020833333333333333333333333333333333333333333333333 
-0.020833333333333333333333333333333333333333333333333
EMAT 8 7 1 -0.020833333333333333333333333333333333333333333333333 
-0.020833333333333333333333333333333333333333333333333
EMAT 8 8 1 -0.020833333333333333333333333333333333333333333333333 
-0.020833333333333333333333333333333333333333333333333
EMAT 8 9 1 -0.020833333333333333333333333333333333333333333333333 
-0.020833333333333333333333333333333333333333333333333
EMAT 8 10 1 -0.020833333333333333333333333333333333333333333333333 
-0.020833333333333333333333333333333333333333333333333
EMAT 8 11 1 -0.020833333333333333333333333333333333333333333333333 
-0.020833333333333333333333333333333333333333333333333
EMAT 8 12 1 -0.020833333333333333333333333333333333333333333333333 
-0.020833333333333333333333333333333333333333333333333
EMAT 8 13 1 -0.020833333333333333333333333333333333333333333333333 
-0.020833333333333333333333333333333333333333333333333
EMAT 8 14 1 -0.020833333333333333333333333333333333333333333333333 
-0.020833333333333333333333333333333333333333333333333
EMAT 8 15 1 -0.020833333333333333333333333333333333333333333333333 
-0.020833333333333333333333333333333333333333333333333
EMAT 8 16 1 -0.020833333333333333333333333333333333333333333333333 
-0.020833333333333333333333333333333333333333333333333
EMAT 8 17 1 -0.020833333333333333333333333333333333333333333333333 
-0.020833333333333333333333333333333333333333333333333
EMAT 8 18 1 -0.020833333333333333333333333333333333333333333333333 
-0.020833333333333333333333333333333333333333333333333
EMAT 8 19 1 -0.020833333333333333333333333333333333333333333333333 
-0.020833333333333333333333333333333333333333333333333
EMAT 8 20 1 -0.020833333333333333333333333333333333333333333333333 
-0.020833333333333333333333333333333333333333333333333
EMAT 8 21 1 -0.020833333333333333333333333333333333333333333333333 
-0.020833333333333333333333333333333333333333333333333
EMAT 8 22 1 -0.020833333333333333333333333333333333333333333333333 
-0.020833333333333333333333333333333333333333333333333
EMAT 8 23 1 -0.020833333333333333333333333333333333333333333333333 
-0.020833333333333333333333333333333333333333333333333
EMAT 8 24 1 -0.020833333333333333333333333333333333333333333333333 
-0.020833333333333333333333333333333333333333333333333
EMAT 8 25 1 -0.020833333333333333333333333333333333333333333333333 
-0.020833333333333333333333333333333333333333333333333
EMAT 8 26 1 -0.020833333333333333333333333333333333333333333333333 
-0.020833333333333333333333333333333333333333333333333
EMAT 8 27 1 -0.020833333333333333333333333333333333333333333333333 
-0.020833333333333333333333333333333333333333333333333
EMAT 8 28 1 -0.020833333333333333333333333333333333333333333333333 
-0.020833333333333333333333333333333333333333333333333
EMAT 8 29 1 -0.020833333333333333333333333333333333333333333333333 
-0.020833333333333333333333333333333333333333333333333
EMAT 8 30 1 -0.020833333333333333333333333333333333333333333333333 
-0.020833333333333333333333333333333333333333333333333
EMAT 8 31 1 -0.020833333333333333333333333333333333333333333333333 
-0.020833333333333333333333333333333333333333333333333
EMAT 8 32 1 -0.020833333333333333333333333333333333333333333333333 
-0.020833333333333333333333333333333333333333333333333
EMAT 8 33 1 -0.020833333333333333333333333333333333333333333333333 
-0.020833333333333333333333333333333333333333333333333
EMAT 8 34 1 -0.020833333333333333333333333333333333333333333333333 
-0.020833333333333333333333333333333333333333333333333
EMAT 8 35 1 -0.020833333333333333333333333333333333333333333333333 
-0.020833333333333333333333333333333333333333333333333
EMAT 8 36 1 -0.020833333333333333333333333333333333333333333333333 
-0.020833333333333333333333333333333333333333333333333
EMAT 8 37 1 -0.020833333333333333333333333333333333333333333333333 
-0.020833333333333333333333333333333333333333333333333
EMAT 8 38 1 -0.020833333333333333333333333333333333333333333333333 
-0.020833333333333333333333333333333333333333333333333
EMAT 8 39 1 -0.020833333333333333333333333333333333333333333333333 
-0.020833333333333333333333333333333333333333333333333
EMAT 8 40 1 -0.020833333333333333333333333333333333333333333333333 
-0.020833333333333333333333333333333333333333333333333
EMAT 8 41 1 -0.020833333333333333333333333333333333333333333333333 
-0.020833333333333333333333333333333333333333333333333
EMAT 8 42 1 -0.020833333333333333333333333333333333333333333333333 
-0.020833333333333333333333333333333333333333333333333
EMAT 8 43 1 -0.020833333333333333333333333333333333333333333333333 
-0.020833333333333333333333333333333333333333333333333
EMAT 8 44 1 -0.020833333333333333333333333333333333333333333333333 
-0.020833333333333333333333333333333333333333333333333
EMAT 8 45 1 -0.020833333333333333333333333333333333333333333333333 
-0.020833333333333333333333333333333333333333333333333
EMAT 8 46 1 -0.020833333333333333333333333333333333333333333333333 
-0.020833333333333333333333333333333333333333333333333
EMAT 8 47 1 -0.020833333333333333333333333333333333333333333333333 
-0.020833333333333333333333333333333333333333333333333
EMAT 8 48 1 -0.020833333333333333333333333333333333333333333333333 
-0.020833333333333333333333333333333333333333333333333
EMAT 8 49 1 -0.020833333333333333333333333333333333333333333333333 
-0.020833333333333333333333333333333333333333333333333
EMAT 8 50 1 -0.020833333333333333333333333333333333333333333333333 
-0.020833333333333333333333333333333333333333333333333
EMAT 8 51 1 -0.020833333333333333333333333333333333333333333333333 
-0.020833333333333333333333333333333333333333333333333
EMAT 8 52 1 -0.020833333333333333333333333333333333333333333333333 
-0.020833333333333333333333333333333333333333333333333
EMAT 8 53 1 -0.020833333333333333333333333333333333333333333333333 
-0.020833333333333333333333333333333333333333333333333
EMAT 8 54 1 -0.020833333333333333333333333333333333333333333333333 
-0.020833333333333333333333333333333333333333333333333
EMAT 8 55 1 -0.020833333333333333333333333333333333333333333333333 
-0.020833333333333333333333333333333333333333333333333
EMAT 8 56 1 -0.020833333333333333333333333333333333333333333333333 
-0.020833333333333333333333333333333333333333333333333
EMAT 8 57 1 -0.020833333333333333333333333333333333333333333333333 
-0.020833333333333333333333333333333333333333333333333
EMAT 8 58 1 -0.020833333333333333333333333333333333333333333333333 
-0.020833333333333333333333333333333333333333333333333
EMAT 8 59 1 -0.020833333333333333333333333333333333333333333333333 
-0.020833333333333333333333333333333333333333333333333
EMAT 8 60 1 -0.020833333333333333333333333333333333333333333333333 
-0.020833333333333333333333333333333333333333333333333
EMAT 8 61 1 -0.020833333333333333333333333333333333333333333333333 
-0.020833333333333333333333333333333333333333333333333
EMAT 8 77 3 -0.062500000000000000000000000000000000000000000000000 
0.062500000000000000000000000000000000000000000000000
EMAT 8 78 3 -0.062500000000000000000000000000000000000000000000000 
0.062500000000000000000000000000000000000000000000000
EMAT 8 79 3 -0.062500000000000000000000000000000000000000000000000 
0.062500000000000000000000000000000000000000000000000
EMAT 8 80 3 -0.062500000000000000000000000000000000000000000000000 
0.062500000000000000000000000000000000000000000000000
EMAT 8 81 3 -0.062500000000000000000000000000000000000000000000000 
0.062500000000000000000000000000000000000000000000000
EMAT 8 82 3 -0.062500000000000000000000000000000000000000000000000 
0.062500000000000000000000000000000000000000000000000
EMAT 8 83 3 -0.062500000000000000000000000000000000000000000000000 
0.062500000000000000000000000000000000000000000000000
EMAT 8 84 3 -0.062500000000000000000000000000000000000000000000000 
0.062500000000000000000000000000000000000000000000000
EMAT 8 85 3 -0.062500000000000000000000000000000000000000000000000 
0.062500000000000000000000000000000000000000000000000
EMAT 8 86 3 -0.062500000000000000000000000000000000000000000000000 
0.062500000000000000000000000000000000000000000000000
EMAT 8 87 3 -0.062500000000000000000000000000000000000000000000000 
0.062500000000000000000000000000000000000000000000000
EMAT 8 88 3 -0.062500000000000000000000000000000000000000000000000 
0.062500000000000000000000000000000000000000000000000
EMAT 8 89 3 -0.062500000000000000000000000000000000000000000000000 
0.062500000000000000000000000000000000000000000000000
EMAT 8 90 3 -0.062500000000000000000000000000000000000000000000000 
0.062500000000000000000000000000000000000000000000000
EMAT 8 91 3 -0.062500000000000000000000000000000000000000000000000 
0.062500000000000000000000000000000000000000000000000
EMAT 8 92 3 -0.062500000000000000000000000000000000000000000000000 
0.062500000000000000000000000000000000000000000000000
EMAT 8 93 3 -0.062500000000000000000000000000000000000000000000000 
0.062500000000000000000000000000000000000000000000000
EMAT 8 94 3 -0.062500000000000000000000000000000000000000000000000 
0.062500000000000000000000000000000000000000000000000
EMAT 8 95 3 -0.062500000000000000000000000000000000000000000000000 
0.062500000000000000000000000000000000000000000000000
EMAT 8 96 3 -0.062500000000000000000000000000000000000000000000000 
0.062500000000000000000000000000000000000000000000000
EMAT 8 112 5 0.020833333333333333333333333333333333333333333333333 
0.020833333333333333333333333333333333333333333333333
EMAT 8 113 5 0.020833333333333333333333333333333333333333333333333 
0.020833333333333333333333333333333333333333333333333
EMAT 8 114 5 -0.020833333333333333333333333333333333333333333333333 
-0.020833333333333333333333333333333333333333333333333
EMAT 8 115 5 -0.020833333333333333333333333333333333333333333333333 
-0.020833333333333333333333333333333333333333333333333
EMAT 8 116 5 0.020833333333333333333333333333333333333333333333333 
0.020833333333333333333333333333333333333333333333333
EMAT 8 117 5 0.020833333333333333333333333333333333333333333333333 
0.020833333333333333333333333333333333333333333333333
EMAT 8 118 5 -0.020833333333333333333333333333333333333333333333333 
-0.020833333333333333333333333333333333333333333333333
EMAT 8 119 5 -0.020833333333333333333333333333333333333333333333333 
-0.020833333333333333333333333333333333333333333333333
EMAT 8 120 5 0.020833333333333333333333333333333333333333333333333 
0.020833333333333333333333333333333333333333333333333
EMAT 8 121 5 0.020833333333333333333333333333333333333333333333333 
0.020833333333333333333333333333333333333333333333333
EMAT 8 122 5 0.020833333333333333333333333333333333333333333333333 
0.020833333333333333333333333333333333333333333333333
EMAT 8 123 5 0.020833333333333333333333333333333333333333333333333 
0.020833333333333333333333333333333333333333333333333
EMAT 8 137 15 -0.062500000000000000000000000000000000000000000000000 
0.062500000000000000000000000000000000000000000000000
EMAT 8 138 15 -0.062500000000000000000000000000000000000000000000000 
0.062500000000000000000000000000000000000000000000000
EMAT 8 139 15 -0.062500000000000000000000000000000000000000000000000 
0.062500000000000000000000000000000000000000000000000
EMAT 8 140 15 -0.062500000000000000000000000000000000000000000000000 
0.062500000000000000000000000000000000000000000000000
EMAT 9 2 1 -0.0041666666666666666666666666666666666666666666666667 
-0.0041666666666666666666666666666666666666666666666667
EMAT 9 3 1 -0.0041666666666666666666666666666666666666666666666667 
-0.0041666666666666666666666666666666666666666666666667
EMAT 9 4 1 -0.0041666666666666666666666666666666666666666666666667 
-0.0041666666666666666666666666666666666666666666666667
EMAT 9 5 1 -0.0041666666666666666666666666666666666666666666666667 
-0.0041666666666666666666666666666666666666666666666667
EMAT 9 6 1 -0.0041666666666666666666666666666666666666666666666667 
-0.0041666666666666666666666666666666666666666666666667
EMAT 9 7 1 -0.0041666666666666666666666666666666666666666666666667 
-0.0041666666666666666666666666666666666666666666666667
EMAT 9 8 1 -0.0041666666666666666666666666666666666666666666666667 
-0.0041666666666666666666666666666666666666666666666667
EMAT 9 9 1 -0.0041666666666666666666666666666666666666666666666667 
-0.0041666666666666666666666666666666666666666666666667
EMAT 9 10 1 -0.0041666666666666666666666666666666666666666666666667 
-0.0041666666666666666666666666666666666666666666666667
EMAT 9 11 1 -0.0041666666666666666666666666666666666666666666666667 
-0.0041666666666666666666666666666666666666666666666667
EMAT 9 12 1 -0.0041666666666666666666666666666666666666666666666667 
-0.0041666666666666666666666666666666666666666666666667
EMAT 9 13 1 -0.0041666666666666666666666666666666666666666666666667 
-0.0041666666666666666666666666666666666666666666666667
EMAT 9 14 1 -0.0041666666666666666666666666666666666666666666666667 
-0.0041666666666666666666666666666666666666666666666667
EMAT 9 15 1 -0.0041666666666666666666666666666666666666666666666667 
-0.0041666666666666666666666666666666666666666666666667
EMAT 9 16 1 -0.0041666666666666666666666666666666666666666666666667 
-0.0041666666666666666666666666666666666666666666666667
EMAT 9 17 1 -0.0041666666666666666666666666666666666666666666666667 
-0.0041666666666666666666666666666666666666666666666667
EMAT 9 18 1 -0.0041666666666666666666666666666666666666666666666667 
-0.0041666666666666666666666666666666666666666666666667
EMAT 9 19 1 -0.0041666666666666666666666666666666666666666666666667 
-0.0041666666666666666666666666666666666666666666666667
EMAT 9 20 1 -0.0041666666666666666666666666666666666666666666666667 
-0.0041666666666666666666666666666666666666666666666667
EMAT 9 21 1 -0.0041666666666666666666666666666666666666666666666667 
-0.0041666666666666666666666666666666666666666666666667
EMAT 9 22 1 -0.0041666666666666666666666666666666666666666666666667 
-0.0041666666666666666666666666666666666666666666666667
EMAT 9 23 1 -0.0041666666666666666666666666666666666666666666666667 
-0.0041666666666666666666666666666666666666666666666667
EMAT 9 24 1 -0.0041666666666666666666666666666666666666666666666667 
-0.0041666666666666666666666666666666666666666666666667
EMAT 9 25 1 -0.0041666666666666666666666666666666666666666666666667 
-0.0041666666666666666666666666666666666666666666666667
EMAT 9 26 1 -0.0041666666666666666666666666666666666666666666666667 
-0.0041666666666666666666666666666666666666666666666667
EMAT 9 27 1 -0.0041666666666666666666666666666666666666666666666667 
-0.0041666666666666666666666666666666666666666666666667
EMAT 9 28 1 -0.0041666666666666666666666666666666666666666666666667 
-0.0041666666666666666666666666666666666666666666666667
EMAT 9 29 1 -0.0041666666666666666666666666666666666666666666666667 
-0.0041666666666666666666666666666666666666666666666667
EMAT 9 30 1 -0.0041666666666666666666666666666666666666666666666667 
-0.0041666666666666666666666666666666666666666666666667
EMAT 9 31 1 -0.0041666666666666666666666666666666666666666666666667 
-0.0041666666666666666666666666666666666666666666666667
EMAT 9 32 1 -0.0041666666666666666666666666666666666666666666666667 
-0.0041666666666666666666666666666666666666666666666667
EMAT 9 33 1 -0.0041666666666666666666666666666666666666666666666667 
-0.0041666666666666666666666666666666666666666666666667
EMAT 9 34 1 -0.0041666666666666666666666666666666666666666666666667 
-0.0041666666666666666666666666666666666666666666666667
EMAT 9 35 1 -0.0041666666666666666666666666666666666666666666666667 
-0.0041666666666666666666666666666666666666666666666667
EMAT 9 36 1 -0.0041666666666666666666666666666666666666666666666667 
-0.0041666666666666666666666666666666666666666666666667
EMAT 9 37 1 -0.0041666666666666666666666666666666666666666666666667 
-0.0041666666666666666666666666666666666666666666666667
EMAT 9 38 1 -0.0041666666666666666666666666666666666666666666666667 
-0.0041666666666666666666666666666666666666666666666667
EMAT 9 39 1 -0.0041666666666666666666666666666666666666666666666667 
-0.0041666666666666666666666666666666666666666666666667
EMAT 9 40 1 -0.0041666666666666666666666666666666666666666666666667 
-0.0041666666666666666666666666666666666666666666666667
EMAT 9 41 1 -0.0041666666666666666666666666666666666666666666666667 
-0.0041666666666666666666666666666666666666666666666667
EMAT 9 42 1 -0.0041666666666666666666666666666666666666666666666667 
-0.0041666666666666666666666666666666666666666666666667
EMAT 9 43 1 -0.0041666666666666666666666666666666666666666666666667 
-0.0041666666666666666666666666666666666666666666666667
EMAT 9 44 1 -0.0041666666666666666666666666666666666666666666666667 
-0.0041666666666666666666666666666666666666666666666667
EMAT 9 45 1 -0.0041666666666666666666666666666666666666666666666667 
-0.0041666666666666666666666666666666666666666666666667
EMAT 9 46 1 -0.0041666666666666666666666666666666666666666666666667 
-0.0041666666666666666666666666666666666666666666666667
EMAT 9 47 1 -0.0041666666666666666666666666666666666666666666666667 
-0.0041666666666666666666666666666666666666666666666667
EMAT 9 48 1 -0.0041666666666666666666666666666666666666666666666667 
-0.0041666666666666666666666666666666666666666666666667
EMAT 9 49 1 -0.0041666666666666666666666666666666666666666666666667 
-0.0041666666666666666666666666666666666666666666666667
EMAT 9 50 1 -0.0041666666666666666666666666666666666666666666666667 
-0.0041666666666666666666666666666666666666666666666667
EMAT 9 51 1 -0.0041666666666666666666666666666666666666666666666667 
-0.0041666666666666666666666666666666666666666666666667
EMAT 9 52 1 -0.0041666666666666666666666666666666666666666666666667 
-0.0041666666666666666666666666666666666666666666666667
EMAT 9 53 1 -0.0041666666666666666666666666666666666666666666666667 
-0.0041666666666666666666666666666666666666666666666667
EMAT 9 54 1 -0.0041666666666666666666666666666666666666666666666667 
-0.0041666666666666666666666666666666666666666666666667
EMAT 9 55 1 -0.0041666666666666666666666666666666666666666666666667 
-0.0041666666666666666666666666666666666666666666666667
EMAT 9 56 1 -0.0041666666666666666666666666666666666666666666666667 
-0.0041666666666666666666666666666666666666666666666667
EMAT 9 57 1 -0.0041666666666666666666666666666666666666666666666667 
-0.0041666666666666666666666666666666666666666666666667
EMAT 9 58 1 -0.0041666666666666666666666666666666666666666666666667 
-0.0041666666666666666666666666666666666666666666666667
EMAT 9 59 1 -0.0041666666666666666666666666666666666666666666666667 
-0.0041666666666666666666666666666666666666666666666667
EMAT 9 60 1 -0.0041666666666666666666666666666666666666666666666667 
-0.0041666666666666666666666666666666666666666666666667
EMAT 9 61 1 -0.0041666666666666666666666666666666666666666666666667 
-0.0041666666666666666666666666666666666666666666666667
EMAT 9 77 3 -0.012500000000000000000000000000000000000000000000000 
0.012500000000000000000000000000000000000000000000000
EMAT 9 78 3 -0.012500000000000000000000000000000000000000000000000 
0.012500000000000000000000000000000000000000000000000
EMAT 9 79 3 -0.012500000000000000000000000000000000000000000000000 
0.012500000000000000000000000000000000000000000000000
EMAT 9 80 3 -0.012500000000000000000000000000000000000000000000000 
0.012500000000000000000000000000000000000000000000000
EMAT 9 81 3 -0.012500000000000000000000000000000000000000000000000 
0.012500000000000000000000000000000000000000000000000
EMAT 9 82 3 -0.012500000000000000000000000000000000000000000000000 
0.012500000000000000000000000000000000000000000000000
EMAT 9 83 3 -0.012500000000000000000000000000000000000000000000000 
0.012500000000000000000000000000000000000000000000000
EMAT 9 84 3 -0.012500000000000000000000000000000000000000000000000 
0.012500000000000000000000000000000000000000000000000
EMAT 9 85 3 -0.012500000000000000000000000000000000000000000000000 
0.012500000000000000000000000000000000000000000000000
EMAT 9 86 3 -0.012500000000000000000000000000000000000000000000000 
0.012500000000000000000000000000000000000000000000000
EMAT 9 87 3 -0.012500000000000000000000000000000000000000000000000 
0.012500000000000000000000000000000000000000000000000
EMAT 9 88 3 -0.012500000000000000000000000000000000000000000000000 
0.012500000000000000000000000000000000000000000000000
EMAT 9 89 3 -0.012500000000000000000000000000000000000000000000000 
0.012500000000000000000000000000000000000000000000000
EMAT 9 90 3 -0.012500000000000000000000000000000000000000000000000 
0.012500000000000000000000000000000000000000000000000
EMAT 9 91 3 -0.012500000000000000000000000000000000000000000000000 
0.012500000000000000000000000000000000000000000000000
EMAT 9 92 3 -0.012500000000000000000000000000000000000000000000000 
0.012500000000000000000000000000000000000000000000000
EMAT 9 93 3 -0.012500000000000000000000000000000000000000000000000 
0.012500000000000000000000000000000000000000000000000
EMAT 9 94 3 -0.012500000000000000000000000000000000000000000000000 
0.012500000000000000000000000000000000000000000000000
EMAT 9 95 3 -0.012500000000000000000000000000000000000000000000000 
0.012500000000000000000000000000000000000000000000000
EMAT 9 96 3 -0.012500000000000000000000000000000000000000000000000 
0.012500000000000000000000000000000000000000000000000
EMAT 9 112 5 0.020833333333333333333333333333333333333333333333333 
0.020833333333333333333333333333333333333333333333333
EMAT 9 113 5 0.020833333333333333333333333333333333333333333333333 
0.020833333333333333333333333333333333333333333333333
EMAT 9 114 5 -0.020833333333333333333333333333333333333333333333333 
-0.020833333333333333333333333333333333333333333333333
EMAT 9 115 5 -0.020833333333333333333333333333333333333333333333333 
-0.020833333333333333333333333333333333333333333333333
EMAT 9 116 5 0.020833333333333333333333333333333333333333333333333 
0.020833333333333333333333333333333333333333333333333
EMAT 9 117 5 0.020833333333333333333333333333333333333333333333333 
0.020833333333333333333333333333333333333333333333333
EMAT 9 118 5 -0.020833333333333333333333333333333333333333333333333 
-0.020833333333333333333333333333333333333333333333333
EMAT 9 119 5 -0.020833333333333333333333333333333333333333333333333 
-0.020833333333333333333333333333333333333333333333333
EMAT 9 120 5 0.020833333333333333333333333333333333333333333333333 
0.020833333333333333333333333333333333333333333333333
EMAT 9 121 5 0.020833333333333333333333333333333333333333333333333 
0.020833333333333333333333333333333333333333333333333
EMAT 9 122 5 0.020833333333333333333333333333333333333333333333333 
0.020833333333333333333333333333333333333333333333333
EMAT 9 123 5 0.020833333333333333333333333333333333333333333333333 
0.020833333333333333333333333333333333333333333333333
EMAT 9 137 15 -0.062500000000000000000000000000000000000000000000000 
0.062500000000000000000000000000000000000000000000000
EMAT 9 138 15 -0.062500000000000000000000000000000000000000000000000 
0.062500000000000000000000000000000000000000000000000
EMAT 9 139 15 -0.062500000000000000000000000000000000000000000000000 
0.062500000000000000000000000000000000000000000000000
EMAT 9 140 15 -0.062500000000000000000000000000000000000000000000000 
0.062500000000000000000000000000000000000000000000000
EMAT 11 77 3 -0.025000000000000000000000000000000000000000000000000 
0.025000000000000000000000000000000000000000000000000
EMAT 11 78 3 -0.025000000000000000000000000000000000000000000000000 
0.025000000000000000000000000000000000000000000000000
EMAT 11 79 3 -0.025000000000000000000000000000000000000000000000000 
0.025000000000000000000000000000000000000000000000000
EMAT 11 80 3 -0.025000000000000000000000000000000000000000000000000 
0.025000000000000000000000000000000000000000000000000
EMAT 11 81 3 -0.025000000000000000000000000000000000000000000000000 
0.025000000000000000000000000000000000000000000000000
EMAT 11 82 3 -0.025000000000000000000000000000000000000000000000000 
0.025000000000000000000000000000000000000000000000000
EMAT 11 83 3 -0.025000000000000000000000000000000000000000000000000 
0.025000000000000000000000000000000000000000000000000
EMAT 11 84 3 -0.025000000000000000000000000000000000000000000000000 
0.025000000000000000000000000000000000000000000000000
EMAT 11 85 3 -0.025000000000000000000000000000000000000000000000000 
0.025000000000000000000000000000000000000000000000000
EMAT 11 86 3 -0.025000000000000000000000000000000000000000000000000 
0.025000000000000000000000000000000000000000000000000
EMAT 11 87 3 -0.025000000000000000000000000000000000000000000000000 
0.025000000000000000000000000000000000000000000000000
EMAT 11 88 3 -0.025000000000000000000000000000000000000000000000000 
0.025000000000000000000000000000000000000000000000000
EMAT 11 89 3 -0.025000000000000000000000000000000000000000000000000 
0.025000000000000000000000000000000000000000000000000
EMAT 11 90 3 -0.025000000000000000000000000000000000000000000000000 
0.025000000000000000000000000000000000000000000000000
EMAT 11 91 3 -0.025000000000000000000000000000000000000000000000000 
0.025000000000000000000000000000000000000000000000000
EMAT 11 92 3 -0.025000000000000000000000000000000000000000000000000 
0.025000000000000000000000000000000000000000000000000
EMAT 11 93 3 -0.025000000000000000000000000000000000000000000000000 
0.025000000000000000000000000000000000000000000000000
EMAT 11 94 3 -0.025000000000000000000000000000000000000000000000000 
0.025000000000000000000000000000000000000000000000000
EMAT 11 95 3 -0.025000000000000000000000000000000000000000000000000 
0.025000000000000000000000000000000000000000000000000
EMAT 11 96 3 -0.025000000000000000000000000000000000000000000000000 
0.025000000000000000000000000000000000000000000000000
EMAT 11 112 5 0.041666666666666666666666666666666666666666666666667 
0.041666666666666666666666666666666666666666666666667
EMAT 11 113 5 0.041666666666666666666666666666666666666666666666667 
0.041666666666666666666666666666666666666666666666667
EMAT 11 114 5 -0.041666666666666666666666666666666666666666666666667 
-0.041666666666666666666666666666666666666666666666667
EMAT 11 115 5 -0.041666666666666666666666666666666666666666666666667 
-0.041666666666666666666666666666666666666666666666667
EMAT 11 116 5 0.041666666666666666666666666666666666666666666666667 
0.041666666666666666666666666666666666666666666666667
EMAT 11 117 5 0.041666666666666666666666666666666666666666666666667 
0.041666666666666666666666666666666666666666666666667
EMAT 11 118 5 -0.041666666666666666666666666666666666666666666666667 
-0.041666666666666666666666666666666666666666666666667
EMAT 11 119 5 -0.041666666666666666666666666666666666666666666666667 
-0.041666666666666666666666666666666666666666666666667
EMAT 11 120 5 0.041666666666666666666666666666666666666666666666667 
0.041666666666666666666666666666666666666666666666667
EMAT 11 121 5 0.041666666666666666666666666666666666666666666666667 
0.041666666666666666666666666666666666666666666666667
EMAT 11 122 5 0.041666666666666666666666666666666666666666666666667 
0.041666666666666666666666666666666666666666666666667
EMAT 11 123 5 0.041666666666666666666666666666666666666666666666667 
0.041666666666666666666666666666666666666666666666667
EMAT 11 132 12 -0.20000000000000000000000000000000000000000000000000 
7.6220393826749343276182686138027397277280958599166E-80
EMAT 11 133 12 0.20000000000000000000000000000000000000000000000000 
1.8335047028059269332203660567109006609410267107263E-79
EMAT 11 134 12 7.4971088730124723229754553585010330740403748523990E-80 
0.20000000000000000000000000000000000000000000000000
EMAT 11 135 12 -0.20000000000000000000000000000000000000000000000000 
-2.3930169020271056976004149687024908373712385590581E-79
EMAT 11 136 12 -1.4140916576116373809001096154727992576109342629107E-78 
0.20000000000000000000000000000000000000000000000000
EMAT 11 141 20 0.33333333333333333333333333333333333333333333333333 
-4.5869299827541364057792669161827333908176616722613E-79
EMAT 11 142 20 -5.9392255577117269132784152459751562240692473509438E-79 
-0.33333333333333333333333333333333333333333333333333
EMAT 11 143 20 -1.3481053585819143377265754293568311579915131320777E-78 
0.33333333333333333333333333333333333333333333333333
EMAT 13 2 1 -0.0069444444444444444444444444444444444444444444444444 
-0.0069444444444444444444444444444444444444444444444444
EMAT 13 3 1 -0.0069444444444444444444444444444444444444444444444444 
-0.0069444444444444444444444444444444444444444444444444
EMAT 13 4 1 -0.0069444444444444444444444444444444444444444444444444 
-0.0069444444444444444444444444444444444444444444444444
EMAT 13 5 1 -0.0069444444444444444444444444444444444444444444444444 
-0.0069444444444444444444444444444444444444444444444444
EMAT 13 6 1 -0.0069444444444444444444444444444444444444444444444444 
-0.0069444444444444444444444444444444444444444444444444
EMAT 13 7 1 -0.0069444444444444444444444444444444444444444444444444 
-0.0069444444444444444444444444444444444444444444444444
EMAT 13 8 1 -0.0069444444444444444444444444444444444444444444444444 
-0.0069444444444444444444444444444444444444444444444444
EMAT 13 9 1 -0.0069444444444444444444444444444444444444444444444444 
-0.0069444444444444444444444444444444444444444444444444
EMAT 13 10 1 -0.0069444444444444444444444444444444444444444444444444 
-0.0069444444444444444444444444444444444444444444444444
EMAT 13 11 1 -0.0069444444444444444444444444444444444444444444444444 
-0.0069444444444444444444444444444444444444444444444444
EMAT 13 12 1 -0.0069444444444444444444444444444444444444444444444444 
-0.0069444444444444444444444444444444444444444444444444
EMAT 13 13 1 -0.0069444444444444444444444444444444444444444444444444 
-0.0069444444444444444444444444444444444444444444444444
EMAT 13 14 1 -0.0069444444444444444444444444444444444444444444444444 
-0.0069444444444444444444444444444444444444444444444444
EMAT 13 15 1 -0.0069444444444444444444444444444444444444444444444444 
-0.0069444444444444444444444444444444444444444444444444
EMAT 13 16 1 -0.0069444444444444444444444444444444444444444444444444 
-0.0069444444444444444444444444444444444444444444444444
EMAT 13 17 1 -0.0069444444444444444444444444444444444444444444444444 
-0.0069444444444444444444444444444444444444444444444444
EMAT 13 18 1 -0.0069444444444444444444444444444444444444444444444444 
-0.0069444444444444444444444444444444444444444444444444
EMAT 13 19 1 -0.0069444444444444444444444444444444444444444444444444 
-0.0069444444444444444444444444444444444444444444444444
EMAT 13 20 1 -0.0069444444444444444444444444444444444444444444444444 
-0.0069444444444444444444444444444444444444444444444444
EMAT 13 21 1 -0.0069444444444444444444444444444444444444444444444444 
-0.0069444444444444444444444444444444444444444444444444
EMAT 13 22 1 -0.0069444444444444444444444444444444444444444444444444 
-0.0069444444444444444444444444444444444444444444444444
EMAT 13 23 1 -0.0069444444444444444444444444444444444444444444444444 
-0.0069444444444444444444444444444444444444444444444444
EMAT 13 24 1 -0.0069444444444444444444444444444444444444444444444444 
-0.0069444444444444444444444444444444444444444444444444
EMAT 13 25 1 -0.0069444444444444444444444444444444444444444444444444 
-0.0069444444444444444444444444444444444444444444444444
EMAT 13 26 1 -0.0069444444444444444444444444444444444444444444444444 
-0.0069444444444444444444444444444444444444444444444444
EMAT 13 27 1 -0.0069444444444444444444444444444444444444444444444444 
-0.0069444444444444444444444444444444444444444444444444
EMAT 13 28 1 -0.0069444444444444444444444444444444444444444444444444 
-0.0069444444444444444444444444444444444444444444444444
EMAT 13 29 1 -0.0069444444444444444444444444444444444444444444444444 
-0.0069444444444444444444444444444444444444444444444444
EMAT 13 30 1 -0.0069444444444444444444444444444444444444444444444444 
-0.0069444444444444444444444444444444444444444444444444
EMAT 13 31 1 -0.0069444444444444444444444444444444444444444444444444 
-0.0069444444444444444444444444444444444444444444444444
EMAT 13 32 1 -0.0069444444444444444444444444444444444444444444444444 
-0.0069444444444444444444444444444444444444444444444444
EMAT 13 33 1 -0.0069444444444444444444444444444444444444444444444444 
-0.0069444444444444444444444444444444444444444444444444
EMAT 13 34 1 -0.0069444444444444444444444444444444444444444444444444 
-0.0069444444444444444444444444444444444444444444444444
EMAT 13 35 1 -0.0069444444444444444444444444444444444444444444444444 
-0.0069444444444444444444444444444444444444444444444444
EMAT 13 36 1 -0.0069444444444444444444444444444444444444444444444444 
-0.0069444444444444444444444444444444444444444444444444
EMAT 13 37 1 -0.0069444444444444444444444444444444444444444444444444 
-0.0069444444444444444444444444444444444444444444444444
EMAT 13 38 1 -0.0069444444444444444444444444444444444444444444444444 
-0.0069444444444444444444444444444444444444444444444444
EMAT 13 39 1 -0.0069444444444444444444444444444444444444444444444444 
-0.0069444444444444444444444444444444444444444444444444
EMAT 13 40 1 -0.0069444444444444444444444444444444444444444444444444 
-0.0069444444444444444444444444444444444444444444444444
EMAT 13 41 1 -0.0069444444444444444444444444444444444444444444444444 
-0.0069444444444444444444444444444444444444444444444444
EMAT 13 42 1 -0.0069444444444444444444444444444444444444444444444444 
-0.0069444444444444444444444444444444444444444444444444
EMAT 13 43 1 -0.0069444444444444444444444444444444444444444444444444 
-0.0069444444444444444444444444444444444444444444444444
EMAT 13 44 1 -0.0069444444444444444444444444444444444444444444444444 
-0.0069444444444444444444444444444444444444444444444444
EMAT 13 45 1 -0.0069444444444444444444444444444444444444444444444444 
-0.0069444444444444444444444444444444444444444444444444
EMAT 13 46 1 -0.0069444444444444444444444444444444444444444444444444 
-0.0069444444444444444444444444444444444444444444444444
EMAT 13 47 1 -0.0069444444444444444444444444444444444444444444444444 
-0.0069444444444444444444444444444444444444444444444444
EMAT 13 48 1 -0.0069444444444444444444444444444444444444444444444444 
-0.0069444444444444444444444444444444444444444444444444
EMAT 13 49 1 -0.0069444444444444444444444444444444444444444444444444 
-0.0069444444444444444444444444444444444444444444444444
EMAT 13 50 1 -0.0069444444444444444444444444444444444444444444444444 
-0.0069444444444444444444444444444444444444444444444444
EMAT 13 51 1 -0.0069444444444444444444444444444444444444444444444444 
-0.0069444444444444444444444444444444444444444444444444
EMAT 13 52 1 -0.0069444444444444444444444444444444444444444444444444 
-0.0069444444444444444444444444444444444444444444444444
EMAT 13 53 1 -0.0069444444444444444444444444444444444444444444444444 
-0.0069444444444444444444444444444444444444444444444444
EMAT 13 54 1 -0.0069444444444444444444444444444444444444444444444444 
-0.0069444444444444444444444444444444444444444444444444
EMAT 13 55 1 -0.0069444444444444444444444444444444444444444444444444 
-0.0069444444444444444444444444444444444444444444444444
EMAT 13 56 1 -0.0069444444444444444444444444444444444444444444444444 
-0.0069444444444444444444444444444444444444444444444444
EMAT 13 57 1 -0.0069444444444444444444444444444444444444444444444444 
-0.0069444444444444444444444444444444444444444444444444
EMAT 13 58 1 -0.0069444444444444444444444444444444444444444444444444 
-0.0069444444444444444444444444444444444444444444444444
EMAT 13 59 1 -0.0069444444444444444444444444444444444444444444444444 
-0.0069444444444444444444444444444444444444444444444444
EMAT 13 60 1 -0.0069444444444444444444444444444444444444444444444444 
-0.0069444444444444444444444444444444444444444444444444
EMAT 13 61 1 -0.0069444444444444444444444444444444444444444444444444 
-0.0069444444444444444444444444444444444444444444444444
EMAT 13 77 3 0.062500000000000000000000000000000000000000000000000 
-0.062500000000000000000000000000000000000000000000000
EMAT 13 78 3 0.062500000000000000000000000000000000000000000000000 
-0.062500000000000000000000000000000000000000000000000
EMAT 13 79 3 0.062500000000000000000000000000000000000000000000000 
-0.062500000000000000000000000000000000000000000000000
EMAT 13 80 3 0.062500000000000000000000000000000000000000000000000 
-0.062500000000000000000000000000000000000000000000000
EMAT 13 81 3 0.062500000000000000000000000000000000000000000000000 
-0.062500000000000000000000000000000000000000000000000
EMAT 13 82 3 0.062500000000000000000000000000000000000000000000000 
-0.062500000000000000000000000000000000000000000000000
EMAT 13 83 3 0.062500000000000000000000000000000000000000000000000 
-0.062500000000000000000000000000000000000000000000000
EMAT 13 84 3 0.062500000000000000000000000000000000000000000000000 
-0.062500000000000000000000000000000000000000000000000
EMAT 13 85 3 0.062500000000000000000000000000000000000000000000000 
-0.062500000000000000000000000000000000000000000000000
EMAT 13 86 3 0.062500000000000000000000000000000000000000000000000 
-0.062500000000000000000000000000000000000000000000000
EMAT 13 87 3 0.062500000000000000000000000000000000000000000000000 
-0.062500000000000000000000000000000000000000000000000
EMAT 13 88 3 0.062500000000000000000000000000000000000000000000000 
-0.062500000000000000000000000000000000000000000000000
EMAT 13 89 3 0.062500000000000000000000000000000000000000000000000 
-0.062500000000000000000000000000000000000000000000000
EMAT 13 90 3 0.062500000000000000000000000000000000000000000000000 
-0.062500000000000000000000000000000000000000000000000
EMAT 13 91 3 0.062500000000000000000000000000000000000000000000000 
-0.062500000000000000000000000000000000000000000000000
EMAT 13 92 3 0.062500000000000000000000000000000000000000000000000 
-0.062500000000000000000000000000000000000000000000000
EMAT 13 93 3 0.062500000000000000000000000000000000000000000000000 
-0.062500000000000000000000000000000000000000000000000
EMAT 13 94 3 0.062500000000000000000000000000000000000000000000000 
-0.062500000000000000000000000000000000000000000000000
EMAT 13 95 3 0.062500000000000000000000000000000000000000000000000 
-0.062500000000000000000000000000000000000000000000000
EMAT 13 96 3 0.062500000000000000000000000000000000000000000000000 
-0.062500000000000000000000000000000000000000000000000
EMAT 13 97 4 -0.11111111111111111111111111111111111111111111111111 
-2.1914150566624786008752596256472669279535589204470E-80
EMAT 13 98 4 6.2095027792553587581925690603654821049993000223870E-81 
0.11111111111111111111111111111111111111111111111111
EMAT 13 99 4 -0.11111111111111111111111111111111111111111111111111 
-1.5082147427243249520511115839522541778837218248506E-81
EMAT 13 100 4 6.9378836468642647519531540165852174220234062147508E-80 
0.11111111111111111111111111111111111111111111111111
EMAT 13 101 4 -0.11111111111111111111111111111111111111111111111111 
1.2964240423110860094610558549013469898498444217039E-81
EMAT 13 102 4 -4.6873488464157808327346642264504494919628115229688E-80 
0.11111111111111111111111111111111111111111111111111
EMAT 13 103 4 -0.11111111111111111111111111111111111111111111111111 
-1.3319603199612108038636210634026057154081421699984E-80
EMAT 13 104 4 -8.4199249851309496406238043780362900283261994547244E-81 
0.11111111111111111111111111111111111111111111111111
EMAT 13 105 4 -0.11111111111111111111111111111111111111111111111111 
-1.6147383726251146513314161488173766557651297684003E-79
EMAT 13 106 4 -3.7430803166680029730055992055081498400743437890328E-80 
0.11111111111111111111111111111111111111111111111111
EMAT 13 107 4 -0.11111111111111111111111111111111111111111111111111 
-1.3708198296409045841517561766678330861003094492075E-80
EMAT 13 108 4 5.0196167754844945560007592293963241025729957642912E-79 
0.11111111111111111111111111111111111111111111111111
EMAT 13 109 4 -0.11111111111111111111111111111111111111111111111111 
-3.1407550464728193683414621302008764982834138345355E-79
EMAT 13 110 4 -3.6333283408939981554251740012530501552599146184505E-80 
0.11111111111111111111111111111111111111111111111111
EMAT 13 111 4 -0.11111111111111111111111111111111111111111111111111 
6.6214160949386670914157782589600607094924504779224E-79
EMAT 13 112 5 0.0069444444444444444444444444444444444444444444444444 
0.0069444444444444444444444444444444444444444444444444
EMAT 13 113 5 0.0069444444444444444444444444444444444444444444444444 
0.0069444444444444444444444444444444444444444444444444
EMAT 13 114 5 -0.0069444444444444444444444444444444444444444444444444 
-0.0069444444444444444444444444444444444444444444444444
EMAT 13 115 5 -0.0069444444444444444444444444444444444444444444444444 
-0.0069444444444444444444444444444444444444444444444444
EMAT 13 116 5 0.0069444444444444444444444444444444444444444444444444 
0.0069444444444444444444444444444444444444444444444444
EMAT 13 117 5 0.0069444444444444444444444444444444444444444444444444 
0.0069444444444444444444444444444444444444444444444444
EMAT 13 118 5 -0.0069444444444444444444444444444444444444444444444444 
-0.0069444444444444444444444444444444444444444444444444
EMAT 13 119 5 -0.0069444444444444444444444444444444444444444444444444 
-0.0069444444444444444444444444444444444444444444444444
EMAT 13 120 5 0.0069444444444444444444444444444444444444444444444444 
0.0069444444444444444444444444444444444444444444444444
EMAT 13 121 5 0.0069444444444444444444444444444444444444444444444444 
0.0069444444444444444444444444444444444444444444444444
EMAT 13 122 5 0.0069444444444444444444444444444444444444444444444444 
0.0069444444444444444444444444444444444444444444444444
EMAT 13 123 5 0.0069444444444444444444444444444444444444444444444444 
0.0069444444444444444444444444444444444444444444444444
EMAT 13 137 15 0.062500000000000000000000000000000000000000000000000 
-0.062500000000000000000000000000000000000000000000000
EMAT 13 138 15 0.062500000000000000000000000000000000000000000000000 
-0.062500000000000000000000000000000000000000000000000
EMAT 13 139 15 0.062500000000000000000000000000000000000000000000000 
-0.062500000000000000000000000000000000000000000000000
EMAT 13 140 15 0.062500000000000000000000000000000000000000000000000 
-0.062500000000000000000000000000000000000000000000000
EMAT 13 141 20 -0.11111111111111111111111111111111111111111111111111 
1.7070928130427167245874509540572929232360210856973E-79
EMAT 13 142 20 2.1677615637391283533013343216137281507269346922057E-81 
0.11111111111111111111111111111111111111111111111111
EMAT 13 143 20 1.3782628343974455312497850739823029556079339017978E-78 
-0.11111111111111111111111111111111111111111111111111
EMAT 14 1 60 1.0000000000000000000000000000000000000000000000000 
-8.6683595211548075012882504384868238892573185996944E-81
EMAT 14 97 4 0.066666666666666666666666666666666666666666666666666 
8.7357134305921520414477563773377958169947501515103E-81
EMAT 14 98 4 3.2498176265807186596398484821783906682964004492857E-81 
-0.066666666666666666666666666666666666666666666666666
EMAT 14 99 4 0.066666666666666666666666666666666666666666666666666 
-1.6299141857880383853338389449181187839910613928712E-81
EMAT 14 100 4 -1.6271745440323843995001640527847037772602134334234E-80 
-0.066666666666666666666666666666666666666666666666666
EMAT 14 101 4 0.066666666666666666666666666666666666666666666666666 
2.1212377902840071522666423922337271027203811697849E-80
EMAT 14 102 4 9.1822676976120475825225030752220480166407077230305E-80 
-0.066666666666666666666666666666666666666666666666666
EMAT 14 103 4 0.066666666666666666666666666666666666666666666666666 
-2.0859195975217397791884553695603931145076372668694E-79
EMAT 14 104 4 2.6491143907180910862777346874759327947907469568692E-79 
-0.066666666666666666666666666666666666666666666666666
EMAT 14 105 4 0.066666666666666666666666666666666666666666666666666 
2.7430712087274320081245185859166901370616567030397E-80
EMAT 14 106 4 -3.0481597665918759969153118220566698943451275313430E-80 
-0.066666666666666666666666666666666666666666666666666
EMAT 14 107 4 0.066666666666666666666666666666666666666666666666666 
-8.7080795543594702908274148787124745637579837105510E-80
EMAT 14 108 4 -1.0115483168874332884401730115219044690526456435343E-79 
-0.066666666666666666666666666666666666666666666666666
EMAT 14 109 4 0.066666666666666666666666666666666666666666666666666 
2.1372424137595668013746187526136524088439422795927E-79
EMAT 14 110 4 -1.9682542186055955650524658695444213673927804524519E-79 
-0.066666666666666666666666666666666666666666666666666
EMAT 14 111 4 0.066666666666666666666666666666666666666666666666666 
-1.0399731666146206578684703908855706958442923458093E-80
EMAT 14 132 12 0.20000000000000000000000000000000000000000000000000 
2.7343348633250639984035918956603746841896691822333E-79
EMAT 14 133 12 -0.20000000000000000000000000000000000000000000000000 
6.1312980408092382979380696093291556384899112618264E-79
EMAT 14 134 12 1.2063392628051150822831950810034167600210449023810E-79 
-0.20000000000000000000000000000000000000000000000000
EMAT 14 135 12 0.20000000000000000000000000000000000000000000000000 
-6.8682608354728000203237913251037684816231186144082E-79
EMAT 14 136 12 -7.6554957375139998113371256113124764789336741009731E-80 
-0.20000000000000000000000000000000000000000000000000
EMAT 14 141 20 -0.33333333333333333333333333333333333333333333333333 
2.1917383690996723410427030223489515210853170286311E-79
EMAT 14 142 20 1.3263233688069692930359388157960879287808948659706E-78 
0.33333333333333333333333333333333333333333333333333
EMAT 14 143 20 4.3783479405515092916257852503712046629750956156950E-78 
-0.33333333333333333333333333333333333333333333333333
EMAT 15 1 60 1.0000000000000000000000000000000000000000000000000 
-1.1370977036851537553282468625105722771492364569009E-80
EMAT 15 97 4 0.20000000000000000000000000000000000000000000000000 
2.0793639213332209736046176540525922932471207473307E-80
EMAT 15 98 4 9.6854851907104540998024741934694109472151753851152E-81 
-0.20000000000000000000000000000000000000000000000000
EMAT 15 99 4 0.20000000000000000000000000000000000000000000000000 
-3.6363588633866122493134402660683672907211719363562E-80
EMAT 15 100 4 -1.1964194469123208164092901887869615360866241914123E-79 
-0.20000000000000000000000000000000000000000000000000
EMAT 15 101 4 0.20000000000000000000000000000000000000000000000000 
2.1469428106973601986975827082187011439880907307114E-80
EMAT 15 102 4 1.2233117990396553904161676576116192861681943510554E-79 
-0.20000000000000000000000000000000000000000000000000
EMAT 15 103 4 0.20000000000000000000000000000000000000000000000000 
3.9947613068022012102602504505143961792985432214668E-80
EMAT 15 104 4 4.2057483877256227676797103098546182421246873041128E-79 
-0.20000000000000000000000000000000000000000000000000
EMAT 15 105 4 0.20000000000000000000000000000000000000000000000000 
1.6574996954417239068173849374005236319656299087815E-80
EMAT 15 106 4 4.2089912302736811903792612776904518191825795772125E-79 
-0.20000000000000000000000000000000000000000000000000
EMAT 15 107 4 0.20000000000000000000000000000000000000000000000000 
-1.1646239237236984657108779282659024665438395219227E-79
EMAT 15 108 4 -3.4812610342861419319364151526291984539688518826625E-79 
-0.20000000000000000000000000000000000000000000000000
EMAT 15 109 4 0.20000000000000000000000000000000000000000000000000 
2.3100989199875557236103303420794425246308229800224E-79
EMAT 15 110 4 -4.6767480230469265976535881759596235093816196658663E-79 
-0.20000000000000000000000000000000000000000000000000
EMAT 15 111 4 0.20000000000000000000000000000000000000000000000000 
-4.4942687532283359021848046000741802483313943310250E-79
EMAT 15 132 12 0.20000000000000000000000000000000000000000000000000 
2.1546288327997689096683629142166636240912355947227E-79
EMAT 15 133 12 -0.20000000000000000000000000000000000000000000000000 
1.0474839135048239831510805764575996379725713185619E-78
EMAT 15 134 12 1.9049985290407448681543706673912202853706656881656E-79 
-0.20000000000000000000000000000000000000000000000000
EMAT 15 135 12 0.20000000000000000000000000000000000000000000000000 
-6.2775777549435120183151329615809396936648209459270E-79
EMAT 15 136 12 4.3094161721698776233361665757577913931083690846000E-80 
-0.20000000000000000000000000000000000000000000000000
EMAT 15 141 20 -1.0000000000000000000000000000000000000000000000000 
6.5396680425161123723815513457863791693278692609799E-78
EMAT 15 142 20 4.1539395976133912937724363971505446605068262770482E-78 
1.0000000000000000000000000000000000000000000000000
EMAT 15 143 20 7.1991742584514358534138861550371781941129342848437E-78 
-1.0000000000000000000000000000000000000000000000000
EMAT 16 1 60 1.0000000000000000000000000000000000000000000000000 
-7.3027175013797175883602318177630815478355285922417E-81
EMAT 16 77 3 -0.50000000000000000000000000000000000000000000000000 
0.50000000000000000000000000000000000000000000000000
EMAT 16 78 3 -0.50000000000000000000000000000000000000000000000000 
0.50000000000000000000000000000000000000000000000000
EMAT 16 79 3 -0.50000000000000000000000000000000000000000000000000 
0.50000000000000000000000000000000000000000000000000
EMAT 16 80 3 -0.50000000000000000000000000000000000000000000000000 
0.50000000000000000000000000000000000000000000000000
EMAT 16 81 3 -0.50000000000000000000000000000000000000000000000000 
0.50000000000000000000000000000000000000000000000000
EMAT 16 82 3 -0.50000000000000000000000000000000000000000000000000 
0.50000000000000000000000000000000000000000000000000
EMAT 16 83 3 -0.50000000000000000000000000000000000000000000000000 
0.50000000000000000000000000000000000000000000000000
EMAT 16 84 3 -0.50000000000000000000000000000000000000000000000000 
0.50000000000000000000000000000000000000000000000000
EMAT 16 85 3 -0.50000000000000000000000000000000000000000000000000 
0.50000000000000000000000000000000000000000000000000
EMAT 16 86 3 -0.50000000000000000000000000000000000000000000000000 
0.50000000000000000000000000000000000000000000000000
EMAT 16 87 3 -0.50000000000000000000000000000000000000000000000000 
0.50000000000000000000000000000000000000000000000000
EMAT 16 88 3 -0.50000000000000000000000000000000000000000000000000 
0.50000000000000000000000000000000000000000000000000
EMAT 16 89 3 -0.50000000000000000000000000000000000000000000000000 
0.50000000000000000000000000000000000000000000000000
EMAT 16 90 3 -0.50000000000000000000000000000000000000000000000000 
0.50000000000000000000000000000000000000000000000000
EMAT 16 91 3 -0.50000000000000000000000000000000000000000000000000 
0.50000000000000000000000000000000000000000000000000
EMAT 16 92 3 -0.50000000000000000000000000000000000000000000000000 
0.50000000000000000000000000000000000000000000000000
EMAT 16 93 3 -0.50000000000000000000000000000000000000000000000000 
0.50000000000000000000000000000000000000000000000000
EMAT 16 94 3 -0.50000000000000000000000000000000000000000000000000 
0.50000000000000000000000000000000000000000000000000
EMAT 16 95 3 -0.50000000000000000000000000000000000000000000000000 
0.50000000000000000000000000000000000000000000000000
EMAT 16 96 3 -0.50000000000000000000000000000000000000000000000000 
0.50000000000000000000000000000000000000000000000000
EMAT 16 97 4 1.0000000000000000000000000000000000000000000000000 
1.3062397637815796128416069437464486651381496702136E-79
EMAT 16 98 4 -2.3136392773794675002534347666868222058239497993120E-79 
-1.0000000000000000000000000000000000000000000000000
EMAT 16 99 4 1.0000000000000000000000000000000000000000000000000 
-3.1101579698535667922955687493182486730761783323363E-79
EMAT 16 100 4 -1.7835731628669488192705815890471550986938463676314E-78 
-1.0000000000000000000000000000000000000000000000000
EMAT 16 101 4 1.0000000000000000000000000000000000000000000000000 
1.0678399828666741232231698425785706465481677347081E-81
EMAT 16 102 4 2.7576218065942879004060706899112024580329988549109E-78 
-1.0000000000000000000000000000000000000000000000000
EMAT 16 103 4 1.0000000000000000000000000000000000000000000000000 
1.3452647060363480449757406069399283024333941839210E-79
EMAT 16 104 4 5.4769724770116846076873998359519003352375071598042E-78 
-1.0000000000000000000000000000000000000000000000000
EMAT 16 105 4 1.0000000000000000000000000000000000000000000000000 
-1.7803209516176557643627668632624962730352749042810E-79
EMAT 16 106 4 -5.7599603881678788412392485020216352926845479078967E-79 
-1.0000000000000000000000000000000000000000000000000
EMAT 16 107 4 1.0000000000000000000000000000000000000000000000000 
-3.0261315376565560122574132145047486945694191414176E-78
EMAT 16 108 4 -6.2078467048065335503838836499641670918288463780533E-78 
-1.0000000000000000000000000000000000000000000000000
EMAT 16 109 4 1.0000000000000000000000000000000000000000000000000 
6.5669822918329180393827589855455610192292486672203E-78
EMAT 16 110 4 -6.0694008903244456276977360331640288286292929002934E-78 
-1.0000000000000000000000000000000000000000000000000
EMAT 16 111 4 1.0000000000000000000000000000000000000000000000000 
-1.0548730389262650802442877264425211689263222624547E-78
EMAT 16 132 12 -1.0000000000000000000000000000000000000000000000000 
-4.1287620584741228574989323307184604778524837345111E-78
EMAT 16 133 12 1.0000000000000000000000000000000000000000000000000 
-1.0205585301156725106523871242311587177719610177496E-77
EMAT 16 134 12 -6.8112063574838209384147202993668107612864231594483E-78 
1.0000000000000000000000000000000000000000000000000
EMAT 16 135 12 -1.0000000000000000000000000000000000000000000000000 
1.4475308562687809609198988470917654771894883273166E-77
EMAT 16 136 12 -1.2875641333101842757730197045981192233320376251507E-77 
1.0000000000000000000000000000000000000000000000000
EMAT 16 137 15 -0.50000000000000000000000000000000000000000000000000 
0.50000000000000000000000000000000000000000000000000
EMAT 16 138 15 -0.50000000000000000000000000000000000000000000000000 
0.50000000000000000000000000000000000000000000000000
EMAT 16 139 15 -0.50000000000000000000000000000000000000000000000000 
0.50000000000000000000000000000000000000000000000000
EMAT 16 140 15 -0.50000000000000000000000000000000000000000000000000 
0.50000000000000000000000000000000000000000000000000
EMAT 16 141 20 1.0000000000000000000000000000000000000000000000000 
-6.1627686790315990711705200526722759727168359600827E-78
EMAT 16 142 20 -6.2494243522579514567897516587883621614463094408641E-78 
-1.0000000000000000000000000000000000000000000000000
EMAT 16 143 20 -2.8457716795351983763228734985954428474139672545960E-77 
1.0000000000000000000000000000000000000000000000000
EMAT 17 1 60 1.0000000000000000000000000000000000000000000000000 
2.7150908228334126844654849551652859666955099379688E-82
EMAT 17 97 4 0.066666666666666666666666666666666666666666666666666 
5.1368401182867634893483306374451076213790390517321E-81
EMAT 17 98 4 -7.2967045902009326392564278195965726571837106104925E-81 
-0.066666666666666666666666666666666666666666666666666
EMAT 17 99 4 0.066666666666666666666666666666666666666666666666666 
-1.7047889372707477986871850899171605032951673274735E-81
EMAT 17 100 4 3.7622473072073261226054029941952750302649478460714E-80 
-0.066666666666666666666666666666666666666666666666666
EMAT 17 101 4 0.066666666666666666666666666666666666666666666666666 
1.2309150888659329610438599510394159852682605700760E-80
EMAT 17 102 4 -7.0521653677331405668068104528511491044222192797864E-80 
-0.066666666666666666666666666666666666666666666666666
EMAT 17 103 4 0.066666666666666666666666666666666666666666666666666 
-1.5043009272565943209936450518530645216742686249005E-79
EMAT 17 104 4 -8.2826649961605075515733893553055167070155905386223E-80 
-0.066666666666666666666666666666666666666666666666666
EMAT 17 105 4 0.066666666666666666666666666666666666666666666666666 
-2.0817990567566427105717257195933862278462762564722E-80
EMAT 17 106 4 3.0743760656707546837408426248493367706245777463729E-80 
-0.066666666666666666666666666666666666666666666666666
EMAT 17 107 4 0.066666666666666666666666666666666666666666666666666 
-3.0743051757088124712623630818358869013807972854666E-80
EMAT 17 108 4 7.8233197464678126403540810901176272280094864277067E-81 
-0.066666666666666666666666666666666666666666666666666
EMAT 17 109 4 0.066666666666666666666666666666666666666666666666666 
-1.1762411359832363320050698845115664069520984473016E-80
EMAT 17 110 4 -5.3060618732834004961703879013957985035820795913020E-80 
-0.066666666666666666666666666666666666666666666666666
EMAT 17 111 4 0.066666666666666666666666666666666666666666666666666 
-1.0044931881472773085416028458279198925115296114376E-80
EMAT 17 132 12 -0.20000000000000000000000000000000000000000000000000 
-1.3313744943434653841163651339847492308555978143729E-80
EMAT 17 133 12 0.20000000000000000000000000000000000000000000000000 
3.5867588699728589261528147215636464033109776363434E-80
EMAT 17 134 12 3.8684354593226424527117475154881647995719546035516E-79 
0.20000000000000000000000000000000000000000000000000
EMAT 17 135 12 -0.20000000000000000000000000000000000000000000000000 
-3.9724941326015426316763136783812669049821305875957E-79
EMAT 17 136 12 -4.8897358592429125715665615923909156964932959884065E-79 
0.20000000000000000000000000000000000000000000000000
EMAT 17 141 20 0.33333333333333333333333333333333333333333333333333 
7.0496926394129558296017874211586535826690346229823E-79
EMAT 17 142 20 5.5459667743719564073303148888422253937080036105075E-79 
-0.33333333333333333333333333333333333333333333333333
EMAT 17 143 20 -1.0735753217750368026991891575138996651501121051217E-78 
0.33333333333333333333333333333333333333333333333333
EMAT 18 1 60 1.0000000000000000000000000000000000000000000000000 
8.7251150532259761809748592959196365346984308519081E-82
EMAT 18 97 4 0.33333333333333333333333333333333333333333333333333 
3.3459868659594712465987107185737753563474529948862E-81
EMAT 18 98 4 -4.5326310292810684623059155541322711373601915187529E-80 
-0.33333333333333333333333333333333333333333333333333
EMAT 18 99 4 0.33333333333333333333333333333333333333333333333333 
1.7960028873610306559452851145882145674826901779718E-80
EMAT 18 100 4 1.7078439943239648356743697229623396565677572776677E-79 
-0.33333333333333333333333333333333333333333333333333
EMAT 18 101 4 0.33333333333333333333333333333333333333333333333333 
-2.2318547180283259200661699481023644904484948392633E-80
EMAT 18 102 4 -3.0520297866247749606961845426678170026752201923386E-81 
-0.33333333333333333333333333333333333333333333333333
EMAT 18 103 4 0.33333333333333333333333333333333333333333333333333 
6.5802848436320842723245438957777311532891044202066E-81
EMAT 18 104 4 -7.5787186081421595346200569781980176894814925672292E-79 
-0.33333333333333333333333333333333333333333333333333
EMAT 18 105 4 0.33333333333333333333333333333333333333333333333333 
-2.5596889933988750838944396396279621683087177901792E-79
EMAT 18 106 4 5.6798120120696017141175364062845155676613322140331E-80 
-0.33333333333333333333333333333333333333333333333333
EMAT 18 107 4 0.33333333333333333333333333333333333333333333333333 
-2.0742124705230081432936583840710862690686116200197E-79
EMAT 18 108 4 -8.1798932921323038327230491173317282214629411757973E-80 
-0.33333333333333333333333333333333333333333333333333
EMAT 18 109 4 0.33333333333333333333333333333333333333333333333333 
-3.3373301298335529605576137068901077441642831206000E-79
EMAT 18 110 4 4.1660049236824618277671836451851622044551774866656E-79 
-0.33333333333333333333333333333333333333333333333333
EMAT 18 111 4 0.33333333333333333333333333333333333333333333333333 
2.2152273600568325494099853467648344466134341961342E-79
EMAT 18 132 12 -1.0000000000000000000000000000000000000000000000000 
9.2916795983028411522720514713730922772827760143115E-80
EMAT 18 133 12 1.0000000000000000000000000000000000000000000000000 
-1.9432003212085943614464766645547888065807313399434E-78
EMAT 18 134 12 -5.0033900506950118943122032764940210365937922863783E-79 
1.0000000000000000000000000000000000000000000000000
EMAT 18 135 12 -1.0000000000000000000000000000000000000000000000000 
6.6684745268364413686462835623978302238968929872426E-78
EMAT 18 136 12 -1.8028165095091490715982041348581912809350771879868E-77 
1.0000000000000000000000000000000000000000000000000
EMAT 18 141 20 0.33333333333333333333333333333333333333333333333333 
4.1037068860738228718558993579357997959760084826420E-79
EMAT 18 142 20 1.6788724776855154680001238571149382951614085381625E-78 
-0.33333333333333333333333333333333333333333333333333
EMAT 18 143 20 -1.1467133392723272971466244489484160054728183624871E-78 
0.33333333333333333333333333333333333333333333333333
EMAT 19 77 3 -0.10000000000000000000000000000000000000000000000000 
0.10000000000000000000000000000000000000000000000000
EMAT 19 78 3 -0.10000000000000000000000000000000000000000000000000 
0.10000000000000000000000000000000000000000000000000
EMAT 19 79 3 -0.10000000000000000000000000000000000000000000000000 
0.10000000000000000000000000000000000000000000000000
EMAT 19 80 3 -0.10000000000000000000000000000000000000000000000000 
0.10000000000000000000000000000000000000000000000000
EMAT 19 81 3 -0.10000000000000000000000000000000000000000000000000 
0.10000000000000000000000000000000000000000000000000
EMAT 19 82 3 -0.10000000000000000000000000000000000000000000000000 
0.10000000000000000000000000000000000000000000000000
EMAT 19 83 3 -0.10000000000000000000000000000000000000000000000000 
0.10000000000000000000000000000000000000000000000000
EMAT 19 84 3 -0.10000000000000000000000000000000000000000000000000 
0.10000000000000000000000000000000000000000000000000
EMAT 19 85 3 -0.10000000000000000000000000000000000000000000000000 
0.10000000000000000000000000000000000000000000000000
EMAT 19 86 3 -0.10000000000000000000000000000000000000000000000000 
0.10000000000000000000000000000000000000000000000000
EMAT 19 87 3 -0.10000000000000000000000000000000000000000000000000 
0.10000000000000000000000000000000000000000000000000
EMAT 19 88 3 -0.10000000000000000000000000000000000000000000000000 
0.10000000000000000000000000000000000000000000000000
EMAT 19 89 3 -0.10000000000000000000000000000000000000000000000000 
0.10000000000000000000000000000000000000000000000000
EMAT 19 90 3 -0.10000000000000000000000000000000000000000000000000 
0.10000000000000000000000000000000000000000000000000
EMAT 19 91 3 -0.10000000000000000000000000000000000000000000000000 
0.10000000000000000000000000000000000000000000000000
EMAT 19 92 3 -0.10000000000000000000000000000000000000000000000000 
0.10000000000000000000000000000000000000000000000000
EMAT 19 93 3 -0.10000000000000000000000000000000000000000000000000 
0.10000000000000000000000000000000000000000000000000
EMAT 19 94 3 -0.10000000000000000000000000000000000000000000000000 
0.10000000000000000000000000000000000000000000000000
EMAT 19 95 3 -0.10000000000000000000000000000000000000000000000000 
0.10000000000000000000000000000000000000000000000000
EMAT 19 96 3 -0.10000000000000000000000000000000000000000000000000 
0.10000000000000000000000000000000000000000000000000
EMAT 19 112 5 0.16666666666666666666666666666666666666666666666667 
0.16666666666666666666666666666666666666666666666667
EMAT 19 113 5 0.16666666666666666666666666666666666666666666666667 
0.16666666666666666666666666666666666666666666666667
EMAT 19 114 5 -0.16666666666666666666666666666666666666666666666667 
-0.16666666666666666666666666666666666666666666666667
EMAT 19 115 5 -0.16666666666666666666666666666666666666666666666667 
-0.16666666666666666666666666666666666666666666666667
EMAT 19 116 5 0.16666666666666666666666666666666666666666666666667 
0.16666666666666666666666666666666666666666666666667
EMAT 19 117 5 0.16666666666666666666666666666666666666666666666667 
0.16666666666666666666666666666666666666666666666667
EMAT 19 118 5 -0.16666666666666666666666666666666666666666666666667 
-0.16666666666666666666666666666666666666666666666667
EMAT 19 119 5 -0.16666666666666666666666666666666666666666666666667 
-0.16666666666666666666666666666666666666666666666667
EMAT 19 120 5 0.16666666666666666666666666666666666666666666666667 
0.16666666666666666666666666666666666666666666666667
EMAT 19 121 5 0.16666666666666666666666666666666666666666666666667 
0.16666666666666666666666666666666666666666666666667
EMAT 19 122 5 0.16666666666666666666666666666666666666666666666667 
0.16666666666666666666666666666666666666666666666667
EMAT 19 123 5 0.16666666666666666666666666666666666666666666666667 
0.16666666666666666666666666666666666666666666666667
EMAT 19 132 12 -0.20000000000000000000000000000000000000000000000000 
-1.8761283421944563977900317758191725531169612940975E-79
EMAT 19 133 12 0.20000000000000000000000000000000000000000000000000 
1.8766760454167051206377109257770894865886698547417E-80
EMAT 19 134 12 1.1339076057555538721146341625147825535430434604795E-79 
0.20000000000000000000000000000000000000000000000000
EMAT 19 135 12 -0.20000000000000000000000000000000000000000000000000 
-3.1410826099742445782318959745801706246941984490227E-79
EMAT 19 136 12 -9.8060491812211627624235854903683156464200198906165E-79 
0.20000000000000000000000000000000000000000000000000
EMAT 19 141 20 0.33333333333333333333333333333333333333333333333333 
8.7656265083564990708705537406609538161457713689838E-79
EMAT 19 142 20 3.0503192430728989632916506736372674880986144874510E-79 
-0.33333333333333333333333333333333333333333333333333
EMAT 19 143 20 -2.7144274747419846728515077693835119207512255869198E-78 
0.33333333333333333333333333333333333333333333333333
EMAT 20 1 60 1.0000000000000000000000000000000000000000000000000 
-1.7156592909907788130550364544887435457425022081139E-80
EMAT 20 97 4 1.0000000000000000000000000000000000000000000000000 
1.4144531344752195449604039579017644380719047778027E-79
EMAT 20 98 4 -3.4738636349968774736462364661665005186003347327461E-79 
-1.0000000000000000000000000000000000000000000000000
EMAT 20 99 4 1.0000000000000000000000000000000000000000000000000 
1.4208734399178132906597351482487509871988368719991E-80
EMAT 20 100 4 5.2438467691720415210882436319272528697253246474421E-79 
-1.0000000000000000000000000000000000000000000000000
EMAT 20 101 4 1.0000000000000000000000000000000000000000000000000 
1.8220727925156116032786836801487045314473407021985E-79
EMAT 20 102 4 7.7799089711434562708462469774061116371386690612176E-79 
-1.0000000000000000000000000000000000000000000000000
EMAT 20 103 4 1.0000000000000000000000000000000000000000000000000 
-6.3551773318012833888836770242820791853443236326188E-79
EMAT 20 104 4 -2.2404037280566862028625396761494766581360240824578E-78 
-1.0000000000000000000000000000000000000000000000000
EMAT 20 105 4 1.0000000000000000000000000000000000000000000000000 
-1.0046370039328729699018677460514356698136184623339E-78
EMAT 20 106 4 -2.3583846949429542465137828295022520731139635262192E-79 
-1.0000000000000000000000000000000000000000000000000
EMAT 20 107 4 1.0000000000000000000000000000000000000000000000000 
-2.8749544966612195442024788699813720574555966312469E-79
EMAT 20 108 4 5.6341402805071423831187202303808531600826135985268E-79 
-1.0000000000000000000000000000000000000000000000000
EMAT 20 109 4 1.0000000000000000000000000000000000000000000000000 
1.2273361074680511433334366732490867116704337278802E-78
EMAT 20 110 4 -3.4654454945972250927397520030440414506508707460240E-78 
-1.0000000000000000000000000000000000000000000000000
EMAT 20 111 4 1.0000000000000000000000000000000000000000000000000 
-9.2962699802392938244452682695625952010503676178256E-79
EMAT 20 112 5 -1.0000000000000000000000000000000000000000000000000 
-1.0000000000000000000000000000000000000000000000000
EMAT 20 113 5 -1.0000000000000000000000000000000000000000000000000 
-1.0000000000000000000000000000000000000000000000000
EMAT 20 114 5 1.0000000000000000000000000000000000000000000000000 
1.0000000000000000000000000000000000000000000000000
EMAT 20 115 5 1.0000000000000000000000000000000000000000000000000 
1.0000000000000000000000000000000000000000000000000
EMAT 20 116 5 -1.0000000000000000000000000000000000000000000000000 
-1.0000000000000000000000000000000000000000000000000
EMAT 20 117 5 -1.0000000000000000000000000000000000000000000000000 
-1.0000000000000000000000000000000000000000000000000
EMAT 20 118 5 1.0000000000000000000000000000000000000000000000000 
1.0000000000000000000000000000000000000000000000000
EMAT 20 119 5 1.0000000000000000000000000000000000000000000000000 
1.0000000000000000000000000000000000000000000000000
EMAT 20 120 5 -1.0000000000000000000000000000000000000000000000000 
-1.0000000000000000000000000000000000000000000000000
EMAT 20 121 5 -1.0000000000000000000000000000000000000000000000000 
-1.0000000000000000000000000000000000000000000000000
EMAT 20 122 5 -1.0000000000000000000000000000000000000000000000000 
-1.0000000000000000000000000000000000000000000000000
EMAT 20 123 5 -1.0000000000000000000000000000000000000000000000000 
-1.0000000000000000000000000000000000000000000000000
EMAT 20 132 12 1.0000000000000000000000000000000000000000000000000 
9.3743015535130208902426946214648266849233741188716E-79
EMAT 20 133 12 -1.0000000000000000000000000000000000000000000000000 
8.8018199307429828320269098904794262230041027654588E-79
EMAT 20 134 12 1.4951127980688416936396231825745484493810552846186E-79 
-1.0000000000000000000000000000000000000000000000000
EMAT 20 135 12 1.0000000000000000000000000000000000000000000000000 
1.1930609133361674727908873906277124870437544400086E-78
EMAT 20 136 12 4.2613635776471993267387993796948333324308585170720E-78 
-1.0000000000000000000000000000000000000000000000000
EMAT 20 137 15 -1.0000000000000000000000000000000000000000000000000 
1.0000000000000000000000000000000000000000000000000
EMAT 20 138 15 -1.0000000000000000000000000000000000000000000000000 
1.0000000000000000000000000000000000000000000000000
EMAT 20 139 15 -1.0000000000000000000000000000000000000000000000000 
1.0000000000000000000000000000000000000000000000000
EMAT 20 140 15 -1.0000000000000000000000000000000000000000000000000 
1.0000000000000000000000000000000000000000000000000
EMAT 20 141 20 -1.0000000000000000000000000000000000000000000000000 
-3.0545944243659734164861714082889080082569798172593E-78
EMAT 20 142 20 -7.4983769376363188196770093192721445505635424515046E-78 
1.0000000000000000000000000000000000000000000000000
EMAT 20 143 20 1.0341888458252759418696936709562490544406883931539E-81 
-1.0000000000000000000000000000000000000000000000000
EMAT 21 1 60 1.0000000000000000000000000000000000000000000000000 
-2.4950935350444832786245404784544848846140588392726E-81
EMAT 21 77 3 1.0000000000000000000000000000000000000000000000000 
-1.0000000000000000000000000000000000000000000000000
EMAT 21 78 3 1.0000000000000000000000000000000000000000000000000 
-1.0000000000000000000000000000000000000000000000000
EMAT 21 79 3 1.0000000000000000000000000000000000000000000000000 
-1.0000000000000000000000000000000000000000000000000
EMAT 21 80 3 1.0000000000000000000000000000000000000000000000000 
-1.0000000000000000000000000000000000000000000000000
EMAT 21 81 3 1.0000000000000000000000000000000000000000000000000 
-1.0000000000000000000000000000000000000000000000000
EMAT 21 82 3 1.0000000000000000000000000000000000000000000000000 
-1.0000000000000000000000000000000000000000000000000
EMAT 21 83 3 1.0000000000000000000000000000000000000000000000000 
-1.0000000000000000000000000000000000000000000000000
EMAT 21 84 3 1.0000000000000000000000000000000000000000000000000 
-1.0000000000000000000000000000000000000000000000000
EMAT 21 85 3 1.0000000000000000000000000000000000000000000000000 
-1.0000000000000000000000000000000000000000000000000
EMAT 21 86 3 1.0000000000000000000000000000000000000000000000000 
-1.0000000000000000000000000000000000000000000000000
EMAT 21 87 3 1.0000000000000000000000000000000000000000000000000 
-1.0000000000000000000000000000000000000000000000000
EMAT 21 88 3 1.0000000000000000000000000000000000000000000000000 
-1.0000000000000000000000000000000000000000000000000
EMAT 21 89 3 1.0000000000000000000000000000000000000000000000000 
-1.0000000000000000000000000000000000000000000000000
EMAT 21 90 3 1.0000000000000000000000000000000000000000000000000 
-1.0000000000000000000000000000000000000000000000000
EMAT 21 91 3 1.0000000000000000000000000000000000000000000000000 
-1.0000000000000000000000000000000000000000000000000
EMAT 21 92 3 1.0000000000000000000000000000000000000000000000000 
-1.0000000000000000000000000000000000000000000000000
EMAT 21 93 3 1.0000000000000000000000000000000000000000000000000 
-1.0000000000000000000000000000000000000000000000000
EMAT 21 94 3 1.0000000000000000000000000000000000000000000000000 
-1.0000000000000000000000000000000000000000000000000
EMAT 21 95 3 1.0000000000000000000000000000000000000000000000000 
-1.0000000000000000000000000000000000000000000000000
EMAT 21 96 3 1.0000000000000000000000000000000000000000000000000 
-1.0000000000000000000000000000000000000000000000000
EMAT 21 97 4 -1.0000000000000000000000000000000000000000000000000 
7.5005809111857164548568624653832505835130026039851E-82
EMAT 21 98 4 6.7444529748143518194909523634387670455566020094193E-79 
1.0000000000000000000000000000000000000000000000000
EMAT 21 99 4 -1.0000000000000000000000000000000000000000000000000 
1.2611178378674687227665931623502917696156060962277E-79
EMAT 21 100 4 -1.5451373295497764940131264075651904017644258319118E-78 
1.0000000000000000000000000000000000000000000000000
EMAT 21 101 4 -1.0000000000000000000000000000000000000000000000000 
5.8618463734283285710722108665274079437053422058249E-79
EMAT 21 102 4 4.3358581934210418251791845877456726836225555121093E-79 
1.0000000000000000000000000000000000000000000000000
EMAT 21 103 4 -1.0000000000000000000000000000000000000000000000000 
1.2105208329279896414493076850053186337446873581828E-78
EMAT 21 104 4 5.8288367172104843192703180459753608390487939740408E-78 
1.0000000000000000000000000000000000000000000000000
EMAT 21 105 4 -1.0000000000000000000000000000000000000000000000000 
1.9070266559485630722935558060769298078598907498797E-78
EMAT 21 106 4 7.1378052450377286738646436332811218369930583912890E-79 
1.0000000000000000000000000000000000000000000000000
EMAT 21 107 4 -1.0000000000000000000000000000000000000000000000000 
2.5249454491722257893650756741090011271172242756993E-78
EMAT 21 108 4 9.7956022909737340308885448011203831983497782115183E-80 
1.0000000000000000000000000000000000000000000000000
EMAT 21 109 4 -1.0000000000000000000000000000000000000000000000000 
3.3983098136921403502033598325907846237466356061072E-78
EMAT 21 110 4 -7.8366719524241298214451970299665803955481016217757E-79 
1.0000000000000000000000000000000000000000000000000
EMAT 21 111 4 -1.0000000000000000000000000000000000000000000000000 
1.3943282270586022453633514307132746615016127458331E-78
EMAT 21 132 12 -1.0000000000000000000000000000000000000000000000000 
-1.1750802160803397435382606090855352441297654727801E-78
EMAT 21 133 12 1.0000000000000000000000000000000000000000000000000 
-1.8032294181664838891354174789794172157998773143865E-78
EMAT 21 134 12 -1.1926286133484234071530245470163194925259542418184E-78 
1.0000000000000000000000000000000000000000000000000
EMAT 21 135 12 -1.0000000000000000000000000000000000000000000000000 
3.0135533537964765051981493434723994873262292065951E-78
EMAT 21 136 12 -3.5415988431012553857122590658754321413694630310440E-77 
1.0000000000000000000000000000000000000000000000000
EMAT 21 137 15 1.0000000000000000000000000000000000000000000000000 
-1.0000000000000000000000000000000000000000000000000
EMAT 21 138 15 1.0000000000000000000000000000000000000000000000000 
-1.0000000000000000000000000000000000000000000000000
EMAT 21 139 15 1.0000000000000000000000000000000000000000000000000 
-1.0000000000000000000000000000000000000000000000000
EMAT 21 140 15 1.0000000000000000000000000000000000000000000000000 
-1.0000000000000000000000000000000000000000000000000
EMAT 21 141 20 -1.0000000000000000000000000000000000000000000000000 
-3.9786255319233434912084306608545341527967661731152E-78
EMAT 21 142 20 -9.6705823074619031824710757889185431703500710478551E-78 
1.0000000000000000000000000000000000000000000000000
EMAT 21 143 20 2.5760216145920338231156271485259097046349701220809E-78 
-1.0000000000000000000000000000000000000000000000000
RHOV 2 1 0.016666666666666666666666666666666666666666666666667 
0.016666666666666666666666666666666666666666666666667
RHOV 3 1 0.016666666666666666666666666666666666666666666666667 
0.016666666666666666666666666666666666666666666666667
RHOV 4 1 0.016666666666666666666666666666666666666666666666667 
0.016666666666666666666666666666666666666666666666667
RHOV 5 1 0.016666666666666666666666666666666666666666666666667 
0.016666666666666666666666666666666666666666666666667
RHOV 6 1 0.016666666666666666666666666666666666666666666666667 
0.016666666666666666666666666666666666666666666666667
RHOV 7 1 0.016666666666666666666666666666666666666666666666667 
0.016666666666666666666666666666666666666666666666667
RHOV 8 1 0.016666666666666666666666666666666666666666666666667 
0.016666666666666666666666666666666666666666666666667
RHOV 9 1 0.016666666666666666666666666666666666666666666666667 
0.016666666666666666666666666666666666666666666666667
RHOV 10 1 0.016666666666666666666666666666666666666666666666667 
0.016666666666666666666666666666666666666666666666667
RHOV 11 1 0.016666666666666666666666666666666666666666666666667 
0.016666666666666666666666666666666666666666666666667
RHOV 12 1 0.016666666666666666666666666666666666666666666666667 
0.016666666666666666666666666666666666666666666666667
RHOV 13 1 0.016666666666666666666666666666666666666666666666667 
0.016666666666666666666666666666666666666666666666667
RHOV 14 1 0.016666666666666666666666666666666666666666666666667 
0.016666666666666666666666666666666666666666666666667
RHOV 15 1 0.016666666666666666666666666666666666666666666666667 
0.016666666666666666666666666666666666666666666666667
RHOV 16 1 0.016666666666666666666666666666666666666666666666667 
0.016666666666666666666666666666666666666666666666667
RHOV 17 1 0.016666666666666666666666666666666666666666666666667 
0.016666666666666666666666666666666666666666666666667
RHOV 18 1 0.016666666666666666666666666666666666666666666666667 
0.016666666666666666666666666666666666666666666666667
RHOV 19 1 0.016666666666666666666666666666666666666666666666667 
0.016666666666666666666666666666666666666666666666667
RHOV 20 1 0.016666666666666666666666666666666666666666666666667 
0.016666666666666666666666666666666666666666666666667
RHOV 21 1 0.016666666666666666666666666666666666666666666666667 
0.016666666666666666666666666666666666666666666666667
RHOV 22 1 0.016666666666666666666666666666666666666666666666667 
0.016666666666666666666666666666666666666666666666667
RHOV 23 1 0.016666666666666666666666666666666666666666666666667 
0.016666666666666666666666666666666666666666666666667
RHOV 24 1 0.016666666666666666666666666666666666666666666666667 
0.016666666666666666666666666666666666666666666666667
RHOV 25 1 0.016666666666666666666666666666666666666666666666667 
0.016666666666666666666666666666666666666666666666667
RHOV 26 1 0.016666666666666666666666666666666666666666666666667 
0.016666666666666666666666666666666666666666666666667
RHOV 27 1 0.016666666666666666666666666666666666666666666666667 
0.016666666666666666666666666666666666666666666666667
RHOV 28 1 0.016666666666666666666666666666666666666666666666667 
0.016666666666666666666666666666666666666666666666667
RHOV 29 1 0.016666666666666666666666666666666666666666666666667 
0.016666666666666666666666666666666666666666666666667
RHOV 30 1 0.016666666666666666666666666666666666666666666666667 
0.016666666666666666666666666666666666666666666666667
RHOV 31 1 0.016666666666666666666666666666666666666666666666667 
0.016666666666666666666666666666666666666666666666667
RHOV 32 1 0.016666666666666666666666666666666666666666666666667 
0.016666666666666666666666666666666666666666666666667
RHOV 33 1 0.016666666666666666666666666666666666666666666666667 
0.016666666666666666666666666666666666666666666666667
RHOV 34 1 0.016666666666666666666666666666666666666666666666667 
0.016666666666666666666666666666666666666666666666667
RHOV 35 1 0.016666666666666666666666666666666666666666666666667 
0.016666666666666666666666666666666666666666666666667
RHOV 36 1 0.016666666666666666666666666666666666666666666666667 
0.016666666666666666666666666666666666666666666666667
RHOV 37 1 0.016666666666666666666666666666666666666666666666667 
0.016666666666666666666666666666666666666666666666667
RHOV 38 1 0.016666666666666666666666666666666666666666666666667 
0.016666666666666666666666666666666666666666666666667
RHOV 39 1 0.016666666666666666666666666666666666666666666666667 
0.016666666666666666666666666666666666666666666666667
RHOV 40 1 0.016666666666666666666666666666666666666666666666667 
0.016666666666666666666666666666666666666666666666667
RHOV 41 1 0.016666666666666666666666666666666666666666666666667 
0.016666666666666666666666666666666666666666666666667
RHOV 42 1 0.016666666666666666666666666666666666666666666666667 
0.016666666666666666666666666666666666666666666666667
RHOV 43 1 0.016666666666666666666666666666666666666666666666667 
0.016666666666666666666666666666666666666666666666667
RHOV 44 1 0.016666666666666666666666666666666666666666666666667 
0.016666666666666666666666666666666666666666666666667
RHOV 45 1 0.016666666666666666666666666666666666666666666666667 
0.016666666666666666666666666666666666666666666666667
RHOV 46 1 0.016666666666666666666666666666666666666666666666667 
0.016666666666666666666666666666666666666666666666667
RHOV 47 1 0.016666666666666666666666666666666666666666666666667 
0.016666666666666666666666666666666666666666666666667
RHOV 48 1 0.016666666666666666666666666666666666666666666666667 
0.016666666666666666666666666666666666666666666666667
RHOV 49 1 0.016666666666666666666666666666666666666666666666667 
0.016666666666666666666666666666666666666666666666667
RHOV 50 1 0.016666666666666666666666666666666666666666666666667 
0.016666666666666666666666666666666666666666666666667
RHOV 51 1 0.016666666666666666666666666666666666666666666666667 
0.016666666666666666666666666666666666666666666666667
RHOV 52 1 0.016666666666666666666666666666666666666666666666667 
0.016666666666666666666666666666666666666666666666667
RHOV 53 1 0.016666666666666666666666666666666666666666666666667 
0.016666666666666666666666666666666666666666666666667
RHOV 54 1 0.016666666666666666666666666666666666666666666666667 
0.016666666666666666666666666666666666666666666666667
RHOV 55 1 0.016666666666666666666666666666666666666666666666667 
0.016666666666666666666666666666666666666666666666667
RHOV 56 1 0.016666666666666666666666666666666666666666666666667 
0.016666666666666666666666666666666666666666666666667
RHOV 57 1 0.016666666666666666666666666666666666666666666666667 
0.016666666666666666666666666666666666666666666666667
RHOV 58 1 0.016666666666666666666666666666666666666666666666667 
0.016666666666666666666666666666666666666666666666667
RHOV 59 1 0.016666666666666666666666666666666666666666666666667 
0.016666666666666666666666666666666666666666666666667
RHOV 60 1 0.016666666666666666666666666666666666666666666666667 
0.016666666666666666666666666666666666666666666666667
RHOV 61 1 0.016666666666666666666666666666666666666666666666667 
0.016666666666666666666666666666666666666666666666667
RHOV 77 3 0.050000000000000000000000000000000000000000000000000 
-0.050000000000000000000000000000000000000000000000000
RHOV 78 3 0.050000000000000000000000000000000000000000000000000 
-0.050000000000000000000000000000000000000000000000000
RHOV 79 3 0.050000000000000000000000000000000000000000000000000 
-0.050000000000000000000000000000000000000000000000000
RHOV 80 3 0.050000000000000000000000000000000000000000000000000 
-0.050000000000000000000000000000000000000000000000000
RHOV 81 3 0.050000000000000000000000000000000000000000000000000 
-0.050000000000000000000000000000000000000000000000000
RHOV 82 3 0.050000000000000000000000000000000000000000000000000 
-0.050000000000000000000000000000000000000000000000000
RHOV 83 3 0.050000000000000000000000000000000000000000000000000 
-0.050000000000000000000000000000000000000000000000000
RHOV 84 3 0.050000000000000000000000000000000000000000000000000 
-0.050000000000000000000000000000000000000000000000000
RHOV 85 3 0.050000000000000000000000000000000000000000000000000 
-0.050000000000000000000000000000000000000000000000000
RHOV 86 3 0.050000000000000000000000000000000000000000000000000 
-0.050000000000000000000000000000000000000000000000000
RHOV 87 3 0.050000000000000000000000000000000000000000000000000 
-0.050000000000000000000000000000000000000000000000000
RHOV 88 3 0.050000000000000000000000000000000000000000000000000 
-0.050000000000000000000000000000000000000000000000000
RHOV 89 3 0.050000000000000000000000000000000000000000000000000 
-0.050000000000000000000000000000000000000000000000000
RHOV 90 3 0.050000000000000000000000000000000000000000000000000 
-0.050000000000000000000000000000000000000000000000000
RHOV 91 3 0.050000000000000000000000000000000000000000000000000 
-0.050000000000000000000000000000000000000000000000000
RHOV 92 3 0.050000000000000000000000000000000000000000000000000 
-0.050000000000000000000000000000000000000000000000000
RHOV 93 3 0.050000000000000000000000000000000000000000000000000 
-0.050000000000000000000000000000000000000000000000000
RHOV 94 3 0.050000000000000000000000000000000000000000000000000 
-0.050000000000000000000000000000000000000000000000000
RHOV 95 3 0.050000000000000000000000000000000000000000000000000 
-0.050000000000000000000000000000000000000000000000000
RHOV 96 3 0.050000000000000000000000000000000000000000000000000 
-0.050000000000000000000000000000000000000000000000000
RHOV 112 5 0.083333333333333333333333333333333333333333333333333 
0.083333333333333333333333333333333333333333333333333
RHOV 113 5 0.083333333333333333333333333333333333333333333333333 
0.083333333333333333333333333333333333333333333333333
RHOV 114 5 -0.083333333333333333333333333333333333333333333333333 
-0.083333333333333333333333333333333333333333333333333
RHOV 115 5 -0.083333333333333333333333333333333333333333333333333 
-0.083333333333333333333333333333333333333333333333333
RHOV 116 5 0.083333333333333333333333333333333333333333333333333 
0.083333333333333333333333333333333333333333333333333
RHOV 117 5 0.083333333333333333333333333333333333333333333333333 
0.083333333333333333333333333333333333333333333333333
RHOV 118 5 -0.083333333333333333333333333333333333333333333333333 
-0.083333333333333333333333333333333333333333333333333
RHOV 119 5 -0.083333333333333333333333333333333333333333333333333 
-0.083333333333333333333333333333333333333333333333333
RHOV 120 5 0.083333333333333333333333333333333333333333333333333 
0.083333333333333333333333333333333333333333333333333
RHOV 121 5 0.083333333333333333333333333333333333333333333333333 
0.083333333333333333333333333333333333333333333333333
RHOV 122 5 0.083333333333333333333333333333333333333333333333333 
0.083333333333333333333333333333333333333333333333333
RHOV 123 5 0.083333333333333333333333333333333333333333333333333 
0.083333333333333333333333333333333333333333333333333
RHOV 137 15 -0.25000000000000000000000000000000000000000000000000 
0.25000000000000000000000000000000000000000000000000
RHOV 138 15 -0.25000000000000000000000000000000000000000000000000 
0.25000000000000000000000000000000000000000000000000
RHOV 139 15 -0.25000000000000000000000000000000000000000000000000 
0.25000000000000000000000000000000000000000000000000
RHOV 140 15 -0.25000000000000000000000000000000000000000000000000 
0.25000000000000000000000000000000000000000000000000
SOLVE resid = 4.069421639E-42  (|rho| = 0.8944271910)
RHO IS IN THE SPAN: E* found
BETA 1 -0.162210796713015006132869849990 -1.09700094868972066547785386805E-37  
r=[ -3, 6, -1, 0, 0, 3, 0, -2, 0, 0, 0, 0 ]
BETA 2 -0.121169773060939089788112021975 -8.33592245566450311111502544437E-38  
r=[ -3, 7, 0, -3, 1, 0, 0, 0, 0, 1, 0, 0 ]
BETA 3 -0.128813790820334531601656794662 1.67575097476879244962676586145E-37  
r=[ -2, 1, 4, 0, 0, 2, 0, -2, 0, 0, 0, 0 ]
BETA 4 0.0805153630243241264270415631744 7.65026428560046038660099510270E-38  
r=[ -1, 0, 0, 4, -1, 0, 3, 0, 0, -2, 0, 0 ]
BETA 5 -0.0417954962902992080404862138653 -7.23414136799674995096091139318E-38  
r=[ -1, 2, 0, 0, -1, 0, 1, 0, 0, 2, 0, 0 ]
BETA 6 2.09353014095335609834258628744 8.81900974962535101337420278637E-38  r=[ 
-1, 2, 0, 0, 0, 0, 0, 0, -3, 0, 7, -2 ]
BETA 7 -0.0485312274255188693930860686564 -8.21314552974717484718289309554E-38  
r=[ 0, -3, -2, 6, 0, 6, 0, -4, 0, 0, 0, 0 ]
BETA 8 -0.0378931897624987122465945937777 6.49622195175646017880994954739E-39  
r=[ 0, -1, -2, 2, 0, 4, 0, 0, 0, 0, 0, 0 ]
BETA 9 1.41091936157493730017318346961 -1.10876804883645788305456797064E-37  r=[
0, -1, 0, 2, 0, 0, 0, 0, -2, 0, 4, 0 ]
BETA 11 0.285058042960200639445812897241 -1.71083294646373745083452915182E-37  
r=[ 0, 0, 0, 2, 0, 0, 0, -1, -2, -1, 5, 0 ]
BETA 13 -0.00449618386981823771538153844990 1.56697214958331833136144367595E-38 
r=[ 0, 1, -2, -2, 0, 2, 0, 4, 0, 0, 0, 0 ]
BETA 14 -0.0283599277861600890714327081245 9.74335433457764161820079173638E-38  
r=[ 0, 2, 0, -1, 0, 0, 0, 0, -2, 0, 7, -3 ]
BETA 15 0.243480632375562424255639799014 -1.47467761866211669160178549040E-37  
r=[ 0, 2, 0, -1, 2, 0, 1, 0, 0, -1, 0, 0 ]
BETA 16 -0.00806557259715472995465222260734 1.72720202477815236712886702155E-38 
r=[ 0, 6, -2, -3, 0, 3, 0, -1, 0, 0, 0, 0 ]
BETA 17 -0.186552424062277312183587565426 -5.43600559661429639230376966331E-38  
r=[ 2, -1, 0, 0, 0, 0, 0, 0, 0, 0, 4, -2 ]
BETA 18 0.0407437037089332682462477342488 5.06281981061939633177647660278E-38  
r=[ 2, -1, 0, 0, 0, 4, 0, -2, 0, 0, 0, 0 ]
BETA 19 1.37752091625497839245148387492 2.13624823008589593757069840641E-38  r=[
2, 0, -1, 0, -1, 0, 0, 0, 0, 0, 5, -2 ]
BETA 20 0.0594317839745314547603084650674 -9.79477161949994625877713641078E-39  
r=[ 4, 0, 0, -1, -2, 0, 3, 0, 0, -1, 0, 0 ]
BETA 21 0.138362256321109264648047647961 -5.95736241433735763814019093476E-39  
r=[ 6, -3, -4, 0, 0, 6, 0, -2, 0, 0, 0, 0 ]
oo-coset index 1
ESTAR oo-expansion (exponent grid q^(n/24)):
ECOEF 24/24 -0.221569888441942683812944402636 
1.09439009582739214665869194532E-37
ECOEF 48/24 -0.660400530341329107154309229332 
-1.08114784496205895869861409396E-37
ECOEF 72/24 -0.881970418783271790967253631969 
1.32422508653331879600778513641E-39
ECOEF 96/24 0.221569888441942683812944402636 
-1.09439009582739214665869194532E-37
ECOEF 120/24 0.660400530341329107154309229332 
1.08114784496205895869861409396E-37
ECOEF 144/24 0.221569888441942683812944402636 
-1.09439009582739214665869194532E-37
ECOEF 168/24 -4.00000000000000000000000000000 
7.91684609072997792530007118639E-79
ECOEF 192/24 -1.57565863209212731091118350673 
1.05466334323139258277845839123E-37
ECOEF 216/24 -0.221569888441942683812944402636 
1.09439009582739214665869194532E-37
ECOEF 240/24 -3.77843011155805731618705559736 
-1.09439009582739214665869194532E-37
ECOEF 288/24 -4.66040053034132910715430922933 
-1.08114784496205895869861409396E-37
ECOEF 312/24 -8.00000000000000000000000000000 
1.60477403662350704263879323981E-77
ECOEF 360/24 -2.67919893931734178569138154133 
2.16229568992411791739722818792E-37
ECOEF 384/24 -0.221569888441942683812944402636 
1.09439009582739214665869194532E-37
ECOEF 432/24 0.660400530341329107154309229332 
1.08114784496205895869861409396E-37
ECOEF 480/24 1.57565863209212731091118350673 
-1.05466334323139258277845839123E-37
ECOEF 504/24 0.443139776883885367625888805272 
-2.18878019165478429331738389064E-37
ECOEF 528/24 -8.00000000000000000000000000000 
1.60477403662350704263879323981E-77
ECOEF 552/24 0.915258101750798203756874277397 
-2.13581118819345154147707248519E-37
ECOEF 576/24 -0.221569888441942683812944402636 
1.09439009582739214665869194532E-37
ECOEF 600/24 0.221569888441942683812944402636 
-1.09439009582739214665869194532E-37
ECOEF 648/24 -3.11802958121672820903274636803 
-1.32422508653331879600778513641E-39
ECOEF 672/24 -8.00000000000000000000000000000 
1.58336921814599558506001423728E-78
ECOEF 720/24 -5.10354030722521447478019803461 
1.10763234669272533461876979669E-37
ECOEF 768/24 2.89645969277478552521980196540 1.10763234669272533461876979669E-37
ECOEF 792/24 -9.32080106068265821430861845867 
-2.16229568992411791739722818792E-37
ECOEF 816/24 -0.443139776883885367625888805272 
2.18878019165478429331738389064E-37
ECOEF 840/24 -2.23605916243345641806549273606 
-2.64845017306663759201557027282E-39
ECOEF 864/24 0.221569888441942683812944402636 
-1.09439009582739214665869194532E-37
ECOEF 888/24 -8.00000000000000000000000000000 
1.60477403662350704263879323981E-77
ECOEF 912/24 1.32080106068265821430861845866 2.16229568992411791739722818792E-37
ECOEF 936/24 0.443139776883885367625888805272 
-2.18878019165478429331738389064E-37
DONE
