BASE 22 3  M = 132  ds = [ 1, 2, 3, 4, 6, 11, 12, 22, 33, 44, 66, 132 ]
|D| = 8712  i0 = 1
#isotropic = 5, tracking coset index 45
level(Dbar) = 132 (verified)
p = 2: |J_p| = 8
p = 3: |J_p| = 9
p = 11: |J_p| = 121
sign(Dbar) = 1 mod 8 (2-part 5)
Jordan basis J_2: [ 68, 4358, 4424 ]  Q*4: [ 3, 3, 3 ]  x_c = 2
#cosets = 288
AZERO wi=2 rhov(FFT) = 0.00757575757575757575757575757576 + 
0.00757575757575757575757575757576 i
rho 128/288 (closed form)
rho 256/288 (closed form)
rhov done (closed form, 11 YTab keys)
#E's after external pool = 24
EPOOL 1 [ -3, 6, -1, 0, 3, 0, -2, 0, 0, 0, 0, 0 ]
EPOOL 2 [ -2, 1, 4, 0, 2, 0, -2, 0, 0, 0, 0, 0 ]
EPOOL 3 [ -1, -1, 1, 3, 4, 0, -3, 0, 0, 0, 0, 0 ]
EPOOL 4 [ -1, 1, 1, -1, 2, 0, 1, 0, 0, 0, 0, 0 ]
EPOOL 5 [ -1, 2, 1, 0, -1, 0, 0, 0, 0, 0, 0, 2 ]
EPOOL 6 [ 0, -3, -2, 6, 6, 0, -4, 0, 0, 0, 0, 0 ]
EPOOL 7 [ 0, -2, -2, 1, 11, 0, -5, 0, 0, 0, 0, 0 ]
EPOOL 8 [ 0, -1, -2, 2, 4, 0, 0, 0, 0, 0, 0, 0 ]
EPOOL 9 [ 0, -1, 0, 2, 0, -2, 0, 4, 0, 0, 0, 0 ]
EPOOL 10 [ 0, 0, -1, 0, 2, -1, 0, 2, 0, 0, -1, 2 ]
EPOOL 11 [ 0, 0, 0, 0, 1, -2, 0, 5, 0, -2, 1, 0 ]
EPOOL 12 [ 0, 0, 0, 0, 2, 0, -1, 2, 2, -1, -1, 0 ]
EPOOL 13 [ 0, 1, -2, -2, 2, 0, 4, 0, 0, 0, 0, 0 ]
EPOOL 14 [ 0, 1, 0, 0, 0, -2, 0, 6, 0, -2, 0, 0 ]
EPOOL 15 [ 0, 1, 0, 0, 0, 0, 0, -1, 2, 1, 1, -1 ]
EPOOL 16 [ 0, 1, 0, 0, 0, 1, 0, -1, -1, 0, 1, 2 ]
EPOOL 17 [ 0, 2, 0, -1, -1, 0, 1, 0, 2, 0, 0, 0 ]
EPOOL 18 [ 0, 6, -2, -3, 3, 0, -1, 0, 0, 0, 0, 0 ]
EPOOL 19 [ 1, -2, -5, 0, 11, 0, -2, 0, 0, 0, 0, 0 ]
EPOOL 20 [ 2, -1, 0, 0, 0, 0, 0, 4, 0, -2, 0, 0 ]
EPOOL 21 [ 2, -1, 0, 0, 4, 0, -2, 0, 0, 0, 0, 0 ]
EPOOL 22 [ 3, -3, -3, 3, 6, 0, -3, 0, 0, 0, 0, 0 ]
EPOOL 23 [ 3, -1, -3, -1, 4, 0, 1, 0, 0, 0, 0, 0 ]
EPOOL 24 [ 6, -3, -4, 0, 6, 0, -2, 0, 0, 0, 0, 0 ]
  E 10/24 done
  E 20/24 done
E constant table built
EMAT 1 1 132 1.0000000000000000000000000000000000000000000000000 
4.5440648343018026617733705099864995159111388938396E-81
EMAT 1 2 1 -0.12500000000000000000000000000000000000000000000000 
-0.12500000000000000000000000000000000000000000000000
EMAT 1 3 1 -0.12500000000000000000000000000000000000000000000000 
-0.12500000000000000000000000000000000000000000000000
EMAT 1 4 1 -0.12500000000000000000000000000000000000000000000000 
-0.12500000000000000000000000000000000000000000000000
EMAT 1 5 1 -0.12500000000000000000000000000000000000000000000000 
-0.12500000000000000000000000000000000000000000000000
EMAT 1 6 1 -0.12500000000000000000000000000000000000000000000000 
-0.12500000000000000000000000000000000000000000000000
EMAT 1 7 1 -0.12500000000000000000000000000000000000000000000000 
-0.12500000000000000000000000000000000000000000000000
EMAT 1 8 1 -0.12500000000000000000000000000000000000000000000000 
-0.12500000000000000000000000000000000000000000000000
EMAT 1 9 1 -0.12500000000000000000000000000000000000000000000000 
-0.12500000000000000000000000000000000000000000000000
EMAT 1 10 1 -0.12500000000000000000000000000000000000000000000000 
-0.12500000000000000000000000000000000000000000000000
EMAT 1 11 1 -0.12500000000000000000000000000000000000000000000000 
-0.12500000000000000000000000000000000000000000000000
EMAT 1 12 1 -0.12500000000000000000000000000000000000000000000000 
-0.12500000000000000000000000000000000000000000000000
EMAT 1 13 1 -0.12500000000000000000000000000000000000000000000000 
-0.12500000000000000000000000000000000000000000000000
EMAT 1 14 1 -0.12500000000000000000000000000000000000000000000000 
-0.12500000000000000000000000000000000000000000000000
EMAT 1 15 1 -0.12500000000000000000000000000000000000000000000000 
-0.12500000000000000000000000000000000000000000000000
EMAT 1 16 1 -0.12500000000000000000000000000000000000000000000000 
-0.12500000000000000000000000000000000000000000000000
EMAT 1 17 1 -0.12500000000000000000000000000000000000000000000000 
-0.12500000000000000000000000000000000000000000000000
EMAT 1 18 1 -0.12500000000000000000000000000000000000000000000000 
-0.12500000000000000000000000000000000000000000000000
EMAT 1 19 1 -0.12500000000000000000000000000000000000000000000000 
-0.12500000000000000000000000000000000000000000000000
EMAT 1 20 1 -0.12500000000000000000000000000000000000000000000000 
-0.12500000000000000000000000000000000000000000000000
EMAT 1 21 1 -0.12500000000000000000000000000000000000000000000000 
-0.12500000000000000000000000000000000000000000000000
EMAT 1 22 1 -0.12500000000000000000000000000000000000000000000000 
-0.12500000000000000000000000000000000000000000000000
EMAT 1 23 1 -0.12500000000000000000000000000000000000000000000000 
-0.12500000000000000000000000000000000000000000000000
EMAT 1 24 1 -0.12500000000000000000000000000000000000000000000000 
-0.12500000000000000000000000000000000000000000000000
EMAT 1 25 1 -0.12500000000000000000000000000000000000000000000000 
-0.12500000000000000000000000000000000000000000000000
EMAT 1 26 1 -0.12500000000000000000000000000000000000000000000000 
-0.12500000000000000000000000000000000000000000000000
EMAT 1 27 1 -0.12500000000000000000000000000000000000000000000000 
-0.12500000000000000000000000000000000000000000000000
EMAT 1 28 1 -0.12500000000000000000000000000000000000000000000000 
-0.12500000000000000000000000000000000000000000000000
EMAT 1 29 1 -0.12500000000000000000000000000000000000000000000000 
-0.12500000000000000000000000000000000000000000000000
EMAT 1 30 1 -0.12500000000000000000000000000000000000000000000000 
-0.12500000000000000000000000000000000000000000000000
EMAT 1 31 1 -0.12500000000000000000000000000000000000000000000000 
-0.12500000000000000000000000000000000000000000000000
EMAT 1 32 1 -0.12500000000000000000000000000000000000000000000000 
-0.12500000000000000000000000000000000000000000000000
EMAT 1 33 1 -0.12500000000000000000000000000000000000000000000000 
-0.12500000000000000000000000000000000000000000000000
EMAT 1 34 1 -0.12500000000000000000000000000000000000000000000000 
-0.12500000000000000000000000000000000000000000000000
EMAT 1 35 1 -0.12500000000000000000000000000000000000000000000000 
-0.12500000000000000000000000000000000000000000000000
EMAT 1 36 1 -0.12500000000000000000000000000000000000000000000000 
-0.12500000000000000000000000000000000000000000000000
EMAT 1 37 1 -0.12500000000000000000000000000000000000000000000000 
-0.12500000000000000000000000000000000000000000000000
EMAT 1 38 1 -0.12500000000000000000000000000000000000000000000000 
-0.12500000000000000000000000000000000000000000000000
EMAT 1 39 1 -0.12500000000000000000000000000000000000000000000000 
-0.12500000000000000000000000000000000000000000000000
EMAT 1 40 1 -0.12500000000000000000000000000000000000000000000000 
-0.12500000000000000000000000000000000000000000000000
EMAT 1 41 1 -0.12500000000000000000000000000000000000000000000000 
-0.12500000000000000000000000000000000000000000000000
EMAT 1 42 1 -0.12500000000000000000000000000000000000000000000000 
-0.12500000000000000000000000000000000000000000000000
EMAT 1 43 1 -0.12500000000000000000000000000000000000000000000000 
-0.12500000000000000000000000000000000000000000000000
EMAT 1 44 1 -0.12500000000000000000000000000000000000000000000000 
-0.12500000000000000000000000000000000000000000000000
EMAT 1 45 1 -0.12500000000000000000000000000000000000000000000000 
-0.12500000000000000000000000000000000000000000000000
EMAT 1 46 1 -0.12500000000000000000000000000000000000000000000000 
-0.12500000000000000000000000000000000000000000000000
EMAT 1 47 1 -0.12500000000000000000000000000000000000000000000000 
-0.12500000000000000000000000000000000000000000000000
EMAT 1 48 1 -0.12500000000000000000000000000000000000000000000000 
-0.12500000000000000000000000000000000000000000000000
EMAT 1 49 1 -0.12500000000000000000000000000000000000000000000000 
-0.12500000000000000000000000000000000000000000000000
EMAT 1 50 1 -0.12500000000000000000000000000000000000000000000000 
-0.12500000000000000000000000000000000000000000000000
EMAT 1 51 1 -0.12500000000000000000000000000000000000000000000000 
-0.12500000000000000000000000000000000000000000000000
EMAT 1 52 1 -0.12500000000000000000000000000000000000000000000000 
-0.12500000000000000000000000000000000000000000000000
EMAT 1 53 1 -0.12500000000000000000000000000000000000000000000000 
-0.12500000000000000000000000000000000000000000000000
EMAT 1 54 1 -0.12500000000000000000000000000000000000000000000000 
-0.12500000000000000000000000000000000000000000000000
EMAT 1 55 1 -0.12500000000000000000000000000000000000000000000000 
-0.12500000000000000000000000000000000000000000000000
EMAT 1 56 1 -0.12500000000000000000000000000000000000000000000000 
-0.12500000000000000000000000000000000000000000000000
EMAT 1 57 1 -0.12500000000000000000000000000000000000000000000000 
-0.12500000000000000000000000000000000000000000000000
EMAT 1 58 1 -0.12500000000000000000000000000000000000000000000000 
-0.12500000000000000000000000000000000000000000000000
EMAT 1 59 1 -0.12500000000000000000000000000000000000000000000000 
-0.12500000000000000000000000000000000000000000000000
EMAT 1 60 1 -0.12500000000000000000000000000000000000000000000000 
-0.12500000000000000000000000000000000000000000000000
EMAT 1 61 1 -0.12500000000000000000000000000000000000000000000000 
-0.12500000000000000000000000000000000000000000000000
EMAT 1 62 1 -0.12500000000000000000000000000000000000000000000000 
-0.12500000000000000000000000000000000000000000000000
EMAT 1 63 1 -0.12500000000000000000000000000000000000000000000000 
-0.12500000000000000000000000000000000000000000000000
EMAT 1 64 1 -0.12500000000000000000000000000000000000000000000000 
-0.12500000000000000000000000000000000000000000000000
EMAT 1 65 1 -0.12500000000000000000000000000000000000000000000000 
-0.12500000000000000000000000000000000000000000000000
EMAT 1 66 1 -0.12500000000000000000000000000000000000000000000000 
-0.12500000000000000000000000000000000000000000000000
EMAT 1 67 1 -0.12500000000000000000000000000000000000000000000000 
-0.12500000000000000000000000000000000000000000000000
EMAT 1 68 1 -0.12500000000000000000000000000000000000000000000000 
-0.12500000000000000000000000000000000000000000000000
EMAT 1 69 1 -0.12500000000000000000000000000000000000000000000000 
-0.12500000000000000000000000000000000000000000000000
EMAT 1 70 1 -0.12500000000000000000000000000000000000000000000000 
-0.12500000000000000000000000000000000000000000000000
EMAT 1 71 1 -0.12500000000000000000000000000000000000000000000000 
-0.12500000000000000000000000000000000000000000000000
EMAT 1 72 1 -0.12500000000000000000000000000000000000000000000000 
-0.12500000000000000000000000000000000000000000000000
EMAT 1 73 1 -0.12500000000000000000000000000000000000000000000000 
-0.12500000000000000000000000000000000000000000000000
EMAT 1 74 1 -0.12500000000000000000000000000000000000000000000000 
-0.12500000000000000000000000000000000000000000000000
EMAT 1 75 1 -0.12500000000000000000000000000000000000000000000000 
-0.12500000000000000000000000000000000000000000000000
EMAT 1 76 1 -0.12500000000000000000000000000000000000000000000000 
-0.12500000000000000000000000000000000000000000000000
EMAT 1 77 1 -0.12500000000000000000000000000000000000000000000000 
-0.12500000000000000000000000000000000000000000000000
EMAT 1 78 1 -0.12500000000000000000000000000000000000000000000000 
-0.12500000000000000000000000000000000000000000000000
EMAT 1 79 1 -0.12500000000000000000000000000000000000000000000000 
-0.12500000000000000000000000000000000000000000000000
EMAT 1 80 1 -0.12500000000000000000000000000000000000000000000000 
-0.12500000000000000000000000000000000000000000000000
EMAT 1 81 1 -0.12500000000000000000000000000000000000000000000000 
-0.12500000000000000000000000000000000000000000000000
EMAT 1 82 1 -0.12500000000000000000000000000000000000000000000000 
-0.12500000000000000000000000000000000000000000000000
EMAT 1 83 1 -0.12500000000000000000000000000000000000000000000000 
-0.12500000000000000000000000000000000000000000000000
EMAT 1 84 1 -0.12500000000000000000000000000000000000000000000000 
-0.12500000000000000000000000000000000000000000000000
EMAT 1 85 1 -0.12500000000000000000000000000000000000000000000000 
-0.12500000000000000000000000000000000000000000000000
EMAT 1 86 1 -0.12500000000000000000000000000000000000000000000000 
-0.12500000000000000000000000000000000000000000000000
EMAT 1 87 1 -0.12500000000000000000000000000000000000000000000000 
-0.12500000000000000000000000000000000000000000000000
EMAT 1 88 1 -0.12500000000000000000000000000000000000000000000000 
-0.12500000000000000000000000000000000000000000000000
EMAT 1 89 1 -0.12500000000000000000000000000000000000000000000000 
-0.12500000000000000000000000000000000000000000000000
EMAT 1 90 1 -0.12500000000000000000000000000000000000000000000000 
-0.12500000000000000000000000000000000000000000000000
EMAT 1 91 1 -0.12500000000000000000000000000000000000000000000000 
-0.12500000000000000000000000000000000000000000000000
EMAT 1 92 1 -0.12500000000000000000000000000000000000000000000000 
-0.12500000000000000000000000000000000000000000000000
EMAT 1 93 1 -0.12500000000000000000000000000000000000000000000000 
-0.12500000000000000000000000000000000000000000000000
EMAT 1 94 1 -0.12500000000000000000000000000000000000000000000000 
-0.12500000000000000000000000000000000000000000000000
EMAT 1 95 1 -0.12500000000000000000000000000000000000000000000000 
-0.12500000000000000000000000000000000000000000000000
EMAT 1 96 1 -0.12500000000000000000000000000000000000000000000000 
-0.12500000000000000000000000000000000000000000000000
EMAT 1 97 1 -0.12500000000000000000000000000000000000000000000000 
-0.12500000000000000000000000000000000000000000000000
EMAT 1 98 1 -0.12500000000000000000000000000000000000000000000000 
-0.12500000000000000000000000000000000000000000000000
EMAT 1 99 1 -0.12500000000000000000000000000000000000000000000000 
-0.12500000000000000000000000000000000000000000000000
EMAT 1 100 1 -0.12500000000000000000000000000000000000000000000000 
-0.12500000000000000000000000000000000000000000000000
EMAT 1 101 1 -0.12500000000000000000000000000000000000000000000000 
-0.12500000000000000000000000000000000000000000000000
EMAT 1 102 1 -0.12500000000000000000000000000000000000000000000000 
-0.12500000000000000000000000000000000000000000000000
EMAT 1 103 1 -0.12500000000000000000000000000000000000000000000000 
-0.12500000000000000000000000000000000000000000000000
EMAT 1 104 1 -0.12500000000000000000000000000000000000000000000000 
-0.12500000000000000000000000000000000000000000000000
EMAT 1 105 1 -0.12500000000000000000000000000000000000000000000000 
-0.12500000000000000000000000000000000000000000000000
EMAT 1 106 1 -0.12500000000000000000000000000000000000000000000000 
-0.12500000000000000000000000000000000000000000000000
EMAT 1 107 1 -0.12500000000000000000000000000000000000000000000000 
-0.12500000000000000000000000000000000000000000000000
EMAT 1 108 1 -0.12500000000000000000000000000000000000000000000000 
-0.12500000000000000000000000000000000000000000000000
EMAT 1 109 1 -0.12500000000000000000000000000000000000000000000000 
-0.12500000000000000000000000000000000000000000000000
EMAT 1 110 1 -0.12500000000000000000000000000000000000000000000000 
-0.12500000000000000000000000000000000000000000000000
EMAT 1 111 1 -0.12500000000000000000000000000000000000000000000000 
-0.12500000000000000000000000000000000000000000000000
EMAT 1 112 1 -0.12500000000000000000000000000000000000000000000000 
-0.12500000000000000000000000000000000000000000000000
EMAT 1 113 1 -0.12500000000000000000000000000000000000000000000000 
-0.12500000000000000000000000000000000000000000000000
EMAT 1 114 1 -0.12500000000000000000000000000000000000000000000000 
-0.12500000000000000000000000000000000000000000000000
EMAT 1 115 1 -0.12500000000000000000000000000000000000000000000000 
-0.12500000000000000000000000000000000000000000000000
EMAT 1 116 1 -0.12500000000000000000000000000000000000000000000000 
-0.12500000000000000000000000000000000000000000000000
EMAT 1 117 1 -0.12500000000000000000000000000000000000000000000000 
-0.12500000000000000000000000000000000000000000000000
EMAT 1 118 1 -0.12500000000000000000000000000000000000000000000000 
-0.12500000000000000000000000000000000000000000000000
EMAT 1 119 1 -0.12500000000000000000000000000000000000000000000000 
-0.12500000000000000000000000000000000000000000000000
EMAT 1 120 1 -0.12500000000000000000000000000000000000000000000000 
-0.12500000000000000000000000000000000000000000000000
EMAT 1 121 1 -0.12500000000000000000000000000000000000000000000000 
-0.12500000000000000000000000000000000000000000000000
EMAT 1 122 1 -0.12500000000000000000000000000000000000000000000000 
-0.12500000000000000000000000000000000000000000000000
EMAT 1 123 1 -0.12500000000000000000000000000000000000000000000000 
-0.12500000000000000000000000000000000000000000000000
EMAT 1 124 1 -0.12500000000000000000000000000000000000000000000000 
-0.12500000000000000000000000000000000000000000000000
EMAT 1 125 1 -0.12500000000000000000000000000000000000000000000000 
-0.12500000000000000000000000000000000000000000000000
EMAT 1 126 1 -0.12500000000000000000000000000000000000000000000000 
-0.12500000000000000000000000000000000000000000000000
EMAT 1 127 1 -0.12500000000000000000000000000000000000000000000000 
-0.12500000000000000000000000000000000000000000000000
EMAT 1 128 1 -0.12500000000000000000000000000000000000000000000000 
-0.12500000000000000000000000000000000000000000000000
EMAT 1 129 1 -0.12500000000000000000000000000000000000000000000000 
-0.12500000000000000000000000000000000000000000000000
EMAT 1 130 1 -0.12500000000000000000000000000000000000000000000000 
-0.12500000000000000000000000000000000000000000000000
EMAT 1 131 1 -0.12500000000000000000000000000000000000000000000000 
-0.12500000000000000000000000000000000000000000000000
EMAT 1 132 1 -0.12500000000000000000000000000000000000000000000000 
-0.12500000000000000000000000000000000000000000000000
EMAT 1 133 1 -0.12500000000000000000000000000000000000000000000000 
-0.12500000000000000000000000000000000000000000000000
EMAT 1 167 3 -0.12500000000000000000000000000000000000000000000000 
0.12500000000000000000000000000000000000000000000000
EMAT 1 168 3 -0.12500000000000000000000000000000000000000000000000 
0.12500000000000000000000000000000000000000000000000
EMAT 1 169 3 -0.12500000000000000000000000000000000000000000000000 
0.12500000000000000000000000000000000000000000000000
EMAT 1 170 3 -0.12500000000000000000000000000000000000000000000000 
0.12500000000000000000000000000000000000000000000000
EMAT 1 171 3 -0.12500000000000000000000000000000000000000000000000 
0.12500000000000000000000000000000000000000000000000
EMAT 1 172 3 -0.12500000000000000000000000000000000000000000000000 
0.12500000000000000000000000000000000000000000000000
EMAT 1 173 3 -0.12500000000000000000000000000000000000000000000000 
0.12500000000000000000000000000000000000000000000000
EMAT 1 174 3 -0.12500000000000000000000000000000000000000000000000 
0.12500000000000000000000000000000000000000000000000
EMAT 1 175 3 -0.12500000000000000000000000000000000000000000000000 
0.12500000000000000000000000000000000000000000000000
EMAT 1 176 3 -0.12500000000000000000000000000000000000000000000000 
0.12500000000000000000000000000000000000000000000000
EMAT 1 177 3 -0.12500000000000000000000000000000000000000000000000 
0.12500000000000000000000000000000000000000000000000
EMAT 1 178 3 -0.12500000000000000000000000000000000000000000000000 
0.12500000000000000000000000000000000000000000000000
EMAT 1 179 3 -0.12500000000000000000000000000000000000000000000000 
0.12500000000000000000000000000000000000000000000000
EMAT 1 180 3 -0.12500000000000000000000000000000000000000000000000 
0.12500000000000000000000000000000000000000000000000
EMAT 1 181 3 -0.12500000000000000000000000000000000000000000000000 
0.12500000000000000000000000000000000000000000000000
EMAT 1 182 3 -0.12500000000000000000000000000000000000000000000000 
0.12500000000000000000000000000000000000000000000000
EMAT 1 183 3 -0.12500000000000000000000000000000000000000000000000 
0.12500000000000000000000000000000000000000000000000
EMAT 1 184 3 -0.12500000000000000000000000000000000000000000000000 
0.12500000000000000000000000000000000000000000000000
EMAT 1 185 3 -0.12500000000000000000000000000000000000000000000000 
0.12500000000000000000000000000000000000000000000000
EMAT 1 186 3 -0.12500000000000000000000000000000000000000000000000 
0.12500000000000000000000000000000000000000000000000
EMAT 1 187 3 -0.12500000000000000000000000000000000000000000000000 
0.12500000000000000000000000000000000000000000000000
EMAT 1 188 3 -0.12500000000000000000000000000000000000000000000000 
0.12500000000000000000000000000000000000000000000000
EMAT 1 189 3 -0.12500000000000000000000000000000000000000000000000 
0.12500000000000000000000000000000000000000000000000
EMAT 1 190 3 -0.12500000000000000000000000000000000000000000000000 
0.12500000000000000000000000000000000000000000000000
EMAT 1 191 3 -0.12500000000000000000000000000000000000000000000000 
0.12500000000000000000000000000000000000000000000000
EMAT 1 192 3 -0.12500000000000000000000000000000000000000000000000 
0.12500000000000000000000000000000000000000000000000
EMAT 1 193 3 -0.12500000000000000000000000000000000000000000000000 
0.12500000000000000000000000000000000000000000000000
EMAT 1 194 3 -0.12500000000000000000000000000000000000000000000000 
0.12500000000000000000000000000000000000000000000000
EMAT 1 195 3 -0.12500000000000000000000000000000000000000000000000 
0.12500000000000000000000000000000000000000000000000
EMAT 1 196 3 -0.12500000000000000000000000000000000000000000000000 
0.12500000000000000000000000000000000000000000000000
EMAT 1 197 3 -0.12500000000000000000000000000000000000000000000000 
0.12500000000000000000000000000000000000000000000000
EMAT 1 198 3 -0.12500000000000000000000000000000000000000000000000 
0.12500000000000000000000000000000000000000000000000
EMAT 1 199 3 -0.12500000000000000000000000000000000000000000000000 
0.12500000000000000000000000000000000000000000000000
EMAT 1 200 3 -0.12500000000000000000000000000000000000000000000000 
0.12500000000000000000000000000000000000000000000000
EMAT 1 201 3 -0.12500000000000000000000000000000000000000000000000 
0.12500000000000000000000000000000000000000000000000
EMAT 1 202 3 -0.12500000000000000000000000000000000000000000000000 
0.12500000000000000000000000000000000000000000000000
EMAT 1 203 3 -0.12500000000000000000000000000000000000000000000000 
0.12500000000000000000000000000000000000000000000000
EMAT 1 204 3 -0.12500000000000000000000000000000000000000000000000 
0.12500000000000000000000000000000000000000000000000
EMAT 1 205 3 -0.12500000000000000000000000000000000000000000000000 
0.12500000000000000000000000000000000000000000000000
EMAT 1 206 3 -0.12500000000000000000000000000000000000000000000000 
0.12500000000000000000000000000000000000000000000000
EMAT 1 207 3 -0.12500000000000000000000000000000000000000000000000 
0.12500000000000000000000000000000000000000000000000
EMAT 1 208 3 -0.12500000000000000000000000000000000000000000000000 
0.12500000000000000000000000000000000000000000000000
EMAT 1 209 3 -0.12500000000000000000000000000000000000000000000000 
0.12500000000000000000000000000000000000000000000000
EMAT 1 210 3 -0.12500000000000000000000000000000000000000000000000 
0.12500000000000000000000000000000000000000000000000
EMAT 1 255 11 0.12500000000000000000000000000000000000000000000000 
-0.12500000000000000000000000000000000000000000000000
EMAT 1 256 11 -0.12500000000000000000000000000000000000000000000000 
0.12500000000000000000000000000000000000000000000000
EMAT 1 257 11 0.12500000000000000000000000000000000000000000000000 
-0.12500000000000000000000000000000000000000000000000
EMAT 1 258 11 0.12500000000000000000000000000000000000000000000000 
-0.12500000000000000000000000000000000000000000000000
EMAT 1 259 11 -0.12500000000000000000000000000000000000000000000000 
0.12500000000000000000000000000000000000000000000000
EMAT 1 260 11 -0.12500000000000000000000000000000000000000000000000 
0.12500000000000000000000000000000000000000000000000
EMAT 1 261 11 0.12500000000000000000000000000000000000000000000000 
-0.12500000000000000000000000000000000000000000000000
EMAT 1 262 11 0.12500000000000000000000000000000000000000000000000 
-0.12500000000000000000000000000000000000000000000000
EMAT 1 263 11 0.12500000000000000000000000000000000000000000000000 
-0.12500000000000000000000000000000000000000000000000
EMAT 1 264 11 0.12500000000000000000000000000000000000000000000000 
-0.12500000000000000000000000000000000000000000000000
EMAT 1 265 11 0.12500000000000000000000000000000000000000000000000 
-0.12500000000000000000000000000000000000000000000000
EMAT 1 266 11 0.12500000000000000000000000000000000000000000000000 
-0.12500000000000000000000000000000000000000000000000
EMAT 1 267 12 -1.0000000000000000000000000000000000000000000000000 
-2.3703639872524239495831499482302458953816216303352E-78
EMAT 1 268 12 1.0000000000000000000000000000000000000000000000000 
-6.8543754939558096973397582197294086638195829823739E-78
EMAT 1 269 12 -6.5020115083960666096518383932588659602231474411432E-78 
1.0000000000000000000000000000000000000000000000000
EMAT 1 270 12 -2.0933580843916571831637404673295737105296626095833E-78 
1.0000000000000000000000000000000000000000000000000
EMAT 1 271 12 -1.0000000000000000000000000000000000000000000000000 
1.5007055733785891097924967739767172045295116496102E-77
EMAT 1 272 12 1.0000000000000000000000000000000000000000000000000 
1.1264519276781139714866319695323865314333583595994E-77
EMAT 1 273 12 -1.5880432974244127811428865316283659716210815658252E-77 
1.0000000000000000000000000000000000000000000000000
EMAT 1 274 12 -1.0000000000000000000000000000000000000000000000000 
2.2558693380810853319495142317634433624259364218106E-79
EMAT 1 275 12 1.5462190056912630959786746657392442927597842336969E-77 
1.0000000000000000000000000000000000000000000000000
EMAT 1 276 12 -1.0000000000000000000000000000000000000000000000000 
-3.5900142493079091134474828197254972816433002420291E-77
EMAT 1 277 12 4.4211462488290661653771337400247637010497646861461E-77 
1.0000000000000000000000000000000000000000000000000
EMAT 1 281 33 -0.12500000000000000000000000000000000000000000000000 
-0.12500000000000000000000000000000000000000000000000
EMAT 1 282 33 -0.12500000000000000000000000000000000000000000000000 
-0.12500000000000000000000000000000000000000000000000
EMAT 1 283 33 -0.12500000000000000000000000000000000000000000000000 
-0.12500000000000000000000000000000000000000000000000
EMAT 1 284 33 0.12500000000000000000000000000000000000000000000000 
0.12500000000000000000000000000000000000000000000000
EMAT 2 1 132 1.0000000000000000000000000000000000000000000000000 
1.0832584441224808393991766100044470689755109043423E-80
EMAT 2 2 1 -0.11111111111111111111111111111111111111111111111111 
-0.11111111111111111111111111111111111111111111111111
EMAT 2 3 1 -0.11111111111111111111111111111111111111111111111111 
-0.11111111111111111111111111111111111111111111111111
EMAT 2 4 1 -0.11111111111111111111111111111111111111111111111111 
-0.11111111111111111111111111111111111111111111111111
EMAT 2 5 1 -0.11111111111111111111111111111111111111111111111111 
-0.11111111111111111111111111111111111111111111111111
EMAT 2 6 1 -0.11111111111111111111111111111111111111111111111111 
-0.11111111111111111111111111111111111111111111111111
EMAT 2 7 1 -0.11111111111111111111111111111111111111111111111111 
-0.11111111111111111111111111111111111111111111111111
EMAT 2 8 1 -0.11111111111111111111111111111111111111111111111111 
-0.11111111111111111111111111111111111111111111111111
EMAT 2 9 1 -0.11111111111111111111111111111111111111111111111111 
-0.11111111111111111111111111111111111111111111111111
EMAT 2 10 1 -0.11111111111111111111111111111111111111111111111111 
-0.11111111111111111111111111111111111111111111111111
EMAT 2 11 1 -0.11111111111111111111111111111111111111111111111111 
-0.11111111111111111111111111111111111111111111111111
EMAT 2 12 1 -0.11111111111111111111111111111111111111111111111111 
-0.11111111111111111111111111111111111111111111111111
EMAT 2 13 1 -0.11111111111111111111111111111111111111111111111111 
-0.11111111111111111111111111111111111111111111111111
EMAT 2 14 1 -0.11111111111111111111111111111111111111111111111111 
-0.11111111111111111111111111111111111111111111111111
EMAT 2 15 1 -0.11111111111111111111111111111111111111111111111111 
-0.11111111111111111111111111111111111111111111111111
EMAT 2 16 1 -0.11111111111111111111111111111111111111111111111111 
-0.11111111111111111111111111111111111111111111111111
EMAT 2 17 1 -0.11111111111111111111111111111111111111111111111111 
-0.11111111111111111111111111111111111111111111111111
EMAT 2 18 1 -0.11111111111111111111111111111111111111111111111111 
-0.11111111111111111111111111111111111111111111111111
EMAT 2 19 1 -0.11111111111111111111111111111111111111111111111111 
-0.11111111111111111111111111111111111111111111111111
EMAT 2 20 1 -0.11111111111111111111111111111111111111111111111111 
-0.11111111111111111111111111111111111111111111111111
EMAT 2 21 1 -0.11111111111111111111111111111111111111111111111111 
-0.11111111111111111111111111111111111111111111111111
EMAT 2 22 1 -0.11111111111111111111111111111111111111111111111111 
-0.11111111111111111111111111111111111111111111111111
EMAT 2 23 1 -0.11111111111111111111111111111111111111111111111111 
-0.11111111111111111111111111111111111111111111111111
EMAT 2 24 1 -0.11111111111111111111111111111111111111111111111111 
-0.11111111111111111111111111111111111111111111111111
EMAT 2 25 1 -0.11111111111111111111111111111111111111111111111111 
-0.11111111111111111111111111111111111111111111111111
EMAT 2 26 1 -0.11111111111111111111111111111111111111111111111111 
-0.11111111111111111111111111111111111111111111111111
EMAT 2 27 1 -0.11111111111111111111111111111111111111111111111111 
-0.11111111111111111111111111111111111111111111111111
EMAT 2 28 1 -0.11111111111111111111111111111111111111111111111111 
-0.11111111111111111111111111111111111111111111111111
EMAT 2 29 1 -0.11111111111111111111111111111111111111111111111111 
-0.11111111111111111111111111111111111111111111111111
EMAT 2 30 1 -0.11111111111111111111111111111111111111111111111111 
-0.11111111111111111111111111111111111111111111111111
EMAT 2 31 1 -0.11111111111111111111111111111111111111111111111111 
-0.11111111111111111111111111111111111111111111111111
EMAT 2 32 1 -0.11111111111111111111111111111111111111111111111111 
-0.11111111111111111111111111111111111111111111111111
EMAT 2 33 1 -0.11111111111111111111111111111111111111111111111111 
-0.11111111111111111111111111111111111111111111111111
EMAT 2 34 1 -0.11111111111111111111111111111111111111111111111111 
-0.11111111111111111111111111111111111111111111111111
EMAT 2 35 1 -0.11111111111111111111111111111111111111111111111111 
-0.11111111111111111111111111111111111111111111111111
EMAT 2 36 1 -0.11111111111111111111111111111111111111111111111111 
-0.11111111111111111111111111111111111111111111111111
EMAT 2 37 1 -0.11111111111111111111111111111111111111111111111111 
-0.11111111111111111111111111111111111111111111111111
EMAT 2 38 1 -0.11111111111111111111111111111111111111111111111111 
-0.11111111111111111111111111111111111111111111111111
EMAT 2 39 1 -0.11111111111111111111111111111111111111111111111111 
-0.11111111111111111111111111111111111111111111111111
EMAT 2 40 1 -0.11111111111111111111111111111111111111111111111111 
-0.11111111111111111111111111111111111111111111111111
EMAT 2 41 1 -0.11111111111111111111111111111111111111111111111111 
-0.11111111111111111111111111111111111111111111111111
EMAT 2 42 1 -0.11111111111111111111111111111111111111111111111111 
-0.11111111111111111111111111111111111111111111111111
EMAT 2 43 1 -0.11111111111111111111111111111111111111111111111111 
-0.11111111111111111111111111111111111111111111111111
EMAT 2 44 1 -0.11111111111111111111111111111111111111111111111111 
-0.11111111111111111111111111111111111111111111111111
EMAT 2 45 1 -0.11111111111111111111111111111111111111111111111111 
-0.11111111111111111111111111111111111111111111111111
EMAT 2 46 1 -0.11111111111111111111111111111111111111111111111111 
-0.11111111111111111111111111111111111111111111111111
EMAT 2 47 1 -0.11111111111111111111111111111111111111111111111111 
-0.11111111111111111111111111111111111111111111111111
EMAT 2 48 1 -0.11111111111111111111111111111111111111111111111111 
-0.11111111111111111111111111111111111111111111111111
EMAT 2 49 1 -0.11111111111111111111111111111111111111111111111111 
-0.11111111111111111111111111111111111111111111111111
EMAT 2 50 1 -0.11111111111111111111111111111111111111111111111111 
-0.11111111111111111111111111111111111111111111111111
EMAT 2 51 1 -0.11111111111111111111111111111111111111111111111111 
-0.11111111111111111111111111111111111111111111111111
EMAT 2 52 1 -0.11111111111111111111111111111111111111111111111111 
-0.11111111111111111111111111111111111111111111111111
EMAT 2 53 1 -0.11111111111111111111111111111111111111111111111111 
-0.11111111111111111111111111111111111111111111111111
EMAT 2 54 1 -0.11111111111111111111111111111111111111111111111111 
-0.11111111111111111111111111111111111111111111111111
EMAT 2 55 1 -0.11111111111111111111111111111111111111111111111111 
-0.11111111111111111111111111111111111111111111111111
EMAT 2 56 1 -0.11111111111111111111111111111111111111111111111111 
-0.11111111111111111111111111111111111111111111111111
EMAT 2 57 1 -0.11111111111111111111111111111111111111111111111111 
-0.11111111111111111111111111111111111111111111111111
EMAT 2 58 1 -0.11111111111111111111111111111111111111111111111111 
-0.11111111111111111111111111111111111111111111111111
EMAT 2 59 1 -0.11111111111111111111111111111111111111111111111111 
-0.11111111111111111111111111111111111111111111111111
EMAT 2 60 1 -0.11111111111111111111111111111111111111111111111111 
-0.11111111111111111111111111111111111111111111111111
EMAT 2 61 1 -0.11111111111111111111111111111111111111111111111111 
-0.11111111111111111111111111111111111111111111111111
EMAT 2 62 1 -0.11111111111111111111111111111111111111111111111111 
-0.11111111111111111111111111111111111111111111111111
EMAT 2 63 1 -0.11111111111111111111111111111111111111111111111111 
-0.11111111111111111111111111111111111111111111111111
EMAT 2 64 1 -0.11111111111111111111111111111111111111111111111111 
-0.11111111111111111111111111111111111111111111111111
EMAT 2 65 1 -0.11111111111111111111111111111111111111111111111111 
-0.11111111111111111111111111111111111111111111111111
EMAT 2 66 1 -0.11111111111111111111111111111111111111111111111111 
-0.11111111111111111111111111111111111111111111111111
EMAT 2 67 1 -0.11111111111111111111111111111111111111111111111111 
-0.11111111111111111111111111111111111111111111111111
EMAT 2 68 1 -0.11111111111111111111111111111111111111111111111111 
-0.11111111111111111111111111111111111111111111111111
EMAT 2 69 1 -0.11111111111111111111111111111111111111111111111111 
-0.11111111111111111111111111111111111111111111111111
EMAT 2 70 1 -0.11111111111111111111111111111111111111111111111111 
-0.11111111111111111111111111111111111111111111111111
EMAT 2 71 1 -0.11111111111111111111111111111111111111111111111111 
-0.11111111111111111111111111111111111111111111111111
EMAT 2 72 1 -0.11111111111111111111111111111111111111111111111111 
-0.11111111111111111111111111111111111111111111111111
EMAT 2 73 1 -0.11111111111111111111111111111111111111111111111111 
-0.11111111111111111111111111111111111111111111111111
EMAT 2 74 1 -0.11111111111111111111111111111111111111111111111111 
-0.11111111111111111111111111111111111111111111111111
EMAT 2 75 1 -0.11111111111111111111111111111111111111111111111111 
-0.11111111111111111111111111111111111111111111111111
EMAT 2 76 1 -0.11111111111111111111111111111111111111111111111111 
-0.11111111111111111111111111111111111111111111111111
EMAT 2 77 1 -0.11111111111111111111111111111111111111111111111111 
-0.11111111111111111111111111111111111111111111111111
EMAT 2 78 1 -0.11111111111111111111111111111111111111111111111111 
-0.11111111111111111111111111111111111111111111111111
EMAT 2 79 1 -0.11111111111111111111111111111111111111111111111111 
-0.11111111111111111111111111111111111111111111111111
EMAT 2 80 1 -0.11111111111111111111111111111111111111111111111111 
-0.11111111111111111111111111111111111111111111111111
EMAT 2 81 1 -0.11111111111111111111111111111111111111111111111111 
-0.11111111111111111111111111111111111111111111111111
EMAT 2 82 1 -0.11111111111111111111111111111111111111111111111111 
-0.11111111111111111111111111111111111111111111111111
EMAT 2 83 1 -0.11111111111111111111111111111111111111111111111111 
-0.11111111111111111111111111111111111111111111111111
EMAT 2 84 1 -0.11111111111111111111111111111111111111111111111111 
-0.11111111111111111111111111111111111111111111111111
EMAT 2 85 1 -0.11111111111111111111111111111111111111111111111111 
-0.11111111111111111111111111111111111111111111111111
EMAT 2 86 1 -0.11111111111111111111111111111111111111111111111111 
-0.11111111111111111111111111111111111111111111111111
EMAT 2 87 1 -0.11111111111111111111111111111111111111111111111111 
-0.11111111111111111111111111111111111111111111111111
EMAT 2 88 1 -0.11111111111111111111111111111111111111111111111111 
-0.11111111111111111111111111111111111111111111111111
EMAT 2 89 1 -0.11111111111111111111111111111111111111111111111111 
-0.11111111111111111111111111111111111111111111111111
EMAT 2 90 1 -0.11111111111111111111111111111111111111111111111111 
-0.11111111111111111111111111111111111111111111111111
EMAT 2 91 1 -0.11111111111111111111111111111111111111111111111111 
-0.11111111111111111111111111111111111111111111111111
EMAT 2 92 1 -0.11111111111111111111111111111111111111111111111111 
-0.11111111111111111111111111111111111111111111111111
EMAT 2 93 1 -0.11111111111111111111111111111111111111111111111111 
-0.11111111111111111111111111111111111111111111111111
EMAT 2 94 1 -0.11111111111111111111111111111111111111111111111111 
-0.11111111111111111111111111111111111111111111111111
EMAT 2 95 1 -0.11111111111111111111111111111111111111111111111111 
-0.11111111111111111111111111111111111111111111111111
EMAT 2 96 1 -0.11111111111111111111111111111111111111111111111111 
-0.11111111111111111111111111111111111111111111111111
EMAT 2 97 1 -0.11111111111111111111111111111111111111111111111111 
-0.11111111111111111111111111111111111111111111111111
EMAT 2 98 1 -0.11111111111111111111111111111111111111111111111111 
-0.11111111111111111111111111111111111111111111111111
EMAT 2 99 1 -0.11111111111111111111111111111111111111111111111111 
-0.11111111111111111111111111111111111111111111111111
EMAT 2 100 1 -0.11111111111111111111111111111111111111111111111111 
-0.11111111111111111111111111111111111111111111111111
EMAT 2 101 1 -0.11111111111111111111111111111111111111111111111111 
-0.11111111111111111111111111111111111111111111111111
EMAT 2 102 1 -0.11111111111111111111111111111111111111111111111111 
-0.11111111111111111111111111111111111111111111111111
EMAT 2 103 1 -0.11111111111111111111111111111111111111111111111111 
-0.11111111111111111111111111111111111111111111111111
EMAT 2 104 1 -0.11111111111111111111111111111111111111111111111111 
-0.11111111111111111111111111111111111111111111111111
EMAT 2 105 1 -0.11111111111111111111111111111111111111111111111111 
-0.11111111111111111111111111111111111111111111111111
EMAT 2 106 1 -0.11111111111111111111111111111111111111111111111111 
-0.11111111111111111111111111111111111111111111111111
EMAT 2 107 1 -0.11111111111111111111111111111111111111111111111111 
-0.11111111111111111111111111111111111111111111111111
EMAT 2 108 1 -0.11111111111111111111111111111111111111111111111111 
-0.11111111111111111111111111111111111111111111111111
EMAT 2 109 1 -0.11111111111111111111111111111111111111111111111111 
-0.11111111111111111111111111111111111111111111111111
EMAT 2 110 1 -0.11111111111111111111111111111111111111111111111111 
-0.11111111111111111111111111111111111111111111111111
EMAT 2 111 1 -0.11111111111111111111111111111111111111111111111111 
-0.11111111111111111111111111111111111111111111111111
EMAT 2 112 1 -0.11111111111111111111111111111111111111111111111111 
-0.11111111111111111111111111111111111111111111111111
EMAT 2 113 1 -0.11111111111111111111111111111111111111111111111111 
-0.11111111111111111111111111111111111111111111111111
EMAT 2 114 1 -0.11111111111111111111111111111111111111111111111111 
-0.11111111111111111111111111111111111111111111111111
EMAT 2 115 1 -0.11111111111111111111111111111111111111111111111111 
-0.11111111111111111111111111111111111111111111111111
EMAT 2 116 1 -0.11111111111111111111111111111111111111111111111111 
-0.11111111111111111111111111111111111111111111111111
EMAT 2 117 1 -0.11111111111111111111111111111111111111111111111111 
-0.11111111111111111111111111111111111111111111111111
EMAT 2 118 1 -0.11111111111111111111111111111111111111111111111111 
-0.11111111111111111111111111111111111111111111111111
EMAT 2 119 1 -0.11111111111111111111111111111111111111111111111111 
-0.11111111111111111111111111111111111111111111111111
EMAT 2 120 1 -0.11111111111111111111111111111111111111111111111111 
-0.11111111111111111111111111111111111111111111111111
EMAT 2 121 1 -0.11111111111111111111111111111111111111111111111111 
-0.11111111111111111111111111111111111111111111111111
EMAT 2 122 1 -0.11111111111111111111111111111111111111111111111111 
-0.11111111111111111111111111111111111111111111111111
EMAT 2 123 1 -0.11111111111111111111111111111111111111111111111111 
-0.11111111111111111111111111111111111111111111111111
EMAT 2 124 1 -0.11111111111111111111111111111111111111111111111111 
-0.11111111111111111111111111111111111111111111111111
EMAT 2 125 1 -0.11111111111111111111111111111111111111111111111111 
-0.11111111111111111111111111111111111111111111111111
EMAT 2 126 1 -0.11111111111111111111111111111111111111111111111111 
-0.11111111111111111111111111111111111111111111111111
EMAT 2 127 1 -0.11111111111111111111111111111111111111111111111111 
-0.11111111111111111111111111111111111111111111111111
EMAT 2 128 1 -0.11111111111111111111111111111111111111111111111111 
-0.11111111111111111111111111111111111111111111111111
EMAT 2 129 1 -0.11111111111111111111111111111111111111111111111111 
-0.11111111111111111111111111111111111111111111111111
EMAT 2 130 1 -0.11111111111111111111111111111111111111111111111111 
-0.11111111111111111111111111111111111111111111111111
EMAT 2 131 1 -0.11111111111111111111111111111111111111111111111111 
-0.11111111111111111111111111111111111111111111111111
EMAT 2 132 1 -0.11111111111111111111111111111111111111111111111111 
-0.11111111111111111111111111111111111111111111111111
EMAT 2 133 1 -0.11111111111111111111111111111111111111111111111111 
-0.11111111111111111111111111111111111111111111111111
EMAT 2 211 4 -0.11111111111111111111111111111111111111111111111111 
-1.0231764166622413053341863529087833392363709376831E-81
EMAT 2 212 4 -4.3998511782908717415565701362344460886748069000552E-80 
0.11111111111111111111111111111111111111111111111111
EMAT 2 213 4 -0.11111111111111111111111111111111111111111111111111 
-2.8352039101297382845867597656409004642084232332176E-80
EMAT 2 214 4 5.7151339544594045037613382680506484797436372294257E-80 
0.11111111111111111111111111111111111111111111111111
EMAT 2 215 4 -0.11111111111111111111111111111111111111111111111111 
-4.9162036631600069119062245442293202336560475456438E-80
EMAT 2 216 4 -4.5780361336575691550692615234707504041876848050928E-80 
0.11111111111111111111111111111111111111111111111111
EMAT 2 217 4 -0.11111111111111111111111111111111111111111111111111 
-1.3698983285190857800582793365979301856471863613493E-79
EMAT 2 218 4 -1.3987011409016700925788595889745696431812849802943E-79 
0.11111111111111111111111111111111111111111111111111
EMAT 2 219 4 -0.11111111111111111111111111111111111111111111111111 
-4.0565546936583880436668241931872881097126694776224E-80
EMAT 2 220 4 -1.1742473933580428186947254045463773907044786065434E-79 
0.11111111111111111111111111111111111111111111111111
EMAT 2 221 4 -0.11111111111111111111111111111111111111111111111111 
-1.4217711069824331747176855014320007524068790066357E-79
EMAT 2 222 4 4.5617193790235426120623736280509561199764459116587E-80 
0.11111111111111111111111111111111111111111111111111
EMAT 2 223 4 -0.11111111111111111111111111111111111111111111111111 
-1.5816047102505585678822289294938063129553380862764E-79
EMAT 2 224 4 -1.9250039022900035686111841832455808996033347426708E-79 
0.11111111111111111111111111111111111111111111111111
EMAT 2 225 4 -0.11111111111111111111111111111111111111111111111111 
-2.9927036391069987543343425511664161987389237198319E-79
EMAT 2 226 4 2.6643002258840790407857077476929369443794261847689E-79 
0.11111111111111111111111111111111111111111111111111
EMAT 2 227 4 -0.11111111111111111111111111111111111111111111111111 
5.4477326560536553555875293107074657696293602746557E-80
EMAT 2 228 4 6.1550972237468435712980471065198407186598939808703E-79 
0.11111111111111111111111111111111111111111111111111
EMAT 2 229 4 -0.11111111111111111111111111111111111111111111111111 
1.1382116529693689739956947536160737551799684766759E-80
EMAT 2 230 4 -7.8738014968148956810974865644610625880132185171168E-79 
0.11111111111111111111111111111111111111111111111111
EMAT 2 231 4 -0.11111111111111111111111111111111111111111111111111 
4.6394210099530207316966301921975746802456936644721E-80
EMAT 2 232 4 -3.5349514726598986644301249337688841079239978770061E-79 
0.11111111111111111111111111111111111111111111111111
EMAT 2 233 4 -0.11111111111111111111111111111111111111111111111111 
2.1547220352613991084867914148437822563825635845693E-79
EMAT 2 234 4 6.0749828696764203476167245943934512487943963654254E-79 
0.11111111111111111111111111111111111111111111111111
EMAT 2 235 4 -0.11111111111111111111111111111111111111111111111111 
1.6968177483709196909115134114310048355995930874465E-79
EMAT 2 236 4 -5.9034006551617924749442395419513473115346216051935E-79 
0.11111111111111111111111111111111111111111111111111
EMAT 2 237 4 -0.11111111111111111111111111111111111111111111111111 
3.5804209474506425131557606369071655032522297293778E-79
EMAT 2 238 4 -6.3159746861582618677372652918868659371181820571556E-79 
0.11111111111111111111111111111111111111111111111111
EMAT 2 239 4 -0.11111111111111111111111111111111111111111111111111 
-1.2125400682444512119051649637031578184722794155764E-78
EMAT 2 240 4 1.1133876082693721230986931533431808422030059611701E-79 
0.11111111111111111111111111111111111111111111111111
EMAT 2 241 4 -0.11111111111111111111111111111111111111111111111111 
-1.2356935539338355171680770769165108169315094351956E-78
EMAT 2 242 4 -2.1356541560036338915071144038943279093981782021259E-79 
0.11111111111111111111111111111111111111111111111111
EMAT 2 243 4 -0.11111111111111111111111111111111111111111111111111 
-3.4720570931724445009941257704391483159556486614998E-79
EMAT 2 255 11 0.11111111111111111111111111111111111111111111111111 
-0.11111111111111111111111111111111111111111111111111
EMAT 2 256 11 -0.11111111111111111111111111111111111111111111111111 
0.11111111111111111111111111111111111111111111111111
EMAT 2 257 11 0.11111111111111111111111111111111111111111111111111 
-0.11111111111111111111111111111111111111111111111111
EMAT 2 258 11 0.11111111111111111111111111111111111111111111111111 
-0.11111111111111111111111111111111111111111111111111
EMAT 2 259 11 -0.11111111111111111111111111111111111111111111111111 
0.11111111111111111111111111111111111111111111111111
EMAT 2 260 11 -0.11111111111111111111111111111111111111111111111111 
0.11111111111111111111111111111111111111111111111111
EMAT 2 261 11 0.11111111111111111111111111111111111111111111111111 
-0.11111111111111111111111111111111111111111111111111
EMAT 2 262 11 0.11111111111111111111111111111111111111111111111111 
-0.11111111111111111111111111111111111111111111111111
EMAT 2 263 11 0.11111111111111111111111111111111111111111111111111 
-0.11111111111111111111111111111111111111111111111111
EMAT 2 264 11 0.11111111111111111111111111111111111111111111111111 
-0.11111111111111111111111111111111111111111111111111
EMAT 2 265 11 0.11111111111111111111111111111111111111111111111111 
-0.11111111111111111111111111111111111111111111111111
EMAT 2 266 11 0.11111111111111111111111111111111111111111111111111 
-0.11111111111111111111111111111111111111111111111111
EMAT 2 267 12 -1.0000000000000000000000000000000000000000000000000 
1.3476344847228058150323700439527077388681798364858E-78
EMAT 2 268 12 1.0000000000000000000000000000000000000000000000000 
-2.0867279509642646741421181933643447827401012463526E-78
EMAT 2 269 12 2.0190557095317225550854117294201449006022642214999E-79 
1.0000000000000000000000000000000000000000000000000
EMAT 2 270 12 5.9085589182907726006736821822106180090769859925314E-78 
1.0000000000000000000000000000000000000000000000000
EMAT 2 271 12 -1.0000000000000000000000000000000000000000000000000 
1.0314325487332875499147070983629204065514859369490E-77
EMAT 2 272 12 1.0000000000000000000000000000000000000000000000000 
-9.1926489574857730912978757471533487986605245770440E-79
EMAT 2 273 12 -6.2669874977569837180731716622950054706025975349492E-79 
1.0000000000000000000000000000000000000000000000000
EMAT 2 274 12 -1.0000000000000000000000000000000000000000000000000 
1.0378235343582438206365461936245884796078550491938E-77
EMAT 2 275 12 5.0316186885817542723535157342758316906124126491619E-77 
1.0000000000000000000000000000000000000000000000000
EMAT 2 276 12 -1.0000000000000000000000000000000000000000000000000 
-2.7608356037225923437831479927193023448545917778351E-80
EMAT 2 277 12 -9.8732330152174602239997736676508419818196445072299E-79 
1.0000000000000000000000000000000000000000000000000
EMAT 2 285 44 -0.11111111111111111111111111111111111111111111111111 
2.3851824695382234822815825658528777207915541567394E-80
EMAT 2 286 44 -9.0474185123371428056874126425388842578515343454551E-79 
0.11111111111111111111111111111111111111111111111111
EMAT 2 287 44 -0.11111111111111111111111111111111111111111111111111 
1.0087157248450817704043875158266560372562120246240E-79
EMAT 3 1 132 1.0000000000000000000000000000000000000000000000000 
7.8704142015161051277978989706016987330745421951667E-81
EMAT 3 2 1 -0.083333333333333333333333333333333333333333333333333 
-0.083333333333333333333333333333333333333333333333333
EMAT 3 3 1 -0.083333333333333333333333333333333333333333333333333 
-0.083333333333333333333333333333333333333333333333333
EMAT 3 4 1 -0.083333333333333333333333333333333333333333333333333 
-0.083333333333333333333333333333333333333333333333333
EMAT 3 5 1 -0.083333333333333333333333333333333333333333333333333 
-0.083333333333333333333333333333333333333333333333333
EMAT 3 6 1 -0.083333333333333333333333333333333333333333333333333 
-0.083333333333333333333333333333333333333333333333333
EMAT 3 7 1 -0.083333333333333333333333333333333333333333333333333 
-0.083333333333333333333333333333333333333333333333333
EMAT 3 8 1 -0.083333333333333333333333333333333333333333333333333 
-0.083333333333333333333333333333333333333333333333333
EMAT 3 9 1 -0.083333333333333333333333333333333333333333333333333 
-0.083333333333333333333333333333333333333333333333333
EMAT 3 10 1 -0.083333333333333333333333333333333333333333333333333 
-0.083333333333333333333333333333333333333333333333333
EMAT 3 11 1 -0.083333333333333333333333333333333333333333333333333 
-0.083333333333333333333333333333333333333333333333333
EMAT 3 12 1 -0.083333333333333333333333333333333333333333333333333 
-0.083333333333333333333333333333333333333333333333333
EMAT 3 13 1 -0.083333333333333333333333333333333333333333333333333 
-0.083333333333333333333333333333333333333333333333333
EMAT 3 14 1 -0.083333333333333333333333333333333333333333333333333 
-0.083333333333333333333333333333333333333333333333333
EMAT 3 15 1 -0.083333333333333333333333333333333333333333333333333 
-0.083333333333333333333333333333333333333333333333333
EMAT 3 16 1 -0.083333333333333333333333333333333333333333333333333 
-0.083333333333333333333333333333333333333333333333333
EMAT 3 17 1 -0.083333333333333333333333333333333333333333333333333 
-0.083333333333333333333333333333333333333333333333333
EMAT 3 18 1 -0.083333333333333333333333333333333333333333333333333 
-0.083333333333333333333333333333333333333333333333333
EMAT 3 19 1 -0.083333333333333333333333333333333333333333333333333 
-0.083333333333333333333333333333333333333333333333333
EMAT 3 20 1 -0.083333333333333333333333333333333333333333333333333 
-0.083333333333333333333333333333333333333333333333333
EMAT 3 21 1 -0.083333333333333333333333333333333333333333333333333 
-0.083333333333333333333333333333333333333333333333333
EMAT 3 22 1 -0.083333333333333333333333333333333333333333333333333 
-0.083333333333333333333333333333333333333333333333333
EMAT 3 23 1 -0.083333333333333333333333333333333333333333333333333 
-0.083333333333333333333333333333333333333333333333333
EMAT 3 24 1 -0.083333333333333333333333333333333333333333333333333 
-0.083333333333333333333333333333333333333333333333333
EMAT 3 25 1 -0.083333333333333333333333333333333333333333333333333 
-0.083333333333333333333333333333333333333333333333333
EMAT 3 26 1 -0.083333333333333333333333333333333333333333333333333 
-0.083333333333333333333333333333333333333333333333333
EMAT 3 27 1 -0.083333333333333333333333333333333333333333333333333 
-0.083333333333333333333333333333333333333333333333333
EMAT 3 28 1 -0.083333333333333333333333333333333333333333333333333 
-0.083333333333333333333333333333333333333333333333333
EMAT 3 29 1 -0.083333333333333333333333333333333333333333333333333 
-0.083333333333333333333333333333333333333333333333333
EMAT 3 30 1 -0.083333333333333333333333333333333333333333333333333 
-0.083333333333333333333333333333333333333333333333333
EMAT 3 31 1 -0.083333333333333333333333333333333333333333333333333 
-0.083333333333333333333333333333333333333333333333333
EMAT 3 32 1 -0.083333333333333333333333333333333333333333333333333 
-0.083333333333333333333333333333333333333333333333333
EMAT 3 33 1 -0.083333333333333333333333333333333333333333333333333 
-0.083333333333333333333333333333333333333333333333333
EMAT 3 34 1 -0.083333333333333333333333333333333333333333333333333 
-0.083333333333333333333333333333333333333333333333333
EMAT 3 35 1 -0.083333333333333333333333333333333333333333333333333 
-0.083333333333333333333333333333333333333333333333333
EMAT 3 36 1 -0.083333333333333333333333333333333333333333333333333 
-0.083333333333333333333333333333333333333333333333333
EMAT 3 37 1 -0.083333333333333333333333333333333333333333333333333 
-0.083333333333333333333333333333333333333333333333333
EMAT 3 38 1 -0.083333333333333333333333333333333333333333333333333 
-0.083333333333333333333333333333333333333333333333333
EMAT 3 39 1 -0.083333333333333333333333333333333333333333333333333 
-0.083333333333333333333333333333333333333333333333333
EMAT 3 40 1 -0.083333333333333333333333333333333333333333333333333 
-0.083333333333333333333333333333333333333333333333333
EMAT 3 41 1 -0.083333333333333333333333333333333333333333333333333 
-0.083333333333333333333333333333333333333333333333333
EMAT 3 42 1 -0.083333333333333333333333333333333333333333333333333 
-0.083333333333333333333333333333333333333333333333333
EMAT 3 43 1 -0.083333333333333333333333333333333333333333333333333 
-0.083333333333333333333333333333333333333333333333333
EMAT 3 44 1 -0.083333333333333333333333333333333333333333333333333 
-0.083333333333333333333333333333333333333333333333333
EMAT 3 45 1 -0.083333333333333333333333333333333333333333333333333 
-0.083333333333333333333333333333333333333333333333333
EMAT 3 46 1 -0.083333333333333333333333333333333333333333333333333 
-0.083333333333333333333333333333333333333333333333333
EMAT 3 47 1 -0.083333333333333333333333333333333333333333333333333 
-0.083333333333333333333333333333333333333333333333333
EMAT 3 48 1 -0.083333333333333333333333333333333333333333333333333 
-0.083333333333333333333333333333333333333333333333333
EMAT 3 49 1 -0.083333333333333333333333333333333333333333333333333 
-0.083333333333333333333333333333333333333333333333333
EMAT 3 50 1 -0.083333333333333333333333333333333333333333333333333 
-0.083333333333333333333333333333333333333333333333333
EMAT 3 51 1 -0.083333333333333333333333333333333333333333333333333 
-0.083333333333333333333333333333333333333333333333333
EMAT 3 52 1 -0.083333333333333333333333333333333333333333333333333 
-0.083333333333333333333333333333333333333333333333333
EMAT 3 53 1 -0.083333333333333333333333333333333333333333333333333 
-0.083333333333333333333333333333333333333333333333333
EMAT 3 54 1 -0.083333333333333333333333333333333333333333333333333 
-0.083333333333333333333333333333333333333333333333333
EMAT 3 55 1 -0.083333333333333333333333333333333333333333333333333 
-0.083333333333333333333333333333333333333333333333333
EMAT 3 56 1 -0.083333333333333333333333333333333333333333333333333 
-0.083333333333333333333333333333333333333333333333333
EMAT 3 57 1 -0.083333333333333333333333333333333333333333333333333 
-0.083333333333333333333333333333333333333333333333333
EMAT 3 58 1 -0.083333333333333333333333333333333333333333333333333 
-0.083333333333333333333333333333333333333333333333333
EMAT 3 59 1 -0.083333333333333333333333333333333333333333333333333 
-0.083333333333333333333333333333333333333333333333333
EMAT 3 60 1 -0.083333333333333333333333333333333333333333333333333 
-0.083333333333333333333333333333333333333333333333333
EMAT 3 61 1 -0.083333333333333333333333333333333333333333333333333 
-0.083333333333333333333333333333333333333333333333333
EMAT 3 62 1 -0.083333333333333333333333333333333333333333333333333 
-0.083333333333333333333333333333333333333333333333333
EMAT 3 63 1 -0.083333333333333333333333333333333333333333333333333 
-0.083333333333333333333333333333333333333333333333333
EMAT 3 64 1 -0.083333333333333333333333333333333333333333333333333 
-0.083333333333333333333333333333333333333333333333333
EMAT 3 65 1 -0.083333333333333333333333333333333333333333333333333 
-0.083333333333333333333333333333333333333333333333333
EMAT 3 66 1 -0.083333333333333333333333333333333333333333333333333 
-0.083333333333333333333333333333333333333333333333333
EMAT 3 67 1 -0.083333333333333333333333333333333333333333333333333 
-0.083333333333333333333333333333333333333333333333333
EMAT 3 68 1 -0.083333333333333333333333333333333333333333333333333 
-0.083333333333333333333333333333333333333333333333333
EMAT 3 69 1 -0.083333333333333333333333333333333333333333333333333 
-0.083333333333333333333333333333333333333333333333333
EMAT 3 70 1 -0.083333333333333333333333333333333333333333333333333 
-0.083333333333333333333333333333333333333333333333333
EMAT 3 71 1 -0.083333333333333333333333333333333333333333333333333 
-0.083333333333333333333333333333333333333333333333333
EMAT 3 72 1 -0.083333333333333333333333333333333333333333333333333 
-0.083333333333333333333333333333333333333333333333333
EMAT 3 73 1 -0.083333333333333333333333333333333333333333333333333 
-0.083333333333333333333333333333333333333333333333333
EMAT 3 74 1 -0.083333333333333333333333333333333333333333333333333 
-0.083333333333333333333333333333333333333333333333333
EMAT 3 75 1 -0.083333333333333333333333333333333333333333333333333 
-0.083333333333333333333333333333333333333333333333333
EMAT 3 76 1 -0.083333333333333333333333333333333333333333333333333 
-0.083333333333333333333333333333333333333333333333333
EMAT 3 77 1 -0.083333333333333333333333333333333333333333333333333 
-0.083333333333333333333333333333333333333333333333333
EMAT 3 78 1 -0.083333333333333333333333333333333333333333333333333 
-0.083333333333333333333333333333333333333333333333333
EMAT 3 79 1 -0.083333333333333333333333333333333333333333333333333 
-0.083333333333333333333333333333333333333333333333333
EMAT 3 80 1 -0.083333333333333333333333333333333333333333333333333 
-0.083333333333333333333333333333333333333333333333333
EMAT 3 81 1 -0.083333333333333333333333333333333333333333333333333 
-0.083333333333333333333333333333333333333333333333333
EMAT 3 82 1 -0.083333333333333333333333333333333333333333333333333 
-0.083333333333333333333333333333333333333333333333333
EMAT 3 83 1 -0.083333333333333333333333333333333333333333333333333 
-0.083333333333333333333333333333333333333333333333333
EMAT 3 84 1 -0.083333333333333333333333333333333333333333333333333 
-0.083333333333333333333333333333333333333333333333333
EMAT 3 85 1 -0.083333333333333333333333333333333333333333333333333 
-0.083333333333333333333333333333333333333333333333333
EMAT 3 86 1 -0.083333333333333333333333333333333333333333333333333 
-0.083333333333333333333333333333333333333333333333333
EMAT 3 87 1 -0.083333333333333333333333333333333333333333333333333 
-0.083333333333333333333333333333333333333333333333333
EMAT 3 88 1 -0.083333333333333333333333333333333333333333333333333 
-0.083333333333333333333333333333333333333333333333333
EMAT 3 89 1 -0.083333333333333333333333333333333333333333333333333 
-0.083333333333333333333333333333333333333333333333333
EMAT 3 90 1 -0.083333333333333333333333333333333333333333333333333 
-0.083333333333333333333333333333333333333333333333333
EMAT 3 91 1 -0.083333333333333333333333333333333333333333333333333 
-0.083333333333333333333333333333333333333333333333333
EMAT 3 92 1 -0.083333333333333333333333333333333333333333333333333 
-0.083333333333333333333333333333333333333333333333333
EMAT 3 93 1 -0.083333333333333333333333333333333333333333333333333 
-0.083333333333333333333333333333333333333333333333333
EMAT 3 94 1 -0.083333333333333333333333333333333333333333333333333 
-0.083333333333333333333333333333333333333333333333333
EMAT 3 95 1 -0.083333333333333333333333333333333333333333333333333 
-0.083333333333333333333333333333333333333333333333333
EMAT 3 96 1 -0.083333333333333333333333333333333333333333333333333 
-0.083333333333333333333333333333333333333333333333333
EMAT 3 97 1 -0.083333333333333333333333333333333333333333333333333 
-0.083333333333333333333333333333333333333333333333333
EMAT 3 98 1 -0.083333333333333333333333333333333333333333333333333 
-0.083333333333333333333333333333333333333333333333333
EMAT 3 99 1 -0.083333333333333333333333333333333333333333333333333 
-0.083333333333333333333333333333333333333333333333333
EMAT 3 100 1 -0.083333333333333333333333333333333333333333333333333 
-0.083333333333333333333333333333333333333333333333333
EMAT 3 101 1 -0.083333333333333333333333333333333333333333333333333 
-0.083333333333333333333333333333333333333333333333333
EMAT 3 102 1 -0.083333333333333333333333333333333333333333333333333 
-0.083333333333333333333333333333333333333333333333333
EMAT 3 103 1 -0.083333333333333333333333333333333333333333333333333 
-0.083333333333333333333333333333333333333333333333333
EMAT 3 104 1 -0.083333333333333333333333333333333333333333333333333 
-0.083333333333333333333333333333333333333333333333333
EMAT 3 105 1 -0.083333333333333333333333333333333333333333333333333 
-0.083333333333333333333333333333333333333333333333333
EMAT 3 106 1 -0.083333333333333333333333333333333333333333333333333 
-0.083333333333333333333333333333333333333333333333333
EMAT 3 107 1 -0.083333333333333333333333333333333333333333333333333 
-0.083333333333333333333333333333333333333333333333333
EMAT 3 108 1 -0.083333333333333333333333333333333333333333333333333 
-0.083333333333333333333333333333333333333333333333333
EMAT 3 109 1 -0.083333333333333333333333333333333333333333333333333 
-0.083333333333333333333333333333333333333333333333333
EMAT 3 110 1 -0.083333333333333333333333333333333333333333333333333 
-0.083333333333333333333333333333333333333333333333333
EMAT 3 111 1 -0.083333333333333333333333333333333333333333333333333 
-0.083333333333333333333333333333333333333333333333333
EMAT 3 112 1 -0.083333333333333333333333333333333333333333333333333 
-0.083333333333333333333333333333333333333333333333333
EMAT 3 113 1 -0.083333333333333333333333333333333333333333333333333 
-0.083333333333333333333333333333333333333333333333333
EMAT 3 114 1 -0.083333333333333333333333333333333333333333333333333 
-0.083333333333333333333333333333333333333333333333333
EMAT 3 115 1 -0.083333333333333333333333333333333333333333333333333 
-0.083333333333333333333333333333333333333333333333333
EMAT 3 116 1 -0.083333333333333333333333333333333333333333333333333 
-0.083333333333333333333333333333333333333333333333333
EMAT 3 117 1 -0.083333333333333333333333333333333333333333333333333 
-0.083333333333333333333333333333333333333333333333333
EMAT 3 118 1 -0.083333333333333333333333333333333333333333333333333 
-0.083333333333333333333333333333333333333333333333333
EMAT 3 119 1 -0.083333333333333333333333333333333333333333333333333 
-0.083333333333333333333333333333333333333333333333333
EMAT 3 120 1 -0.083333333333333333333333333333333333333333333333333 
-0.083333333333333333333333333333333333333333333333333
EMAT 3 121 1 -0.083333333333333333333333333333333333333333333333333 
-0.083333333333333333333333333333333333333333333333333
EMAT 3 122 1 -0.083333333333333333333333333333333333333333333333333 
-0.083333333333333333333333333333333333333333333333333
EMAT 3 123 1 -0.083333333333333333333333333333333333333333333333333 
-0.083333333333333333333333333333333333333333333333333
EMAT 3 124 1 -0.083333333333333333333333333333333333333333333333333 
-0.083333333333333333333333333333333333333333333333333
EMAT 3 125 1 -0.083333333333333333333333333333333333333333333333333 
-0.083333333333333333333333333333333333333333333333333
EMAT 3 126 1 -0.083333333333333333333333333333333333333333333333333 
-0.083333333333333333333333333333333333333333333333333
EMAT 3 127 1 -0.083333333333333333333333333333333333333333333333333 
-0.083333333333333333333333333333333333333333333333333
EMAT 3 128 1 -0.083333333333333333333333333333333333333333333333333 
-0.083333333333333333333333333333333333333333333333333
EMAT 3 129 1 -0.083333333333333333333333333333333333333333333333333 
-0.083333333333333333333333333333333333333333333333333
EMAT 3 130 1 -0.083333333333333333333333333333333333333333333333333 
-0.083333333333333333333333333333333333333333333333333
EMAT 3 131 1 -0.083333333333333333333333333333333333333333333333333 
-0.083333333333333333333333333333333333333333333333333
EMAT 3 132 1 -0.083333333333333333333333333333333333333333333333333 
-0.083333333333333333333333333333333333333333333333333
EMAT 3 133 1 -0.083333333333333333333333333333333333333333333333333 
-0.083333333333333333333333333333333333333333333333333
EMAT 3 255 11 0.083333333333333333333333333333333333333333333333333 
-0.083333333333333333333333333333333333333333333333333
EMAT 3 256 11 -0.083333333333333333333333333333333333333333333333333 
0.083333333333333333333333333333333333333333333333333
EMAT 3 257 11 0.083333333333333333333333333333333333333333333333333 
-0.083333333333333333333333333333333333333333333333333
EMAT 3 258 11 0.083333333333333333333333333333333333333333333333333 
-0.083333333333333333333333333333333333333333333333333
EMAT 3 259 11 -0.083333333333333333333333333333333333333333333333333 
0.083333333333333333333333333333333333333333333333333
EMAT 3 260 11 -0.083333333333333333333333333333333333333333333333333 
0.083333333333333333333333333333333333333333333333333
EMAT 3 261 11 0.083333333333333333333333333333333333333333333333333 
-0.083333333333333333333333333333333333333333333333333
EMAT 3 262 11 0.083333333333333333333333333333333333333333333333333 
-0.083333333333333333333333333333333333333333333333333
EMAT 3 263 11 0.083333333333333333333333333333333333333333333333333 
-0.083333333333333333333333333333333333333333333333333
EMAT 3 264 11 0.083333333333333333333333333333333333333333333333333 
-0.083333333333333333333333333333333333333333333333333
EMAT 3 265 11 0.083333333333333333333333333333333333333333333333333 
-0.083333333333333333333333333333333333333333333333333
EMAT 3 266 11 0.083333333333333333333333333333333333333333333333333 
-0.083333333333333333333333333333333333333333333333333
EMAT 3 267 12 -1.0000000000000000000000000000000000000000000000000 
1.8473548419509195185175259372784274205287180229030E-78
EMAT 3 268 12 1.0000000000000000000000000000000000000000000000000 
1.3964920684365435931718718031959273467221061291399E-78
EMAT 3 269 12 -1.8640637295565291017316493995541965756569836579382E-79 
1.0000000000000000000000000000000000000000000000000
EMAT 3 270 12 2.8611491078803819526903058967163564844655586678198E-78 
1.0000000000000000000000000000000000000000000000000
EMAT 3 271 12 -1.0000000000000000000000000000000000000000000000000 
7.1981514802183265399071966223580238560690577805187E-78
EMAT 3 272 12 1.0000000000000000000000000000000000000000000000000 
9.6585699130647845183094301835520099254567519104346E-78
EMAT 3 273 12 -2.1028004006770376481982706117234221031541840361433E-77 
1.0000000000000000000000000000000000000000000000000
EMAT 3 274 12 -1.0000000000000000000000000000000000000000000000000 
6.2562025665754434528651473707072407222372192109629E-80
EMAT 3 275 12 4.5016942946591811137609015054076271334027610529869E-77 
1.0000000000000000000000000000000000000000000000000
EMAT 3 276 12 -1.0000000000000000000000000000000000000000000000000 
-8.3965587011578162979638475295692495878614064163890E-78
EMAT 3 277 12 3.8797075472328573112052488809352471184399678566512E-77 
1.0000000000000000000000000000000000000000000000000
EMAT 4 2 1 -0.027777777777777777777777777777777777777777777777778 
-0.027777777777777777777777777777777777777777777777778
EMAT 4 3 1 -0.027777777777777777777777777777777777777777777777778 
-0.027777777777777777777777777777777777777777777777778
EMAT 4 4 1 -0.027777777777777777777777777777777777777777777777778 
-0.027777777777777777777777777777777777777777777777778
EMAT 4 5 1 -0.027777777777777777777777777777777777777777777777778 
-0.027777777777777777777777777777777777777777777777778
EMAT 4 6 1 -0.027777777777777777777777777777777777777777777777778 
-0.027777777777777777777777777777777777777777777777778
EMAT 4 7 1 -0.027777777777777777777777777777777777777777777777778 
-0.027777777777777777777777777777777777777777777777778
EMAT 4 8 1 -0.027777777777777777777777777777777777777777777777778 
-0.027777777777777777777777777777777777777777777777778
EMAT 4 9 1 -0.027777777777777777777777777777777777777777777777778 
-0.027777777777777777777777777777777777777777777777778
EMAT 4 10 1 -0.027777777777777777777777777777777777777777777777778 
-0.027777777777777777777777777777777777777777777777778
EMAT 4 11 1 -0.027777777777777777777777777777777777777777777777778 
-0.027777777777777777777777777777777777777777777777778
EMAT 4 12 1 -0.027777777777777777777777777777777777777777777777778 
-0.027777777777777777777777777777777777777777777777778
EMAT 4 13 1 -0.027777777777777777777777777777777777777777777777778 
-0.027777777777777777777777777777777777777777777777778
EMAT 4 14 1 -0.027777777777777777777777777777777777777777777777778 
-0.027777777777777777777777777777777777777777777777778
EMAT 4 15 1 -0.027777777777777777777777777777777777777777777777778 
-0.027777777777777777777777777777777777777777777777778
EMAT 4 16 1 -0.027777777777777777777777777777777777777777777777778 
-0.027777777777777777777777777777777777777777777777778
EMAT 4 17 1 -0.027777777777777777777777777777777777777777777777778 
-0.027777777777777777777777777777777777777777777777778
EMAT 4 18 1 -0.027777777777777777777777777777777777777777777777778 
-0.027777777777777777777777777777777777777777777777778
EMAT 4 19 1 -0.027777777777777777777777777777777777777777777777778 
-0.027777777777777777777777777777777777777777777777778
EMAT 4 20 1 -0.027777777777777777777777777777777777777777777777778 
-0.027777777777777777777777777777777777777777777777778
EMAT 4 21 1 -0.027777777777777777777777777777777777777777777777778 
-0.027777777777777777777777777777777777777777777777778
EMAT 4 22 1 -0.027777777777777777777777777777777777777777777777778 
-0.027777777777777777777777777777777777777777777777778
EMAT 4 23 1 -0.027777777777777777777777777777777777777777777777778 
-0.027777777777777777777777777777777777777777777777778
EMAT 4 24 1 -0.027777777777777777777777777777777777777777777777778 
-0.027777777777777777777777777777777777777777777777778
EMAT 4 25 1 -0.027777777777777777777777777777777777777777777777778 
-0.027777777777777777777777777777777777777777777777778
EMAT 4 26 1 -0.027777777777777777777777777777777777777777777777778 
-0.027777777777777777777777777777777777777777777777778
EMAT 4 27 1 -0.027777777777777777777777777777777777777777777777778 
-0.027777777777777777777777777777777777777777777777778
EMAT 4 28 1 -0.027777777777777777777777777777777777777777777777778 
-0.027777777777777777777777777777777777777777777777778
EMAT 4 29 1 -0.027777777777777777777777777777777777777777777777778 
-0.027777777777777777777777777777777777777777777777778
EMAT 4 30 1 -0.027777777777777777777777777777777777777777777777778 
-0.027777777777777777777777777777777777777777777777778
EMAT 4 31 1 -0.027777777777777777777777777777777777777777777777778 
-0.027777777777777777777777777777777777777777777777778
EMAT 4 32 1 -0.027777777777777777777777777777777777777777777777778 
-0.027777777777777777777777777777777777777777777777778
EMAT 4 33 1 -0.027777777777777777777777777777777777777777777777778 
-0.027777777777777777777777777777777777777777777777778
EMAT 4 34 1 -0.027777777777777777777777777777777777777777777777778 
-0.027777777777777777777777777777777777777777777777778
EMAT 4 35 1 -0.027777777777777777777777777777777777777777777777778 
-0.027777777777777777777777777777777777777777777777778
EMAT 4 36 1 -0.027777777777777777777777777777777777777777777777778 
-0.027777777777777777777777777777777777777777777777778
EMAT 4 37 1 -0.027777777777777777777777777777777777777777777777778 
-0.027777777777777777777777777777777777777777777777778
EMAT 4 38 1 -0.027777777777777777777777777777777777777777777777778 
-0.027777777777777777777777777777777777777777777777778
EMAT 4 39 1 -0.027777777777777777777777777777777777777777777777778 
-0.027777777777777777777777777777777777777777777777778
EMAT 4 40 1 -0.027777777777777777777777777777777777777777777777778 
-0.027777777777777777777777777777777777777777777777778
EMAT 4 41 1 -0.027777777777777777777777777777777777777777777777778 
-0.027777777777777777777777777777777777777777777777778
EMAT 4 42 1 -0.027777777777777777777777777777777777777777777777778 
-0.027777777777777777777777777777777777777777777777778
EMAT 4 43 1 -0.027777777777777777777777777777777777777777777777778 
-0.027777777777777777777777777777777777777777777777778
EMAT 4 44 1 -0.027777777777777777777777777777777777777777777777778 
-0.027777777777777777777777777777777777777777777777778
EMAT 4 45 1 -0.027777777777777777777777777777777777777777777777778 
-0.027777777777777777777777777777777777777777777777778
EMAT 4 46 1 -0.027777777777777777777777777777777777777777777777778 
-0.027777777777777777777777777777777777777777777777778
EMAT 4 47 1 -0.027777777777777777777777777777777777777777777777778 
-0.027777777777777777777777777777777777777777777777778
EMAT 4 48 1 -0.027777777777777777777777777777777777777777777777778 
-0.027777777777777777777777777777777777777777777777778
EMAT 4 49 1 -0.027777777777777777777777777777777777777777777777778 
-0.027777777777777777777777777777777777777777777777778
EMAT 4 50 1 -0.027777777777777777777777777777777777777777777777778 
-0.027777777777777777777777777777777777777777777777778
EMAT 4 51 1 -0.027777777777777777777777777777777777777777777777778 
-0.027777777777777777777777777777777777777777777777778
EMAT 4 52 1 -0.027777777777777777777777777777777777777777777777778 
-0.027777777777777777777777777777777777777777777777778
EMAT 4 53 1 -0.027777777777777777777777777777777777777777777777778 
-0.027777777777777777777777777777777777777777777777778
EMAT 4 54 1 -0.027777777777777777777777777777777777777777777777778 
-0.027777777777777777777777777777777777777777777777778
EMAT 4 55 1 -0.027777777777777777777777777777777777777777777777778 
-0.027777777777777777777777777777777777777777777777778
EMAT 4 56 1 -0.027777777777777777777777777777777777777777777777778 
-0.027777777777777777777777777777777777777777777777778
EMAT 4 57 1 -0.027777777777777777777777777777777777777777777777778 
-0.027777777777777777777777777777777777777777777777778
EMAT 4 58 1 -0.027777777777777777777777777777777777777777777777778 
-0.027777777777777777777777777777777777777777777777778
EMAT 4 59 1 -0.027777777777777777777777777777777777777777777777778 
-0.027777777777777777777777777777777777777777777777778
EMAT 4 60 1 -0.027777777777777777777777777777777777777777777777778 
-0.027777777777777777777777777777777777777777777777778
EMAT 4 61 1 -0.027777777777777777777777777777777777777777777777778 
-0.027777777777777777777777777777777777777777777777778
EMAT 4 62 1 -0.027777777777777777777777777777777777777777777777778 
-0.027777777777777777777777777777777777777777777777778
EMAT 4 63 1 -0.027777777777777777777777777777777777777777777777778 
-0.027777777777777777777777777777777777777777777777778
EMAT 4 64 1 -0.027777777777777777777777777777777777777777777777778 
-0.027777777777777777777777777777777777777777777777778
EMAT 4 65 1 -0.027777777777777777777777777777777777777777777777778 
-0.027777777777777777777777777777777777777777777777778
EMAT 4 66 1 -0.027777777777777777777777777777777777777777777777778 
-0.027777777777777777777777777777777777777777777777778
EMAT 4 67 1 -0.027777777777777777777777777777777777777777777777778 
-0.027777777777777777777777777777777777777777777777778
EMAT 4 68 1 -0.027777777777777777777777777777777777777777777777778 
-0.027777777777777777777777777777777777777777777777778
EMAT 4 69 1 -0.027777777777777777777777777777777777777777777777778 
-0.027777777777777777777777777777777777777777777777778
EMAT 4 70 1 -0.027777777777777777777777777777777777777777777777778 
-0.027777777777777777777777777777777777777777777777778
EMAT 4 71 1 -0.027777777777777777777777777777777777777777777777778 
-0.027777777777777777777777777777777777777777777777778
EMAT 4 72 1 -0.027777777777777777777777777777777777777777777777778 
-0.027777777777777777777777777777777777777777777777778
EMAT 4 73 1 -0.027777777777777777777777777777777777777777777777778 
-0.027777777777777777777777777777777777777777777777778
EMAT 4 74 1 -0.027777777777777777777777777777777777777777777777778 
-0.027777777777777777777777777777777777777777777777778
EMAT 4 75 1 -0.027777777777777777777777777777777777777777777777778 
-0.027777777777777777777777777777777777777777777777778
EMAT 4 76 1 -0.027777777777777777777777777777777777777777777777778 
-0.027777777777777777777777777777777777777777777777778
EMAT 4 77 1 -0.027777777777777777777777777777777777777777777777778 
-0.027777777777777777777777777777777777777777777777778
EMAT 4 78 1 -0.027777777777777777777777777777777777777777777777778 
-0.027777777777777777777777777777777777777777777777778
EMAT 4 79 1 -0.027777777777777777777777777777777777777777777777778 
-0.027777777777777777777777777777777777777777777777778
EMAT 4 80 1 -0.027777777777777777777777777777777777777777777777778 
-0.027777777777777777777777777777777777777777777777778
EMAT 4 81 1 -0.027777777777777777777777777777777777777777777777778 
-0.027777777777777777777777777777777777777777777777778
EMAT 4 82 1 -0.027777777777777777777777777777777777777777777777778 
-0.027777777777777777777777777777777777777777777777778
EMAT 4 83 1 -0.027777777777777777777777777777777777777777777777778 
-0.027777777777777777777777777777777777777777777777778
EMAT 4 84 1 -0.027777777777777777777777777777777777777777777777778 
-0.027777777777777777777777777777777777777777777777778
EMAT 4 85 1 -0.027777777777777777777777777777777777777777777777778 
-0.027777777777777777777777777777777777777777777777778
EMAT 4 86 1 -0.027777777777777777777777777777777777777777777777778 
-0.027777777777777777777777777777777777777777777777778
EMAT 4 87 1 -0.027777777777777777777777777777777777777777777777778 
-0.027777777777777777777777777777777777777777777777778
EMAT 4 88 1 -0.027777777777777777777777777777777777777777777777778 
-0.027777777777777777777777777777777777777777777777778
EMAT 4 89 1 -0.027777777777777777777777777777777777777777777777778 
-0.027777777777777777777777777777777777777777777777778
EMAT 4 90 1 -0.027777777777777777777777777777777777777777777777778 
-0.027777777777777777777777777777777777777777777777778
EMAT 4 91 1 -0.027777777777777777777777777777777777777777777777778 
-0.027777777777777777777777777777777777777777777777778
EMAT 4 92 1 -0.027777777777777777777777777777777777777777777777778 
-0.027777777777777777777777777777777777777777777777778
EMAT 4 93 1 -0.027777777777777777777777777777777777777777777777778 
-0.027777777777777777777777777777777777777777777777778
EMAT 4 94 1 -0.027777777777777777777777777777777777777777777777778 
-0.027777777777777777777777777777777777777777777777778
EMAT 4 95 1 -0.027777777777777777777777777777777777777777777777778 
-0.027777777777777777777777777777777777777777777777778
EMAT 4 96 1 -0.027777777777777777777777777777777777777777777777778 
-0.027777777777777777777777777777777777777777777777778
EMAT 4 97 1 -0.027777777777777777777777777777777777777777777777778 
-0.027777777777777777777777777777777777777777777777778
EMAT 4 98 1 -0.027777777777777777777777777777777777777777777777778 
-0.027777777777777777777777777777777777777777777777778
EMAT 4 99 1 -0.027777777777777777777777777777777777777777777777778 
-0.027777777777777777777777777777777777777777777777778
EMAT 4 100 1 -0.027777777777777777777777777777777777777777777777778 
-0.027777777777777777777777777777777777777777777777778
EMAT 4 101 1 -0.027777777777777777777777777777777777777777777777778 
-0.027777777777777777777777777777777777777777777777778
EMAT 4 102 1 -0.027777777777777777777777777777777777777777777777778 
-0.027777777777777777777777777777777777777777777777778
EMAT 4 103 1 -0.027777777777777777777777777777777777777777777777778 
-0.027777777777777777777777777777777777777777777777778
EMAT 4 104 1 -0.027777777777777777777777777777777777777777777777778 
-0.027777777777777777777777777777777777777777777777778
EMAT 4 105 1 -0.027777777777777777777777777777777777777777777777778 
-0.027777777777777777777777777777777777777777777777778
EMAT 4 106 1 -0.027777777777777777777777777777777777777777777777778 
-0.027777777777777777777777777777777777777777777777778
EMAT 4 107 1 -0.027777777777777777777777777777777777777777777777778 
-0.027777777777777777777777777777777777777777777777778
EMAT 4 108 1 -0.027777777777777777777777777777777777777777777777778 
-0.027777777777777777777777777777777777777777777777778
EMAT 4 109 1 -0.027777777777777777777777777777777777777777777777778 
-0.027777777777777777777777777777777777777777777777778
EMAT 4 110 1 -0.027777777777777777777777777777777777777777777777778 
-0.027777777777777777777777777777777777777777777777778
EMAT 4 111 1 -0.027777777777777777777777777777777777777777777777778 
-0.027777777777777777777777777777777777777777777777778
EMAT 4 112 1 -0.027777777777777777777777777777777777777777777777778 
-0.027777777777777777777777777777777777777777777777778
EMAT 4 113 1 -0.027777777777777777777777777777777777777777777777778 
-0.027777777777777777777777777777777777777777777777778
EMAT 4 114 1 -0.027777777777777777777777777777777777777777777777778 
-0.027777777777777777777777777777777777777777777777778
EMAT 4 115 1 -0.027777777777777777777777777777777777777777777777778 
-0.027777777777777777777777777777777777777777777777778
EMAT 4 116 1 -0.027777777777777777777777777777777777777777777777778 
-0.027777777777777777777777777777777777777777777777778
EMAT 4 117 1 -0.027777777777777777777777777777777777777777777777778 
-0.027777777777777777777777777777777777777777777777778
EMAT 4 118 1 -0.027777777777777777777777777777777777777777777777778 
-0.027777777777777777777777777777777777777777777777778
EMAT 4 119 1 -0.027777777777777777777777777777777777777777777777778 
-0.027777777777777777777777777777777777777777777777778
EMAT 4 120 1 -0.027777777777777777777777777777777777777777777777778 
-0.027777777777777777777777777777777777777777777777778
EMAT 4 121 1 -0.027777777777777777777777777777777777777777777777778 
-0.027777777777777777777777777777777777777777777777778
EMAT 4 122 1 -0.027777777777777777777777777777777777777777777777778 
-0.027777777777777777777777777777777777777777777777778
EMAT 4 123 1 -0.027777777777777777777777777777777777777777777777778 
-0.027777777777777777777777777777777777777777777777778
EMAT 4 124 1 -0.027777777777777777777777777777777777777777777777778 
-0.027777777777777777777777777777777777777777777777778
EMAT 4 125 1 -0.027777777777777777777777777777777777777777777777778 
-0.027777777777777777777777777777777777777777777777778
EMAT 4 126 1 -0.027777777777777777777777777777777777777777777777778 
-0.027777777777777777777777777777777777777777777777778
EMAT 4 127 1 -0.027777777777777777777777777777777777777777777777778 
-0.027777777777777777777777777777777777777777777777778
EMAT 4 128 1 -0.027777777777777777777777777777777777777777777777778 
-0.027777777777777777777777777777777777777777777777778
EMAT 4 129 1 -0.027777777777777777777777777777777777777777777777778 
-0.027777777777777777777777777777777777777777777777778
EMAT 4 130 1 -0.027777777777777777777777777777777777777777777777778 
-0.027777777777777777777777777777777777777777777777778
EMAT 4 131 1 -0.027777777777777777777777777777777777777777777777778 
-0.027777777777777777777777777777777777777777777777778
EMAT 4 132 1 -0.027777777777777777777777777777777777777777777777778 
-0.027777777777777777777777777777777777777777777777778
EMAT 4 133 1 -0.027777777777777777777777777777777777777777777777778 
-0.027777777777777777777777777777777777777777777777778
EMAT 4 211 4 -0.11111111111111111111111111111111111111111111111111 
-1.1212739549148485317756127523915043472667072509814E-80
EMAT 4 212 4 -1.8918012356461105667789093197832423242992442053600E-80 
0.11111111111111111111111111111111111111111111111111
EMAT 4 213 4 -0.11111111111111111111111111111111111111111111111111 
-1.4682124284201162971490336776098002656475186477472E-80
EMAT 4 214 4 6.3254092114388617875691533711764707063037773924951E-80 
0.11111111111111111111111111111111111111111111111111
EMAT 4 215 4 -0.11111111111111111111111111111111111111111111111111 
-2.4006968631016470807954756792756350640117993748662E-80
EMAT 4 216 4 -4.6308986061973605378816050845957147631815321589514E-80 
0.11111111111111111111111111111111111111111111111111
EMAT 4 217 4 -0.11111111111111111111111111111111111111111111111111 
-7.4568971690441431646334641926375119444218959386661E-80
EMAT 4 218 4 -7.3930513917543677494542958011864580876899623842333E-80 
0.11111111111111111111111111111111111111111111111111
EMAT 4 219 4 -0.11111111111111111111111111111111111111111111111111 
-1.0164759814140137328005210559893780043640785447570E-79
EMAT 4 220 4 -7.7120056994451480934039746623702700357147379925127E-80 
0.11111111111111111111111111111111111111111111111111
EMAT 4 221 4 -0.11111111111111111111111111111111111111111111111111 
-7.7140399047723891137885214552357952768400361759779E-80
EMAT 4 222 4 2.7262437600214153943415771978596144747177096584004E-79 
0.11111111111111111111111111111111111111111111111111
EMAT 4 223 4 -0.11111111111111111111111111111111111111111111111111 
-2.3546745470662631102929737405494887817954168329546E-79
EMAT 4 224 4 -1.1344912310504739843308445483240708909049180480144E-79 
0.11111111111111111111111111111111111111111111111111
EMAT 4 225 4 -0.11111111111111111111111111111111111111111111111111 
1.8089675836175355640313638842283112957483720940964E-79
EMAT 4 226 4 1.6906204755191219206077006894036403976746428455659E-79 
0.11111111111111111111111111111111111111111111111111
EMAT 4 227 4 -0.11111111111111111111111111111111111111111111111111 
4.0216208522297340109177456823338637673101924667446E-79
EMAT 4 228 4 5.0514668474368797103164865853382892567298842383218E-79 
0.11111111111111111111111111111111111111111111111111
EMAT 4 229 4 -0.11111111111111111111111111111111111111111111111111 
-2.6608148828635139579608408251445605458599821750050E-79
EMAT 4 230 4 3.7151890328803178999129226822808823313187962605475E-79 
0.11111111111111111111111111111111111111111111111111
EMAT 4 231 4 -0.11111111111111111111111111111111111111111111111111 
-1.0961090388831200207159178342503800628644051067701E-79
EMAT 4 232 4 -1.0045912840141982715972844263114112959229991079239E-79 
0.11111111111111111111111111111111111111111111111111
EMAT 4 233 4 -0.11111111111111111111111111111111111111111111111111 
-1.0115311322587515569201926940343119767364163620490E-79
EMAT 4 234 4 3.0774318768248921414547684023521802832296879078463E-79 
0.11111111111111111111111111111111111111111111111111
EMAT 4 235 4 -0.11111111111111111111111111111111111111111111111111 
-6.7036163179524636467058292346811986198341766796110E-80
EMAT 4 236 4 -3.8097169871618334841083212591874927776688874972715E-79 
0.11111111111111111111111111111111111111111111111111
EMAT 4 237 4 -0.11111111111111111111111111111111111111111111111111 
1.5846139029154206393992165766466531663658403236063E-78
EMAT 4 238 4 -1.0002222786529584372143798110537747300170374751544E-78 
0.11111111111111111111111111111111111111111111111111
EMAT 4 239 4 -0.11111111111111111111111111111111111111111111111111 
4.5377522280569147337533183093060410808590398719015E-79
EMAT 4 240 4 -7.5577053949121117169633802271962911003980006741858E-79 
0.11111111111111111111111111111111111111111111111111
EMAT 4 241 4 -0.11111111111111111111111111111111111111111111111111 
-1.7492654567597478177948427353332510436389480689984E-78
EMAT 4 242 4 -1.3260478489240372256368155466167335057406304046497E-78 
0.11111111111111111111111111111111111111111111111111
EMAT 4 243 4 -0.11111111111111111111111111111111111111111111111111 
-2.1102476612755051665895167989022897430099168132708E-78
EMAT 4 255 11 0.027777777777777777777777777777777777777777777777778 
-0.027777777777777777777777777777777777777777777777778
EMAT 4 256 11 -0.027777777777777777777777777777777777777777777777778 
0.027777777777777777777777777777777777777777777777778
EMAT 4 257 11 0.027777777777777777777777777777777777777777777777778 
-0.027777777777777777777777777777777777777777777777778
EMAT 4 258 11 0.027777777777777777777777777777777777777777777777778 
-0.027777777777777777777777777777777777777777777777778
EMAT 4 259 11 -0.027777777777777777777777777777777777777777777777778 
0.027777777777777777777777777777777777777777777777778
EMAT 4 260 11 -0.027777777777777777777777777777777777777777777777778 
0.027777777777777777777777777777777777777777777777778
EMAT 4 261 11 0.027777777777777777777777777777777777777777777777778 
-0.027777777777777777777777777777777777777777777777778
EMAT 4 262 11 0.027777777777777777777777777777777777777777777777778 
-0.027777777777777777777777777777777777777777777777778
EMAT 4 263 11 0.027777777777777777777777777777777777777777777777778 
-0.027777777777777777777777777777777777777777777777778
EMAT 4 264 11 0.027777777777777777777777777777777777777777777777778 
-0.027777777777777777777777777777777777777777777777778
EMAT 4 265 11 0.027777777777777777777777777777777777777777777777778 
-0.027777777777777777777777777777777777777777777777778
EMAT 4 266 11 0.027777777777777777777777777777777777777777777777778 
-0.027777777777777777777777777777777777777777777777778
EMAT 4 285 44 -0.11111111111111111111111111111111111111111111111111 
-7.7736153346594346470768877606207900950760651904456E-79
EMAT 4 286 44 2.2277461758431232934989550856202395374342467227391E-79 
0.11111111111111111111111111111111111111111111111111
EMAT 4 287 44 -0.11111111111111111111111111111111111111111111111111 
1.5006961166747029279970171698992676553936080158490E-78
EMAT 6 1 132 1.0000000000000000000000000000000000000000000000000 
-2.4224325970902309979711551095563521461961913883486E-81
EMAT 6 2 1 -0.062500000000000000000000000000000000000000000000000 
-0.062500000000000000000000000000000000000000000000000
EMAT 6 3 1 -0.062500000000000000000000000000000000000000000000000 
-0.062500000000000000000000000000000000000000000000000
EMAT 6 4 1 -0.062500000000000000000000000000000000000000000000000 
-0.062500000000000000000000000000000000000000000000000
EMAT 6 5 1 -0.062500000000000000000000000000000000000000000000000 
-0.062500000000000000000000000000000000000000000000000
EMAT 6 6 1 -0.062500000000000000000000000000000000000000000000000 
-0.062500000000000000000000000000000000000000000000000
EMAT 6 7 1 -0.062500000000000000000000000000000000000000000000000 
-0.062500000000000000000000000000000000000000000000000
EMAT 6 8 1 -0.062500000000000000000000000000000000000000000000000 
-0.062500000000000000000000000000000000000000000000000
EMAT 6 9 1 -0.062500000000000000000000000000000000000000000000000 
-0.062500000000000000000000000000000000000000000000000
EMAT 6 10 1 -0.062500000000000000000000000000000000000000000000000 
-0.062500000000000000000000000000000000000000000000000
EMAT 6 11 1 -0.062500000000000000000000000000000000000000000000000 
-0.062500000000000000000000000000000000000000000000000
EMAT 6 12 1 -0.062500000000000000000000000000000000000000000000000 
-0.062500000000000000000000000000000000000000000000000
EMAT 6 13 1 -0.062500000000000000000000000000000000000000000000000 
-0.062500000000000000000000000000000000000000000000000
EMAT 6 14 1 -0.062500000000000000000000000000000000000000000000000 
-0.062500000000000000000000000000000000000000000000000
EMAT 6 15 1 -0.062500000000000000000000000000000000000000000000000 
-0.062500000000000000000000000000000000000000000000000
EMAT 6 16 1 -0.062500000000000000000000000000000000000000000000000 
-0.062500000000000000000000000000000000000000000000000
EMAT 6 17 1 -0.062500000000000000000000000000000000000000000000000 
-0.062500000000000000000000000000000000000000000000000
EMAT 6 18 1 -0.062500000000000000000000000000000000000000000000000 
-0.062500000000000000000000000000000000000000000000000
EMAT 6 19 1 -0.062500000000000000000000000000000000000000000000000 
-0.062500000000000000000000000000000000000000000000000
EMAT 6 20 1 -0.062500000000000000000000000000000000000000000000000 
-0.062500000000000000000000000000000000000000000000000
EMAT 6 21 1 -0.062500000000000000000000000000000000000000000000000 
-0.062500000000000000000000000000000000000000000000000
EMAT 6 22 1 -0.062500000000000000000000000000000000000000000000000 
-0.062500000000000000000000000000000000000000000000000
EMAT 6 23 1 -0.062500000000000000000000000000000000000000000000000 
-0.062500000000000000000000000000000000000000000000000
EMAT 6 24 1 -0.062500000000000000000000000000000000000000000000000 
-0.062500000000000000000000000000000000000000000000000
EMAT 6 25 1 -0.062500000000000000000000000000000000000000000000000 
-0.062500000000000000000000000000000000000000000000000
EMAT 6 26 1 -0.062500000000000000000000000000000000000000000000000 
-0.062500000000000000000000000000000000000000000000000
EMAT 6 27 1 -0.062500000000000000000000000000000000000000000000000 
-0.062500000000000000000000000000000000000000000000000
EMAT 6 28 1 -0.062500000000000000000000000000000000000000000000000 
-0.062500000000000000000000000000000000000000000000000
EMAT 6 29 1 -0.062500000000000000000000000000000000000000000000000 
-0.062500000000000000000000000000000000000000000000000
EMAT 6 30 1 -0.062500000000000000000000000000000000000000000000000 
-0.062500000000000000000000000000000000000000000000000
EMAT 6 31 1 -0.062500000000000000000000000000000000000000000000000 
-0.062500000000000000000000000000000000000000000000000
EMAT 6 32 1 -0.062500000000000000000000000000000000000000000000000 
-0.062500000000000000000000000000000000000000000000000
EMAT 6 33 1 -0.062500000000000000000000000000000000000000000000000 
-0.062500000000000000000000000000000000000000000000000
EMAT 6 34 1 -0.062500000000000000000000000000000000000000000000000 
-0.062500000000000000000000000000000000000000000000000
EMAT 6 35 1 -0.062500000000000000000000000000000000000000000000000 
-0.062500000000000000000000000000000000000000000000000
EMAT 6 36 1 -0.062500000000000000000000000000000000000000000000000 
-0.062500000000000000000000000000000000000000000000000
EMAT 6 37 1 -0.062500000000000000000000000000000000000000000000000 
-0.062500000000000000000000000000000000000000000000000
EMAT 6 38 1 -0.062500000000000000000000000000000000000000000000000 
-0.062500000000000000000000000000000000000000000000000
EMAT 6 39 1 -0.062500000000000000000000000000000000000000000000000 
-0.062500000000000000000000000000000000000000000000000
EMAT 6 40 1 -0.062500000000000000000000000000000000000000000000000 
-0.062500000000000000000000000000000000000000000000000
EMAT 6 41 1 -0.062500000000000000000000000000000000000000000000000 
-0.062500000000000000000000000000000000000000000000000
EMAT 6 42 1 -0.062500000000000000000000000000000000000000000000000 
-0.062500000000000000000000000000000000000000000000000
EMAT 6 43 1 -0.062500000000000000000000000000000000000000000000000 
-0.062500000000000000000000000000000000000000000000000
EMAT 6 44 1 -0.062500000000000000000000000000000000000000000000000 
-0.062500000000000000000000000000000000000000000000000
EMAT 6 45 1 -0.062500000000000000000000000000000000000000000000000 
-0.062500000000000000000000000000000000000000000000000
EMAT 6 46 1 -0.062500000000000000000000000000000000000000000000000 
-0.062500000000000000000000000000000000000000000000000
EMAT 6 47 1 -0.062500000000000000000000000000000000000000000000000 
-0.062500000000000000000000000000000000000000000000000
EMAT 6 48 1 -0.062500000000000000000000000000000000000000000000000 
-0.062500000000000000000000000000000000000000000000000
EMAT 6 49 1 -0.062500000000000000000000000000000000000000000000000 
-0.062500000000000000000000000000000000000000000000000
EMAT 6 50 1 -0.062500000000000000000000000000000000000000000000000 
-0.062500000000000000000000000000000000000000000000000
EMAT 6 51 1 -0.062500000000000000000000000000000000000000000000000 
-0.062500000000000000000000000000000000000000000000000
EMAT 6 52 1 -0.062500000000000000000000000000000000000000000000000 
-0.062500000000000000000000000000000000000000000000000
EMAT 6 53 1 -0.062500000000000000000000000000000000000000000000000 
-0.062500000000000000000000000000000000000000000000000
EMAT 6 54 1 -0.062500000000000000000000000000000000000000000000000 
-0.062500000000000000000000000000000000000000000000000
EMAT 6 55 1 -0.062500000000000000000000000000000000000000000000000 
-0.062500000000000000000000000000000000000000000000000
EMAT 6 56 1 -0.062500000000000000000000000000000000000000000000000 
-0.062500000000000000000000000000000000000000000000000
EMAT 6 57 1 -0.062500000000000000000000000000000000000000000000000 
-0.062500000000000000000000000000000000000000000000000
EMAT 6 58 1 -0.062500000000000000000000000000000000000000000000000 
-0.062500000000000000000000000000000000000000000000000
EMAT 6 59 1 -0.062500000000000000000000000000000000000000000000000 
-0.062500000000000000000000000000000000000000000000000
EMAT 6 60 1 -0.062500000000000000000000000000000000000000000000000 
-0.062500000000000000000000000000000000000000000000000
EMAT 6 61 1 -0.062500000000000000000000000000000000000000000000000 
-0.062500000000000000000000000000000000000000000000000
EMAT 6 62 1 -0.062500000000000000000000000000000000000000000000000 
-0.062500000000000000000000000000000000000000000000000
EMAT 6 63 1 -0.062500000000000000000000000000000000000000000000000 
-0.062500000000000000000000000000000000000000000000000
EMAT 6 64 1 -0.062500000000000000000000000000000000000000000000000 
-0.062500000000000000000000000000000000000000000000000
EMAT 6 65 1 -0.062500000000000000000000000000000000000000000000000 
-0.062500000000000000000000000000000000000000000000000
EMAT 6 66 1 -0.062500000000000000000000000000000000000000000000000 
-0.062500000000000000000000000000000000000000000000000
EMAT 6 67 1 -0.062500000000000000000000000000000000000000000000000 
-0.062500000000000000000000000000000000000000000000000
EMAT 6 68 1 -0.062500000000000000000000000000000000000000000000000 
-0.062500000000000000000000000000000000000000000000000
EMAT 6 69 1 -0.062500000000000000000000000000000000000000000000000 
-0.062500000000000000000000000000000000000000000000000
EMAT 6 70 1 -0.062500000000000000000000000000000000000000000000000 
-0.062500000000000000000000000000000000000000000000000
EMAT 6 71 1 -0.062500000000000000000000000000000000000000000000000 
-0.062500000000000000000000000000000000000000000000000
EMAT 6 72 1 -0.062500000000000000000000000000000000000000000000000 
-0.062500000000000000000000000000000000000000000000000
EMAT 6 73 1 -0.062500000000000000000000000000000000000000000000000 
-0.062500000000000000000000000000000000000000000000000
EMAT 6 74 1 -0.062500000000000000000000000000000000000000000000000 
-0.062500000000000000000000000000000000000000000000000
EMAT 6 75 1 -0.062500000000000000000000000000000000000000000000000 
-0.062500000000000000000000000000000000000000000000000
EMAT 6 76 1 -0.062500000000000000000000000000000000000000000000000 
-0.062500000000000000000000000000000000000000000000000
EMAT 6 77 1 -0.062500000000000000000000000000000000000000000000000 
-0.062500000000000000000000000000000000000000000000000
EMAT 6 78 1 -0.062500000000000000000000000000000000000000000000000 
-0.062500000000000000000000000000000000000000000000000
EMAT 6 79 1 -0.062500000000000000000000000000000000000000000000000 
-0.062500000000000000000000000000000000000000000000000
EMAT 6 80 1 -0.062500000000000000000000000000000000000000000000000 
-0.062500000000000000000000000000000000000000000000000
EMAT 6 81 1 -0.062500000000000000000000000000000000000000000000000 
-0.062500000000000000000000000000000000000000000000000
EMAT 6 82 1 -0.062500000000000000000000000000000000000000000000000 
-0.062500000000000000000000000000000000000000000000000
EMAT 6 83 1 -0.062500000000000000000000000000000000000000000000000 
-0.062500000000000000000000000000000000000000000000000
EMAT 6 84 1 -0.062500000000000000000000000000000000000000000000000 
-0.062500000000000000000000000000000000000000000000000
EMAT 6 85 1 -0.062500000000000000000000000000000000000000000000000 
-0.062500000000000000000000000000000000000000000000000
EMAT 6 86 1 -0.062500000000000000000000000000000000000000000000000 
-0.062500000000000000000000000000000000000000000000000
EMAT 6 87 1 -0.062500000000000000000000000000000000000000000000000 
-0.062500000000000000000000000000000000000000000000000
EMAT 6 88 1 -0.062500000000000000000000000000000000000000000000000 
-0.062500000000000000000000000000000000000000000000000
EMAT 6 89 1 -0.062500000000000000000000000000000000000000000000000 
-0.062500000000000000000000000000000000000000000000000
EMAT 6 90 1 -0.062500000000000000000000000000000000000000000000000 
-0.062500000000000000000000000000000000000000000000000
EMAT 6 91 1 -0.062500000000000000000000000000000000000000000000000 
-0.062500000000000000000000000000000000000000000000000
EMAT 6 92 1 -0.062500000000000000000000000000000000000000000000000 
-0.062500000000000000000000000000000000000000000000000
EMAT 6 93 1 -0.062500000000000000000000000000000000000000000000000 
-0.062500000000000000000000000000000000000000000000000
EMAT 6 94 1 -0.062500000000000000000000000000000000000000000000000 
-0.062500000000000000000000000000000000000000000000000
EMAT 6 95 1 -0.062500000000000000000000000000000000000000000000000 
-0.062500000000000000000000000000000000000000000000000
EMAT 6 96 1 -0.062500000000000000000000000000000000000000000000000 
-0.062500000000000000000000000000000000000000000000000
EMAT 6 97 1 -0.062500000000000000000000000000000000000000000000000 
-0.062500000000000000000000000000000000000000000000000
EMAT 6 98 1 -0.062500000000000000000000000000000000000000000000000 
-0.062500000000000000000000000000000000000000000000000
EMAT 6 99 1 -0.062500000000000000000000000000000000000000000000000 
-0.062500000000000000000000000000000000000000000000000
EMAT 6 100 1 -0.062500000000000000000000000000000000000000000000000 
-0.062500000000000000000000000000000000000000000000000
EMAT 6 101 1 -0.062500000000000000000000000000000000000000000000000 
-0.062500000000000000000000000000000000000000000000000
EMAT 6 102 1 -0.062500000000000000000000000000000000000000000000000 
-0.062500000000000000000000000000000000000000000000000
EMAT 6 103 1 -0.062500000000000000000000000000000000000000000000000 
-0.062500000000000000000000000000000000000000000000000
EMAT 6 104 1 -0.062500000000000000000000000000000000000000000000000 
-0.062500000000000000000000000000000000000000000000000
EMAT 6 105 1 -0.062500000000000000000000000000000000000000000000000 
-0.062500000000000000000000000000000000000000000000000
EMAT 6 106 1 -0.062500000000000000000000000000000000000000000000000 
-0.062500000000000000000000000000000000000000000000000
EMAT 6 107 1 -0.062500000000000000000000000000000000000000000000000 
-0.062500000000000000000000000000000000000000000000000
EMAT 6 108 1 -0.062500000000000000000000000000000000000000000000000 
-0.062500000000000000000000000000000000000000000000000
EMAT 6 109 1 -0.062500000000000000000000000000000000000000000000000 
-0.062500000000000000000000000000000000000000000000000
EMAT 6 110 1 -0.062500000000000000000000000000000000000000000000000 
-0.062500000000000000000000000000000000000000000000000
EMAT 6 111 1 -0.062500000000000000000000000000000000000000000000000 
-0.062500000000000000000000000000000000000000000000000
EMAT 6 112 1 -0.062500000000000000000000000000000000000000000000000 
-0.062500000000000000000000000000000000000000000000000
EMAT 6 113 1 -0.062500000000000000000000000000000000000000000000000 
-0.062500000000000000000000000000000000000000000000000
EMAT 6 114 1 -0.062500000000000000000000000000000000000000000000000 
-0.062500000000000000000000000000000000000000000000000
EMAT 6 115 1 -0.062500000000000000000000000000000000000000000000000 
-0.062500000000000000000000000000000000000000000000000
EMAT 6 116 1 -0.062500000000000000000000000000000000000000000000000 
-0.062500000000000000000000000000000000000000000000000
EMAT 6 117 1 -0.062500000000000000000000000000000000000000000000000 
-0.062500000000000000000000000000000000000000000000000
EMAT 6 118 1 -0.062500000000000000000000000000000000000000000000000 
-0.062500000000000000000000000000000000000000000000000
EMAT 6 119 1 -0.062500000000000000000000000000000000000000000000000 
-0.062500000000000000000000000000000000000000000000000
EMAT 6 120 1 -0.062500000000000000000000000000000000000000000000000 
-0.062500000000000000000000000000000000000000000000000
EMAT 6 121 1 -0.062500000000000000000000000000000000000000000000000 
-0.062500000000000000000000000000000000000000000000000
EMAT 6 122 1 -0.062500000000000000000000000000000000000000000000000 
-0.062500000000000000000000000000000000000000000000000
EMAT 6 123 1 -0.062500000000000000000000000000000000000000000000000 
-0.062500000000000000000000000000000000000000000000000
EMAT 6 124 1 -0.062500000000000000000000000000000000000000000000000 
-0.062500000000000000000000000000000000000000000000000
EMAT 6 125 1 -0.062500000000000000000000000000000000000000000000000 
-0.062500000000000000000000000000000000000000000000000
EMAT 6 126 1 -0.062500000000000000000000000000000000000000000000000 
-0.062500000000000000000000000000000000000000000000000
EMAT 6 127 1 -0.062500000000000000000000000000000000000000000000000 
-0.062500000000000000000000000000000000000000000000000
EMAT 6 128 1 -0.062500000000000000000000000000000000000000000000000 
-0.062500000000000000000000000000000000000000000000000
EMAT 6 129 1 -0.062500000000000000000000000000000000000000000000000 
-0.062500000000000000000000000000000000000000000000000
EMAT 6 130 1 -0.062500000000000000000000000000000000000000000000000 
-0.062500000000000000000000000000000000000000000000000
EMAT 6 131 1 -0.062500000000000000000000000000000000000000000000000 
-0.062500000000000000000000000000000000000000000000000
EMAT 6 132 1 -0.062500000000000000000000000000000000000000000000000 
-0.062500000000000000000000000000000000000000000000000
EMAT 6 133 1 -0.062500000000000000000000000000000000000000000000000 
-0.062500000000000000000000000000000000000000000000000
EMAT 6 167 3 0.062500000000000000000000000000000000000000000000000 
-0.062500000000000000000000000000000000000000000000000
EMAT 6 168 3 0.062500000000000000000000000000000000000000000000000 
-0.062500000000000000000000000000000000000000000000000
EMAT 6 169 3 0.062500000000000000000000000000000000000000000000000 
-0.062500000000000000000000000000000000000000000000000
EMAT 6 170 3 0.062500000000000000000000000000000000000000000000000 
-0.062500000000000000000000000000000000000000000000000
EMAT 6 171 3 0.062500000000000000000000000000000000000000000000000 
-0.062500000000000000000000000000000000000000000000000
EMAT 6 172 3 0.062500000000000000000000000000000000000000000000000 
-0.062500000000000000000000000000000000000000000000000
EMAT 6 173 3 0.062500000000000000000000000000000000000000000000000 
-0.062500000000000000000000000000000000000000000000000
EMAT 6 174 3 0.062500000000000000000000000000000000000000000000000 
-0.062500000000000000000000000000000000000000000000000
EMAT 6 175 3 0.062500000000000000000000000000000000000000000000000 
-0.062500000000000000000000000000000000000000000000000
EMAT 6 176 3 0.062500000000000000000000000000000000000000000000000 
-0.062500000000000000000000000000000000000000000000000
EMAT 6 177 3 0.062500000000000000000000000000000000000000000000000 
-0.062500000000000000000000000000000000000000000000000
EMAT 6 178 3 0.062500000000000000000000000000000000000000000000000 
-0.062500000000000000000000000000000000000000000000000
EMAT 6 179 3 0.062500000000000000000000000000000000000000000000000 
-0.062500000000000000000000000000000000000000000000000
EMAT 6 180 3 0.062500000000000000000000000000000000000000000000000 
-0.062500000000000000000000000000000000000000000000000
EMAT 6 181 3 0.062500000000000000000000000000000000000000000000000 
-0.062500000000000000000000000000000000000000000000000
EMAT 6 182 3 0.062500000000000000000000000000000000000000000000000 
-0.062500000000000000000000000000000000000000000000000
EMAT 6 183 3 0.062500000000000000000000000000000000000000000000000 
-0.062500000000000000000000000000000000000000000000000
EMAT 6 184 3 0.062500000000000000000000000000000000000000000000000 
-0.062500000000000000000000000000000000000000000000000
EMAT 6 185 3 0.062500000000000000000000000000000000000000000000000 
-0.062500000000000000000000000000000000000000000000000
EMAT 6 186 3 0.062500000000000000000000000000000000000000000000000 
-0.062500000000000000000000000000000000000000000000000
EMAT 6 187 3 0.062500000000000000000000000000000000000000000000000 
-0.062500000000000000000000000000000000000000000000000
EMAT 6 188 3 0.062500000000000000000000000000000000000000000000000 
-0.062500000000000000000000000000000000000000000000000
EMAT 6 189 3 0.062500000000000000000000000000000000000000000000000 
-0.062500000000000000000000000000000000000000000000000
EMAT 6 190 3 0.062500000000000000000000000000000000000000000000000 
-0.062500000000000000000000000000000000000000000000000
EMAT 6 191 3 0.062500000000000000000000000000000000000000000000000 
-0.062500000000000000000000000000000000000000000000000
EMAT 6 192 3 0.062500000000000000000000000000000000000000000000000 
-0.062500000000000000000000000000000000000000000000000
EMAT 6 193 3 0.062500000000000000000000000000000000000000000000000 
-0.062500000000000000000000000000000000000000000000000
EMAT 6 194 3 0.062500000000000000000000000000000000000000000000000 
-0.062500000000000000000000000000000000000000000000000
EMAT 6 195 3 0.062500000000000000000000000000000000000000000000000 
-0.062500000000000000000000000000000000000000000000000
EMAT 6 196 3 0.062500000000000000000000000000000000000000000000000 
-0.062500000000000000000000000000000000000000000000000
EMAT 6 197 3 0.062500000000000000000000000000000000000000000000000 
-0.062500000000000000000000000000000000000000000000000
EMAT 6 198 3 0.062500000000000000000000000000000000000000000000000 
-0.062500000000000000000000000000000000000000000000000
EMAT 6 199 3 0.062500000000000000000000000000000000000000000000000 
-0.062500000000000000000000000000000000000000000000000
EMAT 6 200 3 0.062500000000000000000000000000000000000000000000000 
-0.062500000000000000000000000000000000000000000000000
EMAT 6 201 3 0.062500000000000000000000000000000000000000000000000 
-0.062500000000000000000000000000000000000000000000000
EMAT 6 202 3 0.062500000000000000000000000000000000000000000000000 
-0.062500000000000000000000000000000000000000000000000
EMAT 6 203 3 0.062500000000000000000000000000000000000000000000000 
-0.062500000000000000000000000000000000000000000000000
EMAT 6 204 3 0.062500000000000000000000000000000000000000000000000 
-0.062500000000000000000000000000000000000000000000000
EMAT 6 205 3 0.062500000000000000000000000000000000000000000000000 
-0.062500000000000000000000000000000000000000000000000
EMAT 6 206 3 0.062500000000000000000000000000000000000000000000000 
-0.062500000000000000000000000000000000000000000000000
EMAT 6 207 3 0.062500000000000000000000000000000000000000000000000 
-0.062500000000000000000000000000000000000000000000000
EMAT 6 208 3 0.062500000000000000000000000000000000000000000000000 
-0.062500000000000000000000000000000000000000000000000
EMAT 6 209 3 0.062500000000000000000000000000000000000000000000000 
-0.062500000000000000000000000000000000000000000000000
EMAT 6 210 3 0.062500000000000000000000000000000000000000000000000 
-0.062500000000000000000000000000000000000000000000000
EMAT 6 255 11 0.062500000000000000000000000000000000000000000000000 
-0.062500000000000000000000000000000000000000000000000
EMAT 6 256 11 -0.062500000000000000000000000000000000000000000000000 
0.062500000000000000000000000000000000000000000000000
EMAT 6 257 11 0.062500000000000000000000000000000000000000000000000 
-0.062500000000000000000000000000000000000000000000000
EMAT 6 258 11 0.062500000000000000000000000000000000000000000000000 
-0.062500000000000000000000000000000000000000000000000
EMAT 6 259 11 -0.062500000000000000000000000000000000000000000000000 
0.062500000000000000000000000000000000000000000000000
EMAT 6 260 11 -0.062500000000000000000000000000000000000000000000000 
0.062500000000000000000000000000000000000000000000000
EMAT 6 261 11 0.062500000000000000000000000000000000000000000000000 
-0.062500000000000000000000000000000000000000000000000
EMAT 6 262 11 0.062500000000000000000000000000000000000000000000000 
-0.062500000000000000000000000000000000000000000000000
EMAT 6 263 11 0.062500000000000000000000000000000000000000000000000 
-0.062500000000000000000000000000000000000000000000000
EMAT 6 264 11 0.062500000000000000000000000000000000000000000000000 
-0.062500000000000000000000000000000000000000000000000
EMAT 6 265 11 0.062500000000000000000000000000000000000000000000000 
-0.062500000000000000000000000000000000000000000000000
EMAT 6 266 11 0.062500000000000000000000000000000000000000000000000 
-0.062500000000000000000000000000000000000000000000000
EMAT 6 267 12 -1.0000000000000000000000000000000000000000000000000 
2.3427793324368259707964751504213846507644493527525E-78
EMAT 6 268 12 1.0000000000000000000000000000000000000000000000000 
4.8977845620085752230836739104836728823347952026976E-78
EMAT 6 269 12 -5.5665805098592539832729922636821685914298368128532E-79 
1.0000000000000000000000000000000000000000000000000
EMAT 6 270 12 -2.0676660393195940106343664741708204268397799326855E-79 
1.0000000000000000000000000000000000000000000000000
EMAT 6 271 12 -1.0000000000000000000000000000000000000000000000000 
4.0669196052199172367182848502104052561589374140406E-78
EMAT 6 272 12 1.0000000000000000000000000000000000000000000000000 
2.0242657473429769199979574310972351285965680946375E-77
EMAT 6 273 12 -4.1409653487827847100350124723822932204793011495209E-77 
1.0000000000000000000000000000000000000000000000000
EMAT 6 274 12 -1.0000000000000000000000000000000000000000000000000 
-1.0245266794222489197971046973720991332963113686162E-77
EMAT 6 275 12 3.9735507576696744801900056468845492286537045551269E-77 
1.0000000000000000000000000000000000000000000000000
EMAT 6 276 12 -1.0000000000000000000000000000000000000000000000000 
-1.6763254759339985453497573413416316622921352902154E-77
EMAT 6 277 12 7.8585165258838050710444459182514810249828829022718E-77 
1.0000000000000000000000000000000000000000000000000
EMAT 6 281 33 0.062500000000000000000000000000000000000000000000000 
0.062500000000000000000000000000000000000000000000000
EMAT 6 282 33 0.062500000000000000000000000000000000000000000000000 
0.062500000000000000000000000000000000000000000000000
EMAT 6 283 33 0.062500000000000000000000000000000000000000000000000 
0.062500000000000000000000000000000000000000000000000
EMAT 6 284 33 -0.062500000000000000000000000000000000000000000000000 
-0.062500000000000000000000000000000000000000000000000
EMAT 7 1 132 1.0000000000000000000000000000000000000000000000000 
-1.5371852946247697807375789675055137864651063277655E-81
EMAT 7 2 1 -0.055555555555555555555555555555555555555555555555555 
-0.055555555555555555555555555555555555555555555555555
EMAT 7 3 1 -0.055555555555555555555555555555555555555555555555555 
-0.055555555555555555555555555555555555555555555555555
EMAT 7 4 1 -0.055555555555555555555555555555555555555555555555555 
-0.055555555555555555555555555555555555555555555555555
EMAT 7 5 1 -0.055555555555555555555555555555555555555555555555555 
-0.055555555555555555555555555555555555555555555555555
EMAT 7 6 1 -0.055555555555555555555555555555555555555555555555555 
-0.055555555555555555555555555555555555555555555555555
EMAT 7 7 1 -0.055555555555555555555555555555555555555555555555555 
-0.055555555555555555555555555555555555555555555555555
EMAT 7 8 1 -0.055555555555555555555555555555555555555555555555555 
-0.055555555555555555555555555555555555555555555555555
EMAT 7 9 1 -0.055555555555555555555555555555555555555555555555555 
-0.055555555555555555555555555555555555555555555555555
EMAT 7 10 1 -0.055555555555555555555555555555555555555555555555555 
-0.055555555555555555555555555555555555555555555555555
EMAT 7 11 1 -0.055555555555555555555555555555555555555555555555555 
-0.055555555555555555555555555555555555555555555555555
EMAT 7 12 1 -0.055555555555555555555555555555555555555555555555555 
-0.055555555555555555555555555555555555555555555555555
EMAT 7 13 1 -0.055555555555555555555555555555555555555555555555555 
-0.055555555555555555555555555555555555555555555555555
EMAT 7 14 1 -0.055555555555555555555555555555555555555555555555555 
-0.055555555555555555555555555555555555555555555555555
EMAT 7 15 1 -0.055555555555555555555555555555555555555555555555555 
-0.055555555555555555555555555555555555555555555555555
EMAT 7 16 1 -0.055555555555555555555555555555555555555555555555555 
-0.055555555555555555555555555555555555555555555555555
EMAT 7 17 1 -0.055555555555555555555555555555555555555555555555555 
-0.055555555555555555555555555555555555555555555555555
EMAT 7 18 1 -0.055555555555555555555555555555555555555555555555555 
-0.055555555555555555555555555555555555555555555555555
EMAT 7 19 1 -0.055555555555555555555555555555555555555555555555555 
-0.055555555555555555555555555555555555555555555555555
EMAT 7 20 1 -0.055555555555555555555555555555555555555555555555555 
-0.055555555555555555555555555555555555555555555555555
EMAT 7 21 1 -0.055555555555555555555555555555555555555555555555555 
-0.055555555555555555555555555555555555555555555555555
EMAT 7 22 1 -0.055555555555555555555555555555555555555555555555555 
-0.055555555555555555555555555555555555555555555555555
EMAT 7 23 1 -0.055555555555555555555555555555555555555555555555555 
-0.055555555555555555555555555555555555555555555555555
EMAT 7 24 1 -0.055555555555555555555555555555555555555555555555555 
-0.055555555555555555555555555555555555555555555555555
EMAT 7 25 1 -0.055555555555555555555555555555555555555555555555555 
-0.055555555555555555555555555555555555555555555555555
EMAT 7 26 1 -0.055555555555555555555555555555555555555555555555555 
-0.055555555555555555555555555555555555555555555555555
EMAT 7 27 1 -0.055555555555555555555555555555555555555555555555555 
-0.055555555555555555555555555555555555555555555555555
EMAT 7 28 1 -0.055555555555555555555555555555555555555555555555555 
-0.055555555555555555555555555555555555555555555555555
EMAT 7 29 1 -0.055555555555555555555555555555555555555555555555555 
-0.055555555555555555555555555555555555555555555555555
EMAT 7 30 1 -0.055555555555555555555555555555555555555555555555555 
-0.055555555555555555555555555555555555555555555555555
EMAT 7 31 1 -0.055555555555555555555555555555555555555555555555555 
-0.055555555555555555555555555555555555555555555555555
EMAT 7 32 1 -0.055555555555555555555555555555555555555555555555555 
-0.055555555555555555555555555555555555555555555555555
EMAT 7 33 1 -0.055555555555555555555555555555555555555555555555555 
-0.055555555555555555555555555555555555555555555555555
EMAT 7 34 1 -0.055555555555555555555555555555555555555555555555555 
-0.055555555555555555555555555555555555555555555555555
EMAT 7 35 1 -0.055555555555555555555555555555555555555555555555555 
-0.055555555555555555555555555555555555555555555555555
EMAT 7 36 1 -0.055555555555555555555555555555555555555555555555555 
-0.055555555555555555555555555555555555555555555555555
EMAT 7 37 1 -0.055555555555555555555555555555555555555555555555555 
-0.055555555555555555555555555555555555555555555555555
EMAT 7 38 1 -0.055555555555555555555555555555555555555555555555555 
-0.055555555555555555555555555555555555555555555555555
EMAT 7 39 1 -0.055555555555555555555555555555555555555555555555555 
-0.055555555555555555555555555555555555555555555555555
EMAT 7 40 1 -0.055555555555555555555555555555555555555555555555555 
-0.055555555555555555555555555555555555555555555555555
EMAT 7 41 1 -0.055555555555555555555555555555555555555555555555555 
-0.055555555555555555555555555555555555555555555555555
EMAT 7 42 1 -0.055555555555555555555555555555555555555555555555555 
-0.055555555555555555555555555555555555555555555555555
EMAT 7 43 1 -0.055555555555555555555555555555555555555555555555555 
-0.055555555555555555555555555555555555555555555555555
EMAT 7 44 1 -0.055555555555555555555555555555555555555555555555555 
-0.055555555555555555555555555555555555555555555555555
EMAT 7 45 1 -0.055555555555555555555555555555555555555555555555555 
-0.055555555555555555555555555555555555555555555555555
EMAT 7 46 1 -0.055555555555555555555555555555555555555555555555555 
-0.055555555555555555555555555555555555555555555555555
EMAT 7 47 1 -0.055555555555555555555555555555555555555555555555555 
-0.055555555555555555555555555555555555555555555555555
EMAT 7 48 1 -0.055555555555555555555555555555555555555555555555555 
-0.055555555555555555555555555555555555555555555555555
EMAT 7 49 1 -0.055555555555555555555555555555555555555555555555555 
-0.055555555555555555555555555555555555555555555555555
EMAT 7 50 1 -0.055555555555555555555555555555555555555555555555555 
-0.055555555555555555555555555555555555555555555555555
EMAT 7 51 1 -0.055555555555555555555555555555555555555555555555555 
-0.055555555555555555555555555555555555555555555555555
EMAT 7 52 1 -0.055555555555555555555555555555555555555555555555555 
-0.055555555555555555555555555555555555555555555555555
EMAT 7 53 1 -0.055555555555555555555555555555555555555555555555555 
-0.055555555555555555555555555555555555555555555555555
EMAT 7 54 1 -0.055555555555555555555555555555555555555555555555555 
-0.055555555555555555555555555555555555555555555555555
EMAT 7 55 1 -0.055555555555555555555555555555555555555555555555555 
-0.055555555555555555555555555555555555555555555555555
EMAT 7 56 1 -0.055555555555555555555555555555555555555555555555555 
-0.055555555555555555555555555555555555555555555555555
EMAT 7 57 1 -0.055555555555555555555555555555555555555555555555555 
-0.055555555555555555555555555555555555555555555555555
EMAT 7 58 1 -0.055555555555555555555555555555555555555555555555555 
-0.055555555555555555555555555555555555555555555555555
EMAT 7 59 1 -0.055555555555555555555555555555555555555555555555555 
-0.055555555555555555555555555555555555555555555555555
EMAT 7 60 1 -0.055555555555555555555555555555555555555555555555555 
-0.055555555555555555555555555555555555555555555555555
EMAT 7 61 1 -0.055555555555555555555555555555555555555555555555555 
-0.055555555555555555555555555555555555555555555555555
EMAT 7 62 1 -0.055555555555555555555555555555555555555555555555555 
-0.055555555555555555555555555555555555555555555555555
EMAT 7 63 1 -0.055555555555555555555555555555555555555555555555555 
-0.055555555555555555555555555555555555555555555555555
EMAT 7 64 1 -0.055555555555555555555555555555555555555555555555555 
-0.055555555555555555555555555555555555555555555555555
EMAT 7 65 1 -0.055555555555555555555555555555555555555555555555555 
-0.055555555555555555555555555555555555555555555555555
EMAT 7 66 1 -0.055555555555555555555555555555555555555555555555555 
-0.055555555555555555555555555555555555555555555555555
EMAT 7 67 1 -0.055555555555555555555555555555555555555555555555555 
-0.055555555555555555555555555555555555555555555555555
EMAT 7 68 1 -0.055555555555555555555555555555555555555555555555555 
-0.055555555555555555555555555555555555555555555555555
EMAT 7 69 1 -0.055555555555555555555555555555555555555555555555555 
-0.055555555555555555555555555555555555555555555555555
EMAT 7 70 1 -0.055555555555555555555555555555555555555555555555555 
-0.055555555555555555555555555555555555555555555555555
EMAT 7 71 1 -0.055555555555555555555555555555555555555555555555555 
-0.055555555555555555555555555555555555555555555555555
EMAT 7 72 1 -0.055555555555555555555555555555555555555555555555555 
-0.055555555555555555555555555555555555555555555555555
EMAT 7 73 1 -0.055555555555555555555555555555555555555555555555555 
-0.055555555555555555555555555555555555555555555555555
EMAT 7 74 1 -0.055555555555555555555555555555555555555555555555555 
-0.055555555555555555555555555555555555555555555555555
EMAT 7 75 1 -0.055555555555555555555555555555555555555555555555555 
-0.055555555555555555555555555555555555555555555555555
EMAT 7 76 1 -0.055555555555555555555555555555555555555555555555555 
-0.055555555555555555555555555555555555555555555555555
EMAT 7 77 1 -0.055555555555555555555555555555555555555555555555555 
-0.055555555555555555555555555555555555555555555555555
EMAT 7 78 1 -0.055555555555555555555555555555555555555555555555555 
-0.055555555555555555555555555555555555555555555555555
EMAT 7 79 1 -0.055555555555555555555555555555555555555555555555555 
-0.055555555555555555555555555555555555555555555555555
EMAT 7 80 1 -0.055555555555555555555555555555555555555555555555555 
-0.055555555555555555555555555555555555555555555555555
EMAT 7 81 1 -0.055555555555555555555555555555555555555555555555555 
-0.055555555555555555555555555555555555555555555555555
EMAT 7 82 1 -0.055555555555555555555555555555555555555555555555555 
-0.055555555555555555555555555555555555555555555555555
EMAT 7 83 1 -0.055555555555555555555555555555555555555555555555555 
-0.055555555555555555555555555555555555555555555555555
EMAT 7 84 1 -0.055555555555555555555555555555555555555555555555555 
-0.055555555555555555555555555555555555555555555555555
EMAT 7 85 1 -0.055555555555555555555555555555555555555555555555555 
-0.055555555555555555555555555555555555555555555555555
EMAT 7 86 1 -0.055555555555555555555555555555555555555555555555555 
-0.055555555555555555555555555555555555555555555555555
EMAT 7 87 1 -0.055555555555555555555555555555555555555555555555555 
-0.055555555555555555555555555555555555555555555555555
EMAT 7 88 1 -0.055555555555555555555555555555555555555555555555555 
-0.055555555555555555555555555555555555555555555555555
EMAT 7 89 1 -0.055555555555555555555555555555555555555555555555555 
-0.055555555555555555555555555555555555555555555555555
EMAT 7 90 1 -0.055555555555555555555555555555555555555555555555555 
-0.055555555555555555555555555555555555555555555555555
EMAT 7 91 1 -0.055555555555555555555555555555555555555555555555555 
-0.055555555555555555555555555555555555555555555555555
EMAT 7 92 1 -0.055555555555555555555555555555555555555555555555555 
-0.055555555555555555555555555555555555555555555555555
EMAT 7 93 1 -0.055555555555555555555555555555555555555555555555555 
-0.055555555555555555555555555555555555555555555555555
EMAT 7 94 1 -0.055555555555555555555555555555555555555555555555555 
-0.055555555555555555555555555555555555555555555555555
EMAT 7 95 1 -0.055555555555555555555555555555555555555555555555555 
-0.055555555555555555555555555555555555555555555555555
EMAT 7 96 1 -0.055555555555555555555555555555555555555555555555555 
-0.055555555555555555555555555555555555555555555555555
EMAT 7 97 1 -0.055555555555555555555555555555555555555555555555555 
-0.055555555555555555555555555555555555555555555555555
EMAT 7 98 1 -0.055555555555555555555555555555555555555555555555555 
-0.055555555555555555555555555555555555555555555555555
EMAT 7 99 1 -0.055555555555555555555555555555555555555555555555555 
-0.055555555555555555555555555555555555555555555555555
EMAT 7 100 1 -0.055555555555555555555555555555555555555555555555555 
-0.055555555555555555555555555555555555555555555555555
EMAT 7 101 1 -0.055555555555555555555555555555555555555555555555555 
-0.055555555555555555555555555555555555555555555555555
EMAT 7 102 1 -0.055555555555555555555555555555555555555555555555555 
-0.055555555555555555555555555555555555555555555555555
EMAT 7 103 1 -0.055555555555555555555555555555555555555555555555555 
-0.055555555555555555555555555555555555555555555555555
EMAT 7 104 1 -0.055555555555555555555555555555555555555555555555555 
-0.055555555555555555555555555555555555555555555555555
EMAT 7 105 1 -0.055555555555555555555555555555555555555555555555555 
-0.055555555555555555555555555555555555555555555555555
EMAT 7 106 1 -0.055555555555555555555555555555555555555555555555555 
-0.055555555555555555555555555555555555555555555555555
EMAT 7 107 1 -0.055555555555555555555555555555555555555555555555555 
-0.055555555555555555555555555555555555555555555555555
EMAT 7 108 1 -0.055555555555555555555555555555555555555555555555555 
-0.055555555555555555555555555555555555555555555555555
EMAT 7 109 1 -0.055555555555555555555555555555555555555555555555555 
-0.055555555555555555555555555555555555555555555555555
EMAT 7 110 1 -0.055555555555555555555555555555555555555555555555555 
-0.055555555555555555555555555555555555555555555555555
EMAT 7 111 1 -0.055555555555555555555555555555555555555555555555555 
-0.055555555555555555555555555555555555555555555555555
EMAT 7 112 1 -0.055555555555555555555555555555555555555555555555555 
-0.055555555555555555555555555555555555555555555555555
EMAT 7 113 1 -0.055555555555555555555555555555555555555555555555555 
-0.055555555555555555555555555555555555555555555555555
EMAT 7 114 1 -0.055555555555555555555555555555555555555555555555555 
-0.055555555555555555555555555555555555555555555555555
EMAT 7 115 1 -0.055555555555555555555555555555555555555555555555555 
-0.055555555555555555555555555555555555555555555555555
EMAT 7 116 1 -0.055555555555555555555555555555555555555555555555555 
-0.055555555555555555555555555555555555555555555555555
EMAT 7 117 1 -0.055555555555555555555555555555555555555555555555555 
-0.055555555555555555555555555555555555555555555555555
EMAT 7 118 1 -0.055555555555555555555555555555555555555555555555555 
-0.055555555555555555555555555555555555555555555555555
EMAT 7 119 1 -0.055555555555555555555555555555555555555555555555555 
-0.055555555555555555555555555555555555555555555555555
EMAT 7 120 1 -0.055555555555555555555555555555555555555555555555555 
-0.055555555555555555555555555555555555555555555555555
EMAT 7 121 1 -0.055555555555555555555555555555555555555555555555555 
-0.055555555555555555555555555555555555555555555555555
EMAT 7 122 1 -0.055555555555555555555555555555555555555555555555555 
-0.055555555555555555555555555555555555555555555555555
EMAT 7 123 1 -0.055555555555555555555555555555555555555555555555555 
-0.055555555555555555555555555555555555555555555555555
EMAT 7 124 1 -0.055555555555555555555555555555555555555555555555555 
-0.055555555555555555555555555555555555555555555555555
EMAT 7 125 1 -0.055555555555555555555555555555555555555555555555555 
-0.055555555555555555555555555555555555555555555555555
EMAT 7 126 1 -0.055555555555555555555555555555555555555555555555555 
-0.055555555555555555555555555555555555555555555555555
EMAT 7 127 1 -0.055555555555555555555555555555555555555555555555555 
-0.055555555555555555555555555555555555555555555555555
EMAT 7 128 1 -0.055555555555555555555555555555555555555555555555555 
-0.055555555555555555555555555555555555555555555555555
EMAT 7 129 1 -0.055555555555555555555555555555555555555555555555555 
-0.055555555555555555555555555555555555555555555555555
EMAT 7 130 1 -0.055555555555555555555555555555555555555555555555555 
-0.055555555555555555555555555555555555555555555555555
EMAT 7 131 1 -0.055555555555555555555555555555555555555555555555555 
-0.055555555555555555555555555555555555555555555555555
EMAT 7 132 1 -0.055555555555555555555555555555555555555555555555555 
-0.055555555555555555555555555555555555555555555555555
EMAT 7 133 1 -0.055555555555555555555555555555555555555555555555555 
-0.055555555555555555555555555555555555555555555555555
EMAT 7 211 4 0.11111111111111111111111111111111111111111111111111 
-1.5183225541516098219884747162711067491187844775903E-80
EMAT 7 212 4 -1.3387513856666336589029460130419611020473070898398E-80 
-0.11111111111111111111111111111111111111111111111111
EMAT 7 213 4 0.11111111111111111111111111111111111111111111111111 
3.6172145469267191277475924899927690352904195874945E-80
EMAT 7 214 4 7.7061923652188530875747525434999278491897490115503E-80 
-0.11111111111111111111111111111111111111111111111111
EMAT 7 215 4 0.11111111111111111111111111111111111111111111111111 
-9.6140001416672147733897690475102417153467703628484E-80
EMAT 7 216 4 -4.1910643694942440718183482116430105501612438468567E-80 
-0.11111111111111111111111111111111111111111111111111
EMAT 7 217 4 0.11111111111111111111111111111111111111111111111111 
1.8102215769963273123705137199194522894794108762834E-80
EMAT 7 218 4 -2.7322723156212161476671313858928919056115260602689E-79 
-0.11111111111111111111111111111111111111111111111111
EMAT 7 219 4 0.11111111111111111111111111111111111111111111111111 
-1.2491984704822865197535259088163626270109700806276E-79
EMAT 7 220 4 -5.2035446805997130285178506672393401586471176955663E-80 
-0.11111111111111111111111111111111111111111111111111
EMAT 7 221 4 0.11111111111111111111111111111111111111111111111111 
-2.3940358231335338745493466535030610822845875889714E-79
EMAT 7 222 4 -2.2845277104005522360573043858972931490505242048729E-79 
-0.11111111111111111111111111111111111111111111111111
EMAT 7 223 4 0.11111111111111111111111111111111111111111111111111 
-3.6163539442466121063100433321247528651539366263770E-79
EMAT 7 224 4 5.8030945039369382123012730801600586698371253989927E-79 
-0.11111111111111111111111111111111111111111111111111
EMAT 7 225 4 0.11111111111111111111111111111111111111111111111111 
2.2869725648917945181790871273148698108151958498477E-79
EMAT 7 226 4 8.0128921503319830949748223611776495720215383159500E-80 
-0.11111111111111111111111111111111111111111111111111
EMAT 7 227 4 0.11111111111111111111111111111111111111111111111111 
-2.3446264012011499462045533875392481593465759729574E-79
EMAT 7 228 4 -1.1752979562988913442796615836100124843910816676111E-79 
-0.11111111111111111111111111111111111111111111111111
EMAT 7 229 4 0.11111111111111111111111111111111111111111111111111 
-9.4561266305772001733362776824444032786491611342237E-79
EMAT 7 230 4 -2.7559970659013361859373826220412275588333679926063E-79 
-0.11111111111111111111111111111111111111111111111111
EMAT 7 231 4 0.11111111111111111111111111111111111111111111111111 
7.4143908396077506241496192039369604666418936861596E-79
EMAT 7 232 4 -1.1466081581700261748838644239690903923780662675063E-78 
-0.11111111111111111111111111111111111111111111111111
EMAT 7 233 4 0.11111111111111111111111111111111111111111111111111 
-1.4151265256665607618292100534618280900839230032279E-80
EMAT 7 234 4 9.4547426925494597254604509990713088299883668139986E-79 
-0.11111111111111111111111111111111111111111111111111
EMAT 7 235 4 0.11111111111111111111111111111111111111111111111111 
-1.8342282046261785158339887899524513644367758262577E-80
EMAT 7 236 4 -1.0105607991064583146619966598048230133110494316051E-78 
-0.11111111111111111111111111111111111111111111111111
EMAT 7 237 4 0.11111111111111111111111111111111111111111111111111 
1.3974043864489811402896340565544992867117234528817E-78
EMAT 7 238 4 -1.5556128144667893977390877073146790763052883844490E-78 
-0.11111111111111111111111111111111111111111111111111
EMAT 7 239 4 0.11111111111111111111111111111111111111111111111111 
-2.2621671699121057997383745083654156234354109458110E-79
EMAT 7 240 4 -1.4201006583528977040822630529168712475422394615465E-78 
-0.11111111111111111111111111111111111111111111111111
EMAT 7 241 4 0.11111111111111111111111111111111111111111111111111 
1.5793449692496119811192791180582056256314202357591E-78
EMAT 7 242 4 -4.2439119500345964385410216198135242116527674684545E-79 
-0.11111111111111111111111111111111111111111111111111
EMAT 7 243 4 0.11111111111111111111111111111111111111111111111111 
-2.3917020248113133478102550460410648959106137375169E-78
EMAT 7 255 11 0.055555555555555555555555555555555555555555555555555 
-0.055555555555555555555555555555555555555555555555555
EMAT 7 256 11 -0.055555555555555555555555555555555555555555555555555 
0.055555555555555555555555555555555555555555555555555
EMAT 7 257 11 0.055555555555555555555555555555555555555555555555555 
-0.055555555555555555555555555555555555555555555555555
EMAT 7 258 11 0.055555555555555555555555555555555555555555555555555 
-0.055555555555555555555555555555555555555555555555555
EMAT 7 259 11 -0.055555555555555555555555555555555555555555555555555 
0.055555555555555555555555555555555555555555555555555
EMAT 7 260 11 -0.055555555555555555555555555555555555555555555555555 
0.055555555555555555555555555555555555555555555555555
EMAT 7 261 11 0.055555555555555555555555555555555555555555555555555 
-0.055555555555555555555555555555555555555555555555555
EMAT 7 262 11 0.055555555555555555555555555555555555555555555555555 
-0.055555555555555555555555555555555555555555555555555
EMAT 7 263 11 0.055555555555555555555555555555555555555555555555555 
-0.055555555555555555555555555555555555555555555555555
EMAT 7 264 11 0.055555555555555555555555555555555555555555555555555 
-0.055555555555555555555555555555555555555555555555555
EMAT 7 265 11 0.055555555555555555555555555555555555555555555555555 
-0.055555555555555555555555555555555555555555555555555
EMAT 7 266 11 0.055555555555555555555555555555555555555555555555555 
-0.055555555555555555555555555555555555555555555555555
EMAT 7 267 12 -1.0000000000000000000000000000000000000000000000000 
2.7734957275852042003436141293826429913730413063779E-79
EMAT 7 268 12 1.0000000000000000000000000000000000000000000000000 
-3.1229020493194806180461727083481638217969494229529E-78
EMAT 7 269 12 -3.4761325477874653682126266770740018947857999565467E-78 
1.0000000000000000000000000000000000000000000000000
EMAT 7 270 12 -2.7100842749411854115575502551069128115633330975528E-78 
1.0000000000000000000000000000000000000000000000000
EMAT 7 271 12 -1.0000000000000000000000000000000000000000000000000 
1.9104333810580901701999862766608362635660558797951E-77
EMAT 7 272 12 1.0000000000000000000000000000000000000000000000000 
1.5993526754199237373943360194241483936217633769285E-77
EMAT 7 273 12 -4.5346702926286796621956431226023453034446443043344E-77 
1.0000000000000000000000000000000000000000000000000
EMAT 7 274 12 -1.0000000000000000000000000000000000000000000000000 
-5.2783545289085576539198996396316475078575481076439E-78
EMAT 7 275 12 6.0494167328255827279004694672396729729196843995417E-77 
1.0000000000000000000000000000000000000000000000000
EMAT 7 276 12 -1.0000000000000000000000000000000000000000000000000 
-4.6198474730025396666547606103447269667305030098133E-77
EMAT 7 277 12 1.0819214116393005932249531227897443107258739803035E-76 
1.0000000000000000000000000000000000000000000000000
EMAT 7 285 44 0.11111111111111111111111111111111111111111111111111 
-3.2783827193214467231586626297554388368915808787884E-79
EMAT 7 286 44 1.4593142517198086375565579478748179534689284551400E-78 
-0.11111111111111111111111111111111111111111111111111
EMAT 7 287 44 0.11111111111111111111111111111111111111111111111111 
1.4373279953688099149010708201227690667697722451007E-78
EMAT 8 2 1 -0.020833333333333333333333333333333333333333333333333 
-0.020833333333333333333333333333333333333333333333333
EMAT 8 3 1 -0.020833333333333333333333333333333333333333333333333 
-0.020833333333333333333333333333333333333333333333333
EMAT 8 4 1 -0.020833333333333333333333333333333333333333333333333 
-0.020833333333333333333333333333333333333333333333333
EMAT 8 5 1 -0.020833333333333333333333333333333333333333333333333 
-0.020833333333333333333333333333333333333333333333333
EMAT 8 6 1 -0.020833333333333333333333333333333333333333333333333 
-0.020833333333333333333333333333333333333333333333333
EMAT 8 7 1 -0.020833333333333333333333333333333333333333333333333 
-0.020833333333333333333333333333333333333333333333333
EMAT 8 8 1 -0.020833333333333333333333333333333333333333333333333 
-0.020833333333333333333333333333333333333333333333333
EMAT 8 9 1 -0.020833333333333333333333333333333333333333333333333 
-0.020833333333333333333333333333333333333333333333333
EMAT 8 10 1 -0.020833333333333333333333333333333333333333333333333 
-0.020833333333333333333333333333333333333333333333333
EMAT 8 11 1 -0.020833333333333333333333333333333333333333333333333 
-0.020833333333333333333333333333333333333333333333333
EMAT 8 12 1 -0.020833333333333333333333333333333333333333333333333 
-0.020833333333333333333333333333333333333333333333333
EMAT 8 13 1 -0.020833333333333333333333333333333333333333333333333 
-0.020833333333333333333333333333333333333333333333333
EMAT 8 14 1 -0.020833333333333333333333333333333333333333333333333 
-0.020833333333333333333333333333333333333333333333333
EMAT 8 15 1 -0.020833333333333333333333333333333333333333333333333 
-0.020833333333333333333333333333333333333333333333333
EMAT 8 16 1 -0.020833333333333333333333333333333333333333333333333 
-0.020833333333333333333333333333333333333333333333333
EMAT 8 17 1 -0.020833333333333333333333333333333333333333333333333 
-0.020833333333333333333333333333333333333333333333333
EMAT 8 18 1 -0.020833333333333333333333333333333333333333333333333 
-0.020833333333333333333333333333333333333333333333333
EMAT 8 19 1 -0.020833333333333333333333333333333333333333333333333 
-0.020833333333333333333333333333333333333333333333333
EMAT 8 20 1 -0.020833333333333333333333333333333333333333333333333 
-0.020833333333333333333333333333333333333333333333333
EMAT 8 21 1 -0.020833333333333333333333333333333333333333333333333 
-0.020833333333333333333333333333333333333333333333333
EMAT 8 22 1 -0.020833333333333333333333333333333333333333333333333 
-0.020833333333333333333333333333333333333333333333333
EMAT 8 23 1 -0.020833333333333333333333333333333333333333333333333 
-0.020833333333333333333333333333333333333333333333333
EMAT 8 24 1 -0.020833333333333333333333333333333333333333333333333 
-0.020833333333333333333333333333333333333333333333333
EMAT 8 25 1 -0.020833333333333333333333333333333333333333333333333 
-0.020833333333333333333333333333333333333333333333333
EMAT 8 26 1 -0.020833333333333333333333333333333333333333333333333 
-0.020833333333333333333333333333333333333333333333333
EMAT 8 27 1 -0.020833333333333333333333333333333333333333333333333 
-0.020833333333333333333333333333333333333333333333333
EMAT 8 28 1 -0.020833333333333333333333333333333333333333333333333 
-0.020833333333333333333333333333333333333333333333333
EMAT 8 29 1 -0.020833333333333333333333333333333333333333333333333 
-0.020833333333333333333333333333333333333333333333333
EMAT 8 30 1 -0.020833333333333333333333333333333333333333333333333 
-0.020833333333333333333333333333333333333333333333333
EMAT 8 31 1 -0.020833333333333333333333333333333333333333333333333 
-0.020833333333333333333333333333333333333333333333333
EMAT 8 32 1 -0.020833333333333333333333333333333333333333333333333 
-0.020833333333333333333333333333333333333333333333333
EMAT 8 33 1 -0.020833333333333333333333333333333333333333333333333 
-0.020833333333333333333333333333333333333333333333333
EMAT 8 34 1 -0.020833333333333333333333333333333333333333333333333 
-0.020833333333333333333333333333333333333333333333333
EMAT 8 35 1 -0.020833333333333333333333333333333333333333333333333 
-0.020833333333333333333333333333333333333333333333333
EMAT 8 36 1 -0.020833333333333333333333333333333333333333333333333 
-0.020833333333333333333333333333333333333333333333333
EMAT 8 37 1 -0.020833333333333333333333333333333333333333333333333 
-0.020833333333333333333333333333333333333333333333333
EMAT 8 38 1 -0.020833333333333333333333333333333333333333333333333 
-0.020833333333333333333333333333333333333333333333333
EMAT 8 39 1 -0.020833333333333333333333333333333333333333333333333 
-0.020833333333333333333333333333333333333333333333333
EMAT 8 40 1 -0.020833333333333333333333333333333333333333333333333 
-0.020833333333333333333333333333333333333333333333333
EMAT 8 41 1 -0.020833333333333333333333333333333333333333333333333 
-0.020833333333333333333333333333333333333333333333333
EMAT 8 42 1 -0.020833333333333333333333333333333333333333333333333 
-0.020833333333333333333333333333333333333333333333333
EMAT 8 43 1 -0.020833333333333333333333333333333333333333333333333 
-0.020833333333333333333333333333333333333333333333333
EMAT 8 44 1 -0.020833333333333333333333333333333333333333333333333 
-0.020833333333333333333333333333333333333333333333333
EMAT 8 45 1 -0.020833333333333333333333333333333333333333333333333 
-0.020833333333333333333333333333333333333333333333333
EMAT 8 46 1 -0.020833333333333333333333333333333333333333333333333 
-0.020833333333333333333333333333333333333333333333333
EMAT 8 47 1 -0.020833333333333333333333333333333333333333333333333 
-0.020833333333333333333333333333333333333333333333333
EMAT 8 48 1 -0.020833333333333333333333333333333333333333333333333 
-0.020833333333333333333333333333333333333333333333333
EMAT 8 49 1 -0.020833333333333333333333333333333333333333333333333 
-0.020833333333333333333333333333333333333333333333333
EMAT 8 50 1 -0.020833333333333333333333333333333333333333333333333 
-0.020833333333333333333333333333333333333333333333333
EMAT 8 51 1 -0.020833333333333333333333333333333333333333333333333 
-0.020833333333333333333333333333333333333333333333333
EMAT 8 52 1 -0.020833333333333333333333333333333333333333333333333 
-0.020833333333333333333333333333333333333333333333333
EMAT 8 53 1 -0.020833333333333333333333333333333333333333333333333 
-0.020833333333333333333333333333333333333333333333333
EMAT 8 54 1 -0.020833333333333333333333333333333333333333333333333 
-0.020833333333333333333333333333333333333333333333333
EMAT 8 55 1 -0.020833333333333333333333333333333333333333333333333 
-0.020833333333333333333333333333333333333333333333333
EMAT 8 56 1 -0.020833333333333333333333333333333333333333333333333 
-0.020833333333333333333333333333333333333333333333333
EMAT 8 57 1 -0.020833333333333333333333333333333333333333333333333 
-0.020833333333333333333333333333333333333333333333333
EMAT 8 58 1 -0.020833333333333333333333333333333333333333333333333 
-0.020833333333333333333333333333333333333333333333333
EMAT 8 59 1 -0.020833333333333333333333333333333333333333333333333 
-0.020833333333333333333333333333333333333333333333333
EMAT 8 60 1 -0.020833333333333333333333333333333333333333333333333 
-0.020833333333333333333333333333333333333333333333333
EMAT 8 61 1 -0.020833333333333333333333333333333333333333333333333 
-0.020833333333333333333333333333333333333333333333333
EMAT 8 62 1 -0.020833333333333333333333333333333333333333333333333 
-0.020833333333333333333333333333333333333333333333333
EMAT 8 63 1 -0.020833333333333333333333333333333333333333333333333 
-0.020833333333333333333333333333333333333333333333333
EMAT 8 64 1 -0.020833333333333333333333333333333333333333333333333 
-0.020833333333333333333333333333333333333333333333333
EMAT 8 65 1 -0.020833333333333333333333333333333333333333333333333 
-0.020833333333333333333333333333333333333333333333333
EMAT 8 66 1 -0.020833333333333333333333333333333333333333333333333 
-0.020833333333333333333333333333333333333333333333333
EMAT 8 67 1 -0.020833333333333333333333333333333333333333333333333 
-0.020833333333333333333333333333333333333333333333333
EMAT 8 68 1 -0.020833333333333333333333333333333333333333333333333 
-0.020833333333333333333333333333333333333333333333333
EMAT 8 69 1 -0.020833333333333333333333333333333333333333333333333 
-0.020833333333333333333333333333333333333333333333333
EMAT 8 70 1 -0.020833333333333333333333333333333333333333333333333 
-0.020833333333333333333333333333333333333333333333333
EMAT 8 71 1 -0.020833333333333333333333333333333333333333333333333 
-0.020833333333333333333333333333333333333333333333333
EMAT 8 72 1 -0.020833333333333333333333333333333333333333333333333 
-0.020833333333333333333333333333333333333333333333333
EMAT 8 73 1 -0.020833333333333333333333333333333333333333333333333 
-0.020833333333333333333333333333333333333333333333333
EMAT 8 74 1 -0.020833333333333333333333333333333333333333333333333 
-0.020833333333333333333333333333333333333333333333333
EMAT 8 75 1 -0.020833333333333333333333333333333333333333333333333 
-0.020833333333333333333333333333333333333333333333333
EMAT 8 76 1 -0.020833333333333333333333333333333333333333333333333 
-0.020833333333333333333333333333333333333333333333333
EMAT 8 77 1 -0.020833333333333333333333333333333333333333333333333 
-0.020833333333333333333333333333333333333333333333333
EMAT 8 78 1 -0.020833333333333333333333333333333333333333333333333 
-0.020833333333333333333333333333333333333333333333333
EMAT 8 79 1 -0.020833333333333333333333333333333333333333333333333 
-0.020833333333333333333333333333333333333333333333333
EMAT 8 80 1 -0.020833333333333333333333333333333333333333333333333 
-0.020833333333333333333333333333333333333333333333333
EMAT 8 81 1 -0.020833333333333333333333333333333333333333333333333 
-0.020833333333333333333333333333333333333333333333333
EMAT 8 82 1 -0.020833333333333333333333333333333333333333333333333 
-0.020833333333333333333333333333333333333333333333333
EMAT 8 83 1 -0.020833333333333333333333333333333333333333333333333 
-0.020833333333333333333333333333333333333333333333333
EMAT 8 84 1 -0.020833333333333333333333333333333333333333333333333 
-0.020833333333333333333333333333333333333333333333333
EMAT 8 85 1 -0.020833333333333333333333333333333333333333333333333 
-0.020833333333333333333333333333333333333333333333333
EMAT 8 86 1 -0.020833333333333333333333333333333333333333333333333 
-0.020833333333333333333333333333333333333333333333333
EMAT 8 87 1 -0.020833333333333333333333333333333333333333333333333 
-0.020833333333333333333333333333333333333333333333333
EMAT 8 88 1 -0.020833333333333333333333333333333333333333333333333 
-0.020833333333333333333333333333333333333333333333333
EMAT 8 89 1 -0.020833333333333333333333333333333333333333333333333 
-0.020833333333333333333333333333333333333333333333333
EMAT 8 90 1 -0.020833333333333333333333333333333333333333333333333 
-0.020833333333333333333333333333333333333333333333333
EMAT 8 91 1 -0.020833333333333333333333333333333333333333333333333 
-0.020833333333333333333333333333333333333333333333333
EMAT 8 92 1 -0.020833333333333333333333333333333333333333333333333 
-0.020833333333333333333333333333333333333333333333333
EMAT 8 93 1 -0.020833333333333333333333333333333333333333333333333 
-0.020833333333333333333333333333333333333333333333333
EMAT 8 94 1 -0.020833333333333333333333333333333333333333333333333 
-0.020833333333333333333333333333333333333333333333333
EMAT 8 95 1 -0.020833333333333333333333333333333333333333333333333 
-0.020833333333333333333333333333333333333333333333333
EMAT 8 96 1 -0.020833333333333333333333333333333333333333333333333 
-0.020833333333333333333333333333333333333333333333333
EMAT 8 97 1 -0.020833333333333333333333333333333333333333333333333 
-0.020833333333333333333333333333333333333333333333333
EMAT 8 98 1 -0.020833333333333333333333333333333333333333333333333 
-0.020833333333333333333333333333333333333333333333333
EMAT 8 99 1 -0.020833333333333333333333333333333333333333333333333 
-0.020833333333333333333333333333333333333333333333333
EMAT 8 100 1 -0.020833333333333333333333333333333333333333333333333 
-0.020833333333333333333333333333333333333333333333333
EMAT 8 101 1 -0.020833333333333333333333333333333333333333333333333 
-0.020833333333333333333333333333333333333333333333333
EMAT 8 102 1 -0.020833333333333333333333333333333333333333333333333 
-0.020833333333333333333333333333333333333333333333333
EMAT 8 103 1 -0.020833333333333333333333333333333333333333333333333 
-0.020833333333333333333333333333333333333333333333333
EMAT 8 104 1 -0.020833333333333333333333333333333333333333333333333 
-0.020833333333333333333333333333333333333333333333333
EMAT 8 105 1 -0.020833333333333333333333333333333333333333333333333 
-0.020833333333333333333333333333333333333333333333333
EMAT 8 106 1 -0.020833333333333333333333333333333333333333333333333 
-0.020833333333333333333333333333333333333333333333333
EMAT 8 107 1 -0.020833333333333333333333333333333333333333333333333 
-0.020833333333333333333333333333333333333333333333333
EMAT 8 108 1 -0.020833333333333333333333333333333333333333333333333 
-0.020833333333333333333333333333333333333333333333333
EMAT 8 109 1 -0.020833333333333333333333333333333333333333333333333 
-0.020833333333333333333333333333333333333333333333333
EMAT 8 110 1 -0.020833333333333333333333333333333333333333333333333 
-0.020833333333333333333333333333333333333333333333333
EMAT 8 111 1 -0.020833333333333333333333333333333333333333333333333 
-0.020833333333333333333333333333333333333333333333333
EMAT 8 112 1 -0.020833333333333333333333333333333333333333333333333 
-0.020833333333333333333333333333333333333333333333333
EMAT 8 113 1 -0.020833333333333333333333333333333333333333333333333 
-0.020833333333333333333333333333333333333333333333333
EMAT 8 114 1 -0.020833333333333333333333333333333333333333333333333 
-0.020833333333333333333333333333333333333333333333333
EMAT 8 115 1 -0.020833333333333333333333333333333333333333333333333 
-0.020833333333333333333333333333333333333333333333333
EMAT 8 116 1 -0.020833333333333333333333333333333333333333333333333 
-0.020833333333333333333333333333333333333333333333333
EMAT 8 117 1 -0.020833333333333333333333333333333333333333333333333 
-0.020833333333333333333333333333333333333333333333333
EMAT 8 118 1 -0.020833333333333333333333333333333333333333333333333 
-0.020833333333333333333333333333333333333333333333333
EMAT 8 119 1 -0.020833333333333333333333333333333333333333333333333 
-0.020833333333333333333333333333333333333333333333333
EMAT 8 120 1 -0.020833333333333333333333333333333333333333333333333 
-0.020833333333333333333333333333333333333333333333333
EMAT 8 121 1 -0.020833333333333333333333333333333333333333333333333 
-0.020833333333333333333333333333333333333333333333333
EMAT 8 122 1 -0.020833333333333333333333333333333333333333333333333 
-0.020833333333333333333333333333333333333333333333333
EMAT 8 123 1 -0.020833333333333333333333333333333333333333333333333 
-0.020833333333333333333333333333333333333333333333333
EMAT 8 124 1 -0.020833333333333333333333333333333333333333333333333 
-0.020833333333333333333333333333333333333333333333333
EMAT 8 125 1 -0.020833333333333333333333333333333333333333333333333 
-0.020833333333333333333333333333333333333333333333333
EMAT 8 126 1 -0.020833333333333333333333333333333333333333333333333 
-0.020833333333333333333333333333333333333333333333333
EMAT 8 127 1 -0.020833333333333333333333333333333333333333333333333 
-0.020833333333333333333333333333333333333333333333333
EMAT 8 128 1 -0.020833333333333333333333333333333333333333333333333 
-0.020833333333333333333333333333333333333333333333333
EMAT 8 129 1 -0.020833333333333333333333333333333333333333333333333 
-0.020833333333333333333333333333333333333333333333333
EMAT 8 130 1 -0.020833333333333333333333333333333333333333333333333 
-0.020833333333333333333333333333333333333333333333333
EMAT 8 131 1 -0.020833333333333333333333333333333333333333333333333 
-0.020833333333333333333333333333333333333333333333333
EMAT 8 132 1 -0.020833333333333333333333333333333333333333333333333 
-0.020833333333333333333333333333333333333333333333333
EMAT 8 133 1 -0.020833333333333333333333333333333333333333333333333 
-0.020833333333333333333333333333333333333333333333333
EMAT 8 167 3 -0.062500000000000000000000000000000000000000000000000 
0.062500000000000000000000000000000000000000000000000
EMAT 8 168 3 -0.062500000000000000000000000000000000000000000000000 
0.062500000000000000000000000000000000000000000000000
EMAT 8 169 3 -0.062500000000000000000000000000000000000000000000000 
0.062500000000000000000000000000000000000000000000000
EMAT 8 170 3 -0.062500000000000000000000000000000000000000000000000 
0.062500000000000000000000000000000000000000000000000
EMAT 8 171 3 -0.062500000000000000000000000000000000000000000000000 
0.062500000000000000000000000000000000000000000000000
EMAT 8 172 3 -0.062500000000000000000000000000000000000000000000000 
0.062500000000000000000000000000000000000000000000000
EMAT 8 173 3 -0.062500000000000000000000000000000000000000000000000 
0.062500000000000000000000000000000000000000000000000
EMAT 8 174 3 -0.062500000000000000000000000000000000000000000000000 
0.062500000000000000000000000000000000000000000000000
EMAT 8 175 3 -0.062500000000000000000000000000000000000000000000000 
0.062500000000000000000000000000000000000000000000000
EMAT 8 176 3 -0.062500000000000000000000000000000000000000000000000 
0.062500000000000000000000000000000000000000000000000
EMAT 8 177 3 -0.062500000000000000000000000000000000000000000000000 
0.062500000000000000000000000000000000000000000000000
EMAT 8 178 3 -0.062500000000000000000000000000000000000000000000000 
0.062500000000000000000000000000000000000000000000000
EMAT 8 179 3 -0.062500000000000000000000000000000000000000000000000 
0.062500000000000000000000000000000000000000000000000
EMAT 8 180 3 -0.062500000000000000000000000000000000000000000000000 
0.062500000000000000000000000000000000000000000000000
EMAT 8 181 3 -0.062500000000000000000000000000000000000000000000000 
0.062500000000000000000000000000000000000000000000000
EMAT 8 182 3 -0.062500000000000000000000000000000000000000000000000 
0.062500000000000000000000000000000000000000000000000
EMAT 8 183 3 -0.062500000000000000000000000000000000000000000000000 
0.062500000000000000000000000000000000000000000000000
EMAT 8 184 3 -0.062500000000000000000000000000000000000000000000000 
0.062500000000000000000000000000000000000000000000000
EMAT 8 185 3 -0.062500000000000000000000000000000000000000000000000 
0.062500000000000000000000000000000000000000000000000
EMAT 8 186 3 -0.062500000000000000000000000000000000000000000000000 
0.062500000000000000000000000000000000000000000000000
EMAT 8 187 3 -0.062500000000000000000000000000000000000000000000000 
0.062500000000000000000000000000000000000000000000000
EMAT 8 188 3 -0.062500000000000000000000000000000000000000000000000 
0.062500000000000000000000000000000000000000000000000
EMAT 8 189 3 -0.062500000000000000000000000000000000000000000000000 
0.062500000000000000000000000000000000000000000000000
EMAT 8 190 3 -0.062500000000000000000000000000000000000000000000000 
0.062500000000000000000000000000000000000000000000000
EMAT 8 191 3 -0.062500000000000000000000000000000000000000000000000 
0.062500000000000000000000000000000000000000000000000
EMAT 8 192 3 -0.062500000000000000000000000000000000000000000000000 
0.062500000000000000000000000000000000000000000000000
EMAT 8 193 3 -0.062500000000000000000000000000000000000000000000000 
0.062500000000000000000000000000000000000000000000000
EMAT 8 194 3 -0.062500000000000000000000000000000000000000000000000 
0.062500000000000000000000000000000000000000000000000
EMAT 8 195 3 -0.062500000000000000000000000000000000000000000000000 
0.062500000000000000000000000000000000000000000000000
EMAT 8 196 3 -0.062500000000000000000000000000000000000000000000000 
0.062500000000000000000000000000000000000000000000000
EMAT 8 197 3 -0.062500000000000000000000000000000000000000000000000 
0.062500000000000000000000000000000000000000000000000
EMAT 8 198 3 -0.062500000000000000000000000000000000000000000000000 
0.062500000000000000000000000000000000000000000000000
EMAT 8 199 3 -0.062500000000000000000000000000000000000000000000000 
0.062500000000000000000000000000000000000000000000000
EMAT 8 200 3 -0.062500000000000000000000000000000000000000000000000 
0.062500000000000000000000000000000000000000000000000
EMAT 8 201 3 -0.062500000000000000000000000000000000000000000000000 
0.062500000000000000000000000000000000000000000000000
EMAT 8 202 3 -0.062500000000000000000000000000000000000000000000000 
0.062500000000000000000000000000000000000000000000000
EMAT 8 203 3 -0.062500000000000000000000000000000000000000000000000 
0.062500000000000000000000000000000000000000000000000
EMAT 8 204 3 -0.062500000000000000000000000000000000000000000000000 
0.062500000000000000000000000000000000000000000000000
EMAT 8 205 3 -0.062500000000000000000000000000000000000000000000000 
0.062500000000000000000000000000000000000000000000000
EMAT 8 206 3 -0.062500000000000000000000000000000000000000000000000 
0.062500000000000000000000000000000000000000000000000
EMAT 8 207 3 -0.062500000000000000000000000000000000000000000000000 
0.062500000000000000000000000000000000000000000000000
EMAT 8 208 3 -0.062500000000000000000000000000000000000000000000000 
0.062500000000000000000000000000000000000000000000000
EMAT 8 209 3 -0.062500000000000000000000000000000000000000000000000 
0.062500000000000000000000000000000000000000000000000
EMAT 8 210 3 -0.062500000000000000000000000000000000000000000000000 
0.062500000000000000000000000000000000000000000000000
EMAT 8 255 11 0.020833333333333333333333333333333333333333333333333 
-0.020833333333333333333333333333333333333333333333333
EMAT 8 256 11 -0.020833333333333333333333333333333333333333333333333 
0.020833333333333333333333333333333333333333333333333
EMAT 8 257 11 0.020833333333333333333333333333333333333333333333333 
-0.020833333333333333333333333333333333333333333333333
EMAT 8 258 11 0.020833333333333333333333333333333333333333333333333 
-0.020833333333333333333333333333333333333333333333333
EMAT 8 259 11 -0.020833333333333333333333333333333333333333333333333 
0.020833333333333333333333333333333333333333333333333
EMAT 8 260 11 -0.020833333333333333333333333333333333333333333333333 
0.020833333333333333333333333333333333333333333333333
EMAT 8 261 11 0.020833333333333333333333333333333333333333333333333 
-0.020833333333333333333333333333333333333333333333333
EMAT 8 262 11 0.020833333333333333333333333333333333333333333333333 
-0.020833333333333333333333333333333333333333333333333
EMAT 8 263 11 0.020833333333333333333333333333333333333333333333333 
-0.020833333333333333333333333333333333333333333333333
EMAT 8 264 11 0.020833333333333333333333333333333333333333333333333 
-0.020833333333333333333333333333333333333333333333333
EMAT 8 265 11 0.020833333333333333333333333333333333333333333333333 
-0.020833333333333333333333333333333333333333333333333
EMAT 8 266 11 0.020833333333333333333333333333333333333333333333333 
-0.020833333333333333333333333333333333333333333333333
EMAT 8 281 33 -0.062500000000000000000000000000000000000000000000000 
-0.062500000000000000000000000000000000000000000000000
EMAT 8 282 33 -0.062500000000000000000000000000000000000000000000000 
-0.062500000000000000000000000000000000000000000000000
EMAT 8 283 33 -0.062500000000000000000000000000000000000000000000000 
-0.062500000000000000000000000000000000000000000000000
EMAT 8 284 33 0.062500000000000000000000000000000000000000000000000 
0.062500000000000000000000000000000000000000000000000
EMAT 9 2 1 -0.0056818181818181818181818181818181818181818181818182 
-0.0056818181818181818181818181818181818181818181818182
EMAT 9 3 1 -0.0056818181818181818181818181818181818181818181818182 
-0.0056818181818181818181818181818181818181818181818182
EMAT 9 4 1 -0.0056818181818181818181818181818181818181818181818182 
-0.0056818181818181818181818181818181818181818181818182
EMAT 9 5 1 -0.0056818181818181818181818181818181818181818181818182 
-0.0056818181818181818181818181818181818181818181818182
EMAT 9 6 1 -0.0056818181818181818181818181818181818181818181818182 
-0.0056818181818181818181818181818181818181818181818182
EMAT 9 7 1 -0.0056818181818181818181818181818181818181818181818182 
-0.0056818181818181818181818181818181818181818181818182
EMAT 9 8 1 -0.0056818181818181818181818181818181818181818181818182 
-0.0056818181818181818181818181818181818181818181818182
EMAT 9 9 1 -0.0056818181818181818181818181818181818181818181818182 
-0.0056818181818181818181818181818181818181818181818182
EMAT 9 10 1 -0.0056818181818181818181818181818181818181818181818182 
-0.0056818181818181818181818181818181818181818181818182
EMAT 9 11 1 -0.0056818181818181818181818181818181818181818181818182 
-0.0056818181818181818181818181818181818181818181818182
EMAT 9 12 1 -0.0056818181818181818181818181818181818181818181818182 
-0.0056818181818181818181818181818181818181818181818182
EMAT 9 13 1 -0.0056818181818181818181818181818181818181818181818182 
-0.0056818181818181818181818181818181818181818181818182
EMAT 9 14 1 -0.0056818181818181818181818181818181818181818181818182 
-0.0056818181818181818181818181818181818181818181818182
EMAT 9 15 1 -0.0056818181818181818181818181818181818181818181818182 
-0.0056818181818181818181818181818181818181818181818182
EMAT 9 16 1 -0.0056818181818181818181818181818181818181818181818182 
-0.0056818181818181818181818181818181818181818181818182
EMAT 9 17 1 -0.0056818181818181818181818181818181818181818181818182 
-0.0056818181818181818181818181818181818181818181818182
EMAT 9 18 1 -0.0056818181818181818181818181818181818181818181818182 
-0.0056818181818181818181818181818181818181818181818182
EMAT 9 19 1 -0.0056818181818181818181818181818181818181818181818182 
-0.0056818181818181818181818181818181818181818181818182
EMAT 9 20 1 -0.0056818181818181818181818181818181818181818181818182 
-0.0056818181818181818181818181818181818181818181818182
EMAT 9 21 1 -0.0056818181818181818181818181818181818181818181818182 
-0.0056818181818181818181818181818181818181818181818182
EMAT 9 22 1 -0.0056818181818181818181818181818181818181818181818182 
-0.0056818181818181818181818181818181818181818181818182
EMAT 9 23 1 -0.0056818181818181818181818181818181818181818181818182 
-0.0056818181818181818181818181818181818181818181818182
EMAT 9 24 1 -0.0056818181818181818181818181818181818181818181818182 
-0.0056818181818181818181818181818181818181818181818182
EMAT 9 25 1 -0.0056818181818181818181818181818181818181818181818182 
-0.0056818181818181818181818181818181818181818181818182
EMAT 9 26 1 -0.0056818181818181818181818181818181818181818181818182 
-0.0056818181818181818181818181818181818181818181818182
EMAT 9 27 1 -0.0056818181818181818181818181818181818181818181818182 
-0.0056818181818181818181818181818181818181818181818182
EMAT 9 28 1 -0.0056818181818181818181818181818181818181818181818182 
-0.0056818181818181818181818181818181818181818181818182
EMAT 9 29 1 -0.0056818181818181818181818181818181818181818181818182 
-0.0056818181818181818181818181818181818181818181818182
EMAT 9 30 1 -0.0056818181818181818181818181818181818181818181818182 
-0.0056818181818181818181818181818181818181818181818182
EMAT 9 31 1 -0.0056818181818181818181818181818181818181818181818182 
-0.0056818181818181818181818181818181818181818181818182
EMAT 9 32 1 -0.0056818181818181818181818181818181818181818181818182 
-0.0056818181818181818181818181818181818181818181818182
EMAT 9 33 1 -0.0056818181818181818181818181818181818181818181818182 
-0.0056818181818181818181818181818181818181818181818182
EMAT 9 34 1 -0.0056818181818181818181818181818181818181818181818182 
-0.0056818181818181818181818181818181818181818181818182
EMAT 9 35 1 -0.0056818181818181818181818181818181818181818181818182 
-0.0056818181818181818181818181818181818181818181818182
EMAT 9 36 1 -0.0056818181818181818181818181818181818181818181818182 
-0.0056818181818181818181818181818181818181818181818182
EMAT 9 37 1 -0.0056818181818181818181818181818181818181818181818182 
-0.0056818181818181818181818181818181818181818181818182
EMAT 9 38 1 -0.0056818181818181818181818181818181818181818181818182 
-0.0056818181818181818181818181818181818181818181818182
EMAT 9 39 1 -0.0056818181818181818181818181818181818181818181818182 
-0.0056818181818181818181818181818181818181818181818182
EMAT 9 40 1 -0.0056818181818181818181818181818181818181818181818182 
-0.0056818181818181818181818181818181818181818181818182
EMAT 9 41 1 -0.0056818181818181818181818181818181818181818181818182 
-0.0056818181818181818181818181818181818181818181818182
EMAT 9 42 1 -0.0056818181818181818181818181818181818181818181818182 
-0.0056818181818181818181818181818181818181818181818182
EMAT 9 43 1 -0.0056818181818181818181818181818181818181818181818182 
-0.0056818181818181818181818181818181818181818181818182
EMAT 9 44 1 -0.0056818181818181818181818181818181818181818181818182 
-0.0056818181818181818181818181818181818181818181818182
EMAT 9 45 1 -0.0056818181818181818181818181818181818181818181818182 
-0.0056818181818181818181818181818181818181818181818182
EMAT 9 46 1 -0.0056818181818181818181818181818181818181818181818182 
-0.0056818181818181818181818181818181818181818181818182
EMAT 9 47 1 -0.0056818181818181818181818181818181818181818181818182 
-0.0056818181818181818181818181818181818181818181818182
EMAT 9 48 1 -0.0056818181818181818181818181818181818181818181818182 
-0.0056818181818181818181818181818181818181818181818182
EMAT 9 49 1 -0.0056818181818181818181818181818181818181818181818182 
-0.0056818181818181818181818181818181818181818181818182
EMAT 9 50 1 -0.0056818181818181818181818181818181818181818181818182 
-0.0056818181818181818181818181818181818181818181818182
EMAT 9 51 1 -0.0056818181818181818181818181818181818181818181818182 
-0.0056818181818181818181818181818181818181818181818182
EMAT 9 52 1 -0.0056818181818181818181818181818181818181818181818182 
-0.0056818181818181818181818181818181818181818181818182
EMAT 9 53 1 -0.0056818181818181818181818181818181818181818181818182 
-0.0056818181818181818181818181818181818181818181818182
EMAT 9 54 1 -0.0056818181818181818181818181818181818181818181818182 
-0.0056818181818181818181818181818181818181818181818182
EMAT 9 55 1 -0.0056818181818181818181818181818181818181818181818182 
-0.0056818181818181818181818181818181818181818181818182
EMAT 9 56 1 -0.0056818181818181818181818181818181818181818181818182 
-0.0056818181818181818181818181818181818181818181818182
EMAT 9 57 1 -0.0056818181818181818181818181818181818181818181818182 
-0.0056818181818181818181818181818181818181818181818182
EMAT 9 58 1 -0.0056818181818181818181818181818181818181818181818182 
-0.0056818181818181818181818181818181818181818181818182
EMAT 9 59 1 -0.0056818181818181818181818181818181818181818181818182 
-0.0056818181818181818181818181818181818181818181818182
EMAT 9 60 1 -0.0056818181818181818181818181818181818181818181818182 
-0.0056818181818181818181818181818181818181818181818182
EMAT 9 61 1 -0.0056818181818181818181818181818181818181818181818182 
-0.0056818181818181818181818181818181818181818181818182
EMAT 9 62 1 -0.0056818181818181818181818181818181818181818181818182 
-0.0056818181818181818181818181818181818181818181818182
EMAT 9 63 1 -0.0056818181818181818181818181818181818181818181818182 
-0.0056818181818181818181818181818181818181818181818182
EMAT 9 64 1 -0.0056818181818181818181818181818181818181818181818182 
-0.0056818181818181818181818181818181818181818181818182
EMAT 9 65 1 -0.0056818181818181818181818181818181818181818181818182 
-0.0056818181818181818181818181818181818181818181818182
EMAT 9 66 1 -0.0056818181818181818181818181818181818181818181818182 
-0.0056818181818181818181818181818181818181818181818182
EMAT 9 67 1 -0.0056818181818181818181818181818181818181818181818182 
-0.0056818181818181818181818181818181818181818181818182
EMAT 9 68 1 -0.0056818181818181818181818181818181818181818181818182 
-0.0056818181818181818181818181818181818181818181818182
EMAT 9 69 1 -0.0056818181818181818181818181818181818181818181818182 
-0.0056818181818181818181818181818181818181818181818182
EMAT 9 70 1 -0.0056818181818181818181818181818181818181818181818182 
-0.0056818181818181818181818181818181818181818181818182
EMAT 9 71 1 -0.0056818181818181818181818181818181818181818181818182 
-0.0056818181818181818181818181818181818181818181818182
EMAT 9 72 1 -0.0056818181818181818181818181818181818181818181818182 
-0.0056818181818181818181818181818181818181818181818182
EMAT 9 73 1 -0.0056818181818181818181818181818181818181818181818182 
-0.0056818181818181818181818181818181818181818181818182
EMAT 9 74 1 -0.0056818181818181818181818181818181818181818181818182 
-0.0056818181818181818181818181818181818181818181818182
EMAT 9 75 1 -0.0056818181818181818181818181818181818181818181818182 
-0.0056818181818181818181818181818181818181818181818182
EMAT 9 76 1 -0.0056818181818181818181818181818181818181818181818182 
-0.0056818181818181818181818181818181818181818181818182
EMAT 9 77 1 -0.0056818181818181818181818181818181818181818181818182 
-0.0056818181818181818181818181818181818181818181818182
EMAT 9 78 1 -0.0056818181818181818181818181818181818181818181818182 
-0.0056818181818181818181818181818181818181818181818182
EMAT 9 79 1 -0.0056818181818181818181818181818181818181818181818182 
-0.0056818181818181818181818181818181818181818181818182
EMAT 9 80 1 -0.0056818181818181818181818181818181818181818181818182 
-0.0056818181818181818181818181818181818181818181818182
EMAT 9 81 1 -0.0056818181818181818181818181818181818181818181818182 
-0.0056818181818181818181818181818181818181818181818182
EMAT 9 82 1 -0.0056818181818181818181818181818181818181818181818182 
-0.0056818181818181818181818181818181818181818181818182
EMAT 9 83 1 -0.0056818181818181818181818181818181818181818181818182 
-0.0056818181818181818181818181818181818181818181818182
EMAT 9 84 1 -0.0056818181818181818181818181818181818181818181818182 
-0.0056818181818181818181818181818181818181818181818182
EMAT 9 85 1 -0.0056818181818181818181818181818181818181818181818182 
-0.0056818181818181818181818181818181818181818181818182
EMAT 9 86 1 -0.0056818181818181818181818181818181818181818181818182 
-0.0056818181818181818181818181818181818181818181818182
EMAT 9 87 1 -0.0056818181818181818181818181818181818181818181818182 
-0.0056818181818181818181818181818181818181818181818182
EMAT 9 88 1 -0.0056818181818181818181818181818181818181818181818182 
-0.0056818181818181818181818181818181818181818181818182
EMAT 9 89 1 -0.0056818181818181818181818181818181818181818181818182 
-0.0056818181818181818181818181818181818181818181818182
EMAT 9 90 1 -0.0056818181818181818181818181818181818181818181818182 
-0.0056818181818181818181818181818181818181818181818182
EMAT 9 91 1 -0.0056818181818181818181818181818181818181818181818182 
-0.0056818181818181818181818181818181818181818181818182
EMAT 9 92 1 -0.0056818181818181818181818181818181818181818181818182 
-0.0056818181818181818181818181818181818181818181818182
EMAT 9 93 1 -0.0056818181818181818181818181818181818181818181818182 
-0.0056818181818181818181818181818181818181818181818182
EMAT 9 94 1 -0.0056818181818181818181818181818181818181818181818182 
-0.0056818181818181818181818181818181818181818181818182
EMAT 9 95 1 -0.0056818181818181818181818181818181818181818181818182 
-0.0056818181818181818181818181818181818181818181818182
EMAT 9 96 1 -0.0056818181818181818181818181818181818181818181818182 
-0.0056818181818181818181818181818181818181818181818182
EMAT 9 97 1 -0.0056818181818181818181818181818181818181818181818182 
-0.0056818181818181818181818181818181818181818181818182
EMAT 9 98 1 -0.0056818181818181818181818181818181818181818181818182 
-0.0056818181818181818181818181818181818181818181818182
EMAT 9 99 1 -0.0056818181818181818181818181818181818181818181818182 
-0.0056818181818181818181818181818181818181818181818182
EMAT 9 100 1 -0.0056818181818181818181818181818181818181818181818182 
-0.0056818181818181818181818181818181818181818181818182
EMAT 9 101 1 -0.0056818181818181818181818181818181818181818181818182 
-0.0056818181818181818181818181818181818181818181818182
EMAT 9 102 1 -0.0056818181818181818181818181818181818181818181818182 
-0.0056818181818181818181818181818181818181818181818182
EMAT 9 103 1 -0.0056818181818181818181818181818181818181818181818182 
-0.0056818181818181818181818181818181818181818181818182
EMAT 9 104 1 -0.0056818181818181818181818181818181818181818181818182 
-0.0056818181818181818181818181818181818181818181818182
EMAT 9 105 1 -0.0056818181818181818181818181818181818181818181818182 
-0.0056818181818181818181818181818181818181818181818182
EMAT 9 106 1 -0.0056818181818181818181818181818181818181818181818182 
-0.0056818181818181818181818181818181818181818181818182
EMAT 9 107 1 -0.0056818181818181818181818181818181818181818181818182 
-0.0056818181818181818181818181818181818181818181818182
EMAT 9 108 1 -0.0056818181818181818181818181818181818181818181818182 
-0.0056818181818181818181818181818181818181818181818182
EMAT 9 109 1 -0.0056818181818181818181818181818181818181818181818182 
-0.0056818181818181818181818181818181818181818181818182
EMAT 9 110 1 -0.0056818181818181818181818181818181818181818181818182 
-0.0056818181818181818181818181818181818181818181818182
EMAT 9 111 1 -0.0056818181818181818181818181818181818181818181818182 
-0.0056818181818181818181818181818181818181818181818182
EMAT 9 112 1 -0.0056818181818181818181818181818181818181818181818182 
-0.0056818181818181818181818181818181818181818181818182
EMAT 9 113 1 -0.0056818181818181818181818181818181818181818181818182 
-0.0056818181818181818181818181818181818181818181818182
EMAT 9 114 1 -0.0056818181818181818181818181818181818181818181818182 
-0.0056818181818181818181818181818181818181818181818182
EMAT 9 115 1 -0.0056818181818181818181818181818181818181818181818182 
-0.0056818181818181818181818181818181818181818181818182
EMAT 9 116 1 -0.0056818181818181818181818181818181818181818181818182 
-0.0056818181818181818181818181818181818181818181818182
EMAT 9 117 1 -0.0056818181818181818181818181818181818181818181818182 
-0.0056818181818181818181818181818181818181818181818182
EMAT 9 118 1 -0.0056818181818181818181818181818181818181818181818182 
-0.0056818181818181818181818181818181818181818181818182
EMAT 9 119 1 -0.0056818181818181818181818181818181818181818181818182 
-0.0056818181818181818181818181818181818181818181818182
EMAT 9 120 1 -0.0056818181818181818181818181818181818181818181818182 
-0.0056818181818181818181818181818181818181818181818182
EMAT 9 121 1 -0.0056818181818181818181818181818181818181818181818182 
-0.0056818181818181818181818181818181818181818181818182
EMAT 9 122 1 -0.0056818181818181818181818181818181818181818181818182 
-0.0056818181818181818181818181818181818181818181818182
EMAT 9 123 1 -0.0056818181818181818181818181818181818181818181818182 
-0.0056818181818181818181818181818181818181818181818182
EMAT 9 124 1 -0.0056818181818181818181818181818181818181818181818182 
-0.0056818181818181818181818181818181818181818181818182
EMAT 9 125 1 -0.0056818181818181818181818181818181818181818181818182 
-0.0056818181818181818181818181818181818181818181818182
EMAT 9 126 1 -0.0056818181818181818181818181818181818181818181818182 
-0.0056818181818181818181818181818181818181818181818182
EMAT 9 127 1 -0.0056818181818181818181818181818181818181818181818182 
-0.0056818181818181818181818181818181818181818181818182
EMAT 9 128 1 -0.0056818181818181818181818181818181818181818181818182 
-0.0056818181818181818181818181818181818181818181818182
EMAT 9 129 1 -0.0056818181818181818181818181818181818181818181818182 
-0.0056818181818181818181818181818181818181818181818182
EMAT 9 130 1 -0.0056818181818181818181818181818181818181818181818182 
-0.0056818181818181818181818181818181818181818181818182
EMAT 9 131 1 -0.0056818181818181818181818181818181818181818181818182 
-0.0056818181818181818181818181818181818181818181818182
EMAT 9 132 1 -0.0056818181818181818181818181818181818181818181818182 
-0.0056818181818181818181818181818181818181818181818182
EMAT 9 133 1 -0.0056818181818181818181818181818181818181818181818182 
-0.0056818181818181818181818181818181818181818181818182
EMAT 9 167 3 0.0056818181818181818181818181818181818181818181818182 
-0.0056818181818181818181818181818181818181818181818182
EMAT 9 168 3 0.0056818181818181818181818181818181818181818181818182 
-0.0056818181818181818181818181818181818181818181818182
EMAT 9 169 3 0.0056818181818181818181818181818181818181818181818182 
-0.0056818181818181818181818181818181818181818181818182
EMAT 9 170 3 0.0056818181818181818181818181818181818181818181818182 
-0.0056818181818181818181818181818181818181818181818182
EMAT 9 171 3 0.0056818181818181818181818181818181818181818181818182 
-0.0056818181818181818181818181818181818181818181818182
EMAT 9 172 3 0.0056818181818181818181818181818181818181818181818182 
-0.0056818181818181818181818181818181818181818181818182
EMAT 9 173 3 0.0056818181818181818181818181818181818181818181818182 
-0.0056818181818181818181818181818181818181818181818182
EMAT 9 174 3 0.0056818181818181818181818181818181818181818181818182 
-0.0056818181818181818181818181818181818181818181818182
EMAT 9 175 3 0.0056818181818181818181818181818181818181818181818182 
-0.0056818181818181818181818181818181818181818181818182
EMAT 9 176 3 0.0056818181818181818181818181818181818181818181818182 
-0.0056818181818181818181818181818181818181818181818182
EMAT 9 177 3 0.0056818181818181818181818181818181818181818181818182 
-0.0056818181818181818181818181818181818181818181818182
EMAT 9 178 3 0.0056818181818181818181818181818181818181818181818182 
-0.0056818181818181818181818181818181818181818181818182
EMAT 9 179 3 0.0056818181818181818181818181818181818181818181818182 
-0.0056818181818181818181818181818181818181818181818182
EMAT 9 180 3 0.0056818181818181818181818181818181818181818181818182 
-0.0056818181818181818181818181818181818181818181818182
EMAT 9 181 3 0.0056818181818181818181818181818181818181818181818182 
-0.0056818181818181818181818181818181818181818181818182
EMAT 9 182 3 0.0056818181818181818181818181818181818181818181818182 
-0.0056818181818181818181818181818181818181818181818182
EMAT 9 183 3 0.0056818181818181818181818181818181818181818181818182 
-0.0056818181818181818181818181818181818181818181818182
EMAT 9 184 3 0.0056818181818181818181818181818181818181818181818182 
-0.0056818181818181818181818181818181818181818181818182
EMAT 9 185 3 0.0056818181818181818181818181818181818181818181818182 
-0.0056818181818181818181818181818181818181818181818182
EMAT 9 186 3 0.0056818181818181818181818181818181818181818181818182 
-0.0056818181818181818181818181818181818181818181818182
EMAT 9 187 3 0.0056818181818181818181818181818181818181818181818182 
-0.0056818181818181818181818181818181818181818181818182
EMAT 9 188 3 0.0056818181818181818181818181818181818181818181818182 
-0.0056818181818181818181818181818181818181818181818182
EMAT 9 189 3 0.0056818181818181818181818181818181818181818181818182 
-0.0056818181818181818181818181818181818181818181818182
EMAT 9 190 3 0.0056818181818181818181818181818181818181818181818182 
-0.0056818181818181818181818181818181818181818181818182
EMAT 9 191 3 0.0056818181818181818181818181818181818181818181818182 
-0.0056818181818181818181818181818181818181818181818182
EMAT 9 192 3 0.0056818181818181818181818181818181818181818181818182 
-0.0056818181818181818181818181818181818181818181818182
EMAT 9 193 3 0.0056818181818181818181818181818181818181818181818182 
-0.0056818181818181818181818181818181818181818181818182
EMAT 9 194 3 0.0056818181818181818181818181818181818181818181818182 
-0.0056818181818181818181818181818181818181818181818182
EMAT 9 195 3 0.0056818181818181818181818181818181818181818181818182 
-0.0056818181818181818181818181818181818181818181818182
EMAT 9 196 3 0.0056818181818181818181818181818181818181818181818182 
-0.0056818181818181818181818181818181818181818181818182
EMAT 9 197 3 0.0056818181818181818181818181818181818181818181818182 
-0.0056818181818181818181818181818181818181818181818182
EMAT 9 198 3 0.0056818181818181818181818181818181818181818181818182 
-0.0056818181818181818181818181818181818181818181818182
EMAT 9 199 3 0.0056818181818181818181818181818181818181818181818182 
-0.0056818181818181818181818181818181818181818181818182
EMAT 9 200 3 0.0056818181818181818181818181818181818181818181818182 
-0.0056818181818181818181818181818181818181818181818182
EMAT 9 201 3 0.0056818181818181818181818181818181818181818181818182 
-0.0056818181818181818181818181818181818181818181818182
EMAT 9 202 3 0.0056818181818181818181818181818181818181818181818182 
-0.0056818181818181818181818181818181818181818181818182
EMAT 9 203 3 0.0056818181818181818181818181818181818181818181818182 
-0.0056818181818181818181818181818181818181818181818182
EMAT 9 204 3 0.0056818181818181818181818181818181818181818181818182 
-0.0056818181818181818181818181818181818181818181818182
EMAT 9 205 3 0.0056818181818181818181818181818181818181818181818182 
-0.0056818181818181818181818181818181818181818181818182
EMAT 9 206 3 0.0056818181818181818181818181818181818181818181818182 
-0.0056818181818181818181818181818181818181818181818182
EMAT 9 207 3 0.0056818181818181818181818181818181818181818181818182 
-0.0056818181818181818181818181818181818181818181818182
EMAT 9 208 3 0.0056818181818181818181818181818181818181818181818182 
-0.0056818181818181818181818181818181818181818181818182
EMAT 9 209 3 0.0056818181818181818181818181818181818181818181818182 
-0.0056818181818181818181818181818181818181818181818182
EMAT 9 210 3 0.0056818181818181818181818181818181818181818181818182 
-0.0056818181818181818181818181818181818181818181818182
EMAT 9 255 11 -0.062500000000000000000000000000000000000000000000000 
0.062500000000000000000000000000000000000000000000000
EMAT 9 256 11 0.062500000000000000000000000000000000000000000000000 
-0.062500000000000000000000000000000000000000000000000
EMAT 9 257 11 -0.062500000000000000000000000000000000000000000000000 
0.062500000000000000000000000000000000000000000000000
EMAT 9 258 11 -0.062500000000000000000000000000000000000000000000000 
0.062500000000000000000000000000000000000000000000000
EMAT 9 259 11 0.062500000000000000000000000000000000000000000000000 
-0.062500000000000000000000000000000000000000000000000
EMAT 9 260 11 0.062500000000000000000000000000000000000000000000000 
-0.062500000000000000000000000000000000000000000000000
EMAT 9 261 11 -0.062500000000000000000000000000000000000000000000000 
0.062500000000000000000000000000000000000000000000000
EMAT 9 262 11 -0.062500000000000000000000000000000000000000000000000 
0.062500000000000000000000000000000000000000000000000
EMAT 9 263 11 -0.062500000000000000000000000000000000000000000000000 
0.062500000000000000000000000000000000000000000000000
EMAT 9 264 11 -0.062500000000000000000000000000000000000000000000000 
0.062500000000000000000000000000000000000000000000000
EMAT 9 265 11 -0.062500000000000000000000000000000000000000000000000 
0.062500000000000000000000000000000000000000000000000
EMAT 9 266 11 -0.062500000000000000000000000000000000000000000000000 
0.062500000000000000000000000000000000000000000000000
EMAT 9 281 33 -0.062500000000000000000000000000000000000000000000000 
-0.062500000000000000000000000000000000000000000000000
EMAT 9 282 33 -0.062500000000000000000000000000000000000000000000000 
-0.062500000000000000000000000000000000000000000000000
EMAT 9 283 33 -0.062500000000000000000000000000000000000000000000000 
-0.062500000000000000000000000000000000000000000000000
EMAT 9 284 33 0.062500000000000000000000000000000000000000000000000 
0.062500000000000000000000000000000000000000000000000
EMAT 10 2 1 -0.0018939393939393939393939393939393939393939393939394 
-0.0018939393939393939393939393939393939393939393939394
EMAT 10 3 1 -0.0018939393939393939393939393939393939393939393939394 
-0.0018939393939393939393939393939393939393939393939394
EMAT 10 4 1 -0.0018939393939393939393939393939393939393939393939394 
-0.0018939393939393939393939393939393939393939393939394
EMAT 10 5 1 -0.0018939393939393939393939393939393939393939393939394 
-0.0018939393939393939393939393939393939393939393939394
EMAT 10 6 1 -0.0018939393939393939393939393939393939393939393939394 
-0.0018939393939393939393939393939393939393939393939394
EMAT 10 7 1 -0.0018939393939393939393939393939393939393939393939394 
-0.0018939393939393939393939393939393939393939393939394
EMAT 10 8 1 -0.0018939393939393939393939393939393939393939393939394 
-0.0018939393939393939393939393939393939393939393939394
EMAT 10 9 1 -0.0018939393939393939393939393939393939393939393939394 
-0.0018939393939393939393939393939393939393939393939394
EMAT 10 10 1 -0.0018939393939393939393939393939393939393939393939394 
-0.0018939393939393939393939393939393939393939393939394
EMAT 10 11 1 -0.0018939393939393939393939393939393939393939393939394 
-0.0018939393939393939393939393939393939393939393939394
EMAT 10 12 1 -0.0018939393939393939393939393939393939393939393939394 
-0.0018939393939393939393939393939393939393939393939394
EMAT 10 13 1 -0.0018939393939393939393939393939393939393939393939394 
-0.0018939393939393939393939393939393939393939393939394
EMAT 10 14 1 -0.0018939393939393939393939393939393939393939393939394 
-0.0018939393939393939393939393939393939393939393939394
EMAT 10 15 1 -0.0018939393939393939393939393939393939393939393939394 
-0.0018939393939393939393939393939393939393939393939394
EMAT 10 16 1 -0.0018939393939393939393939393939393939393939393939394 
-0.0018939393939393939393939393939393939393939393939394
EMAT 10 17 1 -0.0018939393939393939393939393939393939393939393939394 
-0.0018939393939393939393939393939393939393939393939394
EMAT 10 18 1 -0.0018939393939393939393939393939393939393939393939394 
-0.0018939393939393939393939393939393939393939393939394
EMAT 10 19 1 -0.0018939393939393939393939393939393939393939393939394 
-0.0018939393939393939393939393939393939393939393939394
EMAT 10 20 1 -0.0018939393939393939393939393939393939393939393939394 
-0.0018939393939393939393939393939393939393939393939394
EMAT 10 21 1 -0.0018939393939393939393939393939393939393939393939394 
-0.0018939393939393939393939393939393939393939393939394
EMAT 10 22 1 -0.0018939393939393939393939393939393939393939393939394 
-0.0018939393939393939393939393939393939393939393939394
EMAT 10 23 1 -0.0018939393939393939393939393939393939393939393939394 
-0.0018939393939393939393939393939393939393939393939394
EMAT 10 24 1 -0.0018939393939393939393939393939393939393939393939394 
-0.0018939393939393939393939393939393939393939393939394
EMAT 10 25 1 -0.0018939393939393939393939393939393939393939393939394 
-0.0018939393939393939393939393939393939393939393939394
EMAT 10 26 1 -0.0018939393939393939393939393939393939393939393939394 
-0.0018939393939393939393939393939393939393939393939394
EMAT 10 27 1 -0.0018939393939393939393939393939393939393939393939394 
-0.0018939393939393939393939393939393939393939393939394
EMAT 10 28 1 -0.0018939393939393939393939393939393939393939393939394 
-0.0018939393939393939393939393939393939393939393939394
EMAT 10 29 1 -0.0018939393939393939393939393939393939393939393939394 
-0.0018939393939393939393939393939393939393939393939394
EMAT 10 30 1 -0.0018939393939393939393939393939393939393939393939394 
-0.0018939393939393939393939393939393939393939393939394
EMAT 10 31 1 -0.0018939393939393939393939393939393939393939393939394 
-0.0018939393939393939393939393939393939393939393939394
EMAT 10 32 1 -0.0018939393939393939393939393939393939393939393939394 
-0.0018939393939393939393939393939393939393939393939394
EMAT 10 33 1 -0.0018939393939393939393939393939393939393939393939394 
-0.0018939393939393939393939393939393939393939393939394
EMAT 10 34 1 -0.0018939393939393939393939393939393939393939393939394 
-0.0018939393939393939393939393939393939393939393939394
EMAT 10 35 1 -0.0018939393939393939393939393939393939393939393939394 
-0.0018939393939393939393939393939393939393939393939394
EMAT 10 36 1 -0.0018939393939393939393939393939393939393939393939394 
-0.0018939393939393939393939393939393939393939393939394
EMAT 10 37 1 -0.0018939393939393939393939393939393939393939393939394 
-0.0018939393939393939393939393939393939393939393939394
EMAT 10 38 1 -0.0018939393939393939393939393939393939393939393939394 
-0.0018939393939393939393939393939393939393939393939394
EMAT 10 39 1 -0.0018939393939393939393939393939393939393939393939394 
-0.0018939393939393939393939393939393939393939393939394
EMAT 10 40 1 -0.0018939393939393939393939393939393939393939393939394 
-0.0018939393939393939393939393939393939393939393939394
EMAT 10 41 1 -0.0018939393939393939393939393939393939393939393939394 
-0.0018939393939393939393939393939393939393939393939394
EMAT 10 42 1 -0.0018939393939393939393939393939393939393939393939394 
-0.0018939393939393939393939393939393939393939393939394
EMAT 10 43 1 -0.0018939393939393939393939393939393939393939393939394 
-0.0018939393939393939393939393939393939393939393939394
EMAT 10 44 1 -0.0018939393939393939393939393939393939393939393939394 
-0.0018939393939393939393939393939393939393939393939394
EMAT 10 45 1 -0.0018939393939393939393939393939393939393939393939394 
-0.0018939393939393939393939393939393939393939393939394
EMAT 10 46 1 -0.0018939393939393939393939393939393939393939393939394 
-0.0018939393939393939393939393939393939393939393939394
EMAT 10 47 1 -0.0018939393939393939393939393939393939393939393939394 
-0.0018939393939393939393939393939393939393939393939394
EMAT 10 48 1 -0.0018939393939393939393939393939393939393939393939394 
-0.0018939393939393939393939393939393939393939393939394
EMAT 10 49 1 -0.0018939393939393939393939393939393939393939393939394 
-0.0018939393939393939393939393939393939393939393939394
EMAT 10 50 1 -0.0018939393939393939393939393939393939393939393939394 
-0.0018939393939393939393939393939393939393939393939394
EMAT 10 51 1 -0.0018939393939393939393939393939393939393939393939394 
-0.0018939393939393939393939393939393939393939393939394
EMAT 10 52 1 -0.0018939393939393939393939393939393939393939393939394 
-0.0018939393939393939393939393939393939393939393939394
EMAT 10 53 1 -0.0018939393939393939393939393939393939393939393939394 
-0.0018939393939393939393939393939393939393939393939394
EMAT 10 54 1 -0.0018939393939393939393939393939393939393939393939394 
-0.0018939393939393939393939393939393939393939393939394
EMAT 10 55 1 -0.0018939393939393939393939393939393939393939393939394 
-0.0018939393939393939393939393939393939393939393939394
EMAT 10 56 1 -0.0018939393939393939393939393939393939393939393939394 
-0.0018939393939393939393939393939393939393939393939394
EMAT 10 57 1 -0.0018939393939393939393939393939393939393939393939394 
-0.0018939393939393939393939393939393939393939393939394
EMAT 10 58 1 -0.0018939393939393939393939393939393939393939393939394 
-0.0018939393939393939393939393939393939393939393939394
EMAT 10 59 1 -0.0018939393939393939393939393939393939393939393939394 
-0.0018939393939393939393939393939393939393939393939394
EMAT 10 60 1 -0.0018939393939393939393939393939393939393939393939394 
-0.0018939393939393939393939393939393939393939393939394
EMAT 10 61 1 -0.0018939393939393939393939393939393939393939393939394 
-0.0018939393939393939393939393939393939393939393939394
EMAT 10 62 1 -0.0018939393939393939393939393939393939393939393939394 
-0.0018939393939393939393939393939393939393939393939394
EMAT 10 63 1 -0.0018939393939393939393939393939393939393939393939394 
-0.0018939393939393939393939393939393939393939393939394
EMAT 10 64 1 -0.0018939393939393939393939393939393939393939393939394 
-0.0018939393939393939393939393939393939393939393939394
EMAT 10 65 1 -0.0018939393939393939393939393939393939393939393939394 
-0.0018939393939393939393939393939393939393939393939394
EMAT 10 66 1 -0.0018939393939393939393939393939393939393939393939394 
-0.0018939393939393939393939393939393939393939393939394
EMAT 10 67 1 -0.0018939393939393939393939393939393939393939393939394 
-0.0018939393939393939393939393939393939393939393939394
EMAT 10 68 1 -0.0018939393939393939393939393939393939393939393939394 
-0.0018939393939393939393939393939393939393939393939394
EMAT 10 69 1 -0.0018939393939393939393939393939393939393939393939394 
-0.0018939393939393939393939393939393939393939393939394
EMAT 10 70 1 -0.0018939393939393939393939393939393939393939393939394 
-0.0018939393939393939393939393939393939393939393939394
EMAT 10 71 1 -0.0018939393939393939393939393939393939393939393939394 
-0.0018939393939393939393939393939393939393939393939394
EMAT 10 72 1 -0.0018939393939393939393939393939393939393939393939394 
-0.0018939393939393939393939393939393939393939393939394
EMAT 10 73 1 -0.0018939393939393939393939393939393939393939393939394 
-0.0018939393939393939393939393939393939393939393939394
EMAT 10 74 1 -0.0018939393939393939393939393939393939393939393939394 
-0.0018939393939393939393939393939393939393939393939394
EMAT 10 75 1 -0.0018939393939393939393939393939393939393939393939394 
-0.0018939393939393939393939393939393939393939393939394
EMAT 10 76 1 -0.0018939393939393939393939393939393939393939393939394 
-0.0018939393939393939393939393939393939393939393939394
EMAT 10 77 1 -0.0018939393939393939393939393939393939393939393939394 
-0.0018939393939393939393939393939393939393939393939394
EMAT 10 78 1 -0.0018939393939393939393939393939393939393939393939394 
-0.0018939393939393939393939393939393939393939393939394
EMAT 10 79 1 -0.0018939393939393939393939393939393939393939393939394 
-0.0018939393939393939393939393939393939393939393939394
EMAT 10 80 1 -0.0018939393939393939393939393939393939393939393939394 
-0.0018939393939393939393939393939393939393939393939394
EMAT 10 81 1 -0.0018939393939393939393939393939393939393939393939394 
-0.0018939393939393939393939393939393939393939393939394
EMAT 10 82 1 -0.0018939393939393939393939393939393939393939393939394 
-0.0018939393939393939393939393939393939393939393939394
EMAT 10 83 1 -0.0018939393939393939393939393939393939393939393939394 
-0.0018939393939393939393939393939393939393939393939394
EMAT 10 84 1 -0.0018939393939393939393939393939393939393939393939394 
-0.0018939393939393939393939393939393939393939393939394
EMAT 10 85 1 -0.0018939393939393939393939393939393939393939393939394 
-0.0018939393939393939393939393939393939393939393939394
EMAT 10 86 1 -0.0018939393939393939393939393939393939393939393939394 
-0.0018939393939393939393939393939393939393939393939394
EMAT 10 87 1 -0.0018939393939393939393939393939393939393939393939394 
-0.0018939393939393939393939393939393939393939393939394
EMAT 10 88 1 -0.0018939393939393939393939393939393939393939393939394 
-0.0018939393939393939393939393939393939393939393939394
EMAT 10 89 1 -0.0018939393939393939393939393939393939393939393939394 
-0.0018939393939393939393939393939393939393939393939394
EMAT 10 90 1 -0.0018939393939393939393939393939393939393939393939394 
-0.0018939393939393939393939393939393939393939393939394
EMAT 10 91 1 -0.0018939393939393939393939393939393939393939393939394 
-0.0018939393939393939393939393939393939393939393939394
EMAT 10 92 1 -0.0018939393939393939393939393939393939393939393939394 
-0.0018939393939393939393939393939393939393939393939394
EMAT 10 93 1 -0.0018939393939393939393939393939393939393939393939394 
-0.0018939393939393939393939393939393939393939393939394
EMAT 10 94 1 -0.0018939393939393939393939393939393939393939393939394 
-0.0018939393939393939393939393939393939393939393939394
EMAT 10 95 1 -0.0018939393939393939393939393939393939393939393939394 
-0.0018939393939393939393939393939393939393939393939394
EMAT 10 96 1 -0.0018939393939393939393939393939393939393939393939394 
-0.0018939393939393939393939393939393939393939393939394
EMAT 10 97 1 -0.0018939393939393939393939393939393939393939393939394 
-0.0018939393939393939393939393939393939393939393939394
EMAT 10 98 1 -0.0018939393939393939393939393939393939393939393939394 
-0.0018939393939393939393939393939393939393939393939394
EMAT 10 99 1 -0.0018939393939393939393939393939393939393939393939394 
-0.0018939393939393939393939393939393939393939393939394
EMAT 10 100 1 -0.0018939393939393939393939393939393939393939393939394 
-0.0018939393939393939393939393939393939393939393939394
EMAT 10 101 1 -0.0018939393939393939393939393939393939393939393939394 
-0.0018939393939393939393939393939393939393939393939394
EMAT 10 102 1 -0.0018939393939393939393939393939393939393939393939394 
-0.0018939393939393939393939393939393939393939393939394
EMAT 10 103 1 -0.0018939393939393939393939393939393939393939393939394 
-0.0018939393939393939393939393939393939393939393939394
EMAT 10 104 1 -0.0018939393939393939393939393939393939393939393939394 
-0.0018939393939393939393939393939393939393939393939394
EMAT 10 105 1 -0.0018939393939393939393939393939393939393939393939394 
-0.0018939393939393939393939393939393939393939393939394
EMAT 10 106 1 -0.0018939393939393939393939393939393939393939393939394 
-0.0018939393939393939393939393939393939393939393939394
EMAT 10 107 1 -0.0018939393939393939393939393939393939393939393939394 
-0.0018939393939393939393939393939393939393939393939394
EMAT 10 108 1 -0.0018939393939393939393939393939393939393939393939394 
-0.0018939393939393939393939393939393939393939393939394
EMAT 10 109 1 -0.0018939393939393939393939393939393939393939393939394 
-0.0018939393939393939393939393939393939393939393939394
EMAT 10 110 1 -0.0018939393939393939393939393939393939393939393939394 
-0.0018939393939393939393939393939393939393939393939394
EMAT 10 111 1 -0.0018939393939393939393939393939393939393939393939394 
-0.0018939393939393939393939393939393939393939393939394
EMAT 10 112 1 -0.0018939393939393939393939393939393939393939393939394 
-0.0018939393939393939393939393939393939393939393939394
EMAT 10 113 1 -0.0018939393939393939393939393939393939393939393939394 
-0.0018939393939393939393939393939393939393939393939394
EMAT 10 114 1 -0.0018939393939393939393939393939393939393939393939394 
-0.0018939393939393939393939393939393939393939393939394
EMAT 10 115 1 -0.0018939393939393939393939393939393939393939393939394 
-0.0018939393939393939393939393939393939393939393939394
EMAT 10 116 1 -0.0018939393939393939393939393939393939393939393939394 
-0.0018939393939393939393939393939393939393939393939394
EMAT 10 117 1 -0.0018939393939393939393939393939393939393939393939394 
-0.0018939393939393939393939393939393939393939393939394
EMAT 10 118 1 -0.0018939393939393939393939393939393939393939393939394 
-0.0018939393939393939393939393939393939393939393939394
EMAT 10 119 1 -0.0018939393939393939393939393939393939393939393939394 
-0.0018939393939393939393939393939393939393939393939394
EMAT 10 120 1 -0.0018939393939393939393939393939393939393939393939394 
-0.0018939393939393939393939393939393939393939393939394
EMAT 10 121 1 -0.0018939393939393939393939393939393939393939393939394 
-0.0018939393939393939393939393939393939393939393939394
EMAT 10 122 1 -0.0018939393939393939393939393939393939393939393939394 
-0.0018939393939393939393939393939393939393939393939394
EMAT 10 123 1 -0.0018939393939393939393939393939393939393939393939394 
-0.0018939393939393939393939393939393939393939393939394
EMAT 10 124 1 -0.0018939393939393939393939393939393939393939393939394 
-0.0018939393939393939393939393939393939393939393939394
EMAT 10 125 1 -0.0018939393939393939393939393939393939393939393939394 
-0.0018939393939393939393939393939393939393939393939394
EMAT 10 126 1 -0.0018939393939393939393939393939393939393939393939394 
-0.0018939393939393939393939393939393939393939393939394
EMAT 10 127 1 -0.0018939393939393939393939393939393939393939393939394 
-0.0018939393939393939393939393939393939393939393939394
EMAT 10 128 1 -0.0018939393939393939393939393939393939393939393939394 
-0.0018939393939393939393939393939393939393939393939394
EMAT 10 129 1 -0.0018939393939393939393939393939393939393939393939394 
-0.0018939393939393939393939393939393939393939393939394
EMAT 10 130 1 -0.0018939393939393939393939393939393939393939393939394 
-0.0018939393939393939393939393939393939393939393939394
EMAT 10 131 1 -0.0018939393939393939393939393939393939393939393939394 
-0.0018939393939393939393939393939393939393939393939394
EMAT 10 132 1 -0.0018939393939393939393939393939393939393939393939394 
-0.0018939393939393939393939393939393939393939393939394
EMAT 10 133 1 -0.0018939393939393939393939393939393939393939393939394 
-0.0018939393939393939393939393939393939393939393939394
EMAT 10 167 3 -0.0056818181818181818181818181818181818181818181818182 
0.0056818181818181818181818181818181818181818181818182
EMAT 10 168 3 -0.0056818181818181818181818181818181818181818181818182 
0.0056818181818181818181818181818181818181818181818182
EMAT 10 169 3 -0.0056818181818181818181818181818181818181818181818182 
0.0056818181818181818181818181818181818181818181818182
EMAT 10 170 3 -0.0056818181818181818181818181818181818181818181818182 
0.0056818181818181818181818181818181818181818181818182
EMAT 10 171 3 -0.0056818181818181818181818181818181818181818181818182 
0.0056818181818181818181818181818181818181818181818182
EMAT 10 172 3 -0.0056818181818181818181818181818181818181818181818182 
0.0056818181818181818181818181818181818181818181818182
EMAT 10 173 3 -0.0056818181818181818181818181818181818181818181818182 
0.0056818181818181818181818181818181818181818181818182
EMAT 10 174 3 -0.0056818181818181818181818181818181818181818181818182 
0.0056818181818181818181818181818181818181818181818182
EMAT 10 175 3 -0.0056818181818181818181818181818181818181818181818182 
0.0056818181818181818181818181818181818181818181818182
EMAT 10 176 3 -0.0056818181818181818181818181818181818181818181818182 
0.0056818181818181818181818181818181818181818181818182
EMAT 10 177 3 -0.0056818181818181818181818181818181818181818181818182 
0.0056818181818181818181818181818181818181818181818182
EMAT 10 178 3 -0.0056818181818181818181818181818181818181818181818182 
0.0056818181818181818181818181818181818181818181818182
EMAT 10 179 3 -0.0056818181818181818181818181818181818181818181818182 
0.0056818181818181818181818181818181818181818181818182
EMAT 10 180 3 -0.0056818181818181818181818181818181818181818181818182 
0.0056818181818181818181818181818181818181818181818182
EMAT 10 181 3 -0.0056818181818181818181818181818181818181818181818182 
0.0056818181818181818181818181818181818181818181818182
EMAT 10 182 3 -0.0056818181818181818181818181818181818181818181818182 
0.0056818181818181818181818181818181818181818181818182
EMAT 10 183 3 -0.0056818181818181818181818181818181818181818181818182 
0.0056818181818181818181818181818181818181818181818182
EMAT 10 184 3 -0.0056818181818181818181818181818181818181818181818182 
0.0056818181818181818181818181818181818181818181818182
EMAT 10 185 3 -0.0056818181818181818181818181818181818181818181818182 
0.0056818181818181818181818181818181818181818181818182
EMAT 10 186 3 -0.0056818181818181818181818181818181818181818181818182 
0.0056818181818181818181818181818181818181818181818182
EMAT 10 187 3 -0.0056818181818181818181818181818181818181818181818182 
0.0056818181818181818181818181818181818181818181818182
EMAT 10 188 3 -0.0056818181818181818181818181818181818181818181818182 
0.0056818181818181818181818181818181818181818181818182
EMAT 10 189 3 -0.0056818181818181818181818181818181818181818181818182 
0.0056818181818181818181818181818181818181818181818182
EMAT 10 190 3 -0.0056818181818181818181818181818181818181818181818182 
0.0056818181818181818181818181818181818181818181818182
EMAT 10 191 3 -0.0056818181818181818181818181818181818181818181818182 
0.0056818181818181818181818181818181818181818181818182
EMAT 10 192 3 -0.0056818181818181818181818181818181818181818181818182 
0.0056818181818181818181818181818181818181818181818182
EMAT 10 193 3 -0.0056818181818181818181818181818181818181818181818182 
0.0056818181818181818181818181818181818181818181818182
EMAT 10 194 3 -0.0056818181818181818181818181818181818181818181818182 
0.0056818181818181818181818181818181818181818181818182
EMAT 10 195 3 -0.0056818181818181818181818181818181818181818181818182 
0.0056818181818181818181818181818181818181818181818182
EMAT 10 196 3 -0.0056818181818181818181818181818181818181818181818182 
0.0056818181818181818181818181818181818181818181818182
EMAT 10 197 3 -0.0056818181818181818181818181818181818181818181818182 
0.0056818181818181818181818181818181818181818181818182
EMAT 10 198 3 -0.0056818181818181818181818181818181818181818181818182 
0.0056818181818181818181818181818181818181818181818182
EMAT 10 199 3 -0.0056818181818181818181818181818181818181818181818182 
0.0056818181818181818181818181818181818181818181818182
EMAT 10 200 3 -0.0056818181818181818181818181818181818181818181818182 
0.0056818181818181818181818181818181818181818181818182
EMAT 10 201 3 -0.0056818181818181818181818181818181818181818181818182 
0.0056818181818181818181818181818181818181818181818182
EMAT 10 202 3 -0.0056818181818181818181818181818181818181818181818182 
0.0056818181818181818181818181818181818181818181818182
EMAT 10 203 3 -0.0056818181818181818181818181818181818181818181818182 
0.0056818181818181818181818181818181818181818181818182
EMAT 10 204 3 -0.0056818181818181818181818181818181818181818181818182 
0.0056818181818181818181818181818181818181818181818182
EMAT 10 205 3 -0.0056818181818181818181818181818181818181818181818182 
0.0056818181818181818181818181818181818181818181818182
EMAT 10 206 3 -0.0056818181818181818181818181818181818181818181818182 
0.0056818181818181818181818181818181818181818181818182
EMAT 10 207 3 -0.0056818181818181818181818181818181818181818181818182 
0.0056818181818181818181818181818181818181818181818182
EMAT 10 208 3 -0.0056818181818181818181818181818181818181818181818182 
0.0056818181818181818181818181818181818181818181818182
EMAT 10 209 3 -0.0056818181818181818181818181818181818181818181818182 
0.0056818181818181818181818181818181818181818181818182
EMAT 10 210 3 -0.0056818181818181818181818181818181818181818181818182 
0.0056818181818181818181818181818181818181818181818182
EMAT 10 255 11 0.020833333333333333333333333333333333333333333333333 
-0.020833333333333333333333333333333333333333333333333
EMAT 10 256 11 -0.020833333333333333333333333333333333333333333333333 
0.020833333333333333333333333333333333333333333333333
EMAT 10 257 11 0.020833333333333333333333333333333333333333333333333 
-0.020833333333333333333333333333333333333333333333333
EMAT 10 258 11 0.020833333333333333333333333333333333333333333333333 
-0.020833333333333333333333333333333333333333333333333
EMAT 10 259 11 -0.020833333333333333333333333333333333333333333333333 
0.020833333333333333333333333333333333333333333333333
EMAT 10 260 11 -0.020833333333333333333333333333333333333333333333333 
0.020833333333333333333333333333333333333333333333333
EMAT 10 261 11 0.020833333333333333333333333333333333333333333333333 
-0.020833333333333333333333333333333333333333333333333
EMAT 10 262 11 0.020833333333333333333333333333333333333333333333333 
-0.020833333333333333333333333333333333333333333333333
EMAT 10 263 11 0.020833333333333333333333333333333333333333333333333 
-0.020833333333333333333333333333333333333333333333333
EMAT 10 264 11 0.020833333333333333333333333333333333333333333333333 
-0.020833333333333333333333333333333333333333333333333
EMAT 10 265 11 0.020833333333333333333333333333333333333333333333333 
-0.020833333333333333333333333333333333333333333333333
EMAT 10 266 11 0.020833333333333333333333333333333333333333333333333 
-0.020833333333333333333333333333333333333333333333333
EMAT 10 281 33 -0.062500000000000000000000000000000000000000000000000 
-0.062500000000000000000000000000000000000000000000000
EMAT 10 282 33 -0.062500000000000000000000000000000000000000000000000 
-0.062500000000000000000000000000000000000000000000000
EMAT 10 283 33 -0.062500000000000000000000000000000000000000000000000 
-0.062500000000000000000000000000000000000000000000000
EMAT 10 284 33 0.062500000000000000000000000000000000000000000000000 
0.062500000000000000000000000000000000000000000000000
EMAT 12 1 132 1.0000000000000000000000000000000000000000000000000 
-1.4659503862968475081738127714301340549867251025081E-81
EMAT 12 211 4 0.030303030303030303030303030303030303030303030303030 
-1.2018332580711106297233475083357670563417984046683E-81
EMAT 12 212 4 1.4345497975240854457718699042805670698174348481913E-81 
-0.030303030303030303030303030303030303030303030303030
EMAT 12 213 4 0.030303030303030303030303030303030303030303030303030 
2.2895344462700925361543091510189537142886528206971E-81
EMAT 12 214 4 -1.1458624544466488073481152258733528613151927841712E-80 
-0.030303030303030303030303030303030303030303030303030
EMAT 12 215 4 0.030303030303030303030303030303030303030303030303030 
4.0116301850883438926616446447423906998888094857963E-81
EMAT 12 216 4 -1.4192575800656581421235810146596670791587320033412E-81 
-0.030303030303030303030303030303030303030303030303030
EMAT 12 217 4 0.030303030303030303030303030303030303030303030303030 
2.4941172616881434320815109983153295521315307358118E-80
EMAT 12 218 4 6.3145463988730320601976163265616085864366409559249E-81 
-0.030303030303030303030303030303030303030303030303030
EMAT 12 219 4 0.030303030303030303030303030303030303030303030303030 
-5.1418156569377978926866636417481419885579846152210E-81
EMAT 12 220 4 1.6760929044471891017039471408082462738046621047372E-80 
-0.030303030303030303030303030303030303030303030303030
EMAT 12 221 4 0.030303030303030303030303030303030303030303030303030 
-8.1977755737942391649622204702896717712719363516717E-81
EMAT 12 222 4 -1.9936284361037584584033784608531747556247311167998E-80 
-0.030303030303030303030303030303030303030303030303030
EMAT 12 223 4 0.030303030303030303030303030303030303030303030303030 
-1.3820662305809456074718171504233394263571196865155E-80
EMAT 12 224 4 4.7642366723355734640297246644961314514612203811994E-80 
-0.030303030303030303030303030303030303030303030303030
EMAT 12 225 4 0.030303030303030303030303030303030303030303030303030 
7.3995093589263945475853140775137711437085635207705E-80
EMAT 12 226 4 8.4935793599759007836397461818172445530144034532213E-81 
-0.030303030303030303030303030303030303030303030303030
EMAT 12 227 4 0.030303030303030303030303030303030303030303030303030 
1.6518692289696818896712389142075684176848995137860E-79
EMAT 12 228 4 -5.2430180348708492552857282500432232904176280841521E-80 
-0.030303030303030303030303030303030303030303030303030
EMAT 12 229 4 0.030303030303030303030303030303030303030303030303030 
-5.0859881977375376860439873987254550844712046470302E-80
EMAT 12 230 4 1.1589744660666306051076506724112848890219193338313E-80 
-0.030303030303030303030303030303030303030303030303030
EMAT 12 231 4 0.030303030303030303030303030303030303030303030303030 
-4.1556902468775098136671269375094966432350468686600E-79
EMAT 12 232 4 -8.4129335356778163563494246662924589319694246606173E-81 
-0.030303030303030303030303030303030303030303030303030
EMAT 12 233 4 0.030303030303030303030303030303030303030303030303030 
-2.3743885670500272426945379503413958668501137780129E-79
EMAT 12 234 4 -1.9298444341357844724314311979175916636164938349566E-80 
-0.030303030303030303030303030303030303030303030303030
EMAT 12 235 4 0.030303030303030303030303030303030303030303030303030 
-9.0690564510902483565050356252712101111932379644274E-81
EMAT 12 236 4 1.1176404369617216601519009407925337118830808625321E-79 
-0.030303030303030303030303030303030303030303030303030
EMAT 12 237 4 0.030303030303030303030303030303030303030303030303030 
-2.0349895036183924271698312654785426390948277310253E-80
EMAT 12 238 4 -1.0615396593389071508816095306307804274755052387803E-79 
-0.030303030303030303030303030303030303030303030303030
EMAT 12 239 4 0.030303030303030303030303030303030303030303030303030 
-2.7833624752721043961130016327661348653469287733074E-80
EMAT 12 240 4 7.2736381914529641301242463267977147097507147560893E-80 
-0.030303030303030303030303030303030303030303030303030
EMAT 12 241 4 0.030303030303030303030303030303030303030303030303030 
-5.2392143155195681652797954184368578696229787553832E-80
EMAT 12 242 4 1.5593522745918678582768039127979161369735806707756E-79 
-0.030303030303030303030303030303030303030303030303030
EMAT 12 243 4 0.030303030303030303030303030303030303030303030303030 
-3.1542336653844584878727623494959141567797777096681E-79
EMAT 12 267 12 -0.090909090909090909090909090909090909090909090909091 
-2.1004267698254148269514063857607976793225454253051E-80
EMAT 12 268 12 0.090909090909090909090909090909090909090909090909091 
-1.9125888228846981634873063566992693997319830790170E-79
EMAT 12 269 12 1.7179458719572516496905085785809339783225709244973E-80 
0.090909090909090909090909090909090909090909090909091
EMAT 12 270 12 1.5146856748711060157525490727345904748978761861098E-80 
0.090909090909090909090909090909090909090909090909091
EMAT 12 271 12 -0.090909090909090909090909090909090909090909090909091 
4.0807589669179365237038635124514592157579731141385E-79
EMAT 12 272 12 0.090909090909090909090909090909090909090909090909091 
-1.2238548194989493004469070735684896123445867991523E-80
EMAT 12 273 12 -6.6275178042291423435411823647309007553430424690400E-79 
0.090909090909090909090909090909090909090909090909091
EMAT 12 274 12 -0.090909090909090909090909090909090909090909090909091 
1.0306128639055391247115455559569871568555219769995E-80
EMAT 12 275 12 1.2910141573568794324114021466107119460330160119888E-78 
0.090909090909090909090909090909090909090909090909091
EMAT 12 276 12 -0.090909090909090909090909090909090909090909090909091 
-7.9666177465062016005084996279150650564208661151919E-79
EMAT 12 277 12 2.5988199113336859866924417538907105232829558150733E-78 
0.090909090909090909090909090909090909090909090909091
EMAT 12 285 44 0.33333333333333333333333333333333333333333333333333 
-6.8290202174410801251160959974278417584504839257177E-76
EMAT 12 286 44 1.5074943606432882738208644635402919217757759066219E-75 
-0.33333333333333333333333333333333333333333333333333
EMAT 12 287 44 0.33333333333333333333333333333333333333333333333333 
-4.8994016613143975727365824542193384209272720959590E-76
EMAT 13 2 1 -0.0069444444444444444444444444444444444444444444444444 
-0.0069444444444444444444444444444444444444444444444444
EMAT 13 3 1 -0.0069444444444444444444444444444444444444444444444444 
-0.0069444444444444444444444444444444444444444444444444
EMAT 13 4 1 -0.0069444444444444444444444444444444444444444444444444 
-0.0069444444444444444444444444444444444444444444444444
EMAT 13 5 1 -0.0069444444444444444444444444444444444444444444444444 
-0.0069444444444444444444444444444444444444444444444444
EMAT 13 6 1 -0.0069444444444444444444444444444444444444444444444444 
-0.0069444444444444444444444444444444444444444444444444
EMAT 13 7 1 -0.0069444444444444444444444444444444444444444444444444 
-0.0069444444444444444444444444444444444444444444444444
EMAT 13 8 1 -0.0069444444444444444444444444444444444444444444444444 
-0.0069444444444444444444444444444444444444444444444444
EMAT 13 9 1 -0.0069444444444444444444444444444444444444444444444444 
-0.0069444444444444444444444444444444444444444444444444
EMAT 13 10 1 -0.0069444444444444444444444444444444444444444444444444 
-0.0069444444444444444444444444444444444444444444444444
EMAT 13 11 1 -0.0069444444444444444444444444444444444444444444444444 
-0.0069444444444444444444444444444444444444444444444444
EMAT 13 12 1 -0.0069444444444444444444444444444444444444444444444444 
-0.0069444444444444444444444444444444444444444444444444
EMAT 13 13 1 -0.0069444444444444444444444444444444444444444444444444 
-0.0069444444444444444444444444444444444444444444444444
EMAT 13 14 1 -0.0069444444444444444444444444444444444444444444444444 
-0.0069444444444444444444444444444444444444444444444444
EMAT 13 15 1 -0.0069444444444444444444444444444444444444444444444444 
-0.0069444444444444444444444444444444444444444444444444
EMAT 13 16 1 -0.0069444444444444444444444444444444444444444444444444 
-0.0069444444444444444444444444444444444444444444444444
EMAT 13 17 1 -0.0069444444444444444444444444444444444444444444444444 
-0.0069444444444444444444444444444444444444444444444444
EMAT 13 18 1 -0.0069444444444444444444444444444444444444444444444444 
-0.0069444444444444444444444444444444444444444444444444
EMAT 13 19 1 -0.0069444444444444444444444444444444444444444444444444 
-0.0069444444444444444444444444444444444444444444444444
EMAT 13 20 1 -0.0069444444444444444444444444444444444444444444444444 
-0.0069444444444444444444444444444444444444444444444444
EMAT 13 21 1 -0.0069444444444444444444444444444444444444444444444444 
-0.0069444444444444444444444444444444444444444444444444
EMAT 13 22 1 -0.0069444444444444444444444444444444444444444444444444 
-0.0069444444444444444444444444444444444444444444444444
EMAT 13 23 1 -0.0069444444444444444444444444444444444444444444444444 
-0.0069444444444444444444444444444444444444444444444444
EMAT 13 24 1 -0.0069444444444444444444444444444444444444444444444444 
-0.0069444444444444444444444444444444444444444444444444
EMAT 13 25 1 -0.0069444444444444444444444444444444444444444444444444 
-0.0069444444444444444444444444444444444444444444444444
EMAT 13 26 1 -0.0069444444444444444444444444444444444444444444444444 
-0.0069444444444444444444444444444444444444444444444444
EMAT 13 27 1 -0.0069444444444444444444444444444444444444444444444444 
-0.0069444444444444444444444444444444444444444444444444
EMAT 13 28 1 -0.0069444444444444444444444444444444444444444444444444 
-0.0069444444444444444444444444444444444444444444444444
EMAT 13 29 1 -0.0069444444444444444444444444444444444444444444444444 
-0.0069444444444444444444444444444444444444444444444444
EMAT 13 30 1 -0.0069444444444444444444444444444444444444444444444444 
-0.0069444444444444444444444444444444444444444444444444
EMAT 13 31 1 -0.0069444444444444444444444444444444444444444444444444 
-0.0069444444444444444444444444444444444444444444444444
EMAT 13 32 1 -0.0069444444444444444444444444444444444444444444444444 
-0.0069444444444444444444444444444444444444444444444444
EMAT 13 33 1 -0.0069444444444444444444444444444444444444444444444444 
-0.0069444444444444444444444444444444444444444444444444
EMAT 13 34 1 -0.0069444444444444444444444444444444444444444444444444 
-0.0069444444444444444444444444444444444444444444444444
EMAT 13 35 1 -0.0069444444444444444444444444444444444444444444444444 
-0.0069444444444444444444444444444444444444444444444444
EMAT 13 36 1 -0.0069444444444444444444444444444444444444444444444444 
-0.0069444444444444444444444444444444444444444444444444
EMAT 13 37 1 -0.0069444444444444444444444444444444444444444444444444 
-0.0069444444444444444444444444444444444444444444444444
EMAT 13 38 1 -0.0069444444444444444444444444444444444444444444444444 
-0.0069444444444444444444444444444444444444444444444444
EMAT 13 39 1 -0.0069444444444444444444444444444444444444444444444444 
-0.0069444444444444444444444444444444444444444444444444
EMAT 13 40 1 -0.0069444444444444444444444444444444444444444444444444 
-0.0069444444444444444444444444444444444444444444444444
EMAT 13 41 1 -0.0069444444444444444444444444444444444444444444444444 
-0.0069444444444444444444444444444444444444444444444444
EMAT 13 42 1 -0.0069444444444444444444444444444444444444444444444444 
-0.0069444444444444444444444444444444444444444444444444
EMAT 13 43 1 -0.0069444444444444444444444444444444444444444444444444 
-0.0069444444444444444444444444444444444444444444444444
EMAT 13 44 1 -0.0069444444444444444444444444444444444444444444444444 
-0.0069444444444444444444444444444444444444444444444444
EMAT 13 45 1 -0.0069444444444444444444444444444444444444444444444444 
-0.0069444444444444444444444444444444444444444444444444
EMAT 13 46 1 -0.0069444444444444444444444444444444444444444444444444 
-0.0069444444444444444444444444444444444444444444444444
EMAT 13 47 1 -0.0069444444444444444444444444444444444444444444444444 
-0.0069444444444444444444444444444444444444444444444444
EMAT 13 48 1 -0.0069444444444444444444444444444444444444444444444444 
-0.0069444444444444444444444444444444444444444444444444
EMAT 13 49 1 -0.0069444444444444444444444444444444444444444444444444 
-0.0069444444444444444444444444444444444444444444444444
EMAT 13 50 1 -0.0069444444444444444444444444444444444444444444444444 
-0.0069444444444444444444444444444444444444444444444444
EMAT 13 51 1 -0.0069444444444444444444444444444444444444444444444444 
-0.0069444444444444444444444444444444444444444444444444
EMAT 13 52 1 -0.0069444444444444444444444444444444444444444444444444 
-0.0069444444444444444444444444444444444444444444444444
EMAT 13 53 1 -0.0069444444444444444444444444444444444444444444444444 
-0.0069444444444444444444444444444444444444444444444444
EMAT 13 54 1 -0.0069444444444444444444444444444444444444444444444444 
-0.0069444444444444444444444444444444444444444444444444
EMAT 13 55 1 -0.0069444444444444444444444444444444444444444444444444 
-0.0069444444444444444444444444444444444444444444444444
EMAT 13 56 1 -0.0069444444444444444444444444444444444444444444444444 
-0.0069444444444444444444444444444444444444444444444444
EMAT 13 57 1 -0.0069444444444444444444444444444444444444444444444444 
-0.0069444444444444444444444444444444444444444444444444
EMAT 13 58 1 -0.0069444444444444444444444444444444444444444444444444 
-0.0069444444444444444444444444444444444444444444444444
EMAT 13 59 1 -0.0069444444444444444444444444444444444444444444444444 
-0.0069444444444444444444444444444444444444444444444444
EMAT 13 60 1 -0.0069444444444444444444444444444444444444444444444444 
-0.0069444444444444444444444444444444444444444444444444
EMAT 13 61 1 -0.0069444444444444444444444444444444444444444444444444 
-0.0069444444444444444444444444444444444444444444444444
EMAT 13 62 1 -0.0069444444444444444444444444444444444444444444444444 
-0.0069444444444444444444444444444444444444444444444444
EMAT 13 63 1 -0.0069444444444444444444444444444444444444444444444444 
-0.0069444444444444444444444444444444444444444444444444
EMAT 13 64 1 -0.0069444444444444444444444444444444444444444444444444 
-0.0069444444444444444444444444444444444444444444444444
EMAT 13 65 1 -0.0069444444444444444444444444444444444444444444444444 
-0.0069444444444444444444444444444444444444444444444444
EMAT 13 66 1 -0.0069444444444444444444444444444444444444444444444444 
-0.0069444444444444444444444444444444444444444444444444
EMAT 13 67 1 -0.0069444444444444444444444444444444444444444444444444 
-0.0069444444444444444444444444444444444444444444444444
EMAT 13 68 1 -0.0069444444444444444444444444444444444444444444444444 
-0.0069444444444444444444444444444444444444444444444444
EMAT 13 69 1 -0.0069444444444444444444444444444444444444444444444444 
-0.0069444444444444444444444444444444444444444444444444
EMAT 13 70 1 -0.0069444444444444444444444444444444444444444444444444 
-0.0069444444444444444444444444444444444444444444444444
EMAT 13 71 1 -0.0069444444444444444444444444444444444444444444444444 
-0.0069444444444444444444444444444444444444444444444444
EMAT 13 72 1 -0.0069444444444444444444444444444444444444444444444444 
-0.0069444444444444444444444444444444444444444444444444
EMAT 13 73 1 -0.0069444444444444444444444444444444444444444444444444 
-0.0069444444444444444444444444444444444444444444444444
EMAT 13 74 1 -0.0069444444444444444444444444444444444444444444444444 
-0.0069444444444444444444444444444444444444444444444444
EMAT 13 75 1 -0.0069444444444444444444444444444444444444444444444444 
-0.0069444444444444444444444444444444444444444444444444
EMAT 13 76 1 -0.0069444444444444444444444444444444444444444444444444 
-0.0069444444444444444444444444444444444444444444444444
EMAT 13 77 1 -0.0069444444444444444444444444444444444444444444444444 
-0.0069444444444444444444444444444444444444444444444444
EMAT 13 78 1 -0.0069444444444444444444444444444444444444444444444444 
-0.0069444444444444444444444444444444444444444444444444
EMAT 13 79 1 -0.0069444444444444444444444444444444444444444444444444 
-0.0069444444444444444444444444444444444444444444444444
EMAT 13 80 1 -0.0069444444444444444444444444444444444444444444444444 
-0.0069444444444444444444444444444444444444444444444444
EMAT 13 81 1 -0.0069444444444444444444444444444444444444444444444444 
-0.0069444444444444444444444444444444444444444444444444
EMAT 13 82 1 -0.0069444444444444444444444444444444444444444444444444 
-0.0069444444444444444444444444444444444444444444444444
EMAT 13 83 1 -0.0069444444444444444444444444444444444444444444444444 
-0.0069444444444444444444444444444444444444444444444444
EMAT 13 84 1 -0.0069444444444444444444444444444444444444444444444444 
-0.0069444444444444444444444444444444444444444444444444
EMAT 13 85 1 -0.0069444444444444444444444444444444444444444444444444 
-0.0069444444444444444444444444444444444444444444444444
EMAT 13 86 1 -0.0069444444444444444444444444444444444444444444444444 
-0.0069444444444444444444444444444444444444444444444444
EMAT 13 87 1 -0.0069444444444444444444444444444444444444444444444444 
-0.0069444444444444444444444444444444444444444444444444
EMAT 13 88 1 -0.0069444444444444444444444444444444444444444444444444 
-0.0069444444444444444444444444444444444444444444444444
EMAT 13 89 1 -0.0069444444444444444444444444444444444444444444444444 
-0.0069444444444444444444444444444444444444444444444444
EMAT 13 90 1 -0.0069444444444444444444444444444444444444444444444444 
-0.0069444444444444444444444444444444444444444444444444
EMAT 13 91 1 -0.0069444444444444444444444444444444444444444444444444 
-0.0069444444444444444444444444444444444444444444444444
EMAT 13 92 1 -0.0069444444444444444444444444444444444444444444444444 
-0.0069444444444444444444444444444444444444444444444444
EMAT 13 93 1 -0.0069444444444444444444444444444444444444444444444444 
-0.0069444444444444444444444444444444444444444444444444
EMAT 13 94 1 -0.0069444444444444444444444444444444444444444444444444 
-0.0069444444444444444444444444444444444444444444444444
EMAT 13 95 1 -0.0069444444444444444444444444444444444444444444444444 
-0.0069444444444444444444444444444444444444444444444444
EMAT 13 96 1 -0.0069444444444444444444444444444444444444444444444444 
-0.0069444444444444444444444444444444444444444444444444
EMAT 13 97 1 -0.0069444444444444444444444444444444444444444444444444 
-0.0069444444444444444444444444444444444444444444444444
EMAT 13 98 1 -0.0069444444444444444444444444444444444444444444444444 
-0.0069444444444444444444444444444444444444444444444444
EMAT 13 99 1 -0.0069444444444444444444444444444444444444444444444444 
-0.0069444444444444444444444444444444444444444444444444
EMAT 13 100 1 -0.0069444444444444444444444444444444444444444444444444 
-0.0069444444444444444444444444444444444444444444444444
EMAT 13 101 1 -0.0069444444444444444444444444444444444444444444444444 
-0.0069444444444444444444444444444444444444444444444444
EMAT 13 102 1 -0.0069444444444444444444444444444444444444444444444444 
-0.0069444444444444444444444444444444444444444444444444
EMAT 13 103 1 -0.0069444444444444444444444444444444444444444444444444 
-0.0069444444444444444444444444444444444444444444444444
EMAT 13 104 1 -0.0069444444444444444444444444444444444444444444444444 
-0.0069444444444444444444444444444444444444444444444444
EMAT 13 105 1 -0.0069444444444444444444444444444444444444444444444444 
-0.0069444444444444444444444444444444444444444444444444
EMAT 13 106 1 -0.0069444444444444444444444444444444444444444444444444 
-0.0069444444444444444444444444444444444444444444444444
EMAT 13 107 1 -0.0069444444444444444444444444444444444444444444444444 
-0.0069444444444444444444444444444444444444444444444444
EMAT 13 108 1 -0.0069444444444444444444444444444444444444444444444444 
-0.0069444444444444444444444444444444444444444444444444
EMAT 13 109 1 -0.0069444444444444444444444444444444444444444444444444 
-0.0069444444444444444444444444444444444444444444444444
EMAT 13 110 1 -0.0069444444444444444444444444444444444444444444444444 
-0.0069444444444444444444444444444444444444444444444444
EMAT 13 111 1 -0.0069444444444444444444444444444444444444444444444444 
-0.0069444444444444444444444444444444444444444444444444
EMAT 13 112 1 -0.0069444444444444444444444444444444444444444444444444 
-0.0069444444444444444444444444444444444444444444444444
EMAT 13 113 1 -0.0069444444444444444444444444444444444444444444444444 
-0.0069444444444444444444444444444444444444444444444444
EMAT 13 114 1 -0.0069444444444444444444444444444444444444444444444444 
-0.0069444444444444444444444444444444444444444444444444
EMAT 13 115 1 -0.0069444444444444444444444444444444444444444444444444 
-0.0069444444444444444444444444444444444444444444444444
EMAT 13 116 1 -0.0069444444444444444444444444444444444444444444444444 
-0.0069444444444444444444444444444444444444444444444444
EMAT 13 117 1 -0.0069444444444444444444444444444444444444444444444444 
-0.0069444444444444444444444444444444444444444444444444
EMAT 13 118 1 -0.0069444444444444444444444444444444444444444444444444 
-0.0069444444444444444444444444444444444444444444444444
EMAT 13 119 1 -0.0069444444444444444444444444444444444444444444444444 
-0.0069444444444444444444444444444444444444444444444444
EMAT 13 120 1 -0.0069444444444444444444444444444444444444444444444444 
-0.0069444444444444444444444444444444444444444444444444
EMAT 13 121 1 -0.0069444444444444444444444444444444444444444444444444 
-0.0069444444444444444444444444444444444444444444444444
EMAT 13 122 1 -0.0069444444444444444444444444444444444444444444444444 
-0.0069444444444444444444444444444444444444444444444444
EMAT 13 123 1 -0.0069444444444444444444444444444444444444444444444444 
-0.0069444444444444444444444444444444444444444444444444
EMAT 13 124 1 -0.0069444444444444444444444444444444444444444444444444 
-0.0069444444444444444444444444444444444444444444444444
EMAT 13 125 1 -0.0069444444444444444444444444444444444444444444444444 
-0.0069444444444444444444444444444444444444444444444444
EMAT 13 126 1 -0.0069444444444444444444444444444444444444444444444444 
-0.0069444444444444444444444444444444444444444444444444
EMAT 13 127 1 -0.0069444444444444444444444444444444444444444444444444 
-0.0069444444444444444444444444444444444444444444444444
EMAT 13 128 1 -0.0069444444444444444444444444444444444444444444444444 
-0.0069444444444444444444444444444444444444444444444444
EMAT 13 129 1 -0.0069444444444444444444444444444444444444444444444444 
-0.0069444444444444444444444444444444444444444444444444
EMAT 13 130 1 -0.0069444444444444444444444444444444444444444444444444 
-0.0069444444444444444444444444444444444444444444444444
EMAT 13 131 1 -0.0069444444444444444444444444444444444444444444444444 
-0.0069444444444444444444444444444444444444444444444444
EMAT 13 132 1 -0.0069444444444444444444444444444444444444444444444444 
-0.0069444444444444444444444444444444444444444444444444
EMAT 13 133 1 -0.0069444444444444444444444444444444444444444444444444 
-0.0069444444444444444444444444444444444444444444444444
EMAT 13 167 3 0.062500000000000000000000000000000000000000000000000 
-0.062500000000000000000000000000000000000000000000000
EMAT 13 168 3 0.062500000000000000000000000000000000000000000000000 
-0.062500000000000000000000000000000000000000000000000
EMAT 13 169 3 0.062500000000000000000000000000000000000000000000000 
-0.062500000000000000000000000000000000000000000000000
EMAT 13 170 3 0.062500000000000000000000000000000000000000000000000 
-0.062500000000000000000000000000000000000000000000000
EMAT 13 171 3 0.062500000000000000000000000000000000000000000000000 
-0.062500000000000000000000000000000000000000000000000
EMAT 13 172 3 0.062500000000000000000000000000000000000000000000000 
-0.062500000000000000000000000000000000000000000000000
EMAT 13 173 3 0.062500000000000000000000000000000000000000000000000 
-0.062500000000000000000000000000000000000000000000000
EMAT 13 174 3 0.062500000000000000000000000000000000000000000000000 
-0.062500000000000000000000000000000000000000000000000
EMAT 13 175 3 0.062500000000000000000000000000000000000000000000000 
-0.062500000000000000000000000000000000000000000000000
EMAT 13 176 3 0.062500000000000000000000000000000000000000000000000 
-0.062500000000000000000000000000000000000000000000000
EMAT 13 177 3 0.062500000000000000000000000000000000000000000000000 
-0.062500000000000000000000000000000000000000000000000
EMAT 13 178 3 0.062500000000000000000000000000000000000000000000000 
-0.062500000000000000000000000000000000000000000000000
EMAT 13 179 3 0.062500000000000000000000000000000000000000000000000 
-0.062500000000000000000000000000000000000000000000000
EMAT 13 180 3 0.062500000000000000000000000000000000000000000000000 
-0.062500000000000000000000000000000000000000000000000
EMAT 13 181 3 0.062500000000000000000000000000000000000000000000000 
-0.062500000000000000000000000000000000000000000000000
EMAT 13 182 3 0.062500000000000000000000000000000000000000000000000 
-0.062500000000000000000000000000000000000000000000000
EMAT 13 183 3 0.062500000000000000000000000000000000000000000000000 
-0.062500000000000000000000000000000000000000000000000
EMAT 13 184 3 0.062500000000000000000000000000000000000000000000000 
-0.062500000000000000000000000000000000000000000000000
EMAT 13 185 3 0.062500000000000000000000000000000000000000000000000 
-0.062500000000000000000000000000000000000000000000000
EMAT 13 186 3 0.062500000000000000000000000000000000000000000000000 
-0.062500000000000000000000000000000000000000000000000
EMAT 13 187 3 0.062500000000000000000000000000000000000000000000000 
-0.062500000000000000000000000000000000000000000000000
EMAT 13 188 3 0.062500000000000000000000000000000000000000000000000 
-0.062500000000000000000000000000000000000000000000000
EMAT 13 189 3 0.062500000000000000000000000000000000000000000000000 
-0.062500000000000000000000000000000000000000000000000
EMAT 13 190 3 0.062500000000000000000000000000000000000000000000000 
-0.062500000000000000000000000000000000000000000000000
EMAT 13 191 3 0.062500000000000000000000000000000000000000000000000 
-0.062500000000000000000000000000000000000000000000000
EMAT 13 192 3 0.062500000000000000000000000000000000000000000000000 
-0.062500000000000000000000000000000000000000000000000
EMAT 13 193 3 0.062500000000000000000000000000000000000000000000000 
-0.062500000000000000000000000000000000000000000000000
EMAT 13 194 3 0.062500000000000000000000000000000000000000000000000 
-0.062500000000000000000000000000000000000000000000000
EMAT 13 195 3 0.062500000000000000000000000000000000000000000000000 
-0.062500000000000000000000000000000000000000000000000
EMAT 13 196 3 0.062500000000000000000000000000000000000000000000000 
-0.062500000000000000000000000000000000000000000000000
EMAT 13 197 3 0.062500000000000000000000000000000000000000000000000 
-0.062500000000000000000000000000000000000000000000000
EMAT 13 198 3 0.062500000000000000000000000000000000000000000000000 
-0.062500000000000000000000000000000000000000000000000
EMAT 13 199 3 0.062500000000000000000000000000000000000000000000000 
-0.062500000000000000000000000000000000000000000000000
EMAT 13 200 3 0.062500000000000000000000000000000000000000000000000 
-0.062500000000000000000000000000000000000000000000000
EMAT 13 201 3 0.062500000000000000000000000000000000000000000000000 
-0.062500000000000000000000000000000000000000000000000
EMAT 13 202 3 0.062500000000000000000000000000000000000000000000000 
-0.062500000000000000000000000000000000000000000000000
EMAT 13 203 3 0.062500000000000000000000000000000000000000000000000 
-0.062500000000000000000000000000000000000000000000000
EMAT 13 204 3 0.062500000000000000000000000000000000000000000000000 
-0.062500000000000000000000000000000000000000000000000
EMAT 13 205 3 0.062500000000000000000000000000000000000000000000000 
-0.062500000000000000000000000000000000000000000000000
EMAT 13 206 3 0.062500000000000000000000000000000000000000000000000 
-0.062500000000000000000000000000000000000000000000000
EMAT 13 207 3 0.062500000000000000000000000000000000000000000000000 
-0.062500000000000000000000000000000000000000000000000
EMAT 13 208 3 0.062500000000000000000000000000000000000000000000000 
-0.062500000000000000000000000000000000000000000000000
EMAT 13 209 3 0.062500000000000000000000000000000000000000000000000 
-0.062500000000000000000000000000000000000000000000000
EMAT 13 210 3 0.062500000000000000000000000000000000000000000000000 
-0.062500000000000000000000000000000000000000000000000
EMAT 13 211 4 -0.11111111111111111111111111111111111111111111111111 
-2.1914150566624786008752596256472669279535589204470E-80
EMAT 13 212 4 6.2095027792553587581925690603654821049993000223870E-81 
0.11111111111111111111111111111111111111111111111111
EMAT 13 213 4 -0.11111111111111111111111111111111111111111111111111 
-1.5082147427243249520511115839522541778837218248506E-81
EMAT 13 214 4 6.9378836468642647519531540165852174220234062147508E-80 
0.11111111111111111111111111111111111111111111111111
EMAT 13 215 4 -0.11111111111111111111111111111111111111111111111111 
1.2964240423110860094610558549013469898498444217039E-81
EMAT 13 216 4 -4.6873488464157808327346642264504494919628115229688E-80 
0.11111111111111111111111111111111111111111111111111
EMAT 13 217 4 -0.11111111111111111111111111111111111111111111111111 
-1.3319603199612108038636210634026057154081421699984E-80
EMAT 13 218 4 -8.4199249851309496406238043780362900283261994547244E-81 
0.11111111111111111111111111111111111111111111111111
EMAT 13 219 4 -0.11111111111111111111111111111111111111111111111111 
-1.6147383726251146513314161488173766557651297684003E-79
EMAT 13 220 4 -3.7430803166680029730055992055081498400743437890328E-80 
0.11111111111111111111111111111111111111111111111111
EMAT 13 221 4 -0.11111111111111111111111111111111111111111111111111 
-1.3708198296409045841517561766678330861003094492075E-80
EMAT 13 222 4 5.0196167754844945560007592293963241025729957642912E-79 
0.11111111111111111111111111111111111111111111111111
EMAT 13 223 4 -0.11111111111111111111111111111111111111111111111111 
-3.1407550464728193683414621302008764982834138345355E-79
EMAT 13 224 4 -3.6333283408939981554251740012530501552599146184505E-80 
0.11111111111111111111111111111111111111111111111111
EMAT 13 225 4 -0.11111111111111111111111111111111111111111111111111 
6.6214160949386670914157782589600607094924504779224E-79
EMAT 13 226 4 7.1467038243085226874804585218634466919376501768334E-80 
0.11111111111111111111111111111111111111111111111111
EMAT 13 227 4 -0.11111111111111111111111111111111111111111111111111 
7.4838630934764384447542307703679938414118874523207E-79
EMAT 13 228 4 3.9603614169166212416819146108208350732429903370919E-79 
0.11111111111111111111111111111111111111111111111111
EMAT 13 229 4 -0.11111111111111111111111111111111111111111111111111 
-5.4301264253510557740114570426326719436322148806447E-79
EMAT 13 230 4 1.5311927137650126696150575475981779325517600385618E-78 
0.11111111111111111111111111111111111111111111111111
EMAT 13 231 4 -0.11111111111111111111111111111111111111111111111111 
-2.6451012927737576702768592928814553405839942905231E-79
EMAT 13 232 4 1.5250255738346623501097021834990836231631301424535E-79 
0.11111111111111111111111111111111111111111111111111
EMAT 13 233 4 -0.11111111111111111111111111111111111111111111111111 
-4.1469799915150511565199906980070913327957722056617E-79
EMAT 13 234 4 7.7674964692543030977845263069534622206410186814871E-81 
0.11111111111111111111111111111111111111111111111111
EMAT 13 235 4 -0.11111111111111111111111111111111111111111111111111 
-3.0647259113933585607568070607881482395649263719514E-79
EMAT 13 236 4 -1.7145665964980495899254182453183238795418830238123E-79 
0.11111111111111111111111111111111111111111111111111
EMAT 13 237 4 -0.11111111111111111111111111111111111111111111111111 
2.8104633815793325124894746715422690317877228785690E-78
EMAT 13 238 4 -1.3699724168465821105850749934089330894323186001655E-78 
0.11111111111111111111111111111111111111111111111111
EMAT 13 239 4 -0.11111111111111111111111111111111111111111111111111 
2.1226064404118589238410684773502088562381562294865E-78
EMAT 13 240 4 -1.6223967655049082813989141064393912795312692655267E-78 
0.11111111111111111111111111111111111111111111111111
EMAT 13 241 4 -0.11111111111111111111111111111111111111111111111111 
-2.2656115476019725632292336221396705669480047310024E-78
EMAT 13 242 4 -2.4386541655283562674730892043516923419534986358428E-78 
0.11111111111111111111111111111111111111111111111111
EMAT 13 243 4 -0.11111111111111111111111111111111111111111111111111 
-3.8740228240145594308165622541863299118239937159378E-78
EMAT 13 255 11 0.0069444444444444444444444444444444444444444444444444 
-0.0069444444444444444444444444444444444444444444444444
EMAT 13 256 11 -0.0069444444444444444444444444444444444444444444444444 
0.0069444444444444444444444444444444444444444444444444
EMAT 13 257 11 0.0069444444444444444444444444444444444444444444444444 
-0.0069444444444444444444444444444444444444444444444444
EMAT 13 258 11 0.0069444444444444444444444444444444444444444444444444 
-0.0069444444444444444444444444444444444444444444444444
EMAT 13 259 11 -0.0069444444444444444444444444444444444444444444444444 
0.0069444444444444444444444444444444444444444444444444
EMAT 13 260 11 -0.0069444444444444444444444444444444444444444444444444 
0.0069444444444444444444444444444444444444444444444444
EMAT 13 261 11 0.0069444444444444444444444444444444444444444444444444 
-0.0069444444444444444444444444444444444444444444444444
EMAT 13 262 11 0.0069444444444444444444444444444444444444444444444444 
-0.0069444444444444444444444444444444444444444444444444
EMAT 13 263 11 0.0069444444444444444444444444444444444444444444444444 
-0.0069444444444444444444444444444444444444444444444444
EMAT 13 264 11 0.0069444444444444444444444444444444444444444444444444 
-0.0069444444444444444444444444444444444444444444444444
EMAT 13 265 11 0.0069444444444444444444444444444444444444444444444444 
-0.0069444444444444444444444444444444444444444444444444
EMAT 13 266 11 0.0069444444444444444444444444444444444444444444444444 
-0.0069444444444444444444444444444444444444444444444444
EMAT 13 281 33 0.062500000000000000000000000000000000000000000000000 
0.062500000000000000000000000000000000000000000000000
EMAT 13 282 33 0.062500000000000000000000000000000000000000000000000 
0.062500000000000000000000000000000000000000000000000
EMAT 13 283 33 0.062500000000000000000000000000000000000000000000000 
0.062500000000000000000000000000000000000000000000000
EMAT 13 284 33 -0.062500000000000000000000000000000000000000000000000 
-0.062500000000000000000000000000000000000000000000000
EMAT 13 285 44 -0.11111111111111111111111111111111111111111111111111 
-1.5769789282587906299799879513316289548306587464650E-78
EMAT 13 286 44 1.3503430100512024225473272847474276654393495748263E-78 
0.11111111111111111111111111111111111111111111111111
EMAT 13 287 44 -0.11111111111111111111111111111111111111111111111111 
2.9011658838121260556344703777755471477312126894537E-78
EMAT 18 1 132 1.0000000000000000000000000000000000000000000000000 
-7.3027175013797175883602318177630815478355285922417E-81
EMAT 18 167 3 -0.50000000000000000000000000000000000000000000000000 
0.50000000000000000000000000000000000000000000000000
EMAT 18 168 3 -0.50000000000000000000000000000000000000000000000000 
0.50000000000000000000000000000000000000000000000000
EMAT 18 169 3 -0.50000000000000000000000000000000000000000000000000 
0.50000000000000000000000000000000000000000000000000
EMAT 18 170 3 -0.50000000000000000000000000000000000000000000000000 
0.50000000000000000000000000000000000000000000000000
EMAT 18 171 3 -0.50000000000000000000000000000000000000000000000000 
0.50000000000000000000000000000000000000000000000000
EMAT 18 172 3 -0.50000000000000000000000000000000000000000000000000 
0.50000000000000000000000000000000000000000000000000
EMAT 18 173 3 -0.50000000000000000000000000000000000000000000000000 
0.50000000000000000000000000000000000000000000000000
EMAT 18 174 3 -0.50000000000000000000000000000000000000000000000000 
0.50000000000000000000000000000000000000000000000000
EMAT 18 175 3 -0.50000000000000000000000000000000000000000000000000 
0.50000000000000000000000000000000000000000000000000
EMAT 18 176 3 -0.50000000000000000000000000000000000000000000000000 
0.50000000000000000000000000000000000000000000000000
EMAT 18 177 3 -0.50000000000000000000000000000000000000000000000000 
0.50000000000000000000000000000000000000000000000000
EMAT 18 178 3 -0.50000000000000000000000000000000000000000000000000 
0.50000000000000000000000000000000000000000000000000
EMAT 18 179 3 -0.50000000000000000000000000000000000000000000000000 
0.50000000000000000000000000000000000000000000000000
EMAT 18 180 3 -0.50000000000000000000000000000000000000000000000000 
0.50000000000000000000000000000000000000000000000000
EMAT 18 181 3 -0.50000000000000000000000000000000000000000000000000 
0.50000000000000000000000000000000000000000000000000
EMAT 18 182 3 -0.50000000000000000000000000000000000000000000000000 
0.50000000000000000000000000000000000000000000000000
EMAT 18 183 3 -0.50000000000000000000000000000000000000000000000000 
0.50000000000000000000000000000000000000000000000000
EMAT 18 184 3 -0.50000000000000000000000000000000000000000000000000 
0.50000000000000000000000000000000000000000000000000
EMAT 18 185 3 -0.50000000000000000000000000000000000000000000000000 
0.50000000000000000000000000000000000000000000000000
EMAT 18 186 3 -0.50000000000000000000000000000000000000000000000000 
0.50000000000000000000000000000000000000000000000000
EMAT 18 187 3 -0.50000000000000000000000000000000000000000000000000 
0.50000000000000000000000000000000000000000000000000
EMAT 18 188 3 -0.50000000000000000000000000000000000000000000000000 
0.50000000000000000000000000000000000000000000000000
EMAT 18 189 3 -0.50000000000000000000000000000000000000000000000000 
0.50000000000000000000000000000000000000000000000000
EMAT 18 190 3 -0.50000000000000000000000000000000000000000000000000 
0.50000000000000000000000000000000000000000000000000
EMAT 18 191 3 -0.50000000000000000000000000000000000000000000000000 
0.50000000000000000000000000000000000000000000000000
EMAT 18 192 3 -0.50000000000000000000000000000000000000000000000000 
0.50000000000000000000000000000000000000000000000000
EMAT 18 193 3 -0.50000000000000000000000000000000000000000000000000 
0.50000000000000000000000000000000000000000000000000
EMAT 18 194 3 -0.50000000000000000000000000000000000000000000000000 
0.50000000000000000000000000000000000000000000000000
EMAT 18 195 3 -0.50000000000000000000000000000000000000000000000000 
0.50000000000000000000000000000000000000000000000000
EMAT 18 196 3 -0.50000000000000000000000000000000000000000000000000 
0.50000000000000000000000000000000000000000000000000
EMAT 18 197 3 -0.50000000000000000000000000000000000000000000000000 
0.50000000000000000000000000000000000000000000000000
EMAT 18 198 3 -0.50000000000000000000000000000000000000000000000000 
0.50000000000000000000000000000000000000000000000000
EMAT 18 199 3 -0.50000000000000000000000000000000000000000000000000 
0.50000000000000000000000000000000000000000000000000
EMAT 18 200 3 -0.50000000000000000000000000000000000000000000000000 
0.50000000000000000000000000000000000000000000000000
EMAT 18 201 3 -0.50000000000000000000000000000000000000000000000000 
0.50000000000000000000000000000000000000000000000000
EMAT 18 202 3 -0.50000000000000000000000000000000000000000000000000 
0.50000000000000000000000000000000000000000000000000
EMAT 18 203 3 -0.50000000000000000000000000000000000000000000000000 
0.50000000000000000000000000000000000000000000000000
EMAT 18 204 3 -0.50000000000000000000000000000000000000000000000000 
0.50000000000000000000000000000000000000000000000000
EMAT 18 205 3 -0.50000000000000000000000000000000000000000000000000 
0.50000000000000000000000000000000000000000000000000
EMAT 18 206 3 -0.50000000000000000000000000000000000000000000000000 
0.50000000000000000000000000000000000000000000000000
EMAT 18 207 3 -0.50000000000000000000000000000000000000000000000000 
0.50000000000000000000000000000000000000000000000000
EMAT 18 208 3 -0.50000000000000000000000000000000000000000000000000 
0.50000000000000000000000000000000000000000000000000
EMAT 18 209 3 -0.50000000000000000000000000000000000000000000000000 
0.50000000000000000000000000000000000000000000000000
EMAT 18 210 3 -0.50000000000000000000000000000000000000000000000000 
0.50000000000000000000000000000000000000000000000000
EMAT 18 211 4 1.0000000000000000000000000000000000000000000000000 
1.3062397637815796128416069437464486651381496702136E-79
EMAT 18 212 4 -2.3136392773794675002534347666868222058239497993120E-79 
-1.0000000000000000000000000000000000000000000000000
EMAT 18 213 4 1.0000000000000000000000000000000000000000000000000 
-3.1101579698535667922955687493182486730761783323363E-79
EMAT 18 214 4 -1.7835731628669488192705815890471550986938463676314E-78 
-1.0000000000000000000000000000000000000000000000000
EMAT 18 215 4 1.0000000000000000000000000000000000000000000000000 
1.0678399828666741232231698425785706465481677347081E-81
EMAT 18 216 4 2.7576218065942879004060706899112024580329988549109E-78 
-1.0000000000000000000000000000000000000000000000000
EMAT 18 217 4 1.0000000000000000000000000000000000000000000000000 
1.3452647060363480449757406069399283024333941839210E-79
EMAT 18 218 4 5.4769724770116846076873998359519003352375071598042E-78 
-1.0000000000000000000000000000000000000000000000000
EMAT 18 219 4 1.0000000000000000000000000000000000000000000000000 
-1.7803209516176557643627668632624962730352749042810E-79
EMAT 18 220 4 -5.7599603881678788412392485020216352926845479078967E-79 
-1.0000000000000000000000000000000000000000000000000
EMAT 18 221 4 1.0000000000000000000000000000000000000000000000000 
-3.0261315376565560122574132145047486945694191414176E-78
EMAT 18 222 4 -6.2078467048065335503838836499641670918288463780533E-78 
-1.0000000000000000000000000000000000000000000000000
EMAT 18 223 4 1.0000000000000000000000000000000000000000000000000 
6.5669822918329180393827589855455610192292486672203E-78
EMAT 18 224 4 -6.0694008903244456276977360331640288286292929002934E-78 
-1.0000000000000000000000000000000000000000000000000
EMAT 18 225 4 1.0000000000000000000000000000000000000000000000000 
-1.0548730389262650802442877264425211689263222624547E-78
EMAT 18 226 4 1.3755902267467912230657019119321716876821688050121E-78 
-1.0000000000000000000000000000000000000000000000000
EMAT 18 227 4 1.0000000000000000000000000000000000000000000000000 
-8.7729522184868144721668275121075703085121252161964E-78
EMAT 18 228 4 -9.6761702691385844253509309607149449233317203683387E-78 
-1.0000000000000000000000000000000000000000000000000
EMAT 18 229 4 1.0000000000000000000000000000000000000000000000000 
5.5749833623661888417356706532427520536590171699598E-78
EMAT 18 230 4 -4.7782979963445277834511577183997635862708491332134E-78 
-1.0000000000000000000000000000000000000000000000000
EMAT 18 231 4 1.0000000000000000000000000000000000000000000000000 
-2.2123617760787362807184555674997422808456708858137E-77
EMAT 18 232 4 -2.8792946503509285497942779304674111396233535905955E-78 
-1.0000000000000000000000000000000000000000000000000
EMAT 18 233 4 1.0000000000000000000000000000000000000000000000000 
4.6884101627973260619315325977481816345935986164656E-79
EMAT 18 234 4 -1.4431526878232217037146995953881505375743656065187E-77 
-1.0000000000000000000000000000000000000000000000000
EMAT 18 235 4 1.0000000000000000000000000000000000000000000000000 
2.3819523791563289479270582690596002503620244863403E-78
EMAT 18 236 4 1.0482377134379616564915812996114307542930599960447E-77 
-1.0000000000000000000000000000000000000000000000000
EMAT 18 237 4 1.0000000000000000000000000000000000000000000000000 
-4.0418671943426097423087617876823674555134930576207E-77
EMAT 18 238 4 5.3705736178931273087713050449770541783182468899842E-77 
-1.0000000000000000000000000000000000000000000000000
EMAT 18 239 4 1.0000000000000000000000000000000000000000000000000 
4.7824501463282022477898581934504712319549996037753E-78
EMAT 18 240 4 -3.5705703939044663246899042854044508741007319655709E-78 
-1.0000000000000000000000000000000000000000000000000
EMAT 18 241 4 1.0000000000000000000000000000000000000000000000000 
-2.5808523559156467078560491044632257240015545839595E-78
EMAT 18 242 4 -2.1470946069814883497353720661743938448791419998683E-78 
-1.0000000000000000000000000000000000000000000000000
EMAT 18 243 4 1.0000000000000000000000000000000000000000000000000 
5.1837776783174998653712808510765340970315715411257E-77
EMAT 18 267 12 -1.0000000000000000000000000000000000000000000000000 
-4.1287620584741228574989323307184604778524837345111E-78
EMAT 18 268 12 1.0000000000000000000000000000000000000000000000000 
-1.0205585301156725106523871242311587177719610177496E-77
EMAT 18 269 12 -6.8112063574838209384147202993668107612864231594483E-78 
1.0000000000000000000000000000000000000000000000000
EMAT 18 270 12 -3.5785634041217025179388514937581556852817134177997E-78 
1.0000000000000000000000000000000000000000000000000
EMAT 18 271 12 -1.0000000000000000000000000000000000000000000000000 
1.4475308562687809609198988470917654771894883273166E-77
EMAT 18 272 12 1.0000000000000000000000000000000000000000000000000 
4.6242448834839641575849481223407845734367988355725E-78
EMAT 18 273 12 -1.2875641333101842757730197045981192233320376251507E-77 
1.0000000000000000000000000000000000000000000000000
EMAT 18 274 12 -1.0000000000000000000000000000000000000000000000000 
-1.8325505164998474273259561892584940358156405834018E-78
EMAT 18 275 12 2.7178048654728138624039369164884684331729229555286E-79 
1.0000000000000000000000000000000000000000000000000
EMAT 18 276 12 -1.0000000000000000000000000000000000000000000000000 
-4.4045458598487338109478396944144846421647952791579E-77
EMAT 18 277 12 3.5623946093448914366643915813295024341266334408757E-77 
1.0000000000000000000000000000000000000000000000000
EMAT 18 281 33 -0.50000000000000000000000000000000000000000000000000 
-0.50000000000000000000000000000000000000000000000000
EMAT 18 282 33 -0.50000000000000000000000000000000000000000000000000 
-0.50000000000000000000000000000000000000000000000000
EMAT 18 283 33 -0.50000000000000000000000000000000000000000000000000 
-0.50000000000000000000000000000000000000000000000000
EMAT 18 284 33 0.50000000000000000000000000000000000000000000000000 
0.50000000000000000000000000000000000000000000000000
EMAT 18 285 44 1.0000000000000000000000000000000000000000000000000 
7.0321184201534743865163363948304729989945158386279E-78
EMAT 18 286 44 -1.3199659389401393774784461071345387049570996605135E-77 
-1.0000000000000000000000000000000000000000000000000
EMAT 18 287 44 1.0000000000000000000000000000000000000000000000000 
-1.4922927851143885232628272702896434191429251481761E-77
EMAT 19 2 1 -0.013888888888888888888888888888888888888888888888889 
-0.013888888888888888888888888888888888888888888888889
EMAT 19 3 1 -0.013888888888888888888888888888888888888888888888889 
-0.013888888888888888888888888888888888888888888888889
EMAT 19 4 1 -0.013888888888888888888888888888888888888888888888889 
-0.013888888888888888888888888888888888888888888888889
EMAT 19 5 1 -0.013888888888888888888888888888888888888888888888889 
-0.013888888888888888888888888888888888888888888888889
EMAT 19 6 1 -0.013888888888888888888888888888888888888888888888889 
-0.013888888888888888888888888888888888888888888888889
EMAT 19 7 1 -0.013888888888888888888888888888888888888888888888889 
-0.013888888888888888888888888888888888888888888888889
EMAT 19 8 1 -0.013888888888888888888888888888888888888888888888889 
-0.013888888888888888888888888888888888888888888888889
EMAT 19 9 1 -0.013888888888888888888888888888888888888888888888889 
-0.013888888888888888888888888888888888888888888888889
EMAT 19 10 1 -0.013888888888888888888888888888888888888888888888889 
-0.013888888888888888888888888888888888888888888888889
EMAT 19 11 1 -0.013888888888888888888888888888888888888888888888889 
-0.013888888888888888888888888888888888888888888888889
EMAT 19 12 1 -0.013888888888888888888888888888888888888888888888889 
-0.013888888888888888888888888888888888888888888888889
EMAT 19 13 1 -0.013888888888888888888888888888888888888888888888889 
-0.013888888888888888888888888888888888888888888888889
EMAT 19 14 1 -0.013888888888888888888888888888888888888888888888889 
-0.013888888888888888888888888888888888888888888888889
EMAT 19 15 1 -0.013888888888888888888888888888888888888888888888889 
-0.013888888888888888888888888888888888888888888888889
EMAT 19 16 1 -0.013888888888888888888888888888888888888888888888889 
-0.013888888888888888888888888888888888888888888888889
EMAT 19 17 1 -0.013888888888888888888888888888888888888888888888889 
-0.013888888888888888888888888888888888888888888888889
EMAT 19 18 1 -0.013888888888888888888888888888888888888888888888889 
-0.013888888888888888888888888888888888888888888888889
EMAT 19 19 1 -0.013888888888888888888888888888888888888888888888889 
-0.013888888888888888888888888888888888888888888888889
EMAT 19 20 1 -0.013888888888888888888888888888888888888888888888889 
-0.013888888888888888888888888888888888888888888888889
EMAT 19 21 1 -0.013888888888888888888888888888888888888888888888889 
-0.013888888888888888888888888888888888888888888888889
EMAT 19 22 1 -0.013888888888888888888888888888888888888888888888889 
-0.013888888888888888888888888888888888888888888888889
EMAT 19 23 1 -0.013888888888888888888888888888888888888888888888889 
-0.013888888888888888888888888888888888888888888888889
EMAT 19 24 1 -0.013888888888888888888888888888888888888888888888889 
-0.013888888888888888888888888888888888888888888888889
EMAT 19 25 1 -0.013888888888888888888888888888888888888888888888889 
-0.013888888888888888888888888888888888888888888888889
EMAT 19 26 1 -0.013888888888888888888888888888888888888888888888889 
-0.013888888888888888888888888888888888888888888888889
EMAT 19 27 1 -0.013888888888888888888888888888888888888888888888889 
-0.013888888888888888888888888888888888888888888888889
EMAT 19 28 1 -0.013888888888888888888888888888888888888888888888889 
-0.013888888888888888888888888888888888888888888888889
EMAT 19 29 1 -0.013888888888888888888888888888888888888888888888889 
-0.013888888888888888888888888888888888888888888888889
EMAT 19 30 1 -0.013888888888888888888888888888888888888888888888889 
-0.013888888888888888888888888888888888888888888888889
EMAT 19 31 1 -0.013888888888888888888888888888888888888888888888889 
-0.013888888888888888888888888888888888888888888888889
EMAT 19 32 1 -0.013888888888888888888888888888888888888888888888889 
-0.013888888888888888888888888888888888888888888888889
EMAT 19 33 1 -0.013888888888888888888888888888888888888888888888889 
-0.013888888888888888888888888888888888888888888888889
EMAT 19 34 1 -0.013888888888888888888888888888888888888888888888889 
-0.013888888888888888888888888888888888888888888888889
EMAT 19 35 1 -0.013888888888888888888888888888888888888888888888889 
-0.013888888888888888888888888888888888888888888888889
EMAT 19 36 1 -0.013888888888888888888888888888888888888888888888889 
-0.013888888888888888888888888888888888888888888888889
EMAT 19 37 1 -0.013888888888888888888888888888888888888888888888889 
-0.013888888888888888888888888888888888888888888888889
EMAT 19 38 1 -0.013888888888888888888888888888888888888888888888889 
-0.013888888888888888888888888888888888888888888888889
EMAT 19 39 1 -0.013888888888888888888888888888888888888888888888889 
-0.013888888888888888888888888888888888888888888888889
EMAT 19 40 1 -0.013888888888888888888888888888888888888888888888889 
-0.013888888888888888888888888888888888888888888888889
EMAT 19 41 1 -0.013888888888888888888888888888888888888888888888889 
-0.013888888888888888888888888888888888888888888888889
EMAT 19 42 1 -0.013888888888888888888888888888888888888888888888889 
-0.013888888888888888888888888888888888888888888888889
EMAT 19 43 1 -0.013888888888888888888888888888888888888888888888889 
-0.013888888888888888888888888888888888888888888888889
EMAT 19 44 1 -0.013888888888888888888888888888888888888888888888889 
-0.013888888888888888888888888888888888888888888888889
EMAT 19 45 1 -0.013888888888888888888888888888888888888888888888889 
-0.013888888888888888888888888888888888888888888888889
EMAT 19 46 1 -0.013888888888888888888888888888888888888888888888889 
-0.013888888888888888888888888888888888888888888888889
EMAT 19 47 1 -0.013888888888888888888888888888888888888888888888889 
-0.013888888888888888888888888888888888888888888888889
EMAT 19 48 1 -0.013888888888888888888888888888888888888888888888889 
-0.013888888888888888888888888888888888888888888888889
EMAT 19 49 1 -0.013888888888888888888888888888888888888888888888889 
-0.013888888888888888888888888888888888888888888888889
EMAT 19 50 1 -0.013888888888888888888888888888888888888888888888889 
-0.013888888888888888888888888888888888888888888888889
EMAT 19 51 1 -0.013888888888888888888888888888888888888888888888889 
-0.013888888888888888888888888888888888888888888888889
EMAT 19 52 1 -0.013888888888888888888888888888888888888888888888889 
-0.013888888888888888888888888888888888888888888888889
EMAT 19 53 1 -0.013888888888888888888888888888888888888888888888889 
-0.013888888888888888888888888888888888888888888888889
EMAT 19 54 1 -0.013888888888888888888888888888888888888888888888889 
-0.013888888888888888888888888888888888888888888888889
EMAT 19 55 1 -0.013888888888888888888888888888888888888888888888889 
-0.013888888888888888888888888888888888888888888888889
EMAT 19 56 1 -0.013888888888888888888888888888888888888888888888889 
-0.013888888888888888888888888888888888888888888888889
EMAT 19 57 1 -0.013888888888888888888888888888888888888888888888889 
-0.013888888888888888888888888888888888888888888888889
EMAT 19 58 1 -0.013888888888888888888888888888888888888888888888889 
-0.013888888888888888888888888888888888888888888888889
EMAT 19 59 1 -0.013888888888888888888888888888888888888888888888889 
-0.013888888888888888888888888888888888888888888888889
EMAT 19 60 1 -0.013888888888888888888888888888888888888888888888889 
-0.013888888888888888888888888888888888888888888888889
EMAT 19 61 1 -0.013888888888888888888888888888888888888888888888889 
-0.013888888888888888888888888888888888888888888888889
EMAT 19 62 1 -0.013888888888888888888888888888888888888888888888889 
-0.013888888888888888888888888888888888888888888888889
EMAT 19 63 1 -0.013888888888888888888888888888888888888888888888889 
-0.013888888888888888888888888888888888888888888888889
EMAT 19 64 1 -0.013888888888888888888888888888888888888888888888889 
-0.013888888888888888888888888888888888888888888888889
EMAT 19 65 1 -0.013888888888888888888888888888888888888888888888889 
-0.013888888888888888888888888888888888888888888888889
EMAT 19 66 1 -0.013888888888888888888888888888888888888888888888889 
-0.013888888888888888888888888888888888888888888888889
EMAT 19 67 1 -0.013888888888888888888888888888888888888888888888889 
-0.013888888888888888888888888888888888888888888888889
EMAT 19 68 1 -0.013888888888888888888888888888888888888888888888889 
-0.013888888888888888888888888888888888888888888888889
EMAT 19 69 1 -0.013888888888888888888888888888888888888888888888889 
-0.013888888888888888888888888888888888888888888888889
EMAT 19 70 1 -0.013888888888888888888888888888888888888888888888889 
-0.013888888888888888888888888888888888888888888888889
EMAT 19 71 1 -0.013888888888888888888888888888888888888888888888889 
-0.013888888888888888888888888888888888888888888888889
EMAT 19 72 1 -0.013888888888888888888888888888888888888888888888889 
-0.013888888888888888888888888888888888888888888888889
EMAT 19 73 1 -0.013888888888888888888888888888888888888888888888889 
-0.013888888888888888888888888888888888888888888888889
EMAT 19 74 1 -0.013888888888888888888888888888888888888888888888889 
-0.013888888888888888888888888888888888888888888888889
EMAT 19 75 1 -0.013888888888888888888888888888888888888888888888889 
-0.013888888888888888888888888888888888888888888888889
EMAT 19 76 1 -0.013888888888888888888888888888888888888888888888889 
-0.013888888888888888888888888888888888888888888888889
EMAT 19 77 1 -0.013888888888888888888888888888888888888888888888889 
-0.013888888888888888888888888888888888888888888888889
EMAT 19 78 1 -0.013888888888888888888888888888888888888888888888889 
-0.013888888888888888888888888888888888888888888888889
EMAT 19 79 1 -0.013888888888888888888888888888888888888888888888889 
-0.013888888888888888888888888888888888888888888888889
EMAT 19 80 1 -0.013888888888888888888888888888888888888888888888889 
-0.013888888888888888888888888888888888888888888888889
EMAT 19 81 1 -0.013888888888888888888888888888888888888888888888889 
-0.013888888888888888888888888888888888888888888888889
EMAT 19 82 1 -0.013888888888888888888888888888888888888888888888889 
-0.013888888888888888888888888888888888888888888888889
EMAT 19 83 1 -0.013888888888888888888888888888888888888888888888889 
-0.013888888888888888888888888888888888888888888888889
EMAT 19 84 1 -0.013888888888888888888888888888888888888888888888889 
-0.013888888888888888888888888888888888888888888888889
EMAT 19 85 1 -0.013888888888888888888888888888888888888888888888889 
-0.013888888888888888888888888888888888888888888888889
EMAT 19 86 1 -0.013888888888888888888888888888888888888888888888889 
-0.013888888888888888888888888888888888888888888888889
EMAT 19 87 1 -0.013888888888888888888888888888888888888888888888889 
-0.013888888888888888888888888888888888888888888888889
EMAT 19 88 1 -0.013888888888888888888888888888888888888888888888889 
-0.013888888888888888888888888888888888888888888888889
EMAT 19 89 1 -0.013888888888888888888888888888888888888888888888889 
-0.013888888888888888888888888888888888888888888888889
EMAT 19 90 1 -0.013888888888888888888888888888888888888888888888889 
-0.013888888888888888888888888888888888888888888888889
EMAT 19 91 1 -0.013888888888888888888888888888888888888888888888889 
-0.013888888888888888888888888888888888888888888888889
EMAT 19 92 1 -0.013888888888888888888888888888888888888888888888889 
-0.013888888888888888888888888888888888888888888888889
EMAT 19 93 1 -0.013888888888888888888888888888888888888888888888889 
-0.013888888888888888888888888888888888888888888888889
EMAT 19 94 1 -0.013888888888888888888888888888888888888888888888889 
-0.013888888888888888888888888888888888888888888888889
EMAT 19 95 1 -0.013888888888888888888888888888888888888888888888889 
-0.013888888888888888888888888888888888888888888888889
EMAT 19 96 1 -0.013888888888888888888888888888888888888888888888889 
-0.013888888888888888888888888888888888888888888888889
EMAT 19 97 1 -0.013888888888888888888888888888888888888888888888889 
-0.013888888888888888888888888888888888888888888888889
EMAT 19 98 1 -0.013888888888888888888888888888888888888888888888889 
-0.013888888888888888888888888888888888888888888888889
EMAT 19 99 1 -0.013888888888888888888888888888888888888888888888889 
-0.013888888888888888888888888888888888888888888888889
EMAT 19 100 1 -0.013888888888888888888888888888888888888888888888889 
-0.013888888888888888888888888888888888888888888888889
EMAT 19 101 1 -0.013888888888888888888888888888888888888888888888889 
-0.013888888888888888888888888888888888888888888888889
EMAT 19 102 1 -0.013888888888888888888888888888888888888888888888889 
-0.013888888888888888888888888888888888888888888888889
EMAT 19 103 1 -0.013888888888888888888888888888888888888888888888889 
-0.013888888888888888888888888888888888888888888888889
EMAT 19 104 1 -0.013888888888888888888888888888888888888888888888889 
-0.013888888888888888888888888888888888888888888888889
EMAT 19 105 1 -0.013888888888888888888888888888888888888888888888889 
-0.013888888888888888888888888888888888888888888888889
EMAT 19 106 1 -0.013888888888888888888888888888888888888888888888889 
-0.013888888888888888888888888888888888888888888888889
EMAT 19 107 1 -0.013888888888888888888888888888888888888888888888889 
-0.013888888888888888888888888888888888888888888888889
EMAT 19 108 1 -0.013888888888888888888888888888888888888888888888889 
-0.013888888888888888888888888888888888888888888888889
EMAT 19 109 1 -0.013888888888888888888888888888888888888888888888889 
-0.013888888888888888888888888888888888888888888888889
EMAT 19 110 1 -0.013888888888888888888888888888888888888888888888889 
-0.013888888888888888888888888888888888888888888888889
EMAT 19 111 1 -0.013888888888888888888888888888888888888888888888889 
-0.013888888888888888888888888888888888888888888888889
EMAT 19 112 1 -0.013888888888888888888888888888888888888888888888889 
-0.013888888888888888888888888888888888888888888888889
EMAT 19 113 1 -0.013888888888888888888888888888888888888888888888889 
-0.013888888888888888888888888888888888888888888888889
EMAT 19 114 1 -0.013888888888888888888888888888888888888888888888889 
-0.013888888888888888888888888888888888888888888888889
EMAT 19 115 1 -0.013888888888888888888888888888888888888888888888889 
-0.013888888888888888888888888888888888888888888888889
EMAT 19 116 1 -0.013888888888888888888888888888888888888888888888889 
-0.013888888888888888888888888888888888888888888888889
EMAT 19 117 1 -0.013888888888888888888888888888888888888888888888889 
-0.013888888888888888888888888888888888888888888888889
EMAT 19 118 1 -0.013888888888888888888888888888888888888888888888889 
-0.013888888888888888888888888888888888888888888888889
EMAT 19 119 1 -0.013888888888888888888888888888888888888888888888889 
-0.013888888888888888888888888888888888888888888888889
EMAT 19 120 1 -0.013888888888888888888888888888888888888888888888889 
-0.013888888888888888888888888888888888888888888888889
EMAT 19 121 1 -0.013888888888888888888888888888888888888888888888889 
-0.013888888888888888888888888888888888888888888888889
EMAT 19 122 1 -0.013888888888888888888888888888888888888888888888889 
-0.013888888888888888888888888888888888888888888888889
EMAT 19 123 1 -0.013888888888888888888888888888888888888888888888889 
-0.013888888888888888888888888888888888888888888888889
EMAT 19 124 1 -0.013888888888888888888888888888888888888888888888889 
-0.013888888888888888888888888888888888888888888888889
EMAT 19 125 1 -0.013888888888888888888888888888888888888888888888889 
-0.013888888888888888888888888888888888888888888888889
EMAT 19 126 1 -0.013888888888888888888888888888888888888888888888889 
-0.013888888888888888888888888888888888888888888888889
EMAT 19 127 1 -0.013888888888888888888888888888888888888888888888889 
-0.013888888888888888888888888888888888888888888888889
EMAT 19 128 1 -0.013888888888888888888888888888888888888888888888889 
-0.013888888888888888888888888888888888888888888888889
EMAT 19 129 1 -0.013888888888888888888888888888888888888888888888889 
-0.013888888888888888888888888888888888888888888888889
EMAT 19 130 1 -0.013888888888888888888888888888888888888888888888889 
-0.013888888888888888888888888888888888888888888888889
EMAT 19 131 1 -0.013888888888888888888888888888888888888888888888889 
-0.013888888888888888888888888888888888888888888888889
EMAT 19 132 1 -0.013888888888888888888888888888888888888888888888889 
-0.013888888888888888888888888888888888888888888888889
EMAT 19 133 1 -0.013888888888888888888888888888888888888888888888889 
-0.013888888888888888888888888888888888888888888888889
EMAT 19 167 3 -0.12500000000000000000000000000000000000000000000000 
0.12500000000000000000000000000000000000000000000000
EMAT 19 168 3 -0.12500000000000000000000000000000000000000000000000 
0.12500000000000000000000000000000000000000000000000
EMAT 19 169 3 -0.12500000000000000000000000000000000000000000000000 
0.12500000000000000000000000000000000000000000000000
EMAT 19 170 3 -0.12500000000000000000000000000000000000000000000000 
0.12500000000000000000000000000000000000000000000000
EMAT 19 171 3 -0.12500000000000000000000000000000000000000000000000 
0.12500000000000000000000000000000000000000000000000
EMAT 19 172 3 -0.12500000000000000000000000000000000000000000000000 
0.12500000000000000000000000000000000000000000000000
EMAT 19 173 3 -0.12500000000000000000000000000000000000000000000000 
0.12500000000000000000000000000000000000000000000000
EMAT 19 174 3 -0.12500000000000000000000000000000000000000000000000 
0.12500000000000000000000000000000000000000000000000
EMAT 19 175 3 -0.12500000000000000000000000000000000000000000000000 
0.12500000000000000000000000000000000000000000000000
EMAT 19 176 3 -0.12500000000000000000000000000000000000000000000000 
0.12500000000000000000000000000000000000000000000000
EMAT 19 177 3 -0.12500000000000000000000000000000000000000000000000 
0.12500000000000000000000000000000000000000000000000
EMAT 19 178 3 -0.12500000000000000000000000000000000000000000000000 
0.12500000000000000000000000000000000000000000000000
EMAT 19 179 3 -0.12500000000000000000000000000000000000000000000000 
0.12500000000000000000000000000000000000000000000000
EMAT 19 180 3 -0.12500000000000000000000000000000000000000000000000 
0.12500000000000000000000000000000000000000000000000
EMAT 19 181 3 -0.12500000000000000000000000000000000000000000000000 
0.12500000000000000000000000000000000000000000000000
EMAT 19 182 3 -0.12500000000000000000000000000000000000000000000000 
0.12500000000000000000000000000000000000000000000000
EMAT 19 183 3 -0.12500000000000000000000000000000000000000000000000 
0.12500000000000000000000000000000000000000000000000
EMAT 19 184 3 -0.12500000000000000000000000000000000000000000000000 
0.12500000000000000000000000000000000000000000000000
EMAT 19 185 3 -0.12500000000000000000000000000000000000000000000000 
0.12500000000000000000000000000000000000000000000000
EMAT 19 186 3 -0.12500000000000000000000000000000000000000000000000 
0.12500000000000000000000000000000000000000000000000
EMAT 19 187 3 -0.12500000000000000000000000000000000000000000000000 
0.12500000000000000000000000000000000000000000000000
EMAT 19 188 3 -0.12500000000000000000000000000000000000000000000000 
0.12500000000000000000000000000000000000000000000000
EMAT 19 189 3 -0.12500000000000000000000000000000000000000000000000 
0.12500000000000000000000000000000000000000000000000
EMAT 19 190 3 -0.12500000000000000000000000000000000000000000000000 
0.12500000000000000000000000000000000000000000000000
EMAT 19 191 3 -0.12500000000000000000000000000000000000000000000000 
0.12500000000000000000000000000000000000000000000000
EMAT 19 192 3 -0.12500000000000000000000000000000000000000000000000 
0.12500000000000000000000000000000000000000000000000
EMAT 19 193 3 -0.12500000000000000000000000000000000000000000000000 
0.12500000000000000000000000000000000000000000000000
EMAT 19 194 3 -0.12500000000000000000000000000000000000000000000000 
0.12500000000000000000000000000000000000000000000000
EMAT 19 195 3 -0.12500000000000000000000000000000000000000000000000 
0.12500000000000000000000000000000000000000000000000
EMAT 19 196 3 -0.12500000000000000000000000000000000000000000000000 
0.12500000000000000000000000000000000000000000000000
EMAT 19 197 3 -0.12500000000000000000000000000000000000000000000000 
0.12500000000000000000000000000000000000000000000000
EMAT 19 198 3 -0.12500000000000000000000000000000000000000000000000 
0.12500000000000000000000000000000000000000000000000
EMAT 19 199 3 -0.12500000000000000000000000000000000000000000000000 
0.12500000000000000000000000000000000000000000000000
EMAT 19 200 3 -0.12500000000000000000000000000000000000000000000000 
0.12500000000000000000000000000000000000000000000000
EMAT 19 201 3 -0.12500000000000000000000000000000000000000000000000 
0.12500000000000000000000000000000000000000000000000
EMAT 19 202 3 -0.12500000000000000000000000000000000000000000000000 
0.12500000000000000000000000000000000000000000000000
EMAT 19 203 3 -0.12500000000000000000000000000000000000000000000000 
0.12500000000000000000000000000000000000000000000000
EMAT 19 204 3 -0.12500000000000000000000000000000000000000000000000 
0.12500000000000000000000000000000000000000000000000
EMAT 19 205 3 -0.12500000000000000000000000000000000000000000000000 
0.12500000000000000000000000000000000000000000000000
EMAT 19 206 3 -0.12500000000000000000000000000000000000000000000000 
0.12500000000000000000000000000000000000000000000000
EMAT 19 207 3 -0.12500000000000000000000000000000000000000000000000 
0.12500000000000000000000000000000000000000000000000
EMAT 19 208 3 -0.12500000000000000000000000000000000000000000000000 
0.12500000000000000000000000000000000000000000000000
EMAT 19 209 3 -0.12500000000000000000000000000000000000000000000000 
0.12500000000000000000000000000000000000000000000000
EMAT 19 210 3 -0.12500000000000000000000000000000000000000000000000 
0.12500000000000000000000000000000000000000000000000
EMAT 19 211 4 0.11111111111111111111111111111111111111111111111111 
-3.6424923392486039733751235510165597225128592690535E-81
EMAT 19 212 4 -3.7856902292179946218044616007040484620863201218824E-80 
-0.11111111111111111111111111111111111111111111111111
EMAT 19 213 4 0.11111111111111111111111111111111111111111111111111 
2.3393078537036634436437432810027983770933205456105E-80
EMAT 19 214 4 7.2146771129795874122864937094505726398610768798074E-80 
-0.11111111111111111111111111111111111111111111111111
EMAT 19 215 4 0.11111111111111111111111111111111111111111111111111 
-1.2167954182917927698134897347345951342851417854682E-79
EMAT 19 216 4 -4.3566148172492551372856127994373930334571071911589E-80 
-0.11111111111111111111111111111111111111111111111111
EMAT 19 217 4 0.11111111111111111111111111111111111111111111111111 
-4.2571123528680498001767487799663090292594128766697E-80
EMAT 19 218 4 -3.4028367307148533136159115825796699676723170948549E-79 
-0.11111111111111111111111111111111111111111111111111
EMAT 19 219 4 0.11111111111111111111111111111111111111111111111111 
-6.6056730157527435251331447467361980350751421445344E-80
EMAT 19 220 4 -9.2884488477781264864296720208734029476332433817452E-80 
-0.11111111111111111111111111111111111111111111111111
EMAT 19 221 4 0.11111111111111111111111111111111111111111111111111 
-3.0386830605461854971998515242932820055806907332946E-79
EMAT 19 222 4 -4.5791126584499329765174966337073915684181667280614E-79 
-0.11111111111111111111111111111111111111111111111111
EMAT 19 223 4 0.11111111111111111111111111111111111111111111111111 
-2.8200537701599178638836177541722445607976435114143E-79
EMAT 19 224 4 5.0135532880124056625476448852088138991659040977250E-79 
-0.11111111111111111111111111111111111111111111111111
EMAT 19 225 4 0.11111111111111111111111111111111111111111111111111 
-2.5210469940720515152326037190398876868642136529027E-79
EMAT 19 226 4 1.7668201333873528644217475350435858115821188800770E-79 
-0.11111111111111111111111111111111111111111111111111
EMAT 19 227 4 0.11111111111111111111111111111111111111111111111111 
-5.8123213471670287812077040567515591129748960151085E-79
EMAT 19 228 4 -5.7562664528682942879540385478907433822798832018805E-81 
-0.11111111111111111111111111111111111111111111111111
EMAT 19 229 4 0.11111111111111111111111111111111111111111111111111 
-6.6719232981710292148770658847359945823560575638036E-79
EMAT 19 230 4 -1.4348179516667246999627851650817744388828116325553E-78 
-0.11111111111111111111111111111111111111111111111111
EMAT 19 231 4 0.11111111111111111111111111111111111111111111111111 
8.9825338075804259913507596311564006179271014104566E-79
EMAT 19 232 4 -1.4008741294416408862378821458579928038311723496770E-78 
-0.11111111111111111111111111111111111111111111111111
EMAT 19 233 4 0.11111111111111111111111111111111111111111111111111 
3.0197445360975087769966391046854743143832842087747E-79
EMAT 19 234 4 1.2446678608221758178786697186674965037972031791950E-78 
-0.11111111111111111111111111111111111111111111111111
EMAT 19 235 4 0.11111111111111111111111111111111111111111111111111 
2.1876847468956716635600531044956323937955931842091E-79
EMAT 19 236 4 -1.2196966024990796575467535436825448658932030245395E-78 
-0.11111111111111111111111111111111111111111111111111
EMAT 19 237 4 0.11111111111111111111111111111111111111111111111111 
1.7175159059001014964734476379350802490206213075379E-79
EMAT 19 238 4 -1.1847870704760316467904997782220697306549202173508E-78 
-0.11111111111111111111111111111111111111111111111111
EMAT 19 239 4 0.11111111111111111111111111111111111111111111111111 
-1.8927957307162201365528429093081475366585821345692E-78
EMAT 19 240 4 -5.5559569947552967969155826015056259926975902082492E-79 
-0.11111111111111111111111111111111111111111111111111
EMAT 19 241 4 0.11111111111111111111111111111111111111111111111111 
2.0930597268209533624776650537723259845915043927890E-78
EMAT 19 242 4 6.8900920300295080262614082379474641271563659989671E-79 
-0.11111111111111111111111111111111111111111111111111
EMAT 19 243 4 0.11111111111111111111111111111111111111111111111111 
-6.3045780809381148992819243889096887747871018590509E-79
EMAT 19 255 11 0.013888888888888888888888888888888888888888888888889 
-0.013888888888888888888888888888888888888888888888889
EMAT 19 256 11 -0.013888888888888888888888888888888888888888888888889 
0.013888888888888888888888888888888888888888888888889
EMAT 19 257 11 0.013888888888888888888888888888888888888888888888889 
-0.013888888888888888888888888888888888888888888888889
EMAT 19 258 11 0.013888888888888888888888888888888888888888888888889 
-0.013888888888888888888888888888888888888888888888889
EMAT 19 259 11 -0.013888888888888888888888888888888888888888888888889 
0.013888888888888888888888888888888888888888888888889
EMAT 19 260 11 -0.013888888888888888888888888888888888888888888888889 
0.013888888888888888888888888888888888888888888888889
EMAT 19 261 11 0.013888888888888888888888888888888888888888888888889 
-0.013888888888888888888888888888888888888888888888889
EMAT 19 262 11 0.013888888888888888888888888888888888888888888888889 
-0.013888888888888888888888888888888888888888888888889
EMAT 19 263 11 0.013888888888888888888888888888888888888888888888889 
-0.013888888888888888888888888888888888888888888888889
EMAT 19 264 11 0.013888888888888888888888888888888888888888888888889 
-0.013888888888888888888888888888888888888888888888889
EMAT 19 265 11 0.013888888888888888888888888888888888888888888888889 
-0.013888888888888888888888888888888888888888888888889
EMAT 19 266 11 0.013888888888888888888888888888888888888888888888889 
-0.013888888888888888888888888888888888888888888888889
EMAT 19 281 33 -0.12500000000000000000000000000000000000000000000000 
-0.12500000000000000000000000000000000000000000000000
EMAT 19 282 33 -0.12500000000000000000000000000000000000000000000000 
-0.12500000000000000000000000000000000000000000000000
EMAT 19 283 33 -0.12500000000000000000000000000000000000000000000000 
-0.12500000000000000000000000000000000000000000000000
EMAT 19 284 33 0.12500000000000000000000000000000000000000000000000 
0.12500000000000000000000000000000000000000000000000
EMAT 19 285 44 0.11111111111111111111111111111111111111111111111111 
4.7068528750494226068135506958838804343036291602053E-79
EMAT 19 286 44 3.3052825092073507506558217524799787880478838461393E-79 
-0.11111111111111111111111111111111111111111111111111
EMAT 19 287 44 0.11111111111111111111111111111111111111111111111111 
3.7994268236330110906391270090627613023933068546188E-80
EMAT 20 1 132 1.0000000000000000000000000000000000000000000000000 
4.0101897076836149271826073739262452980819311096288E-81
EMAT 20 211 4 0.090909090909090909090909090909090909090909090909091 
2.8396806473948271008298962354581366062349688340245E-81
EMAT 20 212 4 -1.4234687797984245713484540752500696270695300170598E-80 
-0.090909090909090909090909090909090909090909090909091
EMAT 20 213 4 0.090909090909090909090909090909090909090909090909091 
-1.2962519157957142860983055093103876900710209208972E-80
EMAT 20 214 4 1.6005959762563666298547840245975277087310870552233E-80 
-0.090909090909090909090909090909090909090909090909091
EMAT 20 215 4 0.090909090909090909090909090909090909090909090909091 
6.1347781918162748406529021609323093717466236811616E-80
EMAT 20 216 4 -5.1181336488175284660470672886503908789989129337754E-80 
-0.090909090909090909090909090909090909090909090909091
EMAT 20 217 4 0.090909090909090909090909090909090909090909090909091 
5.8823834253674625582099345793879628054966401740865E-80
EMAT 20 218 4 -1.2691197119546659363893098159202404438197172654553E-79 
-0.090909090909090909090909090909090909090909090909091
EMAT 20 219 4 0.090909090909090909090909090909090909090909090909091 
-7.5011873908472702738135252853777260190275925952507E-80
EMAT 20 220 4 9.8511507185095170546395783115196537868006972349088E-80 
-0.090909090909090909090909090909090909090909090909091
EMAT 20 221 4 0.090909090909090909090909090909090909090909090909091 
2.9473381838338854832670952532884172514089421263847E-81
EMAT 20 222 4 9.6580347252554713824405283059898076565597833827280E-80 
-0.090909090909090909090909090909090909090909090909091
EMAT 20 223 4 0.090909090909090909090909090909090909090909090909091 
-1.0100525982159401172848827521587362570308753537121E-79
EMAT 20 224 4 -4.3464166347751517987389516443387248404086596315271E-80 
-0.090909090909090909090909090909090909090909090909091
EMAT 20 225 4 0.090909090909090909090909090909090909090909090909091 
2.0085508666500417461982004728261632024950910278012E-80
EMAT 20 226 4 2.0797620438046286457503773023672561671534393069745E-79 
-0.090909090909090909090909090909090909090909090909091
EMAT 20 227 4 0.090909090909090909090909090909090909090909090909091 
2.3468891404059036167382061786065151333270262530123E-79
EMAT 20 228 4 1.2652896522641257562244112140326151416197457947467E-79 
-0.090909090909090909090909090909090909090909090909091
EMAT 20 229 4 0.090909090909090909090909090909090909090909090909091 
2.6807212201286038655625812087776387400453966849330E-79
EMAT 20 230 4 -1.2032682699983582496954497542318627669595779608265E-79 
-0.090909090909090909090909090909090909090909090909091
EMAT 20 231 4 0.090909090909090909090909090909090909090909090909091 
-3.6966669649782031254067702796236929184523281772129E-79
EMAT 20 232 4 1.6836628714632230573224805225023429598962192446869E-80 
-0.090909090909090909090909090909090909090909090909091
EMAT 20 233 4 0.090909090909090909090909090909090909090909090909091 
-2.1001251793793969339588960174822884780685376264966E-79
EMAT 20 234 4 -1.4190893737056098679372640487360076477066577207469E-80 
-0.090909090909090909090909090909090909090909090909091
EMAT 20 235 4 0.090909090909090909090909090909090909090909090909091 
4.0928918769401653428048191156483058488587709522009E-80
EMAT 20 236 4 6.6209487533244992279202473317155807370211577589889E-79 
-0.090909090909090909090909090909090909090909090909091
EMAT 20 237 4 0.090909090909090909090909090909090909090909090909091 
6.0883390584903249566736484036519984396393290525435E-80
EMAT 20 238 4 -1.5434129734475848625954397950220249486903755675725E-78 
-0.090909090909090909090909090909090909090909090909091
EMAT 20 239 4 0.090909090909090909090909090909090909090909090909091 
-7.2334356715602357230431554449062755109499286777953E-79
EMAT 20 240 4 5.2315633356718495104165329751317670779034325256681E-79 
-0.090909090909090909090909090909090909090909090909091
EMAT 20 241 4 0.090909090909090909090909090909090909090909090909091 
-7.2742088930091035601161286223967035446425839455122E-79
EMAT 20 242 4 5.0874989228335964522986636731591261971183623716473E-79 
-0.090909090909090909090909090909090909090909090909091
EMAT 20 243 4 0.090909090909090909090909090909090909090909090909091 
-9.7847708944591293291640256811875084686558750749597E-79
EMAT 20 267 12 0.090909090909090909090909090909090909090909090909091 
9.0139549535712961655564683721483647019103498612494E-81
EMAT 20 268 12 -0.090909090909090909090909090909090909090909090909091 
7.4630133233928082397137992199544537740491255266068E-80
EMAT 20 269 12 -2.6233230094694959724454787957604384812887940328183E-79 
-0.090909090909090909090909090909090909090909090909091
EMAT 20 270 12 -6.2122430542870811604900876838338840589936849135976E-80 
-0.090909090909090909090909090909090909090909090909091
EMAT 20 271 12 0.090909090909090909090909090909090909090909090909091 
1.7342579693377461311507365100177422830992417885713E-79
EMAT 20 272 12 -0.090909090909090909090909090909090909090909090909091 
6.2329151213659078988198730781981294216612395852351E-79
EMAT 20 273 12 2.0776637004627497350851625484628415007395821174214E-79 
-0.090909090909090909090909090909090909090909090909091
EMAT 20 274 12 0.090909090909090909090909090909090909090909090909091 
1.5977340648521005056505887693558438306124348372605E-79
EMAT 20 275 12 -1.6251844109732208365699227527832684328391076409518E-79 
-0.090909090909090909090909090909090909090909090909091
EMAT 20 276 12 0.090909090909090909090909090909090909090909090909091 
-1.0775098343672911167685519673503008675315665160872E-79
EMAT 20 277 12 -1.1557256342758984174799452302109944423566970970406E-78 
-0.090909090909090909090909090909090909090909090909091
EMAT 20 285 44 -1.0000000000000000000000000000000000000000000000000 
4.0993664582238873358548250783956776582089646911600E-75
EMAT 20 286 44 -9.0313960664632749745452829329542480119650109859088E-75 
1.0000000000000000000000000000000000000000000000000
EMAT 20 287 44 -1.0000000000000000000000000000000000000000000000000 
2.9383290121571535918317946033589450519494315728945E-75
EMAT 21 1 132 1.0000000000000000000000000000000000000000000000000 
8.7251150532259761809748592959196365346984308519081E-82
EMAT 21 211 4 0.33333333333333333333333333333333333333333333333333 
3.3459868659594712465987107185737753563474529948862E-81
EMAT 21 212 4 -4.5326310292810684623059155541322711373601915187529E-80 
-0.33333333333333333333333333333333333333333333333333
EMAT 21 213 4 0.33333333333333333333333333333333333333333333333333 
1.7960028873610306559452851145882145674826901779718E-80
EMAT 21 214 4 1.7078439943239648356743697229623396565677572776677E-79 
-0.33333333333333333333333333333333333333333333333333
EMAT 21 215 4 0.33333333333333333333333333333333333333333333333333 
-2.2318547180283259200661699481023644904484948392633E-80
EMAT 21 216 4 -3.0520297866247749606961845426678170026752201923386E-81 
-0.33333333333333333333333333333333333333333333333333
EMAT 21 217 4 0.33333333333333333333333333333333333333333333333333 
6.5802848436320842723245438957777311532891044202066E-81
EMAT 21 218 4 -7.5787186081421595346200569781980176894814925672292E-79 
-0.33333333333333333333333333333333333333333333333333
EMAT 21 219 4 0.33333333333333333333333333333333333333333333333333 
-2.5596889933988750838944396396279621683087177901792E-79
EMAT 21 220 4 5.6798120120696017141175364062845155676613322140331E-80 
-0.33333333333333333333333333333333333333333333333333
EMAT 21 221 4 0.33333333333333333333333333333333333333333333333333 
-2.0742124705230081432936583840710862690686116200197E-79
EMAT 21 222 4 -8.1798932921323038327230491173317282214629411757973E-80 
-0.33333333333333333333333333333333333333333333333333
EMAT 21 223 4 0.33333333333333333333333333333333333333333333333333 
-3.3373301298335529605576137068901077441642831206000E-79
EMAT 21 224 4 4.1660049236824618277671836451851622044551774866656E-79 
-0.33333333333333333333333333333333333333333333333333
EMAT 21 225 4 0.33333333333333333333333333333333333333333333333333 
2.2152273600568325494099853467648344466134341961342E-79
EMAT 21 226 4 1.8084293850398516163135368423117993742853263886126E-79 
-0.33333333333333333333333333333333333333333333333333
EMAT 21 227 4 0.33333333333333333333333333333333333333333333333333 
-2.8732369258167011337789059329865570043557296521126E-79
EMAT 21 228 4 1.7914840088510800374225515052387538738094230949277E-79 
-0.33333333333333333333333333333333333333333333333333
EMAT 21 229 4 0.33333333333333333333333333333333333333333333333333 
-3.6600511671720868908464002919786877599914148035388E-79
EMAT 21 230 4 -1.1978559001322357403895315191586862159185289636666E-79 
-0.33333333333333333333333333333333333333333333333333
EMAT 21 231 4 0.33333333333333333333333333333333333333333333333333 
7.5609641660821121417690195482826323453779463212964E-80
EMAT 21 232 4 -1.3549020537202528543185233255805249489971767320362E-78 
-0.33333333333333333333333333333333333333333333333333
EMAT 21 233 4 0.33333333333333333333333333333333333333333333333333 
-3.3092164460607376040733326419666340459763904082881E-80
EMAT 21 234 4 3.0519073927776758730360354512207341886690700346762E-79 
-0.33333333333333333333333333333333333333333333333333
EMAT 21 235 4 0.33333333333333333333333333333333333333333333333333 
7.2106043405535007834988662286623249382374853317091E-79
EMAT 21 236 4 -5.9828000450471261071818234933125018921798725221637E-80 
-0.33333333333333333333333333333333333333333333333333
EMAT 21 237 4 0.33333333333333333333333333333333333333333333333333 
1.8882209350440954909319647544795459398522261418798E-78
EMAT 21 238 4 -3.4398290810631498463527661853830734550202524002414E-78 
-0.33333333333333333333333333333333333333333333333333
EMAT 21 239 4 0.33333333333333333333333333333333333333333333333333 
-1.5917215228833851874139790632765926398545920513848E-78
EMAT 21 240 4 -1.7000434248506344666966216730140984091190081154237E-78 
-0.33333333333333333333333333333333333333333333333333
EMAT 21 241 4 0.33333333333333333333333333333333333333333333333333 
6.7782179757575165692383260901725041640307682118580E-79
EMAT 21 242 4 -4.6450184389176434086825261326650643076571087095701E-79 
-0.33333333333333333333333333333333333333333333333333
EMAT 21 243 4 0.33333333333333333333333333333333333333333333333333 
-7.7965162586371172690886024577245001696454594399196E-79
EMAT 21 267 12 -1.0000000000000000000000000000000000000000000000000 
9.2916795983028411522720514713730922772827760143115E-80
EMAT 21 268 12 1.0000000000000000000000000000000000000000000000000 
-1.9432003212085943614464766645547888065807313399434E-78
EMAT 21 269 12 -5.0033900506950118943122032764940210365937922863783E-79 
1.0000000000000000000000000000000000000000000000000
EMAT 21 270 12 1.3596472390279465161938674282964172095250752974231E-78 
1.0000000000000000000000000000000000000000000000000
EMAT 21 271 12 -1.0000000000000000000000000000000000000000000000000 
6.6684745268364413686462835623978302238968929872426E-78
EMAT 21 272 12 1.0000000000000000000000000000000000000000000000000 
3.0094830689711608544926428591247140601554224642208E-78
EMAT 21 273 12 -1.8028165095091490715982041348581912809350771879868E-77 
1.0000000000000000000000000000000000000000000000000
EMAT 21 274 12 -1.0000000000000000000000000000000000000000000000000 
-1.9794153851561709162657085093882097833173891489104E-78
EMAT 21 275 12 2.9853581491183176479663448554808704366620752151618E-77 
1.0000000000000000000000000000000000000000000000000
EMAT 21 276 12 -1.0000000000000000000000000000000000000000000000000 
-1.6548620480364896204387618111288514997847643357312E-77
EMAT 21 277 12 3.0192568585746748128700831061556312474347350978844E-77 
1.0000000000000000000000000000000000000000000000000
EMAT 21 285 44 0.33333333333333333333333333333333333333333333333333 
-9.0614219354943606296670133734777428860455509746671E-79
EMAT 21 286 44 4.4106797115283276922972236136655579664284218648153E-79 
-0.33333333333333333333333333333333333333333333333333
EMAT 21 287 44 0.33333333333333333333333333333333333333333333333333 
3.9476095497724780213536565715152792403620160950338E-79
EMAT 22 1 132 1.0000000000000000000000000000000000000000000000000 
-4.1586928475562211305181258393571899089157937269171E-81
EMAT 22 167 3 0.25000000000000000000000000000000000000000000000000 
-0.25000000000000000000000000000000000000000000000000
EMAT 22 168 3 0.25000000000000000000000000000000000000000000000000 
-0.25000000000000000000000000000000000000000000000000
EMAT 22 169 3 0.25000000000000000000000000000000000000000000000000 
-0.25000000000000000000000000000000000000000000000000
EMAT 22 170 3 0.25000000000000000000000000000000000000000000000000 
-0.25000000000000000000000000000000000000000000000000
EMAT 22 171 3 0.25000000000000000000000000000000000000000000000000 
-0.25000000000000000000000000000000000000000000000000
EMAT 22 172 3 0.25000000000000000000000000000000000000000000000000 
-0.25000000000000000000000000000000000000000000000000
EMAT 22 173 3 0.25000000000000000000000000000000000000000000000000 
-0.25000000000000000000000000000000000000000000000000
EMAT 22 174 3 0.25000000000000000000000000000000000000000000000000 
-0.25000000000000000000000000000000000000000000000000
EMAT 22 175 3 0.25000000000000000000000000000000000000000000000000 
-0.25000000000000000000000000000000000000000000000000
EMAT 22 176 3 0.25000000000000000000000000000000000000000000000000 
-0.25000000000000000000000000000000000000000000000000
EMAT 22 177 3 0.25000000000000000000000000000000000000000000000000 
-0.25000000000000000000000000000000000000000000000000
EMAT 22 178 3 0.25000000000000000000000000000000000000000000000000 
-0.25000000000000000000000000000000000000000000000000
EMAT 22 179 3 0.25000000000000000000000000000000000000000000000000 
-0.25000000000000000000000000000000000000000000000000
EMAT 22 180 3 0.25000000000000000000000000000000000000000000000000 
-0.25000000000000000000000000000000000000000000000000
EMAT 22 181 3 0.25000000000000000000000000000000000000000000000000 
-0.25000000000000000000000000000000000000000000000000
EMAT 22 182 3 0.25000000000000000000000000000000000000000000000000 
-0.25000000000000000000000000000000000000000000000000
EMAT 22 183 3 0.25000000000000000000000000000000000000000000000000 
-0.25000000000000000000000000000000000000000000000000
EMAT 22 184 3 0.25000000000000000000000000000000000000000000000000 
-0.25000000000000000000000000000000000000000000000000
EMAT 22 185 3 0.25000000000000000000000000000000000000000000000000 
-0.25000000000000000000000000000000000000000000000000
EMAT 22 186 3 0.25000000000000000000000000000000000000000000000000 
-0.25000000000000000000000000000000000000000000000000
EMAT 22 187 3 0.25000000000000000000000000000000000000000000000000 
-0.25000000000000000000000000000000000000000000000000
EMAT 22 188 3 0.25000000000000000000000000000000000000000000000000 
-0.25000000000000000000000000000000000000000000000000
EMAT 22 189 3 0.25000000000000000000000000000000000000000000000000 
-0.25000000000000000000000000000000000000000000000000
EMAT 22 190 3 0.25000000000000000000000000000000000000000000000000 
-0.25000000000000000000000000000000000000000000000000
EMAT 22 191 3 0.25000000000000000000000000000000000000000000000000 
-0.25000000000000000000000000000000000000000000000000
EMAT 22 192 3 0.25000000000000000000000000000000000000000000000000 
-0.25000000000000000000000000000000000000000000000000
EMAT 22 193 3 0.25000000000000000000000000000000000000000000000000 
-0.25000000000000000000000000000000000000000000000000
EMAT 22 194 3 0.25000000000000000000000000000000000000000000000000 
-0.25000000000000000000000000000000000000000000000000
EMAT 22 195 3 0.25000000000000000000000000000000000000000000000000 
-0.25000000000000000000000000000000000000000000000000
EMAT 22 196 3 0.25000000000000000000000000000000000000000000000000 
-0.25000000000000000000000000000000000000000000000000
EMAT 22 197 3 0.25000000000000000000000000000000000000000000000000 
-0.25000000000000000000000000000000000000000000000000
EMAT 22 198 3 0.25000000000000000000000000000000000000000000000000 
-0.25000000000000000000000000000000000000000000000000
EMAT 22 199 3 0.25000000000000000000000000000000000000000000000000 
-0.25000000000000000000000000000000000000000000000000
EMAT 22 200 3 0.25000000000000000000000000000000000000000000000000 
-0.25000000000000000000000000000000000000000000000000
EMAT 22 201 3 0.25000000000000000000000000000000000000000000000000 
-0.25000000000000000000000000000000000000000000000000
EMAT 22 202 3 0.25000000000000000000000000000000000000000000000000 
-0.25000000000000000000000000000000000000000000000000
EMAT 22 203 3 0.25000000000000000000000000000000000000000000000000 
-0.25000000000000000000000000000000000000000000000000
EMAT 22 204 3 0.25000000000000000000000000000000000000000000000000 
-0.25000000000000000000000000000000000000000000000000
EMAT 22 205 3 0.25000000000000000000000000000000000000000000000000 
-0.25000000000000000000000000000000000000000000000000
EMAT 22 206 3 0.25000000000000000000000000000000000000000000000000 
-0.25000000000000000000000000000000000000000000000000
EMAT 22 207 3 0.25000000000000000000000000000000000000000000000000 
-0.25000000000000000000000000000000000000000000000000
EMAT 22 208 3 0.25000000000000000000000000000000000000000000000000 
-0.25000000000000000000000000000000000000000000000000
EMAT 22 209 3 0.25000000000000000000000000000000000000000000000000 
-0.25000000000000000000000000000000000000000000000000
EMAT 22 210 3 0.25000000000000000000000000000000000000000000000000 
-0.25000000000000000000000000000000000000000000000000
EMAT 22 267 12 -1.0000000000000000000000000000000000000000000000000 
5.9761537153364207085564106250714008289188660039803E-79
EMAT 22 268 12 1.0000000000000000000000000000000000000000000000000 
1.5463196223536959489583032996765212329406925986872E-78
EMAT 22 269 12 -8.6793323815047659946111546740739695167679563670660E-79 
1.0000000000000000000000000000000000000000000000000
EMAT 22 270 12 -1.7028870056925518119719318011771070817864591726323E-78 
1.0000000000000000000000000000000000000000000000000
EMAT 22 271 12 -1.0000000000000000000000000000000000000000000000000 
3.5354106547209632092984788922358665229516775107184E-78
EMAT 22 272 12 1.0000000000000000000000000000000000000000000000000 
1.3582580321185346902354895747377193877020398815803E-77
EMAT 22 273 12 -3.8411096340029326201382098062108623045250839210944E-77 
1.0000000000000000000000000000000000000000000000000
EMAT 22 274 12 -1.0000000000000000000000000000000000000000000000000 
-1.2295432450929412619772060078201171824251178976706E-77
EMAT 22 275 12 2.4551333949200104158640637068523476873580731240656E-77 
1.0000000000000000000000000000000000000000000000000
EMAT 22 276 12 -1.0000000000000000000000000000000000000000000000000 
-2.4906527648881883173736269860544789461426785109700E-77
EMAT 22 277 12 6.9995509164161824892794850442139969045535892513584E-77 
1.0000000000000000000000000000000000000000000000000
EMAT 22 281 33 0.25000000000000000000000000000000000000000000000000 
0.25000000000000000000000000000000000000000000000000
EMAT 22 282 33 0.25000000000000000000000000000000000000000000000000 
0.25000000000000000000000000000000000000000000000000
EMAT 22 283 33 0.25000000000000000000000000000000000000000000000000 
0.25000000000000000000000000000000000000000000000000
EMAT 22 284 33 -0.25000000000000000000000000000000000000000000000000 
-0.25000000000000000000000000000000000000000000000000
EMAT 23 167 3 -0.25000000000000000000000000000000000000000000000000 
0.25000000000000000000000000000000000000000000000000
EMAT 23 168 3 -0.25000000000000000000000000000000000000000000000000 
0.25000000000000000000000000000000000000000000000000
EMAT 23 169 3 -0.25000000000000000000000000000000000000000000000000 
0.25000000000000000000000000000000000000000000000000
EMAT 23 170 3 -0.25000000000000000000000000000000000000000000000000 
0.25000000000000000000000000000000000000000000000000
EMAT 23 171 3 -0.25000000000000000000000000000000000000000000000000 
0.25000000000000000000000000000000000000000000000000
EMAT 23 172 3 -0.25000000000000000000000000000000000000000000000000 
0.25000000000000000000000000000000000000000000000000
EMAT 23 173 3 -0.25000000000000000000000000000000000000000000000000 
0.25000000000000000000000000000000000000000000000000
EMAT 23 174 3 -0.25000000000000000000000000000000000000000000000000 
0.25000000000000000000000000000000000000000000000000
EMAT 23 175 3 -0.25000000000000000000000000000000000000000000000000 
0.25000000000000000000000000000000000000000000000000
EMAT 23 176 3 -0.25000000000000000000000000000000000000000000000000 
0.25000000000000000000000000000000000000000000000000
EMAT 23 177 3 -0.25000000000000000000000000000000000000000000000000 
0.25000000000000000000000000000000000000000000000000
EMAT 23 178 3 -0.25000000000000000000000000000000000000000000000000 
0.25000000000000000000000000000000000000000000000000
EMAT 23 179 3 -0.25000000000000000000000000000000000000000000000000 
0.25000000000000000000000000000000000000000000000000
EMAT 23 180 3 -0.25000000000000000000000000000000000000000000000000 
0.25000000000000000000000000000000000000000000000000
EMAT 23 181 3 -0.25000000000000000000000000000000000000000000000000 
0.25000000000000000000000000000000000000000000000000
EMAT 23 182 3 -0.25000000000000000000000000000000000000000000000000 
0.25000000000000000000000000000000000000000000000000
EMAT 23 183 3 -0.25000000000000000000000000000000000000000000000000 
0.25000000000000000000000000000000000000000000000000
EMAT 23 184 3 -0.25000000000000000000000000000000000000000000000000 
0.25000000000000000000000000000000000000000000000000
EMAT 23 185 3 -0.25000000000000000000000000000000000000000000000000 
0.25000000000000000000000000000000000000000000000000
EMAT 23 186 3 -0.25000000000000000000000000000000000000000000000000 
0.25000000000000000000000000000000000000000000000000
EMAT 23 187 3 -0.25000000000000000000000000000000000000000000000000 
0.25000000000000000000000000000000000000000000000000
EMAT 23 188 3 -0.25000000000000000000000000000000000000000000000000 
0.25000000000000000000000000000000000000000000000000
EMAT 23 189 3 -0.25000000000000000000000000000000000000000000000000 
0.25000000000000000000000000000000000000000000000000
EMAT 23 190 3 -0.25000000000000000000000000000000000000000000000000 
0.25000000000000000000000000000000000000000000000000
EMAT 23 191 3 -0.25000000000000000000000000000000000000000000000000 
0.25000000000000000000000000000000000000000000000000
EMAT 23 192 3 -0.25000000000000000000000000000000000000000000000000 
0.25000000000000000000000000000000000000000000000000
EMAT 23 193 3 -0.25000000000000000000000000000000000000000000000000 
0.25000000000000000000000000000000000000000000000000
EMAT 23 194 3 -0.25000000000000000000000000000000000000000000000000 
0.25000000000000000000000000000000000000000000000000
EMAT 23 195 3 -0.25000000000000000000000000000000000000000000000000 
0.25000000000000000000000000000000000000000000000000
EMAT 23 196 3 -0.25000000000000000000000000000000000000000000000000 
0.25000000000000000000000000000000000000000000000000
EMAT 23 197 3 -0.25000000000000000000000000000000000000000000000000 
0.25000000000000000000000000000000000000000000000000
EMAT 23 198 3 -0.25000000000000000000000000000000000000000000000000 
0.25000000000000000000000000000000000000000000000000
EMAT 23 199 3 -0.25000000000000000000000000000000000000000000000000 
0.25000000000000000000000000000000000000000000000000
EMAT 23 200 3 -0.25000000000000000000000000000000000000000000000000 
0.25000000000000000000000000000000000000000000000000
EMAT 23 201 3 -0.25000000000000000000000000000000000000000000000000 
0.25000000000000000000000000000000000000000000000000
EMAT 23 202 3 -0.25000000000000000000000000000000000000000000000000 
0.25000000000000000000000000000000000000000000000000
EMAT 23 203 3 -0.25000000000000000000000000000000000000000000000000 
0.25000000000000000000000000000000000000000000000000
EMAT 23 204 3 -0.25000000000000000000000000000000000000000000000000 
0.25000000000000000000000000000000000000000000000000
EMAT 23 205 3 -0.25000000000000000000000000000000000000000000000000 
0.25000000000000000000000000000000000000000000000000
EMAT 23 206 3 -0.25000000000000000000000000000000000000000000000000 
0.25000000000000000000000000000000000000000000000000
EMAT 23 207 3 -0.25000000000000000000000000000000000000000000000000 
0.25000000000000000000000000000000000000000000000000
EMAT 23 208 3 -0.25000000000000000000000000000000000000000000000000 
0.25000000000000000000000000000000000000000000000000
EMAT 23 209 3 -0.25000000000000000000000000000000000000000000000000 
0.25000000000000000000000000000000000000000000000000
EMAT 23 210 3 -0.25000000000000000000000000000000000000000000000000 
0.25000000000000000000000000000000000000000000000000
EMAT 23 211 4 0.33333333333333333333333333333333333333333333333333 
3.2193245003794631059466012806795284754083957152500E-80
EMAT 23 212 4 -1.2425269672475060949330634143844956193140920242611E-79 
-0.33333333333333333333333333333333333333333333333333
EMAT 23 213 4 0.33333333333333333333333333333333333333333333333333 
-1.7693946545879486699849336040495170401274770191774E-80
EMAT 23 214 4 1.5015290338072165371327872698607624811912207864285E-79 
-0.33333333333333333333333333333333333333333333333333
EMAT 23 215 4 0.33333333333333333333333333333333333333333333333333 
-9.8501838031857542534184986671118457330064430237397E-80
EMAT 23 216 4 -5.5023374696094237448085281973720054583584546736685E-81 
-0.33333333333333333333333333333333333333333333333333
EMAT 23 217 4 0.33333333333333333333333333333333333333333333333333 
-1.8078683678259662916395221847541515880096648665167E-79
EMAT 23 218 4 -9.5679167544182766748670497697257991335560544565993E-79 
-0.33333333333333333333333333333333333333333333333333
EMAT 23 219 4 0.33333333333333333333333333333333333333333333333333 
-7.9000075406539744835813482748615522012452271870821E-80
EMAT 23 220 4 -6.4123029200546389627578106377080738051387938967648E-80 
-0.33333333333333333333333333333333333333333333333333
EMAT 23 221 4 0.33333333333333333333333333333333333333333333333333 
-3.9974524886767527788396189792158072610886860577392E-79
EMAT 23 222 4 -7.7095345594867747611094495777084514071607957842105E-79 
-0.33333333333333333333333333333333333333333333333333
EMAT 23 223 4 0.33333333333333333333333333333333333333333333333333 
-9.3022101295706262351673021450976064132524053479692E-80
EMAT 23 224 4 1.8227872224218279807319452614227995992892918741895E-79 
-0.33333333333333333333333333333333333333333333333333
EMAT 23 225 4 0.33333333333333333333333333333333333333333333333333 
-1.2272709773090567550409513473883318149931969991148E-78
EMAT 23 226 4 4.7424455849921426034372597217680993038069411503849E-79 
-0.33333333333333333333333333333333333333333333333333
EMAT 23 227 4 0.33333333333333333333333333333333333333333333333333 
-1.3298636446452787976392591607510546861150141634965E-78
EMAT 23 228 4 5.0872314293455429517680038020893783632399066215465E-79 
-0.33333333333333333333333333333333333333333333333333
EMAT 23 229 4 0.33333333333333333333333333333333333333333333333333 
4.6738000340663258651662180813194731549631575070475E-79
EMAT 23 230 4 -3.6000873806429835174879060483879061469171860706278E-78 
-0.33333333333333333333333333333333333333333333333333
EMAT 23 231 4 0.33333333333333333333333333333333333333333333333333 
5.4302132606764615984610655109584905981592672488746E-79
EMAT 23 232 4 -2.1156909783106234685976799336433598048034036497713E-78 
-0.33333333333333333333333333333333333333333333333333
EMAT 23 233 4 0.33333333333333333333333333333333333333333333333333 
9.1274403458088316026785727817467272587514444930212E-79
EMAT 23 234 4 1.2033552798323654212745444193114389099227404604730E-78 
-0.33333333333333333333333333333333333333333333333333
EMAT 23 235 4 0.33333333333333333333333333333333333333333333333333 
1.4329591785233661290702500903363884674189512272665E-78
EMAT 23 236 4 -6.8924824844663853212124763411193925745612761892808E-79 
-0.33333333333333333333333333333333333333333333333333
EMAT 23 237 4 0.33333333333333333333333333333333333333333333333333 
-1.7926924988970184292005950298970830684126047144572E-78
EMAT 23 238 4 -2.3306866064978290188916182106325175718751664752315E-78 
-0.33333333333333333333333333333333333333333333333333
EMAT 23 239 4 0.33333333333333333333333333333333333333333333333333 
-6.5922075082559777827670434571560880616348157607812E-78
EMAT 23 240 4 9.0173444837251866675019902147050167652863036924735E-79 
-0.33333333333333333333333333333333333333333333333333
EMAT 23 241 4 0.33333333333333333333333333333333333333333333333333 
2.2204034331548624065373357980943424595874572316407E-78
EMAT 23 242 4 2.8757369780905675339985328782232365842908863380296E-78 
-0.33333333333333333333333333333333333333333333333333
EMAT 23 243 4 0.33333333333333333333333333333333333333333333333333 
4.5113648441539991858301572114561131375527402379577E-78
EMAT 23 281 33 -0.25000000000000000000000000000000000000000000000000 
-0.25000000000000000000000000000000000000000000000000
EMAT 23 282 33 -0.25000000000000000000000000000000000000000000000000 
-0.25000000000000000000000000000000000000000000000000
EMAT 23 283 33 -0.25000000000000000000000000000000000000000000000000 
-0.25000000000000000000000000000000000000000000000000
EMAT 23 284 33 0.25000000000000000000000000000000000000000000000000 
0.25000000000000000000000000000000000000000000000000
EMAT 23 285 44 0.33333333333333333333333333333333333333333333333333 
1.4930635745239610416756572563595932230009842453289E-78
EMAT 23 286 44 -2.9455451036897490239100498986651849775964677930478E-78 
-0.33333333333333333333333333333333333333333333333333
EMAT 23 287 44 0.33333333333333333333333333333333333333333333333333 
-3.8037586452959401454445419018503308999266012316022E-78
EMAT 24 1 132 1.0000000000000000000000000000000000000000000000000 
-2.4950935350444832786245404784544848846140588392726E-81
EMAT 24 167 3 1.0000000000000000000000000000000000000000000000000 
-1.0000000000000000000000000000000000000000000000000
EMAT 24 168 3 1.0000000000000000000000000000000000000000000000000 
-1.0000000000000000000000000000000000000000000000000
EMAT 24 169 3 1.0000000000000000000000000000000000000000000000000 
-1.0000000000000000000000000000000000000000000000000
EMAT 24 170 3 1.0000000000000000000000000000000000000000000000000 
-1.0000000000000000000000000000000000000000000000000
EMAT 24 171 3 1.0000000000000000000000000000000000000000000000000 
-1.0000000000000000000000000000000000000000000000000
EMAT 24 172 3 1.0000000000000000000000000000000000000000000000000 
-1.0000000000000000000000000000000000000000000000000
EMAT 24 173 3 1.0000000000000000000000000000000000000000000000000 
-1.0000000000000000000000000000000000000000000000000
EMAT 24 174 3 1.0000000000000000000000000000000000000000000000000 
-1.0000000000000000000000000000000000000000000000000
EMAT 24 175 3 1.0000000000000000000000000000000000000000000000000 
-1.0000000000000000000000000000000000000000000000000
EMAT 24 176 3 1.0000000000000000000000000000000000000000000000000 
-1.0000000000000000000000000000000000000000000000000
EMAT 24 177 3 1.0000000000000000000000000000000000000000000000000 
-1.0000000000000000000000000000000000000000000000000
EMAT 24 178 3 1.0000000000000000000000000000000000000000000000000 
-1.0000000000000000000000000000000000000000000000000
EMAT 24 179 3 1.0000000000000000000000000000000000000000000000000 
-1.0000000000000000000000000000000000000000000000000
EMAT 24 180 3 1.0000000000000000000000000000000000000000000000000 
-1.0000000000000000000000000000000000000000000000000
EMAT 24 181 3 1.0000000000000000000000000000000000000000000000000 
-1.0000000000000000000000000000000000000000000000000
EMAT 24 182 3 1.0000000000000000000000000000000000000000000000000 
-1.0000000000000000000000000000000000000000000000000
EMAT 24 183 3 1.0000000000000000000000000000000000000000000000000 
-1.0000000000000000000000000000000000000000000000000
EMAT 24 184 3 1.0000000000000000000000000000000000000000000000000 
-1.0000000000000000000000000000000000000000000000000
EMAT 24 185 3 1.0000000000000000000000000000000000000000000000000 
-1.0000000000000000000000000000000000000000000000000
EMAT 24 186 3 1.0000000000000000000000000000000000000000000000000 
-1.0000000000000000000000000000000000000000000000000
EMAT 24 187 3 1.0000000000000000000000000000000000000000000000000 
-1.0000000000000000000000000000000000000000000000000
EMAT 24 188 3 1.0000000000000000000000000000000000000000000000000 
-1.0000000000000000000000000000000000000000000000000
EMAT 24 189 3 1.0000000000000000000000000000000000000000000000000 
-1.0000000000000000000000000000000000000000000000000
EMAT 24 190 3 1.0000000000000000000000000000000000000000000000000 
-1.0000000000000000000000000000000000000000000000000
EMAT 24 191 3 1.0000000000000000000000000000000000000000000000000 
-1.0000000000000000000000000000000000000000000000000
EMAT 24 192 3 1.0000000000000000000000000000000000000000000000000 
-1.0000000000000000000000000000000000000000000000000
EMAT 24 193 3 1.0000000000000000000000000000000000000000000000000 
-1.0000000000000000000000000000000000000000000000000
EMAT 24 194 3 1.0000000000000000000000000000000000000000000000000 
-1.0000000000000000000000000000000000000000000000000
EMAT 24 195 3 1.0000000000000000000000000000000000000000000000000 
-1.0000000000000000000000000000000000000000000000000
EMAT 24 196 3 1.0000000000000000000000000000000000000000000000000 
-1.0000000000000000000000000000000000000000000000000
EMAT 24 197 3 1.0000000000000000000000000000000000000000000000000 
-1.0000000000000000000000000000000000000000000000000
EMAT 24 198 3 1.0000000000000000000000000000000000000000000000000 
-1.0000000000000000000000000000000000000000000000000
EMAT 24 199 3 1.0000000000000000000000000000000000000000000000000 
-1.0000000000000000000000000000000000000000000000000
EMAT 24 200 3 1.0000000000000000000000000000000000000000000000000 
-1.0000000000000000000000000000000000000000000000000
EMAT 24 201 3 1.0000000000000000000000000000000000000000000000000 
-1.0000000000000000000000000000000000000000000000000
EMAT 24 202 3 1.0000000000000000000000000000000000000000000000000 
-1.0000000000000000000000000000000000000000000000000
EMAT 24 203 3 1.0000000000000000000000000000000000000000000000000 
-1.0000000000000000000000000000000000000000000000000
EMAT 24 204 3 1.0000000000000000000000000000000000000000000000000 
-1.0000000000000000000000000000000000000000000000000
EMAT 24 205 3 1.0000000000000000000000000000000000000000000000000 
-1.0000000000000000000000000000000000000000000000000
EMAT 24 206 3 1.0000000000000000000000000000000000000000000000000 
-1.0000000000000000000000000000000000000000000000000
EMAT 24 207 3 1.0000000000000000000000000000000000000000000000000 
-1.0000000000000000000000000000000000000000000000000
EMAT 24 208 3 1.0000000000000000000000000000000000000000000000000 
-1.0000000000000000000000000000000000000000000000000
EMAT 24 209 3 1.0000000000000000000000000000000000000000000000000 
-1.0000000000000000000000000000000000000000000000000
EMAT 24 210 3 1.0000000000000000000000000000000000000000000000000 
-1.0000000000000000000000000000000000000000000000000
EMAT 24 211 4 -1.0000000000000000000000000000000000000000000000000 
7.5005809111857164548568624653832505835130026039851E-82
EMAT 24 212 4 6.7444529748143518194909523634387670455566020094193E-79 
1.0000000000000000000000000000000000000000000000000
EMAT 24 213 4 -1.0000000000000000000000000000000000000000000000000 
1.2611178378674687227665931623502917696156060962277E-79
EMAT 24 214 4 -1.5451373295497764940131264075651904017644258319118E-78 
1.0000000000000000000000000000000000000000000000000
EMAT 24 215 4 -1.0000000000000000000000000000000000000000000000000 
5.8618463734283285710722108665274079437053422058249E-79
EMAT 24 216 4 4.3358581934210418251791845877456726836225555121093E-79 
1.0000000000000000000000000000000000000000000000000
EMAT 24 217 4 -1.0000000000000000000000000000000000000000000000000 
1.2105208329279896414493076850053186337446873581828E-78
EMAT 24 218 4 5.8288367172104843192703180459753608390487939740408E-78 
1.0000000000000000000000000000000000000000000000000
EMAT 24 219 4 -1.0000000000000000000000000000000000000000000000000 
1.9070266559485630722935558060769298078598907498797E-78
EMAT 24 220 4 7.1378052450377286738646436332811218369930583912890E-79 
1.0000000000000000000000000000000000000000000000000
EMAT 24 221 4 -1.0000000000000000000000000000000000000000000000000 
2.5249454491722257893650756741090011271172242756993E-78
EMAT 24 222 4 9.7956022909737340308885448011203831983497782115183E-80 
1.0000000000000000000000000000000000000000000000000
EMAT 24 223 4 -1.0000000000000000000000000000000000000000000000000 
3.3983098136921403502033598325907846237466356061072E-78
EMAT 24 224 4 -7.8366719524241298214451970299665803955481016217757E-79 
1.0000000000000000000000000000000000000000000000000
EMAT 24 225 4 -1.0000000000000000000000000000000000000000000000000 
1.3943282270586022453633514307132746615016127458331E-78
EMAT 24 226 4 -3.4808289607260499143290924311168952891450521889782E-78 
1.0000000000000000000000000000000000000000000000000
EMAT 24 227 4 -1.0000000000000000000000000000000000000000000000000 
1.2256893500185833334182155257137391726079664461601E-78
EMAT 24 228 4 -6.6115817380934660356392490538554160745514369169051E-78 
1.0000000000000000000000000000000000000000000000000
EMAT 24 229 4 -1.0000000000000000000000000000000000000000000000000 
2.0819109800630483155738503758742230474167438286782E-78
EMAT 24 230 4 7.8343117768111587507445246175215803601398660543193E-78 
1.0000000000000000000000000000000000000000000000000
EMAT 24 231 4 -1.0000000000000000000000000000000000000000000000000 
-8.7311515530390696292963628135270145909601540640770E-79
EMAT 24 232 4 1.1329718210604084839526225012770774027838670084299E-77 
1.0000000000000000000000000000000000000000000000000
EMAT 24 233 4 -1.0000000000000000000000000000000000000000000000000 
-1.7369990331770584950078911046664599318171245274168E-78
EMAT 24 234 4 -7.2948253654428232217792003154455537321901892650180E-78 
1.0000000000000000000000000000000000000000000000000
EMAT 24 235 4 -1.0000000000000000000000000000000000000000000000000 
-5.8545234207913889084911975191290267598973294029532E-78
EMAT 24 236 4 5.6748774080725658693548640627129056356635447420680E-78 
1.0000000000000000000000000000000000000000000000000
EMAT 24 237 4 -1.0000000000000000000000000000000000000000000000000 
-1.4553804527375083499593813874687335350066411498098E-77
EMAT 24 238 4 2.6324464163075117197253275174120537872837211287732E-77 
1.0000000000000000000000000000000000000000000000000
EMAT 24 239 4 -1.0000000000000000000000000000000000000000000000000 
2.0465685556668791617361826704667474731515274419431E-77
EMAT 24 240 4 9.2082873803023852324350326485909522877166943912327E-78 
1.0000000000000000000000000000000000000000000000000
EMAT 24 241 4 -1.0000000000000000000000000000000000000000000000000 
7.0522065761630015309107508320470774089543613517984E-78
EMAT 24 242 4 4.7059330642060154196521894605975773171760726347460E-78 
1.0000000000000000000000000000000000000000000000000
EMAT 24 243 4 -1.0000000000000000000000000000000000000000000000000 
7.8091332684969920789286268171094680688493107801584E-78
EMAT 24 267 12 -1.0000000000000000000000000000000000000000000000000 
-1.1750802160803397435382606090855352441297654727801E-78
EMAT 24 268 12 1.0000000000000000000000000000000000000000000000000 
-1.8032294181664838891354174789794172157998773143865E-78
EMAT 24 269 12 -1.1926286133484234071530245470163194925259542418184E-78 
1.0000000000000000000000000000000000000000000000000
EMAT 24 270 12 -3.2025954083060581503625556093044316709427307870467E-78 
1.0000000000000000000000000000000000000000000000000
EMAT 24 271 12 -1.0000000000000000000000000000000000000000000000000 
3.0135533537964765051981493434723994873262292065951E-78
EMAT 24 272 12 1.0000000000000000000000000000000000000000000000000 
6.9411788127812637327943123546084155872462910600523E-78
EMAT 24 273 12 -3.5415988431012553857122590658754321413694630310440E-77 
1.0000000000000000000000000000000000000000000000000
EMAT 24 274 12 -1.0000000000000000000000000000000000000000000000000 
-1.4344378446960837366825503472573180303388445585769E-77
EMAT 24 275 12 9.3866612310510968374280535890132544633334616468726E-78 
1.0000000000000000000000000000000000000000000000000
EMAT 24 276 12 -1.0000000000000000000000000000000000000000000000000 
-3.3060164191131678030169032780952987686496450836952E-77
EMAT 24 277 12 6.1384303170165600343271329876284660693476496278221E-77 
1.0000000000000000000000000000000000000000000000000
EMAT 24 281 33 1.0000000000000000000000000000000000000000000000000 
1.0000000000000000000000000000000000000000000000000
EMAT 24 282 33 1.0000000000000000000000000000000000000000000000000 
1.0000000000000000000000000000000000000000000000000
EMAT 24 283 33 1.0000000000000000000000000000000000000000000000000 
1.0000000000000000000000000000000000000000000000000
EMAT 24 284 33 -1.0000000000000000000000000000000000000000000000000 
-1.0000000000000000000000000000000000000000000000000
EMAT 24 285 44 -1.0000000000000000000000000000000000000000000000000 
5.2390628916878543783163992155662333858699964021437E-78
EMAT 24 286 44 5.5206853654519542026243420160472547821265662645405E-78 
1.0000000000000000000000000000000000000000000000000
EMAT 24 287 44 -1.0000000000000000000000000000000000000000000000000 
-3.2955507921246571445116285575311261816708596742470E-78
RHOV 2 1 0.0075757575757575757575757575757575757575757575757576 
0.0075757575757575757575757575757575757575757575757576
RHOV 3 1 0.0075757575757575757575757575757575757575757575757576 
0.0075757575757575757575757575757575757575757575757576
RHOV 4 1 0.0075757575757575757575757575757575757575757575757576 
0.0075757575757575757575757575757575757575757575757576
RHOV 5 1 0.0075757575757575757575757575757575757575757575757576 
0.0075757575757575757575757575757575757575757575757576
RHOV 6 1 0.0075757575757575757575757575757575757575757575757576 
0.0075757575757575757575757575757575757575757575757576
RHOV 7 1 0.0075757575757575757575757575757575757575757575757576 
0.0075757575757575757575757575757575757575757575757576
RHOV 8 1 0.0075757575757575757575757575757575757575757575757576 
0.0075757575757575757575757575757575757575757575757576
RHOV 9 1 0.0075757575757575757575757575757575757575757575757576 
0.0075757575757575757575757575757575757575757575757576
RHOV 10 1 0.0075757575757575757575757575757575757575757575757576 
0.0075757575757575757575757575757575757575757575757576
RHOV 11 1 0.0075757575757575757575757575757575757575757575757576 
0.0075757575757575757575757575757575757575757575757576
RHOV 12 1 0.0075757575757575757575757575757575757575757575757576 
0.0075757575757575757575757575757575757575757575757576
RHOV 13 1 0.0075757575757575757575757575757575757575757575757576 
0.0075757575757575757575757575757575757575757575757576
RHOV 14 1 0.0075757575757575757575757575757575757575757575757576 
0.0075757575757575757575757575757575757575757575757576
RHOV 15 1 0.0075757575757575757575757575757575757575757575757576 
0.0075757575757575757575757575757575757575757575757576
RHOV 16 1 0.0075757575757575757575757575757575757575757575757576 
0.0075757575757575757575757575757575757575757575757576
RHOV 17 1 0.0075757575757575757575757575757575757575757575757576 
0.0075757575757575757575757575757575757575757575757576
RHOV 18 1 0.0075757575757575757575757575757575757575757575757576 
0.0075757575757575757575757575757575757575757575757576
RHOV 19 1 0.0075757575757575757575757575757575757575757575757576 
0.0075757575757575757575757575757575757575757575757576
RHOV 20 1 0.0075757575757575757575757575757575757575757575757576 
0.0075757575757575757575757575757575757575757575757576
RHOV 21 1 0.0075757575757575757575757575757575757575757575757576 
0.0075757575757575757575757575757575757575757575757576
RHOV 22 1 0.0075757575757575757575757575757575757575757575757576 
0.0075757575757575757575757575757575757575757575757576
RHOV 23 1 0.0075757575757575757575757575757575757575757575757576 
0.0075757575757575757575757575757575757575757575757576
RHOV 24 1 0.0075757575757575757575757575757575757575757575757576 
0.0075757575757575757575757575757575757575757575757576
RHOV 25 1 0.0075757575757575757575757575757575757575757575757576 
0.0075757575757575757575757575757575757575757575757576
RHOV 26 1 0.0075757575757575757575757575757575757575757575757576 
0.0075757575757575757575757575757575757575757575757576
RHOV 27 1 0.0075757575757575757575757575757575757575757575757576 
0.0075757575757575757575757575757575757575757575757576
RHOV 28 1 0.0075757575757575757575757575757575757575757575757576 
0.0075757575757575757575757575757575757575757575757576
RHOV 29 1 0.0075757575757575757575757575757575757575757575757576 
0.0075757575757575757575757575757575757575757575757576
RHOV 30 1 0.0075757575757575757575757575757575757575757575757576 
0.0075757575757575757575757575757575757575757575757576
RHOV 31 1 0.0075757575757575757575757575757575757575757575757576 
0.0075757575757575757575757575757575757575757575757576
RHOV 32 1 0.0075757575757575757575757575757575757575757575757576 
0.0075757575757575757575757575757575757575757575757576
RHOV 33 1 0.0075757575757575757575757575757575757575757575757576 
0.0075757575757575757575757575757575757575757575757576
RHOV 34 1 0.0075757575757575757575757575757575757575757575757576 
0.0075757575757575757575757575757575757575757575757576
RHOV 35 1 0.0075757575757575757575757575757575757575757575757576 
0.0075757575757575757575757575757575757575757575757576
RHOV 36 1 0.0075757575757575757575757575757575757575757575757576 
0.0075757575757575757575757575757575757575757575757576
RHOV 37 1 0.0075757575757575757575757575757575757575757575757576 
0.0075757575757575757575757575757575757575757575757576
RHOV 38 1 0.0075757575757575757575757575757575757575757575757576 
0.0075757575757575757575757575757575757575757575757576
RHOV 39 1 0.0075757575757575757575757575757575757575757575757576 
0.0075757575757575757575757575757575757575757575757576
RHOV 40 1 0.0075757575757575757575757575757575757575757575757576 
0.0075757575757575757575757575757575757575757575757576
RHOV 41 1 0.0075757575757575757575757575757575757575757575757576 
0.0075757575757575757575757575757575757575757575757576
RHOV 42 1 0.0075757575757575757575757575757575757575757575757576 
0.0075757575757575757575757575757575757575757575757576
RHOV 43 1 0.0075757575757575757575757575757575757575757575757576 
0.0075757575757575757575757575757575757575757575757576
RHOV 44 1 0.0075757575757575757575757575757575757575757575757576 
0.0075757575757575757575757575757575757575757575757576
RHOV 45 1 0.0075757575757575757575757575757575757575757575757576 
0.0075757575757575757575757575757575757575757575757576
RHOV 46 1 0.0075757575757575757575757575757575757575757575757576 
0.0075757575757575757575757575757575757575757575757576
RHOV 47 1 0.0075757575757575757575757575757575757575757575757576 
0.0075757575757575757575757575757575757575757575757576
RHOV 48 1 0.0075757575757575757575757575757575757575757575757576 
0.0075757575757575757575757575757575757575757575757576
RHOV 49 1 0.0075757575757575757575757575757575757575757575757576 
0.0075757575757575757575757575757575757575757575757576
RHOV 50 1 0.0075757575757575757575757575757575757575757575757576 
0.0075757575757575757575757575757575757575757575757576
RHOV 51 1 0.0075757575757575757575757575757575757575757575757576 
0.0075757575757575757575757575757575757575757575757576
RHOV 52 1 0.0075757575757575757575757575757575757575757575757576 
0.0075757575757575757575757575757575757575757575757576
RHOV 53 1 0.0075757575757575757575757575757575757575757575757576 
0.0075757575757575757575757575757575757575757575757576
RHOV 54 1 0.0075757575757575757575757575757575757575757575757576 
0.0075757575757575757575757575757575757575757575757576
RHOV 55 1 0.0075757575757575757575757575757575757575757575757576 
0.0075757575757575757575757575757575757575757575757576
RHOV 56 1 0.0075757575757575757575757575757575757575757575757576 
0.0075757575757575757575757575757575757575757575757576
RHOV 57 1 0.0075757575757575757575757575757575757575757575757576 
0.0075757575757575757575757575757575757575757575757576
RHOV 58 1 0.0075757575757575757575757575757575757575757575757576 
0.0075757575757575757575757575757575757575757575757576
RHOV 59 1 0.0075757575757575757575757575757575757575757575757576 
0.0075757575757575757575757575757575757575757575757576
RHOV 60 1 0.0075757575757575757575757575757575757575757575757576 
0.0075757575757575757575757575757575757575757575757576
RHOV 61 1 0.0075757575757575757575757575757575757575757575757576 
0.0075757575757575757575757575757575757575757575757576
RHOV 62 1 0.0075757575757575757575757575757575757575757575757576 
0.0075757575757575757575757575757575757575757575757576
RHOV 63 1 0.0075757575757575757575757575757575757575757575757576 
0.0075757575757575757575757575757575757575757575757576
RHOV 64 1 0.0075757575757575757575757575757575757575757575757576 
0.0075757575757575757575757575757575757575757575757576
RHOV 65 1 0.0075757575757575757575757575757575757575757575757576 
0.0075757575757575757575757575757575757575757575757576
RHOV 66 1 0.0075757575757575757575757575757575757575757575757576 
0.0075757575757575757575757575757575757575757575757576
RHOV 67 1 0.0075757575757575757575757575757575757575757575757576 
0.0075757575757575757575757575757575757575757575757576
RHOV 68 1 0.0075757575757575757575757575757575757575757575757576 
0.0075757575757575757575757575757575757575757575757576
RHOV 69 1 0.0075757575757575757575757575757575757575757575757576 
0.0075757575757575757575757575757575757575757575757576
RHOV 70 1 0.0075757575757575757575757575757575757575757575757576 
0.0075757575757575757575757575757575757575757575757576
RHOV 71 1 0.0075757575757575757575757575757575757575757575757576 
0.0075757575757575757575757575757575757575757575757576
RHOV 72 1 0.0075757575757575757575757575757575757575757575757576 
0.0075757575757575757575757575757575757575757575757576
RHOV 73 1 0.0075757575757575757575757575757575757575757575757576 
0.0075757575757575757575757575757575757575757575757576
RHOV 74 1 0.0075757575757575757575757575757575757575757575757576 
0.0075757575757575757575757575757575757575757575757576
RHOV 75 1 0.0075757575757575757575757575757575757575757575757576 
0.0075757575757575757575757575757575757575757575757576
RHOV 76 1 0.0075757575757575757575757575757575757575757575757576 
0.0075757575757575757575757575757575757575757575757576
RHOV 77 1 0.0075757575757575757575757575757575757575757575757576 
0.0075757575757575757575757575757575757575757575757576
RHOV 78 1 0.0075757575757575757575757575757575757575757575757576 
0.0075757575757575757575757575757575757575757575757576
RHOV 79 1 0.0075757575757575757575757575757575757575757575757576 
0.0075757575757575757575757575757575757575757575757576
RHOV 80 1 0.0075757575757575757575757575757575757575757575757576 
0.0075757575757575757575757575757575757575757575757576
RHOV 81 1 0.0075757575757575757575757575757575757575757575757576 
0.0075757575757575757575757575757575757575757575757576
RHOV 82 1 0.0075757575757575757575757575757575757575757575757576 
0.0075757575757575757575757575757575757575757575757576
RHOV 83 1 0.0075757575757575757575757575757575757575757575757576 
0.0075757575757575757575757575757575757575757575757576
RHOV 84 1 0.0075757575757575757575757575757575757575757575757576 
0.0075757575757575757575757575757575757575757575757576
RHOV 85 1 0.0075757575757575757575757575757575757575757575757576 
0.0075757575757575757575757575757575757575757575757576
RHOV 86 1 0.0075757575757575757575757575757575757575757575757576 
0.0075757575757575757575757575757575757575757575757576
RHOV 87 1 0.0075757575757575757575757575757575757575757575757576 
0.0075757575757575757575757575757575757575757575757576
RHOV 88 1 0.0075757575757575757575757575757575757575757575757576 
0.0075757575757575757575757575757575757575757575757576
RHOV 89 1 0.0075757575757575757575757575757575757575757575757576 
0.0075757575757575757575757575757575757575757575757576
RHOV 90 1 0.0075757575757575757575757575757575757575757575757576 
0.0075757575757575757575757575757575757575757575757576
RHOV 91 1 0.0075757575757575757575757575757575757575757575757576 
0.0075757575757575757575757575757575757575757575757576
RHOV 92 1 0.0075757575757575757575757575757575757575757575757576 
0.0075757575757575757575757575757575757575757575757576
RHOV 93 1 0.0075757575757575757575757575757575757575757575757576 
0.0075757575757575757575757575757575757575757575757576
RHOV 94 1 0.0075757575757575757575757575757575757575757575757576 
0.0075757575757575757575757575757575757575757575757576
RHOV 95 1 0.0075757575757575757575757575757575757575757575757576 
0.0075757575757575757575757575757575757575757575757576
RHOV 96 1 0.0075757575757575757575757575757575757575757575757576 
0.0075757575757575757575757575757575757575757575757576
RHOV 97 1 0.0075757575757575757575757575757575757575757575757576 
0.0075757575757575757575757575757575757575757575757576
RHOV 98 1 0.0075757575757575757575757575757575757575757575757576 
0.0075757575757575757575757575757575757575757575757576
RHOV 99 1 0.0075757575757575757575757575757575757575757575757576 
0.0075757575757575757575757575757575757575757575757576
RHOV 100 1 0.0075757575757575757575757575757575757575757575757576 
0.0075757575757575757575757575757575757575757575757576
RHOV 101 1 0.0075757575757575757575757575757575757575757575757576 
0.0075757575757575757575757575757575757575757575757576
RHOV 102 1 0.0075757575757575757575757575757575757575757575757576 
0.0075757575757575757575757575757575757575757575757576
RHOV 103 1 0.0075757575757575757575757575757575757575757575757576 
0.0075757575757575757575757575757575757575757575757576
RHOV 104 1 0.0075757575757575757575757575757575757575757575757576 
0.0075757575757575757575757575757575757575757575757576
RHOV 105 1 0.0075757575757575757575757575757575757575757575757576 
0.0075757575757575757575757575757575757575757575757576
RHOV 106 1 0.0075757575757575757575757575757575757575757575757576 
0.0075757575757575757575757575757575757575757575757576
RHOV 107 1 0.0075757575757575757575757575757575757575757575757576 
0.0075757575757575757575757575757575757575757575757576
RHOV 108 1 0.0075757575757575757575757575757575757575757575757576 
0.0075757575757575757575757575757575757575757575757576
RHOV 109 1 0.0075757575757575757575757575757575757575757575757576 
0.0075757575757575757575757575757575757575757575757576
RHOV 110 1 0.0075757575757575757575757575757575757575757575757576 
0.0075757575757575757575757575757575757575757575757576
RHOV 111 1 0.0075757575757575757575757575757575757575757575757576 
0.0075757575757575757575757575757575757575757575757576
RHOV 112 1 0.0075757575757575757575757575757575757575757575757576 
0.0075757575757575757575757575757575757575757575757576
RHOV 113 1 0.0075757575757575757575757575757575757575757575757576 
0.0075757575757575757575757575757575757575757575757576
RHOV 114 1 0.0075757575757575757575757575757575757575757575757576 
0.0075757575757575757575757575757575757575757575757576
RHOV 115 1 0.0075757575757575757575757575757575757575757575757576 
0.0075757575757575757575757575757575757575757575757576
RHOV 116 1 0.0075757575757575757575757575757575757575757575757576 
0.0075757575757575757575757575757575757575757575757576
RHOV 117 1 0.0075757575757575757575757575757575757575757575757576 
0.0075757575757575757575757575757575757575757575757576
RHOV 118 1 0.0075757575757575757575757575757575757575757575757576 
0.0075757575757575757575757575757575757575757575757576
RHOV 119 1 0.0075757575757575757575757575757575757575757575757576 
0.0075757575757575757575757575757575757575757575757576
RHOV 120 1 0.0075757575757575757575757575757575757575757575757576 
0.0075757575757575757575757575757575757575757575757576
RHOV 121 1 0.0075757575757575757575757575757575757575757575757576 
0.0075757575757575757575757575757575757575757575757576
RHOV 122 1 0.0075757575757575757575757575757575757575757575757576 
0.0075757575757575757575757575757575757575757575757576
RHOV 123 1 0.0075757575757575757575757575757575757575757575757576 
0.0075757575757575757575757575757575757575757575757576
RHOV 124 1 0.0075757575757575757575757575757575757575757575757576 
0.0075757575757575757575757575757575757575757575757576
RHOV 125 1 0.0075757575757575757575757575757575757575757575757576 
0.0075757575757575757575757575757575757575757575757576
RHOV 126 1 0.0075757575757575757575757575757575757575757575757576 
0.0075757575757575757575757575757575757575757575757576
RHOV 127 1 0.0075757575757575757575757575757575757575757575757576 
0.0075757575757575757575757575757575757575757575757576
RHOV 128 1 0.0075757575757575757575757575757575757575757575757576 
0.0075757575757575757575757575757575757575757575757576
RHOV 129 1 0.0075757575757575757575757575757575757575757575757576 
0.0075757575757575757575757575757575757575757575757576
RHOV 130 1 0.0075757575757575757575757575757575757575757575757576 
0.0075757575757575757575757575757575757575757575757576
RHOV 131 1 0.0075757575757575757575757575757575757575757575757576 
0.0075757575757575757575757575757575757575757575757576
RHOV 132 1 0.0075757575757575757575757575757575757575757575757576 
0.0075757575757575757575757575757575757575757575757576
RHOV 133 1 0.0075757575757575757575757575757575757575757575757576 
0.0075757575757575757575757575757575757575757575757576
RHOV 211 4 0.030303030303030303030303030303030303030303030303030 
1.7353858475542337976636464738516788520038945914550E-81
RHOV 212 4 2.6471703564515178099645811730163193561066902511783E-81 
-0.030303030303030303030303030303030303030303030303030
RHOV 213 4 0.030303030303030303030303030303030303030303030303030 
-5.3014009444970415566362800225104751247801426165347E-82
RHOV 214 4 4.4707393742460858345664505713456003643122815706249E-81 
-0.030303030303030303030303030303030303030303030303030
RHOV 215 4 0.030303030303030303030303030303030303030303030303030 
1.2934289233448638689382413960782334957275770577931E-81
RHOV 216 4 -1.8838815275563580966899677791891333728571274550386E-81 
-0.030303030303030303030303030303030303030303030303030
RHOV 217 4 0.030303030303030303030303030303030303030303030303030 
1.1295187860736443849398398543271529249308168722350E-80
RHOV 218 4 8.1178774098352218837701893680041623807234642095181E-81 
-0.030303030303030303030303030303030303030303030303030
RHOV 219 4 0.030303030303030303030303030303030303030303030303030 
-1.1415812880260023993574595304991233978611240993534E-80
RHOV 220 4 1.7632565080327779525137710174694286435540551838545E-81 
-0.030303030303030303030303030303030303030303030303030
RHOV 221 4 0.030303030303030303030303030303030303030303030303030 
1.4942325896325579898602137339930091265719351361243E-80
RHOV 222 4 -4.5913643937696659787426473330653050936153538418090E-81 
-0.030303030303030303030303030303030303030303030303030
RHOV 223 4 0.030303030303030303030303030303030303030303030303030 
8.5877049945231359673457189893953575285499423355795E-81
RHOV 224 4 2.1766774382815937913434085311856020150715238512968E-80 
-0.030303030303030303030303030303030303030303030303030
RHOV 225 4 0.030303030303030303030303030303030303030303030303030 
2.2330840927206920360893006388606237913805333099160E-81
RHOV 226 4 1.5412153481013493982177666961321286413545829487304E-80 
-0.030303030303030303030303030303030303030303030303030
RHOV 227 4 0.030303030303030303030303030303030303030303030303030 
-4.1215368090817518951671177116741099457888757157476E-81
RHOV 228 4 -2.3655227099176997772511902384669506305123580918800E-80 
-0.030303030303030303030303030303030303030303030303030
RHOV 229 4 0.030303030303030303030303030303030303030303030303030 
2.2236601967503851997009614933247215298541716639029E-80
RHOV 230 4 2.7029116774086061196648302602518189392070114359774E-81 
-0.030303030303030303030303030303030303030303030303030
RHOV 231 4 0.030303030303030303030303030303030303030303030303030 
-1.6830778612686639757679954412743577420127693767075E-80
RHOV 232 4 2.9061050453994210011841562905173144183537603790754E-80 
-0.030303030303030303030303030303030303030303030303030
RHOV 233 4 0.030303030303030303030303030303030303030303030303030 
9.5273601638989641344967782321777478242028985877023E-81
RHOV 234 4 -1.0006330126196281742848006440817648535131806615350E-80 
-0.030303030303030303030303030303030303030303030303030
RHOV 235 4 0.030303030303030303030303030303030303030303030303030 
3.5885498940484568026673510877099073068533490942479E-80
RHOV 236 4 1.6351808650389322149328726204103676709198785739427E-80 
-0.030303030303030303030303030303030303030303030303030
RHOV 237 4 0.030303030303030303030303030303030303030303030303030 
-3.1818816397059237280160584688917196501359194636247E-81
RHOV 238 4 4.2709947426974926041505458849025001953529378094204E-80 
-0.030303030303030303030303030303030303030303030303030
RHOV 239 4 0.030303030303030303030303030303030303030303030303030 
2.3176257136879680164160674176029605594194672891152E-80
RHOV 240 4 3.6425668467844342868158895030342092348599676881002E-81 
-0.030303030303030303030303030303030303030303030303030
RHOV 241 4 0.030303030303030303030303030303030303030303030303030 
-1.5891123443310811590528895169961187124474737514952E-80
RHOV 242 4 3.0000705623370038178992622147955534479190560042877E-80 
-0.030303030303030303030303030303030303030303030303030
RHOV 243 4 0.030303030303030303030303030303030303030303030303030 
7.5892534690050887948514139465872256082855857600706E-80
RHOV 255 11 0.083333333333333333333333333333333333333333333333333 
-0.083333333333333333333333333333333333333333333333333
RHOV 256 11 -0.083333333333333333333333333333333333333333333333333 
0.083333333333333333333333333333333333333333333333333
RHOV 257 11 0.083333333333333333333333333333333333333333333333333 
-0.083333333333333333333333333333333333333333333333333
RHOV 258 11 0.083333333333333333333333333333333333333333333333333 
-0.083333333333333333333333333333333333333333333333333
RHOV 259 11 -0.083333333333333333333333333333333333333333333333333 
0.083333333333333333333333333333333333333333333333333
RHOV 260 11 -0.083333333333333333333333333333333333333333333333333 
0.083333333333333333333333333333333333333333333333333
RHOV 261 11 0.083333333333333333333333333333333333333333333333333 
-0.083333333333333333333333333333333333333333333333333
RHOV 262 11 0.083333333333333333333333333333333333333333333333333 
-0.083333333333333333333333333333333333333333333333333
RHOV 263 11 0.083333333333333333333333333333333333333333333333333 
-0.083333333333333333333333333333333333333333333333333
RHOV 264 11 0.083333333333333333333333333333333333333333333333333 
-0.083333333333333333333333333333333333333333333333333
RHOV 265 11 0.083333333333333333333333333333333333333333333333333 
-0.083333333333333333333333333333333333333333333333333
RHOV 266 11 0.083333333333333333333333333333333333333333333333333 
-0.083333333333333333333333333333333333333333333333333
RHOV 285 44 -0.33333333333333333333333333333333333333333333333333 
1.4009730958543757668158195773625537382633157223298E-80
RHOV 286 44 2.8900886722716951019447933319944481846803402350535E-80 
0.33333333333333333333333333333333333333333333333333
RHOV 287 44 -0.33333333333333333333333333333333333333333333333333 
1.3375213160245727588517883610376758851009865127398E-79
SOLVE resid = 5.027291207E-42  (|rho| = 0.7385489459)
RHO IS IN THE SPAN: E* found
BETA 1 -0.0171007111281952719584854891409 1.49592681082159043697005321760E-39  
r=[ -3, 6, -1, 0, 3, 0, -2, 0, 0, 0, 0, 0 ]
BETA 2 -0.0133720930232558139534883720930 -8.24202286758350346123358529766E-39  
r=[ -2, 1, 4, 0, 2, 0, -2, 0, 0, 0, 0, 0 ]
BETA 3 -0.00480972515856236786469344608879 -1.97714320957865911596584570643E-38 
r=[ -1, -1, 1, 3, 4, 0, -3, 0, 0, 0, 0, 0 ]
BETA 4 -0.00856236786469344608879492600423 -1.45907057018810315050715152325E-38 
r=[ -1, 1, 1, -1, 2, 0, 1, 0, 0, 0, 0, 0 ]
BETA 6 0.00133576782625408418220257543725 4.99648790571389224961077105217E-38  
r=[ 0, -3, -2, 6, 6, 0, -4, 0, 0, 0, 0, 0 ]
BETA 7 0.00375264270613107822410147991543 -8.03398118864133324647533332805E-39  
r=[ 0, -2, -2, 1, 11, 0, -5, 0, 0, 0, 0, 0 ]
BETA 8 -0.00614549298481645204689602152604 -3.49230897874464005499747715451E-39 
r=[ 0, -1, -2, 2, 4, 0, 0, 0, 0, 0, 0, 0 ]
BETA 9 -1.00000000000000000000000000000 -6.82614797583022190044780852876E-75  
r=[ 0, -1, 0, 2, 0, -2, 0, 4, 0, 0, 0, 0 ]
BETA 10 1.20000000000000000000000000000 8.18836089562587637434466003445E-75  r=[
0, 0, -1, 0, 2, -1, 0, 2, 0, 0, -1, 2 ]
BETA 12 -0.300000000000000000000000000000 1.65086881394678291704373401531E-76  
r=[ 0, 0, 0, 0, 2, 0, -1, 2, 2, -1, -1, 0 ]
BETA 13 -0.00241687487987699404189890447818 1.94481194138354781068143556294E-38 
r=[ 0, 1, -2, -2, 2, 0, 4, 0, 0, 0, 0, 0 ]
BETA 18 0.0230876417451470305592927157409 2.30429777720064622015635693441E-38  
r=[ 0, 6, -2, -3, 3, 0, -1, 0, 0, 0, 0, 0 ]
BETA 19 -0.00372861810493945800499711704786 3.09121838039472650773765015512E-39 
r=[ 1, -2, -5, 0, 11, 0, -2, 0, 0, 0, 0, 0 ]
BETA 20 0.250000000000000000000000000000 -1.37330747955890188751342869236E-76  
r=[ 2, -1, 0, 0, 0, 0, 0, 4, 0, -2, 0, 0 ]
BETA 21 0.0208773784355179704016913319239 -2.74928955451563460138318804737E-38  
r=[ 2, -1, 0, 0, 4, 0, -2, 0, 0, 0, 0, 0 ]
BETA 22 0.0197722467807034403228906400154 -1.58028217762214245239143866869E-38  
r=[ 3, -3, -3, 3, 6, 0, -3, 0, 0, 0, 0, 0 ]
BETA 23 0.00110513165481453007880069190851 -2.65985437197238541530262521665E-38 
r=[ 3, -1, -3, -1, 4, 0, 1, 0, 0, 0, 0, 0 ]
BETA 24 0.0164568518162598500864885642898 4.83936983342222327047230976716E-39  
r=[ 6, -3, -4, 0, 6, 0, -2, 0, 0, 0, 0, 0 ]
oo-coset index 1
ESTAR oo-expansion (exponent grid q^(n/24)):
ECOEF 24/24 -0.800000000000000000000000000000 
-1.13462831393754639113043567590E-74
ECOEF 72/24 -1.20000000000000000000000000000 
-1.96316615272148823201810141415E-74
ECOEF 96/24 0.200000000000000000000000000000 
-2.01453773534777961980550871576E-74
ECOEF 120/24 -1.00000000000000000000000000000 
-2.06759082984316642001281543722E-74
ECOEF 216/24 -1.80000000000000000000000000000 
-3.20221914378071281114325111312E-74
ECOEF 288/24 -0.200000000000000000000000000000 
-2.10552847736634319514785645344E-74
ECOEF 336/24 -2.00000000000000000000000000000 
-4.13518165968633284002563087443E-74
ECOEF 360/24 -1.00000000000000000000000000000 
-2.33256904203877649639385263721E-74
ECOEF 384/24 -1.80000000000000000000000000000 
-5.02972157496957830624414220585E-74
ECOEF 480/24 -2.00000000000000000000000000000 
-2.75020562742618861005759629009E-74
ECOEF 528/24 -1.60000000000000000000000000000 
-4.62646293121147729836315453160E-74
ECOEF 552/24 1.00000000000000000000000000000 
-7.92479395947734341045855148265E-75
ECOEF 600/24 -3.00000000000000000000000000000 
-6.46562096563546629669803352777E-74
ECOEF 624/24 -4.00000000000000000000000000000 
-5.41029309358176491899259116338E-74
ECOEF 648/24 -1.20000000000000000000000000000 
-3.34814218498163246198613599849E-74
ECOEF 744/24 1.00000000000000000000000000000 
-5.74234212931499726009307050127E-74
ECOEF 792/24 -1.60000000000000000000000000000 
-6.74898606023699979387650711651E-74
ECOEF 816/24 -4.40000000000000000000000000000 
-1.06619853033958398111351957037E-73
ECOEF 864/24 -1.80000000000000000000000000000 
-4.76474336277396822986310500585E-74
ECOEF 888/24 -2.20000000000000000000000000000 
-5.33099265169791990556759785187E-74
ECOEF 912/24 -4.00000000000000000000000000000 
-5.41029309358176491899259116338E-74
DONE
