AVAIL = [ -2, -1, 8, 9, 10, 11, 12, 13, 14 ]
USED KEYS = [ -2, -1, 9, 10, 11, 12, 13, 14 ]
BASE 77 2  M = 308  ds = [ 1, 2, 4, 7, 11, 14, 22, 28, 44, 77, 154, 308 ]
#monomials = 2081
MONO 1 [ -192, 96, 1, 64, 63, -32, -33, 0, 2, 61, -24, -5 ]
MONO 2 [ -192, 97, 0, 63, 63, -31, -31, 0, 0, 64, -30, -2 ]
MONO 3 [ -192, 97, 0, 64, 62, -32, -30, 0, 0, 60, -26, -2 ]
MONO 4 [ -192, 97, 0, 64, 63, -33, -31, 3, 0, 61, -28, -3 ]
MONO 5 [ -192, 98, -1, 62, 59, -30, -21, 0, -4, 63, -32, -1 ]
MONO 6 [ -192, 98, -1, 62, 63, -30, -31, 0, 0, 59, -22, -5 ]
MONO 7 [ -192, 98, -1, 63, 61, -32, -25, 1, -2, 62, -30, -2 ]
MONO 8 [ -192, 98, -1, 63, 62, -32, -30, 1, 0, 63, -31, 0 ]
MONO 9 [ -191, 94, 2, 61, 61, -27, -28, -2, -1, 63, -32, 1 ]
MONO 10 [ -191, 95, 0, 61, 61, -28, -29, 0, 1, 63, -31, -1 ]
MONO 11 [ -191, 95, 0, 61, 62, -28, -29, 0, 0, 64, -31, -2 ]
MONO 12 [ -191, 95, 0, 63, 59, -32, -23, 2, -3, 63, -29, -3 ]
MONO 13 [ -191, 95, 1, 61, 61, -25, -28, -2, -1, 63, -31, -2 ]
MONO 14 [ -191, 95, 1, 62, 62, -29, -30, -1, 0, 61, -25, -4 ]
MONO 15 [ -191, 95, 1, 62, 63, -32, -31, 4, 0, 62, -29, -3 ]
MONO 16 [ -191, 95, 1, 62, 63, -30, -33, 0, 4, 62, -29, -3 ]
MONO 17 [ -191, 95, 1, 62, 63, -30, -31, 0, 0, 62, -31, 1 ]
MONO 18 [ -191, 95, 1, 62, 63, -29, -31, -1, 2, 62, -30, -2 ]
MONO 19 [ -191, 95, 1, 63, 61, -32, -28, 1, -1, 65, -30, -3 ]
MONO 20 [ -191, 95, 1, 63, 64, -32, -32, 1, 0, 60, -26, -2 ]
MONO 21 [ -191, 95, 1, 63, 65, -32, -30, 1, -1, 61, -28, -3 ]
MONO 22 [ -191, 95, 1, 64, 61, -32, -28, 0, -1, 62, -30, 0 ]
MONO 23 [ -191, 96, 0, 62, 62, -30, -27, 0, -1, 61, -28, -3 ]
MONO 24 [ -191, 96, 0, 62, 63, -30, -32, 0, 1, 62, -29, -1 ]
MONO 25 [ -191, 96, 0, 62, 63, -28, -31, 0, 0, 62, -30, -2 ]
MONO 26 [ -191, 96, 0, 63, 62, -32, -32, 1, 2, 66, -31, -3 ]
MONO 27 [ -191, 96, 0, 63, 62, -31, -30, 0, 0, 66, -32, -2 ]
MONO 28 [ -191, 96, 0, 63, 64, -32, -33, 1, 1, 60, -24, -4 ]
MONO 29 [ -191, 96, 0, 63, 66, -32, -34, 1, 2, 62, -29, -3 ]
MONO 30 [ -191, 96, 0, 63, 66, -31, -32, 0, 0, 62, -30, -2 ]
MONO 31 [ -191, 96, 0, 64, 63, -32, -32, 0, 1, 64, -31, -1 ]
MONO 32 [ -191, 97, -1, 62, 63, -30, -32, 2, 1, 62, -30, -2 ]
MONO 33 [ -191, 97, -1, 62, 63, -30, -31, 0, 2, 62, -29, -3 ]
MONO 34 [ -191, 97, -1, 65, 63, -33, -31, 2, 0, 61, -28, -3 ]
MONO 35 [ -191, 98, 0, 62, 63, -30, -31, 0, 0, 62, -30, -2 ]
MONO 36 [ -190, 94, 1, 60, 62, -25, -31, -1, 1, 62, -29, -3 ]
MONO 37 [ -190, 95, 0, 60, 62, -26, -30, 0, 0, 62, -30, -2 ]
MONO 38 [ -190, 95, 0, 62, 62, -30, -31, 0, 1, 64, -31, -1 ]
MONO 39 [ -190, 95, 0, 62, 62, -29, -29, -1, -1, 64, -32, 0 ]
MONO 40 [ -190, 95, 0, 62, 63, -30, -31, 0, 0, 65, -31, -2 ]
MONO 41 [ -190, 95, 0, 62, 67, -30, -33, 0, 0, 61, -29, -2 ]
MONO 42 [ -190, 95, 0, 63, 62, -31, -30, 0, 0, 61, -27, -2 ]
MONO 43 [ -190, 95, 0, 63, 63, -32, -32, 1, 1, 62, -26, -4 ]
MONO 44 [ -190, 95, 0, 63, 63, -32, -31, 3, 0, 62, -29, -3 ]
MONO 45 [ -190, 95, 0, 64, 64, -32, -32, 0, 0, 60, -26, -2 ]
MONO 46 [ -190, 96, -1, 63, 63, -34, -32, 5, 1, 62, -29, -3 ]
MONO 47 [ -190, 99, -2, 63, 63, -32, -32, 1, 1, 62, -30, -2 ]
MONO 48 [ -189, 93, 1, 58, 62, -20, -31, -4, 1, 63, -31, -2 ]
MONO 49 [ -188, 94, 1, 62, 62, -31, -30, 1, 0, 62, -30, -2 ]
MONO 50 [ -188, 98, -2, 62, 62, -31, -31, 0, 0, 62, -31, 0 ]
MONO 51 [ -187, 94, 0, 63, 62, -32, -32, 1, 2, 62, -29, -3 ]
MONO 52 [ -187, 94, 0, 63, 62, -31, -30, 0, 0, 62, -30, -2 ]
MONO 53 [ -186, 93, 0, 61, 61, -29, -29, 0, 0, 62, -30, -2 ]
MONO 54 [ -186, 93, 1, 62, 61, -31, -32, 0, 2, 59, -23, -5 ]
MONO 55 [ -186, 94, -1, 61, 61, -32, -32, 3, 3, 62, -29, -3 ]
MONO 56 [ -186, 94, 0, 61, 61, -30, -30, 0, 0, 62, -29, -2 ]
MONO 57 [ -186, 94, 0, 62, 60, -31, -29, 0, 0, 58, -25, -2 ]
MONO 58 [ -186, 94, 0, 62, 61, -32, -30, 3, 0, 59, -27, -3 ]
MONO 59 [ -186, 95, -1, 60, 57, -29, -20, 0, -4, 61, -31, -1 ]
MONO 60 [ -186, 95, -1, 60, 61, -29, -30, 0, 0, 57, -21, -5 ]
MONO 61 [ -186, 95, -1, 61, 59, -31, -24, 1, -2, 60, -29, -2 ]
MONO 62 [ -186, 95, -1, 61, 60, -31, -29, 1, 0, 61, -30, 0 ]
MONO 63 [ -185, 91, 2, 59, 59, -26, -27, -2, -1, 61, -31, 1 ]
MONO 64 [ -185, 92, 0, 59, 59, -27, -28, 0, 1, 61, -30, -1 ]
MONO 65 [ -185, 92, 0, 59, 60, -27, -28, 0, 0, 62, -30, -2 ]
MONO 66 [ -185, 92, 0, 61, 57, -31, -22, 2, -3, 61, -28, -3 ]
MONO 67 [ -185, 92, 1, 59, 59, -24, -27, -2, -1, 61, -30, -2 ]
MONO 68 [ -185, 92, 1, 60, 60, -28, -29, -1, 0, 59, -24, -4 ]
MONO 69 [ -185, 92, 1, 60, 61, -31, -30, 4, 0, 60, -28, -3 ]
MONO 70 [ -185, 92, 1, 60, 61, -29, -32, 0, 4, 60, -28, -3 ]
MONO 71 [ -185, 92, 1, 60, 61, -29, -30, 0, 0, 60, -30, 1 ]
MONO 72 [ -185, 92, 1, 60, 61, -28, -30, -1, 2, 60, -29, -2 ]
MONO 73 [ -185, 92, 1, 61, 59, -31, -27, 1, -1, 63, -29, -3 ]
MONO 74 [ -185, 92, 1, 61, 62, -31, -31, 1, 0, 58, -25, -2 ]
MONO 75 [ -185, 92, 1, 61, 63, -31, -29, 1, -1, 59, -27, -3 ]
MONO 76 [ -185, 92, 1, 62, 59, -31, -27, 0, -1, 60, -29, 0 ]
MONO 77 [ -185, 93, 0, 60, 60, -29, -26, 0, -1, 59, -27, -3 ]
MONO 78 [ -185, 93, 0, 60, 61, -29, -31, 0, 1, 60, -28, -1 ]
MONO 79 [ -185, 93, 0, 60, 61, -27, -30, 0, 0, 60, -29, -2 ]
MONO 80 [ -185, 93, 0, 61, 60, -31, -31, 1, 2, 64, -30, -3 ]
MONO 81 [ -185, 93, 0, 61, 60, -30, -29, 0, 0, 64, -31, -2 ]
MONO 82 [ -185, 93, 0, 61, 62, -31, -32, 1, 1, 58, -23, -4 ]
MONO 83 [ -185, 93, 0, 61, 64, -31, -33, 1, 2, 60, -28, -3 ]
MONO 84 [ -185, 93, 0, 61, 64, -30, -31, 0, 0, 60, -29, -2 ]
MONO 85 [ -185, 93, 0, 62, 61, -31, -31, 0, 1, 62, -30, -1 ]
MONO 86 [ -185, 94, -1, 60, 61, -29, -31, 2, 1, 60, -29, -2 ]
MONO 87 [ -185, 94, -1, 60, 61, -29, -30, 0, 2, 60, -28, -3 ]
MONO 88 [ -185, 94, -1, 63, 61, -32, -30, 2, 0, 59, -27, -3 ]
MONO 89 [ -185, 95, 0, 60, 61, -29, -30, 0, 0, 60, -29, -2 ]
MONO 90 [ -184, 91, 1, 58, 60, -24, -30, -1, 1, 60, -28, -3 ]
MONO 91 [ -184, 92, 0, 58, 60, -25, -29, 0, 0, 60, -29, -2 ]
MONO 92 [ -184, 92, 0, 60, 60, -29, -30, 0, 1, 62, -30, -1 ]
MONO 93 [ -184, 92, 0, 60, 60, -28, -28, -1, -1, 62, -31, 0 ]
MONO 94 [ -184, 92, 0, 60, 61, -29, -30, 0, 0, 63, -30, -2 ]
MONO 95 [ -184, 92, 0, 60, 65, -29, -32, 0, 0, 59, -28, -2 ]
MONO 96 [ -184, 92, 0, 61, 60, -30, -29, 0, 0, 59, -26, -2 ]
MONO 97 [ -184, 92, 0, 61, 61, -31, -31, 1, 1, 60, -25, -4 ]
MONO 98 [ -184, 92, 0, 61, 61, -31, -30, 3, 0, 60, -28, -3 ]
MONO 99 [ -184, 92, 0, 62, 62, -31, -31, 0, 0, 58, -25, -2 ]
MONO 100 [ -184, 93, -1, 61, 61, -33, -31, 5, 1, 60, -28, -3 ]
MONO 101 [ -184, 96, -2, 61, 61, -31, -31, 1, 1, 60, -29, -2 ]
MONO 102 [ -183, 90, 1, 56, 60, -19, -30, -4, 1, 61, -30, -2 ]
MONO 103 [ -182, 91, 1, 60, 60, -30, -29, 1, 0, 60, -29, -2 ]
MONO 104 [ -182, 95, -2, 60, 60, -30, -30, 0, 0, 60, -30, 0 ]
MONO 105 [ -181, 91, 0, 61, 60, -31, -31, 1, 2, 60, -28, -3 ]
MONO 106 [ -181, 91, 0, 61, 60, -30, -29, 0, 0, 60, -29, -2 ]
MONO 107 [ -180, 90, 0, 59, 59, -28, -28, 0, 0, 60, -29, -2 ]
MONO 108 [ -180, 90, 0, 60, 59, -30, -29, 1, 1, 57, -24, -4 ]
MONO 109 [ -180, 90, 1, 60, 59, -30, -31, 0, 2, 57, -22, -5 ]
MONO 110 [ -180, 91, -1, 59, 59, -31, -31, 3, 3, 60, -28, -3 ]
MONO 111 [ -180, 91, 0, 59, 59, -29, -29, 0, 0, 60, -28, -2 ]
MONO 112 [ -180, 91, 0, 60, 58, -30, -28, 0, 0, 56, -24, -2 ]
MONO 113 [ -180, 91, 0, 60, 59, -31, -29, 3, 0, 57, -26, -3 ]
MONO 114 [ -180, 92, -1, 58, 55, -28, -19, 0, -4, 59, -30, -1 ]
MONO 115 [ -180, 92, -1, 58, 59, -28, -29, 0, 0, 55, -20, -5 ]
MONO 116 [ -180, 92, -1, 59, 57, -30, -23, 1, -2, 58, -28, -2 ]
MONO 117 [ -180, 92, -1, 59, 58, -30, -28, 1, 0, 59, -29, 0 ]
MONO 118 [ -179, 88, 2, 57, 57, -25, -26, -2, -1, 59, -30, 1 ]
MONO 119 [ -179, 89, 0, 57, 57, -26, -27, 0, 1, 59, -29, -1 ]
MONO 120 [ -179, 89, 0, 57, 58, -26, -27, 0, 0, 60, -29, -2 ]
MONO 121 [ -179, 89, 0, 59, 55, -30, -21, 2, -3, 59, -27, -3 ]
MONO 122 [ -179, 89, 1, 57, 57, -23, -26, -2, -1, 59, -29, -2 ]
MONO 123 [ -179, 89, 1, 58, 58, -27, -28, -1, 0, 57, -23, -4 ]
MONO 124 [ -179, 89, 1, 58, 59, -30, -29, 4, 0, 58, -27, -3 ]
MONO 125 [ -179, 89, 1, 58, 59, -28, -31, 0, 4, 58, -27, -3 ]
MONO 126 [ -179, 89, 1, 58, 59, -28, -29, 0, 0, 58, -29, 1 ]
MONO 127 [ -179, 89, 1, 58, 59, -27, -29, -1, 2, 58, -28, -2 ]
MONO 128 [ -179, 89, 1, 59, 57, -30, -26, 1, -1, 61, -28, -3 ]
MONO 129 [ -179, 89, 1, 59, 60, -30, -30, 1, 0, 56, -24, -2 ]
MONO 130 [ -179, 89, 1, 59, 61, -30, -28, 1, -1, 57, -26, -3 ]
MONO 131 [ -179, 89, 1, 60, 57, -30, -26, 0, -1, 58, -28, 0 ]
MONO 132 [ -179, 90, 0, 58, 58, -28, -25, 0, -1, 57, -26, -3 ]
MONO 133 [ -179, 90, 0, 58, 59, -28, -30, 0, 1, 58, -27, -1 ]
MONO 134 [ -179, 90, 0, 58, 59, -26, -29, 0, 0, 58, -28, -2 ]
MONO 135 [ -179, 90, 0, 59, 58, -30, -30, 1, 2, 62, -29, -3 ]
MONO 136 [ -179, 90, 0, 59, 58, -29, -28, 0, 0, 62, -30, -2 ]
MONO 137 [ -179, 90, 0, 59, 60, -30, -31, 1, 1, 56, -22, -4 ]
MONO 138 [ -179, 90, 0, 59, 62, -30, -32, 1, 2, 58, -27, -3 ]
MONO 139 [ -179, 90, 0, 59, 62, -29, -30, 0, 0, 58, -28, -2 ]
MONO 140 [ -179, 90, 0, 60, 59, -30, -30, 0, 1, 60, -29, -1 ]
MONO 141 [ -179, 91, -1, 58, 59, -28, -30, 2, 1, 58, -28, -2 ]
MONO 142 [ -179, 91, -1, 58, 59, -28, -29, 0, 2, 58, -27, -3 ]
MONO 143 [ -179, 91, -1, 61, 59, -31, -29, 2, 0, 57, -26, -3 ]
MONO 144 [ -179, 92, 0, 58, 59, -28, -29, 0, 0, 58, -28, -2 ]
MONO 145 [ -178, 88, 1, 56, 58, -23, -29, -1, 1, 58, -27, -3 ]
MONO 146 [ -178, 89, 0, 56, 58, -24, -28, 0, 0, 58, -28, -2 ]
MONO 147 [ -178, 89, 0, 58, 58, -28, -29, 0, 1, 60, -29, -1 ]
MONO 148 [ -178, 89, 0, 58, 58, -27, -27, -1, -1, 60, -30, 0 ]
MONO 149 [ -178, 89, 0, 58, 59, -28, -29, 0, 0, 61, -29, -2 ]
MONO 150 [ -178, 89, 0, 58, 63, -28, -31, 0, 0, 57, -27, -2 ]
MONO 151 [ -178, 89, 0, 59, 58, -29, -28, 0, 0, 57, -25, -2 ]
MONO 152 [ -178, 89, 0, 59, 59, -30, -30, 1, 1, 58, -24, -4 ]
MONO 153 [ -178, 89, 0, 59, 59, -30, -29, 3, 0, 58, -27, -3 ]
MONO 154 [ -178, 89, 0, 60, 60, -30, -30, 0, 0, 56, -24, -2 ]
MONO 155 [ -178, 90, -1, 59, 59, -32, -30, 5, 1, 58, -27, -3 ]
MONO 156 [ -178, 93, -2, 59, 59, -30, -30, 1, 1, 58, -28, -2 ]
MONO 157 [ -177, 87, 1, 54, 58, -18, -29, -4, 1, 59, -29, -2 ]
MONO 158 [ -176, 88, 1, 58, 58, -29, -28, 1, 0, 58, -28, -2 ]
MONO 159 [ -176, 92, -2, 58, 58, -29, -29, 0, 0, 58, -29, 0 ]
MONO 160 [ -175, 88, 0, 59, 58, -30, -30, 1, 2, 58, -27, -3 ]
MONO 161 [ -175, 88, 0, 59, 58, -29, -28, 0, 0, 58, -28, -2 ]
MONO 162 [ -174, 87, 0, 57, 57, -27, -27, 0, 0, 58, -28, -2 ]
MONO 163 [ -174, 87, 0, 58, 57, -29, -28, 1, 1, 55, -23, -4 ]
MONO 164 [ -174, 87, 1, 58, 57, -29, -30, 0, 2, 55, -21, -5 ]
MONO 165 [ -174, 88, -1, 57, 57, -30, -30, 3, 3, 58, -27, -3 ]
MONO 166 [ -174, 88, 0, 57, 57, -28, -28, 0, 0, 58, -27, -2 ]
MONO 167 [ -174, 88, 0, 58, 56, -29, -27, 0, 0, 54, -23, -2 ]
MONO 168 [ -174, 88, 0, 58, 57, -30, -28, 3, 0, 55, -25, -3 ]
MONO 169 [ -174, 89, -1, 56, 53, -27, -18, 0, -4, 57, -29, -1 ]
MONO 170 [ -174, 89, -1, 56, 57, -27, -28, 0, 0, 53, -19, -5 ]
MONO 171 [ -174, 89, -1, 57, 55, -29, -22, 1, -2, 56, -27, -2 ]
MONO 172 [ -174, 89, -1, 57, 56, -29, -27, 1, 0, 57, -28, 0 ]
MONO 173 [ -173, 85, 2, 55, 55, -24, -25, -2, -1, 57, -29, 1 ]
MONO 174 [ -173, 86, 0, 55, 55, -25, -26, 0, 1, 57, -28, -1 ]
MONO 175 [ -173, 86, 0, 55, 56, -25, -26, 0, 0, 58, -28, -2 ]
MONO 176 [ -173, 86, 0, 57, 53, -29, -20, 2, -3, 57, -26, -3 ]
MONO 177 [ -173, 86, 1, 55, 55, -22, -25, -2, -1, 57, -28, -2 ]
MONO 178 [ -173, 86, 1, 56, 56, -26, -27, -1, 0, 55, -22, -4 ]
MONO 179 [ -173, 86, 1, 56, 57, -29, -28, 4, 0, 56, -26, -3 ]
MONO 180 [ -173, 86, 1, 56, 57, -27, -30, 0, 4, 56, -26, -3 ]
MONO 181 [ -173, 86, 1, 56, 57, -27, -28, 0, 0, 56, -28, 1 ]
MONO 182 [ -173, 86, 1, 56, 57, -26, -28, -1, 2, 56, -27, -2 ]
MONO 183 [ -173, 86, 1, 57, 55, -29, -25, 1, -1, 59, -27, -3 ]
MONO 184 [ -173, 86, 1, 57, 58, -29, -29, 1, 0, 54, -23, -2 ]
MONO 185 [ -173, 86, 1, 57, 59, -29, -27, 1, -1, 55, -25, -3 ]
MONO 186 [ -173, 86, 1, 58, 55, -29, -25, 0, -1, 56, -27, 0 ]
MONO 187 [ -173, 87, 0, 56, 56, -27, -24, 0, -1, 55, -25, -3 ]
MONO 188 [ -173, 87, 0, 56, 57, -27, -29, 0, 1, 56, -26, -1 ]
MONO 189 [ -173, 87, 0, 56, 57, -25, -28, 0, 0, 56, -27, -2 ]
MONO 190 [ -173, 87, 0, 57, 56, -29, -29, 1, 2, 60, -28, -3 ]
MONO 191 [ -173, 87, 0, 57, 56, -28, -27, 0, 0, 60, -29, -2 ]
MONO 192 [ -173, 87, 0, 57, 58, -29, -30, 1, 1, 54, -21, -4 ]
MONO 193 [ -173, 87, 0, 57, 60, -29, -31, 1, 2, 56, -26, -3 ]
MONO 194 [ -173, 87, 0, 57, 60, -28, -29, 0, 0, 56, -27, -2 ]
MONO 195 [ -173, 87, 0, 58, 57, -29, -29, 0, 1, 58, -28, -1 ]
MONO 196 [ -173, 88, -1, 56, 57, -27, -29, 2, 1, 56, -27, -2 ]
MONO 197 [ -173, 88, -1, 56, 57, -27, -28, 0, 2, 56, -26, -3 ]
MONO 198 [ -173, 88, -1, 59, 57, -30, -28, 2, 0, 55, -25, -3 ]
MONO 199 [ -173, 89, 0, 56, 57, -27, -28, 0, 0, 56, -27, -2 ]
MONO 200 [ -172, 85, 1, 54, 56, -22, -28, -1, 1, 56, -26, -3 ]
MONO 201 [ -172, 86, 0, 54, 56, -23, -27, 0, 0, 56, -27, -2 ]
MONO 202 [ -172, 86, 0, 56, 56, -27, -28, 0, 1, 58, -28, -1 ]
MONO 203 [ -172, 86, 0, 56, 56, -26, -26, -1, -1, 58, -29, 0 ]
MONO 204 [ -172, 86, 0, 56, 57, -27, -28, 0, 0, 59, -28, -2 ]
MONO 205 [ -172, 86, 0, 56, 61, -27, -30, 0, 0, 55, -26, -2 ]
MONO 206 [ -172, 86, 0, 57, 56, -28, -27, 0, 0, 55, -24, -2 ]
MONO 207 [ -172, 86, 0, 57, 57, -29, -29, 1, 1, 56, -23, -4 ]
MONO 208 [ -172, 86, 0, 57, 57, -29, -28, 3, 0, 56, -26, -3 ]
MONO 209 [ -172, 86, 0, 58, 58, -29, -29, 0, 0, 54, -23, -2 ]
MONO 210 [ -172, 87, -1, 57, 57, -31, -29, 5, 1, 56, -26, -3 ]
MONO 211 [ -172, 90, -2, 57, 57, -29, -29, 1, 1, 56, -27, -2 ]
MONO 212 [ -171, 84, 1, 52, 56, -17, -28, -4, 1, 57, -28, -2 ]
MONO 213 [ -170, 85, 1, 56, 56, -28, -27, 1, 0, 56, -27, -2 ]
MONO 214 [ -170, 89, -2, 56, 56, -28, -28, 0, 0, 56, -28, 0 ]
MONO 215 [ -169, 85, 0, 57, 56, -29, -29, 1, 2, 56, -26, -3 ]
MONO 216 [ -169, 85, 0, 57, 56, -28, -27, 0, 0, 56, -27, -2 ]
MONO 217 [ -168, 84, 0, 55, 55, -26, -26, 0, 0, 56, -27, -2 ]
MONO 218 [ -168, 84, 0, 56, 55, -28, -27, 1, 1, 53, -22, -4 ]
MONO 219 [ -168, 84, 1, 56, 55, -28, -29, 0, 2, 53, -20, -5 ]
MONO 220 [ -168, 85, -1, 55, 55, -29, -29, 3, 3, 56, -26, -3 ]
MONO 221 [ -168, 85, 0, 55, 55, -27, -27, 0, 0, 56, -26, -2 ]
MONO 222 [ -168, 85, 0, 56, 54, -28, -26, 0, 0, 52, -22, -2 ]
MONO 223 [ -168, 85, 0, 56, 55, -29, -27, 3, 0, 53, -24, -3 ]
MONO 224 [ -168, 86, -1, 54, 51, -26, -17, 0, -4, 55, -28, -1 ]
MONO 225 [ -168, 86, -1, 54, 55, -26, -27, 0, 0, 51, -18, -5 ]
MONO 226 [ -168, 86, -1, 55, 53, -28, -21, 1, -2, 54, -26, -2 ]
MONO 227 [ -168, 86, -1, 55, 54, -28, -26, 1, 0, 55, -27, 0 ]
MONO 228 [ -167, 82, 2, 53, 53, -23, -24, -2, -1, 55, -28, 1 ]
MONO 229 [ -167, 83, 0, 53, 53, -24, -25, 0, 1, 55, -27, -1 ]
MONO 230 [ -167, 83, 0, 53, 54, -24, -25, 0, 0, 56, -27, -2 ]
MONO 231 [ -167, 83, 0, 55, 51, -28, -19, 2, -3, 55, -25, -3 ]
MONO 232 [ -167, 83, 1, 53, 53, -21, -24, -2, -1, 55, -27, -2 ]
MONO 233 [ -167, 83, 1, 54, 54, -25, -26, -1, 0, 53, -21, -4 ]
MONO 234 [ -167, 83, 1, 54, 55, -28, -27, 4, 0, 54, -25, -3 ]
MONO 235 [ -167, 83, 1, 54, 55, -26, -29, 0, 4, 54, -25, -3 ]
MONO 236 [ -167, 83, 1, 54, 55, -26, -27, 0, 0, 54, -27, 1 ]
MONO 237 [ -167, 83, 1, 54, 55, -25, -27, -1, 2, 54, -26, -2 ]
MONO 238 [ -167, 83, 1, 55, 53, -28, -24, 1, -1, 57, -26, -3 ]
MONO 239 [ -167, 83, 1, 55, 56, -28, -28, 1, 0, 52, -22, -2 ]
MONO 240 [ -167, 83, 1, 55, 57, -28, -26, 1, -1, 53, -24, -3 ]
MONO 241 [ -167, 83, 1, 56, 53, -28, -24, 0, -1, 54, -26, 0 ]
MONO 242 [ -167, 84, 0, 54, 54, -26, -23, 0, -1, 53, -24, -3 ]
MONO 243 [ -167, 84, 0, 54, 55, -26, -28, 0, 1, 54, -25, -1 ]
MONO 244 [ -167, 84, 0, 54, 55, -24, -27, 0, 0, 54, -26, -2 ]
MONO 245 [ -167, 84, 0, 55, 54, -28, -28, 1, 2, 58, -27, -3 ]
MONO 246 [ -167, 84, 0, 55, 54, -27, -26, 0, 0, 58, -28, -2 ]
MONO 247 [ -167, 84, 0, 55, 56, -28, -29, 1, 1, 52, -20, -4 ]
MONO 248 [ -167, 84, 0, 55, 58, -28, -30, 1, 2, 54, -25, -3 ]
MONO 249 [ -167, 84, 0, 55, 58, -27, -28, 0, 0, 54, -26, -2 ]
MONO 250 [ -167, 84, 0, 56, 55, -28, -28, 0, 1, 56, -27, -1 ]
MONO 251 [ -167, 85, -1, 54, 55, -26, -28, 2, 1, 54, -26, -2 ]
MONO 252 [ -167, 85, -1, 54, 55, -26, -27, 0, 2, 54, -25, -3 ]
MONO 253 [ -167, 85, -1, 57, 55, -29, -27, 2, 0, 53, -24, -3 ]
MONO 254 [ -167, 86, 0, 54, 55, -26, -27, 0, 0, 54, -26, -2 ]
MONO 255 [ -166, 82, 1, 52, 54, -21, -27, -1, 1, 54, -25, -3 ]
MONO 256 [ -166, 83, 0, 52, 54, -22, -26, 0, 0, 54, -26, -2 ]
MONO 257 [ -166, 83, 0, 54, 54, -26, -27, 0, 1, 56, -27, -1 ]
MONO 258 [ -166, 83, 0, 54, 54, -25, -25, -1, -1, 56, -28, 0 ]
MONO 259 [ -166, 83, 0, 54, 55, -26, -27, 0, 0, 57, -27, -2 ]
MONO 260 [ -166, 83, 0, 54, 59, -26, -29, 0, 0, 53, -25, -2 ]
MONO 261 [ -166, 83, 0, 55, 54, -27, -26, 0, 0, 53, -23, -2 ]
MONO 262 [ -166, 83, 0, 55, 55, -28, -28, 1, 1, 54, -22, -4 ]
MONO 263 [ -166, 83, 0, 55, 55, -28, -27, 3, 0, 54, -25, -3 ]
MONO 264 [ -166, 83, 0, 56, 56, -28, -28, 0, 0, 52, -22, -2 ]
MONO 265 [ -166, 84, -1, 55, 55, -30, -28, 5, 1, 54, -25, -3 ]
MONO 266 [ -166, 87, -2, 55, 55, -28, -28, 1, 1, 54, -26, -2 ]
MONO 267 [ -165, 81, 1, 50, 54, -16, -27, -4, 1, 55, -27, -2 ]
MONO 268 [ -164, 82, 1, 54, 54, -27, -26, 1, 0, 54, -26, -2 ]
MONO 269 [ -164, 86, -2, 54, 54, -27, -27, 0, 0, 54, -27, 0 ]
MONO 270 [ -163, 82, 0, 55, 54, -28, -28, 1, 2, 54, -25, -3 ]
MONO 271 [ -163, 82, 0, 55, 54, -27, -26, 0, 0, 54, -26, -2 ]
MONO 272 [ -162, 81, 0, 53, 53, -25, -25, 0, 0, 54, -26, -2 ]
MONO 273 [ -162, 81, 0, 54, 53, -27, -26, 1, 1, 51, -21, -4 ]
MONO 274 [ -162, 81, 1, 54, 53, -27, -28, 0, 2, 51, -19, -5 ]
MONO 275 [ -162, 82, -1, 53, 53, -28, -28, 3, 3, 54, -25, -3 ]
MONO 276 [ -162, 82, 0, 53, 53, -26, -26, 0, 0, 54, -25, -2 ]
MONO 277 [ -162, 82, 0, 54, 52, -27, -25, 0, 0, 50, -21, -2 ]
MONO 278 [ -162, 82, 0, 54, 53, -28, -26, 3, 0, 51, -23, -3 ]
MONO 279 [ -162, 83, -1, 52, 49, -25, -16, 0, -4, 53, -27, -1 ]
MONO 280 [ -162, 83, -1, 52, 53, -25, -26, 0, 0, 49, -17, -5 ]
MONO 281 [ -162, 83, -1, 53, 51, -27, -20, 1, -2, 52, -25, -2 ]
MONO 282 [ -162, 83, -1, 53, 52, -27, -25, 1, 0, 53, -26, 0 ]
MONO 283 [ -161, 79, 2, 51, 51, -22, -23, -2, -1, 53, -27, 1 ]
MONO 284 [ -161, 80, 0, 51, 51, -23, -24, 0, 1, 53, -26, -1 ]
MONO 285 [ -161, 80, 0, 51, 52, -23, -24, 0, 0, 54, -26, -2 ]
MONO 286 [ -161, 80, 0, 53, 49, -27, -18, 2, -3, 53, -24, -3 ]
MONO 287 [ -161, 80, 1, 51, 51, -20, -23, -2, -1, 53, -26, -2 ]
MONO 288 [ -161, 80, 1, 52, 52, -24, -25, -1, 0, 51, -20, -4 ]
MONO 289 [ -161, 80, 1, 52, 53, -27, -26, 4, 0, 52, -24, -3 ]
MONO 290 [ -161, 80, 1, 52, 53, -25, -28, 0, 4, 52, -24, -3 ]
MONO 291 [ -161, 80, 1, 52, 53, -25, -26, 0, 0, 52, -26, 1 ]
MONO 292 [ -161, 80, 1, 52, 53, -24, -26, -1, 2, 52, -25, -2 ]
MONO 293 [ -161, 80, 1, 53, 51, -27, -23, 1, -1, 55, -25, -3 ]
MONO 294 [ -161, 80, 1, 53, 54, -27, -27, 1, 0, 50, -21, -2 ]
MONO 295 [ -161, 80, 1, 53, 55, -27, -25, 1, -1, 51, -23, -3 ]
MONO 296 [ -161, 80, 1, 54, 51, -27, -23, 0, -1, 52, -25, 0 ]
MONO 297 [ -161, 81, 0, 52, 52, -25, -22, 0, -1, 51, -23, -3 ]
MONO 298 [ -161, 81, 0, 52, 53, -25, -27, 0, 1, 52, -24, -1 ]
MONO 299 [ -161, 81, 0, 52, 53, -23, -26, 0, 0, 52, -25, -2 ]
MONO 300 [ -161, 81, 0, 53, 52, -27, -27, 1, 2, 56, -26, -3 ]
MONO 301 [ -161, 81, 0, 53, 52, -26, -25, 0, 0, 56, -27, -2 ]
MONO 302 [ -161, 81, 0, 53, 54, -27, -28, 1, 1, 50, -19, -4 ]
MONO 303 [ -161, 81, 0, 53, 56, -27, -29, 1, 2, 52, -24, -3 ]
MONO 304 [ -161, 81, 0, 53, 56, -26, -27, 0, 0, 52, -25, -2 ]
MONO 305 [ -161, 81, 0, 54, 53, -27, -27, 0, 1, 54, -26, -1 ]
MONO 306 [ -161, 82, -1, 52, 53, -25, -27, 2, 1, 52, -25, -2 ]
MONO 307 [ -161, 82, -1, 52, 53, -25, -26, 0, 2, 52, -24, -3 ]
MONO 308 [ -161, 82, -1, 55, 53, -28, -26, 2, 0, 51, -23, -3 ]
MONO 309 [ -161, 83, 0, 52, 53, -25, -26, 0, 0, 52, -25, -2 ]
MONO 310 [ -160, 79, 1, 50, 52, -20, -26, -1, 1, 52, -24, -3 ]
MONO 311 [ -160, 80, 0, 50, 52, -21, -25, 0, 0, 52, -25, -2 ]
MONO 312 [ -160, 80, 0, 52, 52, -25, -26, 0, 1, 54, -26, -1 ]
MONO 313 [ -160, 80, 0, 52, 52, -24, -24, -1, -1, 54, -27, 0 ]
MONO 314 [ -160, 80, 0, 52, 53, -25, -26, 0, 0, 55, -26, -2 ]
MONO 315 [ -160, 80, 0, 52, 57, -25, -28, 0, 0, 51, -24, -2 ]
MONO 316 [ -160, 80, 0, 53, 52, -26, -25, 0, 0, 51, -22, -2 ]
MONO 317 [ -160, 80, 0, 53, 53, -27, -27, 1, 1, 52, -21, -4 ]
MONO 318 [ -160, 80, 0, 53, 53, -27, -26, 3, 0, 52, -24, -3 ]
MONO 319 [ -160, 80, 0, 54, 54, -27, -27, 0, 0, 50, -21, -2 ]
MONO 320 [ -160, 81, -1, 53, 53, -29, -27, 5, 1, 52, -24, -3 ]
MONO 321 [ -160, 84, -2, 53, 53, -27, -27, 1, 1, 52, -25, -2 ]
MONO 322 [ -159, 78, 1, 48, 52, -15, -26, -4, 1, 53, -26, -2 ]
MONO 323 [ -158, 79, 1, 52, 52, -26, -25, 1, 0, 52, -25, -2 ]
MONO 324 [ -158, 83, -2, 52, 52, -26, -26, 0, 0, 52, -26, 0 ]
MONO 325 [ -157, 79, 0, 53, 52, -27, -27, 1, 2, 52, -24, -3 ]
MONO 326 [ -157, 79, 0, 53, 52, -26, -25, 0, 0, 52, -25, -2 ]
MONO 327 [ -156, 78, 0, 51, 51, -24, -24, 0, 0, 52, -25, -2 ]
MONO 328 [ -156, 78, 0, 52, 51, -26, -25, 1, 1, 49, -20, -4 ]
MONO 329 [ -156, 78, 1, 52, 51, -26, -27, 0, 2, 49, -18, -5 ]
MONO 330 [ -156, 79, -1, 51, 51, -27, -27, 3, 3, 52, -24, -3 ]
MONO 331 [ -156, 79, 0, 51, 51, -25, -25, 0, 0, 52, -24, -2 ]
MONO 332 [ -156, 79, 0, 52, 50, -26, -24, 0, 0, 48, -20, -2 ]
MONO 333 [ -156, 79, 0, 52, 51, -27, -25, 3, 0, 49, -22, -3 ]
MONO 334 [ -156, 80, -1, 50, 47, -24, -15, 0, -4, 51, -26, -1 ]
MONO 335 [ -156, 80, -1, 50, 51, -24, -25, 0, 0, 47, -16, -5 ]
MONO 336 [ -156, 80, -1, 51, 49, -26, -19, 1, -2, 50, -24, -2 ]
MONO 337 [ -156, 80, -1, 51, 50, -26, -24, 1, 0, 51, -25, 0 ]
MONO 338 [ -155, 76, 2, 49, 49, -21, -22, -2, -1, 51, -26, 1 ]
MONO 339 [ -155, 77, 0, 49, 49, -22, -23, 0, 1, 51, -25, -1 ]
MONO 340 [ -155, 77, 0, 49, 50, -22, -23, 0, 0, 52, -25, -2 ]
MONO 341 [ -155, 77, 0, 51, 47, -26, -17, 2, -3, 51, -23, -3 ]
MONO 342 [ -155, 77, 1, 49, 49, -19, -22, -2, -1, 51, -25, -2 ]
MONO 343 [ -155, 77, 1, 50, 50, -23, -24, -1, 0, 49, -19, -4 ]
MONO 344 [ -155, 77, 1, 50, 51, -26, -25, 4, 0, 50, -23, -3 ]
MONO 345 [ -155, 77, 1, 50, 51, -24, -27, 0, 4, 50, -23, -3 ]
MONO 346 [ -155, 77, 1, 50, 51, -24, -25, 0, 0, 50, -25, 1 ]
MONO 347 [ -155, 77, 1, 50, 51, -23, -25, -1, 2, 50, -24, -2 ]
MONO 348 [ -155, 77, 1, 51, 49, -26, -22, 1, -1, 53, -24, -3 ]
MONO 349 [ -155, 77, 1, 51, 52, -26, -26, 1, 0, 48, -20, -2 ]
MONO 350 [ -155, 77, 1, 51, 53, -26, -24, 1, -1, 49, -22, -3 ]
MONO 351 [ -155, 77, 1, 52, 49, -26, -22, 0, -1, 50, -24, 0 ]
MONO 352 [ -155, 78, 0, 50, 50, -24, -21, 0, -1, 49, -22, -3 ]
MONO 353 [ -155, 78, 0, 50, 51, -24, -26, 0, 1, 50, -23, -1 ]
MONO 354 [ -155, 78, 0, 50, 51, -22, -25, 0, 0, 50, -24, -2 ]
MONO 355 [ -155, 78, 0, 51, 50, -26, -26, 1, 2, 54, -25, -3 ]
MONO 356 [ -155, 78, 0, 51, 50, -25, -24, 0, 0, 54, -26, -2 ]
MONO 357 [ -155, 78, 0, 51, 52, -26, -27, 1, 1, 48, -18, -4 ]
MONO 358 [ -155, 78, 0, 51, 54, -26, -28, 1, 2, 50, -23, -3 ]
MONO 359 [ -155, 78, 0, 51, 54, -25, -26, 0, 0, 50, -24, -2 ]
MONO 360 [ -155, 78, 0, 52, 51, -26, -26, 0, 1, 52, -25, -1 ]
MONO 361 [ -155, 79, -1, 50, 51, -24, -26, 2, 1, 50, -24, -2 ]
MONO 362 [ -155, 79, -1, 50, 51, -24, -25, 0, 2, 50, -23, -3 ]
MONO 363 [ -155, 79, -1, 53, 51, -27, -25, 2, 0, 49, -22, -3 ]
MONO 364 [ -155, 80, 0, 50, 51, -24, -25, 0, 0, 50, -24, -2 ]
MONO 365 [ -154, 76, 1, 48, 50, -19, -25, -1, 1, 50, -23, -3 ]
MONO 366 [ -154, 77, 0, 48, 50, -20, -24, 0, 0, 50, -24, -2 ]
MONO 367 [ -154, 77, 0, 50, 50, -24, -25, 0, 1, 52, -25, -1 ]
MONO 368 [ -154, 77, 0, 50, 50, -23, -23, -1, -1, 52, -26, 0 ]
MONO 369 [ -154, 77, 0, 50, 51, -24, -25, 0, 0, 53, -25, -2 ]
MONO 370 [ -154, 77, 0, 50, 55, -24, -27, 0, 0, 49, -23, -2 ]
MONO 371 [ -154, 77, 0, 51, 50, -25, -24, 0, 0, 49, -21, -2 ]
MONO 372 [ -154, 77, 0, 51, 51, -26, -26, 1, 1, 50, -20, -4 ]
MONO 373 [ -154, 77, 0, 51, 51, -26, -25, 3, 0, 50, -23, -3 ]
MONO 374 [ -154, 77, 0, 52, 52, -26, -26, 0, 0, 48, -20, -2 ]
MONO 375 [ -154, 78, -1, 51, 51, -28, -26, 5, 1, 50, -23, -3 ]
MONO 376 [ -154, 81, -2, 51, 51, -26, -26, 1, 1, 50, -24, -2 ]
MONO 377 [ -153, 75, 1, 46, 50, -14, -25, -4, 1, 51, -25, -2 ]
MONO 378 [ -152, 76, 1, 50, 50, -25, -24, 1, 0, 50, -24, -2 ]
MONO 379 [ -152, 80, -2, 50, 50, -25, -25, 0, 0, 50, -25, 0 ]
MONO 380 [ -151, 76, 0, 51, 50, -26, -26, 1, 2, 50, -23, -3 ]
MONO 381 [ -151, 76, 0, 51, 50, -25, -24, 0, 0, 50, -24, -2 ]
MONO 382 [ -150, 75, 0, 49, 49, -23, -23, 0, 0, 50, -24, -2 ]
MONO 383 [ -150, 75, 0, 50, 49, -25, -24, 1, 1, 47, -19, -4 ]
MONO 384 [ -150, 75, 1, 50, 49, -25, -26, 0, 2, 47, -17, -5 ]
MONO 385 [ -150, 76, -1, 49, 49, -26, -26, 3, 3, 50, -23, -3 ]
MONO 386 [ -150, 76, 0, 49, 49, -24, -24, 0, 0, 50, -23, -2 ]
MONO 387 [ -150, 76, 0, 50, 48, -25, -23, 0, 0, 46, -19, -2 ]
MONO 388 [ -150, 76, 0, 50, 49, -26, -24, 3, 0, 47, -21, -3 ]
MONO 389 [ -150, 77, -1, 48, 45, -23, -14, 0, -4, 49, -25, -1 ]
MONO 390 [ -150, 77, -1, 48, 49, -23, -24, 0, 0, 45, -15, -5 ]
MONO 391 [ -150, 77, -1, 49, 47, -25, -18, 1, -2, 48, -23, -2 ]
MONO 392 [ -150, 77, -1, 49, 48, -25, -23, 1, 0, 49, -24, 0 ]
MONO 393 [ -149, 73, 2, 47, 47, -20, -21, -2, -1, 49, -25, 1 ]
MONO 394 [ -149, 74, 0, 47, 47, -21, -22, 0, 1, 49, -24, -1 ]
MONO 395 [ -149, 74, 0, 47, 48, -21, -22, 0, 0, 50, -24, -2 ]
MONO 396 [ -149, 74, 0, 49, 45, -25, -16, 2, -3, 49, -22, -3 ]
MONO 397 [ -149, 74, 1, 47, 47, -18, -21, -2, -1, 49, -24, -2 ]
MONO 398 [ -149, 74, 1, 48, 48, -22, -23, -1, 0, 47, -18, -4 ]
MONO 399 [ -149, 74, 1, 48, 49, -25, -24, 4, 0, 48, -22, -3 ]
MONO 400 [ -149, 74, 1, 48, 49, -23, -26, 0, 4, 48, -22, -3 ]
MONO 401 [ -149, 74, 1, 48, 49, -23, -24, 0, 0, 48, -24, 1 ]
MONO 402 [ -149, 74, 1, 48, 49, -22, -24, -1, 2, 48, -23, -2 ]
MONO 403 [ -149, 74, 1, 49, 47, -25, -21, 1, -1, 51, -23, -3 ]
MONO 404 [ -149, 74, 1, 49, 50, -25, -25, 1, 0, 46, -19, -2 ]
MONO 405 [ -149, 74, 1, 49, 51, -25, -23, 1, -1, 47, -21, -3 ]
MONO 406 [ -149, 74, 1, 50, 47, -25, -21, 0, -1, 48, -23, 0 ]
MONO 407 [ -149, 75, 0, 48, 48, -23, -20, 0, -1, 47, -21, -3 ]
MONO 408 [ -149, 75, 0, 48, 49, -23, -25, 0, 1, 48, -22, -1 ]
MONO 409 [ -149, 75, 0, 48, 49, -21, -24, 0, 0, 48, -23, -2 ]
MONO 410 [ -149, 75, 0, 49, 48, -25, -25, 1, 2, 52, -24, -3 ]
MONO 411 [ -149, 75, 0, 49, 48, -24, -23, 0, 0, 52, -25, -2 ]
MONO 412 [ -149, 75, 0, 49, 50, -25, -26, 1, 1, 46, -17, -4 ]
MONO 413 [ -149, 75, 0, 49, 52, -25, -27, 1, 2, 48, -22, -3 ]
MONO 414 [ -149, 75, 0, 49, 52, -24, -25, 0, 0, 48, -23, -2 ]
MONO 415 [ -149, 75, 0, 50, 49, -25, -25, 0, 1, 50, -24, -1 ]
MONO 416 [ -149, 76, -1, 48, 49, -23, -25, 2, 1, 48, -23, -2 ]
MONO 417 [ -149, 76, -1, 48, 49, -23, -24, 0, 2, 48, -22, -3 ]
MONO 418 [ -149, 76, -1, 51, 49, -26, -24, 2, 0, 47, -21, -3 ]
MONO 419 [ -149, 77, 0, 48, 49, -23, -24, 0, 0, 48, -23, -2 ]
MONO 420 [ -148, 73, 1, 46, 48, -18, -24, -1, 1, 48, -22, -3 ]
MONO 421 [ -148, 74, 0, 46, 48, -19, -23, 0, 0, 48, -23, -2 ]
MONO 422 [ -148, 74, 0, 48, 48, -23, -24, 0, 1, 50, -24, -1 ]
MONO 423 [ -148, 74, 0, 48, 48, -22, -22, -1, -1, 50, -25, 0 ]
MONO 424 [ -148, 74, 0, 48, 49, -23, -24, 0, 0, 51, -24, -2 ]
MONO 425 [ -148, 74, 0, 48, 53, -23, -26, 0, 0, 47, -22, -2 ]
MONO 426 [ -148, 74, 0, 49, 48, -24, -23, 0, 0, 47, -20, -2 ]
MONO 427 [ -148, 74, 0, 49, 49, -25, -25, 1, 1, 48, -19, -4 ]
MONO 428 [ -148, 74, 0, 49, 49, -25, -24, 3, 0, 48, -22, -3 ]
MONO 429 [ -148, 74, 0, 50, 50, -25, -25, 0, 0, 46, -19, -2 ]
MONO 430 [ -148, 75, -1, 49, 49, -27, -25, 5, 1, 48, -22, -3 ]
MONO 431 [ -148, 78, -2, 49, 49, -25, -25, 1, 1, 48, -23, -2 ]
MONO 432 [ -147, 72, 1, 44, 48, -13, -24, -4, 1, 49, -24, -2 ]
MONO 433 [ -146, 73, 1, 48, 48, -24, -23, 1, 0, 48, -23, -2 ]
MONO 434 [ -146, 77, -2, 48, 48, -24, -24, 0, 0, 48, -24, 0 ]
MONO 435 [ -145, 73, 0, 49, 48, -25, -25, 1, 2, 48, -22, -3 ]
MONO 436 [ -145, 73, 0, 49, 48, -24, -23, 0, 0, 48, -23, -2 ]
MONO 437 [ -144, 72, 0, 47, 47, -22, -22, 0, 0, 48, -23, -2 ]
MONO 438 [ -144, 72, 0, 48, 47, -24, -23, 1, 1, 45, -18, -4 ]
MONO 439 [ -144, 72, 1, 48, 47, -24, -25, 0, 2, 45, -16, -5 ]
MONO 440 [ -144, 73, -1, 47, 47, -25, -25, 3, 3, 48, -22, -3 ]
MONO 441 [ -144, 73, 0, 47, 47, -23, -23, 0, 0, 48, -22, -2 ]
MONO 442 [ -144, 73, 0, 48, 46, -24, -22, 0, 0, 44, -18, -2 ]
MONO 443 [ -144, 73, 0, 48, 47, -25, -23, 3, 0, 45, -20, -3 ]
MONO 444 [ -144, 74, -1, 46, 43, -22, -13, 0, -4, 47, -24, -1 ]
MONO 445 [ -144, 74, -1, 46, 47, -22, -23, 0, 0, 43, -14, -5 ]
MONO 446 [ -144, 74, -1, 47, 45, -24, -17, 1, -2, 46, -22, -2 ]
MONO 447 [ -144, 74, -1, 47, 46, -24, -22, 1, 0, 47, -23, 0 ]
MONO 448 [ -143, 70, 2, 45, 45, -19, -20, -2, -1, 47, -24, 1 ]
MONO 449 [ -143, 71, 0, 45, 45, -20, -21, 0, 1, 47, -23, -1 ]
MONO 450 [ -143, 71, 0, 45, 46, -20, -21, 0, 0, 48, -23, -2 ]
MONO 451 [ -143, 71, 0, 47, 43, -24, -15, 2, -3, 47, -21, -3 ]
MONO 452 [ -143, 71, 1, 45, 45, -17, -20, -2, -1, 47, -23, -2 ]
MONO 453 [ -143, 71, 1, 46, 46, -21, -22, -1, 0, 45, -17, -4 ]
MONO 454 [ -143, 71, 1, 46, 47, -24, -23, 4, 0, 46, -21, -3 ]
MONO 455 [ -143, 71, 1, 46, 47, -22, -25, 0, 4, 46, -21, -3 ]
MONO 456 [ -143, 71, 1, 46, 47, -22, -23, 0, 0, 46, -23, 1 ]
MONO 457 [ -143, 71, 1, 46, 47, -21, -23, -1, 2, 46, -22, -2 ]
MONO 458 [ -143, 71, 1, 47, 45, -24, -20, 1, -1, 49, -22, -3 ]
MONO 459 [ -143, 71, 1, 47, 48, -24, -24, 1, 0, 44, -18, -2 ]
MONO 460 [ -143, 71, 1, 47, 49, -24, -22, 1, -1, 45, -20, -3 ]
MONO 461 [ -143, 71, 1, 48, 45, -24, -20, 0, -1, 46, -22, 0 ]
MONO 462 [ -143, 72, 0, 46, 46, -22, -19, 0, -1, 45, -20, -3 ]
MONO 463 [ -143, 72, 0, 46, 47, -22, -24, 0, 1, 46, -21, -1 ]
MONO 464 [ -143, 72, 0, 46, 47, -20, -23, 0, 0, 46, -22, -2 ]
MONO 465 [ -143, 72, 0, 47, 46, -24, -24, 1, 2, 50, -23, -3 ]
MONO 466 [ -143, 72, 0, 47, 46, -23, -22, 0, 0, 50, -24, -2 ]
MONO 467 [ -143, 72, 0, 47, 48, -24, -25, 1, 1, 44, -16, -4 ]
MONO 468 [ -143, 72, 0, 47, 50, -24, -26, 1, 2, 46, -21, -3 ]
MONO 469 [ -143, 72, 0, 47, 50, -23, -24, 0, 0, 46, -22, -2 ]
MONO 470 [ -143, 72, 0, 48, 47, -24, -24, 0, 1, 48, -23, -1 ]
MONO 471 [ -143, 73, -1, 46, 47, -22, -24, 2, 1, 46, -22, -2 ]
MONO 472 [ -143, 73, -1, 46, 47, -22, -23, 0, 2, 46, -21, -3 ]
MONO 473 [ -143, 73, -1, 49, 47, -25, -23, 2, 0, 45, -20, -3 ]
MONO 474 [ -143, 74, 0, 46, 47, -22, -23, 0, 0, 46, -22, -2 ]
MONO 475 [ -142, 70, 1, 44, 46, -17, -23, -1, 1, 46, -21, -3 ]
MONO 476 [ -142, 71, 0, 44, 46, -18, -22, 0, 0, 46, -22, -2 ]
MONO 477 [ -142, 71, 0, 46, 46, -22, -23, 0, 1, 48, -23, -1 ]
MONO 478 [ -142, 71, 0, 46, 46, -21, -21, -1, -1, 48, -24, 0 ]
MONO 479 [ -142, 71, 0, 46, 47, -22, -23, 0, 0, 49, -23, -2 ]
MONO 480 [ -142, 71, 0, 46, 51, -22, -25, 0, 0, 45, -21, -2 ]
MONO 481 [ -142, 71, 0, 47, 46, -23, -22, 0, 0, 45, -19, -2 ]
MONO 482 [ -142, 71, 0, 47, 47, -24, -24, 1, 1, 46, -18, -4 ]
MONO 483 [ -142, 71, 0, 47, 47, -24, -23, 3, 0, 46, -21, -3 ]
MONO 484 [ -142, 71, 0, 48, 48, -24, -24, 0, 0, 44, -18, -2 ]
MONO 485 [ -142, 72, -1, 47, 47, -26, -24, 5, 1, 46, -21, -3 ]
MONO 486 [ -142, 75, -2, 47, 47, -24, -24, 1, 1, 46, -22, -2 ]
MONO 487 [ -141, 69, 1, 42, 46, -12, -23, -4, 1, 47, -23, -2 ]
MONO 488 [ -140, 70, 1, 46, 46, -23, -22, 1, 0, 46, -22, -2 ]
MONO 489 [ -140, 74, -2, 46, 46, -23, -23, 0, 0, 46, -23, 0 ]
MONO 490 [ -139, 70, 0, 47, 46, -24, -24, 1, 2, 46, -21, -3 ]
MONO 491 [ -139, 70, 0, 47, 46, -23, -22, 0, 0, 46, -22, -2 ]
MONO 492 [ -138, 69, 0, 45, 45, -21, -21, 0, 0, 46, -22, -2 ]
MONO 493 [ -138, 69, 0, 46, 45, -23, -22, 1, 1, 43, -17, -4 ]
MONO 494 [ -138, 69, 1, 46, 45, -23, -24, 0, 2, 43, -15, -5 ]
MONO 495 [ -138, 70, -1, 45, 45, -24, -24, 3, 3, 46, -21, -3 ]
MONO 496 [ -138, 70, 0, 45, 45, -22, -22, 0, 0, 46, -21, -2 ]
MONO 497 [ -138, 70, 0, 46, 44, -23, -21, 0, 0, 42, -17, -2 ]
MONO 498 [ -138, 70, 0, 46, 45, -24, -22, 3, 0, 43, -19, -3 ]
MONO 499 [ -138, 71, -1, 44, 41, -21, -12, 0, -4, 45, -23, -1 ]
MONO 500 [ -138, 71, -1, 44, 45, -21, -22, 0, 0, 41, -13, -5 ]
MONO 501 [ -138, 71, -1, 45, 43, -23, -16, 1, -2, 44, -21, -2 ]
MONO 502 [ -138, 71, -1, 45, 44, -23, -21, 1, 0, 45, -22, 0 ]
MONO 503 [ -137, 67, 2, 43, 43, -18, -19, -2, -1, 45, -23, 1 ]
MONO 504 [ -137, 68, 0, 43, 43, -19, -20, 0, 1, 45, -22, -1 ]
MONO 505 [ -137, 68, 0, 43, 44, -19, -20, 0, 0, 46, -22, -2 ]
MONO 506 [ -137, 68, 0, 45, 41, -23, -14, 2, -3, 45, -20, -3 ]
MONO 507 [ -137, 68, 1, 43, 43, -16, -19, -2, -1, 45, -22, -2 ]
MONO 508 [ -137, 68, 1, 44, 44, -20, -21, -1, 0, 43, -16, -4 ]
MONO 509 [ -137, 68, 1, 44, 45, -23, -22, 4, 0, 44, -20, -3 ]
MONO 510 [ -137, 68, 1, 44, 45, -21, -24, 0, 4, 44, -20, -3 ]
MONO 511 [ -137, 68, 1, 44, 45, -21, -22, 0, 0, 44, -22, 1 ]
MONO 512 [ -137, 68, 1, 44, 45, -20, -22, -1, 2, 44, -21, -2 ]
MONO 513 [ -137, 68, 1, 45, 43, -23, -19, 1, -1, 47, -21, -3 ]
MONO 514 [ -137, 68, 1, 45, 46, -23, -23, 1, 0, 42, -17, -2 ]
MONO 515 [ -137, 68, 1, 45, 47, -23, -21, 1, -1, 43, -19, -3 ]
MONO 516 [ -137, 68, 1, 46, 43, -23, -19, 0, -1, 44, -21, 0 ]
MONO 517 [ -137, 69, 0, 44, 44, -21, -18, 0, -1, 43, -19, -3 ]
MONO 518 [ -137, 69, 0, 44, 45, -21, -23, 0, 1, 44, -20, -1 ]
MONO 519 [ -137, 69, 0, 44, 45, -19, -22, 0, 0, 44, -21, -2 ]
MONO 520 [ -137, 69, 0, 45, 44, -23, -23, 1, 2, 48, -22, -3 ]
MONO 521 [ -137, 69, 0, 45, 44, -22, -21, 0, 0, 48, -23, -2 ]
MONO 522 [ -137, 69, 0, 45, 46, -23, -24, 1, 1, 42, -15, -4 ]
MONO 523 [ -137, 69, 0, 45, 48, -23, -25, 1, 2, 44, -20, -3 ]
MONO 524 [ -137, 69, 0, 45, 48, -22, -23, 0, 0, 44, -21, -2 ]
MONO 525 [ -137, 69, 0, 46, 45, -23, -23, 0, 1, 46, -22, -1 ]
MONO 526 [ -137, 70, -1, 44, 45, -21, -23, 2, 1, 44, -21, -2 ]
MONO 527 [ -137, 70, -1, 44, 45, -21, -22, 0, 2, 44, -20, -3 ]
MONO 528 [ -137, 70, -1, 47, 45, -24, -22, 2, 0, 43, -19, -3 ]
MONO 529 [ -137, 71, 0, 44, 45, -21, -22, 0, 0, 44, -21, -2 ]
MONO 530 [ -136, 67, 1, 42, 44, -16, -22, -1, 1, 44, -20, -3 ]
MONO 531 [ -136, 68, 0, 42, 44, -17, -21, 0, 0, 44, -21, -2 ]
MONO 532 [ -136, 68, 0, 44, 44, -21, -22, 0, 1, 46, -22, -1 ]
MONO 533 [ -136, 68, 0, 44, 44, -20, -20, -1, -1, 46, -23, 0 ]
MONO 534 [ -136, 68, 0, 44, 45, -21, -22, 0, 0, 47, -22, -2 ]
MONO 535 [ -136, 68, 0, 44, 49, -21, -24, 0, 0, 43, -20, -2 ]
MONO 536 [ -136, 68, 0, 45, 44, -22, -21, 0, 0, 43, -18, -2 ]
MONO 537 [ -136, 68, 0, 45, 45, -23, -23, 1, 1, 44, -17, -4 ]
MONO 538 [ -136, 68, 0, 45, 45, -23, -22, 3, 0, 44, -20, -3 ]
MONO 539 [ -136, 68, 0, 46, 46, -23, -23, 0, 0, 42, -17, -2 ]
MONO 540 [ -136, 69, -1, 45, 45, -25, -23, 5, 1, 44, -20, -3 ]
MONO 541 [ -136, 72, -2, 45, 45, -23, -23, 1, 1, 44, -21, -2 ]
MONO 542 [ -135, 66, 1, 40, 44, -11, -22, -4, 1, 45, -22, -2 ]
MONO 543 [ -134, 67, 1, 44, 44, -22, -21, 1, 0, 44, -21, -2 ]
MONO 544 [ -134, 71, -2, 44, 44, -22, -22, 0, 0, 44, -22, 0 ]
MONO 545 [ -133, 67, 0, 45, 44, -23, -23, 1, 2, 44, -20, -3 ]
MONO 546 [ -133, 67, 0, 45, 44, -22, -21, 0, 0, 44, -21, -2 ]
MONO 547 [ -132, 66, 0, 43, 43, -20, -20, 0, 0, 44, -21, -2 ]
MONO 548 [ -132, 66, 0, 44, 43, -22, -21, 1, 1, 41, -16, -4 ]
MONO 549 [ -132, 66, 1, 44, 43, -22, -23, 0, 2, 41, -14, -5 ]
MONO 550 [ -132, 67, -1, 43, 43, -23, -23, 3, 3, 44, -20, -3 ]
MONO 551 [ -132, 67, 0, 43, 43, -21, -21, 0, 0, 44, -20, -2 ]
MONO 552 [ -132, 67, 0, 44, 42, -22, -20, 0, 0, 40, -16, -2 ]
MONO 553 [ -132, 67, 0, 44, 43, -23, -21, 3, 0, 41, -18, -3 ]
MONO 554 [ -132, 68, -1, 42, 39, -20, -11, 0, -4, 43, -22, -1 ]
MONO 555 [ -132, 68, -1, 42, 43, -20, -21, 0, 0, 39, -12, -5 ]
MONO 556 [ -132, 68, -1, 43, 41, -22, -15, 1, -2, 42, -20, -2 ]
MONO 557 [ -132, 68, -1, 43, 42, -22, -20, 1, 0, 43, -21, 0 ]
MONO 558 [ -131, 64, 2, 41, 41, -17, -18, -2, -1, 43, -22, 1 ]
MONO 559 [ -131, 65, 0, 41, 41, -18, -19, 0, 1, 43, -21, -1 ]
MONO 560 [ -131, 65, 0, 41, 42, -18, -19, 0, 0, 44, -21, -2 ]
MONO 561 [ -131, 65, 0, 43, 39, -22, -13, 2, -3, 43, -19, -3 ]
MONO 562 [ -131, 65, 1, 41, 41, -15, -18, -2, -1, 43, -21, -2 ]
MONO 563 [ -131, 65, 1, 42, 42, -19, -20, -1, 0, 41, -15, -4 ]
MONO 564 [ -131, 65, 1, 42, 43, -22, -21, 4, 0, 42, -19, -3 ]
MONO 565 [ -131, 65, 1, 42, 43, -20, -23, 0, 4, 42, -19, -3 ]
MONO 566 [ -131, 65, 1, 42, 43, -20, -21, 0, 0, 42, -21, 1 ]
MONO 567 [ -131, 65, 1, 42, 43, -19, -21, -1, 2, 42, -20, -2 ]
MONO 568 [ -131, 65, 1, 43, 41, -22, -18, 1, -1, 45, -20, -3 ]
MONO 569 [ -131, 65, 1, 43, 44, -22, -22, 1, 0, 40, -16, -2 ]
MONO 570 [ -131, 65, 1, 43, 45, -22, -20, 1, -1, 41, -18, -3 ]
MONO 571 [ -131, 65, 1, 44, 41, -22, -18, 0, -1, 42, -20, 0 ]
MONO 572 [ -131, 66, 0, 42, 42, -20, -17, 0, -1, 41, -18, -3 ]
MONO 573 [ -131, 66, 0, 42, 43, -20, -22, 0, 1, 42, -19, -1 ]
MONO 574 [ -131, 66, 0, 42, 43, -18, -21, 0, 0, 42, -20, -2 ]
MONO 575 [ -131, 66, 0, 43, 42, -22, -22, 1, 2, 46, -21, -3 ]
MONO 576 [ -131, 66, 0, 43, 42, -21, -20, 0, 0, 46, -22, -2 ]
MONO 577 [ -131, 66, 0, 43, 44, -22, -23, 1, 1, 40, -14, -4 ]
MONO 578 [ -131, 66, 0, 43, 46, -22, -24, 1, 2, 42, -19, -3 ]
MONO 579 [ -131, 66, 0, 43, 46, -21, -22, 0, 0, 42, -20, -2 ]
MONO 580 [ -131, 66, 0, 44, 43, -22, -22, 0, 1, 44, -21, -1 ]
MONO 581 [ -131, 67, -1, 42, 43, -20, -22, 2, 1, 42, -20, -2 ]
MONO 582 [ -131, 67, -1, 42, 43, -20, -21, 0, 2, 42, -19, -3 ]
MONO 583 [ -131, 67, -1, 45, 43, -23, -21, 2, 0, 41, -18, -3 ]
MONO 584 [ -131, 68, 0, 42, 43, -20, -21, 0, 0, 42, -20, -2 ]
MONO 585 [ -130, 64, 1, 40, 42, -15, -21, -1, 1, 42, -19, -3 ]
MONO 586 [ -130, 65, 0, 40, 42, -16, -20, 0, 0, 42, -20, -2 ]
MONO 587 [ -130, 65, 0, 42, 42, -20, -21, 0, 1, 44, -21, -1 ]
MONO 588 [ -130, 65, 0, 42, 42, -19, -19, -1, -1, 44, -22, 0 ]
MONO 589 [ -130, 65, 0, 42, 43, -20, -21, 0, 0, 45, -21, -2 ]
MONO 590 [ -130, 65, 0, 42, 47, -20, -23, 0, 0, 41, -19, -2 ]
MONO 591 [ -130, 65, 0, 43, 42, -21, -20, 0, 0, 41, -17, -2 ]
MONO 592 [ -130, 65, 0, 43, 43, -22, -22, 1, 1, 42, -16, -4 ]
MONO 593 [ -130, 65, 0, 43, 43, -22, -21, 3, 0, 42, -19, -3 ]
MONO 594 [ -130, 65, 0, 44, 44, -22, -22, 0, 0, 40, -16, -2 ]
MONO 595 [ -130, 66, -1, 43, 43, -24, -22, 5, 1, 42, -19, -3 ]
MONO 596 [ -130, 69, -2, 43, 43, -22, -22, 1, 1, 42, -20, -2 ]
MONO 597 [ -129, 63, 1, 38, 42, -10, -21, -4, 1, 43, -21, -2 ]
MONO 598 [ -128, 64, 1, 42, 42, -21, -20, 1, 0, 42, -20, -2 ]
MONO 599 [ -128, 68, -2, 42, 42, -21, -21, 0, 0, 42, -21, 0 ]
MONO 600 [ -127, 64, 0, 43, 42, -22, -22, 1, 2, 42, -19, -3 ]
MONO 601 [ -127, 64, 0, 43, 42, -21, -20, 0, 0, 42, -20, -2 ]
MONO 602 [ -126, 63, 0, 41, 41, -19, -19, 0, 0, 42, -20, -2 ]
MONO 603 [ -126, 63, 0, 42, 41, -21, -20, 1, 1, 39, -15, -4 ]
MONO 604 [ -126, 63, 1, 42, 41, -21, -22, 0, 2, 39, -13, -5 ]
MONO 605 [ -126, 64, -1, 41, 41, -22, -22, 3, 3, 42, -19, -3 ]
MONO 606 [ -126, 64, 0, 41, 41, -20, -20, 0, 0, 42, -19, -2 ]
MONO 607 [ -126, 64, 0, 42, 40, -21, -19, 0, 0, 38, -15, -2 ]
MONO 608 [ -126, 64, 0, 42, 41, -22, -20, 3, 0, 39, -17, -3 ]
MONO 609 [ -126, 65, -1, 40, 37, -19, -10, 0, -4, 41, -21, -1 ]
MONO 610 [ -126, 65, -1, 40, 41, -19, -20, 0, 0, 37, -11, -5 ]
MONO 611 [ -126, 65, -1, 41, 39, -21, -14, 1, -2, 40, -19, -2 ]
MONO 612 [ -126, 65, -1, 41, 40, -21, -19, 1, 0, 41, -20, 0 ]
MONO 613 [ -125, 61, 2, 39, 39, -16, -17, -2, -1, 41, -21, 1 ]
MONO 614 [ -125, 62, 0, 39, 39, -17, -18, 0, 1, 41, -20, -1 ]
MONO 615 [ -125, 62, 0, 39, 40, -17, -18, 0, 0, 42, -20, -2 ]
MONO 616 [ -125, 62, 0, 41, 37, -21, -12, 2, -3, 41, -18, -3 ]
MONO 617 [ -125, 62, 1, 39, 39, -14, -17, -2, -1, 41, -20, -2 ]
MONO 618 [ -125, 62, 1, 40, 40, -18, -19, -1, 0, 39, -14, -4 ]
MONO 619 [ -125, 62, 1, 40, 41, -21, -20, 4, 0, 40, -18, -3 ]
MONO 620 [ -125, 62, 1, 40, 41, -19, -22, 0, 4, 40, -18, -3 ]
MONO 621 [ -125, 62, 1, 40, 41, -19, -20, 0, 0, 40, -20, 1 ]
MONO 622 [ -125, 62, 1, 40, 41, -18, -20, -1, 2, 40, -19, -2 ]
MONO 623 [ -125, 62, 1, 41, 39, -21, -17, 1, -1, 43, -19, -3 ]
MONO 624 [ -125, 62, 1, 41, 42, -21, -21, 1, 0, 38, -15, -2 ]
MONO 625 [ -125, 62, 1, 41, 43, -21, -19, 1, -1, 39, -17, -3 ]
MONO 626 [ -125, 62, 1, 42, 39, -21, -17, 0, -1, 40, -19, 0 ]
MONO 627 [ -125, 63, 0, 40, 40, -19, -16, 0, -1, 39, -17, -3 ]
MONO 628 [ -125, 63, 0, 40, 41, -19, -21, 0, 1, 40, -18, -1 ]
MONO 629 [ -125, 63, 0, 40, 41, -17, -20, 0, 0, 40, -19, -2 ]
MONO 630 [ -125, 63, 0, 41, 40, -21, -21, 1, 2, 44, -20, -3 ]
MONO 631 [ -125, 63, 0, 41, 40, -20, -19, 0, 0, 44, -21, -2 ]
MONO 632 [ -125, 63, 0, 41, 42, -21, -22, 1, 1, 38, -13, -4 ]
MONO 633 [ -125, 63, 0, 41, 44, -21, -23, 1, 2, 40, -18, -3 ]
MONO 634 [ -125, 63, 0, 41, 44, -20, -21, 0, 0, 40, -19, -2 ]
MONO 635 [ -125, 63, 0, 42, 41, -21, -21, 0, 1, 42, -20, -1 ]
MONO 636 [ -125, 64, -1, 40, 41, -19, -21, 2, 1, 40, -19, -2 ]
MONO 637 [ -125, 64, -1, 40, 41, -19, -20, 0, 2, 40, -18, -3 ]
MONO 638 [ -125, 64, -1, 43, 41, -22, -20, 2, 0, 39, -17, -3 ]
MONO 639 [ -125, 65, 0, 40, 41, -19, -20, 0, 0, 40, -19, -2 ]
MONO 640 [ -124, 61, 1, 38, 40, -14, -20, -1, 1, 40, -18, -3 ]
MONO 641 [ -124, 62, 0, 38, 40, -15, -19, 0, 0, 40, -19, -2 ]
MONO 642 [ -124, 62, 0, 40, 40, -19, -20, 0, 1, 42, -20, -1 ]
MONO 643 [ -124, 62, 0, 40, 40, -18, -18, -1, -1, 42, -21, 0 ]
MONO 644 [ -124, 62, 0, 40, 41, -19, -20, 0, 0, 43, -20, -2 ]
MONO 645 [ -124, 62, 0, 40, 45, -19, -22, 0, 0, 39, -18, -2 ]
MONO 646 [ -124, 62, 0, 41, 40, -20, -19, 0, 0, 39, -16, -2 ]
MONO 647 [ -124, 62, 0, 41, 41, -21, -21, 1, 1, 40, -15, -4 ]
MONO 648 [ -124, 62, 0, 41, 41, -21, -20, 3, 0, 40, -18, -3 ]
MONO 649 [ -124, 62, 0, 42, 42, -21, -21, 0, 0, 38, -15, -2 ]
MONO 650 [ -124, 63, -1, 41, 41, -23, -21, 5, 1, 40, -18, -3 ]
MONO 651 [ -124, 66, -2, 41, 41, -21, -21, 1, 1, 40, -19, -2 ]
MONO 652 [ -123, 60, 1, 36, 40, -9, -20, -4, 1, 41, -20, -2 ]
MONO 653 [ -122, 61, 1, 40, 40, -20, -19, 1, 0, 40, -19, -2 ]
MONO 654 [ -122, 65, -2, 40, 40, -20, -20, 0, 0, 40, -20, 0 ]
MONO 655 [ -121, 61, 0, 41, 40, -21, -21, 1, 2, 40, -18, -3 ]
MONO 656 [ -121, 61, 0, 41, 40, -20, -19, 0, 0, 40, -19, -2 ]
MONO 657 [ -120, 60, 0, 39, 39, -18, -18, 0, 0, 40, -19, -2 ]
MONO 658 [ -120, 60, 0, 40, 39, -20, -19, 1, 1, 37, -14, -4 ]
MONO 659 [ -120, 60, 1, 40, 39, -20, -21, 0, 2, 37, -12, -5 ]
MONO 660 [ -120, 61, -1, 39, 39, -21, -21, 3, 3, 40, -18, -3 ]
MONO 661 [ -120, 61, 0, 39, 39, -19, -19, 0, 0, 40, -18, -2 ]
MONO 662 [ -120, 61, 0, 40, 38, -20, -18, 0, 0, 36, -14, -2 ]
MONO 663 [ -120, 61, 0, 40, 39, -21, -19, 3, 0, 37, -16, -3 ]
MONO 664 [ -120, 62, -1, 38, 35, -18, -9, 0, -4, 39, -20, -1 ]
MONO 665 [ -120, 62, -1, 38, 39, -18, -19, 0, 0, 35, -10, -5 ]
MONO 666 [ -120, 62, -1, 39, 37, -20, -13, 1, -2, 38, -18, -2 ]
MONO 667 [ -120, 62, -1, 39, 38, -20, -18, 1, 0, 39, -19, 0 ]
MONO 668 [ -119, 58, 2, 37, 37, -15, -16, -2, -1, 39, -20, 1 ]
MONO 669 [ -119, 59, 0, 37, 37, -16, -17, 0, 1, 39, -19, -1 ]
MONO 670 [ -119, 59, 0, 37, 38, -16, -17, 0, 0, 40, -19, -2 ]
MONO 671 [ -119, 59, 0, 39, 35, -20, -11, 2, -3, 39, -17, -3 ]
MONO 672 [ -119, 59, 1, 37, 37, -13, -16, -2, -1, 39, -19, -2 ]
MONO 673 [ -119, 59, 1, 38, 38, -17, -18, -1, 0, 37, -13, -4 ]
MONO 674 [ -119, 59, 1, 38, 39, -20, -19, 4, 0, 38, -17, -3 ]
MONO 675 [ -119, 59, 1, 38, 39, -18, -21, 0, 4, 38, -17, -3 ]
MONO 676 [ -119, 59, 1, 38, 39, -18, -19, 0, 0, 38, -19, 1 ]
MONO 677 [ -119, 59, 1, 38, 39, -17, -19, -1, 2, 38, -18, -2 ]
MONO 678 [ -119, 59, 1, 39, 37, -20, -16, 1, -1, 41, -18, -3 ]
MONO 679 [ -119, 59, 1, 39, 40, -20, -20, 1, 0, 36, -14, -2 ]
MONO 680 [ -119, 59, 1, 39, 41, -20, -18, 1, -1, 37, -16, -3 ]
MONO 681 [ -119, 59, 1, 40, 37, -20, -16, 0, -1, 38, -18, 0 ]
MONO 682 [ -119, 60, 0, 38, 38, -18, -15, 0, -1, 37, -16, -3 ]
MONO 683 [ -119, 60, 0, 38, 39, -18, -20, 0, 1, 38, -17, -1 ]
MONO 684 [ -119, 60, 0, 38, 39, -16, -19, 0, 0, 38, -18, -2 ]
MONO 685 [ -119, 60, 0, 39, 38, -20, -20, 1, 2, 42, -19, -3 ]
MONO 686 [ -119, 60, 0, 39, 38, -19, -18, 0, 0, 42, -20, -2 ]
MONO 687 [ -119, 60, 0, 39, 40, -20, -21, 1, 1, 36, -12, -4 ]
MONO 688 [ -119, 60, 0, 39, 42, -20, -22, 1, 2, 38, -17, -3 ]
MONO 689 [ -119, 60, 0, 39, 42, -19, -20, 0, 0, 38, -18, -2 ]
MONO 690 [ -119, 60, 0, 40, 39, -20, -20, 0, 1, 40, -19, -1 ]
MONO 691 [ -119, 61, -1, 38, 39, -18, -20, 2, 1, 38, -18, -2 ]
MONO 692 [ -119, 61, -1, 38, 39, -18, -19, 0, 2, 38, -17, -3 ]
MONO 693 [ -119, 61, -1, 41, 39, -21, -19, 2, 0, 37, -16, -3 ]
MONO 694 [ -119, 62, 0, 38, 39, -18, -19, 0, 0, 38, -18, -2 ]
MONO 695 [ -118, 58, 1, 36, 38, -13, -19, -1, 1, 38, -17, -3 ]
MONO 696 [ -118, 59, 0, 36, 38, -14, -18, 0, 0, 38, -18, -2 ]
MONO 697 [ -118, 59, 0, 38, 38, -18, -19, 0, 1, 40, -19, -1 ]
MONO 698 [ -118, 59, 0, 38, 38, -17, -17, -1, -1, 40, -20, 0 ]
MONO 699 [ -118, 59, 0, 38, 39, -18, -19, 0, 0, 41, -19, -2 ]
MONO 700 [ -118, 59, 0, 38, 43, -18, -21, 0, 0, 37, -17, -2 ]
MONO 701 [ -118, 59, 0, 39, 38, -19, -18, 0, 0, 37, -15, -2 ]
MONO 702 [ -118, 59, 0, 39, 39, -20, -20, 1, 1, 38, -14, -4 ]
MONO 703 [ -118, 59, 0, 39, 39, -20, -19, 3, 0, 38, -17, -3 ]
MONO 704 [ -118, 59, 0, 40, 40, -20, -20, 0, 0, 36, -14, -2 ]
MONO 705 [ -118, 60, -1, 39, 39, -22, -20, 5, 1, 38, -17, -3 ]
MONO 706 [ -118, 63, -2, 39, 39, -20, -20, 1, 1, 38, -18, -2 ]
MONO 707 [ -117, 57, 1, 34, 38, -8, -19, -4, 1, 39, -19, -2 ]
MONO 708 [ -116, 58, 1, 38, 38, -19, -18, 1, 0, 38, -18, -2 ]
MONO 709 [ -116, 62, -2, 38, 38, -19, -19, 0, 0, 38, -19, 0 ]
MONO 710 [ -115, 58, 0, 39, 38, -20, -20, 1, 2, 38, -17, -3 ]
MONO 711 [ -115, 58, 0, 39, 38, -19, -18, 0, 0, 38, -18, -2 ]
MONO 712 [ -114, 57, 0, 37, 37, -17, -17, 0, 0, 38, -18, -2 ]
MONO 713 [ -114, 57, 0, 38, 37, -19, -18, 1, 1, 35, -13, -4 ]
MONO 714 [ -114, 57, 1, 38, 37, -19, -20, 0, 2, 35, -11, -5 ]
MONO 715 [ -114, 58, -1, 37, 37, -20, -20, 3, 3, 38, -17, -3 ]
MONO 716 [ -114, 58, 0, 37, 37, -18, -18, 0, 0, 38, -17, -2 ]
MONO 717 [ -114, 58, 0, 38, 36, -19, -17, 0, 0, 34, -13, -2 ]
MONO 718 [ -114, 58, 0, 38, 37, -20, -18, 3, 0, 35, -15, -3 ]
MONO 719 [ -114, 59, -1, 36, 33, -17, -8, 0, -4, 37, -19, -1 ]
MONO 720 [ -114, 59, -1, 36, 37, -17, -18, 0, 0, 33, -9, -5 ]
MONO 721 [ -114, 59, -1, 37, 35, -19, -12, 1, -2, 36, -17, -2 ]
MONO 722 [ -114, 59, -1, 37, 36, -19, -17, 1, 0, 37, -18, 0 ]
MONO 723 [ -113, 55, 2, 35, 35, -14, -15, -2, -1, 37, -19, 1 ]
MONO 724 [ -113, 56, 0, 35, 35, -15, -16, 0, 1, 37, -18, -1 ]
MONO 725 [ -113, 56, 0, 35, 36, -15, -16, 0, 0, 38, -18, -2 ]
MONO 726 [ -113, 56, 0, 37, 33, -19, -10, 2, -3, 37, -16, -3 ]
MONO 727 [ -113, 56, 1, 35, 35, -12, -15, -2, -1, 37, -18, -2 ]
MONO 728 [ -113, 56, 1, 36, 36, -16, -17, -1, 0, 35, -12, -4 ]
MONO 729 [ -113, 56, 1, 36, 37, -19, -18, 4, 0, 36, -16, -3 ]
MONO 730 [ -113, 56, 1, 36, 37, -17, -20, 0, 4, 36, -16, -3 ]
MONO 731 [ -113, 56, 1, 36, 37, -17, -18, 0, 0, 36, -18, 1 ]
MONO 732 [ -113, 56, 1, 36, 37, -16, -18, -1, 2, 36, -17, -2 ]
MONO 733 [ -113, 56, 1, 37, 35, -19, -15, 1, -1, 39, -17, -3 ]
MONO 734 [ -113, 56, 1, 37, 38, -19, -19, 1, 0, 34, -13, -2 ]
MONO 735 [ -113, 56, 1, 37, 39, -19, -17, 1, -1, 35, -15, -3 ]
MONO 736 [ -113, 56, 1, 38, 35, -19, -15, 0, -1, 36, -17, 0 ]
MONO 737 [ -113, 57, 0, 36, 36, -17, -14, 0, -1, 35, -15, -3 ]
MONO 738 [ -113, 57, 0, 36, 37, -17, -19, 0, 1, 36, -16, -1 ]
MONO 739 [ -113, 57, 0, 36, 37, -15, -18, 0, 0, 36, -17, -2 ]
MONO 740 [ -113, 57, 0, 37, 36, -19, -19, 1, 2, 40, -18, -3 ]
MONO 741 [ -113, 57, 0, 37, 36, -18, -17, 0, 0, 40, -19, -2 ]
MONO 742 [ -113, 57, 0, 37, 38, -19, -20, 1, 1, 34, -11, -4 ]
MONO 743 [ -113, 57, 0, 37, 40, -19, -21, 1, 2, 36, -16, -3 ]
MONO 744 [ -113, 57, 0, 37, 40, -18, -19, 0, 0, 36, -17, -2 ]
MONO 745 [ -113, 57, 0, 38, 37, -19, -19, 0, 1, 38, -18, -1 ]
MONO 746 [ -113, 58, -1, 36, 37, -17, -19, 2, 1, 36, -17, -2 ]
MONO 747 [ -113, 58, -1, 36, 37, -17, -18, 0, 2, 36, -16, -3 ]
MONO 748 [ -113, 58, -1, 39, 37, -20, -18, 2, 0, 35, -15, -3 ]
MONO 749 [ -113, 59, 0, 36, 37, -17, -18, 0, 0, 36, -17, -2 ]
MONO 750 [ -112, 55, 1, 34, 36, -12, -18, -1, 1, 36, -16, -3 ]
MONO 751 [ -112, 56, 0, 34, 36, -13, -17, 0, 0, 36, -17, -2 ]
MONO 752 [ -112, 56, 0, 36, 36, -17, -18, 0, 1, 38, -18, -1 ]
MONO 753 [ -112, 56, 0, 36, 36, -16, -16, -1, -1, 38, -19, 0 ]
MONO 754 [ -112, 56, 0, 36, 37, -17, -18, 0, 0, 39, -18, -2 ]
MONO 755 [ -112, 56, 0, 36, 41, -17, -20, 0, 0, 35, -16, -2 ]
MONO 756 [ -112, 56, 0, 37, 36, -18, -17, 0, 0, 35, -14, -2 ]
MONO 757 [ -112, 56, 0, 37, 37, -19, -19, 1, 1, 36, -13, -4 ]
MONO 758 [ -112, 56, 0, 37, 37, -19, -18, 3, 0, 36, -16, -3 ]
MONO 759 [ -112, 56, 0, 38, 38, -19, -19, 0, 0, 34, -13, -2 ]
MONO 760 [ -112, 57, -1, 37, 37, -21, -19, 5, 1, 36, -16, -3 ]
MONO 761 [ -112, 60, -2, 37, 37, -19, -19, 1, 1, 36, -17, -2 ]
MONO 762 [ -111, 54, 1, 32, 36, -7, -18, -4, 1, 37, -18, -2 ]
MONO 763 [ -110, 55, 1, 36, 36, -18, -17, 1, 0, 36, -17, -2 ]
MONO 764 [ -110, 59, -2, 36, 36, -18, -18, 0, 0, 36, -18, 0 ]
MONO 765 [ -109, 55, 0, 37, 36, -19, -19, 1, 2, 36, -16, -3 ]
MONO 766 [ -109, 55, 0, 37, 36, -18, -17, 0, 0, 36, -17, -2 ]
MONO 767 [ -108, 54, 0, 35, 35, -16, -16, 0, 0, 36, -17, -2 ]
MONO 768 [ -108, 54, 0, 36, 35, -18, -17, 1, 1, 33, -12, -4 ]
MONO 769 [ -108, 54, 1, 36, 35, -18, -19, 0, 2, 33, -10, -5 ]
MONO 770 [ -108, 55, -1, 35, 35, -19, -19, 3, 3, 36, -16, -3 ]
MONO 771 [ -108, 55, 0, 35, 35, -17, -17, 0, 0, 36, -16, -2 ]
MONO 772 [ -108, 55, 0, 36, 34, -18, -16, 0, 0, 32, -12, -2 ]
MONO 773 [ -108, 55, 0, 36, 35, -19, -17, 3, 0, 33, -14, -3 ]
MONO 774 [ -108, 56, -1, 34, 31, -16, -7, 0, -4, 35, -18, -1 ]
MONO 775 [ -108, 56, -1, 34, 35, -16, -17, 0, 0, 31, -8, -5 ]
MONO 776 [ -108, 56, -1, 35, 33, -18, -11, 1, -2, 34, -16, -2 ]
MONO 777 [ -108, 56, -1, 35, 34, -18, -16, 1, 0, 35, -17, 0 ]
MONO 778 [ -107, 52, 2, 33, 33, -13, -14, -2, -1, 35, -18, 1 ]
MONO 779 [ -107, 53, 0, 33, 33, -14, -15, 0, 1, 35, -17, -1 ]
MONO 780 [ -107, 53, 0, 33, 34, -14, -15, 0, 0, 36, -17, -2 ]
MONO 781 [ -107, 53, 0, 35, 31, -18, -9, 2, -3, 35, -15, -3 ]
MONO 782 [ -107, 53, 1, 33, 33, -11, -14, -2, -1, 35, -17, -2 ]
MONO 783 [ -107, 53, 1, 34, 34, -15, -16, -1, 0, 33, -11, -4 ]
MONO 784 [ -107, 53, 1, 34, 35, -18, -17, 4, 0, 34, -15, -3 ]
MONO 785 [ -107, 53, 1, 34, 35, -16, -19, 0, 4, 34, -15, -3 ]
MONO 786 [ -107, 53, 1, 34, 35, -16, -17, 0, 0, 34, -17, 1 ]
MONO 787 [ -107, 53, 1, 34, 35, -15, -17, -1, 2, 34, -16, -2 ]
MONO 788 [ -107, 53, 1, 35, 33, -18, -14, 1, -1, 37, -16, -3 ]
MONO 789 [ -107, 53, 1, 35, 36, -18, -18, 1, 0, 32, -12, -2 ]
MONO 790 [ -107, 53, 1, 35, 37, -18, -16, 1, -1, 33, -14, -3 ]
MONO 791 [ -107, 53, 1, 36, 33, -18, -14, 0, -1, 34, -16, 0 ]
MONO 792 [ -107, 54, 0, 34, 34, -16, -13, 0, -1, 33, -14, -3 ]
MONO 793 [ -107, 54, 0, 34, 35, -16, -18, 0, 1, 34, -15, -1 ]
MONO 794 [ -107, 54, 0, 34, 35, -14, -17, 0, 0, 34, -16, -2 ]
MONO 795 [ -107, 54, 0, 35, 34, -18, -18, 1, 2, 38, -17, -3 ]
MONO 796 [ -107, 54, 0, 35, 34, -17, -16, 0, 0, 38, -18, -2 ]
MONO 797 [ -107, 54, 0, 35, 36, -18, -19, 1, 1, 32, -10, -4 ]
MONO 798 [ -107, 54, 0, 35, 38, -18, -20, 1, 2, 34, -15, -3 ]
MONO 799 [ -107, 54, 0, 35, 38, -17, -18, 0, 0, 34, -16, -2 ]
MONO 800 [ -107, 54, 0, 36, 35, -18, -18, 0, 1, 36, -17, -1 ]
MONO 801 [ -107, 55, -1, 34, 35, -16, -18, 2, 1, 34, -16, -2 ]
MONO 802 [ -107, 55, -1, 34, 35, -16, -17, 0, 2, 34, -15, -3 ]
MONO 803 [ -107, 55, -1, 37, 35, -19, -17, 2, 0, 33, -14, -3 ]
MONO 804 [ -107, 56, 0, 34, 35, -16, -17, 0, 0, 34, -16, -2 ]
MONO 805 [ -106, 52, 1, 32, 34, -11, -17, -1, 1, 34, -15, -3 ]
MONO 806 [ -106, 53, 0, 32, 34, -12, -16, 0, 0, 34, -16, -2 ]
MONO 807 [ -106, 53, 0, 34, 34, -16, -17, 0, 1, 36, -17, -1 ]
MONO 808 [ -106, 53, 0, 34, 34, -15, -15, -1, -1, 36, -18, 0 ]
MONO 809 [ -106, 53, 0, 34, 35, -16, -17, 0, 0, 37, -17, -2 ]
MONO 810 [ -106, 53, 0, 34, 39, -16, -19, 0, 0, 33, -15, -2 ]
MONO 811 [ -106, 53, 0, 35, 34, -17, -16, 0, 0, 33, -13, -2 ]
MONO 812 [ -106, 53, 0, 35, 35, -18, -18, 1, 1, 34, -12, -4 ]
MONO 813 [ -106, 53, 0, 35, 35, -18, -17, 3, 0, 34, -15, -3 ]
MONO 814 [ -106, 53, 0, 36, 36, -18, -18, 0, 0, 32, -12, -2 ]
MONO 815 [ -106, 54, -1, 35, 35, -20, -18, 5, 1, 34, -15, -3 ]
MONO 816 [ -106, 57, -2, 35, 35, -18, -18, 1, 1, 34, -16, -2 ]
MONO 817 [ -105, 51, 1, 30, 34, -6, -17, -4, 1, 35, -17, -2 ]
MONO 818 [ -104, 52, 1, 34, 34, -17, -16, 1, 0, 34, -16, -2 ]
MONO 819 [ -104, 56, -2, 34, 34, -17, -17, 0, 0, 34, -17, 0 ]
MONO 820 [ -103, 52, 0, 35, 34, -18, -18, 1, 2, 34, -15, -3 ]
MONO 821 [ -103, 52, 0, 35, 34, -17, -16, 0, 0, 34, -16, -2 ]
MONO 822 [ -102, 51, 0, 33, 33, -15, -15, 0, 0, 34, -16, -2 ]
MONO 823 [ -102, 51, 0, 34, 33, -17, -16, 1, 1, 31, -11, -4 ]
MONO 824 [ -102, 51, 1, 34, 33, -17, -18, 0, 2, 31, -9, -5 ]
MONO 825 [ -102, 52, -1, 33, 33, -18, -18, 3, 3, 34, -15, -3 ]
MONO 826 [ -102, 52, 0, 33, 33, -16, -16, 0, 0, 34, -15, -2 ]
MONO 827 [ -102, 52, 0, 34, 32, -17, -15, 0, 0, 30, -11, -2 ]
MONO 828 [ -102, 52, 0, 34, 33, -18, -16, 3, 0, 31, -13, -3 ]
MONO 829 [ -102, 53, -1, 32, 29, -15, -6, 0, -4, 33, -17, -1 ]
MONO 830 [ -102, 53, -1, 32, 33, -15, -16, 0, 0, 29, -7, -5 ]
MONO 831 [ -102, 53, -1, 33, 31, -17, -10, 1, -2, 32, -15, -2 ]
MONO 832 [ -102, 53, -1, 33, 32, -17, -15, 1, 0, 33, -16, 0 ]
MONO 833 [ -101, 49, 2, 31, 31, -12, -13, -2, -1, 33, -17, 1 ]
MONO 834 [ -101, 50, 0, 31, 31, -13, -14, 0, 1, 33, -16, -1 ]
MONO 835 [ -101, 50, 0, 31, 32, -13, -14, 0, 0, 34, -16, -2 ]
MONO 836 [ -101, 50, 0, 33, 29, -17, -8, 2, -3, 33, -14, -3 ]
MONO 837 [ -101, 50, 1, 31, 31, -10, -13, -2, -1, 33, -16, -2 ]
MONO 838 [ -101, 50, 1, 32, 32, -14, -15, -1, 0, 31, -10, -4 ]
MONO 839 [ -101, 50, 1, 32, 33, -17, -16, 4, 0, 32, -14, -3 ]
MONO 840 [ -101, 50, 1, 32, 33, -15, -18, 0, 4, 32, -14, -3 ]
MONO 841 [ -101, 50, 1, 32, 33, -15, -16, 0, 0, 32, -16, 1 ]
MONO 842 [ -101, 50, 1, 32, 33, -14, -16, -1, 2, 32, -15, -2 ]
MONO 843 [ -101, 50, 1, 33, 31, -17, -13, 1, -1, 35, -15, -3 ]
MONO 844 [ -101, 50, 1, 33, 34, -17, -17, 1, 0, 30, -11, -2 ]
MONO 845 [ -101, 50, 1, 33, 35, -17, -15, 1, -1, 31, -13, -3 ]
MONO 846 [ -101, 50, 1, 34, 31, -17, -13, 0, -1, 32, -15, 0 ]
MONO 847 [ -101, 51, 0, 32, 32, -15, -12, 0, -1, 31, -13, -3 ]
MONO 848 [ -101, 51, 0, 32, 33, -15, -17, 0, 1, 32, -14, -1 ]
MONO 849 [ -101, 51, 0, 32, 33, -13, -16, 0, 0, 32, -15, -2 ]
MONO 850 [ -101, 51, 0, 33, 32, -17, -17, 1, 2, 36, -16, -3 ]
MONO 851 [ -101, 51, 0, 33, 32, -16, -15, 0, 0, 36, -17, -2 ]
MONO 852 [ -101, 51, 0, 33, 34, -17, -18, 1, 1, 30, -9, -4 ]
MONO 853 [ -101, 51, 0, 33, 36, -17, -19, 1, 2, 32, -14, -3 ]
MONO 854 [ -101, 51, 0, 33, 36, -16, -17, 0, 0, 32, -15, -2 ]
MONO 855 [ -101, 51, 0, 34, 33, -17, -17, 0, 1, 34, -16, -1 ]
MONO 856 [ -101, 52, -1, 32, 33, -15, -17, 2, 1, 32, -15, -2 ]
MONO 857 [ -101, 52, -1, 32, 33, -15, -16, 0, 2, 32, -14, -3 ]
MONO 858 [ -101, 52, -1, 35, 33, -18, -16, 2, 0, 31, -13, -3 ]
MONO 859 [ -101, 53, 0, 32, 33, -15, -16, 0, 0, 32, -15, -2 ]
MONO 860 [ -100, 49, 1, 30, 32, -10, -16, -1, 1, 32, -14, -3 ]
MONO 861 [ -100, 50, 0, 30, 32, -11, -15, 0, 0, 32, -15, -2 ]
MONO 862 [ -100, 50, 0, 32, 32, -15, -16, 0, 1, 34, -16, -1 ]
MONO 863 [ -100, 50, 0, 32, 32, -14, -14, -1, -1, 34, -17, 0 ]
MONO 864 [ -100, 50, 0, 32, 33, -15, -16, 0, 0, 35, -16, -2 ]
MONO 865 [ -100, 50, 0, 32, 37, -15, -18, 0, 0, 31, -14, -2 ]
MONO 866 [ -100, 50, 0, 33, 32, -16, -15, 0, 0, 31, -12, -2 ]
MONO 867 [ -100, 50, 0, 33, 33, -17, -17, 1, 1, 32, -11, -4 ]
MONO 868 [ -100, 50, 0, 33, 33, -17, -16, 3, 0, 32, -14, -3 ]
MONO 869 [ -100, 50, 0, 34, 34, -17, -17, 0, 0, 30, -11, -2 ]
MONO 870 [ -100, 51, -1, 33, 33, -19, -17, 5, 1, 32, -14, -3 ]
MONO 871 [ -100, 54, -2, 33, 33, -17, -17, 1, 1, 32, -15, -2 ]
MONO 872 [ -99, 48, 1, 28, 32, -5, -16, -4, 1, 33, -16, -2 ]
MONO 873 [ -98, 49, 1, 32, 32, -16, -15, 1, 0, 32, -15, -2 ]
MONO 874 [ -98, 53, -2, 32, 32, -16, -16, 0, 0, 32, -16, 0 ]
MONO 875 [ -97, 49, 0, 33, 32, -17, -17, 1, 2, 32, -14, -3 ]
MONO 876 [ -97, 49, 0, 33, 32, -16, -15, 0, 0, 32, -15, -2 ]
MONO 877 [ -96, 48, 0, 31, 31, -14, -14, 0, 0, 32, -15, -2 ]
MONO 878 [ -96, 48, 0, 32, 31, -16, -15, 1, 1, 29, -10, -4 ]
MONO 879 [ -96, 48, 1, 32, 31, -16, -17, 0, 2, 29, -8, -5 ]
MONO 880 [ -96, 49, -1, 31, 31, -17, -17, 3, 3, 32, -14, -3 ]
MONO 881 [ -96, 49, 0, 31, 31, -15, -15, 0, 0, 32, -14, -2 ]
MONO 882 [ -96, 49, 0, 32, 30, -16, -14, 0, 0, 28, -10, -2 ]
MONO 883 [ -96, 49, 0, 32, 31, -17, -15, 3, 0, 29, -12, -3 ]
MONO 884 [ -96, 50, -1, 30, 27, -14, -5, 0, -4, 31, -16, -1 ]
MONO 885 [ -96, 50, -1, 30, 31, -14, -15, 0, 0, 27, -6, -5 ]
MONO 886 [ -96, 50, -1, 31, 29, -16, -9, 1, -2, 30, -14, -2 ]
MONO 887 [ -96, 50, -1, 31, 30, -16, -14, 1, 0, 31, -15, 0 ]
MONO 888 [ -95, 46, 2, 29, 29, -11, -12, -2, -1, 31, -16, 1 ]
MONO 889 [ -95, 47, 0, 29, 29, -12, -13, 0, 1, 31, -15, -1 ]
MONO 890 [ -95, 47, 0, 29, 30, -12, -13, 0, 0, 32, -15, -2 ]
MONO 891 [ -95, 47, 0, 31, 27, -16, -7, 2, -3, 31, -13, -3 ]
MONO 892 [ -95, 47, 1, 29, 29, -9, -12, -2, -1, 31, -15, -2 ]
MONO 893 [ -95, 47, 1, 30, 30, -13, -14, -1, 0, 29, -9, -4 ]
MONO 894 [ -95, 47, 1, 30, 31, -16, -15, 4, 0, 30, -13, -3 ]
MONO 895 [ -95, 47, 1, 30, 31, -14, -17, 0, 4, 30, -13, -3 ]
MONO 896 [ -95, 47, 1, 30, 31, -14, -15, 0, 0, 30, -15, 1 ]
MONO 897 [ -95, 47, 1, 30, 31, -13, -15, -1, 2, 30, -14, -2 ]
MONO 898 [ -95, 47, 1, 31, 29, -16, -12, 1, -1, 33, -14, -3 ]
MONO 899 [ -95, 47, 1, 31, 32, -16, -16, 1, 0, 28, -10, -2 ]
MONO 900 [ -95, 47, 1, 31, 33, -16, -14, 1, -1, 29, -12, -3 ]
MONO 901 [ -95, 47, 1, 32, 29, -16, -12, 0, -1, 30, -14, 0 ]
MONO 902 [ -95, 48, 0, 30, 30, -14, -11, 0, -1, 29, -12, -3 ]
MONO 903 [ -95, 48, 0, 30, 31, -14, -16, 0, 1, 30, -13, -1 ]
MONO 904 [ -95, 48, 0, 30, 31, -12, -15, 0, 0, 30, -14, -2 ]
MONO 905 [ -95, 48, 0, 31, 30, -16, -16, 1, 2, 34, -15, -3 ]
MONO 906 [ -95, 48, 0, 31, 30, -15, -14, 0, 0, 34, -16, -2 ]
MONO 907 [ -95, 48, 0, 31, 32, -16, -17, 1, 1, 28, -8, -4 ]
MONO 908 [ -95, 48, 0, 31, 34, -16, -18, 1, 2, 30, -13, -3 ]
MONO 909 [ -95, 48, 0, 31, 34, -15, -16, 0, 0, 30, -14, -2 ]
MONO 910 [ -95, 48, 0, 32, 31, -16, -16, 0, 1, 32, -15, -1 ]
MONO 911 [ -95, 49, -1, 30, 31, -14, -16, 2, 1, 30, -14, -2 ]
MONO 912 [ -95, 49, -1, 30, 31, -14, -15, 0, 2, 30, -13, -3 ]
MONO 913 [ -95, 49, -1, 33, 31, -17, -15, 2, 0, 29, -12, -3 ]
MONO 914 [ -95, 50, 0, 30, 31, -14, -15, 0, 0, 30, -14, -2 ]
MONO 915 [ -94, 46, 1, 28, 30, -9, -15, -1, 1, 30, -13, -3 ]
MONO 916 [ -94, 47, 0, 28, 30, -10, -14, 0, 0, 30, -14, -2 ]
MONO 917 [ -94, 47, 0, 30, 30, -14, -15, 0, 1, 32, -15, -1 ]
MONO 918 [ -94, 47, 0, 30, 30, -13, -13, -1, -1, 32, -16, 0 ]
MONO 919 [ -94, 47, 0, 30, 31, -14, -15, 0, 0, 33, -15, -2 ]
MONO 920 [ -94, 47, 0, 30, 35, -14, -17, 0, 0, 29, -13, -2 ]
MONO 921 [ -94, 47, 0, 31, 30, -15, -14, 0, 0, 29, -11, -2 ]
MONO 922 [ -94, 47, 0, 31, 31, -16, -16, 1, 1, 30, -10, -4 ]
MONO 923 [ -94, 47, 0, 31, 31, -16, -15, 3, 0, 30, -13, -3 ]
MONO 924 [ -94, 47, 0, 32, 32, -16, -16, 0, 0, 28, -10, -2 ]
MONO 925 [ -94, 48, -1, 31, 31, -18, -16, 5, 1, 30, -13, -3 ]
MONO 926 [ -94, 51, -2, 31, 31, -16, -16, 1, 1, 30, -14, -2 ]
MONO 927 [ -93, 45, 1, 26, 30, -4, -15, -4, 1, 31, -15, -2 ]
MONO 928 [ -92, 46, 1, 30, 30, -15, -14, 1, 0, 30, -14, -2 ]
MONO 929 [ -92, 50, -2, 30, 30, -15, -15, 0, 0, 30, -15, 0 ]
MONO 930 [ -91, 46, 0, 31, 30, -16, -16, 1, 2, 30, -13, -3 ]
MONO 931 [ -91, 46, 0, 31, 30, -15, -14, 0, 0, 30, -14, -2 ]
MONO 932 [ -90, 45, 0, 29, 29, -13, -13, 0, 0, 30, -14, -2 ]
MONO 933 [ -90, 45, 0, 30, 29, -15, -14, 1, 1, 27, -9, -4 ]
MONO 934 [ -90, 45, 1, 30, 29, -15, -16, 0, 2, 27, -7, -5 ]
MONO 935 [ -90, 46, -1, 29, 29, -16, -16, 3, 3, 30, -13, -3 ]
MONO 936 [ -90, 46, 0, 29, 29, -14, -14, 0, 0, 30, -13, -2 ]
MONO 937 [ -90, 46, 0, 30, 28, -15, -13, 0, 0, 26, -9, -2 ]
MONO 938 [ -90, 46, 0, 30, 29, -16, -14, 3, 0, 27, -11, -3 ]
MONO 939 [ -90, 47, -1, 28, 25, -13, -4, 0, -4, 29, -15, -1 ]
MONO 940 [ -90, 47, -1, 28, 29, -13, -14, 0, 0, 25, -5, -5 ]
MONO 941 [ -90, 47, -1, 29, 27, -15, -8, 1, -2, 28, -13, -2 ]
MONO 942 [ -90, 47, -1, 29, 28, -15, -13, 1, 0, 29, -14, 0 ]
MONO 943 [ -89, 43, 2, 27, 27, -10, -11, -2, -1, 29, -15, 1 ]
MONO 944 [ -89, 44, 0, 27, 27, -11, -12, 0, 1, 29, -14, -1 ]
MONO 945 [ -89, 44, 0, 27, 28, -11, -12, 0, 0, 30, -14, -2 ]
MONO 946 [ -89, 44, 0, 29, 25, -15, -6, 2, -3, 29, -12, -3 ]
MONO 947 [ -89, 44, 1, 27, 27, -8, -11, -2, -1, 29, -14, -2 ]
MONO 948 [ -89, 44, 1, 28, 28, -12, -13, -1, 0, 27, -8, -4 ]
MONO 949 [ -89, 44, 1, 28, 29, -15, -14, 4, 0, 28, -12, -3 ]
MONO 950 [ -89, 44, 1, 28, 29, -13, -16, 0, 4, 28, -12, -3 ]
MONO 951 [ -89, 44, 1, 28, 29, -13, -14, 0, 0, 28, -14, 1 ]
MONO 952 [ -89, 44, 1, 28, 29, -12, -14, -1, 2, 28, -13, -2 ]
MONO 953 [ -89, 44, 1, 29, 27, -15, -11, 1, -1, 31, -13, -3 ]
MONO 954 [ -89, 44, 1, 29, 30, -15, -15, 1, 0, 26, -9, -2 ]
MONO 955 [ -89, 44, 1, 29, 31, -15, -13, 1, -1, 27, -11, -3 ]
MONO 956 [ -89, 44, 1, 30, 27, -15, -11, 0, -1, 28, -13, 0 ]
MONO 957 [ -89, 45, 0, 28, 28, -13, -10, 0, -1, 27, -11, -3 ]
MONO 958 [ -89, 45, 0, 28, 29, -13, -15, 0, 1, 28, -12, -1 ]
MONO 959 [ -89, 45, 0, 28, 29, -11, -14, 0, 0, 28, -13, -2 ]
MONO 960 [ -89, 45, 0, 29, 28, -15, -15, 1, 2, 32, -14, -3 ]
MONO 961 [ -89, 45, 0, 29, 28, -14, -13, 0, 0, 32, -15, -2 ]
MONO 962 [ -89, 45, 0, 29, 30, -15, -16, 1, 1, 26, -7, -4 ]
MONO 963 [ -89, 45, 0, 29, 32, -15, -17, 1, 2, 28, -12, -3 ]
MONO 964 [ -89, 45, 0, 29, 32, -14, -15, 0, 0, 28, -13, -2 ]
MONO 965 [ -89, 45, 0, 30, 29, -15, -15, 0, 1, 30, -14, -1 ]
MONO 966 [ -89, 46, -1, 28, 29, -13, -15, 2, 1, 28, -13, -2 ]
MONO 967 [ -89, 46, -1, 28, 29, -13, -14, 0, 2, 28, -12, -3 ]
MONO 968 [ -89, 46, -1, 31, 29, -16, -14, 2, 0, 27, -11, -3 ]
MONO 969 [ -89, 47, 0, 28, 29, -13, -14, 0, 0, 28, -13, -2 ]
MONO 970 [ -88, 43, 1, 26, 28, -8, -14, -1, 1, 28, -12, -3 ]
MONO 971 [ -88, 44, 0, 26, 28, -9, -13, 0, 0, 28, -13, -2 ]
MONO 972 [ -88, 44, 0, 28, 28, -13, -14, 0, 1, 30, -14, -1 ]
MONO 973 [ -88, 44, 0, 28, 28, -12, -12, -1, -1, 30, -15, 0 ]
MONO 974 [ -88, 44, 0, 28, 29, -13, -14, 0, 0, 31, -14, -2 ]
MONO 975 [ -88, 44, 0, 28, 33, -13, -16, 0, 0, 27, -12, -2 ]
MONO 976 [ -88, 44, 0, 29, 28, -14, -13, 0, 0, 27, -10, -2 ]
MONO 977 [ -88, 44, 0, 29, 29, -15, -15, 1, 1, 28, -9, -4 ]
MONO 978 [ -88, 44, 0, 29, 29, -15, -14, 3, 0, 28, -12, -3 ]
MONO 979 [ -88, 44, 0, 30, 30, -15, -15, 0, 0, 26, -9, -2 ]
MONO 980 [ -88, 45, -1, 29, 29, -17, -15, 5, 1, 28, -12, -3 ]
MONO 981 [ -88, 48, -2, 29, 29, -15, -15, 1, 1, 28, -13, -2 ]
MONO 982 [ -87, 42, 1, 24, 28, -3, -14, -4, 1, 29, -14, -2 ]
MONO 983 [ -86, 43, 1, 28, 28, -14, -13, 1, 0, 28, -13, -2 ]
MONO 984 [ -86, 47, -2, 28, 28, -14, -14, 0, 0, 28, -14, 0 ]
MONO 985 [ -85, 43, 0, 29, 28, -15, -15, 1, 2, 28, -12, -3 ]
MONO 986 [ -85, 43, 0, 29, 28, -14, -13, 0, 0, 28, -13, -2 ]
MONO 987 [ -84, 42, 0, 27, 27, -12, -12, 0, 0, 28, -13, -2 ]
MONO 988 [ -84, 42, 0, 28, 27, -14, -13, 1, 1, 25, -8, -4 ]
MONO 989 [ -84, 42, 1, 28, 27, -14, -15, 0, 2, 25, -6, -5 ]
MONO 990 [ -84, 43, -1, 27, 27, -15, -15, 3, 3, 28, -12, -3 ]
MONO 991 [ -84, 43, 0, 27, 27, -13, -13, 0, 0, 28, -12, -2 ]
MONO 992 [ -84, 43, 0, 28, 26, -14, -12, 0, 0, 24, -8, -2 ]
MONO 993 [ -84, 43, 0, 28, 27, -15, -13, 3, 0, 25, -10, -3 ]
MONO 994 [ -84, 44, -1, 26, 23, -12, -3, 0, -4, 27, -14, -1 ]
MONO 995 [ -84, 44, -1, 26, 27, -12, -13, 0, 0, 23, -4, -5 ]
MONO 996 [ -84, 44, -1, 27, 25, -14, -7, 1, -2, 26, -12, -2 ]
MONO 997 [ -84, 44, -1, 27, 26, -14, -12, 1, 0, 27, -13, 0 ]
MONO 998 [ -83, 40, 2, 25, 25, -9, -10, -2, -1, 27, -14, 1 ]
MONO 999 [ -83, 41, 0, 25, 25, -10, -11, 0, 1, 27, -13, -1 ]
MONO 1000 [ -83, 41, 0, 25, 26, -10, -11, 0, 0, 28, -13, -2 ]
MONO 1001 [ -83, 41, 0, 27, 23, -14, -5, 2, -3, 27, -11, -3 ]
MONO 1002 [ -83, 41, 1, 25, 25, -7, -10, -2, -1, 27, -13, -2 ]
MONO 1003 [ -83, 41, 1, 26, 26, -11, -12, -1, 0, 25, -7, -4 ]
MONO 1004 [ -83, 41, 1, 26, 27, -14, -13, 4, 0, 26, -11, -3 ]
MONO 1005 [ -83, 41, 1, 26, 27, -12, -15, 0, 4, 26, -11, -3 ]
MONO 1006 [ -83, 41, 1, 26, 27, -12, -13, 0, 0, 26, -13, 1 ]
MONO 1007 [ -83, 41, 1, 26, 27, -11, -13, -1, 2, 26, -12, -2 ]
MONO 1008 [ -83, 41, 1, 27, 25, -14, -10, 1, -1, 29, -12, -3 ]
MONO 1009 [ -83, 41, 1, 27, 28, -14, -14, 1, 0, 24, -8, -2 ]
MONO 1010 [ -83, 41, 1, 27, 29, -14, -12, 1, -1, 25, -10, -3 ]
MONO 1011 [ -83, 41, 1, 28, 25, -14, -10, 0, -1, 26, -12, 0 ]
MONO 1012 [ -83, 42, 0, 26, 26, -12, -9, 0, -1, 25, -10, -3 ]
MONO 1013 [ -83, 42, 0, 26, 27, -12, -14, 0, 1, 26, -11, -1 ]
MONO 1014 [ -83, 42, 0, 26, 27, -10, -13, 0, 0, 26, -12, -2 ]
MONO 1015 [ -83, 42, 0, 27, 26, -14, -14, 1, 2, 30, -13, -3 ]
MONO 1016 [ -83, 42, 0, 27, 26, -13, -12, 0, 0, 30, -14, -2 ]
MONO 1017 [ -83, 42, 0, 27, 28, -14, -15, 1, 1, 24, -6, -4 ]
MONO 1018 [ -83, 42, 0, 27, 30, -14, -16, 1, 2, 26, -11, -3 ]
MONO 1019 [ -83, 42, 0, 27, 30, -13, -14, 0, 0, 26, -12, -2 ]
MONO 1020 [ -83, 42, 0, 28, 27, -14, -14, 0, 1, 28, -13, -1 ]
MONO 1021 [ -83, 43, -1, 26, 27, -12, -14, 2, 1, 26, -12, -2 ]
MONO 1022 [ -83, 43, -1, 26, 27, -12, -13, 0, 2, 26, -11, -3 ]
MONO 1023 [ -83, 43, -1, 29, 27, -15, -13, 2, 0, 25, -10, -3 ]
MONO 1024 [ -83, 44, 0, 26, 27, -12, -13, 0, 0, 26, -12, -2 ]
MONO 1025 [ -82, 40, 1, 24, 26, -7, -13, -1, 1, 26, -11, -3 ]
MONO 1026 [ -82, 41, 0, 24, 26, -8, -12, 0, 0, 26, -12, -2 ]
MONO 1027 [ -82, 41, 0, 26, 26, -12, -13, 0, 1, 28, -13, -1 ]
MONO 1028 [ -82, 41, 0, 26, 26, -11, -11, -1, -1, 28, -14, 0 ]
MONO 1029 [ -82, 41, 0, 26, 27, -12, -13, 0, 0, 29, -13, -2 ]
MONO 1030 [ -82, 41, 0, 26, 31, -12, -15, 0, 0, 25, -11, -2 ]
MONO 1031 [ -82, 41, 0, 27, 26, -13, -12, 0, 0, 25, -9, -2 ]
MONO 1032 [ -82, 41, 0, 27, 27, -14, -14, 1, 1, 26, -8, -4 ]
MONO 1033 [ -82, 41, 0, 27, 27, -14, -13, 3, 0, 26, -11, -3 ]
MONO 1034 [ -82, 41, 0, 28, 28, -14, -14, 0, 0, 24, -8, -2 ]
MONO 1035 [ -82, 42, -1, 27, 27, -16, -14, 5, 1, 26, -11, -3 ]
MONO 1036 [ -82, 45, -2, 27, 27, -14, -14, 1, 1, 26, -12, -2 ]
MONO 1037 [ -81, 39, 1, 22, 26, -2, -13, -4, 1, 27, -13, -2 ]
MONO 1038 [ -80, 40, 1, 26, 26, -13, -12, 1, 0, 26, -12, -2 ]
MONO 1039 [ -80, 44, -2, 26, 26, -13, -13, 0, 0, 26, -13, 0 ]
MONO 1040 [ -79, 40, 0, 27, 26, -14, -14, 1, 2, 26, -11, -3 ]
MONO 1041 [ -79, 40, 0, 27, 26, -13, -12, 0, 0, 26, -12, -2 ]
MONO 1042 [ -78, 39, 0, 25, 25, -11, -11, 0, 0, 26, -12, -2 ]
MONO 1043 [ -78, 39, 0, 26, 25, -13, -12, 1, 1, 23, -7, -4 ]
MONO 1044 [ -78, 39, 1, 26, 25, -13, -14, 0, 2, 23, -5, -5 ]
MONO 1045 [ -78, 40, -1, 25, 25, -14, -14, 3, 3, 26, -11, -3 ]
MONO 1046 [ -78, 40, 0, 25, 25, -12, -12, 0, 0, 26, -11, -2 ]
MONO 1047 [ -78, 40, 0, 26, 24, -13, -11, 0, 0, 22, -7, -2 ]
MONO 1048 [ -78, 40, 0, 26, 25, -14, -12, 3, 0, 23, -9, -3 ]
MONO 1049 [ -78, 41, -1, 24, 21, -11, -2, 0, -4, 25, -13, -1 ]
MONO 1050 [ -78, 41, -1, 24, 25, -11, -12, 0, 0, 21, -3, -5 ]
MONO 1051 [ -78, 41, -1, 25, 23, -13, -6, 1, -2, 24, -11, -2 ]
MONO 1052 [ -78, 41, -1, 25, 24, -13, -11, 1, 0, 25, -12, 0 ]
MONO 1053 [ -77, 37, 2, 23, 23, -8, -9, -2, -1, 25, -13, 1 ]
MONO 1054 [ -77, 38, 0, 23, 23, -9, -10, 0, 1, 25, -12, -1 ]
MONO 1055 [ -77, 38, 0, 23, 24, -9, -10, 0, 0, 26, -12, -2 ]
MONO 1056 [ -77, 38, 0, 25, 21, -13, -4, 2, -3, 25, -10, -3 ]
MONO 1057 [ -77, 38, 1, 23, 23, -6, -9, -2, -1, 25, -12, -2 ]
MONO 1058 [ -77, 38, 1, 24, 24, -10, -11, -1, 0, 23, -6, -4 ]
MONO 1059 [ -77, 38, 1, 24, 25, -13, -12, 4, 0, 24, -10, -3 ]
MONO 1060 [ -77, 38, 1, 24, 25, -11, -14, 0, 4, 24, -10, -3 ]
MONO 1061 [ -77, 38, 1, 24, 25, -11, -12, 0, 0, 24, -12, 1 ]
MONO 1062 [ -77, 38, 1, 24, 25, -10, -12, -1, 2, 24, -11, -2 ]
MONO 1063 [ -77, 38, 1, 25, 23, -13, -9, 1, -1, 27, -11, -3 ]
MONO 1064 [ -77, 38, 1, 25, 26, -13, -13, 1, 0, 22, -7, -2 ]
MONO 1065 [ -77, 38, 1, 25, 27, -13, -11, 1, -1, 23, -9, -3 ]
MONO 1066 [ -77, 38, 1, 26, 23, -13, -9, 0, -1, 24, -11, 0 ]
MONO 1067 [ -77, 39, 0, 24, 24, -11, -8, 0, -1, 23, -9, -3 ]
MONO 1068 [ -77, 39, 0, 24, 25, -11, -13, 0, 1, 24, -10, -1 ]
MONO 1069 [ -77, 39, 0, 24, 25, -9, -12, 0, 0, 24, -11, -2 ]
MONO 1070 [ -77, 39, 0, 25, 24, -13, -13, 1, 2, 28, -12, -3 ]
MONO 1071 [ -77, 39, 0, 25, 24, -12, -11, 0, 0, 28, -13, -2 ]
MONO 1072 [ -77, 39, 0, 25, 26, -13, -14, 1, 1, 22, -5, -4 ]
MONO 1073 [ -77, 39, 0, 25, 28, -13, -15, 1, 2, 24, -10, -3 ]
MONO 1074 [ -77, 39, 0, 25, 28, -12, -13, 0, 0, 24, -11, -2 ]
MONO 1075 [ -77, 39, 0, 26, 25, -13, -13, 0, 1, 26, -12, -1 ]
MONO 1076 [ -77, 40, -1, 24, 25, -11, -13, 2, 1, 24, -11, -2 ]
MONO 1077 [ -77, 40, -1, 24, 25, -11, -12, 0, 2, 24, -10, -3 ]
MONO 1078 [ -77, 40, -1, 27, 25, -14, -12, 2, 0, 23, -9, -3 ]
MONO 1079 [ -77, 41, 0, 24, 25, -11, -12, 0, 0, 24, -11, -2 ]
MONO 1080 [ -76, 37, 1, 22, 24, -6, -12, -1, 1, 24, -10, -3 ]
MONO 1081 [ -76, 38, 0, 22, 24, -7, -11, 0, 0, 24, -11, -2 ]
MONO 1082 [ -76, 38, 0, 24, 24, -11, -12, 0, 1, 26, -12, -1 ]
MONO 1083 [ -76, 38, 0, 24, 24, -10, -10, -1, -1, 26, -13, 0 ]
MONO 1084 [ -76, 38, 0, 24, 25, -11, -12, 0, 0, 27, -12, -2 ]
MONO 1085 [ -76, 38, 0, 24, 29, -11, -14, 0, 0, 23, -10, -2 ]
MONO 1086 [ -76, 38, 0, 25, 24, -12, -11, 0, 0, 23, -8, -2 ]
MONO 1087 [ -76, 38, 0, 25, 25, -13, -13, 1, 1, 24, -7, -4 ]
MONO 1088 [ -76, 38, 0, 25, 25, -13, -12, 3, 0, 24, -10, -3 ]
MONO 1089 [ -76, 38, 0, 26, 26, -13, -13, 0, 0, 22, -7, -2 ]
MONO 1090 [ -76, 39, -1, 25, 25, -15, -13, 5, 1, 24, -10, -3 ]
MONO 1091 [ -76, 42, -2, 25, 25, -13, -13, 1, 1, 24, -11, -2 ]
MONO 1092 [ -75, 36, 1, 20, 24, -1, -12, -4, 1, 25, -12, -2 ]
MONO 1093 [ -74, 37, 1, 24, 24, -12, -11, 1, 0, 24, -11, -2 ]
MONO 1094 [ -74, 41, -2, 24, 24, -12, -12, 0, 0, 24, -12, 0 ]
MONO 1095 [ -73, 37, 0, 25, 24, -13, -13, 1, 2, 24, -10, -3 ]
MONO 1096 [ -73, 37, 0, 25, 24, -12, -11, 0, 0, 24, -11, -2 ]
MONO 1097 [ -72, 36, 0, 23, 23, -10, -10, 0, 0, 24, -11, -2 ]
MONO 1098 [ -72, 36, 0, 24, 23, -12, -11, 1, 1, 21, -6, -4 ]
MONO 1099 [ -72, 36, 1, 24, 23, -12, -13, 0, 2, 21, -4, -5 ]
MONO 1100 [ -72, 37, -1, 23, 23, -13, -13, 3, 3, 24, -10, -3 ]
MONO 1101 [ -72, 37, 0, 23, 23, -11, -11, 0, 0, 24, -10, -2 ]
MONO 1102 [ -72, 37, 0, 24, 22, -12, -10, 0, 0, 20, -6, -2 ]
MONO 1103 [ -72, 37, 0, 24, 23, -13, -11, 3, 0, 21, -8, -3 ]
MONO 1104 [ -72, 38, -1, 22, 19, -10, -1, 0, -4, 23, -12, -1 ]
MONO 1105 [ -72, 38, -1, 22, 23, -10, -11, 0, 0, 19, -2, -5 ]
MONO 1106 [ -72, 38, -1, 23, 21, -12, -5, 1, -2, 22, -10, -2 ]
MONO 1107 [ -72, 38, -1, 23, 22, -12, -10, 1, 0, 23, -11, 0 ]
MONO 1108 [ -71, 34, 2, 21, 21, -7, -8, -2, -1, 23, -12, 1 ]
MONO 1109 [ -71, 35, 0, 21, 21, -8, -9, 0, 1, 23, -11, -1 ]
MONO 1110 [ -71, 35, 0, 21, 22, -8, -9, 0, 0, 24, -11, -2 ]
MONO 1111 [ -71, 35, 0, 23, 19, -12, -3, 2, -3, 23, -9, -3 ]
MONO 1112 [ -71, 35, 1, 21, 21, -5, -8, -2, -1, 23, -11, -2 ]
MONO 1113 [ -71, 35, 1, 22, 22, -9, -10, -1, 0, 21, -5, -4 ]
MONO 1114 [ -71, 35, 1, 22, 23, -12, -11, 4, 0, 22, -9, -3 ]
MONO 1115 [ -71, 35, 1, 22, 23, -10, -13, 0, 4, 22, -9, -3 ]
MONO 1116 [ -71, 35, 1, 22, 23, -10, -11, 0, 0, 22, -11, 1 ]
MONO 1117 [ -71, 35, 1, 22, 23, -9, -11, -1, 2, 22, -10, -2 ]
MONO 1118 [ -71, 35, 1, 23, 21, -12, -8, 1, -1, 25, -10, -3 ]
MONO 1119 [ -71, 35, 1, 23, 24, -12, -12, 1, 0, 20, -6, -2 ]
MONO 1120 [ -71, 35, 1, 23, 25, -12, -10, 1, -1, 21, -8, -3 ]
MONO 1121 [ -71, 35, 1, 24, 21, -12, -8, 0, -1, 22, -10, 0 ]
MONO 1122 [ -71, 36, 0, 22, 22, -10, -7, 0, -1, 21, -8, -3 ]
MONO 1123 [ -71, 36, 0, 22, 23, -10, -12, 0, 1, 22, -9, -1 ]
MONO 1124 [ -71, 36, 0, 22, 23, -8, -11, 0, 0, 22, -10, -2 ]
MONO 1125 [ -71, 36, 0, 23, 22, -12, -12, 1, 2, 26, -11, -3 ]
MONO 1126 [ -71, 36, 0, 23, 22, -11, -10, 0, 0, 26, -12, -2 ]
MONO 1127 [ -71, 36, 0, 23, 24, -12, -13, 1, 1, 20, -4, -4 ]
MONO 1128 [ -71, 36, 0, 23, 26, -12, -14, 1, 2, 22, -9, -3 ]
MONO 1129 [ -71, 36, 0, 23, 26, -11, -12, 0, 0, 22, -10, -2 ]
MONO 1130 [ -71, 36, 0, 24, 23, -12, -12, 0, 1, 24, -11, -1 ]
MONO 1131 [ -71, 37, -1, 22, 23, -10, -12, 2, 1, 22, -10, -2 ]
MONO 1132 [ -71, 37, -1, 22, 23, -10, -11, 0, 2, 22, -9, -3 ]
MONO 1133 [ -71, 37, -1, 25, 23, -13, -11, 2, 0, 21, -8, -3 ]
MONO 1134 [ -71, 38, 0, 22, 23, -10, -11, 0, 0, 22, -10, -2 ]
MONO 1135 [ -70, 34, 1, 20, 22, -5, -11, -1, 1, 22, -9, -3 ]
MONO 1136 [ -70, 35, 0, 20, 22, -6, -10, 0, 0, 22, -10, -2 ]
MONO 1137 [ -70, 35, 0, 22, 22, -10, -11, 0, 1, 24, -11, -1 ]
MONO 1138 [ -70, 35, 0, 22, 22, -9, -9, -1, -1, 24, -12, 0 ]
MONO 1139 [ -70, 35, 0, 22, 23, -10, -11, 0, 0, 25, -11, -2 ]
MONO 1140 [ -70, 35, 0, 22, 27, -10, -13, 0, 0, 21, -9, -2 ]
MONO 1141 [ -70, 35, 0, 23, 22, -11, -10, 0, 0, 21, -7, -2 ]
MONO 1142 [ -70, 35, 0, 23, 23, -12, -12, 1, 1, 22, -6, -4 ]
MONO 1143 [ -70, 35, 0, 23, 23, -12, -11, 3, 0, 22, -9, -3 ]
MONO 1144 [ -70, 35, 0, 24, 24, -12, -12, 0, 0, 20, -6, -2 ]
MONO 1145 [ -70, 36, -1, 23, 23, -14, -12, 5, 1, 22, -9, -3 ]
MONO 1146 [ -70, 39, -2, 23, 23, -12, -12, 1, 1, 22, -10, -2 ]
MONO 1147 [ -69, 33, 1, 18, 22, 0, -11, -4, 1, 23, -11, -2 ]
MONO 1148 [ -68, 34, 1, 22, 22, -11, -10, 1, 0, 22, -10, -2 ]
MONO 1149 [ -68, 38, -2, 22, 22, -11, -11, 0, 0, 22, -11, 0 ]
MONO 1150 [ -67, 34, 0, 23, 22, -12, -12, 1, 2, 22, -9, -3 ]
MONO 1151 [ -67, 34, 0, 23, 22, -11, -10, 0, 0, 22, -10, -2 ]
MONO 1152 [ -66, 33, 0, 21, 21, -9, -9, 0, 0, 22, -10, -2 ]
MONO 1153 [ -66, 33, 0, 22, 21, -11, -10, 1, 1, 19, -5, -4 ]
MONO 1154 [ -66, 33, 1, 22, 21, -11, -12, 0, 2, 19, -3, -5 ]
MONO 1155 [ -66, 34, -1, 21, 21, -12, -12, 3, 3, 22, -9, -3 ]
MONO 1156 [ -66, 34, 0, 21, 21, -10, -10, 0, 0, 22, -9, -2 ]
MONO 1157 [ -66, 34, 0, 22, 20, -11, -9, 0, 0, 18, -5, -2 ]
MONO 1158 [ -66, 34, 0, 22, 21, -12, -10, 3, 0, 19, -7, -3 ]
MONO 1159 [ -66, 35, -1, 20, 17, -9, 0, 0, -4, 21, -11, -1 ]
MONO 1160 [ -66, 35, -1, 20, 21, -9, -10, 0, 0, 17, -1, -5 ]
MONO 1161 [ -66, 35, -1, 21, 19, -11, -4, 1, -2, 20, -9, -2 ]
MONO 1162 [ -66, 35, -1, 21, 20, -11, -9, 1, 0, 21, -10, 0 ]
MONO 1163 [ -65, 31, 2, 19, 19, -6, -7, -2, -1, 21, -11, 1 ]
MONO 1164 [ -65, 32, 0, 19, 19, -7, -8, 0, 1, 21, -10, -1 ]
MONO 1165 [ -65, 32, 0, 19, 20, -7, -8, 0, 0, 22, -10, -2 ]
MONO 1166 [ -65, 32, 0, 21, 17, -11, -2, 2, -3, 21, -8, -3 ]
MONO 1167 [ -65, 32, 1, 19, 19, -4, -7, -2, -1, 21, -10, -2 ]
MONO 1168 [ -65, 32, 1, 20, 20, -8, -9, -1, 0, 19, -4, -4 ]
MONO 1169 [ -65, 32, 1, 20, 21, -11, -10, 4, 0, 20, -8, -3 ]
MONO 1170 [ -65, 32, 1, 20, 21, -9, -12, 0, 4, 20, -8, -3 ]
MONO 1171 [ -65, 32, 1, 20, 21, -9, -10, 0, 0, 20, -10, 1 ]
MONO 1172 [ -65, 32, 1, 20, 21, -8, -10, -1, 2, 20, -9, -2 ]
MONO 1173 [ -65, 32, 1, 21, 19, -11, -7, 1, -1, 23, -9, -3 ]
MONO 1174 [ -65, 32, 1, 21, 22, -11, -11, 1, 0, 18, -5, -2 ]
MONO 1175 [ -65, 32, 1, 21, 23, -11, -9, 1, -1, 19, -7, -3 ]
MONO 1176 [ -65, 32, 1, 22, 19, -11, -7, 0, -1, 20, -9, 0 ]
MONO 1177 [ -65, 33, 0, 20, 20, -9, -6, 0, -1, 19, -7, -3 ]
MONO 1178 [ -65, 33, 0, 20, 21, -9, -11, 0, 1, 20, -8, -1 ]
MONO 1179 [ -65, 33, 0, 20, 21, -7, -10, 0, 0, 20, -9, -2 ]
MONO 1180 [ -65, 33, 0, 21, 20, -11, -11, 1, 2, 24, -10, -3 ]
MONO 1181 [ -65, 33, 0, 21, 20, -10, -9, 0, 0, 24, -11, -2 ]
MONO 1182 [ -65, 33, 0, 21, 22, -11, -12, 1, 1, 18, -3, -4 ]
MONO 1183 [ -65, 33, 0, 21, 24, -11, -13, 1, 2, 20, -8, -3 ]
MONO 1184 [ -65, 33, 0, 21, 24, -10, -11, 0, 0, 20, -9, -2 ]
MONO 1185 [ -65, 33, 0, 22, 21, -11, -11, 0, 1, 22, -10, -1 ]
MONO 1186 [ -65, 34, -1, 20, 21, -9, -11, 2, 1, 20, -9, -2 ]
MONO 1187 [ -65, 34, -1, 20, 21, -9, -10, 0, 2, 20, -8, -3 ]
MONO 1188 [ -65, 34, -1, 23, 21, -12, -10, 2, 0, 19, -7, -3 ]
MONO 1189 [ -65, 35, 0, 20, 21, -9, -10, 0, 0, 20, -9, -2 ]
MONO 1190 [ -64, 31, 1, 18, 20, -4, -10, -1, 1, 20, -8, -3 ]
MONO 1191 [ -64, 32, 0, 18, 20, -5, -9, 0, 0, 20, -9, -2 ]
MONO 1192 [ -64, 32, 0, 20, 20, -9, -10, 0, 1, 22, -10, -1 ]
MONO 1193 [ -64, 32, 0, 20, 20, -8, -8, -1, -1, 22, -11, 0 ]
MONO 1194 [ -64, 32, 0, 20, 21, -9, -10, 0, 0, 23, -10, -2 ]
MONO 1195 [ -64, 32, 0, 20, 25, -9, -12, 0, 0, 19, -8, -2 ]
MONO 1196 [ -64, 32, 0, 21, 20, -10, -9, 0, 0, 19, -6, -2 ]
MONO 1197 [ -64, 32, 0, 21, 21, -11, -11, 1, 1, 20, -5, -4 ]
MONO 1198 [ -64, 32, 0, 21, 21, -11, -10, 3, 0, 20, -8, -3 ]
MONO 1199 [ -64, 32, 0, 22, 22, -11, -11, 0, 0, 18, -5, -2 ]
MONO 1200 [ -64, 33, -1, 21, 21, -13, -11, 5, 1, 20, -8, -3 ]
MONO 1201 [ -64, 36, -2, 21, 21, -11, -11, 1, 1, 20, -9, -2 ]
MONO 1202 [ -63, 30, 1, 16, 20, 1, -10, -4, 1, 21, -10, -2 ]
MONO 1203 [ -62, 31, 1, 20, 20, -10, -9, 1, 0, 20, -9, -2 ]
MONO 1204 [ -62, 35, -2, 20, 20, -10, -10, 0, 0, 20, -10, 0 ]
MONO 1205 [ -61, 31, 0, 21, 20, -11, -11, 1, 2, 20, -8, -3 ]
MONO 1206 [ -61, 31, 0, 21, 20, -10, -9, 0, 0, 20, -9, -2 ]
MONO 1207 [ -60, 30, 0, 19, 19, -8, -8, 0, 0, 20, -9, -2 ]
MONO 1208 [ -60, 30, 0, 20, 19, -10, -9, 1, 1, 17, -4, -4 ]
MONO 1209 [ -60, 30, 1, 20, 19, -10, -11, 0, 2, 17, -2, -5 ]
MONO 1210 [ -60, 31, -1, 19, 19, -11, -11, 3, 3, 20, -8, -3 ]
MONO 1211 [ -60, 31, 0, 19, 19, -9, -9, 0, 0, 20, -8, -2 ]
MONO 1212 [ -60, 31, 0, 20, 18, -10, -8, 0, 0, 16, -4, -2 ]
MONO 1213 [ -60, 31, 0, 20, 19, -11, -9, 3, 0, 17, -6, -3 ]
MONO 1214 [ -60, 32, -1, 18, 15, -8, 1, 0, -4, 19, -10, -1 ]
MONO 1215 [ -60, 32, -1, 18, 19, -8, -9, 0, 0, 15, 0, -5 ]
MONO 1216 [ -60, 32, -1, 19, 17, -10, -3, 1, -2, 18, -8, -2 ]
MONO 1217 [ -60, 32, -1, 19, 18, -10, -8, 1, 0, 19, -9, 0 ]
MONO 1218 [ -59, 28, 2, 17, 17, -5, -6, -2, -1, 19, -10, 1 ]
MONO 1219 [ -59, 29, 0, 17, 17, -6, -7, 0, 1, 19, -9, -1 ]
MONO 1220 [ -59, 29, 0, 17, 18, -6, -7, 0, 0, 20, -9, -2 ]
MONO 1221 [ -59, 29, 0, 19, 15, -10, -1, 2, -3, 19, -7, -3 ]
MONO 1222 [ -59, 29, 1, 17, 17, -3, -6, -2, -1, 19, -9, -2 ]
MONO 1223 [ -59, 29, 1, 18, 18, -7, -8, -1, 0, 17, -3, -4 ]
MONO 1224 [ -59, 29, 1, 18, 19, -10, -9, 4, 0, 18, -7, -3 ]
MONO 1225 [ -59, 29, 1, 18, 19, -8, -11, 0, 4, 18, -7, -3 ]
MONO 1226 [ -59, 29, 1, 18, 19, -8, -9, 0, 0, 18, -9, 1 ]
MONO 1227 [ -59, 29, 1, 18, 19, -7, -9, -1, 2, 18, -8, -2 ]
MONO 1228 [ -59, 29, 1, 19, 17, -10, -6, 1, -1, 21, -8, -3 ]
MONO 1229 [ -59, 29, 1, 19, 20, -10, -10, 1, 0, 16, -4, -2 ]
MONO 1230 [ -59, 29, 1, 19, 21, -10, -8, 1, -1, 17, -6, -3 ]
MONO 1231 [ -59, 29, 1, 20, 17, -10, -6, 0, -1, 18, -8, 0 ]
MONO 1232 [ -59, 30, 0, 18, 18, -8, -5, 0, -1, 17, -6, -3 ]
MONO 1233 [ -59, 30, 0, 18, 19, -8, -10, 0, 1, 18, -7, -1 ]
MONO 1234 [ -59, 30, 0, 18, 19, -6, -9, 0, 0, 18, -8, -2 ]
MONO 1235 [ -59, 30, 0, 19, 18, -10, -10, 1, 2, 22, -9, -3 ]
MONO 1236 [ -59, 30, 0, 19, 18, -9, -8, 0, 0, 22, -10, -2 ]
MONO 1237 [ -59, 30, 0, 19, 20, -10, -11, 1, 1, 16, -2, -4 ]
MONO 1238 [ -59, 30, 0, 19, 22, -10, -12, 1, 2, 18, -7, -3 ]
MONO 1239 [ -59, 30, 0, 19, 22, -9, -10, 0, 0, 18, -8, -2 ]
MONO 1240 [ -59, 30, 0, 20, 19, -10, -10, 0, 1, 20, -9, -1 ]
MONO 1241 [ -59, 31, -1, 18, 19, -8, -10, 2, 1, 18, -8, -2 ]
MONO 1242 [ -59, 31, -1, 18, 19, -8, -9, 0, 2, 18, -7, -3 ]
MONO 1243 [ -59, 31, -1, 21, 19, -11, -9, 2, 0, 17, -6, -3 ]
MONO 1244 [ -59, 32, 0, 18, 19, -8, -9, 0, 0, 18, -8, -2 ]
MONO 1245 [ -58, 28, 1, 16, 18, -3, -9, -1, 1, 18, -7, -3 ]
MONO 1246 [ -58, 29, 0, 16, 18, -4, -8, 0, 0, 18, -8, -2 ]
MONO 1247 [ -58, 29, 0, 18, 18, -8, -9, 0, 1, 20, -9, -1 ]
MONO 1248 [ -58, 29, 0, 18, 18, -7, -7, -1, -1, 20, -10, 0 ]
MONO 1249 [ -58, 29, 0, 18, 19, -8, -9, 0, 0, 21, -9, -2 ]
MONO 1250 [ -58, 29, 0, 18, 23, -8, -11, 0, 0, 17, -7, -2 ]
MONO 1251 [ -58, 29, 0, 19, 18, -9, -8, 0, 0, 17, -5, -2 ]
MONO 1252 [ -58, 29, 0, 19, 19, -10, -10, 1, 1, 18, -4, -4 ]
MONO 1253 [ -58, 29, 0, 19, 19, -10, -9, 3, 0, 18, -7, -3 ]
MONO 1254 [ -58, 29, 0, 20, 20, -10, -10, 0, 0, 16, -4, -2 ]
MONO 1255 [ -58, 30, -1, 19, 19, -12, -10, 5, 1, 18, -7, -3 ]
MONO 1256 [ -58, 33, -2, 19, 19, -10, -10, 1, 1, 18, -8, -2 ]
MONO 1257 [ -57, 27, 1, 14, 18, 2, -9, -4, 1, 19, -9, -2 ]
MONO 1258 [ -56, 28, 1, 18, 18, -9, -8, 1, 0, 18, -8, -2 ]
MONO 1259 [ -56, 32, -2, 18, 18, -9, -9, 0, 0, 18, -9, 0 ]
MONO 1260 [ -55, 28, 0, 19, 18, -10, -10, 1, 2, 18, -7, -3 ]
MONO 1261 [ -55, 28, 0, 19, 18, -9, -8, 0, 0, 18, -8, -2 ]
MONO 1262 [ -54, 27, 0, 17, 17, -7, -7, 0, 0, 18, -8, -2 ]
MONO 1263 [ -54, 27, 0, 18, 17, -9, -8, 1, 1, 15, -3, -4 ]
MONO 1264 [ -54, 27, 1, 18, 17, -9, -10, 0, 2, 15, -1, -5 ]
MONO 1265 [ -54, 28, -1, 17, 17, -10, -10, 3, 3, 18, -7, -3 ]
MONO 1266 [ -54, 28, 0, 17, 17, -8, -8, 0, 0, 18, -7, -2 ]
MONO 1267 [ -54, 28, 0, 18, 16, -9, -7, 0, 0, 14, -3, -2 ]
MONO 1268 [ -54, 28, 0, 18, 17, -10, -8, 3, 0, 15, -5, -3 ]
MONO 1269 [ -54, 29, -1, 16, 13, -7, 2, 0, -4, 17, -9, -1 ]
MONO 1270 [ -54, 29, -1, 16, 17, -7, -8, 0, 0, 13, 1, -5 ]
MONO 1271 [ -54, 29, -1, 17, 15, -9, -2, 1, -2, 16, -7, -2 ]
MONO 1272 [ -54, 29, -1, 17, 16, -9, -7, 1, 0, 17, -8, 0 ]
MONO 1273 [ -53, 25, 2, 15, 15, -4, -5, -2, -1, 17, -9, 1 ]
MONO 1274 [ -53, 26, 0, 15, 15, -5, -6, 0, 1, 17, -8, -1 ]
MONO 1275 [ -53, 26, 0, 15, 16, -5, -6, 0, 0, 18, -8, -2 ]
MONO 1276 [ -53, 26, 0, 17, 13, -9, 0, 2, -3, 17, -6, -3 ]
MONO 1277 [ -53, 26, 1, 15, 15, -2, -5, -2, -1, 17, -8, -2 ]
MONO 1278 [ -53, 26, 1, 16, 16, -6, -7, -1, 0, 15, -2, -4 ]
MONO 1279 [ -53, 26, 1, 16, 17, -9, -8, 4, 0, 16, -6, -3 ]
MONO 1280 [ -53, 26, 1, 16, 17, -7, -10, 0, 4, 16, -6, -3 ]
MONO 1281 [ -53, 26, 1, 16, 17, -7, -8, 0, 0, 16, -8, 1 ]
MONO 1282 [ -53, 26, 1, 16, 17, -6, -8, -1, 2, 16, -7, -2 ]
MONO 1283 [ -53, 26, 1, 17, 15, -9, -5, 1, -1, 19, -7, -3 ]
MONO 1284 [ -53, 26, 1, 17, 18, -9, -9, 1, 0, 14, -3, -2 ]
MONO 1285 [ -53, 26, 1, 17, 19, -9, -7, 1, -1, 15, -5, -3 ]
MONO 1286 [ -53, 26, 1, 18, 15, -9, -5, 0, -1, 16, -7, 0 ]
MONO 1287 [ -53, 27, 0, 16, 16, -7, -4, 0, -1, 15, -5, -3 ]
MONO 1288 [ -53, 27, 0, 16, 17, -7, -9, 0, 1, 16, -6, -1 ]
MONO 1289 [ -53, 27, 0, 16, 17, -5, -8, 0, 0, 16, -7, -2 ]
MONO 1290 [ -53, 27, 0, 17, 16, -9, -9, 1, 2, 20, -8, -3 ]
MONO 1291 [ -53, 27, 0, 17, 16, -8, -7, 0, 0, 20, -9, -2 ]
MONO 1292 [ -53, 27, 0, 17, 18, -9, -10, 1, 1, 14, -1, -4 ]
MONO 1293 [ -53, 27, 0, 17, 20, -9, -11, 1, 2, 16, -6, -3 ]
MONO 1294 [ -53, 27, 0, 17, 20, -8, -9, 0, 0, 16, -7, -2 ]
MONO 1295 [ -53, 27, 0, 18, 17, -9, -9, 0, 1, 18, -8, -1 ]
MONO 1296 [ -53, 28, -1, 16, 17, -7, -9, 2, 1, 16, -7, -2 ]
MONO 1297 [ -53, 28, -1, 16, 17, -7, -8, 0, 2, 16, -6, -3 ]
MONO 1298 [ -53, 28, -1, 19, 17, -10, -8, 2, 0, 15, -5, -3 ]
MONO 1299 [ -53, 29, 0, 16, 17, -7, -8, 0, 0, 16, -7, -2 ]
MONO 1300 [ -52, 25, 1, 14, 16, -2, -8, -1, 1, 16, -6, -3 ]
MONO 1301 [ -52, 26, 0, 14, 16, -3, -7, 0, 0, 16, -7, -2 ]
MONO 1302 [ -52, 26, 0, 16, 16, -7, -8, 0, 1, 18, -8, -1 ]
MONO 1303 [ -52, 26, 0, 16, 16, -6, -6, -1, -1, 18, -9, 0 ]
MONO 1304 [ -52, 26, 0, 16, 17, -7, -8, 0, 0, 19, -8, -2 ]
MONO 1305 [ -52, 26, 0, 16, 21, -7, -10, 0, 0, 15, -6, -2 ]
MONO 1306 [ -52, 26, 0, 17, 16, -8, -7, 0, 0, 15, -4, -2 ]
MONO 1307 [ -52, 26, 0, 17, 17, -9, -9, 1, 1, 16, -3, -4 ]
MONO 1308 [ -52, 26, 0, 17, 17, -9, -8, 3, 0, 16, -6, -3 ]
MONO 1309 [ -52, 26, 0, 18, 18, -9, -9, 0, 0, 14, -3, -2 ]
MONO 1310 [ -52, 27, -1, 17, 17, -11, -9, 5, 1, 16, -6, -3 ]
MONO 1311 [ -52, 30, -2, 17, 17, -9, -9, 1, 1, 16, -7, -2 ]
MONO 1312 [ -51, 24, 1, 12, 16, 3, -8, -4, 1, 17, -8, -2 ]
MONO 1313 [ -50, 25, 1, 16, 16, -8, -7, 1, 0, 16, -7, -2 ]
MONO 1314 [ -50, 29, -2, 16, 16, -8, -8, 0, 0, 16, -8, 0 ]
MONO 1315 [ -49, 25, 0, 17, 16, -9, -9, 1, 2, 16, -6, -3 ]
MONO 1316 [ -49, 25, 0, 17, 16, -8, -7, 0, 0, 16, -7, -2 ]
MONO 1317 [ -48, 24, 0, 15, 15, -6, -6, 0, 0, 16, -7, -2 ]
MONO 1318 [ -48, 24, 0, 16, 15, -8, -7, 1, 1, 13, -2, -4 ]
MONO 1319 [ -48, 24, 1, 16, 15, -8, -9, 0, 2, 13, 0, -5 ]
MONO 1320 [ -48, 25, -1, 15, 15, -9, -9, 3, 3, 16, -6, -3 ]
MONO 1321 [ -48, 25, 0, 15, 15, -7, -7, 0, 0, 16, -6, -2 ]
MONO 1322 [ -48, 25, 0, 16, 14, -8, -6, 0, 0, 12, -2, -2 ]
MONO 1323 [ -48, 25, 0, 16, 15, -9, -7, 3, 0, 13, -4, -3 ]
MONO 1324 [ -48, 26, -1, 14, 11, -6, 3, 0, -4, 15, -8, -1 ]
MONO 1325 [ -48, 26, -1, 14, 15, -6, -7, 0, 0, 11, 2, -5 ]
MONO 1326 [ -48, 26, -1, 15, 13, -8, -1, 1, -2, 14, -6, -2 ]
MONO 1327 [ -48, 26, -1, 15, 14, -8, -6, 1, 0, 15, -7, 0 ]
MONO 1328 [ -47, 22, 2, 13, 13, -3, -4, -2, -1, 15, -8, 1 ]
MONO 1329 [ -47, 23, 0, 13, 13, -4, -5, 0, 1, 15, -7, -1 ]
MONO 1330 [ -47, 23, 0, 13, 14, -4, -5, 0, 0, 16, -7, -2 ]
MONO 1331 [ -47, 23, 0, 15, 11, -8, 1, 2, -3, 15, -5, -3 ]
MONO 1332 [ -47, 23, 1, 13, 13, -1, -4, -2, -1, 15, -7, -2 ]
MONO 1333 [ -47, 23, 1, 14, 14, -5, -6, -1, 0, 13, -1, -4 ]
MONO 1334 [ -47, 23, 1, 14, 15, -8, -7, 4, 0, 14, -5, -3 ]
MONO 1335 [ -47, 23, 1, 14, 15, -6, -9, 0, 4, 14, -5, -3 ]
MONO 1336 [ -47, 23, 1, 14, 15, -6, -7, 0, 0, 14, -7, 1 ]
MONO 1337 [ -47, 23, 1, 14, 15, -5, -7, -1, 2, 14, -6, -2 ]
MONO 1338 [ -47, 23, 1, 15, 13, -8, -4, 1, -1, 17, -6, -3 ]
MONO 1339 [ -47, 23, 1, 15, 16, -8, -8, 1, 0, 12, -2, -2 ]
MONO 1340 [ -47, 23, 1, 15, 17, -8, -6, 1, -1, 13, -4, -3 ]
MONO 1341 [ -47, 23, 1, 16, 13, -8, -4, 0, -1, 14, -6, 0 ]
MONO 1342 [ -47, 24, 0, 14, 14, -6, -3, 0, -1, 13, -4, -3 ]
MONO 1343 [ -47, 24, 0, 14, 15, -6, -8, 0, 1, 14, -5, -1 ]
MONO 1344 [ -47, 24, 0, 14, 15, -4, -7, 0, 0, 14, -6, -2 ]
MONO 1345 [ -47, 24, 0, 15, 14, -8, -8, 1, 2, 18, -7, -3 ]
MONO 1346 [ -47, 24, 0, 15, 14, -7, -6, 0, 0, 18, -8, -2 ]
MONO 1347 [ -47, 24, 0, 15, 16, -8, -9, 1, 1, 12, 0, -4 ]
MONO 1348 [ -47, 24, 0, 15, 18, -8, -10, 1, 2, 14, -5, -3 ]
MONO 1349 [ -47, 24, 0, 15, 18, -7, -8, 0, 0, 14, -6, -2 ]
MONO 1350 [ -47, 24, 0, 16, 15, -8, -8, 0, 1, 16, -7, -1 ]
MONO 1351 [ -47, 25, -1, 14, 15, -6, -8, 2, 1, 14, -6, -2 ]
MONO 1352 [ -47, 25, -1, 14, 15, -6, -7, 0, 2, 14, -5, -3 ]
MONO 1353 [ -47, 25, -1, 17, 15, -9, -7, 2, 0, 13, -4, -3 ]
MONO 1354 [ -47, 26, 0, 14, 15, -6, -7, 0, 0, 14, -6, -2 ]
MONO 1355 [ -46, 22, 1, 12, 14, -1, -7, -1, 1, 14, -5, -3 ]
MONO 1356 [ -46, 23, 0, 12, 14, -2, -6, 0, 0, 14, -6, -2 ]
MONO 1357 [ -46, 23, 0, 14, 14, -6, -7, 0, 1, 16, -7, -1 ]
MONO 1358 [ -46, 23, 0, 14, 14, -5, -5, -1, -1, 16, -8, 0 ]
MONO 1359 [ -46, 23, 0, 14, 15, -6, -7, 0, 0, 17, -7, -2 ]
MONO 1360 [ -46, 23, 0, 14, 19, -6, -9, 0, 0, 13, -5, -2 ]
MONO 1361 [ -46, 23, 0, 15, 14, -7, -6, 0, 0, 13, -3, -2 ]
MONO 1362 [ -46, 23, 0, 15, 15, -8, -8, 1, 1, 14, -2, -4 ]
MONO 1363 [ -46, 23, 0, 15, 15, -8, -7, 3, 0, 14, -5, -3 ]
MONO 1364 [ -46, 23, 0, 16, 16, -8, -8, 0, 0, 12, -2, -2 ]
MONO 1365 [ -46, 24, -1, 15, 15, -10, -8, 5, 1, 14, -5, -3 ]
MONO 1366 [ -46, 27, -2, 15, 15, -8, -8, 1, 1, 14, -6, -2 ]
MONO 1367 [ -45, 21, 1, 10, 14, 4, -7, -4, 1, 15, -7, -2 ]
MONO 1368 [ -44, 22, 1, 14, 14, -7, -6, 1, 0, 14, -6, -2 ]
MONO 1369 [ -44, 26, -2, 14, 14, -7, -7, 0, 0, 14, -7, 0 ]
MONO 1370 [ -43, 22, 0, 15, 14, -8, -8, 1, 2, 14, -5, -3 ]
MONO 1371 [ -43, 22, 0, 15, 14, -7, -6, 0, 0, 14, -6, -2 ]
MONO 1372 [ -42, 21, 0, 13, 13, -5, -5, 0, 0, 14, -6, -2 ]
MONO 1373 [ -42, 21, 0, 14, 13, -7, -6, 1, 1, 11, -1, -4 ]
MONO 1374 [ -42, 21, 1, 14, 13, -7, -8, 0, 2, 11, 1, -5 ]
MONO 1375 [ -42, 22, -1, 13, 13, -8, -8, 3, 3, 14, -5, -3 ]
MONO 1376 [ -42, 22, 0, 13, 13, -6, -6, 0, 0, 14, -5, -2 ]
MONO 1377 [ -42, 22, 0, 14, 12, -7, -5, 0, 0, 10, -1, -2 ]
MONO 1378 [ -42, 22, 0, 14, 13, -8, -6, 3, 0, 11, -3, -3 ]
MONO 1379 [ -42, 23, -1, 12, 9, -5, 4, 0, -4, 13, -7, -1 ]
MONO 1380 [ -42, 23, -1, 12, 13, -5, -6, 0, 0, 9, 3, -5 ]
MONO 1381 [ -42, 23, -1, 13, 11, -7, 0, 1, -2, 12, -5, -2 ]
MONO 1382 [ -42, 23, -1, 13, 12, -7, -5, 1, 0, 13, -6, 0 ]
MONO 1383 [ -41, 19, 2, 11, 11, -2, -3, -2, -1, 13, -7, 1 ]
MONO 1384 [ -41, 20, 0, 11, 11, -3, -4, 0, 1, 13, -6, -1 ]
MONO 1385 [ -41, 20, 0, 11, 12, -3, -4, 0, 0, 14, -6, -2 ]
MONO 1386 [ -41, 20, 0, 13, 9, -7, 2, 2, -3, 13, -4, -3 ]
MONO 1387 [ -41, 20, 1, 11, 11, 0, -3, -2, -1, 13, -6, -2 ]
MONO 1388 [ -41, 20, 1, 12, 12, -4, -5, -1, 0, 11, 0, -4 ]
MONO 1389 [ -41, 20, 1, 12, 13, -7, -6, 4, 0, 12, -4, -3 ]
MONO 1390 [ -41, 20, 1, 12, 13, -5, -8, 0, 4, 12, -4, -3 ]
MONO 1391 [ -41, 20, 1, 12, 13, -5, -6, 0, 0, 12, -6, 1 ]
MONO 1392 [ -41, 20, 1, 12, 13, -4, -6, -1, 2, 12, -5, -2 ]
MONO 1393 [ -41, 20, 1, 13, 11, -7, -3, 1, -1, 15, -5, -3 ]
MONO 1394 [ -41, 20, 1, 13, 14, -7, -7, 1, 0, 10, -1, -2 ]
MONO 1395 [ -41, 20, 1, 13, 15, -7, -5, 1, -1, 11, -3, -3 ]
MONO 1396 [ -41, 20, 1, 14, 11, -7, -3, 0, -1, 12, -5, 0 ]
MONO 1397 [ -41, 21, 0, 12, 12, -5, -2, 0, -1, 11, -3, -3 ]
MONO 1398 [ -41, 21, 0, 12, 13, -5, -7, 0, 1, 12, -4, -1 ]
MONO 1399 [ -41, 21, 0, 12, 13, -3, -6, 0, 0, 12, -5, -2 ]
MONO 1400 [ -41, 21, 0, 13, 12, -7, -7, 1, 2, 16, -6, -3 ]
MONO 1401 [ -41, 21, 0, 13, 12, -6, -5, 0, 0, 16, -7, -2 ]
MONO 1402 [ -41, 21, 0, 13, 14, -7, -8, 1, 1, 10, 1, -4 ]
MONO 1403 [ -41, 21, 0, 13, 16, -7, -9, 1, 2, 12, -4, -3 ]
MONO 1404 [ -41, 21, 0, 13, 16, -6, -7, 0, 0, 12, -5, -2 ]
MONO 1405 [ -41, 21, 0, 14, 13, -7, -7, 0, 1, 14, -6, -1 ]
MONO 1406 [ -41, 22, -1, 12, 13, -5, -7, 2, 1, 12, -5, -2 ]
MONO 1407 [ -41, 22, -1, 12, 13, -5, -6, 0, 2, 12, -4, -3 ]
MONO 1408 [ -41, 22, -1, 15, 13, -8, -6, 2, 0, 11, -3, -3 ]
MONO 1409 [ -41, 23, 0, 12, 13, -5, -6, 0, 0, 12, -5, -2 ]
MONO 1410 [ -40, 19, 1, 10, 12, 0, -6, -1, 1, 12, -4, -3 ]
MONO 1411 [ -40, 20, 0, 10, 12, -1, -5, 0, 0, 12, -5, -2 ]
MONO 1412 [ -40, 20, 0, 12, 12, -5, -6, 0, 1, 14, -6, -1 ]
MONO 1413 [ -40, 20, 0, 12, 12, -4, -4, -1, -1, 14, -7, 0 ]
MONO 1414 [ -40, 20, 0, 12, 13, -5, -6, 0, 0, 15, -6, -2 ]
MONO 1415 [ -40, 20, 0, 12, 17, -5, -8, 0, 0, 11, -4, -2 ]
MONO 1416 [ -40, 20, 0, 13, 12, -6, -5, 0, 0, 11, -2, -2 ]
MONO 1417 [ -40, 20, 0, 13, 13, -7, -7, 1, 1, 12, -1, -4 ]
MONO 1418 [ -40, 20, 0, 13, 13, -7, -6, 3, 0, 12, -4, -3 ]
MONO 1419 [ -40, 20, 0, 14, 14, -7, -7, 0, 0, 10, -1, -2 ]
MONO 1420 [ -40, 21, -1, 13, 13, -9, -7, 5, 1, 12, -4, -3 ]
MONO 1421 [ -40, 24, -2, 13, 13, -7, -7, 1, 1, 12, -5, -2 ]
MONO 1422 [ -39, 18, 1, 8, 12, 5, -6, -4, 1, 13, -6, -2 ]
MONO 1423 [ -38, 19, 1, 12, 12, -6, -5, 1, 0, 12, -5, -2 ]
MONO 1424 [ -38, 23, -2, 12, 12, -6, -6, 0, 0, 12, -6, 0 ]
MONO 1425 [ -37, 19, 0, 13, 12, -7, -7, 1, 2, 12, -4, -3 ]
MONO 1426 [ -37, 19, 0, 13, 12, -6, -5, 0, 0, 12, -5, -2 ]
MONO 1427 [ -36, 18, 0, 11, 11, -4, -4, 0, 0, 12, -5, -2 ]
MONO 1428 [ -36, 18, 0, 12, 11, -6, -5, 1, 1, 9, 0, -4 ]
MONO 1429 [ -36, 18, 1, 12, 11, -6, -7, 0, 2, 9, 2, -5 ]
MONO 1430 [ -36, 19, -1, 11, 11, -7, -7, 3, 3, 12, -4, -3 ]
MONO 1431 [ -36, 19, 0, 11, 11, -5, -5, 0, 0, 12, -4, -2 ]
MONO 1432 [ -36, 19, 0, 12, 10, -6, -4, 0, 0, 8, 0, -2 ]
MONO 1433 [ -36, 19, 0, 12, 11, -7, -5, 3, 0, 9, -2, -3 ]
MONO 1434 [ -36, 20, -1, 10, 7, -4, 5, 0, -4, 11, -6, -1 ]
MONO 1435 [ -36, 20, -1, 10, 11, -4, -5, 0, 0, 7, 4, -5 ]
MONO 1436 [ -36, 20, -1, 11, 9, -6, 1, 1, -2, 10, -4, -2 ]
MONO 1437 [ -36, 20, -1, 11, 10, -6, -4, 1, 0, 11, -5, 0 ]
MONO 1438 [ -35, 16, 2, 9, 9, -1, -2, -2, -1, 11, -6, 1 ]
MONO 1439 [ -35, 17, 0, 9, 9, -2, -3, 0, 1, 11, -5, -1 ]
MONO 1440 [ -35, 17, 0, 9, 10, -2, -3, 0, 0, 12, -5, -2 ]
MONO 1441 [ -35, 17, 0, 11, 7, -6, 3, 2, -3, 11, -3, -3 ]
MONO 1442 [ -35, 17, 1, 9, 9, 1, -2, -2, -1, 11, -5, -2 ]
MONO 1443 [ -35, 17, 1, 10, 10, -3, -4, -1, 0, 9, 1, -4 ]
MONO 1444 [ -35, 17, 1, 10, 11, -6, -5, 4, 0, 10, -3, -3 ]
MONO 1445 [ -35, 17, 1, 10, 11, -4, -7, 0, 4, 10, -3, -3 ]
MONO 1446 [ -35, 17, 1, 10, 11, -4, -5, 0, 0, 10, -5, 1 ]
MONO 1447 [ -35, 17, 1, 10, 11, -3, -5, -1, 2, 10, -4, -2 ]
MONO 1448 [ -35, 17, 1, 11, 9, -6, -2, 1, -1, 13, -4, -3 ]
MONO 1449 [ -35, 17, 1, 11, 12, -6, -6, 1, 0, 8, 0, -2 ]
MONO 1450 [ -35, 17, 1, 11, 13, -6, -4, 1, -1, 9, -2, -3 ]
MONO 1451 [ -35, 17, 1, 12, 9, -6, -2, 0, -1, 10, -4, 0 ]
MONO 1452 [ -35, 18, 0, 10, 10, -4, -1, 0, -1, 9, -2, -3 ]
MONO 1453 [ -35, 18, 0, 10, 11, -4, -6, 0, 1, 10, -3, -1 ]
MONO 1454 [ -35, 18, 0, 10, 11, -2, -5, 0, 0, 10, -4, -2 ]
MONO 1455 [ -35, 18, 0, 11, 10, -6, -6, 1, 2, 14, -5, -3 ]
MONO 1456 [ -35, 18, 0, 11, 10, -5, -4, 0, 0, 14, -6, -2 ]
MONO 1457 [ -35, 18, 0, 11, 12, -6, -7, 1, 1, 8, 2, -4 ]
MONO 1458 [ -35, 18, 0, 11, 14, -6, -8, 1, 2, 10, -3, -3 ]
MONO 1459 [ -35, 18, 0, 11, 14, -5, -6, 0, 0, 10, -4, -2 ]
MONO 1460 [ -35, 18, 0, 12, 11, -6, -6, 0, 1, 12, -5, -1 ]
MONO 1461 [ -35, 19, -1, 10, 11, -4, -6, 2, 1, 10, -4, -2 ]
MONO 1462 [ -35, 19, -1, 10, 11, -4, -5, 0, 2, 10, -3, -3 ]
MONO 1463 [ -35, 19, -1, 13, 11, -7, -5, 2, 0, 9, -2, -3 ]
MONO 1464 [ -35, 20, 0, 10, 11, -4, -5, 0, 0, 10, -4, -2 ]
MONO 1465 [ -34, 16, 1, 8, 10, 1, -5, -1, 1, 10, -3, -3 ]
MONO 1466 [ -34, 17, 0, 8, 10, 0, -4, 0, 0, 10, -4, -2 ]
MONO 1467 [ -34, 17, 0, 10, 10, -4, -5, 0, 1, 12, -5, -1 ]
MONO 1468 [ -34, 17, 0, 10, 10, -3, -3, -1, -1, 12, -6, 0 ]
MONO 1469 [ -34, 17, 0, 10, 11, -4, -5, 0, 0, 13, -5, -2 ]
MONO 1470 [ -34, 17, 0, 10, 15, -4, -7, 0, 0, 9, -3, -2 ]
MONO 1471 [ -34, 17, 0, 11, 10, -5, -4, 0, 0, 9, -1, -2 ]
MONO 1472 [ -34, 17, 0, 11, 11, -6, -6, 1, 1, 10, 0, -4 ]
MONO 1473 [ -34, 17, 0, 11, 11, -6, -5, 3, 0, 10, -3, -3 ]
MONO 1474 [ -34, 17, 0, 12, 12, -6, -6, 0, 0, 8, 0, -2 ]
MONO 1475 [ -34, 18, -1, 11, 11, -8, -6, 5, 1, 10, -3, -3 ]
MONO 1476 [ -34, 21, -2, 11, 11, -6, -6, 1, 1, 10, -4, -2 ]
MONO 1477 [ -33, 15, 1, 6, 10, 6, -5, -4, 1, 11, -5, -2 ]
MONO 1478 [ -32, 16, 1, 10, 10, -5, -4, 1, 0, 10, -4, -2 ]
MONO 1479 [ -32, 20, -2, 10, 10, -5, -5, 0, 0, 10, -5, 0 ]
MONO 1480 [ -31, 16, 0, 11, 10, -6, -6, 1, 2, 10, -3, -3 ]
MONO 1481 [ -31, 16, 0, 11, 10, -5, -4, 0, 0, 10, -4, -2 ]
MONO 1482 [ -30, 15, 0, 9, 9, -3, -3, 0, 0, 10, -4, -2 ]
MONO 1483 [ -30, 15, 0, 10, 9, -5, -4, 1, 1, 7, 1, -4 ]
MONO 1484 [ -30, 15, 1, 10, 9, -5, -6, 0, 2, 7, 3, -5 ]
MONO 1485 [ -30, 16, -1, 9, 9, -6, -6, 3, 3, 10, -3, -3 ]
MONO 1486 [ -30, 16, 0, 9, 9, -4, -4, 0, 0, 10, -3, -2 ]
MONO 1487 [ -30, 16, 0, 10, 8, -5, -3, 0, 0, 6, 1, -2 ]
MONO 1488 [ -30, 16, 0, 10, 9, -6, -4, 3, 0, 7, -1, -3 ]
MONO 1489 [ -30, 17, -1, 8, 5, -3, 6, 0, -4, 9, -5, -1 ]
MONO 1490 [ -30, 17, -1, 8, 9, -3, -4, 0, 0, 5, 5, -5 ]
MONO 1491 [ -30, 17, -1, 9, 7, -5, 2, 1, -2, 8, -3, -2 ]
MONO 1492 [ -30, 17, -1, 9, 8, -5, -3, 1, 0, 9, -4, 0 ]
MONO 1493 [ -29, 13, 2, 7, 7, 0, -1, -2, -1, 9, -5, 1 ]
MONO 1494 [ -29, 14, 0, 7, 7, -1, -2, 0, 1, 9, -4, -1 ]
MONO 1495 [ -29, 14, 0, 7, 8, -1, -2, 0, 0, 10, -4, -2 ]
MONO 1496 [ -29, 14, 0, 9, 5, -5, 4, 2, -3, 9, -2, -3 ]
MONO 1497 [ -29, 14, 1, 7, 7, 2, -1, -2, -1, 9, -4, -2 ]
MONO 1498 [ -29, 14, 1, 8, 8, -2, -3, -1, 0, 7, 2, -4 ]
MONO 1499 [ -29, 14, 1, 8, 9, -5, -4, 4, 0, 8, -2, -3 ]
MONO 1500 [ -29, 14, 1, 8, 9, -3, -6, 0, 4, 8, -2, -3 ]
MONO 1501 [ -29, 14, 1, 8, 9, -3, -4, 0, 0, 8, -4, 1 ]
MONO 1502 [ -29, 14, 1, 8, 9, -2, -4, -1, 2, 8, -3, -2 ]
MONO 1503 [ -29, 14, 1, 9, 7, -5, -1, 1, -1, 11, -3, -3 ]
MONO 1504 [ -29, 14, 1, 9, 10, -5, -5, 1, 0, 6, 1, -2 ]
MONO 1505 [ -29, 14, 1, 9, 11, -5, -3, 1, -1, 7, -1, -3 ]
MONO 1506 [ -29, 14, 1, 10, 7, -5, -1, 0, -1, 8, -3, 0 ]
MONO 1507 [ -29, 15, 0, 8, 8, -3, 0, 0, -1, 7, -1, -3 ]
MONO 1508 [ -29, 15, 0, 8, 9, -3, -5, 0, 1, 8, -2, -1 ]
MONO 1509 [ -29, 15, 0, 8, 9, -1, -4, 0, 0, 8, -3, -2 ]
MONO 1510 [ -29, 15, 0, 9, 8, -5, -5, 1, 2, 12, -4, -3 ]
MONO 1511 [ -29, 15, 0, 9, 8, -4, -3, 0, 0, 12, -5, -2 ]
MONO 1512 [ -29, 15, 0, 9, 10, -5, -6, 1, 1, 6, 3, -4 ]
MONO 1513 [ -29, 15, 0, 9, 12, -5, -7, 1, 2, 8, -2, -3 ]
MONO 1514 [ -29, 15, 0, 9, 12, -4, -5, 0, 0, 8, -3, -2 ]
MONO 1515 [ -29, 15, 0, 10, 9, -5, -5, 0, 1, 10, -4, -1 ]
MONO 1516 [ -29, 16, -1, 8, 9, -3, -5, 2, 1, 8, -3, -2 ]
MONO 1517 [ -29, 16, -1, 8, 9, -3, -4, 0, 2, 8, -2, -3 ]
MONO 1518 [ -29, 16, -1, 11, 9, -6, -4, 2, 0, 7, -1, -3 ]
MONO 1519 [ -29, 17, 0, 8, 9, -3, -4, 0, 0, 8, -3, -2 ]
MONO 1520 [ -28, 13, 1, 6, 8, 2, -4, -1, 1, 8, -2, -3 ]
MONO 1521 [ -28, 14, 0, 6, 8, 1, -3, 0, 0, 8, -3, -2 ]
MONO 1522 [ -28, 14, 0, 8, 8, -3, -4, 0, 1, 10, -4, -1 ]
MONO 1523 [ -28, 14, 0, 8, 8, -2, -2, -1, -1, 10, -5, 0 ]
MONO 1524 [ -28, 14, 0, 8, 9, -3, -4, 0, 0, 11, -4, -2 ]
MONO 1525 [ -28, 14, 0, 8, 13, -3, -6, 0, 0, 7, -2, -2 ]
MONO 1526 [ -28, 14, 0, 9, 8, -4, -3, 0, 0, 7, 0, -2 ]
MONO 1527 [ -28, 14, 0, 9, 9, -5, -5, 1, 1, 8, 1, -4 ]
MONO 1528 [ -28, 14, 0, 9, 9, -5, -4, 3, 0, 8, -2, -3 ]
MONO 1529 [ -28, 14, 0, 10, 10, -5, -5, 0, 0, 6, 1, -2 ]
MONO 1530 [ -28, 15, -1, 9, 9, -7, -5, 5, 1, 8, -2, -3 ]
MONO 1531 [ -28, 18, -2, 9, 9, -5, -5, 1, 1, 8, -3, -2 ]
MONO 1532 [ -27, 12, 1, 4, 8, 7, -4, -4, 1, 9, -4, -2 ]
MONO 1533 [ -26, 13, 1, 8, 8, -4, -3, 1, 0, 8, -3, -2 ]
MONO 1534 [ -26, 17, -2, 8, 8, -4, -4, 0, 0, 8, -4, 0 ]
MONO 1535 [ -25, 13, 0, 9, 8, -5, -5, 1, 2, 8, -2, -3 ]
MONO 1536 [ -25, 13, 0, 9, 8, -4, -3, 0, 0, 8, -3, -2 ]
MONO 1537 [ -24, 12, 0, 7, 7, -2, -2, 0, 0, 8, -3, -2 ]
MONO 1538 [ -24, 12, 0, 8, 7, -4, -3, 1, 1, 5, 2, -4 ]
MONO 1539 [ -24, 12, 1, 8, 7, -4, -5, 0, 2, 5, 4, -5 ]
MONO 1540 [ -24, 13, -1, 7, 7, -5, -5, 3, 3, 8, -2, -3 ]
MONO 1541 [ -24, 13, 0, 7, 7, -3, -3, 0, 0, 8, -2, -2 ]
MONO 1542 [ -24, 13, 0, 8, 6, -4, -2, 0, 0, 4, 2, -2 ]
MONO 1543 [ -24, 13, 0, 8, 7, -5, -3, 3, 0, 5, 0, -3 ]
MONO 1544 [ -24, 14, -1, 6, 3, -2, 7, 0, -4, 7, -4, -1 ]
MONO 1545 [ -24, 14, -1, 6, 7, -2, -3, 0, 0, 3, 6, -5 ]
MONO 1546 [ -24, 14, -1, 7, 5, -4, 3, 1, -2, 6, -2, -2 ]
MONO 1547 [ -24, 14, -1, 7, 6, -4, -2, 1, 0, 7, -3, 0 ]
MONO 1548 [ -23, 10, 2, 5, 5, 1, 0, -2, -1, 7, -4, 1 ]
MONO 1549 [ -23, 11, 0, 5, 5, 0, -1, 0, 1, 7, -3, -1 ]
MONO 1550 [ -23, 11, 0, 5, 6, 0, -1, 0, 0, 8, -3, -2 ]
MONO 1551 [ -23, 11, 0, 7, 3, -4, 5, 2, -3, 7, -1, -3 ]
MONO 1552 [ -23, 11, 1, 5, 5, 3, 0, -2, -1, 7, -3, -2 ]
MONO 1553 [ -23, 11, 1, 6, 6, -1, -2, -1, 0, 5, 3, -4 ]
MONO 1554 [ -23, 11, 1, 6, 7, -4, -3, 4, 0, 6, -1, -3 ]
MONO 1555 [ -23, 11, 1, 6, 7, -2, -5, 0, 4, 6, -1, -3 ]
MONO 1556 [ -23, 11, 1, 6, 7, -2, -3, 0, 0, 6, -3, 1 ]
MONO 1557 [ -23, 11, 1, 6, 7, -1, -3, -1, 2, 6, -2, -2 ]
MONO 1558 [ -23, 11, 1, 7, 5, -4, 0, 1, -1, 9, -2, -3 ]
MONO 1559 [ -23, 11, 1, 7, 8, -4, -4, 1, 0, 4, 2, -2 ]
MONO 1560 [ -23, 11, 1, 7, 9, -4, -2, 1, -1, 5, 0, -3 ]
MONO 1561 [ -23, 11, 1, 8, 5, -4, 0, 0, -1, 6, -2, 0 ]
MONO 1562 [ -23, 12, 0, 6, 6, -2, 1, 0, -1, 5, 0, -3 ]
MONO 1563 [ -23, 12, 0, 6, 7, -2, -4, 0, 1, 6, -1, -1 ]
MONO 1564 [ -23, 12, 0, 6, 7, 0, -3, 0, 0, 6, -2, -2 ]
MONO 1565 [ -23, 12, 0, 7, 6, -4, -4, 1, 2, 10, -3, -3 ]
MONO 1566 [ -23, 12, 0, 7, 6, -3, -2, 0, 0, 10, -4, -2 ]
MONO 1567 [ -23, 12, 0, 7, 8, -4, -5, 1, 1, 4, 4, -4 ]
MONO 1568 [ -23, 12, 0, 7, 10, -4, -6, 1, 2, 6, -1, -3 ]
MONO 1569 [ -23, 12, 0, 7, 10, -3, -4, 0, 0, 6, -2, -2 ]
MONO 1570 [ -23, 12, 0, 8, 7, -4, -4, 0, 1, 8, -3, -1 ]
MONO 1571 [ -23, 13, -1, 6, 7, -2, -4, 2, 1, 6, -2, -2 ]
MONO 1572 [ -23, 13, -1, 6, 7, -2, -3, 0, 2, 6, -1, -3 ]
MONO 1573 [ -23, 13, -1, 9, 7, -5, -3, 2, 0, 5, 0, -3 ]
MONO 1574 [ -23, 14, 0, 6, 7, -2, -3, 0, 0, 6, -2, -2 ]
MONO 1575 [ -22, 10, 1, 4, 6, 3, -3, -1, 1, 6, -1, -3 ]
MONO 1576 [ -22, 11, 0, 4, 6, 2, -2, 0, 0, 6, -2, -2 ]
MONO 1577 [ -22, 11, 0, 6, 6, -2, -3, 0, 1, 8, -3, -1 ]
MONO 1578 [ -22, 11, 0, 6, 6, -1, -1, -1, -1, 8, -4, 0 ]
MONO 1579 [ -22, 11, 0, 6, 7, -2, -3, 0, 0, 9, -3, -2 ]
MONO 1580 [ -22, 11, 0, 6, 11, -2, -5, 0, 0, 5, -1, -2 ]
MONO 1581 [ -22, 11, 0, 7, 6, -3, -2, 0, 0, 5, 1, -2 ]
MONO 1582 [ -22, 11, 0, 7, 7, -4, -4, 1, 1, 6, 2, -4 ]
MONO 1583 [ -22, 11, 0, 7, 7, -4, -3, 3, 0, 6, -1, -3 ]
MONO 1584 [ -22, 11, 0, 8, 8, -4, -4, 0, 0, 4, 2, -2 ]
MONO 1585 [ -22, 12, -1, 7, 7, -6, -4, 5, 1, 6, -1, -3 ]
MONO 1586 [ -22, 15, -2, 7, 7, -4, -4, 1, 1, 6, -2, -2 ]
MONO 1587 [ -21, 9, 1, 2, 6, 8, -3, -4, 1, 7, -3, -2 ]
MONO 1588 [ -20, 10, 1, 6, 6, -3, -2, 1, 0, 6, -2, -2 ]
MONO 1589 [ -20, 14, -2, 6, 6, -3, -3, 0, 0, 6, -3, 0 ]
MONO 1590 [ -19, 10, 0, 7, 6, -4, -4, 1, 2, 6, -1, -3 ]
MONO 1591 [ -19, 10, 0, 7, 6, -3, -2, 0, 0, 6, -2, -2 ]
MONO 1592 [ -18, 9, 0, 5, 5, -1, -1, 0, 0, 6, -2, -2 ]
MONO 1593 [ -18, 9, 0, 6, 5, -3, -2, 1, 1, 3, 3, -4 ]
MONO 1594 [ -18, 9, 1, 6, 5, -3, -4, 0, 2, 3, 5, -5 ]
MONO 1595 [ -18, 10, -1, 5, 5, -4, -4, 3, 3, 6, -1, -3 ]
MONO 1596 [ -18, 10, 0, 5, 5, -2, -2, 0, 0, 6, -1, -2 ]
MONO 1597 [ -18, 10, 0, 6, 4, -3, -1, 0, 0, 2, 3, -2 ]
MONO 1598 [ -18, 10, 0, 6, 5, -4, -2, 3, 0, 3, 1, -3 ]
MONO 1599 [ -18, 11, -1, 4, 1, -1, 8, 0, -4, 5, -3, -1 ]
MONO 1600 [ -18, 11, -1, 4, 5, -1, -2, 0, 0, 1, 7, -5 ]
MONO 1601 [ -18, 11, -1, 5, 3, -3, 4, 1, -2, 4, -1, -2 ]
MONO 1602 [ -18, 11, -1, 5, 4, -3, -1, 1, 0, 5, -2, 0 ]
MONO 1603 [ -17, 7, 2, 3, 3, 2, 1, -2, -1, 5, -3, 1 ]
MONO 1604 [ -17, 8, 0, 3, 3, 1, 0, 0, 1, 5, -2, -1 ]
MONO 1605 [ -17, 8, 0, 3, 4, 1, 0, 0, 0, 6, -2, -2 ]
MONO 1606 [ -17, 8, 0, 5, 1, -3, 6, 2, -3, 5, 0, -3 ]
MONO 1607 [ -17, 8, 1, 3, 3, 4, 1, -2, -1, 5, -2, -2 ]
MONO 1608 [ -17, 8, 1, 4, 4, 0, -1, -1, 0, 3, 4, -4 ]
MONO 1609 [ -17, 8, 1, 4, 5, -3, -2, 4, 0, 4, 0, -3 ]
MONO 1610 [ -17, 8, 1, 4, 5, -1, -4, 0, 4, 4, 0, -3 ]
MONO 1611 [ -17, 8, 1, 4, 5, -1, -2, 0, 0, 4, -2, 1 ]
MONO 1612 [ -17, 8, 1, 4, 5, 0, -2, -1, 2, 4, -1, -2 ]
MONO 1613 [ -17, 8, 1, 5, 3, -3, 1, 1, -1, 7, -1, -3 ]
MONO 1614 [ -17, 8, 1, 5, 6, -3, -3, 1, 0, 2, 3, -2 ]
MONO 1615 [ -17, 8, 1, 5, 7, -3, -1, 1, -1, 3, 1, -3 ]
MONO 1616 [ -17, 8, 1, 6, 3, -3, 1, 0, -1, 4, -1, 0 ]
MONO 1617 [ -17, 9, 0, 4, 4, -1, 2, 0, -1, 3, 1, -3 ]
MONO 1618 [ -17, 9, 0, 4, 5, -1, -3, 0, 1, 4, 0, -1 ]
MONO 1619 [ -17, 9, 0, 4, 5, 1, -2, 0, 0, 4, -1, -2 ]
MONO 1620 [ -17, 9, 0, 5, 4, -3, -3, 1, 2, 8, -2, -3 ]
MONO 1621 [ -17, 9, 0, 5, 4, -2, -1, 0, 0, 8, -3, -2 ]
MONO 1622 [ -17, 9, 0, 5, 6, -3, -4, 1, 1, 2, 5, -4 ]
MONO 1623 [ -17, 9, 0, 5, 8, -3, -5, 1, 2, 4, 0, -3 ]
MONO 1624 [ -17, 9, 0, 5, 8, -2, -3, 0, 0, 4, -1, -2 ]
MONO 1625 [ -17, 9, 0, 6, 5, -3, -3, 0, 1, 6, -2, -1 ]
MONO 1626 [ -17, 10, -1, 4, 5, -1, -3, 2, 1, 4, -1, -2 ]
MONO 1627 [ -17, 10, -1, 4, 5, -1, -2, 0, 2, 4, 0, -3 ]
MONO 1628 [ -17, 10, -1, 7, 5, -4, -2, 2, 0, 3, 1, -3 ]
MONO 1629 [ -17, 11, 0, 4, 5, -1, -2, 0, 0, 4, -1, -2 ]
MONO 1630 [ -16, 7, 1, 2, 4, 4, -2, -1, 1, 4, 0, -3 ]
MONO 1631 [ -16, 8, 0, 2, 4, 3, -1, 0, 0, 4, -1, -2 ]
MONO 1632 [ -16, 8, 0, 4, 4, -1, -2, 0, 1, 6, -2, -1 ]
MONO 1633 [ -16, 8, 0, 4, 4, 0, 0, -1, -1, 6, -3, 0 ]
MONO 1634 [ -16, 8, 0, 4, 5, -1, -2, 0, 0, 7, -2, -2 ]
MONO 1635 [ -16, 8, 0, 4, 9, -1, -4, 0, 0, 3, 0, -2 ]
MONO 1636 [ -16, 8, 0, 5, 4, -2, -1, 0, 0, 3, 2, -2 ]
MONO 1637 [ -16, 8, 0, 5, 5, -3, -3, 1, 1, 4, 3, -4 ]
MONO 1638 [ -16, 8, 0, 5, 5, -3, -2, 3, 0, 4, 0, -3 ]
MONO 1639 [ -16, 8, 0, 6, 6, -3, -3, 0, 0, 2, 3, -2 ]
MONO 1640 [ -16, 9, -1, 5, 5, -5, -3, 5, 1, 4, 0, -3 ]
MONO 1641 [ -16, 12, -2, 5, 5, -3, -3, 1, 1, 4, -1, -2 ]
MONO 1642 [ -15, 6, 1, 0, 4, 9, -2, -4, 1, 5, -2, -2 ]
MONO 1643 [ -14, 7, 1, 4, 4, -2, -1, 1, 0, 4, -1, -2 ]
MONO 1644 [ -14, 11, -2, 4, 4, -2, -2, 0, 0, 4, -2, 0 ]
MONO 1645 [ -13, 7, 0, 5, 4, -3, -3, 1, 2, 4, 0, -3 ]
MONO 1646 [ -13, 7, 0, 5, 4, -2, -1, 0, 0, 4, -1, -2 ]
MONO 1647 [ -12, 6, 0, 3, 3, 0, 0, 0, 0, 4, -1, -2 ]
MONO 1648 [ -12, 6, 0, 4, 3, -2, -1, 1, 1, 1, 4, -4 ]
MONO 1649 [ -12, 6, 1, 4, 3, -2, -3, 0, 2, 1, 6, -5 ]
MONO 1650 [ -12, 7, -1, 3, 3, -3, -3, 3, 3, 4, 0, -3 ]
MONO 1651 [ -12, 7, 0, 3, 3, -1, -1, 0, 0, 4, 0, -2 ]
MONO 1652 [ -12, 7, 0, 4, 2, -2, 0, 0, 0, 0, 4, -2 ]
MONO 1653 [ -12, 7, 0, 4, 3, -3, -1, 3, 0, 1, 2, -3 ]
MONO 1654 [ -12, 8, -1, 2, -1, 0, 9, 0, -4, 3, -2, -1 ]
MONO 1655 [ -12, 8, -1, 2, 3, 0, -1, 0, 0, -1, 8, -5 ]
MONO 1656 [ -12, 8, -1, 3, 1, -2, 5, 1, -2, 2, 0, -2 ]
MONO 1657 [ -12, 8, -1, 3, 2, -2, 0, 1, 0, 3, -1, 0 ]
MONO 1658 [ -11, 4, 2, 1, 1, 3, 2, -2, -1, 3, -2, 1 ]
MONO 1659 [ -11, 5, 0, 1, 1, 2, 1, 0, 1, 3, -1, -1 ]
MONO 1660 [ -11, 5, 0, 1, 2, 2, 1, 0, 0, 4, -1, -2 ]
MONO 1661 [ -11, 5, 0, 3, -1, -2, 7, 2, -3, 3, 1, -3 ]
MONO 1662 [ -11, 5, 1, 1, 1, 5, 2, -2, -1, 3, -1, -2 ]
MONO 1663 [ -11, 5, 1, 2, 2, 1, 0, -1, 0, 1, 5, -4 ]
MONO 1664 [ -11, 5, 1, 2, 3, -2, -1, 4, 0, 2, 1, -3 ]
MONO 1665 [ -11, 5, 1, 2, 3, 0, -3, 0, 4, 2, 1, -3 ]
MONO 1666 [ -11, 5, 1, 2, 3, 0, -1, 0, 0, 2, -1, 1 ]
MONO 1667 [ -11, 5, 1, 2, 3, 1, -1, -1, 2, 2, 0, -2 ]
MONO 1668 [ -11, 5, 1, 3, 1, -2, 2, 1, -1, 5, 0, -3 ]
MONO 1669 [ -11, 5, 1, 3, 4, -2, -2, 1, 0, 0, 4, -2 ]
MONO 1670 [ -11, 5, 1, 3, 5, -2, 0, 1, -1, 1, 2, -3 ]
MONO 1671 [ -11, 5, 1, 4, 1, -2, 2, 0, -1, 2, 0, 0 ]
MONO 1672 [ -11, 6, 0, 2, 2, 0, 3, 0, -1, 1, 2, -3 ]
MONO 1673 [ -11, 6, 0, 2, 3, 0, -2, 0, 1, 2, 1, -1 ]
MONO 1674 [ -11, 6, 0, 2, 3, 2, -1, 0, 0, 2, 0, -2 ]
MONO 1675 [ -11, 6, 0, 3, 2, -2, -2, 1, 2, 6, -1, -3 ]
MONO 1676 [ -11, 6, 0, 3, 2, -1, 0, 0, 0, 6, -2, -2 ]
MONO 1677 [ -11, 6, 0, 3, 4, -2, -3, 1, 1, 0, 6, -4 ]
MONO 1678 [ -11, 6, 0, 3, 6, -2, -4, 1, 2, 2, 1, -3 ]
MONO 1679 [ -11, 6, 0, 3, 6, -1, -2, 0, 0, 2, 0, -2 ]
MONO 1680 [ -11, 6, 0, 4, 3, -2, -2, 0, 1, 4, -1, -1 ]
MONO 1681 [ -11, 7, -1, 2, 3, 0, -2, 2, 1, 2, 0, -2 ]
MONO 1682 [ -11, 7, -1, 2, 3, 0, -1, 0, 2, 2, 1, -3 ]
MONO 1683 [ -11, 7, -1, 5, 3, -3, -1, 2, 0, 1, 2, -3 ]
MONO 1684 [ -11, 8, 0, 2, 3, 0, -1, 0, 0, 2, 0, -2 ]
MONO 1685 [ -10, 4, 1, 0, 2, 5, -1, -1, 1, 2, 1, -3 ]
MONO 1686 [ -10, 5, 0, 0, 2, 4, 0, 0, 0, 2, 0, -2 ]
MONO 1687 [ -10, 5, 0, 2, 2, 0, -1, 0, 1, 4, -1, -1 ]
MONO 1688 [ -10, 5, 0, 2, 2, 1, 1, -1, -1, 4, -2, 0 ]
MONO 1689 [ -10, 5, 0, 2, 3, 0, -1, 0, 0, 5, -1, -2 ]
MONO 1690 [ -10, 5, 0, 2, 7, 0, -3, 0, 0, 1, 1, -2 ]
MONO 1691 [ -10, 5, 0, 3, 2, -1, 0, 0, 0, 1, 3, -2 ]
MONO 1692 [ -10, 5, 0, 3, 3, -2, -2, 1, 1, 2, 4, -4 ]
MONO 1693 [ -10, 5, 0, 3, 3, -2, -1, 3, 0, 2, 1, -3 ]
MONO 1694 [ -10, 5, 0, 4, 4, -2, -2, 0, 0, 0, 4, -2 ]
MONO 1695 [ -10, 6, -1, 3, 3, -4, -2, 5, 1, 2, 1, -3 ]
MONO 1696 [ -10, 9, -2, 3, 3, -2, -2, 1, 1, 2, 0, -2 ]
MONO 1697 [ -9, 3, 1, -2, 2, 10, -1, -4, 1, 3, -1, -2 ]
MONO 1698 [ -8, 4, 1, 2, 2, -1, 0, 1, 0, 2, 0, -2 ]
MONO 1699 [ -8, 8, -2, 2, 2, -1, -1, 0, 0, 2, -1, 0 ]
MONO 1700 [ -7, 4, 0, 3, 2, -2, -2, 1, 2, 2, 1, -3 ]
MONO 1701 [ -7, 4, 0, 3, 2, -1, 0, 0, 0, 2, 0, -2 ]
MONO 1702 [ -6, 3, 0, 1, 1, 1, 1, 0, 0, 2, 0, -2 ]
MONO 1703 [ -6, 3, 0, 2, 1, -1, 0, 1, 1, -1, 5, -4 ]
MONO 1704 [ -6, 3, 1, 2, 1, -1, -2, 0, 2, -1, 7, -5 ]
MONO 1705 [ -6, 4, -1, 1, 1, -2, -2, 3, 3, 2, 1, -3 ]
MONO 1706 [ -6, 4, 0, 1, 1, 0, 0, 0, 0, 2, 1, -2 ]
MONO 1707 [ -6, 4, 0, 2, 0, -1, 1, 0, 0, -2, 5, -2 ]
MONO 1708 [ -6, 4, 0, 2, 1, -2, 0, 3, 0, -1, 3, -3 ]
MONO 1709 [ -6, 5, -1, 0, -3, 1, 10, 0, -4, 1, -1, -1 ]
MONO 1710 [ -6, 5, -1, 0, 1, 1, 0, 0, 0, -3, 9, -5 ]
MONO 1711 [ -6, 5, -1, 1, -1, -1, 6, 1, -2, 0, 1, -2 ]
MONO 1712 [ -6, 5, -1, 1, 0, -1, 1, 1, 0, 1, 0, 0 ]
MONO 1713 [ -5, 1, 2, -1, -1, 4, 3, -2, -1, 1, -1, 1 ]
MONO 1714 [ -5, 2, 0, -1, -1, 3, 2, 0, 1, 1, 0, -1 ]
MONO 1715 [ -5, 2, 0, -1, 0, 3, 2, 0, 0, 2, 0, -2 ]
MONO 1716 [ -5, 2, 0, 1, -3, -1, 8, 2, -3, 1, 2, -3 ]
MONO 1717 [ -5, 2, 1, -1, -1, 6, 3, -2, -1, 1, 0, -2 ]
MONO 1718 [ -5, 2, 1, 0, 0, 2, 1, -1, 0, -1, 6, -4 ]
MONO 1719 [ -5, 2, 1, 0, 1, -1, 0, 4, 0, 0, 2, -3 ]
MONO 1720 [ -5, 2, 1, 0, 1, 1, -2, 0, 4, 0, 2, -3 ]
MONO 1721 [ -5, 2, 1, 0, 1, 1, 0, 0, 0, 0, 0, 1 ]
MONO 1722 [ -5, 2, 1, 0, 1, 2, 0, -1, 2, 0, 1, -2 ]
MONO 1723 [ -5, 2, 1, 1, -1, -1, 3, 1, -1, 3, 1, -3 ]
MONO 1724 [ -5, 2, 1, 1, 2, -1, -1, 1, 0, -2, 5, -2 ]
MONO 1725 [ -5, 2, 1, 1, 3, -1, 1, 1, -1, -1, 3, -3 ]
MONO 1726 [ -5, 2, 1, 2, -1, -1, 3, 0, -1, 0, 1, 0 ]
MONO 1727 [ -5, 3, 0, 0, 0, 1, 4, 0, -1, -1, 3, -3 ]
MONO 1728 [ -5, 3, 0, 0, 1, 1, -1, 0, 1, 0, 2, -1 ]
MONO 1729 [ -5, 3, 0, 0, 1, 3, 0, 0, 0, 0, 1, -2 ]
MONO 1730 [ -5, 3, 0, 1, 0, -1, -1, 1, 2, 4, 0, -3 ]
MONO 1731 [ -5, 3, 0, 1, 0, 0, 1, 0, 0, 4, -1, -2 ]
MONO 1732 [ -5, 3, 0, 1, 2, -1, -2, 1, 1, -2, 7, -4 ]
MONO 1733 [ -5, 3, 0, 1, 4, -1, -3, 1, 2, 0, 2, -3 ]
MONO 1734 [ -5, 3, 0, 1, 4, 0, -1, 0, 0, 0, 1, -2 ]
MONO 1735 [ -5, 3, 0, 2, 1, -1, -1, 0, 1, 2, 0, -1 ]
MONO 1736 [ -5, 4, -1, 0, 1, 1, -1, 2, 1, 0, 1, -2 ]
MONO 1737 [ -5, 4, -1, 0, 1, 1, 0, 0, 2, 0, 2, -3 ]
MONO 1738 [ -5, 4, -1, 3, 1, -2, 0, 2, 0, -1, 3, -3 ]
MONO 1739 [ -5, 5, 0, 0, 1, 1, 0, 0, 0, 0, 1, -2 ]
MONO 1740 [ -4, 1, 1, -2, 0, 6, 0, -1, 1, 0, 2, -3 ]
MONO 1741 [ -4, 2, 0, -2, 0, 5, 1, 0, 0, 0, 1, -2 ]
MONO 1742 [ -4, 2, 0, 0, 0, 1, 0, 0, 1, 2, 0, -1 ]
MONO 1743 [ -4, 2, 0, 0, 0, 2, 2, -1, -1, 2, -1, 0 ]
MONO 1744 [ -4, 2, 0, 0, 1, 1, 0, 0, 0, 3, 0, -2 ]
MONO 1745 [ -4, 2, 0, 0, 5, 1, -2, 0, 0, -1, 2, -2 ]
MONO 1746 [ -4, 2, 0, 1, 0, 0, 1, 0, 0, -1, 4, -2 ]
MONO 1747 [ -4, 2, 0, 1, 1, -1, -1, 1, 1, 0, 5, -4 ]
MONO 1748 [ -4, 2, 0, 1, 1, -1, 0, 3, 0, 0, 2, -3 ]
MONO 1749 [ -4, 2, 0, 2, 2, -1, -1, 0, 0, -2, 5, -2 ]
MONO 1750 [ -4, 3, -1, 1, 1, -3, -1, 5, 1, 0, 2, -3 ]
MONO 1751 [ -4, 6, -2, 1, 1, -1, -1, 1, 1, 0, 1, -2 ]
MONO 1752 [ -3, 0, 1, -4, 0, 11, 0, -4, 1, 1, 0, -2 ]
MONO 1753 [ -2, 1, 1, 0, 0, 0, 1, 1, 0, 0, 1, -2 ]
MONO 1754 [ -2, 5, -2, 0, 0, 0, 0, 0, 0, 0, 0, 0 ]
MONO 1755 [ -1, 1, 0, 1, 0, -1, -1, 1, 2, 0, 2, -3 ]
MONO 1756 [ -1, 1, 0, 1, 0, 0, 1, 0, 0, 0, 1, -2 ]
MONO 1757 [ 0, 0, 0, -1, -1, 2, 2, 0, 0, 0, 1, -2 ]
MONO 1758 [ 1, -3, 2, -3, -8, 8, 19, -2, -6, 2, 3, -12 ]
MONO 1759 [ 1, -3, 2, -2, -6, 6, 15, -1, -4, 1, 5, -13 ]
MONO 1760 [ 1, -3, 2, -1, -11, 2, 26, 0, -8, 1, 4, -12 ]
MONO 1761 [ 1, -2, 1, -1, -7, 1, 15, 1, -3, 5, 3, -13 ]
MONO 1762 [ 1, -2, 1, 0, -7, 0, 16, 1, -4, 2, 7, -14 ]
MONO 1763 [ 1, -2, 1, 0, -7, 0, 17, 3, -5, 2, 4, -13 ]
MONO 1764 [ 1, -1, 0, -1, -3, 1, 5, 1, 1, 1, 8, -12 ]
MONO 1765 [ 1, -1, 0, 0, -2, -1, 6, 2, 1, -1, 11, -15 ]
MONO 1766 [ 1, -1, 0, 1, -2, -1, 4, 3, 1, -4, 17, -18 ]
MONO 1767 [ 2, -4, 2, -8, -2, 20, 3, -7, 2, 2, 4, -13 ]
MONO 1768 [ 2, -3, 1, -5, -3, 12, 7, -4, -1, 0, 7, -12 ]
MONO 1769 [ 2, -3, 1, -5, -2, 11, 6, -1, -1, 1, 5, -13 ]
MONO 1770 [ 2, -3, 2, -4, -3, 8, 5, -2, 0, 5, 5, -14 ]
MONO 1771 [ 2, -3, 2, -1, -6, 1, 14, 2, -4, 1, 7, -14 ]
MONO 1772 [ 2, -2, 0, -4, 0, 9, -1, 0, 2, 0, 11, -16 ]
MONO 1773 [ 2, -2, 1, -4, -2, 8, 1, -2, 3, 6, 4, -14 ]
MONO 1774 [ 2, -2, 1, -1, -3, 1, 5, 2, 0, 4, 5, -13 ]
MONO 1775 [ 2, -2, 1, 1, -3, -2, 7, 3, 0, -2, 12, -16 ]
MONO 1776 [ 2, -1, 0, 1, 0, -2, -2, 3, 4, 1, 10, -15 ]
MONO 1777 [ 3, -4, 1, -7, -3, 18, 6, -6, 0, 1, 5, -13 ]
MONO 1778 [ 3, -4, 2, -7, -2, 16, 4, -5, 0, 2, 5, -13 ]
MONO 1779 [ 3, -4, 2, -6, -1, 15, 2, -5, 1, 0, 6, -12 ]
MONO 1780 [ 3, -3, 1, -2, -5, 3, 11, 1, -2, 0, 6, -12 ]
MONO 1781 [ 3, -3, 1, -2, -4, 5, 8, -1, 0, 1, 5, -12 ]
MONO 1782 [ 3, -3, 1, 0, -6, 1, 14, 1, -4, 1, 7, -14 ]
MONO 1783 [ 3, -2, 0, -1, -3, 0, 6, 3, -1, -1, 9, -12 ]
MONO 1784 [ 3, -2, 0, 0, -5, -1, 10, 3, -1, 2, 4, -12 ]
MONO 1785 [ 3, -2, 0, 0, -3, 1, 5, 1, 0, 4, 5, -13 ]
MONO 1786 [ 3, -1, -1, -2, -2, 0, 3, 6, 1, 3, 5, -14 ]
MONO 1787 [ 3, -1, -1, 0, 0, -3, 0, 7, 2, -1, 11, -16 ]
MONO 1788 [ 4, -4, 1, -7, 0, 16, 0, -5, 2, -1, 9, -14 ]
MONO 1789 [ 4, -4, 2, -6, -1, 13, 0, -4, 2, 3, 6, -14 ]
MONO 1790 [ 4, -4, 2, -5, 0, 11, 0, -3, 1, 1, 4, -10 ]
MONO 1791 [ 4, -4, 2, -3, -2, 6, 6, 0, -1, 1, 5, -13 ]
MONO 1792 [ 4, -3, 0, -5, 0, 10, -1, -1, 3, 1, 5, -12 ]
MONO 1793 [ 4, -3, 1, -1, -3, 2, 4, 0, 2, 2, 6, -13 ]
MONO 1794 [ 4, -3, 1, 0, -4, -1, 8, 2, -1, -2, 11, -14 ]
MONO 1795 [ 4, -2, 0, -1, -1, -1, -1, 3, 3, 4, 9, -16 ]
MONO 1796 [ 4, -2, 0, -1, 0, 1, -2, 1, 3, -3, 18, -18 ]
MONO 1797 [ 4, -2, 0, 0, 0, 0, -1, 1, 2, -6, 22, -19 ]
MONO 1798 [ 4, -2, 1, -1, -1, 0, -2, 1, 5, 4, 5, -13 ]
MONO 1799 [ 5, -4, 1, -4, -1, 9, 1, -2, 3, 0, 7, -14 ]
MONO 1800 [ 5, -4, 1, -4, -1, 10, 1, -3, 1, 0, 8, -13 ]
MONO 1801 [ 5, -4, 1, -1, -7, 1, 15, 1, -3, 1, 5, -13 ]
MONO 1802 [ 5, -3, 0, -1, -3, 0, 6, 2, 0, -3, 14, -16 ]
MONO 1803 [ 5, -3, 0, 0, -4, 0, 7, 1, 0, 1, 7, -13 ]
MONO 1804 [ 5, -3, 0, 0, -4, 0, 9, 1, 0, 1, 5, -13 ]
MONO 1805 [ 5, -3, 1, -1, 1, 0, -2, 1, 3, 1, 10, -15 ]
MONO 1806 [ 5, -3, 1, 0, 1, -2, -2, 4, 3, -2, 12, -16 ]
MONO 1807 [ 5, -2, -1, -2, -2, 1, 2, 4, 3, 1, 6, -14 ]
MONO 1808 [ 5, -2, 0, -1, 2, 0, -2, 1, 2, 2, 5, -11 ]
MONO 1809 [ 5, -2, 0, 0, -3, -2, 5, 4, 0, 2, 6, -14 ]
MONO 1810 [ 5, -2, 0, 1, -1, -1, 0, 2, 3, 1, 6, -13 ]
MONO 1811 [ 6, -5, 2, -4, -3, 8, 5, -2, 0, 1, 7, -14 ]
MONO 1812 [ 6, -4, 1, -3, -1, 5, 2, 0, 1, 0, 8, -14 ]
MONO 1813 [ 6, -4, 1, -1, -2, 3, 2, 0, 2, 1, 6, -13 ]
MONO 1814 [ 6, -3, 0, -1, -2, 0, 2, 1, 2, 1, 6, -11 ]
MONO 1815 [ 6, -3, 0, -1, -2, 2, 3, 1, 1, 1, 5, -12 ]
MONO 1816 [ 6, -3, 0, -1, -1, 0, 2, 1, 1, 2, 6, -12 ]
MONO 1817 [ 6, -3, 0, -1, -1, 1, 1, 2, 2, 2, 6, -14 ]
MONO 1818 [ 6, -3, 0, 0, 0, 0, -1, 2, 3, 0, 7, -13 ]
MONO 1819 [ 6, -3, 0, 2, -2, -2, 2, 2, 2, 0, 8, -14 ]
MONO 1820 [ 6, -3, 0, 2, -2, -1, 4, 1, 0, 0, 7, -13 ]
MONO 1821 [ 6, -3, 1, -1, -1, 0, 1, 2, 1, 2, 5, -12 ]
MONO 1822 [ 6, -3, 1, -1, 0, -1, -1, 3, 2, 3, 6, -14 ]
MONO 1823 [ 6, -3, 1, 0, -1, 0, 0, 1, 2, -1, 12, -16 ]
MONO 1824 [ 6, -3, 1, 0, 0, -1, -1, 2, 2, 0, 6, -11 ]
MONO 1825 [ 6, -3, 1, 0, 0, 0, -1, 1, 4, 0, 7, -14 ]
MONO 1826 [ 6, -2, -1, -1, -1, -1, 0, 4, 3, 2, 6, -14 ]
MONO 1827 [ 6, -2, -1, 0, 0, -2, -2, 4, 4, 0, 7, -13 ]
MONO 1828 [ 6, -2, -1, 0, 1, -2, -2, 4, 3, 1, 7, -14 ]
MONO 1829 [ 6, -2, 0, -3, 0, 5, -1, -1, 2, 1, 7, -13 ]
MONO 1830 [ 6, -2, 0, -2, 0, 3, -2, 0, 3, -2, 12, -15 ]
MONO 1831 [ 6, -2, 0, -2, 2, 3, -3, 0, 4, 0, 7, -14 ]
MONO 1832 [ 6, -2, 0, -1, -1, 0, 0, 2, 2, 2, 7, -14 ]
MONO 1833 [ 6, -1, -1, -1, -3, -1, 6, 3, 0, 0, 7, -14 ]
MONO 1834 [ 6, -1, -1, 0, 0, 0, -1, 1, 2, 0, 9, -14 ]
MONO 1835 [ 6, -1, -1, 1, 0, -2, -2, 2, 3, -3, 14, -16 ]
MONO 1836 [ 7, -5, 3, -1, 0, 0, -2, 1, 4, -2, 12, -16 ]
MONO 1837 [ 7, -4, 0, -4, 1, 7, -1, -1, 2, 0, 7, -13 ]
MONO 1838 [ 7, -4, 0, -3, -2, 4, 4, 1, 0, 2, 5, -13 ]
MONO 1839 [ 7, -4, 0, -2, -2, 2, 3, 2, 1, -1, 10, -15 ]
MONO 1840 [ 7, -4, 0, -2, -1, 3, 2, 1, 1, 0, 6, -12 ]
MONO 1841 [ 7, -4, 0, -2, -1, 4, 0, 0, 3, 0, 9, -15 ]
MONO 1842 [ 7, -4, 0, 0, -3, 1, 5, 1, 0, 0, 7, -13 ]
MONO 1843 [ 7, -4, 1, -2, -1, 2, 0, 1, 4, 0, 7, -14 ]
MONO 1844 [ 7, -4, 1, -2, -1, 3, 0, 0, 2, 0, 8, -13 ]
MONO 1845 [ 7, -4, 1, -1, 0, -1, -1, 3, 2, -2, 11, -14 ]
MONO 1846 [ 7, -4, 1, -1, 0, 1, -1, 1, 2, -2, 13, -16 ]
MONO 1847 [ 7, -4, 2, -1, 2, 0, -2, 1, 2, 0, 7, -13 ]
MONO 1848 [ 7, -3, 0, -2, -1, 2, 1, 1, 1, 0, 7, -12 ]
MONO 1849 [ 7, -3, 0, -2, -1, 3, 0, 2, 2, 0, 7, -14 ]
MONO 1850 [ 7, -3, 0, -1, 0, -1, -2, 3, 3, -2, 13, -16 ]
MONO 1851 [ 7, -3, 0, 0, -1, -1, -1, 2, 3, 2, 6, -13 ]
MONO 1852 [ 7, -3, 0, 0, -1, 0, 1, 1, 1, 2, 5, -12 ]
MONO 1853 [ 7, -3, 0, 0, 0, -1, -1, 2, 2, 3, 6, -14 ]
MONO 1854 [ 7, -3, 0, 0, 4, -1, -3, 2, 2, -1, 8, -14 ]
MONO 1855 [ 7, -3, 0, 1, 0, -1, -1, 1, 2, 0, 6, -11 ]
MONO 1856 [ 7, -2, -1, -2, -1, 2, 0, 1, 2, 0, 9, -14 ]
MONO 1857 [ 7, -2, -1, -2, -1, 2, 2, 1, 2, 0, 7, -14 ]
MONO 1858 [ 8, -5, 2, -1, -1, 0, 2, 1, 1, 0, 8, -14 ]
MONO 1859 [ 8, -4, 0, -2, -2, 2, 2, 1, 1, 2, 5, -12 ]
MONO 1860 [ 8, -4, 0, -2, -1, 1, 0, 2, 2, 3, 6, -14 ]
MONO 1861 [ 8, -4, 0, -1, -1, -1, -1, 3, 3, 0, 11, -16 ]
MONO 1862 [ 8, -4, 0, -1, -1, 1, 0, 1, 2, 0, 6, -11 ]
MONO 1863 [ 8, -4, 0, 0, 0, -1, -1, 2, 2, -2, 11, -14 ]
MONO 1864 [ 8, -4, 1, -1, 0, 0, -2, 1, 4, 1, 7, -14 ]
MONO 1865 [ 8, -3, -1, -1, -1, 0, -1, 2, 5, 0, 7, -14 ]
MONO 1866 [ 1, -4, 4, -2, -6, 5, 14, 1, -2, 1, 8, -19 ]
MONO 1867 [ 1, -3, 3, -1, -7, 0, 14, 3, -1, 5, 6, -19 ]
MONO 1868 [ 1, -3, 3, 0, -7, -1, 15, 3, -2, 2, 10, -20 ]
MONO 1869 [ 1, -3, 3, 0, -7, -1, 16, 5, -3, 2, 7, -19 ]
MONO 1870 [ 1, -2, 2, 0, -2, -2, 5, 4, 3, -1, 14, -21 ]
MONO 1871 [ 1, -2, 2, 1, -2, -2, 3, 5, 3, -4, 20, -24 ]
MONO 1872 [ 2, -5, 4, -8, -2, 19, 2, -5, 4, 2, 7, -19 ]
MONO 1873 [ 2, -4, 3, -5, -3, 11, 6, -2, 1, 0, 10, -18 ]
MONO 1874 [ 2, -4, 3, -5, -2, 10, 5, 1, 1, 1, 8, -19 ]
MONO 1875 [ 2, -4, 4, -4, -3, 7, 4, 0, 2, 5, 8, -20 ]
MONO 1876 [ 2, -4, 4, -1, -6, 0, 13, 4, -2, 1, 10, -20 ]
MONO 1877 [ 2, -3, 2, -4, 0, 8, -2, 2, 4, 0, 14, -22 ]
MONO 1878 [ 2, -3, 3, -4, -2, 7, 0, 0, 5, 6, 7, -20 ]
MONO 1879 [ 2, -3, 3, -1, -3, 0, 4, 4, 2, 4, 8, -19 ]
MONO 1880 [ 2, -3, 3, 1, -3, -3, 6, 5, 2, -2, 15, -22 ]
MONO 1881 [ 2, -2, 2, 1, 0, -3, -3, 5, 6, 1, 13, -21 ]
MONO 1882 [ 3, -5, 3, -7, -3, 17, 5, -4, 2, 1, 8, -19 ]
MONO 1883 [ 3, -5, 4, -7, -2, 15, 3, -3, 2, 2, 8, -19 ]
MONO 1884 [ 3, -5, 4, -6, -1, 14, 1, -3, 3, 0, 9, -18 ]
MONO 1885 [ 3, -4, 3, -2, -5, 2, 10, 3, 0, 0, 9, -18 ]
MONO 1886 [ 3, -4, 3, -2, -4, 4, 7, 1, 2, 1, 8, -18 ]
MONO 1887 [ 3, -4, 3, 0, -6, 0, 13, 3, -2, 1, 10, -20 ]
MONO 1888 [ 3, -3, 2, -1, -3, -1, 5, 5, 1, -1, 12, -18 ]
MONO 1889 [ 3, -3, 2, 0, -5, -2, 9, 5, 1, 2, 7, -18 ]
MONO 1890 [ 3, -3, 2, 0, -3, 0, 4, 3, 2, 4, 8, -19 ]
MONO 1891 [ 3, -2, 1, -2, -2, -1, 2, 8, 3, 3, 8, -20 ]
MONO 1892 [ 3, -2, 1, 0, 0, -4, -1, 9, 4, -1, 14, -22 ]
MONO 1893 [ 4, -5, 3, -7, 0, 15, -1, -3, 4, -1, 12, -20 ]
MONO 1894 [ 4, -5, 4, -6, -1, 12, -1, -2, 4, 3, 9, -20 ]
MONO 1895 [ 4, -5, 4, -5, 0, 10, -1, -1, 3, 1, 7, -16 ]
MONO 1896 [ 4, -5, 4, -3, -2, 5, 5, 2, 1, 1, 8, -19 ]
MONO 1897 [ 4, -4, 2, -5, 0, 9, -2, 1, 5, 1, 8, -18 ]
MONO 1898 [ 4, -4, 3, -1, -3, 1, 3, 2, 4, 2, 9, -19 ]
MONO 1899 [ 4, -4, 3, 0, -4, -2, 7, 4, 1, -2, 14, -20 ]
MONO 1900 [ 4, -3, 2, -1, -1, -2, -2, 5, 5, 4, 12, -22 ]
MONO 1901 [ 4, -3, 2, -1, 0, 0, -3, 3, 5, -3, 21, -24 ]
MONO 1902 [ 4, -3, 2, 0, 0, -1, -2, 3, 4, -6, 25, -25 ]
MONO 1903 [ 4, -3, 3, -1, -1, -1, -3, 3, 7, 4, 8, -19 ]
MONO 1904 [ 5, -5, 3, -4, -1, 8, 0, 0, 5, 0, 10, -20 ]
MONO 1905 [ 5, -5, 3, -4, -1, 9, 0, -1, 3, 0, 11, -19 ]
MONO 1906 [ 5, -5, 3, -1, -7, 0, 14, 3, -1, 1, 8, -19 ]
MONO 1907 [ 5, -4, 2, -1, -3, -1, 5, 4, 2, -3, 17, -22 ]
MONO 1908 [ 5, -4, 2, 0, -4, -1, 6, 3, 2, 1, 10, -19 ]
MONO 1909 [ 5, -4, 2, 0, -4, -1, 8, 3, 2, 1, 8, -19 ]
MONO 1910 [ 5, -4, 3, -1, 1, -1, -3, 3, 5, 1, 13, -21 ]
MONO 1911 [ 5, -4, 3, 0, 1, -3, -3, 6, 5, -2, 15, -22 ]
MONO 1912 [ 5, -3, 1, -2, -2, 0, 1, 6, 5, 1, 9, -20 ]
MONO 1913 [ 5, -3, 2, -1, 2, -1, -3, 3, 4, 2, 8, -17 ]
MONO 1914 [ 5, -3, 2, 0, -3, -3, 4, 6, 2, 2, 9, -20 ]
MONO 1915 [ 5, -3, 2, 1, -1, -2, -1, 4, 5, 1, 9, -19 ]
MONO 1916 [ 6, -6, 4, -4, -3, 7, 4, 0, 2, 1, 10, -20 ]
MONO 1917 [ 6, -5, 3, -3, -1, 4, 1, 2, 3, 0, 11, -20 ]
MONO 1918 [ 6, -5, 3, -1, -2, 2, 1, 2, 4, 1, 9, -19 ]
MONO 1919 [ 6, -4, 2, -1, -2, -1, 1, 3, 4, 1, 9, -17 ]
MONO 1920 [ 6, -4, 2, -1, -2, 1, 2, 3, 3, 1, 8, -18 ]
MONO 1921 [ 6, -4, 2, -1, -1, -1, 1, 3, 3, 2, 9, -18 ]
MONO 1922 [ 6, -4, 2, -1, -1, 0, 0, 4, 4, 2, 9, -20 ]
MONO 1923 [ 6, -4, 2, 0, 0, -1, -2, 4, 5, 0, 10, -19 ]
MONO 1924 [ 6, -4, 2, 2, -2, -3, 1, 4, 4, 0, 11, -20 ]
MONO 1925 [ 6, -4, 2, 2, -2, -2, 3, 3, 2, 0, 10, -19 ]
MONO 1926 [ 6, -4, 3, -1, -1, -1, 0, 4, 3, 2, 8, -18 ]
MONO 1927 [ 6, -4, 3, -1, 0, -2, -2, 5, 4, 3, 9, -20 ]
MONO 1928 [ 6, -4, 3, 0, -1, -1, -1, 3, 4, -1, 15, -22 ]
MONO 1929 [ 6, -4, 3, 0, 0, -2, -2, 4, 4, 0, 9, -17 ]
MONO 1930 [ 6, -4, 3, 0, 0, -1, -2, 3, 6, 0, 10, -20 ]
MONO 1931 [ 6, -3, 1, -1, -1, -2, -1, 6, 5, 2, 9, -20 ]
MONO 1932 [ 6, -3, 1, 0, 0, -3, -3, 6, 6, 0, 10, -19 ]
MONO 1933 [ 6, -3, 1, 0, 1, -3, -3, 6, 5, 1, 10, -20 ]
MONO 1934 [ 6, -3, 2, -3, 0, 4, -2, 1, 4, 1, 10, -19 ]
MONO 1935 [ 6, -3, 2, -2, 0, 2, -3, 2, 5, -2, 15, -21 ]
MONO 1936 [ 6, -3, 2, -2, 2, 2, -4, 2, 6, 0, 10, -20 ]
MONO 1937 [ 6, -3, 2, -1, -1, -1, -1, 4, 4, 2, 10, -20 ]
MONO 1938 [ 6, -2, 1, -1, -3, -2, 5, 5, 2, 0, 10, -20 ]
MONO 1939 [ 6, -2, 1, 0, 0, -1, -2, 3, 4, 0, 12, -20 ]
MONO 1940 [ 6, -2, 1, 1, 0, -3, -3, 4, 5, -3, 17, -22 ]
MONO 1941 [ 7, -6, 5, -1, 0, -1, -3, 3, 6, -2, 15, -22 ]
MONO 1942 [ 7, -5, 2, -4, 1, 6, -2, 1, 4, 0, 10, -19 ]
MONO 1943 [ 7, -5, 2, -3, -2, 3, 3, 3, 2, 2, 8, -19 ]
MONO 1944 [ 7, -5, 2, -2, -2, 1, 2, 4, 3, -1, 13, -21 ]
MONO 1945 [ 7, -5, 2, -2, -1, 2, 1, 3, 3, 0, 9, -18 ]
MONO 1946 [ 7, -5, 2, -2, -1, 3, -1, 2, 5, 0, 12, -21 ]
MONO 1947 [ 7, -5, 2, 0, -3, 0, 4, 3, 2, 0, 10, -19 ]
MONO 1948 [ 7, -5, 3, -2, -1, 1, -1, 3, 6, 0, 10, -20 ]
MONO 1949 [ 7, -5, 3, -2, -1, 2, -1, 2, 4, 0, 11, -19 ]
MONO 1950 [ 7, -5, 3, -1, 0, -2, -2, 5, 4, -2, 14, -20 ]
MONO 1951 [ 7, -5, 3, -1, 0, 0, -2, 3, 4, -2, 16, -22 ]
MONO 1952 [ 7, -5, 4, -1, 2, -1, -3, 3, 4, 0, 10, -19 ]
MONO 1953 [ 7, -4, 2, -2, -1, 1, 0, 3, 3, 0, 10, -18 ]
MONO 1954 [ 7, -4, 2, -2, -1, 2, -1, 4, 4, 0, 10, -20 ]
MONO 1955 [ 7, -4, 2, -1, 0, -2, -3, 5, 5, -2, 16, -22 ]
MONO 1956 [ 7, -4, 2, 0, -1, -2, -2, 4, 5, 2, 9, -19 ]
MONO 1957 [ 7, -4, 2, 0, -1, -1, 0, 3, 3, 2, 8, -18 ]
MONO 1958 [ 7, -4, 2, 0, 0, -2, -2, 4, 4, 3, 9, -20 ]
MONO 1959 [ 7, -4, 2, 0, 4, -2, -4, 4, 4, -1, 11, -20 ]
MONO 1960 [ 7, -4, 2, 1, 0, -2, -2, 3, 4, 0, 9, -17 ]
MONO 1961 [ 7, -3, 1, -2, -1, 1, -1, 3, 4, 0, 12, -20 ]
MONO 1962 [ 7, -3, 1, -2, -1, 1, 1, 3, 4, 0, 10, -20 ]
MONO 1963 [ 8, -6, 4, -1, -1, -1, 1, 3, 3, 0, 11, -20 ]
MONO 1964 [ 8, -5, 2, -2, -2, 1, 1, 3, 3, 2, 8, -18 ]
MONO 1965 [ 8, -5, 2, -2, -1, 0, -1, 4, 4, 3, 9, -20 ]
MONO 1966 [ 8, -5, 2, -1, -1, -2, -2, 5, 5, 0, 14, -22 ]
MONO 1967 [ 8, -5, 2, -1, -1, 0, -1, 3, 4, 0, 9, -17 ]
MONO 1968 [ 8, -5, 2, 0, 0, -2, -2, 4, 4, -2, 14, -20 ]
MONO 1969 [ 8, -5, 3, -1, 0, -1, -3, 3, 6, 1, 10, -20 ]
MONO 1970 [ 8, -4, 1, -1, -1, -1, -2, 4, 7, 0, 10, -20 ]
MONO 1971 [ 1, -5, 6, -3, -8, 6, 17, 2, -2, 2, 9, -24 ]
MONO 1972 [ 1, -5, 6, -2, -6, 4, 13, 3, 0, 1, 11, -25 ]
MONO 1973 [ 1, -5, 6, -1, -11, 0, 24, 4, -4, 1, 10, -24 ]
MONO 1974 [ 1, -4, 4, -3, -8, 7, 18, 0, -4, 2, 6, -18 ]
MONO 1975 [ 1, -4, 4, -1, -11, 1, 25, 2, -6, 1, 7, -18 ]
MONO 1976 [ 1, -4, 5, -1, -7, -1, 13, 5, 1, 5, 9, -25 ]
MONO 1977 [ 1, -4, 5, 0, -7, -2, 14, 5, 0, 2, 13, -26 ]
MONO 1978 [ 1, -4, 5, 0, -7, -2, 15, 7, -1, 2, 10, -25 ]
MONO 1979 [ 1, -3, 4, -1, -3, -1, 3, 5, 5, 1, 14, -24 ]
MONO 1980 [ 1, -3, 4, 0, -2, -3, 4, 6, 5, -1, 17, -27 ]
MONO 1981 [ 1, -3, 4, 1, -2, -3, 2, 7, 5, -4, 23, -30 ]
MONO 1982 [ 1, -2, 2, -1, -3, 0, 4, 3, 3, 1, 11, -18 ]
MONO 1983 [ 2, -6, 6, -8, -2, 18, 1, -3, 6, 2, 10, -25 ]
MONO 1984 [ 2, -5, 5, -5, -3, 10, 5, 0, 3, 0, 13, -24 ]
MONO 1985 [ 2, -5, 5, -5, -2, 9, 4, 3, 3, 1, 11, -25 ]
MONO 1986 [ 2, -5, 6, -4, -3, 6, 3, 2, 4, 5, 11, -26 ]
MONO 1987 [ 2, -5, 6, -1, -6, -1, 12, 6, 0, 1, 13, -26 ]
MONO 1988 [ 2, -4, 4, -4, 0, 7, -3, 4, 6, 0, 17, -28 ]
MONO 1989 [ 2, -4, 5, -4, -2, 6, -1, 2, 7, 6, 10, -26 ]
MONO 1990 [ 2, -4, 5, -1, -3, -1, 3, 6, 4, 4, 11, -25 ]
MONO 1991 [ 2, -4, 5, 1, -3, -4, 5, 7, 4, -2, 18, -28 ]
MONO 1992 [ 2, -3, 4, 1, 0, -4, -4, 7, 8, 1, 16, -27 ]
MONO 1993 [ 3, -6, 5, -7, -3, 16, 4, -2, 4, 1, 11, -25 ]
MONO 1994 [ 3, -6, 6, -7, -2, 14, 2, -1, 4, 2, 11, -25 ]
MONO 1995 [ 3, -6, 6, -6, -1, 13, 0, -1, 5, 0, 12, -24 ]
MONO 1996 [ 3, -5, 5, -2, -5, 1, 9, 5, 2, 0, 12, -24 ]
MONO 1997 [ 3, -5, 5, -2, -4, 3, 6, 3, 4, 1, 11, -24 ]
MONO 1998 [ 3, -5, 5, 0, -6, -1, 12, 5, 0, 1, 13, -26 ]
MONO 1999 [ 3, -4, 4, -1, -3, -2, 4, 7, 3, -1, 15, -24 ]
MONO 2000 [ 3, -4, 4, 0, -5, -3, 8, 7, 3, 2, 10, -24 ]
MONO 2001 [ 3, -4, 4, 0, -3, -1, 3, 5, 4, 4, 11, -25 ]
MONO 2002 [ 3, -3, 3, -2, -2, -2, 1, 10, 5, 3, 11, -26 ]
MONO 2003 [ 3, -3, 3, 0, 0, -5, -2, 11, 6, -1, 17, -28 ]
MONO 2004 [ 4, -6, 5, -7, 0, 14, -2, -1, 6, -1, 15, -26 ]
MONO 2005 [ 4, -6, 6, -6, -1, 11, -2, 0, 6, 3, 12, -26 ]
MONO 2006 [ 4, -6, 6, -5, 0, 9, -2, 1, 5, 1, 10, -22 ]
MONO 2007 [ 4, -6, 6, -3, -2, 4, 4, 4, 3, 1, 11, -25 ]
MONO 2008 [ 4, -5, 4, -5, 0, 8, -3, 3, 7, 1, 11, -24 ]
MONO 2009 [ 4, -5, 5, -1, -3, 0, 2, 4, 6, 2, 12, -25 ]
MONO 2010 [ 4, -5, 5, 0, -4, -3, 6, 6, 3, -2, 17, -26 ]
MONO 2011 [ 4, -4, 4, -1, -1, -3, -3, 7, 7, 4, 15, -28 ]
MONO 2012 [ 4, -4, 4, -1, 0, -1, -4, 5, 7, -3, 24, -30 ]
MONO 2013 [ 4, -4, 4, 0, 0, -2, -3, 5, 6, -6, 28, -31 ]
MONO 2014 [ 4, -4, 5, -1, -1, -2, -4, 5, 9, 4, 11, -25 ]
MONO 2015 [ 5, -6, 5, -4, -1, 7, -1, 2, 7, 0, 13, -26 ]
MONO 2016 [ 5, -6, 5, -4, -1, 8, -1, 1, 5, 0, 14, -25 ]
MONO 2017 [ 5, -6, 5, -1, -7, -1, 13, 5, 1, 1, 11, -25 ]
MONO 2018 [ 5, -5, 4, -1, -3, -2, 4, 6, 4, -3, 20, -28 ]
MONO 2019 [ 5, -5, 4, 0, -4, -2, 5, 5, 4, 1, 13, -25 ]
MONO 2020 [ 5, -5, 4, 0, -4, -2, 7, 5, 4, 1, 11, -25 ]
MONO 2021 [ 5, -5, 5, -1, 1, -2, -4, 5, 7, 1, 16, -27 ]
MONO 2022 [ 5, -5, 5, 0, 1, -4, -4, 8, 7, -2, 18, -28 ]
MONO 2023 [ 5, -4, 3, -2, -2, -1, 0, 8, 7, 1, 12, -26 ]
MONO 2024 [ 5, -4, 4, -1, 2, -2, -4, 5, 6, 2, 11, -23 ]
MONO 2025 [ 5, -4, 4, 0, -3, -4, 3, 8, 4, 2, 12, -26 ]
MONO 2026 [ 5, -4, 4, 1, -1, -3, -2, 6, 7, 1, 12, -25 ]
MONO 2027 [ 6, -7, 6, -4, -3, 6, 3, 2, 4, 1, 13, -26 ]
MONO 2028 [ 6, -6, 5, -3, -1, 3, 0, 4, 5, 0, 14, -26 ]
MONO 2029 [ 6, -6, 5, -1, -2, 1, 0, 4, 6, 1, 12, -25 ]
MONO 2030 [ 6, -5, 4, -1, -2, -2, 0, 5, 6, 1, 12, -23 ]
MONO 2031 [ 6, -5, 4, -1, -2, 0, 1, 5, 5, 1, 11, -24 ]
MONO 2032 [ 6, -5, 4, -1, -1, -2, 0, 5, 5, 2, 12, -24 ]
MONO 2033 [ 6, -5, 4, -1, -1, -1, -1, 6, 6, 2, 12, -26 ]
MONO 2034 [ 6, -5, 4, 0, 0, -2, -3, 6, 7, 0, 13, -25 ]
MONO 2035 [ 6, -5, 4, 2, -2, -4, 0, 6, 6, 0, 14, -26 ]
MONO 2036 [ 6, -5, 4, 2, -2, -3, 2, 5, 4, 0, 13, -25 ]
MONO 2037 [ 6, -5, 5, -1, -1, -2, -1, 6, 5, 2, 11, -24 ]
MONO 2038 [ 6, -5, 5, -1, 0, -3, -3, 7, 6, 3, 12, -26 ]
MONO 2039 [ 6, -5, 5, 0, -1, -2, -2, 5, 6, -1, 18, -28 ]
MONO 2040 [ 6, -5, 5, 0, 0, -3, -3, 6, 6, 0, 12, -23 ]
MONO 2041 [ 6, -5, 5, 0, 0, -2, -3, 5, 8, 0, 13, -26 ]
MONO 2042 [ 6, -4, 3, -1, -1, -3, -2, 8, 7, 2, 12, -26 ]
MONO 2043 [ 6, -4, 3, 0, 0, -4, -4, 8, 8, 0, 13, -25 ]
MONO 2044 [ 6, -4, 3, 0, 1, -4, -4, 8, 7, 1, 13, -26 ]
MONO 2045 [ 6, -4, 4, -3, 0, 3, -3, 3, 6, 1, 13, -25 ]
MONO 2046 [ 6, -4, 4, -2, 0, 1, -4, 4, 7, -2, 18, -27 ]
MONO 2047 [ 6, -4, 4, -2, 2, 1, -5, 4, 8, 0, 13, -26 ]
MONO 2048 [ 6, -4, 4, -1, -1, -2, -2, 6, 6, 2, 13, -26 ]
MONO 2049 [ 6, -3, 3, -1, -3, -3, 4, 7, 4, 0, 13, -26 ]
MONO 2050 [ 6, -3, 3, 0, 0, -2, -3, 5, 6, 0, 15, -26 ]
MONO 2051 [ 6, -3, 3, 1, 0, -4, -4, 6, 7, -3, 20, -28 ]
MONO 2052 [ 7, -7, 7, -1, 0, -2, -4, 5, 8, -2, 18, -28 ]
MONO 2053 [ 7, -6, 4, -4, 1, 5, -3, 3, 6, 0, 13, -25 ]
MONO 2054 [ 7, -6, 4, -3, -2, 2, 2, 5, 4, 2, 11, -25 ]
MONO 2055 [ 7, -6, 4, -2, -2, 0, 1, 6, 5, -1, 16, -27 ]
MONO 2056 [ 7, -6, 4, -2, -1, 1, 0, 5, 5, 0, 12, -24 ]
MONO 2057 [ 7, -6, 4, -2, -1, 2, -2, 4, 7, 0, 15, -27 ]
MONO 2058 [ 7, -6, 4, 0, -3, -1, 3, 5, 4, 0, 13, -25 ]
MONO 2059 [ 7, -6, 5, -2, -1, 0, -2, 5, 8, 0, 13, -26 ]
MONO 2060 [ 7, -6, 5, -2, -1, 1, -2, 4, 6, 0, 14, -25 ]
MONO 2061 [ 7, -6, 5, -1, 0, -3, -3, 7, 6, -2, 17, -26 ]
MONO 2062 [ 7, -6, 5, -1, 0, -1, -3, 5, 6, -2, 19, -28 ]
MONO 2063 [ 7, -6, 6, -1, 2, -2, -4, 5, 6, 0, 13, -25 ]
MONO 2064 [ 7, -5, 4, -2, -1, 0, -1, 5, 5, 0, 13, -24 ]
MONO 2065 [ 7, -5, 4, -2, -1, 1, -2, 6, 6, 0, 13, -26 ]
MONO 2066 [ 7, -5, 4, -1, 0, -3, -4, 7, 7, -2, 19, -28 ]
MONO 2067 [ 7, -5, 4, 0, -1, -3, -3, 6, 7, 2, 12, -25 ]
MONO 2068 [ 7, -5, 4, 0, -1, -2, -1, 5, 5, 2, 11, -24 ]
MONO 2069 [ 7, -5, 4, 0, 0, -3, -3, 6, 6, 3, 12, -26 ]
MONO 2070 [ 7, -5, 4, 0, 4, -3, -5, 6, 6, -1, 14, -26 ]
MONO 2071 [ 7, -5, 4, 1, 0, -3, -3, 5, 6, 0, 12, -23 ]
MONO 2072 [ 7, -4, 3, -2, -1, 0, -2, 5, 6, 0, 15, -26 ]
MONO 2073 [ 7, -4, 3, -2, -1, 0, 0, 5, 6, 0, 13, -26 ]
MONO 2074 [ 8, -7, 6, -1, -1, -2, 0, 5, 5, 0, 14, -26 ]
MONO 2075 [ 8, -6, 4, -2, -2, 0, 0, 5, 5, 2, 11, -24 ]
MONO 2076 [ 8, -6, 4, -2, -1, -1, -2, 6, 6, 3, 12, -26 ]
MONO 2077 [ 8, -6, 4, -1, -1, -3, -3, 7, 7, 0, 17, -28 ]
MONO 2078 [ 8, -6, 4, -1, -1, -1, -2, 5, 6, 0, 12, -23 ]
MONO 2079 [ 8, -6, 4, 0, 0, -3, -3, 6, 6, -2, 17, -26 ]
MONO 2080 [ 8, -6, 5, -1, 0, -2, -4, 5, 8, 1, 13, -26 ]
MONO 2081 [ 8, -5, 3, -1, -1, -2, -3, 6, 9, 0, 13, -26 ]
