SHARD BASE 210 1  M = 420
#cosets = 1152
#E's after external pool = 178
EMATF 1 1 1.0000000000000000000000000000000000000000000000000000000000000000000\
000000000000 1.1098243425236562917006841191522098671512181599115795970665256317\
345847704833749E-80
EMATF 1 2 -0.166666666666666666666666666666666666666666666666666666666666666666\
66666666666666 -0.1666666666666666666666666666666666666666666666666666666666666\
6666666666666666665
EMATF 1 3 -0.166666666666666666666666666666666666666666666666666666666666666666\
66666666666664 -0.1666666666666666666666666666666666666666666666666666666666666\
6666666666666666668
EMATF 1 4 -0.166666666666666666666666666666666666666666666666666666666666666666\
66666666666662 -0.1666666666666666666666666666666666666666666666666666666666666\
6666666666666666662
EMATF 1 5 -0.166666666666666666666666666666666666666666666666666666666666666666\
66666666666664 -0.1666666666666666666666666666666666666666666666666666666666666\
6666666666666666664
EMATF 1 6 -0.166666666666666666666666666666666666666666666666666666666666666666\
66666666666662 -0.1666666666666666666666666666666666666666666666666666666666666\
6666666666666666653
EMATF 1 7 -0.166666666666666666666666666666666666666666666666666666666666666666\
66666666666662 -0.1666666666666666666666666666666666666666666666666666666666666\
6666666666666666669
EMATF 1 8 -0.166666666666666666666666666666666666666666666666666666666666666666\
66666666666678 -0.1666666666666666666666666666666666666666666666666666666666666\
6666666666666666673
EMATF 1 9 -0.166666666666666666666666666666666666666666666666666666666666666666\
66666666666647 -0.1666666666666666666666666666666666666666666666666666666666666\
6666666666666666652
EMATF 1 10 -0.16666666666666666666666666666666666666666666666666666666666666666\
666666666666679 -0.166666666666666666666666666666666666666666666666666666666666\
66666666666666666662
EMATF 1 11 -0.16666666666666666666666666666666666666666666666666666666666666666\
666666666666633 -0.166666666666666666666666666666666666666666666666666666666666\
66666666666666666634
EMATF 1 12 -0.16666666666666666666666666666666666666666666666666666666666666666\
666666666666681 -0.166666666666666666666666666666666666666666666666666666666666\
66666666666666666655
EMATF 1 13 -0.16666666666666666666666666666666666666666666666666666666666666666\
666666666666696 -0.166666666666666666666666666666666666666666666666666666666666\
66666666666666666719
EMATF 1 14 -0.16666666666666666666666666666666666666666666666666666666666666666\
666666666666689 -0.166666666666666666666666666666666666666666666666666666666666\
66666666666666666659
EMATF 1 15 -0.16666666666666666666666666666666666666666666666666666666666666666\
666666666666720 -0.166666666666666666666666666666666666666666666666666666666666\
66666666666666666738
EMATF 1 16 -0.16666666666666666666666666666666666666666666666666666666666666666\
666666666666619 -0.166666666666666666666666666666666666666666666666666666666666\
66666666666666666605
EMATF 1 17 -0.16666666666666666666666666666666666666666666666666666666666666666\
666666666666594 -0.166666666666666666666666666666666666666666666666666666666666\
66666666666666666614
EMATF 1 18 -0.16666666666666666666666666666666666666666666666666666666666666666\
666666666666586 -0.166666666666666666666666666666666666666666666666666666666666\
66666666666666666566
EMATF 1 19 -0.16666666666666666666666666666666666666666666666666666666666666666\
666666666666680 -0.166666666666666666666666666666666666666666666666666666666666\
66666666666666666691
EMATF 1 20 -0.16666666666666666666666666666666666666666666666666666666666666666\
666666666666552 -0.166666666666666666666666666666666666666666666666666666666666\
66666666666666666594
EMATF 1 21 -0.16666666666666666666666666666666666666666666666666666666666666666\
666666666666793 -0.166666666666666666666666666666666666666666666666666666666666\
66666666666666666793
EMATF 1 22 -0.16666666666666666666666666666666666666666666666666666666666666666\
666666666666683 -0.166666666666666666666666666666666666666666666666666666666666\
66666666666666666630
EMATF 1 23 -0.16666666666666666666666666666666666666666666666666666666666666666\
666666666666692 -0.166666666666666666666666666666666666666666666666666666666666\
66666666666666666624
EMATF 1 24 -0.16666666666666666666666666666666666666666666666666666666666666666\
666666666666518 -0.166666666666666666666666666666666666666666666666666666666666\
66666666666666666604
EMATF 1 25 -0.16666666666666666666666666666666666666666666666666666666666666666\
666666666666490 -0.166666666666666666666666666666666666666666666666666666666666\
66666666666666666579
EMATF 1 26 -0.16666666666666666666666666666666666666666666666666666666666666666\
666666666666665 -0.166666666666666666666666666666666666666666666666666666666666\
66666666666666666633
EMATF 1 27 -0.16666666666666666666666666666666666666666666666666666666666666666\
666666666666452 -0.166666666666666666666666666666666666666666666666666666666666\
66666666666666666439
EMATF 1 28 -0.16666666666666666666666666666666666666666666666666666666666666666\
666666666666646 -0.166666666666666666666666666666666666666666666666666666666666\
66666666666666666669
EMATF 1 29 -0.16666666666666666666666666666666666666666666666666666666666666666\
666666666666483 -0.166666666666666666666666666666666666666666666666666666666666\
66666666666666666408
EMATF 1 30 -0.16666666666666666666666666666666666666666666666666666666666666666\
666666666666644 -0.166666666666666666666666666666666666666666666666666666666666\
66666666666666666626
EMATF 1 31 -0.16666666666666666666666666666666666666666666666666666666666666666\
666666666666685 -0.166666666666666666666666666666666666666666666666666666666666\
66666666666666666727
EMATF 1 32 -0.16666666666666666666666666666666666666666666666666666666666666666\
666666666666892 -0.166666666666666666666666666666666666666666666666666666666666\
66666666666666666963
EMATF 1 33 -0.16666666666666666666666666666666666666666666666666666666666666666\
666666666666660 -0.166666666666666666666666666666666666666666666666666666666666\
66666666666666666582
EMATF 1 34 -0.16666666666666666666666666666666666666666666666666666666666666666\
666666666666680 -0.166666666666666666666666666666666666666666666666666666666666\
66666666666666666703
EMATF 1 35 -0.16666666666666666666666666666666666666666666666666666666666666666\
666666666666641 -0.166666666666666666666666666666666666666666666666666666666666\
66666666666666666648
EMATF 1 36 -0.16666666666666666666666666666666666666666666666666666666666666666\
666666666666353 -0.166666666666666666666666666666666666666666666666666666666666\
66666666666666666403
EMATF 1 37 -0.16666666666666666666666666666666666666666666666666666666666666666\
666666666666614 -0.166666666666666666666666666666666666666666666666666666666666\
66666666666666666615
EMATF 1 38 -0.16666666666666666666666666666666666666666666666666666666666666666\
666666666666963 -0.166666666666666666666666666666666666666666666666666666666666\
66666666666666667268
EMATF 1 39 -0.16666666666666666666666666666666666666666666666666666666666666666\
666666666666684 -0.166666666666666666666666666666666666666666666666666666666666\
66666666666666666564
EMATF 1 40 -0.16666666666666666666666666666666666666666666666666666666666666666\
666666666666359 -0.166666666666666666666666666666666666666666666666666666666666\
66666666666666666188
EMATF 1 41 -0.16666666666666666666666666666666666666666666666666666666666666666\
666666666666169 -0.166666666666666666666666666666666666666666666666666666666666\
66666666666666666228
EMATF 1 42 -0.16666666666666666666666666666666666666666666666666666666666666666\
666666666666137 -0.166666666666666666666666666666666666666666666666666666666666\
66666666666666666116
EMATF 1 43 -0.16666666666666666666666666666666666666666666666666666666666666666\
666666666666051 -0.166666666666666666666666666666666666666666666666666666666666\
66666666666666666051
EMATF 1 44 -0.16666666666666666666666666666666666666666666666666666666666666666\
666666666666613 -0.166666666666666666666666666666666666666666666666666666666666\
66666666666666666780
EMATF 1 45 -0.16666666666666666666666666666666666666666666666666666666666666666\
666666666666718 -0.166666666666666666666666666666666666666666666666666666666666\
66666666666666666659
EMATF 1 46 -0.16666666666666666666666666666666666666666666666666666666666666666\
666666666666091 -0.166666666666666666666666666666666666666666666666666666666666\
66666666666666666248
EMATF 1 47 -0.16666666666666666666666666666666666666666666666666666666666666666\
666666666666727 -0.166666666666666666666666666666666666666666666666666666666666\
66666666666666666670
EMATF 1 48 -0.16666666666666666666666666666666666666666666666666666666666666666\
666666666666715 -0.166666666666666666666666666666666666666666666666666666666666\
66666666666666666650
EMATF 1 49 -0.16666666666666666666666666666666666666666666666666666666666666666\
666666666666052 -0.166666666666666666666666666666666666666666666666666666666666\
66666666666666666033
EMATF 1 50 -0.16666666666666666666666666666666666666666666666666666666666666666\
666666666667286 -0.166666666666666666666666666666666666666666666666666666666666\
66666666666666667459
EMATF 1 51 -0.16666666666666666666666666666666666666666666666666666666666666666\
666666666666148 -0.166666666666666666666666666666666666666666666666666666666666\
66666666666666666102
EMATF 1 52 -0.16666666666666666666666666666666666666666666666666666666666666666\
666666666666693 -0.166666666666666666666666666666666666666666666666666666666666\
66666666666666666474
EMATF 1 53 -0.16666666666666666666666666666666666666666666666666666666666666666\
666666666666776 -0.166666666666666666666666666666666666666666666666666666666666\
66666666666666666642
EMATF 1 54 -0.16666666666666666666666666666666666666666666666666666666666666666\
666666666666625 -0.166666666666666666666666666666666666666666666666666666666666\
66666666666666666755
EMATF 1 55 -0.16666666666666666666666666666666666666666666666666666666666666666\
666666666667378 -0.166666666666666666666666666666666666666666666666666666666666\
66666666666666667638
EMATF 1 56 -0.16666666666666666666666666666666666666666666666666666666666666666\
666666666666587 -0.166666666666666666666666666666666666666666666666666666666666\
66666666666666666873
EMATF 1 57 -0.16666666666666666666666666666666666666666666666666666666666666666\
666666666667482 -0.166666666666666666666666666666666666666666666666666666666666\
66666666666666667722
EMATF 1 58 -0.16666666666666666666666666666666666666666666666666666666666666666\
666666666667447 -0.166666666666666666666666666666666666666666666666666666666666\
66666666666666667769
EMATF 1 59 -0.16666666666666666666666666666666666666666666666666666666666666666\
666666666665846 -0.166666666666666666666666666666666666666666666666666666666666\
66666666666666665911
EMATF 1 60 -0.16666666666666666666666666666666666666666666666666666666666666666\
666666666666797 -0.166666666666666666666666666666666666666666666666666666666666\
66666666666666666514
EMATF 1 61 -0.16666666666666666666666666666666666666666666666666666666666666666\
666666666666758 -0.166666666666666666666666666666666666666666666666666666666666\
66666666666666666608
EMATF 1 62 -0.16666666666666666666666666666666666666666666666666666666666666666\
666666666665633 -0.166666666666666666666666666666666666666666666666666666666666\
66666666666666666075
EMATF 1 63 -0.16666666666666666666666666666666666666666666666666666666666666666\
666666666664960 -0.166666666666666666666666666666666666666666666666666666666666\
66666666666666665424
EMATF 1 64 -0.16666666666666666666666666666666666666666666666666666666666666666\
666666666666656 -0.166666666666666666666666666666666666666666666666666666666666\
66666666666666666642
EMATF 1 65 -0.16666666666666666666666666666666666666666666666666666666666666666\
666666666665527 -0.166666666666666666666666666666666666666666666666666666666666\
66666666666666665290
EMATF 1 66 -0.16666666666666666666666666666666666666666666666666666666666666666\
666666666666707 -0.166666666666666666666666666666666666666666666666666666666666\
66666666666666667026
EMATF 1 67 -0.16666666666666666666666666666666666666666666666666666666666666666\
666666666666868 -0.166666666666666666666666666666666666666666666666666666666666\
66666666666666666246
EMATF 1 68 -0.16666666666666666666666666666666666666666666666666666666666666666\
666666666665357 -0.166666666666666666666666666666666666666666666666666666666666\
66666666666666665184
EMATF 1 69 -0.16666666666666666666666666666666666666666666666666666666666666666\
666666666665303 -0.166666666666666666666666666666666666666666666666666666666666\
66666666666666665023
EMATF 1 70 -0.16666666666666666666666666666666666666666666666666666666666666666\
666666666666745 -0.166666666666666666666666666666666666666666666666666666666666\
66666666666666666573
EMATF 1 71 -0.16666666666666666666666666666666666666666666666666666666666666666\
666666666666809 -0.166666666666666666666666666666666666666666666666666666666666\
66666666666666666865
EMATF 1 72 -0.16666666666666666666666666666666666666666666666666666666666666666\
666666666668004 -0.166666666666666666666666666666666666666666666666666666666666\
66666666666666667718
EMATF 1 73 -0.16666666666666666666666666666666666666666666666666666666666666666\
666666666666414 -0.166666666666666666666666666666666666666666666666666666666666\
66666666666666666981
EMATF 1 74 -0.16666666666666666666666666666666666666666666666666666666666666666\
666666666665111 -0.166666666666666666666666666666666666666666666666666666666666\
66666666666666665717
EMATF 1 75 -0.16666666666666666666666666666666666666666666666666666666666666666\
666666666666593 -0.166666666666666666666666666666666666666666666666666666666666\
66666666666666666850
EMATF 1 76 -0.16666666666666666666666666666666666666666666666666666666666666666\
666666666668225 -0.166666666666666666666666666666666666666666666666666666666666\
66666666666666668706
EMATF 1 77 -0.16666666666666666666666666666666666666666666666666666666666666666\
666666666666809 -0.166666666666666666666666666666666666666666666666666666666666\
66666666666666666450
EMATF 1 78 -0.16666666666666666666666666666666666666666666666666666666666666666\
666666666665155 -0.166666666666666666666666666666666666666666666666666666666666\
66666666666666665102
EMATF 1 79 -0.16666666666666666666666666666666666666666666666666666666666666666\
666666666664736 -0.166666666666666666666666666666666666666666666666666666666666\
66666666666666664406
EMATF 1 80 -0.16666666666666666666666666666666666666666666666666666666666666666\
666666666668672 -0.166666666666666666666666666666666666666666666666666666666666\
66666666666666668715
EMATF 1 81 -0.16666666666666666666666666666666666666666666666666666666666666666\
666666666668731 -0.166666666666666666666666666666666666666666666666666666666666\
66666666666666668978
EMATF 1 82 -0.16666666666666666666666666666666666666666666666666666666666666666\
666666666664988 -0.166666666666666666666666666666666666666666666666666666666666\
66666666666666664260
EMATF 1 83 -0.16666666666666666666666666666666666666666666666666666666666666666\
666666666664909 -0.166666666666666666666666666666666666666666666666666666666666\
66666666666666663964
EMATF 1 84 -0.16666666666666666666666666666666666666666666666666666666666666666\
666666666664486 -0.166666666666666666666666666666666666666666666666666666666666\
66666666666666664850
EMATF 1 85 -0.16666666666666666666666666666666666666666666666666666666666666666\
666666666666515 -0.166666666666666666666666666666666666666666666666666666666666\
66666666666666666851
EMATF 1 86 -0.16666666666666666666666666666666666666666666666666666666666666666\
666666666666525 -0.166666666666666666666666666666666666666666666666666666666666\
66666666666666667818
EMATF 1 87 -0.16666666666666666666666666666666666666666666666666666666666666666\
666666666667590 -0.166666666666666666666666666666666666666666666666666666666666\
66666666666666667342
EMATF 1 88 -0.16666666666666666666666666666666666666666666666666666666666666666\
666666666668693 -0.166666666666666666666666666666666666666666666666666666666666\
66666666666666668591
EMATF 1 89 -0.16666666666666666666666666666666666666666666666666666666666666666\
666666666666843 -0.166666666666666666666666666666666666666666666666666666666666\
66666666666666666324
EMATF 1 90 -0.16666666666666666666666666666666666666666666666666666666666666666\
666666666663988 -0.166666666666666666666666666666666666666666666666666666666666\
66666666666666664873
EMATF 1 91 -0.16666666666666666666666666666666666666666666666666666666666666666\
666666666666654 -0.166666666666666666666666666666666666666666666666666666666666\
66666666666666666912
EMATF 1 92 -0.16666666666666666666666666666666666666666666666666666666666666666\
666666666666830 -0.166666666666666666666666666666666666666666666666666666666666\
66666666666666666474
EMATF 1 93 -0.16666666666666666666666666666666666666666666666666666666666666666\
666666666668796 -0.166666666666666666666666666666666666666666666666666666666666\
66666666666666668275
EMATF 1 94 -0.16666666666666666666666666666666666666666666666666666666666666666\
666666666664242 -0.166666666666666666666666666666666666666666666666666666666666\
66666666666666663944
EMATF 1 95 -0.16666666666666666666666666666666666666666666666666666666666666666\
666666666666792 -0.166666666666666666666666666666666666666666666666666666666666\
66666666666666667414
EMATF 1 96 -0.16666666666666666666666666666666666666666666666666666666666666666\
666666666666486 -0.166666666666666666666666666666666666666666666666666666666666\
66666666666666667325
EMATF 1 97 -0.16666666666666666666666666666666666666666666666666666666666666666\
666666666663753 -0.166666666666666666666666666666666666666666666666666666666666\
66666666666666664312
EMATF 1 98 -0.16666666666666666666666666666666666666666666666666666666666666666\
666666666666613 -0.166666666666666666666666666666666666666666666666666666666666\
66666666666666667261
EMATF 1 99 -0.16666666666666666666666666666666666666666666666666666666666666666\
666666666667503 -0.166666666666666666666666666666666666666666666666666666666666\
66666666666666666784
EMATF 1 100 -0.1666666666666666666666666666666666666666666666666666666666666666\
6666666666663850 -0.16666666666666666666666666666666666666666666666666666666666\
666666666666666664734
EMATF 1 101 -0.1666666666666666666666666666666666666666666666666666666666666666\
6666666666663946 -0.16666666666666666666666666666666666666666666666666666666666\
666666666666666663241
EMATF 1 102 -0.1666666666666666666666666666666666666666666666666666666666666666\
6666666666666988 -0.16666666666666666666666666666666666666666666666666666666666\
666666666666666667143
EMATF 1 103 -0.1666666666666666666666666666666666666666666666666666666666666666\
6666666666668686 -0.16666666666666666666666666666666666666666666666666666666666\
666666666666666670147
EMATF 1 104 -0.1666666666666666666666666666666666666666666666666666666666666666\
6666666666669199 -0.16666666666666666666666666666666666666666666666666666666666\
666666666666666668915
EMATF 1 105 -0.1666666666666666666666666666666666666666666666666666666666666666\
6666666666666375 -0.16666666666666666666666666666666666666666666666666666666666\
666666666666666667525
EMATF 1 106 -0.1666666666666666666666666666666666666666666666666666666666666666\
6666666666666685 -0.16666666666666666666666666666666666666666666666666666666666\
666666666666666666201
EMATF 1 107 -0.1666666666666666666666666666666666666666666666666666666666666666\
6666666666664339 -0.16666666666666666666666666666666666666666666666666666666666\
666666666666666662823
EMATF 1 108 -0.1666666666666666666666666666666666666666666666666666666666666666\
6666666666666272 -0.16666666666666666666666666666666666666666666666666666666666\
666666666666666665689
EMATF 1 109 -0.1666666666666666666666666666666666666666666666666666666666666666\
6666666666669932 -0.16666666666666666666666666666666666666666666666666666666666\
666666666666666669138
EMATF 1 110 -0.1666666666666666666666666666666666666666666666666666666666666666\
6666666666670061 -0.16666666666666666666666666666666666666666666666666666666666\
666666666666666667980
EMATF 1 111 -0.1666666666666666666666666666666666666666666666666666666666666666\
6666666666666473 -0.16666666666666666666666666666666666666666666666666666666666\
666666666666666666360
EMATF 1 112 -0.1666666666666666666666666666666666666666666666666666666666666666\
6666666666669531 -0.16666666666666666666666666666666666666666666666666666666666\
666666666666666669203
EMATF 1 113 -0.1666666666666666666666666666666666666666666666666666666666666666\
6666666666667091 -0.16666666666666666666666666666666666666666666666666666666666\
666666666666666665662
EMATF 1 114 -0.1666666666666666666666666666666666666666666666666666666666666666\
6666666666663331 -0.16666666666666666666666666666666666666666666666666666666666\
666666666666666664430
EMATF 1 115 -0.1666666666666666666666666666666666666666666666666666666666666666\
6666666666663130 -0.16666666666666666666666666666666666666666666666666666666666\
666666666666666662224
EMATF 1 116 -0.1666666666666666666666666666666666666666666666666666666666666666\
6666666666662712 -0.16666666666666666666666666666666666666666666666666666666666\
666666666666666663421
EMATF 1 117 -0.1666666666666666666666666666666666666666666666666666666666666666\
6666666666670783 -0.16666666666666666666666666666666666666666666666666666666666\
666666666666666669391
EMATF 1 118 -0.1666666666666666666666666666666666666666666666666666666666666666\
6666666666662881 -0.16666666666666666666666666666666666666666666666666666666666\
666666666666666664271
EMATF 1 119 -0.1666666666666666666666666666666666666666666666666666666666666666\
6666666666661986 -0.16666666666666666666666666666666666666666666666666666666666\
666666666666666662470
EMATF 1 120 -0.1666666666666666666666666666666666666666666666666666666666666666\
6666666666670296 -0.16666666666666666666666666666666666666666666666666666666666\
666666666666666670159
EMATF 1 121 -0.1666666666666666666666666666666666666666666666666666666666666666\
6666666666670851 -0.16666666666666666666666666666666666666666666666666666666666\
666666666666666670583
EMATF 1 122 -0.1666666666666666666666666666666666666666666666666666666666666666\
6666666666666320 -0.16666666666666666666666666666666666666666666666666666666666\
666666666666666668210
EMATF 1 123 -0.1666666666666666666666666666666666666666666666666666666666666666\
6666666666664081 -0.16666666666666666666666666666666666666666666666666666666666\
666666666666666660965
EMATF 1 124 -0.1666666666666666666666666666666666666666666666666666666666666666\
6666666666667083 -0.16666666666666666666666666666666666666666666666666666666666\
666666666666666665910
EMATF 1 125 -0.1666666666666666666666666666666666666666666666666666666666666666\
6666666666671248 -0.16666666666666666666666666666666666666666666666666666666666\
666666666666666670770
EMATF 1 126 -0.1666666666666666666666666666666666666666666666666666666666666666\
6666666666665969 -0.16666666666666666666666666666666666666666666666666666666666\
666666666666666667118
EMATF 1 127 -0.1666666666666666666666666666666666666666666666666666666666666666\
6666666666667789 -0.16666666666666666666666666666666666666666666666666666666666\
666666666666666665708
EMATF 1 128 -0.1666666666666666666666666666666666666666666666666666666666666666\
6666666666670557 -0.16666666666666666666666666666666666666666666666666666666666\
666666666666666671873
EMATF 1 129 -0.1666666666666666666666666666666666666666666666666666666666666666\
6666666666662470 -0.16666666666666666666666666666666666666666666666666666666666\
666666666666666662981
EMATF 1 130 -0.1666666666666666666666666666666666666666666666666666666666666666\
6666666666666589 -0.16666666666666666666666666666666666666666666666666666666666\
666666666666666666926
EMATF 1 131 -0.1666666666666666666666666666666666666666666666666666666666666666\
6666666666667324 -0.16666666666666666666666666666666666666666666666666666666666\
666666666666666667424
EMATF 1 132 -0.1666666666666666666666666666666666666666666666666666666666666666\
6666666666667050 -0.16666666666666666666666666666666666666666666666666666666666\
666666666666666665306
EMATF 1 133 -0.1666666666666666666666666666666666666666666666666666666666666666\
6666666666661626 -0.16666666666666666666666666666666666666666666666666666666666\
666666666666666660311
EMATF 1 134 -0.1666666666666666666666666666666666666666666666666666666666666666\
6666666666667325 -0.16666666666666666666666666666666666666666666666666666666666\
666666666666666665006
EMATF 1 135 -0.1666666666666666666666666666666666666666666666666666666666666666\
6666666666670754 -0.16666666666666666666666666666666666666666666666666666666666\
666666666666666671536
EMATF 1 136 -0.1666666666666666666666666666666666666666666666666666666666666666\
6666666666666509 -0.16666666666666666666666666666666666666666666666666666666666\
666666666666666665181
EMATF 1 137 -0.1666666666666666666666666666666666666666666666666666666666666666\
6666666666671317 -0.16666666666666666666666666666666666666666666666666666666666\
666666666666666671753
EMATF 1 138 -0.1666666666666666666666666666666666666666666666666666666666666666\
6666666666672482 -0.16666666666666666666666666666666666666666666666666666666666\
666666666666666674088
EMATF 1 139 -0.1666666666666666666666666666666666666666666666666666666666666666\
6666666666660123 -0.16666666666666666666666666666666666666666666666666666666666\
666666666666666660688
EMATF 1 140 -0.1666666666666666666666666666666666666666666666666666666666666666\
6666666666667697 -0.16666666666666666666666666666666666666666666666666666666666\
666666666666666665824
EMATF 1 141 -0.1666666666666666666666666666666666666666666666666666666666666666\
6666666666666509 -0.16666666666666666666666666666666666666666666666666666666666\
666666666666666666687
EMATF 1 142 -0.1666666666666666666666666666666666666666666666666666666666666666\
6666666666660723 -0.16666666666666666666666666666666666666666666666666666666666\
666666666666666659903
EMATF 1 143 -0.1666666666666666666666666666666666666666666666666666666666666666\
6666666666659922 -0.16666666666666666666666666666666666666666666666666666666666\
666666666666666661240
EMATF 1 144 -0.1666666666666666666666666666666666666666666666666666666666666666\
6666666666665545 -0.16666666666666666666666666666666666666666666666666666666666\
666666666666666665823
EMATF 1 145 -0.1666666666666666666666666666666666666666666666666666666666666666\
6666666666661852 -0.16666666666666666666666666666666666666666666666666666666666\
666666666666666661157
EMATF 1 146 -0.1666666666666666666666666666666666666666666666666666666666666666\
6666666666666003 -0.16666666666666666666666666666666666666666666666666666666666\
666666666666666667865
EMATF 1 147 -0.1666666666666666666666666666666666666666666666666666666666666666\
6666666666664745 -0.16666666666666666666666666666666666666666666666666666666666\
666666666666666665705
EMATF 1 148 -0.1666666666666666666666666666666666666666666666666666666666666666\
6666666666666471 -0.16666666666666666666666666666666666666666666666666666666666\
666666666666666665648
EMATF 1 149 -0.1666666666666666666666666666666666666666666666666666666666666666\
6666666666666851 -0.16666666666666666666666666666666666666666666666666666666666\
666666666666666667166
EMATF 1 150 -0.1666666666666666666666666666666666666666666666666666666666666666\
6666666666665482 -0.16666666666666666666666666666666666666666666666666666666666\
666666666666666665509
EMATF 1 151 -0.1666666666666666666666666666666666666666666666666666666666666666\
6666666666675396 -0.16666666666666666666666666666666666666666666666666666666666\
666666666666666672569
EMATF 1 152 -0.1666666666666666666666666666666666666666666666666666666666666666\
6666666666659964 -0.16666666666666666666666666666666666666666666666666666666666\
666666666666666660918
EMATF 1 153 -0.1666666666666666666666666666666666666666666666666666666666666666\
6666666666667334 -0.16666666666666666666666666666666666666666666666666666666666\
666666666666666665332
EMATF 1 154 -0.1666666666666666666666666666666666666666666666666666666666666666\
6666666666660069 -0.16666666666666666666666666666666666666666666666666666666666\
666666666666666661231
EMATF 1 155 -0.1666666666666666666666666666666666666666666666666666666666666666\
6666666666659612 -0.16666666666666666666666666666666666666666666666666666666666\
666666666666666659971
EMATF 1 156 -0.1666666666666666666666666666666666666666666666666666666666666666\
6666666666673602 -0.16666666666666666666666666666666666666666666666666666666666\
666666666666666672554
EMATF 1 157 -0.1666666666666666666666666666666666666666666666666666666666666666\
6666666666673591 -0.16666666666666666666666666666666666666666666666666666666666\
666666666666666675362
EMATF 1 158 -0.1666666666666666666666666666666666666666666666666666666666666666\
6666666666666058 -0.16666666666666666666666666666666666666666666666666666666666\
666666666666666665088
EMATF 1 159 -0.1666666666666666666666666666666666666666666666666666666666666666\
6666666666661054 -0.16666666666666666666666666666666666666666666666666666666666\
666666666666666658207
EMATF 1 160 -0.1666666666666666666666666666666666666666666666666666666666666666\
6666666666665994 -0.16666666666666666666666666666666666666666666666666666666666\
666666666666666665198
EMATF 1 161 -0.1666666666666666666666666666666666666666666666666666666666666666\
6666666666667628 -0.16666666666666666666666666666666666666666666666666666666666\
666666666666666665900
EMATF 1 162 -0.1666666666666666666666666666666666666666666666666666666666666666\
6666666666660135 -0.16666666666666666666666666666666666666666666666666666666666\
666666666666666662457
EMATF 1 163 -0.1666666666666666666666666666666666666666666666666666666666666666\
6666666666658074 -0.16666666666666666666666666666666666666666666666666666666666\
666666666666666660684
EMATF 1 164 -0.1666666666666666666666666666666666666666666666666666666666666666\
6666666666666666 -0.16666666666666666666666666666666666666666666666666666666666\
666666666666666666226
EMATF 1 165 -0.1666666666666666666666666666666666666666666666666666666666666666\
6666666666659486 -0.16666666666666666666666666666666666666666666666666666666666\
666666666666666660229
EMATF 1 166 -0.1666666666666666666666666666666666666666666666666666666666666666\
6666666666659325 -0.16666666666666666666666666666666666666666666666666666666666\
666666666666666661428
EMATF 1 167 -0.1666666666666666666666666666666666666666666666666666666666666666\
6666666666658226 -0.16666666666666666666666666666666666666666666666666666666666\
666666666666666657409
EMATF 1 168 -0.1666666666666666666666666666666666666666666666666666666666666666\
6666666666675849 -0.16666666666666666666666666666666666666666666666666666666666\
666666666666666674543
EMATF 1 169 -0.1666666666666666666666666666666666666666666666666666666666666666\
6666666666666078 -0.16666666666666666666666666666666666666666666666666666666666\
666666666666666667375
EMATF 1 170 -0.1666666666666666666666666666666666666666666666666666666666666666\
6666666666657892 -0.16666666666666666666666666666666666666666666666666666666666\
666666666666666662547
EMATF 1 171 -0.1666666666666666666666666666666666666666666666666666666666666666\
6666666666659439 -0.16666666666666666666666666666666666666666666666666666666666\
666666666666666658758
EMATF 1 172 -0.1666666666666666666666666666666666666666666666666666666666666666\
6666666666666444 -0.16666666666666666666666666666666666666666666666666666666666\
666666666666666668222
EMATF 1 173 -0.1666666666666666666666666666666666666666666666666666666666666666\
6666666666665285 -0.16666666666666666666666666666666666666666666666666666666666\
666666666666666668626
EMATF 1 174 -0.1666666666666666666666666666666666666666666666666666666666666666\
6666666666657163 -0.16666666666666666666666666666666666666666666666666666666666\
666666666666666660847
EMATF 1 175 -0.1666666666666666666666666666666666666666666666666666666666666666\
6666666666667562 -0.16666666666666666666666666666666666666666666666666666666666\
666666666666666665096
EMATF 1 176 -0.1666666666666666666666666666666666666666666666666666666666666666\
6666666666667304 -0.16666666666666666666666666666666666666666666666666666666666\
666666666666666664761
EMATF 1 177 -0.1666666666666666666666666666666666666666666666666666666666666666\
6666666666666879 -0.16666666666666666666666666666666666666666666666666666666666\
666666666666666663858
EMATF 1 178 -0.1666666666666666666666666666666666666666666666666666666666666666\
6666666666675511 -0.16666666666666666666666666666666666666666666666666666666666\
666666666666666671338
EMATF 1 179 -0.1666666666666666666666666666666666666666666666666666666666666666\
6666666666666613 -0.16666666666666666666666666666666666666666666666666666666666\
666666666666666667579
EMATF 1 180 -0.1666666666666666666666666666666666666666666666666666666666666666\
6666666666658877 -0.16666666666666666666666666666666666666666666666666666666666\
666666666666666660653
EMATF 1 181 -0.1666666666666666666666666666666666666666666666666666666666666666\
6666666666665514 -0.16666666666666666666666666666666666666666666666666666666666\
666666666666666667946
EMATF 1 182 -0.1666666666666666666666666666666666666666666666666666666666666666\
6666666666675375 -0.16666666666666666666666666666666666666666666666666666666666\
666666666666666672760
EMATF 1 183 -0.1666666666666666666666666666666666666666666666666666666666666666\
6666666666666038 -0.16666666666666666666666666666666666666666666666666666666666\
666666666666666669102
EMATF 1 184 -0.1666666666666666666666666666666666666666666666666666666666666666\
6666666666656828 -0.16666666666666666666666666666666666666666666666666666666666\
666666666666666657107
EMATF 1 185 -0.1666666666666666666666666666666666666666666666666666666666666666\
6666666666665590 -0.16666666666666666666666666666666666666666666666666666666666\
666666666666666668058
EMATF 1 186 -0.1666666666666666666666666666666666666666666666666666666666666666\
6666666666654556 -0.16666666666666666666666666666666666666666666666666666666666\
666666666666666658925
EMATF 1 187 -0.1666666666666666666666666666666666666666666666666666666666666666\
6666666666679668 -0.16666666666666666666666666666666666666666666666666666666666\
666666666666666677416
EMATF 1 188 -0.1666666666666666666666666666666666666666666666666666666666666666\
6666666666656683 -0.16666666666666666666666666666666666666666666666666666666666\
666666666666666660733
EMATF 1 189 -0.1666666666666666666666666666666666666666666666666666666666666666\
6666666666656508 -0.16666666666666666666666666666666666666666666666666666666666\
666666666666666653782
EMATF 1 190 -0.1666666666666666666666666666666666666666666666666666666666666666\
6666666666665538 -0.16666666666666666666666666666666666666666666666666666666666\
666666666666666669551
EMATF 1 191 -0.1666666666666666666666666666666666666666666666666666666666666666\
6666666666676334 -0.16666666666666666666666666666666666666666666666666666666666\
666666666666666676788
EMATF 1 192 -0.1666666666666666666666666666666666666666666666666666666666666666\
6666666666656807 -0.16666666666666666666666666666666666666666666666666666666666\
666666666666666656725
EMATF 1 193 -0.1666666666666666666666666666666666666666666666666666666666666666\
6666666666668413 -0.16666666666666666666666666666666666666666666666666666666666\
666666666666666667090
EMATF 1 194 -0.1666666666666666666666666666666666666666666666666666666666666666\
6666666666656417 -0.16666666666666666666666666666666666666666666666666666666666\
666666666666666657925
EMATF 1 195 -0.1666666666666666666666666666666666666666666666666666666666666666\
6666666666666357 -0.16666666666666666666666666666666666666666666666666666666666\
666666666666666665443
EMATF 1 196 -0.1666666666666666666666666666666666666666666666666666666666666666\
6666666666666519 -0.16666666666666666666666666666666666666666666666666666666666\
666666666666666663937
EMATF 1 197 -0.1666666666666666666666666666666666666666666666666666666666666666\
6666666666678437 -0.16666666666666666666666666666666666666666666666666666666666\
666666666666666676260
EMATF 1 198 -0.1666666666666666666666666666666666666666666666666666666666666666\
6666666666668215 -0.16666666666666666666666666666666666666666666666666666666666\
666666666666666663557
EMATF 1 199 -0.1666666666666666666666666666666666666666666666666666666666666666\
6666666666670022 -0.16666666666666666666666666666666666666666666666666666666666\
666666666666666666940
EMATF 1 200 -0.1666666666666666666666666666666666666666666666666666666666666666\
6666666666654524 -0.16666666666666666666666666666666666666666666666666666666666\
666666666666666656481
EMATF 1 201 -0.1666666666666666666666666666666666666666666666666666666666666666\
6666666666677122 -0.16666666666666666666666666666666666666666666666666666666666\
666666666666666682567
EMATF 1 202 -0.1666666666666666666666666666666666666666666666666666666666666666\
6666666666678104 -0.16666666666666666666666666666666666666666666666666666666666\
666666666666666678130
EMATF 1 203 -0.1666666666666666666666666666666666666666666666666666666666666666\
6666666666668454 -0.16666666666666666666666666666666666666666666666666666666666\
666666666666666666805
EMATF 1 204 -0.1666666666666666666666666666666666666666666666666666666666666666\
6666666666654938 -0.16666666666666666666666666666666666666666666666666666666666\
666666666666666657125
EMATF 1 205 -0.1666666666666666666666666666666666666666666666666666666666666666\
6666666666667015 -0.16666666666666666666666666666666666666666666666666666666666\
666666666666666668886
EMATF 1 206 -0.1666666666666666666666666666666666666666666666666666666666666666\
6666666666666339 -0.16666666666666666666666666666666666666666666666666666666666\
666666666666666667098
EMATF 1 207 -0.1666666666666666666666666666666666666666666666666666666666666666\
6666666666654065 -0.16666666666666666666666666666666666666666666666666666666666\
666666666666666651396
EMATF 1 208 -0.1666666666666666666666666666666666666666666666666666666666666666\
6666666666666977 -0.16666666666666666666666666666666666666666666666666666666666\
666666666666666663926
EMATF 1 209 -0.1666666666666666666666666666666666666666666666666666666666666666\
6666666666669647 -0.16666666666666666666666666666666666666666666666666666666666\
666666666666666666557
EMATF 1 210 -0.1666666666666666666666666666666666666666666666666666666666666666\
6666666666678026 -0.16666666666666666666666666666666666666666666666666666666666\
666666666666666678564
EMATF 1 211 -0.1666666666666666666666666666666666666666666666666666666666666666\
6666666666679010 -0.16666666666666666666666666666666666666666666666666666666666\
666666666666666679167
EMATF 1 212 -0.1666666666666666666666666666666666666666666666666666666666666666\
6666666666654095 -0.16666666666666666666666666666666666666666666666666666666666\
666666666666666651062
EMATF 1 213 -0.1666666666666666666666666666666666666666666666666666666666666666\
6666666666655298 -0.16666666666666666666666666666666666666666666666666666666666\
666666666666666653971
EMATF 1 214 -0.1666666666666666666666666666666666666666666666666666666666666666\
6666666666652324 -0.16666666666666666666666666666666666666666666666666666666666\
666666666666666654074
EMATF 1 215 -0.1666666666666666666666666666666666666666666666666666666666666666\
6666666666665498 -0.16666666666666666666666666666666666666666666666666666666666\
666666666666666669098
EMATF 1 216 -0.1666666666666666666666666666666666666666666666666666666666666666\
6666666666664449 -0.16666666666666666666666666666666666666666666666666666666666\
666666666666666663116
EMATF 1 217 -0.1666666666666666666666666666666666666666666666666666666666666666\
6666666666652774 -0.16666666666666666666666666666666666666666666666666666666666\
666666666666666650282
EMATF 1 218 -0.1666666666666666666666666666666666666666666666666666666666666666\
6666666666653080 -0.16666666666666666666666666666666666666666666666666666666666\
666666666666666657874
EMATF 1 219 -0.1666666666666666666666666666666666666666666666666666666666666666\
6666666666661679 -0.16666666666666666666666666666666666666666666666666666666666\
666666666666666668773
EMATF 1 220 -0.1666666666666666666666666666666666666666666666666666666666666666\
6666666666653767 -0.16666666666666666666666666666666666666666666666666666666666\
666666666666666657087
EMATF 1 221 -0.1666666666666666666666666666666666666666666666666666666666666666\
6666666666667921 -0.16666666666666666666666666666666666666666666666666666666666\
666666666666666667481
EMATF 1 222 -0.1666666666666666666666666666666666666666666666666666666666666666\
6666666666651427 -0.16666666666666666666666666666666666666666666666666666666666\
666666666666666650770
EMATF 1 223 -0.1666666666666666666666666666666666666666666666666666666666666666\
6666666666654860 -0.16666666666666666666666666666666666666666666666666666666666\
666666666666666651105
EMATF 1 224 -0.1666666666666666666666666666666666666666666666666666666666666666\
6666666666681080 -0.16666666666666666666666666666666666666666666666666666666666\
666666666666666686595
EMATF 1 225 -0.1666666666666666666666666666666666666666666666666666666666666666\
6666666666683066 -0.16666666666666666666666666666666666666666666666666666666666\
666666666666666681288
EMATF 1 226 -0.1666666666666666666666666666666666666666666666666666666666666666\
6666666666666205 -0.16666666666666666666666666666666666666666666666666666666666\
666666666666666668556
EMATF 1 227 -0.1666666666666666666666666666666666666666666666666666666666666666\
6666666666678341 -0.16666666666666666666666666666666666666666666666666666666666\
666666666666666687102
EMATF 1 228 -0.1666666666666666666666666666666666666666666666666666666666666666\
6666666666666428 -0.16666666666666666666666666666666666666666666666666666666666\
666666666666666668516
EMATF 1 229 -0.1666666666666666666666666666666666666666666666666666666666666666\
6666666666654113 -0.16666666666666666666666666666666666666666666666666666666666\
666666666666666646995
EMATF 1 230 -0.1666666666666666666666666666666666666666666666666666666666666666\
6666666666668366 -0.16666666666666666666666666666666666666666666666666666666666\
666666666666666660029
EMATF 1 231 -0.1666666666666666666666666666666666666666666666666666666666666666\
6666666666660421 -0.16666666666666666666666666666666666666666666666666666666666\
666666666666666669691
EMATF 1 232 -0.1666666666666666666666666666666666666666666666666666666666666666\
6666666666682311 -0.16666666666666666666666666666666666666666666666666666666666\
666666666666666677658
EMATF 1 233 -0.1666666666666666666666666666666666666666666666666666666666666666\
6666666666681487 -0.16666666666666666666666666666666666666666666666666666666666\
666666666666666680809
EMATF 1 234 -0.1666666666666666666666666666666666666666666666666666666666666666\
6666666666649646 -0.16666666666666666666666666666666666666666666666666666666666\
666666666666666649994
EMATF 1 235 -0.1666666666666666666666666666666666666666666666666666666666666666\
6666666666652432 -0.16666666666666666666666666666666666666666666666666666666666\
666666666666666645901
EMATF 1 236 -0.1666666666666666666666666666666666666666666666666666666666666666\
6666666666667467 -0.16666666666666666666666666666666666666666666666666666666666\
666666666666666669198
EMATF 1 237 -0.1666666666666666666666666666666666666666666666666666666666666666\
6666666666665298 -0.16666666666666666666666666666666666666666666666666666666666\
666666666666666662380
EMATF 1 238 -0.1666666666666666666666666666666666666666666666666666666666666666\
6666666666667275 -0.16666666666666666666666666666666666666666666666666666666666\
666666666666666660765
EMATF 1 239 -0.1666666666666666666666666666666666666666666666666666666666666666\
6666666666684590 -0.16666666666666666666666666666666666666666666666666666666666\
666666666666666685987
EMATF 1 240 -0.1666666666666666666666666666666666666666666666666666666666666666\
6666666666668539 -0.16666666666666666666666666666666666666666666666666666666666\
666666666666666668703
EMATF 1 241 -0.1666666666666666666666666666666666666666666666666666666666666666\
6666666666651215 -0.16666666666666666666666666666666666666666666666666666666666\
666666666666666646677
EMATF 1 242 -0.1666666666666666666666666666666666666666666666666666666666666666\
6666666666667437 -0.16666666666666666666666666666666666666666666666666666666666\
666666666666666667590
EMATF 1 243 -0.1666666666666666666666666666666666666666666666666666666666666666\
6666666666649884 -0.16666666666666666666666666666666666666666666666666666666666\
666666666666666647560
EMATF 1 244 -0.1666666666666666666666666666666666666666666666666666666666666666\
6666666666668923 -0.16666666666666666666666666666666666666666666666666666666666\
666666666666666665310
EMATF 1 245 -0.1666666666666666666666666666666666666666666666666666666666666666\
6666666666649588 -0.16666666666666666666666666666666666666666666666666666666666\
666666666666666653148
EMATF 1 246 -0.1666666666666666666666666666666666666666666666666666666666666666\
6666666666651419 -0.16666666666666666666666666666666666666666666666666666666666\
666666666666666651770
EMATF 1 247 -0.1666666666666666666666666666666666666666666666666666666666666666\
6666666666666181 -0.16666666666666666666666666666666666666666666666666666666666\
666666666666666666360
EMATF 1 248 -0.1666666666666666666666666666666666666666666666666666666666666666\
6666666666666002 -0.16666666666666666666666666666666666666666666666666666666666\
666666666666666669356
EMATF 1 249 -0.1666666666666666666666666666666666666666666666666666666666666666\
6666666666688779 -0.16666666666666666666666666666666666666666666666666666666666\
666666666666666680530
EMATF 1 250 -0.1666666666666666666666666666666666666666666666666666666666666666\
6666666666667672 -0.16666666666666666666666666666666666666666666666666666666666\
666666666666666667685
EMATF 1 251 -0.1666666666666666666666666666666666666666666666666666666666666666\
6666666666667288 -0.16666666666666666666666666666666666666666666666666666666666\
666666666666666663977
EMATF 1 252 -0.1666666666666666666666666666666666666666666666666666666666666666\
6666666666647070 -0.16666666666666666666666666666666666666666666666666666666666\
666666666666666647648
EMATF 1 253 -0.1666666666666666666666666666666666666666666666666666666666666666\
6666666666683973 -0.16666666666666666666666666666666666666666666666666666666666\
666666666666666689674
EMATF 1 254 -0.1666666666666666666666666666666666666666666666666666666666666666\
6666666666684945 -0.16666666666666666666666666666666666666666666666666666666666\
666666666666666689045
EMATF 1 255 -0.1666666666666666666666666666666666666666666666666666666666666666\
6666666666680912 -0.16666666666666666666666666666666666666666666666666666666666\
666666666666666687065
EMATF 1 256 -0.1666666666666666666666666666666666666666666666666666666666666666\
6666666666666160 -0.16666666666666666666666666666666666666666666666666666666666\
666666666666666658980
EMATF 1 257 -0.1666666666666666666666666666666666666666666666666666666666666666\
6666666666682484 -0.16666666666666666666666666666666666666666666666666666666666\
666666666666666693009
EMATF 1 258 -0.1666666666666666666666666666666666666666666666666666666666666666\
6666666666666317 -0.16666666666666666666666666666666666666666666666666666666666\
666666666666666664851
EMATF 1 259 -0.1666666666666666666666666666666666666666666666666666666666666666\
6666666666688346 -0.16666666666666666666666666666666666666666666666666666666666\
666666666666666684517
EMATF 1 260 -0.1666666666666666666666666666666666666666666666666666666666666666\
6666666666648804 -0.16666666666666666666666666666666666666666666666666666666666\
666666666666666647914
EMATF 1 261 -0.1666666666666666666666666666666666666666666666666666666666666666\
6666666666685108 -0.16666666666666666666666666666666666666666666666666666666666\
666666666666666692338
EMATF 1 262 -0.1666666666666666666666666666666666666666666666666666666666666666\
6666666666665758 -0.16666666666666666666666666666666666666666666666666666666666\
666666666666666667483
EMATF 1 263 -0.1666666666666666666666666666666666666666666666666666666666666666\
6666666666663349 -0.16666666666666666666666666666666666666666666666666666666666\
666666666666666664454
EMATF 1 264 -0.1666666666666666666666666666666666666666666666666666666666666666\
6666666666663964 -0.16666666666666666666666666666666666666666666666666666666666\
666666666666666670708
EMATF 1 265 -0.1666666666666666666666666666666666666666666666666666666666666666\
6666666666648805 -0.16666666666666666666666666666666666666666666666666666666666\
666666666666666648563
EMATF 1 266 -0.1666666666666666666666666666666666666666666666666666666666666666\
6666666666665848 -0.16666666666666666666666666666666666666666666666666666666666\
666666666666666660591
EMATF 1 267 -0.1666666666666666666666666666666666666666666666666666666666666666\
6666666666641611 -0.16666666666666666666666666666666666666666666666666666666666\
666666666666666643562
EMATF 1 268 -0.1666666666666666666666666666666666666666666666666666666666666666\
6666666666665770 -0.16666666666666666666666666666666666666666666666666666666666\
666666666666666665672
EMATF 1 269 -0.1666666666666666666666666666666666666666666666666666666666666666\
6666666666647615 -0.16666666666666666666666666666666666666666666666666666666666\
666666666666666645868
EMATF 1 270 -0.1666666666666666666666666666666666666666666666666666666666666666\
6666666666646544 -0.16666666666666666666666666666666666666666666666666666666666\
666666666666666647960
EMATF 1 271 -0.1666666666666666666666666666666666666666666666666666666666666666\
6666666666667262 -0.16666666666666666666666666666666666666666666666666666666666\
666666666666666672147
EMATF 1 272 -0.1666666666666666666666666666666666666666666666666666666666666666\
6666666666643250 -0.16666666666666666666666666666666666666666666666666666666666\
666666666666666648779
EMATF 1 273 -0.1666666666666666666666666666666666666666666666666666666666666666\
6666666666688319 -0.16666666666666666666666666666666666666666666666666666666666\
666666666666666696050
EMATF 1 274 -0.1666666666666666666666666666666666666666666666666666666666666666\
6666666666664967 -0.16666666666666666666666666666666666666666666666666666666666\
666666666666666670384
EMATF 1 275 -0.1666666666666666666666666666666666666666666666666666666666666666\
6666666666646505 -0.16666666666666666666666666666666666666666666666666666666666\
666666666666666649763
EMATF 1 276 -0.1666666666666666666666666666666666666666666666666666666666666666\
6666666666666387 -0.16666666666666666666666666666666666666666666666666666666666\
666666666666666671389
EMATF 1 277 -0.1666666666666666666666666666666666666666666666666666666666666666\
6666666666645370 -0.16666666666666666666666666666666666666666666666666666666666\
666666666666666643730
EMATF 1 278 -0.1666666666666666666666666666666666666666666666666666666666666666\
6666666666666294 -0.16666666666666666666666666666666666666666666666666666666666\
666666666666666666499
EMATF 1 279 -0.1666666666666666666666666666666666666666666666666666666666666666\
6666666666667639 -0.16666666666666666666666666666666666666666666666666666666666\
666666666666666670873
EMATF 1 280 -0.1666666666666666666666666666666666666666666666666666666666666666\
6666666666667594 -0.16666666666666666666666666666666666666666666666666666666666\
666666666666666665363
EMATF 1 281 -0.1666666666666666666666666666666666666666666666666666666666666666\
6666666666663884 -0.16666666666666666666666666666666666666666666666666666666666\
666666666666666667089
EMATF 1 282 -0.1666666666666666666666666666666666666666666666666666666666666666\
6666666666647113 -0.16666666666666666666666666666666666666666666666666666666666\
666666666666666647776
EMATF 1 283 -0.1666666666666666666666666666666666666666666666666666666666666666\
6666666666644872 -0.16666666666666666666666666666666666666666666666666666666666\
666666666666666647002
EMATF 1 284 -0.1666666666666666666666666666666666666666666666666666666666666666\
6666666666665214 -0.16666666666666666666666666666666666666666666666666666666666\
666666666666666665960
EMATF 1 285 -0.1666666666666666666666666666666666666666666666666666666666666666\
6666666666658598 -0.16666666666666666666666666666666666666666666666666666666666\
666666666666666669988
EMATF 1 286 -0.1666666666666666666666666666666666666666666666666666666666666666\
6666666666666371 -0.16666666666666666666666666666666666666666666666666666666666\
666666666666666669635
EMATF 1 287 -0.1666666666666666666666666666666666666666666666666666666666666666\
6666666666643149 -0.16666666666666666666666666666666666666666666666666666666666\
666666666666666644612
EMATF 1 288 -0.1666666666666666666666666666666666666666666666666666666666666666\
6666666666685725 -0.16666666666666666666666666666666666666666666666666666666666\
666666666666666683008
EMATF 1 289 -0.1666666666666666666666666666666666666666666666666666666666666666\
6666666666689232 -0.16666666666666666666666666666666666666666666666666666666666\
666666666666666691014
EMATF 1 290 -0.1666666666666666666666666666666666666666666666666666666666666666\
6666666666689518 -0.16666666666666666666666666666666666666666666666666666666666\
666666666666666687630
EMATF 1 291 -0.1666666666666666666666666666666666666666666666666666666666666666\
6666666666646038 -0.16666666666666666666666666666666666666666666666666666666666\
666666666666666645214
EMATF 1 292 -0.1666666666666666666666666666666666666666666666666666666666666666\
6666666666692765 -0.16666666666666666666666666666666666666666666666666666666666\
666666666666666683622
EMATF 1 293 -0.1666666666666666666666666666666666666666666666666666666666666666\
6666666666689155 -0.16666666666666666666666666666666666666666666666666666666666\
666666666666666691558
EMATF 1 294 -0.1666666666666666666666666666666666666666666666666666666666666666\
6666666666641712 -0.16666666666666666666666666666666666666666666666666666666666\
666666666666666644631
EMATF 1 295 -0.1666666666666666666666666666666666666666666666666666666666666666\
6666666666666751 -0.16666666666666666666666666666666666666666666666666666666666\
666666666666666667441
EMATF 1 296 -0.1666666666666666666666666666666666666666666666666666666666666666\
6666666666666506 -0.16666666666666666666666666666666666666666666666666666666666\
666666666666666671048
EMATF 1 297 -0.1666666666666666666666666666666666666666666666666666666666666666\
6666666666640746 -0.16666666666666666666666666666666666666666666666666666666666\
666666666666666631350
EMATF 1 298 -0.1666666666666666666666666666666666666666666666666666666666666666\
6666666666639326 -0.16666666666666666666666666666666666666666666666666666666666\
666666666666666645425
EMATF 1 299 -0.1666666666666666666666666666666666666666666666666666666666666666\
6666666666641968 -0.16666666666666666666666666666666666666666666666666666666666\
666666666666666640567
EMATF 1 300 -0.1666666666666666666666666666666666666666666666666666666666666666\
6666666666670141 -0.16666666666666666666666666666666666666666666666666666666666\
666666666666666673170
EMATF 1 301 -0.1666666666666666666666666666666666666666666666666666666666666666\
6666666666692587 -0.16666666666666666666666666666666666666666666666666666666666\
666666666666666690620
EMATF 1 302 -0.1666666666666666666666666666666666666666666666666666666666666666\
6666666666667801 -0.16666666666666666666666666666666666666666666666666666666666\
666666666666666662517
EMATF 1 303 -0.1666666666666666666666666666666666666666666666666666666666666666\
6666666666638748 -0.16666666666666666666666666666666666666666666666666666666666\
666666666666666642898
EMATF 1 304 -0.1666666666666666666666666666666666666666666666666666666666666666\
6666666666668484 -0.16666666666666666666666666666666666666666666666666666666666\
666666666666666678309
EMATF 1 305 -0.1666666666666666666666666666666666666666666666666666666666666666\
6666666666647041 -0.16666666666666666666666666666666666666666666666666666666666\
666666666666666629586
EMATF 1 306 -0.1666666666666666666666666666666666666666666666666666666666666666\
6666666666664356 -0.16666666666666666666666666666666666666666666666666666666666\
666666666666666664464
EMATF 1 307 -0.1666666666666666666666666666666666666666666666666666666666666666\
6666666666670132 -0.16666666666666666666666666666666666666666666666666666666666\
666666666666666665241
EMATF 1 308 -0.1666666666666666666666666666666666666666666666666666666666666666\
6666666666640634 -0.16666666666666666666666666666666666666666666666666666666666\
666666666666666647458
EMATF 1 309 -0.1666666666666666666666666666666666666666666666666666666666666666\
6666666666664523 -0.16666666666666666666666666666666666666666666666666666666666\
666666666666666665933
EMATF 1 310 -0.1666666666666666666666666666666666666666666666666666666666666666\
6666666666667733 -0.16666666666666666666666666666666666666666666666666666666666\
666666666666666667867
EMATF 1 311 -0.1666666666666666666666666666666666666666666666666666666666666666\
6666666666670151 -0.16666666666666666666666666666666666666666666666666666666666\
666666666666666675357
EMATF 1 312 -0.1666666666666666666666666666666666666666666666666666666666666666\
6666666666667314 -0.16666666666666666666666666666666666666666666666666666666666\
666666666666666662977
EMATF 1 313 -0.1666666666666666666666666666666666666666666666666666666666666666\
6666666666692174 -0.16666666666666666666666666666666666666666666666666666666666\
666666666666666691161
EMATF 1 314 -0.1666666666666666666666666666666666666666666666666666666666666666\
6666666666671489 -0.16666666666666666666666666666666666666666666666666666666666\
666666666666666671827
EMATF 1 315 -0.1666666666666666666666666666666666666666666666666666666666666666\
6666666666686980 -0.16666666666666666666666666666666666666666666666666666666666\
666666666666666697578
EMATF 1 316 -0.1666666666666666666666666666666666666666666666666666666666666666\
6666666666663880 -0.16666666666666666666666666666666666666666666666666666666666\
666666666666666666782
EMATF 1 317 -0.1666666666666666666666666666666666666666666666666666666666666666\
6666666666670604 -0.16666666666666666666666666666666666666666666666666666666666\
666666666666666657542
EMATF 1 318 -0.1666666666666666666666666666666666666666666666666666666666666666\
6666666666639921 -0.16666666666666666666666666666666666666666666666666666666666\
666666666666666642956
EMATF 1 319 -0.1666666666666666666666666666666666666666666666666666666666666666\
6666666666642407 -0.16666666666666666666666666666666666666666666666666666666666\
666666666666666639007
EMATF 1 320 -0.1666666666666666666666666666666666666666666666666666666666666666\
6666666666694354 -0.16666666666666666666666666666666666666666666666666666666666\
666666666666666693559
EMATF 1 321 -0.1666666666666666666666666666666666666666666666666666666666666666\
6666666666664234 -0.16666666666666666666666666666666666666666666666666666666666\
666666666666666657489
EMATF 1 322 -0.1666666666666666666666666666666666666666666666666666666666666666\
6666666666636368 -0.16666666666666666666666666666666666666666666666666666666666\
666666666666666639257
EMATF 1 323 -0.1666666666666666666666666666666666666666666666666666666666666666\
6666666666689767 -0.16666666666666666666666666666666666666666666666666666666666\
666666666666666696401
EMATF 1 324 -0.1666666666666666666666666666666666666666666666666666666666666666\
6666666666668480 -0.16666666666666666666666666666666666666666666666666666666666\
666666666666666667571
EMATF 1 325 -0.1666666666666666666666666666666666666666666666666666666666666666\
6666666666669868 -0.16666666666666666666666666666666666666666666666666666666666\
666666666666666656017
EMATF 1 326 -0.1666666666666666666666666666666666666666666666666666666666666666\
6666666666635206 -0.16666666666666666666666666666666666666666666666666666666666\
666666666666666633696
EMATF 1 327 -0.1666666666666666666666666666666666666666666666666666666666666666\
6666666666684208 -0.16666666666666666666666666666666666666666666666666666666666\
666666666666666698425
EMATF 1 328 -0.1666666666666666666666666666666666666666666666666666666666666666\
6666666666661103 -0.16666666666666666666666666666666666666666666666666666666666\
666666666666666654585
EMATF 1 329 -0.1666666666666666666666666666666666666666666666666666666666666666\
6666666666692254 -0.16666666666666666666666666666666666666666666666666666666666\
666666666666666705914
EMATF 1 330 -0.1666666666666666666666666666666666666666666666666666666666666666\
6666666666668588 -0.16666666666666666666666666666666666666666666666666666666666\
666666666666666678342
EMATF 1 331 -0.1666666666666666666666666666666666666666666666666666666666666666\
6666666666695741 -0.16666666666666666666666666666666666666666666666666666666666\
666666666666666702742
EMATF 1 332 -0.1666666666666666666666666666666666666666666666666666666666666666\
6666666666662827 -0.16666666666666666666666666666666666666666666666666666666666\
666666666666666666129
EMATF 1 333 -0.1666666666666666666666666666666666666666666666666666666666666666\
6666666666662333 -0.16666666666666666666666666666666666666666666666666666666666\
666666666666666667722
EMATF 1 334 -0.1666666666666666666666666666666666666666666666666666666666666666\
6666666666666729 -0.16666666666666666666666666666666666666666666666666666666666\
666666666666666666446
EMATF 1 335 -0.1666666666666666666666666666666666666666666666666666666666666666\
6666666666700439 -0.16666666666666666666666666666666666666666666666666666666666\
666666666666666686761
EMATF 1 336 -0.1666666666666666666666666666666666666666666666666666666666666666\
6666666666656158 -0.16666666666666666666666666666666666666666666666666666666666\
666666666666666667364
EMATF 1 337 -0.1666666666666666666666666666666666666666666666666666666666666666\
6666666666703018 -0.16666666666666666666666666666666666666666666666666666666666\
666666666666666708146
EMATF 1 338 -0.1666666666666666666666666666666666666666666666666666666666666666\
6666666666633718 -0.16666666666666666666666666666666666666666666666666666666666\
666666666666666654757
EMATF 1 339 -0.1666666666666666666666666666666666666666666666666666666666666666\
6666666666667406 -0.16666666666666666666666666666666666666666666666666666666666\
666666666666666663460
EMATF 1 340 -0.1666666666666666666666666666666666666666666666666666666666666666\
6666666666703588 -0.16666666666666666666666666666666666666666666666666666666666\
666666666666666695478
EMATF 1 341 -0.1666666666666666666666666666666666666666666666666666666666666666\
6666666666665969 -0.16666666666666666666666666666666666666666666666666666666666\
666666666666666672694
EMATF 1 342 -0.1666666666666666666666666666666666666666666666666666666666666666\
6666666666668572 -0.16666666666666666666666666666666666666666666666666666666666\
666666666666666653834
EMATF 1 343 -0.1666666666666666666666666666666666666666666666666666666666666666\
6666666666691313 -0.16666666666666666666666666666666666666666666666666666666666\
666666666666666710758
EMATF 1 344 -0.1666666666666666666666666666666666666666666666666666666666666666\
6666666666671466 -0.16666666666666666666666666666666666666666666666666666666666\
666666666666666665696
EMATF 1 345 -0.1666666666666666666666666666666666666666666666666666666666666666\
6666666666667102 -0.16666666666666666666666666666666666666666666666666666666666\
666666666666666668601
EMATF 1 346 -0.1666666666666666666666666666666666666666666666666666666666666666\
6666666666665582 -0.16666666666666666666666666666666666666666666666666666666666\
666666666666666663373
EMATF 1 347 -0.1666666666666666666666666666666666666666666666666666666666666666\
6666666666702247 -0.16666666666666666666666666666666666666666666666666666666666\
666666666666666707049
EMATF 1 348 -0.1666666666666666666666666666666666666666666666666666666666666666\
6666666666708957 -0.16666666666666666666666666666666666666666666666666666666666\
666666666666666696934
EMATF 1 349 -0.1666666666666666666666666666666666666666666666666666666666666666\
6666666666695024 -0.16666666666666666666666666666666666666666666666666666666666\
666666666666666709841
EMATF 1 350 -0.1666666666666666666666666666666666666666666666666666666666666666\
6666666666660731 -0.16666666666666666666666666666666666666666666666666666666666\
666666666666666672371
EMATF 1 351 -0.1666666666666666666666666666666666666666666666666666666666666666\
6666666666669311 -0.16666666666666666666666666666666666666666666666666666666666\
666666666666666672509
EMATF 1 352 -0.1666666666666666666666666666666666666666666666666666666666666666\
6666666666627364 -0.16666666666666666666666666666666666666666666666666666666666\
666666666666666638790
EMATF 1 353 -0.1666666666666666666666666666666666666666666666666666666666666666\
6666666666690848 -0.16666666666666666666666666666666666666666666666666666666666\
666666666666666713882
EMATF 1 354 -0.1666666666666666666666666666666666666666666666666666666666666666\
6666666666635173 -0.16666666666666666666666666666666666666666666666666666666666\
666666666666666637600
EMATF 1 355 -0.1666666666666666666666666666666666666666666666666666666666666666\
6666666666637168 -0.16666666666666666666666666666666666666666666666666666666666\
666666666666666628370
EMATF 1 356 -0.1666666666666666666666666666666666666666666666666666666666666666\
6666666666701395 -0.16666666666666666666666666666666666666666666666666666666666\
666666666666666695854
EMATF 1 357 -0.1666666666666666666666666666666666666666666666666666666666666666\
6666666666667537 -0.16666666666666666666666666666666666666666666666666666666666\
666666666666666668231
EMATF 1 358 -0.1666666666666666666666666666666666666666666666666666666666666666\
6666666666631557 -0.16666666666666666666666666666666666666666666666666666666666\
666666666666666624288
EMATF 1 359 -0.1666666666666666666666666666666666666666666666666666666666666666\
6666666666673668 -0.16666666666666666666666666666666666666666666666666666666666\
666666666666666671716
EMATF 1 360 -0.1666666666666666666666666666666666666666666666666666666666666666\
6666666666630038 -0.16666666666666666666666666666666666666666666666666666666666\
666666666666666624749
EMATF 1 361 -0.1666666666666666666666666666666666666666666666666666666666666666\
6666666666663641 -0.16666666666666666666666666666666666666666666666666666666666\
666666666666666677793
EMATF 1 362 -0.1666666666666666666666666666666666666666666666666666666666666666\
6666666666671263 -0.16666666666666666666666666666666666666666666666666666666666\
666666666666666653527
EMATF 1 363 -0.1666666666666666666666666666666666666666666666666666666666666666\
6666666666668981 -0.16666666666666666666666666666666666666666666666666666666666\
666666666666666670644
EMATF 1 364 -0.1666666666666666666666666666666666666666666666666666666666666666\
6666666666625521 -0.16666666666666666666666666666666666666666666666666666666666\
666666666666666626019
EMATF 1 365 -0.1666666666666666666666666666666666666666666666666666666666666666\
6666666666659332 -0.16666666666666666666666666666666666666666666666666666666666\
666666666666666678571
EMATF 1 366 -0.1666666666666666666666666666666666666666666666666666666666666666\
6666666666696319 -0.16666666666666666666666666666666666666666666666666666666666\
666666666666666698752
EMATF 1 367 -0.1666666666666666666666666666666666666666666666666666666666666666\
6666666666626234 -0.16666666666666666666666666666666666666666666666666666666666\
666666666666666623835
EMATF 1 368 -0.1666666666666666666666666666666666666666666666666666666666666666\
6666666666665283 -0.16666666666666666666666666666666666666666666666666666666666\
666666666666666665810
EMATF 1 369 -0.1666666666666666666666666666666666666666666666666666666666666666\
6666666666674100 -0.16666666666666666666666666666666666666666666666666666666666\
666666666666666668396
EMATF 1 370 -0.1666666666666666666666666666666666666666666666666666666666666666\
6666666666628431 -0.16666666666666666666666666666666666666666666666666666666666\
666666666666666617779
EMATF 1 371 -0.1666666666666666666666666666666666666666666666666666666666666666\
6666666666657605 -0.16666666666666666666666666666666666666666666666666666666666\
666666666666666665521
EMATF 1 372 -0.1666666666666666666666666666666666666666666666666666666666666666\
6666666666696852 -0.16666666666666666666666666666666666666666666666666666666666\
666666666666666688544
EMATF 1 373 -0.1666666666666666666666666666666666666666666666666666666666666666\
6666666666711357 -0.16666666666666666666666666666666666666666666666666666666666\
666666666666666704061
EMATF 1 374 -0.1666666666666666666666666666666666666666666666666666666666666666\
6666666666704734 -0.16666666666666666666666666666666666666666666666666666666666\
666666666666666697238
EMATF 1 375 -0.1666666666666666666666666666666666666666666666666666666666666666\
6666666666706713 -0.16666666666666666666666666666666666666666666666666666666666\
666666666666666713309
EMATF 1 376 -0.1666666666666666666666666666666666666666666666666666666666666666\
6666666666662462 -0.16666666666666666666666666666666666666666666666666666666666\
666666666666666670126
EMATF 1 377 -0.1666666666666666666666666666666666666666666666666666666666666666\
6666666666665788 -0.16666666666666666666666666666666666666666666666666666666666\
666666666666666667972
EMATF 1 378 -0.1666666666666666666666666666666666666666666666666666666666666666\
6666666666623687 -0.16666666666666666666666666666666666666666666666666666666666\
666666666666666643743
EMATF 1 379 -0.1666666666666666666666666666666666666666666666666666666666666666\
6666666666630070 -0.16666666666666666666666666666666666666666666666666666666666\
666666666666666640573
EMATF 1 380 -0.1666666666666666666666666666666666666666666666666666666666666666\
6666666666666279 -0.16666666666666666666666666666666666666666666666666666666666\
666666666666666664373
EMATF 1 381 -0.1666666666666666666666666666666666666666666666666666666666666666\
6666666666661113 -0.16666666666666666666666666666666666666666666666666666666666\
666666666666666679913
EMATF 1 382 -0.1666666666666666666666666666666666666666666666666666666666666666\
6666666666622067 -0.16666666666666666666666666666666666666666666666666666666666\
666666666666666631375
EMATF 1 383 -0.1666666666666666666666666666666666666666666666666666666666666666\
6666666666664514 -0.16666666666666666666666666666666666666666666666666666666666\
666666666666666658146
EMATF 1 384 -0.1666666666666666666666666666666666666666666666666666666666666666\
6666666666660708 -0.16666666666666666666666666666666666666666666666666666666666\
666666666666666661198
EMATF 1 385 -0.1666666666666666666666666666666666666666666666666666666666666666\
6666666666671300 -0.16666666666666666666666666666666666666666666666666666666666\
666666666666666676114
EMATF 1 386 -0.1666666666666666666666666666666666666666666666666666666666666666\
6666666666668529 -0.16666666666666666666666666666666666666666666666666666666666\
666666666666666669975
EMATF 1 387 -0.1666666666666666666666666666666666666666666666666666666666666666\
6666666666674761 -0.16666666666666666666666666666666666666666666666666666666666\
666666666666666673105
EMATF 1 388 -0.1666666666666666666666666666666666666666666666666666666666666666\
6666666666664410 -0.16666666666666666666666666666666666666666666666666666666666\
666666666666666673688
EMATF 1 389 -0.1666666666666666666666666666666666666666666666666666666666666666\
6666666666667076 -0.16666666666666666666666666666666666666666666666666666666666\
666666666666666666276
EMATF 1 390 -0.1666666666666666666666666666666666666666666666666666666666666666\
6666666666708911 -0.16666666666666666666666666666666666666666666666666666666666\
666666666666666698771
EMATF 1 391 -0.1666666666666666666666666666666666666666666666666666666666666666\
6666666666658934 -0.16666666666666666666666666666666666666666666666666666666666\
666666666666666662477
EMATF 1 392 -0.1666666666666666666666666666666666666666666666666666666666666666\
6666666666618767 -0.16666666666666666666666666666666666666666666666666666666666\
666666666666666616873
EMATF 1 393 -0.1666666666666666666666666666666666666666666666666666666666666666\
6666666666702682 -0.16666666666666666666666666666666666666666666666666666666666\
666666666666666706822
EMATF 1 394 -0.1666666666666666666666666666666666666666666666666666666666666666\
6666666666661629 -0.16666666666666666666666666666666666666666666666666666666666\
666666666666666675896
EMATF 1 395 -0.1666666666666666666666666666666666666666666666666666666666666666\
6666666666700667 -0.16666666666666666666666666666666666666666666666666666666666\
666666666666666712343
EMATF 1 396 -0.1666666666666666666666666666666666666666666666666666666666666666\
6666666666667366 -0.16666666666666666666666666666666666666666666666666666666666\
666666666666666682678
EMATF 1 397 -0.1666666666666666666666666666666666666666666666666666666666666666\
6666666666666146 -0.16666666666666666666666666666666666666666666666666666666666\
666666666666666670226
EMATF 1 398 -0.1666666666666666666666666666666666666666666666666666666666666666\
6666666666708597 -0.16666666666666666666666666666666666666666666666666666666666\
666666666666666716885
EMATF 1 399 -0.1666666666666666666666666666666666666666666666666666666666666666\
6666666666619794 -0.16666666666666666666666666666666666666666666666666666666666\
666666666666666621481
EMATF 1 400 -0.1666666666666666666666666666666666666666666666666666666666666666\
6666666666665056 -0.16666666666666666666666666666666666666666666666666666666666\
666666666666666654833
EMATF 1 401 -0.1666666666666666666666666666666666666666666666666666666666666666\
6666666666624436 -0.16666666666666666666666666666666666666666666666666666666666\
666666666666666631187
EMATF 1 402 -0.1666666666666666666666666666666666666666666666666666666666666666\
6666666666716674 -0.16666666666666666666666666666666666666666666666666666666666\
666666666666666695569
EMATF 1 403 -0.1666666666666666666666666666666666666666666666666666666666666666\
6666666666713711 -0.16666666666666666666666666666666666666666666666666666666666\
666666666666666722427
EMATF 1 404 -0.1666666666666666666666666666666666666666666666666666666666666666\
6666666666674539 -0.16666666666666666666666666666666666666666666666666666666666\
666666666666666661303
EMATF 1 405 -0.1666666666666666666666666666666666666666666666666666666666666666\
6666666666624932 -0.16666666666666666666666666666666666666666666666666666666666\
666666666666666627185
EMATF 1 406 -0.1666666666666666666666666666666666666666666666666666666666666666\
6666666666625001 -0.16666666666666666666666666666666666666666666666666666666666\
666666666666666610309
EMATF 1 407 -0.1666666666666666666666666666666666666666666666666666666666666666\
6666666666621691 -0.16666666666666666666666666666666666666666666666666666666666\
666666666666666619807
EMATF 1 408 -0.1666666666666666666666666666666666666666666666666666666666666666\
6666666666671360 -0.16666666666666666666666666666666666666666666666666666666666\
666666666666666661202
EMATF 1 409 -0.1666666666666666666666666666666666666666666666666666666666666666\
6666666666619793 -0.16666666666666666666666666666666666666666666666666666666666\
666666666666666615786
EMATF 1 410 -0.1666666666666666666666666666666666666666666666666666666666666666\
6666666666670298 -0.16666666666666666666666666666666666666666666666666666666666\
666666666666666662122
EMATF 1 411 -0.1666666666666666666666666666666666666666666666666666666666666666\
6666666666627399 -0.16666666666666666666666666666666666666666666666666666666666\
666666666666666630969
EMATF 1 412 -0.1666666666666666666666666666666666666666666666666666666666666666\
6666666666667244 -0.16666666666666666666666666666666666666666666666666666666666\
666666666666666647302
EMATF 1 413 -0.1666666666666666666666666666666666666666666666666666666666666666\
6666666666620160 -0.16666666666666666666666666666666666666666666666666666666666\
666666666666666609532
EMATF 1 414 -0.1666666666666666666666666666666666666666666666666666666666666666\
6666666666616480 -0.16666666666666666666666666666666666666666666666666666666666\
666666666666666613390
EMATF 1 415 -0.1666666666666666666666666666666666666666666666666666666666666666\
6666666666676532 -0.16666666666666666666666666666666666666666666666666666666666\
666666666666666681117
EMATF 1 416 -0.1666666666666666666666666666666666666666666666666666666666666666\
6666666666669006 -0.16666666666666666666666666666666666666666666666666666666666\
666666666666666652457
EMATF 1 417 -0.1666666666666666666666666666666666666666666666666666666666666666\
6666666666663719 -0.16666666666666666666666666666666666666666666666666666666666\
666666666666666663750
EMATF 1 418 -0.1666666666666666666666666666666666666666666666666666666666666666\
6666666666612367 -0.16666666666666666666666666666666666666666666666666666666666\
666666666666666638367
EMATF 1 419 -0.1666666666666666666666666666666666666666666666666666666666666666\
6666666666623579 -0.16666666666666666666666666666666666666666666666666666666666\
666666666666666622794
EMATF 1 420 -0.1666666666666666666666666666666666666666666666666666666666666666\
6666666666619771 -0.16666666666666666666666666666666666666666666666666666666666\
666666666666666626474
EMATF 1 421 -0.1666666666666666666666666666666666666666666666666666666666666666\
6666666666612664 -0.16666666666666666666666666666666666666666666666666666666666\
666666666666666611261
EMATF 1 422 0.00000000000000000000000000000000000000000000000000000000000000000\
000000000000000 0.0000000000000000000000000000000000000000000000000000000000000\
0000000000000000000
EMATF 1 423 0.00000000000000000000000000000000000000000000000000000000000000000\
000000000000000 0.0000000000000000000000000000000000000000000000000000000000000\
0000000000000000000
EMATF 1 424 0.00000000000000000000000000000000000000000000000000000000000000000\
000000000000000 0.0000000000000000000000000000000000000000000000000000000000000\
0000000000000000000
EMATF 1 425 0.00000000000000000000000000000000000000000000000000000000000000000\
000000000000000 0.0000000000000000000000000000000000000000000000000000000000000\
0000000000000000000
EMATF 1 426 0.00000000000000000000000000000000000000000000000000000000000000000\
000000000000000 0.0000000000000000000000000000000000000000000000000000000000000\
0000000000000000000
EMATF 1 427 0.00000000000000000000000000000000000000000000000000000000000000000\
000000000000000 0.0000000000000000000000000000000000000000000000000000000000000\
0000000000000000000
EMATF 1 428 0.00000000000000000000000000000000000000000000000000000000000000000\
000000000000000 0.0000000000000000000000000000000000000000000000000000000000000\
0000000000000000000
EMATF 1 429 0.00000000000000000000000000000000000000000000000000000000000000000\
000000000000000 0.0000000000000000000000000000000000000000000000000000000000000\
0000000000000000000
EMATF 1 430 0.00000000000000000000000000000000000000000000000000000000000000000\
000000000000000 0.0000000000000000000000000000000000000000000000000000000000000\
0000000000000000000
EMATF 1 431 0.00000000000000000000000000000000000000000000000000000000000000000\
000000000000000 0.0000000000000000000000000000000000000000000000000000000000000\
0000000000000000000
EMATF 1 432 0.00000000000000000000000000000000000000000000000000000000000000000\
000000000000000 0.0000000000000000000000000000000000000000000000000000000000000\
0000000000000000000
EMATF 1 433 0.00000000000000000000000000000000000000000000000000000000000000000\
000000000000000 0.0000000000000000000000000000000000000000000000000000000000000\
0000000000000000000
EMATF 1 434 0.00000000000000000000000000000000000000000000000000000000000000000\
000000000000000 0.0000000000000000000000000000000000000000000000000000000000000\
0000000000000000000
EMATF 1 435 0.00000000000000000000000000000000000000000000000000000000000000000\
000000000000000 0.0000000000000000000000000000000000000000000000000000000000000\
0000000000000000000
EMATF 1 436 0.00000000000000000000000000000000000000000000000000000000000000000\
000000000000000 0.0000000000000000000000000000000000000000000000000000000000000\
0000000000000000000
EMATF 1 437 0.00000000000000000000000000000000000000000000000000000000000000000\
000000000000000 0.0000000000000000000000000000000000000000000000000000000000000\
0000000000000000000
EMATF 1 438 0.00000000000000000000000000000000000000000000000000000000000000000\
000000000000000 0.0000000000000000000000000000000000000000000000000000000000000\
0000000000000000000
EMATF 1 439 0.00000000000000000000000000000000000000000000000000000000000000000\
000000000000000 0.0000000000000000000000000000000000000000000000000000000000000\
0000000000000000000
EMATF 1 440 0.00000000000000000000000000000000000000000000000000000000000000000\
000000000000000 0.0000000000000000000000000000000000000000000000000000000000000\
0000000000000000000
EMATF 1 441 0.00000000000000000000000000000000000000000000000000000000000000000\
000000000000000 0.0000000000000000000000000000000000000000000000000000000000000\
0000000000000000000
EMATF 1 442 0.00000000000000000000000000000000000000000000000000000000000000000\
000000000000000 0.0000000000000000000000000000000000000000000000000000000000000\
0000000000000000000
EMATF 1 443 0.00000000000000000000000000000000000000000000000000000000000000000\
000000000000000 0.0000000000000000000000000000000000000000000000000000000000000\
0000000000000000000
EMATF 1 444 0.00000000000000000000000000000000000000000000000000000000000000000\
000000000000000 0.0000000000000000000000000000000000000000000000000000000000000\
0000000000000000000
EMATF 1 445 0.00000000000000000000000000000000000000000000000000000000000000000\
000000000000000 0.0000000000000000000000000000000000000000000000000000000000000\
0000000000000000000
EMATF 1 446 0.00000000000000000000000000000000000000000000000000000000000000000\
000000000000000 0.0000000000000000000000000000000000000000000000000000000000000\
0000000000000000000
EMATF 1 447 0.00000000000000000000000000000000000000000000000000000000000000000\
000000000000000 0.0000000000000000000000000000000000000000000000000000000000000\
0000000000000000000
EMATF 1 448 0.00000000000000000000000000000000000000000000000000000000000000000\
000000000000000 0.0000000000000000000000000000000000000000000000000000000000000\
0000000000000000000
EMATF 1 449 0.00000000000000000000000000000000000000000000000000000000000000000\
000000000000000 0.0000000000000000000000000000000000000000000000000000000000000\
0000000000000000000
EMATF 1 450 0.00000000000000000000000000000000000000000000000000000000000000000\
000000000000000 0.0000000000000000000000000000000000000000000000000000000000000\
0000000000000000000
EMATF 1 451 0.00000000000000000000000000000000000000000000000000000000000000000\
000000000000000 0.0000000000000000000000000000000000000000000000000000000000000\
0000000000000000000
EMATF 1 452 0.00000000000000000000000000000000000000000000000000000000000000000\
000000000000000 0.0000000000000000000000000000000000000000000000000000000000000\
0000000000000000000
EMATF 1 453 0.00000000000000000000000000000000000000000000000000000000000000000\
000000000000000 0.0000000000000000000000000000000000000000000000000000000000000\
0000000000000000000
EMATF 1 454 0.00000000000000000000000000000000000000000000000000000000000000000\
000000000000000 0.0000000000000000000000000000000000000000000000000000000000000\
0000000000000000000
EMATF 1 455 0.00000000000000000000000000000000000000000000000000000000000000000\
000000000000000 0.0000000000000000000000000000000000000000000000000000000000000\
0000000000000000000
EMATF 1 456 0.00000000000000000000000000000000000000000000000000000000000000000\
000000000000000 0.0000000000000000000000000000000000000000000000000000000000000\
0000000000000000000
EMATF 1 457 0.00000000000000000000000000000000000000000000000000000000000000000\
000000000000000 0.0000000000000000000000000000000000000000000000000000000000000\
0000000000000000000
EMATF 1 458 0.00000000000000000000000000000000000000000000000000000000000000000\
000000000000000 0.0000000000000000000000000000000000000000000000000000000000000\
0000000000000000000
EMATF 1 459 0.00000000000000000000000000000000000000000000000000000000000000000\
000000000000000 0.0000000000000000000000000000000000000000000000000000000000000\
0000000000000000000
EMATF 1 460 0.00000000000000000000000000000000000000000000000000000000000000000\
000000000000000 0.0000000000000000000000000000000000000000000000000000000000000\
0000000000000000000
EMATF 1 461 0.00000000000000000000000000000000000000000000000000000000000000000\
000000000000000 0.0000000000000000000000000000000000000000000000000000000000000\
0000000000000000000
EMATF 1 462 0.00000000000000000000000000000000000000000000000000000000000000000\
000000000000000 0.0000000000000000000000000000000000000000000000000000000000000\
0000000000000000000
EMATF 1 463 0.00000000000000000000000000000000000000000000000000000000000000000\
000000000000000 0.0000000000000000000000000000000000000000000000000000000000000\
0000000000000000000
EMATF 1 464 0.00000000000000000000000000000000000000000000000000000000000000000\
000000000000000 0.0000000000000000000000000000000000000000000000000000000000000\
0000000000000000000
EMATF 1 465 0.00000000000000000000000000000000000000000000000000000000000000000\
000000000000000 0.0000000000000000000000000000000000000000000000000000000000000\
0000000000000000000
EMATF 1 466 0.00000000000000000000000000000000000000000000000000000000000000000\
000000000000000 0.0000000000000000000000000000000000000000000000000000000000000\
0000000000000000000
EMATF 1 467 0.00000000000000000000000000000000000000000000000000000000000000000\
000000000000000 0.0000000000000000000000000000000000000000000000000000000000000\
0000000000000000000
EMATF 1 468 0.00000000000000000000000000000000000000000000000000000000000000000\
000000000000000 0.0000000000000000000000000000000000000000000000000000000000000\
0000000000000000000
EMATF 1 469 0.00000000000000000000000000000000000000000000000000000000000000000\
000000000000000 0.0000000000000000000000000000000000000000000000000000000000000\
0000000000000000000
EMATF 1 470 0.00000000000000000000000000000000000000000000000000000000000000000\
000000000000000 0.0000000000000000000000000000000000000000000000000000000000000\
0000000000000000000
EMATF 1 471 0.00000000000000000000000000000000000000000000000000000000000000000\
000000000000000 0.0000000000000000000000000000000000000000000000000000000000000\
0000000000000000000
EMATF 1 472 0.00000000000000000000000000000000000000000000000000000000000000000\
000000000000000 0.0000000000000000000000000000000000000000000000000000000000000\
0000000000000000000
EMATF 1 473 0.00000000000000000000000000000000000000000000000000000000000000000\
000000000000000 0.0000000000000000000000000000000000000000000000000000000000000\
0000000000000000000
EMATF 1 474 0.00000000000000000000000000000000000000000000000000000000000000000\
000000000000000 0.0000000000000000000000000000000000000000000000000000000000000\
0000000000000000000
EMATF 1 475 0.00000000000000000000000000000000000000000000000000000000000000000\
000000000000000 0.0000000000000000000000000000000000000000000000000000000000000\
0000000000000000000
EMATF 1 476 0.00000000000000000000000000000000000000000000000000000000000000000\
000000000000000 0.0000000000000000000000000000000000000000000000000000000000000\
0000000000000000000
EMATF 1 477 0.00000000000000000000000000000000000000000000000000000000000000000\
000000000000000 0.0000000000000000000000000000000000000000000000000000000000000\
0000000000000000000
EMATF 1 478 0.00000000000000000000000000000000000000000000000000000000000000000\
000000000000000 0.0000000000000000000000000000000000000000000000000000000000000\
0000000000000000000
EMATF 1 479 0.00000000000000000000000000000000000000000000000000000000000000000\
000000000000000 0.0000000000000000000000000000000000000000000000000000000000000\
0000000000000000000
EMATF 1 480 0.00000000000000000000000000000000000000000000000000000000000000000\
000000000000000 0.0000000000000000000000000000000000000000000000000000000000000\
0000000000000000000
EMATF 1 481 0.00000000000000000000000000000000000000000000000000000000000000000\
000000000000000 0.0000000000000000000000000000000000000000000000000000000000000\
0000000000000000000
EMATF 1 482 0.00000000000000000000000000000000000000000000000000000000000000000\
000000000000000 0.0000000000000000000000000000000000000000000000000000000000000\
0000000000000000000
EMATF 1 483 0.00000000000000000000000000000000000000000000000000000000000000000\
000000000000000 0.0000000000000000000000000000000000000000000000000000000000000\
0000000000000000000
EMATF 1 484 0.00000000000000000000000000000000000000000000000000000000000000000\
000000000000000 0.0000000000000000000000000000000000000000000000000000000000000\
0000000000000000000
EMATF 1 485 0.00000000000000000000000000000000000000000000000000000000000000000\
000000000000000 0.0000000000000000000000000000000000000000000000000000000000000\
0000000000000000000
EMATF 1 486 0.00000000000000000000000000000000000000000000000000000000000000000\
000000000000000 0.0000000000000000000000000000000000000000000000000000000000000\
0000000000000000000
EMATF 1 487 0.00000000000000000000000000000000000000000000000000000000000000000\
000000000000000 0.0000000000000000000000000000000000000000000000000000000000000\
0000000000000000000
EMATF 1 488 0.00000000000000000000000000000000000000000000000000000000000000000\
000000000000000 0.0000000000000000000000000000000000000000000000000000000000000\
0000000000000000000
EMATF 1 489 0.00000000000000000000000000000000000000000000000000000000000000000\
000000000000000 0.0000000000000000000000000000000000000000000000000000000000000\
0000000000000000000
EMATF 1 490 0.00000000000000000000000000000000000000000000000000000000000000000\
000000000000000 0.0000000000000000000000000000000000000000000000000000000000000\
0000000000000000000
EMATF 1 491 0.00000000000000000000000000000000000000000000000000000000000000000\
000000000000000 0.0000000000000000000000000000000000000000000000000000000000000\
0000000000000000000
EMATF 1 492 0.00000000000000000000000000000000000000000000000000000000000000000\
000000000000000 0.0000000000000000000000000000000000000000000000000000000000000\
0000000000000000000
EMATF 1 493 0.00000000000000000000000000000000000000000000000000000000000000000\
000000000000000 0.0000000000000000000000000000000000000000000000000000000000000\
0000000000000000000
EMATF 1 494 0.00000000000000000000000000000000000000000000000000000000000000000\
000000000000000 0.0000000000000000000000000000000000000000000000000000000000000\
0000000000000000000
EMATF 1 495 0.00000000000000000000000000000000000000000000000000000000000000000\
000000000000000 0.0000000000000000000000000000000000000000000000000000000000000\
0000000000000000000
EMATF 1 496 0.00000000000000000000000000000000000000000000000000000000000000000\
000000000000000 0.0000000000000000000000000000000000000000000000000000000000000\
0000000000000000000
EMATF 1 497 0.00000000000000000000000000000000000000000000000000000000000000000\
000000000000000 0.0000000000000000000000000000000000000000000000000000000000000\
0000000000000000000
EMATF 1 498 0.00000000000000000000000000000000000000000000000000000000000000000\
000000000000000 0.0000000000000000000000000000000000000000000000000000000000000\
0000000000000000000
EMATF 1 499 0.00000000000000000000000000000000000000000000000000000000000000000\
000000000000000 0.0000000000000000000000000000000000000000000000000000000000000\
0000000000000000000
EMATF 1 500 0.00000000000000000000000000000000000000000000000000000000000000000\
000000000000000 0.0000000000000000000000000000000000000000000000000000000000000\
0000000000000000000
EMATF 1 501 0.00000000000000000000000000000000000000000000000000000000000000000\
000000000000000 0.0000000000000000000000000000000000000000000000000000000000000\
0000000000000000000
EMATF 1 502 0.00000000000000000000000000000000000000000000000000000000000000000\
000000000000000 0.0000000000000000000000000000000000000000000000000000000000000\
0000000000000000000
EMATF 1 503 0.00000000000000000000000000000000000000000000000000000000000000000\
000000000000000 0.0000000000000000000000000000000000000000000000000000000000000\
0000000000000000000
EMATF 1 504 0.00000000000000000000000000000000000000000000000000000000000000000\
000000000000000 0.0000000000000000000000000000000000000000000000000000000000000\
0000000000000000000
EMATF 1 505 0.00000000000000000000000000000000000000000000000000000000000000000\
000000000000000 0.0000000000000000000000000000000000000000000000000000000000000\
0000000000000000000
EMATF 1 506 0.00000000000000000000000000000000000000000000000000000000000000000\
000000000000000 0.0000000000000000000000000000000000000000000000000000000000000\
0000000000000000000
EMATF 1 507 0.00000000000000000000000000000000000000000000000000000000000000000\
000000000000000 0.0000000000000000000000000000000000000000000000000000000000000\
0000000000000000000
EMATF 1 508 0.00000000000000000000000000000000000000000000000000000000000000000\
000000000000000 0.0000000000000000000000000000000000000000000000000000000000000\
0000000000000000000
EMATF 1 509 0.00000000000000000000000000000000000000000000000000000000000000000\
000000000000000 0.0000000000000000000000000000000000000000000000000000000000000\
0000000000000000000
EMATF 1 510 0.00000000000000000000000000000000000000000000000000000000000000000\
000000000000000 0.0000000000000000000000000000000000000000000000000000000000000\
0000000000000000000
EMATF 1 511 0.00000000000000000000000000000000000000000000000000000000000000000\
000000000000000 0.0000000000000000000000000000000000000000000000000000000000000\
0000000000000000000
EMATF 1 512 0.00000000000000000000000000000000000000000000000000000000000000000\
000000000000000 0.0000000000000000000000000000000000000000000000000000000000000\
0000000000000000000
EMATF 1 513 0.00000000000000000000000000000000000000000000000000000000000000000\
000000000000000 0.0000000000000000000000000000000000000000000000000000000000000\
0000000000000000000
EMATF 1 514 0.00000000000000000000000000000000000000000000000000000000000000000\
000000000000000 0.0000000000000000000000000000000000000000000000000000000000000\
0000000000000000000
EMATF 1 515 0.00000000000000000000000000000000000000000000000000000000000000000\
000000000000000 0.0000000000000000000000000000000000000000000000000000000000000\
0000000000000000000
EMATF 1 516 0.00000000000000000000000000000000000000000000000000000000000000000\
000000000000000 0.0000000000000000000000000000000000000000000000000000000000000\
0000000000000000000
EMATF 1 517 0.00000000000000000000000000000000000000000000000000000000000000000\
000000000000000 0.0000000000000000000000000000000000000000000000000000000000000\
0000000000000000000
EMATF 1 518 0.00000000000000000000000000000000000000000000000000000000000000000\
000000000000000 0.0000000000000000000000000000000000000000000000000000000000000\
0000000000000000000
EMATF 1 519 0.00000000000000000000000000000000000000000000000000000000000000000\
000000000000000 0.0000000000000000000000000000000000000000000000000000000000000\
0000000000000000000
EMATF 1 520 0.00000000000000000000000000000000000000000000000000000000000000000\
000000000000000 0.0000000000000000000000000000000000000000000000000000000000000\
0000000000000000000
EMATF 1 521 0.00000000000000000000000000000000000000000000000000000000000000000\
000000000000000 0.0000000000000000000000000000000000000000000000000000000000000\
0000000000000000000
EMATF 1 522 0.00000000000000000000000000000000000000000000000000000000000000000\
000000000000000 0.0000000000000000000000000000000000000000000000000000000000000\
0000000000000000000
EMATF 1 523 0.00000000000000000000000000000000000000000000000000000000000000000\
000000000000000 0.0000000000000000000000000000000000000000000000000000000000000\
0000000000000000000
EMATF 1 524 0.00000000000000000000000000000000000000000000000000000000000000000\
000000000000000 0.0000000000000000000000000000000000000000000000000000000000000\
0000000000000000000
EMATF 1 525 0.00000000000000000000000000000000000000000000000000000000000000000\
000000000000000 0.0000000000000000000000000000000000000000000000000000000000000\
0000000000000000000
EMATF 1 526 0.00000000000000000000000000000000000000000000000000000000000000000\
000000000000000 0.0000000000000000000000000000000000000000000000000000000000000\
0000000000000000000
EMATF 1 527 0.00000000000000000000000000000000000000000000000000000000000000000\
000000000000000 0.0000000000000000000000000000000000000000000000000000000000000\
0000000000000000000
EMATF 1 528 0.00000000000000000000000000000000000000000000000000000000000000000\
000000000000000 0.0000000000000000000000000000000000000000000000000000000000000\
0000000000000000000
EMATF 1 529 0.00000000000000000000000000000000000000000000000000000000000000000\
000000000000000 0.0000000000000000000000000000000000000000000000000000000000000\
0000000000000000000
EMATF 1 530 0.00000000000000000000000000000000000000000000000000000000000000000\
000000000000000 0.0000000000000000000000000000000000000000000000000000000000000\
0000000000000000000
EMATF 1 531 0.00000000000000000000000000000000000000000000000000000000000000000\
000000000000000 0.0000000000000000000000000000000000000000000000000000000000000\
0000000000000000000
EMATF 1 532 0.00000000000000000000000000000000000000000000000000000000000000000\
000000000000000 0.0000000000000000000000000000000000000000000000000000000000000\
0000000000000000000
EMATF 1 533 0.00000000000000000000000000000000000000000000000000000000000000000\
000000000000000 0.0000000000000000000000000000000000000000000000000000000000000\
0000000000000000000
EMATF 1 534 0.00000000000000000000000000000000000000000000000000000000000000000\
000000000000000 0.0000000000000000000000000000000000000000000000000000000000000\
0000000000000000000
EMATF 1 535 0.00000000000000000000000000000000000000000000000000000000000000000\
000000000000000 0.0000000000000000000000000000000000000000000000000000000000000\
0000000000000000000
EMATF 1 536 0.00000000000000000000000000000000000000000000000000000000000000000\
000000000000000 0.0000000000000000000000000000000000000000000000000000000000000\
0000000000000000000
EMATF 1 537 0.00000000000000000000000000000000000000000000000000000000000000000\
000000000000000 0.0000000000000000000000000000000000000000000000000000000000000\
0000000000000000000
EMATF 1 538 0.00000000000000000000000000000000000000000000000000000000000000000\
000000000000000 0.0000000000000000000000000000000000000000000000000000000000000\
0000000000000000000
EMATF 1 539 0.00000000000000000000000000000000000000000000000000000000000000000\
000000000000000 0.0000000000000000000000000000000000000000000000000000000000000\
0000000000000000000
EMATF 1 540 0.00000000000000000000000000000000000000000000000000000000000000000\
000000000000000 0.0000000000000000000000000000000000000000000000000000000000000\
0000000000000000000
EMATF 1 541 0.00000000000000000000000000000000000000000000000000000000000000000\
000000000000000 0.0000000000000000000000000000000000000000000000000000000000000\
0000000000000000000
EMATF 1 542 0.00000000000000000000000000000000000000000000000000000000000000000\
000000000000000 0.0000000000000000000000000000000000000000000000000000000000000\
0000000000000000000
EMATF 1 543 0.00000000000000000000000000000000000000000000000000000000000000000\
000000000000000 0.0000000000000000000000000000000000000000000000000000000000000\
0000000000000000000
EMATF 1 544 0.00000000000000000000000000000000000000000000000000000000000000000\
000000000000000 0.0000000000000000000000000000000000000000000000000000000000000\
0000000000000000000
EMATF 1 545 0.00000000000000000000000000000000000000000000000000000000000000000\
000000000000000 0.0000000000000000000000000000000000000000000000000000000000000\
0000000000000000000
EMATF 1 546 0.00000000000000000000000000000000000000000000000000000000000000000\
000000000000000 0.0000000000000000000000000000000000000000000000000000000000000\
0000000000000000000
EMATF 1 547 0.00000000000000000000000000000000000000000000000000000000000000000\
000000000000000 0.0000000000000000000000000000000000000000000000000000000000000\
0000000000000000000
EMATF 1 548 0.00000000000000000000000000000000000000000000000000000000000000000\
000000000000000 0.0000000000000000000000000000000000000000000000000000000000000\
0000000000000000000
EMATF 1 549 0.00000000000000000000000000000000000000000000000000000000000000000\
000000000000000 0.0000000000000000000000000000000000000000000000000000000000000\
0000000000000000000
EMATF 1 550 0.00000000000000000000000000000000000000000000000000000000000000000\
000000000000000 0.0000000000000000000000000000000000000000000000000000000000000\
0000000000000000000
EMATF 1 551 0.00000000000000000000000000000000000000000000000000000000000000000\
000000000000000 0.0000000000000000000000000000000000000000000000000000000000000\
0000000000000000000
EMATF 1 552 0.00000000000000000000000000000000000000000000000000000000000000000\
000000000000000 0.0000000000000000000000000000000000000000000000000000000000000\
0000000000000000000
EMATF 1 553 0.00000000000000000000000000000000000000000000000000000000000000000\
000000000000000 0.0000000000000000000000000000000000000000000000000000000000000\
0000000000000000000
EMATF 1 554 0.00000000000000000000000000000000000000000000000000000000000000000\
000000000000000 0.0000000000000000000000000000000000000000000000000000000000000\
0000000000000000000
EMATF 1 555 0.00000000000000000000000000000000000000000000000000000000000000000\
000000000000000 0.0000000000000000000000000000000000000000000000000000000000000\
0000000000000000000
EMATF 1 556 0.00000000000000000000000000000000000000000000000000000000000000000\
000000000000000 0.0000000000000000000000000000000000000000000000000000000000000\
0000000000000000000
EMATF 1 557 0.00000000000000000000000000000000000000000000000000000000000000000\
000000000000000 0.0000000000000000000000000000000000000000000000000000000000000\
0000000000000000000
EMATF 1 558 0.00000000000000000000000000000000000000000000000000000000000000000\
000000000000000 0.0000000000000000000000000000000000000000000000000000000000000\
0000000000000000000
EMATF 1 559 0.00000000000000000000000000000000000000000000000000000000000000000\
000000000000000 0.0000000000000000000000000000000000000000000000000000000000000\
0000000000000000000
EMATF 1 560 0.00000000000000000000000000000000000000000000000000000000000000000\
000000000000000 0.0000000000000000000000000000000000000000000000000000000000000\
0000000000000000000
EMATF 1 561 0.00000000000000000000000000000000000000000000000000000000000000000\
000000000000000 0.0000000000000000000000000000000000000000000000000000000000000\
0000000000000000000
EMATF 1 562 0.00000000000000000000000000000000000000000000000000000000000000000\
000000000000000 0.0000000000000000000000000000000000000000000000000000000000000\
0000000000000000000
EMATF 1 563 0.00000000000000000000000000000000000000000000000000000000000000000\
000000000000000 0.0000000000000000000000000000000000000000000000000000000000000\
0000000000000000000
EMATF 1 564 0.00000000000000000000000000000000000000000000000000000000000000000\
000000000000000 0.0000000000000000000000000000000000000000000000000000000000000\
0000000000000000000
EMATF 1 565 0.00000000000000000000000000000000000000000000000000000000000000000\
000000000000000 0.0000000000000000000000000000000000000000000000000000000000000\
0000000000000000000
EMATF 1 566 0.00000000000000000000000000000000000000000000000000000000000000000\
000000000000000 0.0000000000000000000000000000000000000000000000000000000000000\
0000000000000000000
EMATF 1 567 0.00000000000000000000000000000000000000000000000000000000000000000\
000000000000000 0.0000000000000000000000000000000000000000000000000000000000000\
0000000000000000000
EMATF 1 568 0.00000000000000000000000000000000000000000000000000000000000000000\
000000000000000 0.0000000000000000000000000000000000000000000000000000000000000\
0000000000000000000
EMATF 1 569 0.00000000000000000000000000000000000000000000000000000000000000000\
000000000000000 0.0000000000000000000000000000000000000000000000000000000000000\
0000000000000000000
EMATF 1 570 0.00000000000000000000000000000000000000000000000000000000000000000\
000000000000000 0.0000000000000000000000000000000000000000000000000000000000000\
0000000000000000000
EMATF 1 571 0.00000000000000000000000000000000000000000000000000000000000000000\
000000000000000 0.0000000000000000000000000000000000000000000000000000000000000\
0000000000000000000
EMATF 1 572 0.00000000000000000000000000000000000000000000000000000000000000000\
000000000000000 0.0000000000000000000000000000000000000000000000000000000000000\
0000000000000000000
EMATF 1 573 0.00000000000000000000000000000000000000000000000000000000000000000\
000000000000000 0.0000000000000000000000000000000000000000000000000000000000000\
0000000000000000000
EMATF 1 574 0.00000000000000000000000000000000000000000000000000000000000000000\
000000000000000 0.0000000000000000000000000000000000000000000000000000000000000\
0000000000000000000
EMATF 1 575 0.00000000000000000000000000000000000000000000000000000000000000000\
000000000000000 0.0000000000000000000000000000000000000000000000000000000000000\
0000000000000000000
EMATF 1 576 0.00000000000000000000000000000000000000000000000000000000000000000\
000000000000000 0.0000000000000000000000000000000000000000000000000000000000000\
0000000000000000000
EMATF 1 577 0.00000000000000000000000000000000000000000000000000000000000000000\
000000000000000 0.0000000000000000000000000000000000000000000000000000000000000\
0000000000000000000
EMATF 1 578 0.00000000000000000000000000000000000000000000000000000000000000000\
000000000000000 0.0000000000000000000000000000000000000000000000000000000000000\
0000000000000000000
EMATF 1 579 0.00000000000000000000000000000000000000000000000000000000000000000\
000000000000000 0.0000000000000000000000000000000000000000000000000000000000000\
0000000000000000000
EMATF 1 580 0.00000000000000000000000000000000000000000000000000000000000000000\
000000000000000 0.0000000000000000000000000000000000000000000000000000000000000\
0000000000000000000
EMATF 1 581 0.00000000000000000000000000000000000000000000000000000000000000000\
000000000000000 0.0000000000000000000000000000000000000000000000000000000000000\
0000000000000000000
EMATF 1 582 0.00000000000000000000000000000000000000000000000000000000000000000\
000000000000000 0.0000000000000000000000000000000000000000000000000000000000000\
0000000000000000000
EMATF 1 583 0.00000000000000000000000000000000000000000000000000000000000000000\
000000000000000 0.0000000000000000000000000000000000000000000000000000000000000\
0000000000000000000
EMATF 1 584 0.00000000000000000000000000000000000000000000000000000000000000000\
000000000000000 0.0000000000000000000000000000000000000000000000000000000000000\
0000000000000000000
EMATF 1 585 0.00000000000000000000000000000000000000000000000000000000000000000\
000000000000000 0.0000000000000000000000000000000000000000000000000000000000000\
0000000000000000000
EMATF 1 586 0.00000000000000000000000000000000000000000000000000000000000000000\
000000000000000 0.0000000000000000000000000000000000000000000000000000000000000\
0000000000000000000
EMATF 1 587 0.00000000000000000000000000000000000000000000000000000000000000000\
000000000000000 0.0000000000000000000000000000000000000000000000000000000000000\
0000000000000000000
EMATF 1 588 0.00000000000000000000000000000000000000000000000000000000000000000\
000000000000000 0.0000000000000000000000000000000000000000000000000000000000000\
0000000000000000000
EMATF 1 589 0.00000000000000000000000000000000000000000000000000000000000000000\
000000000000000 0.0000000000000000000000000000000000000000000000000000000000000\
0000000000000000000
EMATF 1 590 0.00000000000000000000000000000000000000000000000000000000000000000\
000000000000000 0.0000000000000000000000000000000000000000000000000000000000000\
0000000000000000000
EMATF 1 591 0.00000000000000000000000000000000000000000000000000000000000000000\
000000000000000 0.0000000000000000000000000000000000000000000000000000000000000\
0000000000000000000
EMATF 1 592 0.00000000000000000000000000000000000000000000000000000000000000000\
000000000000000 0.0000000000000000000000000000000000000000000000000000000000000\
0000000000000000000
EMATF 1 593 0.00000000000000000000000000000000000000000000000000000000000000000\
000000000000000 0.0000000000000000000000000000000000000000000000000000000000000\
0000000000000000000
EMATF 1 594 0.00000000000000000000000000000000000000000000000000000000000000000\
000000000000000 0.0000000000000000000000000000000000000000000000000000000000000\
0000000000000000000
EMATF 1 595 0.00000000000000000000000000000000000000000000000000000000000000000\
000000000000000 0.0000000000000000000000000000000000000000000000000000000000000\
0000000000000000000
EMATF 1 596 0.00000000000000000000000000000000000000000000000000000000000000000\
000000000000000 0.0000000000000000000000000000000000000000000000000000000000000\
0000000000000000000
EMATF 1 597 0.00000000000000000000000000000000000000000000000000000000000000000\
000000000000000 0.0000000000000000000000000000000000000000000000000000000000000\
0000000000000000000
EMATF 1 598 0.00000000000000000000000000000000000000000000000000000000000000000\
000000000000000 0.0000000000000000000000000000000000000000000000000000000000000\
0000000000000000000
EMATF 1 599 0.00000000000000000000000000000000000000000000000000000000000000000\
000000000000000 0.0000000000000000000000000000000000000000000000000000000000000\
0000000000000000000
EMATF 1 600 0.00000000000000000000000000000000000000000000000000000000000000000\
000000000000000 0.0000000000000000000000000000000000000000000000000000000000000\
0000000000000000000
EMATF 1 601 0.00000000000000000000000000000000000000000000000000000000000000000\
000000000000000 0.0000000000000000000000000000000000000000000000000000000000000\
0000000000000000000
EMATF 1 602 0.00000000000000000000000000000000000000000000000000000000000000000\
000000000000000 0.0000000000000000000000000000000000000000000000000000000000000\
0000000000000000000
EMATF 1 603 0.00000000000000000000000000000000000000000000000000000000000000000\
000000000000000 0.0000000000000000000000000000000000000000000000000000000000000\
0000000000000000000
EMATF 1 604 0.00000000000000000000000000000000000000000000000000000000000000000\
000000000000000 0.0000000000000000000000000000000000000000000000000000000000000\
0000000000000000000
EMATF 1 605 0.00000000000000000000000000000000000000000000000000000000000000000\
000000000000000 0.0000000000000000000000000000000000000000000000000000000000000\
0000000000000000000
EMATF 1 606 0.00000000000000000000000000000000000000000000000000000000000000000\
000000000000000 0.0000000000000000000000000000000000000000000000000000000000000\
0000000000000000000
EMATF 1 607 0.00000000000000000000000000000000000000000000000000000000000000000\
000000000000000 0.0000000000000000000000000000000000000000000000000000000000000\
0000000000000000000
EMATF 1 608 0.00000000000000000000000000000000000000000000000000000000000000000\
000000000000000 0.0000000000000000000000000000000000000000000000000000000000000\
0000000000000000000
EMATF 1 609 0.00000000000000000000000000000000000000000000000000000000000000000\
000000000000000 0.0000000000000000000000000000000000000000000000000000000000000\
0000000000000000000
EMATF 1 610 0.00000000000000000000000000000000000000000000000000000000000000000\
000000000000000 0.0000000000000000000000000000000000000000000000000000000000000\
0000000000000000000
EMATF 1 611 0.00000000000000000000000000000000000000000000000000000000000000000\
000000000000000 0.0000000000000000000000000000000000000000000000000000000000000\
0000000000000000000
EMATF 1 612 0.00000000000000000000000000000000000000000000000000000000000000000\
000000000000000 0.0000000000000000000000000000000000000000000000000000000000000\
0000000000000000000
EMATF 1 613 0.00000000000000000000000000000000000000000000000000000000000000000\
000000000000000 0.0000000000000000000000000000000000000000000000000000000000000\
0000000000000000000
EMATF 1 614 0.00000000000000000000000000000000000000000000000000000000000000000\
000000000000000 0.0000000000000000000000000000000000000000000000000000000000000\
0000000000000000000
EMATF 1 615 0.00000000000000000000000000000000000000000000000000000000000000000\
000000000000000 0.0000000000000000000000000000000000000000000000000000000000000\
0000000000000000000
EMATF 1 616 0.00000000000000000000000000000000000000000000000000000000000000000\
000000000000000 0.0000000000000000000000000000000000000000000000000000000000000\
0000000000000000000
EMATF 1 617 0.00000000000000000000000000000000000000000000000000000000000000000\
000000000000000 0.0000000000000000000000000000000000000000000000000000000000000\
0000000000000000000
EMATF 1 618 0.00000000000000000000000000000000000000000000000000000000000000000\
000000000000000 0.0000000000000000000000000000000000000000000000000000000000000\
0000000000000000000
EMATF 1 619 0.00000000000000000000000000000000000000000000000000000000000000000\
000000000000000 0.0000000000000000000000000000000000000000000000000000000000000\
0000000000000000000
EMATF 1 620 0.00000000000000000000000000000000000000000000000000000000000000000\
000000000000000 0.0000000000000000000000000000000000000000000000000000000000000\
0000000000000000000
EMATF 1 621 0.00000000000000000000000000000000000000000000000000000000000000000\
000000000000000 0.0000000000000000000000000000000000000000000000000000000000000\
0000000000000000000
EMATF 1 622 0.00000000000000000000000000000000000000000000000000000000000000000\
000000000000000 0.0000000000000000000000000000000000000000000000000000000000000\
0000000000000000000
EMATF 1 623 0.00000000000000000000000000000000000000000000000000000000000000000\
000000000000000 0.0000000000000000000000000000000000000000000000000000000000000\
0000000000000000000
EMATF 1 624 0.00000000000000000000000000000000000000000000000000000000000000000\
000000000000000 0.0000000000000000000000000000000000000000000000000000000000000\
0000000000000000000
EMATF 1 625 0.00000000000000000000000000000000000000000000000000000000000000000\
000000000000000 0.0000000000000000000000000000000000000000000000000000000000000\
0000000000000000000
EMATF 1 626 0.00000000000000000000000000000000000000000000000000000000000000000\
000000000000000 0.0000000000000000000000000000000000000000000000000000000000000\
0000000000000000000
EMATF 1 627 0.00000000000000000000000000000000000000000000000000000000000000000\
000000000000000 0.0000000000000000000000000000000000000000000000000000000000000\
0000000000000000000
EMATF 1 628 0.00000000000000000000000000000000000000000000000000000000000000000\
000000000000000 0.0000000000000000000000000000000000000000000000000000000000000\
0000000000000000000
EMATF 1 629 0.00000000000000000000000000000000000000000000000000000000000000000\
000000000000000 0.0000000000000000000000000000000000000000000000000000000000000\
0000000000000000000
EMATF 1 630 0.00000000000000000000000000000000000000000000000000000000000000000\
000000000000000 0.0000000000000000000000000000000000000000000000000000000000000\
0000000000000000000
EMATF 1 631 0.00000000000000000000000000000000000000000000000000000000000000000\
000000000000000 0.0000000000000000000000000000000000000000000000000000000000000\
0000000000000000000
EMATF 1 632 0.00000000000000000000000000000000000000000000000000000000000000000\
000000000000000 0.0000000000000000000000000000000000000000000000000000000000000\
0000000000000000000
EMATF 1 633 0.00000000000000000000000000000000000000000000000000000000000000000\
000000000000000 0.0000000000000000000000000000000000000000000000000000000000000\
0000000000000000000
EMATF 1 634 0.00000000000000000000000000000000000000000000000000000000000000000\
000000000000000 0.0000000000000000000000000000000000000000000000000000000000000\
0000000000000000000
EMATF 1 635 0.00000000000000000000000000000000000000000000000000000000000000000\
000000000000000 0.0000000000000000000000000000000000000000000000000000000000000\
0000000000000000000
EMATF 1 636 0.00000000000000000000000000000000000000000000000000000000000000000\
000000000000000 0.0000000000000000000000000000000000000000000000000000000000000\
0000000000000000000
EMATF 1 637 0.00000000000000000000000000000000000000000000000000000000000000000\
000000000000000 0.0000000000000000000000000000000000000000000000000000000000000\
0000000000000000000
EMATF 1 638 0.00000000000000000000000000000000000000000000000000000000000000000\
000000000000000 0.0000000000000000000000000000000000000000000000000000000000000\
0000000000000000000
EMATF 1 639 0.00000000000000000000000000000000000000000000000000000000000000000\
000000000000000 0.0000000000000000000000000000000000000000000000000000000000000\
0000000000000000000
EMATF 1 640 0.00000000000000000000000000000000000000000000000000000000000000000\
000000000000000 0.0000000000000000000000000000000000000000000000000000000000000\
0000000000000000000
EMATF 1 641 0.00000000000000000000000000000000000000000000000000000000000000000\
000000000000000 0.0000000000000000000000000000000000000000000000000000000000000\
0000000000000000000
EMATF 1 642 0.00000000000000000000000000000000000000000000000000000000000000000\
000000000000000 0.0000000000000000000000000000000000000000000000000000000000000\
0000000000000000000
EMATF 1 643 0.00000000000000000000000000000000000000000000000000000000000000000\
000000000000000 0.0000000000000000000000000000000000000000000000000000000000000\
0000000000000000000
EMATF 1 644 0.00000000000000000000000000000000000000000000000000000000000000000\
000000000000000 0.0000000000000000000000000000000000000000000000000000000000000\
0000000000000000000
EMATF 1 645 0.00000000000000000000000000000000000000000000000000000000000000000\
000000000000000 0.0000000000000000000000000000000000000000000000000000000000000\
0000000000000000000
EMATF 1 646 0.00000000000000000000000000000000000000000000000000000000000000000\
000000000000000 0.0000000000000000000000000000000000000000000000000000000000000\
0000000000000000000
EMATF 1 647 0.00000000000000000000000000000000000000000000000000000000000000000\
000000000000000 0.0000000000000000000000000000000000000000000000000000000000000\
0000000000000000000
EMATF 1 648 0.00000000000000000000000000000000000000000000000000000000000000000\
000000000000000 0.0000000000000000000000000000000000000000000000000000000000000\
0000000000000000000
EMATF 1 649 0.00000000000000000000000000000000000000000000000000000000000000000\
000000000000000 0.0000000000000000000000000000000000000000000000000000000000000\
0000000000000000000
EMATF 1 650 0.00000000000000000000000000000000000000000000000000000000000000000\
000000000000000 0.0000000000000000000000000000000000000000000000000000000000000\
0000000000000000000
EMATF 1 651 0.00000000000000000000000000000000000000000000000000000000000000000\
000000000000000 0.0000000000000000000000000000000000000000000000000000000000000\
0000000000000000000
EMATF 1 652 0.00000000000000000000000000000000000000000000000000000000000000000\
000000000000000 0.0000000000000000000000000000000000000000000000000000000000000\
0000000000000000000
EMATF 1 653 0.00000000000000000000000000000000000000000000000000000000000000000\
000000000000000 0.0000000000000000000000000000000000000000000000000000000000000\
0000000000000000000
EMATF 1 654 0.00000000000000000000000000000000000000000000000000000000000000000\
000000000000000 0.0000000000000000000000000000000000000000000000000000000000000\
0000000000000000000
EMATF 1 655 0.00000000000000000000000000000000000000000000000000000000000000000\
000000000000000 0.0000000000000000000000000000000000000000000000000000000000000\
0000000000000000000
EMATF 1 656 0.00000000000000000000000000000000000000000000000000000000000000000\
000000000000000 0.0000000000000000000000000000000000000000000000000000000000000\
0000000000000000000
EMATF 1 657 0.00000000000000000000000000000000000000000000000000000000000000000\
000000000000000 0.0000000000000000000000000000000000000000000000000000000000000\
0000000000000000000
EMATF 1 658 0.00000000000000000000000000000000000000000000000000000000000000000\
000000000000000 0.0000000000000000000000000000000000000000000000000000000000000\
0000000000000000000
EMATF 1 659 0.00000000000000000000000000000000000000000000000000000000000000000\
000000000000000 0.0000000000000000000000000000000000000000000000000000000000000\
0000000000000000000
EMATF 1 660 0.00000000000000000000000000000000000000000000000000000000000000000\
000000000000000 0.0000000000000000000000000000000000000000000000000000000000000\
0000000000000000000
EMATF 1 661 0.00000000000000000000000000000000000000000000000000000000000000000\
000000000000000 0.0000000000000000000000000000000000000000000000000000000000000\
0000000000000000000
EMATF 1 662 0.00000000000000000000000000000000000000000000000000000000000000000\
000000000000000 0.0000000000000000000000000000000000000000000000000000000000000\
0000000000000000000
EMATF 1 663 0.00000000000000000000000000000000000000000000000000000000000000000\
000000000000000 0.0000000000000000000000000000000000000000000000000000000000000\
0000000000000000000
EMATF 1 664 0.00000000000000000000000000000000000000000000000000000000000000000\
000000000000000 0.0000000000000000000000000000000000000000000000000000000000000\
0000000000000000000
EMATF 1 665 0.00000000000000000000000000000000000000000000000000000000000000000\
000000000000000 0.0000000000000000000000000000000000000000000000000000000000000\
0000000000000000000
EMATF 1 666 0.00000000000000000000000000000000000000000000000000000000000000000\
000000000000000 0.0000000000000000000000000000000000000000000000000000000000000\
0000000000000000000
EMATF 1 667 -0.3333333333333333333333333333333333333333333333333333333333333333\
3333333333333314 -4.37308622486075775116408078053367366653504332487443614436759\
93319441074112319139E-80
EMATF 1 668 -1.0683639663073515480440899476676092922523668692948132146964037316\
515528905015219E-79 0.333333333333333333333333333333333333333333333333333333333\
33333333333333333333340
EMATF 1 669 -0.3333333333333333333333333333333333333333333333333333333333333333\
3333333333333330 3.621567327255123014933757967982088408407784350245629273572358\
5211207990375000774E-80
EMATF 1 670 9.38108228246453465736750711334569394382062424990633939089574677092\
59709027058290E-79 0.3333333333333333333333333333333333333333333333333333333333\
3333333333333333333258
EMATF 1 671 -0.3333333333333333333333333333333333333333333333333333333333333333\
3333333333333328 -1.73377001305208696325578654687546843897357412474146106491009\
43203017976538796227E-79
EMATF 1 672 -1.0582776782738253545448157601600000912415467037222340296784119060\
911330005399179E-78 0.333333333333333333333333333333333333333333333333333333333\
33333333333333333333462
EMATF 1 673 -0.3333333333333333333333333333333333333333333333333333333333333333\
3333333333333418 -4.48086936693446965114023262669422919805891363274978579196779\
46372414066495982302E-79
EMATF 1 674 -3.0070270262508492208188054772501261712344177846776835456500666727\
473084587445401E-78 0.333333333333333333333333333333333333333333333333333333333\
33333333333333333333570
EMATF 1 675 -0.3333333333333333333333333333333333333333333333333333333333333333\
3333333333333518 -3.19183515059573659056123892968003001658553018713599166066547\
67879507377400689803E-79
EMATF 1 676 -9.6801513389118889034441660343779118087406683104118141376419503192\
373574809711343E-80 0.333333333333333333333333333333333333333333333333333333333\
33333333333333333333382
EMATF 1 677 -0.3333333333333333333333333333333333333333333333333333333333333333\
3333333333333715 3.744254601352832534847607858794398246143370081415166732158390\
9146463599994586674E-79
EMATF 1 678 2.12305147484201718608540200390593984415338568375361363613179770586\
85769889359140E-78 0.3333333333333333333333333333333333333333333333333333333333\
3333333333333333333508
EMATF 1 679 -0.3333333333333333333333333333333333333333333333333333333333333333\
3333333333333552 -2.99784361327889246781015947538749294987238136057303585636171\
22608687811242931844E-78
EMATF 1 680 1.86156264937125205279579395567729499452934426401096557774379258158\
37241421702280E-78 0.3333333333333333333333333333333333333333333333333333333333\
3333333333333333333603
EMATF 1 681 -0.3333333333333333333333333333333333333333333333333333333333333333\
3333333333333908 -3.25375560995186246212142684011951325886349517677568217397973\
02789978815102626411E-79
EMATF 1 682 5.19935308979994924857598244274170294657791937526385616733380424997\
66277877465876E-79 0.3333333333333333333333333333333333333333333333333333333333\
3333333333333333332928
EMATF 1 683 -0.3333333333333333333333333333333333333333333333333333333333333333\
3333333333333466 2.800723722436362975908489335783856943074617405650689031297825\
1644156291852203154E-78
EMATF 1 684 5.24966113677244262618518393858503016758656899009185743398764703256\
05877127309299E-78 0.3333333333333333333333333333333333333333333333333333333333\
3333333333333333331485
EMATF 1 685 -0.3333333333333333333333333333333333333333333333333333333333333333\
3333333333331253 -2.18741511144830256864540661492378515101582002923843994640197\
89224556303219746805E-78
EMATF 1 686 -8.9021506987598521703941492331086051039794426224315552543695930592\
871718379718989E-79 0.333333333333333333333333333333333333333333333333333333333\
33333333333333333333263
EMATF 1 687 -0.3333333333333333333333333333333333333333333333333333333333333333\
3333333333332592 7.587846999142914613654133521138257288688938212295689034831111\
8224739669223031909E-78
EMATF 1 688 -1.4570030330295741368209724985369858401327827141164886898759885023\
449150977245011E-78 0.333333333333333333333333333333333333333333333333333333333\
33333333333333333334066
EMATF 1 689 -0.3333333333333333333333333333333333333333333333333333333333333333\
3333333333333463 4.568445670292994114696193070431889454010105357717040734807679\
9404469671240062169E-79
EMATF 1 690 6.93774200692981353254856339836859054558562342394717043973137311722\
03356575913158E-78 0.3333333333333333333333333333333333333333333333333333333333\
3333333333333333331486
EMATF 1 691 -0.3333333333333333333333333333333333333333333333333333333333333333\
3333333333331703 4.361132340484706063856056666435100515383667033167487316603995\
4795460846512002657E-79
EMATF 1 692 -5.3262793302066342721936421077373093104167749020145618773241727658\
470252233280088E-78 0.333333333333333333333333333333333333333333333333333333333\
33333333333333333329857
EMATF 1 693 -0.3333333333333333333333333333333333333333333333333333333333333333\
3333333333334493 1.643086163249909236978077370818946958265458151419029439553605\
5718010173274601712E-77
EMATF 1 694 -2.3235014140185092647390649074371874337763272904322247111636976419\
121436866199254E-77 0.333333333333333333333333333333333333333333333333333333333\
33333333333333333337264
EMATF 1 695 -0.3333333333333333333333333333333333333333333333333333333333333333\
3333333333328519 -6.81720236453776947566298940946403867322430696372608150441375\
97658832593878429092E-78
EMATF 1 696 -1.8045167475911219186118090736417321444690183525548538096475752792\
531962675776138E-79 0.333333333333333333333333333333333333333333333333333333333\
33333333333333333333230
EMATF 1 697 -0.3333333333333333333333333333333333333333333333333333333333333333\
3333333333331756 -2.17196859263263156243750412203742739013180126495824120108107\
21798077118315150603E-78
EMATF 1 698 -3.9204073579168290647769548767721507243113564853727903283279675734\
976954186711275E-79 0.333333333333333333333333333333333333333333333333333333333\
33333333333333333333262
EMATF 1 699 -0.3333333333333333333333333333333333333333333333333333333333333333\
3333333333337309 -1.90964055297820818331603369322860720450494072294466449437484\
66678870210205377732E-77
EMATF 1 700 -2.3140699138422094922193226623409998861097893522229874522568658263\
152246434762597E-77 0.333333333333333333333333333333333333333333333333333333333\
33333333333333333335882
EMATF 1 701 -0.3333333333333333333333333333333333333333333333333333333333333333\
3333333333337860 8.385907201250122777799576947574361649971308271173188794053579\
3165978061882017112E-78
EMATF 1 702 2.37771836239422273088993658273816122366016767123765498685830177666\
16689370006151E-78 0.3333333333333333333333333333333333333333333333333333333333\
3333333333333333332740
EMATF 1 703 -0.3333333333333333333333333333333333333333333333333333333333333333\
3333333333325148 -4.56690015461032101266589705825680828790037911435123096076536\
40664549413839603156E-78
EMATF 1 704 -2.5589515793466620518001682495527868630206105920493619990456711713\
255934327038417E-77 0.333333333333333333333333333333333333333333333333333333333\
33333333333333333326391
EMATF 1 705 -0.3333333333333333333333333333333333333333333333333333333333333333\
3333333333333258 5.276565618131059752768740737782952760343671445694622371265268\
2980849007309394183E-80
EMATF 1 706 -7.4800736392474940710164710748203732853165950459443657132698779523\
774592685512479E-78 0.333333333333333333333333333333333333333333333333333333333\
33333333333333333340334
EMATF 1 707 -0.3333333333333333333333333333333333333333333333333333333333333333\
3333333333333524 -2.56279798923550130069957932410760912064740030575721061005443\
02472029213530799297E-78
EMATF 1 708 -1.1672055572179377777348616055464325423362054520429618682158375123\
892206372268808E-77 0.333333333333333333333333333333333333333333333333333333333\
33333333333333333333167
EMATF 1 709 -0.3333333333333333333333333333333333333333333333333333333333333333\
3333333333337245 -8.06133773975295379498750275044744293775593239908235580039501\
17435802313525345137E-78
EMATF 1 710 -1.3802605812932786719089331198204255281268507508695862242369596081\
143305758355271E-77 0.333333333333333333333333333333333333333333333333333333333\
33333333333333333337828
EMATF 1 711 -0.3333333333333333333333333333333333333333333333333333333333333333\
3333333333328387 -1.11833770278410239583189012318474907823324769976564922206764\
91792199301188253251E-78
EMATF 1 712 -3.6234135813871602878011425576293823207482748630030690714010704986\
438357654682011E-78 0.333333333333333333333333333333333333333333333333333333333\
33333333333333333333374
EMATF 1 713 -0.3333333333333333333333333333333333333333333333333333333333333333\
3333333333328155 -3.01420867793848821175243275680711129542422626938557964928262\
16338120401217796776E-78
EMATF 1 714 2.47478397603716468362102769105398149319062420263679581555351255220\
42520930979649E-78 0.3333333333333333333333333333333333333333333333333333333333\
3333333333333333338552
EMATF 1 715 -0.3333333333333333333333333333333333333333333333333333333333333333\
3333333333336330 -5.15667779822238503365165726830856128873908401561146503463916\
77936787489534713375E-77
EMATF 1 716 4.37905520531323466413183894374825185672532967688459274181577169609\
08340909330440E-77 0.3333333333333333333333333333333333333333333333333333333333\
3333333333333333326563
EMATF 1 717 -0.3333333333333333333333333333333333333333333333333333333333333333\
3333333333328175 3.441028794039561318203742610200734021624436135520254238468076\
2727281657517433066E-77
EMATF 1 718 -1.2064702683631134098982446977626361738344910586737621364821705870\
052601206268771E-76 0.333333333333333333333333333333333333333333333333333333333\
33333333333333333336904
EMATF 1 719 -0.3333333333333333333333333333333333333333333333333333333333333333\
3333333333330975 -4.68085889763632927558516759542134918530757368441581604055218\
54543028127631379620E-77
EMATF 1 720 3.00296869034563558094409652627916098846318717101165529253424725579\
25357641086465E-79 0.3333333333333333333333333333333333333333333333333333333333\
3333333333333333327222
EMATF 1 721 -0.3333333333333333333333333333333333333333333333333333333333333333\
3333333333325665 -1.67053473710694103011397761636683532100465002488483874286638\
85591897810697004063E-78
EMATF 1 722 -1.1501404104516553965890280929848100001414034756744018499272236581\
273202373057940E-78 0.333333333333333333333333333333333333333333333333333333333\
33333333333333333332793
EMATF 1 723 -0.3333333333333333333333333333333333333333333333333333333333333333\
3333333333320392 -1.11337967363649142759235920434248716132185366247382821263595\
17891260873866603093E-76
EMATF 1 724 -3.1327873550231413148652917715466578559580371188135446624700059464\
831848621052532E-77 0.333333333333333333333333333333333333333333333333333333333\
33333333333333333319032
EMATF 1 725 -0.3333333333333333333333333333333333333333333333333333333333333333\
3333333333352774 5.071587709358981760608384243809660499216524055771789836868178\
8020831108880057058E-77
EMATF 1 726 4.45026990197234925111316031178026406722751327029630248482312975999\
63224105218059E-77 0.3333333333333333333333333333333333333333333333333333333333\
3333333333333333324780
EMATF 1 727 -0.3333333333333333333333333333333333333333333333333333333333333333\
3333333333332606 -2.73006800823477199871234460757491796911594398097700103377604\
44397305523566123324E-78
EMATF 1 728 -2.2891949420794243925858814502201580152308916639874027556859920482\
830041685087336E-77 0.333333333333333333333333333333333333333333333333333333333\
33333333333333333332989
EMATF 1 729 -0.3333333333333333333333333333333333333333333333333333333333333333\
3333333333325889 -2.17803572282519237327338301744236921699336647257183596635638\
16497771070478625229E-78
EMATF 1 730 3.32292816073064057855827516467234051229328922109658849950737859502\
72520335973276E-78 0.3333333333333333333333333333333333333333333333333333333333\
3333333333333333307211
EMATF 1 731 -0.3333333333333333333333333333333333333333333333333333333333333333\
3333333333343570 2.104978709670617064040929183151937822102733819576292677950463\
2753180890841163081E-77
EMATF 1 732 1.12325729533459837717007594571833606792576339688655123745233036836\
04665686613650E-77 0.3333333333333333333333333333333333333333333333333333333333\
3333333333333333334275
EMATF 1 733 -0.3333333333333333333333333333333333333333333333333333333333333333\
3333333333328912 -8.06611099352535578557554146168265626623875970008603579384287\
27910520824398033107E-77
EMATF 1 734 -2.1243112133276854508195007027392162428297363399900622844255529684\
451868358616573E-77 0.333333333333333333333333333333333333333333333333333333333\
33333333333333333353496
EMATF 1 735 -0.3333333333333333333333333333333333333333333333333333333333333333\
3333333333333737 3.966596419118402850804465958242904011661805927054237320166685\
7113887282127981913E-79
EMATF 1 736 -9.6671810377307094761648726122866744698952358695822741605271439400\
613925690104425E-77 0.333333333333333333333333333333333333333333333333333333333\
33333333333333333345686
EMATF 1 737 -0.3333333333333333333333333333333333333333333333333333333333333333\
3333333333360298 7.671755728372911775272605375178246529427528149132134878816776\
7555005255574073395E-77
EMATF 1 738 1.80799282151935095899843332723310165496656459780187509768046402156\
39608081604863E-76 0.3333333333333333333333333333333333333333333333333333333333\
3333333333333333332421
EMATF 1 739 -0.3333333333333333333333333333333333333333333333333333333333333333\
3333333333305567 -9.45703246323304118571306972536253674221938941037635875502056\
44205369245175305617E-77
EMATF 1 740 -7.8968259921590185008023243158583351164173342413507026617816302142\
054184115025474E-78 0.333333333333333333333333333333333333333333333333333333333\
33333333333333333333872
EMATF 1 741 -0.3333333333333333333333333333333333333333333333333333333333333333\
3333333333339254 1.879857018934394798659073119652407791853994073283943054734543\
3525161850507717330E-76
EMATF 1 742 -4.6937551197778088408746528604639622949586313185746722403697728977\
451091444610849E-78 0.333333333333333333333333333333333333333333333333333333333\
33333333333333333334382
EMATF 1 743 -0.3333333333333333333333333333333333333333333333333333333333333333\
3333333333337816 -2.36690933603139411379552168511169099557032633287996947774516\
41786429616749837853E-77
EMATF 1 744 -1.7553110070202305275372664350879793616758749819308527190746020141\
617728634611295E-76 0.333333333333333333333333333333333333333333333333333333333\
33333333333333333352425
EMATF 1 745 -0.3333333333333333333333333333333333333333333333333333333333333333\
3333333333332347 -1.40220021348585990050417800036047685352019406945661559475173\
37079874167182639889E-78
EMATF 1 746 -1.0323926464139644868717484784809231208396111985204572806377807628\
166380904336539E-77 0.333333333333333333333333333333333333333333333333333333333\
33333333333333333341903
EMATF 1 747 -0.3333333333333333333333333333333333333333333333333333333333333333\
3333333333355533 -8.37061519389546621900454513281370374122663112177001830469389\
31596545920366811737E-78
EMATF 1 748 4.75729790013790584273878672540706089672593060929151749917416757418\
64562099194670E-77 0.3333333333333333333333333333333333333333333333333333333333\
3333333333333333303857
EMATF 1 749 -0.3333333333333333333333333333333333333333333333333333333333333333\
3333333333326818 -1.22199648581184984452605142394765588223307235436094836625139\
55605207786430883650E-76
EMATF 1 750 9.95690329019809201837993567527991484378683129076456664476816632226\
40734975745598E-77 0.3333333333333333333333333333333333333333333333333333333333\
3333333333333333353943
EMATF 1 751 -0.3333333333333333333333333333333333333333333333333333333333333333\
3333333333339774 -8.80404428945561997200069868841314793743763148343102957795198\
93404308331073468408E-77
EMATF 1 752 9.88284313050221422378316248218290275426551206530558185084974060717\
27022613998448E-77 0.3333333333333333333333333333333333333333333333333333333333\
3333333333333333339569
EMATF 1 753 -0.3333333333333333333333333333333333333333333333333333333333333333\
3333333333343944 5.924135262886402916316871278513873980186313702162636870102747\
4355774230845875380E-77
EMATF 1 754 -6.3550752247244088299977751332410922857043989621777791513828907586\
148758770511310E-78 0.333333333333333333333333333333333333333333333333333333333\
33333333333333333317623
EMATF 1 755 -0.3333333333333333333333333333333333333333333333333333333333333333\
3333333333330470 4.915241081417088994770332534422667654719661765955889606222646\
8006062941457631950E-78
EMATF 1 756 -6.9498082536336532115177286087234189007536580164686535536016215817\
482075876080966E-77 0.333333333333333333333333333333333333333333333333333333333\
33333333333333333386407
EMATF 1 757 -0.3333333333333333333333333333333333333333333333333333333333333333\
3333333333324141 -1.84538338232734128388489325960323159921873144812692746666448\
47193910310211217151E-76
EMATF 1 758 -6.1600118139370614060356715706014077691030759243394067209387391542\
092037630210827E-78 0.333333333333333333333333333333333333333333333333333333333\
33333333333333333356229
EMATF 1 759 -0.3333333333333333333333333333333333333333333333333333333333333333\
3333333333314899 -1.32204594818198829923503627806205303927751610248300689008686\
91109398047103672528E-76
EMATF 1 760 2.02883365117546880011840858066113805119970164710242474231546205360\
93984868307555E-76 0.3333333333333333333333333333333333333333333333333333333333\
3333333333333333285448
EMATF 1 761 -0.3333333333333333333333333333333333333333333333333333333333333333\
3333333333381583 -2.26274724675017118480111226949013446381831697504297975967736\
64640070939254990932E-76
EMATF 1 762 5.11966418565605462028832607626085876293316419128322477366222009622\
31949129344119E-78 0.3333333333333333333333333333333333333333333333333333333333\
3333333333333333350575
EMATF 1 763 -0.3333333333333333333333333333333333333333333333333333333333333333\
3333333333312158 7.966790154622267684902795321784328158468613435045633975357897\
4440266384699458680E-77
EMATF 1 764 1.14070682364099498970241096337077603437050574151663928875130823969\
97928957350034E-77 0.3333333333333333333333333333333333333333333333333333333333\
3333333333333333335012
EMATF 1 765 -0.3333333333333333333333333333333333333333333333333333333333333333\
3333333333331414 4.225050622450621255206940198156433171738158629789508512904078\
8185555448643148903E-77
EMATF 1 766 6.13669087341482260771862002071132672335357093600246861153939949357\
62427927812040E-79 0.3333333333333333333333333333333333333333333333333333333333\
3333333333333333331503
EMATF 1 767 -0.3333333333333333333333333333333333333333333333333333333333333333\
3333333333373454 -2.84997803782963059967931182918705373947965117005278567094763\
31571181675650339149E-77
EMATF 1 768 -1.0527302258541003816345231923761000647038973647597955158658323833\
413124990751419E-78 0.333333333333333333333333333333333333333333333333333333333\
33333333333333333332103
EMATF 1 769 -0.3333333333333333333333333333333333333333333333333333333333333333\
3333333333369292 7.151280195275284077290551555310777430194229465526362843102754\
1614841185477653380E-77
EMATF 1 770 6.10456957222831645078672137081566120585038771105082630326161983424\
39397215980901E-77 0.3333333333333333333333333333333333333333333333333333333333\
3333333333333333261521
EMATF 1 771 -0.3333333333333333333333333333333333333333333333333333333333333333\
3333333333388871 -1.56895957696728795923051546152719970108084460113081280921031\
53612620612165679409E-76
EMATF 1 772 0.16666666666666666666666666666666666666666666666666666666666666666\
666666666666677 0.1666666666666666666666666666666666666666666666666666666666666\
6666666666666666681
EMATF 1 773 0.16666666666666666666666666666666666666666666666666666666666666666\
666666666666675 0.1666666666666666666666666666666666666666666666666666666666666\
6666666666666666667
EMATF 1 774 -0.1666666666666666666666666666666666666666666666666666666666666666\
6666666666666682 -0.16666666666666666666666666666666666666666666666666666666666\
666666666666666666652
EMATF 1 775 -0.1666666666666666666666666666666666666666666666666666666666666666\
6666666666666678 -0.16666666666666666666666666666666666666666666666666666666666\
666666666666666666679
EMATF 1 776 0.16666666666666666666666666666666666666666666666666666666666666666\
666666666666672 0.1666666666666666666666666666666666666666666666666666666666666\
6666666666666666662
EMATF 1 777 0.16666666666666666666666666666666666666666666666666666666666666666\
666666666666700 0.1666666666666666666666666666666666666666666666666666666666666\
6666666666666666708
EMATF 1 778 -0.1666666666666666666666666666666666666666666666666666666666666666\
6666666666666757 -0.16666666666666666666666666666666666666666666666666666666666\
666666666666666666685
EMATF 1 779 -0.1666666666666666666666666666666666666666666666666666666666666666\
6666666666666666 -0.16666666666666666666666666666666666666666666666666666666666\
666666666666666666702
EMATF 1 780 0.16666666666666666666666666666666666666666666666666666666666666666\
666666666666718 0.1666666666666666666666666666666666666666666666666666666666666\
6666666666666666730
EMATF 1 781 0.16666666666666666666666666666666666666666666666666666666666666666\
666666666666605 0.1666666666666666666666666666666666666666666666666666666666666\
6666666666666666660
EMATF 1 782 -0.1666666666666666666666666666666666666666666666666666666666666666\
6666666666666682 -0.16666666666666666666666666666666666666666666666666666666666\
666666666666666666703
EMATF 1 783 -0.1666666666666666666666666666666666666666666666666666666666666666\
6666666666666764 -0.16666666666666666666666666666666666666666666666666666666666\
666666666666666666790
EMATF 1 784 0.16666666666666666666666666666666666666666666666666666666666666666\
666666666666613 0.1666666666666666666666666666666666666666666666666666666666666\
6666666666666666734
EMATF 1 785 0.16666666666666666666666666666666666666666666666666666666666666666\
666666666666632 0.1666666666666666666666666666666666666666666666666666666666666\
6666666666666666680
EMATF 1 786 -0.1666666666666666666666666666666666666666666666666666666666666666\
6666666666666704 -0.16666666666666666666666666666666666666666666666666666666666\
666666666666666666738
EMATF 1 787 -0.1666666666666666666666666666666666666666666666666666666666666666\
6666666666666594 -0.16666666666666666666666666666666666666666666666666666666666\
666666666666666666590
EMATF 1 788 0.16666666666666666666666666666666666666666666666666666666666666666\
666666666666638 0.1666666666666666666666666666666666666666666666666666666666666\
6666666666666666708
EMATF 1 789 0.16666666666666666666666666666666666666666666666666666666666666666\
666666666666881 0.1666666666666666666666666666666666666666666666666666666666666\
6666666666666666873
EMATF 1 790 -0.1666666666666666666666666666666666666666666666666666666666666666\
6666666666666611 -0.16666666666666666666666666666666666666666666666666666666666\
666666666666666666614
EMATF 1 791 -0.1666666666666666666666666666666666666666666666666666666666666666\
6666666666666505 -0.16666666666666666666666666666666666666666666666666666666666\
666666666666666666483
EMATF 1 792 0.16666666666666666666666666666666666666666666666666666666666666666\
666666666666862 0.1666666666666666666666666666666666666666666666666666666666666\
6666666666666666853
EMATF 1 793 0.16666666666666666666666666666666666666666666666666666666666666666\
666666666666666 0.1666666666666666666666666666666666666666666666666666666666666\
6666666666666666648
EMATF 1 794 -0.1666666666666666666666666666666666666666666666666666666666666666\
6666666666666831 -0.16666666666666666666666666666666666666666666666666666666666\
666666666666666666598
EMATF 1 795 -0.1666666666666666666666666666666666666666666666666666666666666666\
6666666666666659 -0.16666666666666666666666666666666666666666666666666666666666\
666666666666666666684
EMATF 1 796 0.16666666666666666666666666666666666666666666666666666666666666666\
666666666666637 0.1666666666666666666666666666666666666666666666666666666666666\
6666666666666666732
EMATF 1 797 0.16666666666666666666666666666666666666666666666666666666666666666\
666666666666122 0.1666666666666666666666666666666666666666666666666666666666666\
6666666666666666479
EMATF 1 798 -0.1666666666666666666666666666666666666666666666666666666666666666\
6666666666667227 -0.16666666666666666666666666666666666666666666666666666666666\
666666666666666667259
EMATF 1 799 -0.1666666666666666666666666666666666666666666666666666666666666666\
6666666666666581 -0.16666666666666666666666666666666666666666666666666666666666\
666666666666666666732
EMATF 1 800 0.16666666666666666666666666666666666666666666666666666666666666666\
666666666667098 0.1666666666666666666666666666666666666666666666666666666666666\
6666666666666667083
EMATF 1 801 0.16666666666666666666666666666666666666666666666666666666666666666\
666666666666726 0.1666666666666666666666666666666666666666666666666666666666666\
6666666666666666820
EMATF 1 802 -0.1666666666666666666666666666666666666666666666666666666666666666\
6666666666666778 -0.16666666666666666666666666666666666666666666666666666666666\
666666666666666666635
EMATF 1 803 -0.1666666666666666666666666666666666666666666666666666666666666666\
6666666666666169 -0.16666666666666666666666666666666666666666666666666666666666\
666666666666666666283
EMATF 1 804 0.16666666666666666666666666666666666666666666666666666666666666666\
666666666665962 0.1666666666666666666666666666666666666666666666666666666666666\
6666666666666666078
EMATF 1 805 0.16666666666666666666666666666666666666666666666666666666666666666\
666666666667347 0.1666666666666666666666666666666666666666666666666666666666666\
6666666666666667161
EMATF 1 806 -0.1666666666666666666666666666666666666666666666666666666666666666\
6666666666666677 -0.16666666666666666666666666666666666666666666666666666666666\
666666666666666666189
EMATF 1 807 -0.1666666666666666666666666666666666666666666666666666666666666666\
6666666666666231 -0.16666666666666666666666666666666666666666666666666666666666\
666666666666666667025
EMATF 1 808 0.16666666666666666666666666666666666666666666666666666666666666666\
666666666666015 0.1666666666666666666666666666666666666666666666666666666666666\
6666666666666666352
EMATF 1 809 0.16666666666666666666666666666666666666666666666666666666666666666\
666666666666834 0.1666666666666666666666666666666666666666666666666666666666666\
6666666666666666874
EMATF 1 810 -0.1666666666666666666666666666666666666666666666666666666666666666\
6666666666665729 -0.16666666666666666666666666666666666666666666666666666666666\
666666666666666665510
EMATF 1 811 -0.1666666666666666666666666666666666666666666666666666666666666666\
6666666666666975 -0.16666666666666666666666666666666666666666666666666666666666\
666666666666666666840
EMATF 1 812 0.16666666666666666666666666666666666666666666666666666666666666666\
666666666665663 0.1666666666666666666666666666666666666666666666666666666666666\
6666666666666666013
EMATF 1 813 0.16666666666666666666666666666666666666666666666666666666666666666\
666666666666127 0.1666666666666666666666666666666666666666666666666666666666666\
6666666666666666313
EMATF 1 814 -0.1666666666666666666666666666666666666666666666666666666666666666\
6666666666667692 -0.16666666666666666666666666666666666666666666666666666666666\
666666666666666667354
EMATF 1 815 -0.1666666666666666666666666666666666666666666666666666666666666666\
6666666666666922 -0.16666666666666666666666666666666666666666666666666666666666\
666666666666666666214
EMATF 1 816 0.16666666666666666666666666666666666666666666666666666666666666666\
666666666666567 0.1666666666666666666666666666666666666666666666666666666666666\
6666666666666666554
EMATF 1 817 0.16666666666666666666666666666666666666666666666666666666666666666\
666666666667066 0.1666666666666666666666666666666666666666666666666666666666666\
6666666666666666619
EMATF 1 818 -0.1666666666666666666666666666666666666666666666666666666666666666\
6666666666665606 -0.16666666666666666666666666666666666666666666666666666666666\
666666666666666665747
EMATF 1 819 -0.1666666666666666666666666666666666666666666666666666666666666666\
6666666666667380 -0.16666666666666666666666666666666666666666666666666666666666\
666666666666666668212
EMATF 1 820 0.16666666666666666666666666666666666666666666666666666666666666666\
666666666666337 0.1666666666666666666666666666666666666666666666666666666666666\
6666666666666666910
EMATF 1 821 0.16666666666666666666666666666666666666666666666666666666666666666\
666666666668230 0.1666666666666666666666666666666666666666666666666666666666666\
6666666666666668278
EMATF 1 822 -0.1666666666666666666666666666666666666666666666666666666666666666\
6666666666667702 -0.16666666666666666666666666666666666666666666666666666666666\
666666666666666667759
EMATF 1 823 -0.1666666666666666666666666666666666666666666666666666666666666666\
6666666666664821 -0.16666666666666666666666666666666666666666666666666666666666\
666666666666666665788
EMATF 1 824 0.16666666666666666666666666666666666666666666666666666666666666666\
666666666668059 0.1666666666666666666666666666666666666666666666666666666666666\
6666666666666668309
EMATF 1 825 0.16666666666666666666666666666666666666666666666666666666666666666\
666666666665114 0.1666666666666666666666666666666666666666666666666666666666666\
6666666666666665099
EMATF 1 826 -0.1666666666666666666666666666666666666666666666666666666666666666\
6666666666668626 -0.16666666666666666666666666666666666666666666666666666666666\
666666666666666667662
EMATF 1 827 -0.1666666666666666666666666666666666666666666666666666666666666666\
6666666666666388 -0.16666666666666666666666666666666666666666666666666666666666\
666666666666666666288
EMATF 1 828 0.16666666666666666666666666666666666666666666666666666666666666666\
666666666666700 0.1666666666666666666666666666666666666666666666666666666666666\
6666666666666666998
EMATF 1 829 0.16666666666666666666666666666666666666666666666666666666666666666\
666666666667100 0.1666666666666666666666666666666666666666666666666666666666666\
6666666666666666698
EMATF 1 830 -0.1666666666666666666666666666666666666666666666666666666666666666\
6666666666666214 -0.16666666666666666666666666666666666666666666666666666666666\
666666666666666666013
EMATF 1 831 -0.1666666666666666666666666666666666666666666666666666666666666666\
6666666666668528 -0.16666666666666666666666666666666666666666666666666666666666\
666666666666666668232
EMATF 1 832 0.16666666666666666666666666666666666666666666666666666666666666666\
666666666665554 0.1666666666666666666666666666666666666666666666666666666666666\
6666666666666665501
EMATF 1 833 0.16666666666666666666666666666666666666666666666666666666666666666\
666666666665130 0.1666666666666666666666666666666666666666666666666666666666666\
6666666666666663500
EMATF 1 834 -0.1666666666666666666666666666666666666666666666666666666666666666\
6666666666667261 -0.16666666666666666666666666666666666666666666666666666666666\
666666666666666666210
EMATF 1 835 -0.1666666666666666666666666666666666666666666666666666666666666666\
6666666666667022 -0.16666666666666666666666666666666666666666666666666666666666\
666666666666666666777
EMATF 1 836 0.16666666666666666666666666666666666666666666666666666666666666666\
666666666668831 0.1666666666666666666666666666666666666666666666666666666666666\
6666666666666668888
EMATF 1 837 0.16666666666666666666666666666666666666666666666666666666666666666\
666666666665692 0.1666666666666666666666666666666666666666666666666666666666666\
6666666666666664589
EMATF 1 838 -0.1666666666666666666666666666666666666666666666666666666666666666\
6666666666666732 -0.16666666666666666666666666666666666666666666666666666666666\
666666666666666665126
EMATF 1 839 -0.1666666666666666666666666666666666666666666666666666666666666666\
6666666666665053 -0.16666666666666666666666666666666666666666666666666666666666\
666666666666666666087
EMATF 1 840 -0.1666666666666666666666666666666666666666666666666666666666666666\
6666666666664812 -0.16666666666666666666666666666666666666666666666666666666666\
666666666666666664051
EMATF 1 841 -0.1666666666666666666666666666666666666666666666666666666666666666\
6666666666666825 -0.16666666666666666666666666666666666666666666666666666666666\
666666666666666665224
EMATF 1 842 -0.1666666666666666666666666666666666666666666666666666666666666666\
6666666666668586 -0.16666666666666666666666666666666666666666666666666666666666\
666666666666666671149
EMATF 1 843 -0.1666666666666666666666666666666666666666666666666666666666666666\
6666666666666243 -0.16666666666666666666666666666666666666666666666666666666666\
666666666666666667597
EMATF 1 844 -0.1666666666666666666666666666666666666666666666666666666666666666\
6666666666663244 -0.16666666666666666666666666666666666666666666666666666666666\
666666666666666662813
EMATF 1 845 -0.1666666666666666666666666666666666666666666666666666666666666666\
6666666666661273 -0.16666666666666666666666666666666666666666666666666666666666\
666666666666666662975
EMATF 1 846 -0.1666666666666666666666666666666666666666666666666666666666666666\
6666666666663534 -0.16666666666666666666666666666666666666666666666666666666666\
666666666666666661448
EMATF 1 847 -0.1666666666666666666666666666666666666666666666666666666666666666\
6666666666666034 -0.16666666666666666666666666666666666666666666666666666666666\
666666666666666665895
EMATF 1 848 -0.1666666666666666666666666666666666666666666666666666666666666666\
6666666666665761 -0.16666666666666666666666666666666666666666666666666666666666\
666666666666666667263
EMATF 1 849 -0.1666666666666666666666666666666666666666666666666666666666666666\
6666666666667439 -0.16666666666666666666666666666666666666666666666666666666666\
666666666666666665648
EMATF 1 850 -0.1666666666666666666666666666666666666666666666666666666666666666\
6666666666667491 -0.16666666666666666666666666666666666666666666666666666666666\
666666666666666667930
EMATF 1 851 -0.1666666666666666666666666666666666666666666666666666666666666666\
6666666666660960 -0.16666666666666666666666666666666666666666666666666666666666\
666666666666666658829
EMATF 1 852 -0.1666666666666666666666666666666666666666666666666666666666666666\
6666666666663420 -0.16666666666666666666666666666666666666666666666666666666666\
666666666666666667294
EMATF 1 853 -0.1666666666666666666666666666666666666666666666666666666666666666\
6666666666657022 -0.16666666666666666666666666666666666666666666666666666666666\
666666666666666662810
EMATF 1 854 -0.1666666666666666666666666666666666666666666666666666666666666666\
6666666666669636 -0.16666666666666666666666666666666666666666666666666666666666\
666666666666666666681
EMATF 1 855 -0.1666666666666666666666666666666666666666666666666666666666666666\
6666666666666925 -0.16666666666666666666666666666666666666666666666666666666666\
666666666666666667509
EMATF 1 856 0.00000000000000000000000000000000000000000000000000000000000000000\
000000000000000 0.0000000000000000000000000000000000000000000000000000000000000\
0000000000000000000
EMATF 1 857 0.00000000000000000000000000000000000000000000000000000000000000000\
000000000000000 0.0000000000000000000000000000000000000000000000000000000000000\
0000000000000000000
EMATF 1 858 0.00000000000000000000000000000000000000000000000000000000000000000\
000000000000000 0.0000000000000000000000000000000000000000000000000000000000000\
0000000000000000000
EMATF 1 859 0.00000000000000000000000000000000000000000000000000000000000000000\
000000000000000 0.0000000000000000000000000000000000000000000000000000000000000\
0000000000000000000
EMATF 1 860 0.00000000000000000000000000000000000000000000000000000000000000000\
000000000000000 0.0000000000000000000000000000000000000000000000000000000000000\
0000000000000000000
EMATF 1 861 0.00000000000000000000000000000000000000000000000000000000000000000\
000000000000000 0.0000000000000000000000000000000000000000000000000000000000000\
0000000000000000000
EMATF 1 862 0.00000000000000000000000000000000000000000000000000000000000000000\
000000000000000 0.0000000000000000000000000000000000000000000000000000000000000\
0000000000000000000
EMATF 1 863 0.00000000000000000000000000000000000000000000000000000000000000000\
000000000000000 0.0000000000000000000000000000000000000000000000000000000000000\
0000000000000000000
EMATF 1 864 0.00000000000000000000000000000000000000000000000000000000000000000\
000000000000000 0.0000000000000000000000000000000000000000000000000000000000000\
0000000000000000000
EMATF 1 865 0.00000000000000000000000000000000000000000000000000000000000000000\
000000000000000 0.0000000000000000000000000000000000000000000000000000000000000\
0000000000000000000
EMATF 1 866 0.00000000000000000000000000000000000000000000000000000000000000000\
000000000000000 0.0000000000000000000000000000000000000000000000000000000000000\
0000000000000000000
EMATF 1 867 0.00000000000000000000000000000000000000000000000000000000000000000\
000000000000000 0.0000000000000000000000000000000000000000000000000000000000000\
0000000000000000000
EMATF 1 868 0.00000000000000000000000000000000000000000000000000000000000000000\
000000000000000 0.0000000000000000000000000000000000000000000000000000000000000\
0000000000000000000
EMATF 1 869 0.00000000000000000000000000000000000000000000000000000000000000000\
000000000000000 0.0000000000000000000000000000000000000000000000000000000000000\
0000000000000000000
EMATF 1 870 0.00000000000000000000000000000000000000000000000000000000000000000\
000000000000000 0.0000000000000000000000000000000000000000000000000000000000000\
0000000000000000000
EMATF 1 871 0.00000000000000000000000000000000000000000000000000000000000000000\
000000000000000 0.0000000000000000000000000000000000000000000000000000000000000\
0000000000000000000
EMATF 1 872 0.00000000000000000000000000000000000000000000000000000000000000000\
000000000000000 0.0000000000000000000000000000000000000000000000000000000000000\
0000000000000000000
EMATF 1 873 0.00000000000000000000000000000000000000000000000000000000000000000\
000000000000000 0.0000000000000000000000000000000000000000000000000000000000000\
0000000000000000000
EMATF 1 874 0.00000000000000000000000000000000000000000000000000000000000000000\
000000000000000 0.0000000000000000000000000000000000000000000000000000000000000\
0000000000000000000
EMATF 1 875 0.00000000000000000000000000000000000000000000000000000000000000000\
000000000000000 0.0000000000000000000000000000000000000000000000000000000000000\
0000000000000000000
EMATF 1 876 0.00000000000000000000000000000000000000000000000000000000000000000\
000000000000000 0.0000000000000000000000000000000000000000000000000000000000000\
0000000000000000000
EMATF 1 877 0.00000000000000000000000000000000000000000000000000000000000000000\
000000000000000 0.0000000000000000000000000000000000000000000000000000000000000\
0000000000000000000
EMATF 1 878 0.00000000000000000000000000000000000000000000000000000000000000000\
000000000000000 0.0000000000000000000000000000000000000000000000000000000000000\
0000000000000000000
EMATF 1 879 0.00000000000000000000000000000000000000000000000000000000000000000\
000000000000000 0.0000000000000000000000000000000000000000000000000000000000000\
0000000000000000000
EMATF 1 880 0.00000000000000000000000000000000000000000000000000000000000000000\
000000000000000 0.0000000000000000000000000000000000000000000000000000000000000\
0000000000000000000
EMATF 1 881 0.00000000000000000000000000000000000000000000000000000000000000000\
000000000000000 0.0000000000000000000000000000000000000000000000000000000000000\
0000000000000000000
EMATF 1 882 0.00000000000000000000000000000000000000000000000000000000000000000\
000000000000000 0.0000000000000000000000000000000000000000000000000000000000000\
0000000000000000000
EMATF 1 883 0.00000000000000000000000000000000000000000000000000000000000000000\
000000000000000 0.0000000000000000000000000000000000000000000000000000000000000\
0000000000000000000
EMATF 1 884 0.00000000000000000000000000000000000000000000000000000000000000000\
000000000000000 0.0000000000000000000000000000000000000000000000000000000000000\
0000000000000000000
EMATF 1 885 0.00000000000000000000000000000000000000000000000000000000000000000\
000000000000000 0.0000000000000000000000000000000000000000000000000000000000000\
0000000000000000000
EMATF 1 886 0.00000000000000000000000000000000000000000000000000000000000000000\
000000000000000 0.0000000000000000000000000000000000000000000000000000000000000\
0000000000000000000
EMATF 1 887 0.00000000000000000000000000000000000000000000000000000000000000000\
000000000000000 0.0000000000000000000000000000000000000000000000000000000000000\
0000000000000000000
EMATF 1 888 0.00000000000000000000000000000000000000000000000000000000000000000\
000000000000000 0.0000000000000000000000000000000000000000000000000000000000000\
0000000000000000000
EMATF 1 889 0.00000000000000000000000000000000000000000000000000000000000000000\
000000000000000 0.0000000000000000000000000000000000000000000000000000000000000\
0000000000000000000
EMATF 1 890 0.00000000000000000000000000000000000000000000000000000000000000000\
000000000000000 0.0000000000000000000000000000000000000000000000000000000000000\
0000000000000000000
EMATF 1 891 0.16666666666666666666666666666666666666666666666666666666666666666\
666666666666677 -0.166666666666666666666666666666666666666666666666666666666666\
66666666666666666677
EMATF 1 892 0.16666666666666666666666666666666666666666666666666666666666666666\
666666666666656 -0.166666666666666666666666666666666666666666666666666666666666\
66666666666666666659
EMATF 1 893 0.16666666666666666666666666666666666666666666666666666666666666666\
666666666666674 -0.166666666666666666666666666666666666666666666666666666666666\
66666666666666666688
EMATF 1 894 0.16666666666666666666666666666666666666666666666666666666666666666\
666666666666655 -0.166666666666666666666666666666666666666666666666666666666666\
66666666666666666657
EMATF 1 895 -0.1666666666666666666666666666666666666666666666666666666666666666\
6666666666666654 0.166666666666666666666666666666666666666666666666666666666666\
66666666666666666674
EMATF 1 896 0.16666666666666666666666666666666666666666666666666666666666666666\
666666666666602 -0.166666666666666666666666666666666666666666666666666666666666\
66666666666666666599
EMATF 1 897 0.16666666666666666666666666666666666666666666666666666666666666666\
666666666666659 -0.166666666666666666666666666666666666666666666666666666666666\
66666666666666666664
EMATF 1 898 0.16666666666666666666666666666666666666666666666666666666666666666\
666666666666711 -0.166666666666666666666666666666666666666666666666666666666666\
66666666666666666677
EMATF 1 899 0.16666666666666666666666666666666666666666666666666666666666666666\
666666666666698 -0.166666666666666666666666666666666666666666666666666666666666\
66666666666666666597
EMATF 1 900 0.16666666666666666666666666666666666666666666666666666666666666666\
666666666666666 -0.166666666666666666666666666666666666666666666666666666666666\
66666666666666666668
EMATF 1 901 -0.1666666666666666666666666666666666666666666666666666666666666666\
6666666666666757 0.166666666666666666666666666666666666666666666666666666666666\
66666666666666666729
EMATF 1 902 0.16666666666666666666666666666666666666666666666666666666666666666\
666666666666677 -0.166666666666666666666666666666666666666666666666666666666666\
66666666666666666649
EMATF 1 903 0.16666666666666666666666666666666666666666666666666666666666666666\
666666666666811 -0.166666666666666666666666666666666666666666666666666666666666\
66666666666666666777
EMATF 1 904 0.16666666666666666666666666666666666666666666666666666666666666666\
666666666666667 -0.166666666666666666666666666666666666666666666666666666666666\
66666666666666666615
EMATF 1 905 0.16666666666666666666666666666666666666666666666666666666666666666\
666666666666565 -0.166666666666666666666666666666666666666666666666666666666666\
66666666666666666519
EMATF 1 906 0.16666666666666666666666666666666666666666666666666666666666666666\
666666666666795 -0.166666666666666666666666666666666666666666666666666666666666\
66666666666666666925
EMATF 1 907 -0.1666666666666666666666666666666666666666666666666666666666666666\
6666666666666632 0.166666666666666666666666666666666666666666666666666666666666\
66666666666666666739
EMATF 1 908 0.16666666666666666666666666666666666666666666666666666666666666666\
666666666666490 -0.166666666666666666666666666666666666666666666666666666666666\
66666666666666666571
EMATF 1 909 0.16666666666666666666666666666666666666666666666666666666666666666\
666666666666537 -0.166666666666666666666666666666666666666666666666666666666666\
66666666666666666485
EMATF 1 910 0.16666666666666666666666666666666666666666666666666666666666666666\
666666666666471 -0.166666666666666666666666666666666666666666666666666666666666\
66666666666666666557
EMATF 1 911 0.16666666666666666666666666666666666666666666666666666666666666666\
666666666666398 -0.166666666666666666666666666666666666666666666666666666666666\
66666666666666666566
EMATF 1 912 0.16666666666666666666666666666666666666666666666666666666666666666\
666666666666714 -0.166666666666666666666666666666666666666666666666666666666666\
66666666666666666728
EMATF 1 913 -0.1666666666666666666666666666666666666666666666666666666666666666\
6666666666666423 0.166666666666666666666666666666666666666666666666666666666666\
66666666666666666220
EMATF 1 914 0.16666666666666666666666666666666666666666666666666666666666666666\
666666666666355 -0.166666666666666666666666666666666666666666666666666666666666\
66666666666666666524
EMATF 1 915 0.16666666666666666666666666666666666666666666666666666666666666666\
666666666666871 -0.166666666666666666666666666666666666666666666666666666666666\
66666666666666667035
EMATF 1 916 0.16666666666666666666666666666666666666666666666666666666666666666\
666666666666725 -0.166666666666666666666666666666666666666666666666666666666666\
66666666666666666687
EMATF 1 917 0.16666666666666666666666666666666666666666666666666666666666666666\
666666666666822 -0.166666666666666666666666666666666666666666666666666666666666\
66666666666666666860
EMATF 1 918 0.16666666666666666666666666666666666666666666666666666666666666666\
666666666666367 -0.166666666666666666666666666666666666666666666666666666666666\
66666666666666666177
EMATF 1 919 -0.1666666666666666666666666666666666666666666666666666666666666666\
6666666666666130 0.166666666666666666666666666666666666666666666666666666666666\
66666666666666666397
EMATF 1 920 0.16666666666666666666666666666666666666666666666666666666666666666\
666666666666663 -0.166666666666666666666666666666666666666666666666666666666666\
66666666666666666566
EMATF 1 921 0.16666666666666666666666666666666666666666666666666666666666666666\
666666666666069 -0.166666666666666666666666666666666666666666666666666666666666\
66666666666666666208
EMATF 1 922 0.16666666666666666666666666666666666666666666666666666666666666666\
666666666666682 -0.166666666666666666666666666666666666666666666666666666666666\
66666666666666666757
EMATF 1 923 0.16666666666666666666666666666666666666666666666666666666666666666\
666666666666669 -0.166666666666666666666666666666666666666666666666666666666666\
66666666666666666532
EMATF 1 924 0.16666666666666666666666666666666666666666666666666666666666666666\
666666666666247 -0.166666666666666666666666666666666666666666666666666666666666\
66666666666666666167
EMATF 1 925 -0.1666666666666666666666666666666666666666666666666666666666666666\
6666666666666258 0.166666666666666666666666666666666666666666666666666666666666\
66666666666666666297
EMATF 1 926 0.16666666666666666666666666666666666666666666666666666666666666666\
666666666667497 -0.166666666666666666666666666666666666666666666666666666666666\
66666666666666667030
EMATF 1 927 0.16666666666666666666666666666666666666666666666666666666666666666\
666666666665915 -0.166666666666666666666666666666666666666666666666666666666666\
66666666666666666167
EMATF 1 928 0.16666666666666666666666666666666666666666666666666666666666666666\
666666666666677 -0.166666666666666666666666666666666666666666666666666666666666\
66666666666666666785
EMATF 1 929 0.16666666666666666666666666666666666666666666666666666666666666666\
666666666666062 -0.166666666666666666666666666666666666666666666666666666666666\
66666666666666665947
EMATF 1 930 0.16666666666666666666666666666666666666666666666666666666666666666\
666666666666536 -0.166666666666666666666666666666666666666666666666666666666666\
66666666666666666726
EMATF 1 931 -0.1666666666666666666666666666666666666666666666666666666666666666\
6666666666666645 0.166666666666666666666666666666666666666666666666666666666666\
66666666666666666590
EMATF 1 932 0.16666666666666666666666666666666666666666666666666666666666666666\
666666666667292 -0.166666666666666666666666666666666666666666666666666666666666\
66666666666666667320
EMATF 1 933 0.16666666666666666666666666666666666666666666666666666666666666666\
666666666665996 -0.166666666666666666666666666666666666666666666666666666666666\
66666666666666665727
EMATF 1 934 0.16666666666666666666666666666666666666666666666666666666666666666\
666666666667025 -0.166666666666666666666666666666666666666666666666666666666666\
66666666666666666176
EMATF 1 935 0.16666666666666666666666666666666666666666666666666666666666666666\
666666666666691 -0.166666666666666666666666666666666666666666666666666666666666\
66666666666666666740
EMATF 1 936 0.16666666666666666666666666666666666666666666666666666666666666666\
666666666667864 -0.166666666666666666666666666666666666666666666666666666666666\
66666666666666667311
EMATF 1 937 -0.1666666666666666666666666666666666666666666666666666666666666666\
6666666666665545 0.166666666666666666666666666666666666666666666666666666666666\
66666666666666664870
EMATF 1 938 0.16666666666666666666666666666666666666666666666666666666666666666\
666666666666476 -0.166666666666666666666666666666666666666666666666666666666666\
66666666666666666781
EMATF 1 939 0.16666666666666666666666666666666666666666666666666666666666666666\
666666666666593 -0.166666666666666666666666666666666666666666666666666666666666\
66666666666666666631
EMATF 1 940 0.16666666666666666666666666666666666666666666666666666666666666666\
666666666667305 -0.166666666666666666666666666666666666666666666666666666666666\
66666666666666666729
EMATF 1 941 0.16666666666666666666666666666666666666666666666666666666666666666\
666666666664777 -0.166666666666666666666666666666666666666666666666666666666666\
66666666666666665727
EMATF 1 942 0.16666666666666666666666666666666666666666666666666666666666666666\
666666666667028 -0.166666666666666666666666666666666666666666666666666666666666\
66666666666666666535
EMATF 1 943 0.16666666666666666666666666666666666666666666666666666666666666666\
666666666665808 -0.166666666666666666666666666666666666666666666666666666666666\
66666666666666665441
EMATF 1 944 0.16666666666666666666666666666666666666666666666666666666666666666\
666666666667001 -0.166666666666666666666666666666666666666666666666666666666666\
66666666666666669029
EMATF 1 945 0.16666666666666666666666666666666666666666666666666666666666666666\
666666666666416 -0.166666666666666666666666666666666666666666666666666666666666\
66666666666666666587
EMATF 1 946 0.16666666666666666666666666666666666666666666666666666666666666666\
666666666666013 -0.166666666666666666666666666666666666666666666666666666666666\
66666666666666666556
EMATF 1 947 0.16666666666666666666666666666666666666666666666666666666666666666\
666666666664266 -0.166666666666666666666666666666666666666666666666666666666666\
66666666666666662828
EMATF 1 948 0.16666666666666666666666666666666666666666666666666666666666666666\
666666666665197 -0.166666666666666666666666666666666666666666666666666666666666\
66666666666666661939
EMATF 1 949 0.16666666666666666666666666666666666666666666666666666666666666666\
666666666667650 -0.166666666666666666666666666666666666666666666666666666666666\
66666666666666667025
EMATF 1 950 0.16666666666666666666666666666666666666666666666666666666666666666\
666666666667470 -0.166666666666666666666666666666666666666666666666666666666666\
66666666666666668224
EMATF 1 951 0.00000000000000000000000000000000000000000000000000000000000000000\
000000000000000 0.0000000000000000000000000000000000000000000000000000000000000\
0000000000000000000
EMATF 1 952 0.00000000000000000000000000000000000000000000000000000000000000000\
000000000000000 0.0000000000000000000000000000000000000000000000000000000000000\
0000000000000000000
EMATF 1 953 0.00000000000000000000000000000000000000000000000000000000000000000\
000000000000000 0.0000000000000000000000000000000000000000000000000000000000000\
0000000000000000000
EMATF 1 954 0.00000000000000000000000000000000000000000000000000000000000000000\
000000000000000 0.0000000000000000000000000000000000000000000000000000000000000\
0000000000000000000
EMATF 1 955 0.00000000000000000000000000000000000000000000000000000000000000000\
000000000000000 0.0000000000000000000000000000000000000000000000000000000000000\
0000000000000000000
EMATF 1 956 0.00000000000000000000000000000000000000000000000000000000000000000\
000000000000000 0.0000000000000000000000000000000000000000000000000000000000000\
0000000000000000000
EMATF 1 957 0.00000000000000000000000000000000000000000000000000000000000000000\
000000000000000 0.0000000000000000000000000000000000000000000000000000000000000\
0000000000000000000
EMATF 1 958 0.00000000000000000000000000000000000000000000000000000000000000000\
000000000000000 0.0000000000000000000000000000000000000000000000000000000000000\
0000000000000000000
EMATF 1 959 0.00000000000000000000000000000000000000000000000000000000000000000\
000000000000000 0.0000000000000000000000000000000000000000000000000000000000000\
0000000000000000000
EMATF 1 960 0.00000000000000000000000000000000000000000000000000000000000000000\
000000000000000 0.0000000000000000000000000000000000000000000000000000000000000\
0000000000000000000
EMATF 1 961 0.00000000000000000000000000000000000000000000000000000000000000000\
000000000000000 0.0000000000000000000000000000000000000000000000000000000000000\
0000000000000000000
EMATF 1 962 0.00000000000000000000000000000000000000000000000000000000000000000\
000000000000000 0.0000000000000000000000000000000000000000000000000000000000000\
0000000000000000000
EMATF 1 963 0.00000000000000000000000000000000000000000000000000000000000000000\
000000000000000 0.0000000000000000000000000000000000000000000000000000000000000\
0000000000000000000
EMATF 1 964 0.00000000000000000000000000000000000000000000000000000000000000000\
000000000000000 0.0000000000000000000000000000000000000000000000000000000000000\
0000000000000000000
EMATF 1 965 0.00000000000000000000000000000000000000000000000000000000000000000\
000000000000000 0.0000000000000000000000000000000000000000000000000000000000000\
0000000000000000000
EMATF 1 966 0.00000000000000000000000000000000000000000000000000000000000000000\
000000000000000 0.0000000000000000000000000000000000000000000000000000000000000\
0000000000000000000
EMATF 1 967 0.00000000000000000000000000000000000000000000000000000000000000000\
000000000000000 0.0000000000000000000000000000000000000000000000000000000000000\
0000000000000000000
EMATF 1 968 0.00000000000000000000000000000000000000000000000000000000000000000\
000000000000000 0.0000000000000000000000000000000000000000000000000000000000000\
0000000000000000000
EMATF 1 969 0.00000000000000000000000000000000000000000000000000000000000000000\
000000000000000 0.0000000000000000000000000000000000000000000000000000000000000\
0000000000000000000
EMATF 1 970 0.00000000000000000000000000000000000000000000000000000000000000000\
000000000000000 0.0000000000000000000000000000000000000000000000000000000000000\
0000000000000000000
EMATF 1 971 0.00000000000000000000000000000000000000000000000000000000000000000\
000000000000000 0.0000000000000000000000000000000000000000000000000000000000000\
0000000000000000000
EMATF 1 972 -0.9999999999999999999999999999999999999999999999999999999999999999\
9999999999999712 -2.87324629374719389662167301942912573162450202002756382840330\
48471065749222277749E-78
EMATF 1 973 0.99999999999999999999999999999999999999999999999999999999999999999\
999999999999761 -1.036247389467423845279587637886397602551546738785795757657218\
8407616858755989803E-77
EMATF 1 974 -6.1175191173881407421942723715039840862386931691318446593255479208\
831176365363565E-78 1.000000000000000000000000000000000000000000000000000000000\
0000000000000000000007
EMATF 1 975 9.69439612035016554400594035638055310159676335404980068402514478501\
69877381077680E-79 1.0000000000000000000000000000000000000000000000000000000000\
000000000000000000067
EMATF 1 976 -0.9999999999999999999999999999999999999999999999999999999999999999\
9999999999998952 1.812538071213880367397349624320650960948312825208104332025891\
1542548155604356171E-77
EMATF 1 977 0.99999999999999999999999999999999999999999999999999999999999999999\
999999999999600 6.8925778483866209908706452728342688590873584617506344291859092\
493017933084697574E-79
EMATF 1 978 4.51949410777426063310192835654307319999306880115554501469451687955\
38110866084123E-78 0.9999999999999999999999999999999999999999999999999999999999\
9999999999999999999270
EMATF 1 979 4.68860374357809502968099350316519323437582186483791823951862644654\
68642229617358E-78 0.9999999999999999999999999999999999999999999999999999999999\
9999999999999999998123
EMATF 1 980 -0.9999999999999999999999999999999999999999999999999999999999999999\
9999999999997871 1.053688570708464824962198669938441758622379873333972679347327\
4390793793411431565E-77
EMATF 1 981 0.99999999999999999999999999999999999999999999999999999999999999999\
999999999998517 -1.353068167000155044553031641269098544930580605778597106113456\
3061981286641054685E-77
EMATF 1 982 2.07363259167205865994176252600755414310567026661470111283850974578\
19467734236912E-77 0.9999999999999999999999999999999999999999999999999999999999\
9999999999999999999996
EMATF 1 983 -2.6201992348780476399086451734549033373442394535640956195338627508\
093731650563410E-78 1.000000000000000000000000000000000000000000000000000000000\
0000000000000000000020
EMATF 1 984 -1.0000000000000000000000000000000000000000000000000000000000000000\
000000000000309 -2.753511467580398194100563934459796817440720205025266335001083\
0793372866254893496E-77
EMATF 1 985 0.99999999999999999999999999999999999999999999999999999999999999999\
999999999998548 4.9407594391637937880247446227859443513091995786298006821709648\
121819776542618845E-78
EMATF 1 986 4.44175210132521503954024417562272621733235164777026113850411422955\
67714311945892E-78 1.0000000000000000000000000000000000000000000000000000000000\
000000000000000000549
EMATF 1 987 -4.8683525410977281613807977165399700266378047217861423892581068241\
735813814650846E-77 1.000000000000000000000000000000000000000000000000000000000\
0000000000000000001289
EMATF 1 988 -1.0000000000000000000000000000000000000000000000000000000000000000\
000000000000736 4.2806522214427739426078110811390716286219294134352401065934305\
693247666985791806E-78
EMATF 1 989 0.99999999999999999999999999999999999999999999999999999999999999999\
999999999996156 7.4950231992966834556027344550474401150202174916096017648847526\
711536438037069352E-77
EMATF 1 990 5.04837797858040086997823071427726338873136722072102903076760947159\
94657107185824E-79 1.0000000000000000000000000000000000000000000000000000000000\
000000000000000000023
EMATF 1 991 -2.4082889411115513684963300895190312651540228083904334352744951838\
522602408685154E-77 1.000000000000000000000000000000000000000000000000000000000\
0000000000000000001089
EMATF 1 992 -1.0000000000000000000000000000000000000000000000000000000000000000\
000000000001177 -1.821284786534319341691845382341281397127378835047754044889084\
8188731844343483370E-77
EMATF 1 993 1.00000000000000000000000000000000000000000000000000000000000000000\
00000000001180 -9.1824861670398798241906612318558564295129659596813589516969553\
889103878167376407E-77
EMATF 1 994 1.66608613453752290158700857723285291833271106812421812813106812822\
15868024317835E-76 0.9999999999999999999999999999999999999999999999999999999999\
9999999999999999984070
EMATF 1 995 -0.9999999999999999999999999999999999999999999999999999999999999999\
9999999999978237 5.207935053306412526835755758441883262649560225068302418423049\
2719425463359337179E-77
EMATF 1 996 -1.1019998623261042176783415751801087243478260033310065080174352443\
215231029231805E-77 0.999999999999999999999999999999999999999999999999999999999\
99999999999999999998436
EMATF 1 997 -1.0000000000000000000000000000000000000000000000000000000000000000\
000000000002880 -8.336165563861163414214691418966336251865497405612224056156676\
0301886488809603794E-77
EMATF 1 998 4.05990366000964461057373329901516349913348253986175531721558071979\
08835785685494E-77 0.9999999999999999999999999999999999999999999999999999999999\
9999999999999999991836
EMATF 1 999 -1.0000000000000000000000000000000000000000000000000000000000000000\
000000000001500 2.2393014813138208381500630868325360869161547356325840497305803\
101440879359084071E-77
EMATF 1 1000 -2.649675762757589138500370647222184364904625772819661715633874807\
1808245047446379E-76 1.00000000000000000000000000000000000000000000000000000000\
00000000000000000001132
EMATF 1 1001 -1.000000000000000000000000000000000000000000000000000000000000000\
0000000000002550 -9.38036338933641678273539661983398137971343645859399112568114\
28699832128207888543E-77
EMATF 1 1002 -2.181354394432758579401771896639543338163092788643430787807997371\
8487446143095580E-76 1.00000000000000000000000000000000000000000000000000000000\
00000000000000000004873
EMATF 1 1003 -1.000000000000000000000000000000000000000000000000000000000000000\
0000000000000779 -7.60550844209171847525037127871860064629941792265883496710682\
69128491228656117068E-78
EMATF 1 1004 4.6091619949192643616620981632187202569951939690799487059190415952\
324738668304565E-77 1.000000000000000000000000000000000000000000000000000000000\
0000000000000000007685
EMATF 1 1005 -0.999999999999999999999999999999999999999999999999999999999999999\
99999999999950813 -4.0795378621342364977677350965050350315176292426678585337849\
279944322178781188733E-77
EMATF 1 1006 -8.134767088858159553888580353533950981356377304419414076345739206\
5696100810738215E-77 1.00000000000000000000000000000000000000000000000000000000\
00000000000000000000689
EMATF 1 1007 0.0000000000000000000000000000000000000000000000000000000000000000\
0000000000000000 0.000000000000000000000000000000000000000000000000000000000000\
00000000000000000000
EMATF 1 1008 0.0000000000000000000000000000000000000000000000000000000000000000\
0000000000000000 0.000000000000000000000000000000000000000000000000000000000000\
00000000000000000000
EMATF 1 1009 0.0000000000000000000000000000000000000000000000000000000000000000\
0000000000000000 0.000000000000000000000000000000000000000000000000000000000000\
00000000000000000000
EMATF 1 1010 0.0000000000000000000000000000000000000000000000000000000000000000\
0000000000000000 0.000000000000000000000000000000000000000000000000000000000000\
00000000000000000000
EMATF 1 1011 0.0000000000000000000000000000000000000000000000000000000000000000\
0000000000000000 0.000000000000000000000000000000000000000000000000000000000000\
00000000000000000000
EMATF 1 1012 0.0000000000000000000000000000000000000000000000000000000000000000\
0000000000000000 0.000000000000000000000000000000000000000000000000000000000000\
00000000000000000000
EMATF 1 1013 0.0000000000000000000000000000000000000000000000000000000000000000\
0000000000000000 0.000000000000000000000000000000000000000000000000000000000000\
00000000000000000000
EMATF 1 1014 0.0000000000000000000000000000000000000000000000000000000000000000\
0000000000000000 0.000000000000000000000000000000000000000000000000000000000000\
00000000000000000000
EMATF 1 1015 0.0000000000000000000000000000000000000000000000000000000000000000\
0000000000000000 0.000000000000000000000000000000000000000000000000000000000000\
00000000000000000000
EMATF 1 1016 0.0000000000000000000000000000000000000000000000000000000000000000\
0000000000000000 0.000000000000000000000000000000000000000000000000000000000000\
00000000000000000000
EMATF 1 1017 0.0000000000000000000000000000000000000000000000000000000000000000\
0000000000000000 0.000000000000000000000000000000000000000000000000000000000000\
00000000000000000000
EMATF 1 1018 0.0000000000000000000000000000000000000000000000000000000000000000\
0000000000000000 0.000000000000000000000000000000000000000000000000000000000000\
00000000000000000000
EMATF 1 1019 0.0000000000000000000000000000000000000000000000000000000000000000\
0000000000000000 0.000000000000000000000000000000000000000000000000000000000000\
00000000000000000000
EMATF 1 1020 0.0000000000000000000000000000000000000000000000000000000000000000\
0000000000000000 0.000000000000000000000000000000000000000000000000000000000000\
00000000000000000000
EMATF 1 1021 0.0000000000000000000000000000000000000000000000000000000000000000\
0000000000000000 0.000000000000000000000000000000000000000000000000000000000000\
00000000000000000000
EMATF 1 1022 0.0000000000000000000000000000000000000000000000000000000000000000\
0000000000000000 0.000000000000000000000000000000000000000000000000000000000000\
00000000000000000000
EMATF 1 1023 0.0000000000000000000000000000000000000000000000000000000000000000\
0000000000000000 0.000000000000000000000000000000000000000000000000000000000000\
00000000000000000000
EMATF 1 1024 0.0000000000000000000000000000000000000000000000000000000000000000\
0000000000000000 0.000000000000000000000000000000000000000000000000000000000000\
00000000000000000000
EMATF 1 1025 0.0000000000000000000000000000000000000000000000000000000000000000\
0000000000000000 0.000000000000000000000000000000000000000000000000000000000000\
00000000000000000000
EMATF 1 1026 0.0000000000000000000000000000000000000000000000000000000000000000\
0000000000000000 0.000000000000000000000000000000000000000000000000000000000000\
00000000000000000000
EMATF 1 1027 0.0000000000000000000000000000000000000000000000000000000000000000\
0000000000000000 0.000000000000000000000000000000000000000000000000000000000000\
00000000000000000000
EMATF 1 1028 0.0000000000000000000000000000000000000000000000000000000000000000\
0000000000000000 0.000000000000000000000000000000000000000000000000000000000000\
00000000000000000000
EMATF 1 1029 0.0000000000000000000000000000000000000000000000000000000000000000\
0000000000000000 0.000000000000000000000000000000000000000000000000000000000000\
00000000000000000000
EMATF 1 1030 0.0000000000000000000000000000000000000000000000000000000000000000\
0000000000000000 0.000000000000000000000000000000000000000000000000000000000000\
00000000000000000000
EMATF 1 1031 0.0000000000000000000000000000000000000000000000000000000000000000\
0000000000000000 0.000000000000000000000000000000000000000000000000000000000000\
00000000000000000000
EMATF 1 1032 0.0000000000000000000000000000000000000000000000000000000000000000\
0000000000000000 0.000000000000000000000000000000000000000000000000000000000000\
00000000000000000000
EMATF 1 1033 0.0000000000000000000000000000000000000000000000000000000000000000\
0000000000000000 0.000000000000000000000000000000000000000000000000000000000000\
00000000000000000000
EMATF 1 1034 0.0000000000000000000000000000000000000000000000000000000000000000\
0000000000000000 0.000000000000000000000000000000000000000000000000000000000000\
00000000000000000000
EMATF 1 1035 0.0000000000000000000000000000000000000000000000000000000000000000\
0000000000000000 0.000000000000000000000000000000000000000000000000000000000000\
00000000000000000000
EMATF 1 1036 0.0000000000000000000000000000000000000000000000000000000000000000\
0000000000000000 0.000000000000000000000000000000000000000000000000000000000000\
00000000000000000000
EMATF 1 1037 0.0000000000000000000000000000000000000000000000000000000000000000\
0000000000000000 0.000000000000000000000000000000000000000000000000000000000000\
00000000000000000000
EMATF 1 1038 0.0000000000000000000000000000000000000000000000000000000000000000\
0000000000000000 0.000000000000000000000000000000000000000000000000000000000000\
00000000000000000000
EMATF 1 1039 0.0000000000000000000000000000000000000000000000000000000000000000\
0000000000000000 0.000000000000000000000000000000000000000000000000000000000000\
00000000000000000000
EMATF 1 1040 0.0000000000000000000000000000000000000000000000000000000000000000\
0000000000000000 0.000000000000000000000000000000000000000000000000000000000000\
00000000000000000000
EMATF 1 1041 0.0000000000000000000000000000000000000000000000000000000000000000\
0000000000000000 0.000000000000000000000000000000000000000000000000000000000000\
00000000000000000000
EMATF 1 1042 0.0000000000000000000000000000000000000000000000000000000000000000\
0000000000000000 0.000000000000000000000000000000000000000000000000000000000000\
00000000000000000000
EMATF 1 1043 0.0000000000000000000000000000000000000000000000000000000000000000\
0000000000000000 0.000000000000000000000000000000000000000000000000000000000000\
00000000000000000000
EMATF 1 1044 0.0000000000000000000000000000000000000000000000000000000000000000\
0000000000000000 0.000000000000000000000000000000000000000000000000000000000000\
00000000000000000000
EMATF 1 1045 0.0000000000000000000000000000000000000000000000000000000000000000\
0000000000000000 0.000000000000000000000000000000000000000000000000000000000000\
00000000000000000000
EMATF 1 1046 0.0000000000000000000000000000000000000000000000000000000000000000\
0000000000000000 0.000000000000000000000000000000000000000000000000000000000000\
00000000000000000000
EMATF 1 1047 0.0000000000000000000000000000000000000000000000000000000000000000\
0000000000000000 0.000000000000000000000000000000000000000000000000000000000000\
00000000000000000000
EMATF 1 1048 0.0000000000000000000000000000000000000000000000000000000000000000\
0000000000000000 0.000000000000000000000000000000000000000000000000000000000000\
00000000000000000000
EMATF 1 1049 0.0000000000000000000000000000000000000000000000000000000000000000\
0000000000000000 0.000000000000000000000000000000000000000000000000000000000000\
00000000000000000000
EMATF 1 1050 -0.333333333333333333333333333333333333333333333333333333333333333\
33333333333333390 2.96763695724608804545895101664261206972965423600595552444352\
21837255803690950030E-78
EMATF 1 1051 3.6278780462024129402022159080978347665767817826727539421561041520\
804490072876132E-78 0.333333333333333333333333333333333333333333333333333333333\
33333333333333333333154
EMATF 1 1052 6.3984525708250551376621075210373252475841740326088634637783613193\
633405398917920E-79 0.333333333333333333333333333333333333333333333333333333333\
33333333333333333332989
EMATF 1 1053 -0.333333333333333333333333333333333333333333333333333333333333333\
33333333333333547 -1.3984689669372480074562453955914596892312774126755107833309\
300752800445773898672E-78
EMATF 1 1054 9.7743316791521055249912356433573017737802585248447507457726100015\
086798826962465E-78 -0.33333333333333333333333333333333333333333333333333333333\
333333333333333333333108
EMATF 1 1055 -0.333333333333333333333333333333333333333333333333333333333333333\
33333333333333270 -7.2732044418168448139347625762080127900662532471948768158816\
209773927322928332448E-78
EMATF 1 1056 -0.333333333333333333333333333333333333333333333333333333333333333\
33333333333333314 -2.1807510024242784390761399397659245609817389094308000768610\
358834297882641828204E-79
EMATF 1 1057 -6.103381994066653420931476269530045942148987995442306432814635699\
8134459775028431E-79 0.33333333333333333333333333333333333333333333333333333333\
333333333333333333333328
EMATF 1 1058 -0.333333333333333333333333333333333333333333333333333333333333333\
33333333333333254 -4.9478354249912018944361110972481255027266646233663870545714\
816070862888455950667E-80
EMATF 1 1059 -8.754563488144428329420659196863527642555713886466557559125196566\
7611219683466652E-78 0.33333333333333333333333333333333333333333333333333333333\
333333333333333333333160
EMATF 1 1060 -9.047541704704569470322928152019638637915965880343580619149806237\
5014990331908493E-78 0.33333333333333333333333333333333333333333333333333333333\
333333333333333333335137
EMATF 1 1061 -0.333333333333333333333333333333333333333333333333333333333333333\
33333333333334203 2.42183331673812546147203452584603918870748462474578567421522\
18348001494868189952E-78
EMATF 1 1062 -6.113126037963632313582159976618439873526063320037936241645874561\
1998718173969936E-79 -0.3333333333333333333333333333333333333333333333333333333\
3333333333333333333333390
EMATF 1 1063 -0.333333333333333333333333333333333333333333333333333333333333333\
33333333333331144 2.02492104558990610941854590689433779480143913630436275231414\
81464030303982914865E-77
EMATF 1 1064 -0.333333333333333333333333333333333333333333333333333333333333333\
33333333333335670 1.01586790406019168505440100140536268812827814369703154793175\
36721638969599662184E-77
EMATF 1 1065 1.8677163062315022010300036616430073219696324573073561935719926039\
265642158316697E-78 0.333333333333333333333333333333333333333333333333333333333\
33333333333333333333370
EMATF 1 1066 -0.333333333333333333333333333333333333333333333333333333333333333\
33333333333334893 -1.0634969168828106033403255229768653709281679779513230333755\
098092720872537865608E-78
EMATF 1 1067 6.1890388924027650878846858940194132234942331124197820981507077550\
100880102438434E-78 0.333333333333333333333333333333333333333333333333333333333\
33333333333333333331144
EMATF 1 1068 -0.333333333333333333333333333333333333333333333333333333333333333\
33333333333337105 -3.4950460268369728129972441576532541632019357787656785799967\
559517004300350313746E-77
EMATF 1 1069 -1.291421808917189897805524866788862804316065306009444879320472864\
4494822949531240E-77 0.33333333333333333333333333333333333333333333333333333333\
333333333333333333332289
EMATF 1 1070 -0.333333333333333333333333333333333333333333333333333333333333333\
33333333333336104 -4.7371731885411822308947143077813013078339941474462508238282\
233709333627191020618E-77
EMATF 1 1071 0.0000000000000000000000000000000000000000000000000000000000000000\
0000000000000000 0.000000000000000000000000000000000000000000000000000000000000\
00000000000000000000
EMATF 1 1072 0.0000000000000000000000000000000000000000000000000000000000000000\
0000000000000000 0.000000000000000000000000000000000000000000000000000000000000\
00000000000000000000
EMATF 1 1073 0.0000000000000000000000000000000000000000000000000000000000000000\
0000000000000000 0.000000000000000000000000000000000000000000000000000000000000\
00000000000000000000
EMATF 1 1074 0.0000000000000000000000000000000000000000000000000000000000000000\
0000000000000000 0.000000000000000000000000000000000000000000000000000000000000\
00000000000000000000
EMATF 1 1075 0.0000000000000000000000000000000000000000000000000000000000000000\
0000000000000000 0.000000000000000000000000000000000000000000000000000000000000\
00000000000000000000
EMATF 1 1076 0.0000000000000000000000000000000000000000000000000000000000000000\
0000000000000000 0.000000000000000000000000000000000000000000000000000000000000\
00000000000000000000
EMATF 1 1077 0.0000000000000000000000000000000000000000000000000000000000000000\
0000000000000000 0.000000000000000000000000000000000000000000000000000000000000\
00000000000000000000
EMATF 1 1078 0.0000000000000000000000000000000000000000000000000000000000000000\
0000000000000000 0.000000000000000000000000000000000000000000000000000000000000\
00000000000000000000
EMATF 1 1079 0.0000000000000000000000000000000000000000000000000000000000000000\
0000000000000000 0.000000000000000000000000000000000000000000000000000000000000\
00000000000000000000
EMATF 1 1080 0.0000000000000000000000000000000000000000000000000000000000000000\
0000000000000000 0.000000000000000000000000000000000000000000000000000000000000\
00000000000000000000
EMATF 1 1081 0.0000000000000000000000000000000000000000000000000000000000000000\
0000000000000000 0.000000000000000000000000000000000000000000000000000000000000\
00000000000000000000
EMATF 1 1082 0.0000000000000000000000000000000000000000000000000000000000000000\
0000000000000000 0.000000000000000000000000000000000000000000000000000000000000\
00000000000000000000
EMATF 1 1083 0.0000000000000000000000000000000000000000000000000000000000000000\
0000000000000000 0.000000000000000000000000000000000000000000000000000000000000\
00000000000000000000
EMATF 1 1084 0.0000000000000000000000000000000000000000000000000000000000000000\
0000000000000000 0.000000000000000000000000000000000000000000000000000000000000\
00000000000000000000
EMATF 1 1085 0.0000000000000000000000000000000000000000000000000000000000000000\
0000000000000000 0.000000000000000000000000000000000000000000000000000000000000\
00000000000000000000
EMATF 1 1086 0.0000000000000000000000000000000000000000000000000000000000000000\
0000000000000000 0.000000000000000000000000000000000000000000000000000000000000\
00000000000000000000
EMATF 1 1087 0.0000000000000000000000000000000000000000000000000000000000000000\
0000000000000000 0.000000000000000000000000000000000000000000000000000000000000\
00000000000000000000
EMATF 1 1088 0.0000000000000000000000000000000000000000000000000000000000000000\
0000000000000000 0.000000000000000000000000000000000000000000000000000000000000\
00000000000000000000
EMATF 1 1089 0.0000000000000000000000000000000000000000000000000000000000000000\
0000000000000000 0.000000000000000000000000000000000000000000000000000000000000\
00000000000000000000
EMATF 1 1090 0.0000000000000000000000000000000000000000000000000000000000000000\
0000000000000000 0.000000000000000000000000000000000000000000000000000000000000\
00000000000000000000
EMATF 1 1091 -0.333333333333333333333333333333333333333333333333333333333333333\
33333333333332868 -4.7920746214681363513760882685252578426411499719867220243394\
346156267758894160390E-78
EMATF 1 1092 -5.175828080490294051268922097078122583280487862725774864407298363\
1837583918556588E-78 -0.3333333333333333333333333333333333333333333333333333333\
3333333333333333333333991
EMATF 1 1093 0.3333333333333333333333333333333333333333333333333333333333333333\
3333333333333641 -7.93531380492312683112481107720187410817538879283236807904048\
33441853126316976436E-79
EMATF 1 1094 -0.333333333333333333333333333333333333333333333333333333333333333\
33333333333333870 7.08905091184962402061149575590047091580988705105848611674369\
80910695367182657896E-78
EMATF 1 1095 -3.876982247095105793756322025108852021337401017385007791977921490\
1314089575426477E-78 -0.3333333333333333333333333333333333333333333333333333333\
3333333333333333333333248
EMATF 1 1096 0.3333333333333333333333333333333333333333333333333333333333333333\
3333333333333287 -3.54891993956198791141950711398413542435229599176993445281909\
46323411921141169227E-78
EMATF 1 1097 -1.352122751264244844979679889517303477336584769234229029716482743\
5630623480708974E-77 0.33333333333333333333333333333333333333333333333333333333\
333333333333333333333222
EMATF 1 1098 -0.333333333333333333333333333333333333333333333333333333333333333\
33333333333332264 7.37506967740504874295900723640874016841325373326945853831211\
16383204302814067773E-79
EMATF 1 1099 -1.491153833333431637396425897569247946515565933753262447395087301\
7835724988713305E-77 -0.3333333333333333333333333333333333333333333333333333333\
3333333333333333333333445
EMATF 1 1100 -9.014175912569653115654044468784693897335076912199840911140497862\
5921117944562134E-78 0.33333333333333333333333333333333333333333333333333333333\
333333333333333333334257
EMATF 1 1101 -0.333333333333333333333333333333333333333333333333333333333333333\
33333333333335811 -1.1219997604956116653289917832992745224312942235502369665835\
763528315834685207032E-77
EMATF 1 1102 -1.536089826260562430171173093642193708374993311122509445460591982\
9622328683494147E-77 0.33333333333333333333333333333333333333333333333333333333\
333333333333333333333807
EMATF 1 1103 -0.333333333333333333333333333333333333333333333333333333333333333\
33333333333335097 -2.0992773938275814808590626235906461238509241342832652390700\
497489888964079079115E-77
EMATF 1 1104 -0.333333333333333333333333333333333333333333333333333333333333333\
33333333333335871 -2.9807439641436115941000792826327732988703696995581346412229\
226883351659896568976E-77
EMATF 1 1105 3.0959894275691896625414002106821532812545136379962157404137819443\
420745475828358E-78 0.333333333333333333333333333333333333333333333333333333333\
33333333333333333333798
EMATF 1 1106 0.0000000000000000000000000000000000000000000000000000000000000000\
0000000000000000 0.000000000000000000000000000000000000000000000000000000000000\
00000000000000000000
EMATF 1 1107 0.0000000000000000000000000000000000000000000000000000000000000000\
0000000000000000 0.000000000000000000000000000000000000000000000000000000000000\
00000000000000000000
EMATF 1 1108 0.0000000000000000000000000000000000000000000000000000000000000000\
0000000000000000 0.000000000000000000000000000000000000000000000000000000000000\
00000000000000000000
EMATF 1 1109 0.0000000000000000000000000000000000000000000000000000000000000000\
0000000000000000 0.000000000000000000000000000000000000000000000000000000000000\
00000000000000000000
EMATF 1 1110 0.0000000000000000000000000000000000000000000000000000000000000000\
0000000000000000 0.000000000000000000000000000000000000000000000000000000000000\
00000000000000000000
EMATF 1 1111 0.0000000000000000000000000000000000000000000000000000000000000000\
0000000000000000 0.000000000000000000000000000000000000000000000000000000000000\
00000000000000000000
EMATF 1 1112 0.0000000000000000000000000000000000000000000000000000000000000000\
0000000000000000 0.000000000000000000000000000000000000000000000000000000000000\
00000000000000000000
EMATF 1 1113 0.1666666666666666666666666666666666666666666666666666666666666666\
6666666666667010 -0.16666666666666666666666666666666666666666666666666666666666\
666666666666666666735
EMATF 1 1114 -0.166666666666666666666666666666666666666666666666666666666666666\
66666666666667454 0.16666666666666666666666666666666666666666666666666666666666\
666666666666666666673
EMATF 1 1115 0.1666666666666666666666666666666666666666666666666666666666666666\
6666666666666864 -0.16666666666666666666666666666666666666666666666666666666666\
666666666666666666943
EMATF 1 1116 0.1666666666666666666666666666666666666666666666666666666666666666\
6666666666666550 -0.16666666666666666666666666666666666666666666666666666666666\
666666666666666666740
EMATF 1 1117 -0.166666666666666666666666666666666666666666666666666666666666666\
66666666666666861 0.16666666666666666666666666666666666666666666666666666666666\
666666666666666666500
EMATF 1 1118 -0.166666666666666666666666666666666666666666666666666666666666666\
66666666666665920 0.16666666666666666666666666666666666666666666666666666666666\
666666666666666665448
EMATF 1 1119 0.1666666666666666666666666666666666666666666666666666666666666666\
6666666666667291 -0.16666666666666666666666666666666666666666666666666666666666\
666666666666666667428
EMATF 1 1120 0.1666666666666666666666666666666666666666666666666666666666666666\
6666666666666349 -0.16666666666666666666666666666666666666666666666666666666666\
666666666666666666144
EMATF 1 1121 0.1666666666666666666666666666666666666666666666666666666666666666\
6666666666665951 -0.16666666666666666666666666666666666666666666666666666666666\
666666666666666665372
EMATF 1 1122 -0.166666666666666666666666666666666666666666666666666666666666666\
66666666666666667 0.16666666666666666666666666666666666666666666666666666666666\
666666666666666667099
EMATF 1 1123 -0.166666666666666666666666666666666666666666666666666666666666666\
66666666666667115 0.16666666666666666666666666666666666666666666666666666666666\
666666666666666667002
EMATF 1 1124 -0.166666666666666666666666666666666666666666666666666666666666666\
66666666666665691 0.16666666666666666666666666666666666666666666666666666666666\
666666666666666666225
EMATF 1 1125 0.0000000000000000000000000000000000000000000000000000000000000000\
0000000000000000 0.000000000000000000000000000000000000000000000000000000000000\
00000000000000000000
EMATF 1 1126 0.0000000000000000000000000000000000000000000000000000000000000000\
0000000000000000 0.000000000000000000000000000000000000000000000000000000000000\
00000000000000000000
EMATF 1 1127 0.0000000000000000000000000000000000000000000000000000000000000000\
0000000000000000 0.000000000000000000000000000000000000000000000000000000000000\
00000000000000000000
EMATF 1 1128 0.0000000000000000000000000000000000000000000000000000000000000000\
0000000000000000 0.000000000000000000000000000000000000000000000000000000000000\
00000000000000000000
EMATF 1 1129 0.0000000000000000000000000000000000000000000000000000000000000000\
0000000000000000 0.000000000000000000000000000000000000000000000000000000000000\
00000000000000000000
EMATF 1 1130 -1.000000000000000000000000000000000000000000000000000000000000000\
0000000000000406 -1.57227983355382396075271411224656424399810632473038029856376\
23404931063264820478E-77
EMATF 1 1131 -5.626843337299149590392648630763361250675826879812453718869487027\
0664639601443825E-78 -0.9999999999999999999999999999999999999999999999999999999\
9999999999999999999998865
EMATF 1 1132 1.2952044173796439393630499004046511795711228245464192086880291794\
218004330335617E-76 -0.99999999999999999999999999999999999999999999999999999999\
999999999999999999992467
EMATF 1 1133 0.9999999999999999999999999999999999999999999999999999999999999999\
9999999999998466 -7.88386097839533633363296956697576680133044809102722944567927\
54582461376738998100E-77
EMATF 1 1134 -1.000000000000000000000000000000000000000000000000000000000000000\
0000000000000241 1.701056945976423083868833043720646063713620685658628778349981\
0730136172357322066E-76
EMATF 1 1135 -1.339013341808167348210802380901564491873820952351171243855695508\
0793086506011971E-77 0.99999999999999999999999999999999999999999999999999999999\
999999999999999999994417
EMATF 1 1136 -1.047076161385343606665857716155968882628329308647684044875796122\
7684532674455633E-76 -1.0000000000000000000000000000000000000000000000000000000\
000000000000000000000106
EMATF 1 1137 0.0000000000000000000000000000000000000000000000000000000000000000\
0000000000000000 0.000000000000000000000000000000000000000000000000000000000000\
00000000000000000000
EMATF 1 1138 0.0000000000000000000000000000000000000000000000000000000000000000\
0000000000000000 0.000000000000000000000000000000000000000000000000000000000000\
00000000000000000000
EMATF 1 1139 0.0000000000000000000000000000000000000000000000000000000000000000\
0000000000000000 0.000000000000000000000000000000000000000000000000000000000000\
00000000000000000000
EMATF 1 1140 -0.999999999999999999999999999999999999999999999999999999999999999\
99999999999982052 -1.4352475877239577150060491439179945586790012516542826583264\
573997961765153265640E-77
EMATF 1 1141 -0.999999999999999999999999999999999999999999999999999999999999999\
99999999999997246 -1.1747676529053504065570627470735488427133257325557097331759\
413933122158444532588E-76
EMATF 1 1142 0.9999999999999999999999999999999999999999999999999999999999999999\
9999999999998842 4.885192953490601903935949062290585714431099179686234261311476\
2482388226954623706E-77
EMATF 1 1143 -1.000000000000000000000000000000000000000000000000000000000000000\
0000000000000446 3.849484888017663536156983735672458381850088567391768340552417\
2842301982899885696E-77
EMATF 1 1144 -1.086656199442453774688755404613878394200093455474831113446142516\
1990633248953240E-76 -1.0000000000000000000000000000000000000000000000000000000\
000000000000000000000618
EMATF 1 1145 0.0000000000000000000000000000000000000000000000000000000000000000\
0000000000000000 0.000000000000000000000000000000000000000000000000000000000000\
00000000000000000000
EMATF 1 1146 0.0000000000000000000000000000000000000000000000000000000000000000\
0000000000000000 0.000000000000000000000000000000000000000000000000000000000000\
00000000000000000000
EMATF 1 1147 0.0000000000000000000000000000000000000000000000000000000000000000\
0000000000000000 0.000000000000000000000000000000000000000000000000000000000000\
00000000000000000000
EMATF 1 1148 0.0000000000000000000000000000000000000000000000000000000000000000\
0000000000000000 0.000000000000000000000000000000000000000000000000000000000000\
00000000000000000000
EMATF 1 1149 -0.333333333333333333333333333333333333333333333333333333333333333\
33333333333319866 5.24738373584907948639787306499522677354238613961354852015536\
95695884319844606910E-78
EMATF 1 1150 5.8834586490789396227580267995070650525632397246688228065786470119\
388422766138110E-77 0.333333333333333333333333333333333333333333333333333333333\
33333333333333333352769
EMATF 1 1151 -4.363169011472002778576270305421680341393150907428340398010890839\
5887860543875309E-77 -0.3333333333333333333333333333333333333333333333333333333\
3333333333333333333317360
EMATF 1 1152 0.0000000000000000000000000000000000000000000000000000000000000000\
0000000000000000 0.000000000000000000000000000000000000000000000000000000000000\
00000000000000000000
SHARDDONE 1
SHARD COMPLETE 1..1
